"model_id","team_abbr","model_abbr","team_name","model_name","designated_model","methods","methods_long","ensemble_of_models","mechanistic","ai_ml","stat"
"CADPH-FluCAT_Ensemble","CADPH","FluCAT_Ensemble","California Department of Public Health","FluCAT Ensemble",TRUE,"an ensemble of several time series forecasts including; (1) autoregressive integrated moving average (arima), which uses a weighted linear sum of recent past observations or lags, (2) exponential smoothing (ets), which uses weighted averages of past observations, with the weights decaying exponentially as the observations get older, and (3) neural networks using the forecast package in r.","An ensemble of several time series forecasts including; (1) autoregressive integrated moving average (ARIMA), which uses a weighted linear sum of recent past observations or lags, (2) exponential smoothing (ETS), which uses weighted averages of past observations, with the weights decaying exponentially as the observations get older, and (3) neural networks using the forecast package in R.",TRUE,FALSE,TRUE,TRUE
"CEPH-Rtrend_fluH","CEPH","Rtrend_fluH","CEPH Lab at Indiana University","Rtrend FluH",TRUE,"model forecasts are obtained by using a renewal equation based on the estimated net reproduction number rt. we apply a lowpass filter to the time series of daily hospitalizations, extracting the main trend. we then estimate the posterior distribution of rt based on the filtered data, considering an informed prior on rt based on influenza literature. the estimated rt in the last weeks of available data is used to forecast rt in the upcoming weeks, with a drift term proportional to the current incidence. finally, we use the renewal equation with the posterior distribution and trend of the estimated rt in the most recent weeks of influenza data.","Model forecasts are obtained by using a renewal equation based on the estimated net reproduction number Rt. We apply a lowpass filter to the time series of daily hospitalizations, extracting the main trend. We then estimate the posterior distribution of Rt based on the filtered data, considering an informed prior on Rt based on influenza literature. The estimated Rt in the last weeks of available data is used to forecast Rt in the upcoming weeks, with a drift term proportional to the current incidence. Finally, we use the renewal equation with the posterior distribution and trend of the estimated Rt in the most recent weeks of influenza data.",FALSE,TRUE,FALSE,FALSE
"cfa-flumech","cfa","flumech","Center for Forecasting and Outbreak Analytics (CFA/CDC); SEIR model team","flu-mechanistic",TRUE,"a mechanistic model generates infections for each day in season for three age groups (children, adults and 65+ elderly) and three flu subtypes (h1n1pdm09, h3n2, b), some of these infections lead to observed data (with delays). the observed data used to calculate the log-likelihood is daily hhs incident hospitalisations per day, weekly flu a/b test positives from clinical labs, and total test distribution across ages and flu subtypes from public health labs.","A mechanistic model generates infections for each day in season for three age groups (children, adults and 65+ elderly) and three flu subtypes (H1N1pdm09, H3N2, B), some of these infections lead to observed data (with delays). The observed data used to calculate the log-likelihood is daily HHS incident hospitalisations per day, weekly flu A/B test positives from clinical labs, and total test distribution across ages and flu subtypes from Public Health labs.",FALSE,TRUE,FALSE,FALSE
"cfarenewal-cfaepimlight","cfarenewal","cfaepimlight","Center for Forecasting and Outbreak Analytics (CFA/CDC); renewal model team","cfa-flu-epidemia-light",TRUE,"semi-mechanistic renewal equation model with day-of-week observation effects and a simple population size adjustment. r(t) extrapolation via a weekly random walk. model developed and fit using the epidemia package for r and stan; see documentation: https://imperialcollegelondon.github.io/epidemia/articles/model-description.html","Semi-mechanistic renewal equation model with day-of-week observation effects and a simple population size adjustment. R(t) extrapolation via a weekly random walk. Model developed and fit using the Epidemia package for R and Stan; see documentation: https://imperialcollegelondon.github.io/epidemia/articles/model-description.html",FALSE,TRUE,FALSE,TRUE
"CFA_Pyrenew-Pyrenew_E_Flu","CFA_Pyrenew","Pyrenew_E_Flu","Center for Forecasting and Outbreak Analytics (CFA/CDC) Pyrenew team","Pyrenew_ED_Visits_Flu",FALSE,"renewal model fit to emergency department visits and used to forecast proportion of ed visits target (nssp) signal.","Renewal model fit to emergency department visits and used to forecast proportion of ed visits target (NSSP) signal.",FALSE,TRUE,FALSE,FALSE
"CFA_Pyrenew-Pyrenew_HE_Flu","CFA_Pyrenew","Pyrenew_HE_Flu","Center for Forecasting and Outbreak Analytics (CFA/CDC) Pyrenew team","Pyrenew_Hospital_Admissions_ED_Visits_Influenza",TRUE,"renewal model fit to two signals and used to forecast the target (nhsn hrd) signal.","Renewal model fit to two signals and used to forecast the target (NHSN HRD) signal.",FALSE,TRUE,FALSE,FALSE
"CFA_Pyrenew-Pyrenew_H_Flu","CFA_Pyrenew","Pyrenew_H_Flu","Center for Forecasting and Outbreak Analytics (CFA/CDC) Pyrenew team","Pyrenew_Hospital_Admissions_Influenza",FALSE,"simple renewal model fit only to the target signal. used to benchmark related multi-signal models the same framework with additional observables.","Simple renewal model fit only to the target signal. Used to benchmark related multi-signal models the same framework with additional observables.",FALSE,TRUE,FALSE,FALSE
"CMU-climate_baseline","CMU","climate_baseline","Carnegie Mellon Delphi Group","climatological baseline",FALSE,"using data from 2022 onwards, the climatological model uses samples from the 7 weeks centered around the target week and reference week to form the quantiles for the target week, as one might use climate information to form a meteorological forecast. to get more variation at some potential issue of generalization, one can form quantiles after aggregating across geographic values as well as years (after converting to a rate based case count). this model uses a simple average of the geo-specific quantiles and the geo-aggregated quantiles.","Using data from 2022 onwards, the climatological model uses samples from the 7 weeks centered around the target week and reference week to form the quantiles for the target week, as one might use climate information to form a meteorological forecast. To get more variation at some potential issue of generalization, one can form quantiles after aggregating across geographic values as well as years (after converting to a rate based case count). This model uses a simple average of the geo-specific quantiles and the geo-aggregated quantiles.",TRUE,FALSE,FALSE,TRUE
"CMU-TimeSeries","CMU","TimeSeries","Carnegie Mellon Delphi Group","AR ensemble with auxiliary data",TRUE,"a basic quantile auto-regression fit using lagged values of influenza-related hospitalization counts (normalized by population). the data are whitened so that the historical flusurv and ili data can be used to augment the number of training examples. the model is fit jointly across all 50 us states, the district of columbia, puerto rico, and the virgin islands, using a window of data 7 weeks centered on the forecast date, including all past years. each of the 23 quantiles is learned using a separate quantile regression with nonnegativity and quantile sorting constraints applied post hoc. all data signals are available as indicators through the delphi epidata api (https://cmu-delphi.github.io/delphi-epidata). this model is averaged with both a climatological model and a simple linear model, with the weight on the windowed seasonal model above being ~6 times that of either the linear or climatological model. ","A basic quantile auto-regression fit using lagged values of influenza-related hospitalization counts (normalized by population). The data are whitened so that the historical flusurv and ILI data can be used to augment the number of training examples. The model is fit jointly across all 50 US states, the District of Columbia, Puerto Rico, and the Virgin Islands, using a window of data 7 weeks centered on the forecast date, including all past years. Each of the 23 quantiles is learned using a separate quantile regression with nonnegativity and quantile sorting constraints applied post hoc. All data signals are available as indicators through the Delphi Epidata API (https://cmu-delphi.github.io/delphi-epidata). This model is averaged with both a climatological model and a simple linear model, with the weight on the windowed seasonal model above being ~6 times that of either the linear or climatological model. ",TRUE,FALSE,FALSE,TRUE
"Cornell_JHU-hierarchSIR","Cornell_JHU","hierarchSIR","Cornell_JHU","hierarchSIR",TRUE,"an sir model with unknown case ascertainment, basic reproduction number, population immunity and a splined effective reproduction number is used to model seasonal influenza dynamics in a given season. across-season trends ('hyperparameters') in the sir model's parameters are derived by wrapping it in an across-season bayesian hierarchical model. hyperparameters are used as priors when forecasting the current season. disease model integrated in c++ and bound to python with pybind11, bayesian hierarchical posterior probability coded in raw python and sampled using the ensemble sampler of goodman and weare available in `emcee` (motivation: computationally inefficient but amazingly robust). workflow automatically pulls nhsn hrd data through a timed gh actions and deploys it on a local runner (dell optiplex 3050 micro running ubuntu server). average time from data pull to forecast ready: 3 hours.","An SIR model with unknown case ascertainment, basic reproduction number, population immunity and a splined effective reproduction number is used to model seasonal influenza dynamics in a given season. Across-season trends ('hyperparameters') in the SIR model's parameters are derived by wrapping it in an across-season Bayesian hierarchical model. Hyperparameters are used as priors when forecasting the current season. Disease model integrated in C++ and bound to Python with pybind11, Bayesian hierarchical posterior probability coded in raw Python and sampled using the ensemble sampler of Goodman and Weare available in `emcee` (motivation: computationally inefficient but amazingly robust). Workflow automatically pulls NHSN HRD data through a timed GH actions and deploys it on a local runner (Dell Optiplex 3050 Micro running Ubuntu Server). Average time from data pull to forecast ready: 3 hours.",FALSE,TRUE,FALSE,TRUE
"CU-ARNB_Net","CU","ARNB_Net","Columbia University/University of Haifa","Anchored Residual Negative Binomial Neural Network",FALSE,"an anchored residual neural network that produces probabilistic influenza hospitalization forecasts using a negative binomial output distribution. predicts log-space changes relative to recent observations, using lag features, seasonal encodings, and growth indicators.","An anchored residual neural network that produces probabilistic influenza hospitalization forecasts using a Negative Binomial output distribution. Predicts log-space changes relative to recent observations, using lag features, seasonal encodings, and growth indicators.",FALSE,FALSE,TRUE,FALSE
"CU-ensemble","CU","ensemble","Columbia University","Ensemble",TRUE,"the dynamical model simulates influenza transmission in each state and the us using a humidity-driven sir dynamics. model variables and parameters are sequentially updated each week using the ensemble adjustment kalman filter and new observations. forecasts are generated by integrating the optimized model into the future. four statitical models are included in the ensemble: a seasonal-drift model - a random drift model where the mean and variance of the drift for each week and location are derived by sampling first-order lags in incidence from historical data where sampling is performed using a window around the current week of the year (e.g., during epiweek 47, the model samples from a window around epiweek 47 in previous years). two statistical models implemented within the python library darts are employed: 1) holt winter’s exponential smoothing (es), a classical statistical model that decomposes a time series to a baseline, trend and seasonal components, 2) light gradient boosting machine (lightgbm), a ml ensemble decision tree method designed for classification and regression tasks that has been effectively adapted for time series forecasting. the fifth model used is an anchored residual neural network (see details in seperate cu-arnb-nn model). past years ili data is transformed to resemble hospitalization data and is used to train the models. labratory data is optionally used as covariate with model fitting and predicitons. to build the ensemble, the predictions of the component models are weighted using the sum of inverse wis scores over past weeks, with greater importance given to more recent weeks. the period for calculating weights is horizon-specific and includes only the weeks where wis scores could be evaluated (e.g., weights for the 4-week horizon are calculated using a longer historical window than those for the 1-week horizon). the weights are location-specific and are recomputed for each forecast week. peak week distribution and incidence is obtained by combining forecasts of the seasonal-drift model and the sir-eakf model.","The dynamical model simulates influenza transmission in each state and the US using a humidity-driven SIR dynamics. Model variables and parameters are sequentially updated each week using the ensemble adjustment Kalman filter and new observations. Forecasts are generated by integrating the optimized model into the future. Four statitical models are included in the ensemble: A seasonal-drift model - a random drift model where the mean and variance of the drift for each week and location are derived by sampling first-order lags in incidence from historical data where sampling is performed using a window around the current week of the year (e.g., during epiweek 47, the model samples from a window around epiweek 47 in previous years). Two statistical models implemented within the python library darts are employed: 1) Holt Winter’s Exponential Smoothing (ES), a classical statistical model that decomposes a time series to a baseline, trend and seasonal components, 2) Light Gradient Boosting Machine (LightGBM), a ML ensemble decision tree method designed for classification and regression tasks that has been effectively adapted for time series forecasting. The fifth model used is an anchored residual neural network (see details in seperate CU-ARNB-NN model). Past years ILI data is transformed to resemble hospitalization data and is used to train the models. Labratory data is optionally used as covariate with model fitting and predicitons. To build the ensemble, the predictions of the component models are weighted using the sum of inverse WIS scores over past weeks, with greater importance given to more recent weeks. The period for calculating weights is horizon-specific and includes only the weeks where WIS scores could be evaluated (e.g., weights for the 4-week horizon are calculated using a longer historical window than those for the 1-week horizon). The weights are location-specific and are recomputed for each forecast week. Peak week distribution and incidence is obtained by combining forecasts of the seasonal-drift model and the SIR-EAKF model.",TRUE,TRUE,TRUE,TRUE
"DMAPRIME-DLM","DMAPRIME","DLM","CPHMR, Clemson University","Dynamic Linear Regression",TRUE,"the dynamic linear model (dlm) is a state-space time series model that captures evolving patterns through unobserved components including level, trend, and seasonality. unlike static regression, dlm allows parameters to adapt over time via kalman filtering, making it well-suited for modeling non-stationary disease dynamics. the model incorporates exogenous covariates such as lagged ehr positive tests, inpatient hospitalizations, and holiday indicators to enhance predictive accuracy for weekly influenza hospital admissions. ehr covariates from regional health systems serve as leading indicators. the model employs a recursive multi-horizon forecasting strategy where a 1-step ahead model is iteratively applied to generate forecasts for h=0,1,2,3 (1-4 weeks ahead).","The Dynamic Linear Model (DLM) is a state-space time series model that captures evolving patterns through unobserved components including level, trend, and seasonality. Unlike static regression, DLM allows parameters to adapt over time via Kalman filtering, making it well-suited for modeling non-stationary disease dynamics. The model incorporates exogenous covariates such as lagged EHR positive tests, inpatient hospitalizations, and holiday indicators to enhance predictive accuracy for weekly influenza hospital admissions. EHR covariates from regional health systems serve as leading indicators. The model employs a recursive multi-horizon forecasting strategy where a 1-step ahead model is iteratively applied to generate forecasts for h=0,1,2,3 (1-4 weeks ahead).",FALSE,TRUE,FALSE,TRUE
"DMAPRIME-QR","DMAPRIME","QR","CPHMR, Clemson University","Quantile Regression",TRUE,"a parametric asymmetric quantile regression model integrating real-time ehr surveillance data with historical cdc trends. predictors include weekly prisma health ehr flu test volumes, positive tests, inpatient hospitalizations, log-transformed 1–2 week momentum, and seasonal/holiday indicators. forecasts use a recursive approach where the model median is generated by propagating the most recent observed predictor values forward across four horizons (nowcast, 1-, 2-, and 3-week ahead). forecast uncertainty scales with horizon using a residual standard deviation multiplier (0.7 at nowcast to 1.15 at 3-week ahead). an asymmetric squeeze is applied to upper quantiles: the q50–q75 range is compressed by 20% and the q75–q99 range by 50%, reflecting the epidemiological asymmetry that admissions are less likely to spike unexpectedly than to decline during the post-peak phase. quantile monotonicity is enforced via isotonic regression. model updated february 25, 2026: surge-floor logic temporarily disabled during confirmed post-peak seasonal decline to prevent upward median bias when laboratory signals reflect residual activity rather than a genuine rebound.","A parametric asymmetric quantile regression model integrating real-time EHR surveillance data with historical CDC trends. Predictors include weekly Prisma Health EHR flu test volumes, positive tests, inpatient hospitalizations, log-transformed 1–2 week momentum, and seasonal/holiday indicators. Forecasts use a recursive approach where the model median is generated by propagating the most recent observed predictor values forward across four horizons (nowcast, 1-, 2-, and 3-week ahead). Forecast uncertainty scales with horizon using a residual standard deviation multiplier (0.7 at nowcast to 1.15 at 3-week ahead). An asymmetric squeeze is applied to upper quantiles: the Q50–Q75 range is compressed by 20% and the Q75–Q99 range by 50%, reflecting the epidemiological asymmetry that admissions are less likely to spike unexpectedly than to decline during the post-peak phase. Quantile monotonicity is enforced via isotonic regression. Model updated February 25, 2026: Surge-floor logic temporarily disabled during confirmed post-peak seasonal decline to prevent upward median bias when laboratory signals reflect residual activity rather than a genuine rebound.",FALSE,FALSE,FALSE,TRUE
"Epistorm-Ensemble_Flu","Epistorm","Ensemble_Flu","Epistorm: Center for Advanced Epidemic Analytics and Predictive Modeling Technology","Epistorm Ensemble Flu Hospitalization Forecast",TRUE,"median ensemble of hospitalization quantile forecasts. the ensemble is constructed by taking the median of the quantile forecasts from all eligible models for each location. categorical forecasts are generated by interpolating the cdf of the hospitalization quantile forecasts evaluated at the given thresholds. eligible models are those that are supported by the epistorm center. these models are:  mighte-nsemble, mighte-joint, ceph-rtrend_fluh,  mobs-epystrain_flu,  mobs-gleam_rl_fluh, nu-pgf_fluh, neu_isi-flubcast,  neu_isi-adaptiveensemble, gatech-ensemble_prob, gatech-ensemble_stat.","Median ensemble of hospitalization quantile forecasts. The ensemble is constructed by taking the median of the quantile forecasts from all eligible models for each location. Categorical forecasts are generated by interpolating the CDF of the hospitalization quantile forecasts evaluated at the given thresholds. Eligible models are those that are supported by the Epistorm Center. These models are:  MIGHTE-Nsemble, MIGHTE-Joint, CEPH-Rtrend_fluH,  MOBS-EpyStrain_Flu,  MOBS-GLEAM_RL_FLUH, NU-PGF_FLUH, NEU_ISI-FluBcast,  NEU_ISI-AdaptiveEnsemble, Gatech-ensemble_prob, Gatech-ensemble_stat.",TRUE,FALSE,FALSE,TRUE
"fjordhest-ensemble","fjordhest","ensemble","Fjordhest","fjordhest-ensemble",TRUE,"the mechanistic model is a stochastic seir model, with a sequential monte carlo based inference. quantile autoregression model uses quantgen r package, and is similar to cmu-timeseries model from 2022/23 season. random walk model uses fable r package. to build an ensemble, the quantile distributions of the component models are weighted (location- and target-specific) by the mean of inverse-wis scores over the last 3 weeks that could be evaluated. the estimates are solely the responsibility of the contributors and do not represent, nor are endorsed by, the norwegian institute of public health.","The mechanistic model is a stochastic SEIR model, with a sequential Monte Carlo based inference. Quantile autoregression model uses quantgen R package, and is similar to CMU-Timeseries model from 2022/23 season. Random walk model uses fable R package. To build an ensemble, the quantile distributions of the component models are weighted (location- and target-specific) by the mean of inverse-WIS scores over the last 3 weeks that could be evaluated. The estimates are solely the responsibility of the contributors and do not represent, nor are endorsed by, the Norwegian Institute of Public Health.",TRUE,TRUE,FALSE,TRUE
"FluSight-baseline","FluSight","baseline","FluSight-baseline","Baseline model using reported weekly admissions",FALSE,"the median prediction at all future horizons is the most recent observed weekly incidence.  to get a distribution around the median, we look at how much incidence has changed from week to week in the past, and we allow for the possibility that similar changes will occur again in the future.
in more technical detail, forecasts of incidence are generated through the following procedure: for each location, 1) calculate first differences of incidence; 2) collect all first differences and their negatives; 3) for each time step, i) sample first differences in incidence and add to the most recent observed incidence; ii) enforce that the median of the predictive distribution for incidence is equal to the most recent observed incidence; iii) truncate the predictive distribution for incidence at 0.
reimplementation of the 2022-23 baseline model contributed to by evan l. ray, nutcha wattanachit, and ryan tibshirani.","The median prediction at all future horizons is the most recent observed weekly incidence.  To get a distribution around the median, we look at how much incidence has changed from week to week in the past, and we allow for the possibility that similar changes will occur again in the future.
In more technical detail, forecasts of incidence are generated through the following procedure: for each location, 1) Calculate first differences of incidence; 2) Collect all first differences and their negatives; 3) For each time step, i) Sample first differences in incidence and add to the most recent observed incidence; ii) Enforce that the median of the predictive distribution for incidence is equal to the most recent observed incidence; iii) truncate the predictive distribution for incidence at 0.
Reimplementation of the 2022-23 baseline model contributed to by Evan L. Ray, Nutcha Wattanachit, and Ryan Tibshirani.",FALSE,FALSE,FALSE,TRUE
"FluSight-baseline_cat","FluSight","baseline_cat","FluSight-baseline_cat","Reference model translating FluSight-baseline quantile forecasts to pmf",FALSE,"simple reference model translating flusight baseline quantile forecasts to pmf using a customized version of a function to translate quantile forecasts to pmf forecasts.","Simple reference model translating FluSight baseline quantile forecasts to pmf using a customized version of a function to translate quantile forecasts to pmf forecasts.",FALSE,FALSE,FALSE,TRUE
"FluSight-base_seasonal","FluSight","base_seasonal","FluSight-base_seasonal","Baseline seasonal model using historic data",FALSE,"these seasonal target estimates were calculated based on a combination of flusurv-net (2010/11-2019/20) and hhs/nhsn (2021/22-2023/24) data on influenza hospital admissions. for the peak week target, peak weeks were identified from each jurisdiction and season; peak week replicates consisted of national values as well as jurisdiction specific values (14 states for flusurv-net and all states, dc, and puerto rico for hhs protect/nhsn). gaussian kernel density estimation was used to approximate the distribution of peak weeks and hospitalization rates to then generate predicted peak probabilities for each week of the flu season. the intial distribution encompassed epidemic weeks 40 through 22, but the probabilities were proportionally redistributed to align with the current season's challenge period (epidemic weeks 47 through 22). the same distribution was replicated for the national level and all jurisdictions.
for the peak intensity baseline, kernel density estimation was performed on historic weekly hospitalization rates from flusurv-net and hhs protect/nhsn (reported counts converted to rates using population size) using the same seasons specified above and a range of prespecified quantiles, which were then used to estimate the peak intensity by identifying the maximum value across all quantiles. once quantile distributions for peak rates were identified, state population sizes from the 2023 u.s census estimates were used to translate these rates into weekly counts of influenza hospital admissions.
this method was adapted from previous flusight challenge seasonal baselines that included peak week and peak intensity as targets, specifically from the 2015/16 to 2019/20 seasons.","These seasonal target estimates were calculated based on a combination of FluSurv-NET (2010/11-2019/20) and HHS/NHSN (2021/22-2023/24) data on influenza hospital admissions. For the peak week target, peak weeks were identified from each jurisdiction and season; peak week replicates consisted of national values as well as jurisdiction specific values (14 states for FluSurv-NET and all states, DC, and Puerto Rico for HHS Protect/NHSN). Gaussian kernel density estimation was used to approximate the distribution of peak weeks and hospitalization rates to then generate predicted peak probabilities for each week of the flu season. The intial distribution encompassed epidemic weeks 40 through 22, but the probabilities were proportionally redistributed to align with the current season's challenge period (epidemic weeks 47 through 22). The same distribution was replicated for the national level and all jurisdictions.
For the peak intensity baseline, kernel density estimation was performed on historic weekly hospitalization rates from FluSurv-NET and HHS Protect/NHSN (reported counts converted to rates using population size) using the same seasons specified above and a range of prespecified quantiles, which were then used to estimate the peak intensity by identifying the maximum value across all quantiles. Once quantile distributions for peak rates were identified, state population sizes from the 2023 U.S Census Estimates were used to translate these rates into weekly counts of influenza hospital admissions.
This method was adapted from previous FluSight Challenge seasonal baselines that included peak week and peak intensity as targets, specifically from the 2015/16 to 2019/20 seasons.",FALSE,FALSE,FALSE,TRUE
"FluSight-ensemble","FluSight","ensemble","FluSight-ensemble","Ensemble models using FluSight forecast submissions",FALSE,"the hubverse package hubensembles is used to generate the flusight-ensemble forecast a median of quantile outputs is used for all eligible quantile-based forecasts. the mean is used to ensemble probabilities from eligible categorical rate-trend forecasts.","The Hubverse package hubEnsembles is used to generate the FluSight-ensemble forecast A median of quantile outputs is used for all eligible quantile-based forecasts. The mean is used to ensemble probabilities from eligible categorical rate-trend forecasts.",TRUE,FALSE,FALSE,TRUE
"FluSight-ens_q_cat","FluSight","ens_q_cat","FluSight-ens_q_cat","Reference model translating FluSight-ensemble quantile forecasts to pmf",FALSE,"simple reference model translating flusight ensemble quantile forecasts to pmf using a customized version of a function to translate quantile forecasts to pmf forecasts.","Simple reference model translating FluSight ensemble quantile forecasts to pmf using a customized version of a function to translate quantile forecasts to pmf forecasts.",FALSE,FALSE,FALSE,TRUE
"FluSight-equal_cat","FluSight","equal_cat","FluSight-equal_cat","Baseline model with equal probabilities for each rate-trend category",FALSE,"simple baseline model predicting that the probability for each rate-trend category will be equal. since there are five categories, for each jurisdiction and rate-difference horizon each category recieves a probability of 0.2 of occurring.","Simple baseline model predicting that the probability for each rate-trend category will be equal. Since there are five categories, for each jurisdiction and rate-difference horizon each category recieves a probability of 0.2 of occurring.",FALSE,FALSE,FALSE,TRUE
"FluSight-judge_ensemble","FluSight","judge_ensemble","FluSight-judge_ensemble","Ensemble models using selected FluSight forecast submissions",FALSE,"the hubverse package hubensembles is used to generate the flusight-human_ensemble forecast. a median of quantile outputs is used for a subset of quantile based forecasts selected weekly.","The Hubverse package hubEnsembles is used to generate the FluSight-human_ensemble forecast. A median of quantile outputs is used for a subset of quantile based forecasts selected weekly.",TRUE,FALSE,FALSE,TRUE
"FluSight-lop_norm","FluSight","lop_norm","FluSight-lop_norm","Linear opinion pool ensemble of FluSight forecast submissions",FALSE,"the hubverse package hubensembles is used to generate the flusight-lop_norm forecast. a linear opinion pool of quantile outputs is used for all eligible quantile-based forecasts.","The Hubverse package hubEnsembles is used to generate the FluSight-lop_norm forecast. A linear opinion pool of quantile outputs is used for all eligible quantile-based forecasts.",TRUE,FALSE,FALSE,TRUE
"FluSight-national_cat","FluSight","national_cat","FluSight-national_cat","National baseline model with the rate-trend forecasts",FALSE,"the probability that a jurisdiction is in each category depends on the percentage of location falling in each category for the most recent observed one week and two week differences. this probability distribution is applied to each location.","The probability that a jurisdiction is in each category depends on the percentage of location falling in each category for the most recent observed one week and two week differences. This probability distribution is applied to each location.",FALSE,FALSE,FALSE,TRUE
"FluSight-trained_mean","FluSight","trained_mean","FluSight-trained_mean","Ensemble models using 6 weeks of FluSight forecast submissions",FALSE,"the hubverse package hubensembles is used to generate the ensemble forecast. a weighted mean of quantile outputs is used for all eligible quantile-based forecasts with submissions during the prior six weeks. weights were calculated using a sigmoidal transformation of the forecasts’ relative weighted interval score with respect to the baseline forecast during the prior six weeks. the weight for included forecasts was limited to 0.3.","The Hubverse package hubEnsembles is used to generate the ensemble forecast. A weighted mean of quantile outputs is used for all eligible quantile-based forecasts with submissions during the prior six weeks. Weights were calculated using a sigmoidal transformation of the forecasts’ relative weighted interval score with respect to the baseline forecast during the prior six weeks. The weight for included forecasts was limited to 0.3.",TRUE,FALSE,FALSE,TRUE
"FluSight-trained_med","FluSight","trained_med","FluSight-trained_med","Ensemble models using 6 weeks of FluSight forecast submissions",FALSE,"the hubverse package hubensembles is used to generate the ensemble forecast. a weighted median of quantile outputs is used for all eligible quantile-based forecasts with submissions during the prior six weeks. weights were calculated using a sigmoidal transformation of the forecasts’ relative weighted interval score with respect to the baseline forecast during the prior six weeks. the weight for included forecasts was limited to 0.3.","The Hubverse package hubEnsembles is used to generate the ensemble forecast. A weighted median of quantile outputs is used for all eligible quantile-based forecasts with submissions during the prior six weeks. Weights were calculated using a sigmoidal transformation of the forecasts’ relative weighted interval score with respect to the baseline forecast during the prior six weeks. The weight for included forecasts was limited to 0.3.",TRUE,FALSE,FALSE,TRUE
"Gatech-ensemble_point","Gatech","ensemble_point","Gatech-ISYE-TS","Ensemble of Statistical and ML Time Series Point Estimates",TRUE,"ensemble of statistical and ml time series model predictions, including arima, argo, argo2, and deep learning models. arima and argo (autoregression with google search data) models are used to produce univariate forecasts for each location, incorporating google trends search volumes of flu-related terms as exogenous variables. argo2 (2-step augmented regression with google data) performs state-level prediction using both state- and national-level argo predictions. a local window ensemble strategy is adopted to integrate the results from arima, argo, argo2, and deep learning models into the final ensemble predictions.","Ensemble of statistical and ML time series model predictions, including ARIMA, ARGO, ARGO2, and deep learning models. ARIMA and ARGO (AutoRegression with GOogle search data) models are used to produce univariate forecasts for each location, incorporating Google Trends search volumes of flu-related terms as exogenous variables. ARGO2 (2-step Augmented Regression with GOogle data) performs state-level prediction using both state- and national-level ARGO predictions. A local window ensemble strategy is adopted to integrate the results from ARIMA, ARGO, ARGO2, and deep learning models into the final ensemble predictions.",TRUE,FALSE,TRUE,TRUE
"Gatech-ensemble_prob","Gatech","ensemble_prob","Gatech-ISYE-TS","Ensemble of Attention-based Time Series Probabilistic Forecasts",TRUE,"we modified the output structure of cats and ictsp, along with other attention-based multivariate time series forecasting architectures, into a multiple-output quantile forecasting framework. this allows the model to build quantile predictions progressively extending outward from the median point prediction. the median is trained using mse loss, while the other quantile output heads are trained based on an adjusted wis loss. to construct a predictor pool, we train the models using core time-series predictors with varying complexities. finally, we adopt a local window ensemble strategy to integrate the results from different predictors into the final ensemble predictions.","We modified the output structure of CATS and ICTSP, along with other attention-based multivariate time series forecasting architectures, into a multiple-output quantile forecasting framework. This allows the model to build quantile predictions progressively extending outward from the median point prediction. The median is trained using MSE loss, while the other quantile output heads are trained based on an adjusted WIS loss. To construct a predictor pool, we train the models using core time-series predictors with varying complexities. Finally, we adopt a local window ensemble strategy to integrate the results from different predictors into the final ensemble predictions.",TRUE,FALSE,FALSE,TRUE
"Gatech-ensemble_stat","Gatech","ensemble_stat","Gatech-ISYE-TS","Ensemble of Statistical Learning Time Series Models",TRUE,"ensemble of statistical and machine learning time series model predictions, including arima, argo, argo2, and lightgbm models. arima, argo (autoregression with google search data) and lightgbm models are used to produce univariate forecasts for each location, incorporating google trends search volumes of flu-related terms as exogenous variables. argo2 (2-step augmented regression with google data) performs state-level prediction using both state- and national-level argo predictions. the results from arima, argo, argo2, and lightgbm models are combined into the final ensemble predictions.","Ensemble of statistical and machine learning time series model predictions, including ARIMA, ARGO, ARGO2, and LightGBM models. ARIMA, ARGO (AutoRegression with GOogle search data) and LightGBM models are used to produce univariate forecasts for each location, incorporating Google Trends search volumes of flu-related terms as exogenous variables. ARGO2 (2-step Augmented Regression with GOogle data) performs state-level prediction using both state- and national-level ARGO predictions. The results from ARIMA, ARGO, ARGO2, and LightGBM models are combined into the final ensemble predictions.",TRUE,FALSE,TRUE,TRUE
"GH-model","GH","model","Guidehouse","model",FALSE,"","",FALSE,FALSE,FALSE,TRUE
"Google_SAI-FluBoostQR","Google_SAI","FluBoostQR","Google Science AI","FluBoostQR",TRUE,"this model uses lightgbm to generate probabilistic forecasts, training a separate gradient boosting model for each of the 23 required quantile levels. key input features include 1 and 52-week lagged influenza admissions, cyclical time features (year, seasonal week encodings), location, and population. the models are trained on simulated historical forecast scenarios to learn from past data structures. uncertainty is directly represented by the collection of quantile predictions, and final predictions are post-processed for non-negativity and monotonicity. spatial correlation between locations is not explicitly modeled.","This model uses LightGBM to generate probabilistic forecasts, training a separate gradient boosting model for each of the 23 required quantile levels. Key input features include 1 and 52-week lagged influenza admissions, cyclical time features (year, seasonal week encodings), location, and population. The models are trained on simulated historical forecast scenarios to learn from past data structures. Uncertainty is directly represented by the collection of quantile predictions, and final predictions are post-processed for non-negativity and monotonicity. Spatial correlation between locations is not explicitly modeled.",TRUE,FALSE,TRUE,FALSE
"Google_SAI-FluEns","Google_SAI","FluEns","Google Science AI","FluEnsemble",TRUE,"an esemble of a diverse set of models; ml, mechanistic, and statistical.","An esemble of a diverse set of models; ML, mechanistic, and statistical.",TRUE,TRUE,FALSE,TRUE
"GT-FluFNP","GT","FluFNP","GT-AdityaLab","FluFNP",TRUE,"integrate the knowledge and uncertainty from each data view in a dynamic context-specific manner assigning more importance to useful views to model a well-calibrated forecast distribution","Integrate the knowledge and uncertainty from each data view in a dynamic context-specific manner assigning more importance to useful views to model a well-calibrated forecast distribution",FALSE,FALSE,FALSE,TRUE
"ISU_NiemiLab-ENS","ISU_NiemiLab","ENS","ISU_NiemiLab","Nonlinear ASG hierarchical model with discrepancy",FALSE,"nonlinear model","nonlinear model",TRUE,FALSE,FALSE,TRUE
"ISU_NiemiLab-GPE","ISU_NiemiLab","GPE","ISU_NiemiLab","Gibbs posterior optimal linear pool ensemble",TRUE,"nonlinear model","nonlinear model",FALSE,FALSE,FALSE,TRUE
"ISU_NiemiLab-NLH","ISU_NiemiLab","NLH","ISU_NiemiLab","Nonlinear ASG hierarchical model with discrepancy",TRUE,"nonlinear model","nonlinear model",FALSE,FALSE,FALSE,TRUE
"ISU_NiemiLab-SIR","ISU_NiemiLab","SIR","ISU_NiemiLab","Nonlinear ASG hierarchical model with discrepancy",FALSE,"nonlinear model","nonlinear model",FALSE,FALSE,FALSE,TRUE
"JHUAPL-DMD","JHUAPL","DMD","Johns Hopkins University Applied Physics Laboratory","Dynamic mode decomposition",TRUE,"a sliding window is used to construct an temporally local approximation of the koopman operator. time-delays and radial basis functions are used for the lifting to function space. all states (and d.c. + p.r.) are used to construct the approximation of the koopman operator to estimate couplings/correlations. gaussian noise, of variance estiamted from previous years, is used to sample possible variants of the data to approximate the forecast percentiles.","A sliding window is used to construct an temporally local approximation of the Koopman operator. Time-delays and radial basis functions are used for the lifting to function space. All states (and D.C. + P.R.) are used to construct the approximation of the Koopman operator to estimate couplings/correlations. Gaussian noise, of variance estiamted from previous years, is used to sample possible variants of the data to approximate the forecast percentiles.",FALSE,FALSE,FALSE,TRUE
"JHUAPL-Morris","JHUAPL","Morris","Johns Hopkins University Applied Physics Laboratory","Morris",TRUE,"this model uses a neural hierarchical interpolation for time series (n-hits) architecture to forecast influenza hospitalizations by state. it's trained on weekly data from the national healthcare safety network, incorporating time encodings and state-specific features. the model employs a novel weighted interval score (wis) loss function, enabling probabilistic forecasts that balance accuracy and uncertainty quantification. hyperparameter optimization is performed using a bayesian surrogate model.","This model uses a Neural Hierarchical Interpolation for Time Series (N-HiTS) architecture to forecast influenza hospitalizations by state. It's trained on weekly data from the National Healthcare Safety Network, incorporating time encodings and state-specific features. The model employs a novel Weighted Interval Score (WIS) loss function, enabling probabilistic forecasts that balance accuracy and uncertainty quantification. Hyperparameter optimization is performed using a Bayesian surrogate model.",FALSE,FALSE,TRUE,TRUE
"JHU_CSSE-CSSE_Ensemble","JHU_CSSE","CSSE_Ensemble","The Center for Systems Science and Engineering at Johns Hopkins University","CSSE Ensemble",TRUE,"this model forecasts state-level influenza hospitalizations using a combination of time series forecasting methods, organized across three hierarchical levels. at the individual state level, forecasts are generated using holt-winters exponential smoothing. for regional predictions, which group states based on recent flu activity trends identified through the louvain method, long short-term memory (lstm) models are employed. additionally, a lstm model that covers all states is implemented. these three-tiered model outputs are integrated, selecting weights based on their recent performance in terms of mean absolute error (mae) to produce the final prediction.","This model forecasts state-level influenza hospitalizations using a combination of time series forecasting methods, organized across three hierarchical levels. At the individual state level, forecasts are generated using Holt-Winters Exponential Smoothing. For regional predictions, which group states based on recent flu activity trends identified through the Louvain method, Long Short-Term Memory (LSTM) models are employed. Additionally, a LSTM model that covers all states is implemented. These three-tiered model outputs are integrated, selecting weights based on their recent performance in terms of Mean Absolute Error (MAE) to produce the final prediction.",TRUE,FALSE,TRUE,TRUE
"LosAlamos-DoSiDo","LosAlamos","DoSiDo","Los Alamos National Lab","Synthetic method of analogues for emerging infectious disease forecasting",TRUE,"comparison of data to nearest analogues of the trajectory. uncertainty is generated through an ensemble of nearest analogues to the target data.","Comparison of data to nearest analogues of the trajectory. Uncertainty is generated through an ensemble of nearest analogues to the target data.",FALSE,FALSE,FALSE,TRUE
"LosAlamos-ThinMint","LosAlamos","ThinMint","Los Alamos National Lab","Transformer-based forecasting",TRUE,"transformer model using lagged context window","Transformer model using lagged context window",FALSE,FALSE,FALSE,TRUE
"LosAlamos_NAU-CModel_Flu","LosAlamos_NAU","CModel_Flu","Los Alamos National Lab and Northern Arizona University","Compartmental Model with Bayesian Inference",TRUE,"we employed a compartmental model that features a time-dependent transmission rate as the base model. using bayesian inference, we parametrize the transmission rate from hospitalization data using pybnf. subsequent steps involved uncertainty quantification and model calibration.","We employed a compartmental model that features a time-dependent transmission rate as the base model. Using Bayesian inference, we parametrize the transmission rate from hospitalization data using pyBNF. Subsequent steps involved uncertainty quantification and model calibration.",FALSE,TRUE,FALSE,TRUE
"LUcompUncertLab-chimera","LUcompUncertLab","chimera","LUcompUncertLab","chimera",FALSE,"2023-10-11: seirh model variant was fit bc km27 model was not yet complete. 2023-10-12: km27 model is completed and ready for training/submission for the following week. 2023-10-18: km27 model was incorrect last week. i spernt the entire week correcting the model. thete is a final bug in the mehtod i use to aggregate from day forecasts to week forecasts. i will need to solve this bug before the next submission date. 2023-11-01:corrected km27 and added in knowledge about flu: r0 is constrained to be between 1.1 and 2.5, vaccine proprtion is between 0.2 and 0.8. generatioanl interval is neg bin and on average 3.6 days. changed from normal observational process to gammapoisson. the gp is good but very computationally slow. still cranky about how sensitive this model is to changes. this round ill try to focus on assigning seasons to distinct clusters. 2023-11-08:added in priors for peak intensity and timing, and for the first two weeks of the season (mmwr 40 and 41). this adds stability to the model and speed. 2023-11-23:found two major bugs in the code. one is frustrating and the other very subtle. first bug was training on hospitalization data the same as last year. i missed the message about a change in the hosp data and so have been training my model on the wrong data up until now. the second bug is a subtle fix in the code that took some time to find. 2023-12-09: added back qo data, truncated to be two weeks before the forecast submission date. forecasts look ok except for fip=72. i'll need to investigate. 2023-12-16: ran versions without and without the qo data. for the majority of locations i chose the model that included qo data. there were 3 locations, 30,37,56 where i thought the model without qo data was better and so chose those forecasts instead. 2023-12-30: not much to report. still running a few slightly different versions of the model and then hand picking which model to submit for which location. 2024-03-20: not in love with loc 2 but otherwise forecasts look ok 2024-11-17: new model up and running. looks like good results visually. 2024-11-27: didnt have much time to work on hosp forecasts this week. need to account for these outlier states. 2024-12-04: forecasts look ok for the most part. some discrepancies in states. didnt have time to improve the model this week. 2025-01-08:made pretty significant updates a few weeks ago that i think improved model performance. ","2023-10-11: SEIRH model variant was fit bc KM27 model was not yet complete. 2023-10-12: KM27 model is completed and ready for training/submission for the following week. 2023-10-18: KM27 model was incorrect last week. i spernt the entire week correcting the model. Thete is a final bug in the mehtod i use to aggregate from day forecasts to week forecasts. i will need to solve this bug before the next submission date. 2023-11-01:Corrected KM27 and added in knowledge about flu: R0 is constrained to be between 1.1 and 2.5, vaccine proprtion is between 0.2 and 0.8. Generatioanl interval is Neg Bin and on average 3.6 days. Changed from Normal observational process to GammaPoisson. The GP is good but very computationally slow. Still cranky about how sensitive this model is to changes. This round ill try to focus on assigning seasons to distinct clusters. 2023-11-08:Added in priors for peak intensity and timing, and for the first two weeks of the season (MMWR 40 and 41). This adds stability to the model and speed. 2023-11-23:Found two major bugs in the code. One is frustrating and the other very subtle. First bug was training on hospitalization data the same as last year. i missed the message about a change in the hosp data and so have been training my model on the wrong data up until now. The second bug is a subtle fix in the code that took some time to find. 2023-12-09: Added back QO data, truncated to be two weeks before the forecast submission date. Forecasts look ok except for FIP=72. i'll need to investigate. 2023-12-16: Ran versions without and without the QO data. For the majority of locations i chose the model that included QO data. There were 3 locations, 30,37,56 where i thought the model without QO data was better and so chose those forecasts instead. 2023-12-30: Not much to report. Still running a few slightly different versions of the model and then hand picking which model to submit for which location. 2024-03-20: Not in love with Loc 2 but otherwise forecasts look ok 2024-11-17: new model up and running. Looks like good results visually. 2024-11-27: didnt have much time to work on hosp forecasts this week. Need to account for these outlier states. 2024-12-04: Forecasts look ok for the most part. SOme discrepancies in states. Didnt have time to improve the model this week. 2025-01-08:Made pretty significant updates a few weeks ago that i think improved model performance. ",FALSE,TRUE,FALSE,FALSE
"LUcompUncertLab-puca","LUcompUncertLab","puca","LUcompUncertLab","puca",TRUE,"suppose you are given a tx(s-1) dataset y of past incident flu hosps and a current, partially observed season y which when complete will be tx1. pre-process y by smoothing with a gaussian filter (sd =2). then, puca (poo-kah) is the following model y = f @ p + u + errx y = (f @ q + u )*s + c + erry where f is a txl matrix of latent time series and l is strictly smaller than s-1. p is a lx(s-1) matrix and q is a lx1 vector of weights for the columns in f. u is a set of s-1 reverse random walks and u is a reverse random walk that are linked hierarchically. errx is a n(0,sigma) and erry is a n(0,s*sigma) . ","Suppose you are given a TX(S-1) dataset Y of past incident flu hosps and a current, partially observed season y which when complete will be TX1. Pre-process Y by smoothing with a Gaussian filter (sd =2). Then, puca (poo-kah) is the following model Y = F @ P + U + errx y = (F @ Q + u )*s + c + erry Where F is a TXL matrix of latent time series and L is strictly smaller than S-1. P is a LX(S-1) matrix and Q is a LX1 vector of weights for the columns in F. U is a set of S-1 reverse random walks and u is a reverse random walk that are linked hierarchically. errx is a N(0,sigma) and erry is a N(0,s*sigma) . ",FALSE,FALSE,FALSE,TRUE
"MDPredict-SIRS","MDPredict","SIRS","Maryland Predict","modified susceptible-infectious-recovered-susceptible model",TRUE,"a sirs model is used to generate forecasts. key model parameters such as the transmission rate and the duration of immunity are estimated through mcmc by comparing simulated data to observed hospitalization data, allowing for uncertainty quantification. the model also incorporates a time-dependent transmission rate that fluctuates seasonally and additional periods of increased/decreased transmission based on historical trends. imports of cases are included to account for influenza infections introduced through international travel. spatial correlation is not considered.","A SIRS model is used to generate forecasts. Key model parameters such as the transmission rate and the duration of immunity are estimated through MCMC by comparing simulated data to observed hospitalization data, allowing for uncertainty quantification. The model also incorporates a time-dependent transmission rate that fluctuates seasonally and additional periods of increased/decreased transmission based on historical trends. Imports of cases are included to account for influenza infections introduced through international travel. Spatial correlation is not considered.",FALSE,TRUE,FALSE,FALSE
"Metaculus-cp","Metaculus","cp","Metaculus","Metaculus Community Prediction",TRUE,"the metaculus community prediction is a consensus of recent forecaster predictions. it is designed to respond to big changes in forecaster opinion while still being fairly insensitive to outliers. for every forecaster, on ly their most recent prediction is kept. predictions are assigned a number n, from oldest to newest (oldest is 1). every prediction is weighted proportional to exp(sqrt(n)). predictions are then aggregated by creating a mixture distribution of all available weighted forecasts.","The Metaculus Community Prediction is a consensus of recent forecaster predictions. It is designed to respond to big changes in forecaster opinion while still being fairly insensitive to outliers. For every forecaster, on ly their most recent prediction is kept. Predictions are assigned a number n, from oldest to newest (oldest is 1). Every prediction is weighted proportional to exp(sqrt(n)). Predictions are then aggregated by creating a mixture distribution of all available weighted forecasts.",TRUE,FALSE,FALSE,TRUE
"MIGHTE-Joint","MIGHTE","Joint","MIGHTE","Joint time series ensemble",TRUE,"weighted ensemble of time-series models, including lightgbm, arima models, autoregressive models (argo2).","Weighted ensemble of time-series models, including LightGBM, ARIMA models, autoregressive models (ARGO2).",TRUE,FALSE,TRUE,TRUE
"MIGHTE-Nsemble","MIGHTE","Nsemble","MIGHTE","Time series ensemble",TRUE,"we use an adaptive ensemble that combines probabilistic forecasts from three component model types: arima, several two-stage lightgbmlss models, and an ensemble of lightgbm point models. the ensemble weights are dynamically updated for each location and horizon based on the inverse weighted interval score (wis) of each component's performance over the most recent 4-week lookback window. the component models are: 1. arima: state univariate models are auto-tuned for each location. uncertainty is modeled using empirical error distributions derived from rolling validation windows. 2. lightgbm (two-stage): a gradient boosting approach that utilizes a rich set of engineered features. the first stage predicts the conditional mean and the second stage predicts the conditional scale/variance using a gaussian likelihood (lightgbmlss). input features include dense lags (1-12 weeks), rolling statistics (means, std devs, min/max over 2-12 week windows), momentum indicators (differences, % change), and cyclical seasonal encodings (sine/cosine of week/month). 3. lightgbm (point): a an averaged ensemble of multiple lightgbm point models that use lags of self and other states as covariates, and generates quantiles from the errors of out of sample seasons.","We use an Adaptive Ensemble that combines probabilistic forecasts from three component model types: ARIMA, several two-stage LightGBMLSS models, and an ensemble of LightGBM point models. The ensemble weights are dynamically updated for each location and horizon based on the inverse Weighted Interval Score (WIS) of each component's performance over the most recent 4-week lookback window. The component models are: 1. ARIMA: State univariate models are auto-tuned for each location. Uncertainty is modeled using empirical error distributions derived from rolling validation windows. 2. LightGBM (Two-Stage): A gradient boosting approach that utilizes a rich set of engineered features. The first stage predicts the conditional mean and the second stage predicts the conditional scale/variance using a Gaussian likelihood (LightGBMLSS). Input features include dense lags (1-12 weeks), rolling statistics (means, std devs, min/max over 2-12 week windows), momentum indicators (differences, % change), and cyclical seasonal encodings (sine/cosine of week/month). 3. LightGBM (Point): A an averaged ensemble of multiple LightGBM point models that use lags of self and other states as covariates, and generates quantiles from the errors of out of sample seasons.",TRUE,FALSE,TRUE,TRUE
"MOBS-EpyStrain_Flu","MOBS","EpyStrain_Flu","MOBS Lab at Northeastern University","Epydemix Flu Forecasting Model",TRUE,"the epydemix framework integrates demographic data with synthetic, high-resolution contact matrices that represent daily mixing across households, schools, workplaces, and community settings at a state-specific level. the infection dynamics are simulated using an age-structured slir-like model which is extended to include asymptomatic transmission and hospitalization. the model incorporates vaccination, school calendars that modulate the school contact matrix, seasonal variation in transmissibility, and residual immunity. model parameters are calibrated to hhs hospitalization data using approximate bayesian computation.","The Epydemix framework integrates demographic data with synthetic, high-resolution contact matrices that represent daily mixing across households, schools, workplaces, and community settings at a state-specific level. The infection dynamics are simulated using an age-structured SLIR-like model which is extended to include asymptomatic transmission and hospitalization. The model incorporates vaccination, school calendars that modulate the school contact matrix, seasonal variation in transmissibility, and residual immunity. Model parameters are calibrated to HHS hospitalization data using approximate Bayesian computation.",FALSE,TRUE,FALSE,TRUE
"MOBS-GLEAM_FLUH","MOBS","GLEAM_FLUH","MOBS Lab at Northeastern University","GLEAM Flu Forecasting Model",TRUE,"the gleam framework is based on a metapopulation approach in which the us is divided into geographical subpopulations. human mobility between subpopulations is represented on a network.  this mobility data layer identifies the numbers of individuals traveling from one sub-population to  another. the mobility network is made up of different kinds of mobility processes from short-range commuting between nearby subpopulations to flights. to model short-range mobility  such as commuting or car travel, we rely on databases collected from the offices of statistics of 30  countries on five continents. superimposed on the us population and mobility layers is an compartmental epidemic model that defines the infection and population dynamics. ","The GLEAM framework is based on a metapopulation approach in which the US is divided into geographical subpopulations. Human mobility between subpopulations is represented on a network.  This mobility data layer identifies the numbers of individuals traveling from one sub-population to  another. The mobility network is made up of different kinds of mobility processes from short-range commuting between nearby subpopulations to flights. To model short-range mobility  such as commuting or car travel, we rely on databases collected from the Offices of Statistics of 30  countries on five continents. Superimposed on the US population and mobility layers is an compartmental epidemic model that defines the infection and population dynamics. ",FALSE,TRUE,FALSE,FALSE
"MOBS-GLEAM_RL_FLUH","MOBS","GLEAM_RL_FLUH","MOBS Lab at Northeastern University","GLEAM Flu Reinforcement Learning Forecasting Model",TRUE,"this model uses tabular q-learning to forecast flu hospitalizations by learning to select relevant epidemic trajectories generated by the gleam model. the system operates over a 256-action space where each action represents selection of a specific gleam-simulated trajectory. the state representation combines epidemic features: trend angle and magnitude. through reinforcement learning, the agent learns an optimal policy for selecting which gleam trajectories provide the best forecasts given the current epidemic context. the selected trajectories are used to generate probabilistic forecasts of future hospitalizations.","This model uses tabular Q-learning to forecast flu hospitalizations by learning to select relevant epidemic trajectories generated by the GLEAM model. The system operates over a 256-action space where each action represents selection of a specific GLEAM-simulated trajectory. The state representation combines epidemic features: trend angle and magnitude. Through reinforcement learning, the agent learns an optimal policy for selecting which GLEAM trajectories provide the best forecasts given the current epidemic context. The selected trajectories are used to generate probabilistic forecasts of future hospitalizations.",FALSE,FALSE,FALSE,TRUE
"NAU-epymorph","NAU","epymorph","Northern Arizona University","epymorph compartmental model",TRUE,"a compartmental model with a time-dependent transmission rate. model state and parameters are fit using a particle filter.","A compartmental model with a time-dependent transmission rate. Model state and parameters are fit using a particle filter.",FALSE,TRUE,FALSE,FALSE
"NAU-FourCAT","NAU","FourCAT","NAU","Fourier Calendar Aware Transformer",TRUE,"a transformer incoporating fourier features and multi-horizon quantile regression trained with a combined pinball and wis objective.","A transformer incoporating Fourier features and multi-horizon quantile regression trained with a combined pinball and WIS objective.",FALSE,FALSE,FALSE,TRUE
"NAU-vulPES","NAU","vulPES","NAU","vulPES",TRUE,"currently uses the average prediction across all models for each target and then rounds to create integers and normalizes for pdf functions to sum to 1.","Currently uses the average prediction across all models for each target and then rounds to create integers and normalizes for pdf functions to sum to 1.",TRUE,FALSE,FALSE,TRUE
"NEU_ISI-AdaptiveEnsemble","NEU_ISI","AdaptiveEnsemble","MOBS Lab at Northeastern University and ISI Foundation","Adaptive Ensemble",TRUE,"the adaptive ensemble approach combines projections from the flu scenario modeling hub across all defined scenarios. the approach leverages new surveillance data points to generate an adaptive ensemble by dynamically rejecting the subset of individual models' trajectories that do not closely match the observed trends.","The adaptive ensemble approach combines projections from the Flu Scenario Modeling Hub across all defined scenarios. The approach leverages new surveillance data points to generate an adaptive ensemble by dynamically rejecting the subset of individual models' trajectories that do not closely match the observed trends.",TRUE,FALSE,FALSE,TRUE
"NEU_ISI-FluBcast","NEU_ISI","FluBcast","MOBS Lab at Northeastern University and ISI Foundation","Flu Behavioural Model",TRUE,"flubcast is a compartmental behavioral feedback model that simulates the feedback loop by explicitly representing different behavioral classes within the population. specifically, it is a stochastic, age-structured compartmental model that integrates behavioral changes through a new compartment of risk-averse susceptible individuals.","FluBcast is a compartmental behavioral feedback model that simulates the feedback loop by explicitly representing different behavioral classes within the population. Specifically, it is a stochastic, age-structured compartmental model that integrates behavioral changes through a new compartment of risk-averse susceptible individuals.",FALSE,TRUE,FALSE,FALSE
"NIH-Flu_ARIMA","NIH","Flu_ARIMA","Fogarty International Center, NIH","ARIMA model with flu-related covariates",TRUE,"we model flu hospitalizations in each location using dynamic harmonic regression with arma errors and exogenous covariates for vaccination, flu virus subtype circulation, and influenza transmission rates. to calibrate models, we use 7 years of historical data, including flu hospitalizations, influenza-like illness rates, influenza a subtype circulation, flu virus transmissibility, and vaccine coverage and effectiveness. to estimate weekly rt, we fit semi-mechanistic bayesian epidemic models to observed ili+ (ili x % positive) rates in each season.","We model flu hospitalizations in each location using dynamic harmonic regression with ARMA errors and exogenous covariates for vaccination, flu virus subtype circulation, and influenza transmission rates. To calibrate models, we use 7 years of historical data, including flu hospitalizations, influenza-like illness rates, influenza A subtype circulation, flu virus transmissibility, and vaccine coverage and effectiveness. To estimate weekly Rt, we fit semi-mechanistic Bayesian epidemic models to observed ILI+ (ILI x % positive) rates in each season.",FALSE,TRUE,FALSE,TRUE
"NU-PGF_FLUH","NU","PGF_FLUH","Branching process collective at Northeastern University","PGF influenza forecasting model",TRUE,"a branching process model analytically solved with probability generating functions (pgfs), enabling bayesian inference of the time-varying reproduction number and mechanistic modeling of immunity. the branching process approximates the full stochastic evolution of a discrete-time, single-population, slir compartmental model, extended to evaluate weekly hospitalizations resulting from infections.","A branching process model analytically solved with probability generating functions (PGFs), enabling Bayesian inference of the time-varying reproduction number and mechanistic modeling of immunity. The branching process approximates the full stochastic evolution of a discrete-time, single-population, SLIR compartmental model, extended to evaluate weekly hospitalizations resulting from infections.",FALSE,TRUE,FALSE,TRUE
"NU_UCSD-GLEAM_AI_FLUH","NU_UCSD","GLEAM_AI_FLUH","Northeastern University & University of California San Diego","GLEAM_AI Flu Forecasting Model",TRUE,"this a deep surrogate model trained to mimic mobs-gleam_fluh model. gleam_fluh is based on a metapopulation approach in which the world is divided into geographical subpopulations. 
human mobility between subpopulations is represented on a network. this mobility data layer identifies the numbers of individuals traveling from one sub-population to another. 
the mobility network is made up of different kinds of mobility processes, from short-range commuting between nearby subpopulations to intercontinental flights. 
to model short-range mobility such as commuting or car travel, we rely on databases collected from the offices of statistics of 30 countries on five continents. 
superimposed on the worldwide population and mobility layers is an agent-based epidemic model that defines the infection and population dynamics.","This a deep surrogate model trained to mimic MOBS-GLEAM_FLUH model. GLEAM_FLUH is based on a metapopulation approach in which the world is divided into geographical subpopulations. 
Human mobility between subpopulations is represented on a network. This mobility data layer identifies the numbers of individuals traveling from one sub-population to another. 
The mobility network is made up of different kinds of mobility processes, from short-range commuting between nearby subpopulations to intercontinental flights. 
To model short-range mobility such as commuting or car travel, we rely on databases collected from the Offices of Statistics of 30 countries on five continents. 
Superimposed on the worldwide population and mobility layers is an agent-based epidemic model that defines the infection and population dynamics.",FALSE,TRUE,TRUE,FALSE
"OHT_JHU-nbxd","OHT_JHU","nbxd","One Health Trust and Johns Hopkins University","NBEATS exogenous covariate decoder",TRUE,"neural network model based on n-beats (oreshkin et al. 2000), which is a residual block type architecture that generates point forecasts from univariate time series data. the network accepts a fixed lookback window of time points as input, and has a set number of output nodes corresponding to the length of the forecast horizon. we extend the network with additional residual blocks that output error variance forecasts (evaluated using a likelihood loss function) which allows generating quantile forecasts, assuming a parametric (gamma) error distribution. additional predictor variables are incorporated using a temporal convolutional network (tcn; bai et al. 2018). the tcn accepts one input channel for each predictor time series (or static variable), including past values of the target variable, and outputs a single channel with the same length as the lookback window. the tcn output channel is used as the input to the extended n-beats network. each value in the tcn output sequence is a non-linear combination of the predictor variables at that point and all previous points in the lookback window, which preserves the temporal structure of the input. forecast is the median of an ensemble of such models with varying lookback window sizes and random initializations.","Neural network model based on N-BEATS (Oreshkin et al. 2000), which is a residual block type architecture that generates point forecasts from univariate time series data. The network accepts a fixed lookback window of time points as input, and has a set number of output nodes corresponding to the length of the forecast horizon. We extend the network with additional residual blocks that output error variance forecasts (evaluated using a likelihood loss function) which allows generating quantile forecasts, assuming a parametric (gamma) error distribution. Additional predictor variables are incorporated using a temporal convolutional network (TCN; Bai et al. 2018). The TCN accepts one input channel for each predictor time series (or static variable), including past values of the target variable, and outputs a single channel with the same length as the lookback window. The TCN output channel is used as the input to the extended N-BEATS network. Each value in the TCN output sequence is a non-linear combination of the predictor variables at that point and all previous points in the lookback window, which preserves the temporal structure of the input. Forecast is the median of an ensemble of such models with varying lookback window sizes and random initializations.",TRUE,FALSE,TRUE,FALSE
"PSI-PROF","PSI","PROF","Predictive Science Inc.","Package for Respiratory Disease Open-source Forecasting",TRUE,"the prof routines perform a deterministic fit of our compartmental sir[h]2 model to daily hospitalization incidence profiles. the model includes a hospitalization compartment which is split into two sub-compartments. this split ensures that the model preserves the correct generation time (tg) and that the ratio between cumulative recovered and hospitalized individuals is determined by the infection-hospitalization-ratio. the transmission-rate coefficient (beta) is a time-dependent function of 2 or more arc-tangents.  the model fit is inferred by an mcmc procedure. it is followed by stochastic simulations through the forecast time-window using the inferred parameter distributions and a daily cadence which is then aggregated to weekly incidence to produce the forecasts.  where there is little-to-no epi signal in the data, a baseline statistical model is substituted for the mechanistic model.  this model is similar to the previous model 'psi-dice', but in an updated computational framework (https://github.com/predsci/prof).","The PROF routines perform a deterministic fit of our compartmental SIR[H]2 model to daily hospitalization incidence profiles. The model includes a hospitalization compartment which is split into two sub-compartments. This split ensures that the model preserves the correct generation time (Tg) and that the ratio between cumulative recovered and hospitalized individuals is determined by the infection-hospitalization-ratio. The transmission-rate coefficient (beta) is a time-dependent function of 2 or more arc-tangents.  The model fit is inferred by an MCMC procedure. It is followed by stochastic simulations through the forecast time-window using the inferred parameter distributions and a daily cadence which is then aggregated to weekly incidence to produce the forecasts.  Where there is little-to-no epi signal in the data, a baseline statistical model is substituted for the mechanistic model.  This model is similar to the previous model 'PSI-DICE', but in an updated computational framework (https://github.com/predsci/PROF).",FALSE,TRUE,FALSE,TRUE
"PSI-PROF_beta","PSI","PROF_beta","Predictive Science Inc.","Package for Respiratory Disease Open-source Forecasting (beta version)",TRUE,"the prof routines perform a deterministic fit of our compartmental sir[h]2 model to daily hospitalization incidence profiles. the model includes a hospitalization compartment which is split into two sub-compartments. this split ensures that the model preserves the correct generation time (tg) and that the ratio between cumulative recovered and hospitalized individuals is determined by the infection-hospitalization-ratio. the transmission-rate coefficient (beta) is a time-dependent function of 2 or more arc-tangents.  the model fit is inferred by an mcmc procedure. it is followed by stochastic simulations through the forecast time-window using the inferred parameter distributions and a daily cadence which is then aggregated to weekly incidence to produce the forecasts.  where there is little-to-no epi signal in the data, a baseline statistical model is substituted for the mechanistic model.  this model is similar to our standard model 'psi-prof', but with the addition of vaccinated compartments for susceptibles and infectious, and with deterministic simulations through the forecast time window. update 2023-10-10: vaccine efficacy against severe disease set at 0.52 based on southern hemisphere results.","The PROF routines perform a deterministic fit of our compartmental SIR[H]2 model to daily hospitalization incidence profiles. The model includes a hospitalization compartment which is split into two sub-compartments. This split ensures that the model preserves the correct generation time (Tg) and that the ratio between cumulative recovered and hospitalized individuals is determined by the infection-hospitalization-ratio. The transmission-rate coefficient (Beta) is a time-dependent function of 2 or more arc-tangents.  The model fit is inferred by an MCMC procedure. It is followed by stochastic simulations through the forecast time-window using the inferred parameter distributions and a daily cadence which is then aggregated to weekly incidence to produce the forecasts.  Where there is little-to-no epi signal in the data, a baseline statistical model is substituted for the mechanistic model.  This model is similar to our standard model 'PSI-PROF', but with the addition of vaccinated compartments for Susceptibles and Infectious, and with deterministic simulations through the forecast time window. Update 2023-10-10: Vaccine efficacy against severe disease set at 0.52 based on Southern Hemisphere results.",FALSE,TRUE,FALSE,TRUE
"PSI-PROF_MOA","PSI","PROF_MOA","Predictive Science Inc.","Package for Respiratory Disease Open-source Forecasting - Method of Analogs version",TRUE,"the prof routines perform a deterministic fit of our compartmental sir[h]2 (including vaccinated compartments for susceptibles and infectious) model to weekly hospitalization incidence profiles. the model includes a hospitalization compartment which is split into two sub-compartments. this split ensures that the model preserves the correct generation time (tg) and that the ratio between cumulative recovered and hospitalized individuals is determined by the infection-hospitalization-ratio. the transmission-rate coefficient (beta) is a time-dependent function of 2 or more arc-tangents.  the actual data is augmented with 'future' data from a method of analogs (moa).  the moa data receives a reduced fitting-weight compared to actual data.  the model fit is inferred by an mcmc procedure. it is followed by stochastic simulations through the forecast time-window using the inferred parameter distributions and a daily cadence which is then aggregated to weekly incidence to produce the forecasts.  where there is little-to-no epi signal in the data, a baseline statistical model is substituted for the mechanistic model.","The PROF routines perform a deterministic fit of our compartmental SIR[H]2 (including vaccinated compartments for Susceptibles and Infectious) model to weekly hospitalization incidence profiles. The model includes a hospitalization compartment which is split into two sub-compartments. This split ensures that the model preserves the correct generation time (Tg) and that the ratio between cumulative recovered and hospitalized individuals is determined by the infection-hospitalization-ratio. The transmission-rate coefficient (Beta) is a time-dependent function of 2 or more arc-tangents.  The actual data is augmented with 'future' data from a Method Of Analogs (MOA).  The MOA data receives a reduced fitting-weight compared to actual data.  The model fit is inferred by an MCMC procedure. It is followed by stochastic simulations through the forecast time-window using the inferred parameter distributions and a daily cadence which is then aggregated to weekly incidence to produce the forecasts.  Where there is little-to-no epi signal in the data, a baseline statistical model is substituted for the mechanistic model.",FALSE,TRUE,FALSE,TRUE
"SGroup-RandomForest","SGroup","RandomForest","Srivastava Group","SGroup-RandomForest",TRUE,"random forest is an ensemble of the individual predictors generated from a variation of the sikjalpha compartmental model, where each predictor corresponds to a certain set of hyperparameters, as well as some hhs data, as well as historical flusurv-net data.","Random Forest is an ensemble of the individual predictors generated from a variation of the SIkJalpha compartmental model, where each predictor corresponds to a certain set of hyperparameters, as well as some HHS data, as well as historical FluSurv-NET data.",TRUE,TRUE,TRUE,FALSE
"SigSci-BECAM","SigSci","BECAM","Signature Science","Baseline Empirical Categorical Model",TRUE,"categorical forecasts derived from observed rate changes over time. originally developed as a potential baseline categorical forecaster. the model is fit each week by first retrieving weekly flu hospitalizations reported via nhsn at the state and national level, then characterizing the rate change at horizons per the flusight guidelines. the algorithm then bins rate changes within locations and computes the proportion of observed categories. the proportion of each category is assigned as the probability for the given horizon and location.","Categorical forecasts derived from observed rate changes over time. Originally developed as a potential baseline categorical forecaster. The model is fit each week by first retrieving weekly flu hospitalizations reported via NHSN at the state and national level, then characterizing the rate change at horizons per the FluSight guidelines. The algorithm then bins rate changes within locations and computes the proportion of observed categories. The proportion of each category is assigned as the probability for the given horizon and location.",FALSE,FALSE,FALSE,TRUE
"SigSci-CREG","SigSci","CREG","Signature Science","Count Regression",TRUE,"count regression modeling approach. the procedure independently fits multiple count regression models for each location every week. possible models are defined by a grid of all combinations of potential covariates (e.g., ili, percent positivity of clinical lab flu tests) and model families (e.g., negative binomial, quasipoisson). the best fit model for the given forecast week and location is carried forward to generate forecasts. forecasted values are rounded to the nearest integer and truncated at zero to align with hospitalization count target. all forecasts are reviewed for plausibility by a human prior to submission.","Count regression modeling approach. The procedure independently fits multiple count regression models for each location every week. Possible models are defined by a grid of all combinations of potential covariates (e.g., ILI, percent positivity of clinical lab flu tests) and model families (e.g., negative binomial, quasipoisson). The best fit model for the given forecast week and location is carried forward to generate forecasts. Forecasted values are rounded to the nearest integer and truncated at zero to align with hospitalization count target. All forecasts are reviewed for plausibility by a human prior to submission.",FALSE,FALSE,FALSE,TRUE
"SigSci-TSENS","SigSci","TSENS","Signature Science","Time Series Ensemble",TRUE,"time series ensemble with equal weights for each component. the ensemble includes models that are fit independently for each location every week. the component models include different classes of time series models, some of which have automated parameter selection (e.g., arima). models are first combined before generating an ensemble forecast, as opposed to generating individual forecasts for each model and then combining forecasts. forecasted values are rounded to the nearest integer and truncated at zero to align with hospitalization count target. the component models are fit using a time series extended with methods described in https://www.medrxiv.org/content/10.1101/2024.07.31.24311314v1. all forecasts are reviewed for plausibility by a human prior to submission.","Time series ensemble with equal weights for each component. The ensemble includes models that are fit independently for each location every week. The component models include different classes of time series models, some of which have automated parameter selection (e.g., ARIMA). Models are first combined before generating an ensemble forecast, as opposed to generating individual forecasts for each model and then combining forecasts. Forecasted values are rounded to the nearest integer and truncated at zero to align with hospitalization count target. The component models are fit using a time series extended with methods described in https://www.medrxiv.org/content/10.1101/2024.07.31.24311314v1. All forecasts are reviewed for plausibility by a human prior to submission.",TRUE,FALSE,FALSE,TRUE
"Stevens-GBR","Stevens","GBR","Stevens Institute of Technology","An ensemble of gradient boosting regressors",TRUE,"this model generates forecasts for state-level weekly influenza hospitalizations. the model comprises an ensemble of tree-based regression models based employing the gradient boosting learning paradigm.","This model generates forecasts for state-level weekly influenza hospitalizations. The model comprises an ensemble of tree-based regression models based employing the gradient boosting learning paradigm.",TRUE,FALSE,TRUE,TRUE
"Stevens-ILIForecast","Stevens","ILIForecast","Stevens Institute of Technology","Stevens ILIForecast",TRUE,"we employ a combination of multiple forecasting models—such as gradient boosting, decision trees, and arima models—using ensemble techniques to achieve final predictions. by analyzing all available historical data, we generate comprehensive five-week forecasts that reflect a synthesis of each model's strengths.","We employ a combination of multiple forecasting models—such as gradient boosting, decision trees, and ARIMA models—using ensemble techniques to achieve final predictions. By analyzing all available historical data, we generate comprehensive five-week forecasts that reflect a synthesis of each model's strengths.",TRUE,FALSE,FALSE,TRUE
"UGA_CEID-auto_AVG_LB","UGA_CEID","auto_AVG_LB","UGA Center for the Ecology of Infectious Diseases (CEID)","UGA_CEID_auto_AVG_LB",TRUE,"an automatic arimax that fits on 104 weeks of logarithmic transformed hospitalizations. it uses a 1 week-lag of logarithmic transformed average of hospitalizations in the u.s. as exogenous variable.","An automatic ARIMAX that fits on 104 weeks of logarithmic transformed hospitalizations. It uses a 1 week-lag of logarithmic transformed average of hospitalizations in the U.S. as exogenous variable.",FALSE,FALSE,FALSE,TRUE
"UGA_CEID-Walk","UGA_CEID","Walk","UGA Center for the Ecology of Infectious Diseases (CEID)","UGA_CEID_Walk",TRUE,"steps in the random walk have an expected value of zero and the standard devation of the last few data points determines the variation around zero in the step size. steps in the walk are determined by sampling from a normal distribution. if the walk drifts below zero, it is considered to be at zero for the purpose of predicting the indicator. by simulating these walks repeatedly, a distribution of future values of incident cases and deaths are obtained.","Steps in the random walk have an expected value of zero and the standard devation of the last few data points determines the variation around zero in the step size. Steps in the walk are determined by sampling from a normal distribution. If the walk drifts below zero, it is considered to be at zero for the purpose of predicting the indicator. By simulating these walks repeatedly, a distribution of future values of incident cases and deaths are obtained.",FALSE,FALSE,FALSE,TRUE
"UGA_flucast-Copycat","UGA_flucast","Copycat","UGA_flucast","Copycat",FALSE,"matches seasonal growth rate trends against historic growth rate curves to identify the closest matches. makes forecasts based on nearest neighbor trajectories.","Matches seasonal growth rate trends against historic growth rate curves to identify the closest matches. Makes forecasts based on nearest neighbor trajectories.",FALSE,FALSE,FALSE,TRUE
"UGA_flucast-INFLAenza","UGA_flucast","INFLAenza","UGA_flucast","INFLAenza",TRUE,"a spatial time-series model that uses the r-inla package for estimating a jointly fitted time-series model that includes seasonality terms, state-specific connectivity, and a random walk component.","A spatial time-series model that uses the R-INLA package for estimating a jointly fitted time-series model that includes seasonality terms, state-specific connectivity, and a random walk component.",FALSE,FALSE,FALSE,TRUE
"UGA_flucast-OKeeffe","UGA_flucast","OKeeffe","UGA_flucast","OKeeffe",FALSE,"a class of epidemic models with a flexible underlying machine learning component, coupled with a tempering term that functionally acts as susceptible depletion, but can be estimated from historical data. we use historic hhs influenza wave data to make future forecasts","A class of epidemic models with a flexible underlying machine learning component, coupled with a tempering term that functionally acts as susceptible depletion, but can be estimated from historical data. We use historic HHS influenza wave data to make future forecasts",FALSE,FALSE,TRUE,FALSE
"UGA_flucast-Scenariocast","UGA_flucast","Scenariocast","UGA_flucast","Scenariocast",FALSE,"matches seasonal growth rate trends against scenario modeling hub projections growth rate curves to identify the closest matches. makes forecasts based on nearest neighbor trajectories.","Matches seasonal growth rate trends against scenario modeling hub projections growth rate curves to identify the closest matches. Makes forecasts based on nearest neighbor trajectories.",FALSE,FALSE,FALSE,TRUE
"UGuelph-CompositeCurve","UGuelph","CompositeCurve","University of Guelph Dynamics Training Lab","Composite Curve",FALSE,"we produce a peak-aligned composite curve epidemic curves across past seasons and regions, normalizing the season for percent of cases each week, and then taking the median percentage across the resulting curves for each number of weeks from the peak, following the approach of schanzer et al., influenza and other respiratory viruses 2010.   then, for each state, we compute the normalized case count for the preceding four weeks, and compare against the normalized four week windows of the composite curve, following the approach of morel et al. plos computational biology, 2023.  revised from previous versions december 30, 2024.” sample_method: “each window along the curve is weighted based on its distance from the most recent window and these weights are used to select 100 windows (allowing repetition) along the curve. these windows are used to produce the 100 sample trajectories by applying the subsequent scaling factors to the observed data.","We produce a peak-aligned composite curve epidemic curves across past seasons and regions, normalizing the season for percent of cases each week, and then taking the median percentage across the resulting curves for each number of weeks from the peak, following the approach of Schanzer et al., Influenza and Other Respiratory Viruses 2010.   Then, for each state, we compute the normalized case count for the preceding four weeks, and compare against the normalized four week windows of the composite curve, following the approach of Morel et al. PLOS Computational Biology, 2023.  Revised from previous versions December 30, 2024.” sample_method: “Each window along the curve is weighted based on its distance from the most recent window and these weights are used to select 100 windows (allowing repetition) along the curve. These windows are used to produce the 100 sample trajectories by applying the subsequent scaling factors to the observed data.",FALSE,FALSE,FALSE,TRUE
"UGuelphensemble-GRYPHON","UGuelphensemble","GRYPHON","University of Guelph Dynamics Training Lab","GRYPHON",TRUE,"","",TRUE,FALSE,FALSE,TRUE
"UI_CompEpi-EpiGen","UI_CompEpi","EpiGen","UI_CompEpi","EpiGen",TRUE,"we train an ensemble of deep learning approachs including arima, lstm, epideep, epifnp, transformer models on historical and synthetic data. our synthetic data is generated using a variational autoencoder (vae) trained on historical data. we use the ensemble of models to predict the target data.","We train an ensemble of deep learning approachs including ARIMA, LSTM, EpiDeep, EpiFNP, Transformer models on historical and synthetic data. Our synthetic data is generated using a variational autoencoder (VAE) trained on historical data. We use the ensemble of models to predict the target data.",TRUE,FALSE,TRUE,TRUE
"UM-DeepOutbreak","UM","DeepOutbreak","University of Michigan, Computer Science and Engineering","DeepOutbreak",TRUE,"deep neural network model with conformal predictions. the neural network architecture is a sequence-to-sequence model based on recurrent units and self-attention modules. it is trained in a multi-task setting where each region is considered a task. the uncertainty quantification is conducted post hoc with conformal predictions that follows adaptive conformal inference to adapt to distribution shifts. spatial correlation is not considered.","Deep neural network model with conformal predictions. The neural network architecture is a sequence-to-sequence model based on recurrent units and self-attention modules. It is trained in a multi-task setting where each region is considered a task. The uncertainty quantification is conducted post hoc with conformal predictions that follows adaptive conformal inference to adapt to distribution shifts. Spatial correlation is not considered.",FALSE,FALSE,TRUE,FALSE
"UMass-AR2","UMass","AR2","UMass-Amherst","AR(2)",FALSE," this is an ar(2) model fit separately to each location using bayesian methods. prior to model estimation, we perform the following three data transformations: 1. convert hospitalization counts to a rate per 100,000 population. 2. take the fourth root. 3. scale and center, dividing by the 95th percentile of all weekly values for the given location and subsequently subtracting the mean. predictions on the transformed scale are converted back to predictions on the original scale by inverting these transformations.
denoting the value of the transformed signal at time t by z_t, the model is: z_t | z_{t-1}, z_{t-2}, a_1, a_2, sigma ~ n(a_1 * z_{t-1} + a_2 * z_{t-2}, sigma^2) a_1, a_2 | eta ~ normal(0, eta^2) sigma, eta ~ half-cauchy(0, 1)
this is intended as a baseline model. "," This is an AR(2) model fit separately to each location using Bayesian methods. Prior to model estimation, we perform the following three data transformations: 1. Convert hospitalization counts to a rate per 100,000 population. 2. Take the fourth root. 3. Scale and center, dividing by the 95th percentile of all weekly values for the given location and subsequently subtracting the mean. Predictions on the transformed scale are converted back to predictions on the original scale by inverting these transformations.
Denoting the value of the transformed signal at time t by z_t, the model is: Z_t | z_{t-1}, z_{t-2}, a_1, a_2, sigma ~ N(a_1 * z_{t-1} + a_2 * z_{t-2}, sigma^2) a_1, a_2 | eta ~ Normal(0, eta^2) sigma, eta ~ Half-Cauchy(0, 1)
This is intended as a baseline model. ",FALSE,FALSE,FALSE,TRUE
"UMass-flusion","UMass","flusion","UMass-Amherst","Ensemble of time series models",TRUE," 2025/26 season (v1.1, implemented 2025-12-20): quantile average ensemble of three component models: 1) ar(6) pooled model with shared coefficients across locations and per-location variance; 2) gbqr 3-source spatial2 model for state-level forecasts incorporating spatial correlation; 3) gbqr 3-source model for us national forecasts. all components use nhsn, flusurv-net, and ilinet data. categorical predictions derived via monotonic spline interpolation.
2024/25 season: a quantile average of two models: 1) gradient boosting quantile regression, fit to nhsn, flusurv-net, and ilinet data; 2) an ar(6) model fit to nhsn only, with ar coefficients shared across locations and per-location variance parameters. as of 2024-11-23, these are equally weighted. categorical predictions are derived from the quantile predictions by fitting a monotonic spline to interpolate the quantiles. 2024-11-30: our model is not responding well to data anomalies in oh. we have dropped that state from this week's submission. 2024-12-07: we dropped forecasts for pr. we have low confidence in forecasts from az, but are submitting them regardless. 2025-01-02: for this week, we include only the gbqr model. the ar(6) model does not have any features that allow it to capture regular seasonal effects, and exploration of last season's forecasts showed that it underperformed in the weeks immediately following christmas.
2023/24 season: 2023-10-14: a linear pool of two sub-ensembles, one fit with all available data and one fit dropping the last data point which may be subject to revisions. each sub-ensemble is an equally-weighted vincent median ensemble of three components: 1) an ar(8) model fit only to hhs data on a fourth root scale; 2) a gradient boosting model fit to data from all three sources with uncertainty based on bootstrapping out-of-bag prediction errors; 3) a gradient boosting model fit to all three data sources with quantile regression separately for each quantile level, with predictions sorted to address quantile crossing. 2023-10-21: fit only to the data release including data up through the week of 2023-10-14. dropped bootstrap method, so submission is a quantile averaged ensemble of ar(8) and the gradient boosting model with quantile regression for all quantiles. 2023-11-25: data for ak are suspect; low counts, including a reported 0 for sat nov 18. roughly 18-20 reporting facilities per day rather than historical values of 21 or 22. i don't have a principled way to deal with this, so the submission for ak is a linear pool of predictions with and without the last weekly observation. 2023-12-02: added a third component model, which is a gradient boosted quantile regression model that does not use any features that are a measure of the level of recent incidence."," 2025/26 season (v1.1, implemented 2025-12-20): Quantile average ensemble of three component models: 1) AR(6) pooled model with shared coefficients across locations and per-location variance; 2) GBQR 3-source spatial2 model for state-level forecasts incorporating spatial correlation; 3) GBQR 3-source model for US national forecasts. All components use NHSN, FluSurv-NET, and ILINet data. Categorical predictions derived via monotonic spline interpolation.
2024/25 season: A quantile average of two models: 1) Gradient boosting quantile regression, fit to NHSN, FluSurv-NET, and ILINet data; 2) An AR(6) model fit to NHSN only, with AR coefficients shared across locations and per-location variance parameters. As of 2024-11-23, these are equally weighted. Categorical predictions are derived from the quantile predictions by fitting a monotonic spline to interpolate the quantiles. 2024-11-30: Our model is not responding well to data anomalies in OH. We have dropped that state from this week's submission. 2024-12-07: We dropped forecasts for PR. We have low confidence in forecasts from AZ, but are submitting them regardless. 2025-01-02: For this week, we include only the GBQR model. The AR(6) model does not have any features that allow it to capture regular seasonal effects, and exploration of last season's forecasts showed that it underperformed in the weeks immediately following Christmas.
2023/24 season: 2023-10-14: A linear pool of two sub-ensembles, one fit with all available data and one fit dropping the last data point which may be subject to revisions. Each sub-ensemble is an equally-weighted Vincent median ensemble of three components: 1) an AR(8) model fit only to HHS data on a fourth root scale; 2) a gradient boosting model fit to data from all three sources with uncertainty based on bootstrapping out-of-bag prediction errors; 3) a gradient boosting model fit to all three data sources with quantile regression separately for each quantile level, with predictions sorted to address quantile crossing. 2023-10-21: Fit only to the data release including data up through the week of 2023-10-14. Dropped bootstrap method, so submission is a quantile averaged ensemble of AR(8) and the gradient boosting model with quantile regression for all quantiles. 2023-11-25: Data for AK are suspect; low counts, including a reported 0 for Sat Nov 18. Roughly 18-20 reporting facilities per day rather than historical values of 21 or 22. I don't have a principled way to deal with this, so the submission for AK is a linear pool of predictions with and without the last weekly observation. 2023-12-02: Added a third component model, which is a gradient boosted quantile regression model that does not use any features that are a measure of the level of recent incidence.",TRUE,FALSE,FALSE,TRUE
"UMass-trends_ensemble","UMass","trends_ensemble","UMass-Amherst","Ensemble of baseline models with trends",FALSE,"equally weighted ensemble of simple time-series baseline models. each baseline model calculates first differences of incidence in recent weeks. these differences are sampled and then added to the most recently observed incidence. variations on this method include (a) including the first differences and the negative of these differences to enforce symmetry, resulting in a flat-line forecast, (b) varying the number of time-units in the past for computing the first differences (3 or 4 weeks) to focus on capturing recent trends, and (c) using the original time-series or a variance-stabilizing transformation of it, e.g. square-root. additionally, the resulting predictive distributions are truncated so that any predicted samples computed to be less than zero are truncated to be zero.","Equally weighted ensemble of simple time-series baseline models. Each baseline model calculates first differences of incidence in recent weeks. These differences are sampled and then added to the most recently observed incidence. Variations on this method include (a) including the first differences and the negative of these differences to enforce symmetry, resulting in a flat-line forecast, (b) varying the number of time-units in the past for computing the first differences (3 or 4 weeks) to focus on capturing recent trends, and (c) using the original time-series or a variance-stabilizing transformation of it, e.g. square-root. Additionally, the resulting predictive distributions are truncated so that any predicted samples computed to be less than zero are truncated to be zero.",TRUE,FALSE,FALSE,TRUE
"UNC_IDD-InfluPaint","UNC_IDD","InfluPaint","UNC Infectious Disease Dynamics","InfluPaint",TRUE,"we use a generative ai method, denoising diffusion probabilistic model (ddpms), to generate epidemic trajectories (we treat influenza epidemic curves as images (axes are time and location, a pixel value is e.g incident hospitalization and stay close to the image generation literature). so our model account characterizes the uncertainty that exists in the space of possible flu trajectories. spatial correlation is considered as all the features of the full images should be reproduced in our generated images. then, we use the copaint algorithm to inpaint the future from ground-truth data.","We use a generative AI method, denoising diffusion probabilistic model (DDPMs), to generate epidemic trajectories (we treat influenza epidemic curves as images (axes are time and location, a pixel value is e.g incident hospitalization and stay close to the image generation literature). So our model account characterizes the uncertainty that exists in the space of possible flu trajectories. Spatial correlation is considered as all the features of the full images should be reproduced in our generated images. Then, we use the COPaint algorithm to inpaint the future from ground-truth data.",FALSE,FALSE,TRUE,FALSE
"UVAFluX-CESGCN","UVAFluX","CESGCN","UVAFluX","CESGCN: Causality-Encoded Spatiotemporal Graph Convolution Network for Real-Time Disease Forecasting",TRUE,"this is a state-level graph-neural-network-based model for forecasting the new influenza hospitalizations. the graph encodes the causal relationships across states and is derived using transfer entropy.","This is a state-level graph-neural-network-based model for forecasting the new influenza hospitalizations. The graph encodes the causal relationships across states and is derived using transfer entropy.",FALSE,FALSE,TRUE,FALSE
"UVAFluX-Ensemble","UVAFluX","Ensemble","UVAFluX","Ensemble",TRUE,"this is a us national and state-level multi-method model forecasting the new influenza hospitalizations. multiple methods include arima (optimized for length of observed data), exponential smoothing (optimized for length of observed data), lstm model, kalman filter, and piecewise-linear approximation model for trend projection. the model forecasts are combined using bayesian model averaging, mean-, or median-based ensembling strategies.","This is a US national and state-level multi-method model forecasting the new influenza hospitalizations. Multiple methods include ARIMA (optimized for length of observed data), exponential smoothing (optimized for length of observed data), LSTM model, Kalman filter, and piecewise-linear approximation model for trend projection. The model forecasts are combined using Bayesian model averaging, mean-, or median-based ensembling strategies.",TRUE,FALSE,TRUE,TRUE
"UVAFluX-FS_OptimWISE","UVAFluX","FS_OptimWISE","UVAFluX","FluSight_OptimWISE: ensemble forecasting model that learns optimal weights for combining probabilistic forecasts from FluSight hub  models by minimizing a regularized Weighted Interval Score (WIS).",FALSE,"optim-wise is an ensemble forecasting model that learns optimal weights for combining quantile forecasts from flusight hub models by minimizing the weighted interval score (wis) over recent training weeks (upto 4 weeks). it uses optimization with regularization to ensure stable weights, producing a final probabilistic forecast tailored to each location and forecast horizon.","Optim-WISE is an ensemble forecasting model that learns optimal weights for combining quantile forecasts from FluSight hub models by minimizing the Weighted Interval Score (WIS) over recent training weeks (upto 4 weeks). It uses optimization with regularization to ensure stable weights, producing a final probabilistic forecast tailored to each location and forecast horizon.",TRUE,FALSE,FALSE,TRUE
"UVAFluX-OptimWISE","UVAFluX","OptimWISE","UVAFluX","OptimWISE: ensemble forecasting model that learns optimal weights for combining probabilistic forecasts from multiple models by minimizing a regularized Weighted Interval Score (WIS).",FALSE,"optim-wise is an ensemble forecasting model that learns optimal weights for combining quantile forecasts from five models by minimizing the weighted interval score (wis) over recent training weeks (upto 4 weeks). it uses optimization with regularization to ensure stable weights, producing a final probabilistic forecast tailored to each location and forecast horizon.","Optim-WISE is an ensemble forecasting model that learns optimal weights for combining quantile forecasts from five models by minimizing the Weighted Interval Score (WIS) over recent training weeks (upto 4 weeks). It uses optimization with regularization to ensure stable weights, producing a final probabilistic forecast tailored to each location and forecast horizon.",TRUE,FALSE,FALSE,TRUE
"VTSanghani-Ensemble","VTSanghani","Ensemble","VTSanghani","Ensemble of deep learning models combined with traditonal statistical models",TRUE,"this ensemble forecasts us national- and state-level influenza hospitalizations.  included models focus on novel deep learning techniques augmented with traditional statistical predictions","This ensemble forecasts US national- and state-level influenza hospitalizations.  Included models focus on novel deep learning techniques augmented with traditional statistical predictions",TRUE,FALSE,TRUE,TRUE
"VTSanghani-PRIME","VTSanghani","PRIME","VTSanghani","PRIME",TRUE,"develop deep learning methods for short-term forecasting of us national- and state-level influenza hospitalizations, leveraging machine learning models designed to capture complex temporal and spatial dependencies.","Develop deep learning methods for short-term forecasting of US national- and state-level influenza hospitalizations, leveraging machine learning models designed to capture complex temporal and spatial dependencies.",FALSE,FALSE,TRUE,FALSE
