reference_date,target,horizon,target_end_date,location,output_type,output_type_id,value
2025-12-20,wk flu hosp rate change,0,2025-12-20,01,pmf,decrease,0.229
2025-12-20,wk flu hosp rate change,0,2025-12-20,01,pmf,increase,0.311
2025-12-20,wk flu hosp rate change,0,2025-12-20,01,pmf,large_decrease,0.054
2025-12-20,wk flu hosp rate change,0,2025-12-20,01,pmf,large_increase,0.219
2025-12-20,wk flu hosp rate change,0,2025-12-20,01,pmf,stable,0.187
2025-12-20,wk flu hosp rate change,0,2025-12-20,02,pmf,decrease,0.221
2025-12-20,wk flu hosp rate change,0,2025-12-20,02,pmf,increase,0.312
2025-12-20,wk flu hosp rate change,0,2025-12-20,02,pmf,large_decrease,0.067
2025-12-20,wk flu hosp rate change,0,2025-12-20,02,pmf,large_increase,0.228
2025-12-20,wk flu hosp rate change,0,2025-12-20,02,pmf,stable,0.172
2025-12-20,wk flu hosp rate change,0,2025-12-20,04,pmf,decrease,0.092
2025-12-20,wk flu hosp rate change,0,2025-12-20,04,pmf,increase,0.474
2025-12-20,wk flu hosp rate change,0,2025-12-20,04,pmf,large_decrease,0.001
2025-12-20,wk flu hosp rate change,0,2025-12-20,04,pmf,large_increase,0.118
2025-12-20,wk flu hosp rate change,0,2025-12-20,04,pmf,stable,0.3150000000000001
2025-12-20,wk flu hosp rate change,0,2025-12-20,05,pmf,decrease,0.183
2025-12-20,wk flu hosp rate change,0,2025-12-20,05,pmf,increase,0.434
2025-12-20,wk flu hosp rate change,0,2025-12-20,05,pmf,large_decrease,0.001
2025-12-20,wk flu hosp rate change,0,2025-12-20,05,pmf,large_increase,0.068
2025-12-20,wk flu hosp rate change,0,2025-12-20,05,pmf,stable,0.314
2025-12-20,wk flu hosp rate change,0,2025-12-20,06,pmf,decrease,0.085
2025-12-20,wk flu hosp rate change,0,2025-12-20,06,pmf,increase,0.428
2025-12-20,wk flu hosp rate change,0,2025-12-20,06,pmf,large_decrease,0.001
2025-12-20,wk flu hosp rate change,0,2025-12-20,06,pmf,large_increase,0.051
2025-12-20,wk flu hosp rate change,0,2025-12-20,06,pmf,stable,0.435
2025-12-20,wk flu hosp rate change,0,2025-12-20,08,pmf,decrease,0.172
2025-12-20,wk flu hosp rate change,0,2025-12-20,08,pmf,increase,0.365
2025-12-20,wk flu hosp rate change,0,2025-12-20,08,pmf,large_decrease,0.023
2025-12-20,wk flu hosp rate change,0,2025-12-20,08,pmf,large_increase,0.275
2025-12-20,wk flu hosp rate change,0,2025-12-20,08,pmf,stable,0.165
2025-12-20,wk flu hosp rate change,0,2025-12-20,09,pmf,decrease,0.248
2025-12-20,wk flu hosp rate change,0,2025-12-20,09,pmf,increase,0.293
2025-12-20,wk flu hosp rate change,0,2025-12-20,09,pmf,large_decrease,0.076
2025-12-20,wk flu hosp rate change,0,2025-12-20,09,pmf,large_increase,0.238
2025-12-20,wk flu hosp rate change,0,2025-12-20,09,pmf,stable,0.1450000000000001
2025-12-20,wk flu hosp rate change,0,2025-12-20,10,pmf,decrease,0.21
2025-12-20,wk flu hosp rate change,0,2025-12-20,10,pmf,increase,0.401
2025-12-20,wk flu hosp rate change,0,2025-12-20,10,pmf,large_decrease,0.006
2025-12-20,wk flu hosp rate change,0,2025-12-20,10,pmf,large_increase,0.17
2025-12-20,wk flu hosp rate change,0,2025-12-20,10,pmf,stable,0.213
2025-12-20,wk flu hosp rate change,0,2025-12-20,11,pmf,decrease,0.238
2025-12-20,wk flu hosp rate change,0,2025-12-20,11,pmf,increase,0.323
2025-12-20,wk flu hosp rate change,0,2025-12-20,11,pmf,large_decrease,0.056
2025-12-20,wk flu hosp rate change,0,2025-12-20,11,pmf,large_increase,0.18
2025-12-20,wk flu hosp rate change,0,2025-12-20,11,pmf,stable,0.203
2025-12-20,wk flu hosp rate change,0,2025-12-20,12,pmf,decrease,0.118
2025-12-20,wk flu hosp rate change,0,2025-12-20,12,pmf,increase,0.421
2025-12-20,wk flu hosp rate change,0,2025-12-20,12,pmf,large_decrease,0.001
2025-12-20,wk flu hosp rate change,0,2025-12-20,12,pmf,large_increase,0.233
2025-12-20,wk flu hosp rate change,0,2025-12-20,12,pmf,stable,0.22700000000000012
2025-12-20,wk flu hosp rate change,0,2025-12-20,13,pmf,decrease,0.175
2025-12-20,wk flu hosp rate change,0,2025-12-20,13,pmf,increase,0.412
2025-12-20,wk flu hosp rate change,0,2025-12-20,13,pmf,large_decrease,0.011
2025-12-20,wk flu hosp rate change,0,2025-12-20,13,pmf,large_increase,0.216
2025-12-20,wk flu hosp rate change,0,2025-12-20,13,pmf,stable,0.186
2025-12-20,wk flu hosp rate change,0,2025-12-20,15,pmf,decrease,0.166
2025-12-20,wk flu hosp rate change,0,2025-12-20,15,pmf,increase,0.24
2025-12-20,wk flu hosp rate change,0,2025-12-20,15,pmf,large_decrease,0.122
2025-12-20,wk flu hosp rate change,0,2025-12-20,15,pmf,large_increase,0.375
2025-12-20,wk flu hosp rate change,0,2025-12-20,15,pmf,stable,0.097
2025-12-20,wk flu hosp rate change,0,2025-12-20,16,pmf,decrease,0.157
2025-12-20,wk flu hosp rate change,0,2025-12-20,16,pmf,increase,0.408
2025-12-20,wk flu hosp rate change,0,2025-12-20,16,pmf,large_decrease,0.011
2025-12-20,wk flu hosp rate change,0,2025-12-20,16,pmf,large_increase,0.21
2025-12-20,wk flu hosp rate change,0,2025-12-20,16,pmf,stable,0.2140000000000001
2025-12-20,wk flu hosp rate change,0,2025-12-20,17,pmf,decrease,0.18
2025-12-20,wk flu hosp rate change,0,2025-12-20,17,pmf,increase,0.426
2025-12-20,wk flu hosp rate change,0,2025-12-20,17,pmf,large_decrease,0.001
2025-12-20,wk flu hosp rate change,0,2025-12-20,17,pmf,large_increase,0.15
2025-12-20,wk flu hosp rate change,0,2025-12-20,17,pmf,stable,0.243
2025-12-20,wk flu hosp rate change,0,2025-12-20,18,pmf,decrease,0.232
2025-12-20,wk flu hosp rate change,0,2025-12-20,18,pmf,increase,0.359
2025-12-20,wk flu hosp rate change,0,2025-12-20,18,pmf,large_decrease,0.013
2025-12-20,wk flu hosp rate change,0,2025-12-20,18,pmf,large_increase,0.153
2025-12-20,wk flu hosp rate change,0,2025-12-20,18,pmf,stable,0.243
2025-12-20,wk flu hosp rate change,0,2025-12-20,19,pmf,decrease,0.162
2025-12-20,wk flu hosp rate change,0,2025-12-20,19,pmf,increase,0.405
2025-12-20,wk flu hosp rate change,0,2025-12-20,19,pmf,large_decrease,0.001
2025-12-20,wk flu hosp rate change,0,2025-12-20,19,pmf,large_increase,0.042
2025-12-20,wk flu hosp rate change,0,2025-12-20,19,pmf,stable,0.39
2025-12-20,wk flu hosp rate change,0,2025-12-20,20,pmf,decrease,0.171
2025-12-20,wk flu hosp rate change,0,2025-12-20,20,pmf,increase,0.438
2025-12-20,wk flu hosp rate change,0,2025-12-20,20,pmf,large_decrease,0.001
2025-12-20,wk flu hosp rate change,0,2025-12-20,20,pmf,large_increase,0.06
2025-12-20,wk flu hosp rate change,0,2025-12-20,20,pmf,stable,0.33
2025-12-20,wk flu hosp rate change,0,2025-12-20,21,pmf,decrease,0.202
2025-12-20,wk flu hosp rate change,0,2025-12-20,21,pmf,increase,0.373
2025-12-20,wk flu hosp rate change,0,2025-12-20,21,pmf,large_decrease,0.001
2025-12-20,wk flu hosp rate change,0,2025-12-20,21,pmf,large_increase,0.144
2025-12-20,wk flu hosp rate change,0,2025-12-20,21,pmf,stable,0.28
2025-12-20,wk flu hosp rate change,0,2025-12-20,22,pmf,decrease,0.195
2025-12-20,wk flu hosp rate change,0,2025-12-20,22,pmf,increase,0.291
2025-12-20,wk flu hosp rate change,0,2025-12-20,22,pmf,large_decrease,0.032
2025-12-20,wk flu hosp rate change,0,2025-12-20,22,pmf,large_increase,0.316
2025-12-20,wk flu hosp rate change,0,2025-12-20,22,pmf,stable,0.166
2025-12-20,wk flu hosp rate change,0,2025-12-20,23,pmf,decrease,0.241
2025-12-20,wk flu hosp rate change,0,2025-12-20,23,pmf,increase,0.375
2025-12-20,wk flu hosp rate change,0,2025-12-20,23,pmf,large_decrease,0.001
2025-12-20,wk flu hosp rate change,0,2025-12-20,23,pmf,large_increase,0.041
2025-12-20,wk flu hosp rate change,0,2025-12-20,23,pmf,stable,0.3419999999999999
2025-12-20,wk flu hosp rate change,0,2025-12-20,24,pmf,decrease,0.171
2025-12-20,wk flu hosp rate change,0,2025-12-20,24,pmf,increase,0.37
2025-12-20,wk flu hosp rate change,0,2025-12-20,24,pmf,large_decrease,0.025
2025-12-20,wk flu hosp rate change,0,2025-12-20,24,pmf,large_increase,0.278
2025-12-20,wk flu hosp rate change,0,2025-12-20,24,pmf,stable,0.156
2025-12-20,wk flu hosp rate change,0,2025-12-20,25,pmf,decrease,0.176
2025-12-20,wk flu hosp rate change,0,2025-12-20,25,pmf,increase,0.445
2025-12-20,wk flu hosp rate change,0,2025-12-20,25,pmf,large_decrease,0.01
2025-12-20,wk flu hosp rate change,0,2025-12-20,25,pmf,large_increase,0.145
2025-12-20,wk flu hosp rate change,0,2025-12-20,25,pmf,stable,0.224
2025-12-20,wk flu hosp rate change,0,2025-12-20,26,pmf,decrease,0.1848151848151848
2025-12-20,wk flu hosp rate change,0,2025-12-20,26,pmf,increase,0.4235764235764235
2025-12-20,wk flu hosp rate change,0,2025-12-20,26,pmf,large_decrease,0.005994005994005993
2025-12-20,wk flu hosp rate change,0,2025-12-20,26,pmf,large_increase,0.1598401598401598
2025-12-20,wk flu hosp rate change,0,2025-12-20,26,pmf,stable,0.22577422577422576
2025-12-20,wk flu hosp rate change,0,2025-12-20,27,pmf,decrease,0.189
2025-12-20,wk flu hosp rate change,0,2025-12-20,27,pmf,increase,0.27
2025-12-20,wk flu hosp rate change,0,2025-12-20,27,pmf,large_decrease,0.101
2025-12-20,wk flu hosp rate change,0,2025-12-20,27,pmf,large_increase,0.308
2025-12-20,wk flu hosp rate change,0,2025-12-20,27,pmf,stable,0.132
2025-12-20,wk flu hosp rate change,0,2025-12-20,28,pmf,decrease,0.17982017982017978
2025-12-20,wk flu hosp rate change,0,2025-12-20,28,pmf,increase,0.3656343656343656
2025-12-20,wk flu hosp rate change,0,2025-12-20,28,pmf,large_decrease,0.004995004995004994
2025-12-20,wk flu hosp rate change,0,2025-12-20,28,pmf,large_increase,0.18781218781218778
2025-12-20,wk flu hosp rate change,0,2025-12-20,28,pmf,stable,0.2617382617382617
2025-12-20,wk flu hosp rate change,0,2025-12-20,30,pmf,decrease,0.204
2025-12-20,wk flu hosp rate change,0,2025-12-20,30,pmf,increase,0.42
2025-12-20,wk flu hosp rate change,0,2025-12-20,30,pmf,large_decrease,0.001
2025-12-20,wk flu hosp rate change,0,2025-12-20,30,pmf,large_increase,0.164
2025-12-20,wk flu hosp rate change,0,2025-12-20,30,pmf,stable,0.211
2025-12-20,wk flu hosp rate change,0,2025-12-20,31,pmf,decrease,0.228
2025-12-20,wk flu hosp rate change,0,2025-12-20,31,pmf,increase,0.331
2025-12-20,wk flu hosp rate change,0,2025-12-20,31,pmf,large_decrease,0.001
2025-12-20,wk flu hosp rate change,0,2025-12-20,31,pmf,large_increase,0.031
2025-12-20,wk flu hosp rate change,0,2025-12-20,31,pmf,stable,0.40899999999999986
2025-12-20,wk flu hosp rate change,0,2025-12-20,32,pmf,decrease,0.2
2025-12-20,wk flu hosp rate change,0,2025-12-20,32,pmf,increase,0.431
2025-12-20,wk flu hosp rate change,0,2025-12-20,32,pmf,large_decrease,0.001
2025-12-20,wk flu hosp rate change,0,2025-12-20,32,pmf,large_increase,0.091
2025-12-20,wk flu hosp rate change,0,2025-12-20,32,pmf,stable,0.277
2025-12-20,wk flu hosp rate change,0,2025-12-20,33,pmf,decrease,0.198
2025-12-20,wk flu hosp rate change,0,2025-12-20,33,pmf,increase,0.426
2025-12-20,wk flu hosp rate change,0,2025-12-20,33,pmf,large_decrease,0.001
2025-12-20,wk flu hosp rate change,0,2025-12-20,33,pmf,large_increase,0.106
2025-12-20,wk flu hosp rate change,0,2025-12-20,33,pmf,stable,0.269
2025-12-20,wk flu hosp rate change,0,2025-12-20,34,pmf,decrease,0.2
2025-12-20,wk flu hosp rate change,0,2025-12-20,34,pmf,increase,0.283
2025-12-20,wk flu hosp rate change,0,2025-12-20,34,pmf,large_decrease,0.056
2025-12-20,wk flu hosp rate change,0,2025-12-20,34,pmf,large_increase,0.313
2025-12-20,wk flu hosp rate change,0,2025-12-20,34,pmf,stable,0.148
2025-12-20,wk flu hosp rate change,0,2025-12-20,35,pmf,decrease,0.192
2025-12-20,wk flu hosp rate change,0,2025-12-20,35,pmf,increase,0.39
2025-12-20,wk flu hosp rate change,0,2025-12-20,35,pmf,large_decrease,0.003
2025-12-20,wk flu hosp rate change,0,2025-12-20,35,pmf,large_increase,0.205
2025-12-20,wk flu hosp rate change,0,2025-12-20,35,pmf,stable,0.21
2025-12-20,wk flu hosp rate change,0,2025-12-20,36,pmf,decrease,0.211
2025-12-20,wk flu hosp rate change,0,2025-12-20,36,pmf,increase,0.313
2025-12-20,wk flu hosp rate change,0,2025-12-20,36,pmf,large_decrease,0.046
2025-12-20,wk flu hosp rate change,0,2025-12-20,36,pmf,large_increase,0.289
2025-12-20,wk flu hosp rate change,0,2025-12-20,36,pmf,stable,0.141
2025-12-20,wk flu hosp rate change,0,2025-12-20,37,pmf,decrease,0.215
2025-12-20,wk flu hosp rate change,0,2025-12-20,37,pmf,increase,0.249
2025-12-20,wk flu hosp rate change,0,2025-12-20,37,pmf,large_decrease,0.067
2025-12-20,wk flu hosp rate change,0,2025-12-20,37,pmf,large_increase,0.341
2025-12-20,wk flu hosp rate change,0,2025-12-20,37,pmf,stable,0.1280000000000001
2025-12-20,wk flu hosp rate change,0,2025-12-20,38,pmf,decrease,0.262
2025-12-20,wk flu hosp rate change,0,2025-12-20,38,pmf,increase,0.363
2025-12-20,wk flu hosp rate change,0,2025-12-20,38,pmf,large_decrease,0.009
2025-12-20,wk flu hosp rate change,0,2025-12-20,38,pmf,large_increase,0.108
2025-12-20,wk flu hosp rate change,0,2025-12-20,38,pmf,stable,0.258
2025-12-20,wk flu hosp rate change,0,2025-12-20,39,pmf,decrease,0.199
2025-12-20,wk flu hosp rate change,0,2025-12-20,39,pmf,increase,0.42
2025-12-20,wk flu hosp rate change,0,2025-12-20,39,pmf,large_decrease,0.001
2025-12-20,wk flu hosp rate change,0,2025-12-20,39,pmf,large_increase,0.137
2025-12-20,wk flu hosp rate change,0,2025-12-20,39,pmf,stable,0.243
2025-12-20,wk flu hosp rate change,0,2025-12-20,40,pmf,decrease,0.084
2025-12-20,wk flu hosp rate change,0,2025-12-20,40,pmf,increase,0.45
2025-12-20,wk flu hosp rate change,0,2025-12-20,40,pmf,large_decrease,0.001
2025-12-20,wk flu hosp rate change,0,2025-12-20,40,pmf,large_increase,0.051
2025-12-20,wk flu hosp rate change,0,2025-12-20,40,pmf,stable,0.414
2025-12-20,wk flu hosp rate change,0,2025-12-20,41,pmf,decrease,0.101
2025-12-20,wk flu hosp rate change,0,2025-12-20,41,pmf,increase,0.414
2025-12-20,wk flu hosp rate change,0,2025-12-20,41,pmf,large_decrease,0.001
2025-12-20,wk flu hosp rate change,0,2025-12-20,41,pmf,large_increase,0.079
2025-12-20,wk flu hosp rate change,0,2025-12-20,41,pmf,stable,0.405
2025-12-20,wk flu hosp rate change,0,2025-12-20,42,pmf,decrease,0.146
2025-12-20,wk flu hosp rate change,0,2025-12-20,42,pmf,increase,0.456
2025-12-20,wk flu hosp rate change,0,2025-12-20,42,pmf,large_decrease,0.001
2025-12-20,wk flu hosp rate change,0,2025-12-20,42,pmf,large_increase,0.146
2025-12-20,wk flu hosp rate change,0,2025-12-20,42,pmf,stable,0.251
2025-12-20,wk flu hosp rate change,0,2025-12-20,44,pmf,decrease,0.18
2025-12-20,wk flu hosp rate change,0,2025-12-20,44,pmf,increase,0.445
2025-12-20,wk flu hosp rate change,0,2025-12-20,44,pmf,large_decrease,0.014
2025-12-20,wk flu hosp rate change,0,2025-12-20,44,pmf,large_increase,0.138
2025-12-20,wk flu hosp rate change,0,2025-12-20,44,pmf,stable,0.223
2025-12-20,wk flu hosp rate change,0,2025-12-20,45,pmf,decrease,0.193
2025-12-20,wk flu hosp rate change,0,2025-12-20,45,pmf,increase,0.39
2025-12-20,wk flu hosp rate change,0,2025-12-20,45,pmf,large_decrease,0.012
2025-12-20,wk flu hosp rate change,0,2025-12-20,45,pmf,large_increase,0.218
2025-12-20,wk flu hosp rate change,0,2025-12-20,45,pmf,stable,0.187
2025-12-20,wk flu hosp rate change,0,2025-12-20,46,pmf,decrease,0.179
2025-12-20,wk flu hosp rate change,0,2025-12-20,46,pmf,increase,0.26
2025-12-20,wk flu hosp rate change,0,2025-12-20,46,pmf,large_decrease,0.001
2025-12-20,wk flu hosp rate change,0,2025-12-20,46,pmf,large_increase,0.029
2025-12-20,wk flu hosp rate change,0,2025-12-20,46,pmf,stable,0.531
2025-12-20,wk flu hosp rate change,0,2025-12-20,47,pmf,decrease,0.161
2025-12-20,wk flu hosp rate change,0,2025-12-20,47,pmf,increase,0.456
2025-12-20,wk flu hosp rate change,0,2025-12-20,47,pmf,large_decrease,0.001
2025-12-20,wk flu hosp rate change,0,2025-12-20,47,pmf,large_increase,0.153
2025-12-20,wk flu hosp rate change,0,2025-12-20,47,pmf,stable,0.229
2025-12-20,wk flu hosp rate change,0,2025-12-20,48,pmf,decrease,0.2077922077922078
2025-12-20,wk flu hosp rate change,0,2025-12-20,48,pmf,increase,0.24875124875124877
2025-12-20,wk flu hosp rate change,0,2025-12-20,48,pmf,large_decrease,0.10689310689310691
2025-12-20,wk flu hosp rate change,0,2025-12-20,48,pmf,large_increase,0.3026973026973027
2025-12-20,wk flu hosp rate change,0,2025-12-20,48,pmf,stable,0.13386613386613389
2025-12-20,wk flu hosp rate change,0,2025-12-20,49,pmf,decrease,0.168
2025-12-20,wk flu hosp rate change,0,2025-12-20,49,pmf,increase,0.347
2025-12-20,wk flu hosp rate change,0,2025-12-20,49,pmf,large_decrease,0.017
2025-12-20,wk flu hosp rate change,0,2025-12-20,49,pmf,large_increase,0.3
2025-12-20,wk flu hosp rate change,0,2025-12-20,49,pmf,stable,0.168
2025-12-20,wk flu hosp rate change,0,2025-12-20,50,pmf,decrease,0.255
2025-12-20,wk flu hosp rate change,0,2025-12-20,50,pmf,increase,0.443
2025-12-20,wk flu hosp rate change,0,2025-12-20,50,pmf,large_decrease,0.001
2025-12-20,wk flu hosp rate change,0,2025-12-20,50,pmf,large_increase,0.08
2025-12-20,wk flu hosp rate change,0,2025-12-20,50,pmf,stable,0.2210000000000001
2025-12-20,wk flu hosp rate change,0,2025-12-20,51,pmf,decrease,0.13686313686313686
2025-12-20,wk flu hosp rate change,0,2025-12-20,51,pmf,increase,0.4205794205794205
2025-12-20,wk flu hosp rate change,0,2025-12-20,51,pmf,large_decrease,0.007992007992007992
2025-12-20,wk flu hosp rate change,0,2025-12-20,51,pmf,large_increase,0.25574425574425574
2025-12-20,wk flu hosp rate change,0,2025-12-20,51,pmf,stable,0.1788211788211788
2025-12-20,wk flu hosp rate change,0,2025-12-20,53,pmf,decrease,0.133
2025-12-20,wk flu hosp rate change,0,2025-12-20,53,pmf,increase,0.455
2025-12-20,wk flu hosp rate change,0,2025-12-20,53,pmf,large_decrease,0.001
2025-12-20,wk flu hosp rate change,0,2025-12-20,53,pmf,large_increase,0.114
2025-12-20,wk flu hosp rate change,0,2025-12-20,53,pmf,stable,0.297
2025-12-20,wk flu hosp rate change,0,2025-12-20,54,pmf,decrease,0.142
2025-12-20,wk flu hosp rate change,0,2025-12-20,54,pmf,increase,0.476
2025-12-20,wk flu hosp rate change,0,2025-12-20,54,pmf,large_decrease,0.001
2025-12-20,wk flu hosp rate change,0,2025-12-20,54,pmf,large_increase,0.088
2025-12-20,wk flu hosp rate change,0,2025-12-20,54,pmf,stable,0.2930000000000001
2025-12-20,wk flu hosp rate change,0,2025-12-20,55,pmf,decrease,0.23476523476523478
2025-12-20,wk flu hosp rate change,0,2025-12-20,55,pmf,increase,0.3946053946053947
2025-12-20,wk flu hosp rate change,0,2025-12-20,55,pmf,large_decrease,0.006993006993006994
2025-12-20,wk flu hosp rate change,0,2025-12-20,55,pmf,large_increase,0.1158841158841159
2025-12-20,wk flu hosp rate change,0,2025-12-20,55,pmf,stable,0.24775224775224777
2025-12-20,wk flu hosp rate change,0,2025-12-20,56,pmf,decrease,0.001
2025-12-20,wk flu hosp rate change,0,2025-12-20,56,pmf,increase,0.033
2025-12-20,wk flu hosp rate change,0,2025-12-20,56,pmf,large_decrease,0.001
2025-12-20,wk flu hosp rate change,0,2025-12-20,56,pmf,large_increase,0.008
2025-12-20,wk flu hosp rate change,0,2025-12-20,56,pmf,stable,0.957
2025-12-20,wk flu hosp rate change,0,2025-12-20,US,pmf,decrease,0.156
2025-12-20,wk flu hosp rate change,0,2025-12-20,US,pmf,increase,0.403
2025-12-20,wk flu hosp rate change,0,2025-12-20,US,pmf,large_decrease,0.011
2025-12-20,wk flu hosp rate change,0,2025-12-20,US,pmf,large_increase,0.214
2025-12-20,wk flu hosp rate change,0,2025-12-20,US,pmf,stable,0.216
2025-12-20,wk flu hosp rate change,1,2025-12-27,01,pmf,decrease,0.264
2025-12-20,wk flu hosp rate change,1,2025-12-27,01,pmf,increase,0.315
2025-12-20,wk flu hosp rate change,1,2025-12-27,01,pmf,large_decrease,0.001
2025-12-20,wk flu hosp rate change,1,2025-12-27,01,pmf,large_increase,0.224
2025-12-20,wk flu hosp rate change,1,2025-12-27,01,pmf,stable,0.196
2025-12-20,wk flu hosp rate change,1,2025-12-27,02,pmf,decrease,0.282
2025-12-20,wk flu hosp rate change,1,2025-12-27,02,pmf,increase,0.378
2025-12-20,wk flu hosp rate change,1,2025-12-27,02,pmf,large_decrease,0.001
2025-12-20,wk flu hosp rate change,1,2025-12-27,02,pmf,large_increase,0.161
2025-12-20,wk flu hosp rate change,1,2025-12-27,02,pmf,stable,0.1780000000000001
2025-12-20,wk flu hosp rate change,1,2025-12-27,04,pmf,decrease,0.032
2025-12-20,wk flu hosp rate change,1,2025-12-27,04,pmf,increase,0.527
2025-12-20,wk flu hosp rate change,1,2025-12-27,04,pmf,large_decrease,0.001
2025-12-20,wk flu hosp rate change,1,2025-12-27,04,pmf,large_increase,0.07
2025-12-20,wk flu hosp rate change,1,2025-12-27,04,pmf,stable,0.37
2025-12-20,wk flu hosp rate change,1,2025-12-27,05,pmf,decrease,0.16283716283716287
2025-12-20,wk flu hosp rate change,1,2025-12-27,05,pmf,increase,0.4535464535464536
2025-12-20,wk flu hosp rate change,1,2025-12-27,05,pmf,large_decrease,0.0009990009990009992
2025-12-20,wk flu hosp rate change,1,2025-12-27,05,pmf,large_increase,0.09990009990009992
2025-12-20,wk flu hosp rate change,1,2025-12-27,05,pmf,stable,0.28271728271728275
2025-12-20,wk flu hosp rate change,1,2025-12-27,06,pmf,decrease,0.011
2025-12-20,wk flu hosp rate change,1,2025-12-27,06,pmf,increase,0.499
2025-12-20,wk flu hosp rate change,1,2025-12-27,06,pmf,large_decrease,0.001
2025-12-20,wk flu hosp rate change,1,2025-12-27,06,pmf,large_increase,0.047
2025-12-20,wk flu hosp rate change,1,2025-12-27,06,pmf,stable,0.442
2025-12-20,wk flu hosp rate change,1,2025-12-27,08,pmf,decrease,0.195
2025-12-20,wk flu hosp rate change,1,2025-12-27,08,pmf,increase,0.474
2025-12-20,wk flu hosp rate change,1,2025-12-27,08,pmf,large_decrease,0.003
2025-12-20,wk flu hosp rate change,1,2025-12-27,08,pmf,large_increase,0.152
2025-12-20,wk flu hosp rate change,1,2025-12-27,08,pmf,stable,0.176
2025-12-20,wk flu hosp rate change,1,2025-12-27,09,pmf,decrease,0.225
2025-12-20,wk flu hosp rate change,1,2025-12-27,09,pmf,increase,0.433
2025-12-20,wk flu hosp rate change,1,2025-12-27,09,pmf,large_decrease,0.013
2025-12-20,wk flu hosp rate change,1,2025-12-27,09,pmf,large_increase,0.142
2025-12-20,wk flu hosp rate change,1,2025-12-27,09,pmf,stable,0.187
2025-12-20,wk flu hosp rate change,1,2025-12-27,10,pmf,decrease,0.1
2025-12-20,wk flu hosp rate change,1,2025-12-27,10,pmf,increase,0.525
2025-12-20,wk flu hosp rate change,1,2025-12-27,10,pmf,large_decrease,0.001
2025-12-20,wk flu hosp rate change,1,2025-12-27,10,pmf,large_increase,0.207
2025-12-20,wk flu hosp rate change,1,2025-12-27,10,pmf,stable,0.167
2025-12-20,wk flu hosp rate change,1,2025-12-27,11,pmf,decrease,0.231
2025-12-20,wk flu hosp rate change,1,2025-12-27,11,pmf,increase,0.446
2025-12-20,wk flu hosp rate change,1,2025-12-27,11,pmf,large_decrease,0.004
2025-12-20,wk flu hosp rate change,1,2025-12-27,11,pmf,large_increase,0.104
2025-12-20,wk flu hosp rate change,1,2025-12-27,11,pmf,stable,0.215
2025-12-20,wk flu hosp rate change,1,2025-12-27,12,pmf,decrease,0.112
2025-12-20,wk flu hosp rate change,1,2025-12-27,12,pmf,increase,0.487
2025-12-20,wk flu hosp rate change,1,2025-12-27,12,pmf,large_decrease,0.001
2025-12-20,wk flu hosp rate change,1,2025-12-27,12,pmf,large_increase,0.127
2025-12-20,wk flu hosp rate change,1,2025-12-27,12,pmf,stable,0.273
2025-12-20,wk flu hosp rate change,1,2025-12-27,13,pmf,decrease,0.226
2025-12-20,wk flu hosp rate change,1,2025-12-27,13,pmf,increase,0.459
2025-12-20,wk flu hosp rate change,1,2025-12-27,13,pmf,large_decrease,0.001
2025-12-20,wk flu hosp rate change,1,2025-12-27,13,pmf,large_increase,0.123
2025-12-20,wk flu hosp rate change,1,2025-12-27,13,pmf,stable,0.191
2025-12-20,wk flu hosp rate change,1,2025-12-27,15,pmf,decrease,0.20299999999999996
2025-12-20,wk flu hosp rate change,1,2025-12-27,15,pmf,increase,0.30699999999999994
2025-12-20,wk flu hosp rate change,1,2025-12-27,15,pmf,large_decrease,0.05799999999999999
2025-12-20,wk flu hosp rate change,1,2025-12-27,15,pmf,large_increase,0.32599999999999996
2025-12-20,wk flu hosp rate change,1,2025-12-27,15,pmf,stable,0.10599999999999997
2025-12-20,wk flu hosp rate change,1,2025-12-27,16,pmf,decrease,0.18
2025-12-20,wk flu hosp rate change,1,2025-12-27,16,pmf,increase,0.504
2025-12-20,wk flu hosp rate change,1,2025-12-27,16,pmf,large_decrease,0.001
2025-12-20,wk flu hosp rate change,1,2025-12-27,16,pmf,large_increase,0.124
2025-12-20,wk flu hosp rate change,1,2025-12-27,16,pmf,stable,0.19100000000000011
2025-12-20,wk flu hosp rate change,1,2025-12-27,17,pmf,decrease,0.189
2025-12-20,wk flu hosp rate change,1,2025-12-27,17,pmf,increase,0.437
2025-12-20,wk flu hosp rate change,1,2025-12-27,17,pmf,large_decrease,0.001
2025-12-20,wk flu hosp rate change,1,2025-12-27,17,pmf,large_increase,0.164
2025-12-20,wk flu hosp rate change,1,2025-12-27,17,pmf,stable,0.209
2025-12-20,wk flu hosp rate change,1,2025-12-27,18,pmf,decrease,0.273
2025-12-20,wk flu hosp rate change,1,2025-12-27,18,pmf,increase,0.301
2025-12-20,wk flu hosp rate change,1,2025-12-27,18,pmf,large_decrease,0.002
2025-12-20,wk flu hosp rate change,1,2025-12-27,18,pmf,large_increase,0.213
2025-12-20,wk flu hosp rate change,1,2025-12-27,18,pmf,stable,0.211
2025-12-20,wk flu hosp rate change,1,2025-12-27,19,pmf,decrease,0.124
2025-12-20,wk flu hosp rate change,1,2025-12-27,19,pmf,increase,0.409
2025-12-20,wk flu hosp rate change,1,2025-12-27,19,pmf,large_decrease,0.001
2025-12-20,wk flu hosp rate change,1,2025-12-27,19,pmf,large_increase,0.046
2025-12-20,wk flu hosp rate change,1,2025-12-27,19,pmf,stable,0.42
2025-12-20,wk flu hosp rate change,1,2025-12-27,20,pmf,decrease,0.135
2025-12-20,wk flu hosp rate change,1,2025-12-27,20,pmf,increase,0.445
2025-12-20,wk flu hosp rate change,1,2025-12-27,20,pmf,large_decrease,0.002
2025-12-20,wk flu hosp rate change,1,2025-12-27,20,pmf,large_increase,0.061
2025-12-20,wk flu hosp rate change,1,2025-12-27,20,pmf,stable,0.357
2025-12-20,wk flu hosp rate change,1,2025-12-27,21,pmf,decrease,0.155
2025-12-20,wk flu hosp rate change,1,2025-12-27,21,pmf,increase,0.462
2025-12-20,wk flu hosp rate change,1,2025-12-27,21,pmf,large_decrease,0.001
2025-12-20,wk flu hosp rate change,1,2025-12-27,21,pmf,large_increase,0.158
2025-12-20,wk flu hosp rate change,1,2025-12-27,21,pmf,stable,0.224
2025-12-20,wk flu hosp rate change,1,2025-12-27,22,pmf,decrease,0.16983016983016985
2025-12-20,wk flu hosp rate change,1,2025-12-27,22,pmf,increase,0.4205794205794206
2025-12-20,wk flu hosp rate change,1,2025-12-27,22,pmf,large_decrease,0.01098901098901099
2025-12-20,wk flu hosp rate change,1,2025-12-27,22,pmf,large_increase,0.19680319680319683
2025-12-20,wk flu hosp rate change,1,2025-12-27,22,pmf,stable,0.20179820179820182
2025-12-20,wk flu hosp rate change,1,2025-12-27,23,pmf,decrease,0.242
2025-12-20,wk flu hosp rate change,1,2025-12-27,23,pmf,increase,0.351
2025-12-20,wk flu hosp rate change,1,2025-12-27,23,pmf,large_decrease,0.001
2025-12-20,wk flu hosp rate change,1,2025-12-27,23,pmf,large_increase,0.021
2025-12-20,wk flu hosp rate change,1,2025-12-27,23,pmf,stable,0.385
2025-12-20,wk flu hosp rate change,1,2025-12-27,24,pmf,decrease,0.16
2025-12-20,wk flu hosp rate change,1,2025-12-27,24,pmf,increase,0.479
2025-12-20,wk flu hosp rate change,1,2025-12-27,24,pmf,large_decrease,0.005
2025-12-20,wk flu hosp rate change,1,2025-12-27,24,pmf,large_increase,0.194
2025-12-20,wk flu hosp rate change,1,2025-12-27,24,pmf,stable,0.162
2025-12-20,wk flu hosp rate change,1,2025-12-27,25,pmf,decrease,0.111
2025-12-20,wk flu hosp rate change,1,2025-12-27,25,pmf,increase,0.573
2025-12-20,wk flu hosp rate change,1,2025-12-27,25,pmf,large_decrease,0.001
2025-12-20,wk flu hosp rate change,1,2025-12-27,25,pmf,large_increase,0.129
2025-12-20,wk flu hosp rate change,1,2025-12-27,25,pmf,stable,0.1860000000000001
2025-12-20,wk flu hosp rate change,1,2025-12-27,26,pmf,decrease,0.194
2025-12-20,wk flu hosp rate change,1,2025-12-27,26,pmf,increase,0.508
2025-12-20,wk flu hosp rate change,1,2025-12-27,26,pmf,large_decrease,0.001
2025-12-20,wk flu hosp rate change,1,2025-12-27,26,pmf,large_increase,0.086
2025-12-20,wk flu hosp rate change,1,2025-12-27,26,pmf,stable,0.2110000000000001
2025-12-20,wk flu hosp rate change,1,2025-12-27,27,pmf,decrease,0.2
2025-12-20,wk flu hosp rate change,1,2025-12-27,27,pmf,increase,0.333
2025-12-20,wk flu hosp rate change,1,2025-12-27,27,pmf,large_decrease,0.025
2025-12-20,wk flu hosp rate change,1,2025-12-27,27,pmf,large_increase,0.309
2025-12-20,wk flu hosp rate change,1,2025-12-27,27,pmf,stable,0.133
2025-12-20,wk flu hosp rate change,1,2025-12-27,28,pmf,decrease,0.314
2025-12-20,wk flu hosp rate change,1,2025-12-27,28,pmf,increase,0.225
2025-12-20,wk flu hosp rate change,1,2025-12-27,28,pmf,large_decrease,0.002
2025-12-20,wk flu hosp rate change,1,2025-12-27,28,pmf,large_increase,0.248
2025-12-20,wk flu hosp rate change,1,2025-12-27,28,pmf,stable,0.211
2025-12-20,wk flu hosp rate change,1,2025-12-27,30,pmf,decrease,0.112
2025-12-20,wk flu hosp rate change,1,2025-12-27,30,pmf,increase,0.537
2025-12-20,wk flu hosp rate change,1,2025-12-27,30,pmf,large_decrease,0.001
2025-12-20,wk flu hosp rate change,1,2025-12-27,30,pmf,large_increase,0.122
2025-12-20,wk flu hosp rate change,1,2025-12-27,30,pmf,stable,0.228
2025-12-20,wk flu hosp rate change,1,2025-12-27,31,pmf,decrease,0.073
2025-12-20,wk flu hosp rate change,1,2025-12-27,31,pmf,increase,0.441
2025-12-20,wk flu hosp rate change,1,2025-12-27,31,pmf,large_decrease,0.001
2025-12-20,wk flu hosp rate change,1,2025-12-27,31,pmf,large_increase,0.041
2025-12-20,wk flu hosp rate change,1,2025-12-27,31,pmf,stable,0.4439999999999999
2025-12-20,wk flu hosp rate change,1,2025-12-27,32,pmf,decrease,0.168
2025-12-20,wk flu hosp rate change,1,2025-12-27,32,pmf,increase,0.503
2025-12-20,wk flu hosp rate change,1,2025-12-27,32,pmf,large_decrease,0.001
2025-12-20,wk flu hosp rate change,1,2025-12-27,32,pmf,large_increase,0.049
2025-12-20,wk flu hosp rate change,1,2025-12-27,32,pmf,stable,0.279
2025-12-20,wk flu hosp rate change,1,2025-12-27,33,pmf,decrease,0.092
2025-12-20,wk flu hosp rate change,1,2025-12-27,33,pmf,increase,0.566
2025-12-20,wk flu hosp rate change,1,2025-12-27,33,pmf,large_decrease,0.001
2025-12-20,wk flu hosp rate change,1,2025-12-27,33,pmf,large_increase,0.081
2025-12-20,wk flu hosp rate change,1,2025-12-27,33,pmf,stable,0.2600000000000001
2025-12-20,wk flu hosp rate change,1,2025-12-27,34,pmf,decrease,0.163
2025-12-20,wk flu hosp rate change,1,2025-12-27,34,pmf,increase,0.418
2025-12-20,wk flu hosp rate change,1,2025-12-27,34,pmf,large_decrease,0.017
2025-12-20,wk flu hosp rate change,1,2025-12-27,34,pmf,large_increase,0.245
2025-12-20,wk flu hosp rate change,1,2025-12-27,34,pmf,stable,0.157
2025-12-20,wk flu hosp rate change,1,2025-12-27,35,pmf,decrease,0.234
2025-12-20,wk flu hosp rate change,1,2025-12-27,35,pmf,increase,0.432
2025-12-20,wk flu hosp rate change,1,2025-12-27,35,pmf,large_decrease,0.001
2025-12-20,wk flu hosp rate change,1,2025-12-27,35,pmf,large_increase,0.149
2025-12-20,wk flu hosp rate change,1,2025-12-27,35,pmf,stable,0.184
2025-12-20,wk flu hosp rate change,1,2025-12-27,36,pmf,decrease,0.19
2025-12-20,wk flu hosp rate change,1,2025-12-27,36,pmf,increase,0.393
2025-12-20,wk flu hosp rate change,1,2025-12-27,36,pmf,large_decrease,0.005
2025-12-20,wk flu hosp rate change,1,2025-12-27,36,pmf,large_increase,0.279
2025-12-20,wk flu hosp rate change,1,2025-12-27,36,pmf,stable,0.133
2025-12-20,wk flu hosp rate change,1,2025-12-27,37,pmf,decrease,0.219
2025-12-20,wk flu hosp rate change,1,2025-12-27,37,pmf,increase,0.352
2025-12-20,wk flu hosp rate change,1,2025-12-27,37,pmf,large_decrease,0.029
2025-12-20,wk flu hosp rate change,1,2025-12-27,37,pmf,large_increase,0.227
2025-12-20,wk flu hosp rate change,1,2025-12-27,37,pmf,stable,0.173
2025-12-20,wk flu hosp rate change,1,2025-12-27,38,pmf,decrease,0.25
2025-12-20,wk flu hosp rate change,1,2025-12-27,38,pmf,increase,0.406
2025-12-20,wk flu hosp rate change,1,2025-12-27,38,pmf,large_decrease,0.001
2025-12-20,wk flu hosp rate change,1,2025-12-27,38,pmf,large_increase,0.133
2025-12-20,wk flu hosp rate change,1,2025-12-27,38,pmf,stable,0.21
2025-12-20,wk flu hosp rate change,1,2025-12-27,39,pmf,decrease,0.167
2025-12-20,wk flu hosp rate change,1,2025-12-27,39,pmf,increase,0.542
2025-12-20,wk flu hosp rate change,1,2025-12-27,39,pmf,large_decrease,0.001
2025-12-20,wk flu hosp rate change,1,2025-12-27,39,pmf,large_increase,0.079
2025-12-20,wk flu hosp rate change,1,2025-12-27,39,pmf,stable,0.211
2025-12-20,wk flu hosp rate change,1,2025-12-27,40,pmf,decrease,0.016983016983016984
2025-12-20,wk flu hosp rate change,1,2025-12-27,40,pmf,increase,0.47852147852147847
2025-12-20,wk flu hosp rate change,1,2025-12-27,40,pmf,large_decrease,0.001998001998001998
2025-12-20,wk flu hosp rate change,1,2025-12-27,40,pmf,large_increase,0.04195804195804195
2025-12-20,wk flu hosp rate change,1,2025-12-27,40,pmf,stable,0.4605394605394605
2025-12-20,wk flu hosp rate change,1,2025-12-27,41,pmf,decrease,0.022
2025-12-20,wk flu hosp rate change,1,2025-12-27,41,pmf,increase,0.488
2025-12-20,wk flu hosp rate change,1,2025-12-27,41,pmf,large_decrease,0.001
2025-12-20,wk flu hosp rate change,1,2025-12-27,41,pmf,large_increase,0.066
2025-12-20,wk flu hosp rate change,1,2025-12-27,41,pmf,stable,0.423
2025-12-20,wk flu hosp rate change,1,2025-12-27,42,pmf,decrease,0.177
2025-12-20,wk flu hosp rate change,1,2025-12-27,42,pmf,increase,0.445
2025-12-20,wk flu hosp rate change,1,2025-12-27,42,pmf,large_decrease,0.001
2025-12-20,wk flu hosp rate change,1,2025-12-27,42,pmf,large_increase,0.161
2025-12-20,wk flu hosp rate change,1,2025-12-27,42,pmf,stable,0.216
2025-12-20,wk flu hosp rate change,1,2025-12-27,44,pmf,decrease,0.126
2025-12-20,wk flu hosp rate change,1,2025-12-27,44,pmf,increase,0.55
2025-12-20,wk flu hosp rate change,1,2025-12-27,44,pmf,large_decrease,0.001
2025-12-20,wk flu hosp rate change,1,2025-12-27,44,pmf,large_increase,0.133
2025-12-20,wk flu hosp rate change,1,2025-12-27,44,pmf,stable,0.1899999999999999
2025-12-20,wk flu hosp rate change,1,2025-12-27,45,pmf,decrease,0.209
2025-12-20,wk flu hosp rate change,1,2025-12-27,45,pmf,increase,0.468
2025-12-20,wk flu hosp rate change,1,2025-12-27,45,pmf,large_decrease,0.001
2025-12-20,wk flu hosp rate change,1,2025-12-27,45,pmf,large_increase,0.133
2025-12-20,wk flu hosp rate change,1,2025-12-27,45,pmf,stable,0.189
2025-12-20,wk flu hosp rate change,1,2025-12-27,46,pmf,decrease,0.015
2025-12-20,wk flu hosp rate change,1,2025-12-27,46,pmf,increase,0.366
2025-12-20,wk flu hosp rate change,1,2025-12-27,46,pmf,large_decrease,0.001
2025-12-20,wk flu hosp rate change,1,2025-12-27,46,pmf,large_increase,0.025
2025-12-20,wk flu hosp rate change,1,2025-12-27,46,pmf,stable,0.593
2025-12-20,wk flu hosp rate change,1,2025-12-27,47,pmf,decrease,0.104
2025-12-20,wk flu hosp rate change,1,2025-12-27,47,pmf,increase,0.538
2025-12-20,wk flu hosp rate change,1,2025-12-27,47,pmf,large_decrease,0.001
2025-12-20,wk flu hosp rate change,1,2025-12-27,47,pmf,large_increase,0.127
2025-12-20,wk flu hosp rate change,1,2025-12-27,47,pmf,stable,0.23
2025-12-20,wk flu hosp rate change,1,2025-12-27,48,pmf,decrease,0.221
2025-12-20,wk flu hosp rate change,1,2025-12-27,48,pmf,increase,0.322
2025-12-20,wk flu hosp rate change,1,2025-12-27,48,pmf,large_decrease,0.013
2025-12-20,wk flu hosp rate change,1,2025-12-27,48,pmf,large_increase,0.245
2025-12-20,wk flu hosp rate change,1,2025-12-27,48,pmf,stable,0.199
2025-12-20,wk flu hosp rate change,1,2025-12-27,49,pmf,decrease,0.15584415584415587
2025-12-20,wk flu hosp rate change,1,2025-12-27,49,pmf,increase,0.4415584415584416
2025-12-20,wk flu hosp rate change,1,2025-12-27,49,pmf,large_decrease,0.0009990009990009992
2025-12-20,wk flu hosp rate change,1,2025-12-27,49,pmf,large_increase,0.2457542457542458
2025-12-20,wk flu hosp rate change,1,2025-12-27,49,pmf,stable,0.15584415584415587
2025-12-20,wk flu hosp rate change,1,2025-12-27,50,pmf,decrease,0.14985014985014986
2025-12-20,wk flu hosp rate change,1,2025-12-27,50,pmf,increase,0.47052947052947053
2025-12-20,wk flu hosp rate change,1,2025-12-27,50,pmf,large_decrease,0.0009990009990009992
2025-12-20,wk flu hosp rate change,1,2025-12-27,50,pmf,large_increase,0.09390609390609392
2025-12-20,wk flu hosp rate change,1,2025-12-27,50,pmf,stable,0.28471528471528473
2025-12-20,wk flu hosp rate change,1,2025-12-27,51,pmf,decrease,0.141
2025-12-20,wk flu hosp rate change,1,2025-12-27,51,pmf,increase,0.532
2025-12-20,wk flu hosp rate change,1,2025-12-27,51,pmf,large_decrease,0.001
2025-12-20,wk flu hosp rate change,1,2025-12-27,51,pmf,large_increase,0.17
2025-12-20,wk flu hosp rate change,1,2025-12-27,51,pmf,stable,0.156
2025-12-20,wk flu hosp rate change,1,2025-12-27,53,pmf,decrease,0.106
2025-12-20,wk flu hosp rate change,1,2025-12-27,53,pmf,increase,0.518
2025-12-20,wk flu hosp rate change,1,2025-12-27,53,pmf,large_decrease,0.001
2025-12-20,wk flu hosp rate change,1,2025-12-27,53,pmf,large_increase,0.084
2025-12-20,wk flu hosp rate change,1,2025-12-27,53,pmf,stable,0.291
2025-12-20,wk flu hosp rate change,1,2025-12-27,54,pmf,decrease,0.033
2025-12-20,wk flu hosp rate change,1,2025-12-27,54,pmf,increase,0.606
2025-12-20,wk flu hosp rate change,1,2025-12-27,54,pmf,large_decrease,0.001
2025-12-20,wk flu hosp rate change,1,2025-12-27,54,pmf,large_increase,0.061
2025-12-20,wk flu hosp rate change,1,2025-12-27,54,pmf,stable,0.2989999999999999
2025-12-20,wk flu hosp rate change,1,2025-12-27,55,pmf,decrease,0.264
2025-12-20,wk flu hosp rate change,1,2025-12-27,55,pmf,increase,0.363
2025-12-20,wk flu hosp rate change,1,2025-12-27,55,pmf,large_decrease,0.002
2025-12-20,wk flu hosp rate change,1,2025-12-27,55,pmf,large_increase,0.147
2025-12-20,wk flu hosp rate change,1,2025-12-27,55,pmf,stable,0.224
2025-12-20,wk flu hosp rate change,1,2025-12-27,56,pmf,decrease,0.001
2025-12-20,wk flu hosp rate change,1,2025-12-27,56,pmf,increase,0.188
2025-12-20,wk flu hosp rate change,1,2025-12-27,56,pmf,large_decrease,0.001
2025-12-20,wk flu hosp rate change,1,2025-12-27,56,pmf,large_increase,0.001
2025-12-20,wk flu hosp rate change,1,2025-12-27,56,pmf,stable,0.809
2025-12-20,wk flu hosp rate change,1,2025-12-27,US,pmf,decrease,0.151
2025-12-20,wk flu hosp rate change,1,2025-12-27,US,pmf,increase,0.527
2025-12-20,wk flu hosp rate change,1,2025-12-27,US,pmf,large_decrease,0.001
2025-12-20,wk flu hosp rate change,1,2025-12-27,US,pmf,large_increase,0.108
2025-12-20,wk flu hosp rate change,1,2025-12-27,US,pmf,stable,0.213
2025-12-20,wk flu hosp rate change,2,2026-01-03,01,pmf,decrease,0.2967032967032967
2025-12-20,wk flu hosp rate change,2,2026-01-03,01,pmf,increase,0.24375624375624377
2025-12-20,wk flu hosp rate change,2,2026-01-03,01,pmf,large_decrease,0.0019980019980019984
2025-12-20,wk flu hosp rate change,2,2026-01-03,01,pmf,large_increase,0.24375624375624377
2025-12-20,wk flu hosp rate change,2,2026-01-03,01,pmf,stable,0.21378621378621382
2025-12-20,wk flu hosp rate change,2,2026-01-03,02,pmf,decrease,0.3016983016983017
2025-12-20,wk flu hosp rate change,2,2026-01-03,02,pmf,increase,0.34565434565434566
2025-12-20,wk flu hosp rate change,2,2026-01-03,02,pmf,large_decrease,0.0019980019980019984
2025-12-20,wk flu hosp rate change,2,2026-01-03,02,pmf,large_increase,0.1158841158841159
2025-12-20,wk flu hosp rate change,2,2026-01-03,02,pmf,stable,0.23476523476523478
2025-12-20,wk flu hosp rate change,2,2026-01-03,04,pmf,decrease,0.02797202797202797
2025-12-20,wk flu hosp rate change,2,2026-01-03,04,pmf,increase,0.4105894105894105
2025-12-20,wk flu hosp rate change,2,2026-01-03,04,pmf,large_decrease,0.001998001998001998
2025-12-20,wk flu hosp rate change,2,2026-01-03,04,pmf,large_increase,0.11588411588411587
2025-12-20,wk flu hosp rate change,2,2026-01-03,04,pmf,stable,0.4435564435564435
2025-12-20,wk flu hosp rate change,2,2026-01-03,05,pmf,decrease,0.035
2025-12-20,wk flu hosp rate change,2,2026-01-03,05,pmf,increase,0.552
2025-12-20,wk flu hosp rate change,2,2026-01-03,05,pmf,large_decrease,0.001
2025-12-20,wk flu hosp rate change,2,2026-01-03,05,pmf,large_increase,0.168
2025-12-20,wk flu hosp rate change,2,2026-01-03,05,pmf,stable,0.24399999999999988
2025-12-20,wk flu hosp rate change,2,2026-01-03,06,pmf,decrease,0.0019980019980019984
2025-12-20,wk flu hosp rate change,2,2026-01-03,06,pmf,increase,0.43256743256743263
2025-12-20,wk flu hosp rate change,2,2026-01-03,06,pmf,large_decrease,0.0019980019980019984
2025-12-20,wk flu hosp rate change,2,2026-01-03,06,pmf,large_increase,0.04195804195804197
2025-12-20,wk flu hosp rate change,2,2026-01-03,06,pmf,stable,0.5214785214785216
2025-12-20,wk flu hosp rate change,2,2026-01-03,08,pmf,decrease,0.2
2025-12-20,wk flu hosp rate change,2,2026-01-03,08,pmf,increase,0.485
2025-12-20,wk flu hosp rate change,2,2026-01-03,08,pmf,large_decrease,0.001
2025-12-20,wk flu hosp rate change,2,2026-01-03,08,pmf,large_increase,0.089
2025-12-20,wk flu hosp rate change,2,2026-01-03,08,pmf,stable,0.225
2025-12-20,wk flu hosp rate change,2,2026-01-03,09,pmf,decrease,0.213
2025-12-20,wk flu hosp rate change,2,2026-01-03,09,pmf,increase,0.432
2025-12-20,wk flu hosp rate change,2,2026-01-03,09,pmf,large_decrease,0.002
2025-12-20,wk flu hosp rate change,2,2026-01-03,09,pmf,large_increase,0.099
2025-12-20,wk flu hosp rate change,2,2026-01-03,09,pmf,stable,0.254
2025-12-20,wk flu hosp rate change,2,2026-01-03,10,pmf,decrease,0.073
2025-12-20,wk flu hosp rate change,2,2026-01-03,10,pmf,increase,0.573
2025-12-20,wk flu hosp rate change,2,2026-01-03,10,pmf,large_decrease,0.001
2025-12-20,wk flu hosp rate change,2,2026-01-03,10,pmf,large_increase,0.168
2025-12-20,wk flu hosp rate change,2,2026-01-03,10,pmf,stable,0.185
2025-12-20,wk flu hosp rate change,2,2026-01-03,11,pmf,decrease,0.26773226773226777
2025-12-20,wk flu hosp rate change,2,2026-01-03,11,pmf,increase,0.4055944055944057
2025-12-20,wk flu hosp rate change,2,2026-01-03,11,pmf,large_decrease,0.0019980019980019984
2025-12-20,wk flu hosp rate change,2,2026-01-03,11,pmf,large_increase,0.06193806193806194
2025-12-20,wk flu hosp rate change,2,2026-01-03,11,pmf,stable,0.2627372627372628
2025-12-20,wk flu hosp rate change,2,2026-01-03,12,pmf,decrease,0.168
2025-12-20,wk flu hosp rate change,2,2026-01-03,12,pmf,increase,0.461
2025-12-20,wk flu hosp rate change,2,2026-01-03,12,pmf,large_decrease,0.002
2025-12-20,wk flu hosp rate change,2,2026-01-03,12,pmf,large_increase,0.077
2025-12-20,wk flu hosp rate change,2,2026-01-03,12,pmf,stable,0.292
2025-12-20,wk flu hosp rate change,2,2026-01-03,13,pmf,decrease,0.28271728271728275
2025-12-20,wk flu hosp rate change,2,2026-01-03,13,pmf,increase,0.37262737262737267
2025-12-20,wk flu hosp rate change,2,2026-01-03,13,pmf,large_decrease,0.0019980019980019984
2025-12-20,wk flu hosp rate change,2,2026-01-03,13,pmf,large_increase,0.08691308691308691
2025-12-20,wk flu hosp rate change,2,2026-01-03,13,pmf,stable,0.2557442557442558
2025-12-20,wk flu hosp rate change,2,2026-01-03,15,pmf,decrease,0.185
2025-12-20,wk flu hosp rate change,2,2026-01-03,15,pmf,increase,0.278
2025-12-20,wk flu hosp rate change,2,2026-01-03,15,pmf,large_decrease,0.029
2025-12-20,wk flu hosp rate change,2,2026-01-03,15,pmf,large_increase,0.399
2025-12-20,wk flu hosp rate change,2,2026-01-03,15,pmf,stable,0.109
2025-12-20,wk flu hosp rate change,2,2026-01-03,16,pmf,decrease,0.22677322677322675
2025-12-20,wk flu hosp rate change,2,2026-01-03,16,pmf,increase,0.4405594405594405
2025-12-20,wk flu hosp rate change,2,2026-01-03,16,pmf,large_decrease,0.001998001998001998
2025-12-20,wk flu hosp rate change,2,2026-01-03,16,pmf,large_increase,0.09990009990009989
2025-12-20,wk flu hosp rate change,2,2026-01-03,16,pmf,stable,0.23076923076923075
2025-12-20,wk flu hosp rate change,2,2026-01-03,17,pmf,decrease,0.2147852147852148
2025-12-20,wk flu hosp rate change,2,2026-01-03,17,pmf,increase,0.36963036963036966
2025-12-20,wk flu hosp rate change,2,2026-01-03,17,pmf,large_decrease,0.0019980019980019984
2025-12-20,wk flu hosp rate change,2,2026-01-03,17,pmf,large_increase,0.18181818181818182
2025-12-20,wk flu hosp rate change,2,2026-01-03,17,pmf,stable,0.2317682317682318
2025-12-20,wk flu hosp rate change,2,2026-01-03,18,pmf,decrease,0.25074925074925075
2025-12-20,wk flu hosp rate change,2,2026-01-03,18,pmf,increase,0.31168831168831174
2025-12-20,wk flu hosp rate change,2,2026-01-03,18,pmf,large_decrease,0.0019980019980019984
2025-12-20,wk flu hosp rate change,2,2026-01-03,18,pmf,large_increase,0.22177822177822182
2025-12-20,wk flu hosp rate change,2,2026-01-03,18,pmf,stable,0.21378621378621382
2025-12-20,wk flu hosp rate change,2,2026-01-03,19,pmf,decrease,0.17082917082917082
2025-12-20,wk flu hosp rate change,2,2026-01-03,19,pmf,increase,0.35964035964035956
2025-12-20,wk flu hosp rate change,2,2026-01-03,19,pmf,large_decrease,0.001998001998001998
2025-12-20,wk flu hosp rate change,2,2026-01-03,19,pmf,large_increase,0.049950049950049945
2025-12-20,wk flu hosp rate change,2,2026-01-03,19,pmf,stable,0.41758241758241754
2025-12-20,wk flu hosp rate change,2,2026-01-03,20,pmf,decrease,0.04695304695304696
2025-12-20,wk flu hosp rate change,2,2026-01-03,20,pmf,increase,0.4455544455544456
2025-12-20,wk flu hosp rate change,2,2026-01-03,20,pmf,large_decrease,0.0019980019980019984
2025-12-20,wk flu hosp rate change,2,2026-01-03,20,pmf,large_increase,0.13486513486513488
2025-12-20,wk flu hosp rate change,2,2026-01-03,20,pmf,stable,0.3706293706293707
2025-12-20,wk flu hosp rate change,2,2026-01-03,21,pmf,decrease,0.092
2025-12-20,wk flu hosp rate change,2,2026-01-03,21,pmf,increase,0.472
2025-12-20,wk flu hosp rate change,2,2026-01-03,21,pmf,large_decrease,0.001
2025-12-20,wk flu hosp rate change,2,2026-01-03,21,pmf,large_increase,0.206
2025-12-20,wk flu hosp rate change,2,2026-01-03,21,pmf,stable,0.22900000000000012
2025-12-20,wk flu hosp rate change,2,2026-01-03,22,pmf,decrease,0.23476523476523473
2025-12-20,wk flu hosp rate change,2,2026-01-03,22,pmf,increase,0.4135864135864135
2025-12-20,wk flu hosp rate change,2,2026-01-03,22,pmf,large_decrease,0.000999000999000999
2025-12-20,wk flu hosp rate change,2,2026-01-03,22,pmf,large_increase,0.11988011988011986
2025-12-20,wk flu hosp rate change,2,2026-01-03,22,pmf,stable,0.23076923076923075
2025-12-20,wk flu hosp rate change,2,2026-01-03,23,pmf,decrease,0.26073926073926074
2025-12-20,wk flu hosp rate change,2,2026-01-03,23,pmf,increase,0.30269730269730266
2025-12-20,wk flu hosp rate change,2,2026-01-03,23,pmf,large_decrease,0.001998001998001998
2025-12-20,wk flu hosp rate change,2,2026-01-03,23,pmf,large_increase,0.019980019980019977
2025-12-20,wk flu hosp rate change,2,2026-01-03,23,pmf,stable,0.41458541458541454
2025-12-20,wk flu hosp rate change,2,2026-01-03,24,pmf,decrease,0.186
2025-12-20,wk flu hosp rate change,2,2026-01-03,24,pmf,increase,0.472
2025-12-20,wk flu hosp rate change,2,2026-01-03,24,pmf,large_decrease,0.001
2025-12-20,wk flu hosp rate change,2,2026-01-03,24,pmf,large_increase,0.153
2025-12-20,wk flu hosp rate change,2,2026-01-03,24,pmf,stable,0.188
2025-12-20,wk flu hosp rate change,2,2026-01-03,25,pmf,decrease,0.088
2025-12-20,wk flu hosp rate change,2,2026-01-03,25,pmf,increase,0.609
2025-12-20,wk flu hosp rate change,2,2026-01-03,25,pmf,large_decrease,0.001
2025-12-20,wk flu hosp rate change,2,2026-01-03,25,pmf,large_increase,0.067
2025-12-20,wk flu hosp rate change,2,2026-01-03,25,pmf,stable,0.2350000000000001
2025-12-20,wk flu hosp rate change,2,2026-01-03,26,pmf,decrease,0.2227772227772228
2025-12-20,wk flu hosp rate change,2,2026-01-03,26,pmf,increase,0.4365634365634366
2025-12-20,wk flu hosp rate change,2,2026-01-03,26,pmf,large_decrease,0.0019980019980019984
2025-12-20,wk flu hosp rate change,2,2026-01-03,26,pmf,large_increase,0.07892107892107893
2025-12-20,wk flu hosp rate change,2,2026-01-03,26,pmf,stable,0.25974025974025977
2025-12-20,wk flu hosp rate change,2,2026-01-03,27,pmf,decrease,0.2047952047952048
2025-12-20,wk flu hosp rate change,2,2026-01-03,27,pmf,increase,0.3466533466533467
2025-12-20,wk flu hosp rate change,2,2026-01-03,27,pmf,large_decrease,0.0019980019980019984
2025-12-20,wk flu hosp rate change,2,2026-01-03,27,pmf,large_increase,0.27772227772227775
2025-12-20,wk flu hosp rate change,2,2026-01-03,27,pmf,stable,0.16883116883116886
2025-12-20,wk flu hosp rate change,2,2026-01-03,28,pmf,decrease,0.354
2025-12-20,wk flu hosp rate change,2,2026-01-03,28,pmf,increase,0.275
2025-12-20,wk flu hosp rate change,2,2026-01-03,28,pmf,large_decrease,0.002
2025-12-20,wk flu hosp rate change,2,2026-01-03,28,pmf,large_increase,0.253
2025-12-20,wk flu hosp rate change,2,2026-01-03,28,pmf,stable,0.116
2025-12-20,wk flu hosp rate change,2,2026-01-03,30,pmf,decrease,0.143
2025-12-20,wk flu hosp rate change,2,2026-01-03,30,pmf,increase,0.505
2025-12-20,wk flu hosp rate change,2,2026-01-03,30,pmf,large_decrease,0.001
2025-12-20,wk flu hosp rate change,2,2026-01-03,30,pmf,large_increase,0.111
2025-12-20,wk flu hosp rate change,2,2026-01-03,30,pmf,stable,0.24
2025-12-20,wk flu hosp rate change,2,2026-01-03,31,pmf,decrease,0.04895104895104896
2025-12-20,wk flu hosp rate change,2,2026-01-03,31,pmf,increase,0.39160839160839167
2025-12-20,wk flu hosp rate change,2,2026-01-03,31,pmf,large_decrease,0.0019980019980019984
2025-12-20,wk flu hosp rate change,2,2026-01-03,31,pmf,large_increase,0.04895104895104896
2025-12-20,wk flu hosp rate change,2,2026-01-03,31,pmf,stable,0.5084915084915086
2025-12-20,wk flu hosp rate change,2,2026-01-03,32,pmf,decrease,0.171
2025-12-20,wk flu hosp rate change,2,2026-01-03,32,pmf,increase,0.442
2025-12-20,wk flu hosp rate change,2,2026-01-03,32,pmf,large_decrease,0.002
2025-12-20,wk flu hosp rate change,2,2026-01-03,32,pmf,large_increase,0.036
2025-12-20,wk flu hosp rate change,2,2026-01-03,32,pmf,stable,0.349
2025-12-20,wk flu hosp rate change,2,2026-01-03,33,pmf,decrease,0.099
2025-12-20,wk flu hosp rate change,2,2026-01-03,33,pmf,increase,0.574
2025-12-20,wk flu hosp rate change,2,2026-01-03,33,pmf,large_decrease,0.001
2025-12-20,wk flu hosp rate change,2,2026-01-03,33,pmf,large_increase,0.05
2025-12-20,wk flu hosp rate change,2,2026-01-03,33,pmf,stable,0.276
2025-12-20,wk flu hosp rate change,2,2026-01-03,34,pmf,decrease,0.177
2025-12-20,wk flu hosp rate change,2,2026-01-03,34,pmf,increase,0.469
2025-12-20,wk flu hosp rate change,2,2026-01-03,34,pmf,large_decrease,0.004
2025-12-20,wk flu hosp rate change,2,2026-01-03,34,pmf,large_increase,0.168
2025-12-20,wk flu hosp rate change,2,2026-01-03,34,pmf,stable,0.182
2025-12-20,wk flu hosp rate change,2,2026-01-03,35,pmf,decrease,0.28471528471528473
2025-12-20,wk flu hosp rate change,2,2026-01-03,35,pmf,increase,0.3366633366633367
2025-12-20,wk flu hosp rate change,2,2026-01-03,35,pmf,large_decrease,0.0019980019980019984
2025-12-20,wk flu hosp rate change,2,2026-01-03,35,pmf,large_increase,0.1278721278721279
2025-12-20,wk flu hosp rate change,2,2026-01-03,35,pmf,stable,0.24875124875124877
2025-12-20,wk flu hosp rate change,2,2026-01-03,36,pmf,decrease,0.186
2025-12-20,wk flu hosp rate change,2,2026-01-03,36,pmf,increase,0.429
2025-12-20,wk flu hosp rate change,2,2026-01-03,36,pmf,large_decrease,0.001
2025-12-20,wk flu hosp rate change,2,2026-01-03,36,pmf,large_increase,0.223
2025-12-20,wk flu hosp rate change,2,2026-01-03,36,pmf,stable,0.161
2025-12-20,wk flu hosp rate change,2,2026-01-03,37,pmf,decrease,0.262
2025-12-20,wk flu hosp rate change,2,2026-01-03,37,pmf,increase,0.364
2025-12-20,wk flu hosp rate change,2,2026-01-03,37,pmf,large_decrease,0.004
2025-12-20,wk flu hosp rate change,2,2026-01-03,37,pmf,large_increase,0.178
2025-12-20,wk flu hosp rate change,2,2026-01-03,37,pmf,stable,0.192
2025-12-20,wk flu hosp rate change,2,2026-01-03,38,pmf,decrease,0.227
2025-12-20,wk flu hosp rate change,2,2026-01-03,38,pmf,increase,0.386
2025-12-20,wk flu hosp rate change,2,2026-01-03,38,pmf,large_decrease,0.002
2025-12-20,wk flu hosp rate change,2,2026-01-03,38,pmf,large_increase,0.123
2025-12-20,wk flu hosp rate change,2,2026-01-03,38,pmf,stable,0.262
2025-12-20,wk flu hosp rate change,2,2026-01-03,39,pmf,decrease,0.13686313686313686
2025-12-20,wk flu hosp rate change,2,2026-01-03,39,pmf,increase,0.5394605394605394
2025-12-20,wk flu hosp rate change,2,2026-01-03,39,pmf,large_decrease,0.001998001998001998
2025-12-20,wk flu hosp rate change,2,2026-01-03,39,pmf,large_increase,0.03796203796203796
2025-12-20,wk flu hosp rate change,2,2026-01-03,39,pmf,stable,0.28371628371628366
2025-12-20,wk flu hosp rate change,2,2026-01-03,40,pmf,decrease,0.001
2025-12-20,wk flu hosp rate change,2,2026-01-03,40,pmf,increase,0.6
2025-12-20,wk flu hosp rate change,2,2026-01-03,40,pmf,large_decrease,0.001
2025-12-20,wk flu hosp rate change,2,2026-01-03,40,pmf,large_increase,0.056
2025-12-20,wk flu hosp rate change,2,2026-01-03,40,pmf,stable,0.342
2025-12-20,wk flu hosp rate change,2,2026-01-03,41,pmf,decrease,0.045954045954045945
2025-12-20,wk flu hosp rate change,2,2026-01-03,41,pmf,increase,0.3766233766233766
2025-12-20,wk flu hosp rate change,2,2026-01-03,41,pmf,large_decrease,0.001998001998001998
2025-12-20,wk flu hosp rate change,2,2026-01-03,41,pmf,large_increase,0.11688311688311688
2025-12-20,wk flu hosp rate change,2,2026-01-03,41,pmf,stable,0.4585414585414585
2025-12-20,wk flu hosp rate change,2,2026-01-03,42,pmf,decrease,0.195
2025-12-20,wk flu hosp rate change,2,2026-01-03,42,pmf,increase,0.386
2025-12-20,wk flu hosp rate change,2,2026-01-03,42,pmf,large_decrease,0.002
2025-12-20,wk flu hosp rate change,2,2026-01-03,42,pmf,large_increase,0.184
2025-12-20,wk flu hosp rate change,2,2026-01-03,42,pmf,stable,0.23300000000000012
2025-12-20,wk flu hosp rate change,2,2026-01-03,44,pmf,decrease,0.086
2025-12-20,wk flu hosp rate change,2,2026-01-03,44,pmf,increase,0.594
2025-12-20,wk flu hosp rate change,2,2026-01-03,44,pmf,large_decrease,0.001
2025-12-20,wk flu hosp rate change,2,2026-01-03,44,pmf,large_increase,0.101
2025-12-20,wk flu hosp rate change,2,2026-01-03,44,pmf,stable,0.2180000000000001
2025-12-20,wk flu hosp rate change,2,2026-01-03,45,pmf,decrease,0.2594810379241517
2025-12-20,wk flu hosp rate change,2,2026-01-03,45,pmf,increase,0.38822355289421157
2025-12-20,wk flu hosp rate change,2,2026-01-03,45,pmf,large_decrease,0.001996007984031936
2025-12-20,wk flu hosp rate change,2,2026-01-03,45,pmf,large_increase,0.10678642714570859
2025-12-20,wk flu hosp rate change,2,2026-01-03,45,pmf,stable,0.2435129740518962
2025-12-20,wk flu hosp rate change,2,2026-01-03,46,pmf,decrease,0.001
2025-12-20,wk flu hosp rate change,2,2026-01-03,46,pmf,increase,0.379
2025-12-20,wk flu hosp rate change,2,2026-01-03,46,pmf,large_decrease,0.001
2025-12-20,wk flu hosp rate change,2,2026-01-03,46,pmf,large_increase,0.031
2025-12-20,wk flu hosp rate change,2,2026-01-03,46,pmf,stable,0.588
2025-12-20,wk flu hosp rate change,2,2026-01-03,47,pmf,decrease,0.2107892107892108
2025-12-20,wk flu hosp rate change,2,2026-01-03,47,pmf,increase,0.36963036963036966
2025-12-20,wk flu hosp rate change,2,2026-01-03,47,pmf,large_decrease,0.0019980019980019984
2025-12-20,wk flu hosp rate change,2,2026-01-03,47,pmf,large_increase,0.15084915084915085
2025-12-20,wk flu hosp rate change,2,2026-01-03,47,pmf,stable,0.2667332667332668
2025-12-20,wk flu hosp rate change,2,2026-01-03,48,pmf,decrease,0.235
2025-12-20,wk flu hosp rate change,2,2026-01-03,48,pmf,increase,0.315
2025-12-20,wk flu hosp rate change,2,2026-01-03,48,pmf,large_decrease,0.001
2025-12-20,wk flu hosp rate change,2,2026-01-03,48,pmf,large_increase,0.238
2025-12-20,wk flu hosp rate change,2,2026-01-03,48,pmf,stable,0.211
2025-12-20,wk flu hosp rate change,2,2026-01-03,49,pmf,decrease,0.199
2025-12-20,wk flu hosp rate change,2,2026-01-03,49,pmf,increase,0.395
2025-12-20,wk flu hosp rate change,2,2026-01-03,49,pmf,large_decrease,0.001
2025-12-20,wk flu hosp rate change,2,2026-01-03,49,pmf,large_increase,0.214
2025-12-20,wk flu hosp rate change,2,2026-01-03,49,pmf,stable,0.1909999999999999
2025-12-20,wk flu hosp rate change,2,2026-01-03,50,pmf,decrease,0.1248751248751249
2025-12-20,wk flu hosp rate change,2,2026-01-03,50,pmf,increase,0.4095904095904096
2025-12-20,wk flu hosp rate change,2,2026-01-03,50,pmf,large_decrease,0.0019980019980019984
2025-12-20,wk flu hosp rate change,2,2026-01-03,50,pmf,large_increase,0.15684315684315686
2025-12-20,wk flu hosp rate change,2,2026-01-03,50,pmf,stable,0.30669330669330674
2025-12-20,wk flu hosp rate change,2,2026-01-03,51,pmf,decrease,0.147
2025-12-20,wk flu hosp rate change,2,2026-01-03,51,pmf,increase,0.524
2025-12-20,wk flu hosp rate change,2,2026-01-03,51,pmf,large_decrease,0.001
2025-12-20,wk flu hosp rate change,2,2026-01-03,51,pmf,large_increase,0.131
2025-12-20,wk flu hosp rate change,2,2026-01-03,51,pmf,stable,0.197
2025-12-20,wk flu hosp rate change,2,2026-01-03,53,pmf,decrease,0.141
2025-12-20,wk flu hosp rate change,2,2026-01-03,53,pmf,increase,0.463
2025-12-20,wk flu hosp rate change,2,2026-01-03,53,pmf,large_decrease,0.002
2025-12-20,wk flu hosp rate change,2,2026-01-03,53,pmf,large_increase,0.074
2025-12-20,wk flu hosp rate change,2,2026-01-03,53,pmf,stable,0.32
2025-12-20,wk flu hosp rate change,2,2026-01-03,54,pmf,decrease,0.008
2025-12-20,wk flu hosp rate change,2,2026-01-03,54,pmf,increase,0.6
2025-12-20,wk flu hosp rate change,2,2026-01-03,54,pmf,large_decrease,0.001
2025-12-20,wk flu hosp rate change,2,2026-01-03,54,pmf,large_increase,0.104
2025-12-20,wk flu hosp rate change,2,2026-01-03,54,pmf,stable,0.287
2025-12-20,wk flu hosp rate change,2,2026-01-03,55,pmf,decrease,0.259
2025-12-20,wk flu hosp rate change,2,2026-01-03,55,pmf,increase,0.329
2025-12-20,wk flu hosp rate change,2,2026-01-03,55,pmf,large_decrease,0.002
2025-12-20,wk flu hosp rate change,2,2026-01-03,55,pmf,large_increase,0.113
2025-12-20,wk flu hosp rate change,2,2026-01-03,55,pmf,stable,0.297
2025-12-20,wk flu hosp rate change,2,2026-01-03,56,pmf,decrease,0.001
2025-12-20,wk flu hosp rate change,2,2026-01-03,56,pmf,increase,0.048
2025-12-20,wk flu hosp rate change,2,2026-01-03,56,pmf,large_decrease,0.001
2025-12-20,wk flu hosp rate change,2,2026-01-03,56,pmf,large_increase,0.001
2025-12-20,wk flu hosp rate change,2,2026-01-03,56,pmf,stable,0.949
2025-12-20,wk flu hosp rate change,2,2026-01-03,US,pmf,decrease,0.16983016983016985
2025-12-20,wk flu hosp rate change,2,2026-01-03,US,pmf,increase,0.5104895104895105
2025-12-20,wk flu hosp rate change,2,2026-01-03,US,pmf,large_decrease,0.0019980019980019984
2025-12-20,wk flu hosp rate change,2,2026-01-03,US,pmf,large_increase,0.08291708291708293
2025-12-20,wk flu hosp rate change,2,2026-01-03,US,pmf,stable,0.23476523476523478
2025-12-20,wk flu hosp rate change,3,2026-01-10,01,pmf,decrease,0.27572427572427577
2025-12-20,wk flu hosp rate change,3,2026-01-10,01,pmf,increase,0.29270729270729273
2025-12-20,wk flu hosp rate change,3,2026-01-10,01,pmf,large_decrease,0.0019980019980019984
2025-12-20,wk flu hosp rate change,3,2026-01-10,01,pmf,large_increase,0.18481518481518483
2025-12-20,wk flu hosp rate change,3,2026-01-10,01,pmf,stable,0.24475524475524477
2025-12-20,wk flu hosp rate change,3,2026-01-10,02,pmf,decrease,0.2667332667332668
2025-12-20,wk flu hosp rate change,3,2026-01-10,02,pmf,increase,0.33566433566433573
2025-12-20,wk flu hosp rate change,3,2026-01-10,02,pmf,large_decrease,0.0019980019980019984
2025-12-20,wk flu hosp rate change,3,2026-01-10,02,pmf,large_increase,0.09490509490509491
2025-12-20,wk flu hosp rate change,3,2026-01-10,02,pmf,stable,0.30069930069930073
2025-12-20,wk flu hosp rate change,3,2026-01-10,04,pmf,decrease,0.002
2025-12-20,wk flu hosp rate change,3,2026-01-10,04,pmf,increase,0.382
2025-12-20,wk flu hosp rate change,3,2026-01-10,04,pmf,large_decrease,0.002
2025-12-20,wk flu hosp rate change,3,2026-01-10,04,pmf,large_increase,0.094
2025-12-20,wk flu hosp rate change,3,2026-01-10,04,pmf,stable,0.52
2025-12-20,wk flu hosp rate change,3,2026-01-10,05,pmf,decrease,0.001
2025-12-20,wk flu hosp rate change,3,2026-01-10,05,pmf,increase,0.608
2025-12-20,wk flu hosp rate change,3,2026-01-10,05,pmf,large_decrease,0.001
2025-12-20,wk flu hosp rate change,3,2026-01-10,05,pmf,large_increase,0.122
2025-12-20,wk flu hosp rate change,3,2026-01-10,05,pmf,stable,0.268
2025-12-20,wk flu hosp rate change,3,2026-01-10,06,pmf,decrease,0.001998001998001998
2025-12-20,wk flu hosp rate change,3,2026-01-10,06,pmf,increase,0.3246753246753247
2025-12-20,wk flu hosp rate change,3,2026-01-10,06,pmf,large_decrease,0.001998001998001998
2025-12-20,wk flu hosp rate change,3,2026-01-10,06,pmf,large_increase,0.014985014985014982
2025-12-20,wk flu hosp rate change,3,2026-01-10,06,pmf,stable,0.6563436563436563
2025-12-20,wk flu hosp rate change,3,2026-01-10,08,pmf,decrease,0.197
2025-12-20,wk flu hosp rate change,3,2026-01-10,08,pmf,increase,0.454
2025-12-20,wk flu hosp rate change,3,2026-01-10,08,pmf,large_decrease,0.001
2025-12-20,wk flu hosp rate change,3,2026-01-10,08,pmf,large_increase,0.055
2025-12-20,wk flu hosp rate change,3,2026-01-10,08,pmf,stable,0.293
2025-12-20,wk flu hosp rate change,3,2026-01-10,09,pmf,decrease,0.195
2025-12-20,wk flu hosp rate change,3,2026-01-10,09,pmf,increase,0.433
2025-12-20,wk flu hosp rate change,3,2026-01-10,09,pmf,large_decrease,0.001
2025-12-20,wk flu hosp rate change,3,2026-01-10,09,pmf,large_increase,0.077
2025-12-20,wk flu hosp rate change,3,2026-01-10,09,pmf,stable,0.2940000000000001
2025-12-20,wk flu hosp rate change,3,2026-01-10,10,pmf,decrease,0.027
2025-12-20,wk flu hosp rate change,3,2026-01-10,10,pmf,increase,0.603
2025-12-20,wk flu hosp rate change,3,2026-01-10,10,pmf,large_decrease,0.001
2025-12-20,wk flu hosp rate change,3,2026-01-10,10,pmf,large_increase,0.155
2025-12-20,wk flu hosp rate change,3,2026-01-10,10,pmf,stable,0.214
2025-12-20,wk flu hosp rate change,3,2026-01-10,11,pmf,decrease,0.279
2025-12-20,wk flu hosp rate change,3,2026-01-10,11,pmf,increase,0.351
2025-12-20,wk flu hosp rate change,3,2026-01-10,11,pmf,large_decrease,0.002
2025-12-20,wk flu hosp rate change,3,2026-01-10,11,pmf,large_increase,0.036
2025-12-20,wk flu hosp rate change,3,2026-01-10,11,pmf,stable,0.332
2025-12-20,wk flu hosp rate change,3,2026-01-10,12,pmf,decrease,0.164
2025-12-20,wk flu hosp rate change,3,2026-01-10,12,pmf,increase,0.413
2025-12-20,wk flu hosp rate change,3,2026-01-10,12,pmf,large_decrease,0.001
2025-12-20,wk flu hosp rate change,3,2026-01-10,12,pmf,large_increase,0.045
2025-12-20,wk flu hosp rate change,3,2026-01-10,12,pmf,stable,0.377
2025-12-20,wk flu hosp rate change,3,2026-01-10,13,pmf,decrease,0.2757242757242757
2025-12-20,wk flu hosp rate change,3,2026-01-10,13,pmf,increase,0.3806193806193806
2025-12-20,wk flu hosp rate change,3,2026-01-10,13,pmf,large_decrease,0.001998001998001998
2025-12-20,wk flu hosp rate change,3,2026-01-10,13,pmf,large_increase,0.042957042957042946
2025-12-20,wk flu hosp rate change,3,2026-01-10,13,pmf,stable,0.29870129870129863
2025-12-20,wk flu hosp rate change,3,2026-01-10,15,pmf,decrease,0.174
2025-12-20,wk flu hosp rate change,3,2026-01-10,15,pmf,increase,0.307
2025-12-20,wk flu hosp rate change,3,2026-01-10,15,pmf,large_decrease,0.019
2025-12-20,wk flu hosp rate change,3,2026-01-10,15,pmf,large_increase,0.383
2025-12-20,wk flu hosp rate change,3,2026-01-10,15,pmf,stable,0.117
2025-12-20,wk flu hosp rate change,3,2026-01-10,16,pmf,decrease,0.23
2025-12-20,wk flu hosp rate change,3,2026-01-10,16,pmf,increase,0.383
2025-12-20,wk flu hosp rate change,3,2026-01-10,16,pmf,large_decrease,0.002
2025-12-20,wk flu hosp rate change,3,2026-01-10,16,pmf,large_increase,0.078
2025-12-20,wk flu hosp rate change,3,2026-01-10,16,pmf,stable,0.307
2025-12-20,wk flu hosp rate change,3,2026-01-10,17,pmf,decrease,0.1638361638361638
2025-12-20,wk flu hosp rate change,3,2026-01-10,17,pmf,increase,0.3666333666333666
2025-12-20,wk flu hosp rate change,3,2026-01-10,17,pmf,large_decrease,0.001998001998001998
2025-12-20,wk flu hosp rate change,3,2026-01-10,17,pmf,large_increase,0.17082917082917082
2025-12-20,wk flu hosp rate change,3,2026-01-10,17,pmf,stable,0.29670329670329665
2025-12-20,wk flu hosp rate change,3,2026-01-10,18,pmf,decrease,0.2627372627372628
2025-12-20,wk flu hosp rate change,3,2026-01-10,18,pmf,increase,0.30369630369630374
2025-12-20,wk flu hosp rate change,3,2026-01-10,18,pmf,large_decrease,0.0019980019980019984
2025-12-20,wk flu hosp rate change,3,2026-01-10,18,pmf,large_increase,0.17082917082917087
2025-12-20,wk flu hosp rate change,3,2026-01-10,18,pmf,stable,0.2607392607392608
2025-12-20,wk flu hosp rate change,3,2026-01-10,19,pmf,decrease,0.0019980019980019984
2025-12-20,wk flu hosp rate change,3,2026-01-10,19,pmf,increase,0.36163836163836166
2025-12-20,wk flu hosp rate change,3,2026-01-10,19,pmf,large_decrease,0.0019980019980019984
2025-12-20,wk flu hosp rate change,3,2026-01-10,19,pmf,large_increase,0.04495504495504496
2025-12-20,wk flu hosp rate change,3,2026-01-10,19,pmf,stable,0.5894105894105894
2025-12-20,wk flu hosp rate change,3,2026-01-10,20,pmf,decrease,0.001998001998001998
2025-12-20,wk flu hosp rate change,3,2026-01-10,20,pmf,increase,0.4565434565434565
2025-12-20,wk flu hosp rate change,3,2026-01-10,20,pmf,large_decrease,0.001998001998001998
2025-12-20,wk flu hosp rate change,3,2026-01-10,20,pmf,large_increase,0.10789210789210787
2025-12-20,wk flu hosp rate change,3,2026-01-10,20,pmf,stable,0.4315684315684315
2025-12-20,wk flu hosp rate change,3,2026-01-10,21,pmf,decrease,0.007
2025-12-20,wk flu hosp rate change,3,2026-01-10,21,pmf,increase,0.539
2025-12-20,wk flu hosp rate change,3,2026-01-10,21,pmf,large_decrease,0.001
2025-12-20,wk flu hosp rate change,3,2026-01-10,21,pmf,large_increase,0.179
2025-12-20,wk flu hosp rate change,3,2026-01-10,21,pmf,stable,0.274
2025-12-20,wk flu hosp rate change,3,2026-01-10,22,pmf,decrease,0.272
2025-12-20,wk flu hosp rate change,3,2026-01-10,22,pmf,increase,0.356
2025-12-20,wk flu hosp rate change,3,2026-01-10,22,pmf,large_decrease,0.001
2025-12-20,wk flu hosp rate change,3,2026-01-10,22,pmf,large_increase,0.081
2025-12-20,wk flu hosp rate change,3,2026-01-10,22,pmf,stable,0.2900000000000001
2025-12-20,wk flu hosp rate change,3,2026-01-10,23,pmf,decrease,0.213
2025-12-20,wk flu hosp rate change,3,2026-01-10,23,pmf,increase,0.283
2025-12-20,wk flu hosp rate change,3,2026-01-10,23,pmf,large_decrease,0.002
2025-12-20,wk flu hosp rate change,3,2026-01-10,23,pmf,large_increase,0.013
2025-12-20,wk flu hosp rate change,3,2026-01-10,23,pmf,stable,0.489
2025-12-20,wk flu hosp rate change,3,2026-01-10,24,pmf,decrease,0.191
2025-12-20,wk flu hosp rate change,3,2026-01-10,24,pmf,increase,0.453
2025-12-20,wk flu hosp rate change,3,2026-01-10,24,pmf,large_decrease,0.001
2025-12-20,wk flu hosp rate change,3,2026-01-10,24,pmf,large_increase,0.124
2025-12-20,wk flu hosp rate change,3,2026-01-10,24,pmf,stable,0.231
2025-12-20,wk flu hosp rate change,3,2026-01-10,25,pmf,decrease,0.04
2025-12-20,wk flu hosp rate change,3,2026-01-10,25,pmf,increase,0.585
2025-12-20,wk flu hosp rate change,3,2026-01-10,25,pmf,large_decrease,0.001
2025-12-20,wk flu hosp rate change,3,2026-01-10,25,pmf,large_increase,0.066
2025-12-20,wk flu hosp rate change,3,2026-01-10,25,pmf,stable,0.3080000000000001
2025-12-20,wk flu hosp rate change,3,2026-01-10,26,pmf,decrease,0.1888111888111888
2025-12-20,wk flu hosp rate change,3,2026-01-10,26,pmf,increase,0.4135864135864135
2025-12-20,wk flu hosp rate change,3,2026-01-10,26,pmf,large_decrease,0.001998001998001998
2025-12-20,wk flu hosp rate change,3,2026-01-10,26,pmf,large_increase,0.05794205794205794
2025-12-20,wk flu hosp rate change,3,2026-01-10,26,pmf,stable,0.33766233766233766
2025-12-20,wk flu hosp rate change,3,2026-01-10,27,pmf,decrease,0.242
2025-12-20,wk flu hosp rate change,3,2026-01-10,27,pmf,increase,0.338
2025-12-20,wk flu hosp rate change,3,2026-01-10,27,pmf,large_decrease,0.001
2025-12-20,wk flu hosp rate change,3,2026-01-10,27,pmf,large_increase,0.214
2025-12-20,wk flu hosp rate change,3,2026-01-10,27,pmf,stable,0.205
2025-12-20,wk flu hosp rate change,3,2026-01-10,28,pmf,decrease,0.389
2025-12-20,wk flu hosp rate change,3,2026-01-10,28,pmf,increase,0.282
2025-12-20,wk flu hosp rate change,3,2026-01-10,28,pmf,large_decrease,0.002
2025-12-20,wk flu hosp rate change,3,2026-01-10,28,pmf,large_increase,0.197
2025-12-20,wk flu hosp rate change,3,2026-01-10,28,pmf,stable,0.13
2025-12-20,wk flu hosp rate change,3,2026-01-10,30,pmf,decrease,0.09790209790209792
2025-12-20,wk flu hosp rate change,3,2026-01-10,30,pmf,increase,0.4385614385614386
2025-12-20,wk flu hosp rate change,3,2026-01-10,30,pmf,large_decrease,0.0019980019980019984
2025-12-20,wk flu hosp rate change,3,2026-01-10,30,pmf,large_increase,0.11788211788211789
2025-12-20,wk flu hosp rate change,3,2026-01-10,30,pmf,stable,0.3436563436563437
2025-12-20,wk flu hosp rate change,3,2026-01-10,31,pmf,decrease,0.0019980019980019984
2025-12-20,wk flu hosp rate change,3,2026-01-10,31,pmf,increase,0.3496503496503497
2025-12-20,wk flu hosp rate change,3,2026-01-10,31,pmf,large_decrease,0.0019980019980019984
2025-12-20,wk flu hosp rate change,3,2026-01-10,31,pmf,large_increase,0.02497502497502498
2025-12-20,wk flu hosp rate change,3,2026-01-10,31,pmf,stable,0.6213786213786214
2025-12-20,wk flu hosp rate change,3,2026-01-10,32,pmf,decrease,0.087
2025-12-20,wk flu hosp rate change,3,2026-01-10,32,pmf,increase,0.414
2025-12-20,wk flu hosp rate change,3,2026-01-10,32,pmf,large_decrease,0.002
2025-12-20,wk flu hosp rate change,3,2026-01-10,32,pmf,large_increase,0.025
2025-12-20,wk flu hosp rate change,3,2026-01-10,32,pmf,stable,0.472
2025-12-20,wk flu hosp rate change,3,2026-01-10,33,pmf,decrease,0.03396603396603397
2025-12-20,wk flu hosp rate change,3,2026-01-10,33,pmf,increase,0.5844155844155843
2025-12-20,wk flu hosp rate change,3,2026-01-10,33,pmf,large_decrease,0.001998001998001998
2025-12-20,wk flu hosp rate change,3,2026-01-10,33,pmf,large_increase,0.04095904095904095
2025-12-20,wk flu hosp rate change,3,2026-01-10,33,pmf,stable,0.33866133866133863
2025-12-20,wk flu hosp rate change,3,2026-01-10,34,pmf,decrease,0.15
2025-12-20,wk flu hosp rate change,3,2026-01-10,34,pmf,increase,0.448
2025-12-20,wk flu hosp rate change,3,2026-01-10,34,pmf,large_decrease,0.001
2025-12-20,wk flu hosp rate change,3,2026-01-10,34,pmf,large_increase,0.148
2025-12-20,wk flu hosp rate change,3,2026-01-10,34,pmf,stable,0.253
2025-12-20,wk flu hosp rate change,3,2026-01-10,35,pmf,decrease,0.307
2025-12-20,wk flu hosp rate change,3,2026-01-10,35,pmf,increase,0.303
2025-12-20,wk flu hosp rate change,3,2026-01-10,35,pmf,large_decrease,0.002
2025-12-20,wk flu hosp rate change,3,2026-01-10,35,pmf,large_increase,0.098
2025-12-20,wk flu hosp rate change,3,2026-01-10,35,pmf,stable,0.29
2025-12-20,wk flu hosp rate change,3,2026-01-10,36,pmf,decrease,0.159
2025-12-20,wk flu hosp rate change,3,2026-01-10,36,pmf,increase,0.427
2025-12-20,wk flu hosp rate change,3,2026-01-10,36,pmf,large_decrease,0.001
2025-12-20,wk flu hosp rate change,3,2026-01-10,36,pmf,large_increase,0.226
2025-12-20,wk flu hosp rate change,3,2026-01-10,36,pmf,stable,0.187
2025-12-20,wk flu hosp rate change,3,2026-01-10,37,pmf,decrease,0.305
2025-12-20,wk flu hosp rate change,3,2026-01-10,37,pmf,increase,0.355
2025-12-20,wk flu hosp rate change,3,2026-01-10,37,pmf,large_decrease,0.001
2025-12-20,wk flu hosp rate change,3,2026-01-10,37,pmf,large_increase,0.134
2025-12-20,wk flu hosp rate change,3,2026-01-10,37,pmf,stable,0.2050000000000001
2025-12-20,wk flu hosp rate change,3,2026-01-10,38,pmf,decrease,0.2087912087912088
2025-12-20,wk flu hosp rate change,3,2026-01-10,38,pmf,increase,0.36163836163836166
2025-12-20,wk flu hosp rate change,3,2026-01-10,38,pmf,large_decrease,0.0019980019980019984
2025-12-20,wk flu hosp rate change,3,2026-01-10,38,pmf,large_increase,0.10089910089910091
2025-12-20,wk flu hosp rate change,3,2026-01-10,38,pmf,stable,0.3266733266733267
2025-12-20,wk flu hosp rate change,3,2026-01-10,39,pmf,decrease,0.051
2025-12-20,wk flu hosp rate change,3,2026-01-10,39,pmf,increase,0.536
2025-12-20,wk flu hosp rate change,3,2026-01-10,39,pmf,large_decrease,0.002
2025-12-20,wk flu hosp rate change,3,2026-01-10,39,pmf,large_increase,0.019
2025-12-20,wk flu hosp rate change,3,2026-01-10,39,pmf,stable,0.392
2025-12-20,wk flu hosp rate change,3,2026-01-10,40,pmf,decrease,0.001
2025-12-20,wk flu hosp rate change,3,2026-01-10,40,pmf,increase,0.543
2025-12-20,wk flu hosp rate change,3,2026-01-10,40,pmf,large_decrease,0.001
2025-12-20,wk flu hosp rate change,3,2026-01-10,40,pmf,large_increase,0.089
2025-12-20,wk flu hosp rate change,3,2026-01-10,40,pmf,stable,0.366
2025-12-20,wk flu hosp rate change,3,2026-01-10,41,pmf,decrease,0.002
2025-12-20,wk flu hosp rate change,3,2026-01-10,41,pmf,increase,0.326
2025-12-20,wk flu hosp rate change,3,2026-01-10,41,pmf,large_decrease,0.002
2025-12-20,wk flu hosp rate change,3,2026-01-10,41,pmf,large_increase,0.076
2025-12-20,wk flu hosp rate change,3,2026-01-10,41,pmf,stable,0.594
2025-12-20,wk flu hosp rate change,3,2026-01-10,42,pmf,decrease,0.085
2025-12-20,wk flu hosp rate change,3,2026-01-10,42,pmf,increase,0.457
2025-12-20,wk flu hosp rate change,3,2026-01-10,42,pmf,large_decrease,0.002
2025-12-20,wk flu hosp rate change,3,2026-01-10,42,pmf,large_increase,0.145
2025-12-20,wk flu hosp rate change,3,2026-01-10,42,pmf,stable,0.3109999999999999
2025-12-20,wk flu hosp rate change,3,2026-01-10,44,pmf,decrease,0.037
2025-12-20,wk flu hosp rate change,3,2026-01-10,44,pmf,increase,0.59
2025-12-20,wk flu hosp rate change,3,2026-01-10,44,pmf,large_decrease,0.001
2025-12-20,wk flu hosp rate change,3,2026-01-10,44,pmf,large_increase,0.126
2025-12-20,wk flu hosp rate change,3,2026-01-10,44,pmf,stable,0.246
2025-12-20,wk flu hosp rate change,3,2026-01-10,45,pmf,decrease,0.245
2025-12-20,wk flu hosp rate change,3,2026-01-10,45,pmf,increase,0.37
2025-12-20,wk flu hosp rate change,3,2026-01-10,45,pmf,large_decrease,0.002
2025-12-20,wk flu hosp rate change,3,2026-01-10,45,pmf,large_increase,0.075
2025-12-20,wk flu hosp rate change,3,2026-01-10,45,pmf,stable,0.308
2025-12-20,wk flu hosp rate change,3,2026-01-10,46,pmf,decrease,0.001
2025-12-20,wk flu hosp rate change,3,2026-01-10,46,pmf,increase,0.442
2025-12-20,wk flu hosp rate change,3,2026-01-10,46,pmf,large_decrease,0.001
2025-12-20,wk flu hosp rate change,3,2026-01-10,46,pmf,large_increase,0.022
2025-12-20,wk flu hosp rate change,3,2026-01-10,46,pmf,stable,0.5339999999999999
2025-12-20,wk flu hosp rate change,3,2026-01-10,47,pmf,decrease,0.126
2025-12-20,wk flu hosp rate change,3,2026-01-10,47,pmf,increase,0.408
2025-12-20,wk flu hosp rate change,3,2026-01-10,47,pmf,large_decrease,0.002
2025-12-20,wk flu hosp rate change,3,2026-01-10,47,pmf,large_increase,0.134
2025-12-20,wk flu hosp rate change,3,2026-01-10,47,pmf,stable,0.33
2025-12-20,wk flu hosp rate change,3,2026-01-10,48,pmf,decrease,0.2787212787212788
2025-12-20,wk flu hosp rate change,3,2026-01-10,48,pmf,increase,0.3076923076923077
2025-12-20,wk flu hosp rate change,3,2026-01-10,48,pmf,large_decrease,0.0009990009990009992
2025-12-20,wk flu hosp rate change,3,2026-01-10,48,pmf,large_increase,0.18081918081918083
2025-12-20,wk flu hosp rate change,3,2026-01-10,48,pmf,stable,0.2317682317682318
2025-12-20,wk flu hosp rate change,3,2026-01-10,49,pmf,decrease,0.229
2025-12-20,wk flu hosp rate change,3,2026-01-10,49,pmf,increase,0.351
2025-12-20,wk flu hosp rate change,3,2026-01-10,49,pmf,large_decrease,0.002
2025-12-20,wk flu hosp rate change,3,2026-01-10,49,pmf,large_increase,0.168
2025-12-20,wk flu hosp rate change,3,2026-01-10,49,pmf,stable,0.25
2025-12-20,wk flu hosp rate change,3,2026-01-10,50,pmf,decrease,0.014
2025-12-20,wk flu hosp rate change,3,2026-01-10,50,pmf,increase,0.487
2025-12-20,wk flu hosp rate change,3,2026-01-10,50,pmf,large_decrease,0.002
2025-12-20,wk flu hosp rate change,3,2026-01-10,50,pmf,large_increase,0.154
2025-12-20,wk flu hosp rate change,3,2026-01-10,50,pmf,stable,0.343
2025-12-20,wk flu hosp rate change,3,2026-01-10,51,pmf,decrease,0.15184815184815187
2025-12-20,wk flu hosp rate change,3,2026-01-10,51,pmf,increase,0.47052947052947053
2025-12-20,wk flu hosp rate change,3,2026-01-10,51,pmf,large_decrease,0.0019980019980019984
2025-12-20,wk flu hosp rate change,3,2026-01-10,51,pmf,large_increase,0.11788211788211789
2025-12-20,wk flu hosp rate change,3,2026-01-10,51,pmf,stable,0.2577422577422578
2025-12-20,wk flu hosp rate change,3,2026-01-10,53,pmf,decrease,0.033
2025-12-20,wk flu hosp rate change,3,2026-01-10,53,pmf,increase,0.454
2025-12-20,wk flu hosp rate change,3,2026-01-10,53,pmf,large_decrease,0.002
2025-12-20,wk flu hosp rate change,3,2026-01-10,53,pmf,large_increase,0.071
2025-12-20,wk flu hosp rate change,3,2026-01-10,53,pmf,stable,0.44
2025-12-20,wk flu hosp rate change,3,2026-01-10,54,pmf,decrease,0.001
2025-12-20,wk flu hosp rate change,3,2026-01-10,54,pmf,increase,0.591
2025-12-20,wk flu hosp rate change,3,2026-01-10,54,pmf,large_decrease,0.001
2025-12-20,wk flu hosp rate change,3,2026-01-10,54,pmf,large_increase,0.145
2025-12-20,wk flu hosp rate change,3,2026-01-10,54,pmf,stable,0.262
2025-12-20,wk flu hosp rate change,3,2026-01-10,55,pmf,decrease,0.246
2025-12-20,wk flu hosp rate change,3,2026-01-10,55,pmf,increase,0.309
2025-12-20,wk flu hosp rate change,3,2026-01-10,55,pmf,large_decrease,0.002
2025-12-20,wk flu hosp rate change,3,2026-01-10,55,pmf,large_increase,0.09
2025-12-20,wk flu hosp rate change,3,2026-01-10,55,pmf,stable,0.3530000000000001
2025-12-20,wk flu hosp rate change,3,2026-01-10,56,pmf,decrease,0.001
2025-12-20,wk flu hosp rate change,3,2026-01-10,56,pmf,increase,0.042
2025-12-20,wk flu hosp rate change,3,2026-01-10,56,pmf,large_decrease,0.001
2025-12-20,wk flu hosp rate change,3,2026-01-10,56,pmf,large_increase,0.001
2025-12-20,wk flu hosp rate change,3,2026-01-10,56,pmf,stable,0.955
2025-12-20,wk flu hosp rate change,3,2026-01-10,US,pmf,decrease,0.169
2025-12-20,wk flu hosp rate change,3,2026-01-10,US,pmf,increase,0.475
2025-12-20,wk flu hosp rate change,3,2026-01-10,US,pmf,large_decrease,0.002
2025-12-20,wk flu hosp rate change,3,2026-01-10,US,pmf,large_increase,0.051
2025-12-20,wk flu hosp rate change,3,2026-01-10,US,pmf,stable,0.303
2025-12-20,wk inc flu hosp,0,2025-12-20,01,quantile,0.01,14.0
2025-12-20,wk inc flu hosp,0,2025-12-20,01,quantile,0.025,19.0
2025-12-20,wk inc flu hosp,0,2025-12-20,01,quantile,0.05,26.0
2025-12-20,wk inc flu hosp,0,2025-12-20,01,quantile,0.1,51.0
2025-12-20,wk inc flu hosp,0,2025-12-20,01,quantile,0.15,69.0
2025-12-20,wk inc flu hosp,0,2025-12-20,01,quantile,0.2,84.0
2025-12-20,wk inc flu hosp,0,2025-12-20,01,quantile,0.25,97.0
2025-12-20,wk inc flu hosp,0,2025-12-20,01,quantile,0.3,113.0
2025-12-20,wk inc flu hosp,0,2025-12-20,01,quantile,0.35,123.0
2025-12-20,wk inc flu hosp,0,2025-12-20,01,quantile,0.4,130.0
2025-12-20,wk inc flu hosp,0,2025-12-20,01,quantile,0.45,136.0
2025-12-20,wk inc flu hosp,0,2025-12-20,01,quantile,0.5,142.0
2025-12-20,wk inc flu hosp,0,2025-12-20,01,quantile,0.55,149.0
2025-12-20,wk inc flu hosp,0,2025-12-20,01,quantile,0.6,157.0
2025-12-20,wk inc flu hosp,0,2025-12-20,01,quantile,0.65,167.0
2025-12-20,wk inc flu hosp,0,2025-12-20,01,quantile,0.7,176.0
2025-12-20,wk inc flu hosp,0,2025-12-20,01,quantile,0.75,189.0
2025-12-20,wk inc flu hosp,0,2025-12-20,01,quantile,0.8,202.0
2025-12-20,wk inc flu hosp,0,2025-12-20,01,quantile,0.85,220.0
2025-12-20,wk inc flu hosp,0,2025-12-20,01,quantile,0.9,244.0
2025-12-20,wk inc flu hosp,0,2025-12-20,01,quantile,0.95,288.0
2025-12-20,wk inc flu hosp,0,2025-12-20,01,quantile,0.975,328.0
2025-12-20,wk inc flu hosp,0,2025-12-20,01,quantile,0.99,389.0
2025-12-20,wk inc flu hosp,0,2025-12-20,02,quantile,0.01,1.0
2025-12-20,wk inc flu hosp,0,2025-12-20,02,quantile,0.025,2.0
2025-12-20,wk inc flu hosp,0,2025-12-20,02,quantile,0.05,3.0
2025-12-20,wk inc flu hosp,0,2025-12-20,02,quantile,0.1,5.0
2025-12-20,wk inc flu hosp,0,2025-12-20,02,quantile,0.15,8.0
2025-12-20,wk inc flu hosp,0,2025-12-20,02,quantile,0.2,10.0
2025-12-20,wk inc flu hosp,0,2025-12-20,02,quantile,0.25,12.0
2025-12-20,wk inc flu hosp,0,2025-12-20,02,quantile,0.3,13.0
2025-12-20,wk inc flu hosp,0,2025-12-20,02,quantile,0.35,15.0
2025-12-20,wk inc flu hosp,0,2025-12-20,02,quantile,0.4,16.0
2025-12-20,wk inc flu hosp,0,2025-12-20,02,quantile,0.45,18.0
2025-12-20,wk inc flu hosp,0,2025-12-20,02,quantile,0.5,19.0
2025-12-20,wk inc flu hosp,0,2025-12-20,02,quantile,0.55,21.0
2025-12-20,wk inc flu hosp,0,2025-12-20,02,quantile,0.6,22.0
2025-12-20,wk inc flu hosp,0,2025-12-20,02,quantile,0.65,24.0
2025-12-20,wk inc flu hosp,0,2025-12-20,02,quantile,0.7,26.0
2025-12-20,wk inc flu hosp,0,2025-12-20,02,quantile,0.75,28.0
2025-12-20,wk inc flu hosp,0,2025-12-20,02,quantile,0.8,30.0
2025-12-20,wk inc flu hosp,0,2025-12-20,02,quantile,0.85,33.0
2025-12-20,wk inc flu hosp,0,2025-12-20,02,quantile,0.9,37.0
2025-12-20,wk inc flu hosp,0,2025-12-20,02,quantile,0.95,42.0
2025-12-20,wk inc flu hosp,0,2025-12-20,02,quantile,0.975,47.0
2025-12-20,wk inc flu hosp,0,2025-12-20,02,quantile,0.99,54.0
2025-12-20,wk inc flu hosp,0,2025-12-20,04,quantile,0.01,14.0
2025-12-20,wk inc flu hosp,0,2025-12-20,04,quantile,0.025,19.0
2025-12-20,wk inc flu hosp,0,2025-12-20,04,quantile,0.05,22.0
2025-12-20,wk inc flu hosp,0,2025-12-20,04,quantile,0.1,28.0
2025-12-20,wk inc flu hosp,0,2025-12-20,04,quantile,0.15,40.0
2025-12-20,wk inc flu hosp,0,2025-12-20,04,quantile,0.2,54.0
2025-12-20,wk inc flu hosp,0,2025-12-20,04,quantile,0.25,65.0
2025-12-20,wk inc flu hosp,0,2025-12-20,04,quantile,0.3,75.0
2025-12-20,wk inc flu hosp,0,2025-12-20,04,quantile,0.35,82.0
2025-12-20,wk inc flu hosp,0,2025-12-20,04,quantile,0.4,92.0
2025-12-20,wk inc flu hosp,0,2025-12-20,04,quantile,0.45,98.0
2025-12-20,wk inc flu hosp,0,2025-12-20,04,quantile,0.5,102.0
2025-12-20,wk inc flu hosp,0,2025-12-20,04,quantile,0.55,108.0
2025-12-20,wk inc flu hosp,0,2025-12-20,04,quantile,0.6,114.0
2025-12-20,wk inc flu hosp,0,2025-12-20,04,quantile,0.65,120.0
2025-12-20,wk inc flu hosp,0,2025-12-20,04,quantile,0.7,127.0
2025-12-20,wk inc flu hosp,0,2025-12-20,04,quantile,0.75,135.0
2025-12-20,wk inc flu hosp,0,2025-12-20,04,quantile,0.8,147.0
2025-12-20,wk inc flu hosp,0,2025-12-20,04,quantile,0.85,161.0
2025-12-20,wk inc flu hosp,0,2025-12-20,04,quantile,0.9,189.0
2025-12-20,wk inc flu hosp,0,2025-12-20,04,quantile,0.95,267.0
2025-12-20,wk inc flu hosp,0,2025-12-20,04,quantile,0.975,314.0
2025-12-20,wk inc flu hosp,0,2025-12-20,04,quantile,0.99,339.0
2025-12-20,wk inc flu hosp,0,2025-12-20,05,quantile,0.01,4.0
2025-12-20,wk inc flu hosp,0,2025-12-20,05,quantile,0.025,6.0
2025-12-20,wk inc flu hosp,0,2025-12-20,05,quantile,0.05,9.0
2025-12-20,wk inc flu hosp,0,2025-12-20,05,quantile,0.1,18.0
2025-12-20,wk inc flu hosp,0,2025-12-20,05,quantile,0.15,24.0
2025-12-20,wk inc flu hosp,0,2025-12-20,05,quantile,0.2,29.0
2025-12-20,wk inc flu hosp,0,2025-12-20,05,quantile,0.25,33.0
2025-12-20,wk inc flu hosp,0,2025-12-20,05,quantile,0.3,37.0
2025-12-20,wk inc flu hosp,0,2025-12-20,05,quantile,0.35,41.0
2025-12-20,wk inc flu hosp,0,2025-12-20,05,quantile,0.4,43.0
2025-12-20,wk inc flu hosp,0,2025-12-20,05,quantile,0.45,45.0
2025-12-20,wk inc flu hosp,0,2025-12-20,05,quantile,0.5,47.0
2025-12-20,wk inc flu hosp,0,2025-12-20,05,quantile,0.55,49.0
2025-12-20,wk inc flu hosp,0,2025-12-20,05,quantile,0.6,52.0
2025-12-20,wk inc flu hosp,0,2025-12-20,05,quantile,0.65,54.0
2025-12-20,wk inc flu hosp,0,2025-12-20,05,quantile,0.7,57.0
2025-12-20,wk inc flu hosp,0,2025-12-20,05,quantile,0.75,61.0
2025-12-20,wk inc flu hosp,0,2025-12-20,05,quantile,0.8,65.0
2025-12-20,wk inc flu hosp,0,2025-12-20,05,quantile,0.85,71.0
2025-12-20,wk inc flu hosp,0,2025-12-20,05,quantile,0.9,79.0
2025-12-20,wk inc flu hosp,0,2025-12-20,05,quantile,0.95,105.0
2025-12-20,wk inc flu hosp,0,2025-12-20,05,quantile,0.975,119.0
2025-12-20,wk inc flu hosp,0,2025-12-20,05,quantile,0.99,129.0
2025-12-20,wk inc flu hosp,0,2025-12-20,06,quantile,0.01,50.0
2025-12-20,wk inc flu hosp,0,2025-12-20,06,quantile,0.025,64.0
2025-12-20,wk inc flu hosp,0,2025-12-20,06,quantile,0.05,78.0
2025-12-20,wk inc flu hosp,0,2025-12-20,06,quantile,0.1,102.0
2025-12-20,wk inc flu hosp,0,2025-12-20,06,quantile,0.15,183.0
2025-12-20,wk inc flu hosp,0,2025-12-20,06,quantile,0.2,226.0
2025-12-20,wk inc flu hosp,0,2025-12-20,06,quantile,0.25,267.0
2025-12-20,wk inc flu hosp,0,2025-12-20,06,quantile,0.3,302.0
2025-12-20,wk inc flu hosp,0,2025-12-20,06,quantile,0.35,332.0
2025-12-20,wk inc flu hosp,0,2025-12-20,06,quantile,0.4,349.0
2025-12-20,wk inc flu hosp,0,2025-12-20,06,quantile,0.45,367.0
2025-12-20,wk inc flu hosp,0,2025-12-20,06,quantile,0.5,383.0
2025-12-20,wk inc flu hosp,0,2025-12-20,06,quantile,0.55,401.0
2025-12-20,wk inc flu hosp,0,2025-12-20,06,quantile,0.6,421.0
2025-12-20,wk inc flu hosp,0,2025-12-20,06,quantile,0.65,442.0
2025-12-20,wk inc flu hosp,0,2025-12-20,06,quantile,0.7,473.0
2025-12-20,wk inc flu hosp,0,2025-12-20,06,quantile,0.75,502.0
2025-12-20,wk inc flu hosp,0,2025-12-20,06,quantile,0.8,541.0
2025-12-20,wk inc flu hosp,0,2025-12-20,06,quantile,0.85,594.0
2025-12-20,wk inc flu hosp,0,2025-12-20,06,quantile,0.9,697.0
2025-12-20,wk inc flu hosp,0,2025-12-20,06,quantile,0.95,980.0
2025-12-20,wk inc flu hosp,0,2025-12-20,06,quantile,0.975,1078.0
2025-12-20,wk inc flu hosp,0,2025-12-20,06,quantile,0.99,1175.0
2025-12-20,wk inc flu hosp,0,2025-12-20,08,quantile,0.01,88.0
2025-12-20,wk inc flu hosp,0,2025-12-20,08,quantile,0.025,119.0
2025-12-20,wk inc flu hosp,0,2025-12-20,08,quantile,0.05,148.0
2025-12-20,wk inc flu hosp,0,2025-12-20,08,quantile,0.1,181.0
2025-12-20,wk inc flu hosp,0,2025-12-20,08,quantile,0.15,201.0
2025-12-20,wk inc flu hosp,0,2025-12-20,08,quantile,0.2,216.0
2025-12-20,wk inc flu hosp,0,2025-12-20,08,quantile,0.25,228.0
2025-12-20,wk inc flu hosp,0,2025-12-20,08,quantile,0.3,240.0
2025-12-20,wk inc flu hosp,0,2025-12-20,08,quantile,0.35,252.0
2025-12-20,wk inc flu hosp,0,2025-12-20,08,quantile,0.4,262.0
2025-12-20,wk inc flu hosp,0,2025-12-20,08,quantile,0.45,272.0
2025-12-20,wk inc flu hosp,0,2025-12-20,08,quantile,0.5,280.0
2025-12-20,wk inc flu hosp,0,2025-12-20,08,quantile,0.55,293.0
2025-12-20,wk inc flu hosp,0,2025-12-20,08,quantile,0.6,305.0
2025-12-20,wk inc flu hosp,0,2025-12-20,08,quantile,0.65,321.0
2025-12-20,wk inc flu hosp,0,2025-12-20,08,quantile,0.7,332.0
2025-12-20,wk inc flu hosp,0,2025-12-20,08,quantile,0.75,350.0
2025-12-20,wk inc flu hosp,0,2025-12-20,08,quantile,0.8,367.0
2025-12-20,wk inc flu hosp,0,2025-12-20,08,quantile,0.85,392.0
2025-12-20,wk inc flu hosp,0,2025-12-20,08,quantile,0.9,414.0
2025-12-20,wk inc flu hosp,0,2025-12-20,08,quantile,0.95,458.0
2025-12-20,wk inc flu hosp,0,2025-12-20,08,quantile,0.975,500.0
2025-12-20,wk inc flu hosp,0,2025-12-20,08,quantile,0.99,538.0
2025-12-20,wk inc flu hosp,0,2025-12-20,09,quantile,0.01,68.0
2025-12-20,wk inc flu hosp,0,2025-12-20,09,quantile,0.025,84.0
2025-12-20,wk inc flu hosp,0,2025-12-20,09,quantile,0.05,100.0
2025-12-20,wk inc flu hosp,0,2025-12-20,09,quantile,0.1,124.0
2025-12-20,wk inc flu hosp,0,2025-12-20,09,quantile,0.15,143.0
2025-12-20,wk inc flu hosp,0,2025-12-20,09,quantile,0.2,158.0
2025-12-20,wk inc flu hosp,0,2025-12-20,09,quantile,0.25,170.0
2025-12-20,wk inc flu hosp,0,2025-12-20,09,quantile,0.3,179.0
2025-12-20,wk inc flu hosp,0,2025-12-20,09,quantile,0.35,187.0
2025-12-20,wk inc flu hosp,0,2025-12-20,09,quantile,0.4,194.0
2025-12-20,wk inc flu hosp,0,2025-12-20,09,quantile,0.45,201.0
2025-12-20,wk inc flu hosp,0,2025-12-20,09,quantile,0.5,208.0
2025-12-20,wk inc flu hosp,0,2025-12-20,09,quantile,0.55,217.0
2025-12-20,wk inc flu hosp,0,2025-12-20,09,quantile,0.6,226.0
2025-12-20,wk inc flu hosp,0,2025-12-20,09,quantile,0.65,237.0
2025-12-20,wk inc flu hosp,0,2025-12-20,09,quantile,0.7,247.0
2025-12-20,wk inc flu hosp,0,2025-12-20,09,quantile,0.75,258.0
2025-12-20,wk inc flu hosp,0,2025-12-20,09,quantile,0.8,272.0
2025-12-20,wk inc flu hosp,0,2025-12-20,09,quantile,0.85,288.0
2025-12-20,wk inc flu hosp,0,2025-12-20,09,quantile,0.9,307.0
2025-12-20,wk inc flu hosp,0,2025-12-20,09,quantile,0.95,338.0
2025-12-20,wk inc flu hosp,0,2025-12-20,09,quantile,0.975,358.0
2025-12-20,wk inc flu hosp,0,2025-12-20,09,quantile,0.99,386.0
2025-12-20,wk inc flu hosp,0,2025-12-20,10,quantile,0.01,2.0
2025-12-20,wk inc flu hosp,0,2025-12-20,10,quantile,0.025,3.0
2025-12-20,wk inc flu hosp,0,2025-12-20,10,quantile,0.05,6.0
2025-12-20,wk inc flu hosp,0,2025-12-20,10,quantile,0.1,10.0
2025-12-20,wk inc flu hosp,0,2025-12-20,10,quantile,0.15,13.0
2025-12-20,wk inc flu hosp,0,2025-12-20,10,quantile,0.2,16.0
2025-12-20,wk inc flu hosp,0,2025-12-20,10,quantile,0.25,18.0
2025-12-20,wk inc flu hosp,0,2025-12-20,10,quantile,0.3,20.0
2025-12-20,wk inc flu hosp,0,2025-12-20,10,quantile,0.35,21.0
2025-12-20,wk inc flu hosp,0,2025-12-20,10,quantile,0.4,23.0
2025-12-20,wk inc flu hosp,0,2025-12-20,10,quantile,0.45,25.0
2025-12-20,wk inc flu hosp,0,2025-12-20,10,quantile,0.5,26.0
2025-12-20,wk inc flu hosp,0,2025-12-20,10,quantile,0.55,28.0
2025-12-20,wk inc flu hosp,0,2025-12-20,10,quantile,0.6,29.0
2025-12-20,wk inc flu hosp,0,2025-12-20,10,quantile,0.65,30.0
2025-12-20,wk inc flu hosp,0,2025-12-20,10,quantile,0.7,32.0
2025-12-20,wk inc flu hosp,0,2025-12-20,10,quantile,0.75,34.0
2025-12-20,wk inc flu hosp,0,2025-12-20,10,quantile,0.8,36.0
2025-12-20,wk inc flu hosp,0,2025-12-20,10,quantile,0.85,39.0
2025-12-20,wk inc flu hosp,0,2025-12-20,10,quantile,0.9,43.0
2025-12-20,wk inc flu hosp,0,2025-12-20,10,quantile,0.95,51.0
2025-12-20,wk inc flu hosp,0,2025-12-20,10,quantile,0.975,57.0
2025-12-20,wk inc flu hosp,0,2025-12-20,10,quantile,0.99,64.0
2025-12-20,wk inc flu hosp,0,2025-12-20,11,quantile,0.01,5.0
2025-12-20,wk inc flu hosp,0,2025-12-20,11,quantile,0.025,7.0
2025-12-20,wk inc flu hosp,0,2025-12-20,11,quantile,0.05,9.0
2025-12-20,wk inc flu hosp,0,2025-12-20,11,quantile,0.1,12.0
2025-12-20,wk inc flu hosp,0,2025-12-20,11,quantile,0.15,15.0
2025-12-20,wk inc flu hosp,0,2025-12-20,11,quantile,0.2,16.0
2025-12-20,wk inc flu hosp,0,2025-12-20,11,quantile,0.25,17.0
2025-12-20,wk inc flu hosp,0,2025-12-20,11,quantile,0.3,19.0
2025-12-20,wk inc flu hosp,0,2025-12-20,11,quantile,0.35,20.0
2025-12-20,wk inc flu hosp,0,2025-12-20,11,quantile,0.4,22.0
2025-12-20,wk inc flu hosp,0,2025-12-20,11,quantile,0.45,23.0
2025-12-20,wk inc flu hosp,0,2025-12-20,11,quantile,0.5,24.0
2025-12-20,wk inc flu hosp,0,2025-12-20,11,quantile,0.55,25.0
2025-12-20,wk inc flu hosp,0,2025-12-20,11,quantile,0.6,27.0
2025-12-20,wk inc flu hosp,0,2025-12-20,11,quantile,0.65,28.0
2025-12-20,wk inc flu hosp,0,2025-12-20,11,quantile,0.7,29.0
2025-12-20,wk inc flu hosp,0,2025-12-20,11,quantile,0.75,31.0
2025-12-20,wk inc flu hosp,0,2025-12-20,11,quantile,0.8,33.0
2025-12-20,wk inc flu hosp,0,2025-12-20,11,quantile,0.85,35.0
2025-12-20,wk inc flu hosp,0,2025-12-20,11,quantile,0.9,38.0
2025-12-20,wk inc flu hosp,0,2025-12-20,11,quantile,0.95,43.0
2025-12-20,wk inc flu hosp,0,2025-12-20,11,quantile,0.975,47.0
2025-12-20,wk inc flu hosp,0,2025-12-20,11,quantile,0.99,52.0
2025-12-20,wk inc flu hosp,0,2025-12-20,12,quantile,0.01,254.0
2025-12-20,wk inc flu hosp,0,2025-12-20,12,quantile,0.025,329.0
2025-12-20,wk inc flu hosp,0,2025-12-20,12,quantile,0.05,384.0
2025-12-20,wk inc flu hosp,0,2025-12-20,12,quantile,0.1,438.0
2025-12-20,wk inc flu hosp,0,2025-12-20,12,quantile,0.15,482.0
2025-12-20,wk inc flu hosp,0,2025-12-20,12,quantile,0.2,515.0
2025-12-20,wk inc flu hosp,0,2025-12-20,12,quantile,0.25,544.0
2025-12-20,wk inc flu hosp,0,2025-12-20,12,quantile,0.3,573.0
2025-12-20,wk inc flu hosp,0,2025-12-20,12,quantile,0.35,612.0
2025-12-20,wk inc flu hosp,0,2025-12-20,12,quantile,0.4,643.0
2025-12-20,wk inc flu hosp,0,2025-12-20,12,quantile,0.45,681.0
2025-12-20,wk inc flu hosp,0,2025-12-20,12,quantile,0.5,719.0
2025-12-20,wk inc flu hosp,0,2025-12-20,12,quantile,0.55,760.0
2025-12-20,wk inc flu hosp,0,2025-12-20,12,quantile,0.6,796.0
2025-12-20,wk inc flu hosp,0,2025-12-20,12,quantile,0.65,830.0
2025-12-20,wk inc flu hosp,0,2025-12-20,12,quantile,0.7,869.0
2025-12-20,wk inc flu hosp,0,2025-12-20,12,quantile,0.75,904.0
2025-12-20,wk inc flu hosp,0,2025-12-20,12,quantile,0.8,960.0
2025-12-20,wk inc flu hosp,0,2025-12-20,12,quantile,0.85,1018.0
2025-12-20,wk inc flu hosp,0,2025-12-20,12,quantile,0.9,1091.0
2025-12-20,wk inc flu hosp,0,2025-12-20,12,quantile,0.95,1199.0
2025-12-20,wk inc flu hosp,0,2025-12-20,12,quantile,0.975,1308.0
2025-12-20,wk inc flu hosp,0,2025-12-20,12,quantile,0.99,1408.0
2025-12-20,wk inc flu hosp,0,2025-12-20,13,quantile,0.01,49.0
2025-12-20,wk inc flu hosp,0,2025-12-20,13,quantile,0.025,96.0
2025-12-20,wk inc flu hosp,0,2025-12-20,13,quantile,0.05,130.0
2025-12-20,wk inc flu hosp,0,2025-12-20,13,quantile,0.1,168.0
2025-12-20,wk inc flu hosp,0,2025-12-20,13,quantile,0.15,201.0
2025-12-20,wk inc flu hosp,0,2025-12-20,13,quantile,0.2,227.0
2025-12-20,wk inc flu hosp,0,2025-12-20,13,quantile,0.25,245.0
2025-12-20,wk inc flu hosp,0,2025-12-20,13,quantile,0.3,263.0
2025-12-20,wk inc flu hosp,0,2025-12-20,13,quantile,0.35,283.0
2025-12-20,wk inc flu hosp,0,2025-12-20,13,quantile,0.4,302.0
2025-12-20,wk inc flu hosp,0,2025-12-20,13,quantile,0.45,319.0
2025-12-20,wk inc flu hosp,0,2025-12-20,13,quantile,0.5,335.0
2025-12-20,wk inc flu hosp,0,2025-12-20,13,quantile,0.55,352.0
2025-12-20,wk inc flu hosp,0,2025-12-20,13,quantile,0.6,369.0
2025-12-20,wk inc flu hosp,0,2025-12-20,13,quantile,0.65,389.0
2025-12-20,wk inc flu hosp,0,2025-12-20,13,quantile,0.7,412.0
2025-12-20,wk inc flu hosp,0,2025-12-20,13,quantile,0.75,437.0
2025-12-20,wk inc flu hosp,0,2025-12-20,13,quantile,0.8,462.0
2025-12-20,wk inc flu hosp,0,2025-12-20,13,quantile,0.85,498.0
2025-12-20,wk inc flu hosp,0,2025-12-20,13,quantile,0.9,541.0
2025-12-20,wk inc flu hosp,0,2025-12-20,13,quantile,0.95,611.0
2025-12-20,wk inc flu hosp,0,2025-12-20,13,quantile,0.975,666.0
2025-12-20,wk inc flu hosp,0,2025-12-20,13,quantile,0.99,743.0
2025-12-20,wk inc flu hosp,0,2025-12-20,15,quantile,0.01,31.0
2025-12-20,wk inc flu hosp,0,2025-12-20,15,quantile,0.025,39.0
2025-12-20,wk inc flu hosp,0,2025-12-20,15,quantile,0.05,46.0
2025-12-20,wk inc flu hosp,0,2025-12-20,15,quantile,0.1,57.0
2025-12-20,wk inc flu hosp,0,2025-12-20,15,quantile,0.15,64.0
2025-12-20,wk inc flu hosp,0,2025-12-20,15,quantile,0.2,71.0
2025-12-20,wk inc flu hosp,0,2025-12-20,15,quantile,0.25,76.0
2025-12-20,wk inc flu hosp,0,2025-12-20,15,quantile,0.3,82.0
2025-12-20,wk inc flu hosp,0,2025-12-20,15,quantile,0.35,86.0
2025-12-20,wk inc flu hosp,0,2025-12-20,15,quantile,0.4,91.0
2025-12-20,wk inc flu hosp,0,2025-12-20,15,quantile,0.45,96.0
2025-12-20,wk inc flu hosp,0,2025-12-20,15,quantile,0.5,100.0
2025-12-20,wk inc flu hosp,0,2025-12-20,15,quantile,0.55,105.0
2025-12-20,wk inc flu hosp,0,2025-12-20,15,quantile,0.6,110.0
2025-12-20,wk inc flu hosp,0,2025-12-20,15,quantile,0.65,115.0
2025-12-20,wk inc flu hosp,0,2025-12-20,15,quantile,0.7,121.0
2025-12-20,wk inc flu hosp,0,2025-12-20,15,quantile,0.75,128.0
2025-12-20,wk inc flu hosp,0,2025-12-20,15,quantile,0.8,136.0
2025-12-20,wk inc flu hosp,0,2025-12-20,15,quantile,0.85,146.0
2025-12-20,wk inc flu hosp,0,2025-12-20,15,quantile,0.9,158.0
2025-12-20,wk inc flu hosp,0,2025-12-20,15,quantile,0.95,175.0
2025-12-20,wk inc flu hosp,0,2025-12-20,15,quantile,0.975,193.0
2025-12-20,wk inc flu hosp,0,2025-12-20,15,quantile,0.99,209.0
2025-12-20,wk inc flu hosp,0,2025-12-20,16,quantile,0.01,9.0
2025-12-20,wk inc flu hosp,0,2025-12-20,16,quantile,0.025,15.0
2025-12-20,wk inc flu hosp,0,2025-12-20,16,quantile,0.05,20.0
2025-12-20,wk inc flu hosp,0,2025-12-20,16,quantile,0.1,28.0
2025-12-20,wk inc flu hosp,0,2025-12-20,16,quantile,0.15,34.0
2025-12-20,wk inc flu hosp,0,2025-12-20,16,quantile,0.2,38.0
2025-12-20,wk inc flu hosp,0,2025-12-20,16,quantile,0.25,41.0
2025-12-20,wk inc flu hosp,0,2025-12-20,16,quantile,0.3,44.0
2025-12-20,wk inc flu hosp,0,2025-12-20,16,quantile,0.35,48.0
2025-12-20,wk inc flu hosp,0,2025-12-20,16,quantile,0.4,50.0
2025-12-20,wk inc flu hosp,0,2025-12-20,16,quantile,0.45,53.0
2025-12-20,wk inc flu hosp,0,2025-12-20,16,quantile,0.5,56.0
2025-12-20,wk inc flu hosp,0,2025-12-20,16,quantile,0.55,60.0
2025-12-20,wk inc flu hosp,0,2025-12-20,16,quantile,0.6,63.0
2025-12-20,wk inc flu hosp,0,2025-12-20,16,quantile,0.65,67.0
2025-12-20,wk inc flu hosp,0,2025-12-20,16,quantile,0.7,70.0
2025-12-20,wk inc flu hosp,0,2025-12-20,16,quantile,0.75,75.0
2025-12-20,wk inc flu hosp,0,2025-12-20,16,quantile,0.8,79.0
2025-12-20,wk inc flu hosp,0,2025-12-20,16,quantile,0.85,85.0
2025-12-20,wk inc flu hosp,0,2025-12-20,16,quantile,0.9,91.0
2025-12-20,wk inc flu hosp,0,2025-12-20,16,quantile,0.95,103.0
2025-12-20,wk inc flu hosp,0,2025-12-20,16,quantile,0.975,114.0
2025-12-20,wk inc flu hosp,0,2025-12-20,16,quantile,0.99,124.0
2025-12-20,wk inc flu hosp,0,2025-12-20,17,quantile,0.01,31.0
2025-12-20,wk inc flu hosp,0,2025-12-20,17,quantile,0.025,43.0
2025-12-20,wk inc flu hosp,0,2025-12-20,17,quantile,0.05,75.0
2025-12-20,wk inc flu hosp,0,2025-12-20,17,quantile,0.1,116.0
2025-12-20,wk inc flu hosp,0,2025-12-20,17,quantile,0.15,147.0
2025-12-20,wk inc flu hosp,0,2025-12-20,17,quantile,0.2,171.0
2025-12-20,wk inc flu hosp,0,2025-12-20,17,quantile,0.25,196.0
2025-12-20,wk inc flu hosp,0,2025-12-20,17,quantile,0.3,221.0
2025-12-20,wk inc flu hosp,0,2025-12-20,17,quantile,0.35,240.0
2025-12-20,wk inc flu hosp,0,2025-12-20,17,quantile,0.4,253.0
2025-12-20,wk inc flu hosp,0,2025-12-20,17,quantile,0.45,263.0
2025-12-20,wk inc flu hosp,0,2025-12-20,17,quantile,0.5,275.0
2025-12-20,wk inc flu hosp,0,2025-12-20,17,quantile,0.55,290.0
2025-12-20,wk inc flu hosp,0,2025-12-20,17,quantile,0.6,303.0
2025-12-20,wk inc flu hosp,0,2025-12-20,17,quantile,0.65,319.0
2025-12-20,wk inc flu hosp,0,2025-12-20,17,quantile,0.7,336.0
2025-12-20,wk inc flu hosp,0,2025-12-20,17,quantile,0.75,359.0
2025-12-20,wk inc flu hosp,0,2025-12-20,17,quantile,0.8,382.0
2025-12-20,wk inc flu hosp,0,2025-12-20,17,quantile,0.85,421.0
2025-12-20,wk inc flu hosp,0,2025-12-20,17,quantile,0.9,466.0
2025-12-20,wk inc flu hosp,0,2025-12-20,17,quantile,0.95,595.0
2025-12-20,wk inc flu hosp,0,2025-12-20,17,quantile,0.975,657.0
2025-12-20,wk inc flu hosp,0,2025-12-20,17,quantile,0.99,734.0
2025-12-20,wk inc flu hosp,0,2025-12-20,18,quantile,0.01,13.0
2025-12-20,wk inc flu hosp,0,2025-12-20,18,quantile,0.025,18.0
2025-12-20,wk inc flu hosp,0,2025-12-20,18,quantile,0.05,21.0
2025-12-20,wk inc flu hosp,0,2025-12-20,18,quantile,0.1,47.0
2025-12-20,wk inc flu hosp,0,2025-12-20,18,quantile,0.15,70.0
2025-12-20,wk inc flu hosp,0,2025-12-20,18,quantile,0.2,88.0
2025-12-20,wk inc flu hosp,0,2025-12-20,18,quantile,0.25,102.0
2025-12-20,wk inc flu hosp,0,2025-12-20,18,quantile,0.3,114.0
2025-12-20,wk inc flu hosp,0,2025-12-20,18,quantile,0.35,128.0
2025-12-20,wk inc flu hosp,0,2025-12-20,18,quantile,0.4,134.0
2025-12-20,wk inc flu hosp,0,2025-12-20,18,quantile,0.45,140.0
2025-12-20,wk inc flu hosp,0,2025-12-20,18,quantile,0.5,146.0
2025-12-20,wk inc flu hosp,0,2025-12-20,18,quantile,0.55,154.0
2025-12-20,wk inc flu hosp,0,2025-12-20,18,quantile,0.6,162.0
2025-12-20,wk inc flu hosp,0,2025-12-20,18,quantile,0.65,171.0
2025-12-20,wk inc flu hosp,0,2025-12-20,18,quantile,0.7,181.0
2025-12-20,wk inc flu hosp,0,2025-12-20,18,quantile,0.75,193.0
2025-12-20,wk inc flu hosp,0,2025-12-20,18,quantile,0.8,207.0
2025-12-20,wk inc flu hosp,0,2025-12-20,18,quantile,0.85,222.0
2025-12-20,wk inc flu hosp,0,2025-12-20,18,quantile,0.9,246.0
2025-12-20,wk inc flu hosp,0,2025-12-20,18,quantile,0.95,300.0
2025-12-20,wk inc flu hosp,0,2025-12-20,18,quantile,0.975,365.0
2025-12-20,wk inc flu hosp,0,2025-12-20,18,quantile,0.99,399.0
2025-12-20,wk inc flu hosp,0,2025-12-20,19,quantile,0.01,4.0
2025-12-20,wk inc flu hosp,0,2025-12-20,19,quantile,0.025,5.0
2025-12-20,wk inc flu hosp,0,2025-12-20,19,quantile,0.05,7.0
2025-12-20,wk inc flu hosp,0,2025-12-20,19,quantile,0.1,13.0
2025-12-20,wk inc flu hosp,0,2025-12-20,19,quantile,0.15,18.0
2025-12-20,wk inc flu hosp,0,2025-12-20,19,quantile,0.2,22.0
2025-12-20,wk inc flu hosp,0,2025-12-20,19,quantile,0.25,25.0
2025-12-20,wk inc flu hosp,0,2025-12-20,19,quantile,0.3,29.0
2025-12-20,wk inc flu hosp,0,2025-12-20,19,quantile,0.35,31.0
2025-12-20,wk inc flu hosp,0,2025-12-20,19,quantile,0.4,32.0
2025-12-20,wk inc flu hosp,0,2025-12-20,19,quantile,0.45,34.0
2025-12-20,wk inc flu hosp,0,2025-12-20,19,quantile,0.5,36.0
2025-12-20,wk inc flu hosp,0,2025-12-20,19,quantile,0.55,38.0
2025-12-20,wk inc flu hosp,0,2025-12-20,19,quantile,0.6,40.0
2025-12-20,wk inc flu hosp,0,2025-12-20,19,quantile,0.65,42.0
2025-12-20,wk inc flu hosp,0,2025-12-20,19,quantile,0.7,45.0
2025-12-20,wk inc flu hosp,0,2025-12-20,19,quantile,0.75,48.0
2025-12-20,wk inc flu hosp,0,2025-12-20,19,quantile,0.8,51.0
2025-12-20,wk inc flu hosp,0,2025-12-20,19,quantile,0.85,56.0
2025-12-20,wk inc flu hosp,0,2025-12-20,19,quantile,0.9,63.0
2025-12-20,wk inc flu hosp,0,2025-12-20,19,quantile,0.95,80.0
2025-12-20,wk inc flu hosp,0,2025-12-20,19,quantile,0.975,90.0
2025-12-20,wk inc flu hosp,0,2025-12-20,19,quantile,0.99,98.0
2025-12-20,wk inc flu hosp,0,2025-12-20,20,quantile,0.01,4.0
2025-12-20,wk inc flu hosp,0,2025-12-20,20,quantile,0.025,5.0
2025-12-20,wk inc flu hosp,0,2025-12-20,20,quantile,0.05,7.0
2025-12-20,wk inc flu hosp,0,2025-12-20,20,quantile,0.1,10.0
2025-12-20,wk inc flu hosp,0,2025-12-20,20,quantile,0.15,15.0
2025-12-20,wk inc flu hosp,0,2025-12-20,20,quantile,0.2,20.0
2025-12-20,wk inc flu hosp,0,2025-12-20,20,quantile,0.25,24.0
2025-12-20,wk inc flu hosp,0,2025-12-20,20,quantile,0.3,29.0
2025-12-20,wk inc flu hosp,0,2025-12-20,20,quantile,0.35,32.0
2025-12-20,wk inc flu hosp,0,2025-12-20,20,quantile,0.4,34.0
2025-12-20,wk inc flu hosp,0,2025-12-20,20,quantile,0.45,36.0
2025-12-20,wk inc flu hosp,0,2025-12-20,20,quantile,0.5,38.0
2025-12-20,wk inc flu hosp,0,2025-12-20,20,quantile,0.55,40.0
2025-12-20,wk inc flu hosp,0,2025-12-20,20,quantile,0.6,42.0
2025-12-20,wk inc flu hosp,0,2025-12-20,20,quantile,0.65,44.0
2025-12-20,wk inc flu hosp,0,2025-12-20,20,quantile,0.7,46.0
2025-12-20,wk inc flu hosp,0,2025-12-20,20,quantile,0.75,50.0
2025-12-20,wk inc flu hosp,0,2025-12-20,20,quantile,0.8,53.0
2025-12-20,wk inc flu hosp,0,2025-12-20,20,quantile,0.85,58.0
2025-12-20,wk inc flu hosp,0,2025-12-20,20,quantile,0.9,65.0
2025-12-20,wk inc flu hosp,0,2025-12-20,20,quantile,0.95,86.0
2025-12-20,wk inc flu hosp,0,2025-12-20,20,quantile,0.975,109.0
2025-12-20,wk inc flu hosp,0,2025-12-20,20,quantile,0.99,122.0
2025-12-20,wk inc flu hosp,0,2025-12-20,21,quantile,0.01,10.0
2025-12-20,wk inc flu hosp,0,2025-12-20,21,quantile,0.025,13.0
2025-12-20,wk inc flu hosp,0,2025-12-20,21,quantile,0.05,15.0
2025-12-20,wk inc flu hosp,0,2025-12-20,21,quantile,0.1,20.0
2025-12-20,wk inc flu hosp,0,2025-12-20,21,quantile,0.15,28.0
2025-12-20,wk inc flu hosp,0,2025-12-20,21,quantile,0.2,43.0
2025-12-20,wk inc flu hosp,0,2025-12-20,21,quantile,0.25,54.0
2025-12-20,wk inc flu hosp,0,2025-12-20,21,quantile,0.3,62.0
2025-12-20,wk inc flu hosp,0,2025-12-20,21,quantile,0.35,70.0
2025-12-20,wk inc flu hosp,0,2025-12-20,21,quantile,0.4,78.0
2025-12-20,wk inc flu hosp,0,2025-12-20,21,quantile,0.45,83.0
2025-12-20,wk inc flu hosp,0,2025-12-20,21,quantile,0.5,87.0
2025-12-20,wk inc flu hosp,0,2025-12-20,21,quantile,0.55,92.0
2025-12-20,wk inc flu hosp,0,2025-12-20,21,quantile,0.6,97.0
2025-12-20,wk inc flu hosp,0,2025-12-20,21,quantile,0.65,102.0
2025-12-20,wk inc flu hosp,0,2025-12-20,21,quantile,0.7,109.0
2025-12-20,wk inc flu hosp,0,2025-12-20,21,quantile,0.75,116.0
2025-12-20,wk inc flu hosp,0,2025-12-20,21,quantile,0.8,124.0
2025-12-20,wk inc flu hosp,0,2025-12-20,21,quantile,0.85,136.0
2025-12-20,wk inc flu hosp,0,2025-12-20,21,quantile,0.9,152.0
2025-12-20,wk inc flu hosp,0,2025-12-20,21,quantile,0.95,191.0
2025-12-20,wk inc flu hosp,0,2025-12-20,21,quantile,0.975,228.0
2025-12-20,wk inc flu hosp,0,2025-12-20,21,quantile,0.99,272.0
2025-12-20,wk inc flu hosp,0,2025-12-20,22,quantile,0.01,76.0
2025-12-20,wk inc flu hosp,0,2025-12-20,22,quantile,0.025,94.0
2025-12-20,wk inc flu hosp,0,2025-12-20,22,quantile,0.05,110.0
2025-12-20,wk inc flu hosp,0,2025-12-20,22,quantile,0.1,131.0
2025-12-20,wk inc flu hosp,0,2025-12-20,22,quantile,0.15,147.0
2025-12-20,wk inc flu hosp,0,2025-12-20,22,quantile,0.2,160.0
2025-12-20,wk inc flu hosp,0,2025-12-20,22,quantile,0.25,172.0
2025-12-20,wk inc flu hosp,0,2025-12-20,22,quantile,0.3,182.0
2025-12-20,wk inc flu hosp,0,2025-12-20,22,quantile,0.35,192.0
2025-12-20,wk inc flu hosp,0,2025-12-20,22,quantile,0.4,203.0
2025-12-20,wk inc flu hosp,0,2025-12-20,22,quantile,0.45,212.0
2025-12-20,wk inc flu hosp,0,2025-12-20,22,quantile,0.5,220.0
2025-12-20,wk inc flu hosp,0,2025-12-20,22,quantile,0.55,234.0
2025-12-20,wk inc flu hosp,0,2025-12-20,22,quantile,0.6,243.0
2025-12-20,wk inc flu hosp,0,2025-12-20,22,quantile,0.65,256.0
2025-12-20,wk inc flu hosp,0,2025-12-20,22,quantile,0.7,267.0
2025-12-20,wk inc flu hosp,0,2025-12-20,22,quantile,0.75,282.0
2025-12-20,wk inc flu hosp,0,2025-12-20,22,quantile,0.8,298.0
2025-12-20,wk inc flu hosp,0,2025-12-20,22,quantile,0.85,317.0
2025-12-20,wk inc flu hosp,0,2025-12-20,22,quantile,0.9,339.0
2025-12-20,wk inc flu hosp,0,2025-12-20,22,quantile,0.95,382.0
2025-12-20,wk inc flu hosp,0,2025-12-20,22,quantile,0.975,416.0
2025-12-20,wk inc flu hosp,0,2025-12-20,22,quantile,0.99,454.0
2025-12-20,wk inc flu hosp,0,2025-12-20,23,quantile,0.01,2.0
2025-12-20,wk inc flu hosp,0,2025-12-20,23,quantile,0.025,2.0
2025-12-20,wk inc flu hosp,0,2025-12-20,23,quantile,0.05,2.0
2025-12-20,wk inc flu hosp,0,2025-12-20,23,quantile,0.1,4.0
2025-12-20,wk inc flu hosp,0,2025-12-20,23,quantile,0.15,7.0
2025-12-20,wk inc flu hosp,0,2025-12-20,23,quantile,0.2,9.0
2025-12-20,wk inc flu hosp,0,2025-12-20,23,quantile,0.25,10.0
2025-12-20,wk inc flu hosp,0,2025-12-20,23,quantile,0.3,12.0
2025-12-20,wk inc flu hosp,0,2025-12-20,23,quantile,0.35,13.0
2025-12-20,wk inc flu hosp,0,2025-12-20,23,quantile,0.4,15.0
2025-12-20,wk inc flu hosp,0,2025-12-20,23,quantile,0.45,16.0
2025-12-20,wk inc flu hosp,0,2025-12-20,23,quantile,0.5,18.0
2025-12-20,wk inc flu hosp,0,2025-12-20,23,quantile,0.55,19.0
2025-12-20,wk inc flu hosp,0,2025-12-20,23,quantile,0.6,21.0
2025-12-20,wk inc flu hosp,0,2025-12-20,23,quantile,0.65,22.0
2025-12-20,wk inc flu hosp,0,2025-12-20,23,quantile,0.7,23.0
2025-12-20,wk inc flu hosp,0,2025-12-20,23,quantile,0.75,25.0
2025-12-20,wk inc flu hosp,0,2025-12-20,23,quantile,0.8,27.0
2025-12-20,wk inc flu hosp,0,2025-12-20,23,quantile,0.85,29.0
2025-12-20,wk inc flu hosp,0,2025-12-20,23,quantile,0.9,33.0
2025-12-20,wk inc flu hosp,0,2025-12-20,23,quantile,0.95,37.0
2025-12-20,wk inc flu hosp,0,2025-12-20,23,quantile,0.975,42.0
2025-12-20,wk inc flu hosp,0,2025-12-20,23,quantile,0.99,47.0
2025-12-20,wk inc flu hosp,0,2025-12-20,24,quantile,0.01,77.0
2025-12-20,wk inc flu hosp,0,2025-12-20,24,quantile,0.025,104.0
2025-12-20,wk inc flu hosp,0,2025-12-20,24,quantile,0.05,130.0
2025-12-20,wk inc flu hosp,0,2025-12-20,24,quantile,0.1,165.0
2025-12-20,wk inc flu hosp,0,2025-12-20,24,quantile,0.15,185.0
2025-12-20,wk inc flu hosp,0,2025-12-20,24,quantile,0.2,201.0
2025-12-20,wk inc flu hosp,0,2025-12-20,24,quantile,0.25,216.0
2025-12-20,wk inc flu hosp,0,2025-12-20,24,quantile,0.3,229.0
2025-12-20,wk inc flu hosp,0,2025-12-20,24,quantile,0.35,242.0
2025-12-20,wk inc flu hosp,0,2025-12-20,24,quantile,0.4,253.0
2025-12-20,wk inc flu hosp,0,2025-12-20,24,quantile,0.45,264.0
2025-12-20,wk inc flu hosp,0,2025-12-20,24,quantile,0.5,274.0
2025-12-20,wk inc flu hosp,0,2025-12-20,24,quantile,0.55,287.0
2025-12-20,wk inc flu hosp,0,2025-12-20,24,quantile,0.6,301.0
2025-12-20,wk inc flu hosp,0,2025-12-20,24,quantile,0.65,315.0
2025-12-20,wk inc flu hosp,0,2025-12-20,24,quantile,0.7,330.0
2025-12-20,wk inc flu hosp,0,2025-12-20,24,quantile,0.75,346.0
2025-12-20,wk inc flu hosp,0,2025-12-20,24,quantile,0.8,365.0
2025-12-20,wk inc flu hosp,0,2025-12-20,24,quantile,0.85,389.0
2025-12-20,wk inc flu hosp,0,2025-12-20,24,quantile,0.9,416.0
2025-12-20,wk inc flu hosp,0,2025-12-20,24,quantile,0.95,455.0
2025-12-20,wk inc flu hosp,0,2025-12-20,24,quantile,0.975,497.0
2025-12-20,wk inc flu hosp,0,2025-12-20,24,quantile,0.99,550.0
2025-12-20,wk inc flu hosp,0,2025-12-20,25,quantile,0.01,57.0
2025-12-20,wk inc flu hosp,0,2025-12-20,25,quantile,0.025,80.0
2025-12-20,wk inc flu hosp,0,2025-12-20,25,quantile,0.05,98.0
2025-12-20,wk inc flu hosp,0,2025-12-20,25,quantile,0.1,127.0
2025-12-20,wk inc flu hosp,0,2025-12-20,25,quantile,0.15,148.0
2025-12-20,wk inc flu hosp,0,2025-12-20,25,quantile,0.2,164.0
2025-12-20,wk inc flu hosp,0,2025-12-20,25,quantile,0.25,176.0
2025-12-20,wk inc flu hosp,0,2025-12-20,25,quantile,0.3,187.0
2025-12-20,wk inc flu hosp,0,2025-12-20,25,quantile,0.35,196.0
2025-12-20,wk inc flu hosp,0,2025-12-20,25,quantile,0.4,205.0
2025-12-20,wk inc flu hosp,0,2025-12-20,25,quantile,0.45,214.0
2025-12-20,wk inc flu hosp,0,2025-12-20,25,quantile,0.5,223.0
2025-12-20,wk inc flu hosp,0,2025-12-20,25,quantile,0.55,232.0
2025-12-20,wk inc flu hosp,0,2025-12-20,25,quantile,0.6,240.0
2025-12-20,wk inc flu hosp,0,2025-12-20,25,quantile,0.65,248.0
2025-12-20,wk inc flu hosp,0,2025-12-20,25,quantile,0.7,258.0
2025-12-20,wk inc flu hosp,0,2025-12-20,25,quantile,0.75,269.0
2025-12-20,wk inc flu hosp,0,2025-12-20,25,quantile,0.8,281.0
2025-12-20,wk inc flu hosp,0,2025-12-20,25,quantile,0.85,295.0
2025-12-20,wk inc flu hosp,0,2025-12-20,25,quantile,0.9,319.0
2025-12-20,wk inc flu hosp,0,2025-12-20,25,quantile,0.95,358.0
2025-12-20,wk inc flu hosp,0,2025-12-20,25,quantile,0.975,402.0
2025-12-20,wk inc flu hosp,0,2025-12-20,25,quantile,0.99,466.0
2025-12-20,wk inc flu hosp,0,2025-12-20,26,quantile,0.01,65.0
2025-12-20,wk inc flu hosp,0,2025-12-20,26,quantile,0.025,93.0
2025-12-20,wk inc flu hosp,0,2025-12-20,26,quantile,0.05,118.0
2025-12-20,wk inc flu hosp,0,2025-12-20,26,quantile,0.1,147.0
2025-12-20,wk inc flu hosp,0,2025-12-20,26,quantile,0.15,170.0
2025-12-20,wk inc flu hosp,0,2025-12-20,26,quantile,0.2,189.0
2025-12-20,wk inc flu hosp,0,2025-12-20,26,quantile,0.25,206.0
2025-12-20,wk inc flu hosp,0,2025-12-20,26,quantile,0.3,219.0
2025-12-20,wk inc flu hosp,0,2025-12-20,26,quantile,0.35,232.0
2025-12-20,wk inc flu hosp,0,2025-12-20,26,quantile,0.4,249.0
2025-12-20,wk inc flu hosp,0,2025-12-20,26,quantile,0.45,262.0
2025-12-20,wk inc flu hosp,0,2025-12-20,26,quantile,0.5,276.0
2025-12-20,wk inc flu hosp,0,2025-12-20,26,quantile,0.55,292.0
2025-12-20,wk inc flu hosp,0,2025-12-20,26,quantile,0.6,304.0
2025-12-20,wk inc flu hosp,0,2025-12-20,26,quantile,0.65,321.0
2025-12-20,wk inc flu hosp,0,2025-12-20,26,quantile,0.7,335.0
2025-12-20,wk inc flu hosp,0,2025-12-20,26,quantile,0.75,354.0
2025-12-20,wk inc flu hosp,0,2025-12-20,26,quantile,0.8,378.0
2025-12-20,wk inc flu hosp,0,2025-12-20,26,quantile,0.85,404.0
2025-12-20,wk inc flu hosp,0,2025-12-20,26,quantile,0.9,437.0
2025-12-20,wk inc flu hosp,0,2025-12-20,26,quantile,0.95,495.0
2025-12-20,wk inc flu hosp,0,2025-12-20,26,quantile,0.975,539.0
2025-12-20,wk inc flu hosp,0,2025-12-20,26,quantile,0.99,583.0
2025-12-20,wk inc flu hosp,0,2025-12-20,27,quantile,0.01,30.0
2025-12-20,wk inc flu hosp,0,2025-12-20,27,quantile,0.025,68.0
2025-12-20,wk inc flu hosp,0,2025-12-20,27,quantile,0.05,98.0
2025-12-20,wk inc flu hosp,0,2025-12-20,27,quantile,0.1,134.0
2025-12-20,wk inc flu hosp,0,2025-12-20,27,quantile,0.15,158.0
2025-12-20,wk inc flu hosp,0,2025-12-20,27,quantile,0.2,178.0
2025-12-20,wk inc flu hosp,0,2025-12-20,27,quantile,0.25,193.0
2025-12-20,wk inc flu hosp,0,2025-12-20,27,quantile,0.3,210.0
2025-12-20,wk inc flu hosp,0,2025-12-20,27,quantile,0.35,225.0
2025-12-20,wk inc flu hosp,0,2025-12-20,27,quantile,0.4,237.0
2025-12-20,wk inc flu hosp,0,2025-12-20,27,quantile,0.45,247.0
2025-12-20,wk inc flu hosp,0,2025-12-20,27,quantile,0.5,258.0
2025-12-20,wk inc flu hosp,0,2025-12-20,27,quantile,0.55,269.0
2025-12-20,wk inc flu hosp,0,2025-12-20,27,quantile,0.6,283.0
2025-12-20,wk inc flu hosp,0,2025-12-20,27,quantile,0.65,299.0
2025-12-20,wk inc flu hosp,0,2025-12-20,27,quantile,0.7,315.0
2025-12-20,wk inc flu hosp,0,2025-12-20,27,quantile,0.75,331.0
2025-12-20,wk inc flu hosp,0,2025-12-20,27,quantile,0.8,357.0
2025-12-20,wk inc flu hosp,0,2025-12-20,27,quantile,0.85,382.0
2025-12-20,wk inc flu hosp,0,2025-12-20,27,quantile,0.9,413.0
2025-12-20,wk inc flu hosp,0,2025-12-20,27,quantile,0.95,480.0
2025-12-20,wk inc flu hosp,0,2025-12-20,27,quantile,0.975,531.0
2025-12-20,wk inc flu hosp,0,2025-12-20,27,quantile,0.99,589.0
2025-12-20,wk inc flu hosp,0,2025-12-20,28,quantile,0.01,6.0
2025-12-20,wk inc flu hosp,0,2025-12-20,28,quantile,0.025,8.0
2025-12-20,wk inc flu hosp,0,2025-12-20,28,quantile,0.05,10.0
2025-12-20,wk inc flu hosp,0,2025-12-20,28,quantile,0.1,13.0
2025-12-20,wk inc flu hosp,0,2025-12-20,28,quantile,0.15,22.0
2025-12-20,wk inc flu hosp,0,2025-12-20,28,quantile,0.2,33.0
2025-12-20,wk inc flu hosp,0,2025-12-20,28,quantile,0.25,41.0
2025-12-20,wk inc flu hosp,0,2025-12-20,28,quantile,0.3,48.0
2025-12-20,wk inc flu hosp,0,2025-12-20,28,quantile,0.35,55.0
2025-12-20,wk inc flu hosp,0,2025-12-20,28,quantile,0.4,59.0
2025-12-20,wk inc flu hosp,0,2025-12-20,28,quantile,0.45,62.0
2025-12-20,wk inc flu hosp,0,2025-12-20,28,quantile,0.5,65.0
2025-12-20,wk inc flu hosp,0,2025-12-20,28,quantile,0.55,67.0
2025-12-20,wk inc flu hosp,0,2025-12-20,28,quantile,0.6,71.0
2025-12-20,wk inc flu hosp,0,2025-12-20,28,quantile,0.65,75.0
2025-12-20,wk inc flu hosp,0,2025-12-20,28,quantile,0.7,80.0
2025-12-20,wk inc flu hosp,0,2025-12-20,28,quantile,0.75,85.0
2025-12-20,wk inc flu hosp,0,2025-12-20,28,quantile,0.8,92.0
2025-12-20,wk inc flu hosp,0,2025-12-20,28,quantile,0.85,100.0
2025-12-20,wk inc flu hosp,0,2025-12-20,28,quantile,0.9,113.0
2025-12-20,wk inc flu hosp,0,2025-12-20,28,quantile,0.95,138.0
2025-12-20,wk inc flu hosp,0,2025-12-20,28,quantile,0.975,167.0
2025-12-20,wk inc flu hosp,0,2025-12-20,28,quantile,0.99,210.0
2025-12-20,wk inc flu hosp,0,2025-12-20,30,quantile,0.01,2.0
2025-12-20,wk inc flu hosp,0,2025-12-20,30,quantile,0.025,2.0
2025-12-20,wk inc flu hosp,0,2025-12-20,30,quantile,0.05,4.0
2025-12-20,wk inc flu hosp,0,2025-12-20,30,quantile,0.1,8.0
2025-12-20,wk inc flu hosp,0,2025-12-20,30,quantile,0.15,11.0
2025-12-20,wk inc flu hosp,0,2025-12-20,30,quantile,0.2,13.0
2025-12-20,wk inc flu hosp,0,2025-12-20,30,quantile,0.25,15.0
2025-12-20,wk inc flu hosp,0,2025-12-20,30,quantile,0.3,17.0
2025-12-20,wk inc flu hosp,0,2025-12-20,30,quantile,0.35,19.0
2025-12-20,wk inc flu hosp,0,2025-12-20,30,quantile,0.4,21.0
2025-12-20,wk inc flu hosp,0,2025-12-20,30,quantile,0.45,22.0
2025-12-20,wk inc flu hosp,0,2025-12-20,30,quantile,0.5,24.0
2025-12-20,wk inc flu hosp,0,2025-12-20,30,quantile,0.55,25.0
2025-12-20,wk inc flu hosp,0,2025-12-20,30,quantile,0.6,27.0
2025-12-20,wk inc flu hosp,0,2025-12-20,30,quantile,0.65,28.0
2025-12-20,wk inc flu hosp,0,2025-12-20,30,quantile,0.7,30.0
2025-12-20,wk inc flu hosp,0,2025-12-20,30,quantile,0.75,32.0
2025-12-20,wk inc flu hosp,0,2025-12-20,30,quantile,0.8,35.0
2025-12-20,wk inc flu hosp,0,2025-12-20,30,quantile,0.85,38.0
2025-12-20,wk inc flu hosp,0,2025-12-20,30,quantile,0.9,42.0
2025-12-20,wk inc flu hosp,0,2025-12-20,30,quantile,0.95,49.0
2025-12-20,wk inc flu hosp,0,2025-12-20,30,quantile,0.975,54.0
2025-12-20,wk inc flu hosp,0,2025-12-20,30,quantile,0.99,61.0
2025-12-20,wk inc flu hosp,0,2025-12-20,31,quantile,0.01,1.0
2025-12-20,wk inc flu hosp,0,2025-12-20,31,quantile,0.025,2.0
2025-12-20,wk inc flu hosp,0,2025-12-20,31,quantile,0.05,2.0
2025-12-20,wk inc flu hosp,0,2025-12-20,31,quantile,0.1,3.0
2025-12-20,wk inc flu hosp,0,2025-12-20,31,quantile,0.15,5.0
2025-12-20,wk inc flu hosp,0,2025-12-20,31,quantile,0.2,8.0
2025-12-20,wk inc flu hosp,0,2025-12-20,31,quantile,0.25,10.0
2025-12-20,wk inc flu hosp,0,2025-12-20,31,quantile,0.3,12.0
2025-12-20,wk inc flu hosp,0,2025-12-20,31,quantile,0.35,14.0
2025-12-20,wk inc flu hosp,0,2025-12-20,31,quantile,0.4,16.0
2025-12-20,wk inc flu hosp,0,2025-12-20,31,quantile,0.45,17.0
2025-12-20,wk inc flu hosp,0,2025-12-20,31,quantile,0.5,18.0
2025-12-20,wk inc flu hosp,0,2025-12-20,31,quantile,0.55,19.0
2025-12-20,wk inc flu hosp,0,2025-12-20,31,quantile,0.6,20.0
2025-12-20,wk inc flu hosp,0,2025-12-20,31,quantile,0.65,21.0
2025-12-20,wk inc flu hosp,0,2025-12-20,31,quantile,0.7,22.0
2025-12-20,wk inc flu hosp,0,2025-12-20,31,quantile,0.75,24.0
2025-12-20,wk inc flu hosp,0,2025-12-20,31,quantile,0.8,25.0
2025-12-20,wk inc flu hosp,0,2025-12-20,31,quantile,0.85,28.0
2025-12-20,wk inc flu hosp,0,2025-12-20,31,quantile,0.9,31.0
2025-12-20,wk inc flu hosp,0,2025-12-20,31,quantile,0.95,42.0
2025-12-20,wk inc flu hosp,0,2025-12-20,31,quantile,0.975,51.0
2025-12-20,wk inc flu hosp,0,2025-12-20,31,quantile,0.99,58.0
2025-12-20,wk inc flu hosp,0,2025-12-20,32,quantile,0.01,7.0
2025-12-20,wk inc flu hosp,0,2025-12-20,32,quantile,0.025,10.0
2025-12-20,wk inc flu hosp,0,2025-12-20,32,quantile,0.05,18.0
2025-12-20,wk inc flu hosp,0,2025-12-20,32,quantile,0.1,26.0
2025-12-20,wk inc flu hosp,0,2025-12-20,32,quantile,0.15,32.0
2025-12-20,wk inc flu hosp,0,2025-12-20,32,quantile,0.2,37.0
2025-12-20,wk inc flu hosp,0,2025-12-20,32,quantile,0.25,42.0
2025-12-20,wk inc flu hosp,0,2025-12-20,32,quantile,0.3,45.0
2025-12-20,wk inc flu hosp,0,2025-12-20,32,quantile,0.35,49.0
2025-12-20,wk inc flu hosp,0,2025-12-20,32,quantile,0.4,53.0
2025-12-20,wk inc flu hosp,0,2025-12-20,32,quantile,0.45,57.0
2025-12-20,wk inc flu hosp,0,2025-12-20,32,quantile,0.5,59.0
2025-12-20,wk inc flu hosp,0,2025-12-20,32,quantile,0.55,63.0
2025-12-20,wk inc flu hosp,0,2025-12-20,32,quantile,0.6,66.0
2025-12-20,wk inc flu hosp,0,2025-12-20,32,quantile,0.65,69.0
2025-12-20,wk inc flu hosp,0,2025-12-20,32,quantile,0.7,73.0
2025-12-20,wk inc flu hosp,0,2025-12-20,32,quantile,0.75,78.0
2025-12-20,wk inc flu hosp,0,2025-12-20,32,quantile,0.8,84.0
2025-12-20,wk inc flu hosp,0,2025-12-20,32,quantile,0.85,90.0
2025-12-20,wk inc flu hosp,0,2025-12-20,32,quantile,0.9,100.0
2025-12-20,wk inc flu hosp,0,2025-12-20,32,quantile,0.95,119.0
2025-12-20,wk inc flu hosp,0,2025-12-20,32,quantile,0.975,129.0
2025-12-20,wk inc flu hosp,0,2025-12-20,32,quantile,0.99,142.0
2025-12-20,wk inc flu hosp,0,2025-12-20,33,quantile,0.01,4.0
2025-12-20,wk inc flu hosp,0,2025-12-20,33,quantile,0.025,8.0
2025-12-20,wk inc flu hosp,0,2025-12-20,33,quantile,0.05,11.0
2025-12-20,wk inc flu hosp,0,2025-12-20,33,quantile,0.1,14.0
2025-12-20,wk inc flu hosp,0,2025-12-20,33,quantile,0.15,17.0
2025-12-20,wk inc flu hosp,0,2025-12-20,33,quantile,0.2,19.0
2025-12-20,wk inc flu hosp,0,2025-12-20,33,quantile,0.25,21.0
2025-12-20,wk inc flu hosp,0,2025-12-20,33,quantile,0.3,23.0
2025-12-20,wk inc flu hosp,0,2025-12-20,33,quantile,0.35,25.0
2025-12-20,wk inc flu hosp,0,2025-12-20,33,quantile,0.4,27.0
2025-12-20,wk inc flu hosp,0,2025-12-20,33,quantile,0.45,29.0
2025-12-20,wk inc flu hosp,0,2025-12-20,33,quantile,0.5,30.0
2025-12-20,wk inc flu hosp,0,2025-12-20,33,quantile,0.55,31.0
2025-12-20,wk inc flu hosp,0,2025-12-20,33,quantile,0.6,33.0
2025-12-20,wk inc flu hosp,0,2025-12-20,33,quantile,0.65,35.0
2025-12-20,wk inc flu hosp,0,2025-12-20,33,quantile,0.7,37.0
2025-12-20,wk inc flu hosp,0,2025-12-20,33,quantile,0.75,40.0
2025-12-20,wk inc flu hosp,0,2025-12-20,33,quantile,0.8,42.0
2025-12-20,wk inc flu hosp,0,2025-12-20,33,quantile,0.85,46.0
2025-12-20,wk inc flu hosp,0,2025-12-20,33,quantile,0.9,50.0
2025-12-20,wk inc flu hosp,0,2025-12-20,33,quantile,0.95,56.0
2025-12-20,wk inc flu hosp,0,2025-12-20,33,quantile,0.975,62.0
2025-12-20,wk inc flu hosp,0,2025-12-20,33,quantile,0.99,68.0
2025-12-20,wk inc flu hosp,0,2025-12-20,34,quantile,0.01,159.0
2025-12-20,wk inc flu hosp,0,2025-12-20,34,quantile,0.025,203.0
2025-12-20,wk inc flu hosp,0,2025-12-20,34,quantile,0.05,242.0
2025-12-20,wk inc flu hosp,0,2025-12-20,34,quantile,0.1,304.0
2025-12-20,wk inc flu hosp,0,2025-12-20,34,quantile,0.15,346.0
2025-12-20,wk inc flu hosp,0,2025-12-20,34,quantile,0.2,384.0
2025-12-20,wk inc flu hosp,0,2025-12-20,34,quantile,0.25,408.0
2025-12-20,wk inc flu hosp,0,2025-12-20,34,quantile,0.3,431.0
2025-12-20,wk inc flu hosp,0,2025-12-20,34,quantile,0.35,455.0
2025-12-20,wk inc flu hosp,0,2025-12-20,34,quantile,0.4,479.0
2025-12-20,wk inc flu hosp,0,2025-12-20,34,quantile,0.45,496.0
2025-12-20,wk inc flu hosp,0,2025-12-20,34,quantile,0.5,516.0
2025-12-20,wk inc flu hosp,0,2025-12-20,34,quantile,0.55,538.0
2025-12-20,wk inc flu hosp,0,2025-12-20,34,quantile,0.6,562.0
2025-12-20,wk inc flu hosp,0,2025-12-20,34,quantile,0.65,588.0
2025-12-20,wk inc flu hosp,0,2025-12-20,34,quantile,0.7,616.0
2025-12-20,wk inc flu hosp,0,2025-12-20,34,quantile,0.75,645.0
2025-12-20,wk inc flu hosp,0,2025-12-20,34,quantile,0.8,679.0
2025-12-20,wk inc flu hosp,0,2025-12-20,34,quantile,0.85,714.0
2025-12-20,wk inc flu hosp,0,2025-12-20,34,quantile,0.9,765.0
2025-12-20,wk inc flu hosp,0,2025-12-20,34,quantile,0.95,843.0
2025-12-20,wk inc flu hosp,0,2025-12-20,34,quantile,0.975,915.0
2025-12-20,wk inc flu hosp,0,2025-12-20,34,quantile,0.99,958.0
2025-12-20,wk inc flu hosp,0,2025-12-20,35,quantile,0.01,6.0
2025-12-20,wk inc flu hosp,0,2025-12-20,35,quantile,0.025,8.0
2025-12-20,wk inc flu hosp,0,2025-12-20,35,quantile,0.05,14.0
2025-12-20,wk inc flu hosp,0,2025-12-20,35,quantile,0.1,22.0
2025-12-20,wk inc flu hosp,0,2025-12-20,35,quantile,0.15,30.0
2025-12-20,wk inc flu hosp,0,2025-12-20,35,quantile,0.2,34.0
2025-12-20,wk inc flu hosp,0,2025-12-20,35,quantile,0.25,39.0
2025-12-20,wk inc flu hosp,0,2025-12-20,35,quantile,0.3,42.0
2025-12-20,wk inc flu hosp,0,2025-12-20,35,quantile,0.35,46.0
2025-12-20,wk inc flu hosp,0,2025-12-20,35,quantile,0.4,50.0
2025-12-20,wk inc flu hosp,0,2025-12-20,35,quantile,0.45,53.0
2025-12-20,wk inc flu hosp,0,2025-12-20,35,quantile,0.5,56.0
2025-12-20,wk inc flu hosp,0,2025-12-20,35,quantile,0.55,59.0
2025-12-20,wk inc flu hosp,0,2025-12-20,35,quantile,0.6,62.0
2025-12-20,wk inc flu hosp,0,2025-12-20,35,quantile,0.65,66.0
2025-12-20,wk inc flu hosp,0,2025-12-20,35,quantile,0.7,70.0
2025-12-20,wk inc flu hosp,0,2025-12-20,35,quantile,0.75,74.0
2025-12-20,wk inc flu hosp,0,2025-12-20,35,quantile,0.8,79.0
2025-12-20,wk inc flu hosp,0,2025-12-20,35,quantile,0.85,86.0
2025-12-20,wk inc flu hosp,0,2025-12-20,35,quantile,0.9,95.0
2025-12-20,wk inc flu hosp,0,2025-12-20,35,quantile,0.95,111.0
2025-12-20,wk inc flu hosp,0,2025-12-20,35,quantile,0.975,126.0
2025-12-20,wk inc flu hosp,0,2025-12-20,35,quantile,0.99,134.0
2025-12-20,wk inc flu hosp,0,2025-12-20,36,quantile,0.01,425.0
2025-12-20,wk inc flu hosp,0,2025-12-20,36,quantile,0.025,537.0
2025-12-20,wk inc flu hosp,0,2025-12-20,36,quantile,0.05,630.0
2025-12-20,wk inc flu hosp,0,2025-12-20,36,quantile,0.1,770.0
2025-12-20,wk inc flu hosp,0,2025-12-20,36,quantile,0.15,872.0
2025-12-20,wk inc flu hosp,0,2025-12-20,36,quantile,0.2,943.0
2025-12-20,wk inc flu hosp,0,2025-12-20,36,quantile,0.25,1018.0
2025-12-20,wk inc flu hosp,0,2025-12-20,36,quantile,0.3,1069.0
2025-12-20,wk inc flu hosp,0,2025-12-20,36,quantile,0.35,1116.0
2025-12-20,wk inc flu hosp,0,2025-12-20,36,quantile,0.4,1164.0
2025-12-20,wk inc flu hosp,0,2025-12-20,36,quantile,0.45,1204.0
2025-12-20,wk inc flu hosp,0,2025-12-20,36,quantile,0.5,1245.0
2025-12-20,wk inc flu hosp,0,2025-12-20,36,quantile,0.55,1286.0
2025-12-20,wk inc flu hosp,0,2025-12-20,36,quantile,0.6,1320.0
2025-12-20,wk inc flu hosp,0,2025-12-20,36,quantile,0.65,1366.0
2025-12-20,wk inc flu hosp,0,2025-12-20,36,quantile,0.7,1412.0
2025-12-20,wk inc flu hosp,0,2025-12-20,36,quantile,0.75,1470.0
2025-12-20,wk inc flu hosp,0,2025-12-20,36,quantile,0.8,1529.0
2025-12-20,wk inc flu hosp,0,2025-12-20,36,quantile,0.85,1617.0
2025-12-20,wk inc flu hosp,0,2025-12-20,36,quantile,0.9,1722.0
2025-12-20,wk inc flu hosp,0,2025-12-20,36,quantile,0.95,1889.0
2025-12-20,wk inc flu hosp,0,2025-12-20,36,quantile,0.975,2027.0
2025-12-20,wk inc flu hosp,0,2025-12-20,36,quantile,0.99,2180.0
2025-12-20,wk inc flu hosp,0,2025-12-20,37,quantile,0.01,199.0
2025-12-20,wk inc flu hosp,0,2025-12-20,37,quantile,0.025,247.0
2025-12-20,wk inc flu hosp,0,2025-12-20,37,quantile,0.05,297.0
2025-12-20,wk inc flu hosp,0,2025-12-20,37,quantile,0.1,353.0
2025-12-20,wk inc flu hosp,0,2025-12-20,37,quantile,0.15,396.0
2025-12-20,wk inc flu hosp,0,2025-12-20,37,quantile,0.2,430.0
2025-12-20,wk inc flu hosp,0,2025-12-20,37,quantile,0.25,463.0
2025-12-20,wk inc flu hosp,0,2025-12-20,37,quantile,0.3,488.0
2025-12-20,wk inc flu hosp,0,2025-12-20,37,quantile,0.35,512.0
2025-12-20,wk inc flu hosp,0,2025-12-20,37,quantile,0.4,543.0
2025-12-20,wk inc flu hosp,0,2025-12-20,37,quantile,0.45,570.0
2025-12-20,wk inc flu hosp,0,2025-12-20,37,quantile,0.5,596.0
2025-12-20,wk inc flu hosp,0,2025-12-20,37,quantile,0.55,626.0
2025-12-20,wk inc flu hosp,0,2025-12-20,37,quantile,0.6,660.0
2025-12-20,wk inc flu hosp,0,2025-12-20,37,quantile,0.65,690.0
2025-12-20,wk inc flu hosp,0,2025-12-20,37,quantile,0.7,722.0
2025-12-20,wk inc flu hosp,0,2025-12-20,37,quantile,0.75,756.0
2025-12-20,wk inc flu hosp,0,2025-12-20,37,quantile,0.8,806.0
2025-12-20,wk inc flu hosp,0,2025-12-20,37,quantile,0.85,856.0
2025-12-20,wk inc flu hosp,0,2025-12-20,37,quantile,0.9,927.0
2025-12-20,wk inc flu hosp,0,2025-12-20,37,quantile,0.95,1045.0
2025-12-20,wk inc flu hosp,0,2025-12-20,37,quantile,0.975,1147.0
2025-12-20,wk inc flu hosp,0,2025-12-20,37,quantile,0.99,1250.0
2025-12-20,wk inc flu hosp,0,2025-12-20,38,quantile,0.01,1.0
2025-12-20,wk inc flu hosp,0,2025-12-20,38,quantile,0.025,2.0
2025-12-20,wk inc flu hosp,0,2025-12-20,38,quantile,0.05,2.0
2025-12-20,wk inc flu hosp,0,2025-12-20,38,quantile,0.1,5.0
2025-12-20,wk inc flu hosp,0,2025-12-20,38,quantile,0.15,8.0
2025-12-20,wk inc flu hosp,0,2025-12-20,38,quantile,0.2,9.0
2025-12-20,wk inc flu hosp,0,2025-12-20,38,quantile,0.25,11.0
2025-12-20,wk inc flu hosp,0,2025-12-20,38,quantile,0.3,12.0
2025-12-20,wk inc flu hosp,0,2025-12-20,38,quantile,0.35,13.0
2025-12-20,wk inc flu hosp,0,2025-12-20,38,quantile,0.4,14.0
2025-12-20,wk inc flu hosp,0,2025-12-20,38,quantile,0.45,15.0
2025-12-20,wk inc flu hosp,0,2025-12-20,38,quantile,0.5,17.0
2025-12-20,wk inc flu hosp,0,2025-12-20,38,quantile,0.55,17.0
2025-12-20,wk inc flu hosp,0,2025-12-20,38,quantile,0.6,18.0
2025-12-20,wk inc flu hosp,0,2025-12-20,38,quantile,0.65,19.0
2025-12-20,wk inc flu hosp,0,2025-12-20,38,quantile,0.7,20.0
2025-12-20,wk inc flu hosp,0,2025-12-20,38,quantile,0.75,22.0
2025-12-20,wk inc flu hosp,0,2025-12-20,38,quantile,0.8,23.0
2025-12-20,wk inc flu hosp,0,2025-12-20,38,quantile,0.85,25.0
2025-12-20,wk inc flu hosp,0,2025-12-20,38,quantile,0.9,27.0
2025-12-20,wk inc flu hosp,0,2025-12-20,38,quantile,0.95,32.0
2025-12-20,wk inc flu hosp,0,2025-12-20,38,quantile,0.975,38.0
2025-12-20,wk inc flu hosp,0,2025-12-20,38,quantile,0.99,43.0
2025-12-20,wk inc flu hosp,0,2025-12-20,39,quantile,0.01,39.0
2025-12-20,wk inc flu hosp,0,2025-12-20,39,quantile,0.025,72.0
2025-12-20,wk inc flu hosp,0,2025-12-20,39,quantile,0.05,103.0
2025-12-20,wk inc flu hosp,0,2025-12-20,39,quantile,0.1,137.0
2025-12-20,wk inc flu hosp,0,2025-12-20,39,quantile,0.15,162.0
2025-12-20,wk inc flu hosp,0,2025-12-20,39,quantile,0.2,186.0
2025-12-20,wk inc flu hosp,0,2025-12-20,39,quantile,0.25,204.0
2025-12-20,wk inc flu hosp,0,2025-12-20,39,quantile,0.3,219.0
2025-12-20,wk inc flu hosp,0,2025-12-20,39,quantile,0.35,235.0
2025-12-20,wk inc flu hosp,0,2025-12-20,39,quantile,0.4,250.0
2025-12-20,wk inc flu hosp,0,2025-12-20,39,quantile,0.45,265.0
2025-12-20,wk inc flu hosp,0,2025-12-20,39,quantile,0.5,280.0
2025-12-20,wk inc flu hosp,0,2025-12-20,39,quantile,0.55,293.0
2025-12-20,wk inc flu hosp,0,2025-12-20,39,quantile,0.6,310.0
2025-12-20,wk inc flu hosp,0,2025-12-20,39,quantile,0.65,330.0
2025-12-20,wk inc flu hosp,0,2025-12-20,39,quantile,0.7,348.0
2025-12-20,wk inc flu hosp,0,2025-12-20,39,quantile,0.75,368.0
2025-12-20,wk inc flu hosp,0,2025-12-20,39,quantile,0.8,395.0
2025-12-20,wk inc flu hosp,0,2025-12-20,39,quantile,0.85,422.0
2025-12-20,wk inc flu hosp,0,2025-12-20,39,quantile,0.9,460.0
2025-12-20,wk inc flu hosp,0,2025-12-20,39,quantile,0.95,529.0
2025-12-20,wk inc flu hosp,0,2025-12-20,39,quantile,0.975,578.0
2025-12-20,wk inc flu hosp,0,2025-12-20,39,quantile,0.99,641.0
2025-12-20,wk inc flu hosp,0,2025-12-20,40,quantile,0.01,4.0
2025-12-20,wk inc flu hosp,0,2025-12-20,40,quantile,0.025,5.0
2025-12-20,wk inc flu hosp,0,2025-12-20,40,quantile,0.05,7.0
2025-12-20,wk inc flu hosp,0,2025-12-20,40,quantile,0.1,10.0
2025-12-20,wk inc flu hosp,0,2025-12-20,40,quantile,0.15,15.0
2025-12-20,wk inc flu hosp,0,2025-12-20,40,quantile,0.2,22.0
2025-12-20,wk inc flu hosp,0,2025-12-20,40,quantile,0.25,28.0
2025-12-20,wk inc flu hosp,0,2025-12-20,40,quantile,0.3,31.0
2025-12-20,wk inc flu hosp,0,2025-12-20,40,quantile,0.35,33.0
2025-12-20,wk inc flu hosp,0,2025-12-20,40,quantile,0.4,35.0
2025-12-20,wk inc flu hosp,0,2025-12-20,40,quantile,0.45,37.0
2025-12-20,wk inc flu hosp,0,2025-12-20,40,quantile,0.5,39.0
2025-12-20,wk inc flu hosp,0,2025-12-20,40,quantile,0.55,41.0
2025-12-20,wk inc flu hosp,0,2025-12-20,40,quantile,0.6,43.0
2025-12-20,wk inc flu hosp,0,2025-12-20,40,quantile,0.65,45.0
2025-12-20,wk inc flu hosp,0,2025-12-20,40,quantile,0.7,48.0
2025-12-20,wk inc flu hosp,0,2025-12-20,40,quantile,0.75,50.0
2025-12-20,wk inc flu hosp,0,2025-12-20,40,quantile,0.8,54.0
2025-12-20,wk inc flu hosp,0,2025-12-20,40,quantile,0.85,60.0
2025-12-20,wk inc flu hosp,0,2025-12-20,40,quantile,0.9,67.0
2025-12-20,wk inc flu hosp,0,2025-12-20,40,quantile,0.95,95.0
2025-12-20,wk inc flu hosp,0,2025-12-20,40,quantile,0.975,130.0
2025-12-20,wk inc flu hosp,0,2025-12-20,40,quantile,0.99,147.0
2025-12-20,wk inc flu hosp,0,2025-12-20,41,quantile,0.01,5.0
2025-12-20,wk inc flu hosp,0,2025-12-20,41,quantile,0.025,7.0
2025-12-20,wk inc flu hosp,0,2025-12-20,41,quantile,0.05,8.0
2025-12-20,wk inc flu hosp,0,2025-12-20,41,quantile,0.1,11.0
2025-12-20,wk inc flu hosp,0,2025-12-20,41,quantile,0.15,14.0
2025-12-20,wk inc flu hosp,0,2025-12-20,41,quantile,0.2,17.0
2025-12-20,wk inc flu hosp,0,2025-12-20,41,quantile,0.25,23.0
2025-12-20,wk inc flu hosp,0,2025-12-20,41,quantile,0.3,29.0
2025-12-20,wk inc flu hosp,0,2025-12-20,41,quantile,0.35,35.0
2025-12-20,wk inc flu hosp,0,2025-12-20,41,quantile,0.4,40.0
2025-12-20,wk inc flu hosp,0,2025-12-20,41,quantile,0.45,42.0
2025-12-20,wk inc flu hosp,0,2025-12-20,41,quantile,0.5,45.0
2025-12-20,wk inc flu hosp,0,2025-12-20,41,quantile,0.55,47.0
2025-12-20,wk inc flu hosp,0,2025-12-20,41,quantile,0.6,49.0
2025-12-20,wk inc flu hosp,0,2025-12-20,41,quantile,0.65,53.0
2025-12-20,wk inc flu hosp,0,2025-12-20,41,quantile,0.7,57.0
2025-12-20,wk inc flu hosp,0,2025-12-20,41,quantile,0.75,62.0
2025-12-20,wk inc flu hosp,0,2025-12-20,41,quantile,0.8,66.0
2025-12-20,wk inc flu hosp,0,2025-12-20,41,quantile,0.85,74.0
2025-12-20,wk inc flu hosp,0,2025-12-20,41,quantile,0.9,90.0
2025-12-20,wk inc flu hosp,0,2025-12-20,41,quantile,0.95,130.0
2025-12-20,wk inc flu hosp,0,2025-12-20,41,quantile,0.975,146.0
2025-12-20,wk inc flu hosp,0,2025-12-20,41,quantile,0.99,165.0
2025-12-20,wk inc flu hosp,0,2025-12-20,42,quantile,0.01,30.0
2025-12-20,wk inc flu hosp,0,2025-12-20,42,quantile,0.025,53.0
2025-12-20,wk inc flu hosp,0,2025-12-20,42,quantile,0.05,92.0
2025-12-20,wk inc flu hosp,0,2025-12-20,42,quantile,0.1,137.0
2025-12-20,wk inc flu hosp,0,2025-12-20,42,quantile,0.15,171.0
2025-12-20,wk inc flu hosp,0,2025-12-20,42,quantile,0.2,193.0
2025-12-20,wk inc flu hosp,0,2025-12-20,42,quantile,0.25,217.0
2025-12-20,wk inc flu hosp,0,2025-12-20,42,quantile,0.3,229.0
2025-12-20,wk inc flu hosp,0,2025-12-20,42,quantile,0.35,241.0
2025-12-20,wk inc flu hosp,0,2025-12-20,42,quantile,0.4,255.0
2025-12-20,wk inc flu hosp,0,2025-12-20,42,quantile,0.45,266.0
2025-12-20,wk inc flu hosp,0,2025-12-20,42,quantile,0.5,279.0
2025-12-20,wk inc flu hosp,0,2025-12-20,42,quantile,0.55,293.0
2025-12-20,wk inc flu hosp,0,2025-12-20,42,quantile,0.6,307.0
2025-12-20,wk inc flu hosp,0,2025-12-20,42,quantile,0.65,324.0
2025-12-20,wk inc flu hosp,0,2025-12-20,42,quantile,0.7,345.0
2025-12-20,wk inc flu hosp,0,2025-12-20,42,quantile,0.75,369.0
2025-12-20,wk inc flu hosp,0,2025-12-20,42,quantile,0.8,397.0
2025-12-20,wk inc flu hosp,0,2025-12-20,42,quantile,0.85,433.0
2025-12-20,wk inc flu hosp,0,2025-12-20,42,quantile,0.9,479.0
2025-12-20,wk inc flu hosp,0,2025-12-20,42,quantile,0.95,568.0
2025-12-20,wk inc flu hosp,0,2025-12-20,42,quantile,0.975,616.0
2025-12-20,wk inc flu hosp,0,2025-12-20,42,quantile,0.99,659.0
2025-12-20,wk inc flu hosp,0,2025-12-20,44,quantile,0.01,9.0
2025-12-20,wk inc flu hosp,0,2025-12-20,44,quantile,0.025,12.0
2025-12-20,wk inc flu hosp,0,2025-12-20,44,quantile,0.05,14.0
2025-12-20,wk inc flu hosp,0,2025-12-20,44,quantile,0.1,19.0
2025-12-20,wk inc flu hosp,0,2025-12-20,44,quantile,0.15,23.0
2025-12-20,wk inc flu hosp,0,2025-12-20,44,quantile,0.2,25.0
2025-12-20,wk inc flu hosp,0,2025-12-20,44,quantile,0.25,27.0
2025-12-20,wk inc flu hosp,0,2025-12-20,44,quantile,0.3,29.0
2025-12-20,wk inc flu hosp,0,2025-12-20,44,quantile,0.35,30.0
2025-12-20,wk inc flu hosp,0,2025-12-20,44,quantile,0.4,32.0
2025-12-20,wk inc flu hosp,0,2025-12-20,44,quantile,0.45,33.0
2025-12-20,wk inc flu hosp,0,2025-12-20,44,quantile,0.5,35.0
2025-12-20,wk inc flu hosp,0,2025-12-20,44,quantile,0.55,36.0
2025-12-20,wk inc flu hosp,0,2025-12-20,44,quantile,0.6,38.0
2025-12-20,wk inc flu hosp,0,2025-12-20,44,quantile,0.65,39.0
2025-12-20,wk inc flu hosp,0,2025-12-20,44,quantile,0.7,41.0
2025-12-20,wk inc flu hosp,0,2025-12-20,44,quantile,0.75,43.0
2025-12-20,wk inc flu hosp,0,2025-12-20,44,quantile,0.8,44.0
2025-12-20,wk inc flu hosp,0,2025-12-20,44,quantile,0.85,47.0
2025-12-20,wk inc flu hosp,0,2025-12-20,44,quantile,0.9,51.0
2025-12-20,wk inc flu hosp,0,2025-12-20,44,quantile,0.95,57.0
2025-12-20,wk inc flu hosp,0,2025-12-20,44,quantile,0.975,64.0
2025-12-20,wk inc flu hosp,0,2025-12-20,44,quantile,0.99,69.0
2025-12-20,wk inc flu hosp,0,2025-12-20,45,quantile,0.01,18.0
2025-12-20,wk inc flu hosp,0,2025-12-20,45,quantile,0.025,32.0
2025-12-20,wk inc flu hosp,0,2025-12-20,45,quantile,0.05,51.0
2025-12-20,wk inc flu hosp,0,2025-12-20,45,quantile,0.1,74.0
2025-12-20,wk inc flu hosp,0,2025-12-20,45,quantile,0.15,88.0
2025-12-20,wk inc flu hosp,0,2025-12-20,45,quantile,0.2,100.0
2025-12-20,wk inc flu hosp,0,2025-12-20,45,quantile,0.25,114.0
2025-12-20,wk inc flu hosp,0,2025-12-20,45,quantile,0.3,124.0
2025-12-20,wk inc flu hosp,0,2025-12-20,45,quantile,0.35,134.0
2025-12-20,wk inc flu hosp,0,2025-12-20,45,quantile,0.4,143.0
2025-12-20,wk inc flu hosp,0,2025-12-20,45,quantile,0.45,151.0
2025-12-20,wk inc flu hosp,0,2025-12-20,45,quantile,0.5,158.0
2025-12-20,wk inc flu hosp,0,2025-12-20,45,quantile,0.55,164.0
2025-12-20,wk inc flu hosp,0,2025-12-20,45,quantile,0.6,173.0
2025-12-20,wk inc flu hosp,0,2025-12-20,45,quantile,0.65,183.0
2025-12-20,wk inc flu hosp,0,2025-12-20,45,quantile,0.7,194.0
2025-12-20,wk inc flu hosp,0,2025-12-20,45,quantile,0.75,208.0
2025-12-20,wk inc flu hosp,0,2025-12-20,45,quantile,0.8,223.0
2025-12-20,wk inc flu hosp,0,2025-12-20,45,quantile,0.85,239.0
2025-12-20,wk inc flu hosp,0,2025-12-20,45,quantile,0.9,266.0
2025-12-20,wk inc flu hosp,0,2025-12-20,45,quantile,0.95,302.0
2025-12-20,wk inc flu hosp,0,2025-12-20,45,quantile,0.975,330.0
2025-12-20,wk inc flu hosp,0,2025-12-20,45,quantile,0.99,356.0
2025-12-20,wk inc flu hosp,0,2025-12-20,46,quantile,0.01,0.0
2025-12-20,wk inc flu hosp,0,2025-12-20,46,quantile,0.025,0.0
2025-12-20,wk inc flu hosp,0,2025-12-20,46,quantile,0.05,0.0
2025-12-20,wk inc flu hosp,0,2025-12-20,46,quantile,0.1,1.0
2025-12-20,wk inc flu hosp,0,2025-12-20,46,quantile,0.15,1.0
2025-12-20,wk inc flu hosp,0,2025-12-20,46,quantile,0.2,2.0
2025-12-20,wk inc flu hosp,0,2025-12-20,46,quantile,0.25,3.0
2025-12-20,wk inc flu hosp,0,2025-12-20,46,quantile,0.3,4.0
2025-12-20,wk inc flu hosp,0,2025-12-20,46,quantile,0.35,5.0
2025-12-20,wk inc flu hosp,0,2025-12-20,46,quantile,0.4,5.0
2025-12-20,wk inc flu hosp,0,2025-12-20,46,quantile,0.45,5.0
2025-12-20,wk inc flu hosp,0,2025-12-20,46,quantile,0.5,6.0
2025-12-20,wk inc flu hosp,0,2025-12-20,46,quantile,0.55,6.0
2025-12-20,wk inc flu hosp,0,2025-12-20,46,quantile,0.6,6.0
2025-12-20,wk inc flu hosp,0,2025-12-20,46,quantile,0.65,6.0
2025-12-20,wk inc flu hosp,0,2025-12-20,46,quantile,0.7,7.0
2025-12-20,wk inc flu hosp,0,2025-12-20,46,quantile,0.75,7.0
2025-12-20,wk inc flu hosp,0,2025-12-20,46,quantile,0.8,8.0
2025-12-20,wk inc flu hosp,0,2025-12-20,46,quantile,0.85,9.0
2025-12-20,wk inc flu hosp,0,2025-12-20,46,quantile,0.9,10.0
2025-12-20,wk inc flu hosp,0,2025-12-20,46,quantile,0.95,14.0
2025-12-20,wk inc flu hosp,0,2025-12-20,46,quantile,0.975,21.0
2025-12-20,wk inc flu hosp,0,2025-12-20,46,quantile,0.99,23.0
2025-12-20,wk inc flu hosp,0,2025-12-20,47,quantile,0.01,18.0
2025-12-20,wk inc flu hosp,0,2025-12-20,47,quantile,0.025,23.0
2025-12-20,wk inc flu hosp,0,2025-12-20,47,quantile,0.05,29.0
2025-12-20,wk inc flu hosp,0,2025-12-20,47,quantile,0.1,46.0
2025-12-20,wk inc flu hosp,0,2025-12-20,47,quantile,0.15,69.0
2025-12-20,wk inc flu hosp,0,2025-12-20,47,quantile,0.2,87.0
2025-12-20,wk inc flu hosp,0,2025-12-20,47,quantile,0.25,99.0
2025-12-20,wk inc flu hosp,0,2025-12-20,47,quantile,0.3,112.0
2025-12-20,wk inc flu hosp,0,2025-12-20,47,quantile,0.35,127.0
2025-12-20,wk inc flu hosp,0,2025-12-20,47,quantile,0.4,133.0
2025-12-20,wk inc flu hosp,0,2025-12-20,47,quantile,0.45,139.0
2025-12-20,wk inc flu hosp,0,2025-12-20,47,quantile,0.5,146.0
2025-12-20,wk inc flu hosp,0,2025-12-20,47,quantile,0.55,153.0
2025-12-20,wk inc flu hosp,0,2025-12-20,47,quantile,0.6,161.0
2025-12-20,wk inc flu hosp,0,2025-12-20,47,quantile,0.65,170.0
2025-12-20,wk inc flu hosp,0,2025-12-20,47,quantile,0.7,180.0
2025-12-20,wk inc flu hosp,0,2025-12-20,47,quantile,0.75,194.0
2025-12-20,wk inc flu hosp,0,2025-12-20,47,quantile,0.8,206.0
2025-12-20,wk inc flu hosp,0,2025-12-20,47,quantile,0.85,227.0
2025-12-20,wk inc flu hosp,0,2025-12-20,47,quantile,0.9,253.0
2025-12-20,wk inc flu hosp,0,2025-12-20,47,quantile,0.95,320.0
2025-12-20,wk inc flu hosp,0,2025-12-20,47,quantile,0.975,359.0
2025-12-20,wk inc flu hosp,0,2025-12-20,47,quantile,0.99,399.0
2025-12-20,wk inc flu hosp,0,2025-12-20,48,quantile,0.01,163.0
2025-12-20,wk inc flu hosp,0,2025-12-20,48,quantile,0.025,191.0
2025-12-20,wk inc flu hosp,0,2025-12-20,48,quantile,0.05,361.0
2025-12-20,wk inc flu hosp,0,2025-12-20,48,quantile,0.1,554.0
2025-12-20,wk inc flu hosp,0,2025-12-20,48,quantile,0.15,718.0
2025-12-20,wk inc flu hosp,0,2025-12-20,48,quantile,0.2,839.0
2025-12-20,wk inc flu hosp,0,2025-12-20,48,quantile,0.25,944.0
2025-12-20,wk inc flu hosp,0,2025-12-20,48,quantile,0.3,1039.0
2025-12-20,wk inc flu hosp,0,2025-12-20,48,quantile,0.35,1120.0
2025-12-20,wk inc flu hosp,0,2025-12-20,48,quantile,0.4,1173.0
2025-12-20,wk inc flu hosp,0,2025-12-20,48,quantile,0.45,1232.0
2025-12-20,wk inc flu hosp,0,2025-12-20,48,quantile,0.5,1290.0
2025-12-20,wk inc flu hosp,0,2025-12-20,48,quantile,0.55,1364.0
2025-12-20,wk inc flu hosp,0,2025-12-20,48,quantile,0.6,1446.0
2025-12-20,wk inc flu hosp,0,2025-12-20,48,quantile,0.65,1530.0
2025-12-20,wk inc flu hosp,0,2025-12-20,48,quantile,0.7,1631.0
2025-12-20,wk inc flu hosp,0,2025-12-20,48,quantile,0.75,1720.0
2025-12-20,wk inc flu hosp,0,2025-12-20,48,quantile,0.8,1861.0
2025-12-20,wk inc flu hosp,0,2025-12-20,48,quantile,0.85,2059.0
2025-12-20,wk inc flu hosp,0,2025-12-20,48,quantile,0.9,2249.0
2025-12-20,wk inc flu hosp,0,2025-12-20,48,quantile,0.95,2639.0
2025-12-20,wk inc flu hosp,0,2025-12-20,48,quantile,0.975,2890.0
2025-12-20,wk inc flu hosp,0,2025-12-20,48,quantile,0.99,3175.0
2025-12-20,wk inc flu hosp,0,2025-12-20,49,quantile,0.01,17.0
2025-12-20,wk inc flu hosp,0,2025-12-20,49,quantile,0.025,31.0
2025-12-20,wk inc flu hosp,0,2025-12-20,49,quantile,0.05,40.0
2025-12-20,wk inc flu hosp,0,2025-12-20,49,quantile,0.1,58.0
2025-12-20,wk inc flu hosp,0,2025-12-20,49,quantile,0.15,69.0
2025-12-20,wk inc flu hosp,0,2025-12-20,49,quantile,0.2,78.0
2025-12-20,wk inc flu hosp,0,2025-12-20,49,quantile,0.25,86.0
2025-12-20,wk inc flu hosp,0,2025-12-20,49,quantile,0.3,94.0
2025-12-20,wk inc flu hosp,0,2025-12-20,49,quantile,0.35,101.0
2025-12-20,wk inc flu hosp,0,2025-12-20,49,quantile,0.4,107.0
2025-12-20,wk inc flu hosp,0,2025-12-20,49,quantile,0.45,112.0
2025-12-20,wk inc flu hosp,0,2025-12-20,49,quantile,0.5,117.0
2025-12-20,wk inc flu hosp,0,2025-12-20,49,quantile,0.55,124.0
2025-12-20,wk inc flu hosp,0,2025-12-20,49,quantile,0.6,130.0
2025-12-20,wk inc flu hosp,0,2025-12-20,49,quantile,0.65,138.0
2025-12-20,wk inc flu hosp,0,2025-12-20,49,quantile,0.7,146.0
2025-12-20,wk inc flu hosp,0,2025-12-20,49,quantile,0.75,156.0
2025-12-20,wk inc flu hosp,0,2025-12-20,49,quantile,0.8,170.0
2025-12-20,wk inc flu hosp,0,2025-12-20,49,quantile,0.85,182.0
2025-12-20,wk inc flu hosp,0,2025-12-20,49,quantile,0.9,201.0
2025-12-20,wk inc flu hosp,0,2025-12-20,49,quantile,0.95,226.0
2025-12-20,wk inc flu hosp,0,2025-12-20,49,quantile,0.975,257.0
2025-12-20,wk inc flu hosp,0,2025-12-20,49,quantile,0.99,274.0
2025-12-20,wk inc flu hosp,0,2025-12-20,50,quantile,0.01,0.0
2025-12-20,wk inc flu hosp,0,2025-12-20,50,quantile,0.025,1.0
2025-12-20,wk inc flu hosp,0,2025-12-20,50,quantile,0.05,1.0
2025-12-20,wk inc flu hosp,0,2025-12-20,50,quantile,0.1,2.0
2025-12-20,wk inc flu hosp,0,2025-12-20,50,quantile,0.15,3.0
2025-12-20,wk inc flu hosp,0,2025-12-20,50,quantile,0.2,4.0
2025-12-20,wk inc flu hosp,0,2025-12-20,50,quantile,0.25,5.0
2025-12-20,wk inc flu hosp,0,2025-12-20,50,quantile,0.3,6.0
2025-12-20,wk inc flu hosp,0,2025-12-20,50,quantile,0.35,8.0
2025-12-20,wk inc flu hosp,0,2025-12-20,50,quantile,0.4,8.0
2025-12-20,wk inc flu hosp,0,2025-12-20,50,quantile,0.45,9.0
2025-12-20,wk inc flu hosp,0,2025-12-20,50,quantile,0.5,10.0
2025-12-20,wk inc flu hosp,0,2025-12-20,50,quantile,0.55,10.0
2025-12-20,wk inc flu hosp,0,2025-12-20,50,quantile,0.6,11.0
2025-12-20,wk inc flu hosp,0,2025-12-20,50,quantile,0.65,12.0
2025-12-20,wk inc flu hosp,0,2025-12-20,50,quantile,0.7,12.0
2025-12-20,wk inc flu hosp,0,2025-12-20,50,quantile,0.75,13.0
2025-12-20,wk inc flu hosp,0,2025-12-20,50,quantile,0.8,14.0
2025-12-20,wk inc flu hosp,0,2025-12-20,50,quantile,0.85,15.0
2025-12-20,wk inc flu hosp,0,2025-12-20,50,quantile,0.9,17.0
2025-12-20,wk inc flu hosp,0,2025-12-20,50,quantile,0.95,21.0
2025-12-20,wk inc flu hosp,0,2025-12-20,50,quantile,0.975,26.0
2025-12-20,wk inc flu hosp,0,2025-12-20,50,quantile,0.99,29.0
2025-12-20,wk inc flu hosp,0,2025-12-20,51,quantile,0.01,60.0
2025-12-20,wk inc flu hosp,0,2025-12-20,51,quantile,0.025,92.0
2025-12-20,wk inc flu hosp,0,2025-12-20,51,quantile,0.05,115.0
2025-12-20,wk inc flu hosp,0,2025-12-20,51,quantile,0.1,148.0
2025-12-20,wk inc flu hosp,0,2025-12-20,51,quantile,0.15,175.0
2025-12-20,wk inc flu hosp,0,2025-12-20,51,quantile,0.2,195.0
2025-12-20,wk inc flu hosp,0,2025-12-20,51,quantile,0.25,211.0
2025-12-20,wk inc flu hosp,0,2025-12-20,51,quantile,0.3,228.0
2025-12-20,wk inc flu hosp,0,2025-12-20,51,quantile,0.35,242.0
2025-12-20,wk inc flu hosp,0,2025-12-20,51,quantile,0.4,253.0
2025-12-20,wk inc flu hosp,0,2025-12-20,51,quantile,0.45,264.0
2025-12-20,wk inc flu hosp,0,2025-12-20,51,quantile,0.5,277.0
2025-12-20,wk inc flu hosp,0,2025-12-20,51,quantile,0.55,290.0
2025-12-20,wk inc flu hosp,0,2025-12-20,51,quantile,0.6,305.0
2025-12-20,wk inc flu hosp,0,2025-12-20,51,quantile,0.65,324.0
2025-12-20,wk inc flu hosp,0,2025-12-20,51,quantile,0.7,341.0
2025-12-20,wk inc flu hosp,0,2025-12-20,51,quantile,0.75,363.0
2025-12-20,wk inc flu hosp,0,2025-12-20,51,quantile,0.8,389.0
2025-12-20,wk inc flu hosp,0,2025-12-20,51,quantile,0.85,418.0
2025-12-20,wk inc flu hosp,0,2025-12-20,51,quantile,0.9,446.0
2025-12-20,wk inc flu hosp,0,2025-12-20,51,quantile,0.95,513.0
2025-12-20,wk inc flu hosp,0,2025-12-20,51,quantile,0.975,565.0
2025-12-20,wk inc flu hosp,0,2025-12-20,51,quantile,0.99,613.0
2025-12-20,wk inc flu hosp,0,2025-12-20,53,quantile,0.01,15.0
2025-12-20,wk inc flu hosp,0,2025-12-20,53,quantile,0.025,20.0
2025-12-20,wk inc flu hosp,0,2025-12-20,53,quantile,0.05,26.0
2025-12-20,wk inc flu hosp,0,2025-12-20,53,quantile,0.1,38.0
2025-12-20,wk inc flu hosp,0,2025-12-20,53,quantile,0.15,54.0
2025-12-20,wk inc flu hosp,0,2025-12-20,53,quantile,0.2,70.0
2025-12-20,wk inc flu hosp,0,2025-12-20,53,quantile,0.25,80.0
2025-12-20,wk inc flu hosp,0,2025-12-20,53,quantile,0.3,91.0
2025-12-20,wk inc flu hosp,0,2025-12-20,53,quantile,0.35,102.0
2025-12-20,wk inc flu hosp,0,2025-12-20,53,quantile,0.4,112.0
2025-12-20,wk inc flu hosp,0,2025-12-20,53,quantile,0.45,122.0
2025-12-20,wk inc flu hosp,0,2025-12-20,53,quantile,0.5,130.0
2025-12-20,wk inc flu hosp,0,2025-12-20,53,quantile,0.55,136.0
2025-12-20,wk inc flu hosp,0,2025-12-20,53,quantile,0.6,143.0
2025-12-20,wk inc flu hosp,0,2025-12-20,53,quantile,0.65,153.0
2025-12-20,wk inc flu hosp,0,2025-12-20,53,quantile,0.7,162.0
2025-12-20,wk inc flu hosp,0,2025-12-20,53,quantile,0.75,173.0
2025-12-20,wk inc flu hosp,0,2025-12-20,53,quantile,0.8,189.0
2025-12-20,wk inc flu hosp,0,2025-12-20,53,quantile,0.85,211.0
2025-12-20,wk inc flu hosp,0,2025-12-20,53,quantile,0.9,243.0
2025-12-20,wk inc flu hosp,0,2025-12-20,53,quantile,0.95,285.0
2025-12-20,wk inc flu hosp,0,2025-12-20,53,quantile,0.975,316.0
2025-12-20,wk inc flu hosp,0,2025-12-20,53,quantile,0.99,347.0
2025-12-20,wk inc flu hosp,0,2025-12-20,54,quantile,0.01,2.0
2025-12-20,wk inc flu hosp,0,2025-12-20,54,quantile,0.025,3.0
2025-12-20,wk inc flu hosp,0,2025-12-20,54,quantile,0.05,4.0
2025-12-20,wk inc flu hosp,0,2025-12-20,54,quantile,0.1,6.0
2025-12-20,wk inc flu hosp,0,2025-12-20,54,quantile,0.15,8.0
2025-12-20,wk inc flu hosp,0,2025-12-20,54,quantile,0.2,12.0
2025-12-20,wk inc flu hosp,0,2025-12-20,54,quantile,0.25,16.0
2025-12-20,wk inc flu hosp,0,2025-12-20,54,quantile,0.3,19.0
2025-12-20,wk inc flu hosp,0,2025-12-20,54,quantile,0.35,20.0
2025-12-20,wk inc flu hosp,0,2025-12-20,54,quantile,0.4,21.0
2025-12-20,wk inc flu hosp,0,2025-12-20,54,quantile,0.45,23.0
2025-12-20,wk inc flu hosp,0,2025-12-20,54,quantile,0.5,24.0
2025-12-20,wk inc flu hosp,0,2025-12-20,54,quantile,0.55,25.0
2025-12-20,wk inc flu hosp,0,2025-12-20,54,quantile,0.6,26.0
2025-12-20,wk inc flu hosp,0,2025-12-20,54,quantile,0.65,28.0
2025-12-20,wk inc flu hosp,0,2025-12-20,54,quantile,0.7,30.0
2025-12-20,wk inc flu hosp,0,2025-12-20,54,quantile,0.75,31.0
2025-12-20,wk inc flu hosp,0,2025-12-20,54,quantile,0.8,34.0
2025-12-20,wk inc flu hosp,0,2025-12-20,54,quantile,0.85,37.0
2025-12-20,wk inc flu hosp,0,2025-12-20,54,quantile,0.9,42.0
2025-12-20,wk inc flu hosp,0,2025-12-20,54,quantile,0.95,55.0
2025-12-20,wk inc flu hosp,0,2025-12-20,54,quantile,0.975,72.0
2025-12-20,wk inc flu hosp,0,2025-12-20,54,quantile,0.99,84.0
2025-12-20,wk inc flu hosp,0,2025-12-20,55,quantile,0.01,14.0
2025-12-20,wk inc flu hosp,0,2025-12-20,55,quantile,0.025,20.0
2025-12-20,wk inc flu hosp,0,2025-12-20,55,quantile,0.05,34.0
2025-12-20,wk inc flu hosp,0,2025-12-20,55,quantile,0.1,58.0
2025-12-20,wk inc flu hosp,0,2025-12-20,55,quantile,0.15,71.0
2025-12-20,wk inc flu hosp,0,2025-12-20,55,quantile,0.2,83.0
2025-12-20,wk inc flu hosp,0,2025-12-20,55,quantile,0.25,95.0
2025-12-20,wk inc flu hosp,0,2025-12-20,55,quantile,0.3,103.0
2025-12-20,wk inc flu hosp,0,2025-12-20,55,quantile,0.35,113.0
2025-12-20,wk inc flu hosp,0,2025-12-20,55,quantile,0.4,119.0
2025-12-20,wk inc flu hosp,0,2025-12-20,55,quantile,0.45,125.0
2025-12-20,wk inc flu hosp,0,2025-12-20,55,quantile,0.5,131.0
2025-12-20,wk inc flu hosp,0,2025-12-20,55,quantile,0.55,137.0
2025-12-20,wk inc flu hosp,0,2025-12-20,55,quantile,0.6,143.0
2025-12-20,wk inc flu hosp,0,2025-12-20,55,quantile,0.65,151.0
2025-12-20,wk inc flu hosp,0,2025-12-20,55,quantile,0.7,159.0
2025-12-20,wk inc flu hosp,0,2025-12-20,55,quantile,0.75,168.0
2025-12-20,wk inc flu hosp,0,2025-12-20,55,quantile,0.8,179.0
2025-12-20,wk inc flu hosp,0,2025-12-20,55,quantile,0.85,193.0
2025-12-20,wk inc flu hosp,0,2025-12-20,55,quantile,0.9,214.0
2025-12-20,wk inc flu hosp,0,2025-12-20,55,quantile,0.95,258.0
2025-12-20,wk inc flu hosp,0,2025-12-20,55,quantile,0.975,294.0
2025-12-20,wk inc flu hosp,0,2025-12-20,55,quantile,0.99,320.0
2025-12-20,wk inc flu hosp,0,2025-12-20,56,quantile,0.01,0.0
2025-12-20,wk inc flu hosp,0,2025-12-20,56,quantile,0.025,0.0
2025-12-20,wk inc flu hosp,0,2025-12-20,56,quantile,0.05,0.0
2025-12-20,wk inc flu hosp,0,2025-12-20,56,quantile,0.1,0.0
2025-12-20,wk inc flu hosp,0,2025-12-20,56,quantile,0.15,0.0
2025-12-20,wk inc flu hosp,0,2025-12-20,56,quantile,0.2,0.0
2025-12-20,wk inc flu hosp,0,2025-12-20,56,quantile,0.25,0.0
2025-12-20,wk inc flu hosp,0,2025-12-20,56,quantile,0.3,0.0
2025-12-20,wk inc flu hosp,0,2025-12-20,56,quantile,0.35,0.0
2025-12-20,wk inc flu hosp,0,2025-12-20,56,quantile,0.4,0.0
2025-12-20,wk inc flu hosp,0,2025-12-20,56,quantile,0.45,0.0
2025-12-20,wk inc flu hosp,0,2025-12-20,56,quantile,0.5,0.0
2025-12-20,wk inc flu hosp,0,2025-12-20,56,quantile,0.55,0.0
2025-12-20,wk inc flu hosp,0,2025-12-20,56,quantile,0.6,0.0
2025-12-20,wk inc flu hosp,0,2025-12-20,56,quantile,0.65,0.0
2025-12-20,wk inc flu hosp,0,2025-12-20,56,quantile,0.7,0.0
2025-12-20,wk inc flu hosp,0,2025-12-20,56,quantile,0.75,0.0
2025-12-20,wk inc flu hosp,0,2025-12-20,56,quantile,0.8,0.0
2025-12-20,wk inc flu hosp,0,2025-12-20,56,quantile,0.85,0.0
2025-12-20,wk inc flu hosp,0,2025-12-20,56,quantile,0.9,0.0
2025-12-20,wk inc flu hosp,0,2025-12-20,56,quantile,0.95,3.0
2025-12-20,wk inc flu hosp,0,2025-12-20,56,quantile,0.975,4.0
2025-12-20,wk inc flu hosp,0,2025-12-20,56,quantile,0.99,5.0
2025-12-20,wk inc flu hosp,0,2025-12-20,US,quantile,0.01,3254.0
2025-12-20,wk inc flu hosp,0,2025-12-20,US,quantile,0.025,4211.0
2025-12-20,wk inc flu hosp,0,2025-12-20,US,quantile,0.05,5224.0
2025-12-20,wk inc flu hosp,0,2025-12-20,US,quantile,0.1,6379.0
2025-12-20,wk inc flu hosp,0,2025-12-20,US,quantile,0.15,7255.0
2025-12-20,wk inc flu hosp,0,2025-12-20,US,quantile,0.2,7957.0
2025-12-20,wk inc flu hosp,0,2025-12-20,US,quantile,0.25,8498.0
2025-12-20,wk inc flu hosp,0,2025-12-20,US,quantile,0.3,8907.0
2025-12-20,wk inc flu hosp,0,2025-12-20,US,quantile,0.35,9473.0
2025-12-20,wk inc flu hosp,0,2025-12-20,US,quantile,0.4,9916.0
2025-12-20,wk inc flu hosp,0,2025-12-20,US,quantile,0.45,10357.0
2025-12-20,wk inc flu hosp,0,2025-12-20,US,quantile,0.5,10853.0
2025-12-20,wk inc flu hosp,0,2025-12-20,US,quantile,0.55,11439.0
2025-12-20,wk inc flu hosp,0,2025-12-20,US,quantile,0.6,11953.0
2025-12-20,wk inc flu hosp,0,2025-12-20,US,quantile,0.65,12555.0
2025-12-20,wk inc flu hosp,0,2025-12-20,US,quantile,0.7,13205.0
2025-12-20,wk inc flu hosp,0,2025-12-20,US,quantile,0.75,13899.0
2025-12-20,wk inc flu hosp,0,2025-12-20,US,quantile,0.8,14686.0
2025-12-20,wk inc flu hosp,0,2025-12-20,US,quantile,0.85,15656.0
2025-12-20,wk inc flu hosp,0,2025-12-20,US,quantile,0.9,16841.0
2025-12-20,wk inc flu hosp,0,2025-12-20,US,quantile,0.95,18736.0
2025-12-20,wk inc flu hosp,0,2025-12-20,US,quantile,0.975,20467.0
2025-12-20,wk inc flu hosp,0,2025-12-20,US,quantile,0.99,22483.0
2025-12-20,wk inc flu hosp,1,2025-12-27,01,quantile,0.01,14.0
2025-12-20,wk inc flu hosp,1,2025-12-27,01,quantile,0.025,19.0
2025-12-20,wk inc flu hosp,1,2025-12-27,01,quantile,0.05,22.0
2025-12-20,wk inc flu hosp,1,2025-12-27,01,quantile,0.1,29.0
2025-12-20,wk inc flu hosp,1,2025-12-27,01,quantile,0.15,40.0
2025-12-20,wk inc flu hosp,1,2025-12-27,01,quantile,0.2,65.0
2025-12-20,wk inc flu hosp,1,2025-12-27,01,quantile,0.25,83.0
2025-12-20,wk inc flu hosp,1,2025-12-27,01,quantile,0.3,100.0
2025-12-20,wk inc flu hosp,1,2025-12-27,01,quantile,0.35,113.0
2025-12-20,wk inc flu hosp,1,2025-12-27,01,quantile,0.4,132.0
2025-12-20,wk inc flu hosp,1,2025-12-27,01,quantile,0.45,146.0
2025-12-20,wk inc flu hosp,1,2025-12-27,01,quantile,0.5,160.0
2025-12-20,wk inc flu hosp,1,2025-12-27,01,quantile,0.55,176.0
2025-12-20,wk inc flu hosp,1,2025-12-27,01,quantile,0.6,188.0
2025-12-20,wk inc flu hosp,1,2025-12-27,01,quantile,0.65,199.0
2025-12-20,wk inc flu hosp,1,2025-12-27,01,quantile,0.7,212.0
2025-12-20,wk inc flu hosp,1,2025-12-27,01,quantile,0.75,230.0
2025-12-20,wk inc flu hosp,1,2025-12-27,01,quantile,0.8,253.0
2025-12-20,wk inc flu hosp,1,2025-12-27,01,quantile,0.85,277.0
2025-12-20,wk inc flu hosp,1,2025-12-27,01,quantile,0.9,314.0
2025-12-20,wk inc flu hosp,1,2025-12-27,01,quantile,0.95,375.0
2025-12-20,wk inc flu hosp,1,2025-12-27,01,quantile,0.975,423.0
2025-12-20,wk inc flu hosp,1,2025-12-27,01,quantile,0.99,498.0
2025-12-20,wk inc flu hosp,1,2025-12-27,02,quantile,0.01,2.0
2025-12-20,wk inc flu hosp,1,2025-12-27,02,quantile,0.025,2.0
2025-12-20,wk inc flu hosp,1,2025-12-27,02,quantile,0.05,3.0
2025-12-20,wk inc flu hosp,1,2025-12-27,02,quantile,0.1,4.0
2025-12-20,wk inc flu hosp,1,2025-12-27,02,quantile,0.15,6.0
2025-12-20,wk inc flu hosp,1,2025-12-27,02,quantile,0.2,9.0
2025-12-20,wk inc flu hosp,1,2025-12-27,02,quantile,0.25,11.0
2025-12-20,wk inc flu hosp,1,2025-12-27,02,quantile,0.3,13.0
2025-12-20,wk inc flu hosp,1,2025-12-27,02,quantile,0.35,15.0
2025-12-20,wk inc flu hosp,1,2025-12-27,02,quantile,0.4,17.0
2025-12-20,wk inc flu hosp,1,2025-12-27,02,quantile,0.45,19.0
2025-12-20,wk inc flu hosp,1,2025-12-27,02,quantile,0.5,21.0
2025-12-20,wk inc flu hosp,1,2025-12-27,02,quantile,0.55,23.0
2025-12-20,wk inc flu hosp,1,2025-12-27,02,quantile,0.6,25.0
2025-12-20,wk inc flu hosp,1,2025-12-27,02,quantile,0.65,27.0
2025-12-20,wk inc flu hosp,1,2025-12-27,02,quantile,0.7,30.0
2025-12-20,wk inc flu hosp,1,2025-12-27,02,quantile,0.75,32.0
2025-12-20,wk inc flu hosp,1,2025-12-27,02,quantile,0.8,35.0
2025-12-20,wk inc flu hosp,1,2025-12-27,02,quantile,0.85,38.0
2025-12-20,wk inc flu hosp,1,2025-12-27,02,quantile,0.9,42.0
2025-12-20,wk inc flu hosp,1,2025-12-27,02,quantile,0.95,49.0
2025-12-20,wk inc flu hosp,1,2025-12-27,02,quantile,0.975,56.0
2025-12-20,wk inc flu hosp,1,2025-12-27,02,quantile,0.99,67.0
2025-12-20,wk inc flu hosp,1,2025-12-27,04,quantile,0.01,11.0
2025-12-20,wk inc flu hosp,1,2025-12-27,04,quantile,0.025,17.0
2025-12-20,wk inc flu hosp,1,2025-12-27,04,quantile,0.05,22.0
2025-12-20,wk inc flu hosp,1,2025-12-27,04,quantile,0.1,28.0
2025-12-20,wk inc flu hosp,1,2025-12-27,04,quantile,0.15,32.0
2025-12-20,wk inc flu hosp,1,2025-12-27,04,quantile,0.2,39.0
2025-12-20,wk inc flu hosp,1,2025-12-27,04,quantile,0.25,55.0
2025-12-20,wk inc flu hosp,1,2025-12-27,04,quantile,0.3,67.0
2025-12-20,wk inc flu hosp,1,2025-12-27,04,quantile,0.35,79.0
2025-12-20,wk inc flu hosp,1,2025-12-27,04,quantile,0.4,90.0
2025-12-20,wk inc flu hosp,1,2025-12-27,04,quantile,0.45,104.0
2025-12-20,wk inc flu hosp,1,2025-12-27,04,quantile,0.5,118.0
2025-12-20,wk inc flu hosp,1,2025-12-27,04,quantile,0.55,125.0
2025-12-20,wk inc flu hosp,1,2025-12-27,04,quantile,0.6,134.0
2025-12-20,wk inc flu hosp,1,2025-12-27,04,quantile,0.65,142.0
2025-12-20,wk inc flu hosp,1,2025-12-27,04,quantile,0.7,154.0
2025-12-20,wk inc flu hosp,1,2025-12-27,04,quantile,0.75,166.0
2025-12-20,wk inc flu hosp,1,2025-12-27,04,quantile,0.8,181.0
2025-12-20,wk inc flu hosp,1,2025-12-27,04,quantile,0.85,203.0
2025-12-20,wk inc flu hosp,1,2025-12-27,04,quantile,0.9,235.0
2025-12-20,wk inc flu hosp,1,2025-12-27,04,quantile,0.95,311.0
2025-12-20,wk inc flu hosp,1,2025-12-27,04,quantile,0.975,351.0
2025-12-20,wk inc flu hosp,1,2025-12-27,04,quantile,0.99,405.0
2025-12-20,wk inc flu hosp,1,2025-12-27,05,quantile,0.01,4.0
2025-12-20,wk inc flu hosp,1,2025-12-27,05,quantile,0.025,6.0
2025-12-20,wk inc flu hosp,1,2025-12-27,05,quantile,0.05,8.0
2025-12-20,wk inc flu hosp,1,2025-12-27,05,quantile,0.1,10.0
2025-12-20,wk inc flu hosp,1,2025-12-27,05,quantile,0.15,18.0
2025-12-20,wk inc flu hosp,1,2025-12-27,05,quantile,0.2,25.0
2025-12-20,wk inc flu hosp,1,2025-12-27,05,quantile,0.25,32.0
2025-12-20,wk inc flu hosp,1,2025-12-27,05,quantile,0.3,38.0
2025-12-20,wk inc flu hosp,1,2025-12-27,05,quantile,0.35,43.0
2025-12-20,wk inc flu hosp,1,2025-12-27,05,quantile,0.4,49.0
2025-12-20,wk inc flu hosp,1,2025-12-27,05,quantile,0.45,54.0
2025-12-20,wk inc flu hosp,1,2025-12-27,05,quantile,0.5,59.0
2025-12-20,wk inc flu hosp,1,2025-12-27,05,quantile,0.55,62.0
2025-12-20,wk inc flu hosp,1,2025-12-27,05,quantile,0.6,66.0
2025-12-20,wk inc flu hosp,1,2025-12-27,05,quantile,0.65,70.0
2025-12-20,wk inc flu hosp,1,2025-12-27,05,quantile,0.7,75.0
2025-12-20,wk inc flu hosp,1,2025-12-27,05,quantile,0.75,81.0
2025-12-20,wk inc flu hosp,1,2025-12-27,05,quantile,0.8,87.0
2025-12-20,wk inc flu hosp,1,2025-12-27,05,quantile,0.85,96.0
2025-12-20,wk inc flu hosp,1,2025-12-27,05,quantile,0.9,111.0
2025-12-20,wk inc flu hosp,1,2025-12-27,05,quantile,0.95,136.0
2025-12-20,wk inc flu hosp,1,2025-12-27,05,quantile,0.975,154.0
2025-12-20,wk inc flu hosp,1,2025-12-27,05,quantile,0.99,170.0
2025-12-20,wk inc flu hosp,1,2025-12-27,06,quantile,0.01,49.0
2025-12-20,wk inc flu hosp,1,2025-12-27,06,quantile,0.025,65.0
2025-12-20,wk inc flu hosp,1,2025-12-27,06,quantile,0.05,82.0
2025-12-20,wk inc flu hosp,1,2025-12-27,06,quantile,0.1,100.0
2025-12-20,wk inc flu hosp,1,2025-12-27,06,quantile,0.15,111.0
2025-12-20,wk inc flu hosp,1,2025-12-27,06,quantile,0.2,162.0
2025-12-20,wk inc flu hosp,1,2025-12-27,06,quantile,0.25,231.0
2025-12-20,wk inc flu hosp,1,2025-12-27,06,quantile,0.3,299.0
2025-12-20,wk inc flu hosp,1,2025-12-27,06,quantile,0.35,351.0
2025-12-20,wk inc flu hosp,1,2025-12-27,06,quantile,0.4,404.0
2025-12-20,wk inc flu hosp,1,2025-12-27,06,quantile,0.45,430.0
2025-12-20,wk inc flu hosp,1,2025-12-27,06,quantile,0.5,453.0
2025-12-20,wk inc flu hosp,1,2025-12-27,06,quantile,0.55,482.0
2025-12-20,wk inc flu hosp,1,2025-12-27,06,quantile,0.6,520.0
2025-12-20,wk inc flu hosp,1,2025-12-27,06,quantile,0.65,550.0
2025-12-20,wk inc flu hosp,1,2025-12-27,06,quantile,0.7,588.0
2025-12-20,wk inc flu hosp,1,2025-12-27,06,quantile,0.75,645.0
2025-12-20,wk inc flu hosp,1,2025-12-27,06,quantile,0.8,700.0
2025-12-20,wk inc flu hosp,1,2025-12-27,06,quantile,0.85,788.0
2025-12-20,wk inc flu hosp,1,2025-12-27,06,quantile,0.9,921.0
2025-12-20,wk inc flu hosp,1,2025-12-27,06,quantile,0.95,1164.0
2025-12-20,wk inc flu hosp,1,2025-12-27,06,quantile,0.975,1311.0
2025-12-20,wk inc flu hosp,1,2025-12-27,06,quantile,0.99,1469.0
2025-12-20,wk inc flu hosp,1,2025-12-27,08,quantile,0.01,86.0
2025-12-20,wk inc flu hosp,1,2025-12-27,08,quantile,0.025,110.0
2025-12-20,wk inc flu hosp,1,2025-12-27,08,quantile,0.05,139.0
2025-12-20,wk inc flu hosp,1,2025-12-27,08,quantile,0.1,168.0
2025-12-20,wk inc flu hosp,1,2025-12-27,08,quantile,0.15,188.0
2025-12-20,wk inc flu hosp,1,2025-12-27,08,quantile,0.2,207.0
2025-12-20,wk inc flu hosp,1,2025-12-27,08,quantile,0.25,224.0
2025-12-20,wk inc flu hosp,1,2025-12-27,08,quantile,0.3,238.0
2025-12-20,wk inc flu hosp,1,2025-12-27,08,quantile,0.35,250.0
2025-12-20,wk inc flu hosp,1,2025-12-27,08,quantile,0.4,263.0
2025-12-20,wk inc flu hosp,1,2025-12-27,08,quantile,0.45,274.0
2025-12-20,wk inc flu hosp,1,2025-12-27,08,quantile,0.5,287.0
2025-12-20,wk inc flu hosp,1,2025-12-27,08,quantile,0.55,303.0
2025-12-20,wk inc flu hosp,1,2025-12-27,08,quantile,0.6,319.0
2025-12-20,wk inc flu hosp,1,2025-12-27,08,quantile,0.65,335.0
2025-12-20,wk inc flu hosp,1,2025-12-27,08,quantile,0.7,351.0
2025-12-20,wk inc flu hosp,1,2025-12-27,08,quantile,0.75,367.0
2025-12-20,wk inc flu hosp,1,2025-12-27,08,quantile,0.8,388.0
2025-12-20,wk inc flu hosp,1,2025-12-27,08,quantile,0.85,414.0
2025-12-20,wk inc flu hosp,1,2025-12-27,08,quantile,0.9,450.0
2025-12-20,wk inc flu hosp,1,2025-12-27,08,quantile,0.95,495.0
2025-12-20,wk inc flu hosp,1,2025-12-27,08,quantile,0.975,544.0
2025-12-20,wk inc flu hosp,1,2025-12-27,08,quantile,0.99,608.0
2025-12-20,wk inc flu hosp,1,2025-12-27,09,quantile,0.01,72.0
2025-12-20,wk inc flu hosp,1,2025-12-27,09,quantile,0.025,93.0
2025-12-20,wk inc flu hosp,1,2025-12-27,09,quantile,0.05,116.0
2025-12-20,wk inc flu hosp,1,2025-12-27,09,quantile,0.1,135.0
2025-12-20,wk inc flu hosp,1,2025-12-27,09,quantile,0.15,149.0
2025-12-20,wk inc flu hosp,1,2025-12-27,09,quantile,0.2,160.0
2025-12-20,wk inc flu hosp,1,2025-12-27,09,quantile,0.25,169.0
2025-12-20,wk inc flu hosp,1,2025-12-27,09,quantile,0.3,180.0
2025-12-20,wk inc flu hosp,1,2025-12-27,09,quantile,0.35,189.0
2025-12-20,wk inc flu hosp,1,2025-12-27,09,quantile,0.4,198.0
2025-12-20,wk inc flu hosp,1,2025-12-27,09,quantile,0.45,207.0
2025-12-20,wk inc flu hosp,1,2025-12-27,09,quantile,0.5,215.0
2025-12-20,wk inc flu hosp,1,2025-12-27,09,quantile,0.55,224.0
2025-12-20,wk inc flu hosp,1,2025-12-27,09,quantile,0.6,234.0
2025-12-20,wk inc flu hosp,1,2025-12-27,09,quantile,0.65,243.0
2025-12-20,wk inc flu hosp,1,2025-12-27,09,quantile,0.7,255.0
2025-12-20,wk inc flu hosp,1,2025-12-27,09,quantile,0.75,269.0
2025-12-20,wk inc flu hosp,1,2025-12-27,09,quantile,0.8,283.0
2025-12-20,wk inc flu hosp,1,2025-12-27,09,quantile,0.85,298.0
2025-12-20,wk inc flu hosp,1,2025-12-27,09,quantile,0.9,318.0
2025-12-20,wk inc flu hosp,1,2025-12-27,09,quantile,0.95,357.0
2025-12-20,wk inc flu hosp,1,2025-12-27,09,quantile,0.975,382.0
2025-12-20,wk inc flu hosp,1,2025-12-27,09,quantile,0.99,426.0
2025-12-20,wk inc flu hosp,1,2025-12-27,10,quantile,0.01,3.0
2025-12-20,wk inc flu hosp,1,2025-12-27,10,quantile,0.025,5.0
2025-12-20,wk inc flu hosp,1,2025-12-27,10,quantile,0.05,6.0
2025-12-20,wk inc flu hosp,1,2025-12-27,10,quantile,0.1,11.0
2025-12-20,wk inc flu hosp,1,2025-12-27,10,quantile,0.15,15.0
2025-12-20,wk inc flu hosp,1,2025-12-27,10,quantile,0.2,18.0
2025-12-20,wk inc flu hosp,1,2025-12-27,10,quantile,0.25,21.0
2025-12-20,wk inc flu hosp,1,2025-12-27,10,quantile,0.3,24.0
2025-12-20,wk inc flu hosp,1,2025-12-27,10,quantile,0.35,26.0
2025-12-20,wk inc flu hosp,1,2025-12-27,10,quantile,0.4,29.0
2025-12-20,wk inc flu hosp,1,2025-12-27,10,quantile,0.45,32.0
2025-12-20,wk inc flu hosp,1,2025-12-27,10,quantile,0.5,34.0
2025-12-20,wk inc flu hosp,1,2025-12-27,10,quantile,0.55,36.0
2025-12-20,wk inc flu hosp,1,2025-12-27,10,quantile,0.6,39.0
2025-12-20,wk inc flu hosp,1,2025-12-27,10,quantile,0.65,41.0
2025-12-20,wk inc flu hosp,1,2025-12-27,10,quantile,0.7,44.0
2025-12-20,wk inc flu hosp,1,2025-12-27,10,quantile,0.75,47.0
2025-12-20,wk inc flu hosp,1,2025-12-27,10,quantile,0.8,51.0
2025-12-20,wk inc flu hosp,1,2025-12-27,10,quantile,0.85,55.0
2025-12-20,wk inc flu hosp,1,2025-12-27,10,quantile,0.9,60.0
2025-12-20,wk inc flu hosp,1,2025-12-27,10,quantile,0.95,70.0
2025-12-20,wk inc flu hosp,1,2025-12-27,10,quantile,0.975,77.0
2025-12-20,wk inc flu hosp,1,2025-12-27,10,quantile,0.99,86.0
2025-12-20,wk inc flu hosp,1,2025-12-27,11,quantile,0.01,2.0
2025-12-20,wk inc flu hosp,1,2025-12-27,11,quantile,0.025,4.0
2025-12-20,wk inc flu hosp,1,2025-12-27,11,quantile,0.05,7.0
2025-12-20,wk inc flu hosp,1,2025-12-27,11,quantile,0.1,11.0
2025-12-20,wk inc flu hosp,1,2025-12-27,11,quantile,0.15,13.0
2025-12-20,wk inc flu hosp,1,2025-12-27,11,quantile,0.2,15.0
2025-12-20,wk inc flu hosp,1,2025-12-27,11,quantile,0.25,17.0
2025-12-20,wk inc flu hosp,1,2025-12-27,11,quantile,0.3,18.0
2025-12-20,wk inc flu hosp,1,2025-12-27,11,quantile,0.35,20.0
2025-12-20,wk inc flu hosp,1,2025-12-27,11,quantile,0.4,21.0
2025-12-20,wk inc flu hosp,1,2025-12-27,11,quantile,0.45,23.0
2025-12-20,wk inc flu hosp,1,2025-12-27,11,quantile,0.5,24.0
2025-12-20,wk inc flu hosp,1,2025-12-27,11,quantile,0.55,26.0
2025-12-20,wk inc flu hosp,1,2025-12-27,11,quantile,0.6,27.0
2025-12-20,wk inc flu hosp,1,2025-12-27,11,quantile,0.65,29.0
2025-12-20,wk inc flu hosp,1,2025-12-27,11,quantile,0.7,31.0
2025-12-20,wk inc flu hosp,1,2025-12-27,11,quantile,0.75,33.0
2025-12-20,wk inc flu hosp,1,2025-12-27,11,quantile,0.8,35.0
2025-12-20,wk inc flu hosp,1,2025-12-27,11,quantile,0.85,37.0
2025-12-20,wk inc flu hosp,1,2025-12-27,11,quantile,0.9,40.0
2025-12-20,wk inc flu hosp,1,2025-12-27,11,quantile,0.95,45.0
2025-12-20,wk inc flu hosp,1,2025-12-27,11,quantile,0.975,50.0
2025-12-20,wk inc flu hosp,1,2025-12-27,11,quantile,0.99,57.0
2025-12-20,wk inc flu hosp,1,2025-12-27,12,quantile,0.01,125.0
2025-12-20,wk inc flu hosp,1,2025-12-27,12,quantile,0.025,224.0
2025-12-20,wk inc flu hosp,1,2025-12-27,12,quantile,0.05,300.0
2025-12-20,wk inc flu hosp,1,2025-12-27,12,quantile,0.1,396.0
2025-12-20,wk inc flu hosp,1,2025-12-27,12,quantile,0.15,444.0
2025-12-20,wk inc flu hosp,1,2025-12-27,12,quantile,0.2,495.0
2025-12-20,wk inc flu hosp,1,2025-12-27,12,quantile,0.25,543.0
2025-12-20,wk inc flu hosp,1,2025-12-27,12,quantile,0.3,593.0
2025-12-20,wk inc flu hosp,1,2025-12-27,12,quantile,0.35,633.0
2025-12-20,wk inc flu hosp,1,2025-12-27,12,quantile,0.4,664.0
2025-12-20,wk inc flu hosp,1,2025-12-27,12,quantile,0.45,714.0
2025-12-20,wk inc flu hosp,1,2025-12-27,12,quantile,0.5,745.0
2025-12-20,wk inc flu hosp,1,2025-12-27,12,quantile,0.55,778.0
2025-12-20,wk inc flu hosp,1,2025-12-27,12,quantile,0.6,820.0
2025-12-20,wk inc flu hosp,1,2025-12-27,12,quantile,0.65,865.0
2025-12-20,wk inc flu hosp,1,2025-12-27,12,quantile,0.7,911.0
2025-12-20,wk inc flu hosp,1,2025-12-27,12,quantile,0.75,963.0
2025-12-20,wk inc flu hosp,1,2025-12-27,12,quantile,0.8,1015.0
2025-12-20,wk inc flu hosp,1,2025-12-27,12,quantile,0.85,1095.0
2025-12-20,wk inc flu hosp,1,2025-12-27,12,quantile,0.9,1177.0
2025-12-20,wk inc flu hosp,1,2025-12-27,12,quantile,0.95,1299.0
2025-12-20,wk inc flu hosp,1,2025-12-27,12,quantile,0.975,1413.0
2025-12-20,wk inc flu hosp,1,2025-12-27,12,quantile,0.99,1578.0
2025-12-20,wk inc flu hosp,1,2025-12-27,13,quantile,0.01,35.0
2025-12-20,wk inc flu hosp,1,2025-12-27,13,quantile,0.025,44.0
2025-12-20,wk inc flu hosp,1,2025-12-27,13,quantile,0.05,58.0
2025-12-20,wk inc flu hosp,1,2025-12-27,13,quantile,0.1,109.0
2025-12-20,wk inc flu hosp,1,2025-12-27,13,quantile,0.15,148.0
2025-12-20,wk inc flu hosp,1,2025-12-27,13,quantile,0.2,177.0
2025-12-20,wk inc flu hosp,1,2025-12-27,13,quantile,0.25,204.0
2025-12-20,wk inc flu hosp,1,2025-12-27,13,quantile,0.3,229.0
2025-12-20,wk inc flu hosp,1,2025-12-27,13,quantile,0.35,255.0
2025-12-20,wk inc flu hosp,1,2025-12-27,13,quantile,0.4,279.0
2025-12-20,wk inc flu hosp,1,2025-12-27,13,quantile,0.45,297.0
2025-12-20,wk inc flu hosp,1,2025-12-27,13,quantile,0.5,317.0
2025-12-20,wk inc flu hosp,1,2025-12-27,13,quantile,0.55,341.0
2025-12-20,wk inc flu hosp,1,2025-12-27,13,quantile,0.6,366.0
2025-12-20,wk inc flu hosp,1,2025-12-27,13,quantile,0.65,391.0
2025-12-20,wk inc flu hosp,1,2025-12-27,13,quantile,0.7,414.0
2025-12-20,wk inc flu hosp,1,2025-12-27,13,quantile,0.75,446.0
2025-12-20,wk inc flu hosp,1,2025-12-27,13,quantile,0.8,477.0
2025-12-20,wk inc flu hosp,1,2025-12-27,13,quantile,0.85,513.0
2025-12-20,wk inc flu hosp,1,2025-12-27,13,quantile,0.9,565.0
2025-12-20,wk inc flu hosp,1,2025-12-27,13,quantile,0.95,631.0
2025-12-20,wk inc flu hosp,1,2025-12-27,13,quantile,0.975,686.0
2025-12-20,wk inc flu hosp,1,2025-12-27,13,quantile,0.99,788.0
2025-12-20,wk inc flu hosp,1,2025-12-27,15,quantile,0.01,12.0
2025-12-20,wk inc flu hosp,1,2025-12-27,15,quantile,0.025,24.0
2025-12-20,wk inc flu hosp,1,2025-12-27,15,quantile,0.05,38.0
2025-12-20,wk inc flu hosp,1,2025-12-27,15,quantile,0.1,53.0
2025-12-20,wk inc flu hosp,1,2025-12-27,15,quantile,0.15,60.0
2025-12-20,wk inc flu hosp,1,2025-12-27,15,quantile,0.2,68.0
2025-12-20,wk inc flu hosp,1,2025-12-27,15,quantile,0.25,76.0
2025-12-20,wk inc flu hosp,1,2025-12-27,15,quantile,0.3,83.0
2025-12-20,wk inc flu hosp,1,2025-12-27,15,quantile,0.35,90.0
2025-12-20,wk inc flu hosp,1,2025-12-27,15,quantile,0.4,96.0
2025-12-20,wk inc flu hosp,1,2025-12-27,15,quantile,0.45,102.0
2025-12-20,wk inc flu hosp,1,2025-12-27,15,quantile,0.5,108.0
2025-12-20,wk inc flu hosp,1,2025-12-27,15,quantile,0.55,114.0
2025-12-20,wk inc flu hosp,1,2025-12-27,15,quantile,0.6,120.0
2025-12-20,wk inc flu hosp,1,2025-12-27,15,quantile,0.65,126.0
2025-12-20,wk inc flu hosp,1,2025-12-27,15,quantile,0.7,134.0
2025-12-20,wk inc flu hosp,1,2025-12-27,15,quantile,0.75,143.0
2025-12-20,wk inc flu hosp,1,2025-12-27,15,quantile,0.8,152.0
2025-12-20,wk inc flu hosp,1,2025-12-27,15,quantile,0.85,164.0
2025-12-20,wk inc flu hosp,1,2025-12-27,15,quantile,0.9,179.0
2025-12-20,wk inc flu hosp,1,2025-12-27,15,quantile,0.95,200.0
2025-12-20,wk inc flu hosp,1,2025-12-27,15,quantile,0.975,223.0
2025-12-20,wk inc flu hosp,1,2025-12-27,15,quantile,0.99,247.0
2025-12-20,wk inc flu hosp,1,2025-12-27,16,quantile,0.01,6.0
2025-12-20,wk inc flu hosp,1,2025-12-27,16,quantile,0.025,8.0
2025-12-20,wk inc flu hosp,1,2025-12-27,16,quantile,0.05,12.0
2025-12-20,wk inc flu hosp,1,2025-12-27,16,quantile,0.1,20.0
2025-12-20,wk inc flu hosp,1,2025-12-27,16,quantile,0.15,28.0
2025-12-20,wk inc flu hosp,1,2025-12-27,16,quantile,0.2,33.0
2025-12-20,wk inc flu hosp,1,2025-12-27,16,quantile,0.25,39.0
2025-12-20,wk inc flu hosp,1,2025-12-27,16,quantile,0.3,42.0
2025-12-20,wk inc flu hosp,1,2025-12-27,16,quantile,0.35,47.0
2025-12-20,wk inc flu hosp,1,2025-12-27,16,quantile,0.4,52.0
2025-12-20,wk inc flu hosp,1,2025-12-27,16,quantile,0.45,56.0
2025-12-20,wk inc flu hosp,1,2025-12-27,16,quantile,0.5,59.0
2025-12-20,wk inc flu hosp,1,2025-12-27,16,quantile,0.55,64.0
2025-12-20,wk inc flu hosp,1,2025-12-27,16,quantile,0.6,69.0
2025-12-20,wk inc flu hosp,1,2025-12-27,16,quantile,0.65,72.0
2025-12-20,wk inc flu hosp,1,2025-12-27,16,quantile,0.7,76.0
2025-12-20,wk inc flu hosp,1,2025-12-27,16,quantile,0.75,82.0
2025-12-20,wk inc flu hosp,1,2025-12-27,16,quantile,0.8,88.0
2025-12-20,wk inc flu hosp,1,2025-12-27,16,quantile,0.85,95.0
2025-12-20,wk inc flu hosp,1,2025-12-27,16,quantile,0.9,104.0
2025-12-20,wk inc flu hosp,1,2025-12-27,16,quantile,0.95,118.0
2025-12-20,wk inc flu hosp,1,2025-12-27,16,quantile,0.975,130.0
2025-12-20,wk inc flu hosp,1,2025-12-27,16,quantile,0.99,151.0
2025-12-20,wk inc flu hosp,1,2025-12-27,17,quantile,0.01,31.0
2025-12-20,wk inc flu hosp,1,2025-12-27,17,quantile,0.025,39.0
2025-12-20,wk inc flu hosp,1,2025-12-27,17,quantile,0.05,50.0
2025-12-20,wk inc flu hosp,1,2025-12-27,17,quantile,0.1,61.0
2025-12-20,wk inc flu hosp,1,2025-12-27,17,quantile,0.15,105.0
2025-12-20,wk inc flu hosp,1,2025-12-27,17,quantile,0.2,143.0
2025-12-20,wk inc flu hosp,1,2025-12-27,17,quantile,0.25,181.0
2025-12-20,wk inc flu hosp,1,2025-12-27,17,quantile,0.3,205.0
2025-12-20,wk inc flu hosp,1,2025-12-27,17,quantile,0.35,237.0
2025-12-20,wk inc flu hosp,1,2025-12-27,17,quantile,0.4,261.0
2025-12-20,wk inc flu hosp,1,2025-12-27,17,quantile,0.45,289.0
2025-12-20,wk inc flu hosp,1,2025-12-27,17,quantile,0.5,312.0
2025-12-20,wk inc flu hosp,1,2025-12-27,17,quantile,0.55,342.0
2025-12-20,wk inc flu hosp,1,2025-12-27,17,quantile,0.6,363.0
2025-12-20,wk inc flu hosp,1,2025-12-27,17,quantile,0.65,385.0
2025-12-20,wk inc flu hosp,1,2025-12-27,17,quantile,0.7,412.0
2025-12-20,wk inc flu hosp,1,2025-12-27,17,quantile,0.75,449.0
2025-12-20,wk inc flu hosp,1,2025-12-27,17,quantile,0.8,484.0
2025-12-20,wk inc flu hosp,1,2025-12-27,17,quantile,0.85,526.0
2025-12-20,wk inc flu hosp,1,2025-12-27,17,quantile,0.9,605.0
2025-12-20,wk inc flu hosp,1,2025-12-27,17,quantile,0.95,676.0
2025-12-20,wk inc flu hosp,1,2025-12-27,17,quantile,0.975,738.0
2025-12-20,wk inc flu hosp,1,2025-12-27,17,quantile,0.99,854.0
2025-12-20,wk inc flu hosp,1,2025-12-27,18,quantile,0.01,13.0
2025-12-20,wk inc flu hosp,1,2025-12-27,18,quantile,0.025,18.0
2025-12-20,wk inc flu hosp,1,2025-12-27,18,quantile,0.05,22.0
2025-12-20,wk inc flu hosp,1,2025-12-27,18,quantile,0.1,27.0
2025-12-20,wk inc flu hosp,1,2025-12-27,18,quantile,0.15,37.0
2025-12-20,wk inc flu hosp,1,2025-12-27,18,quantile,0.2,58.0
2025-12-20,wk inc flu hosp,1,2025-12-27,18,quantile,0.25,83.0
2025-12-20,wk inc flu hosp,1,2025-12-27,18,quantile,0.3,101.0
2025-12-20,wk inc flu hosp,1,2025-12-27,18,quantile,0.35,120.0
2025-12-20,wk inc flu hosp,1,2025-12-27,18,quantile,0.4,136.0
2025-12-20,wk inc flu hosp,1,2025-12-27,18,quantile,0.45,153.0
2025-12-20,wk inc flu hosp,1,2025-12-27,18,quantile,0.5,176.0
2025-12-20,wk inc flu hosp,1,2025-12-27,18,quantile,0.55,190.0
2025-12-20,wk inc flu hosp,1,2025-12-27,18,quantile,0.6,203.0
2025-12-20,wk inc flu hosp,1,2025-12-27,18,quantile,0.65,215.0
2025-12-20,wk inc flu hosp,1,2025-12-27,18,quantile,0.7,228.0
2025-12-20,wk inc flu hosp,1,2025-12-27,18,quantile,0.75,247.0
2025-12-20,wk inc flu hosp,1,2025-12-27,18,quantile,0.8,270.0
2025-12-20,wk inc flu hosp,1,2025-12-27,18,quantile,0.85,293.0
2025-12-20,wk inc flu hosp,1,2025-12-27,18,quantile,0.9,329.0
2025-12-20,wk inc flu hosp,1,2025-12-27,18,quantile,0.95,385.0
2025-12-20,wk inc flu hosp,1,2025-12-27,18,quantile,0.975,440.0
2025-12-20,wk inc flu hosp,1,2025-12-27,18,quantile,0.99,510.0
2025-12-20,wk inc flu hosp,1,2025-12-27,19,quantile,0.01,2.0
2025-12-20,wk inc flu hosp,1,2025-12-27,19,quantile,0.025,4.0
2025-12-20,wk inc flu hosp,1,2025-12-27,19,quantile,0.05,4.0
2025-12-20,wk inc flu hosp,1,2025-12-27,19,quantile,0.1,6.0
2025-12-20,wk inc flu hosp,1,2025-12-27,19,quantile,0.15,8.0
2025-12-20,wk inc flu hosp,1,2025-12-27,19,quantile,0.2,14.0
2025-12-20,wk inc flu hosp,1,2025-12-27,19,quantile,0.25,19.0
2025-12-20,wk inc flu hosp,1,2025-12-27,19,quantile,0.3,23.0
2025-12-20,wk inc flu hosp,1,2025-12-27,19,quantile,0.35,27.0
2025-12-20,wk inc flu hosp,1,2025-12-27,19,quantile,0.4,31.0
2025-12-20,wk inc flu hosp,1,2025-12-27,19,quantile,0.45,36.0
2025-12-20,wk inc flu hosp,1,2025-12-27,19,quantile,0.5,40.0
2025-12-20,wk inc flu hosp,1,2025-12-27,19,quantile,0.55,42.0
2025-12-20,wk inc flu hosp,1,2025-12-27,19,quantile,0.6,46.0
2025-12-20,wk inc flu hosp,1,2025-12-27,19,quantile,0.65,49.0
2025-12-20,wk inc flu hosp,1,2025-12-27,19,quantile,0.7,52.0
2025-12-20,wk inc flu hosp,1,2025-12-27,19,quantile,0.75,57.0
2025-12-20,wk inc flu hosp,1,2025-12-27,19,quantile,0.8,62.0
2025-12-20,wk inc flu hosp,1,2025-12-27,19,quantile,0.85,69.0
2025-12-20,wk inc flu hosp,1,2025-12-27,19,quantile,0.9,78.0
2025-12-20,wk inc flu hosp,1,2025-12-27,19,quantile,0.95,93.0
2025-12-20,wk inc flu hosp,1,2025-12-27,19,quantile,0.975,103.0
2025-12-20,wk inc flu hosp,1,2025-12-27,19,quantile,0.99,116.0
2025-12-20,wk inc flu hosp,1,2025-12-27,20,quantile,0.01,4.0
2025-12-20,wk inc flu hosp,1,2025-12-27,20,quantile,0.025,4.0
2025-12-20,wk inc flu hosp,1,2025-12-27,20,quantile,0.05,6.0
2025-12-20,wk inc flu hosp,1,2025-12-27,20,quantile,0.1,7.0
2025-12-20,wk inc flu hosp,1,2025-12-27,20,quantile,0.15,11.0
2025-12-20,wk inc flu hosp,1,2025-12-27,20,quantile,0.2,18.0
2025-12-20,wk inc flu hosp,1,2025-12-27,20,quantile,0.25,24.0
2025-12-20,wk inc flu hosp,1,2025-12-27,20,quantile,0.3,30.0
2025-12-20,wk inc flu hosp,1,2025-12-27,20,quantile,0.35,35.0
2025-12-20,wk inc flu hosp,1,2025-12-27,20,quantile,0.4,37.0
2025-12-20,wk inc flu hosp,1,2025-12-27,20,quantile,0.45,40.0
2025-12-20,wk inc flu hosp,1,2025-12-27,20,quantile,0.5,42.0
2025-12-20,wk inc flu hosp,1,2025-12-27,20,quantile,0.55,45.0
2025-12-20,wk inc flu hosp,1,2025-12-27,20,quantile,0.6,47.0
2025-12-20,wk inc flu hosp,1,2025-12-27,20,quantile,0.65,51.0
2025-12-20,wk inc flu hosp,1,2025-12-27,20,quantile,0.7,54.0
2025-12-20,wk inc flu hosp,1,2025-12-27,20,quantile,0.75,58.0
2025-12-20,wk inc flu hosp,1,2025-12-27,20,quantile,0.8,64.0
2025-12-20,wk inc flu hosp,1,2025-12-27,20,quantile,0.85,70.0
2025-12-20,wk inc flu hosp,1,2025-12-27,20,quantile,0.9,80.0
2025-12-20,wk inc flu hosp,1,2025-12-27,20,quantile,0.95,101.0
2025-12-20,wk inc flu hosp,1,2025-12-27,20,quantile,0.975,123.0
2025-12-20,wk inc flu hosp,1,2025-12-27,20,quantile,0.99,157.0
2025-12-20,wk inc flu hosp,1,2025-12-27,21,quantile,0.01,11.0
2025-12-20,wk inc flu hosp,1,2025-12-27,21,quantile,0.025,15.0
2025-12-20,wk inc flu hosp,1,2025-12-27,21,quantile,0.05,18.0
2025-12-20,wk inc flu hosp,1,2025-12-27,21,quantile,0.1,22.0
2025-12-20,wk inc flu hosp,1,2025-12-27,21,quantile,0.15,27.0
2025-12-20,wk inc flu hosp,1,2025-12-27,21,quantile,0.2,44.0
2025-12-20,wk inc flu hosp,1,2025-12-27,21,quantile,0.25,57.0
2025-12-20,wk inc flu hosp,1,2025-12-27,21,quantile,0.3,69.0
2025-12-20,wk inc flu hosp,1,2025-12-27,21,quantile,0.35,81.0
2025-12-20,wk inc flu hosp,1,2025-12-27,21,quantile,0.4,94.0
2025-12-20,wk inc flu hosp,1,2025-12-27,21,quantile,0.45,103.0
2025-12-20,wk inc flu hosp,1,2025-12-27,21,quantile,0.5,109.0
2025-12-20,wk inc flu hosp,1,2025-12-27,21,quantile,0.55,116.0
2025-12-20,wk inc flu hosp,1,2025-12-27,21,quantile,0.6,123.0
2025-12-20,wk inc flu hosp,1,2025-12-27,21,quantile,0.65,133.0
2025-12-20,wk inc flu hosp,1,2025-12-27,21,quantile,0.7,141.0
2025-12-20,wk inc flu hosp,1,2025-12-27,21,quantile,0.75,154.0
2025-12-20,wk inc flu hosp,1,2025-12-27,21,quantile,0.8,168.0
2025-12-20,wk inc flu hosp,1,2025-12-27,21,quantile,0.85,183.0
2025-12-20,wk inc flu hosp,1,2025-12-27,21,quantile,0.9,210.0
2025-12-20,wk inc flu hosp,1,2025-12-27,21,quantile,0.95,249.0
2025-12-20,wk inc flu hosp,1,2025-12-27,21,quantile,0.975,285.0
2025-12-20,wk inc flu hosp,1,2025-12-27,21,quantile,0.99,341.0
2025-12-20,wk inc flu hosp,1,2025-12-27,22,quantile,0.01,41.0
2025-12-20,wk inc flu hosp,1,2025-12-27,22,quantile,0.025,69.0
2025-12-20,wk inc flu hosp,1,2025-12-27,22,quantile,0.05,91.0
2025-12-20,wk inc flu hosp,1,2025-12-27,22,quantile,0.1,119.0
2025-12-20,wk inc flu hosp,1,2025-12-27,22,quantile,0.15,139.0
2025-12-20,wk inc flu hosp,1,2025-12-27,22,quantile,0.2,156.0
2025-12-20,wk inc flu hosp,1,2025-12-27,22,quantile,0.25,168.0
2025-12-20,wk inc flu hosp,1,2025-12-27,22,quantile,0.3,182.0
2025-12-20,wk inc flu hosp,1,2025-12-27,22,quantile,0.35,194.0
2025-12-20,wk inc flu hosp,1,2025-12-27,22,quantile,0.4,206.0
2025-12-20,wk inc flu hosp,1,2025-12-27,22,quantile,0.45,217.0
2025-12-20,wk inc flu hosp,1,2025-12-27,22,quantile,0.5,230.0
2025-12-20,wk inc flu hosp,1,2025-12-27,22,quantile,0.55,241.0
2025-12-20,wk inc flu hosp,1,2025-12-27,22,quantile,0.6,254.0
2025-12-20,wk inc flu hosp,1,2025-12-27,22,quantile,0.65,266.0
2025-12-20,wk inc flu hosp,1,2025-12-27,22,quantile,0.7,280.0
2025-12-20,wk inc flu hosp,1,2025-12-27,22,quantile,0.75,296.0
2025-12-20,wk inc flu hosp,1,2025-12-27,22,quantile,0.8,312.0
2025-12-20,wk inc flu hosp,1,2025-12-27,22,quantile,0.85,332.0
2025-12-20,wk inc flu hosp,1,2025-12-27,22,quantile,0.9,362.0
2025-12-20,wk inc flu hosp,1,2025-12-27,22,quantile,0.95,401.0
2025-12-20,wk inc flu hosp,1,2025-12-27,22,quantile,0.975,437.0
2025-12-20,wk inc flu hosp,1,2025-12-27,22,quantile,0.99,490.0
2025-12-20,wk inc flu hosp,1,2025-12-27,23,quantile,0.01,1.0
2025-12-20,wk inc flu hosp,1,2025-12-27,23,quantile,0.025,2.0
2025-12-20,wk inc flu hosp,1,2025-12-27,23,quantile,0.05,2.0
2025-12-20,wk inc flu hosp,1,2025-12-27,23,quantile,0.1,2.0
2025-12-20,wk inc flu hosp,1,2025-12-27,23,quantile,0.15,4.0
2025-12-20,wk inc flu hosp,1,2025-12-27,23,quantile,0.2,5.0
2025-12-20,wk inc flu hosp,1,2025-12-27,23,quantile,0.25,7.0
2025-12-20,wk inc flu hosp,1,2025-12-27,23,quantile,0.3,9.0
2025-12-20,wk inc flu hosp,1,2025-12-27,23,quantile,0.35,11.0
2025-12-20,wk inc flu hosp,1,2025-12-27,23,quantile,0.4,13.0
2025-12-20,wk inc flu hosp,1,2025-12-27,23,quantile,0.45,15.0
2025-12-20,wk inc flu hosp,1,2025-12-27,23,quantile,0.5,17.0
2025-12-20,wk inc flu hosp,1,2025-12-27,23,quantile,0.55,18.0
2025-12-20,wk inc flu hosp,1,2025-12-27,23,quantile,0.6,20.0
2025-12-20,wk inc flu hosp,1,2025-12-27,23,quantile,0.65,22.0
2025-12-20,wk inc flu hosp,1,2025-12-27,23,quantile,0.7,24.0
2025-12-20,wk inc flu hosp,1,2025-12-27,23,quantile,0.75,26.0
2025-12-20,wk inc flu hosp,1,2025-12-27,23,quantile,0.8,29.0
2025-12-20,wk inc flu hosp,1,2025-12-27,23,quantile,0.85,32.0
2025-12-20,wk inc flu hosp,1,2025-12-27,23,quantile,0.9,35.0
2025-12-20,wk inc flu hosp,1,2025-12-27,23,quantile,0.95,41.0
2025-12-20,wk inc flu hosp,1,2025-12-27,23,quantile,0.975,46.0
2025-12-20,wk inc flu hosp,1,2025-12-27,23,quantile,0.99,53.0
2025-12-20,wk inc flu hosp,1,2025-12-27,24,quantile,0.01,57.0
2025-12-20,wk inc flu hosp,1,2025-12-27,24,quantile,0.025,90.0
2025-12-20,wk inc flu hosp,1,2025-12-27,24,quantile,0.05,121.0
2025-12-20,wk inc flu hosp,1,2025-12-27,24,quantile,0.1,154.0
2025-12-20,wk inc flu hosp,1,2025-12-27,24,quantile,0.15,175.0
2025-12-20,wk inc flu hosp,1,2025-12-27,24,quantile,0.2,194.0
2025-12-20,wk inc flu hosp,1,2025-12-27,24,quantile,0.25,210.0
2025-12-20,wk inc flu hosp,1,2025-12-27,24,quantile,0.3,225.0
2025-12-20,wk inc flu hosp,1,2025-12-27,24,quantile,0.35,241.0
2025-12-20,wk inc flu hosp,1,2025-12-27,24,quantile,0.4,253.0
2025-12-20,wk inc flu hosp,1,2025-12-27,24,quantile,0.45,269.0
2025-12-20,wk inc flu hosp,1,2025-12-27,24,quantile,0.5,285.0
2025-12-20,wk inc flu hosp,1,2025-12-27,24,quantile,0.55,298.0
2025-12-20,wk inc flu hosp,1,2025-12-27,24,quantile,0.6,315.0
2025-12-20,wk inc flu hosp,1,2025-12-27,24,quantile,0.65,330.0
2025-12-20,wk inc flu hosp,1,2025-12-27,24,quantile,0.7,349.0
2025-12-20,wk inc flu hosp,1,2025-12-27,24,quantile,0.75,367.0
2025-12-20,wk inc flu hosp,1,2025-12-27,24,quantile,0.8,390.0
2025-12-20,wk inc flu hosp,1,2025-12-27,24,quantile,0.85,416.0
2025-12-20,wk inc flu hosp,1,2025-12-27,24,quantile,0.9,453.0
2025-12-20,wk inc flu hosp,1,2025-12-27,24,quantile,0.95,508.0
2025-12-20,wk inc flu hosp,1,2025-12-27,24,quantile,0.975,547.0
2025-12-20,wk inc flu hosp,1,2025-12-27,24,quantile,0.99,617.0
2025-12-20,wk inc flu hosp,1,2025-12-27,25,quantile,0.01,54.0
2025-12-20,wk inc flu hosp,1,2025-12-27,25,quantile,0.025,75.0
2025-12-20,wk inc flu hosp,1,2025-12-27,25,quantile,0.05,104.0
2025-12-20,wk inc flu hosp,1,2025-12-27,25,quantile,0.1,131.0
2025-12-20,wk inc flu hosp,1,2025-12-27,25,quantile,0.15,154.0
2025-12-20,wk inc flu hosp,1,2025-12-27,25,quantile,0.2,172.0
2025-12-20,wk inc flu hosp,1,2025-12-27,25,quantile,0.25,186.0
2025-12-20,wk inc flu hosp,1,2025-12-27,25,quantile,0.3,202.0
2025-12-20,wk inc flu hosp,1,2025-12-27,25,quantile,0.35,214.0
2025-12-20,wk inc flu hosp,1,2025-12-27,25,quantile,0.4,227.0
2025-12-20,wk inc flu hosp,1,2025-12-27,25,quantile,0.45,239.0
2025-12-20,wk inc flu hosp,1,2025-12-27,25,quantile,0.5,251.0
2025-12-20,wk inc flu hosp,1,2025-12-27,25,quantile,0.55,263.0
2025-12-20,wk inc flu hosp,1,2025-12-27,25,quantile,0.6,278.0
2025-12-20,wk inc flu hosp,1,2025-12-27,25,quantile,0.65,294.0
2025-12-20,wk inc flu hosp,1,2025-12-27,25,quantile,0.7,309.0
2025-12-20,wk inc flu hosp,1,2025-12-27,25,quantile,0.75,327.0
2025-12-20,wk inc flu hosp,1,2025-12-27,25,quantile,0.8,347.0
2025-12-20,wk inc flu hosp,1,2025-12-27,25,quantile,0.85,371.0
2025-12-20,wk inc flu hosp,1,2025-12-27,25,quantile,0.9,409.0
2025-12-20,wk inc flu hosp,1,2025-12-27,25,quantile,0.95,460.0
2025-12-20,wk inc flu hosp,1,2025-12-27,25,quantile,0.975,502.0
2025-12-20,wk inc flu hosp,1,2025-12-27,25,quantile,0.99,567.0
2025-12-20,wk inc flu hosp,1,2025-12-27,26,quantile,0.01,31.0
2025-12-20,wk inc flu hosp,1,2025-12-27,26,quantile,0.025,44.0
2025-12-20,wk inc flu hosp,1,2025-12-27,26,quantile,0.05,64.0
2025-12-20,wk inc flu hosp,1,2025-12-27,26,quantile,0.1,109.0
2025-12-20,wk inc flu hosp,1,2025-12-27,26,quantile,0.15,142.0
2025-12-20,wk inc flu hosp,1,2025-12-27,26,quantile,0.2,166.0
2025-12-20,wk inc flu hosp,1,2025-12-27,26,quantile,0.25,185.0
2025-12-20,wk inc flu hosp,1,2025-12-27,26,quantile,0.3,206.0
2025-12-20,wk inc flu hosp,1,2025-12-27,26,quantile,0.35,225.0
2025-12-20,wk inc flu hosp,1,2025-12-27,26,quantile,0.4,244.0
2025-12-20,wk inc flu hosp,1,2025-12-27,26,quantile,0.45,263.0
2025-12-20,wk inc flu hosp,1,2025-12-27,26,quantile,0.5,283.0
2025-12-20,wk inc flu hosp,1,2025-12-27,26,quantile,0.55,302.0
2025-12-20,wk inc flu hosp,1,2025-12-27,26,quantile,0.6,320.0
2025-12-20,wk inc flu hosp,1,2025-12-27,26,quantile,0.65,338.0
2025-12-20,wk inc flu hosp,1,2025-12-27,26,quantile,0.7,359.0
2025-12-20,wk inc flu hosp,1,2025-12-27,26,quantile,0.75,381.0
2025-12-20,wk inc flu hosp,1,2025-12-27,26,quantile,0.8,406.0
2025-12-20,wk inc flu hosp,1,2025-12-27,26,quantile,0.85,441.0
2025-12-20,wk inc flu hosp,1,2025-12-27,26,quantile,0.9,483.0
2025-12-20,wk inc flu hosp,1,2025-12-27,26,quantile,0.95,546.0
2025-12-20,wk inc flu hosp,1,2025-12-27,26,quantile,0.975,599.0
2025-12-20,wk inc flu hosp,1,2025-12-27,26,quantile,0.99,685.0
2025-12-20,wk inc flu hosp,1,2025-12-27,27,quantile,0.01,24.0
2025-12-20,wk inc flu hosp,1,2025-12-27,27,quantile,0.025,34.0
2025-12-20,wk inc flu hosp,1,2025-12-27,27,quantile,0.05,54.0
2025-12-20,wk inc flu hosp,1,2025-12-27,27,quantile,0.1,98.0
2025-12-20,wk inc flu hosp,1,2025-12-27,27,quantile,0.15,129.0
2025-12-20,wk inc flu hosp,1,2025-12-27,27,quantile,0.2,153.0
2025-12-20,wk inc flu hosp,1,2025-12-27,27,quantile,0.25,174.0
2025-12-20,wk inc flu hosp,1,2025-12-27,27,quantile,0.3,198.0
2025-12-20,wk inc flu hosp,1,2025-12-27,27,quantile,0.35,219.0
2025-12-20,wk inc flu hosp,1,2025-12-27,27,quantile,0.4,236.0
2025-12-20,wk inc flu hosp,1,2025-12-27,27,quantile,0.45,252.0
2025-12-20,wk inc flu hosp,1,2025-12-27,27,quantile,0.5,272.0
2025-12-20,wk inc flu hosp,1,2025-12-27,27,quantile,0.55,289.0
2025-12-20,wk inc flu hosp,1,2025-12-27,27,quantile,0.6,311.0
2025-12-20,wk inc flu hosp,1,2025-12-27,27,quantile,0.65,334.0
2025-12-20,wk inc flu hosp,1,2025-12-27,27,quantile,0.7,355.0
2025-12-20,wk inc flu hosp,1,2025-12-27,27,quantile,0.75,381.0
2025-12-20,wk inc flu hosp,1,2025-12-27,27,quantile,0.8,405.0
2025-12-20,wk inc flu hosp,1,2025-12-27,27,quantile,0.85,433.0
2025-12-20,wk inc flu hosp,1,2025-12-27,27,quantile,0.9,476.0
2025-12-20,wk inc flu hosp,1,2025-12-27,27,quantile,0.95,534.0
2025-12-20,wk inc flu hosp,1,2025-12-27,27,quantile,0.975,588.0
2025-12-20,wk inc flu hosp,1,2025-12-27,27,quantile,0.99,676.0
2025-12-20,wk inc flu hosp,1,2025-12-27,28,quantile,0.01,2.0
2025-12-20,wk inc flu hosp,1,2025-12-27,28,quantile,0.025,4.0
2025-12-20,wk inc flu hosp,1,2025-12-27,28,quantile,0.05,5.0
2025-12-20,wk inc flu hosp,1,2025-12-27,28,quantile,0.1,7.0
2025-12-20,wk inc flu hosp,1,2025-12-27,28,quantile,0.15,8.0
2025-12-20,wk inc flu hosp,1,2025-12-27,28,quantile,0.2,14.0
2025-12-20,wk inc flu hosp,1,2025-12-27,28,quantile,0.25,26.0
2025-12-20,wk inc flu hosp,1,2025-12-27,28,quantile,0.3,34.0
2025-12-20,wk inc flu hosp,1,2025-12-27,28,quantile,0.35,43.0
2025-12-20,wk inc flu hosp,1,2025-12-27,28,quantile,0.4,51.0
2025-12-20,wk inc flu hosp,1,2025-12-27,28,quantile,0.45,61.0
2025-12-20,wk inc flu hosp,1,2025-12-27,28,quantile,0.5,66.0
2025-12-20,wk inc flu hosp,1,2025-12-27,28,quantile,0.55,70.0
2025-12-20,wk inc flu hosp,1,2025-12-27,28,quantile,0.6,76.0
2025-12-20,wk inc flu hosp,1,2025-12-27,28,quantile,0.65,80.0
2025-12-20,wk inc flu hosp,1,2025-12-27,28,quantile,0.7,86.0
2025-12-20,wk inc flu hosp,1,2025-12-27,28,quantile,0.75,94.0
2025-12-20,wk inc flu hosp,1,2025-12-27,28,quantile,0.8,101.0
2025-12-20,wk inc flu hosp,1,2025-12-27,28,quantile,0.85,111.0
2025-12-20,wk inc flu hosp,1,2025-12-27,28,quantile,0.9,128.0
2025-12-20,wk inc flu hosp,1,2025-12-27,28,quantile,0.95,155.0
2025-12-20,wk inc flu hosp,1,2025-12-27,28,quantile,0.975,179.0
2025-12-20,wk inc flu hosp,1,2025-12-27,28,quantile,0.99,227.0
2025-12-20,wk inc flu hosp,1,2025-12-27,30,quantile,0.01,2.0
2025-12-20,wk inc flu hosp,1,2025-12-27,30,quantile,0.025,4.0
2025-12-20,wk inc flu hosp,1,2025-12-27,30,quantile,0.05,4.0
2025-12-20,wk inc flu hosp,1,2025-12-27,30,quantile,0.1,6.0
2025-12-20,wk inc flu hosp,1,2025-12-27,30,quantile,0.15,9.0
2025-12-20,wk inc flu hosp,1,2025-12-27,30,quantile,0.2,12.0
2025-12-20,wk inc flu hosp,1,2025-12-27,30,quantile,0.25,15.0
2025-12-20,wk inc flu hosp,1,2025-12-27,30,quantile,0.3,18.0
2025-12-20,wk inc flu hosp,1,2025-12-27,30,quantile,0.35,20.0
2025-12-20,wk inc flu hosp,1,2025-12-27,30,quantile,0.4,22.0
2025-12-20,wk inc flu hosp,1,2025-12-27,30,quantile,0.45,25.0
2025-12-20,wk inc flu hosp,1,2025-12-27,30,quantile,0.5,27.0
2025-12-20,wk inc flu hosp,1,2025-12-27,30,quantile,0.55,30.0
2025-12-20,wk inc flu hosp,1,2025-12-27,30,quantile,0.6,32.0
2025-12-20,wk inc flu hosp,1,2025-12-27,30,quantile,0.65,34.0
2025-12-20,wk inc flu hosp,1,2025-12-27,30,quantile,0.7,37.0
2025-12-20,wk inc flu hosp,1,2025-12-27,30,quantile,0.75,40.0
2025-12-20,wk inc flu hosp,1,2025-12-27,30,quantile,0.8,43.0
2025-12-20,wk inc flu hosp,1,2025-12-27,30,quantile,0.85,47.0
2025-12-20,wk inc flu hosp,1,2025-12-27,30,quantile,0.9,52.0
2025-12-20,wk inc flu hosp,1,2025-12-27,30,quantile,0.95,59.0
2025-12-20,wk inc flu hosp,1,2025-12-27,30,quantile,0.975,65.0
2025-12-20,wk inc flu hosp,1,2025-12-27,30,quantile,0.99,77.0
2025-12-20,wk inc flu hosp,1,2025-12-27,31,quantile,0.01,2.0
2025-12-20,wk inc flu hosp,1,2025-12-27,31,quantile,0.025,2.0
2025-12-20,wk inc flu hosp,1,2025-12-27,31,quantile,0.05,3.0
2025-12-20,wk inc flu hosp,1,2025-12-27,31,quantile,0.1,4.0
2025-12-20,wk inc flu hosp,1,2025-12-27,31,quantile,0.15,5.0
2025-12-20,wk inc flu hosp,1,2025-12-27,31,quantile,0.2,7.0
2025-12-20,wk inc flu hosp,1,2025-12-27,31,quantile,0.25,11.0
2025-12-20,wk inc flu hosp,1,2025-12-27,31,quantile,0.3,13.0
2025-12-20,wk inc flu hosp,1,2025-12-27,31,quantile,0.35,15.0
2025-12-20,wk inc flu hosp,1,2025-12-27,31,quantile,0.4,18.0
2025-12-20,wk inc flu hosp,1,2025-12-27,31,quantile,0.45,21.0
2025-12-20,wk inc flu hosp,1,2025-12-27,31,quantile,0.5,23.0
2025-12-20,wk inc flu hosp,1,2025-12-27,31,quantile,0.55,25.0
2025-12-20,wk inc flu hosp,1,2025-12-27,31,quantile,0.6,26.0
2025-12-20,wk inc flu hosp,1,2025-12-27,31,quantile,0.65,28.0
2025-12-20,wk inc flu hosp,1,2025-12-27,31,quantile,0.7,30.0
2025-12-20,wk inc flu hosp,1,2025-12-27,31,quantile,0.75,33.0
2025-12-20,wk inc flu hosp,1,2025-12-27,31,quantile,0.8,36.0
2025-12-20,wk inc flu hosp,1,2025-12-27,31,quantile,0.85,40.0
2025-12-20,wk inc flu hosp,1,2025-12-27,31,quantile,0.9,45.0
2025-12-20,wk inc flu hosp,1,2025-12-27,31,quantile,0.95,57.0
2025-12-20,wk inc flu hosp,1,2025-12-27,31,quantile,0.975,67.0
2025-12-20,wk inc flu hosp,1,2025-12-27,31,quantile,0.99,75.0
2025-12-20,wk inc flu hosp,1,2025-12-27,32,quantile,0.01,6.0
2025-12-20,wk inc flu hosp,1,2025-12-27,32,quantile,0.025,8.0
2025-12-20,wk inc flu hosp,1,2025-12-27,32,quantile,0.05,11.0
2025-12-20,wk inc flu hosp,1,2025-12-27,32,quantile,0.1,19.0
2025-12-20,wk inc flu hosp,1,2025-12-27,32,quantile,0.15,27.0
2025-12-20,wk inc flu hosp,1,2025-12-27,32,quantile,0.2,33.0
2025-12-20,wk inc flu hosp,1,2025-12-27,32,quantile,0.25,39.0
2025-12-20,wk inc flu hosp,1,2025-12-27,32,quantile,0.3,44.0
2025-12-20,wk inc flu hosp,1,2025-12-27,32,quantile,0.35,49.0
2025-12-20,wk inc flu hosp,1,2025-12-27,32,quantile,0.4,54.0
2025-12-20,wk inc flu hosp,1,2025-12-27,32,quantile,0.45,58.0
2025-12-20,wk inc flu hosp,1,2025-12-27,32,quantile,0.5,63.0
2025-12-20,wk inc flu hosp,1,2025-12-27,32,quantile,0.55,69.0
2025-12-20,wk inc flu hosp,1,2025-12-27,32,quantile,0.6,74.0
2025-12-20,wk inc flu hosp,1,2025-12-27,32,quantile,0.65,79.0
2025-12-20,wk inc flu hosp,1,2025-12-27,32,quantile,0.7,85.0
2025-12-20,wk inc flu hosp,1,2025-12-27,32,quantile,0.75,90.0
2025-12-20,wk inc flu hosp,1,2025-12-27,32,quantile,0.8,97.0
2025-12-20,wk inc flu hosp,1,2025-12-27,32,quantile,0.85,105.0
2025-12-20,wk inc flu hosp,1,2025-12-27,32,quantile,0.9,115.0
2025-12-20,wk inc flu hosp,1,2025-12-27,32,quantile,0.95,132.0
2025-12-20,wk inc flu hosp,1,2025-12-27,32,quantile,0.975,146.0
2025-12-20,wk inc flu hosp,1,2025-12-27,32,quantile,0.99,160.0
2025-12-20,wk inc flu hosp,1,2025-12-27,33,quantile,0.01,4.0
2025-12-20,wk inc flu hosp,1,2025-12-27,33,quantile,0.025,6.0
2025-12-20,wk inc flu hosp,1,2025-12-27,33,quantile,0.05,7.0
2025-12-20,wk inc flu hosp,1,2025-12-27,33,quantile,0.1,12.0
2025-12-20,wk inc flu hosp,1,2025-12-27,33,quantile,0.15,16.0
2025-12-20,wk inc flu hosp,1,2025-12-27,33,quantile,0.2,19.0
2025-12-20,wk inc flu hosp,1,2025-12-27,33,quantile,0.25,22.0
2025-12-20,wk inc flu hosp,1,2025-12-27,33,quantile,0.3,25.0
2025-12-20,wk inc flu hosp,1,2025-12-27,33,quantile,0.35,27.0
2025-12-20,wk inc flu hosp,1,2025-12-27,33,quantile,0.4,29.0
2025-12-20,wk inc flu hosp,1,2025-12-27,33,quantile,0.45,32.0
2025-12-20,wk inc flu hosp,1,2025-12-27,33,quantile,0.5,34.0
2025-12-20,wk inc flu hosp,1,2025-12-27,33,quantile,0.55,37.0
2025-12-20,wk inc flu hosp,1,2025-12-27,33,quantile,0.6,40.0
2025-12-20,wk inc flu hosp,1,2025-12-27,33,quantile,0.65,43.0
2025-12-20,wk inc flu hosp,1,2025-12-27,33,quantile,0.7,45.0
2025-12-20,wk inc flu hosp,1,2025-12-27,33,quantile,0.75,49.0
2025-12-20,wk inc flu hosp,1,2025-12-27,33,quantile,0.8,52.0
2025-12-20,wk inc flu hosp,1,2025-12-27,33,quantile,0.85,56.0
2025-12-20,wk inc flu hosp,1,2025-12-27,33,quantile,0.9,62.0
2025-12-20,wk inc flu hosp,1,2025-12-27,33,quantile,0.95,73.0
2025-12-20,wk inc flu hosp,1,2025-12-27,33,quantile,0.975,80.0
2025-12-20,wk inc flu hosp,1,2025-12-27,33,quantile,0.99,89.0
2025-12-20,wk inc flu hosp,1,2025-12-27,34,quantile,0.01,144.0
2025-12-20,wk inc flu hosp,1,2025-12-27,34,quantile,0.025,187.0
2025-12-20,wk inc flu hosp,1,2025-12-27,34,quantile,0.05,250.0
2025-12-20,wk inc flu hosp,1,2025-12-27,34,quantile,0.1,311.0
2025-12-20,wk inc flu hosp,1,2025-12-27,34,quantile,0.15,353.0
2025-12-20,wk inc flu hosp,1,2025-12-27,34,quantile,0.2,389.0
2025-12-20,wk inc flu hosp,1,2025-12-27,34,quantile,0.25,419.0
2025-12-20,wk inc flu hosp,1,2025-12-27,34,quantile,0.3,445.0
2025-12-20,wk inc flu hosp,1,2025-12-27,34,quantile,0.35,471.0
2025-12-20,wk inc flu hosp,1,2025-12-27,34,quantile,0.4,497.0
2025-12-20,wk inc flu hosp,1,2025-12-27,34,quantile,0.45,522.0
2025-12-20,wk inc flu hosp,1,2025-12-27,34,quantile,0.5,548.0
2025-12-20,wk inc flu hosp,1,2025-12-27,34,quantile,0.55,573.0
2025-12-20,wk inc flu hosp,1,2025-12-27,34,quantile,0.6,603.0
2025-12-20,wk inc flu hosp,1,2025-12-27,34,quantile,0.65,634.0
2025-12-20,wk inc flu hosp,1,2025-12-27,34,quantile,0.7,670.0
2025-12-20,wk inc flu hosp,1,2025-12-27,34,quantile,0.75,705.0
2025-12-20,wk inc flu hosp,1,2025-12-27,34,quantile,0.8,743.0
2025-12-20,wk inc flu hosp,1,2025-12-27,34,quantile,0.85,795.0
2025-12-20,wk inc flu hosp,1,2025-12-27,34,quantile,0.9,852.0
2025-12-20,wk inc flu hosp,1,2025-12-27,34,quantile,0.95,941.0
2025-12-20,wk inc flu hosp,1,2025-12-27,34,quantile,0.975,1035.0
2025-12-20,wk inc flu hosp,1,2025-12-27,34,quantile,0.99,1156.0
2025-12-20,wk inc flu hosp,1,2025-12-27,35,quantile,0.01,5.0
2025-12-20,wk inc flu hosp,1,2025-12-27,35,quantile,0.025,8.0
2025-12-20,wk inc flu hosp,1,2025-12-27,35,quantile,0.05,9.0
2025-12-20,wk inc flu hosp,1,2025-12-27,35,quantile,0.1,12.0
2025-12-20,wk inc flu hosp,1,2025-12-27,35,quantile,0.15,16.0
2025-12-20,wk inc flu hosp,1,2025-12-27,35,quantile,0.2,23.0
2025-12-20,wk inc flu hosp,1,2025-12-27,35,quantile,0.25,29.0
2025-12-20,wk inc flu hosp,1,2025-12-27,35,quantile,0.3,36.0
2025-12-20,wk inc flu hosp,1,2025-12-27,35,quantile,0.35,41.0
2025-12-20,wk inc flu hosp,1,2025-12-27,35,quantile,0.4,46.0
2025-12-20,wk inc flu hosp,1,2025-12-27,35,quantile,0.45,51.0
2025-12-20,wk inc flu hosp,1,2025-12-27,35,quantile,0.5,56.0
2025-12-20,wk inc flu hosp,1,2025-12-27,35,quantile,0.55,61.0
2025-12-20,wk inc flu hosp,1,2025-12-27,35,quantile,0.6,66.0
2025-12-20,wk inc flu hosp,1,2025-12-27,35,quantile,0.65,71.0
2025-12-20,wk inc flu hosp,1,2025-12-27,35,quantile,0.7,77.0
2025-12-20,wk inc flu hosp,1,2025-12-27,35,quantile,0.75,82.0
2025-12-20,wk inc flu hosp,1,2025-12-27,35,quantile,0.8,88.0
2025-12-20,wk inc flu hosp,1,2025-12-27,35,quantile,0.85,97.0
2025-12-20,wk inc flu hosp,1,2025-12-27,35,quantile,0.9,107.0
2025-12-20,wk inc flu hosp,1,2025-12-27,35,quantile,0.95,124.0
2025-12-20,wk inc flu hosp,1,2025-12-27,35,quantile,0.975,141.0
2025-12-20,wk inc flu hosp,1,2025-12-27,35,quantile,0.99,157.0
2025-12-20,wk inc flu hosp,1,2025-12-27,36,quantile,0.01,491.0
2025-12-20,wk inc flu hosp,1,2025-12-27,36,quantile,0.025,620.0
2025-12-20,wk inc flu hosp,1,2025-12-27,36,quantile,0.05,743.0
2025-12-20,wk inc flu hosp,1,2025-12-27,36,quantile,0.1,865.0
2025-12-20,wk inc flu hosp,1,2025-12-27,36,quantile,0.15,937.0
2025-12-20,wk inc flu hosp,1,2025-12-27,36,quantile,0.2,1015.0
2025-12-20,wk inc flu hosp,1,2025-12-27,36,quantile,0.25,1074.0
2025-12-20,wk inc flu hosp,1,2025-12-27,36,quantile,0.3,1144.0
2025-12-20,wk inc flu hosp,1,2025-12-27,36,quantile,0.35,1208.0
2025-12-20,wk inc flu hosp,1,2025-12-27,36,quantile,0.4,1272.0
2025-12-20,wk inc flu hosp,1,2025-12-27,36,quantile,0.45,1320.0
2025-12-20,wk inc flu hosp,1,2025-12-27,36,quantile,0.5,1368.0
2025-12-20,wk inc flu hosp,1,2025-12-27,36,quantile,0.55,1437.0
2025-12-20,wk inc flu hosp,1,2025-12-27,36,quantile,0.6,1499.0
2025-12-20,wk inc flu hosp,1,2025-12-27,36,quantile,0.65,1564.0
2025-12-20,wk inc flu hosp,1,2025-12-27,36,quantile,0.7,1621.0
2025-12-20,wk inc flu hosp,1,2025-12-27,36,quantile,0.75,1708.0
2025-12-20,wk inc flu hosp,1,2025-12-27,36,quantile,0.8,1815.0
2025-12-20,wk inc flu hosp,1,2025-12-27,36,quantile,0.85,1914.0
2025-12-20,wk inc flu hosp,1,2025-12-27,36,quantile,0.9,2088.0
2025-12-20,wk inc flu hosp,1,2025-12-27,36,quantile,0.95,2272.0
2025-12-20,wk inc flu hosp,1,2025-12-27,36,quantile,0.975,2504.0
2025-12-20,wk inc flu hosp,1,2025-12-27,36,quantile,0.99,2793.0
2025-12-20,wk inc flu hosp,1,2025-12-27,37,quantile,0.01,72.0
2025-12-20,wk inc flu hosp,1,2025-12-27,37,quantile,0.025,88.0
2025-12-20,wk inc flu hosp,1,2025-12-27,37,quantile,0.05,165.0
2025-12-20,wk inc flu hosp,1,2025-12-27,37,quantile,0.1,249.0
2025-12-20,wk inc flu hosp,1,2025-12-27,37,quantile,0.15,308.0
2025-12-20,wk inc flu hosp,1,2025-12-27,37,quantile,0.2,359.0
2025-12-20,wk inc flu hosp,1,2025-12-27,37,quantile,0.25,403.0
2025-12-20,wk inc flu hosp,1,2025-12-27,37,quantile,0.3,446.0
2025-12-20,wk inc flu hosp,1,2025-12-27,37,quantile,0.35,484.0
2025-12-20,wk inc flu hosp,1,2025-12-27,37,quantile,0.4,520.0
2025-12-20,wk inc flu hosp,1,2025-12-27,37,quantile,0.45,555.0
2025-12-20,wk inc flu hosp,1,2025-12-27,37,quantile,0.5,585.0
2025-12-20,wk inc flu hosp,1,2025-12-27,37,quantile,0.55,620.0
2025-12-20,wk inc flu hosp,1,2025-12-27,37,quantile,0.6,653.0
2025-12-20,wk inc flu hosp,1,2025-12-27,37,quantile,0.65,689.0
2025-12-20,wk inc flu hosp,1,2025-12-27,37,quantile,0.7,735.0
2025-12-20,wk inc flu hosp,1,2025-12-27,37,quantile,0.75,785.0
2025-12-20,wk inc flu hosp,1,2025-12-27,37,quantile,0.8,840.0
2025-12-20,wk inc flu hosp,1,2025-12-27,37,quantile,0.85,906.0
2025-12-20,wk inc flu hosp,1,2025-12-27,37,quantile,0.9,1004.0
2025-12-20,wk inc flu hosp,1,2025-12-27,37,quantile,0.95,1119.0
2025-12-20,wk inc flu hosp,1,2025-12-27,37,quantile,0.975,1213.0
2025-12-20,wk inc flu hosp,1,2025-12-27,37,quantile,0.99,1352.0
2025-12-20,wk inc flu hosp,1,2025-12-27,38,quantile,0.01,1.0
2025-12-20,wk inc flu hosp,1,2025-12-27,38,quantile,0.025,2.0
2025-12-20,wk inc flu hosp,1,2025-12-27,38,quantile,0.05,2.0
2025-12-20,wk inc flu hosp,1,2025-12-27,38,quantile,0.1,3.0
2025-12-20,wk inc flu hosp,1,2025-12-27,38,quantile,0.15,5.0
2025-12-20,wk inc flu hosp,1,2025-12-27,38,quantile,0.2,8.0
2025-12-20,wk inc flu hosp,1,2025-12-27,38,quantile,0.25,10.0
2025-12-20,wk inc flu hosp,1,2025-12-27,38,quantile,0.3,12.0
2025-12-20,wk inc flu hosp,1,2025-12-27,38,quantile,0.35,14.0
2025-12-20,wk inc flu hosp,1,2025-12-27,38,quantile,0.4,15.0
2025-12-20,wk inc flu hosp,1,2025-12-27,38,quantile,0.45,17.0
2025-12-20,wk inc flu hosp,1,2025-12-27,38,quantile,0.5,18.0
2025-12-20,wk inc flu hosp,1,2025-12-27,38,quantile,0.55,20.0
2025-12-20,wk inc flu hosp,1,2025-12-27,38,quantile,0.6,21.0
2025-12-20,wk inc flu hosp,1,2025-12-27,38,quantile,0.65,23.0
2025-12-20,wk inc flu hosp,1,2025-12-27,38,quantile,0.7,25.0
2025-12-20,wk inc flu hosp,1,2025-12-27,38,quantile,0.75,27.0
2025-12-20,wk inc flu hosp,1,2025-12-27,38,quantile,0.8,29.0
2025-12-20,wk inc flu hosp,1,2025-12-27,38,quantile,0.85,32.0
2025-12-20,wk inc flu hosp,1,2025-12-27,38,quantile,0.9,36.0
2025-12-20,wk inc flu hosp,1,2025-12-27,38,quantile,0.95,41.0
2025-12-20,wk inc flu hosp,1,2025-12-27,38,quantile,0.975,47.0
2025-12-20,wk inc flu hosp,1,2025-12-27,38,quantile,0.99,54.0
2025-12-20,wk inc flu hosp,1,2025-12-27,39,quantile,0.01,34.0
2025-12-20,wk inc flu hosp,1,2025-12-27,39,quantile,0.025,48.0
2025-12-20,wk inc flu hosp,1,2025-12-27,39,quantile,0.05,59.0
2025-12-20,wk inc flu hosp,1,2025-12-27,39,quantile,0.1,106.0
2025-12-20,wk inc flu hosp,1,2025-12-27,39,quantile,0.15,139.0
2025-12-20,wk inc flu hosp,1,2025-12-27,39,quantile,0.2,166.0
2025-12-20,wk inc flu hosp,1,2025-12-27,39,quantile,0.25,189.0
2025-12-20,wk inc flu hosp,1,2025-12-27,39,quantile,0.3,213.0
2025-12-20,wk inc flu hosp,1,2025-12-27,39,quantile,0.35,239.0
2025-12-20,wk inc flu hosp,1,2025-12-27,39,quantile,0.4,259.0
2025-12-20,wk inc flu hosp,1,2025-12-27,39,quantile,0.45,281.0
2025-12-20,wk inc flu hosp,1,2025-12-27,39,quantile,0.5,300.0
2025-12-20,wk inc flu hosp,1,2025-12-27,39,quantile,0.55,322.0
2025-12-20,wk inc flu hosp,1,2025-12-27,39,quantile,0.6,343.0
2025-12-20,wk inc flu hosp,1,2025-12-27,39,quantile,0.65,367.0
2025-12-20,wk inc flu hosp,1,2025-12-27,39,quantile,0.7,386.0
2025-12-20,wk inc flu hosp,1,2025-12-27,39,quantile,0.75,413.0
2025-12-20,wk inc flu hosp,1,2025-12-27,39,quantile,0.8,445.0
2025-12-20,wk inc flu hosp,1,2025-12-27,39,quantile,0.85,484.0
2025-12-20,wk inc flu hosp,1,2025-12-27,39,quantile,0.9,534.0
2025-12-20,wk inc flu hosp,1,2025-12-27,39,quantile,0.95,596.0
2025-12-20,wk inc flu hosp,1,2025-12-27,39,quantile,0.975,664.0
2025-12-20,wk inc flu hosp,1,2025-12-27,39,quantile,0.99,752.0
2025-12-20,wk inc flu hosp,1,2025-12-27,40,quantile,0.01,3.0
2025-12-20,wk inc flu hosp,1,2025-12-27,40,quantile,0.025,5.0
2025-12-20,wk inc flu hosp,1,2025-12-27,40,quantile,0.05,7.0
2025-12-20,wk inc flu hosp,1,2025-12-27,40,quantile,0.1,8.0
2025-12-20,wk inc flu hosp,1,2025-12-27,40,quantile,0.15,10.0
2025-12-20,wk inc flu hosp,1,2025-12-27,40,quantile,0.2,15.0
2025-12-20,wk inc flu hosp,1,2025-12-27,40,quantile,0.25,23.0
2025-12-20,wk inc flu hosp,1,2025-12-27,40,quantile,0.3,30.0
2025-12-20,wk inc flu hosp,1,2025-12-27,40,quantile,0.35,35.0
2025-12-20,wk inc flu hosp,1,2025-12-27,40,quantile,0.4,37.0
2025-12-20,wk inc flu hosp,1,2025-12-27,40,quantile,0.45,40.0
2025-12-20,wk inc flu hosp,1,2025-12-27,40,quantile,0.5,42.0
2025-12-20,wk inc flu hosp,1,2025-12-27,40,quantile,0.55,45.0
2025-12-20,wk inc flu hosp,1,2025-12-27,40,quantile,0.6,48.0
2025-12-20,wk inc flu hosp,1,2025-12-27,40,quantile,0.65,52.0
2025-12-20,wk inc flu hosp,1,2025-12-27,40,quantile,0.7,55.0
2025-12-20,wk inc flu hosp,1,2025-12-27,40,quantile,0.75,60.0
2025-12-20,wk inc flu hosp,1,2025-12-27,40,quantile,0.8,65.0
2025-12-20,wk inc flu hosp,1,2025-12-27,40,quantile,0.85,73.0
2025-12-20,wk inc flu hosp,1,2025-12-27,40,quantile,0.9,84.0
2025-12-20,wk inc flu hosp,1,2025-12-27,40,quantile,0.95,110.0
2025-12-20,wk inc flu hosp,1,2025-12-27,40,quantile,0.975,150.0
2025-12-20,wk inc flu hosp,1,2025-12-27,40,quantile,0.99,186.0
2025-12-20,wk inc flu hosp,1,2025-12-27,41,quantile,0.01,5.0
2025-12-20,wk inc flu hosp,1,2025-12-27,41,quantile,0.025,7.0
2025-12-20,wk inc flu hosp,1,2025-12-27,41,quantile,0.05,9.0
2025-12-20,wk inc flu hosp,1,2025-12-27,41,quantile,0.1,11.0
2025-12-20,wk inc flu hosp,1,2025-12-27,41,quantile,0.15,13.0
2025-12-20,wk inc flu hosp,1,2025-12-27,41,quantile,0.2,14.0
2025-12-20,wk inc flu hosp,1,2025-12-27,41,quantile,0.25,22.0
2025-12-20,wk inc flu hosp,1,2025-12-27,41,quantile,0.3,31.0
2025-12-20,wk inc flu hosp,1,2025-12-27,41,quantile,0.35,38.0
2025-12-20,wk inc flu hosp,1,2025-12-27,41,quantile,0.4,47.0
2025-12-20,wk inc flu hosp,1,2025-12-27,41,quantile,0.45,50.0
2025-12-20,wk inc flu hosp,1,2025-12-27,41,quantile,0.5,53.0
2025-12-20,wk inc flu hosp,1,2025-12-27,41,quantile,0.55,56.0
2025-12-20,wk inc flu hosp,1,2025-12-27,41,quantile,0.6,60.0
2025-12-20,wk inc flu hosp,1,2025-12-27,41,quantile,0.65,64.0
2025-12-20,wk inc flu hosp,1,2025-12-27,41,quantile,0.7,70.0
2025-12-20,wk inc flu hosp,1,2025-12-27,41,quantile,0.75,78.0
2025-12-20,wk inc flu hosp,1,2025-12-27,41,quantile,0.8,84.0
2025-12-20,wk inc flu hosp,1,2025-12-27,41,quantile,0.85,95.0
2025-12-20,wk inc flu hosp,1,2025-12-27,41,quantile,0.9,113.0
2025-12-20,wk inc flu hosp,1,2025-12-27,41,quantile,0.95,156.0
2025-12-20,wk inc flu hosp,1,2025-12-27,41,quantile,0.975,174.0
2025-12-20,wk inc flu hosp,1,2025-12-27,41,quantile,0.99,197.0
2025-12-20,wk inc flu hosp,1,2025-12-27,42,quantile,0.01,30.0
2025-12-20,wk inc flu hosp,1,2025-12-27,42,quantile,0.025,39.0
2025-12-20,wk inc flu hosp,1,2025-12-27,42,quantile,0.05,52.0
2025-12-20,wk inc flu hosp,1,2025-12-27,42,quantile,0.1,77.0
2025-12-20,wk inc flu hosp,1,2025-12-27,42,quantile,0.15,122.0
2025-12-20,wk inc flu hosp,1,2025-12-27,42,quantile,0.2,150.0
2025-12-20,wk inc flu hosp,1,2025-12-27,42,quantile,0.25,188.0
2025-12-20,wk inc flu hosp,1,2025-12-27,42,quantile,0.3,215.0
2025-12-20,wk inc flu hosp,1,2025-12-27,42,quantile,0.35,244.0
2025-12-20,wk inc flu hosp,1,2025-12-27,42,quantile,0.4,263.0
2025-12-20,wk inc flu hosp,1,2025-12-27,42,quantile,0.45,289.0
2025-12-20,wk inc flu hosp,1,2025-12-27,42,quantile,0.5,315.0
2025-12-20,wk inc flu hosp,1,2025-12-27,42,quantile,0.55,343.0
2025-12-20,wk inc flu hosp,1,2025-12-27,42,quantile,0.6,367.0
2025-12-20,wk inc flu hosp,1,2025-12-27,42,quantile,0.65,391.0
2025-12-20,wk inc flu hosp,1,2025-12-27,42,quantile,0.7,416.0
2025-12-20,wk inc flu hosp,1,2025-12-27,42,quantile,0.75,454.0
2025-12-20,wk inc flu hosp,1,2025-12-27,42,quantile,0.8,489.0
2025-12-20,wk inc flu hosp,1,2025-12-27,42,quantile,0.85,532.0
2025-12-20,wk inc flu hosp,1,2025-12-27,42,quantile,0.9,606.0
2025-12-20,wk inc flu hosp,1,2025-12-27,42,quantile,0.95,681.0
2025-12-20,wk inc flu hosp,1,2025-12-27,42,quantile,0.975,762.0
2025-12-20,wk inc flu hosp,1,2025-12-27,42,quantile,0.99,847.0
2025-12-20,wk inc flu hosp,1,2025-12-27,44,quantile,0.01,9.0
2025-12-20,wk inc flu hosp,1,2025-12-27,44,quantile,0.025,13.0
2025-12-20,wk inc flu hosp,1,2025-12-27,44,quantile,0.05,17.0
2025-12-20,wk inc flu hosp,1,2025-12-27,44,quantile,0.1,21.0
2025-12-20,wk inc flu hosp,1,2025-12-27,44,quantile,0.15,25.0
2025-12-20,wk inc flu hosp,1,2025-12-27,44,quantile,0.2,27.0
2025-12-20,wk inc flu hosp,1,2025-12-27,44,quantile,0.25,29.0
2025-12-20,wk inc flu hosp,1,2025-12-27,44,quantile,0.3,31.0
2025-12-20,wk inc flu hosp,1,2025-12-27,44,quantile,0.35,34.0
2025-12-20,wk inc flu hosp,1,2025-12-27,44,quantile,0.4,36.0
2025-12-20,wk inc flu hosp,1,2025-12-27,44,quantile,0.45,38.0
2025-12-20,wk inc flu hosp,1,2025-12-27,44,quantile,0.5,39.0
2025-12-20,wk inc flu hosp,1,2025-12-27,44,quantile,0.55,41.0
2025-12-20,wk inc flu hosp,1,2025-12-27,44,quantile,0.6,44.0
2025-12-20,wk inc flu hosp,1,2025-12-27,44,quantile,0.65,47.0
2025-12-20,wk inc flu hosp,1,2025-12-27,44,quantile,0.7,49.0
2025-12-20,wk inc flu hosp,1,2025-12-27,44,quantile,0.75,51.0
2025-12-20,wk inc flu hosp,1,2025-12-27,44,quantile,0.8,55.0
2025-12-20,wk inc flu hosp,1,2025-12-27,44,quantile,0.85,59.0
2025-12-20,wk inc flu hosp,1,2025-12-27,44,quantile,0.9,64.0
2025-12-20,wk inc flu hosp,1,2025-12-27,44,quantile,0.95,71.0
2025-12-20,wk inc flu hosp,1,2025-12-27,44,quantile,0.975,79.0
2025-12-20,wk inc flu hosp,1,2025-12-27,44,quantile,0.99,90.0
2025-12-20,wk inc flu hosp,1,2025-12-27,45,quantile,0.01,18.0
2025-12-20,wk inc flu hosp,1,2025-12-27,45,quantile,0.025,25.0
2025-12-20,wk inc flu hosp,1,2025-12-27,45,quantile,0.05,30.0
2025-12-20,wk inc flu hosp,1,2025-12-27,45,quantile,0.1,49.0
2025-12-20,wk inc flu hosp,1,2025-12-27,45,quantile,0.15,71.0
2025-12-20,wk inc flu hosp,1,2025-12-27,45,quantile,0.2,85.0
2025-12-20,wk inc flu hosp,1,2025-12-27,45,quantile,0.25,100.0
2025-12-20,wk inc flu hosp,1,2025-12-27,45,quantile,0.3,114.0
2025-12-20,wk inc flu hosp,1,2025-12-27,45,quantile,0.35,127.0
2025-12-20,wk inc flu hosp,1,2025-12-27,45,quantile,0.4,137.0
2025-12-20,wk inc flu hosp,1,2025-12-27,45,quantile,0.45,148.0
2025-12-20,wk inc flu hosp,1,2025-12-27,45,quantile,0.5,162.0
2025-12-20,wk inc flu hosp,1,2025-12-27,45,quantile,0.55,172.0
2025-12-20,wk inc flu hosp,1,2025-12-27,45,quantile,0.6,185.0
2025-12-20,wk inc flu hosp,1,2025-12-27,45,quantile,0.65,197.0
2025-12-20,wk inc flu hosp,1,2025-12-27,45,quantile,0.7,211.0
2025-12-20,wk inc flu hosp,1,2025-12-27,45,quantile,0.75,226.0
2025-12-20,wk inc flu hosp,1,2025-12-27,45,quantile,0.8,242.0
2025-12-20,wk inc flu hosp,1,2025-12-27,45,quantile,0.85,265.0
2025-12-20,wk inc flu hosp,1,2025-12-27,45,quantile,0.9,293.0
2025-12-20,wk inc flu hosp,1,2025-12-27,45,quantile,0.95,333.0
2025-12-20,wk inc flu hosp,1,2025-12-27,45,quantile,0.975,366.0
2025-12-20,wk inc flu hosp,1,2025-12-27,45,quantile,0.99,412.0
2025-12-20,wk inc flu hosp,1,2025-12-27,46,quantile,0.01,0.0
2025-12-20,wk inc flu hosp,1,2025-12-27,46,quantile,0.025,0.0
2025-12-20,wk inc flu hosp,1,2025-12-27,46,quantile,0.05,0.0
2025-12-20,wk inc flu hosp,1,2025-12-27,46,quantile,0.1,1.0
2025-12-20,wk inc flu hosp,1,2025-12-27,46,quantile,0.15,1.0
2025-12-20,wk inc flu hosp,1,2025-12-27,46,quantile,0.2,2.0
2025-12-20,wk inc flu hosp,1,2025-12-27,46,quantile,0.25,4.0
2025-12-20,wk inc flu hosp,1,2025-12-27,46,quantile,0.3,5.0
2025-12-20,wk inc flu hosp,1,2025-12-27,46,quantile,0.35,5.0
2025-12-20,wk inc flu hosp,1,2025-12-27,46,quantile,0.4,6.0
2025-12-20,wk inc flu hosp,1,2025-12-27,46,quantile,0.45,6.0
2025-12-20,wk inc flu hosp,1,2025-12-27,46,quantile,0.5,7.0
2025-12-20,wk inc flu hosp,1,2025-12-27,46,quantile,0.55,7.0
2025-12-20,wk inc flu hosp,1,2025-12-27,46,quantile,0.6,8.0
2025-12-20,wk inc flu hosp,1,2025-12-27,46,quantile,0.65,9.0
2025-12-20,wk inc flu hosp,1,2025-12-27,46,quantile,0.7,9.0
2025-12-20,wk inc flu hosp,1,2025-12-27,46,quantile,0.75,10.0
2025-12-20,wk inc flu hosp,1,2025-12-27,46,quantile,0.8,11.0
2025-12-20,wk inc flu hosp,1,2025-12-27,46,quantile,0.85,12.0
2025-12-20,wk inc flu hosp,1,2025-12-27,46,quantile,0.9,14.0
2025-12-20,wk inc flu hosp,1,2025-12-27,46,quantile,0.95,19.0
2025-12-20,wk inc flu hosp,1,2025-12-27,46,quantile,0.975,28.0
2025-12-20,wk inc flu hosp,1,2025-12-27,46,quantile,0.99,31.0
2025-12-20,wk inc flu hosp,1,2025-12-27,47,quantile,0.01,16.0
2025-12-20,wk inc flu hosp,1,2025-12-27,47,quantile,0.025,22.0
2025-12-20,wk inc flu hosp,1,2025-12-27,47,quantile,0.05,30.0
2025-12-20,wk inc flu hosp,1,2025-12-27,47,quantile,0.1,37.0
2025-12-20,wk inc flu hosp,1,2025-12-27,47,quantile,0.15,64.0
2025-12-20,wk inc flu hosp,1,2025-12-27,47,quantile,0.2,83.0
2025-12-20,wk inc flu hosp,1,2025-12-27,47,quantile,0.25,100.0
2025-12-20,wk inc flu hosp,1,2025-12-27,47,quantile,0.3,117.0
2025-12-20,wk inc flu hosp,1,2025-12-27,47,quantile,0.35,134.0
2025-12-20,wk inc flu hosp,1,2025-12-27,47,quantile,0.4,147.0
2025-12-20,wk inc flu hosp,1,2025-12-27,47,quantile,0.45,160.0
2025-12-20,wk inc flu hosp,1,2025-12-27,47,quantile,0.5,171.0
2025-12-20,wk inc flu hosp,1,2025-12-27,47,quantile,0.55,181.0
2025-12-20,wk inc flu hosp,1,2025-12-27,47,quantile,0.6,192.0
2025-12-20,wk inc flu hosp,1,2025-12-27,47,quantile,0.65,207.0
2025-12-20,wk inc flu hosp,1,2025-12-27,47,quantile,0.7,220.0
2025-12-20,wk inc flu hosp,1,2025-12-27,47,quantile,0.75,241.0
2025-12-20,wk inc flu hosp,1,2025-12-27,47,quantile,0.8,259.0
2025-12-20,wk inc flu hosp,1,2025-12-27,47,quantile,0.85,282.0
2025-12-20,wk inc flu hosp,1,2025-12-27,47,quantile,0.9,325.0
2025-12-20,wk inc flu hosp,1,2025-12-27,47,quantile,0.95,371.0
2025-12-20,wk inc flu hosp,1,2025-12-27,47,quantile,0.975,415.0
2025-12-20,wk inc flu hosp,1,2025-12-27,47,quantile,0.99,457.0
2025-12-20,wk inc flu hosp,1,2025-12-27,48,quantile,0.01,147.0
2025-12-20,wk inc flu hosp,1,2025-12-27,48,quantile,0.025,182.0
2025-12-20,wk inc flu hosp,1,2025-12-27,48,quantile,0.05,260.0
2025-12-20,wk inc flu hosp,1,2025-12-27,48,quantile,0.1,464.0
2025-12-20,wk inc flu hosp,1,2025-12-27,48,quantile,0.15,598.0
2025-12-20,wk inc flu hosp,1,2025-12-27,48,quantile,0.2,739.0
2025-12-20,wk inc flu hosp,1,2025-12-27,48,quantile,0.25,874.0
2025-12-20,wk inc flu hosp,1,2025-12-27,48,quantile,0.3,994.0
2025-12-20,wk inc flu hosp,1,2025-12-27,48,quantile,0.35,1106.0
2025-12-20,wk inc flu hosp,1,2025-12-27,48,quantile,0.4,1215.0
2025-12-20,wk inc flu hosp,1,2025-12-27,48,quantile,0.45,1284.0
2025-12-20,wk inc flu hosp,1,2025-12-27,48,quantile,0.5,1348.0
2025-12-20,wk inc flu hosp,1,2025-12-27,48,quantile,0.55,1426.0
2025-12-20,wk inc flu hosp,1,2025-12-27,48,quantile,0.6,1524.0
2025-12-20,wk inc flu hosp,1,2025-12-27,48,quantile,0.65,1634.0
2025-12-20,wk inc flu hosp,1,2025-12-27,48,quantile,0.7,1755.0
2025-12-20,wk inc flu hosp,1,2025-12-27,48,quantile,0.75,1882.0
2025-12-20,wk inc flu hosp,1,2025-12-27,48,quantile,0.8,2078.0
2025-12-20,wk inc flu hosp,1,2025-12-27,48,quantile,0.85,2296.0
2025-12-20,wk inc flu hosp,1,2025-12-27,48,quantile,0.9,2539.0
2025-12-20,wk inc flu hosp,1,2025-12-27,48,quantile,0.95,2852.0
2025-12-20,wk inc flu hosp,1,2025-12-27,48,quantile,0.975,3134.0
2025-12-20,wk inc flu hosp,1,2025-12-27,48,quantile,0.99,3507.0
2025-12-20,wk inc flu hosp,1,2025-12-27,49,quantile,0.01,14.0
2025-12-20,wk inc flu hosp,1,2025-12-27,49,quantile,0.025,20.0
2025-12-20,wk inc flu hosp,1,2025-12-27,49,quantile,0.05,24.0
2025-12-20,wk inc flu hosp,1,2025-12-27,49,quantile,0.1,46.0
2025-12-20,wk inc flu hosp,1,2025-12-27,49,quantile,0.15,62.0
2025-12-20,wk inc flu hosp,1,2025-12-27,49,quantile,0.2,75.0
2025-12-20,wk inc flu hosp,1,2025-12-27,49,quantile,0.25,87.0
2025-12-20,wk inc flu hosp,1,2025-12-27,49,quantile,0.3,97.0
2025-12-20,wk inc flu hosp,1,2025-12-27,49,quantile,0.35,106.0
2025-12-20,wk inc flu hosp,1,2025-12-27,49,quantile,0.4,115.0
2025-12-20,wk inc flu hosp,1,2025-12-27,49,quantile,0.45,125.0
2025-12-20,wk inc flu hosp,1,2025-12-27,49,quantile,0.5,134.0
2025-12-20,wk inc flu hosp,1,2025-12-27,49,quantile,0.55,143.0
2025-12-20,wk inc flu hosp,1,2025-12-27,49,quantile,0.6,153.0
2025-12-20,wk inc flu hosp,1,2025-12-27,49,quantile,0.65,162.0
2025-12-20,wk inc flu hosp,1,2025-12-27,49,quantile,0.7,172.0
2025-12-20,wk inc flu hosp,1,2025-12-27,49,quantile,0.75,184.0
2025-12-20,wk inc flu hosp,1,2025-12-27,49,quantile,0.8,201.0
2025-12-20,wk inc flu hosp,1,2025-12-27,49,quantile,0.85,218.0
2025-12-20,wk inc flu hosp,1,2025-12-27,49,quantile,0.9,238.0
2025-12-20,wk inc flu hosp,1,2025-12-27,49,quantile,0.95,265.0
2025-12-20,wk inc flu hosp,1,2025-12-27,49,quantile,0.975,293.0
2025-12-20,wk inc flu hosp,1,2025-12-27,49,quantile,0.99,332.0
2025-12-20,wk inc flu hosp,1,2025-12-27,50,quantile,0.01,0.0
2025-12-20,wk inc flu hosp,1,2025-12-27,50,quantile,0.025,0.0
2025-12-20,wk inc flu hosp,1,2025-12-27,50,quantile,0.05,1.0
2025-12-20,wk inc flu hosp,1,2025-12-27,50,quantile,0.1,2.0
2025-12-20,wk inc flu hosp,1,2025-12-27,50,quantile,0.15,2.0
2025-12-20,wk inc flu hosp,1,2025-12-27,50,quantile,0.2,4.0
2025-12-20,wk inc flu hosp,1,2025-12-27,50,quantile,0.25,6.0
2025-12-20,wk inc flu hosp,1,2025-12-27,50,quantile,0.3,7.0
2025-12-20,wk inc flu hosp,1,2025-12-27,50,quantile,0.35,8.0
2025-12-20,wk inc flu hosp,1,2025-12-27,50,quantile,0.4,9.0
2025-12-20,wk inc flu hosp,1,2025-12-27,50,quantile,0.45,11.0
2025-12-20,wk inc flu hosp,1,2025-12-27,50,quantile,0.5,11.0
2025-12-20,wk inc flu hosp,1,2025-12-27,50,quantile,0.55,12.0
2025-12-20,wk inc flu hosp,1,2025-12-27,50,quantile,0.6,13.0
2025-12-20,wk inc flu hosp,1,2025-12-27,50,quantile,0.65,14.0
2025-12-20,wk inc flu hosp,1,2025-12-27,50,quantile,0.7,15.0
2025-12-20,wk inc flu hosp,1,2025-12-27,50,quantile,0.75,17.0
2025-12-20,wk inc flu hosp,1,2025-12-27,50,quantile,0.8,18.0
2025-12-20,wk inc flu hosp,1,2025-12-27,50,quantile,0.85,20.0
2025-12-20,wk inc flu hosp,1,2025-12-27,50,quantile,0.9,22.0
2025-12-20,wk inc flu hosp,1,2025-12-27,50,quantile,0.95,27.0
2025-12-20,wk inc flu hosp,1,2025-12-27,50,quantile,0.975,31.0
2025-12-20,wk inc flu hosp,1,2025-12-27,50,quantile,0.99,39.0
2025-12-20,wk inc flu hosp,1,2025-12-27,51,quantile,0.01,32.0
2025-12-20,wk inc flu hosp,1,2025-12-27,51,quantile,0.025,44.0
2025-12-20,wk inc flu hosp,1,2025-12-27,51,quantile,0.05,71.0
2025-12-20,wk inc flu hosp,1,2025-12-27,51,quantile,0.1,127.0
2025-12-20,wk inc flu hosp,1,2025-12-27,51,quantile,0.15,154.0
2025-12-20,wk inc flu hosp,1,2025-12-27,51,quantile,0.2,181.0
2025-12-20,wk inc flu hosp,1,2025-12-27,51,quantile,0.25,206.0
2025-12-20,wk inc flu hosp,1,2025-12-27,51,quantile,0.3,228.0
2025-12-20,wk inc flu hosp,1,2025-12-27,51,quantile,0.35,250.0
2025-12-20,wk inc flu hosp,1,2025-12-27,51,quantile,0.4,269.0
2025-12-20,wk inc flu hosp,1,2025-12-27,51,quantile,0.45,284.0
2025-12-20,wk inc flu hosp,1,2025-12-27,51,quantile,0.5,301.0
2025-12-20,wk inc flu hosp,1,2025-12-27,51,quantile,0.55,315.0
2025-12-20,wk inc flu hosp,1,2025-12-27,51,quantile,0.6,335.0
2025-12-20,wk inc flu hosp,1,2025-12-27,51,quantile,0.65,354.0
2025-12-20,wk inc flu hosp,1,2025-12-27,51,quantile,0.7,376.0
2025-12-20,wk inc flu hosp,1,2025-12-27,51,quantile,0.75,400.0
2025-12-20,wk inc flu hosp,1,2025-12-27,51,quantile,0.8,428.0
2025-12-20,wk inc flu hosp,1,2025-12-27,51,quantile,0.85,457.0
2025-12-20,wk inc flu hosp,1,2025-12-27,51,quantile,0.9,501.0
2025-12-20,wk inc flu hosp,1,2025-12-27,51,quantile,0.95,565.0
2025-12-20,wk inc flu hosp,1,2025-12-27,51,quantile,0.975,613.0
2025-12-20,wk inc flu hosp,1,2025-12-27,51,quantile,0.99,687.0
2025-12-20,wk inc flu hosp,1,2025-12-27,53,quantile,0.01,12.0
2025-12-20,wk inc flu hosp,1,2025-12-27,53,quantile,0.025,19.0
2025-12-20,wk inc flu hosp,1,2025-12-27,53,quantile,0.05,24.0
2025-12-20,wk inc flu hosp,1,2025-12-27,53,quantile,0.1,30.0
2025-12-20,wk inc flu hosp,1,2025-12-27,53,quantile,0.15,46.0
2025-12-20,wk inc flu hosp,1,2025-12-27,53,quantile,0.2,62.0
2025-12-20,wk inc flu hosp,1,2025-12-27,53,quantile,0.25,76.0
2025-12-20,wk inc flu hosp,1,2025-12-27,53,quantile,0.3,92.0
2025-12-20,wk inc flu hosp,1,2025-12-27,53,quantile,0.35,105.0
2025-12-20,wk inc flu hosp,1,2025-12-27,53,quantile,0.4,117.0
2025-12-20,wk inc flu hosp,1,2025-12-27,53,quantile,0.45,130.0
2025-12-20,wk inc flu hosp,1,2025-12-27,53,quantile,0.5,143.0
2025-12-20,wk inc flu hosp,1,2025-12-27,53,quantile,0.55,154.0
2025-12-20,wk inc flu hosp,1,2025-12-27,53,quantile,0.6,164.0
2025-12-20,wk inc flu hosp,1,2025-12-27,53,quantile,0.65,175.0
2025-12-20,wk inc flu hosp,1,2025-12-27,53,quantile,0.7,189.0
2025-12-20,wk inc flu hosp,1,2025-12-27,53,quantile,0.75,205.0
2025-12-20,wk inc flu hosp,1,2025-12-27,53,quantile,0.8,225.0
2025-12-20,wk inc flu hosp,1,2025-12-27,53,quantile,0.85,246.0
2025-12-20,wk inc flu hosp,1,2025-12-27,53,quantile,0.9,274.0
2025-12-20,wk inc flu hosp,1,2025-12-27,53,quantile,0.95,318.0
2025-12-20,wk inc flu hosp,1,2025-12-27,53,quantile,0.975,356.0
2025-12-20,wk inc flu hosp,1,2025-12-27,53,quantile,0.99,399.0
2025-12-20,wk inc flu hosp,1,2025-12-27,54,quantile,0.01,3.0
2025-12-20,wk inc flu hosp,1,2025-12-27,54,quantile,0.025,4.0
2025-12-20,wk inc flu hosp,1,2025-12-27,54,quantile,0.05,6.0
2025-12-20,wk inc flu hosp,1,2025-12-27,54,quantile,0.1,7.0
2025-12-20,wk inc flu hosp,1,2025-12-27,54,quantile,0.15,10.0
2025-12-20,wk inc flu hosp,1,2025-12-27,54,quantile,0.2,16.0
2025-12-20,wk inc flu hosp,1,2025-12-27,54,quantile,0.25,20.0
2025-12-20,wk inc flu hosp,1,2025-12-27,54,quantile,0.3,24.0
2025-12-20,wk inc flu hosp,1,2025-12-27,54,quantile,0.35,26.0
2025-12-20,wk inc flu hosp,1,2025-12-27,54,quantile,0.4,27.0
2025-12-20,wk inc flu hosp,1,2025-12-27,54,quantile,0.45,29.0
2025-12-20,wk inc flu hosp,1,2025-12-27,54,quantile,0.5,31.0
2025-12-20,wk inc flu hosp,1,2025-12-27,54,quantile,0.55,33.0
2025-12-20,wk inc flu hosp,1,2025-12-27,54,quantile,0.6,35.0
2025-12-20,wk inc flu hosp,1,2025-12-27,54,quantile,0.65,37.0
2025-12-20,wk inc flu hosp,1,2025-12-27,54,quantile,0.7,40.0
2025-12-20,wk inc flu hosp,1,2025-12-27,54,quantile,0.75,43.0
2025-12-20,wk inc flu hosp,1,2025-12-27,54,quantile,0.8,47.0
2025-12-20,wk inc flu hosp,1,2025-12-27,54,quantile,0.85,52.0
2025-12-20,wk inc flu hosp,1,2025-12-27,54,quantile,0.9,58.0
2025-12-20,wk inc flu hosp,1,2025-12-27,54,quantile,0.95,73.0
2025-12-20,wk inc flu hosp,1,2025-12-27,54,quantile,0.975,89.0
2025-12-20,wk inc flu hosp,1,2025-12-27,54,quantile,0.99,115.0
2025-12-20,wk inc flu hosp,1,2025-12-27,55,quantile,0.01,11.0
2025-12-20,wk inc flu hosp,1,2025-12-27,55,quantile,0.025,16.0
2025-12-20,wk inc flu hosp,1,2025-12-27,55,quantile,0.05,18.0
2025-12-20,wk inc flu hosp,1,2025-12-27,55,quantile,0.1,23.0
2025-12-20,wk inc flu hosp,1,2025-12-27,55,quantile,0.15,42.0
2025-12-20,wk inc flu hosp,1,2025-12-27,55,quantile,0.2,61.0
2025-12-20,wk inc flu hosp,1,2025-12-27,55,quantile,0.25,76.0
2025-12-20,wk inc flu hosp,1,2025-12-27,55,quantile,0.3,89.0
2025-12-20,wk inc flu hosp,1,2025-12-27,55,quantile,0.35,102.0
2025-12-20,wk inc flu hosp,1,2025-12-27,55,quantile,0.4,114.0
2025-12-20,wk inc flu hosp,1,2025-12-27,55,quantile,0.45,124.0
2025-12-20,wk inc flu hosp,1,2025-12-27,55,quantile,0.5,135.0
2025-12-20,wk inc flu hosp,1,2025-12-27,55,quantile,0.55,146.0
2025-12-20,wk inc flu hosp,1,2025-12-27,55,quantile,0.6,156.0
2025-12-20,wk inc flu hosp,1,2025-12-27,55,quantile,0.65,169.0
2025-12-20,wk inc flu hosp,1,2025-12-27,55,quantile,0.7,181.0
2025-12-20,wk inc flu hosp,1,2025-12-27,55,quantile,0.75,198.0
2025-12-20,wk inc flu hosp,1,2025-12-27,55,quantile,0.8,213.0
2025-12-20,wk inc flu hosp,1,2025-12-27,55,quantile,0.85,233.0
2025-12-20,wk inc flu hosp,1,2025-12-27,55,quantile,0.9,254.0
2025-12-20,wk inc flu hosp,1,2025-12-27,55,quantile,0.95,290.0
2025-12-20,wk inc flu hosp,1,2025-12-27,55,quantile,0.975,319.0
2025-12-20,wk inc flu hosp,1,2025-12-27,55,quantile,0.99,367.0
2025-12-20,wk inc flu hosp,1,2025-12-27,56,quantile,0.01,0.0
2025-12-20,wk inc flu hosp,1,2025-12-27,56,quantile,0.025,0.0
2025-12-20,wk inc flu hosp,1,2025-12-27,56,quantile,0.05,0.0
2025-12-20,wk inc flu hosp,1,2025-12-27,56,quantile,0.1,0.0
2025-12-20,wk inc flu hosp,1,2025-12-27,56,quantile,0.15,0.0
2025-12-20,wk inc flu hosp,1,2025-12-27,56,quantile,0.2,0.0
2025-12-20,wk inc flu hosp,1,2025-12-27,56,quantile,0.25,0.0
2025-12-20,wk inc flu hosp,1,2025-12-27,56,quantile,0.3,0.0
2025-12-20,wk inc flu hosp,1,2025-12-27,56,quantile,0.35,0.0
2025-12-20,wk inc flu hosp,1,2025-12-27,56,quantile,0.4,0.0
2025-12-20,wk inc flu hosp,1,2025-12-27,56,quantile,0.45,0.0
2025-12-20,wk inc flu hosp,1,2025-12-27,56,quantile,0.5,0.0
2025-12-20,wk inc flu hosp,1,2025-12-27,56,quantile,0.55,1.0
2025-12-20,wk inc flu hosp,1,2025-12-27,56,quantile,0.6,1.0
2025-12-20,wk inc flu hosp,1,2025-12-27,56,quantile,0.65,1.0
2025-12-20,wk inc flu hosp,1,2025-12-27,56,quantile,0.7,1.0
2025-12-20,wk inc flu hosp,1,2025-12-27,56,quantile,0.75,1.0
2025-12-20,wk inc flu hosp,1,2025-12-27,56,quantile,0.8,2.0
2025-12-20,wk inc flu hosp,1,2025-12-27,56,quantile,0.85,2.0
2025-12-20,wk inc flu hosp,1,2025-12-27,56,quantile,0.9,2.0
2025-12-20,wk inc flu hosp,1,2025-12-27,56,quantile,0.95,7.0
2025-12-20,wk inc flu hosp,1,2025-12-27,56,quantile,0.975,9.0
2025-12-20,wk inc flu hosp,1,2025-12-27,56,quantile,0.99,11.0
2025-12-20,wk inc flu hosp,1,2025-12-27,US,quantile,0.01,1265.0
2025-12-20,wk inc flu hosp,1,2025-12-27,US,quantile,0.025,2303.0
2025-12-20,wk inc flu hosp,1,2025-12-27,US,quantile,0.05,4032.0
2025-12-20,wk inc flu hosp,1,2025-12-27,US,quantile,0.1,5551.0
2025-12-20,wk inc flu hosp,1,2025-12-27,US,quantile,0.15,6407.0
2025-12-20,wk inc flu hosp,1,2025-12-27,US,quantile,0.2,7328.0
2025-12-20,wk inc flu hosp,1,2025-12-27,US,quantile,0.25,8045.0
2025-12-20,wk inc flu hosp,1,2025-12-27,US,quantile,0.3,8757.0
2025-12-20,wk inc flu hosp,1,2025-12-27,US,quantile,0.35,9439.0
2025-12-20,wk inc flu hosp,1,2025-12-27,US,quantile,0.4,10053.0
2025-12-20,wk inc flu hosp,1,2025-12-27,US,quantile,0.45,10668.0
2025-12-20,wk inc flu hosp,1,2025-12-27,US,quantile,0.5,11307.0
2025-12-20,wk inc flu hosp,1,2025-12-27,US,quantile,0.55,11873.0
2025-12-20,wk inc flu hosp,1,2025-12-27,US,quantile,0.6,12568.0
2025-12-20,wk inc flu hosp,1,2025-12-27,US,quantile,0.65,13166.0
2025-12-20,wk inc flu hosp,1,2025-12-27,US,quantile,0.7,13836.0
2025-12-20,wk inc flu hosp,1,2025-12-27,US,quantile,0.75,14823.0
2025-12-20,wk inc flu hosp,1,2025-12-27,US,quantile,0.8,15634.0
2025-12-20,wk inc flu hosp,1,2025-12-27,US,quantile,0.85,16645.0
2025-12-20,wk inc flu hosp,1,2025-12-27,US,quantile,0.9,17978.0
2025-12-20,wk inc flu hosp,1,2025-12-27,US,quantile,0.95,20309.0
2025-12-20,wk inc flu hosp,1,2025-12-27,US,quantile,0.975,22232.0
2025-12-20,wk inc flu hosp,1,2025-12-27,US,quantile,0.99,24637.0
2025-12-20,wk inc flu hosp,2,2026-01-03,01,quantile,0.01,10.0
2025-12-20,wk inc flu hosp,2,2026-01-03,01,quantile,0.025,14.0
2025-12-20,wk inc flu hosp,2,2026-01-03,01,quantile,0.05,17.0
2025-12-20,wk inc flu hosp,2,2026-01-03,01,quantile,0.1,21.0
2025-12-20,wk inc flu hosp,2,2026-01-03,01,quantile,0.15,25.0
2025-12-20,wk inc flu hosp,2,2026-01-03,01,quantile,0.2,42.0
2025-12-20,wk inc flu hosp,2,2026-01-03,01,quantile,0.25,61.0
2025-12-20,wk inc flu hosp,2,2026-01-03,01,quantile,0.3,76.0
2025-12-20,wk inc flu hosp,2,2026-01-03,01,quantile,0.35,92.0
2025-12-20,wk inc flu hosp,2,2026-01-03,01,quantile,0.4,110.0
2025-12-20,wk inc flu hosp,2,2026-01-03,01,quantile,0.45,127.0
2025-12-20,wk inc flu hosp,2,2026-01-03,01,quantile,0.5,143.0
2025-12-20,wk inc flu hosp,2,2026-01-03,01,quantile,0.55,161.0
2025-12-20,wk inc flu hosp,2,2026-01-03,01,quantile,0.6,177.0
2025-12-20,wk inc flu hosp,2,2026-01-03,01,quantile,0.65,197.0
2025-12-20,wk inc flu hosp,2,2026-01-03,01,quantile,0.7,220.0
2025-12-20,wk inc flu hosp,2,2026-01-03,01,quantile,0.75,237.0
2025-12-20,wk inc flu hosp,2,2026-01-03,01,quantile,0.8,263.0
2025-12-20,wk inc flu hosp,2,2026-01-03,01,quantile,0.85,292.0
2025-12-20,wk inc flu hosp,2,2026-01-03,01,quantile,0.9,327.0
2025-12-20,wk inc flu hosp,2,2026-01-03,01,quantile,0.95,387.0
2025-12-20,wk inc flu hosp,2,2026-01-03,01,quantile,0.975,433.0
2025-12-20,wk inc flu hosp,2,2026-01-03,01,quantile,0.99,490.0
2025-12-20,wk inc flu hosp,2,2026-01-03,02,quantile,0.01,1.0
2025-12-20,wk inc flu hosp,2,2026-01-03,02,quantile,0.025,2.0
2025-12-20,wk inc flu hosp,2,2026-01-03,02,quantile,0.05,2.0
2025-12-20,wk inc flu hosp,2,2026-01-03,02,quantile,0.1,3.0
2025-12-20,wk inc flu hosp,2,2026-01-03,02,quantile,0.15,5.0
2025-12-20,wk inc flu hosp,2,2026-01-03,02,quantile,0.2,7.0
2025-12-20,wk inc flu hosp,2,2026-01-03,02,quantile,0.25,9.0
2025-12-20,wk inc flu hosp,2,2026-01-03,02,quantile,0.3,11.0
2025-12-20,wk inc flu hosp,2,2026-01-03,02,quantile,0.35,13.0
2025-12-20,wk inc flu hosp,2,2026-01-03,02,quantile,0.4,15.0
2025-12-20,wk inc flu hosp,2,2026-01-03,02,quantile,0.45,16.0
2025-12-20,wk inc flu hosp,2,2026-01-03,02,quantile,0.5,18.0
2025-12-20,wk inc flu hosp,2,2026-01-03,02,quantile,0.55,20.0
2025-12-20,wk inc flu hosp,2,2026-01-03,02,quantile,0.6,22.0
2025-12-20,wk inc flu hosp,2,2026-01-03,02,quantile,0.65,24.0
2025-12-20,wk inc flu hosp,2,2026-01-03,02,quantile,0.7,26.0
2025-12-20,wk inc flu hosp,2,2026-01-03,02,quantile,0.75,28.0
2025-12-20,wk inc flu hosp,2,2026-01-03,02,quantile,0.8,31.0
2025-12-20,wk inc flu hosp,2,2026-01-03,02,quantile,0.85,35.0
2025-12-20,wk inc flu hosp,2,2026-01-03,02,quantile,0.9,39.0
2025-12-20,wk inc flu hosp,2,2026-01-03,02,quantile,0.95,46.0
2025-12-20,wk inc flu hosp,2,2026-01-03,02,quantile,0.975,52.0
2025-12-20,wk inc flu hosp,2,2026-01-03,02,quantile,0.99,58.0
2025-12-20,wk inc flu hosp,2,2026-01-03,04,quantile,0.01,8.0
2025-12-20,wk inc flu hosp,2,2026-01-03,04,quantile,0.025,11.0
2025-12-20,wk inc flu hosp,2,2026-01-03,04,quantile,0.05,15.0
2025-12-20,wk inc flu hosp,2,2026-01-03,04,quantile,0.1,18.0
2025-12-20,wk inc flu hosp,2,2026-01-03,04,quantile,0.15,21.0
2025-12-20,wk inc flu hosp,2,2026-01-03,04,quantile,0.2,23.0
2025-12-20,wk inc flu hosp,2,2026-01-03,04,quantile,0.25,32.0
2025-12-20,wk inc flu hosp,2,2026-01-03,04,quantile,0.3,46.0
2025-12-20,wk inc flu hosp,2,2026-01-03,04,quantile,0.35,62.0
2025-12-20,wk inc flu hosp,2,2026-01-03,04,quantile,0.4,75.0
2025-12-20,wk inc flu hosp,2,2026-01-03,04,quantile,0.45,87.0
2025-12-20,wk inc flu hosp,2,2026-01-03,04,quantile,0.5,99.0
2025-12-20,wk inc flu hosp,2,2026-01-03,04,quantile,0.55,113.0
2025-12-20,wk inc flu hosp,2,2026-01-03,04,quantile,0.6,131.0
2025-12-20,wk inc flu hosp,2,2026-01-03,04,quantile,0.65,145.0
2025-12-20,wk inc flu hosp,2,2026-01-03,04,quantile,0.7,160.0
2025-12-20,wk inc flu hosp,2,2026-01-03,04,quantile,0.75,179.0
2025-12-20,wk inc flu hosp,2,2026-01-03,04,quantile,0.8,204.0
2025-12-20,wk inc flu hosp,2,2026-01-03,04,quantile,0.85,228.0
2025-12-20,wk inc flu hosp,2,2026-01-03,04,quantile,0.9,261.0
2025-12-20,wk inc flu hosp,2,2026-01-03,04,quantile,0.95,308.0
2025-12-20,wk inc flu hosp,2,2026-01-03,04,quantile,0.975,350.0
2025-12-20,wk inc flu hosp,2,2026-01-03,04,quantile,0.99,410.0
2025-12-20,wk inc flu hosp,2,2026-01-03,05,quantile,0.01,6.0
2025-12-20,wk inc flu hosp,2,2026-01-03,05,quantile,0.025,8.0
2025-12-20,wk inc flu hosp,2,2026-01-03,05,quantile,0.05,10.0
2025-12-20,wk inc flu hosp,2,2026-01-03,05,quantile,0.1,14.0
2025-12-20,wk inc flu hosp,2,2026-01-03,05,quantile,0.15,19.0
2025-12-20,wk inc flu hosp,2,2026-01-03,05,quantile,0.2,30.0
2025-12-20,wk inc flu hosp,2,2026-01-03,05,quantile,0.25,38.0
2025-12-20,wk inc flu hosp,2,2026-01-03,05,quantile,0.3,45.0
2025-12-20,wk inc flu hosp,2,2026-01-03,05,quantile,0.35,53.0
2025-12-20,wk inc flu hosp,2,2026-01-03,05,quantile,0.4,59.0
2025-12-20,wk inc flu hosp,2,2026-01-03,05,quantile,0.45,67.0
2025-12-20,wk inc flu hosp,2,2026-01-03,05,quantile,0.5,73.0
2025-12-20,wk inc flu hosp,2,2026-01-03,05,quantile,0.55,79.0
2025-12-20,wk inc flu hosp,2,2026-01-03,05,quantile,0.6,87.0
2025-12-20,wk inc flu hosp,2,2026-01-03,05,quantile,0.65,95.0
2025-12-20,wk inc flu hosp,2,2026-01-03,05,quantile,0.7,103.0
2025-12-20,wk inc flu hosp,2,2026-01-03,05,quantile,0.75,111.0
2025-12-20,wk inc flu hosp,2,2026-01-03,05,quantile,0.8,124.0
2025-12-20,wk inc flu hosp,2,2026-01-03,05,quantile,0.85,134.0
2025-12-20,wk inc flu hosp,2,2026-01-03,05,quantile,0.9,147.0
2025-12-20,wk inc flu hosp,2,2026-01-03,05,quantile,0.95,166.0
2025-12-20,wk inc flu hosp,2,2026-01-03,05,quantile,0.975,188.0
2025-12-20,wk inc flu hosp,2,2026-01-03,05,quantile,0.99,210.0
2025-12-20,wk inc flu hosp,2,2026-01-03,06,quantile,0.01,36.0
2025-12-20,wk inc flu hosp,2,2026-01-03,06,quantile,0.025,48.0
2025-12-20,wk inc flu hosp,2,2026-01-03,06,quantile,0.05,56.0
2025-12-20,wk inc flu hosp,2,2026-01-03,06,quantile,0.1,69.0
2025-12-20,wk inc flu hosp,2,2026-01-03,06,quantile,0.15,78.0
2025-12-20,wk inc flu hosp,2,2026-01-03,06,quantile,0.2,103.0
2025-12-20,wk inc flu hosp,2,2026-01-03,06,quantile,0.25,160.0
2025-12-20,wk inc flu hosp,2,2026-01-03,06,quantile,0.3,221.0
2025-12-20,wk inc flu hosp,2,2026-01-03,06,quantile,0.35,283.0
2025-12-20,wk inc flu hosp,2,2026-01-03,06,quantile,0.4,335.0
2025-12-20,wk inc flu hosp,2,2026-01-03,06,quantile,0.45,390.0
2025-12-20,wk inc flu hosp,2,2026-01-03,06,quantile,0.5,448.0
2025-12-20,wk inc flu hosp,2,2026-01-03,06,quantile,0.55,499.0
2025-12-20,wk inc flu hosp,2,2026-01-03,06,quantile,0.6,547.0
2025-12-20,wk inc flu hosp,2,2026-01-03,06,quantile,0.65,601.0
2025-12-20,wk inc flu hosp,2,2026-01-03,06,quantile,0.7,658.0
2025-12-20,wk inc flu hosp,2,2026-01-03,06,quantile,0.75,719.0
2025-12-20,wk inc flu hosp,2,2026-01-03,06,quantile,0.8,789.0
2025-12-20,wk inc flu hosp,2,2026-01-03,06,quantile,0.85,890.0
2025-12-20,wk inc flu hosp,2,2026-01-03,06,quantile,0.9,1018.0
2025-12-20,wk inc flu hosp,2,2026-01-03,06,quantile,0.95,1181.0
2025-12-20,wk inc flu hosp,2,2026-01-03,06,quantile,0.975,1317.0
2025-12-20,wk inc flu hosp,2,2026-01-03,06,quantile,0.99,1473.0
2025-12-20,wk inc flu hosp,2,2026-01-03,08,quantile,0.01,55.0
2025-12-20,wk inc flu hosp,2,2026-01-03,08,quantile,0.025,88.0
2025-12-20,wk inc flu hosp,2,2026-01-03,08,quantile,0.05,111.0
2025-12-20,wk inc flu hosp,2,2026-01-03,08,quantile,0.1,146.0
2025-12-20,wk inc flu hosp,2,2026-01-03,08,quantile,0.15,172.0
2025-12-20,wk inc flu hosp,2,2026-01-03,08,quantile,0.2,197.0
2025-12-20,wk inc flu hosp,2,2026-01-03,08,quantile,0.25,212.0
2025-12-20,wk inc flu hosp,2,2026-01-03,08,quantile,0.3,227.0
2025-12-20,wk inc flu hosp,2,2026-01-03,08,quantile,0.35,243.0
2025-12-20,wk inc flu hosp,2,2026-01-03,08,quantile,0.4,258.0
2025-12-20,wk inc flu hosp,2,2026-01-03,08,quantile,0.45,274.0
2025-12-20,wk inc flu hosp,2,2026-01-03,08,quantile,0.5,286.0
2025-12-20,wk inc flu hosp,2,2026-01-03,08,quantile,0.55,299.0
2025-12-20,wk inc flu hosp,2,2026-01-03,08,quantile,0.6,315.0
2025-12-20,wk inc flu hosp,2,2026-01-03,08,quantile,0.65,333.0
2025-12-20,wk inc flu hosp,2,2026-01-03,08,quantile,0.7,352.0
2025-12-20,wk inc flu hosp,2,2026-01-03,08,quantile,0.75,372.0
2025-12-20,wk inc flu hosp,2,2026-01-03,08,quantile,0.8,393.0
2025-12-20,wk inc flu hosp,2,2026-01-03,08,quantile,0.85,420.0
2025-12-20,wk inc flu hosp,2,2026-01-03,08,quantile,0.9,454.0
2025-12-20,wk inc flu hosp,2,2026-01-03,08,quantile,0.95,512.0
2025-12-20,wk inc flu hosp,2,2026-01-03,08,quantile,0.975,557.0
2025-12-20,wk inc flu hosp,2,2026-01-03,08,quantile,0.99,604.0
2025-12-20,wk inc flu hosp,2,2026-01-03,09,quantile,0.01,77.0
2025-12-20,wk inc flu hosp,2,2026-01-03,09,quantile,0.025,89.0
2025-12-20,wk inc flu hosp,2,2026-01-03,09,quantile,0.05,106.0
2025-12-20,wk inc flu hosp,2,2026-01-03,09,quantile,0.1,127.0
2025-12-20,wk inc flu hosp,2,2026-01-03,09,quantile,0.15,144.0
2025-12-20,wk inc flu hosp,2,2026-01-03,09,quantile,0.2,158.0
2025-12-20,wk inc flu hosp,2,2026-01-03,09,quantile,0.25,167.0
2025-12-20,wk inc flu hosp,2,2026-01-03,09,quantile,0.3,177.0
2025-12-20,wk inc flu hosp,2,2026-01-03,09,quantile,0.35,187.0
2025-12-20,wk inc flu hosp,2,2026-01-03,09,quantile,0.4,199.0
2025-12-20,wk inc flu hosp,2,2026-01-03,09,quantile,0.45,209.0
2025-12-20,wk inc flu hosp,2,2026-01-03,09,quantile,0.5,219.0
2025-12-20,wk inc flu hosp,2,2026-01-03,09,quantile,0.55,228.0
2025-12-20,wk inc flu hosp,2,2026-01-03,09,quantile,0.6,237.0
2025-12-20,wk inc flu hosp,2,2026-01-03,09,quantile,0.65,248.0
2025-12-20,wk inc flu hosp,2,2026-01-03,09,quantile,0.7,261.0
2025-12-20,wk inc flu hosp,2,2026-01-03,09,quantile,0.75,275.0
2025-12-20,wk inc flu hosp,2,2026-01-03,09,quantile,0.8,289.0
2025-12-20,wk inc flu hosp,2,2026-01-03,09,quantile,0.85,307.0
2025-12-20,wk inc flu hosp,2,2026-01-03,09,quantile,0.9,332.0
2025-12-20,wk inc flu hosp,2,2026-01-03,09,quantile,0.95,363.0
2025-12-20,wk inc flu hosp,2,2026-01-03,09,quantile,0.975,394.0
2025-12-20,wk inc flu hosp,2,2026-01-03,09,quantile,0.99,423.0
2025-12-20,wk inc flu hosp,2,2026-01-03,10,quantile,0.01,4.0
2025-12-20,wk inc flu hosp,2,2026-01-03,10,quantile,0.025,5.0
2025-12-20,wk inc flu hosp,2,2026-01-03,10,quantile,0.05,6.0
2025-12-20,wk inc flu hosp,2,2026-01-03,10,quantile,0.1,9.0
2025-12-20,wk inc flu hosp,2,2026-01-03,10,quantile,0.15,14.0
2025-12-20,wk inc flu hosp,2,2026-01-03,10,quantile,0.2,18.0
2025-12-20,wk inc flu hosp,2,2026-01-03,10,quantile,0.25,22.0
2025-12-20,wk inc flu hosp,2,2026-01-03,10,quantile,0.3,25.0
2025-12-20,wk inc flu hosp,2,2026-01-03,10,quantile,0.35,27.0
2025-12-20,wk inc flu hosp,2,2026-01-03,10,quantile,0.4,30.0
2025-12-20,wk inc flu hosp,2,2026-01-03,10,quantile,0.45,32.0
2025-12-20,wk inc flu hosp,2,2026-01-03,10,quantile,0.5,35.0
2025-12-20,wk inc flu hosp,2,2026-01-03,10,quantile,0.55,38.0
2025-12-20,wk inc flu hosp,2,2026-01-03,10,quantile,0.6,41.0
2025-12-20,wk inc flu hosp,2,2026-01-03,10,quantile,0.65,44.0
2025-12-20,wk inc flu hosp,2,2026-01-03,10,quantile,0.7,47.0
2025-12-20,wk inc flu hosp,2,2026-01-03,10,quantile,0.75,51.0
2025-12-20,wk inc flu hosp,2,2026-01-03,10,quantile,0.8,56.0
2025-12-20,wk inc flu hosp,2,2026-01-03,10,quantile,0.85,60.0
2025-12-20,wk inc flu hosp,2,2026-01-03,10,quantile,0.9,67.0
2025-12-20,wk inc flu hosp,2,2026-01-03,10,quantile,0.95,77.0
2025-12-20,wk inc flu hosp,2,2026-01-03,10,quantile,0.975,85.0
2025-12-20,wk inc flu hosp,2,2026-01-03,10,quantile,0.99,96.0
2025-12-20,wk inc flu hosp,2,2026-01-03,11,quantile,0.01,1.0
2025-12-20,wk inc flu hosp,2,2026-01-03,11,quantile,0.025,2.0
2025-12-20,wk inc flu hosp,2,2026-01-03,11,quantile,0.05,4.0
2025-12-20,wk inc flu hosp,2,2026-01-03,11,quantile,0.1,8.0
2025-12-20,wk inc flu hosp,2,2026-01-03,11,quantile,0.15,10.0
2025-12-20,wk inc flu hosp,2,2026-01-03,11,quantile,0.2,12.0
2025-12-20,wk inc flu hosp,2,2026-01-03,11,quantile,0.25,14.0
2025-12-20,wk inc flu hosp,2,2026-01-03,11,quantile,0.3,16.0
2025-12-20,wk inc flu hosp,2,2026-01-03,11,quantile,0.35,18.0
2025-12-20,wk inc flu hosp,2,2026-01-03,11,quantile,0.4,19.0
2025-12-20,wk inc flu hosp,2,2026-01-03,11,quantile,0.45,21.0
2025-12-20,wk inc flu hosp,2,2026-01-03,11,quantile,0.5,22.0
2025-12-20,wk inc flu hosp,2,2026-01-03,11,quantile,0.55,24.0
2025-12-20,wk inc flu hosp,2,2026-01-03,11,quantile,0.6,25.0
2025-12-20,wk inc flu hosp,2,2026-01-03,11,quantile,0.65,26.0
2025-12-20,wk inc flu hosp,2,2026-01-03,11,quantile,0.7,28.0
2025-12-20,wk inc flu hosp,2,2026-01-03,11,quantile,0.75,30.0
2025-12-20,wk inc flu hosp,2,2026-01-03,11,quantile,0.8,32.0
2025-12-20,wk inc flu hosp,2,2026-01-03,11,quantile,0.85,35.0
2025-12-20,wk inc flu hosp,2,2026-01-03,11,quantile,0.9,39.0
2025-12-20,wk inc flu hosp,2,2026-01-03,11,quantile,0.95,45.0
2025-12-20,wk inc flu hosp,2,2026-01-03,11,quantile,0.975,48.0
2025-12-20,wk inc flu hosp,2,2026-01-03,11,quantile,0.99,54.0
2025-12-20,wk inc flu hosp,2,2026-01-03,12,quantile,0.01,71.0
2025-12-20,wk inc flu hosp,2,2026-01-03,12,quantile,0.025,100.0
2025-12-20,wk inc flu hosp,2,2026-01-03,12,quantile,0.05,184.0
2025-12-20,wk inc flu hosp,2,2026-01-03,12,quantile,0.1,286.0
2025-12-20,wk inc flu hosp,2,2026-01-03,12,quantile,0.15,358.0
2025-12-20,wk inc flu hosp,2,2026-01-03,12,quantile,0.2,422.0
2025-12-20,wk inc flu hosp,2,2026-01-03,12,quantile,0.25,471.0
2025-12-20,wk inc flu hosp,2,2026-01-03,12,quantile,0.3,543.0
2025-12-20,wk inc flu hosp,2,2026-01-03,12,quantile,0.35,594.0
2025-12-20,wk inc flu hosp,2,2026-01-03,12,quantile,0.4,639.0
2025-12-20,wk inc flu hosp,2,2026-01-03,12,quantile,0.45,679.0
2025-12-20,wk inc flu hosp,2,2026-01-03,12,quantile,0.5,715.0
2025-12-20,wk inc flu hosp,2,2026-01-03,12,quantile,0.55,755.0
2025-12-20,wk inc flu hosp,2,2026-01-03,12,quantile,0.6,799.0
2025-12-20,wk inc flu hosp,2,2026-01-03,12,quantile,0.65,850.0
2025-12-20,wk inc flu hosp,2,2026-01-03,12,quantile,0.7,897.0
2025-12-20,wk inc flu hosp,2,2026-01-03,12,quantile,0.75,950.0
2025-12-20,wk inc flu hosp,2,2026-01-03,12,quantile,0.8,1018.0
2025-12-20,wk inc flu hosp,2,2026-01-03,12,quantile,0.85,1094.0
2025-12-20,wk inc flu hosp,2,2026-01-03,12,quantile,0.9,1188.0
2025-12-20,wk inc flu hosp,2,2026-01-03,12,quantile,0.95,1320.0
2025-12-20,wk inc flu hosp,2,2026-01-03,12,quantile,0.975,1467.0
2025-12-20,wk inc flu hosp,2,2026-01-03,12,quantile,0.99,1606.0
2025-12-20,wk inc flu hosp,2,2026-01-03,13,quantile,0.01,24.0
2025-12-20,wk inc flu hosp,2,2026-01-03,13,quantile,0.025,36.0
2025-12-20,wk inc flu hosp,2,2026-01-03,13,quantile,0.05,44.0
2025-12-20,wk inc flu hosp,2,2026-01-03,13,quantile,0.1,52.0
2025-12-20,wk inc flu hosp,2,2026-01-03,13,quantile,0.15,82.0
2025-12-20,wk inc flu hosp,2,2026-01-03,13,quantile,0.2,114.0
2025-12-20,wk inc flu hosp,2,2026-01-03,13,quantile,0.25,149.0
2025-12-20,wk inc flu hosp,2,2026-01-03,13,quantile,0.3,178.0
2025-12-20,wk inc flu hosp,2,2026-01-03,13,quantile,0.35,207.0
2025-12-20,wk inc flu hosp,2,2026-01-03,13,quantile,0.4,229.0
2025-12-20,wk inc flu hosp,2,2026-01-03,13,quantile,0.45,251.0
2025-12-20,wk inc flu hosp,2,2026-01-03,13,quantile,0.5,275.0
2025-12-20,wk inc flu hosp,2,2026-01-03,13,quantile,0.55,295.0
2025-12-20,wk inc flu hosp,2,2026-01-03,13,quantile,0.6,330.0
2025-12-20,wk inc flu hosp,2,2026-01-03,13,quantile,0.65,359.0
2025-12-20,wk inc flu hosp,2,2026-01-03,13,quantile,0.7,381.0
2025-12-20,wk inc flu hosp,2,2026-01-03,13,quantile,0.75,414.0
2025-12-20,wk inc flu hosp,2,2026-01-03,13,quantile,0.8,446.0
2025-12-20,wk inc flu hosp,2,2026-01-03,13,quantile,0.85,487.0
2025-12-20,wk inc flu hosp,2,2026-01-03,13,quantile,0.9,535.0
2025-12-20,wk inc flu hosp,2,2026-01-03,13,quantile,0.95,608.0
2025-12-20,wk inc flu hosp,2,2026-01-03,13,quantile,0.975,665.0
2025-12-20,wk inc flu hosp,2,2026-01-03,13,quantile,0.99,740.0
2025-12-20,wk inc flu hosp,2,2026-01-03,15,quantile,0.01,11.0
2025-12-20,wk inc flu hosp,2,2026-01-03,15,quantile,0.025,13.0
2025-12-20,wk inc flu hosp,2,2026-01-03,15,quantile,0.05,22.0
2025-12-20,wk inc flu hosp,2,2026-01-03,15,quantile,0.1,41.0
2025-12-20,wk inc flu hosp,2,2026-01-03,15,quantile,0.15,56.0
2025-12-20,wk inc flu hosp,2,2026-01-03,15,quantile,0.2,67.0
2025-12-20,wk inc flu hosp,2,2026-01-03,15,quantile,0.25,79.0
2025-12-20,wk inc flu hosp,2,2026-01-03,15,quantile,0.3,89.0
2025-12-20,wk inc flu hosp,2,2026-01-03,15,quantile,0.35,99.0
2025-12-20,wk inc flu hosp,2,2026-01-03,15,quantile,0.4,109.0
2025-12-20,wk inc flu hosp,2,2026-01-03,15,quantile,0.45,119.0
2025-12-20,wk inc flu hosp,2,2026-01-03,15,quantile,0.5,127.0
2025-12-20,wk inc flu hosp,2,2026-01-03,15,quantile,0.55,135.0
2025-12-20,wk inc flu hosp,2,2026-01-03,15,quantile,0.6,142.0
2025-12-20,wk inc flu hosp,2,2026-01-03,15,quantile,0.65,152.0
2025-12-20,wk inc flu hosp,2,2026-01-03,15,quantile,0.7,162.0
2025-12-20,wk inc flu hosp,2,2026-01-03,15,quantile,0.75,174.0
2025-12-20,wk inc flu hosp,2,2026-01-03,15,quantile,0.8,185.0
2025-12-20,wk inc flu hosp,2,2026-01-03,15,quantile,0.85,198.0
2025-12-20,wk inc flu hosp,2,2026-01-03,15,quantile,0.9,217.0
2025-12-20,wk inc flu hosp,2,2026-01-03,15,quantile,0.95,246.0
2025-12-20,wk inc flu hosp,2,2026-01-03,15,quantile,0.975,273.0
2025-12-20,wk inc flu hosp,2,2026-01-03,15,quantile,0.99,308.0
2025-12-20,wk inc flu hosp,2,2026-01-03,16,quantile,0.01,4.0
2025-12-20,wk inc flu hosp,2,2026-01-03,16,quantile,0.025,6.0
2025-12-20,wk inc flu hosp,2,2026-01-03,16,quantile,0.05,8.0
2025-12-20,wk inc flu hosp,2,2026-01-03,16,quantile,0.1,10.0
2025-12-20,wk inc flu hosp,2,2026-01-03,16,quantile,0.15,17.0
2025-12-20,wk inc flu hosp,2,2026-01-03,16,quantile,0.2,24.0
2025-12-20,wk inc flu hosp,2,2026-01-03,16,quantile,0.25,30.0
2025-12-20,wk inc flu hosp,2,2026-01-03,16,quantile,0.3,35.0
2025-12-20,wk inc flu hosp,2,2026-01-03,16,quantile,0.35,40.0
2025-12-20,wk inc flu hosp,2,2026-01-03,16,quantile,0.4,45.0
2025-12-20,wk inc flu hosp,2,2026-01-03,16,quantile,0.45,49.0
2025-12-20,wk inc flu hosp,2,2026-01-03,16,quantile,0.5,53.0
2025-12-20,wk inc flu hosp,2,2026-01-03,16,quantile,0.55,57.0
2025-12-20,wk inc flu hosp,2,2026-01-03,16,quantile,0.6,62.0
2025-12-20,wk inc flu hosp,2,2026-01-03,16,quantile,0.65,67.0
2025-12-20,wk inc flu hosp,2,2026-01-03,16,quantile,0.7,71.0
2025-12-20,wk inc flu hosp,2,2026-01-03,16,quantile,0.75,76.0
2025-12-20,wk inc flu hosp,2,2026-01-03,16,quantile,0.8,83.0
2025-12-20,wk inc flu hosp,2,2026-01-03,16,quantile,0.85,91.0
2025-12-20,wk inc flu hosp,2,2026-01-03,16,quantile,0.9,101.0
2025-12-20,wk inc flu hosp,2,2026-01-03,16,quantile,0.95,114.0
2025-12-20,wk inc flu hosp,2,2026-01-03,16,quantile,0.975,128.0
2025-12-20,wk inc flu hosp,2,2026-01-03,16,quantile,0.99,143.0
2025-12-20,wk inc flu hosp,2,2026-01-03,17,quantile,0.01,23.0
2025-12-20,wk inc flu hosp,2,2026-01-03,17,quantile,0.025,30.0
2025-12-20,wk inc flu hosp,2,2026-01-03,17,quantile,0.05,38.0
2025-12-20,wk inc flu hosp,2,2026-01-03,17,quantile,0.1,46.0
2025-12-20,wk inc flu hosp,2,2026-01-03,17,quantile,0.15,61.0
2025-12-20,wk inc flu hosp,2,2026-01-03,17,quantile,0.2,103.0
2025-12-20,wk inc flu hosp,2,2026-01-03,17,quantile,0.25,145.0
2025-12-20,wk inc flu hosp,2,2026-01-03,17,quantile,0.3,174.0
2025-12-20,wk inc flu hosp,2,2026-01-03,17,quantile,0.35,203.0
2025-12-20,wk inc flu hosp,2,2026-01-03,17,quantile,0.4,237.0
2025-12-20,wk inc flu hosp,2,2026-01-03,17,quantile,0.45,264.0
2025-12-20,wk inc flu hosp,2,2026-01-03,17,quantile,0.5,292.0
2025-12-20,wk inc flu hosp,2,2026-01-03,17,quantile,0.55,325.0
2025-12-20,wk inc flu hosp,2,2026-01-03,17,quantile,0.6,351.0
2025-12-20,wk inc flu hosp,2,2026-01-03,17,quantile,0.65,389.0
2025-12-20,wk inc flu hosp,2,2026-01-03,17,quantile,0.7,425.0
2025-12-20,wk inc flu hosp,2,2026-01-03,17,quantile,0.75,461.0
2025-12-20,wk inc flu hosp,2,2026-01-03,17,quantile,0.8,502.0
2025-12-20,wk inc flu hosp,2,2026-01-03,17,quantile,0.85,548.0
2025-12-20,wk inc flu hosp,2,2026-01-03,17,quantile,0.9,614.0
2025-12-20,wk inc flu hosp,2,2026-01-03,17,quantile,0.95,750.0
2025-12-20,wk inc flu hosp,2,2026-01-03,17,quantile,0.975,817.0
2025-12-20,wk inc flu hosp,2,2026-01-03,17,quantile,0.99,907.0
2025-12-20,wk inc flu hosp,2,2026-01-03,18,quantile,0.01,13.0
2025-12-20,wk inc flu hosp,2,2026-01-03,18,quantile,0.025,16.0
2025-12-20,wk inc flu hosp,2,2026-01-03,18,quantile,0.05,20.0
2025-12-20,wk inc flu hosp,2,2026-01-03,18,quantile,0.1,24.0
2025-12-20,wk inc flu hosp,2,2026-01-03,18,quantile,0.15,29.0
2025-12-20,wk inc flu hosp,2,2026-01-03,18,quantile,0.2,48.0
2025-12-20,wk inc flu hosp,2,2026-01-03,18,quantile,0.25,72.0
2025-12-20,wk inc flu hosp,2,2026-01-03,18,quantile,0.3,94.0
2025-12-20,wk inc flu hosp,2,2026-01-03,18,quantile,0.35,115.0
2025-12-20,wk inc flu hosp,2,2026-01-03,18,quantile,0.4,136.0
2025-12-20,wk inc flu hosp,2,2026-01-03,18,quantile,0.45,152.0
2025-12-20,wk inc flu hosp,2,2026-01-03,18,quantile,0.5,173.0
2025-12-20,wk inc flu hosp,2,2026-01-03,18,quantile,0.55,193.0
2025-12-20,wk inc flu hosp,2,2026-01-03,18,quantile,0.6,212.0
2025-12-20,wk inc flu hosp,2,2026-01-03,18,quantile,0.65,237.0
2025-12-20,wk inc flu hosp,2,2026-01-03,18,quantile,0.7,257.0
2025-12-20,wk inc flu hosp,2,2026-01-03,18,quantile,0.75,280.0
2025-12-20,wk inc flu hosp,2,2026-01-03,18,quantile,0.8,304.0
2025-12-20,wk inc flu hosp,2,2026-01-03,18,quantile,0.85,329.0
2025-12-20,wk inc flu hosp,2,2026-01-03,18,quantile,0.9,370.0
2025-12-20,wk inc flu hosp,2,2026-01-03,18,quantile,0.95,423.0
2025-12-20,wk inc flu hosp,2,2026-01-03,18,quantile,0.975,462.0
2025-12-20,wk inc flu hosp,2,2026-01-03,18,quantile,0.99,527.0
2025-12-20,wk inc flu hosp,2,2026-01-03,19,quantile,0.01,1.0
2025-12-20,wk inc flu hosp,2,2026-01-03,19,quantile,0.025,2.0
2025-12-20,wk inc flu hosp,2,2026-01-03,19,quantile,0.05,2.0
2025-12-20,wk inc flu hosp,2,2026-01-03,19,quantile,0.1,2.0
2025-12-20,wk inc flu hosp,2,2026-01-03,19,quantile,0.15,3.0
2025-12-20,wk inc flu hosp,2,2026-01-03,19,quantile,0.2,6.0
2025-12-20,wk inc flu hosp,2,2026-01-03,19,quantile,0.25,12.0
2025-12-20,wk inc flu hosp,2,2026-01-03,19,quantile,0.3,17.0
2025-12-20,wk inc flu hosp,2,2026-01-03,19,quantile,0.35,22.0
2025-12-20,wk inc flu hosp,2,2026-01-03,19,quantile,0.4,26.0
2025-12-20,wk inc flu hosp,2,2026-01-03,19,quantile,0.45,30.0
2025-12-20,wk inc flu hosp,2,2026-01-03,19,quantile,0.5,35.0
2025-12-20,wk inc flu hosp,2,2026-01-03,19,quantile,0.55,38.0
2025-12-20,wk inc flu hosp,2,2026-01-03,19,quantile,0.6,42.0
2025-12-20,wk inc flu hosp,2,2026-01-03,19,quantile,0.65,48.0
2025-12-20,wk inc flu hosp,2,2026-01-03,19,quantile,0.7,52.0
2025-12-20,wk inc flu hosp,2,2026-01-03,19,quantile,0.75,58.0
2025-12-20,wk inc flu hosp,2,2026-01-03,19,quantile,0.8,64.0
2025-12-20,wk inc flu hosp,2,2026-01-03,19,quantile,0.85,72.0
2025-12-20,wk inc flu hosp,2,2026-01-03,19,quantile,0.9,82.0
2025-12-20,wk inc flu hosp,2,2026-01-03,19,quantile,0.95,98.0
2025-12-20,wk inc flu hosp,2,2026-01-03,19,quantile,0.975,108.0
2025-12-20,wk inc flu hosp,2,2026-01-03,19,quantile,0.99,121.0
2025-12-20,wk inc flu hosp,2,2026-01-03,20,quantile,0.01,3.0
2025-12-20,wk inc flu hosp,2,2026-01-03,20,quantile,0.025,4.0
2025-12-20,wk inc flu hosp,2,2026-01-03,20,quantile,0.05,5.0
2025-12-20,wk inc flu hosp,2,2026-01-03,20,quantile,0.1,7.0
2025-12-20,wk inc flu hosp,2,2026-01-03,20,quantile,0.15,10.0
2025-12-20,wk inc flu hosp,2,2026-01-03,20,quantile,0.2,16.0
2025-12-20,wk inc flu hosp,2,2026-01-03,20,quantile,0.25,23.0
2025-12-20,wk inc flu hosp,2,2026-01-03,20,quantile,0.3,29.0
2025-12-20,wk inc flu hosp,2,2026-01-03,20,quantile,0.35,35.0
2025-12-20,wk inc flu hosp,2,2026-01-03,20,quantile,0.4,41.0
2025-12-20,wk inc flu hosp,2,2026-01-03,20,quantile,0.45,48.0
2025-12-20,wk inc flu hosp,2,2026-01-03,20,quantile,0.5,51.0
2025-12-20,wk inc flu hosp,2,2026-01-03,20,quantile,0.55,55.0
2025-12-20,wk inc flu hosp,2,2026-01-03,20,quantile,0.6,60.0
2025-12-20,wk inc flu hosp,2,2026-01-03,20,quantile,0.65,65.0
2025-12-20,wk inc flu hosp,2,2026-01-03,20,quantile,0.7,70.0
2025-12-20,wk inc flu hosp,2,2026-01-03,20,quantile,0.75,78.0
2025-12-20,wk inc flu hosp,2,2026-01-03,20,quantile,0.8,86.0
2025-12-20,wk inc flu hosp,2,2026-01-03,20,quantile,0.85,97.0
2025-12-20,wk inc flu hosp,2,2026-01-03,20,quantile,0.9,111.0
2025-12-20,wk inc flu hosp,2,2026-01-03,20,quantile,0.95,128.0
2025-12-20,wk inc flu hosp,2,2026-01-03,20,quantile,0.975,150.0
2025-12-20,wk inc flu hosp,2,2026-01-03,20,quantile,0.99,169.0
2025-12-20,wk inc flu hosp,2,2026-01-03,21,quantile,0.01,11.0
2025-12-20,wk inc flu hosp,2,2026-01-03,21,quantile,0.025,14.0
2025-12-20,wk inc flu hosp,2,2026-01-03,21,quantile,0.05,17.0
2025-12-20,wk inc flu hosp,2,2026-01-03,21,quantile,0.1,22.0
2025-12-20,wk inc flu hosp,2,2026-01-03,21,quantile,0.15,31.0
2025-12-20,wk inc flu hosp,2,2026-01-03,21,quantile,0.2,46.0
2025-12-20,wk inc flu hosp,2,2026-01-03,21,quantile,0.25,62.0
2025-12-20,wk inc flu hosp,2,2026-01-03,21,quantile,0.3,78.0
2025-12-20,wk inc flu hosp,2,2026-01-03,21,quantile,0.35,89.0
2025-12-20,wk inc flu hosp,2,2026-01-03,21,quantile,0.4,99.0
2025-12-20,wk inc flu hosp,2,2026-01-03,21,quantile,0.45,111.0
2025-12-20,wk inc flu hosp,2,2026-01-03,21,quantile,0.5,122.0
2025-12-20,wk inc flu hosp,2,2026-01-03,21,quantile,0.55,134.0
2025-12-20,wk inc flu hosp,2,2026-01-03,21,quantile,0.6,148.0
2025-12-20,wk inc flu hosp,2,2026-01-03,21,quantile,0.65,163.0
2025-12-20,wk inc flu hosp,2,2026-01-03,21,quantile,0.7,180.0
2025-12-20,wk inc flu hosp,2,2026-01-03,21,quantile,0.75,194.0
2025-12-20,wk inc flu hosp,2,2026-01-03,21,quantile,0.8,211.0
2025-12-20,wk inc flu hosp,2,2026-01-03,21,quantile,0.85,237.0
2025-12-20,wk inc flu hosp,2,2026-01-03,21,quantile,0.9,266.0
2025-12-20,wk inc flu hosp,2,2026-01-03,21,quantile,0.95,312.0
2025-12-20,wk inc flu hosp,2,2026-01-03,21,quantile,0.975,343.0
2025-12-20,wk inc flu hosp,2,2026-01-03,21,quantile,0.99,391.0
2025-12-20,wk inc flu hosp,2,2026-01-03,22,quantile,0.01,24.0
2025-12-20,wk inc flu hosp,2,2026-01-03,22,quantile,0.025,40.0
2025-12-20,wk inc flu hosp,2,2026-01-03,22,quantile,0.05,61.0
2025-12-20,wk inc flu hosp,2,2026-01-03,22,quantile,0.1,92.0
2025-12-20,wk inc flu hosp,2,2026-01-03,22,quantile,0.15,114.0
2025-12-20,wk inc flu hosp,2,2026-01-03,22,quantile,0.2,132.0
2025-12-20,wk inc flu hosp,2,2026-01-03,22,quantile,0.25,149.0
2025-12-20,wk inc flu hosp,2,2026-01-03,22,quantile,0.3,162.0
2025-12-20,wk inc flu hosp,2,2026-01-03,22,quantile,0.35,177.0
2025-12-20,wk inc flu hosp,2,2026-01-03,22,quantile,0.4,191.0
2025-12-20,wk inc flu hosp,2,2026-01-03,22,quantile,0.45,201.0
2025-12-20,wk inc flu hosp,2,2026-01-03,22,quantile,0.5,213.0
2025-12-20,wk inc flu hosp,2,2026-01-03,22,quantile,0.55,226.0
2025-12-20,wk inc flu hosp,2,2026-01-03,22,quantile,0.6,238.0
2025-12-20,wk inc flu hosp,2,2026-01-03,22,quantile,0.65,252.0
2025-12-20,wk inc flu hosp,2,2026-01-03,22,quantile,0.7,268.0
2025-12-20,wk inc flu hosp,2,2026-01-03,22,quantile,0.75,283.0
2025-12-20,wk inc flu hosp,2,2026-01-03,22,quantile,0.8,301.0
2025-12-20,wk inc flu hosp,2,2026-01-03,22,quantile,0.85,319.0
2025-12-20,wk inc flu hosp,2,2026-01-03,22,quantile,0.9,345.0
2025-12-20,wk inc flu hosp,2,2026-01-03,22,quantile,0.95,390.0
2025-12-20,wk inc flu hosp,2,2026-01-03,22,quantile,0.975,423.0
2025-12-20,wk inc flu hosp,2,2026-01-03,22,quantile,0.99,463.0
2025-12-20,wk inc flu hosp,2,2026-01-03,23,quantile,0.01,0.0
2025-12-20,wk inc flu hosp,2,2026-01-03,23,quantile,0.025,0.0
2025-12-20,wk inc flu hosp,2,2026-01-03,23,quantile,0.05,1.0
2025-12-20,wk inc flu hosp,2,2026-01-03,23,quantile,0.1,2.0
2025-12-20,wk inc flu hosp,2,2026-01-03,23,quantile,0.15,2.0
2025-12-20,wk inc flu hosp,2,2026-01-03,23,quantile,0.2,2.0
2025-12-20,wk inc flu hosp,2,2026-01-03,23,quantile,0.25,4.0
2025-12-20,wk inc flu hosp,2,2026-01-03,23,quantile,0.3,6.0
2025-12-20,wk inc flu hosp,2,2026-01-03,23,quantile,0.35,8.0
2025-12-20,wk inc flu hosp,2,2026-01-03,23,quantile,0.4,10.0
2025-12-20,wk inc flu hosp,2,2026-01-03,23,quantile,0.45,12.0
2025-12-20,wk inc flu hosp,2,2026-01-03,23,quantile,0.5,14.0
2025-12-20,wk inc flu hosp,2,2026-01-03,23,quantile,0.55,16.0
2025-12-20,wk inc flu hosp,2,2026-01-03,23,quantile,0.6,18.0
2025-12-20,wk inc flu hosp,2,2026-01-03,23,quantile,0.65,20.0
2025-12-20,wk inc flu hosp,2,2026-01-03,23,quantile,0.7,22.0
2025-12-20,wk inc flu hosp,2,2026-01-03,23,quantile,0.75,25.0
2025-12-20,wk inc flu hosp,2,2026-01-03,23,quantile,0.8,27.0
2025-12-20,wk inc flu hosp,2,2026-01-03,23,quantile,0.85,30.0
2025-12-20,wk inc flu hosp,2,2026-01-03,23,quantile,0.9,34.0
2025-12-20,wk inc flu hosp,2,2026-01-03,23,quantile,0.95,40.0
2025-12-20,wk inc flu hosp,2,2026-01-03,23,quantile,0.975,45.0
2025-12-20,wk inc flu hosp,2,2026-01-03,23,quantile,0.99,49.0
2025-12-20,wk inc flu hosp,2,2026-01-03,24,quantile,0.01,34.0
2025-12-20,wk inc flu hosp,2,2026-01-03,24,quantile,0.025,44.0
2025-12-20,wk inc flu hosp,2,2026-01-03,24,quantile,0.05,70.0
2025-12-20,wk inc flu hosp,2,2026-01-03,24,quantile,0.1,111.0
2025-12-20,wk inc flu hosp,2,2026-01-03,24,quantile,0.15,146.0
2025-12-20,wk inc flu hosp,2,2026-01-03,24,quantile,0.2,170.0
2025-12-20,wk inc flu hosp,2,2026-01-03,24,quantile,0.25,191.0
2025-12-20,wk inc flu hosp,2,2026-01-03,24,quantile,0.3,211.0
2025-12-20,wk inc flu hosp,2,2026-01-03,24,quantile,0.35,230.0
2025-12-20,wk inc flu hosp,2,2026-01-03,24,quantile,0.4,249.0
2025-12-20,wk inc flu hosp,2,2026-01-03,24,quantile,0.45,265.0
2025-12-20,wk inc flu hosp,2,2026-01-03,24,quantile,0.5,283.0
2025-12-20,wk inc flu hosp,2,2026-01-03,24,quantile,0.55,298.0
2025-12-20,wk inc flu hosp,2,2026-01-03,24,quantile,0.6,317.0
2025-12-20,wk inc flu hosp,2,2026-01-03,24,quantile,0.65,337.0
2025-12-20,wk inc flu hosp,2,2026-01-03,24,quantile,0.7,356.0
2025-12-20,wk inc flu hosp,2,2026-01-03,24,quantile,0.75,379.0
2025-12-20,wk inc flu hosp,2,2026-01-03,24,quantile,0.8,402.0
2025-12-20,wk inc flu hosp,2,2026-01-03,24,quantile,0.85,433.0
2025-12-20,wk inc flu hosp,2,2026-01-03,24,quantile,0.9,468.0
2025-12-20,wk inc flu hosp,2,2026-01-03,24,quantile,0.95,529.0
2025-12-20,wk inc flu hosp,2,2026-01-03,24,quantile,0.975,586.0
2025-12-20,wk inc flu hosp,2,2026-01-03,24,quantile,0.99,638.0
2025-12-20,wk inc flu hosp,2,2026-01-03,25,quantile,0.01,36.0
2025-12-20,wk inc flu hosp,2,2026-01-03,25,quantile,0.025,52.0
2025-12-20,wk inc flu hosp,2,2026-01-03,25,quantile,0.05,79.0
2025-12-20,wk inc flu hosp,2,2026-01-03,25,quantile,0.1,113.0
2025-12-20,wk inc flu hosp,2,2026-01-03,25,quantile,0.15,139.0
2025-12-20,wk inc flu hosp,2,2026-01-03,25,quantile,0.2,159.0
2025-12-20,wk inc flu hosp,2,2026-01-03,25,quantile,0.25,179.0
2025-12-20,wk inc flu hosp,2,2026-01-03,25,quantile,0.3,195.0
2025-12-20,wk inc flu hosp,2,2026-01-03,25,quantile,0.35,211.0
2025-12-20,wk inc flu hosp,2,2026-01-03,25,quantile,0.4,227.0
2025-12-20,wk inc flu hosp,2,2026-01-03,25,quantile,0.45,242.0
2025-12-20,wk inc flu hosp,2,2026-01-03,25,quantile,0.5,256.0
2025-12-20,wk inc flu hosp,2,2026-01-03,25,quantile,0.55,270.0
2025-12-20,wk inc flu hosp,2,2026-01-03,25,quantile,0.6,283.0
2025-12-20,wk inc flu hosp,2,2026-01-03,25,quantile,0.65,300.0
2025-12-20,wk inc flu hosp,2,2026-01-03,25,quantile,0.7,316.0
2025-12-20,wk inc flu hosp,2,2026-01-03,25,quantile,0.75,333.0
2025-12-20,wk inc flu hosp,2,2026-01-03,25,quantile,0.8,359.0
2025-12-20,wk inc flu hosp,2,2026-01-03,25,quantile,0.85,387.0
2025-12-20,wk inc flu hosp,2,2026-01-03,25,quantile,0.9,413.0
2025-12-20,wk inc flu hosp,2,2026-01-03,25,quantile,0.95,472.0
2025-12-20,wk inc flu hosp,2,2026-01-03,25,quantile,0.975,521.0
2025-12-20,wk inc flu hosp,2,2026-01-03,25,quantile,0.99,569.0
2025-12-20,wk inc flu hosp,2,2026-01-03,26,quantile,0.01,28.0
2025-12-20,wk inc flu hosp,2,2026-01-03,26,quantile,0.025,34.0
2025-12-20,wk inc flu hosp,2,2026-01-03,26,quantile,0.05,42.0
2025-12-20,wk inc flu hosp,2,2026-01-03,26,quantile,0.1,61.0
2025-12-20,wk inc flu hosp,2,2026-01-03,26,quantile,0.15,95.0
2025-12-20,wk inc flu hosp,2,2026-01-03,26,quantile,0.2,127.0
2025-12-20,wk inc flu hosp,2,2026-01-03,26,quantile,0.25,153.0
2025-12-20,wk inc flu hosp,2,2026-01-03,26,quantile,0.3,180.0
2025-12-20,wk inc flu hosp,2,2026-01-03,26,quantile,0.35,200.0
2025-12-20,wk inc flu hosp,2,2026-01-03,26,quantile,0.4,220.0
2025-12-20,wk inc flu hosp,2,2026-01-03,26,quantile,0.45,239.0
2025-12-20,wk inc flu hosp,2,2026-01-03,26,quantile,0.5,255.0
2025-12-20,wk inc flu hosp,2,2026-01-03,26,quantile,0.55,280.0
2025-12-20,wk inc flu hosp,2,2026-01-03,26,quantile,0.6,298.0
2025-12-20,wk inc flu hosp,2,2026-01-03,26,quantile,0.65,321.0
2025-12-20,wk inc flu hosp,2,2026-01-03,26,quantile,0.7,343.0
2025-12-20,wk inc flu hosp,2,2026-01-03,26,quantile,0.75,370.0
2025-12-20,wk inc flu hosp,2,2026-01-03,26,quantile,0.8,405.0
2025-12-20,wk inc flu hosp,2,2026-01-03,26,quantile,0.85,443.0
2025-12-20,wk inc flu hosp,2,2026-01-03,26,quantile,0.9,487.0
2025-12-20,wk inc flu hosp,2,2026-01-03,26,quantile,0.95,550.0
2025-12-20,wk inc flu hosp,2,2026-01-03,26,quantile,0.975,602.0
2025-12-20,wk inc flu hosp,2,2026-01-03,26,quantile,0.99,655.0
2025-12-20,wk inc flu hosp,2,2026-01-03,27,quantile,0.01,24.0
2025-12-20,wk inc flu hosp,2,2026-01-03,27,quantile,0.025,32.0
2025-12-20,wk inc flu hosp,2,2026-01-03,27,quantile,0.05,37.0
2025-12-20,wk inc flu hosp,2,2026-01-03,27,quantile,0.1,72.0
2025-12-20,wk inc flu hosp,2,2026-01-03,27,quantile,0.15,108.0
2025-12-20,wk inc flu hosp,2,2026-01-03,27,quantile,0.2,134.0
2025-12-20,wk inc flu hosp,2,2026-01-03,27,quantile,0.25,163.0
2025-12-20,wk inc flu hosp,2,2026-01-03,27,quantile,0.3,185.0
2025-12-20,wk inc flu hosp,2,2026-01-03,27,quantile,0.35,209.0
2025-12-20,wk inc flu hosp,2,2026-01-03,27,quantile,0.4,231.0
2025-12-20,wk inc flu hosp,2,2026-01-03,27,quantile,0.45,250.0
2025-12-20,wk inc flu hosp,2,2026-01-03,27,quantile,0.5,270.0
2025-12-20,wk inc flu hosp,2,2026-01-03,27,quantile,0.55,293.0
2025-12-20,wk inc flu hosp,2,2026-01-03,27,quantile,0.6,315.0
2025-12-20,wk inc flu hosp,2,2026-01-03,27,quantile,0.65,339.0
2025-12-20,wk inc flu hosp,2,2026-01-03,27,quantile,0.7,362.0
2025-12-20,wk inc flu hosp,2,2026-01-03,27,quantile,0.75,389.0
2025-12-20,wk inc flu hosp,2,2026-01-03,27,quantile,0.8,419.0
2025-12-20,wk inc flu hosp,2,2026-01-03,27,quantile,0.85,456.0
2025-12-20,wk inc flu hosp,2,2026-01-03,27,quantile,0.9,497.0
2025-12-20,wk inc flu hosp,2,2026-01-03,27,quantile,0.95,560.0
2025-12-20,wk inc flu hosp,2,2026-01-03,27,quantile,0.975,624.0
2025-12-20,wk inc flu hosp,2,2026-01-03,27,quantile,0.99,675.0
2025-12-20,wk inc flu hosp,2,2026-01-03,28,quantile,0.01,1.0
2025-12-20,wk inc flu hosp,2,2026-01-03,28,quantile,0.025,2.0
2025-12-20,wk inc flu hosp,2,2026-01-03,28,quantile,0.05,2.0
2025-12-20,wk inc flu hosp,2,2026-01-03,28,quantile,0.1,2.0
2025-12-20,wk inc flu hosp,2,2026-01-03,28,quantile,0.15,3.0
2025-12-20,wk inc flu hosp,2,2026-01-03,28,quantile,0.2,4.0
2025-12-20,wk inc flu hosp,2,2026-01-03,28,quantile,0.25,8.0
2025-12-20,wk inc flu hosp,2,2026-01-03,28,quantile,0.3,17.0
2025-12-20,wk inc flu hosp,2,2026-01-03,28,quantile,0.35,25.0
2025-12-20,wk inc flu hosp,2,2026-01-03,28,quantile,0.4,35.0
2025-12-20,wk inc flu hosp,2,2026-01-03,28,quantile,0.45,44.0
2025-12-20,wk inc flu hosp,2,2026-01-03,28,quantile,0.5,51.0
2025-12-20,wk inc flu hosp,2,2026-01-03,28,quantile,0.55,60.0
2025-12-20,wk inc flu hosp,2,2026-01-03,28,quantile,0.6,67.0
2025-12-20,wk inc flu hosp,2,2026-01-03,28,quantile,0.65,76.0
2025-12-20,wk inc flu hosp,2,2026-01-03,28,quantile,0.7,87.0
2025-12-20,wk inc flu hosp,2,2026-01-03,28,quantile,0.75,99.0
2025-12-20,wk inc flu hosp,2,2026-01-03,28,quantile,0.8,115.0
2025-12-20,wk inc flu hosp,2,2026-01-03,28,quantile,0.85,133.0
2025-12-20,wk inc flu hosp,2,2026-01-03,28,quantile,0.9,154.0
2025-12-20,wk inc flu hosp,2,2026-01-03,28,quantile,0.95,182.0
2025-12-20,wk inc flu hosp,2,2026-01-03,28,quantile,0.975,204.0
2025-12-20,wk inc flu hosp,2,2026-01-03,28,quantile,0.99,238.0
2025-12-20,wk inc flu hosp,2,2026-01-03,30,quantile,0.01,2.0
2025-12-20,wk inc flu hosp,2,2026-01-03,30,quantile,0.025,2.0
2025-12-20,wk inc flu hosp,2,2026-01-03,30,quantile,0.05,4.0
2025-12-20,wk inc flu hosp,2,2026-01-03,30,quantile,0.1,4.0
2025-12-20,wk inc flu hosp,2,2026-01-03,30,quantile,0.15,7.0
2025-12-20,wk inc flu hosp,2,2026-01-03,30,quantile,0.2,10.0
2025-12-20,wk inc flu hosp,2,2026-01-03,30,quantile,0.25,14.0
2025-12-20,wk inc flu hosp,2,2026-01-03,30,quantile,0.3,17.0
2025-12-20,wk inc flu hosp,2,2026-01-03,30,quantile,0.35,19.0
2025-12-20,wk inc flu hosp,2,2026-01-03,30,quantile,0.4,22.0
2025-12-20,wk inc flu hosp,2,2026-01-03,30,quantile,0.45,24.0
2025-12-20,wk inc flu hosp,2,2026-01-03,30,quantile,0.5,26.0
2025-12-20,wk inc flu hosp,2,2026-01-03,30,quantile,0.55,29.0
2025-12-20,wk inc flu hosp,2,2026-01-03,30,quantile,0.6,32.0
2025-12-20,wk inc flu hosp,2,2026-01-03,30,quantile,0.65,35.0
2025-12-20,wk inc flu hosp,2,2026-01-03,30,quantile,0.7,37.0
2025-12-20,wk inc flu hosp,2,2026-01-03,30,quantile,0.75,41.0
2025-12-20,wk inc flu hosp,2,2026-01-03,30,quantile,0.8,44.0
2025-12-20,wk inc flu hosp,2,2026-01-03,30,quantile,0.85,48.0
2025-12-20,wk inc flu hosp,2,2026-01-03,30,quantile,0.9,54.0
2025-12-20,wk inc flu hosp,2,2026-01-03,30,quantile,0.95,63.0
2025-12-20,wk inc flu hosp,2,2026-01-03,30,quantile,0.975,70.0
2025-12-20,wk inc flu hosp,2,2026-01-03,30,quantile,0.99,77.0
2025-12-20,wk inc flu hosp,2,2026-01-03,31,quantile,0.01,0.0
2025-12-20,wk inc flu hosp,2,2026-01-03,31,quantile,0.025,1.0
2025-12-20,wk inc flu hosp,2,2026-01-03,31,quantile,0.05,2.0
2025-12-20,wk inc flu hosp,2,2026-01-03,31,quantile,0.1,2.0
2025-12-20,wk inc flu hosp,2,2026-01-03,31,quantile,0.15,2.0
2025-12-20,wk inc flu hosp,2,2026-01-03,31,quantile,0.2,4.0
2025-12-20,wk inc flu hosp,2,2026-01-03,31,quantile,0.25,7.0
2025-12-20,wk inc flu hosp,2,2026-01-03,31,quantile,0.3,10.0
2025-12-20,wk inc flu hosp,2,2026-01-03,31,quantile,0.35,13.0
2025-12-20,wk inc flu hosp,2,2026-01-03,31,quantile,0.4,17.0
2025-12-20,wk inc flu hosp,2,2026-01-03,31,quantile,0.45,19.0
2025-12-20,wk inc flu hosp,2,2026-01-03,31,quantile,0.5,21.0
2025-12-20,wk inc flu hosp,2,2026-01-03,31,quantile,0.55,24.0
2025-12-20,wk inc flu hosp,2,2026-01-03,31,quantile,0.6,27.0
2025-12-20,wk inc flu hosp,2,2026-01-03,31,quantile,0.65,30.0
2025-12-20,wk inc flu hosp,2,2026-01-03,31,quantile,0.7,34.0
2025-12-20,wk inc flu hosp,2,2026-01-03,31,quantile,0.75,36.0
2025-12-20,wk inc flu hosp,2,2026-01-03,31,quantile,0.8,41.0
2025-12-20,wk inc flu hosp,2,2026-01-03,31,quantile,0.85,46.0
2025-12-20,wk inc flu hosp,2,2026-01-03,31,quantile,0.9,52.0
2025-12-20,wk inc flu hosp,2,2026-01-03,31,quantile,0.95,60.0
2025-12-20,wk inc flu hosp,2,2026-01-03,31,quantile,0.975,67.0
2025-12-20,wk inc flu hosp,2,2026-01-03,31,quantile,0.99,73.0
2025-12-20,wk inc flu hosp,2,2026-01-03,32,quantile,0.01,5.0
2025-12-20,wk inc flu hosp,2,2026-01-03,32,quantile,0.025,7.0
2025-12-20,wk inc flu hosp,2,2026-01-03,32,quantile,0.05,8.0
2025-12-20,wk inc flu hosp,2,2026-01-03,32,quantile,0.1,11.0
2025-12-20,wk inc flu hosp,2,2026-01-03,32,quantile,0.15,21.0
2025-12-20,wk inc flu hosp,2,2026-01-03,32,quantile,0.2,27.0
2025-12-20,wk inc flu hosp,2,2026-01-03,32,quantile,0.25,32.0
2025-12-20,wk inc flu hosp,2,2026-01-03,32,quantile,0.3,37.0
2025-12-20,wk inc flu hosp,2,2026-01-03,32,quantile,0.35,43.0
2025-12-20,wk inc flu hosp,2,2026-01-03,32,quantile,0.4,48.0
2025-12-20,wk inc flu hosp,2,2026-01-03,32,quantile,0.45,54.0
2025-12-20,wk inc flu hosp,2,2026-01-03,32,quantile,0.5,58.0
2025-12-20,wk inc flu hosp,2,2026-01-03,32,quantile,0.55,63.0
2025-12-20,wk inc flu hosp,2,2026-01-03,32,quantile,0.6,69.0
2025-12-20,wk inc flu hosp,2,2026-01-03,32,quantile,0.65,74.0
2025-12-20,wk inc flu hosp,2,2026-01-03,32,quantile,0.7,81.0
2025-12-20,wk inc flu hosp,2,2026-01-03,32,quantile,0.75,87.0
2025-12-20,wk inc flu hosp,2,2026-01-03,32,quantile,0.8,94.0
2025-12-20,wk inc flu hosp,2,2026-01-03,32,quantile,0.85,103.0
2025-12-20,wk inc flu hosp,2,2026-01-03,32,quantile,0.9,115.0
2025-12-20,wk inc flu hosp,2,2026-01-03,32,quantile,0.95,132.0
2025-12-20,wk inc flu hosp,2,2026-01-03,32,quantile,0.975,142.0
2025-12-20,wk inc flu hosp,2,2026-01-03,32,quantile,0.99,162.0
2025-12-20,wk inc flu hosp,2,2026-01-03,33,quantile,0.01,4.0
2025-12-20,wk inc flu hosp,2,2026-01-03,33,quantile,0.025,5.0
2025-12-20,wk inc flu hosp,2,2026-01-03,33,quantile,0.05,6.0
2025-12-20,wk inc flu hosp,2,2026-01-03,33,quantile,0.1,8.0
2025-12-20,wk inc flu hosp,2,2026-01-03,33,quantile,0.15,13.0
2025-12-20,wk inc flu hosp,2,2026-01-03,33,quantile,0.2,16.0
2025-12-20,wk inc flu hosp,2,2026-01-03,33,quantile,0.25,20.0
2025-12-20,wk inc flu hosp,2,2026-01-03,33,quantile,0.3,23.0
2025-12-20,wk inc flu hosp,2,2026-01-03,33,quantile,0.35,25.0
2025-12-20,wk inc flu hosp,2,2026-01-03,33,quantile,0.4,29.0
2025-12-20,wk inc flu hosp,2,2026-01-03,33,quantile,0.45,31.0
2025-12-20,wk inc flu hosp,2,2026-01-03,33,quantile,0.5,34.0
2025-12-20,wk inc flu hosp,2,2026-01-03,33,quantile,0.55,36.0
2025-12-20,wk inc flu hosp,2,2026-01-03,33,quantile,0.6,39.0
2025-12-20,wk inc flu hosp,2,2026-01-03,33,quantile,0.65,42.0
2025-12-20,wk inc flu hosp,2,2026-01-03,33,quantile,0.7,46.0
2025-12-20,wk inc flu hosp,2,2026-01-03,33,quantile,0.75,50.0
2025-12-20,wk inc flu hosp,2,2026-01-03,33,quantile,0.8,55.0
2025-12-20,wk inc flu hosp,2,2026-01-03,33,quantile,0.85,59.0
2025-12-20,wk inc flu hosp,2,2026-01-03,33,quantile,0.9,64.0
2025-12-20,wk inc flu hosp,2,2026-01-03,33,quantile,0.95,74.0
2025-12-20,wk inc flu hosp,2,2026-01-03,33,quantile,0.975,82.0
2025-12-20,wk inc flu hosp,2,2026-01-03,33,quantile,0.99,91.0
2025-12-20,wk inc flu hosp,2,2026-01-03,34,quantile,0.01,109.0
2025-12-20,wk inc flu hosp,2,2026-01-03,34,quantile,0.025,163.0
2025-12-20,wk inc flu hosp,2,2026-01-03,34,quantile,0.05,216.0
2025-12-20,wk inc flu hosp,2,2026-01-03,34,quantile,0.1,274.0
2025-12-20,wk inc flu hosp,2,2026-01-03,34,quantile,0.15,326.0
2025-12-20,wk inc flu hosp,2,2026-01-03,34,quantile,0.2,368.0
2025-12-20,wk inc flu hosp,2,2026-01-03,34,quantile,0.25,402.0
2025-12-20,wk inc flu hosp,2,2026-01-03,34,quantile,0.3,437.0
2025-12-20,wk inc flu hosp,2,2026-01-03,34,quantile,0.35,469.0
2025-12-20,wk inc flu hosp,2,2026-01-03,34,quantile,0.4,495.0
2025-12-20,wk inc flu hosp,2,2026-01-03,34,quantile,0.45,521.0
2025-12-20,wk inc flu hosp,2,2026-01-03,34,quantile,0.5,553.0
2025-12-20,wk inc flu hosp,2,2026-01-03,34,quantile,0.55,574.0
2025-12-20,wk inc flu hosp,2,2026-01-03,34,quantile,0.6,606.0
2025-12-20,wk inc flu hosp,2,2026-01-03,34,quantile,0.65,637.0
2025-12-20,wk inc flu hosp,2,2026-01-03,34,quantile,0.7,669.0
2025-12-20,wk inc flu hosp,2,2026-01-03,34,quantile,0.75,703.0
2025-12-20,wk inc flu hosp,2,2026-01-03,34,quantile,0.8,746.0
2025-12-20,wk inc flu hosp,2,2026-01-03,34,quantile,0.85,800.0
2025-12-20,wk inc flu hosp,2,2026-01-03,34,quantile,0.9,861.0
2025-12-20,wk inc flu hosp,2,2026-01-03,34,quantile,0.95,964.0
2025-12-20,wk inc flu hosp,2,2026-01-03,34,quantile,0.975,1052.0
2025-12-20,wk inc flu hosp,2,2026-01-03,34,quantile,0.99,1149.0
2025-12-20,wk inc flu hosp,2,2026-01-03,35,quantile,0.01,4.0
2025-12-20,wk inc flu hosp,2,2026-01-03,35,quantile,0.025,5.0
2025-12-20,wk inc flu hosp,2,2026-01-03,35,quantile,0.05,6.0
2025-12-20,wk inc flu hosp,2,2026-01-03,35,quantile,0.1,8.0
2025-12-20,wk inc flu hosp,2,2026-01-03,35,quantile,0.15,10.0
2025-12-20,wk inc flu hosp,2,2026-01-03,35,quantile,0.2,14.0
2025-12-20,wk inc flu hosp,2,2026-01-03,35,quantile,0.25,21.0
2025-12-20,wk inc flu hosp,2,2026-01-03,35,quantile,0.3,27.0
2025-12-20,wk inc flu hosp,2,2026-01-03,35,quantile,0.35,31.0
2025-12-20,wk inc flu hosp,2,2026-01-03,35,quantile,0.4,36.0
2025-12-20,wk inc flu hosp,2,2026-01-03,35,quantile,0.45,42.0
2025-12-20,wk inc flu hosp,2,2026-01-03,35,quantile,0.5,47.0
2025-12-20,wk inc flu hosp,2,2026-01-03,35,quantile,0.55,51.0
2025-12-20,wk inc flu hosp,2,2026-01-03,35,quantile,0.6,57.0
2025-12-20,wk inc flu hosp,2,2026-01-03,35,quantile,0.65,63.0
2025-12-20,wk inc flu hosp,2,2026-01-03,35,quantile,0.7,68.0
2025-12-20,wk inc flu hosp,2,2026-01-03,35,quantile,0.75,75.0
2025-12-20,wk inc flu hosp,2,2026-01-03,35,quantile,0.8,82.0
2025-12-20,wk inc flu hosp,2,2026-01-03,35,quantile,0.85,92.0
2025-12-20,wk inc flu hosp,2,2026-01-03,35,quantile,0.9,103.0
2025-12-20,wk inc flu hosp,2,2026-01-03,35,quantile,0.95,122.0
2025-12-20,wk inc flu hosp,2,2026-01-03,35,quantile,0.975,134.0
2025-12-20,wk inc flu hosp,2,2026-01-03,35,quantile,0.99,151.0
2025-12-20,wk inc flu hosp,2,2026-01-03,36,quantile,0.01,462.0
2025-12-20,wk inc flu hosp,2,2026-01-03,36,quantile,0.025,583.0
2025-12-20,wk inc flu hosp,2,2026-01-03,36,quantile,0.05,680.0
2025-12-20,wk inc flu hosp,2,2026-01-03,36,quantile,0.1,832.0
2025-12-20,wk inc flu hosp,2,2026-01-03,36,quantile,0.15,928.0
2025-12-20,wk inc flu hosp,2,2026-01-03,36,quantile,0.2,1010.0
2025-12-20,wk inc flu hosp,2,2026-01-03,36,quantile,0.25,1090.0
2025-12-20,wk inc flu hosp,2,2026-01-03,36,quantile,0.3,1147.0
2025-12-20,wk inc flu hosp,2,2026-01-03,36,quantile,0.35,1219.0
2025-12-20,wk inc flu hosp,2,2026-01-03,36,quantile,0.4,1287.0
2025-12-20,wk inc flu hosp,2,2026-01-03,36,quantile,0.45,1344.0
2025-12-20,wk inc flu hosp,2,2026-01-03,36,quantile,0.5,1408.0
2025-12-20,wk inc flu hosp,2,2026-01-03,36,quantile,0.55,1463.0
2025-12-20,wk inc flu hosp,2,2026-01-03,36,quantile,0.6,1520.0
2025-12-20,wk inc flu hosp,2,2026-01-03,36,quantile,0.65,1596.0
2025-12-20,wk inc flu hosp,2,2026-01-03,36,quantile,0.7,1681.0
2025-12-20,wk inc flu hosp,2,2026-01-03,36,quantile,0.75,1774.0
2025-12-20,wk inc flu hosp,2,2026-01-03,36,quantile,0.8,1880.0
2025-12-20,wk inc flu hosp,2,2026-01-03,36,quantile,0.85,1992.0
2025-12-20,wk inc flu hosp,2,2026-01-03,36,quantile,0.9,2141.0
2025-12-20,wk inc flu hosp,2,2026-01-03,36,quantile,0.95,2380.0
2025-12-20,wk inc flu hosp,2,2026-01-03,36,quantile,0.975,2605.0
2025-12-20,wk inc flu hosp,2,2026-01-03,36,quantile,0.99,2844.0
2025-12-20,wk inc flu hosp,2,2026-01-03,37,quantile,0.01,62.0
2025-12-20,wk inc flu hosp,2,2026-01-03,37,quantile,0.025,82.0
2025-12-20,wk inc flu hosp,2,2026-01-03,37,quantile,0.05,98.0
2025-12-20,wk inc flu hosp,2,2026-01-03,37,quantile,0.1,158.0
2025-12-20,wk inc flu hosp,2,2026-01-03,37,quantile,0.15,222.0
2025-12-20,wk inc flu hosp,2,2026-01-03,37,quantile,0.2,285.0
2025-12-20,wk inc flu hosp,2,2026-01-03,37,quantile,0.25,336.0
2025-12-20,wk inc flu hosp,2,2026-01-03,37,quantile,0.3,376.0
2025-12-20,wk inc flu hosp,2,2026-01-03,37,quantile,0.35,422.0
2025-12-20,wk inc flu hosp,2,2026-01-03,37,quantile,0.4,471.0
2025-12-20,wk inc flu hosp,2,2026-01-03,37,quantile,0.45,514.0
2025-12-20,wk inc flu hosp,2,2026-01-03,37,quantile,0.5,546.0
2025-12-20,wk inc flu hosp,2,2026-01-03,37,quantile,0.55,583.0
2025-12-20,wk inc flu hosp,2,2026-01-03,37,quantile,0.6,620.0
2025-12-20,wk inc flu hosp,2,2026-01-03,37,quantile,0.65,672.0
2025-12-20,wk inc flu hosp,2,2026-01-03,37,quantile,0.7,722.0
2025-12-20,wk inc flu hosp,2,2026-01-03,37,quantile,0.75,780.0
2025-12-20,wk inc flu hosp,2,2026-01-03,37,quantile,0.8,834.0
2025-12-20,wk inc flu hosp,2,2026-01-03,37,quantile,0.85,901.0
2025-12-20,wk inc flu hosp,2,2026-01-03,37,quantile,0.9,1004.0
2025-12-20,wk inc flu hosp,2,2026-01-03,37,quantile,0.95,1144.0
2025-12-20,wk inc flu hosp,2,2026-01-03,37,quantile,0.975,1260.0
2025-12-20,wk inc flu hosp,2,2026-01-03,37,quantile,0.99,1389.0
2025-12-20,wk inc flu hosp,2,2026-01-03,38,quantile,0.01,1.0
2025-12-20,wk inc flu hosp,2,2026-01-03,38,quantile,0.025,1.0
2025-12-20,wk inc flu hosp,2,2026-01-03,38,quantile,0.05,2.0
2025-12-20,wk inc flu hosp,2,2026-01-03,38,quantile,0.1,2.0
2025-12-20,wk inc flu hosp,2,2026-01-03,38,quantile,0.15,4.0
2025-12-20,wk inc flu hosp,2,2026-01-03,38,quantile,0.2,7.0
2025-12-20,wk inc flu hosp,2,2026-01-03,38,quantile,0.25,9.0
2025-12-20,wk inc flu hosp,2,2026-01-03,38,quantile,0.3,11.0
2025-12-20,wk inc flu hosp,2,2026-01-03,38,quantile,0.35,13.0
2025-12-20,wk inc flu hosp,2,2026-01-03,38,quantile,0.4,15.0
2025-12-20,wk inc flu hosp,2,2026-01-03,38,quantile,0.45,16.0
2025-12-20,wk inc flu hosp,2,2026-01-03,38,quantile,0.5,18.0
2025-12-20,wk inc flu hosp,2,2026-01-03,38,quantile,0.55,19.0
2025-12-20,wk inc flu hosp,2,2026-01-03,38,quantile,0.6,21.0
2025-12-20,wk inc flu hosp,2,2026-01-03,38,quantile,0.65,23.0
2025-12-20,wk inc flu hosp,2,2026-01-03,38,quantile,0.7,25.0
2025-12-20,wk inc flu hosp,2,2026-01-03,38,quantile,0.75,28.0
2025-12-20,wk inc flu hosp,2,2026-01-03,38,quantile,0.8,31.0
2025-12-20,wk inc flu hosp,2,2026-01-03,38,quantile,0.85,33.0
2025-12-20,wk inc flu hosp,2,2026-01-03,38,quantile,0.9,37.0
2025-12-20,wk inc flu hosp,2,2026-01-03,38,quantile,0.95,43.0
2025-12-20,wk inc flu hosp,2,2026-01-03,38,quantile,0.975,48.0
2025-12-20,wk inc flu hosp,2,2026-01-03,38,quantile,0.99,55.0
2025-12-20,wk inc flu hosp,2,2026-01-03,39,quantile,0.01,35.0
2025-12-20,wk inc flu hosp,2,2026-01-03,39,quantile,0.025,46.0
2025-12-20,wk inc flu hosp,2,2026-01-03,39,quantile,0.05,55.0
2025-12-20,wk inc flu hosp,2,2026-01-03,39,quantile,0.1,69.0
2025-12-20,wk inc flu hosp,2,2026-01-03,39,quantile,0.15,105.0
2025-12-20,wk inc flu hosp,2,2026-01-03,39,quantile,0.2,137.0
2025-12-20,wk inc flu hosp,2,2026-01-03,39,quantile,0.25,161.0
2025-12-20,wk inc flu hosp,2,2026-01-03,39,quantile,0.3,188.0
2025-12-20,wk inc flu hosp,2,2026-01-03,39,quantile,0.35,215.0
2025-12-20,wk inc flu hosp,2,2026-01-03,39,quantile,0.4,231.0
2025-12-20,wk inc flu hosp,2,2026-01-03,39,quantile,0.45,259.0
2025-12-20,wk inc flu hosp,2,2026-01-03,39,quantile,0.5,280.0
2025-12-20,wk inc flu hosp,2,2026-01-03,39,quantile,0.55,301.0
2025-12-20,wk inc flu hosp,2,2026-01-03,39,quantile,0.6,325.0
2025-12-20,wk inc flu hosp,2,2026-01-03,39,quantile,0.65,353.0
2025-12-20,wk inc flu hosp,2,2026-01-03,39,quantile,0.7,375.0
2025-12-20,wk inc flu hosp,2,2026-01-03,39,quantile,0.75,401.0
2025-12-20,wk inc flu hosp,2,2026-01-03,39,quantile,0.8,435.0
2025-12-20,wk inc flu hosp,2,2026-01-03,39,quantile,0.85,475.0
2025-12-20,wk inc flu hosp,2,2026-01-03,39,quantile,0.9,521.0
2025-12-20,wk inc flu hosp,2,2026-01-03,39,quantile,0.95,598.0
2025-12-20,wk inc flu hosp,2,2026-01-03,39,quantile,0.975,659.0
2025-12-20,wk inc flu hosp,2,2026-01-03,39,quantile,0.99,725.0
2025-12-20,wk inc flu hosp,2,2026-01-03,40,quantile,0.01,6.0
2025-12-20,wk inc flu hosp,2,2026-01-03,40,quantile,0.025,9.0
2025-12-20,wk inc flu hosp,2,2026-01-03,40,quantile,0.05,12.0
2025-12-20,wk inc flu hosp,2,2026-01-03,40,quantile,0.1,15.0
2025-12-20,wk inc flu hosp,2,2026-01-03,40,quantile,0.15,18.0
2025-12-20,wk inc flu hosp,2,2026-01-03,40,quantile,0.2,20.0
2025-12-20,wk inc flu hosp,2,2026-01-03,40,quantile,0.25,31.0
2025-12-20,wk inc flu hosp,2,2026-01-03,40,quantile,0.3,41.0
2025-12-20,wk inc flu hosp,2,2026-01-03,40,quantile,0.35,51.0
2025-12-20,wk inc flu hosp,2,2026-01-03,40,quantile,0.4,57.0
2025-12-20,wk inc flu hosp,2,2026-01-03,40,quantile,0.45,61.0
2025-12-20,wk inc flu hosp,2,2026-01-03,40,quantile,0.5,65.0
2025-12-20,wk inc flu hosp,2,2026-01-03,40,quantile,0.55,70.0
2025-12-20,wk inc flu hosp,2,2026-01-03,40,quantile,0.6,76.0
2025-12-20,wk inc flu hosp,2,2026-01-03,40,quantile,0.65,82.0
2025-12-20,wk inc flu hosp,2,2026-01-03,40,quantile,0.7,88.0
2025-12-20,wk inc flu hosp,2,2026-01-03,40,quantile,0.75,97.0
2025-12-20,wk inc flu hosp,2,2026-01-03,40,quantile,0.8,107.0
2025-12-20,wk inc flu hosp,2,2026-01-03,40,quantile,0.85,119.0
2025-12-20,wk inc flu hosp,2,2026-01-03,40,quantile,0.9,140.0
2025-12-20,wk inc flu hosp,2,2026-01-03,40,quantile,0.95,174.0
2025-12-20,wk inc flu hosp,2,2026-01-03,40,quantile,0.975,209.0
2025-12-20,wk inc flu hosp,2,2026-01-03,40,quantile,0.99,260.0
2025-12-20,wk inc flu hosp,2,2026-01-03,41,quantile,0.01,2.0
2025-12-20,wk inc flu hosp,2,2026-01-03,41,quantile,0.025,2.0
2025-12-20,wk inc flu hosp,2,2026-01-03,41,quantile,0.05,3.0
2025-12-20,wk inc flu hosp,2,2026-01-03,41,quantile,0.1,4.0
2025-12-20,wk inc flu hosp,2,2026-01-03,41,quantile,0.15,5.0
2025-12-20,wk inc flu hosp,2,2026-01-03,41,quantile,0.2,7.0
2025-12-20,wk inc flu hosp,2,2026-01-03,41,quantile,0.25,15.0
2025-12-20,wk inc flu hosp,2,2026-01-03,41,quantile,0.3,23.0
2025-12-20,wk inc flu hosp,2,2026-01-03,41,quantile,0.35,30.0
2025-12-20,wk inc flu hosp,2,2026-01-03,41,quantile,0.4,36.0
2025-12-20,wk inc flu hosp,2,2026-01-03,41,quantile,0.45,44.0
2025-12-20,wk inc flu hosp,2,2026-01-03,41,quantile,0.5,51.0
2025-12-20,wk inc flu hosp,2,2026-01-03,41,quantile,0.55,58.0
2025-12-20,wk inc flu hosp,2,2026-01-03,41,quantile,0.6,64.0
2025-12-20,wk inc flu hosp,2,2026-01-03,41,quantile,0.65,70.0
2025-12-20,wk inc flu hosp,2,2026-01-03,41,quantile,0.7,77.0
2025-12-20,wk inc flu hosp,2,2026-01-03,41,quantile,0.75,87.0
2025-12-20,wk inc flu hosp,2,2026-01-03,41,quantile,0.8,97.0
2025-12-20,wk inc flu hosp,2,2026-01-03,41,quantile,0.85,111.0
2025-12-20,wk inc flu hosp,2,2026-01-03,41,quantile,0.9,131.0
2025-12-20,wk inc flu hosp,2,2026-01-03,41,quantile,0.95,157.0
2025-12-20,wk inc flu hosp,2,2026-01-03,41,quantile,0.975,175.0
2025-12-20,wk inc flu hosp,2,2026-01-03,41,quantile,0.99,199.0
2025-12-20,wk inc flu hosp,2,2026-01-03,42,quantile,0.01,24.0
2025-12-20,wk inc flu hosp,2,2026-01-03,42,quantile,0.025,32.0
2025-12-20,wk inc flu hosp,2,2026-01-03,42,quantile,0.05,39.0
2025-12-20,wk inc flu hosp,2,2026-01-03,42,quantile,0.1,48.0
2025-12-20,wk inc flu hosp,2,2026-01-03,42,quantile,0.15,81.0
2025-12-20,wk inc flu hosp,2,2026-01-03,42,quantile,0.2,118.0
2025-12-20,wk inc flu hosp,2,2026-01-03,42,quantile,0.25,158.0
2025-12-20,wk inc flu hosp,2,2026-01-03,42,quantile,0.3,190.0
2025-12-20,wk inc flu hosp,2,2026-01-03,42,quantile,0.35,222.0
2025-12-20,wk inc flu hosp,2,2026-01-03,42,quantile,0.4,256.0
2025-12-20,wk inc flu hosp,2,2026-01-03,42,quantile,0.45,287.0
2025-12-20,wk inc flu hosp,2,2026-01-03,42,quantile,0.5,311.0
2025-12-20,wk inc flu hosp,2,2026-01-03,42,quantile,0.55,340.0
2025-12-20,wk inc flu hosp,2,2026-01-03,42,quantile,0.6,370.0
2025-12-20,wk inc flu hosp,2,2026-01-03,42,quantile,0.65,405.0
2025-12-20,wk inc flu hosp,2,2026-01-03,42,quantile,0.7,438.0
2025-12-20,wk inc flu hosp,2,2026-01-03,42,quantile,0.75,480.0
2025-12-20,wk inc flu hosp,2,2026-01-03,42,quantile,0.8,527.0
2025-12-20,wk inc flu hosp,2,2026-01-03,42,quantile,0.85,581.0
2025-12-20,wk inc flu hosp,2,2026-01-03,42,quantile,0.9,639.0
2025-12-20,wk inc flu hosp,2,2026-01-03,42,quantile,0.95,730.0
2025-12-20,wk inc flu hosp,2,2026-01-03,42,quantile,0.975,815.0
2025-12-20,wk inc flu hosp,2,2026-01-03,42,quantile,0.99,879.0
2025-12-20,wk inc flu hosp,2,2026-01-03,44,quantile,0.01,6.0
2025-12-20,wk inc flu hosp,2,2026-01-03,44,quantile,0.025,8.0
2025-12-20,wk inc flu hosp,2,2026-01-03,44,quantile,0.05,13.0
2025-12-20,wk inc flu hosp,2,2026-01-03,44,quantile,0.1,20.0
2025-12-20,wk inc flu hosp,2,2026-01-03,44,quantile,0.15,24.0
2025-12-20,wk inc flu hosp,2,2026-01-03,44,quantile,0.2,27.0
2025-12-20,wk inc flu hosp,2,2026-01-03,44,quantile,0.25,30.0
2025-12-20,wk inc flu hosp,2,2026-01-03,44,quantile,0.3,32.0
2025-12-20,wk inc flu hosp,2,2026-01-03,44,quantile,0.35,35.0
2025-12-20,wk inc flu hosp,2,2026-01-03,44,quantile,0.4,37.0
2025-12-20,wk inc flu hosp,2,2026-01-03,44,quantile,0.45,40.0
2025-12-20,wk inc flu hosp,2,2026-01-03,44,quantile,0.5,42.0
2025-12-20,wk inc flu hosp,2,2026-01-03,44,quantile,0.55,44.0
2025-12-20,wk inc flu hosp,2,2026-01-03,44,quantile,0.6,47.0
2025-12-20,wk inc flu hosp,2,2026-01-03,44,quantile,0.65,49.0
2025-12-20,wk inc flu hosp,2,2026-01-03,44,quantile,0.7,52.0
2025-12-20,wk inc flu hosp,2,2026-01-03,44,quantile,0.75,56.0
2025-12-20,wk inc flu hosp,2,2026-01-03,44,quantile,0.8,59.0
2025-12-20,wk inc flu hosp,2,2026-01-03,44,quantile,0.85,63.0
2025-12-20,wk inc flu hosp,2,2026-01-03,44,quantile,0.9,70.0
2025-12-20,wk inc flu hosp,2,2026-01-03,44,quantile,0.95,80.0
2025-12-20,wk inc flu hosp,2,2026-01-03,44,quantile,0.975,88.0
2025-12-20,wk inc flu hosp,2,2026-01-03,44,quantile,0.99,97.0
2025-12-20,wk inc flu hosp,2,2026-01-03,45,quantile,0.01,13.0
2025-12-20,wk inc flu hosp,2,2026-01-03,45,quantile,0.025,16.0
2025-12-20,wk inc flu hosp,2,2026-01-03,45,quantile,0.05,20.0
2025-12-20,wk inc flu hosp,2,2026-01-03,45,quantile,0.1,27.0
2025-12-20,wk inc flu hosp,2,2026-01-03,45,quantile,0.15,46.0
2025-12-20,wk inc flu hosp,2,2026-01-03,45,quantile,0.2,62.0
2025-12-20,wk inc flu hosp,2,2026-01-03,45,quantile,0.25,76.0
2025-12-20,wk inc flu hosp,2,2026-01-03,45,quantile,0.3,87.0
2025-12-20,wk inc flu hosp,2,2026-01-03,45,quantile,0.35,99.0
2025-12-20,wk inc flu hosp,2,2026-01-03,45,quantile,0.4,114.0
2025-12-20,wk inc flu hosp,2,2026-01-03,45,quantile,0.45,127.0
2025-12-20,wk inc flu hosp,2,2026-01-03,45,quantile,0.5,140.0
2025-12-20,wk inc flu hosp,2,2026-01-03,45,quantile,0.55,152.0
2025-12-20,wk inc flu hosp,2,2026-01-03,45,quantile,0.6,165.0
2025-12-20,wk inc flu hosp,2,2026-01-03,45,quantile,0.65,177.0
2025-12-20,wk inc flu hosp,2,2026-01-03,45,quantile,0.7,189.0
2025-12-20,wk inc flu hosp,2,2026-01-03,45,quantile,0.75,202.0
2025-12-20,wk inc flu hosp,2,2026-01-03,45,quantile,0.8,221.0
2025-12-20,wk inc flu hosp,2,2026-01-03,45,quantile,0.85,242.0
2025-12-20,wk inc flu hosp,2,2026-01-03,45,quantile,0.9,270.0
2025-12-20,wk inc flu hosp,2,2026-01-03,45,quantile,0.95,309.0
2025-12-20,wk inc flu hosp,2,2026-01-03,45,quantile,0.975,347.0
2025-12-20,wk inc flu hosp,2,2026-01-03,45,quantile,0.99,379.0
2025-12-20,wk inc flu hosp,2,2026-01-03,46,quantile,0.01,0.0
2025-12-20,wk inc flu hosp,2,2026-01-03,46,quantile,0.025,0.0
2025-12-20,wk inc flu hosp,2,2026-01-03,46,quantile,0.05,1.0
2025-12-20,wk inc flu hosp,2,2026-01-03,46,quantile,0.1,2.0
2025-12-20,wk inc flu hosp,2,2026-01-03,46,quantile,0.15,2.0
2025-12-20,wk inc flu hosp,2,2026-01-03,46,quantile,0.2,3.0
2025-12-20,wk inc flu hosp,2,2026-01-03,46,quantile,0.25,4.0
2025-12-20,wk inc flu hosp,2,2026-01-03,46,quantile,0.3,5.0
2025-12-20,wk inc flu hosp,2,2026-01-03,46,quantile,0.35,6.0
2025-12-20,wk inc flu hosp,2,2026-01-03,46,quantile,0.4,8.0
2025-12-20,wk inc flu hosp,2,2026-01-03,46,quantile,0.45,8.0
2025-12-20,wk inc flu hosp,2,2026-01-03,46,quantile,0.5,9.0
2025-12-20,wk inc flu hosp,2,2026-01-03,46,quantile,0.55,10.0
2025-12-20,wk inc flu hosp,2,2026-01-03,46,quantile,0.6,11.0
2025-12-20,wk inc flu hosp,2,2026-01-03,46,quantile,0.65,12.0
2025-12-20,wk inc flu hosp,2,2026-01-03,46,quantile,0.7,13.0
2025-12-20,wk inc flu hosp,2,2026-01-03,46,quantile,0.75,14.0
2025-12-20,wk inc flu hosp,2,2026-01-03,46,quantile,0.8,16.0
2025-12-20,wk inc flu hosp,2,2026-01-03,46,quantile,0.85,18.0
2025-12-20,wk inc flu hosp,2,2026-01-03,46,quantile,0.9,21.0
2025-12-20,wk inc flu hosp,2,2026-01-03,46,quantile,0.95,28.0
2025-12-20,wk inc flu hosp,2,2026-01-03,46,quantile,0.975,33.0
2025-12-20,wk inc flu hosp,2,2026-01-03,46,quantile,0.99,37.0
2025-12-20,wk inc flu hosp,2,2026-01-03,47,quantile,0.01,12.0
2025-12-20,wk inc flu hosp,2,2026-01-03,47,quantile,0.025,15.0
2025-12-20,wk inc flu hosp,2,2026-01-03,47,quantile,0.05,18.0
2025-12-20,wk inc flu hosp,2,2026-01-03,47,quantile,0.1,22.0
2025-12-20,wk inc flu hosp,2,2026-01-03,47,quantile,0.15,26.0
2025-12-20,wk inc flu hosp,2,2026-01-03,47,quantile,0.2,41.0
2025-12-20,wk inc flu hosp,2,2026-01-03,47,quantile,0.25,62.0
2025-12-20,wk inc flu hosp,2,2026-01-03,47,quantile,0.3,85.0
2025-12-20,wk inc flu hosp,2,2026-01-03,47,quantile,0.35,103.0
2025-12-20,wk inc flu hosp,2,2026-01-03,47,quantile,0.4,116.0
2025-12-20,wk inc flu hosp,2,2026-01-03,47,quantile,0.45,132.0
2025-12-20,wk inc flu hosp,2,2026-01-03,47,quantile,0.5,146.0
2025-12-20,wk inc flu hosp,2,2026-01-03,47,quantile,0.55,162.0
2025-12-20,wk inc flu hosp,2,2026-01-03,47,quantile,0.6,177.0
2025-12-20,wk inc flu hosp,2,2026-01-03,47,quantile,0.65,198.0
2025-12-20,wk inc flu hosp,2,2026-01-03,47,quantile,0.7,213.0
2025-12-20,wk inc flu hosp,2,2026-01-03,47,quantile,0.75,236.0
2025-12-20,wk inc flu hosp,2,2026-01-03,47,quantile,0.8,260.0
2025-12-20,wk inc flu hosp,2,2026-01-03,47,quantile,0.85,284.0
2025-12-20,wk inc flu hosp,2,2026-01-03,47,quantile,0.9,321.0
2025-12-20,wk inc flu hosp,2,2026-01-03,47,quantile,0.95,369.0
2025-12-20,wk inc flu hosp,2,2026-01-03,47,quantile,0.975,403.0
2025-12-20,wk inc flu hosp,2,2026-01-03,47,quantile,0.99,453.0
2025-12-20,wk inc flu hosp,2,2026-01-03,48,quantile,0.01,132.0
2025-12-20,wk inc flu hosp,2,2026-01-03,48,quantile,0.025,174.0
2025-12-20,wk inc flu hosp,2,2026-01-03,48,quantile,0.05,205.0
2025-12-20,wk inc flu hosp,2,2026-01-03,48,quantile,0.1,292.0
2025-12-20,wk inc flu hosp,2,2026-01-03,48,quantile,0.15,494.0
2025-12-20,wk inc flu hosp,2,2026-01-03,48,quantile,0.2,657.0
2025-12-20,wk inc flu hosp,2,2026-01-03,48,quantile,0.25,794.0
2025-12-20,wk inc flu hosp,2,2026-01-03,48,quantile,0.3,912.0
2025-12-20,wk inc flu hosp,2,2026-01-03,48,quantile,0.35,1043.0
2025-12-20,wk inc flu hosp,2,2026-01-03,48,quantile,0.4,1146.0
2025-12-20,wk inc flu hosp,2,2026-01-03,48,quantile,0.45,1264.0
2025-12-20,wk inc flu hosp,2,2026-01-03,48,quantile,0.5,1359.0
2025-12-20,wk inc flu hosp,2,2026-01-03,48,quantile,0.55,1489.0
2025-12-20,wk inc flu hosp,2,2026-01-03,48,quantile,0.6,1619.0
2025-12-20,wk inc flu hosp,2,2026-01-03,48,quantile,0.65,1741.0
2025-12-20,wk inc flu hosp,2,2026-01-03,48,quantile,0.7,1911.0
2025-12-20,wk inc flu hosp,2,2026-01-03,48,quantile,0.75,2062.0
2025-12-20,wk inc flu hosp,2,2026-01-03,48,quantile,0.8,2181.0
2025-12-20,wk inc flu hosp,2,2026-01-03,48,quantile,0.85,2377.0
2025-12-20,wk inc flu hosp,2,2026-01-03,48,quantile,0.9,2616.0
2025-12-20,wk inc flu hosp,2,2026-01-03,48,quantile,0.95,2950.0
2025-12-20,wk inc flu hosp,2,2026-01-03,48,quantile,0.975,3232.0
2025-12-20,wk inc flu hosp,2,2026-01-03,48,quantile,0.99,3552.0
2025-12-20,wk inc flu hosp,2,2026-01-03,49,quantile,0.01,11.0
2025-12-20,wk inc flu hosp,2,2026-01-03,49,quantile,0.025,14.0
2025-12-20,wk inc flu hosp,2,2026-01-03,49,quantile,0.05,18.0
2025-12-20,wk inc flu hosp,2,2026-01-03,49,quantile,0.1,23.0
2025-12-20,wk inc flu hosp,2,2026-01-03,49,quantile,0.15,40.0
2025-12-20,wk inc flu hosp,2,2026-01-03,49,quantile,0.2,57.0
2025-12-20,wk inc flu hosp,2,2026-01-03,49,quantile,0.25,69.0
2025-12-20,wk inc flu hosp,2,2026-01-03,49,quantile,0.3,81.0
2025-12-20,wk inc flu hosp,2,2026-01-03,49,quantile,0.35,91.0
2025-12-20,wk inc flu hosp,2,2026-01-03,49,quantile,0.4,101.0
2025-12-20,wk inc flu hosp,2,2026-01-03,49,quantile,0.45,109.0
2025-12-20,wk inc flu hosp,2,2026-01-03,49,quantile,0.5,121.0
2025-12-20,wk inc flu hosp,2,2026-01-03,49,quantile,0.55,132.0
2025-12-20,wk inc flu hosp,2,2026-01-03,49,quantile,0.6,143.0
2025-12-20,wk inc flu hosp,2,2026-01-03,49,quantile,0.65,155.0
2025-12-20,wk inc flu hosp,2,2026-01-03,49,quantile,0.7,167.0
2025-12-20,wk inc flu hosp,2,2026-01-03,49,quantile,0.75,178.0
2025-12-20,wk inc flu hosp,2,2026-01-03,49,quantile,0.8,192.0
2025-12-20,wk inc flu hosp,2,2026-01-03,49,quantile,0.85,208.0
2025-12-20,wk inc flu hosp,2,2026-01-03,49,quantile,0.9,229.0
2025-12-20,wk inc flu hosp,2,2026-01-03,49,quantile,0.95,256.0
2025-12-20,wk inc flu hosp,2,2026-01-03,49,quantile,0.975,289.0
2025-12-20,wk inc flu hosp,2,2026-01-03,49,quantile,0.99,322.0
2025-12-20,wk inc flu hosp,2,2026-01-03,50,quantile,0.01,0.0
2025-12-20,wk inc flu hosp,2,2026-01-03,50,quantile,0.025,0.0
2025-12-20,wk inc flu hosp,2,2026-01-03,50,quantile,0.05,1.0
2025-12-20,wk inc flu hosp,2,2026-01-03,50,quantile,0.1,2.0
2025-12-20,wk inc flu hosp,2,2026-01-03,50,quantile,0.15,2.0
2025-12-20,wk inc flu hosp,2,2026-01-03,50,quantile,0.2,4.0
2025-12-20,wk inc flu hosp,2,2026-01-03,50,quantile,0.25,5.0
2025-12-20,wk inc flu hosp,2,2026-01-03,50,quantile,0.3,7.0
2025-12-20,wk inc flu hosp,2,2026-01-03,50,quantile,0.35,8.0
2025-12-20,wk inc flu hosp,2,2026-01-03,50,quantile,0.4,9.0
2025-12-20,wk inc flu hosp,2,2026-01-03,50,quantile,0.45,10.0
2025-12-20,wk inc flu hosp,2,2026-01-03,50,quantile,0.5,12.0
2025-12-20,wk inc flu hosp,2,2026-01-03,50,quantile,0.55,14.0
2025-12-20,wk inc flu hosp,2,2026-01-03,50,quantile,0.6,15.0
2025-12-20,wk inc flu hosp,2,2026-01-03,50,quantile,0.65,17.0
2025-12-20,wk inc flu hosp,2,2026-01-03,50,quantile,0.7,19.0
2025-12-20,wk inc flu hosp,2,2026-01-03,50,quantile,0.75,20.0
2025-12-20,wk inc flu hosp,2,2026-01-03,50,quantile,0.8,23.0
2025-12-20,wk inc flu hosp,2,2026-01-03,50,quantile,0.85,25.0
2025-12-20,wk inc flu hosp,2,2026-01-03,50,quantile,0.9,28.0
2025-12-20,wk inc flu hosp,2,2026-01-03,50,quantile,0.95,33.0
2025-12-20,wk inc flu hosp,2,2026-01-03,50,quantile,0.975,37.0
2025-12-20,wk inc flu hosp,2,2026-01-03,50,quantile,0.99,42.0
2025-12-20,wk inc flu hosp,2,2026-01-03,51,quantile,0.01,27.0
2025-12-20,wk inc flu hosp,2,2026-01-03,51,quantile,0.025,38.0
2025-12-20,wk inc flu hosp,2,2026-01-03,51,quantile,0.05,44.0
2025-12-20,wk inc flu hosp,2,2026-01-03,51,quantile,0.1,93.0
2025-12-20,wk inc flu hosp,2,2026-01-03,51,quantile,0.15,129.0
2025-12-20,wk inc flu hosp,2,2026-01-03,51,quantile,0.2,160.0
2025-12-20,wk inc flu hosp,2,2026-01-03,51,quantile,0.25,187.0
2025-12-20,wk inc flu hosp,2,2026-01-03,51,quantile,0.3,209.0
2025-12-20,wk inc flu hosp,2,2026-01-03,51,quantile,0.35,230.0
2025-12-20,wk inc flu hosp,2,2026-01-03,51,quantile,0.4,254.0
2025-12-20,wk inc flu hosp,2,2026-01-03,51,quantile,0.45,272.0
2025-12-20,wk inc flu hosp,2,2026-01-03,51,quantile,0.5,293.0
2025-12-20,wk inc flu hosp,2,2026-01-03,51,quantile,0.55,309.0
2025-12-20,wk inc flu hosp,2,2026-01-03,51,quantile,0.6,329.0
2025-12-20,wk inc flu hosp,2,2026-01-03,51,quantile,0.65,354.0
2025-12-20,wk inc flu hosp,2,2026-01-03,51,quantile,0.7,375.0
2025-12-20,wk inc flu hosp,2,2026-01-03,51,quantile,0.75,397.0
2025-12-20,wk inc flu hosp,2,2026-01-03,51,quantile,0.8,425.0
2025-12-20,wk inc flu hosp,2,2026-01-03,51,quantile,0.85,456.0
2025-12-20,wk inc flu hosp,2,2026-01-03,51,quantile,0.9,498.0
2025-12-20,wk inc flu hosp,2,2026-01-03,51,quantile,0.95,560.0
2025-12-20,wk inc flu hosp,2,2026-01-03,51,quantile,0.975,627.0
2025-12-20,wk inc flu hosp,2,2026-01-03,51,quantile,0.99,704.0
2025-12-20,wk inc flu hosp,2,2026-01-03,53,quantile,0.01,10.0
2025-12-20,wk inc flu hosp,2,2026-01-03,53,quantile,0.025,14.0
2025-12-20,wk inc flu hosp,2,2026-01-03,53,quantile,0.05,18.0
2025-12-20,wk inc flu hosp,2,2026-01-03,53,quantile,0.1,20.0
2025-12-20,wk inc flu hosp,2,2026-01-03,53,quantile,0.15,28.0
2025-12-20,wk inc flu hosp,2,2026-01-03,53,quantile,0.2,44.0
2025-12-20,wk inc flu hosp,2,2026-01-03,53,quantile,0.25,61.0
2025-12-20,wk inc flu hosp,2,2026-01-03,53,quantile,0.3,76.0
2025-12-20,wk inc flu hosp,2,2026-01-03,53,quantile,0.35,90.0
2025-12-20,wk inc flu hosp,2,2026-01-03,53,quantile,0.4,104.0
2025-12-20,wk inc flu hosp,2,2026-01-03,53,quantile,0.45,120.0
2025-12-20,wk inc flu hosp,2,2026-01-03,53,quantile,0.5,131.0
2025-12-20,wk inc flu hosp,2,2026-01-03,53,quantile,0.55,145.0
2025-12-20,wk inc flu hosp,2,2026-01-03,53,quantile,0.6,157.0
2025-12-20,wk inc flu hosp,2,2026-01-03,53,quantile,0.65,171.0
2025-12-20,wk inc flu hosp,2,2026-01-03,53,quantile,0.7,187.0
2025-12-20,wk inc flu hosp,2,2026-01-03,53,quantile,0.75,204.0
2025-12-20,wk inc flu hosp,2,2026-01-03,53,quantile,0.8,221.0
2025-12-20,wk inc flu hosp,2,2026-01-03,53,quantile,0.85,243.0
2025-12-20,wk inc flu hosp,2,2026-01-03,53,quantile,0.9,267.0
2025-12-20,wk inc flu hosp,2,2026-01-03,53,quantile,0.95,305.0
2025-12-20,wk inc flu hosp,2,2026-01-03,53,quantile,0.975,347.0
2025-12-20,wk inc flu hosp,2,2026-01-03,53,quantile,0.99,388.0
2025-12-20,wk inc flu hosp,2,2026-01-03,54,quantile,0.01,3.0
2025-12-20,wk inc flu hosp,2,2026-01-03,54,quantile,0.025,4.0
2025-12-20,wk inc flu hosp,2,2026-01-03,54,quantile,0.05,6.0
2025-12-20,wk inc flu hosp,2,2026-01-03,54,quantile,0.1,7.0
2025-12-20,wk inc flu hosp,2,2026-01-03,54,quantile,0.15,10.0
2025-12-20,wk inc flu hosp,2,2026-01-03,54,quantile,0.2,16.0
2025-12-20,wk inc flu hosp,2,2026-01-03,54,quantile,0.25,21.0
2025-12-20,wk inc flu hosp,2,2026-01-03,54,quantile,0.3,26.0
2025-12-20,wk inc flu hosp,2,2026-01-03,54,quantile,0.35,29.0
2025-12-20,wk inc flu hosp,2,2026-01-03,54,quantile,0.4,32.0
2025-12-20,wk inc flu hosp,2,2026-01-03,54,quantile,0.45,34.0
2025-12-20,wk inc flu hosp,2,2026-01-03,54,quantile,0.5,36.0
2025-12-20,wk inc flu hosp,2,2026-01-03,54,quantile,0.55,39.0
2025-12-20,wk inc flu hosp,2,2026-01-03,54,quantile,0.6,42.0
2025-12-20,wk inc flu hosp,2,2026-01-03,54,quantile,0.65,45.0
2025-12-20,wk inc flu hosp,2,2026-01-03,54,quantile,0.7,49.0
2025-12-20,wk inc flu hosp,2,2026-01-03,54,quantile,0.75,54.0
2025-12-20,wk inc flu hosp,2,2026-01-03,54,quantile,0.8,59.0
2025-12-20,wk inc flu hosp,2,2026-01-03,54,quantile,0.85,67.0
2025-12-20,wk inc flu hosp,2,2026-01-03,54,quantile,0.9,77.0
2025-12-20,wk inc flu hosp,2,2026-01-03,54,quantile,0.95,94.0
2025-12-20,wk inc flu hosp,2,2026-01-03,54,quantile,0.975,112.0
2025-12-20,wk inc flu hosp,2,2026-01-03,54,quantile,0.99,131.0
2025-12-20,wk inc flu hosp,2,2026-01-03,55,quantile,0.01,10.0
2025-12-20,wk inc flu hosp,2,2026-01-03,55,quantile,0.025,14.0
2025-12-20,wk inc flu hosp,2,2026-01-03,55,quantile,0.05,16.0
2025-12-20,wk inc flu hosp,2,2026-01-03,55,quantile,0.1,20.0
2025-12-20,wk inc flu hosp,2,2026-01-03,55,quantile,0.15,29.0
2025-12-20,wk inc flu hosp,2,2026-01-03,55,quantile,0.2,48.0
2025-12-20,wk inc flu hosp,2,2026-01-03,55,quantile,0.25,65.0
2025-12-20,wk inc flu hosp,2,2026-01-03,55,quantile,0.3,77.0
2025-12-20,wk inc flu hosp,2,2026-01-03,55,quantile,0.35,90.0
2025-12-20,wk inc flu hosp,2,2026-01-03,55,quantile,0.4,101.0
2025-12-20,wk inc flu hosp,2,2026-01-03,55,quantile,0.45,112.0
2025-12-20,wk inc flu hosp,2,2026-01-03,55,quantile,0.5,123.0
2025-12-20,wk inc flu hosp,2,2026-01-03,55,quantile,0.55,140.0
2025-12-20,wk inc flu hosp,2,2026-01-03,55,quantile,0.6,153.0
2025-12-20,wk inc flu hosp,2,2026-01-03,55,quantile,0.65,171.0
2025-12-20,wk inc flu hosp,2,2026-01-03,55,quantile,0.7,185.0
2025-12-20,wk inc flu hosp,2,2026-01-03,55,quantile,0.75,200.0
2025-12-20,wk inc flu hosp,2,2026-01-03,55,quantile,0.8,216.0
2025-12-20,wk inc flu hosp,2,2026-01-03,55,quantile,0.85,238.0
2025-12-20,wk inc flu hosp,2,2026-01-03,55,quantile,0.9,266.0
2025-12-20,wk inc flu hosp,2,2026-01-03,55,quantile,0.95,303.0
2025-12-20,wk inc flu hosp,2,2026-01-03,55,quantile,0.975,343.0
2025-12-20,wk inc flu hosp,2,2026-01-03,55,quantile,0.99,383.0
2025-12-20,wk inc flu hosp,2,2026-01-03,56,quantile,0.01,0.0
2025-12-20,wk inc flu hosp,2,2026-01-03,56,quantile,0.025,0.0
2025-12-20,wk inc flu hosp,2,2026-01-03,56,quantile,0.05,0.0
2025-12-20,wk inc flu hosp,2,2026-01-03,56,quantile,0.1,0.0
2025-12-20,wk inc flu hosp,2,2026-01-03,56,quantile,0.15,0.0
2025-12-20,wk inc flu hosp,2,2026-01-03,56,quantile,0.2,0.0
2025-12-20,wk inc flu hosp,2,2026-01-03,56,quantile,0.25,0.0
2025-12-20,wk inc flu hosp,2,2026-01-03,56,quantile,0.3,0.0
2025-12-20,wk inc flu hosp,2,2026-01-03,56,quantile,0.35,0.0
2025-12-20,wk inc flu hosp,2,2026-01-03,56,quantile,0.4,0.0
2025-12-20,wk inc flu hosp,2,2026-01-03,56,quantile,0.45,0.0
2025-12-20,wk inc flu hosp,2,2026-01-03,56,quantile,0.5,0.0
2025-12-20,wk inc flu hosp,2,2026-01-03,56,quantile,0.55,0.0
2025-12-20,wk inc flu hosp,2,2026-01-03,56,quantile,0.6,0.0
2025-12-20,wk inc flu hosp,2,2026-01-03,56,quantile,0.65,0.0
2025-12-20,wk inc flu hosp,2,2026-01-03,56,quantile,0.7,1.0
2025-12-20,wk inc flu hosp,2,2026-01-03,56,quantile,0.75,1.0
2025-12-20,wk inc flu hosp,2,2026-01-03,56,quantile,0.8,1.0
2025-12-20,wk inc flu hosp,2,2026-01-03,56,quantile,0.85,1.0
2025-12-20,wk inc flu hosp,2,2026-01-03,56,quantile,0.9,2.0
2025-12-20,wk inc flu hosp,2,2026-01-03,56,quantile,0.95,7.0
2025-12-20,wk inc flu hosp,2,2026-01-03,56,quantile,0.975,11.0
2025-12-20,wk inc flu hosp,2,2026-01-03,56,quantile,0.99,13.0
2025-12-20,wk inc flu hosp,2,2026-01-03,US,quantile,0.01,1149.0
2025-12-20,wk inc flu hosp,2,2026-01-03,US,quantile,0.025,1467.0
2025-12-20,wk inc flu hosp,2,2026-01-03,US,quantile,0.05,2587.0
2025-12-20,wk inc flu hosp,2,2026-01-03,US,quantile,0.1,4192.0
2025-12-20,wk inc flu hosp,2,2026-01-03,US,quantile,0.15,5310.0
2025-12-20,wk inc flu hosp,2,2026-01-03,US,quantile,0.2,6325.0
2025-12-20,wk inc flu hosp,2,2026-01-03,US,quantile,0.25,7146.0
2025-12-20,wk inc flu hosp,2,2026-01-03,US,quantile,0.3,7922.0
2025-12-20,wk inc flu hosp,2,2026-01-03,US,quantile,0.35,8832.0
2025-12-20,wk inc flu hosp,2,2026-01-03,US,quantile,0.4,9639.0
2025-12-20,wk inc flu hosp,2,2026-01-03,US,quantile,0.45,10346.0
2025-12-20,wk inc flu hosp,2,2026-01-03,US,quantile,0.5,10985.0
2025-12-20,wk inc flu hosp,2,2026-01-03,US,quantile,0.55,11607.0
2025-12-20,wk inc flu hosp,2,2026-01-03,US,quantile,0.6,12263.0
2025-12-20,wk inc flu hosp,2,2026-01-03,US,quantile,0.65,13063.0
2025-12-20,wk inc flu hosp,2,2026-01-03,US,quantile,0.7,13856.0
2025-12-20,wk inc flu hosp,2,2026-01-03,US,quantile,0.75,14723.0
2025-12-20,wk inc flu hosp,2,2026-01-03,US,quantile,0.8,15698.0
2025-12-20,wk inc flu hosp,2,2026-01-03,US,quantile,0.85,16755.0
2025-12-20,wk inc flu hosp,2,2026-01-03,US,quantile,0.9,18462.0
2025-12-20,wk inc flu hosp,2,2026-01-03,US,quantile,0.95,20756.0
2025-12-20,wk inc flu hosp,2,2026-01-03,US,quantile,0.975,22658.0
2025-12-20,wk inc flu hosp,2,2026-01-03,US,quantile,0.99,24758.0
2025-12-20,wk inc flu hosp,3,2026-01-10,01,quantile,0.01,16.0
2025-12-20,wk inc flu hosp,3,2026-01-10,01,quantile,0.025,20.0
2025-12-20,wk inc flu hosp,3,2026-01-10,01,quantile,0.05,22.0
2025-12-20,wk inc flu hosp,3,2026-01-10,01,quantile,0.1,27.0
2025-12-20,wk inc flu hosp,3,2026-01-10,01,quantile,0.15,32.0
2025-12-20,wk inc flu hosp,3,2026-01-10,01,quantile,0.2,36.0
2025-12-20,wk inc flu hosp,3,2026-01-10,01,quantile,0.25,55.0
2025-12-20,wk inc flu hosp,3,2026-01-10,01,quantile,0.3,71.0
2025-12-20,wk inc flu hosp,3,2026-01-10,01,quantile,0.35,87.0
2025-12-20,wk inc flu hosp,3,2026-01-10,01,quantile,0.4,104.0
2025-12-20,wk inc flu hosp,3,2026-01-10,01,quantile,0.45,121.0
2025-12-20,wk inc flu hosp,3,2026-01-10,01,quantile,0.5,140.0
2025-12-20,wk inc flu hosp,3,2026-01-10,01,quantile,0.55,159.0
2025-12-20,wk inc flu hosp,3,2026-01-10,01,quantile,0.6,185.0
2025-12-20,wk inc flu hosp,3,2026-01-10,01,quantile,0.65,207.0
2025-12-20,wk inc flu hosp,3,2026-01-10,01,quantile,0.7,232.0
2025-12-20,wk inc flu hosp,3,2026-01-10,01,quantile,0.75,260.0
2025-12-20,wk inc flu hosp,3,2026-01-10,01,quantile,0.8,291.0
2025-12-20,wk inc flu hosp,3,2026-01-10,01,quantile,0.85,318.0
2025-12-20,wk inc flu hosp,3,2026-01-10,01,quantile,0.9,376.0
2025-12-20,wk inc flu hosp,3,2026-01-10,01,quantile,0.95,426.0
2025-12-20,wk inc flu hosp,3,2026-01-10,01,quantile,0.975,484.0
2025-12-20,wk inc flu hosp,3,2026-01-10,01,quantile,0.99,537.0
2025-12-20,wk inc flu hosp,3,2026-01-10,02,quantile,0.01,1.0
2025-12-20,wk inc flu hosp,3,2026-01-10,02,quantile,0.025,2.0
2025-12-20,wk inc flu hosp,3,2026-01-10,02,quantile,0.05,2.0
2025-12-20,wk inc flu hosp,3,2026-01-10,02,quantile,0.1,3.0
2025-12-20,wk inc flu hosp,3,2026-01-10,02,quantile,0.15,4.0
2025-12-20,wk inc flu hosp,3,2026-01-10,02,quantile,0.2,7.0
2025-12-20,wk inc flu hosp,3,2026-01-10,02,quantile,0.25,9.0
2025-12-20,wk inc flu hosp,3,2026-01-10,02,quantile,0.3,11.0
2025-12-20,wk inc flu hosp,3,2026-01-10,02,quantile,0.35,13.0
2025-12-20,wk inc flu hosp,3,2026-01-10,02,quantile,0.4,15.0
2025-12-20,wk inc flu hosp,3,2026-01-10,02,quantile,0.45,17.0
2025-12-20,wk inc flu hosp,3,2026-01-10,02,quantile,0.5,19.0
2025-12-20,wk inc flu hosp,3,2026-01-10,02,quantile,0.55,21.0
2025-12-20,wk inc flu hosp,3,2026-01-10,02,quantile,0.6,23.0
2025-12-20,wk inc flu hosp,3,2026-01-10,02,quantile,0.65,25.0
2025-12-20,wk inc flu hosp,3,2026-01-10,02,quantile,0.7,27.0
2025-12-20,wk inc flu hosp,3,2026-01-10,02,quantile,0.75,30.0
2025-12-20,wk inc flu hosp,3,2026-01-10,02,quantile,0.8,32.0
2025-12-20,wk inc flu hosp,3,2026-01-10,02,quantile,0.85,36.0
2025-12-20,wk inc flu hosp,3,2026-01-10,02,quantile,0.9,41.0
2025-12-20,wk inc flu hosp,3,2026-01-10,02,quantile,0.95,49.0
2025-12-20,wk inc flu hosp,3,2026-01-10,02,quantile,0.975,57.0
2025-12-20,wk inc flu hosp,3,2026-01-10,02,quantile,0.99,65.0
2025-12-20,wk inc flu hosp,3,2026-01-10,04,quantile,0.01,9.0
2025-12-20,wk inc flu hosp,3,2026-01-10,04,quantile,0.025,12.0
2025-12-20,wk inc flu hosp,3,2026-01-10,04,quantile,0.05,14.0
2025-12-20,wk inc flu hosp,3,2026-01-10,04,quantile,0.1,17.0
2025-12-20,wk inc flu hosp,3,2026-01-10,04,quantile,0.15,19.0
2025-12-20,wk inc flu hosp,3,2026-01-10,04,quantile,0.2,22.0
2025-12-20,wk inc flu hosp,3,2026-01-10,04,quantile,0.25,24.0
2025-12-20,wk inc flu hosp,3,2026-01-10,04,quantile,0.3,37.0
2025-12-20,wk inc flu hosp,3,2026-01-10,04,quantile,0.35,49.0
2025-12-20,wk inc flu hosp,3,2026-01-10,04,quantile,0.4,63.0
2025-12-20,wk inc flu hosp,3,2026-01-10,04,quantile,0.45,81.0
2025-12-20,wk inc flu hosp,3,2026-01-10,04,quantile,0.5,94.0
2025-12-20,wk inc flu hosp,3,2026-01-10,04,quantile,0.55,108.0
2025-12-20,wk inc flu hosp,3,2026-01-10,04,quantile,0.6,126.0
2025-12-20,wk inc flu hosp,3,2026-01-10,04,quantile,0.65,141.0
2025-12-20,wk inc flu hosp,3,2026-01-10,04,quantile,0.7,159.0
2025-12-20,wk inc flu hosp,3,2026-01-10,04,quantile,0.75,176.0
2025-12-20,wk inc flu hosp,3,2026-01-10,04,quantile,0.8,203.0
2025-12-20,wk inc flu hosp,3,2026-01-10,04,quantile,0.85,236.0
2025-12-20,wk inc flu hosp,3,2026-01-10,04,quantile,0.9,275.0
2025-12-20,wk inc flu hosp,3,2026-01-10,04,quantile,0.95,325.0
2025-12-20,wk inc flu hosp,3,2026-01-10,04,quantile,0.975,376.0
2025-12-20,wk inc flu hosp,3,2026-01-10,04,quantile,0.99,411.0
2025-12-20,wk inc flu hosp,3,2026-01-10,05,quantile,0.01,9.0
2025-12-20,wk inc flu hosp,3,2026-01-10,05,quantile,0.025,10.0
2025-12-20,wk inc flu hosp,3,2026-01-10,05,quantile,0.05,13.0
2025-12-20,wk inc flu hosp,3,2026-01-10,05,quantile,0.1,16.0
2025-12-20,wk inc flu hosp,3,2026-01-10,05,quantile,0.15,22.0
2025-12-20,wk inc flu hosp,3,2026-01-10,05,quantile,0.2,33.0
2025-12-20,wk inc flu hosp,3,2026-01-10,05,quantile,0.25,42.0
2025-12-20,wk inc flu hosp,3,2026-01-10,05,quantile,0.3,50.0
2025-12-20,wk inc flu hosp,3,2026-01-10,05,quantile,0.35,59.0
2025-12-20,wk inc flu hosp,3,2026-01-10,05,quantile,0.4,67.0
2025-12-20,wk inc flu hosp,3,2026-01-10,05,quantile,0.45,74.0
2025-12-20,wk inc flu hosp,3,2026-01-10,05,quantile,0.5,84.0
2025-12-20,wk inc flu hosp,3,2026-01-10,05,quantile,0.55,92.0
2025-12-20,wk inc flu hosp,3,2026-01-10,05,quantile,0.6,99.0
2025-12-20,wk inc flu hosp,3,2026-01-10,05,quantile,0.65,107.0
2025-12-20,wk inc flu hosp,3,2026-01-10,05,quantile,0.7,116.0
2025-12-20,wk inc flu hosp,3,2026-01-10,05,quantile,0.75,126.0
2025-12-20,wk inc flu hosp,3,2026-01-10,05,quantile,0.8,137.0
2025-12-20,wk inc flu hosp,3,2026-01-10,05,quantile,0.85,150.0
2025-12-20,wk inc flu hosp,3,2026-01-10,05,quantile,0.9,168.0
2025-12-20,wk inc flu hosp,3,2026-01-10,05,quantile,0.95,196.0
2025-12-20,wk inc flu hosp,3,2026-01-10,05,quantile,0.975,220.0
2025-12-20,wk inc flu hosp,3,2026-01-10,05,quantile,0.99,251.0
2025-12-20,wk inc flu hosp,3,2026-01-10,06,quantile,0.01,42.0
2025-12-20,wk inc flu hosp,3,2026-01-10,06,quantile,0.025,49.0
2025-12-20,wk inc flu hosp,3,2026-01-10,06,quantile,0.05,57.0
2025-12-20,wk inc flu hosp,3,2026-01-10,06,quantile,0.1,68.0
2025-12-20,wk inc flu hosp,3,2026-01-10,06,quantile,0.15,79.0
2025-12-20,wk inc flu hosp,3,2026-01-10,06,quantile,0.2,88.0
2025-12-20,wk inc flu hosp,3,2026-01-10,06,quantile,0.25,133.0
2025-12-20,wk inc flu hosp,3,2026-01-10,06,quantile,0.3,178.0
2025-12-20,wk inc flu hosp,3,2026-01-10,06,quantile,0.35,237.0
2025-12-20,wk inc flu hosp,3,2026-01-10,06,quantile,0.4,291.0
2025-12-20,wk inc flu hosp,3,2026-01-10,06,quantile,0.45,360.0
2025-12-20,wk inc flu hosp,3,2026-01-10,06,quantile,0.5,419.0
2025-12-20,wk inc flu hosp,3,2026-01-10,06,quantile,0.55,472.0
2025-12-20,wk inc flu hosp,3,2026-01-10,06,quantile,0.6,533.0
2025-12-20,wk inc flu hosp,3,2026-01-10,06,quantile,0.65,597.0
2025-12-20,wk inc flu hosp,3,2026-01-10,06,quantile,0.7,680.0
2025-12-20,wk inc flu hosp,3,2026-01-10,06,quantile,0.75,755.0
2025-12-20,wk inc flu hosp,3,2026-01-10,06,quantile,0.8,844.0
2025-12-20,wk inc flu hosp,3,2026-01-10,06,quantile,0.85,947.0
2025-12-20,wk inc flu hosp,3,2026-01-10,06,quantile,0.9,1053.0
2025-12-20,wk inc flu hosp,3,2026-01-10,06,quantile,0.95,1225.0
2025-12-20,wk inc flu hosp,3,2026-01-10,06,quantile,0.975,1406.0
2025-12-20,wk inc flu hosp,3,2026-01-10,06,quantile,0.99,1512.0
2025-12-20,wk inc flu hosp,3,2026-01-10,08,quantile,0.01,43.0
2025-12-20,wk inc flu hosp,3,2026-01-10,08,quantile,0.025,67.0
2025-12-20,wk inc flu hosp,3,2026-01-10,08,quantile,0.05,94.0
2025-12-20,wk inc flu hosp,3,2026-01-10,08,quantile,0.1,138.0
2025-12-20,wk inc flu hosp,3,2026-01-10,08,quantile,0.15,166.0
2025-12-20,wk inc flu hosp,3,2026-01-10,08,quantile,0.2,181.0
2025-12-20,wk inc flu hosp,3,2026-01-10,08,quantile,0.25,201.0
2025-12-20,wk inc flu hosp,3,2026-01-10,08,quantile,0.3,222.0
2025-12-20,wk inc flu hosp,3,2026-01-10,08,quantile,0.35,237.0
2025-12-20,wk inc flu hosp,3,2026-01-10,08,quantile,0.4,252.0
2025-12-20,wk inc flu hosp,3,2026-01-10,08,quantile,0.45,266.0
2025-12-20,wk inc flu hosp,3,2026-01-10,08,quantile,0.5,285.0
2025-12-20,wk inc flu hosp,3,2026-01-10,08,quantile,0.55,300.0
2025-12-20,wk inc flu hosp,3,2026-01-10,08,quantile,0.6,315.0
2025-12-20,wk inc flu hosp,3,2026-01-10,08,quantile,0.65,335.0
2025-12-20,wk inc flu hosp,3,2026-01-10,08,quantile,0.7,356.0
2025-12-20,wk inc flu hosp,3,2026-01-10,08,quantile,0.75,374.0
2025-12-20,wk inc flu hosp,3,2026-01-10,08,quantile,0.8,401.0
2025-12-20,wk inc flu hosp,3,2026-01-10,08,quantile,0.85,429.0
2025-12-20,wk inc flu hosp,3,2026-01-10,08,quantile,0.9,469.0
2025-12-20,wk inc flu hosp,3,2026-01-10,08,quantile,0.95,528.0
2025-12-20,wk inc flu hosp,3,2026-01-10,08,quantile,0.975,593.0
2025-12-20,wk inc flu hosp,3,2026-01-10,08,quantile,0.99,660.0
2025-12-20,wk inc flu hosp,3,2026-01-10,09,quantile,0.01,69.0
2025-12-20,wk inc flu hosp,3,2026-01-10,09,quantile,0.025,85.0
2025-12-20,wk inc flu hosp,3,2026-01-10,09,quantile,0.05,103.0
2025-12-20,wk inc flu hosp,3,2026-01-10,09,quantile,0.1,126.0
2025-12-20,wk inc flu hosp,3,2026-01-10,09,quantile,0.15,143.0
2025-12-20,wk inc flu hosp,3,2026-01-10,09,quantile,0.2,159.0
2025-12-20,wk inc flu hosp,3,2026-01-10,09,quantile,0.25,172.0
2025-12-20,wk inc flu hosp,3,2026-01-10,09,quantile,0.3,183.0
2025-12-20,wk inc flu hosp,3,2026-01-10,09,quantile,0.35,193.0
2025-12-20,wk inc flu hosp,3,2026-01-10,09,quantile,0.4,206.0
2025-12-20,wk inc flu hosp,3,2026-01-10,09,quantile,0.45,216.0
2025-12-20,wk inc flu hosp,3,2026-01-10,09,quantile,0.5,226.0
2025-12-20,wk inc flu hosp,3,2026-01-10,09,quantile,0.55,240.0
2025-12-20,wk inc flu hosp,3,2026-01-10,09,quantile,0.6,251.0
2025-12-20,wk inc flu hosp,3,2026-01-10,09,quantile,0.65,264.0
2025-12-20,wk inc flu hosp,3,2026-01-10,09,quantile,0.7,279.0
2025-12-20,wk inc flu hosp,3,2026-01-10,09,quantile,0.75,291.0
2025-12-20,wk inc flu hosp,3,2026-01-10,09,quantile,0.8,308.0
2025-12-20,wk inc flu hosp,3,2026-01-10,09,quantile,0.85,330.0
2025-12-20,wk inc flu hosp,3,2026-01-10,09,quantile,0.9,355.0
2025-12-20,wk inc flu hosp,3,2026-01-10,09,quantile,0.95,396.0
2025-12-20,wk inc flu hosp,3,2026-01-10,09,quantile,0.975,436.0
2025-12-20,wk inc flu hosp,3,2026-01-10,09,quantile,0.99,472.0
2025-12-20,wk inc flu hosp,3,2026-01-10,10,quantile,0.01,4.0
2025-12-20,wk inc flu hosp,3,2026-01-10,10,quantile,0.025,6.0
2025-12-20,wk inc flu hosp,3,2026-01-10,10,quantile,0.05,6.0
2025-12-20,wk inc flu hosp,3,2026-01-10,10,quantile,0.1,10.0
2025-12-20,wk inc flu hosp,3,2026-01-10,10,quantile,0.15,14.0
2025-12-20,wk inc flu hosp,3,2026-01-10,10,quantile,0.2,19.0
2025-12-20,wk inc flu hosp,3,2026-01-10,10,quantile,0.25,22.0
2025-12-20,wk inc flu hosp,3,2026-01-10,10,quantile,0.3,25.0
2025-12-20,wk inc flu hosp,3,2026-01-10,10,quantile,0.35,29.0
2025-12-20,wk inc flu hosp,3,2026-01-10,10,quantile,0.4,32.0
2025-12-20,wk inc flu hosp,3,2026-01-10,10,quantile,0.45,36.0
2025-12-20,wk inc flu hosp,3,2026-01-10,10,quantile,0.5,38.0
2025-12-20,wk inc flu hosp,3,2026-01-10,10,quantile,0.55,42.0
2025-12-20,wk inc flu hosp,3,2026-01-10,10,quantile,0.6,45.0
2025-12-20,wk inc flu hosp,3,2026-01-10,10,quantile,0.65,49.0
2025-12-20,wk inc flu hosp,3,2026-01-10,10,quantile,0.7,52.0
2025-12-20,wk inc flu hosp,3,2026-01-10,10,quantile,0.75,56.0
2025-12-20,wk inc flu hosp,3,2026-01-10,10,quantile,0.8,61.0
2025-12-20,wk inc flu hosp,3,2026-01-10,10,quantile,0.85,68.0
2025-12-20,wk inc flu hosp,3,2026-01-10,10,quantile,0.9,76.0
2025-12-20,wk inc flu hosp,3,2026-01-10,10,quantile,0.95,87.0
2025-12-20,wk inc flu hosp,3,2026-01-10,10,quantile,0.975,95.0
2025-12-20,wk inc flu hosp,3,2026-01-10,10,quantile,0.99,108.0
2025-12-20,wk inc flu hosp,3,2026-01-10,11,quantile,0.01,1.0
2025-12-20,wk inc flu hosp,3,2026-01-10,11,quantile,0.025,2.0
2025-12-20,wk inc flu hosp,3,2026-01-10,11,quantile,0.05,2.0
2025-12-20,wk inc flu hosp,3,2026-01-10,11,quantile,0.1,6.0
2025-12-20,wk inc flu hosp,3,2026-01-10,11,quantile,0.15,8.0
2025-12-20,wk inc flu hosp,3,2026-01-10,11,quantile,0.2,10.0
2025-12-20,wk inc flu hosp,3,2026-01-10,11,quantile,0.25,12.0
2025-12-20,wk inc flu hosp,3,2026-01-10,11,quantile,0.3,14.0
2025-12-20,wk inc flu hosp,3,2026-01-10,11,quantile,0.35,15.0
2025-12-20,wk inc flu hosp,3,2026-01-10,11,quantile,0.4,17.0
2025-12-20,wk inc flu hosp,3,2026-01-10,11,quantile,0.45,19.0
2025-12-20,wk inc flu hosp,3,2026-01-10,11,quantile,0.5,20.0
2025-12-20,wk inc flu hosp,3,2026-01-10,11,quantile,0.55,22.0
2025-12-20,wk inc flu hosp,3,2026-01-10,11,quantile,0.6,23.0
2025-12-20,wk inc flu hosp,3,2026-01-10,11,quantile,0.65,25.0
2025-12-20,wk inc flu hosp,3,2026-01-10,11,quantile,0.7,26.0
2025-12-20,wk inc flu hosp,3,2026-01-10,11,quantile,0.75,28.0
2025-12-20,wk inc flu hosp,3,2026-01-10,11,quantile,0.8,30.0
2025-12-20,wk inc flu hosp,3,2026-01-10,11,quantile,0.85,34.0
2025-12-20,wk inc flu hosp,3,2026-01-10,11,quantile,0.9,37.0
2025-12-20,wk inc flu hosp,3,2026-01-10,11,quantile,0.95,43.0
2025-12-20,wk inc flu hosp,3,2026-01-10,11,quantile,0.975,48.0
2025-12-20,wk inc flu hosp,3,2026-01-10,11,quantile,0.99,52.0
2025-12-20,wk inc flu hosp,3,2026-01-10,12,quantile,0.01,76.0
2025-12-20,wk inc flu hosp,3,2026-01-10,12,quantile,0.025,96.0
2025-12-20,wk inc flu hosp,3,2026-01-10,12,quantile,0.05,110.0
2025-12-20,wk inc flu hosp,3,2026-01-10,12,quantile,0.1,216.0
2025-12-20,wk inc flu hosp,3,2026-01-10,12,quantile,0.15,306.0
2025-12-20,wk inc flu hosp,3,2026-01-10,12,quantile,0.2,374.0
2025-12-20,wk inc flu hosp,3,2026-01-10,12,quantile,0.25,445.0
2025-12-20,wk inc flu hosp,3,2026-01-10,12,quantile,0.3,509.0
2025-12-20,wk inc flu hosp,3,2026-01-10,12,quantile,0.35,556.0
2025-12-20,wk inc flu hosp,3,2026-01-10,12,quantile,0.4,610.0
2025-12-20,wk inc flu hosp,3,2026-01-10,12,quantile,0.45,657.0
2025-12-20,wk inc flu hosp,3,2026-01-10,12,quantile,0.5,706.0
2025-12-20,wk inc flu hosp,3,2026-01-10,12,quantile,0.55,755.0
2025-12-20,wk inc flu hosp,3,2026-01-10,12,quantile,0.6,805.0
2025-12-20,wk inc flu hosp,3,2026-01-10,12,quantile,0.65,868.0
2025-12-20,wk inc flu hosp,3,2026-01-10,12,quantile,0.7,922.0
2025-12-20,wk inc flu hosp,3,2026-01-10,12,quantile,0.75,979.0
2025-12-20,wk inc flu hosp,3,2026-01-10,12,quantile,0.8,1042.0
2025-12-20,wk inc flu hosp,3,2026-01-10,12,quantile,0.85,1126.0
2025-12-20,wk inc flu hosp,3,2026-01-10,12,quantile,0.9,1234.0
2025-12-20,wk inc flu hosp,3,2026-01-10,12,quantile,0.95,1425.0
2025-12-20,wk inc flu hosp,3,2026-01-10,12,quantile,0.975,1605.0
2025-12-20,wk inc flu hosp,3,2026-01-10,12,quantile,0.99,1802.0
2025-12-20,wk inc flu hosp,3,2026-01-10,13,quantile,0.01,32.0
2025-12-20,wk inc flu hosp,3,2026-01-10,13,quantile,0.025,38.0
2025-12-20,wk inc flu hosp,3,2026-01-10,13,quantile,0.05,44.0
2025-12-20,wk inc flu hosp,3,2026-01-10,13,quantile,0.1,55.0
2025-12-20,wk inc flu hosp,3,2026-01-10,13,quantile,0.15,75.0
2025-12-20,wk inc flu hosp,3,2026-01-10,13,quantile,0.2,111.0
2025-12-20,wk inc flu hosp,3,2026-01-10,13,quantile,0.25,137.0
2025-12-20,wk inc flu hosp,3,2026-01-10,13,quantile,0.3,163.0
2025-12-20,wk inc flu hosp,3,2026-01-10,13,quantile,0.35,189.0
2025-12-20,wk inc flu hosp,3,2026-01-10,13,quantile,0.4,218.0
2025-12-20,wk inc flu hosp,3,2026-01-10,13,quantile,0.45,245.0
2025-12-20,wk inc flu hosp,3,2026-01-10,13,quantile,0.5,271.0
2025-12-20,wk inc flu hosp,3,2026-01-10,13,quantile,0.55,297.0
2025-12-20,wk inc flu hosp,3,2026-01-10,13,quantile,0.6,327.0
2025-12-20,wk inc flu hosp,3,2026-01-10,13,quantile,0.65,356.0
2025-12-20,wk inc flu hosp,3,2026-01-10,13,quantile,0.7,386.0
2025-12-20,wk inc flu hosp,3,2026-01-10,13,quantile,0.75,427.0
2025-12-20,wk inc flu hosp,3,2026-01-10,13,quantile,0.8,464.0
2025-12-20,wk inc flu hosp,3,2026-01-10,13,quantile,0.85,504.0
2025-12-20,wk inc flu hosp,3,2026-01-10,13,quantile,0.9,557.0
2025-12-20,wk inc flu hosp,3,2026-01-10,13,quantile,0.95,640.0
2025-12-20,wk inc flu hosp,3,2026-01-10,13,quantile,0.975,710.0
2025-12-20,wk inc flu hosp,3,2026-01-10,13,quantile,0.99,796.0
2025-12-20,wk inc flu hosp,3,2026-01-10,15,quantile,0.01,7.0
2025-12-20,wk inc flu hosp,3,2026-01-10,15,quantile,0.025,9.0
2025-12-20,wk inc flu hosp,3,2026-01-10,15,quantile,0.05,12.0
2025-12-20,wk inc flu hosp,3,2026-01-10,15,quantile,0.1,28.0
2025-12-20,wk inc flu hosp,3,2026-01-10,15,quantile,0.15,45.0
2025-12-20,wk inc flu hosp,3,2026-01-10,15,quantile,0.2,61.0
2025-12-20,wk inc flu hosp,3,2026-01-10,15,quantile,0.25,73.0
2025-12-20,wk inc flu hosp,3,2026-01-10,15,quantile,0.3,85.0
2025-12-20,wk inc flu hosp,3,2026-01-10,15,quantile,0.35,98.0
2025-12-20,wk inc flu hosp,3,2026-01-10,15,quantile,0.4,112.0
2025-12-20,wk inc flu hosp,3,2026-01-10,15,quantile,0.45,123.0
2025-12-20,wk inc flu hosp,3,2026-01-10,15,quantile,0.5,131.0
2025-12-20,wk inc flu hosp,3,2026-01-10,15,quantile,0.55,139.0
2025-12-20,wk inc flu hosp,3,2026-01-10,15,quantile,0.6,149.0
2025-12-20,wk inc flu hosp,3,2026-01-10,15,quantile,0.65,159.0
2025-12-20,wk inc flu hosp,3,2026-01-10,15,quantile,0.7,171.0
2025-12-20,wk inc flu hosp,3,2026-01-10,15,quantile,0.75,182.0
2025-12-20,wk inc flu hosp,3,2026-01-10,15,quantile,0.8,198.0
2025-12-20,wk inc flu hosp,3,2026-01-10,15,quantile,0.85,219.0
2025-12-20,wk inc flu hosp,3,2026-01-10,15,quantile,0.9,240.0
2025-12-20,wk inc flu hosp,3,2026-01-10,15,quantile,0.95,276.0
2025-12-20,wk inc flu hosp,3,2026-01-10,15,quantile,0.975,310.0
2025-12-20,wk inc flu hosp,3,2026-01-10,15,quantile,0.99,348.0
2025-12-20,wk inc flu hosp,3,2026-01-10,16,quantile,0.01,4.0
2025-12-20,wk inc flu hosp,3,2026-01-10,16,quantile,0.025,4.0
2025-12-20,wk inc flu hosp,3,2026-01-10,16,quantile,0.05,6.0
2025-12-20,wk inc flu hosp,3,2026-01-10,16,quantile,0.1,8.0
2025-12-20,wk inc flu hosp,3,2026-01-10,16,quantile,0.15,12.0
2025-12-20,wk inc flu hosp,3,2026-01-10,16,quantile,0.2,18.0
2025-12-20,wk inc flu hosp,3,2026-01-10,16,quantile,0.25,25.0
2025-12-20,wk inc flu hosp,3,2026-01-10,16,quantile,0.3,30.0
2025-12-20,wk inc flu hosp,3,2026-01-10,16,quantile,0.35,35.0
2025-12-20,wk inc flu hosp,3,2026-01-10,16,quantile,0.4,40.0
2025-12-20,wk inc flu hosp,3,2026-01-10,16,quantile,0.45,44.0
2025-12-20,wk inc flu hosp,3,2026-01-10,16,quantile,0.5,50.0
2025-12-20,wk inc flu hosp,3,2026-01-10,16,quantile,0.55,54.0
2025-12-20,wk inc flu hosp,3,2026-01-10,16,quantile,0.6,59.0
2025-12-20,wk inc flu hosp,3,2026-01-10,16,quantile,0.65,64.0
2025-12-20,wk inc flu hosp,3,2026-01-10,16,quantile,0.7,69.0
2025-12-20,wk inc flu hosp,3,2026-01-10,16,quantile,0.75,75.0
2025-12-20,wk inc flu hosp,3,2026-01-10,16,quantile,0.8,82.0
2025-12-20,wk inc flu hosp,3,2026-01-10,16,quantile,0.85,90.0
2025-12-20,wk inc flu hosp,3,2026-01-10,16,quantile,0.9,101.0
2025-12-20,wk inc flu hosp,3,2026-01-10,16,quantile,0.95,117.0
2025-12-20,wk inc flu hosp,3,2026-01-10,16,quantile,0.975,132.0
2025-12-20,wk inc flu hosp,3,2026-01-10,16,quantile,0.99,146.0
2025-12-20,wk inc flu hosp,3,2026-01-10,17,quantile,0.01,25.0
2025-12-20,wk inc flu hosp,3,2026-01-10,17,quantile,0.025,30.0
2025-12-20,wk inc flu hosp,3,2026-01-10,17,quantile,0.05,36.0
2025-12-20,wk inc flu hosp,3,2026-01-10,17,quantile,0.1,44.0
2025-12-20,wk inc flu hosp,3,2026-01-10,17,quantile,0.15,51.0
2025-12-20,wk inc flu hosp,3,2026-01-10,17,quantile,0.2,93.0
2025-12-20,wk inc flu hosp,3,2026-01-10,17,quantile,0.25,120.0
2025-12-20,wk inc flu hosp,3,2026-01-10,17,quantile,0.3,167.0
2025-12-20,wk inc flu hosp,3,2026-01-10,17,quantile,0.35,201.0
2025-12-20,wk inc flu hosp,3,2026-01-10,17,quantile,0.4,226.0
2025-12-20,wk inc flu hosp,3,2026-01-10,17,quantile,0.45,262.0
2025-12-20,wk inc flu hosp,3,2026-01-10,17,quantile,0.5,296.0
2025-12-20,wk inc flu hosp,3,2026-01-10,17,quantile,0.55,326.0
2025-12-20,wk inc flu hosp,3,2026-01-10,17,quantile,0.6,364.0
2025-12-20,wk inc flu hosp,3,2026-01-10,17,quantile,0.65,393.0
2025-12-20,wk inc flu hosp,3,2026-01-10,17,quantile,0.7,437.0
2025-12-20,wk inc flu hosp,3,2026-01-10,17,quantile,0.75,486.0
2025-12-20,wk inc flu hosp,3,2026-01-10,17,quantile,0.8,541.0
2025-12-20,wk inc flu hosp,3,2026-01-10,17,quantile,0.85,595.0
2025-12-20,wk inc flu hosp,3,2026-01-10,17,quantile,0.9,666.0
2025-12-20,wk inc flu hosp,3,2026-01-10,17,quantile,0.95,782.0
2025-12-20,wk inc flu hosp,3,2026-01-10,17,quantile,0.975,882.0
2025-12-20,wk inc flu hosp,3,2026-01-10,17,quantile,0.99,1002.0
2025-12-20,wk inc flu hosp,3,2026-01-10,18,quantile,0.01,13.0
2025-12-20,wk inc flu hosp,3,2026-01-10,18,quantile,0.025,16.0
2025-12-20,wk inc flu hosp,3,2026-01-10,18,quantile,0.05,20.0
2025-12-20,wk inc flu hosp,3,2026-01-10,18,quantile,0.1,24.0
2025-12-20,wk inc flu hosp,3,2026-01-10,18,quantile,0.15,28.0
2025-12-20,wk inc flu hosp,3,2026-01-10,18,quantile,0.2,32.0
2025-12-20,wk inc flu hosp,3,2026-01-10,18,quantile,0.25,54.0
2025-12-20,wk inc flu hosp,3,2026-01-10,18,quantile,0.3,76.0
2025-12-20,wk inc flu hosp,3,2026-01-10,18,quantile,0.35,99.0
2025-12-20,wk inc flu hosp,3,2026-01-10,18,quantile,0.4,120.0
2025-12-20,wk inc flu hosp,3,2026-01-10,18,quantile,0.45,140.0
2025-12-20,wk inc flu hosp,3,2026-01-10,18,quantile,0.5,162.0
2025-12-20,wk inc flu hosp,3,2026-01-10,18,quantile,0.55,184.0
2025-12-20,wk inc flu hosp,3,2026-01-10,18,quantile,0.6,211.0
2025-12-20,wk inc flu hosp,3,2026-01-10,18,quantile,0.65,232.0
2025-12-20,wk inc flu hosp,3,2026-01-10,18,quantile,0.7,256.0
2025-12-20,wk inc flu hosp,3,2026-01-10,18,quantile,0.75,280.0
2025-12-20,wk inc flu hosp,3,2026-01-10,18,quantile,0.8,309.0
2025-12-20,wk inc flu hosp,3,2026-01-10,18,quantile,0.85,341.0
2025-12-20,wk inc flu hosp,3,2026-01-10,18,quantile,0.9,385.0
2025-12-20,wk inc flu hosp,3,2026-01-10,18,quantile,0.95,446.0
2025-12-20,wk inc flu hosp,3,2026-01-10,18,quantile,0.975,514.0
2025-12-20,wk inc flu hosp,3,2026-01-10,18,quantile,0.99,583.0
2025-12-20,wk inc flu hosp,3,2026-01-10,19,quantile,0.01,0.0
2025-12-20,wk inc flu hosp,3,2026-01-10,19,quantile,0.025,0.0
2025-12-20,wk inc flu hosp,3,2026-01-10,19,quantile,0.05,1.0
2025-12-20,wk inc flu hosp,3,2026-01-10,19,quantile,0.1,1.0
2025-12-20,wk inc flu hosp,3,2026-01-10,19,quantile,0.15,2.0
2025-12-20,wk inc flu hosp,3,2026-01-10,19,quantile,0.2,6.0
2025-12-20,wk inc flu hosp,3,2026-01-10,19,quantile,0.25,12.0
2025-12-20,wk inc flu hosp,3,2026-01-10,19,quantile,0.3,16.0
2025-12-20,wk inc flu hosp,3,2026-01-10,19,quantile,0.35,21.0
2025-12-20,wk inc flu hosp,3,2026-01-10,19,quantile,0.4,26.0
2025-12-20,wk inc flu hosp,3,2026-01-10,19,quantile,0.45,30.0
2025-12-20,wk inc flu hosp,3,2026-01-10,19,quantile,0.5,35.0
2025-12-20,wk inc flu hosp,3,2026-01-10,19,quantile,0.55,39.0
2025-12-20,wk inc flu hosp,3,2026-01-10,19,quantile,0.6,44.0
2025-12-20,wk inc flu hosp,3,2026-01-10,19,quantile,0.65,50.0
2025-12-20,wk inc flu hosp,3,2026-01-10,19,quantile,0.7,55.0
2025-12-20,wk inc flu hosp,3,2026-01-10,19,quantile,0.75,61.0
2025-12-20,wk inc flu hosp,3,2026-01-10,19,quantile,0.8,67.0
2025-12-20,wk inc flu hosp,3,2026-01-10,19,quantile,0.85,75.0
2025-12-20,wk inc flu hosp,3,2026-01-10,19,quantile,0.9,86.0
2025-12-20,wk inc flu hosp,3,2026-01-10,19,quantile,0.95,104.0
2025-12-20,wk inc flu hosp,3,2026-01-10,19,quantile,0.975,118.0
2025-12-20,wk inc flu hosp,3,2026-01-10,19,quantile,0.99,132.0
2025-12-20,wk inc flu hosp,3,2026-01-10,20,quantile,0.01,4.0
2025-12-20,wk inc flu hosp,3,2026-01-10,20,quantile,0.025,4.0
2025-12-20,wk inc flu hosp,3,2026-01-10,20,quantile,0.05,6.0
2025-12-20,wk inc flu hosp,3,2026-01-10,20,quantile,0.1,7.0
2025-12-20,wk inc flu hosp,3,2026-01-10,20,quantile,0.15,8.0
2025-12-20,wk inc flu hosp,3,2026-01-10,20,quantile,0.2,17.0
2025-12-20,wk inc flu hosp,3,2026-01-10,20,quantile,0.25,23.0
2025-12-20,wk inc flu hosp,3,2026-01-10,20,quantile,0.3,30.0
2025-12-20,wk inc flu hosp,3,2026-01-10,20,quantile,0.35,36.0
2025-12-20,wk inc flu hosp,3,2026-01-10,20,quantile,0.4,41.0
2025-12-20,wk inc flu hosp,3,2026-01-10,20,quantile,0.45,46.0
2025-12-20,wk inc flu hosp,3,2026-01-10,20,quantile,0.5,52.0
2025-12-20,wk inc flu hosp,3,2026-01-10,20,quantile,0.55,59.0
2025-12-20,wk inc flu hosp,3,2026-01-10,20,quantile,0.6,66.0
2025-12-20,wk inc flu hosp,3,2026-01-10,20,quantile,0.65,71.0
2025-12-20,wk inc flu hosp,3,2026-01-10,20,quantile,0.7,79.0
2025-12-20,wk inc flu hosp,3,2026-01-10,20,quantile,0.75,88.0
2025-12-20,wk inc flu hosp,3,2026-01-10,20,quantile,0.8,97.0
2025-12-20,wk inc flu hosp,3,2026-01-10,20,quantile,0.85,105.0
2025-12-20,wk inc flu hosp,3,2026-01-10,20,quantile,0.9,121.0
2025-12-20,wk inc flu hosp,3,2026-01-10,20,quantile,0.95,141.0
2025-12-20,wk inc flu hosp,3,2026-01-10,20,quantile,0.975,163.0
2025-12-20,wk inc flu hosp,3,2026-01-10,20,quantile,0.99,187.0
2025-12-20,wk inc flu hosp,3,2026-01-10,21,quantile,0.01,17.0
2025-12-20,wk inc flu hosp,3,2026-01-10,21,quantile,0.025,20.0
2025-12-20,wk inc flu hosp,3,2026-01-10,21,quantile,0.05,23.0
2025-12-20,wk inc flu hosp,3,2026-01-10,21,quantile,0.1,27.0
2025-12-20,wk inc flu hosp,3,2026-01-10,21,quantile,0.15,38.0
2025-12-20,wk inc flu hosp,3,2026-01-10,21,quantile,0.2,53.0
2025-12-20,wk inc flu hosp,3,2026-01-10,21,quantile,0.25,69.0
2025-12-20,wk inc flu hosp,3,2026-01-10,21,quantile,0.3,81.0
2025-12-20,wk inc flu hosp,3,2026-01-10,21,quantile,0.35,94.0
2025-12-20,wk inc flu hosp,3,2026-01-10,21,quantile,0.4,107.0
2025-12-20,wk inc flu hosp,3,2026-01-10,21,quantile,0.45,121.0
2025-12-20,wk inc flu hosp,3,2026-01-10,21,quantile,0.5,135.0
2025-12-20,wk inc flu hosp,3,2026-01-10,21,quantile,0.55,149.0
2025-12-20,wk inc flu hosp,3,2026-01-10,21,quantile,0.6,164.0
2025-12-20,wk inc flu hosp,3,2026-01-10,21,quantile,0.65,176.0
2025-12-20,wk inc flu hosp,3,2026-01-10,21,quantile,0.7,196.0
2025-12-20,wk inc flu hosp,3,2026-01-10,21,quantile,0.75,219.0
2025-12-20,wk inc flu hosp,3,2026-01-10,21,quantile,0.8,240.0
2025-12-20,wk inc flu hosp,3,2026-01-10,21,quantile,0.85,264.0
2025-12-20,wk inc flu hosp,3,2026-01-10,21,quantile,0.9,303.0
2025-12-20,wk inc flu hosp,3,2026-01-10,21,quantile,0.95,360.0
2025-12-20,wk inc flu hosp,3,2026-01-10,21,quantile,0.975,409.0
2025-12-20,wk inc flu hosp,3,2026-01-10,21,quantile,0.99,448.0
2025-12-20,wk inc flu hosp,3,2026-01-10,22,quantile,0.01,22.0
2025-12-20,wk inc flu hosp,3,2026-01-10,22,quantile,0.025,27.0
2025-12-20,wk inc flu hosp,3,2026-01-10,22,quantile,0.05,40.0
2025-12-20,wk inc flu hosp,3,2026-01-10,22,quantile,0.1,68.0
2025-12-20,wk inc flu hosp,3,2026-01-10,22,quantile,0.15,95.0
2025-12-20,wk inc flu hosp,3,2026-01-10,22,quantile,0.2,112.0
2025-12-20,wk inc flu hosp,3,2026-01-10,22,quantile,0.25,131.0
2025-12-20,wk inc flu hosp,3,2026-01-10,22,quantile,0.3,148.0
2025-12-20,wk inc flu hosp,3,2026-01-10,22,quantile,0.35,163.0
2025-12-20,wk inc flu hosp,3,2026-01-10,22,quantile,0.4,179.0
2025-12-20,wk inc flu hosp,3,2026-01-10,22,quantile,0.45,193.0
2025-12-20,wk inc flu hosp,3,2026-01-10,22,quantile,0.5,205.0
2025-12-20,wk inc flu hosp,3,2026-01-10,22,quantile,0.55,218.0
2025-12-20,wk inc flu hosp,3,2026-01-10,22,quantile,0.6,231.0
2025-12-20,wk inc flu hosp,3,2026-01-10,22,quantile,0.65,249.0
2025-12-20,wk inc flu hosp,3,2026-01-10,22,quantile,0.7,265.0
2025-12-20,wk inc flu hosp,3,2026-01-10,22,quantile,0.75,282.0
2025-12-20,wk inc flu hosp,3,2026-01-10,22,quantile,0.8,301.0
2025-12-20,wk inc flu hosp,3,2026-01-10,22,quantile,0.85,322.0
2025-12-20,wk inc flu hosp,3,2026-01-10,22,quantile,0.9,354.0
2025-12-20,wk inc flu hosp,3,2026-01-10,22,quantile,0.95,404.0
2025-12-20,wk inc flu hosp,3,2026-01-10,22,quantile,0.975,444.0
2025-12-20,wk inc flu hosp,3,2026-01-10,22,quantile,0.99,498.0
2025-12-20,wk inc flu hosp,3,2026-01-10,23,quantile,0.01,0.0
2025-12-20,wk inc flu hosp,3,2026-01-10,23,quantile,0.025,0.0
2025-12-20,wk inc flu hosp,3,2026-01-10,23,quantile,0.05,0.0
2025-12-20,wk inc flu hosp,3,2026-01-10,23,quantile,0.1,0.0
2025-12-20,wk inc flu hosp,3,2026-01-10,23,quantile,0.15,1.0
2025-12-20,wk inc flu hosp,3,2026-01-10,23,quantile,0.2,1.0
2025-12-20,wk inc flu hosp,3,2026-01-10,23,quantile,0.25,3.0
2025-12-20,wk inc flu hosp,3,2026-01-10,23,quantile,0.3,4.0
2025-12-20,wk inc flu hosp,3,2026-01-10,23,quantile,0.35,6.0
2025-12-20,wk inc flu hosp,3,2026-01-10,23,quantile,0.4,8.0
2025-12-20,wk inc flu hosp,3,2026-01-10,23,quantile,0.45,10.0
2025-12-20,wk inc flu hosp,3,2026-01-10,23,quantile,0.5,13.0
2025-12-20,wk inc flu hosp,3,2026-01-10,23,quantile,0.55,15.0
2025-12-20,wk inc flu hosp,3,2026-01-10,23,quantile,0.6,17.0
2025-12-20,wk inc flu hosp,3,2026-01-10,23,quantile,0.65,19.0
2025-12-20,wk inc flu hosp,3,2026-01-10,23,quantile,0.7,21.0
2025-12-20,wk inc flu hosp,3,2026-01-10,23,quantile,0.75,24.0
2025-12-20,wk inc flu hosp,3,2026-01-10,23,quantile,0.8,27.0
2025-12-20,wk inc flu hosp,3,2026-01-10,23,quantile,0.85,31.0
2025-12-20,wk inc flu hosp,3,2026-01-10,23,quantile,0.9,35.0
2025-12-20,wk inc flu hosp,3,2026-01-10,23,quantile,0.95,41.0
2025-12-20,wk inc flu hosp,3,2026-01-10,23,quantile,0.975,47.0
2025-12-20,wk inc flu hosp,3,2026-01-10,23,quantile,0.99,52.0
2025-12-20,wk inc flu hosp,3,2026-01-10,24,quantile,0.01,39.0
2025-12-20,wk inc flu hosp,3,2026-01-10,24,quantile,0.025,45.0
2025-12-20,wk inc flu hosp,3,2026-01-10,24,quantile,0.05,51.0
2025-12-20,wk inc flu hosp,3,2026-01-10,24,quantile,0.1,92.0
2025-12-20,wk inc flu hosp,3,2026-01-10,24,quantile,0.15,130.0
2025-12-20,wk inc flu hosp,3,2026-01-10,24,quantile,0.2,163.0
2025-12-20,wk inc flu hosp,3,2026-01-10,24,quantile,0.25,185.0
2025-12-20,wk inc flu hosp,3,2026-01-10,24,quantile,0.3,209.0
2025-12-20,wk inc flu hosp,3,2026-01-10,24,quantile,0.35,229.0
2025-12-20,wk inc flu hosp,3,2026-01-10,24,quantile,0.4,250.0
2025-12-20,wk inc flu hosp,3,2026-01-10,24,quantile,0.45,272.0
2025-12-20,wk inc flu hosp,3,2026-01-10,24,quantile,0.5,294.0
2025-12-20,wk inc flu hosp,3,2026-01-10,24,quantile,0.55,312.0
2025-12-20,wk inc flu hosp,3,2026-01-10,24,quantile,0.6,331.0
2025-12-20,wk inc flu hosp,3,2026-01-10,24,quantile,0.65,355.0
2025-12-20,wk inc flu hosp,3,2026-01-10,24,quantile,0.7,380.0
2025-12-20,wk inc flu hosp,3,2026-01-10,24,quantile,0.75,406.0
2025-12-20,wk inc flu hosp,3,2026-01-10,24,quantile,0.8,434.0
2025-12-20,wk inc flu hosp,3,2026-01-10,24,quantile,0.85,470.0
2025-12-20,wk inc flu hosp,3,2026-01-10,24,quantile,0.9,519.0
2025-12-20,wk inc flu hosp,3,2026-01-10,24,quantile,0.95,600.0
2025-12-20,wk inc flu hosp,3,2026-01-10,24,quantile,0.975,665.0
2025-12-20,wk inc flu hosp,3,2026-01-10,24,quantile,0.99,732.0
2025-12-20,wk inc flu hosp,3,2026-01-10,25,quantile,0.01,44.0
2025-12-20,wk inc flu hosp,3,2026-01-10,25,quantile,0.025,54.0
2025-12-20,wk inc flu hosp,3,2026-01-10,25,quantile,0.05,72.0
2025-12-20,wk inc flu hosp,3,2026-01-10,25,quantile,0.1,109.0
2025-12-20,wk inc flu hosp,3,2026-01-10,25,quantile,0.15,137.0
2025-12-20,wk inc flu hosp,3,2026-01-10,25,quantile,0.2,160.0
2025-12-20,wk inc flu hosp,3,2026-01-10,25,quantile,0.25,178.0
2025-12-20,wk inc flu hosp,3,2026-01-10,25,quantile,0.3,199.0
2025-12-20,wk inc flu hosp,3,2026-01-10,25,quantile,0.35,218.0
2025-12-20,wk inc flu hosp,3,2026-01-10,25,quantile,0.4,233.0
2025-12-20,wk inc flu hosp,3,2026-01-10,25,quantile,0.45,254.0
2025-12-20,wk inc flu hosp,3,2026-01-10,25,quantile,0.5,270.0
2025-12-20,wk inc flu hosp,3,2026-01-10,25,quantile,0.55,284.0
2025-12-20,wk inc flu hosp,3,2026-01-10,25,quantile,0.6,300.0
2025-12-20,wk inc flu hosp,3,2026-01-10,25,quantile,0.65,319.0
2025-12-20,wk inc flu hosp,3,2026-01-10,25,quantile,0.7,342.0
2025-12-20,wk inc flu hosp,3,2026-01-10,25,quantile,0.75,367.0
2025-12-20,wk inc flu hosp,3,2026-01-10,25,quantile,0.8,395.0
2025-12-20,wk inc flu hosp,3,2026-01-10,25,quantile,0.85,423.0
2025-12-20,wk inc flu hosp,3,2026-01-10,25,quantile,0.9,462.0
2025-12-20,wk inc flu hosp,3,2026-01-10,25,quantile,0.95,533.0
2025-12-20,wk inc flu hosp,3,2026-01-10,25,quantile,0.975,602.0
2025-12-20,wk inc flu hosp,3,2026-01-10,25,quantile,0.99,654.0
2025-12-20,wk inc flu hosp,3,2026-01-10,26,quantile,0.01,29.0
2025-12-20,wk inc flu hosp,3,2026-01-10,26,quantile,0.025,34.0
2025-12-20,wk inc flu hosp,3,2026-01-10,26,quantile,0.05,42.0
2025-12-20,wk inc flu hosp,3,2026-01-10,26,quantile,0.1,51.0
2025-12-20,wk inc flu hosp,3,2026-01-10,26,quantile,0.15,85.0
2025-12-20,wk inc flu hosp,3,2026-01-10,26,quantile,0.2,111.0
2025-12-20,wk inc flu hosp,3,2026-01-10,26,quantile,0.25,141.0
2025-12-20,wk inc flu hosp,3,2026-01-10,26,quantile,0.3,167.0
2025-12-20,wk inc flu hosp,3,2026-01-10,26,quantile,0.35,190.0
2025-12-20,wk inc flu hosp,3,2026-01-10,26,quantile,0.4,212.0
2025-12-20,wk inc flu hosp,3,2026-01-10,26,quantile,0.45,232.0
2025-12-20,wk inc flu hosp,3,2026-01-10,26,quantile,0.5,253.0
2025-12-20,wk inc flu hosp,3,2026-01-10,26,quantile,0.55,276.0
2025-12-20,wk inc flu hosp,3,2026-01-10,26,quantile,0.6,303.0
2025-12-20,wk inc flu hosp,3,2026-01-10,26,quantile,0.65,336.0
2025-12-20,wk inc flu hosp,3,2026-01-10,26,quantile,0.7,363.0
2025-12-20,wk inc flu hosp,3,2026-01-10,26,quantile,0.75,393.0
2025-12-20,wk inc flu hosp,3,2026-01-10,26,quantile,0.8,423.0
2025-12-20,wk inc flu hosp,3,2026-01-10,26,quantile,0.85,467.0
2025-12-20,wk inc flu hosp,3,2026-01-10,26,quantile,0.9,521.0
2025-12-20,wk inc flu hosp,3,2026-01-10,26,quantile,0.95,584.0
2025-12-20,wk inc flu hosp,3,2026-01-10,26,quantile,0.975,659.0
2025-12-20,wk inc flu hosp,3,2026-01-10,26,quantile,0.99,746.0
2025-12-20,wk inc flu hosp,3,2026-01-10,27,quantile,0.01,28.0
2025-12-20,wk inc flu hosp,3,2026-01-10,27,quantile,0.025,38.0
2025-12-20,wk inc flu hosp,3,2026-01-10,27,quantile,0.05,42.0
2025-12-20,wk inc flu hosp,3,2026-01-10,27,quantile,0.1,56.0
2025-12-20,wk inc flu hosp,3,2026-01-10,27,quantile,0.15,97.0
2025-12-20,wk inc flu hosp,3,2026-01-10,27,quantile,0.2,128.0
2025-12-20,wk inc flu hosp,3,2026-01-10,27,quantile,0.25,156.0
2025-12-20,wk inc flu hosp,3,2026-01-10,27,quantile,0.3,180.0
2025-12-20,wk inc flu hosp,3,2026-01-10,27,quantile,0.35,203.0
2025-12-20,wk inc flu hosp,3,2026-01-10,27,quantile,0.4,225.0
2025-12-20,wk inc flu hosp,3,2026-01-10,27,quantile,0.45,250.0
2025-12-20,wk inc flu hosp,3,2026-01-10,27,quantile,0.5,276.0
2025-12-20,wk inc flu hosp,3,2026-01-10,27,quantile,0.55,301.0
2025-12-20,wk inc flu hosp,3,2026-01-10,27,quantile,0.6,326.0
2025-12-20,wk inc flu hosp,3,2026-01-10,27,quantile,0.65,350.0
2025-12-20,wk inc flu hosp,3,2026-01-10,27,quantile,0.7,381.0
2025-12-20,wk inc flu hosp,3,2026-01-10,27,quantile,0.75,414.0
2025-12-20,wk inc flu hosp,3,2026-01-10,27,quantile,0.8,453.0
2025-12-20,wk inc flu hosp,3,2026-01-10,27,quantile,0.85,493.0
2025-12-20,wk inc flu hosp,3,2026-01-10,27,quantile,0.9,533.0
2025-12-20,wk inc flu hosp,3,2026-01-10,27,quantile,0.95,609.0
2025-12-20,wk inc flu hosp,3,2026-01-10,27,quantile,0.975,685.0
2025-12-20,wk inc flu hosp,3,2026-01-10,27,quantile,0.99,758.0
2025-12-20,wk inc flu hosp,3,2026-01-10,28,quantile,0.01,0.0
2025-12-20,wk inc flu hosp,3,2026-01-10,28,quantile,0.025,0.0
2025-12-20,wk inc flu hosp,3,2026-01-10,28,quantile,0.05,0.0
2025-12-20,wk inc flu hosp,3,2026-01-10,28,quantile,0.1,0.0
2025-12-20,wk inc flu hosp,3,2026-01-10,28,quantile,0.15,1.0
2025-12-20,wk inc flu hosp,3,2026-01-10,28,quantile,0.2,1.0
2025-12-20,wk inc flu hosp,3,2026-01-10,28,quantile,0.25,2.0
2025-12-20,wk inc flu hosp,3,2026-01-10,28,quantile,0.3,7.0
2025-12-20,wk inc flu hosp,3,2026-01-10,28,quantile,0.35,15.0
2025-12-20,wk inc flu hosp,3,2026-01-10,28,quantile,0.4,23.0
2025-12-20,wk inc flu hosp,3,2026-01-10,28,quantile,0.45,31.0
2025-12-20,wk inc flu hosp,3,2026-01-10,28,quantile,0.5,40.0
2025-12-20,wk inc flu hosp,3,2026-01-10,28,quantile,0.55,47.0
2025-12-20,wk inc flu hosp,3,2026-01-10,28,quantile,0.6,57.0
2025-12-20,wk inc flu hosp,3,2026-01-10,28,quantile,0.65,66.0
2025-12-20,wk inc flu hosp,3,2026-01-10,28,quantile,0.7,77.0
2025-12-20,wk inc flu hosp,3,2026-01-10,28,quantile,0.75,88.0
2025-12-20,wk inc flu hosp,3,2026-01-10,28,quantile,0.8,102.0
2025-12-20,wk inc flu hosp,3,2026-01-10,28,quantile,0.85,122.0
2025-12-20,wk inc flu hosp,3,2026-01-10,28,quantile,0.9,150.0
2025-12-20,wk inc flu hosp,3,2026-01-10,28,quantile,0.95,175.0
2025-12-20,wk inc flu hosp,3,2026-01-10,28,quantile,0.975,201.0
2025-12-20,wk inc flu hosp,3,2026-01-10,28,quantile,0.99,229.0
2025-12-20,wk inc flu hosp,3,2026-01-10,30,quantile,0.01,2.0
2025-12-20,wk inc flu hosp,3,2026-01-10,30,quantile,0.025,2.0
2025-12-20,wk inc flu hosp,3,2026-01-10,30,quantile,0.05,3.0
2025-12-20,wk inc flu hosp,3,2026-01-10,30,quantile,0.1,4.0
2025-12-20,wk inc flu hosp,3,2026-01-10,30,quantile,0.15,4.0
2025-12-20,wk inc flu hosp,3,2026-01-10,30,quantile,0.2,8.0
2025-12-20,wk inc flu hosp,3,2026-01-10,30,quantile,0.25,11.0
2025-12-20,wk inc flu hosp,3,2026-01-10,30,quantile,0.3,15.0
2025-12-20,wk inc flu hosp,3,2026-01-10,30,quantile,0.35,18.0
2025-12-20,wk inc flu hosp,3,2026-01-10,30,quantile,0.4,20.0
2025-12-20,wk inc flu hosp,3,2026-01-10,30,quantile,0.45,22.0
2025-12-20,wk inc flu hosp,3,2026-01-10,30,quantile,0.5,25.0
2025-12-20,wk inc flu hosp,3,2026-01-10,30,quantile,0.55,28.0
2025-12-20,wk inc flu hosp,3,2026-01-10,30,quantile,0.6,31.0
2025-12-20,wk inc flu hosp,3,2026-01-10,30,quantile,0.65,34.0
2025-12-20,wk inc flu hosp,3,2026-01-10,30,quantile,0.7,37.0
2025-12-20,wk inc flu hosp,3,2026-01-10,30,quantile,0.75,41.0
2025-12-20,wk inc flu hosp,3,2026-01-10,30,quantile,0.8,45.0
2025-12-20,wk inc flu hosp,3,2026-01-10,30,quantile,0.85,50.0
2025-12-20,wk inc flu hosp,3,2026-01-10,30,quantile,0.9,58.0
2025-12-20,wk inc flu hosp,3,2026-01-10,30,quantile,0.95,66.0
2025-12-20,wk inc flu hosp,3,2026-01-10,30,quantile,0.975,73.0
2025-12-20,wk inc flu hosp,3,2026-01-10,30,quantile,0.99,80.0
2025-12-20,wk inc flu hosp,3,2026-01-10,31,quantile,0.01,1.0
2025-12-20,wk inc flu hosp,3,2026-01-10,31,quantile,0.025,2.0
2025-12-20,wk inc flu hosp,3,2026-01-10,31,quantile,0.05,2.0
2025-12-20,wk inc flu hosp,3,2026-01-10,31,quantile,0.1,2.0
2025-12-20,wk inc flu hosp,3,2026-01-10,31,quantile,0.15,3.0
2025-12-20,wk inc flu hosp,3,2026-01-10,31,quantile,0.2,6.0
2025-12-20,wk inc flu hosp,3,2026-01-10,31,quantile,0.25,9.0
2025-12-20,wk inc flu hosp,3,2026-01-10,31,quantile,0.3,12.0
2025-12-20,wk inc flu hosp,3,2026-01-10,31,quantile,0.35,15.0
2025-12-20,wk inc flu hosp,3,2026-01-10,31,quantile,0.4,18.0
2025-12-20,wk inc flu hosp,3,2026-01-10,31,quantile,0.45,21.0
2025-12-20,wk inc flu hosp,3,2026-01-10,31,quantile,0.5,24.0
2025-12-20,wk inc flu hosp,3,2026-01-10,31,quantile,0.55,27.0
2025-12-20,wk inc flu hosp,3,2026-01-10,31,quantile,0.6,30.0
2025-12-20,wk inc flu hosp,3,2026-01-10,31,quantile,0.65,34.0
2025-12-20,wk inc flu hosp,3,2026-01-10,31,quantile,0.7,37.0
2025-12-20,wk inc flu hosp,3,2026-01-10,31,quantile,0.75,41.0
2025-12-20,wk inc flu hosp,3,2026-01-10,31,quantile,0.8,45.0
2025-12-20,wk inc flu hosp,3,2026-01-10,31,quantile,0.85,49.0
2025-12-20,wk inc flu hosp,3,2026-01-10,31,quantile,0.9,57.0
2025-12-20,wk inc flu hosp,3,2026-01-10,31,quantile,0.95,67.0
2025-12-20,wk inc flu hosp,3,2026-01-10,31,quantile,0.975,75.0
2025-12-20,wk inc flu hosp,3,2026-01-10,31,quantile,0.99,83.0
2025-12-20,wk inc flu hosp,3,2026-01-10,32,quantile,0.01,5.0
2025-12-20,wk inc flu hosp,3,2026-01-10,32,quantile,0.025,6.0
2025-12-20,wk inc flu hosp,3,2026-01-10,32,quantile,0.05,8.0
2025-12-20,wk inc flu hosp,3,2026-01-10,32,quantile,0.1,10.0
2025-12-20,wk inc flu hosp,3,2026-01-10,32,quantile,0.15,15.0
2025-12-20,wk inc flu hosp,3,2026-01-10,32,quantile,0.2,23.0
2025-12-20,wk inc flu hosp,3,2026-01-10,32,quantile,0.25,29.0
2025-12-20,wk inc flu hosp,3,2026-01-10,32,quantile,0.3,34.0
2025-12-20,wk inc flu hosp,3,2026-01-10,32,quantile,0.35,40.0
2025-12-20,wk inc flu hosp,3,2026-01-10,32,quantile,0.4,46.0
2025-12-20,wk inc flu hosp,3,2026-01-10,32,quantile,0.45,51.0
2025-12-20,wk inc flu hosp,3,2026-01-10,32,quantile,0.5,57.0
2025-12-20,wk inc flu hosp,3,2026-01-10,32,quantile,0.55,62.0
2025-12-20,wk inc flu hosp,3,2026-01-10,32,quantile,0.6,67.0
2025-12-20,wk inc flu hosp,3,2026-01-10,32,quantile,0.65,73.0
2025-12-20,wk inc flu hosp,3,2026-01-10,32,quantile,0.7,80.0
2025-12-20,wk inc flu hosp,3,2026-01-10,32,quantile,0.75,88.0
2025-12-20,wk inc flu hosp,3,2026-01-10,32,quantile,0.8,97.0
2025-12-20,wk inc flu hosp,3,2026-01-10,32,quantile,0.85,107.0
2025-12-20,wk inc flu hosp,3,2026-01-10,32,quantile,0.9,116.0
2025-12-20,wk inc flu hosp,3,2026-01-10,32,quantile,0.95,135.0
2025-12-20,wk inc flu hosp,3,2026-01-10,32,quantile,0.975,153.0
2025-12-20,wk inc flu hosp,3,2026-01-10,32,quantile,0.99,171.0
2025-12-20,wk inc flu hosp,3,2026-01-10,33,quantile,0.01,4.0
2025-12-20,wk inc flu hosp,3,2026-01-10,33,quantile,0.025,5.0
2025-12-20,wk inc flu hosp,3,2026-01-10,33,quantile,0.05,6.0
2025-12-20,wk inc flu hosp,3,2026-01-10,33,quantile,0.1,9.0
2025-12-20,wk inc flu hosp,3,2026-01-10,33,quantile,0.15,13.0
2025-12-20,wk inc flu hosp,3,2026-01-10,33,quantile,0.2,17.0
2025-12-20,wk inc flu hosp,3,2026-01-10,33,quantile,0.25,20.0
2025-12-20,wk inc flu hosp,3,2026-01-10,33,quantile,0.3,24.0
2025-12-20,wk inc flu hosp,3,2026-01-10,33,quantile,0.35,26.0
2025-12-20,wk inc flu hosp,3,2026-01-10,33,quantile,0.4,30.0
2025-12-20,wk inc flu hosp,3,2026-01-10,33,quantile,0.45,33.0
2025-12-20,wk inc flu hosp,3,2026-01-10,33,quantile,0.5,36.0
2025-12-20,wk inc flu hosp,3,2026-01-10,33,quantile,0.55,39.0
2025-12-20,wk inc flu hosp,3,2026-01-10,33,quantile,0.6,42.0
2025-12-20,wk inc flu hosp,3,2026-01-10,33,quantile,0.65,45.0
2025-12-20,wk inc flu hosp,3,2026-01-10,33,quantile,0.7,49.0
2025-12-20,wk inc flu hosp,3,2026-01-10,33,quantile,0.75,53.0
2025-12-20,wk inc flu hosp,3,2026-01-10,33,quantile,0.8,58.0
2025-12-20,wk inc flu hosp,3,2026-01-10,33,quantile,0.85,63.0
2025-12-20,wk inc flu hosp,3,2026-01-10,33,quantile,0.9,69.0
2025-12-20,wk inc flu hosp,3,2026-01-10,33,quantile,0.95,82.0
2025-12-20,wk inc flu hosp,3,2026-01-10,33,quantile,0.975,90.0
2025-12-20,wk inc flu hosp,3,2026-01-10,33,quantile,0.99,100.0
2025-12-20,wk inc flu hosp,3,2026-01-10,34,quantile,0.01,87.0
2025-12-20,wk inc flu hosp,3,2026-01-10,34,quantile,0.025,154.0
2025-12-20,wk inc flu hosp,3,2026-01-10,34,quantile,0.05,203.0
2025-12-20,wk inc flu hosp,3,2026-01-10,34,quantile,0.1,270.0
2025-12-20,wk inc flu hosp,3,2026-01-10,34,quantile,0.15,327.0
2025-12-20,wk inc flu hosp,3,2026-01-10,34,quantile,0.2,376.0
2025-12-20,wk inc flu hosp,3,2026-01-10,34,quantile,0.25,414.0
2025-12-20,wk inc flu hosp,3,2026-01-10,34,quantile,0.3,450.0
2025-12-20,wk inc flu hosp,3,2026-01-10,34,quantile,0.35,480.0
2025-12-20,wk inc flu hosp,3,2026-01-10,34,quantile,0.4,511.0
2025-12-20,wk inc flu hosp,3,2026-01-10,34,quantile,0.45,541.0
2025-12-20,wk inc flu hosp,3,2026-01-10,34,quantile,0.5,575.0
2025-12-20,wk inc flu hosp,3,2026-01-10,34,quantile,0.55,606.0
2025-12-20,wk inc flu hosp,3,2026-01-10,34,quantile,0.6,647.0
2025-12-20,wk inc flu hosp,3,2026-01-10,34,quantile,0.65,686.0
2025-12-20,wk inc flu hosp,3,2026-01-10,34,quantile,0.7,721.0
2025-12-20,wk inc flu hosp,3,2026-01-10,34,quantile,0.75,761.0
2025-12-20,wk inc flu hosp,3,2026-01-10,34,quantile,0.8,809.0
2025-12-20,wk inc flu hosp,3,2026-01-10,34,quantile,0.85,863.0
2025-12-20,wk inc flu hosp,3,2026-01-10,34,quantile,0.9,932.0
2025-12-20,wk inc flu hosp,3,2026-01-10,34,quantile,0.95,1057.0
2025-12-20,wk inc flu hosp,3,2026-01-10,34,quantile,0.975,1178.0
2025-12-20,wk inc flu hosp,3,2026-01-10,34,quantile,0.99,1291.0
2025-12-20,wk inc flu hosp,3,2026-01-10,35,quantile,0.01,4.0
2025-12-20,wk inc flu hosp,3,2026-01-10,35,quantile,0.025,4.0
2025-12-20,wk inc flu hosp,3,2026-01-10,35,quantile,0.05,6.0
2025-12-20,wk inc flu hosp,3,2026-01-10,35,quantile,0.1,7.0
2025-12-20,wk inc flu hosp,3,2026-01-10,35,quantile,0.15,8.0
2025-12-20,wk inc flu hosp,3,2026-01-10,35,quantile,0.2,9.0
2025-12-20,wk inc flu hosp,3,2026-01-10,35,quantile,0.25,14.0
2025-12-20,wk inc flu hosp,3,2026-01-10,35,quantile,0.3,19.0
2025-12-20,wk inc flu hosp,3,2026-01-10,35,quantile,0.35,24.0
2025-12-20,wk inc flu hosp,3,2026-01-10,35,quantile,0.4,30.0
2025-12-20,wk inc flu hosp,3,2026-01-10,35,quantile,0.45,36.0
2025-12-20,wk inc flu hosp,3,2026-01-10,35,quantile,0.5,43.0
2025-12-20,wk inc flu hosp,3,2026-01-10,35,quantile,0.55,47.0
2025-12-20,wk inc flu hosp,3,2026-01-10,35,quantile,0.6,53.0
2025-12-20,wk inc flu hosp,3,2026-01-10,35,quantile,0.65,59.0
2025-12-20,wk inc flu hosp,3,2026-01-10,35,quantile,0.7,65.0
2025-12-20,wk inc flu hosp,3,2026-01-10,35,quantile,0.75,73.0
2025-12-20,wk inc flu hosp,3,2026-01-10,35,quantile,0.8,81.0
2025-12-20,wk inc flu hosp,3,2026-01-10,35,quantile,0.85,91.0
2025-12-20,wk inc flu hosp,3,2026-01-10,35,quantile,0.9,104.0
2025-12-20,wk inc flu hosp,3,2026-01-10,35,quantile,0.95,120.0
2025-12-20,wk inc flu hosp,3,2026-01-10,35,quantile,0.975,135.0
2025-12-20,wk inc flu hosp,3,2026-01-10,35,quantile,0.99,155.0
2025-12-20,wk inc flu hosp,3,2026-01-10,36,quantile,0.01,408.0
2025-12-20,wk inc flu hosp,3,2026-01-10,36,quantile,0.025,520.0
2025-12-20,wk inc flu hosp,3,2026-01-10,36,quantile,0.05,619.0
2025-12-20,wk inc flu hosp,3,2026-01-10,36,quantile,0.1,814.0
2025-12-20,wk inc flu hosp,3,2026-01-10,36,quantile,0.15,926.0
2025-12-20,wk inc flu hosp,3,2026-01-10,36,quantile,0.2,1046.0
2025-12-20,wk inc flu hosp,3,2026-01-10,36,quantile,0.25,1113.0
2025-12-20,wk inc flu hosp,3,2026-01-10,36,quantile,0.3,1184.0
2025-12-20,wk inc flu hosp,3,2026-01-10,36,quantile,0.35,1266.0
2025-12-20,wk inc flu hosp,3,2026-01-10,36,quantile,0.4,1336.0
2025-12-20,wk inc flu hosp,3,2026-01-10,36,quantile,0.45,1399.0
2025-12-20,wk inc flu hosp,3,2026-01-10,36,quantile,0.5,1474.0
2025-12-20,wk inc flu hosp,3,2026-01-10,36,quantile,0.55,1542.0
2025-12-20,wk inc flu hosp,3,2026-01-10,36,quantile,0.6,1614.0
2025-12-20,wk inc flu hosp,3,2026-01-10,36,quantile,0.65,1703.0
2025-12-20,wk inc flu hosp,3,2026-01-10,36,quantile,0.7,1796.0
2025-12-20,wk inc flu hosp,3,2026-01-10,36,quantile,0.75,1899.0
2025-12-20,wk inc flu hosp,3,2026-01-10,36,quantile,0.8,2005.0
2025-12-20,wk inc flu hosp,3,2026-01-10,36,quantile,0.85,2155.0
2025-12-20,wk inc flu hosp,3,2026-01-10,36,quantile,0.9,2324.0
2025-12-20,wk inc flu hosp,3,2026-01-10,36,quantile,0.95,2636.0
2025-12-20,wk inc flu hosp,3,2026-01-10,36,quantile,0.975,2990.0
2025-12-20,wk inc flu hosp,3,2026-01-10,36,quantile,0.99,3305.0
2025-12-20,wk inc flu hosp,3,2026-01-10,37,quantile,0.01,79.0
2025-12-20,wk inc flu hosp,3,2026-01-10,37,quantile,0.025,97.0
2025-12-20,wk inc flu hosp,3,2026-01-10,37,quantile,0.05,107.0
2025-12-20,wk inc flu hosp,3,2026-01-10,37,quantile,0.1,135.0
2025-12-20,wk inc flu hosp,3,2026-01-10,37,quantile,0.15,203.0
2025-12-20,wk inc flu hosp,3,2026-01-10,37,quantile,0.2,259.0
2025-12-20,wk inc flu hosp,3,2026-01-10,37,quantile,0.25,316.0
2025-12-20,wk inc flu hosp,3,2026-01-10,37,quantile,0.3,366.0
2025-12-20,wk inc flu hosp,3,2026-01-10,37,quantile,0.35,410.0
2025-12-20,wk inc flu hosp,3,2026-01-10,37,quantile,0.4,462.0
2025-12-20,wk inc flu hosp,3,2026-01-10,37,quantile,0.45,507.0
2025-12-20,wk inc flu hosp,3,2026-01-10,37,quantile,0.5,553.0
2025-12-20,wk inc flu hosp,3,2026-01-10,37,quantile,0.55,597.0
2025-12-20,wk inc flu hosp,3,2026-01-10,37,quantile,0.6,640.0
2025-12-20,wk inc flu hosp,3,2026-01-10,37,quantile,0.65,697.0
2025-12-20,wk inc flu hosp,3,2026-01-10,37,quantile,0.7,751.0
2025-12-20,wk inc flu hosp,3,2026-01-10,37,quantile,0.75,803.0
2025-12-20,wk inc flu hosp,3,2026-01-10,37,quantile,0.8,883.0
2025-12-20,wk inc flu hosp,3,2026-01-10,37,quantile,0.85,978.0
2025-12-20,wk inc flu hosp,3,2026-01-10,37,quantile,0.9,1081.0
2025-12-20,wk inc flu hosp,3,2026-01-10,37,quantile,0.95,1268.0
2025-12-20,wk inc flu hosp,3,2026-01-10,37,quantile,0.975,1415.0
2025-12-20,wk inc flu hosp,3,2026-01-10,37,quantile,0.99,1570.0
2025-12-20,wk inc flu hosp,3,2026-01-10,38,quantile,0.01,0.0
2025-12-20,wk inc flu hosp,3,2026-01-10,38,quantile,0.025,1.0
2025-12-20,wk inc flu hosp,3,2026-01-10,38,quantile,0.05,2.0
2025-12-20,wk inc flu hosp,3,2026-01-10,38,quantile,0.1,2.0
2025-12-20,wk inc flu hosp,3,2026-01-10,38,quantile,0.15,4.0
2025-12-20,wk inc flu hosp,3,2026-01-10,38,quantile,0.2,6.0
2025-12-20,wk inc flu hosp,3,2026-01-10,38,quantile,0.25,8.0
2025-12-20,wk inc flu hosp,3,2026-01-10,38,quantile,0.3,10.0
2025-12-20,wk inc flu hosp,3,2026-01-10,38,quantile,0.35,12.0
2025-12-20,wk inc flu hosp,3,2026-01-10,38,quantile,0.4,14.0
2025-12-20,wk inc flu hosp,3,2026-01-10,38,quantile,0.45,16.0
2025-12-20,wk inc flu hosp,3,2026-01-10,38,quantile,0.5,17.0
2025-12-20,wk inc flu hosp,3,2026-01-10,38,quantile,0.55,19.0
2025-12-20,wk inc flu hosp,3,2026-01-10,38,quantile,0.6,21.0
2025-12-20,wk inc flu hosp,3,2026-01-10,38,quantile,0.65,23.0
2025-12-20,wk inc flu hosp,3,2026-01-10,38,quantile,0.7,25.0
2025-12-20,wk inc flu hosp,3,2026-01-10,38,quantile,0.75,28.0
2025-12-20,wk inc flu hosp,3,2026-01-10,38,quantile,0.8,31.0
2025-12-20,wk inc flu hosp,3,2026-01-10,38,quantile,0.85,35.0
2025-12-20,wk inc flu hosp,3,2026-01-10,38,quantile,0.9,38.0
2025-12-20,wk inc flu hosp,3,2026-01-10,38,quantile,0.95,44.0
2025-12-20,wk inc flu hosp,3,2026-01-10,38,quantile,0.975,51.0
2025-12-20,wk inc flu hosp,3,2026-01-10,38,quantile,0.99,57.0
2025-12-20,wk inc flu hosp,3,2026-01-10,39,quantile,0.01,46.0
2025-12-20,wk inc flu hosp,3,2026-01-10,39,quantile,0.025,52.0
2025-12-20,wk inc flu hosp,3,2026-01-10,39,quantile,0.05,61.0
2025-12-20,wk inc flu hosp,3,2026-01-10,39,quantile,0.1,73.0
2025-12-20,wk inc flu hosp,3,2026-01-10,39,quantile,0.15,107.0
2025-12-20,wk inc flu hosp,3,2026-01-10,39,quantile,0.2,137.0
2025-12-20,wk inc flu hosp,3,2026-01-10,39,quantile,0.25,162.0
2025-12-20,wk inc flu hosp,3,2026-01-10,39,quantile,0.3,191.0
2025-12-20,wk inc flu hosp,3,2026-01-10,39,quantile,0.35,214.0
2025-12-20,wk inc flu hosp,3,2026-01-10,39,quantile,0.4,238.0
2025-12-20,wk inc flu hosp,3,2026-01-10,39,quantile,0.45,258.0
2025-12-20,wk inc flu hosp,3,2026-01-10,39,quantile,0.5,282.0
2025-12-20,wk inc flu hosp,3,2026-01-10,39,quantile,0.55,306.0
2025-12-20,wk inc flu hosp,3,2026-01-10,39,quantile,0.6,331.0
2025-12-20,wk inc flu hosp,3,2026-01-10,39,quantile,0.65,356.0
2025-12-20,wk inc flu hosp,3,2026-01-10,39,quantile,0.7,391.0
2025-12-20,wk inc flu hosp,3,2026-01-10,39,quantile,0.75,426.0
2025-12-20,wk inc flu hosp,3,2026-01-10,39,quantile,0.8,457.0
2025-12-20,wk inc flu hosp,3,2026-01-10,39,quantile,0.85,505.0
2025-12-20,wk inc flu hosp,3,2026-01-10,39,quantile,0.9,556.0
2025-12-20,wk inc flu hosp,3,2026-01-10,39,quantile,0.95,653.0
2025-12-20,wk inc flu hosp,3,2026-01-10,39,quantile,0.975,740.0
2025-12-20,wk inc flu hosp,3,2026-01-10,39,quantile,0.99,818.0
2025-12-20,wk inc flu hosp,3,2026-01-10,40,quantile,0.01,8.0
2025-12-20,wk inc flu hosp,3,2026-01-10,40,quantile,0.025,11.0
2025-12-20,wk inc flu hosp,3,2026-01-10,40,quantile,0.05,15.0
2025-12-20,wk inc flu hosp,3,2026-01-10,40,quantile,0.1,21.0
2025-12-20,wk inc flu hosp,3,2026-01-10,40,quantile,0.15,24.0
2025-12-20,wk inc flu hosp,3,2026-01-10,40,quantile,0.2,38.0
2025-12-20,wk inc flu hosp,3,2026-01-10,40,quantile,0.25,50.0
2025-12-20,wk inc flu hosp,3,2026-01-10,40,quantile,0.3,60.0
2025-12-20,wk inc flu hosp,3,2026-01-10,40,quantile,0.35,70.0
2025-12-20,wk inc flu hosp,3,2026-01-10,40,quantile,0.4,80.0
2025-12-20,wk inc flu hosp,3,2026-01-10,40,quantile,0.45,86.0
2025-12-20,wk inc flu hosp,3,2026-01-10,40,quantile,0.5,92.0
2025-12-20,wk inc flu hosp,3,2026-01-10,40,quantile,0.55,101.0
2025-12-20,wk inc flu hosp,3,2026-01-10,40,quantile,0.6,109.0
2025-12-20,wk inc flu hosp,3,2026-01-10,40,quantile,0.65,121.0
2025-12-20,wk inc flu hosp,3,2026-01-10,40,quantile,0.7,132.0
2025-12-20,wk inc flu hosp,3,2026-01-10,40,quantile,0.75,146.0
2025-12-20,wk inc flu hosp,3,2026-01-10,40,quantile,0.8,164.0
2025-12-20,wk inc flu hosp,3,2026-01-10,40,quantile,0.85,184.0
2025-12-20,wk inc flu hosp,3,2026-01-10,40,quantile,0.9,220.0
2025-12-20,wk inc flu hosp,3,2026-01-10,40,quantile,0.95,267.0
2025-12-20,wk inc flu hosp,3,2026-01-10,40,quantile,0.975,310.0
2025-12-20,wk inc flu hosp,3,2026-01-10,40,quantile,0.99,356.0
2025-12-20,wk inc flu hosp,3,2026-01-10,41,quantile,0.01,1.0
2025-12-20,wk inc flu hosp,3,2026-01-10,41,quantile,0.025,2.0
2025-12-20,wk inc flu hosp,3,2026-01-10,41,quantile,0.05,2.0
2025-12-20,wk inc flu hosp,3,2026-01-10,41,quantile,0.1,2.0
2025-12-20,wk inc flu hosp,3,2026-01-10,41,quantile,0.15,3.0
2025-12-20,wk inc flu hosp,3,2026-01-10,41,quantile,0.2,4.0
2025-12-20,wk inc flu hosp,3,2026-01-10,41,quantile,0.25,5.0
2025-12-20,wk inc flu hosp,3,2026-01-10,41,quantile,0.3,14.0
2025-12-20,wk inc flu hosp,3,2026-01-10,41,quantile,0.35,21.0
2025-12-20,wk inc flu hosp,3,2026-01-10,41,quantile,0.4,28.0
2025-12-20,wk inc flu hosp,3,2026-01-10,41,quantile,0.45,37.0
2025-12-20,wk inc flu hosp,3,2026-01-10,41,quantile,0.5,47.0
2025-12-20,wk inc flu hosp,3,2026-01-10,41,quantile,0.55,55.0
2025-12-20,wk inc flu hosp,3,2026-01-10,41,quantile,0.6,63.0
2025-12-20,wk inc flu hosp,3,2026-01-10,41,quantile,0.65,72.0
2025-12-20,wk inc flu hosp,3,2026-01-10,41,quantile,0.7,81.0
2025-12-20,wk inc flu hosp,3,2026-01-10,41,quantile,0.75,91.0
2025-12-20,wk inc flu hosp,3,2026-01-10,41,quantile,0.8,100.0
2025-12-20,wk inc flu hosp,3,2026-01-10,41,quantile,0.85,116.0
2025-12-20,wk inc flu hosp,3,2026-01-10,41,quantile,0.9,133.0
2025-12-20,wk inc flu hosp,3,2026-01-10,41,quantile,0.95,163.0
2025-12-20,wk inc flu hosp,3,2026-01-10,41,quantile,0.975,184.0
2025-12-20,wk inc flu hosp,3,2026-01-10,41,quantile,0.99,210.0
2025-12-20,wk inc flu hosp,3,2026-01-10,42,quantile,0.01,31.0
2025-12-20,wk inc flu hosp,3,2026-01-10,42,quantile,0.025,38.0
2025-12-20,wk inc flu hosp,3,2026-01-10,42,quantile,0.05,44.0
2025-12-20,wk inc flu hosp,3,2026-01-10,42,quantile,0.1,54.0
2025-12-20,wk inc flu hosp,3,2026-01-10,42,quantile,0.15,75.0
2025-12-20,wk inc flu hosp,3,2026-01-10,42,quantile,0.2,117.0
2025-12-20,wk inc flu hosp,3,2026-01-10,42,quantile,0.25,153.0
2025-12-20,wk inc flu hosp,3,2026-01-10,42,quantile,0.3,185.0
2025-12-20,wk inc flu hosp,3,2026-01-10,42,quantile,0.35,223.0
2025-12-20,wk inc flu hosp,3,2026-01-10,42,quantile,0.4,252.0
2025-12-20,wk inc flu hosp,3,2026-01-10,42,quantile,0.45,294.0
2025-12-20,wk inc flu hosp,3,2026-01-10,42,quantile,0.5,323.0
2025-12-20,wk inc flu hosp,3,2026-01-10,42,quantile,0.55,357.0
2025-12-20,wk inc flu hosp,3,2026-01-10,42,quantile,0.6,395.0
2025-12-20,wk inc flu hosp,3,2026-01-10,42,quantile,0.65,429.0
2025-12-20,wk inc flu hosp,3,2026-01-10,42,quantile,0.7,470.0
2025-12-20,wk inc flu hosp,3,2026-01-10,42,quantile,0.75,505.0
2025-12-20,wk inc flu hosp,3,2026-01-10,42,quantile,0.8,555.0
2025-12-20,wk inc flu hosp,3,2026-01-10,42,quantile,0.85,623.0
2025-12-20,wk inc flu hosp,3,2026-01-10,42,quantile,0.9,691.0
2025-12-20,wk inc flu hosp,3,2026-01-10,42,quantile,0.95,812.0
2025-12-20,wk inc flu hosp,3,2026-01-10,42,quantile,0.975,909.0
2025-12-20,wk inc flu hosp,3,2026-01-10,42,quantile,0.99,1011.0
2025-12-20,wk inc flu hosp,3,2026-01-10,44,quantile,0.01,7.0
2025-12-20,wk inc flu hosp,3,2026-01-10,44,quantile,0.025,9.0
2025-12-20,wk inc flu hosp,3,2026-01-10,44,quantile,0.05,14.0
2025-12-20,wk inc flu hosp,3,2026-01-10,44,quantile,0.1,20.0
2025-12-20,wk inc flu hosp,3,2026-01-10,44,quantile,0.15,24.0
2025-12-20,wk inc flu hosp,3,2026-01-10,44,quantile,0.2,28.0
2025-12-20,wk inc flu hosp,3,2026-01-10,44,quantile,0.25,33.0
2025-12-20,wk inc flu hosp,3,2026-01-10,44,quantile,0.3,35.0
2025-12-20,wk inc flu hosp,3,2026-01-10,44,quantile,0.35,38.0
2025-12-20,wk inc flu hosp,3,2026-01-10,44,quantile,0.4,41.0
2025-12-20,wk inc flu hosp,3,2026-01-10,44,quantile,0.45,44.0
2025-12-20,wk inc flu hosp,3,2026-01-10,44,quantile,0.5,47.0
2025-12-20,wk inc flu hosp,3,2026-01-10,44,quantile,0.55,50.0
2025-12-20,wk inc flu hosp,3,2026-01-10,44,quantile,0.6,54.0
2025-12-20,wk inc flu hosp,3,2026-01-10,44,quantile,0.65,57.0
2025-12-20,wk inc flu hosp,3,2026-01-10,44,quantile,0.7,61.0
2025-12-20,wk inc flu hosp,3,2026-01-10,44,quantile,0.75,64.0
2025-12-20,wk inc flu hosp,3,2026-01-10,44,quantile,0.8,69.0
2025-12-20,wk inc flu hosp,3,2026-01-10,44,quantile,0.85,75.0
2025-12-20,wk inc flu hosp,3,2026-01-10,44,quantile,0.9,82.0
2025-12-20,wk inc flu hosp,3,2026-01-10,44,quantile,0.95,95.0
2025-12-20,wk inc flu hosp,3,2026-01-10,44,quantile,0.975,104.0
2025-12-20,wk inc flu hosp,3,2026-01-10,44,quantile,0.99,117.0
2025-12-20,wk inc flu hosp,3,2026-01-10,45,quantile,0.01,15.0
2025-12-20,wk inc flu hosp,3,2026-01-10,45,quantile,0.025,18.0
2025-12-20,wk inc flu hosp,3,2026-01-10,45,quantile,0.05,22.0
2025-12-20,wk inc flu hosp,3,2026-01-10,45,quantile,0.1,26.0
2025-12-20,wk inc flu hosp,3,2026-01-10,45,quantile,0.15,33.0
2025-12-20,wk inc flu hosp,3,2026-01-10,45,quantile,0.2,53.0
2025-12-20,wk inc flu hosp,3,2026-01-10,45,quantile,0.25,67.0
2025-12-20,wk inc flu hosp,3,2026-01-10,45,quantile,0.3,83.0
2025-12-20,wk inc flu hosp,3,2026-01-10,45,quantile,0.35,95.0
2025-12-20,wk inc flu hosp,3,2026-01-10,45,quantile,0.4,110.0
2025-12-20,wk inc flu hosp,3,2026-01-10,45,quantile,0.45,124.0
2025-12-20,wk inc flu hosp,3,2026-01-10,45,quantile,0.5,137.0
2025-12-20,wk inc flu hosp,3,2026-01-10,45,quantile,0.55,149.0
2025-12-20,wk inc flu hosp,3,2026-01-10,45,quantile,0.6,162.0
2025-12-20,wk inc flu hosp,3,2026-01-10,45,quantile,0.65,177.0
2025-12-20,wk inc flu hosp,3,2026-01-10,45,quantile,0.7,193.0
2025-12-20,wk inc flu hosp,3,2026-01-10,45,quantile,0.75,208.0
2025-12-20,wk inc flu hosp,3,2026-01-10,45,quantile,0.8,229.0
2025-12-20,wk inc flu hosp,3,2026-01-10,45,quantile,0.85,253.0
2025-12-20,wk inc flu hosp,3,2026-01-10,45,quantile,0.9,285.0
2025-12-20,wk inc flu hosp,3,2026-01-10,45,quantile,0.95,337.0
2025-12-20,wk inc flu hosp,3,2026-01-10,45,quantile,0.975,380.0
2025-12-20,wk inc flu hosp,3,2026-01-10,45,quantile,0.99,426.0
2025-12-20,wk inc flu hosp,3,2026-01-10,46,quantile,0.01,1.0
2025-12-20,wk inc flu hosp,3,2026-01-10,46,quantile,0.025,1.0
2025-12-20,wk inc flu hosp,3,2026-01-10,46,quantile,0.05,2.0
2025-12-20,wk inc flu hosp,3,2026-01-10,46,quantile,0.1,2.0
2025-12-20,wk inc flu hosp,3,2026-01-10,46,quantile,0.15,2.0
2025-12-20,wk inc flu hosp,3,2026-01-10,46,quantile,0.2,4.0
2025-12-20,wk inc flu hosp,3,2026-01-10,46,quantile,0.25,5.0
2025-12-20,wk inc flu hosp,3,2026-01-10,46,quantile,0.3,7.0
2025-12-20,wk inc flu hosp,3,2026-01-10,46,quantile,0.35,9.0
2025-12-20,wk inc flu hosp,3,2026-01-10,46,quantile,0.4,11.0
2025-12-20,wk inc flu hosp,3,2026-01-10,46,quantile,0.45,12.0
2025-12-20,wk inc flu hosp,3,2026-01-10,46,quantile,0.5,13.0
2025-12-20,wk inc flu hosp,3,2026-01-10,46,quantile,0.55,14.0
2025-12-20,wk inc flu hosp,3,2026-01-10,46,quantile,0.6,16.0
2025-12-20,wk inc flu hosp,3,2026-01-10,46,quantile,0.65,17.0
2025-12-20,wk inc flu hosp,3,2026-01-10,46,quantile,0.7,19.0
2025-12-20,wk inc flu hosp,3,2026-01-10,46,quantile,0.75,21.0
2025-12-20,wk inc flu hosp,3,2026-01-10,46,quantile,0.8,24.0
2025-12-20,wk inc flu hosp,3,2026-01-10,46,quantile,0.85,26.0
2025-12-20,wk inc flu hosp,3,2026-01-10,46,quantile,0.9,30.0
2025-12-20,wk inc flu hosp,3,2026-01-10,46,quantile,0.95,35.0
2025-12-20,wk inc flu hosp,3,2026-01-10,46,quantile,0.975,39.0
2025-12-20,wk inc flu hosp,3,2026-01-10,46,quantile,0.99,45.0
2025-12-20,wk inc flu hosp,3,2026-01-10,47,quantile,0.01,10.0
2025-12-20,wk inc flu hosp,3,2026-01-10,47,quantile,0.025,14.0
2025-12-20,wk inc flu hosp,3,2026-01-10,47,quantile,0.05,16.0
2025-12-20,wk inc flu hosp,3,2026-01-10,47,quantile,0.1,19.0
2025-12-20,wk inc flu hosp,3,2026-01-10,47,quantile,0.15,23.0
2025-12-20,wk inc flu hosp,3,2026-01-10,47,quantile,0.2,39.0
2025-12-20,wk inc flu hosp,3,2026-01-10,47,quantile,0.25,61.0
2025-12-20,wk inc flu hosp,3,2026-01-10,47,quantile,0.3,78.0
2025-12-20,wk inc flu hosp,3,2026-01-10,47,quantile,0.35,97.0
2025-12-20,wk inc flu hosp,3,2026-01-10,47,quantile,0.4,117.0
2025-12-20,wk inc flu hosp,3,2026-01-10,47,quantile,0.45,134.0
2025-12-20,wk inc flu hosp,3,2026-01-10,47,quantile,0.5,149.0
2025-12-20,wk inc flu hosp,3,2026-01-10,47,quantile,0.55,166.0
2025-12-20,wk inc flu hosp,3,2026-01-10,47,quantile,0.6,181.0
2025-12-20,wk inc flu hosp,3,2026-01-10,47,quantile,0.65,200.0
2025-12-20,wk inc flu hosp,3,2026-01-10,47,quantile,0.7,219.0
2025-12-20,wk inc flu hosp,3,2026-01-10,47,quantile,0.75,243.0
2025-12-20,wk inc flu hosp,3,2026-01-10,47,quantile,0.8,271.0
2025-12-20,wk inc flu hosp,3,2026-01-10,47,quantile,0.85,295.0
2025-12-20,wk inc flu hosp,3,2026-01-10,47,quantile,0.9,331.0
2025-12-20,wk inc flu hosp,3,2026-01-10,47,quantile,0.95,379.0
2025-12-20,wk inc flu hosp,3,2026-01-10,47,quantile,0.975,416.0
2025-12-20,wk inc flu hosp,3,2026-01-10,47,quantile,0.99,474.0
2025-12-20,wk inc flu hosp,3,2026-01-10,48,quantile,0.01,139.0
2025-12-20,wk inc flu hosp,3,2026-01-10,48,quantile,0.025,179.0
2025-12-20,wk inc flu hosp,3,2026-01-10,48,quantile,0.05,202.0
2025-12-20,wk inc flu hosp,3,2026-01-10,48,quantile,0.1,246.0
2025-12-20,wk inc flu hosp,3,2026-01-10,48,quantile,0.15,411.0
2025-12-20,wk inc flu hosp,3,2026-01-10,48,quantile,0.2,563.0
2025-12-20,wk inc flu hosp,3,2026-01-10,48,quantile,0.25,711.0
2025-12-20,wk inc flu hosp,3,2026-01-10,48,quantile,0.3,870.0
2025-12-20,wk inc flu hosp,3,2026-01-10,48,quantile,0.35,1007.0
2025-12-20,wk inc flu hosp,3,2026-01-10,48,quantile,0.4,1136.0
2025-12-20,wk inc flu hosp,3,2026-01-10,48,quantile,0.45,1266.0
2025-12-20,wk inc flu hosp,3,2026-01-10,48,quantile,0.5,1367.0
2025-12-20,wk inc flu hosp,3,2026-01-10,48,quantile,0.55,1513.0
2025-12-20,wk inc flu hosp,3,2026-01-10,48,quantile,0.6,1639.0
2025-12-20,wk inc flu hosp,3,2026-01-10,48,quantile,0.65,1776.0
2025-12-20,wk inc flu hosp,3,2026-01-10,48,quantile,0.7,1922.0
2025-12-20,wk inc flu hosp,3,2026-01-10,48,quantile,0.75,2064.0
2025-12-20,wk inc flu hosp,3,2026-01-10,48,quantile,0.8,2231.0
2025-12-20,wk inc flu hosp,3,2026-01-10,48,quantile,0.85,2439.0
2025-12-20,wk inc flu hosp,3,2026-01-10,48,quantile,0.9,2655.0
2025-12-20,wk inc flu hosp,3,2026-01-10,48,quantile,0.95,3090.0
2025-12-20,wk inc flu hosp,3,2026-01-10,48,quantile,0.975,3462.0
2025-12-20,wk inc flu hosp,3,2026-01-10,48,quantile,0.99,3923.0
2025-12-20,wk inc flu hosp,3,2026-01-10,49,quantile,0.01,10.0
2025-12-20,wk inc flu hosp,3,2026-01-10,49,quantile,0.025,12.0
2025-12-20,wk inc flu hosp,3,2026-01-10,49,quantile,0.05,14.0
2025-12-20,wk inc flu hosp,3,2026-01-10,49,quantile,0.1,18.0
2025-12-20,wk inc flu hosp,3,2026-01-10,49,quantile,0.15,25.0
2025-12-20,wk inc flu hosp,3,2026-01-10,49,quantile,0.2,41.0
2025-12-20,wk inc flu hosp,3,2026-01-10,49,quantile,0.25,53.0
2025-12-20,wk inc flu hosp,3,2026-01-10,49,quantile,0.3,68.0
2025-12-20,wk inc flu hosp,3,2026-01-10,49,quantile,0.35,77.0
2025-12-20,wk inc flu hosp,3,2026-01-10,49,quantile,0.4,89.0
2025-12-20,wk inc flu hosp,3,2026-01-10,49,quantile,0.45,99.0
2025-12-20,wk inc flu hosp,3,2026-01-10,49,quantile,0.5,110.0
2025-12-20,wk inc flu hosp,3,2026-01-10,49,quantile,0.55,122.0
2025-12-20,wk inc flu hosp,3,2026-01-10,49,quantile,0.6,133.0
2025-12-20,wk inc flu hosp,3,2026-01-10,49,quantile,0.65,143.0
2025-12-20,wk inc flu hosp,3,2026-01-10,49,quantile,0.7,155.0
2025-12-20,wk inc flu hosp,3,2026-01-10,49,quantile,0.75,172.0
2025-12-20,wk inc flu hosp,3,2026-01-10,49,quantile,0.8,189.0
2025-12-20,wk inc flu hosp,3,2026-01-10,49,quantile,0.85,209.0
2025-12-20,wk inc flu hosp,3,2026-01-10,49,quantile,0.9,237.0
2025-12-20,wk inc flu hosp,3,2026-01-10,49,quantile,0.95,271.0
2025-12-20,wk inc flu hosp,3,2026-01-10,49,quantile,0.975,302.0
2025-12-20,wk inc flu hosp,3,2026-01-10,49,quantile,0.99,330.0
2025-12-20,wk inc flu hosp,3,2026-01-10,50,quantile,0.01,0.0
2025-12-20,wk inc flu hosp,3,2026-01-10,50,quantile,0.025,1.0
2025-12-20,wk inc flu hosp,3,2026-01-10,50,quantile,0.05,2.0
2025-12-20,wk inc flu hosp,3,2026-01-10,50,quantile,0.1,2.0
2025-12-20,wk inc flu hosp,3,2026-01-10,50,quantile,0.15,3.0
2025-12-20,wk inc flu hosp,3,2026-01-10,50,quantile,0.2,5.0
2025-12-20,wk inc flu hosp,3,2026-01-10,50,quantile,0.25,6.0
2025-12-20,wk inc flu hosp,3,2026-01-10,50,quantile,0.3,8.0
2025-12-20,wk inc flu hosp,3,2026-01-10,50,quantile,0.35,9.0
2025-12-20,wk inc flu hosp,3,2026-01-10,50,quantile,0.4,11.0
2025-12-20,wk inc flu hosp,3,2026-01-10,50,quantile,0.45,13.0
2025-12-20,wk inc flu hosp,3,2026-01-10,50,quantile,0.5,15.0
2025-12-20,wk inc flu hosp,3,2026-01-10,50,quantile,0.55,16.0
2025-12-20,wk inc flu hosp,3,2026-01-10,50,quantile,0.6,18.0
2025-12-20,wk inc flu hosp,3,2026-01-10,50,quantile,0.65,20.0
2025-12-20,wk inc flu hosp,3,2026-01-10,50,quantile,0.7,22.0
2025-12-20,wk inc flu hosp,3,2026-01-10,50,quantile,0.75,24.0
2025-12-20,wk inc flu hosp,3,2026-01-10,50,quantile,0.8,27.0
2025-12-20,wk inc flu hosp,3,2026-01-10,50,quantile,0.85,30.0
2025-12-20,wk inc flu hosp,3,2026-01-10,50,quantile,0.9,33.0
2025-12-20,wk inc flu hosp,3,2026-01-10,50,quantile,0.95,38.0
2025-12-20,wk inc flu hosp,3,2026-01-10,50,quantile,0.975,44.0
2025-12-20,wk inc flu hosp,3,2026-01-10,50,quantile,0.99,49.0
2025-12-20,wk inc flu hosp,3,2026-01-10,51,quantile,0.01,28.0
2025-12-20,wk inc flu hosp,3,2026-01-10,51,quantile,0.025,34.0
2025-12-20,wk inc flu hosp,3,2026-01-10,51,quantile,0.05,40.0
2025-12-20,wk inc flu hosp,3,2026-01-10,51,quantile,0.1,71.0
2025-12-20,wk inc flu hosp,3,2026-01-10,51,quantile,0.15,108.0
2025-12-20,wk inc flu hosp,3,2026-01-10,51,quantile,0.2,143.0
2025-12-20,wk inc flu hosp,3,2026-01-10,51,quantile,0.25,166.0
2025-12-20,wk inc flu hosp,3,2026-01-10,51,quantile,0.3,196.0
2025-12-20,wk inc flu hosp,3,2026-01-10,51,quantile,0.35,217.0
2025-12-20,wk inc flu hosp,3,2026-01-10,51,quantile,0.4,240.0
2025-12-20,wk inc flu hosp,3,2026-01-10,51,quantile,0.45,265.0
2025-12-20,wk inc flu hosp,3,2026-01-10,51,quantile,0.5,282.0
2025-12-20,wk inc flu hosp,3,2026-01-10,51,quantile,0.55,302.0
2025-12-20,wk inc flu hosp,3,2026-01-10,51,quantile,0.6,324.0
2025-12-20,wk inc flu hosp,3,2026-01-10,51,quantile,0.65,349.0
2025-12-20,wk inc flu hosp,3,2026-01-10,51,quantile,0.7,375.0
2025-12-20,wk inc flu hosp,3,2026-01-10,51,quantile,0.75,398.0
2025-12-20,wk inc flu hosp,3,2026-01-10,51,quantile,0.8,435.0
2025-12-20,wk inc flu hosp,3,2026-01-10,51,quantile,0.85,468.0
2025-12-20,wk inc flu hosp,3,2026-01-10,51,quantile,0.9,512.0
2025-12-20,wk inc flu hosp,3,2026-01-10,51,quantile,0.95,584.0
2025-12-20,wk inc flu hosp,3,2026-01-10,51,quantile,0.975,661.0
2025-12-20,wk inc flu hosp,3,2026-01-10,51,quantile,0.99,722.0
2025-12-20,wk inc flu hosp,3,2026-01-10,53,quantile,0.01,10.0
2025-12-20,wk inc flu hosp,3,2026-01-10,53,quantile,0.025,12.0
2025-12-20,wk inc flu hosp,3,2026-01-10,53,quantile,0.05,15.0
2025-12-20,wk inc flu hosp,3,2026-01-10,53,quantile,0.1,18.0
2025-12-20,wk inc flu hosp,3,2026-01-10,53,quantile,0.15,21.0
2025-12-20,wk inc flu hosp,3,2026-01-10,53,quantile,0.2,36.0
2025-12-20,wk inc flu hosp,3,2026-01-10,53,quantile,0.25,47.0
2025-12-20,wk inc flu hosp,3,2026-01-10,53,quantile,0.3,64.0
2025-12-20,wk inc flu hosp,3,2026-01-10,53,quantile,0.35,78.0
2025-12-20,wk inc flu hosp,3,2026-01-10,53,quantile,0.4,90.0
2025-12-20,wk inc flu hosp,3,2026-01-10,53,quantile,0.45,108.0
2025-12-20,wk inc flu hosp,3,2026-01-10,53,quantile,0.5,124.0
2025-12-20,wk inc flu hosp,3,2026-01-10,53,quantile,0.55,136.0
2025-12-20,wk inc flu hosp,3,2026-01-10,53,quantile,0.6,154.0
2025-12-20,wk inc flu hosp,3,2026-01-10,53,quantile,0.65,167.0
2025-12-20,wk inc flu hosp,3,2026-01-10,53,quantile,0.7,188.0
2025-12-20,wk inc flu hosp,3,2026-01-10,53,quantile,0.75,207.0
2025-12-20,wk inc flu hosp,3,2026-01-10,53,quantile,0.8,229.0
2025-12-20,wk inc flu hosp,3,2026-01-10,53,quantile,0.85,251.0
2025-12-20,wk inc flu hosp,3,2026-01-10,53,quantile,0.9,280.0
2025-12-20,wk inc flu hosp,3,2026-01-10,53,quantile,0.95,331.0
2025-12-20,wk inc flu hosp,3,2026-01-10,53,quantile,0.975,386.0
2025-12-20,wk inc flu hosp,3,2026-01-10,53,quantile,0.99,451.0
2025-12-20,wk inc flu hosp,3,2026-01-10,54,quantile,0.01,5.0
2025-12-20,wk inc flu hosp,3,2026-01-10,54,quantile,0.025,7.0
2025-12-20,wk inc flu hosp,3,2026-01-10,54,quantile,0.05,8.0
2025-12-20,wk inc flu hosp,3,2026-01-10,54,quantile,0.1,10.0
2025-12-20,wk inc flu hosp,3,2026-01-10,54,quantile,0.15,17.0
2025-12-20,wk inc flu hosp,3,2026-01-10,54,quantile,0.2,23.0
2025-12-20,wk inc flu hosp,3,2026-01-10,54,quantile,0.25,28.0
2025-12-20,wk inc flu hosp,3,2026-01-10,54,quantile,0.3,33.0
2025-12-20,wk inc flu hosp,3,2026-01-10,54,quantile,0.35,38.0
2025-12-20,wk inc flu hosp,3,2026-01-10,54,quantile,0.4,43.0
2025-12-20,wk inc flu hosp,3,2026-01-10,54,quantile,0.45,48.0
2025-12-20,wk inc flu hosp,3,2026-01-10,54,quantile,0.5,51.0
2025-12-20,wk inc flu hosp,3,2026-01-10,54,quantile,0.55,56.0
2025-12-20,wk inc flu hosp,3,2026-01-10,54,quantile,0.6,60.0
2025-12-20,wk inc flu hosp,3,2026-01-10,54,quantile,0.65,66.0
2025-12-20,wk inc flu hosp,3,2026-01-10,54,quantile,0.7,72.0
2025-12-20,wk inc flu hosp,3,2026-01-10,54,quantile,0.75,78.0
2025-12-20,wk inc flu hosp,3,2026-01-10,54,quantile,0.8,86.0
2025-12-20,wk inc flu hosp,3,2026-01-10,54,quantile,0.85,95.0
2025-12-20,wk inc flu hosp,3,2026-01-10,54,quantile,0.9,107.0
2025-12-20,wk inc flu hosp,3,2026-01-10,54,quantile,0.95,123.0
2025-12-20,wk inc flu hosp,3,2026-01-10,54,quantile,0.975,137.0
2025-12-20,wk inc flu hosp,3,2026-01-10,54,quantile,0.99,157.0
2025-12-20,wk inc flu hosp,3,2026-01-10,55,quantile,0.01,12.0
2025-12-20,wk inc flu hosp,3,2026-01-10,55,quantile,0.025,15.0
2025-12-20,wk inc flu hosp,3,2026-01-10,55,quantile,0.05,18.0
2025-12-20,wk inc flu hosp,3,2026-01-10,55,quantile,0.1,22.0
2025-12-20,wk inc flu hosp,3,2026-01-10,55,quantile,0.15,27.0
2025-12-20,wk inc flu hosp,3,2026-01-10,55,quantile,0.2,44.0
2025-12-20,wk inc flu hosp,3,2026-01-10,55,quantile,0.25,57.0
2025-12-20,wk inc flu hosp,3,2026-01-10,55,quantile,0.3,74.0
2025-12-20,wk inc flu hosp,3,2026-01-10,55,quantile,0.35,85.0
2025-12-20,wk inc flu hosp,3,2026-01-10,55,quantile,0.4,99.0
2025-12-20,wk inc flu hosp,3,2026-01-10,55,quantile,0.45,111.0
2025-12-20,wk inc flu hosp,3,2026-01-10,55,quantile,0.5,123.0
2025-12-20,wk inc flu hosp,3,2026-01-10,55,quantile,0.55,134.0
2025-12-20,wk inc flu hosp,3,2026-01-10,55,quantile,0.6,149.0
2025-12-20,wk inc flu hosp,3,2026-01-10,55,quantile,0.65,168.0
2025-12-20,wk inc flu hosp,3,2026-01-10,55,quantile,0.7,183.0
2025-12-20,wk inc flu hosp,3,2026-01-10,55,quantile,0.75,205.0
2025-12-20,wk inc flu hosp,3,2026-01-10,55,quantile,0.8,232.0
2025-12-20,wk inc flu hosp,3,2026-01-10,55,quantile,0.85,256.0
2025-12-20,wk inc flu hosp,3,2026-01-10,55,quantile,0.9,290.0
2025-12-20,wk inc flu hosp,3,2026-01-10,55,quantile,0.95,331.0
2025-12-20,wk inc flu hosp,3,2026-01-10,55,quantile,0.975,366.0
2025-12-20,wk inc flu hosp,3,2026-01-10,55,quantile,0.99,427.0
2025-12-20,wk inc flu hosp,3,2026-01-10,56,quantile,0.01,0.0
2025-12-20,wk inc flu hosp,3,2026-01-10,56,quantile,0.025,0.0
2025-12-20,wk inc flu hosp,3,2026-01-10,56,quantile,0.05,0.0
2025-12-20,wk inc flu hosp,3,2026-01-10,56,quantile,0.1,0.0
2025-12-20,wk inc flu hosp,3,2026-01-10,56,quantile,0.15,0.0
2025-12-20,wk inc flu hosp,3,2026-01-10,56,quantile,0.2,0.0
2025-12-20,wk inc flu hosp,3,2026-01-10,56,quantile,0.25,0.0
2025-12-20,wk inc flu hosp,3,2026-01-10,56,quantile,0.3,0.0
2025-12-20,wk inc flu hosp,3,2026-01-10,56,quantile,0.35,0.0
2025-12-20,wk inc flu hosp,3,2026-01-10,56,quantile,0.4,0.0
2025-12-20,wk inc flu hosp,3,2026-01-10,56,quantile,0.45,0.0
2025-12-20,wk inc flu hosp,3,2026-01-10,56,quantile,0.5,0.0
2025-12-20,wk inc flu hosp,3,2026-01-10,56,quantile,0.55,0.0
2025-12-20,wk inc flu hosp,3,2026-01-10,56,quantile,0.6,0.0
2025-12-20,wk inc flu hosp,3,2026-01-10,56,quantile,0.65,1.0
2025-12-20,wk inc flu hosp,3,2026-01-10,56,quantile,0.7,1.0
2025-12-20,wk inc flu hosp,3,2026-01-10,56,quantile,0.75,1.0
2025-12-20,wk inc flu hosp,3,2026-01-10,56,quantile,0.8,1.0
2025-12-20,wk inc flu hosp,3,2026-01-10,56,quantile,0.85,2.0
2025-12-20,wk inc flu hosp,3,2026-01-10,56,quantile,0.9,2.0
2025-12-20,wk inc flu hosp,3,2026-01-10,56,quantile,0.95,10.0
2025-12-20,wk inc flu hosp,3,2026-01-10,56,quantile,0.975,12.0
2025-12-20,wk inc flu hosp,3,2026-01-10,56,quantile,0.99,15.0
2025-12-20,wk inc flu hosp,3,2026-01-10,US,quantile,0.01,1224.0
2025-12-20,wk inc flu hosp,3,2026-01-10,US,quantile,0.025,1597.0
2025-12-20,wk inc flu hosp,3,2026-01-10,US,quantile,0.05,1815.0
2025-12-20,wk inc flu hosp,3,2026-01-10,US,quantile,0.1,3386.0
2025-12-20,wk inc flu hosp,3,2026-01-10,US,quantile,0.15,4583.0
2025-12-20,wk inc flu hosp,3,2026-01-10,US,quantile,0.2,5723.0
2025-12-20,wk inc flu hosp,3,2026-01-10,US,quantile,0.25,6710.0
2025-12-20,wk inc flu hosp,3,2026-01-10,US,quantile,0.3,7533.0
2025-12-20,wk inc flu hosp,3,2026-01-10,US,quantile,0.35,8307.0
2025-12-20,wk inc flu hosp,3,2026-01-10,US,quantile,0.4,9212.0
2025-12-20,wk inc flu hosp,3,2026-01-10,US,quantile,0.45,10100.0
2025-12-20,wk inc flu hosp,3,2026-01-10,US,quantile,0.5,10727.0
2025-12-20,wk inc flu hosp,3,2026-01-10,US,quantile,0.55,11421.0
2025-12-20,wk inc flu hosp,3,2026-01-10,US,quantile,0.6,12248.0
2025-12-20,wk inc flu hosp,3,2026-01-10,US,quantile,0.65,13029.0
2025-12-20,wk inc flu hosp,3,2026-01-10,US,quantile,0.7,13945.0
2025-12-20,wk inc flu hosp,3,2026-01-10,US,quantile,0.75,14950.0
2025-12-20,wk inc flu hosp,3,2026-01-10,US,quantile,0.8,16058.0
2025-12-20,wk inc flu hosp,3,2026-01-10,US,quantile,0.85,17513.0
2025-12-20,wk inc flu hosp,3,2026-01-10,US,quantile,0.9,19393.0
2025-12-20,wk inc flu hosp,3,2026-01-10,US,quantile,0.95,22285.0
2025-12-20,wk inc flu hosp,3,2026-01-10,US,quantile,0.975,24861.0
2025-12-20,wk inc flu hosp,3,2026-01-10,US,quantile,0.99,27495.0
