reference_date,target,horizon,target_end_date,location,output_type,output_type_id,value
2025-12-13,wk flu hosp rate change,0,2025-12-13,01,pmf,decrease,0.215
2025-12-13,wk flu hosp rate change,0,2025-12-13,01,pmf,increase,0.381
2025-12-13,wk flu hosp rate change,0,2025-12-13,01,pmf,large_decrease,0.001
2025-12-13,wk flu hosp rate change,0,2025-12-13,01,pmf,large_increase,0.116
2025-12-13,wk flu hosp rate change,0,2025-12-13,01,pmf,stable,0.287
2025-12-13,wk flu hosp rate change,0,2025-12-13,02,pmf,decrease,0.25674325674325676
2025-12-13,wk flu hosp rate change,0,2025-12-13,02,pmf,increase,0.33566433566433573
2025-12-13,wk flu hosp rate change,0,2025-12-13,02,pmf,large_decrease,0.01098901098901099
2025-12-13,wk flu hosp rate change,0,2025-12-13,02,pmf,large_increase,0.18081918081918083
2025-12-13,wk flu hosp rate change,0,2025-12-13,02,pmf,stable,0.2157842157842158
2025-12-13,wk flu hosp rate change,0,2025-12-13,04,pmf,decrease,0.057
2025-12-13,wk flu hosp rate change,0,2025-12-13,04,pmf,increase,0.416
2025-12-13,wk flu hosp rate change,0,2025-12-13,04,pmf,large_decrease,0.001
2025-12-13,wk flu hosp rate change,0,2025-12-13,04,pmf,large_increase,0.046
2025-12-13,wk flu hosp rate change,0,2025-12-13,04,pmf,stable,0.48
2025-12-13,wk flu hosp rate change,0,2025-12-13,05,pmf,decrease,0.042
2025-12-13,wk flu hosp rate change,0,2025-12-13,05,pmf,increase,0.439
2025-12-13,wk flu hosp rate change,0,2025-12-13,05,pmf,large_decrease,0.002
2025-12-13,wk flu hosp rate change,0,2025-12-13,05,pmf,large_increase,0.075
2025-12-13,wk flu hosp rate change,0,2025-12-13,05,pmf,stable,0.442
2025-12-13,wk flu hosp rate change,0,2025-12-13,06,pmf,decrease,0.015
2025-12-13,wk flu hosp rate change,0,2025-12-13,06,pmf,increase,0.373
2025-12-13,wk flu hosp rate change,0,2025-12-13,06,pmf,large_decrease,0.001
2025-12-13,wk flu hosp rate change,0,2025-12-13,06,pmf,large_increase,0.026
2025-12-13,wk flu hosp rate change,0,2025-12-13,06,pmf,stable,0.585
2025-12-13,wk flu hosp rate change,0,2025-12-13,08,pmf,decrease,0.16283716283716282
2025-12-13,wk flu hosp rate change,0,2025-12-13,08,pmf,increase,0.4515484515484515
2025-12-13,wk flu hosp rate change,0,2025-12-13,08,pmf,large_decrease,0.010989010989010986
2025-12-13,wk flu hosp rate change,0,2025-12-13,08,pmf,large_increase,0.15784215784215783
2025-12-13,wk flu hosp rate change,0,2025-12-13,08,pmf,stable,0.21678321678321677
2025-12-13,wk flu hosp rate change,0,2025-12-13,09,pmf,decrease,0.276
2025-12-13,wk flu hosp rate change,0,2025-12-13,09,pmf,increase,0.353
2025-12-13,wk flu hosp rate change,0,2025-12-13,09,pmf,large_decrease,0.019
2025-12-13,wk flu hosp rate change,0,2025-12-13,09,pmf,large_increase,0.114
2025-12-13,wk flu hosp rate change,0,2025-12-13,09,pmf,stable,0.238
2025-12-13,wk flu hosp rate change,0,2025-12-13,10,pmf,decrease,0.112
2025-12-13,wk flu hosp rate change,0,2025-12-13,10,pmf,increase,0.464
2025-12-13,wk flu hosp rate change,0,2025-12-13,10,pmf,large_decrease,0.001
2025-12-13,wk flu hosp rate change,0,2025-12-13,10,pmf,large_increase,0.083
2025-12-13,wk flu hosp rate change,0,2025-12-13,10,pmf,stable,0.34
2025-12-13,wk flu hosp rate change,0,2025-12-13,11,pmf,decrease,0.23
2025-12-13,wk flu hosp rate change,0,2025-12-13,11,pmf,increase,0.377
2025-12-13,wk flu hosp rate change,0,2025-12-13,11,pmf,large_decrease,0.002
2025-12-13,wk flu hosp rate change,0,2025-12-13,11,pmf,large_increase,0.154
2025-12-13,wk flu hosp rate change,0,2025-12-13,11,pmf,stable,0.237
2025-12-13,wk flu hosp rate change,0,2025-12-13,12,pmf,decrease,0.146
2025-12-13,wk flu hosp rate change,0,2025-12-13,12,pmf,increase,0.429
2025-12-13,wk flu hosp rate change,0,2025-12-13,12,pmf,large_decrease,0.001
2025-12-13,wk flu hosp rate change,0,2025-12-13,12,pmf,large_increase,0.188
2025-12-13,wk flu hosp rate change,0,2025-12-13,12,pmf,stable,0.236
2025-12-13,wk flu hosp rate change,0,2025-12-13,13,pmf,decrease,0.177
2025-12-13,wk flu hosp rate change,0,2025-12-13,13,pmf,increase,0.426
2025-12-13,wk flu hosp rate change,0,2025-12-13,13,pmf,large_decrease,0.001
2025-12-13,wk flu hosp rate change,0,2025-12-13,13,pmf,large_increase,0.088
2025-12-13,wk flu hosp rate change,0,2025-12-13,13,pmf,stable,0.308
2025-12-13,wk flu hosp rate change,0,2025-12-13,15,pmf,decrease,0.241
2025-12-13,wk flu hosp rate change,0,2025-12-13,15,pmf,increase,0.273
2025-12-13,wk flu hosp rate change,0,2025-12-13,15,pmf,large_decrease,0.082
2025-12-13,wk flu hosp rate change,0,2025-12-13,15,pmf,large_increase,0.274
2025-12-13,wk flu hosp rate change,0,2025-12-13,15,pmf,stable,0.13
2025-12-13,wk flu hosp rate change,0,2025-12-13,16,pmf,decrease,0.171
2025-12-13,wk flu hosp rate change,0,2025-12-13,16,pmf,increase,0.447
2025-12-13,wk flu hosp rate change,0,2025-12-13,16,pmf,large_decrease,0.001
2025-12-13,wk flu hosp rate change,0,2025-12-13,16,pmf,large_increase,0.103
2025-12-13,wk flu hosp rate change,0,2025-12-13,16,pmf,stable,0.278
2025-12-13,wk flu hosp rate change,0,2025-12-13,17,pmf,decrease,0.13486513486513488
2025-12-13,wk flu hosp rate change,0,2025-12-13,17,pmf,increase,0.47652347652347654
2025-12-13,wk flu hosp rate change,0,2025-12-13,17,pmf,large_decrease,0.0009990009990009992
2025-12-13,wk flu hosp rate change,0,2025-12-13,17,pmf,large_increase,0.07992007992007993
2025-12-13,wk flu hosp rate change,0,2025-12-13,17,pmf,stable,0.3076923076923077
2025-12-13,wk flu hosp rate change,0,2025-12-13,18,pmf,decrease,0.169
2025-12-13,wk flu hosp rate change,0,2025-12-13,18,pmf,increase,0.455
2025-12-13,wk flu hosp rate change,0,2025-12-13,18,pmf,large_decrease,0.001
2025-12-13,wk flu hosp rate change,0,2025-12-13,18,pmf,large_increase,0.149
2025-12-13,wk flu hosp rate change,0,2025-12-13,18,pmf,stable,0.226
2025-12-13,wk flu hosp rate change,0,2025-12-13,19,pmf,decrease,0.05
2025-12-13,wk flu hosp rate change,0,2025-12-13,19,pmf,increase,0.401
2025-12-13,wk flu hosp rate change,0,2025-12-13,19,pmf,large_decrease,0.001
2025-12-13,wk flu hosp rate change,0,2025-12-13,19,pmf,large_increase,0.024
2025-12-13,wk flu hosp rate change,0,2025-12-13,19,pmf,stable,0.5239999999999999
2025-12-13,wk flu hosp rate change,0,2025-12-13,20,pmf,decrease,0.058
2025-12-13,wk flu hosp rate change,0,2025-12-13,20,pmf,increase,0.42
2025-12-13,wk flu hosp rate change,0,2025-12-13,20,pmf,large_decrease,0.002
2025-12-13,wk flu hosp rate change,0,2025-12-13,20,pmf,large_increase,0.068
2025-12-13,wk flu hosp rate change,0,2025-12-13,20,pmf,stable,0.452
2025-12-13,wk flu hosp rate change,0,2025-12-13,21,pmf,decrease,0.1248751248751249
2025-12-13,wk flu hosp rate change,0,2025-12-13,21,pmf,increase,0.4555444555444556
2025-12-13,wk flu hosp rate change,0,2025-12-13,21,pmf,large_decrease,0.0019980019980019984
2025-12-13,wk flu hosp rate change,0,2025-12-13,21,pmf,large_increase,0.16083916083916086
2025-12-13,wk flu hosp rate change,0,2025-12-13,21,pmf,stable,0.25674325674325676
2025-12-13,wk flu hosp rate change,0,2025-12-13,22,pmf,decrease,0.237
2025-12-13,wk flu hosp rate change,0,2025-12-13,22,pmf,increase,0.333
2025-12-13,wk flu hosp rate change,0,2025-12-13,22,pmf,large_decrease,0.03
2025-12-13,wk flu hosp rate change,0,2025-12-13,22,pmf,large_increase,0.232
2025-12-13,wk flu hosp rate change,0,2025-12-13,22,pmf,stable,0.168
2025-12-13,wk flu hosp rate change,0,2025-12-13,23,pmf,decrease,0.129
2025-12-13,wk flu hosp rate change,0,2025-12-13,23,pmf,increase,0.376
2025-12-13,wk flu hosp rate change,0,2025-12-13,23,pmf,large_decrease,0.001
2025-12-13,wk flu hosp rate change,0,2025-12-13,23,pmf,large_increase,0.03
2025-12-13,wk flu hosp rate change,0,2025-12-13,23,pmf,stable,0.464
2025-12-13,wk flu hosp rate change,0,2025-12-13,24,pmf,decrease,0.218
2025-12-13,wk flu hosp rate change,0,2025-12-13,24,pmf,increase,0.394
2025-12-13,wk flu hosp rate change,0,2025-12-13,24,pmf,large_decrease,0.005
2025-12-13,wk flu hosp rate change,0,2025-12-13,24,pmf,large_increase,0.145
2025-12-13,wk flu hosp rate change,0,2025-12-13,24,pmf,stable,0.238
2025-12-13,wk flu hosp rate change,0,2025-12-13,25,pmf,decrease,0.143
2025-12-13,wk flu hosp rate change,0,2025-12-13,25,pmf,increase,0.433
2025-12-13,wk flu hosp rate change,0,2025-12-13,25,pmf,large_decrease,0.001
2025-12-13,wk flu hosp rate change,0,2025-12-13,25,pmf,large_increase,0.036
2025-12-13,wk flu hosp rate change,0,2025-12-13,25,pmf,stable,0.387
2025-12-13,wk flu hosp rate change,0,2025-12-13,26,pmf,decrease,0.139
2025-12-13,wk flu hosp rate change,0,2025-12-13,26,pmf,increase,0.483
2025-12-13,wk flu hosp rate change,0,2025-12-13,26,pmf,large_decrease,0.001
2025-12-13,wk flu hosp rate change,0,2025-12-13,26,pmf,large_increase,0.082
2025-12-13,wk flu hosp rate change,0,2025-12-13,26,pmf,stable,0.295
2025-12-13,wk flu hosp rate change,0,2025-12-13,27,pmf,decrease,0.221
2025-12-13,wk flu hosp rate change,0,2025-12-13,27,pmf,increase,0.374
2025-12-13,wk flu hosp rate change,0,2025-12-13,27,pmf,large_decrease,0.001
2025-12-13,wk flu hosp rate change,0,2025-12-13,27,pmf,large_increase,0.234
2025-12-13,wk flu hosp rate change,0,2025-12-13,27,pmf,stable,0.17
2025-12-13,wk flu hosp rate change,0,2025-12-13,28,pmf,decrease,0.16783216783216787
2025-12-13,wk flu hosp rate change,0,2025-12-13,28,pmf,increase,0.36463536463536467
2025-12-13,wk flu hosp rate change,0,2025-12-13,28,pmf,large_decrease,0.0019980019980019984
2025-12-13,wk flu hosp rate change,0,2025-12-13,28,pmf,large_increase,0.1208791208791209
2025-12-13,wk flu hosp rate change,0,2025-12-13,28,pmf,stable,0.34465534465534464
2025-12-13,wk flu hosp rate change,0,2025-12-13,30,pmf,decrease,0.127
2025-12-13,wk flu hosp rate change,0,2025-12-13,30,pmf,increase,0.494
2025-12-13,wk flu hosp rate change,0,2025-12-13,30,pmf,large_decrease,0.001
2025-12-13,wk flu hosp rate change,0,2025-12-13,30,pmf,large_increase,0.073
2025-12-13,wk flu hosp rate change,0,2025-12-13,30,pmf,stable,0.305
2025-12-13,wk flu hosp rate change,0,2025-12-13,31,pmf,decrease,0.006
2025-12-13,wk flu hosp rate change,0,2025-12-13,31,pmf,increase,0.387
2025-12-13,wk flu hosp rate change,0,2025-12-13,31,pmf,large_decrease,0.001
2025-12-13,wk flu hosp rate change,0,2025-12-13,31,pmf,large_increase,0.028
2025-12-13,wk flu hosp rate change,0,2025-12-13,31,pmf,stable,0.578
2025-12-13,wk flu hosp rate change,0,2025-12-13,32,pmf,decrease,0.057
2025-12-13,wk flu hosp rate change,0,2025-12-13,32,pmf,increase,0.423
2025-12-13,wk flu hosp rate change,0,2025-12-13,32,pmf,large_decrease,0.001
2025-12-13,wk flu hosp rate change,0,2025-12-13,32,pmf,large_increase,0.038
2025-12-13,wk flu hosp rate change,0,2025-12-13,32,pmf,stable,0.481
2025-12-13,wk flu hosp rate change,0,2025-12-13,33,pmf,decrease,0.159
2025-12-13,wk flu hosp rate change,0,2025-12-13,33,pmf,increase,0.421
2025-12-13,wk flu hosp rate change,0,2025-12-13,33,pmf,large_decrease,0.001
2025-12-13,wk flu hosp rate change,0,2025-12-13,33,pmf,large_increase,0.057
2025-12-13,wk flu hosp rate change,0,2025-12-13,33,pmf,stable,0.362
2025-12-13,wk flu hosp rate change,0,2025-12-13,34,pmf,decrease,0.2517482517482518
2025-12-13,wk flu hosp rate change,0,2025-12-13,34,pmf,increase,0.3496503496503497
2025-12-13,wk flu hosp rate change,0,2025-12-13,34,pmf,large_decrease,0.02197802197802198
2025-12-13,wk flu hosp rate change,0,2025-12-13,34,pmf,large_increase,0.14185814185814186
2025-12-13,wk flu hosp rate change,0,2025-12-13,34,pmf,stable,0.23476523476523478
2025-12-13,wk flu hosp rate change,0,2025-12-13,35,pmf,decrease,0.085
2025-12-13,wk flu hosp rate change,0,2025-12-13,35,pmf,increase,0.495
2025-12-13,wk flu hosp rate change,0,2025-12-13,35,pmf,large_decrease,0.001
2025-12-13,wk flu hosp rate change,0,2025-12-13,35,pmf,large_increase,0.094
2025-12-13,wk flu hosp rate change,0,2025-12-13,35,pmf,stable,0.3250000000000001
2025-12-13,wk flu hosp rate change,0,2025-12-13,36,pmf,decrease,0.202
2025-12-13,wk flu hosp rate change,0,2025-12-13,36,pmf,increase,0.411
2025-12-13,wk flu hosp rate change,0,2025-12-13,36,pmf,large_decrease,0.021
2025-12-13,wk flu hosp rate change,0,2025-12-13,36,pmf,large_increase,0.155
2025-12-13,wk flu hosp rate change,0,2025-12-13,36,pmf,stable,0.211
2025-12-13,wk flu hosp rate change,0,2025-12-13,37,pmf,decrease,0.261
2025-12-13,wk flu hosp rate change,0,2025-12-13,37,pmf,increase,0.31
2025-12-13,wk flu hosp rate change,0,2025-12-13,37,pmf,large_decrease,0.03
2025-12-13,wk flu hosp rate change,0,2025-12-13,37,pmf,large_increase,0.237
2025-12-13,wk flu hosp rate change,0,2025-12-13,37,pmf,stable,0.162
2025-12-13,wk flu hosp rate change,0,2025-12-13,38,pmf,decrease,0.132
2025-12-13,wk flu hosp rate change,0,2025-12-13,38,pmf,increase,0.458
2025-12-13,wk flu hosp rate change,0,2025-12-13,38,pmf,large_decrease,0.001
2025-12-13,wk flu hosp rate change,0,2025-12-13,38,pmf,large_increase,0.1
2025-12-13,wk flu hosp rate change,0,2025-12-13,38,pmf,stable,0.3089999999999999
2025-12-13,wk flu hosp rate change,0,2025-12-13,39,pmf,decrease,0.152
2025-12-13,wk flu hosp rate change,0,2025-12-13,39,pmf,increase,0.386
2025-12-13,wk flu hosp rate change,0,2025-12-13,39,pmf,large_decrease,0.001
2025-12-13,wk flu hosp rate change,0,2025-12-13,39,pmf,large_increase,0.04
2025-12-13,wk flu hosp rate change,0,2025-12-13,39,pmf,stable,0.421
2025-12-13,wk flu hosp rate change,0,2025-12-13,40,pmf,decrease,0.012
2025-12-13,wk flu hosp rate change,0,2025-12-13,40,pmf,increase,0.453
2025-12-13,wk flu hosp rate change,0,2025-12-13,40,pmf,large_decrease,0.002
2025-12-13,wk flu hosp rate change,0,2025-12-13,40,pmf,large_increase,0.049
2025-12-13,wk flu hosp rate change,0,2025-12-13,40,pmf,stable,0.484
2025-12-13,wk flu hosp rate change,0,2025-12-13,41,pmf,decrease,0.062
2025-12-13,wk flu hosp rate change,0,2025-12-13,41,pmf,increase,0.413
2025-12-13,wk flu hosp rate change,0,2025-12-13,41,pmf,large_decrease,0.001
2025-12-13,wk flu hosp rate change,0,2025-12-13,41,pmf,large_increase,0.039
2025-12-13,wk flu hosp rate change,0,2025-12-13,41,pmf,stable,0.485
2025-12-13,wk flu hosp rate change,0,2025-12-13,42,pmf,decrease,0.14
2025-12-13,wk flu hosp rate change,0,2025-12-13,42,pmf,increase,0.497
2025-12-13,wk flu hosp rate change,0,2025-12-13,42,pmf,large_decrease,0.001
2025-12-13,wk flu hosp rate change,0,2025-12-13,42,pmf,large_increase,0.086
2025-12-13,wk flu hosp rate change,0,2025-12-13,42,pmf,stable,0.276
2025-12-13,wk flu hosp rate change,0,2025-12-13,44,pmf,decrease,0.136
2025-12-13,wk flu hosp rate change,0,2025-12-13,44,pmf,increase,0.398
2025-12-13,wk flu hosp rate change,0,2025-12-13,44,pmf,large_decrease,0.001
2025-12-13,wk flu hosp rate change,0,2025-12-13,44,pmf,large_increase,0.024
2025-12-13,wk flu hosp rate change,0,2025-12-13,44,pmf,stable,0.4409999999999999
2025-12-13,wk flu hosp rate change,0,2025-12-13,45,pmf,decrease,0.143
2025-12-13,wk flu hosp rate change,0,2025-12-13,45,pmf,increase,0.449
2025-12-13,wk flu hosp rate change,0,2025-12-13,45,pmf,large_decrease,0.001
2025-12-13,wk flu hosp rate change,0,2025-12-13,45,pmf,large_increase,0.127
2025-12-13,wk flu hosp rate change,0,2025-12-13,45,pmf,stable,0.28
2025-12-13,wk flu hosp rate change,0,2025-12-13,46,pmf,decrease,0.001
2025-12-13,wk flu hosp rate change,0,2025-12-13,46,pmf,increase,0.347
2025-12-13,wk flu hosp rate change,0,2025-12-13,46,pmf,large_decrease,0.001
2025-12-13,wk flu hosp rate change,0,2025-12-13,46,pmf,large_increase,0.047
2025-12-13,wk flu hosp rate change,0,2025-12-13,46,pmf,stable,0.6040000000000001
2025-12-13,wk flu hosp rate change,0,2025-12-13,47,pmf,decrease,0.08291708291708293
2025-12-13,wk flu hosp rate change,0,2025-12-13,47,pmf,increase,0.45154845154845163
2025-12-13,wk flu hosp rate change,0,2025-12-13,47,pmf,large_decrease,0.0019980019980019984
2025-12-13,wk flu hosp rate change,0,2025-12-13,47,pmf,large_increase,0.10089910089910091
2025-12-13,wk flu hosp rate change,0,2025-12-13,47,pmf,stable,0.3626373626373627
2025-12-13,wk flu hosp rate change,0,2025-12-13,48,pmf,decrease,0.17
2025-12-13,wk flu hosp rate change,0,2025-12-13,48,pmf,increase,0.341
2025-12-13,wk flu hosp rate change,0,2025-12-13,48,pmf,large_decrease,0.001
2025-12-13,wk flu hosp rate change,0,2025-12-13,48,pmf,large_increase,0.336
2025-12-13,wk flu hosp rate change,0,2025-12-13,48,pmf,stable,0.15199999999999989
2025-12-13,wk flu hosp rate change,0,2025-12-13,49,pmf,decrease,0.155
2025-12-13,wk flu hosp rate change,0,2025-12-13,49,pmf,increase,0.457
2025-12-13,wk flu hosp rate change,0,2025-12-13,49,pmf,large_decrease,0.001
2025-12-13,wk flu hosp rate change,0,2025-12-13,49,pmf,large_increase,0.161
2025-12-13,wk flu hosp rate change,0,2025-12-13,49,pmf,stable,0.226
2025-12-13,wk flu hosp rate change,0,2025-12-13,50,pmf,decrease,0.046
2025-12-13,wk flu hosp rate change,0,2025-12-13,50,pmf,increase,0.492
2025-12-13,wk flu hosp rate change,0,2025-12-13,50,pmf,large_decrease,0.002
2025-12-13,wk flu hosp rate change,0,2025-12-13,50,pmf,large_increase,0.198
2025-12-13,wk flu hosp rate change,0,2025-12-13,50,pmf,stable,0.262
2025-12-13,wk flu hosp rate change,0,2025-12-13,51,pmf,decrease,0.193
2025-12-13,wk flu hosp rate change,0,2025-12-13,51,pmf,increase,0.426
2025-12-13,wk flu hosp rate change,0,2025-12-13,51,pmf,large_decrease,0.001
2025-12-13,wk flu hosp rate change,0,2025-12-13,51,pmf,large_increase,0.103
2025-12-13,wk flu hosp rate change,0,2025-12-13,51,pmf,stable,0.277
2025-12-13,wk flu hosp rate change,0,2025-12-13,53,pmf,decrease,0.155
2025-12-13,wk flu hosp rate change,0,2025-12-13,53,pmf,increase,0.389
2025-12-13,wk flu hosp rate change,0,2025-12-13,53,pmf,large_decrease,0.001
2025-12-13,wk flu hosp rate change,0,2025-12-13,53,pmf,large_increase,0.057
2025-12-13,wk flu hosp rate change,0,2025-12-13,53,pmf,stable,0.3979999999999999
2025-12-13,wk flu hosp rate change,0,2025-12-13,54,pmf,decrease,0.03
2025-12-13,wk flu hosp rate change,0,2025-12-13,54,pmf,increase,0.495
2025-12-13,wk flu hosp rate change,0,2025-12-13,54,pmf,large_decrease,0.002
2025-12-13,wk flu hosp rate change,0,2025-12-13,54,pmf,large_increase,0.12
2025-12-13,wk flu hosp rate change,0,2025-12-13,54,pmf,stable,0.353
2025-12-13,wk flu hosp rate change,0,2025-12-13,55,pmf,decrease,0.133
2025-12-13,wk flu hosp rate change,0,2025-12-13,55,pmf,increase,0.474
2025-12-13,wk flu hosp rate change,0,2025-12-13,55,pmf,large_decrease,0.001
2025-12-13,wk flu hosp rate change,0,2025-12-13,55,pmf,large_increase,0.102
2025-12-13,wk flu hosp rate change,0,2025-12-13,55,pmf,stable,0.29
2025-12-13,wk flu hosp rate change,0,2025-12-13,56,pmf,decrease,0.001
2025-12-13,wk flu hosp rate change,0,2025-12-13,56,pmf,increase,0.175
2025-12-13,wk flu hosp rate change,0,2025-12-13,56,pmf,large_decrease,0.001
2025-12-13,wk flu hosp rate change,0,2025-12-13,56,pmf,large_increase,0.006
2025-12-13,wk flu hosp rate change,0,2025-12-13,56,pmf,stable,0.817
2025-12-13,wk flu hosp rate change,0,2025-12-13,US,pmf,decrease,0.17382617382617382
2025-12-13,wk flu hosp rate change,0,2025-12-13,US,pmf,increase,0.4425574425574426
2025-12-13,wk flu hosp rate change,0,2025-12-13,US,pmf,large_decrease,0.0009990009990009992
2025-12-13,wk flu hosp rate change,0,2025-12-13,US,pmf,large_increase,0.09890109890109891
2025-12-13,wk flu hosp rate change,0,2025-12-13,US,pmf,stable,0.2837162837162837
2025-12-13,wk flu hosp rate change,1,2025-12-20,01,pmf,decrease,0.126
2025-12-13,wk flu hosp rate change,1,2025-12-20,01,pmf,increase,0.425
2025-12-13,wk flu hosp rate change,1,2025-12-20,01,pmf,large_decrease,0.001
2025-12-13,wk flu hosp rate change,1,2025-12-20,01,pmf,large_increase,0.076
2025-12-13,wk flu hosp rate change,1,2025-12-20,01,pmf,stable,0.3720000000000001
2025-12-13,wk flu hosp rate change,1,2025-12-20,02,pmf,decrease,0.285
2025-12-13,wk flu hosp rate change,1,2025-12-20,02,pmf,increase,0.368
2025-12-13,wk flu hosp rate change,1,2025-12-20,02,pmf,large_decrease,0.001
2025-12-13,wk flu hosp rate change,1,2025-12-20,02,pmf,large_increase,0.115
2025-12-13,wk flu hosp rate change,1,2025-12-20,02,pmf,stable,0.231
2025-12-13,wk flu hosp rate change,1,2025-12-20,04,pmf,decrease,0.001996007984031936
2025-12-13,wk flu hosp rate change,1,2025-12-20,04,pmf,increase,0.5858283433133732
2025-12-13,wk flu hosp rate change,1,2025-12-20,04,pmf,large_decrease,0.001996007984031936
2025-12-13,wk flu hosp rate change,1,2025-12-20,04,pmf,large_increase,0.04590818363273453
2025-12-13,wk flu hosp rate change,1,2025-12-20,04,pmf,stable,0.3642714570858283
2025-12-13,wk flu hosp rate change,1,2025-12-20,05,pmf,decrease,0.001
2025-12-13,wk flu hosp rate change,1,2025-12-20,05,pmf,increase,0.501
2025-12-13,wk flu hosp rate change,1,2025-12-20,05,pmf,large_decrease,0.001
2025-12-13,wk flu hosp rate change,1,2025-12-20,05,pmf,large_increase,0.037
2025-12-13,wk flu hosp rate change,1,2025-12-20,05,pmf,stable,0.4599999999999999
2025-12-13,wk flu hosp rate change,1,2025-12-20,06,pmf,decrease,0.001
2025-12-13,wk flu hosp rate change,1,2025-12-20,06,pmf,increase,0.449
2025-12-13,wk flu hosp rate change,1,2025-12-20,06,pmf,large_decrease,0.001
2025-12-13,wk flu hosp rate change,1,2025-12-20,06,pmf,large_increase,0.025
2025-12-13,wk flu hosp rate change,1,2025-12-20,06,pmf,stable,0.524
2025-12-13,wk flu hosp rate change,1,2025-12-20,08,pmf,decrease,0.12
2025-12-13,wk flu hosp rate change,1,2025-12-20,08,pmf,increase,0.533
2025-12-13,wk flu hosp rate change,1,2025-12-20,08,pmf,large_decrease,0.001
2025-12-13,wk flu hosp rate change,1,2025-12-20,08,pmf,large_increase,0.106
2025-12-13,wk flu hosp rate change,1,2025-12-20,08,pmf,stable,0.24
2025-12-13,wk flu hosp rate change,1,2025-12-20,09,pmf,decrease,0.199
2025-12-13,wk flu hosp rate change,1,2025-12-20,09,pmf,increase,0.465
2025-12-13,wk flu hosp rate change,1,2025-12-20,09,pmf,large_decrease,0.001
2025-12-13,wk flu hosp rate change,1,2025-12-20,09,pmf,large_increase,0.05
2025-12-13,wk flu hosp rate change,1,2025-12-20,09,pmf,stable,0.285
2025-12-13,wk flu hosp rate change,1,2025-12-20,10,pmf,decrease,0.023
2025-12-13,wk flu hosp rate change,1,2025-12-20,10,pmf,increase,0.575
2025-12-13,wk flu hosp rate change,1,2025-12-20,10,pmf,large_decrease,0.001
2025-12-13,wk flu hosp rate change,1,2025-12-20,10,pmf,large_increase,0.057
2025-12-13,wk flu hosp rate change,1,2025-12-20,10,pmf,stable,0.344
2025-12-13,wk flu hosp rate change,1,2025-12-20,11,pmf,decrease,0.186
2025-12-13,wk flu hosp rate change,1,2025-12-20,11,pmf,increase,0.472
2025-12-13,wk flu hosp rate change,1,2025-12-20,11,pmf,large_decrease,0.001
2025-12-13,wk flu hosp rate change,1,2025-12-20,11,pmf,large_increase,0.074
2025-12-13,wk flu hosp rate change,1,2025-12-20,11,pmf,stable,0.2670000000000001
2025-12-13,wk flu hosp rate change,1,2025-12-20,12,pmf,decrease,0.07
2025-12-13,wk flu hosp rate change,1,2025-12-20,12,pmf,increase,0.559
2025-12-13,wk flu hosp rate change,1,2025-12-20,12,pmf,large_decrease,0.001
2025-12-13,wk flu hosp rate change,1,2025-12-20,12,pmf,large_increase,0.111
2025-12-13,wk flu hosp rate change,1,2025-12-20,12,pmf,stable,0.259
2025-12-13,wk flu hosp rate change,1,2025-12-20,13,pmf,decrease,0.052
2025-12-13,wk flu hosp rate change,1,2025-12-20,13,pmf,increase,0.566
2025-12-13,wk flu hosp rate change,1,2025-12-20,13,pmf,large_decrease,0.001
2025-12-13,wk flu hosp rate change,1,2025-12-20,13,pmf,large_increase,0.072
2025-12-13,wk flu hosp rate change,1,2025-12-20,13,pmf,stable,0.309
2025-12-13,wk flu hosp rate change,1,2025-12-20,15,pmf,decrease,0.206
2025-12-13,wk flu hosp rate change,1,2025-12-20,15,pmf,increase,0.341
2025-12-13,wk flu hosp rate change,1,2025-12-20,15,pmf,large_decrease,0.024
2025-12-13,wk flu hosp rate change,1,2025-12-20,15,pmf,large_increase,0.281
2025-12-13,wk flu hosp rate change,1,2025-12-20,15,pmf,stable,0.148
2025-12-13,wk flu hosp rate change,1,2025-12-20,16,pmf,decrease,0.066
2025-12-13,wk flu hosp rate change,1,2025-12-20,16,pmf,increase,0.567
2025-12-13,wk flu hosp rate change,1,2025-12-20,16,pmf,large_decrease,0.001
2025-12-13,wk flu hosp rate change,1,2025-12-20,16,pmf,large_increase,0.091
2025-12-13,wk flu hosp rate change,1,2025-12-20,16,pmf,stable,0.275
2025-12-13,wk flu hosp rate change,1,2025-12-20,17,pmf,decrease,0.035
2025-12-13,wk flu hosp rate change,1,2025-12-20,17,pmf,increase,0.569
2025-12-13,wk flu hosp rate change,1,2025-12-20,17,pmf,large_decrease,0.001
2025-12-13,wk flu hosp rate change,1,2025-12-20,17,pmf,large_increase,0.054
2025-12-13,wk flu hosp rate change,1,2025-12-20,17,pmf,stable,0.341
2025-12-13,wk flu hosp rate change,1,2025-12-20,18,pmf,decrease,0.1
2025-12-13,wk flu hosp rate change,1,2025-12-20,18,pmf,increase,0.493
2025-12-13,wk flu hosp rate change,1,2025-12-20,18,pmf,large_decrease,0.001
2025-12-13,wk flu hosp rate change,1,2025-12-20,18,pmf,large_increase,0.06
2025-12-13,wk flu hosp rate change,1,2025-12-20,18,pmf,stable,0.3460000000000001
2025-12-13,wk flu hosp rate change,1,2025-12-20,19,pmf,decrease,0.001
2025-12-13,wk flu hosp rate change,1,2025-12-20,19,pmf,increase,0.383
2025-12-13,wk flu hosp rate change,1,2025-12-20,19,pmf,large_decrease,0.001
2025-12-13,wk flu hosp rate change,1,2025-12-20,19,pmf,large_increase,0.013
2025-12-13,wk flu hosp rate change,1,2025-12-20,19,pmf,stable,0.602
2025-12-13,wk flu hosp rate change,1,2025-12-20,20,pmf,decrease,0.0019980019980019984
2025-12-13,wk flu hosp rate change,1,2025-12-20,20,pmf,increase,0.5854145854145855
2025-12-13,wk flu hosp rate change,1,2025-12-20,20,pmf,large_decrease,0.0019980019980019984
2025-12-13,wk flu hosp rate change,1,2025-12-20,20,pmf,large_increase,0.033966033966033975
2025-12-13,wk flu hosp rate change,1,2025-12-20,20,pmf,stable,0.3766233766233767
2025-12-13,wk flu hosp rate change,1,2025-12-20,21,pmf,decrease,0.036
2025-12-13,wk flu hosp rate change,1,2025-12-20,21,pmf,increase,0.574
2025-12-13,wk flu hosp rate change,1,2025-12-20,21,pmf,large_decrease,0.002
2025-12-13,wk flu hosp rate change,1,2025-12-20,21,pmf,large_increase,0.074
2025-12-13,wk flu hosp rate change,1,2025-12-20,21,pmf,stable,0.314
2025-12-13,wk flu hosp rate change,1,2025-12-20,22,pmf,decrease,0.154
2025-12-13,wk flu hosp rate change,1,2025-12-20,22,pmf,increase,0.456
2025-12-13,wk flu hosp rate change,1,2025-12-20,22,pmf,large_decrease,0.001
2025-12-13,wk flu hosp rate change,1,2025-12-20,22,pmf,large_increase,0.193
2025-12-13,wk flu hosp rate change,1,2025-12-20,22,pmf,stable,0.196
2025-12-13,wk flu hosp rate change,1,2025-12-20,23,pmf,decrease,0.043
2025-12-13,wk flu hosp rate change,1,2025-12-20,23,pmf,increase,0.348
2025-12-13,wk flu hosp rate change,1,2025-12-20,23,pmf,large_decrease,0.001
2025-12-13,wk flu hosp rate change,1,2025-12-20,23,pmf,large_increase,0.012
2025-12-13,wk flu hosp rate change,1,2025-12-20,23,pmf,stable,0.5960000000000001
2025-12-13,wk flu hosp rate change,1,2025-12-20,24,pmf,decrease,0.11
2025-12-13,wk flu hosp rate change,1,2025-12-20,24,pmf,increase,0.527
2025-12-13,wk flu hosp rate change,1,2025-12-20,24,pmf,large_decrease,0.001
2025-12-13,wk flu hosp rate change,1,2025-12-20,24,pmf,large_increase,0.137
2025-12-13,wk flu hosp rate change,1,2025-12-20,24,pmf,stable,0.225
2025-12-13,wk flu hosp rate change,1,2025-12-20,25,pmf,decrease,0.082
2025-12-13,wk flu hosp rate change,1,2025-12-20,25,pmf,increase,0.507
2025-12-13,wk flu hosp rate change,1,2025-12-20,25,pmf,large_decrease,0.001
2025-12-13,wk flu hosp rate change,1,2025-12-20,25,pmf,large_increase,0.011
2025-12-13,wk flu hosp rate change,1,2025-12-20,25,pmf,stable,0.399
2025-12-13,wk flu hosp rate change,1,2025-12-20,26,pmf,decrease,0.053
2025-12-13,wk flu hosp rate change,1,2025-12-20,26,pmf,increase,0.578
2025-12-13,wk flu hosp rate change,1,2025-12-20,26,pmf,large_decrease,0.001
2025-12-13,wk flu hosp rate change,1,2025-12-20,26,pmf,large_increase,0.068
2025-12-13,wk flu hosp rate change,1,2025-12-20,26,pmf,stable,0.3
2025-12-13,wk flu hosp rate change,1,2025-12-20,27,pmf,decrease,0.16
2025-12-13,wk flu hosp rate change,1,2025-12-20,27,pmf,increase,0.475
2025-12-13,wk flu hosp rate change,1,2025-12-20,27,pmf,large_decrease,0.001
2025-12-13,wk flu hosp rate change,1,2025-12-20,27,pmf,large_increase,0.152
2025-12-13,wk flu hosp rate change,1,2025-12-20,27,pmf,stable,0.212
2025-12-13,wk flu hosp rate change,1,2025-12-20,28,pmf,decrease,0.041
2025-12-13,wk flu hosp rate change,1,2025-12-20,28,pmf,increase,0.451
2025-12-13,wk flu hosp rate change,1,2025-12-20,28,pmf,large_decrease,0.001
2025-12-13,wk flu hosp rate change,1,2025-12-20,28,pmf,large_increase,0.069
2025-12-13,wk flu hosp rate change,1,2025-12-20,28,pmf,stable,0.4379999999999999
2025-12-13,wk flu hosp rate change,1,2025-12-20,30,pmf,decrease,0.031
2025-12-13,wk flu hosp rate change,1,2025-12-20,30,pmf,increase,0.586
2025-12-13,wk flu hosp rate change,1,2025-12-20,30,pmf,large_decrease,0.001
2025-12-13,wk flu hosp rate change,1,2025-12-20,30,pmf,large_increase,0.077
2025-12-13,wk flu hosp rate change,1,2025-12-20,30,pmf,stable,0.305
2025-12-13,wk flu hosp rate change,1,2025-12-20,31,pmf,decrease,0.001
2025-12-13,wk flu hosp rate change,1,2025-12-20,31,pmf,increase,0.284
2025-12-13,wk flu hosp rate change,1,2025-12-20,31,pmf,large_decrease,0.001
2025-12-13,wk flu hosp rate change,1,2025-12-20,31,pmf,large_increase,0.021
2025-12-13,wk flu hosp rate change,1,2025-12-20,31,pmf,stable,0.6930000000000001
2025-12-13,wk flu hosp rate change,1,2025-12-20,32,pmf,decrease,0.001
2025-12-13,wk flu hosp rate change,1,2025-12-20,32,pmf,increase,0.529
2025-12-13,wk flu hosp rate change,1,2025-12-20,32,pmf,large_decrease,0.001
2025-12-13,wk flu hosp rate change,1,2025-12-20,32,pmf,large_increase,0.031
2025-12-13,wk flu hosp rate change,1,2025-12-20,32,pmf,stable,0.438
2025-12-13,wk flu hosp rate change,1,2025-12-20,33,pmf,decrease,0.039
2025-12-13,wk flu hosp rate change,1,2025-12-20,33,pmf,increase,0.522
2025-12-13,wk flu hosp rate change,1,2025-12-20,33,pmf,large_decrease,0.001
2025-12-13,wk flu hosp rate change,1,2025-12-20,33,pmf,large_increase,0.028
2025-12-13,wk flu hosp rate change,1,2025-12-20,33,pmf,stable,0.41
2025-12-13,wk flu hosp rate change,1,2025-12-20,34,pmf,decrease,0.165
2025-12-13,wk flu hosp rate change,1,2025-12-20,34,pmf,increase,0.48
2025-12-13,wk flu hosp rate change,1,2025-12-20,34,pmf,large_decrease,0.001
2025-12-13,wk flu hosp rate change,1,2025-12-20,34,pmf,large_increase,0.133
2025-12-13,wk flu hosp rate change,1,2025-12-20,34,pmf,stable,0.221
2025-12-13,wk flu hosp rate change,1,2025-12-20,35,pmf,decrease,0.015
2025-12-13,wk flu hosp rate change,1,2025-12-20,35,pmf,increase,0.635
2025-12-13,wk flu hosp rate change,1,2025-12-20,35,pmf,large_decrease,0.001
2025-12-13,wk flu hosp rate change,1,2025-12-20,35,pmf,large_increase,0.081
2025-12-13,wk flu hosp rate change,1,2025-12-20,35,pmf,stable,0.268
2025-12-13,wk flu hosp rate change,1,2025-12-20,36,pmf,decrease,0.154
2025-12-13,wk flu hosp rate change,1,2025-12-20,36,pmf,increase,0.503
2025-12-13,wk flu hosp rate change,1,2025-12-20,36,pmf,large_decrease,0.001
2025-12-13,wk flu hosp rate change,1,2025-12-20,36,pmf,large_increase,0.074
2025-12-13,wk flu hosp rate change,1,2025-12-20,36,pmf,stable,0.268
2025-12-13,wk flu hosp rate change,1,2025-12-20,37,pmf,decrease,0.19
2025-12-13,wk flu hosp rate change,1,2025-12-20,37,pmf,increase,0.393
2025-12-13,wk flu hosp rate change,1,2025-12-20,37,pmf,large_decrease,0.001
2025-12-13,wk flu hosp rate change,1,2025-12-20,37,pmf,large_increase,0.232
2025-12-13,wk flu hosp rate change,1,2025-12-20,37,pmf,stable,0.184
2025-12-13,wk flu hosp rate change,1,2025-12-20,38,pmf,decrease,0.046953046953046945
2025-12-13,wk flu hosp rate change,1,2025-12-20,38,pmf,increase,0.5214785214785215
2025-12-13,wk flu hosp rate change,1,2025-12-20,38,pmf,large_decrease,0.000999000999000999
2025-12-13,wk flu hosp rate change,1,2025-12-20,38,pmf,large_increase,0.030969030969030965
2025-12-13,wk flu hosp rate change,1,2025-12-20,38,pmf,stable,0.39960039960039956
2025-12-13,wk flu hosp rate change,1,2025-12-20,39,pmf,decrease,0.076
2025-12-13,wk flu hosp rate change,1,2025-12-20,39,pmf,increase,0.386
2025-12-13,wk flu hosp rate change,1,2025-12-20,39,pmf,large_decrease,0.001
2025-12-13,wk flu hosp rate change,1,2025-12-20,39,pmf,large_increase,0.034
2025-12-13,wk flu hosp rate change,1,2025-12-20,39,pmf,stable,0.503
2025-12-13,wk flu hosp rate change,1,2025-12-20,40,pmf,decrease,0.001998001998001998
2025-12-13,wk flu hosp rate change,1,2025-12-20,40,pmf,increase,0.5404595404595405
2025-12-13,wk flu hosp rate change,1,2025-12-20,40,pmf,large_decrease,0.001998001998001998
2025-12-13,wk flu hosp rate change,1,2025-12-20,40,pmf,large_increase,0.030969030969030965
2025-12-13,wk flu hosp rate change,1,2025-12-20,40,pmf,stable,0.4245754245754245
2025-12-13,wk flu hosp rate change,1,2025-12-20,41,pmf,decrease,0.001
2025-12-13,wk flu hosp rate change,1,2025-12-20,41,pmf,increase,0.541
2025-12-13,wk flu hosp rate change,1,2025-12-20,41,pmf,large_decrease,0.001
2025-12-13,wk flu hosp rate change,1,2025-12-20,41,pmf,large_increase,0.036
2025-12-13,wk flu hosp rate change,1,2025-12-20,41,pmf,stable,0.421
2025-12-13,wk flu hosp rate change,1,2025-12-20,42,pmf,decrease,0.057
2025-12-13,wk flu hosp rate change,1,2025-12-20,42,pmf,increase,0.591
2025-12-13,wk flu hosp rate change,1,2025-12-20,42,pmf,large_decrease,0.001
2025-12-13,wk flu hosp rate change,1,2025-12-20,42,pmf,large_increase,0.067
2025-12-13,wk flu hosp rate change,1,2025-12-20,42,pmf,stable,0.284
2025-12-13,wk flu hosp rate change,1,2025-12-20,44,pmf,decrease,0.071
2025-12-13,wk flu hosp rate change,1,2025-12-20,44,pmf,increase,0.463
2025-12-13,wk flu hosp rate change,1,2025-12-20,44,pmf,large_decrease,0.001
2025-12-13,wk flu hosp rate change,1,2025-12-20,44,pmf,large_increase,0.004
2025-12-13,wk flu hosp rate change,1,2025-12-20,44,pmf,stable,0.4609999999999999
2025-12-13,wk flu hosp rate change,1,2025-12-20,45,pmf,decrease,0.045
2025-12-13,wk flu hosp rate change,1,2025-12-20,45,pmf,increase,0.581
2025-12-13,wk flu hosp rate change,1,2025-12-20,45,pmf,large_decrease,0.001
2025-12-13,wk flu hosp rate change,1,2025-12-20,45,pmf,large_increase,0.106
2025-12-13,wk flu hosp rate change,1,2025-12-20,45,pmf,stable,0.267
2025-12-13,wk flu hosp rate change,1,2025-12-20,46,pmf,decrease,0.001
2025-12-13,wk flu hosp rate change,1,2025-12-20,46,pmf,increase,0.439
2025-12-13,wk flu hosp rate change,1,2025-12-20,46,pmf,large_decrease,0.001
2025-12-13,wk flu hosp rate change,1,2025-12-20,46,pmf,large_increase,0.017
2025-12-13,wk flu hosp rate change,1,2025-12-20,46,pmf,stable,0.542
2025-12-13,wk flu hosp rate change,1,2025-12-20,47,pmf,decrease,0.011
2025-12-13,wk flu hosp rate change,1,2025-12-20,47,pmf,increase,0.633
2025-12-13,wk flu hosp rate change,1,2025-12-20,47,pmf,large_decrease,0.002
2025-12-13,wk flu hosp rate change,1,2025-12-20,47,pmf,large_increase,0.076
2025-12-13,wk flu hosp rate change,1,2025-12-20,47,pmf,stable,0.278
2025-12-13,wk flu hosp rate change,1,2025-12-20,48,pmf,decrease,0.122
2025-12-13,wk flu hosp rate change,1,2025-12-20,48,pmf,increase,0.445
2025-12-13,wk flu hosp rate change,1,2025-12-20,48,pmf,large_decrease,0.001
2025-12-13,wk flu hosp rate change,1,2025-12-20,48,pmf,large_increase,0.215
2025-12-13,wk flu hosp rate change,1,2025-12-20,48,pmf,stable,0.2170000000000001
2025-12-13,wk flu hosp rate change,1,2025-12-20,49,pmf,decrease,0.067
2025-12-13,wk flu hosp rate change,1,2025-12-20,49,pmf,increase,0.531
2025-12-13,wk flu hosp rate change,1,2025-12-20,49,pmf,large_decrease,0.001
2025-12-13,wk flu hosp rate change,1,2025-12-20,49,pmf,large_increase,0.219
2025-12-13,wk flu hosp rate change,1,2025-12-20,49,pmf,stable,0.18199999999999988
2025-12-13,wk flu hosp rate change,1,2025-12-20,50,pmf,decrease,0.001
2025-12-13,wk flu hosp rate change,1,2025-12-20,50,pmf,increase,0.542
2025-12-13,wk flu hosp rate change,1,2025-12-20,50,pmf,large_decrease,0.001
2025-12-13,wk flu hosp rate change,1,2025-12-20,50,pmf,large_increase,0.068
2025-12-13,wk flu hosp rate change,1,2025-12-20,50,pmf,stable,0.3879999999999999
2025-12-13,wk flu hosp rate change,1,2025-12-20,51,pmf,decrease,0.104
2025-12-13,wk flu hosp rate change,1,2025-12-20,51,pmf,increase,0.538
2025-12-13,wk flu hosp rate change,1,2025-12-20,51,pmf,large_decrease,0.001
2025-12-13,wk flu hosp rate change,1,2025-12-20,51,pmf,large_increase,0.089
2025-12-13,wk flu hosp rate change,1,2025-12-20,51,pmf,stable,0.268
2025-12-13,wk flu hosp rate change,1,2025-12-20,53,pmf,decrease,0.025
2025-12-13,wk flu hosp rate change,1,2025-12-20,53,pmf,increase,0.537
2025-12-13,wk flu hosp rate change,1,2025-12-20,53,pmf,large_decrease,0.001
2025-12-13,wk flu hosp rate change,1,2025-12-20,53,pmf,large_increase,0.045
2025-12-13,wk flu hosp rate change,1,2025-12-20,53,pmf,stable,0.392
2025-12-13,wk flu hosp rate change,1,2025-12-20,54,pmf,decrease,0.002
2025-12-13,wk flu hosp rate change,1,2025-12-20,54,pmf,increase,0.555
2025-12-13,wk flu hosp rate change,1,2025-12-20,54,pmf,large_decrease,0.002
2025-12-13,wk flu hosp rate change,1,2025-12-20,54,pmf,large_increase,0.068
2025-12-13,wk flu hosp rate change,1,2025-12-20,54,pmf,stable,0.373
2025-12-13,wk flu hosp rate change,1,2025-12-20,55,pmf,decrease,0.045954045954045945
2025-12-13,wk flu hosp rate change,1,2025-12-20,55,pmf,increase,0.5134865134865134
2025-12-13,wk flu hosp rate change,1,2025-12-20,55,pmf,large_decrease,0.000999000999000999
2025-12-13,wk flu hosp rate change,1,2025-12-20,55,pmf,large_increase,0.030969030969030965
2025-12-13,wk flu hosp rate change,1,2025-12-20,55,pmf,stable,0.4085914085914085
2025-12-13,wk flu hosp rate change,1,2025-12-20,56,pmf,decrease,0.001
2025-12-13,wk flu hosp rate change,1,2025-12-20,56,pmf,increase,0.082
2025-12-13,wk flu hosp rate change,1,2025-12-20,56,pmf,large_decrease,0.001
2025-12-13,wk flu hosp rate change,1,2025-12-20,56,pmf,large_increase,0.001
2025-12-13,wk flu hosp rate change,1,2025-12-20,56,pmf,stable,0.915
2025-12-13,wk flu hosp rate change,1,2025-12-20,US,pmf,decrease,0.071
2025-12-13,wk flu hosp rate change,1,2025-12-20,US,pmf,increase,0.562
2025-12-13,wk flu hosp rate change,1,2025-12-20,US,pmf,large_decrease,0.001
2025-12-13,wk flu hosp rate change,1,2025-12-20,US,pmf,large_increase,0.068
2025-12-13,wk flu hosp rate change,1,2025-12-20,US,pmf,stable,0.2980000000000001
2025-12-13,wk flu hosp rate change,2,2025-12-27,01,pmf,decrease,0.089
2025-12-13,wk flu hosp rate change,2,2025-12-27,01,pmf,increase,0.356
2025-12-13,wk flu hosp rate change,2,2025-12-27,01,pmf,large_decrease,0.002
2025-12-13,wk flu hosp rate change,2,2025-12-27,01,pmf,large_increase,0.106
2025-12-13,wk flu hosp rate change,2,2025-12-27,01,pmf,stable,0.447
2025-12-13,wk flu hosp rate change,2,2025-12-27,02,pmf,decrease,0.213
2025-12-13,wk flu hosp rate change,2,2025-12-27,02,pmf,increase,0.398
2025-12-13,wk flu hosp rate change,2,2025-12-27,02,pmf,large_decrease,0.001
2025-12-13,wk flu hosp rate change,2,2025-12-27,02,pmf,large_increase,0.116
2025-12-13,wk flu hosp rate change,2,2025-12-27,02,pmf,stable,0.272
2025-12-13,wk flu hosp rate change,2,2025-12-27,04,pmf,decrease,0.001
2025-12-13,wk flu hosp rate change,2,2025-12-27,04,pmf,increase,0.478
2025-12-13,wk flu hosp rate change,2,2025-12-27,04,pmf,large_decrease,0.001
2025-12-13,wk flu hosp rate change,2,2025-12-27,04,pmf,large_increase,0.034
2025-12-13,wk flu hosp rate change,2,2025-12-27,04,pmf,stable,0.486
2025-12-13,wk flu hosp rate change,2,2025-12-27,05,pmf,decrease,0.001
2025-12-13,wk flu hosp rate change,2,2025-12-27,05,pmf,increase,0.405
2025-12-13,wk flu hosp rate change,2,2025-12-27,05,pmf,large_decrease,0.001
2025-12-13,wk flu hosp rate change,2,2025-12-27,05,pmf,large_increase,0.041
2025-12-13,wk flu hosp rate change,2,2025-12-27,05,pmf,stable,0.5519999999999999
2025-12-13,wk flu hosp rate change,2,2025-12-27,06,pmf,decrease,0.001
2025-12-13,wk flu hosp rate change,2,2025-12-27,06,pmf,increase,0.342
2025-12-13,wk flu hosp rate change,2,2025-12-27,06,pmf,large_decrease,0.001
2025-12-13,wk flu hosp rate change,2,2025-12-27,06,pmf,large_increase,0.023
2025-12-13,wk flu hosp rate change,2,2025-12-27,06,pmf,stable,0.633
2025-12-13,wk flu hosp rate change,2,2025-12-27,08,pmf,decrease,0.118
2025-12-13,wk flu hosp rate change,2,2025-12-27,08,pmf,increase,0.541
2025-12-13,wk flu hosp rate change,2,2025-12-27,08,pmf,large_decrease,0.001
2025-12-13,wk flu hosp rate change,2,2025-12-27,08,pmf,large_increase,0.051
2025-12-13,wk flu hosp rate change,2,2025-12-27,08,pmf,stable,0.289
2025-12-13,wk flu hosp rate change,2,2025-12-27,09,pmf,decrease,0.166
2025-12-13,wk flu hosp rate change,2,2025-12-27,09,pmf,increase,0.488
2025-12-13,wk flu hosp rate change,2,2025-12-27,09,pmf,large_decrease,0.001
2025-12-13,wk flu hosp rate change,2,2025-12-27,09,pmf,large_increase,0.034
2025-12-13,wk flu hosp rate change,2,2025-12-27,09,pmf,stable,0.311
2025-12-13,wk flu hosp rate change,2,2025-12-27,10,pmf,decrease,0.003
2025-12-13,wk flu hosp rate change,2,2025-12-27,10,pmf,increase,0.614
2025-12-13,wk flu hosp rate change,2,2025-12-27,10,pmf,large_decrease,0.001
2025-12-13,wk flu hosp rate change,2,2025-12-27,10,pmf,large_increase,0.087
2025-12-13,wk flu hosp rate change,2,2025-12-27,10,pmf,stable,0.295
2025-12-13,wk flu hosp rate change,2,2025-12-27,11,pmf,decrease,0.182
2025-12-13,wk flu hosp rate change,2,2025-12-27,11,pmf,increase,0.446
2025-12-13,wk flu hosp rate change,2,2025-12-27,11,pmf,large_decrease,0.001
2025-12-13,wk flu hosp rate change,2,2025-12-27,11,pmf,large_increase,0.067
2025-12-13,wk flu hosp rate change,2,2025-12-27,11,pmf,stable,0.3040000000000001
2025-12-13,wk flu hosp rate change,2,2025-12-27,12,pmf,decrease,0.076
2025-12-13,wk flu hosp rate change,2,2025-12-27,12,pmf,increase,0.509
2025-12-13,wk flu hosp rate change,2,2025-12-27,12,pmf,large_decrease,0.001
2025-12-13,wk flu hosp rate change,2,2025-12-27,12,pmf,large_increase,0.083
2025-12-13,wk flu hosp rate change,2,2025-12-27,12,pmf,stable,0.3310000000000001
2025-12-13,wk flu hosp rate change,2,2025-12-27,13,pmf,decrease,0.046
2025-12-13,wk flu hosp rate change,2,2025-12-27,13,pmf,increase,0.482
2025-12-13,wk flu hosp rate change,2,2025-12-27,13,pmf,large_decrease,0.001
2025-12-13,wk flu hosp rate change,2,2025-12-27,13,pmf,large_increase,0.101
2025-12-13,wk flu hosp rate change,2,2025-12-27,13,pmf,stable,0.37
2025-12-13,wk flu hosp rate change,2,2025-12-27,15,pmf,decrease,0.21
2025-12-13,wk flu hosp rate change,2,2025-12-27,15,pmf,increase,0.339
2025-12-13,wk flu hosp rate change,2,2025-12-27,15,pmf,large_decrease,0.004
2025-12-13,wk flu hosp rate change,2,2025-12-27,15,pmf,large_increase,0.29
2025-12-13,wk flu hosp rate change,2,2025-12-27,15,pmf,stable,0.157
2025-12-13,wk flu hosp rate change,2,2025-12-27,16,pmf,decrease,0.034
2025-12-13,wk flu hosp rate change,2,2025-12-27,16,pmf,increase,0.573
2025-12-13,wk flu hosp rate change,2,2025-12-27,16,pmf,large_decrease,0.001
2025-12-13,wk flu hosp rate change,2,2025-12-27,16,pmf,large_increase,0.075
2025-12-13,wk flu hosp rate change,2,2025-12-27,16,pmf,stable,0.317
2025-12-13,wk flu hosp rate change,2,2025-12-27,17,pmf,decrease,0.012
2025-12-13,wk flu hosp rate change,2,2025-12-27,17,pmf,increase,0.53
2025-12-13,wk flu hosp rate change,2,2025-12-27,17,pmf,large_decrease,0.001
2025-12-13,wk flu hosp rate change,2,2025-12-27,17,pmf,large_increase,0.067
2025-12-13,wk flu hosp rate change,2,2025-12-27,17,pmf,stable,0.39
2025-12-13,wk flu hosp rate change,2,2025-12-27,18,pmf,decrease,0.05
2025-12-13,wk flu hosp rate change,2,2025-12-27,18,pmf,increase,0.454
2025-12-13,wk flu hosp rate change,2,2025-12-27,18,pmf,large_decrease,0.002
2025-12-13,wk flu hosp rate change,2,2025-12-27,18,pmf,large_increase,0.094
2025-12-13,wk flu hosp rate change,2,2025-12-27,18,pmf,stable,0.4
2025-12-13,wk flu hosp rate change,2,2025-12-27,19,pmf,decrease,0.001
2025-12-13,wk flu hosp rate change,2,2025-12-27,19,pmf,increase,0.255
2025-12-13,wk flu hosp rate change,2,2025-12-27,19,pmf,large_decrease,0.001
2025-12-13,wk flu hosp rate change,2,2025-12-27,19,pmf,large_increase,0.024
2025-12-13,wk flu hosp rate change,2,2025-12-27,19,pmf,stable,0.719
2025-12-13,wk flu hosp rate change,2,2025-12-27,20,pmf,decrease,0.001
2025-12-13,wk flu hosp rate change,2,2025-12-27,20,pmf,increase,0.401
2025-12-13,wk flu hosp rate change,2,2025-12-27,20,pmf,large_decrease,0.001
2025-12-13,wk flu hosp rate change,2,2025-12-27,20,pmf,large_increase,0.024
2025-12-13,wk flu hosp rate change,2,2025-12-27,20,pmf,stable,0.573
2025-12-13,wk flu hosp rate change,2,2025-12-27,21,pmf,decrease,0.006
2025-12-13,wk flu hosp rate change,2,2025-12-27,21,pmf,increase,0.568
2025-12-13,wk flu hosp rate change,2,2025-12-27,21,pmf,large_decrease,0.001
2025-12-13,wk flu hosp rate change,2,2025-12-27,21,pmf,large_increase,0.079
2025-12-13,wk flu hosp rate change,2,2025-12-27,21,pmf,stable,0.3460000000000001
2025-12-13,wk flu hosp rate change,2,2025-12-27,22,pmf,decrease,0.147
2025-12-13,wk flu hosp rate change,2,2025-12-27,22,pmf,increase,0.469
2025-12-13,wk flu hosp rate change,2,2025-12-27,22,pmf,large_decrease,0.001
2025-12-13,wk flu hosp rate change,2,2025-12-27,22,pmf,large_increase,0.144
2025-12-13,wk flu hosp rate change,2,2025-12-27,22,pmf,stable,0.239
2025-12-13,wk flu hosp rate change,2,2025-12-27,23,pmf,decrease,0.011
2025-12-13,wk flu hosp rate change,2,2025-12-27,23,pmf,increase,0.29
2025-12-13,wk flu hosp rate change,2,2025-12-27,23,pmf,large_decrease,0.002
2025-12-13,wk flu hosp rate change,2,2025-12-27,23,pmf,large_increase,0.012
2025-12-13,wk flu hosp rate change,2,2025-12-27,23,pmf,stable,0.685
2025-12-13,wk flu hosp rate change,2,2025-12-27,24,pmf,decrease,0.097
2025-12-13,wk flu hosp rate change,2,2025-12-27,24,pmf,increase,0.551
2025-12-13,wk flu hosp rate change,2,2025-12-27,24,pmf,large_decrease,0.001
2025-12-13,wk flu hosp rate change,2,2025-12-27,24,pmf,large_increase,0.117
2025-12-13,wk flu hosp rate change,2,2025-12-27,24,pmf,stable,0.234
2025-12-13,wk flu hosp rate change,2,2025-12-27,25,pmf,decrease,0.044
2025-12-13,wk flu hosp rate change,2,2025-12-27,25,pmf,increase,0.537
2025-12-13,wk flu hosp rate change,2,2025-12-27,25,pmf,large_decrease,0.001
2025-12-13,wk flu hosp rate change,2,2025-12-27,25,pmf,large_increase,0.007
2025-12-13,wk flu hosp rate change,2,2025-12-27,25,pmf,stable,0.411
2025-12-13,wk flu hosp rate change,2,2025-12-27,26,pmf,decrease,0.019
2025-12-13,wk flu hosp rate change,2,2025-12-27,26,pmf,increase,0.567
2025-12-13,wk flu hosp rate change,2,2025-12-27,26,pmf,large_decrease,0.001
2025-12-13,wk flu hosp rate change,2,2025-12-27,26,pmf,large_increase,0.064
2025-12-13,wk flu hosp rate change,2,2025-12-27,26,pmf,stable,0.349
2025-12-13,wk flu hosp rate change,2,2025-12-27,27,pmf,decrease,0.182
2025-12-13,wk flu hosp rate change,2,2025-12-27,27,pmf,increase,0.416
2025-12-13,wk flu hosp rate change,2,2025-12-27,27,pmf,large_decrease,0.001
2025-12-13,wk flu hosp rate change,2,2025-12-27,27,pmf,large_increase,0.155
2025-12-13,wk flu hosp rate change,2,2025-12-27,27,pmf,stable,0.246
2025-12-13,wk flu hosp rate change,2,2025-12-27,28,pmf,decrease,0.181
2025-12-13,wk flu hosp rate change,2,2025-12-27,28,pmf,increase,0.231
2025-12-13,wk flu hosp rate change,2,2025-12-27,28,pmf,large_decrease,0.002
2025-12-13,wk flu hosp rate change,2,2025-12-27,28,pmf,large_increase,0.081
2025-12-13,wk flu hosp rate change,2,2025-12-27,28,pmf,stable,0.505
2025-12-13,wk flu hosp rate change,2,2025-12-27,30,pmf,decrease,0.006
2025-12-13,wk flu hosp rate change,2,2025-12-27,30,pmf,increase,0.59
2025-12-13,wk flu hosp rate change,2,2025-12-27,30,pmf,large_decrease,0.001
2025-12-13,wk flu hosp rate change,2,2025-12-27,30,pmf,large_increase,0.076
2025-12-13,wk flu hosp rate change,2,2025-12-27,30,pmf,stable,0.327
2025-12-13,wk flu hosp rate change,2,2025-12-27,31,pmf,decrease,0.001
2025-12-13,wk flu hosp rate change,2,2025-12-27,31,pmf,increase,0.277
2025-12-13,wk flu hosp rate change,2,2025-12-27,31,pmf,large_decrease,0.001
2025-12-13,wk flu hosp rate change,2,2025-12-27,31,pmf,large_increase,0.02
2025-12-13,wk flu hosp rate change,2,2025-12-27,31,pmf,stable,0.701
2025-12-13,wk flu hosp rate change,2,2025-12-27,32,pmf,decrease,0.001
2025-12-13,wk flu hosp rate change,2,2025-12-27,32,pmf,increase,0.391
2025-12-13,wk flu hosp rate change,2,2025-12-27,32,pmf,large_decrease,0.001
2025-12-13,wk flu hosp rate change,2,2025-12-27,32,pmf,large_increase,0.026
2025-12-13,wk flu hosp rate change,2,2025-12-27,32,pmf,stable,0.581
2025-12-13,wk flu hosp rate change,2,2025-12-27,33,pmf,decrease,0.01
2025-12-13,wk flu hosp rate change,2,2025-12-27,33,pmf,increase,0.588
2025-12-13,wk flu hosp rate change,2,2025-12-27,33,pmf,large_decrease,0.001
2025-12-13,wk flu hosp rate change,2,2025-12-27,33,pmf,large_increase,0.036
2025-12-13,wk flu hosp rate change,2,2025-12-27,33,pmf,stable,0.365
2025-12-13,wk flu hosp rate change,2,2025-12-27,34,pmf,decrease,0.123
2025-12-13,wk flu hosp rate change,2,2025-12-27,34,pmf,increase,0.535
2025-12-13,wk flu hosp rate change,2,2025-12-27,34,pmf,large_decrease,0.001
2025-12-13,wk flu hosp rate change,2,2025-12-27,34,pmf,large_increase,0.108
2025-12-13,wk flu hosp rate change,2,2025-12-27,34,pmf,stable,0.233
2025-12-13,wk flu hosp rate change,2,2025-12-27,35,pmf,decrease,0.001
2025-12-13,wk flu hosp rate change,2,2025-12-27,35,pmf,increase,0.531
2025-12-13,wk flu hosp rate change,2,2025-12-27,35,pmf,large_decrease,0.001
2025-12-13,wk flu hosp rate change,2,2025-12-27,35,pmf,large_increase,0.062
2025-12-13,wk flu hosp rate change,2,2025-12-27,35,pmf,stable,0.405
2025-12-13,wk flu hosp rate change,2,2025-12-27,36,pmf,decrease,0.143
2025-12-13,wk flu hosp rate change,2,2025-12-27,36,pmf,increase,0.492
2025-12-13,wk flu hosp rate change,2,2025-12-27,36,pmf,large_decrease,0.001
2025-12-13,wk flu hosp rate change,2,2025-12-27,36,pmf,large_increase,0.032
2025-12-13,wk flu hosp rate change,2,2025-12-27,36,pmf,stable,0.3319999999999999
2025-12-13,wk flu hosp rate change,2,2025-12-27,37,pmf,decrease,0.207
2025-12-13,wk flu hosp rate change,2,2025-12-27,37,pmf,increase,0.382
2025-12-13,wk flu hosp rate change,2,2025-12-27,37,pmf,large_decrease,0.001
2025-12-13,wk flu hosp rate change,2,2025-12-27,37,pmf,large_increase,0.133
2025-12-13,wk flu hosp rate change,2,2025-12-27,37,pmf,stable,0.277
2025-12-13,wk flu hosp rate change,2,2025-12-27,38,pmf,decrease,0.004
2025-12-13,wk flu hosp rate change,2,2025-12-27,38,pmf,increase,0.47
2025-12-13,wk flu hosp rate change,2,2025-12-27,38,pmf,large_decrease,0.001
2025-12-13,wk flu hosp rate change,2,2025-12-27,38,pmf,large_increase,0.049
2025-12-13,wk flu hosp rate change,2,2025-12-27,38,pmf,stable,0.476
2025-12-13,wk flu hosp rate change,2,2025-12-27,39,pmf,decrease,0.043
2025-12-13,wk flu hosp rate change,2,2025-12-27,39,pmf,increase,0.33
2025-12-13,wk flu hosp rate change,2,2025-12-27,39,pmf,large_decrease,0.002
2025-12-13,wk flu hosp rate change,2,2025-12-27,39,pmf,large_increase,0.048
2025-12-13,wk flu hosp rate change,2,2025-12-27,39,pmf,stable,0.577
2025-12-13,wk flu hosp rate change,2,2025-12-27,40,pmf,decrease,0.001
2025-12-13,wk flu hosp rate change,2,2025-12-27,40,pmf,increase,0.43
2025-12-13,wk flu hosp rate change,2,2025-12-27,40,pmf,large_decrease,0.001
2025-12-13,wk flu hosp rate change,2,2025-12-27,40,pmf,large_increase,0.022
2025-12-13,wk flu hosp rate change,2,2025-12-27,40,pmf,stable,0.546
2025-12-13,wk flu hosp rate change,2,2025-12-27,41,pmf,decrease,0.001
2025-12-13,wk flu hosp rate change,2,2025-12-27,41,pmf,increase,0.42
2025-12-13,wk flu hosp rate change,2,2025-12-27,41,pmf,large_decrease,0.001
2025-12-13,wk flu hosp rate change,2,2025-12-27,41,pmf,large_increase,0.036
2025-12-13,wk flu hosp rate change,2,2025-12-27,41,pmf,stable,0.542
2025-12-13,wk flu hosp rate change,2,2025-12-27,42,pmf,decrease,0.021
2025-12-13,wk flu hosp rate change,2,2025-12-27,42,pmf,increase,0.566
2025-12-13,wk flu hosp rate change,2,2025-12-27,42,pmf,large_decrease,0.001
2025-12-13,wk flu hosp rate change,2,2025-12-27,42,pmf,large_increase,0.068
2025-12-13,wk flu hosp rate change,2,2025-12-27,42,pmf,stable,0.34400000000000014
2025-12-13,wk flu hosp rate change,2,2025-12-27,44,pmf,decrease,0.041
2025-12-13,wk flu hosp rate change,2,2025-12-27,44,pmf,increase,0.499
2025-12-13,wk flu hosp rate change,2,2025-12-27,44,pmf,large_decrease,0.001
2025-12-13,wk flu hosp rate change,2,2025-12-27,44,pmf,large_increase,0.006
2025-12-13,wk flu hosp rate change,2,2025-12-27,44,pmf,stable,0.453
2025-12-13,wk flu hosp rate change,2,2025-12-27,45,pmf,decrease,0.012
2025-12-13,wk flu hosp rate change,2,2025-12-27,45,pmf,increase,0.542
2025-12-13,wk flu hosp rate change,2,2025-12-27,45,pmf,large_decrease,0.001
2025-12-13,wk flu hosp rate change,2,2025-12-27,45,pmf,large_increase,0.074
2025-12-13,wk flu hosp rate change,2,2025-12-27,45,pmf,stable,0.371
2025-12-13,wk flu hosp rate change,2,2025-12-27,46,pmf,decrease,0.001
2025-12-13,wk flu hosp rate change,2,2025-12-27,46,pmf,increase,0.352
2025-12-13,wk flu hosp rate change,2,2025-12-27,46,pmf,large_decrease,0.001
2025-12-13,wk flu hosp rate change,2,2025-12-27,46,pmf,large_increase,0.013
2025-12-13,wk flu hosp rate change,2,2025-12-27,46,pmf,stable,0.633
2025-12-13,wk flu hosp rate change,2,2025-12-27,47,pmf,decrease,0.001
2025-12-13,wk flu hosp rate change,2,2025-12-27,47,pmf,increase,0.597
2025-12-13,wk flu hosp rate change,2,2025-12-27,47,pmf,large_decrease,0.001
2025-12-13,wk flu hosp rate change,2,2025-12-27,47,pmf,large_increase,0.056
2025-12-13,wk flu hosp rate change,2,2025-12-27,47,pmf,stable,0.345
2025-12-13,wk flu hosp rate change,2,2025-12-27,48,pmf,decrease,0.124
2025-12-13,wk flu hosp rate change,2,2025-12-27,48,pmf,increase,0.449
2025-12-13,wk flu hosp rate change,2,2025-12-27,48,pmf,large_decrease,0.001
2025-12-13,wk flu hosp rate change,2,2025-12-27,48,pmf,large_increase,0.152
2025-12-13,wk flu hosp rate change,2,2025-12-27,48,pmf,stable,0.274
2025-12-13,wk flu hosp rate change,2,2025-12-27,49,pmf,decrease,0.03596403596403596
2025-12-13,wk flu hosp rate change,2,2025-12-27,49,pmf,increase,0.5564435564435565
2025-12-13,wk flu hosp rate change,2,2025-12-27,49,pmf,large_decrease,0.000999000999000999
2025-12-13,wk flu hosp rate change,2,2025-12-27,49,pmf,large_increase,0.16483516483516483
2025-12-13,wk flu hosp rate change,2,2025-12-27,49,pmf,stable,0.24175824175824173
2025-12-13,wk flu hosp rate change,2,2025-12-27,50,pmf,decrease,0.001
2025-12-13,wk flu hosp rate change,2,2025-12-27,50,pmf,increase,0.552
2025-12-13,wk flu hosp rate change,2,2025-12-27,50,pmf,large_decrease,0.001
2025-12-13,wk flu hosp rate change,2,2025-12-27,50,pmf,large_increase,0.033
2025-12-13,wk flu hosp rate change,2,2025-12-27,50,pmf,stable,0.41299999999999987
2025-12-13,wk flu hosp rate change,2,2025-12-27,51,pmf,decrease,0.113
2025-12-13,wk flu hosp rate change,2,2025-12-27,51,pmf,increase,0.439
2025-12-13,wk flu hosp rate change,2,2025-12-27,51,pmf,large_decrease,0.001
2025-12-13,wk flu hosp rate change,2,2025-12-27,51,pmf,large_increase,0.119
2025-12-13,wk flu hosp rate change,2,2025-12-27,51,pmf,stable,0.328
2025-12-13,wk flu hosp rate change,2,2025-12-27,53,pmf,decrease,0.007
2025-12-13,wk flu hosp rate change,2,2025-12-27,53,pmf,increase,0.495
2025-12-13,wk flu hosp rate change,2,2025-12-27,53,pmf,large_decrease,0.001
2025-12-13,wk flu hosp rate change,2,2025-12-27,53,pmf,large_increase,0.053
2025-12-13,wk flu hosp rate change,2,2025-12-27,53,pmf,stable,0.444
2025-12-13,wk flu hosp rate change,2,2025-12-27,54,pmf,decrease,0.0019980019980019984
2025-12-13,wk flu hosp rate change,2,2025-12-27,54,pmf,increase,0.5934065934065934
2025-12-13,wk flu hosp rate change,2,2025-12-27,54,pmf,large_decrease,0.0019980019980019984
2025-12-13,wk flu hosp rate change,2,2025-12-27,54,pmf,large_increase,0.04495504495504496
2025-12-13,wk flu hosp rate change,2,2025-12-27,54,pmf,stable,0.3576423576423577
2025-12-13,wk flu hosp rate change,2,2025-12-27,55,pmf,decrease,0.013
2025-12-13,wk flu hosp rate change,2,2025-12-27,55,pmf,increase,0.419
2025-12-13,wk flu hosp rate change,2,2025-12-27,55,pmf,large_decrease,0.001
2025-12-13,wk flu hosp rate change,2,2025-12-27,55,pmf,large_increase,0.063
2025-12-13,wk flu hosp rate change,2,2025-12-27,55,pmf,stable,0.504
2025-12-13,wk flu hosp rate change,2,2025-12-27,56,pmf,decrease,0.001
2025-12-13,wk flu hosp rate change,2,2025-12-27,56,pmf,increase,0.155
2025-12-13,wk flu hosp rate change,2,2025-12-27,56,pmf,large_decrease,0.001
2025-12-13,wk flu hosp rate change,2,2025-12-27,56,pmf,large_increase,0.004
2025-12-13,wk flu hosp rate change,2,2025-12-27,56,pmf,stable,0.839
2025-12-13,wk flu hosp rate change,2,2025-12-27,US,pmf,decrease,0.052
2025-12-13,wk flu hosp rate change,2,2025-12-27,US,pmf,increase,0.537
2025-12-13,wk flu hosp rate change,2,2025-12-27,US,pmf,large_decrease,0.001
2025-12-13,wk flu hosp rate change,2,2025-12-27,US,pmf,large_increase,0.076
2025-12-13,wk flu hosp rate change,2,2025-12-27,US,pmf,stable,0.334
2025-12-13,wk flu hosp rate change,3,2026-01-03,01,pmf,decrease,0.048
2025-12-13,wk flu hosp rate change,3,2026-01-03,01,pmf,increase,0.269
2025-12-13,wk flu hosp rate change,3,2026-01-03,01,pmf,large_decrease,0.002
2025-12-13,wk flu hosp rate change,3,2026-01-03,01,pmf,large_increase,0.143
2025-12-13,wk flu hosp rate change,3,2026-01-03,01,pmf,stable,0.538
2025-12-13,wk flu hosp rate change,3,2026-01-03,02,pmf,decrease,0.2
2025-12-13,wk flu hosp rate change,3,2026-01-03,02,pmf,increase,0.33
2025-12-13,wk flu hosp rate change,3,2026-01-03,02,pmf,large_decrease,0.001
2025-12-13,wk flu hosp rate change,3,2026-01-03,02,pmf,large_increase,0.09
2025-12-13,wk flu hosp rate change,3,2026-01-03,02,pmf,stable,0.379
2025-12-13,wk flu hosp rate change,3,2026-01-03,04,pmf,decrease,0.001
2025-12-13,wk flu hosp rate change,3,2026-01-03,04,pmf,increase,0.31
2025-12-13,wk flu hosp rate change,3,2026-01-03,04,pmf,large_decrease,0.001
2025-12-13,wk flu hosp rate change,3,2026-01-03,04,pmf,large_increase,0.048
2025-12-13,wk flu hosp rate change,3,2026-01-03,04,pmf,stable,0.64
2025-12-13,wk flu hosp rate change,3,2026-01-03,05,pmf,decrease,0.001
2025-12-13,wk flu hosp rate change,3,2026-01-03,05,pmf,increase,0.455
2025-12-13,wk flu hosp rate change,3,2026-01-03,05,pmf,large_decrease,0.001
2025-12-13,wk flu hosp rate change,3,2026-01-03,05,pmf,large_increase,0.043
2025-12-13,wk flu hosp rate change,3,2026-01-03,05,pmf,stable,0.5
2025-12-13,wk flu hosp rate change,3,2026-01-03,06,pmf,decrease,0.001
2025-12-13,wk flu hosp rate change,3,2026-01-03,06,pmf,increase,0.226
2025-12-13,wk flu hosp rate change,3,2026-01-03,06,pmf,large_decrease,0.001
2025-12-13,wk flu hosp rate change,3,2026-01-03,06,pmf,large_increase,0.02
2025-12-13,wk flu hosp rate change,3,2026-01-03,06,pmf,stable,0.752
2025-12-13,wk flu hosp rate change,3,2026-01-03,08,pmf,decrease,0.089
2025-12-13,wk flu hosp rate change,3,2026-01-03,08,pmf,increase,0.494
2025-12-13,wk flu hosp rate change,3,2026-01-03,08,pmf,large_decrease,0.001
2025-12-13,wk flu hosp rate change,3,2026-01-03,08,pmf,large_increase,0.027
2025-12-13,wk flu hosp rate change,3,2026-01-03,08,pmf,stable,0.389
2025-12-13,wk flu hosp rate change,3,2026-01-03,09,pmf,decrease,0.122
2025-12-13,wk flu hosp rate change,3,2026-01-03,09,pmf,increase,0.466
2025-12-13,wk flu hosp rate change,3,2026-01-03,09,pmf,large_decrease,0.001
2025-12-13,wk flu hosp rate change,3,2026-01-03,09,pmf,large_increase,0.019
2025-12-13,wk flu hosp rate change,3,2026-01-03,09,pmf,stable,0.392
2025-12-13,wk flu hosp rate change,3,2026-01-03,10,pmf,decrease,0.001
2025-12-13,wk flu hosp rate change,3,2026-01-03,10,pmf,increase,0.536
2025-12-13,wk flu hosp rate change,3,2026-01-03,10,pmf,large_decrease,0.001
2025-12-13,wk flu hosp rate change,3,2026-01-03,10,pmf,large_increase,0.075
2025-12-13,wk flu hosp rate change,3,2026-01-03,10,pmf,stable,0.387
2025-12-13,wk flu hosp rate change,3,2026-01-03,11,pmf,decrease,0.173
2025-12-13,wk flu hosp rate change,3,2026-01-03,11,pmf,increase,0.355
2025-12-13,wk flu hosp rate change,3,2026-01-03,11,pmf,large_decrease,0.001
2025-12-13,wk flu hosp rate change,3,2026-01-03,11,pmf,large_increase,0.045
2025-12-13,wk flu hosp rate change,3,2026-01-03,11,pmf,stable,0.426
2025-12-13,wk flu hosp rate change,3,2026-01-03,12,pmf,decrease,0.066
2025-12-13,wk flu hosp rate change,3,2026-01-03,12,pmf,increase,0.43
2025-12-13,wk flu hosp rate change,3,2026-01-03,12,pmf,large_decrease,0.001
2025-12-13,wk flu hosp rate change,3,2026-01-03,12,pmf,large_increase,0.055
2025-12-13,wk flu hosp rate change,3,2026-01-03,12,pmf,stable,0.448
2025-12-13,wk flu hosp rate change,3,2026-01-03,13,pmf,decrease,0.014985014985014982
2025-12-13,wk flu hosp rate change,3,2026-01-03,13,pmf,increase,0.3976023976023976
2025-12-13,wk flu hosp rate change,3,2026-01-03,13,pmf,large_decrease,0.001998001998001998
2025-12-13,wk flu hosp rate change,3,2026-01-03,13,pmf,large_increase,0.07492507492507491
2025-12-13,wk flu hosp rate change,3,2026-01-03,13,pmf,stable,0.5104895104895104
2025-12-13,wk flu hosp rate change,3,2026-01-03,15,pmf,decrease,0.147
2025-12-13,wk flu hosp rate change,3,2026-01-03,15,pmf,increase,0.339
2025-12-13,wk flu hosp rate change,3,2026-01-03,15,pmf,large_decrease,0.001
2025-12-13,wk flu hosp rate change,3,2026-01-03,15,pmf,large_increase,0.353
2025-12-13,wk flu hosp rate change,3,2026-01-03,15,pmf,stable,0.16
2025-12-13,wk flu hosp rate change,3,2026-01-03,16,pmf,decrease,0.016
2025-12-13,wk flu hosp rate change,3,2026-01-03,16,pmf,increase,0.458
2025-12-13,wk flu hosp rate change,3,2026-01-03,16,pmf,large_decrease,0.001
2025-12-13,wk flu hosp rate change,3,2026-01-03,16,pmf,large_increase,0.075
2025-12-13,wk flu hosp rate change,3,2026-01-03,16,pmf,stable,0.45
2025-12-13,wk flu hosp rate change,3,2026-01-03,17,pmf,decrease,0.001996007984031936
2025-12-13,wk flu hosp rate change,3,2026-01-03,17,pmf,increase,0.40119760479041916
2025-12-13,wk flu hosp rate change,3,2026-01-03,17,pmf,large_decrease,0.001996007984031936
2025-12-13,wk flu hosp rate change,3,2026-01-03,17,pmf,large_increase,0.10479041916167664
2025-12-13,wk flu hosp rate change,3,2026-01-03,17,pmf,stable,0.49001996007984033
2025-12-13,wk flu hosp rate change,3,2026-01-03,18,pmf,decrease,0.002
2025-12-13,wk flu hosp rate change,3,2026-01-03,18,pmf,increase,0.391
2025-12-13,wk flu hosp rate change,3,2026-01-03,18,pmf,large_decrease,0.002
2025-12-13,wk flu hosp rate change,3,2026-01-03,18,pmf,large_increase,0.132
2025-12-13,wk flu hosp rate change,3,2026-01-03,18,pmf,stable,0.473
2025-12-13,wk flu hosp rate change,3,2026-01-03,19,pmf,decrease,0.001
2025-12-13,wk flu hosp rate change,3,2026-01-03,19,pmf,increase,0.22
2025-12-13,wk flu hosp rate change,3,2026-01-03,19,pmf,large_decrease,0.001
2025-12-13,wk flu hosp rate change,3,2026-01-03,19,pmf,large_increase,0.03
2025-12-13,wk flu hosp rate change,3,2026-01-03,19,pmf,stable,0.748
2025-12-13,wk flu hosp rate change,3,2026-01-03,20,pmf,decrease,0.001
2025-12-13,wk flu hosp rate change,3,2026-01-03,20,pmf,increase,0.324
2025-12-13,wk flu hosp rate change,3,2026-01-03,20,pmf,large_decrease,0.001
2025-12-13,wk flu hosp rate change,3,2026-01-03,20,pmf,large_increase,0.033
2025-12-13,wk flu hosp rate change,3,2026-01-03,20,pmf,stable,0.641
2025-12-13,wk flu hosp rate change,3,2026-01-03,21,pmf,decrease,0.001
2025-12-13,wk flu hosp rate change,3,2026-01-03,21,pmf,increase,0.458
2025-12-13,wk flu hosp rate change,3,2026-01-03,21,pmf,large_decrease,0.001
2025-12-13,wk flu hosp rate change,3,2026-01-03,21,pmf,large_increase,0.075
2025-12-13,wk flu hosp rate change,3,2026-01-03,21,pmf,stable,0.465
2025-12-13,wk flu hosp rate change,3,2026-01-03,22,pmf,decrease,0.165
2025-12-13,wk flu hosp rate change,3,2026-01-03,22,pmf,increase,0.414
2025-12-13,wk flu hosp rate change,3,2026-01-03,22,pmf,large_decrease,0.001
2025-12-13,wk flu hosp rate change,3,2026-01-03,22,pmf,large_increase,0.089
2025-12-13,wk flu hosp rate change,3,2026-01-03,22,pmf,stable,0.331
2025-12-13,wk flu hosp rate change,3,2026-01-03,23,pmf,decrease,0.001
2025-12-13,wk flu hosp rate change,3,2026-01-03,23,pmf,increase,0.239
2025-12-13,wk flu hosp rate change,3,2026-01-03,23,pmf,large_decrease,0.001
2025-12-13,wk flu hosp rate change,3,2026-01-03,23,pmf,large_increase,0.011
2025-12-13,wk flu hosp rate change,3,2026-01-03,23,pmf,stable,0.748
2025-12-13,wk flu hosp rate change,3,2026-01-03,24,pmf,decrease,0.062
2025-12-13,wk flu hosp rate change,3,2026-01-03,24,pmf,increase,0.508
2025-12-13,wk flu hosp rate change,3,2026-01-03,24,pmf,large_decrease,0.001
2025-12-13,wk flu hosp rate change,3,2026-01-03,24,pmf,large_increase,0.111
2025-12-13,wk flu hosp rate change,3,2026-01-03,24,pmf,stable,0.318
2025-12-13,wk flu hosp rate change,3,2026-01-03,25,pmf,decrease,0.01098901098901099
2025-12-13,wk flu hosp rate change,3,2026-01-03,25,pmf,increase,0.40359640359640364
2025-12-13,wk flu hosp rate change,3,2026-01-03,25,pmf,large_decrease,0.0019980019980019984
2025-12-13,wk flu hosp rate change,3,2026-01-03,25,pmf,large_increase,0.01098901098901099
2025-12-13,wk flu hosp rate change,3,2026-01-03,25,pmf,stable,0.5724275724275725
2025-12-13,wk flu hosp rate change,3,2026-01-03,26,pmf,decrease,0.001
2025-12-13,wk flu hosp rate change,3,2026-01-03,26,pmf,increase,0.451
2025-12-13,wk flu hosp rate change,3,2026-01-03,26,pmf,large_decrease,0.001
2025-12-13,wk flu hosp rate change,3,2026-01-03,26,pmf,large_increase,0.05
2025-12-13,wk flu hosp rate change,3,2026-01-03,26,pmf,stable,0.497
2025-12-13,wk flu hosp rate change,3,2026-01-03,27,pmf,decrease,0.109
2025-12-13,wk flu hosp rate change,3,2026-01-03,27,pmf,increase,0.378
2025-12-13,wk flu hosp rate change,3,2026-01-03,27,pmf,large_decrease,0.001
2025-12-13,wk flu hosp rate change,3,2026-01-03,27,pmf,large_increase,0.177
2025-12-13,wk flu hosp rate change,3,2026-01-03,27,pmf,stable,0.3349999999999999
2025-12-13,wk flu hosp rate change,3,2026-01-03,28,pmf,decrease,0.0019980019980019984
2025-12-13,wk flu hosp rate change,3,2026-01-03,28,pmf,increase,0.23576423576423577
2025-12-13,wk flu hosp rate change,3,2026-01-03,28,pmf,large_decrease,0.0019980019980019984
2025-12-13,wk flu hosp rate change,3,2026-01-03,28,pmf,large_increase,0.09290709290709291
2025-12-13,wk flu hosp rate change,3,2026-01-03,28,pmf,stable,0.6673326673326675
2025-12-13,wk flu hosp rate change,3,2026-01-03,30,pmf,decrease,0.001
2025-12-13,wk flu hosp rate change,3,2026-01-03,30,pmf,increase,0.456
2025-12-13,wk flu hosp rate change,3,2026-01-03,30,pmf,large_decrease,0.001
2025-12-13,wk flu hosp rate change,3,2026-01-03,30,pmf,large_increase,0.074
2025-12-13,wk flu hosp rate change,3,2026-01-03,30,pmf,stable,0.468
2025-12-13,wk flu hosp rate change,3,2026-01-03,31,pmf,decrease,0.001
2025-12-13,wk flu hosp rate change,3,2026-01-03,31,pmf,increase,0.171
2025-12-13,wk flu hosp rate change,3,2026-01-03,31,pmf,large_decrease,0.001
2025-12-13,wk flu hosp rate change,3,2026-01-03,31,pmf,large_increase,0.025
2025-12-13,wk flu hosp rate change,3,2026-01-03,31,pmf,stable,0.8019999999999999
2025-12-13,wk flu hosp rate change,3,2026-01-03,32,pmf,decrease,0.001
2025-12-13,wk flu hosp rate change,3,2026-01-03,32,pmf,increase,0.276
2025-12-13,wk flu hosp rate change,3,2026-01-03,32,pmf,large_decrease,0.001
2025-12-13,wk flu hosp rate change,3,2026-01-03,32,pmf,large_increase,0.023
2025-12-13,wk flu hosp rate change,3,2026-01-03,32,pmf,stable,0.699
2025-12-13,wk flu hosp rate change,3,2026-01-03,33,pmf,decrease,0.001
2025-12-13,wk flu hosp rate change,3,2026-01-03,33,pmf,increase,0.457
2025-12-13,wk flu hosp rate change,3,2026-01-03,33,pmf,large_decrease,0.001
2025-12-13,wk flu hosp rate change,3,2026-01-03,33,pmf,large_increase,0.02
2025-12-13,wk flu hosp rate change,3,2026-01-03,33,pmf,stable,0.521
2025-12-13,wk flu hosp rate change,3,2026-01-03,34,pmf,decrease,0.095
2025-12-13,wk flu hosp rate change,3,2026-01-03,34,pmf,increase,0.504
2025-12-13,wk flu hosp rate change,3,2026-01-03,34,pmf,large_decrease,0.001
2025-12-13,wk flu hosp rate change,3,2026-01-03,34,pmf,large_increase,0.085
2025-12-13,wk flu hosp rate change,3,2026-01-03,34,pmf,stable,0.3150000000000001
2025-12-13,wk flu hosp rate change,3,2026-01-03,35,pmf,decrease,0.001
2025-12-13,wk flu hosp rate change,3,2026-01-03,35,pmf,increase,0.313
2025-12-13,wk flu hosp rate change,3,2026-01-03,35,pmf,large_decrease,0.001
2025-12-13,wk flu hosp rate change,3,2026-01-03,35,pmf,large_increase,0.087
2025-12-13,wk flu hosp rate change,3,2026-01-03,35,pmf,stable,0.598
2025-12-13,wk flu hosp rate change,3,2026-01-03,36,pmf,decrease,0.128
2025-12-13,wk flu hosp rate change,3,2026-01-03,36,pmf,increase,0.425
2025-12-13,wk flu hosp rate change,3,2026-01-03,36,pmf,large_decrease,0.001
2025-12-13,wk flu hosp rate change,3,2026-01-03,36,pmf,large_increase,0.015
2025-12-13,wk flu hosp rate change,3,2026-01-03,36,pmf,stable,0.4310000000000001
2025-12-13,wk flu hosp rate change,3,2026-01-03,37,pmf,decrease,0.171
2025-12-13,wk flu hosp rate change,3,2026-01-03,37,pmf,increase,0.353
2025-12-13,wk flu hosp rate change,3,2026-01-03,37,pmf,large_decrease,0.001
2025-12-13,wk flu hosp rate change,3,2026-01-03,37,pmf,large_increase,0.127
2025-12-13,wk flu hosp rate change,3,2026-01-03,37,pmf,stable,0.348
2025-12-13,wk flu hosp rate change,3,2026-01-03,38,pmf,decrease,0.001
2025-12-13,wk flu hosp rate change,3,2026-01-03,38,pmf,increase,0.34
2025-12-13,wk flu hosp rate change,3,2026-01-03,38,pmf,large_decrease,0.001
2025-12-13,wk flu hosp rate change,3,2026-01-03,38,pmf,large_increase,0.064
2025-12-13,wk flu hosp rate change,3,2026-01-03,38,pmf,stable,0.594
2025-12-13,wk flu hosp rate change,3,2026-01-03,39,pmf,decrease,0.001
2025-12-13,wk flu hosp rate change,3,2026-01-03,39,pmf,increase,0.287
2025-12-13,wk flu hosp rate change,3,2026-01-03,39,pmf,large_decrease,0.001
2025-12-13,wk flu hosp rate change,3,2026-01-03,39,pmf,large_increase,0.021
2025-12-13,wk flu hosp rate change,3,2026-01-03,39,pmf,stable,0.69
2025-12-13,wk flu hosp rate change,3,2026-01-03,40,pmf,decrease,0.001
2025-12-13,wk flu hosp rate change,3,2026-01-03,40,pmf,increase,0.488
2025-12-13,wk flu hosp rate change,3,2026-01-03,40,pmf,large_decrease,0.001
2025-12-13,wk flu hosp rate change,3,2026-01-03,40,pmf,large_increase,0.026
2025-12-13,wk flu hosp rate change,3,2026-01-03,40,pmf,stable,0.484
2025-12-13,wk flu hosp rate change,3,2026-01-03,41,pmf,decrease,0.001
2025-12-13,wk flu hosp rate change,3,2026-01-03,41,pmf,increase,0.27
2025-12-13,wk flu hosp rate change,3,2026-01-03,41,pmf,large_decrease,0.001
2025-12-13,wk flu hosp rate change,3,2026-01-03,41,pmf,large_increase,0.056
2025-12-13,wk flu hosp rate change,3,2026-01-03,41,pmf,stable,0.6719999999999999
2025-12-13,wk flu hosp rate change,3,2026-01-03,42,pmf,decrease,0.001
2025-12-13,wk flu hosp rate change,3,2026-01-03,42,pmf,increase,0.448
2025-12-13,wk flu hosp rate change,3,2026-01-03,42,pmf,large_decrease,0.001
2025-12-13,wk flu hosp rate change,3,2026-01-03,42,pmf,large_increase,0.102
2025-12-13,wk flu hosp rate change,3,2026-01-03,42,pmf,stable,0.4479999999999999
2025-12-13,wk flu hosp rate change,3,2026-01-03,44,pmf,decrease,0.005
2025-12-13,wk flu hosp rate change,3,2026-01-03,44,pmf,increase,0.438
2025-12-13,wk flu hosp rate change,3,2026-01-03,44,pmf,large_decrease,0.001
2025-12-13,wk flu hosp rate change,3,2026-01-03,44,pmf,large_increase,0.011
2025-12-13,wk flu hosp rate change,3,2026-01-03,44,pmf,stable,0.545
2025-12-13,wk flu hosp rate change,3,2026-01-03,45,pmf,decrease,0.001
2025-12-13,wk flu hosp rate change,3,2026-01-03,45,pmf,increase,0.376
2025-12-13,wk flu hosp rate change,3,2026-01-03,45,pmf,large_decrease,0.001
2025-12-13,wk flu hosp rate change,3,2026-01-03,45,pmf,large_increase,0.098
2025-12-13,wk flu hosp rate change,3,2026-01-03,45,pmf,stable,0.524
2025-12-13,wk flu hosp rate change,3,2026-01-03,46,pmf,decrease,0.001
2025-12-13,wk flu hosp rate change,3,2026-01-03,46,pmf,increase,0.283
2025-12-13,wk flu hosp rate change,3,2026-01-03,46,pmf,large_decrease,0.001
2025-12-13,wk flu hosp rate change,3,2026-01-03,46,pmf,large_increase,0.01
2025-12-13,wk flu hosp rate change,3,2026-01-03,46,pmf,stable,0.7050000000000001
2025-12-13,wk flu hosp rate change,3,2026-01-03,47,pmf,decrease,0.001
2025-12-13,wk flu hosp rate change,3,2026-01-03,47,pmf,increase,0.353
2025-12-13,wk flu hosp rate change,3,2026-01-03,47,pmf,large_decrease,0.001
2025-12-13,wk flu hosp rate change,3,2026-01-03,47,pmf,large_increase,0.069
2025-12-13,wk flu hosp rate change,3,2026-01-03,47,pmf,stable,0.5760000000000001
2025-12-13,wk flu hosp rate change,3,2026-01-03,48,pmf,decrease,0.081
2025-12-13,wk flu hosp rate change,3,2026-01-03,48,pmf,increase,0.428
2025-12-13,wk flu hosp rate change,3,2026-01-03,48,pmf,large_decrease,0.001
2025-12-13,wk flu hosp rate change,3,2026-01-03,48,pmf,large_increase,0.145
2025-12-13,wk flu hosp rate change,3,2026-01-03,48,pmf,stable,0.345
2025-12-13,wk flu hosp rate change,3,2026-01-03,49,pmf,decrease,0.014
2025-12-13,wk flu hosp rate change,3,2026-01-03,49,pmf,increase,0.508
2025-12-13,wk flu hosp rate change,3,2026-01-03,49,pmf,large_decrease,0.001
2025-12-13,wk flu hosp rate change,3,2026-01-03,49,pmf,large_increase,0.122
2025-12-13,wk flu hosp rate change,3,2026-01-03,49,pmf,stable,0.355
2025-12-13,wk flu hosp rate change,3,2026-01-03,50,pmf,decrease,0.001
2025-12-13,wk flu hosp rate change,3,2026-01-03,50,pmf,increase,0.449
2025-12-13,wk flu hosp rate change,3,2026-01-03,50,pmf,large_decrease,0.001
2025-12-13,wk flu hosp rate change,3,2026-01-03,50,pmf,large_increase,0.035
2025-12-13,wk flu hosp rate change,3,2026-01-03,50,pmf,stable,0.514
2025-12-13,wk flu hosp rate change,3,2026-01-03,51,pmf,decrease,0.106
2025-12-13,wk flu hosp rate change,3,2026-01-03,51,pmf,increase,0.355
2025-12-13,wk flu hosp rate change,3,2026-01-03,51,pmf,large_decrease,0.002
2025-12-13,wk flu hosp rate change,3,2026-01-03,51,pmf,large_increase,0.115
2025-12-13,wk flu hosp rate change,3,2026-01-03,51,pmf,stable,0.422
2025-12-13,wk flu hosp rate change,3,2026-01-03,53,pmf,decrease,0.001
2025-12-13,wk flu hosp rate change,3,2026-01-03,53,pmf,increase,0.341
2025-12-13,wk flu hosp rate change,3,2026-01-03,53,pmf,large_decrease,0.001
2025-12-13,wk flu hosp rate change,3,2026-01-03,53,pmf,large_increase,0.047
2025-12-13,wk flu hosp rate change,3,2026-01-03,53,pmf,stable,0.61
2025-12-13,wk flu hosp rate change,3,2026-01-03,54,pmf,decrease,0.001
2025-12-13,wk flu hosp rate change,3,2026-01-03,54,pmf,increase,0.554
2025-12-13,wk flu hosp rate change,3,2026-01-03,54,pmf,large_decrease,0.001
2025-12-13,wk flu hosp rate change,3,2026-01-03,54,pmf,large_increase,0.034
2025-12-13,wk flu hosp rate change,3,2026-01-03,54,pmf,stable,0.41
2025-12-13,wk flu hosp rate change,3,2026-01-03,55,pmf,decrease,0.001
2025-12-13,wk flu hosp rate change,3,2026-01-03,55,pmf,increase,0.305
2025-12-13,wk flu hosp rate change,3,2026-01-03,55,pmf,large_decrease,0.001
2025-12-13,wk flu hosp rate change,3,2026-01-03,55,pmf,large_increase,0.075
2025-12-13,wk flu hosp rate change,3,2026-01-03,55,pmf,stable,0.618
2025-12-13,wk flu hosp rate change,3,2026-01-03,56,pmf,decrease,0.001
2025-12-13,wk flu hosp rate change,3,2026-01-03,56,pmf,increase,0.067
2025-12-13,wk flu hosp rate change,3,2026-01-03,56,pmf,large_decrease,0.001
2025-12-13,wk flu hosp rate change,3,2026-01-03,56,pmf,large_increase,0.001
2025-12-13,wk flu hosp rate change,3,2026-01-03,56,pmf,stable,0.9299999999999999
2025-12-13,wk flu hosp rate change,3,2026-01-03,US,pmf,decrease,0.02
2025-12-13,wk flu hosp rate change,3,2026-01-03,US,pmf,increase,0.468
2025-12-13,wk flu hosp rate change,3,2026-01-03,US,pmf,large_decrease,0.001
2025-12-13,wk flu hosp rate change,3,2026-01-03,US,pmf,large_increase,0.048
2025-12-13,wk flu hosp rate change,3,2026-01-03,US,pmf,stable,0.463
2025-12-13,wk inc flu hosp,0,2025-12-13,01,quantile,0.01,10.0
2025-12-13,wk inc flu hosp,0,2025-12-13,01,quantile,0.025,13.0
2025-12-13,wk inc flu hosp,0,2025-12-13,01,quantile,0.05,16.0
2025-12-13,wk inc flu hosp,0,2025-12-13,01,quantile,0.1,20.0
2025-12-13,wk inc flu hosp,0,2025-12-13,01,quantile,0.15,33.0
2025-12-13,wk inc flu hosp,0,2025-12-13,01,quantile,0.2,46.0
2025-12-13,wk inc flu hosp,0,2025-12-13,01,quantile,0.25,58.0
2025-12-13,wk inc flu hosp,0,2025-12-13,01,quantile,0.3,62.0
2025-12-13,wk inc flu hosp,0,2025-12-13,01,quantile,0.35,66.0
2025-12-13,wk inc flu hosp,0,2025-12-13,01,quantile,0.4,70.0
2025-12-13,wk inc flu hosp,0,2025-12-13,01,quantile,0.45,74.0
2025-12-13,wk inc flu hosp,0,2025-12-13,01,quantile,0.5,79.0
2025-12-13,wk inc flu hosp,0,2025-12-13,01,quantile,0.55,83.0
2025-12-13,wk inc flu hosp,0,2025-12-13,01,quantile,0.6,89.0
2025-12-13,wk inc flu hosp,0,2025-12-13,01,quantile,0.65,95.0
2025-12-13,wk inc flu hosp,0,2025-12-13,01,quantile,0.7,101.0
2025-12-13,wk inc flu hosp,0,2025-12-13,01,quantile,0.75,110.0
2025-12-13,wk inc flu hosp,0,2025-12-13,01,quantile,0.8,119.0
2025-12-13,wk inc flu hosp,0,2025-12-13,01,quantile,0.85,131.0
2025-12-13,wk inc flu hosp,0,2025-12-13,01,quantile,0.9,150.0
2025-12-13,wk inc flu hosp,0,2025-12-13,01,quantile,0.95,189.0
2025-12-13,wk inc flu hosp,0,2025-12-13,01,quantile,0.975,219.0
2025-12-13,wk inc flu hosp,0,2025-12-13,01,quantile,0.99,274.0
2025-12-13,wk inc flu hosp,0,2025-12-13,02,quantile,0.01,2.0
2025-12-13,wk inc flu hosp,0,2025-12-13,02,quantile,0.025,2.0
2025-12-13,wk inc flu hosp,0,2025-12-13,02,quantile,0.05,2.0
2025-12-13,wk inc flu hosp,0,2025-12-13,02,quantile,0.1,4.0
2025-12-13,wk inc flu hosp,0,2025-12-13,02,quantile,0.15,6.0
2025-12-13,wk inc flu hosp,0,2025-12-13,02,quantile,0.2,8.0
2025-12-13,wk inc flu hosp,0,2025-12-13,02,quantile,0.25,10.0
2025-12-13,wk inc flu hosp,0,2025-12-13,02,quantile,0.3,12.0
2025-12-13,wk inc flu hosp,0,2025-12-13,02,quantile,0.35,13.0
2025-12-13,wk inc flu hosp,0,2025-12-13,02,quantile,0.4,15.0
2025-12-13,wk inc flu hosp,0,2025-12-13,02,quantile,0.45,16.0
2025-12-13,wk inc flu hosp,0,2025-12-13,02,quantile,0.5,17.0
2025-12-13,wk inc flu hosp,0,2025-12-13,02,quantile,0.55,19.0
2025-12-13,wk inc flu hosp,0,2025-12-13,02,quantile,0.6,20.0
2025-12-13,wk inc flu hosp,0,2025-12-13,02,quantile,0.65,21.0
2025-12-13,wk inc flu hosp,0,2025-12-13,02,quantile,0.7,23.0
2025-12-13,wk inc flu hosp,0,2025-12-13,02,quantile,0.75,24.0
2025-12-13,wk inc flu hosp,0,2025-12-13,02,quantile,0.8,26.0
2025-12-13,wk inc flu hosp,0,2025-12-13,02,quantile,0.85,28.0
2025-12-13,wk inc flu hosp,0,2025-12-13,02,quantile,0.9,32.0
2025-12-13,wk inc flu hosp,0,2025-12-13,02,quantile,0.95,38.0
2025-12-13,wk inc flu hosp,0,2025-12-13,02,quantile,0.975,42.0
2025-12-13,wk inc flu hosp,0,2025-12-13,02,quantile,0.99,48.0
2025-12-13,wk inc flu hosp,0,2025-12-13,04,quantile,0.01,7.0
2025-12-13,wk inc flu hosp,0,2025-12-13,04,quantile,0.025,10.0
2025-12-13,wk inc flu hosp,0,2025-12-13,04,quantile,0.05,12.0
2025-12-13,wk inc flu hosp,0,2025-12-13,04,quantile,0.1,16.0
2025-12-13,wk inc flu hosp,0,2025-12-13,04,quantile,0.15,25.0
2025-12-13,wk inc flu hosp,0,2025-12-13,04,quantile,0.2,33.0
2025-12-13,wk inc flu hosp,0,2025-12-13,04,quantile,0.25,40.0
2025-12-13,wk inc flu hosp,0,2025-12-13,04,quantile,0.3,45.0
2025-12-13,wk inc flu hosp,0,2025-12-13,04,quantile,0.35,48.0
2025-12-13,wk inc flu hosp,0,2025-12-13,04,quantile,0.4,51.0
2025-12-13,wk inc flu hosp,0,2025-12-13,04,quantile,0.45,54.0
2025-12-13,wk inc flu hosp,0,2025-12-13,04,quantile,0.5,57.0
2025-12-13,wk inc flu hosp,0,2025-12-13,04,quantile,0.55,60.0
2025-12-13,wk inc flu hosp,0,2025-12-13,04,quantile,0.6,63.0
2025-12-13,wk inc flu hosp,0,2025-12-13,04,quantile,0.65,67.0
2025-12-13,wk inc flu hosp,0,2025-12-13,04,quantile,0.7,72.0
2025-12-13,wk inc flu hosp,0,2025-12-13,04,quantile,0.75,77.0
2025-12-13,wk inc flu hosp,0,2025-12-13,04,quantile,0.8,84.0
2025-12-13,wk inc flu hosp,0,2025-12-13,04,quantile,0.85,96.0
2025-12-13,wk inc flu hosp,0,2025-12-13,04,quantile,0.9,114.0
2025-12-13,wk inc flu hosp,0,2025-12-13,04,quantile,0.95,164.0
2025-12-13,wk inc flu hosp,0,2025-12-13,04,quantile,0.975,210.0
2025-12-13,wk inc flu hosp,0,2025-12-13,04,quantile,0.99,225.0
2025-12-13,wk inc flu hosp,0,2025-12-13,05,quantile,0.01,2.0
2025-12-13,wk inc flu hosp,0,2025-12-13,05,quantile,0.025,4.0
2025-12-13,wk inc flu hosp,0,2025-12-13,05,quantile,0.05,5.0
2025-12-13,wk inc flu hosp,0,2025-12-13,05,quantile,0.1,6.0
2025-12-13,wk inc flu hosp,0,2025-12-13,05,quantile,0.15,7.0
2025-12-13,wk inc flu hosp,0,2025-12-13,05,quantile,0.2,8.0
2025-12-13,wk inc flu hosp,0,2025-12-13,05,quantile,0.25,11.0
2025-12-13,wk inc flu hosp,0,2025-12-13,05,quantile,0.3,15.0
2025-12-13,wk inc flu hosp,0,2025-12-13,05,quantile,0.35,18.0
2025-12-13,wk inc flu hosp,0,2025-12-13,05,quantile,0.4,21.0
2025-12-13,wk inc flu hosp,0,2025-12-13,05,quantile,0.45,23.0
2025-12-13,wk inc flu hosp,0,2025-12-13,05,quantile,0.5,24.0
2025-12-13,wk inc flu hosp,0,2025-12-13,05,quantile,0.55,26.0
2025-12-13,wk inc flu hosp,0,2025-12-13,05,quantile,0.6,27.0
2025-12-13,wk inc flu hosp,0,2025-12-13,05,quantile,0.65,29.0
2025-12-13,wk inc flu hosp,0,2025-12-13,05,quantile,0.7,31.0
2025-12-13,wk inc flu hosp,0,2025-12-13,05,quantile,0.75,33.0
2025-12-13,wk inc flu hosp,0,2025-12-13,05,quantile,0.8,37.0
2025-12-13,wk inc flu hosp,0,2025-12-13,05,quantile,0.85,42.0
2025-12-13,wk inc flu hosp,0,2025-12-13,05,quantile,0.9,52.0
2025-12-13,wk inc flu hosp,0,2025-12-13,05,quantile,0.95,76.0
2025-12-13,wk inc flu hosp,0,2025-12-13,05,quantile,0.975,94.0
2025-12-13,wk inc flu hosp,0,2025-12-13,05,quantile,0.99,105.0
2025-12-13,wk inc flu hosp,0,2025-12-13,06,quantile,0.01,25.0
2025-12-13,wk inc flu hosp,0,2025-12-13,06,quantile,0.025,35.0
2025-12-13,wk inc flu hosp,0,2025-12-13,06,quantile,0.05,44.0
2025-12-13,wk inc flu hosp,0,2025-12-13,06,quantile,0.1,56.0
2025-12-13,wk inc flu hosp,0,2025-12-13,06,quantile,0.15,90.0
2025-12-13,wk inc flu hosp,0,2025-12-13,06,quantile,0.2,116.0
2025-12-13,wk inc flu hosp,0,2025-12-13,06,quantile,0.25,142.0
2025-12-13,wk inc flu hosp,0,2025-12-13,06,quantile,0.3,166.0
2025-12-13,wk inc flu hosp,0,2025-12-13,06,quantile,0.35,191.0
2025-12-13,wk inc flu hosp,0,2025-12-13,06,quantile,0.4,201.0
2025-12-13,wk inc flu hosp,0,2025-12-13,06,quantile,0.45,213.0
2025-12-13,wk inc flu hosp,0,2025-12-13,06,quantile,0.5,224.0
2025-12-13,wk inc flu hosp,0,2025-12-13,06,quantile,0.55,237.0
2025-12-13,wk inc flu hosp,0,2025-12-13,06,quantile,0.6,251.0
2025-12-13,wk inc flu hosp,0,2025-12-13,06,quantile,0.65,266.0
2025-12-13,wk inc flu hosp,0,2025-12-13,06,quantile,0.7,285.0
2025-12-13,wk inc flu hosp,0,2025-12-13,06,quantile,0.75,305.0
2025-12-13,wk inc flu hosp,0,2025-12-13,06,quantile,0.8,333.0
2025-12-13,wk inc flu hosp,0,2025-12-13,06,quantile,0.85,373.0
2025-12-13,wk inc flu hosp,0,2025-12-13,06,quantile,0.9,455.0
2025-12-13,wk inc flu hosp,0,2025-12-13,06,quantile,0.95,673.0
2025-12-13,wk inc flu hosp,0,2025-12-13,06,quantile,0.975,743.0
2025-12-13,wk inc flu hosp,0,2025-12-13,06,quantile,0.99,822.0
2025-12-13,wk inc flu hosp,0,2025-12-13,08,quantile,0.01,57.0
2025-12-13,wk inc flu hosp,0,2025-12-13,08,quantile,0.025,75.0
2025-12-13,wk inc flu hosp,0,2025-12-13,08,quantile,0.05,91.0
2025-12-13,wk inc flu hosp,0,2025-12-13,08,quantile,0.1,113.0
2025-12-13,wk inc flu hosp,0,2025-12-13,08,quantile,0.15,131.0
2025-12-13,wk inc flu hosp,0,2025-12-13,08,quantile,0.2,143.0
2025-12-13,wk inc flu hosp,0,2025-12-13,08,quantile,0.25,155.0
2025-12-13,wk inc flu hosp,0,2025-12-13,08,quantile,0.3,164.0
2025-12-13,wk inc flu hosp,0,2025-12-13,08,quantile,0.35,172.0
2025-12-13,wk inc flu hosp,0,2025-12-13,08,quantile,0.4,178.0
2025-12-13,wk inc flu hosp,0,2025-12-13,08,quantile,0.45,185.0
2025-12-13,wk inc flu hosp,0,2025-12-13,08,quantile,0.5,191.0
2025-12-13,wk inc flu hosp,0,2025-12-13,08,quantile,0.55,198.0
2025-12-13,wk inc flu hosp,0,2025-12-13,08,quantile,0.6,206.0
2025-12-13,wk inc flu hosp,0,2025-12-13,08,quantile,0.65,214.0
2025-12-13,wk inc flu hosp,0,2025-12-13,08,quantile,0.7,223.0
2025-12-13,wk inc flu hosp,0,2025-12-13,08,quantile,0.75,234.0
2025-12-13,wk inc flu hosp,0,2025-12-13,08,quantile,0.8,245.0
2025-12-13,wk inc flu hosp,0,2025-12-13,08,quantile,0.85,262.0
2025-12-13,wk inc flu hosp,0,2025-12-13,08,quantile,0.9,282.0
2025-12-13,wk inc flu hosp,0,2025-12-13,08,quantile,0.95,311.0
2025-12-13,wk inc flu hosp,0,2025-12-13,08,quantile,0.975,333.0
2025-12-13,wk inc flu hosp,0,2025-12-13,08,quantile,0.99,361.0
2025-12-13,wk inc flu hosp,0,2025-12-13,09,quantile,0.01,28.0
2025-12-13,wk inc flu hosp,0,2025-12-13,09,quantile,0.025,38.0
2025-12-13,wk inc flu hosp,0,2025-12-13,09,quantile,0.05,46.0
2025-12-13,wk inc flu hosp,0,2025-12-13,09,quantile,0.1,58.0
2025-12-13,wk inc flu hosp,0,2025-12-13,09,quantile,0.15,69.0
2025-12-13,wk inc flu hosp,0,2025-12-13,09,quantile,0.2,77.0
2025-12-13,wk inc flu hosp,0,2025-12-13,09,quantile,0.25,84.0
2025-12-13,wk inc flu hosp,0,2025-12-13,09,quantile,0.3,89.0
2025-12-13,wk inc flu hosp,0,2025-12-13,09,quantile,0.35,95.0
2025-12-13,wk inc flu hosp,0,2025-12-13,09,quantile,0.4,98.0
2025-12-13,wk inc flu hosp,0,2025-12-13,09,quantile,0.45,103.0
2025-12-13,wk inc flu hosp,0,2025-12-13,09,quantile,0.5,108.0
2025-12-13,wk inc flu hosp,0,2025-12-13,09,quantile,0.55,112.0
2025-12-13,wk inc flu hosp,0,2025-12-13,09,quantile,0.6,117.0
2025-12-13,wk inc flu hosp,0,2025-12-13,09,quantile,0.65,123.0
2025-12-13,wk inc flu hosp,0,2025-12-13,09,quantile,0.7,129.0
2025-12-13,wk inc flu hosp,0,2025-12-13,09,quantile,0.75,136.0
2025-12-13,wk inc flu hosp,0,2025-12-13,09,quantile,0.8,145.0
2025-12-13,wk inc flu hosp,0,2025-12-13,09,quantile,0.85,153.0
2025-12-13,wk inc flu hosp,0,2025-12-13,09,quantile,0.9,164.0
2025-12-13,wk inc flu hosp,0,2025-12-13,09,quantile,0.95,183.0
2025-12-13,wk inc flu hosp,0,2025-12-13,09,quantile,0.975,197.0
2025-12-13,wk inc flu hosp,0,2025-12-13,09,quantile,0.99,211.0
2025-12-13,wk inc flu hosp,0,2025-12-13,10,quantile,0.01,1.0
2025-12-13,wk inc flu hosp,0,2025-12-13,10,quantile,0.025,2.0
2025-12-13,wk inc flu hosp,0,2025-12-13,10,quantile,0.05,2.0
2025-12-13,wk inc flu hosp,0,2025-12-13,10,quantile,0.1,3.0
2025-12-13,wk inc flu hosp,0,2025-12-13,10,quantile,0.15,4.0
2025-12-13,wk inc flu hosp,0,2025-12-13,10,quantile,0.2,6.0
2025-12-13,wk inc flu hosp,0,2025-12-13,10,quantile,0.25,7.0
2025-12-13,wk inc flu hosp,0,2025-12-13,10,quantile,0.3,8.0
2025-12-13,wk inc flu hosp,0,2025-12-13,10,quantile,0.35,9.0
2025-12-13,wk inc flu hosp,0,2025-12-13,10,quantile,0.4,10.0
2025-12-13,wk inc flu hosp,0,2025-12-13,10,quantile,0.45,11.0
2025-12-13,wk inc flu hosp,0,2025-12-13,10,quantile,0.5,12.0
2025-12-13,wk inc flu hosp,0,2025-12-13,10,quantile,0.55,13.0
2025-12-13,wk inc flu hosp,0,2025-12-13,10,quantile,0.6,13.0
2025-12-13,wk inc flu hosp,0,2025-12-13,10,quantile,0.65,14.0
2025-12-13,wk inc flu hosp,0,2025-12-13,10,quantile,0.7,15.0
2025-12-13,wk inc flu hosp,0,2025-12-13,10,quantile,0.75,17.0
2025-12-13,wk inc flu hosp,0,2025-12-13,10,quantile,0.8,18.0
2025-12-13,wk inc flu hosp,0,2025-12-13,10,quantile,0.85,20.0
2025-12-13,wk inc flu hosp,0,2025-12-13,10,quantile,0.9,23.0
2025-12-13,wk inc flu hosp,0,2025-12-13,10,quantile,0.95,29.0
2025-12-13,wk inc flu hosp,0,2025-12-13,10,quantile,0.975,33.0
2025-12-13,wk inc flu hosp,0,2025-12-13,10,quantile,0.99,37.0
2025-12-13,wk inc flu hosp,0,2025-12-13,11,quantile,0.01,2.0
2025-12-13,wk inc flu hosp,0,2025-12-13,11,quantile,0.025,2.0
2025-12-13,wk inc flu hosp,0,2025-12-13,11,quantile,0.05,3.0
2025-12-13,wk inc flu hosp,0,2025-12-13,11,quantile,0.1,6.0
2025-12-13,wk inc flu hosp,0,2025-12-13,11,quantile,0.15,7.0
2025-12-13,wk inc flu hosp,0,2025-12-13,11,quantile,0.2,9.0
2025-12-13,wk inc flu hosp,0,2025-12-13,11,quantile,0.25,10.0
2025-12-13,wk inc flu hosp,0,2025-12-13,11,quantile,0.3,11.0
2025-12-13,wk inc flu hosp,0,2025-12-13,11,quantile,0.35,12.0
2025-12-13,wk inc flu hosp,0,2025-12-13,11,quantile,0.4,13.0
2025-12-13,wk inc flu hosp,0,2025-12-13,11,quantile,0.45,14.0
2025-12-13,wk inc flu hosp,0,2025-12-13,11,quantile,0.5,15.0
2025-12-13,wk inc flu hosp,0,2025-12-13,11,quantile,0.55,16.0
2025-12-13,wk inc flu hosp,0,2025-12-13,11,quantile,0.6,17.0
2025-12-13,wk inc flu hosp,0,2025-12-13,11,quantile,0.65,18.0
2025-12-13,wk inc flu hosp,0,2025-12-13,11,quantile,0.7,20.0
2025-12-13,wk inc flu hosp,0,2025-12-13,11,quantile,0.75,21.0
2025-12-13,wk inc flu hosp,0,2025-12-13,11,quantile,0.8,22.0
2025-12-13,wk inc flu hosp,0,2025-12-13,11,quantile,0.85,24.0
2025-12-13,wk inc flu hosp,0,2025-12-13,11,quantile,0.9,27.0
2025-12-13,wk inc flu hosp,0,2025-12-13,11,quantile,0.95,31.0
2025-12-13,wk inc flu hosp,0,2025-12-13,11,quantile,0.975,34.0
2025-12-13,wk inc flu hosp,0,2025-12-13,11,quantile,0.99,38.0
2025-12-13,wk inc flu hosp,0,2025-12-13,12,quantile,0.01,179.0
2025-12-13,wk inc flu hosp,0,2025-12-13,12,quantile,0.025,249.0
2025-12-13,wk inc flu hosp,0,2025-12-13,12,quantile,0.05,296.0
2025-12-13,wk inc flu hosp,0,2025-12-13,12,quantile,0.1,352.0
2025-12-13,wk inc flu hosp,0,2025-12-13,12,quantile,0.15,393.0
2025-12-13,wk inc flu hosp,0,2025-12-13,12,quantile,0.2,431.0
2025-12-13,wk inc flu hosp,0,2025-12-13,12,quantile,0.25,465.0
2025-12-13,wk inc flu hosp,0,2025-12-13,12,quantile,0.3,494.0
2025-12-13,wk inc flu hosp,0,2025-12-13,12,quantile,0.35,523.0
2025-12-13,wk inc flu hosp,0,2025-12-13,12,quantile,0.4,553.0
2025-12-13,wk inc flu hosp,0,2025-12-13,12,quantile,0.45,585.0
2025-12-13,wk inc flu hosp,0,2025-12-13,12,quantile,0.5,615.0
2025-12-13,wk inc flu hosp,0,2025-12-13,12,quantile,0.55,654.0
2025-12-13,wk inc flu hosp,0,2025-12-13,12,quantile,0.6,687.0
2025-12-13,wk inc flu hosp,0,2025-12-13,12,quantile,0.65,722.0
2025-12-13,wk inc flu hosp,0,2025-12-13,12,quantile,0.7,761.0
2025-12-13,wk inc flu hosp,0,2025-12-13,12,quantile,0.75,796.0
2025-12-13,wk inc flu hosp,0,2025-12-13,12,quantile,0.8,849.0
2025-12-13,wk inc flu hosp,0,2025-12-13,12,quantile,0.85,905.0
2025-12-13,wk inc flu hosp,0,2025-12-13,12,quantile,0.9,978.0
2025-12-13,wk inc flu hosp,0,2025-12-13,12,quantile,0.95,1096.0
2025-12-13,wk inc flu hosp,0,2025-12-13,12,quantile,0.975,1203.0
2025-12-13,wk inc flu hosp,0,2025-12-13,12,quantile,0.99,1288.0
2025-12-13,wk inc flu hosp,0,2025-12-13,13,quantile,0.01,22.0
2025-12-13,wk inc flu hosp,0,2025-12-13,13,quantile,0.025,27.0
2025-12-13,wk inc flu hosp,0,2025-12-13,13,quantile,0.05,45.0
2025-12-13,wk inc flu hosp,0,2025-12-13,13,quantile,0.1,73.0
2025-12-13,wk inc flu hosp,0,2025-12-13,13,quantile,0.15,98.0
2025-12-13,wk inc flu hosp,0,2025-12-13,13,quantile,0.2,115.0
2025-12-13,wk inc flu hosp,0,2025-12-13,13,quantile,0.25,126.0
2025-12-13,wk inc flu hosp,0,2025-12-13,13,quantile,0.3,136.0
2025-12-13,wk inc flu hosp,0,2025-12-13,13,quantile,0.35,145.0
2025-12-13,wk inc flu hosp,0,2025-12-13,13,quantile,0.4,153.0
2025-12-13,wk inc flu hosp,0,2025-12-13,13,quantile,0.45,161.0
2025-12-13,wk inc flu hosp,0,2025-12-13,13,quantile,0.5,171.0
2025-12-13,wk inc flu hosp,0,2025-12-13,13,quantile,0.55,180.0
2025-12-13,wk inc flu hosp,0,2025-12-13,13,quantile,0.6,191.0
2025-12-13,wk inc flu hosp,0,2025-12-13,13,quantile,0.65,202.0
2025-12-13,wk inc flu hosp,0,2025-12-13,13,quantile,0.7,214.0
2025-12-13,wk inc flu hosp,0,2025-12-13,13,quantile,0.75,234.0
2025-12-13,wk inc flu hosp,0,2025-12-13,13,quantile,0.8,249.0
2025-12-13,wk inc flu hosp,0,2025-12-13,13,quantile,0.85,274.0
2025-12-13,wk inc flu hosp,0,2025-12-13,13,quantile,0.9,315.0
2025-12-13,wk inc flu hosp,0,2025-12-13,13,quantile,0.95,370.0
2025-12-13,wk inc flu hosp,0,2025-12-13,13,quantile,0.975,411.0
2025-12-13,wk inc flu hosp,0,2025-12-13,13,quantile,0.99,455.0
2025-12-13,wk inc flu hosp,0,2025-12-13,15,quantile,0.01,27.0
2025-12-13,wk inc flu hosp,0,2025-12-13,15,quantile,0.025,35.0
2025-12-13,wk inc flu hosp,0,2025-12-13,15,quantile,0.05,42.0
2025-12-13,wk inc flu hosp,0,2025-12-13,15,quantile,0.1,48.0
2025-12-13,wk inc flu hosp,0,2025-12-13,15,quantile,0.15,55.0
2025-12-13,wk inc flu hosp,0,2025-12-13,15,quantile,0.2,60.0
2025-12-13,wk inc flu hosp,0,2025-12-13,15,quantile,0.25,64.0
2025-12-13,wk inc flu hosp,0,2025-12-13,15,quantile,0.3,68.0
2025-12-13,wk inc flu hosp,0,2025-12-13,15,quantile,0.35,71.0
2025-12-13,wk inc flu hosp,0,2025-12-13,15,quantile,0.4,75.0
2025-12-13,wk inc flu hosp,0,2025-12-13,15,quantile,0.45,78.0
2025-12-13,wk inc flu hosp,0,2025-12-13,15,quantile,0.5,82.0
2025-12-13,wk inc flu hosp,0,2025-12-13,15,quantile,0.55,86.0
2025-12-13,wk inc flu hosp,0,2025-12-13,15,quantile,0.6,89.0
2025-12-13,wk inc flu hosp,0,2025-12-13,15,quantile,0.65,93.0
2025-12-13,wk inc flu hosp,0,2025-12-13,15,quantile,0.7,97.0
2025-12-13,wk inc flu hosp,0,2025-12-13,15,quantile,0.75,102.0
2025-12-13,wk inc flu hosp,0,2025-12-13,15,quantile,0.8,110.0
2025-12-13,wk inc flu hosp,0,2025-12-13,15,quantile,0.85,116.0
2025-12-13,wk inc flu hosp,0,2025-12-13,15,quantile,0.9,126.0
2025-12-13,wk inc flu hosp,0,2025-12-13,15,quantile,0.95,139.0
2025-12-13,wk inc flu hosp,0,2025-12-13,15,quantile,0.975,152.0
2025-12-13,wk inc flu hosp,0,2025-12-13,15,quantile,0.99,162.0
2025-12-13,wk inc flu hosp,0,2025-12-13,16,quantile,0.01,4.0
2025-12-13,wk inc flu hosp,0,2025-12-13,16,quantile,0.025,7.0
2025-12-13,wk inc flu hosp,0,2025-12-13,16,quantile,0.05,12.0
2025-12-13,wk inc flu hosp,0,2025-12-13,16,quantile,0.1,17.0
2025-12-13,wk inc flu hosp,0,2025-12-13,16,quantile,0.15,21.0
2025-12-13,wk inc flu hosp,0,2025-12-13,16,quantile,0.2,24.0
2025-12-13,wk inc flu hosp,0,2025-12-13,16,quantile,0.25,26.0
2025-12-13,wk inc flu hosp,0,2025-12-13,16,quantile,0.3,29.0
2025-12-13,wk inc flu hosp,0,2025-12-13,16,quantile,0.35,31.0
2025-12-13,wk inc flu hosp,0,2025-12-13,16,quantile,0.4,33.0
2025-12-13,wk inc flu hosp,0,2025-12-13,16,quantile,0.45,34.0
2025-12-13,wk inc flu hosp,0,2025-12-13,16,quantile,0.5,37.0
2025-12-13,wk inc flu hosp,0,2025-12-13,16,quantile,0.55,39.0
2025-12-13,wk inc flu hosp,0,2025-12-13,16,quantile,0.6,42.0
2025-12-13,wk inc flu hosp,0,2025-12-13,16,quantile,0.65,44.0
2025-12-13,wk inc flu hosp,0,2025-12-13,16,quantile,0.7,47.0
2025-12-13,wk inc flu hosp,0,2025-12-13,16,quantile,0.75,50.0
2025-12-13,wk inc flu hosp,0,2025-12-13,16,quantile,0.8,54.0
2025-12-13,wk inc flu hosp,0,2025-12-13,16,quantile,0.85,58.0
2025-12-13,wk inc flu hosp,0,2025-12-13,16,quantile,0.9,63.0
2025-12-13,wk inc flu hosp,0,2025-12-13,16,quantile,0.95,71.0
2025-12-13,wk inc flu hosp,0,2025-12-13,16,quantile,0.975,78.0
2025-12-13,wk inc flu hosp,0,2025-12-13,16,quantile,0.99,86.0
2025-12-13,wk inc flu hosp,0,2025-12-13,17,quantile,0.01,19.0
2025-12-13,wk inc flu hosp,0,2025-12-13,17,quantile,0.025,27.0
2025-12-13,wk inc flu hosp,0,2025-12-13,17,quantile,0.05,37.0
2025-12-13,wk inc flu hosp,0,2025-12-13,17,quantile,0.1,66.0
2025-12-13,wk inc flu hosp,0,2025-12-13,17,quantile,0.15,88.0
2025-12-13,wk inc flu hosp,0,2025-12-13,17,quantile,0.2,102.0
2025-12-13,wk inc flu hosp,0,2025-12-13,17,quantile,0.25,117.0
2025-12-13,wk inc flu hosp,0,2025-12-13,17,quantile,0.3,130.0
2025-12-13,wk inc flu hosp,0,2025-12-13,17,quantile,0.35,139.0
2025-12-13,wk inc flu hosp,0,2025-12-13,17,quantile,0.4,148.0
2025-12-13,wk inc flu hosp,0,2025-12-13,17,quantile,0.45,155.0
2025-12-13,wk inc flu hosp,0,2025-12-13,17,quantile,0.5,164.0
2025-12-13,wk inc flu hosp,0,2025-12-13,17,quantile,0.55,172.0
2025-12-13,wk inc flu hosp,0,2025-12-13,17,quantile,0.6,182.0
2025-12-13,wk inc flu hosp,0,2025-12-13,17,quantile,0.65,192.0
2025-12-13,wk inc flu hosp,0,2025-12-13,17,quantile,0.7,204.0
2025-12-13,wk inc flu hosp,0,2025-12-13,17,quantile,0.75,222.0
2025-12-13,wk inc flu hosp,0,2025-12-13,17,quantile,0.8,236.0
2025-12-13,wk inc flu hosp,0,2025-12-13,17,quantile,0.85,263.0
2025-12-13,wk inc flu hosp,0,2025-12-13,17,quantile,0.9,301.0
2025-12-13,wk inc flu hosp,0,2025-12-13,17,quantile,0.95,389.0
2025-12-13,wk inc flu hosp,0,2025-12-13,17,quantile,0.975,429.0
2025-12-13,wk inc flu hosp,0,2025-12-13,17,quantile,0.99,478.0
2025-12-13,wk inc flu hosp,0,2025-12-13,18,quantile,0.01,11.0
2025-12-13,wk inc flu hosp,0,2025-12-13,18,quantile,0.025,15.0
2025-12-13,wk inc flu hosp,0,2025-12-13,18,quantile,0.05,20.0
2025-12-13,wk inc flu hosp,0,2025-12-13,18,quantile,0.1,28.0
2025-12-13,wk inc flu hosp,0,2025-12-13,18,quantile,0.15,50.0
2025-12-13,wk inc flu hosp,0,2025-12-13,18,quantile,0.2,66.0
2025-12-13,wk inc flu hosp,0,2025-12-13,18,quantile,0.25,78.0
2025-12-13,wk inc flu hosp,0,2025-12-13,18,quantile,0.3,89.0
2025-12-13,wk inc flu hosp,0,2025-12-13,18,quantile,0.35,97.0
2025-12-13,wk inc flu hosp,0,2025-12-13,18,quantile,0.4,102.0
2025-12-13,wk inc flu hosp,0,2025-12-13,18,quantile,0.45,107.0
2025-12-13,wk inc flu hosp,0,2025-12-13,18,quantile,0.5,114.0
2025-12-13,wk inc flu hosp,0,2025-12-13,18,quantile,0.55,121.0
2025-12-13,wk inc flu hosp,0,2025-12-13,18,quantile,0.6,128.0
2025-12-13,wk inc flu hosp,0,2025-12-13,18,quantile,0.65,135.0
2025-12-13,wk inc flu hosp,0,2025-12-13,18,quantile,0.7,142.0
2025-12-13,wk inc flu hosp,0,2025-12-13,18,quantile,0.75,153.0
2025-12-13,wk inc flu hosp,0,2025-12-13,18,quantile,0.8,164.0
2025-12-13,wk inc flu hosp,0,2025-12-13,18,quantile,0.85,181.0
2025-12-13,wk inc flu hosp,0,2025-12-13,18,quantile,0.9,201.0
2025-12-13,wk inc flu hosp,0,2025-12-13,18,quantile,0.95,241.0
2025-12-13,wk inc flu hosp,0,2025-12-13,18,quantile,0.975,309.0
2025-12-13,wk inc flu hosp,0,2025-12-13,18,quantile,0.99,366.0
2025-12-13,wk inc flu hosp,0,2025-12-13,19,quantile,0.01,2.0
2025-12-13,wk inc flu hosp,0,2025-12-13,19,quantile,0.025,2.0
2025-12-13,wk inc flu hosp,0,2025-12-13,19,quantile,0.05,3.0
2025-12-13,wk inc flu hosp,0,2025-12-13,19,quantile,0.1,4.0
2025-12-13,wk inc flu hosp,0,2025-12-13,19,quantile,0.15,7.0
2025-12-13,wk inc flu hosp,0,2025-12-13,19,quantile,0.2,10.0
2025-12-13,wk inc flu hosp,0,2025-12-13,19,quantile,0.25,12.0
2025-12-13,wk inc flu hosp,0,2025-12-13,19,quantile,0.3,14.0
2025-12-13,wk inc flu hosp,0,2025-12-13,19,quantile,0.35,16.0
2025-12-13,wk inc flu hosp,0,2025-12-13,19,quantile,0.4,18.0
2025-12-13,wk inc flu hosp,0,2025-12-13,19,quantile,0.45,19.0
2025-12-13,wk inc flu hosp,0,2025-12-13,19,quantile,0.5,21.0
2025-12-13,wk inc flu hosp,0,2025-12-13,19,quantile,0.55,22.0
2025-12-13,wk inc flu hosp,0,2025-12-13,19,quantile,0.6,23.0
2025-12-13,wk inc flu hosp,0,2025-12-13,19,quantile,0.65,25.0
2025-12-13,wk inc flu hosp,0,2025-12-13,19,quantile,0.7,26.0
2025-12-13,wk inc flu hosp,0,2025-12-13,19,quantile,0.75,29.0
2025-12-13,wk inc flu hosp,0,2025-12-13,19,quantile,0.8,30.0
2025-12-13,wk inc flu hosp,0,2025-12-13,19,quantile,0.85,34.0
2025-12-13,wk inc flu hosp,0,2025-12-13,19,quantile,0.9,39.0
2025-12-13,wk inc flu hosp,0,2025-12-13,19,quantile,0.95,55.0
2025-12-13,wk inc flu hosp,0,2025-12-13,19,quantile,0.975,65.0
2025-12-13,wk inc flu hosp,0,2025-12-13,19,quantile,0.99,72.0
2025-12-13,wk inc flu hosp,0,2025-12-13,20,quantile,0.01,2.0
2025-12-13,wk inc flu hosp,0,2025-12-13,20,quantile,0.025,2.0
2025-12-13,wk inc flu hosp,0,2025-12-13,20,quantile,0.05,3.0
2025-12-13,wk inc flu hosp,0,2025-12-13,20,quantile,0.1,4.0
2025-12-13,wk inc flu hosp,0,2025-12-13,20,quantile,0.15,5.0
2025-12-13,wk inc flu hosp,0,2025-12-13,20,quantile,0.2,6.0
2025-12-13,wk inc flu hosp,0,2025-12-13,20,quantile,0.25,9.0
2025-12-13,wk inc flu hosp,0,2025-12-13,20,quantile,0.3,13.0
2025-12-13,wk inc flu hosp,0,2025-12-13,20,quantile,0.35,15.0
2025-12-13,wk inc flu hosp,0,2025-12-13,20,quantile,0.4,17.0
2025-12-13,wk inc flu hosp,0,2025-12-13,20,quantile,0.45,20.0
2025-12-13,wk inc flu hosp,0,2025-12-13,20,quantile,0.5,22.0
2025-12-13,wk inc flu hosp,0,2025-12-13,20,quantile,0.55,24.0
2025-12-13,wk inc flu hosp,0,2025-12-13,20,quantile,0.6,25.0
2025-12-13,wk inc flu hosp,0,2025-12-13,20,quantile,0.65,26.0
2025-12-13,wk inc flu hosp,0,2025-12-13,20,quantile,0.7,28.0
2025-12-13,wk inc flu hosp,0,2025-12-13,20,quantile,0.75,30.0
2025-12-13,wk inc flu hosp,0,2025-12-13,20,quantile,0.8,33.0
2025-12-13,wk inc flu hosp,0,2025-12-13,20,quantile,0.85,36.0
2025-12-13,wk inc flu hosp,0,2025-12-13,20,quantile,0.9,41.0
2025-12-13,wk inc flu hosp,0,2025-12-13,20,quantile,0.95,56.0
2025-12-13,wk inc flu hosp,0,2025-12-13,20,quantile,0.975,83.0
2025-12-13,wk inc flu hosp,0,2025-12-13,20,quantile,0.99,93.0
2025-12-13,wk inc flu hosp,0,2025-12-13,21,quantile,0.01,6.0
2025-12-13,wk inc flu hosp,0,2025-12-13,21,quantile,0.025,8.0
2025-12-13,wk inc flu hosp,0,2025-12-13,21,quantile,0.05,11.0
2025-12-13,wk inc flu hosp,0,2025-12-13,21,quantile,0.1,14.0
2025-12-13,wk inc flu hosp,0,2025-12-13,21,quantile,0.15,16.0
2025-12-13,wk inc flu hosp,0,2025-12-13,21,quantile,0.2,18.0
2025-12-13,wk inc flu hosp,0,2025-12-13,21,quantile,0.25,24.0
2025-12-13,wk inc flu hosp,0,2025-12-13,21,quantile,0.3,31.0
2025-12-13,wk inc flu hosp,0,2025-12-13,21,quantile,0.35,38.0
2025-12-13,wk inc flu hosp,0,2025-12-13,21,quantile,0.4,45.0
2025-12-13,wk inc flu hosp,0,2025-12-13,21,quantile,0.45,54.0
2025-12-13,wk inc flu hosp,0,2025-12-13,21,quantile,0.5,61.0
2025-12-13,wk inc flu hosp,0,2025-12-13,21,quantile,0.55,65.0
2025-12-13,wk inc flu hosp,0,2025-12-13,21,quantile,0.6,70.0
2025-12-13,wk inc flu hosp,0,2025-12-13,21,quantile,0.65,74.0
2025-12-13,wk inc flu hosp,0,2025-12-13,21,quantile,0.7,79.0
2025-12-13,wk inc flu hosp,0,2025-12-13,21,quantile,0.75,85.0
2025-12-13,wk inc flu hosp,0,2025-12-13,21,quantile,0.8,93.0
2025-12-13,wk inc flu hosp,0,2025-12-13,21,quantile,0.85,102.0
2025-12-13,wk inc flu hosp,0,2025-12-13,21,quantile,0.9,115.0
2025-12-13,wk inc flu hosp,0,2025-12-13,21,quantile,0.95,143.0
2025-12-13,wk inc flu hosp,0,2025-12-13,21,quantile,0.975,185.0
2025-12-13,wk inc flu hosp,0,2025-12-13,21,quantile,0.99,213.0
2025-12-13,wk inc flu hosp,0,2025-12-13,22,quantile,0.01,33.0
2025-12-13,wk inc flu hosp,0,2025-12-13,22,quantile,0.025,47.0
2025-12-13,wk inc flu hosp,0,2025-12-13,22,quantile,0.05,64.0
2025-12-13,wk inc flu hosp,0,2025-12-13,22,quantile,0.1,82.0
2025-12-13,wk inc flu hosp,0,2025-12-13,22,quantile,0.15,96.0
2025-12-13,wk inc flu hosp,0,2025-12-13,22,quantile,0.2,109.0
2025-12-13,wk inc flu hosp,0,2025-12-13,22,quantile,0.25,119.0
2025-12-13,wk inc flu hosp,0,2025-12-13,22,quantile,0.3,128.0
2025-12-13,wk inc flu hosp,0,2025-12-13,22,quantile,0.35,135.0
2025-12-13,wk inc flu hosp,0,2025-12-13,22,quantile,0.4,145.0
2025-12-13,wk inc flu hosp,0,2025-12-13,22,quantile,0.45,154.0
2025-12-13,wk inc flu hosp,0,2025-12-13,22,quantile,0.5,162.0
2025-12-13,wk inc flu hosp,0,2025-12-13,22,quantile,0.55,171.0
2025-12-13,wk inc flu hosp,0,2025-12-13,22,quantile,0.6,180.0
2025-12-13,wk inc flu hosp,0,2025-12-13,22,quantile,0.65,191.0
2025-12-13,wk inc flu hosp,0,2025-12-13,22,quantile,0.7,202.0
2025-12-13,wk inc flu hosp,0,2025-12-13,22,quantile,0.75,215.0
2025-12-13,wk inc flu hosp,0,2025-12-13,22,quantile,0.8,227.0
2025-12-13,wk inc flu hosp,0,2025-12-13,22,quantile,0.85,245.0
2025-12-13,wk inc flu hosp,0,2025-12-13,22,quantile,0.9,265.0
2025-12-13,wk inc flu hosp,0,2025-12-13,22,quantile,0.95,299.0
2025-12-13,wk inc flu hosp,0,2025-12-13,22,quantile,0.975,327.0
2025-12-13,wk inc flu hosp,0,2025-12-13,22,quantile,0.99,365.0
2025-12-13,wk inc flu hosp,0,2025-12-13,23,quantile,0.01,1.0
2025-12-13,wk inc flu hosp,0,2025-12-13,23,quantile,0.025,2.0
2025-12-13,wk inc flu hosp,0,2025-12-13,23,quantile,0.05,2.0
2025-12-13,wk inc flu hosp,0,2025-12-13,23,quantile,0.1,3.0
2025-12-13,wk inc flu hosp,0,2025-12-13,23,quantile,0.15,4.0
2025-12-13,wk inc flu hosp,0,2025-12-13,23,quantile,0.2,5.0
2025-12-13,wk inc flu hosp,0,2025-12-13,23,quantile,0.25,6.0
2025-12-13,wk inc flu hosp,0,2025-12-13,23,quantile,0.3,8.0
2025-12-13,wk inc flu hosp,0,2025-12-13,23,quantile,0.35,9.0
2025-12-13,wk inc flu hosp,0,2025-12-13,23,quantile,0.4,10.0
2025-12-13,wk inc flu hosp,0,2025-12-13,23,quantile,0.45,11.0
2025-12-13,wk inc flu hosp,0,2025-12-13,23,quantile,0.5,12.0
2025-12-13,wk inc flu hosp,0,2025-12-13,23,quantile,0.55,13.0
2025-12-13,wk inc flu hosp,0,2025-12-13,23,quantile,0.6,13.0
2025-12-13,wk inc flu hosp,0,2025-12-13,23,quantile,0.65,14.0
2025-12-13,wk inc flu hosp,0,2025-12-13,23,quantile,0.7,15.0
2025-12-13,wk inc flu hosp,0,2025-12-13,23,quantile,0.75,16.0
2025-12-13,wk inc flu hosp,0,2025-12-13,23,quantile,0.8,17.0
2025-12-13,wk inc flu hosp,0,2025-12-13,23,quantile,0.85,19.0
2025-12-13,wk inc flu hosp,0,2025-12-13,23,quantile,0.9,22.0
2025-12-13,wk inc flu hosp,0,2025-12-13,23,quantile,0.95,27.0
2025-12-13,wk inc flu hosp,0,2025-12-13,23,quantile,0.975,33.0
2025-12-13,wk inc flu hosp,0,2025-12-13,23,quantile,0.99,38.0
2025-12-13,wk inc flu hosp,0,2025-12-13,24,quantile,0.01,39.0
2025-12-13,wk inc flu hosp,0,2025-12-13,24,quantile,0.025,54.0
2025-12-13,wk inc flu hosp,0,2025-12-13,24,quantile,0.05,67.0
2025-12-13,wk inc flu hosp,0,2025-12-13,24,quantile,0.1,86.0
2025-12-13,wk inc flu hosp,0,2025-12-13,24,quantile,0.15,100.0
2025-12-13,wk inc flu hosp,0,2025-12-13,24,quantile,0.2,111.0
2025-12-13,wk inc flu hosp,0,2025-12-13,24,quantile,0.25,123.0
2025-12-13,wk inc flu hosp,0,2025-12-13,24,quantile,0.3,132.0
2025-12-13,wk inc flu hosp,0,2025-12-13,24,quantile,0.35,141.0
2025-12-13,wk inc flu hosp,0,2025-12-13,24,quantile,0.4,148.0
2025-12-13,wk inc flu hosp,0,2025-12-13,24,quantile,0.45,156.0
2025-12-13,wk inc flu hosp,0,2025-12-13,24,quantile,0.5,165.0
2025-12-13,wk inc flu hosp,0,2025-12-13,24,quantile,0.55,177.0
2025-12-13,wk inc flu hosp,0,2025-12-13,24,quantile,0.6,186.0
2025-12-13,wk inc flu hosp,0,2025-12-13,24,quantile,0.65,196.0
2025-12-13,wk inc flu hosp,0,2025-12-13,24,quantile,0.7,206.0
2025-12-13,wk inc flu hosp,0,2025-12-13,24,quantile,0.75,218.0
2025-12-13,wk inc flu hosp,0,2025-12-13,24,quantile,0.8,230.0
2025-12-13,wk inc flu hosp,0,2025-12-13,24,quantile,0.85,245.0
2025-12-13,wk inc flu hosp,0,2025-12-13,24,quantile,0.9,267.0
2025-12-13,wk inc flu hosp,0,2025-12-13,24,quantile,0.95,298.0
2025-12-13,wk inc flu hosp,0,2025-12-13,24,quantile,0.975,329.0
2025-12-13,wk inc flu hosp,0,2025-12-13,24,quantile,0.99,369.0
2025-12-13,wk inc flu hosp,0,2025-12-13,25,quantile,0.01,26.0
2025-12-13,wk inc flu hosp,0,2025-12-13,25,quantile,0.025,35.0
2025-12-13,wk inc flu hosp,0,2025-12-13,25,quantile,0.05,44.0
2025-12-13,wk inc flu hosp,0,2025-12-13,25,quantile,0.1,57.0
2025-12-13,wk inc flu hosp,0,2025-12-13,25,quantile,0.15,69.0
2025-12-13,wk inc flu hosp,0,2025-12-13,25,quantile,0.2,77.0
2025-12-13,wk inc flu hosp,0,2025-12-13,25,quantile,0.25,83.0
2025-12-13,wk inc flu hosp,0,2025-12-13,25,quantile,0.3,89.0
2025-12-13,wk inc flu hosp,0,2025-12-13,25,quantile,0.35,95.0
2025-12-13,wk inc flu hosp,0,2025-12-13,25,quantile,0.4,100.0
2025-12-13,wk inc flu hosp,0,2025-12-13,25,quantile,0.45,106.0
2025-12-13,wk inc flu hosp,0,2025-12-13,25,quantile,0.5,112.0
2025-12-13,wk inc flu hosp,0,2025-12-13,25,quantile,0.55,118.0
2025-12-13,wk inc flu hosp,0,2025-12-13,25,quantile,0.6,124.0
2025-12-13,wk inc flu hosp,0,2025-12-13,25,quantile,0.65,129.0
2025-12-13,wk inc flu hosp,0,2025-12-13,25,quantile,0.7,134.0
2025-12-13,wk inc flu hosp,0,2025-12-13,25,quantile,0.75,141.0
2025-12-13,wk inc flu hosp,0,2025-12-13,25,quantile,0.8,149.0
2025-12-13,wk inc flu hosp,0,2025-12-13,25,quantile,0.85,158.0
2025-12-13,wk inc flu hosp,0,2025-12-13,25,quantile,0.9,175.0
2025-12-13,wk inc flu hosp,0,2025-12-13,25,quantile,0.95,203.0
2025-12-13,wk inc flu hosp,0,2025-12-13,25,quantile,0.975,219.0
2025-12-13,wk inc flu hosp,0,2025-12-13,25,quantile,0.99,239.0
2025-12-13,wk inc flu hosp,0,2025-12-13,26,quantile,0.01,16.0
2025-12-13,wk inc flu hosp,0,2025-12-13,26,quantile,0.025,22.0
2025-12-13,wk inc flu hosp,0,2025-12-13,26,quantile,0.05,42.0
2025-12-13,wk inc flu hosp,0,2025-12-13,26,quantile,0.1,68.0
2025-12-13,wk inc flu hosp,0,2025-12-13,26,quantile,0.15,87.0
2025-12-13,wk inc flu hosp,0,2025-12-13,26,quantile,0.2,99.0
2025-12-13,wk inc flu hosp,0,2025-12-13,26,quantile,0.25,110.0
2025-12-13,wk inc flu hosp,0,2025-12-13,26,quantile,0.3,119.0
2025-12-13,wk inc flu hosp,0,2025-12-13,26,quantile,0.35,129.0
2025-12-13,wk inc flu hosp,0,2025-12-13,26,quantile,0.4,137.0
2025-12-13,wk inc flu hosp,0,2025-12-13,26,quantile,0.45,146.0
2025-12-13,wk inc flu hosp,0,2025-12-13,26,quantile,0.5,156.0
2025-12-13,wk inc flu hosp,0,2025-12-13,26,quantile,0.55,165.0
2025-12-13,wk inc flu hosp,0,2025-12-13,26,quantile,0.6,175.0
2025-12-13,wk inc flu hosp,0,2025-12-13,26,quantile,0.65,185.0
2025-12-13,wk inc flu hosp,0,2025-12-13,26,quantile,0.7,197.0
2025-12-13,wk inc flu hosp,0,2025-12-13,26,quantile,0.75,209.0
2025-12-13,wk inc flu hosp,0,2025-12-13,26,quantile,0.8,222.0
2025-12-13,wk inc flu hosp,0,2025-12-13,26,quantile,0.85,243.0
2025-12-13,wk inc flu hosp,0,2025-12-13,26,quantile,0.9,267.0
2025-12-13,wk inc flu hosp,0,2025-12-13,26,quantile,0.95,319.0
2025-12-13,wk inc flu hosp,0,2025-12-13,26,quantile,0.975,360.0
2025-12-13,wk inc flu hosp,0,2025-12-13,26,quantile,0.99,404.0
2025-12-13,wk inc flu hosp,0,2025-12-13,27,quantile,0.01,16.0
2025-12-13,wk inc flu hosp,0,2025-12-13,27,quantile,0.025,23.0
2025-12-13,wk inc flu hosp,0,2025-12-13,27,quantile,0.05,29.0
2025-12-13,wk inc flu hosp,0,2025-12-13,27,quantile,0.1,52.0
2025-12-13,wk inc flu hosp,0,2025-12-13,27,quantile,0.15,74.0
2025-12-13,wk inc flu hosp,0,2025-12-13,27,quantile,0.2,90.0
2025-12-13,wk inc flu hosp,0,2025-12-13,27,quantile,0.25,101.0
2025-12-13,wk inc flu hosp,0,2025-12-13,27,quantile,0.3,113.0
2025-12-13,wk inc flu hosp,0,2025-12-13,27,quantile,0.35,124.0
2025-12-13,wk inc flu hosp,0,2025-12-13,27,quantile,0.4,135.0
2025-12-13,wk inc flu hosp,0,2025-12-13,27,quantile,0.45,147.0
2025-12-13,wk inc flu hosp,0,2025-12-13,27,quantile,0.5,156.0
2025-12-13,wk inc flu hosp,0,2025-12-13,27,quantile,0.55,166.0
2025-12-13,wk inc flu hosp,0,2025-12-13,27,quantile,0.6,174.0
2025-12-13,wk inc flu hosp,0,2025-12-13,27,quantile,0.65,184.0
2025-12-13,wk inc flu hosp,0,2025-12-13,27,quantile,0.7,195.0
2025-12-13,wk inc flu hosp,0,2025-12-13,27,quantile,0.75,210.0
2025-12-13,wk inc flu hosp,0,2025-12-13,27,quantile,0.8,224.0
2025-12-13,wk inc flu hosp,0,2025-12-13,27,quantile,0.85,240.0
2025-12-13,wk inc flu hosp,0,2025-12-13,27,quantile,0.9,266.0
2025-12-13,wk inc flu hosp,0,2025-12-13,27,quantile,0.95,307.0
2025-12-13,wk inc flu hosp,0,2025-12-13,27,quantile,0.975,352.0
2025-12-13,wk inc flu hosp,0,2025-12-13,27,quantile,0.99,399.0
2025-12-13,wk inc flu hosp,0,2025-12-13,28,quantile,0.01,4.0
2025-12-13,wk inc flu hosp,0,2025-12-13,28,quantile,0.025,5.0
2025-12-13,wk inc flu hosp,0,2025-12-13,28,quantile,0.05,8.0
2025-12-13,wk inc flu hosp,0,2025-12-13,28,quantile,0.1,10.0
2025-12-13,wk inc flu hosp,0,2025-12-13,28,quantile,0.15,11.0
2025-12-13,wk inc flu hosp,0,2025-12-13,28,quantile,0.2,11.0
2025-12-13,wk inc flu hosp,0,2025-12-13,28,quantile,0.25,17.0
2025-12-13,wk inc flu hosp,0,2025-12-13,28,quantile,0.3,23.0
2025-12-13,wk inc flu hosp,0,2025-12-13,28,quantile,0.35,29.0
2025-12-13,wk inc flu hosp,0,2025-12-13,28,quantile,0.4,30.0
2025-12-13,wk inc flu hosp,0,2025-12-13,28,quantile,0.45,33.0
2025-12-13,wk inc flu hosp,0,2025-12-13,28,quantile,0.5,35.0
2025-12-13,wk inc flu hosp,0,2025-12-13,28,quantile,0.55,37.0
2025-12-13,wk inc flu hosp,0,2025-12-13,28,quantile,0.6,39.0
2025-12-13,wk inc flu hosp,0,2025-12-13,28,quantile,0.65,42.0
2025-12-13,wk inc flu hosp,0,2025-12-13,28,quantile,0.7,47.0
2025-12-13,wk inc flu hosp,0,2025-12-13,28,quantile,0.75,50.0
2025-12-13,wk inc flu hosp,0,2025-12-13,28,quantile,0.8,56.0
2025-12-13,wk inc flu hosp,0,2025-12-13,28,quantile,0.85,63.0
2025-12-13,wk inc flu hosp,0,2025-12-13,28,quantile,0.9,74.0
2025-12-13,wk inc flu hosp,0,2025-12-13,28,quantile,0.95,102.0
2025-12-13,wk inc flu hosp,0,2025-12-13,28,quantile,0.975,121.0
2025-12-13,wk inc flu hosp,0,2025-12-13,28,quantile,0.99,161.0
2025-12-13,wk inc flu hosp,0,2025-12-13,30,quantile,0.01,1.0
2025-12-13,wk inc flu hosp,0,2025-12-13,30,quantile,0.025,2.0
2025-12-13,wk inc flu hosp,0,2025-12-13,30,quantile,0.05,2.0
2025-12-13,wk inc flu hosp,0,2025-12-13,30,quantile,0.1,5.0
2025-12-13,wk inc flu hosp,0,2025-12-13,30,quantile,0.15,7.0
2025-12-13,wk inc flu hosp,0,2025-12-13,30,quantile,0.2,8.0
2025-12-13,wk inc flu hosp,0,2025-12-13,30,quantile,0.25,9.0
2025-12-13,wk inc flu hosp,0,2025-12-13,30,quantile,0.3,11.0
2025-12-13,wk inc flu hosp,0,2025-12-13,30,quantile,0.35,12.0
2025-12-13,wk inc flu hosp,0,2025-12-13,30,quantile,0.4,13.0
2025-12-13,wk inc flu hosp,0,2025-12-13,30,quantile,0.45,14.0
2025-12-13,wk inc flu hosp,0,2025-12-13,30,quantile,0.5,15.0
2025-12-13,wk inc flu hosp,0,2025-12-13,30,quantile,0.55,16.0
2025-12-13,wk inc flu hosp,0,2025-12-13,30,quantile,0.6,17.0
2025-12-13,wk inc flu hosp,0,2025-12-13,30,quantile,0.65,18.0
2025-12-13,wk inc flu hosp,0,2025-12-13,30,quantile,0.7,20.0
2025-12-13,wk inc flu hosp,0,2025-12-13,30,quantile,0.75,21.0
2025-12-13,wk inc flu hosp,0,2025-12-13,30,quantile,0.8,23.0
2025-12-13,wk inc flu hosp,0,2025-12-13,30,quantile,0.85,24.0
2025-12-13,wk inc flu hosp,0,2025-12-13,30,quantile,0.9,28.0
2025-12-13,wk inc flu hosp,0,2025-12-13,30,quantile,0.95,33.0
2025-12-13,wk inc flu hosp,0,2025-12-13,30,quantile,0.975,36.0
2025-12-13,wk inc flu hosp,0,2025-12-13,30,quantile,0.99,41.0
2025-12-13,wk inc flu hosp,0,2025-12-13,31,quantile,0.01,1.0
2025-12-13,wk inc flu hosp,0,2025-12-13,31,quantile,0.025,1.0
2025-12-13,wk inc flu hosp,0,2025-12-13,31,quantile,0.05,1.0
2025-12-13,wk inc flu hosp,0,2025-12-13,31,quantile,0.1,2.0
2025-12-13,wk inc flu hosp,0,2025-12-13,31,quantile,0.15,2.0
2025-12-13,wk inc flu hosp,0,2025-12-13,31,quantile,0.2,3.0
2025-12-13,wk inc flu hosp,0,2025-12-13,31,quantile,0.25,4.0
2025-12-13,wk inc flu hosp,0,2025-12-13,31,quantile,0.3,5.0
2025-12-13,wk inc flu hosp,0,2025-12-13,31,quantile,0.35,7.0
2025-12-13,wk inc flu hosp,0,2025-12-13,31,quantile,0.4,8.0
2025-12-13,wk inc flu hosp,0,2025-12-13,31,quantile,0.45,9.0
2025-12-13,wk inc flu hosp,0,2025-12-13,31,quantile,0.5,10.0
2025-12-13,wk inc flu hosp,0,2025-12-13,31,quantile,0.55,10.0
2025-12-13,wk inc flu hosp,0,2025-12-13,31,quantile,0.6,11.0
2025-12-13,wk inc flu hosp,0,2025-12-13,31,quantile,0.65,12.0
2025-12-13,wk inc flu hosp,0,2025-12-13,31,quantile,0.7,12.0
2025-12-13,wk inc flu hosp,0,2025-12-13,31,quantile,0.75,14.0
2025-12-13,wk inc flu hosp,0,2025-12-13,31,quantile,0.8,15.0
2025-12-13,wk inc flu hosp,0,2025-12-13,31,quantile,0.85,16.0
2025-12-13,wk inc flu hosp,0,2025-12-13,31,quantile,0.9,19.0
2025-12-13,wk inc flu hosp,0,2025-12-13,31,quantile,0.95,29.0
2025-12-13,wk inc flu hosp,0,2025-12-13,31,quantile,0.975,38.0
2025-12-13,wk inc flu hosp,0,2025-12-13,31,quantile,0.99,43.0
2025-12-13,wk inc flu hosp,0,2025-12-13,32,quantile,0.01,3.0
2025-12-13,wk inc flu hosp,0,2025-12-13,32,quantile,0.025,4.0
2025-12-13,wk inc flu hosp,0,2025-12-13,32,quantile,0.05,5.0
2025-12-13,wk inc flu hosp,0,2025-12-13,32,quantile,0.1,6.0
2025-12-13,wk inc flu hosp,0,2025-12-13,32,quantile,0.15,8.0
2025-12-13,wk inc flu hosp,0,2025-12-13,32,quantile,0.2,12.0
2025-12-13,wk inc flu hosp,0,2025-12-13,32,quantile,0.25,14.0
2025-12-13,wk inc flu hosp,0,2025-12-13,32,quantile,0.3,16.0
2025-12-13,wk inc flu hosp,0,2025-12-13,32,quantile,0.35,18.0
2025-12-13,wk inc flu hosp,0,2025-12-13,32,quantile,0.4,20.0
2025-12-13,wk inc flu hosp,0,2025-12-13,32,quantile,0.45,22.0
2025-12-13,wk inc flu hosp,0,2025-12-13,32,quantile,0.5,25.0
2025-12-13,wk inc flu hosp,0,2025-12-13,32,quantile,0.55,27.0
2025-12-13,wk inc flu hosp,0,2025-12-13,32,quantile,0.6,28.0
2025-12-13,wk inc flu hosp,0,2025-12-13,32,quantile,0.65,30.0
2025-12-13,wk inc flu hosp,0,2025-12-13,32,quantile,0.7,31.0
2025-12-13,wk inc flu hosp,0,2025-12-13,32,quantile,0.75,33.0
2025-12-13,wk inc flu hosp,0,2025-12-13,32,quantile,0.8,35.0
2025-12-13,wk inc flu hosp,0,2025-12-13,32,quantile,0.85,40.0
2025-12-13,wk inc flu hosp,0,2025-12-13,32,quantile,0.9,47.0
2025-12-13,wk inc flu hosp,0,2025-12-13,32,quantile,0.95,66.0
2025-12-13,wk inc flu hosp,0,2025-12-13,32,quantile,0.975,73.0
2025-12-13,wk inc flu hosp,0,2025-12-13,32,quantile,0.99,81.0
2025-12-13,wk inc flu hosp,0,2025-12-13,33,quantile,0.01,2.0
2025-12-13,wk inc flu hosp,0,2025-12-13,33,quantile,0.025,2.0
2025-12-13,wk inc flu hosp,0,2025-12-13,33,quantile,0.05,3.0
2025-12-13,wk inc flu hosp,0,2025-12-13,33,quantile,0.1,5.0
2025-12-13,wk inc flu hosp,0,2025-12-13,33,quantile,0.15,8.0
2025-12-13,wk inc flu hosp,0,2025-12-13,33,quantile,0.2,9.0
2025-12-13,wk inc flu hosp,0,2025-12-13,33,quantile,0.25,11.0
2025-12-13,wk inc flu hosp,0,2025-12-13,33,quantile,0.3,13.0
2025-12-13,wk inc flu hosp,0,2025-12-13,33,quantile,0.35,14.0
2025-12-13,wk inc flu hosp,0,2025-12-13,33,quantile,0.4,15.0
2025-12-13,wk inc flu hosp,0,2025-12-13,33,quantile,0.45,16.0
2025-12-13,wk inc flu hosp,0,2025-12-13,33,quantile,0.5,17.0
2025-12-13,wk inc flu hosp,0,2025-12-13,33,quantile,0.55,18.0
2025-12-13,wk inc flu hosp,0,2025-12-13,33,quantile,0.6,19.0
2025-12-13,wk inc flu hosp,0,2025-12-13,33,quantile,0.65,20.0
2025-12-13,wk inc flu hosp,0,2025-12-13,33,quantile,0.7,21.0
2025-12-13,wk inc flu hosp,0,2025-12-13,33,quantile,0.75,23.0
2025-12-13,wk inc flu hosp,0,2025-12-13,33,quantile,0.8,25.0
2025-12-13,wk inc flu hosp,0,2025-12-13,33,quantile,0.85,28.0
2025-12-13,wk inc flu hosp,0,2025-12-13,33,quantile,0.9,31.0
2025-12-13,wk inc flu hosp,0,2025-12-13,33,quantile,0.95,38.0
2025-12-13,wk inc flu hosp,0,2025-12-13,33,quantile,0.975,43.0
2025-12-13,wk inc flu hosp,0,2025-12-13,33,quantile,0.99,49.0
2025-12-13,wk inc flu hosp,0,2025-12-13,34,quantile,0.01,68.0
2025-12-13,wk inc flu hosp,0,2025-12-13,34,quantile,0.025,94.0
2025-12-13,wk inc flu hosp,0,2025-12-13,34,quantile,0.05,114.0
2025-12-13,wk inc flu hosp,0,2025-12-13,34,quantile,0.1,147.0
2025-12-13,wk inc flu hosp,0,2025-12-13,34,quantile,0.15,170.0
2025-12-13,wk inc flu hosp,0,2025-12-13,34,quantile,0.2,191.0
2025-12-13,wk inc flu hosp,0,2025-12-13,34,quantile,0.25,206.0
2025-12-13,wk inc flu hosp,0,2025-12-13,34,quantile,0.3,219.0
2025-12-13,wk inc flu hosp,0,2025-12-13,34,quantile,0.35,233.0
2025-12-13,wk inc flu hosp,0,2025-12-13,34,quantile,0.4,245.0
2025-12-13,wk inc flu hosp,0,2025-12-13,34,quantile,0.45,259.0
2025-12-13,wk inc flu hosp,0,2025-12-13,34,quantile,0.5,271.0
2025-12-13,wk inc flu hosp,0,2025-12-13,34,quantile,0.55,284.0
2025-12-13,wk inc flu hosp,0,2025-12-13,34,quantile,0.6,299.0
2025-12-13,wk inc flu hosp,0,2025-12-13,34,quantile,0.65,314.0
2025-12-13,wk inc flu hosp,0,2025-12-13,34,quantile,0.7,329.0
2025-12-13,wk inc flu hosp,0,2025-12-13,34,quantile,0.75,347.0
2025-12-13,wk inc flu hosp,0,2025-12-13,34,quantile,0.8,371.0
2025-12-13,wk inc flu hosp,0,2025-12-13,34,quantile,0.85,395.0
2025-12-13,wk inc flu hosp,0,2025-12-13,34,quantile,0.9,430.0
2025-12-13,wk inc flu hosp,0,2025-12-13,34,quantile,0.95,486.0
2025-12-13,wk inc flu hosp,0,2025-12-13,34,quantile,0.975,534.0
2025-12-13,wk inc flu hosp,0,2025-12-13,34,quantile,0.99,564.0
2025-12-13,wk inc flu hosp,0,2025-12-13,35,quantile,0.01,3.0
2025-12-13,wk inc flu hosp,0,2025-12-13,35,quantile,0.025,4.0
2025-12-13,wk inc flu hosp,0,2025-12-13,35,quantile,0.05,5.0
2025-12-13,wk inc flu hosp,0,2025-12-13,35,quantile,0.1,7.0
2025-12-13,wk inc flu hosp,0,2025-12-13,35,quantile,0.15,9.0
2025-12-13,wk inc flu hosp,0,2025-12-13,35,quantile,0.2,12.0
2025-12-13,wk inc flu hosp,0,2025-12-13,35,quantile,0.25,15.0
2025-12-13,wk inc flu hosp,0,2025-12-13,35,quantile,0.3,18.0
2025-12-13,wk inc flu hosp,0,2025-12-13,35,quantile,0.35,20.0
2025-12-13,wk inc flu hosp,0,2025-12-13,35,quantile,0.4,22.0
2025-12-13,wk inc flu hosp,0,2025-12-13,35,quantile,0.45,24.0
2025-12-13,wk inc flu hosp,0,2025-12-13,35,quantile,0.5,25.0
2025-12-13,wk inc flu hosp,0,2025-12-13,35,quantile,0.55,27.0
2025-12-13,wk inc flu hosp,0,2025-12-13,35,quantile,0.6,29.0
2025-12-13,wk inc flu hosp,0,2025-12-13,35,quantile,0.65,30.0
2025-12-13,wk inc flu hosp,0,2025-12-13,35,quantile,0.7,33.0
2025-12-13,wk inc flu hosp,0,2025-12-13,35,quantile,0.75,36.0
2025-12-13,wk inc flu hosp,0,2025-12-13,35,quantile,0.8,39.0
2025-12-13,wk inc flu hosp,0,2025-12-13,35,quantile,0.85,44.0
2025-12-13,wk inc flu hosp,0,2025-12-13,35,quantile,0.9,49.0
2025-12-13,wk inc flu hosp,0,2025-12-13,35,quantile,0.95,61.0
2025-12-13,wk inc flu hosp,0,2025-12-13,35,quantile,0.975,74.0
2025-12-13,wk inc flu hosp,0,2025-12-13,35,quantile,0.99,80.0
2025-12-13,wk inc flu hosp,0,2025-12-13,36,quantile,0.01,204.0
2025-12-13,wk inc flu hosp,0,2025-12-13,36,quantile,0.025,268.0
2025-12-13,wk inc flu hosp,0,2025-12-13,36,quantile,0.05,319.0
2025-12-13,wk inc flu hosp,0,2025-12-13,36,quantile,0.1,407.0
2025-12-13,wk inc flu hosp,0,2025-12-13,36,quantile,0.15,469.0
2025-12-13,wk inc flu hosp,0,2025-12-13,36,quantile,0.2,525.0
2025-12-13,wk inc flu hosp,0,2025-12-13,36,quantile,0.25,571.0
2025-12-13,wk inc flu hosp,0,2025-12-13,36,quantile,0.3,601.0
2025-12-13,wk inc flu hosp,0,2025-12-13,36,quantile,0.35,629.0
2025-12-13,wk inc flu hosp,0,2025-12-13,36,quantile,0.4,650.0
2025-12-13,wk inc flu hosp,0,2025-12-13,36,quantile,0.45,676.0
2025-12-13,wk inc flu hosp,0,2025-12-13,36,quantile,0.5,697.0
2025-12-13,wk inc flu hosp,0,2025-12-13,36,quantile,0.55,730.0
2025-12-13,wk inc flu hosp,0,2025-12-13,36,quantile,0.6,755.0
2025-12-13,wk inc flu hosp,0,2025-12-13,36,quantile,0.65,786.0
2025-12-13,wk inc flu hosp,0,2025-12-13,36,quantile,0.7,824.0
2025-12-13,wk inc flu hosp,0,2025-12-13,36,quantile,0.75,854.0
2025-12-13,wk inc flu hosp,0,2025-12-13,36,quantile,0.8,902.0
2025-12-13,wk inc flu hosp,0,2025-12-13,36,quantile,0.85,956.0
2025-12-13,wk inc flu hosp,0,2025-12-13,36,quantile,0.9,1019.0
2025-12-13,wk inc flu hosp,0,2025-12-13,36,quantile,0.95,1141.0
2025-12-13,wk inc flu hosp,0,2025-12-13,36,quantile,0.975,1227.0
2025-12-13,wk inc flu hosp,0,2025-12-13,36,quantile,0.99,1292.0
2025-12-13,wk inc flu hosp,0,2025-12-13,37,quantile,0.01,50.0
2025-12-13,wk inc flu hosp,0,2025-12-13,37,quantile,0.025,62.0
2025-12-13,wk inc flu hosp,0,2025-12-13,37,quantile,0.05,106.0
2025-12-13,wk inc flu hosp,0,2025-12-13,37,quantile,0.1,155.0
2025-12-13,wk inc flu hosp,0,2025-12-13,37,quantile,0.15,201.0
2025-12-13,wk inc flu hosp,0,2025-12-13,37,quantile,0.2,233.0
2025-12-13,wk inc flu hosp,0,2025-12-13,37,quantile,0.25,257.0
2025-12-13,wk inc flu hosp,0,2025-12-13,37,quantile,0.3,275.0
2025-12-13,wk inc flu hosp,0,2025-12-13,37,quantile,0.35,294.0
2025-12-13,wk inc flu hosp,0,2025-12-13,37,quantile,0.4,308.0
2025-12-13,wk inc flu hosp,0,2025-12-13,37,quantile,0.45,324.0
2025-12-13,wk inc flu hosp,0,2025-12-13,37,quantile,0.5,342.0
2025-12-13,wk inc flu hosp,0,2025-12-13,37,quantile,0.55,362.0
2025-12-13,wk inc flu hosp,0,2025-12-13,37,quantile,0.6,382.0
2025-12-13,wk inc flu hosp,0,2025-12-13,37,quantile,0.65,407.0
2025-12-13,wk inc flu hosp,0,2025-12-13,37,quantile,0.7,434.0
2025-12-13,wk inc flu hosp,0,2025-12-13,37,quantile,0.75,463.0
2025-12-13,wk inc flu hosp,0,2025-12-13,37,quantile,0.8,503.0
2025-12-13,wk inc flu hosp,0,2025-12-13,37,quantile,0.85,550.0
2025-12-13,wk inc flu hosp,0,2025-12-13,37,quantile,0.9,610.0
2025-12-13,wk inc flu hosp,0,2025-12-13,37,quantile,0.95,716.0
2025-12-13,wk inc flu hosp,0,2025-12-13,37,quantile,0.975,803.0
2025-12-13,wk inc flu hosp,0,2025-12-13,37,quantile,0.99,892.0
2025-12-13,wk inc flu hosp,0,2025-12-13,38,quantile,0.01,0.0
2025-12-13,wk inc flu hosp,0,2025-12-13,38,quantile,0.025,1.0
2025-12-13,wk inc flu hosp,0,2025-12-13,38,quantile,0.05,1.0
2025-12-13,wk inc flu hosp,0,2025-12-13,38,quantile,0.1,2.0
2025-12-13,wk inc flu hosp,0,2025-12-13,38,quantile,0.15,2.0
2025-12-13,wk inc flu hosp,0,2025-12-13,38,quantile,0.2,2.0
2025-12-13,wk inc flu hosp,0,2025-12-13,38,quantile,0.25,3.0
2025-12-13,wk inc flu hosp,0,2025-12-13,38,quantile,0.3,4.0
2025-12-13,wk inc flu hosp,0,2025-12-13,38,quantile,0.35,5.0
2025-12-13,wk inc flu hosp,0,2025-12-13,38,quantile,0.4,6.0
2025-12-13,wk inc flu hosp,0,2025-12-13,38,quantile,0.45,7.0
2025-12-13,wk inc flu hosp,0,2025-12-13,38,quantile,0.5,8.0
2025-12-13,wk inc flu hosp,0,2025-12-13,38,quantile,0.55,9.0
2025-12-13,wk inc flu hosp,0,2025-12-13,38,quantile,0.6,10.0
2025-12-13,wk inc flu hosp,0,2025-12-13,38,quantile,0.65,10.0
2025-12-13,wk inc flu hosp,0,2025-12-13,38,quantile,0.7,11.0
2025-12-13,wk inc flu hosp,0,2025-12-13,38,quantile,0.75,12.0
2025-12-13,wk inc flu hosp,0,2025-12-13,38,quantile,0.8,13.0
2025-12-13,wk inc flu hosp,0,2025-12-13,38,quantile,0.85,14.0
2025-12-13,wk inc flu hosp,0,2025-12-13,38,quantile,0.9,17.0
2025-12-13,wk inc flu hosp,0,2025-12-13,38,quantile,0.95,20.0
2025-12-13,wk inc flu hosp,0,2025-12-13,38,quantile,0.975,26.0
2025-12-13,wk inc flu hosp,0,2025-12-13,38,quantile,0.99,31.0
2025-12-13,wk inc flu hosp,0,2025-12-13,39,quantile,0.01,13.0
2025-12-13,wk inc flu hosp,0,2025-12-13,39,quantile,0.025,18.0
2025-12-13,wk inc flu hosp,0,2025-12-13,39,quantile,0.05,24.0
2025-12-13,wk inc flu hosp,0,2025-12-13,39,quantile,0.1,46.0
2025-12-13,wk inc flu hosp,0,2025-12-13,39,quantile,0.15,64.0
2025-12-13,wk inc flu hosp,0,2025-12-13,39,quantile,0.2,78.0
2025-12-13,wk inc flu hosp,0,2025-12-13,39,quantile,0.25,90.0
2025-12-13,wk inc flu hosp,0,2025-12-13,39,quantile,0.3,100.0
2025-12-13,wk inc flu hosp,0,2025-12-13,39,quantile,0.35,108.0
2025-12-13,wk inc flu hosp,0,2025-12-13,39,quantile,0.4,114.0
2025-12-13,wk inc flu hosp,0,2025-12-13,39,quantile,0.45,120.0
2025-12-13,wk inc flu hosp,0,2025-12-13,39,quantile,0.5,127.0
2025-12-13,wk inc flu hosp,0,2025-12-13,39,quantile,0.55,135.0
2025-12-13,wk inc flu hosp,0,2025-12-13,39,quantile,0.6,142.0
2025-12-13,wk inc flu hosp,0,2025-12-13,39,quantile,0.65,150.0
2025-12-13,wk inc flu hosp,0,2025-12-13,39,quantile,0.7,159.0
2025-12-13,wk inc flu hosp,0,2025-12-13,39,quantile,0.75,171.0
2025-12-13,wk inc flu hosp,0,2025-12-13,39,quantile,0.8,183.0
2025-12-13,wk inc flu hosp,0,2025-12-13,39,quantile,0.85,202.0
2025-12-13,wk inc flu hosp,0,2025-12-13,39,quantile,0.9,228.0
2025-12-13,wk inc flu hosp,0,2025-12-13,39,quantile,0.95,290.0
2025-12-13,wk inc flu hosp,0,2025-12-13,39,quantile,0.975,323.0
2025-12-13,wk inc flu hosp,0,2025-12-13,39,quantile,0.99,362.0
2025-12-13,wk inc flu hosp,0,2025-12-13,40,quantile,0.01,1.0
2025-12-13,wk inc flu hosp,0,2025-12-13,40,quantile,0.025,2.0
2025-12-13,wk inc flu hosp,0,2025-12-13,40,quantile,0.05,3.0
2025-12-13,wk inc flu hosp,0,2025-12-13,40,quantile,0.1,4.0
2025-12-13,wk inc flu hosp,0,2025-12-13,40,quantile,0.15,4.0
2025-12-13,wk inc flu hosp,0,2025-12-13,40,quantile,0.2,5.0
2025-12-13,wk inc flu hosp,0,2025-12-13,40,quantile,0.25,8.0
2025-12-13,wk inc flu hosp,0,2025-12-13,40,quantile,0.3,11.0
2025-12-13,wk inc flu hosp,0,2025-12-13,40,quantile,0.35,14.0
2025-12-13,wk inc flu hosp,0,2025-12-13,40,quantile,0.4,18.0
2025-12-13,wk inc flu hosp,0,2025-12-13,40,quantile,0.45,22.0
2025-12-13,wk inc flu hosp,0,2025-12-13,40,quantile,0.5,24.0
2025-12-13,wk inc flu hosp,0,2025-12-13,40,quantile,0.55,25.0
2025-12-13,wk inc flu hosp,0,2025-12-13,40,quantile,0.6,27.0
2025-12-13,wk inc flu hosp,0,2025-12-13,40,quantile,0.65,28.0
2025-12-13,wk inc flu hosp,0,2025-12-13,40,quantile,0.7,30.0
2025-12-13,wk inc flu hosp,0,2025-12-13,40,quantile,0.75,32.0
2025-12-13,wk inc flu hosp,0,2025-12-13,40,quantile,0.8,35.0
2025-12-13,wk inc flu hosp,0,2025-12-13,40,quantile,0.85,38.0
2025-12-13,wk inc flu hosp,0,2025-12-13,40,quantile,0.9,45.0
2025-12-13,wk inc flu hosp,0,2025-12-13,40,quantile,0.95,65.0
2025-12-13,wk inc flu hosp,0,2025-12-13,40,quantile,0.975,98.0
2025-12-13,wk inc flu hosp,0,2025-12-13,40,quantile,0.99,113.0
2025-12-13,wk inc flu hosp,0,2025-12-13,41,quantile,0.01,4.0
2025-12-13,wk inc flu hosp,0,2025-12-13,41,quantile,0.025,5.0
2025-12-13,wk inc flu hosp,0,2025-12-13,41,quantile,0.05,7.0
2025-12-13,wk inc flu hosp,0,2025-12-13,41,quantile,0.1,8.0
2025-12-13,wk inc flu hosp,0,2025-12-13,41,quantile,0.15,10.0
2025-12-13,wk inc flu hosp,0,2025-12-13,41,quantile,0.2,11.0
2025-12-13,wk inc flu hosp,0,2025-12-13,41,quantile,0.25,16.0
2025-12-13,wk inc flu hosp,0,2025-12-13,41,quantile,0.3,20.0
2025-12-13,wk inc flu hosp,0,2025-12-13,41,quantile,0.35,24.0
2025-12-13,wk inc flu hosp,0,2025-12-13,41,quantile,0.4,28.0
2025-12-13,wk inc flu hosp,0,2025-12-13,41,quantile,0.45,30.0
2025-12-13,wk inc flu hosp,0,2025-12-13,41,quantile,0.5,33.0
2025-12-13,wk inc flu hosp,0,2025-12-13,41,quantile,0.55,34.0
2025-12-13,wk inc flu hosp,0,2025-12-13,41,quantile,0.6,36.0
2025-12-13,wk inc flu hosp,0,2025-12-13,41,quantile,0.65,39.0
2025-12-13,wk inc flu hosp,0,2025-12-13,41,quantile,0.7,41.0
2025-12-13,wk inc flu hosp,0,2025-12-13,41,quantile,0.75,44.0
2025-12-13,wk inc flu hosp,0,2025-12-13,41,quantile,0.8,48.0
2025-12-13,wk inc flu hosp,0,2025-12-13,41,quantile,0.85,54.0
2025-12-13,wk inc flu hosp,0,2025-12-13,41,quantile,0.9,64.0
2025-12-13,wk inc flu hosp,0,2025-12-13,41,quantile,0.95,89.0
2025-12-13,wk inc flu hosp,0,2025-12-13,41,quantile,0.975,112.0
2025-12-13,wk inc flu hosp,0,2025-12-13,41,quantile,0.99,126.0
2025-12-13,wk inc flu hosp,0,2025-12-13,42,quantile,0.01,20.0
2025-12-13,wk inc flu hosp,0,2025-12-13,42,quantile,0.025,27.0
2025-12-13,wk inc flu hosp,0,2025-12-13,42,quantile,0.05,47.0
2025-12-13,wk inc flu hosp,0,2025-12-13,42,quantile,0.1,83.0
2025-12-13,wk inc flu hosp,0,2025-12-13,42,quantile,0.15,110.0
2025-12-13,wk inc flu hosp,0,2025-12-13,42,quantile,0.2,127.0
2025-12-13,wk inc flu hosp,0,2025-12-13,42,quantile,0.25,142.0
2025-12-13,wk inc flu hosp,0,2025-12-13,42,quantile,0.3,153.0
2025-12-13,wk inc flu hosp,0,2025-12-13,42,quantile,0.35,166.0
2025-12-13,wk inc flu hosp,0,2025-12-13,42,quantile,0.4,178.0
2025-12-13,wk inc flu hosp,0,2025-12-13,42,quantile,0.45,188.0
2025-12-13,wk inc flu hosp,0,2025-12-13,42,quantile,0.5,197.0
2025-12-13,wk inc flu hosp,0,2025-12-13,42,quantile,0.55,211.0
2025-12-13,wk inc flu hosp,0,2025-12-13,42,quantile,0.6,223.0
2025-12-13,wk inc flu hosp,0,2025-12-13,42,quantile,0.65,236.0
2025-12-13,wk inc flu hosp,0,2025-12-13,42,quantile,0.7,251.0
2025-12-13,wk inc flu hosp,0,2025-12-13,42,quantile,0.75,268.0
2025-12-13,wk inc flu hosp,0,2025-12-13,42,quantile,0.8,287.0
2025-12-13,wk inc flu hosp,0,2025-12-13,42,quantile,0.85,308.0
2025-12-13,wk inc flu hosp,0,2025-12-13,42,quantile,0.9,337.0
2025-12-13,wk inc flu hosp,0,2025-12-13,42,quantile,0.95,411.0
2025-12-13,wk inc flu hosp,0,2025-12-13,42,quantile,0.975,473.0
2025-12-13,wk inc flu hosp,0,2025-12-13,42,quantile,0.99,509.0
2025-12-13,wk inc flu hosp,0,2025-12-13,44,quantile,0.01,3.0
2025-12-13,wk inc flu hosp,0,2025-12-13,44,quantile,0.025,4.0
2025-12-13,wk inc flu hosp,0,2025-12-13,44,quantile,0.05,6.0
2025-12-13,wk inc flu hosp,0,2025-12-13,44,quantile,0.1,7.0
2025-12-13,wk inc flu hosp,0,2025-12-13,44,quantile,0.15,9.0
2025-12-13,wk inc flu hosp,0,2025-12-13,44,quantile,0.2,10.0
2025-12-13,wk inc flu hosp,0,2025-12-13,44,quantile,0.25,11.0
2025-12-13,wk inc flu hosp,0,2025-12-13,44,quantile,0.3,12.0
2025-12-13,wk inc flu hosp,0,2025-12-13,44,quantile,0.35,13.0
2025-12-13,wk inc flu hosp,0,2025-12-13,44,quantile,0.4,13.0
2025-12-13,wk inc flu hosp,0,2025-12-13,44,quantile,0.45,14.0
2025-12-13,wk inc flu hosp,0,2025-12-13,44,quantile,0.5,15.0
2025-12-13,wk inc flu hosp,0,2025-12-13,44,quantile,0.55,16.0
2025-12-13,wk inc flu hosp,0,2025-12-13,44,quantile,0.6,16.0
2025-12-13,wk inc flu hosp,0,2025-12-13,44,quantile,0.65,17.0
2025-12-13,wk inc flu hosp,0,2025-12-13,44,quantile,0.7,18.0
2025-12-13,wk inc flu hosp,0,2025-12-13,44,quantile,0.75,19.0
2025-12-13,wk inc flu hosp,0,2025-12-13,44,quantile,0.8,21.0
2025-12-13,wk inc flu hosp,0,2025-12-13,44,quantile,0.85,22.0
2025-12-13,wk inc flu hosp,0,2025-12-13,44,quantile,0.9,24.0
2025-12-13,wk inc flu hosp,0,2025-12-13,44,quantile,0.95,27.0
2025-12-13,wk inc flu hosp,0,2025-12-13,44,quantile,0.975,30.0
2025-12-13,wk inc flu hosp,0,2025-12-13,44,quantile,0.99,33.0
2025-12-13,wk inc flu hosp,0,2025-12-13,45,quantile,0.01,9.0
2025-12-13,wk inc flu hosp,0,2025-12-13,45,quantile,0.025,12.0
2025-12-13,wk inc flu hosp,0,2025-12-13,45,quantile,0.05,15.0
2025-12-13,wk inc flu hosp,0,2025-12-13,45,quantile,0.1,20.0
2025-12-13,wk inc flu hosp,0,2025-12-13,45,quantile,0.15,25.0
2025-12-13,wk inc flu hosp,0,2025-12-13,45,quantile,0.2,33.0
2025-12-13,wk inc flu hosp,0,2025-12-13,45,quantile,0.25,44.0
2025-12-13,wk inc flu hosp,0,2025-12-13,45,quantile,0.3,52.0
2025-12-13,wk inc flu hosp,0,2025-12-13,45,quantile,0.35,58.0
2025-12-13,wk inc flu hosp,0,2025-12-13,45,quantile,0.4,64.0
2025-12-13,wk inc flu hosp,0,2025-12-13,45,quantile,0.45,71.0
2025-12-13,wk inc flu hosp,0,2025-12-13,45,quantile,0.5,78.0
2025-12-13,wk inc flu hosp,0,2025-12-13,45,quantile,0.55,83.0
2025-12-13,wk inc flu hosp,0,2025-12-13,45,quantile,0.6,88.0
2025-12-13,wk inc flu hosp,0,2025-12-13,45,quantile,0.65,95.0
2025-12-13,wk inc flu hosp,0,2025-12-13,45,quantile,0.7,102.0
2025-12-13,wk inc flu hosp,0,2025-12-13,45,quantile,0.75,111.0
2025-12-13,wk inc flu hosp,0,2025-12-13,45,quantile,0.8,119.0
2025-12-13,wk inc flu hosp,0,2025-12-13,45,quantile,0.85,130.0
2025-12-13,wk inc flu hosp,0,2025-12-13,45,quantile,0.9,147.0
2025-12-13,wk inc flu hosp,0,2025-12-13,45,quantile,0.95,184.0
2025-12-13,wk inc flu hosp,0,2025-12-13,45,quantile,0.975,217.0
2025-12-13,wk inc flu hosp,0,2025-12-13,45,quantile,0.99,236.0
2025-12-13,wk inc flu hosp,0,2025-12-13,46,quantile,0.01,0.0
2025-12-13,wk inc flu hosp,0,2025-12-13,46,quantile,0.025,0.0
2025-12-13,wk inc flu hosp,0,2025-12-13,46,quantile,0.05,0.0
2025-12-13,wk inc flu hosp,0,2025-12-13,46,quantile,0.1,0.0
2025-12-13,wk inc flu hosp,0,2025-12-13,46,quantile,0.15,0.0
2025-12-13,wk inc flu hosp,0,2025-12-13,46,quantile,0.2,1.0
2025-12-13,wk inc flu hosp,0,2025-12-13,46,quantile,0.25,1.0
2025-12-13,wk inc flu hosp,0,2025-12-13,46,quantile,0.3,1.0
2025-12-13,wk inc flu hosp,0,2025-12-13,46,quantile,0.35,2.0
2025-12-13,wk inc flu hosp,0,2025-12-13,46,quantile,0.4,2.0
2025-12-13,wk inc flu hosp,0,2025-12-13,46,quantile,0.45,3.0
2025-12-13,wk inc flu hosp,0,2025-12-13,46,quantile,0.5,3.0
2025-12-13,wk inc flu hosp,0,2025-12-13,46,quantile,0.55,4.0
2025-12-13,wk inc flu hosp,0,2025-12-13,46,quantile,0.6,4.0
2025-12-13,wk inc flu hosp,0,2025-12-13,46,quantile,0.65,5.0
2025-12-13,wk inc flu hosp,0,2025-12-13,46,quantile,0.7,5.0
2025-12-13,wk inc flu hosp,0,2025-12-13,46,quantile,0.75,6.0
2025-12-13,wk inc flu hosp,0,2025-12-13,46,quantile,0.8,6.0
2025-12-13,wk inc flu hosp,0,2025-12-13,46,quantile,0.85,7.0
2025-12-13,wk inc flu hosp,0,2025-12-13,46,quantile,0.9,8.0
2025-12-13,wk inc flu hosp,0,2025-12-13,46,quantile,0.95,12.0
2025-12-13,wk inc flu hosp,0,2025-12-13,46,quantile,0.975,18.0
2025-12-13,wk inc flu hosp,0,2025-12-13,46,quantile,0.99,21.0
2025-12-13,wk inc flu hosp,0,2025-12-13,47,quantile,0.01,9.0
2025-12-13,wk inc flu hosp,0,2025-12-13,47,quantile,0.025,13.0
2025-12-13,wk inc flu hosp,0,2025-12-13,47,quantile,0.05,16.0
2025-12-13,wk inc flu hosp,0,2025-12-13,47,quantile,0.1,19.0
2025-12-13,wk inc flu hosp,0,2025-12-13,47,quantile,0.15,21.0
2025-12-13,wk inc flu hosp,0,2025-12-13,47,quantile,0.2,23.0
2025-12-13,wk inc flu hosp,0,2025-12-13,47,quantile,0.25,32.0
2025-12-13,wk inc flu hosp,0,2025-12-13,47,quantile,0.3,41.0
2025-12-13,wk inc flu hosp,0,2025-12-13,47,quantile,0.35,51.0
2025-12-13,wk inc flu hosp,0,2025-12-13,47,quantile,0.4,57.0
2025-12-13,wk inc flu hosp,0,2025-12-13,47,quantile,0.45,64.0
2025-12-13,wk inc flu hosp,0,2025-12-13,47,quantile,0.5,71.0
2025-12-13,wk inc flu hosp,0,2025-12-13,47,quantile,0.55,80.0
2025-12-13,wk inc flu hosp,0,2025-12-13,47,quantile,0.6,86.0
2025-12-13,wk inc flu hosp,0,2025-12-13,47,quantile,0.65,92.0
2025-12-13,wk inc flu hosp,0,2025-12-13,47,quantile,0.7,99.0
2025-12-13,wk inc flu hosp,0,2025-12-13,47,quantile,0.75,109.0
2025-12-13,wk inc flu hosp,0,2025-12-13,47,quantile,0.8,116.0
2025-12-13,wk inc flu hosp,0,2025-12-13,47,quantile,0.85,130.0
2025-12-13,wk inc flu hosp,0,2025-12-13,47,quantile,0.9,152.0
2025-12-13,wk inc flu hosp,0,2025-12-13,47,quantile,0.95,201.0
2025-12-13,wk inc flu hosp,0,2025-12-13,47,quantile,0.975,239.0
2025-12-13,wk inc flu hosp,0,2025-12-13,47,quantile,0.99,271.0
2025-12-13,wk inc flu hosp,0,2025-12-13,48,quantile,0.01,135.0
2025-12-13,wk inc flu hosp,0,2025-12-13,48,quantile,0.025,164.0
2025-12-13,wk inc flu hosp,0,2025-12-13,48,quantile,0.05,205.0
2025-12-13,wk inc flu hosp,0,2025-12-13,48,quantile,0.1,262.0
2025-12-13,wk inc flu hosp,0,2025-12-13,48,quantile,0.15,407.0
2025-12-13,wk inc flu hosp,0,2025-12-13,48,quantile,0.2,509.0
2025-12-13,wk inc flu hosp,0,2025-12-13,48,quantile,0.25,605.0
2025-12-13,wk inc flu hosp,0,2025-12-13,48,quantile,0.3,684.0
2025-12-13,wk inc flu hosp,0,2025-12-13,48,quantile,0.35,752.0
2025-12-13,wk inc flu hosp,0,2025-12-13,48,quantile,0.4,820.0
2025-12-13,wk inc flu hosp,0,2025-12-13,48,quantile,0.45,882.0
2025-12-13,wk inc flu hosp,0,2025-12-13,48,quantile,0.5,957.0
2025-12-13,wk inc flu hosp,0,2025-12-13,48,quantile,0.55,1032.0
2025-12-13,wk inc flu hosp,0,2025-12-13,48,quantile,0.6,1092.0
2025-12-13,wk inc flu hosp,0,2025-12-13,48,quantile,0.65,1148.0
2025-12-13,wk inc flu hosp,0,2025-12-13,48,quantile,0.7,1221.0
2025-12-13,wk inc flu hosp,0,2025-12-13,48,quantile,0.75,1305.0
2025-12-13,wk inc flu hosp,0,2025-12-13,48,quantile,0.8,1413.0
2025-12-13,wk inc flu hosp,0,2025-12-13,48,quantile,0.85,1548.0
2025-12-13,wk inc flu hosp,0,2025-12-13,48,quantile,0.9,1715.0
2025-12-13,wk inc flu hosp,0,2025-12-13,48,quantile,0.95,2011.0
2025-12-13,wk inc flu hosp,0,2025-12-13,48,quantile,0.975,2271.0
2025-12-13,wk inc flu hosp,0,2025-12-13,48,quantile,0.99,2561.0
2025-12-13,wk inc flu hosp,0,2025-12-13,49,quantile,0.01,13.0
2025-12-13,wk inc flu hosp,0,2025-12-13,49,quantile,0.025,22.0
2025-12-13,wk inc flu hosp,0,2025-12-13,49,quantile,0.05,29.0
2025-12-13,wk inc flu hosp,0,2025-12-13,49,quantile,0.1,39.0
2025-12-13,wk inc flu hosp,0,2025-12-13,49,quantile,0.15,46.0
2025-12-13,wk inc flu hosp,0,2025-12-13,49,quantile,0.2,50.0
2025-12-13,wk inc flu hosp,0,2025-12-13,49,quantile,0.25,54.0
2025-12-13,wk inc flu hosp,0,2025-12-13,49,quantile,0.3,59.0
2025-12-13,wk inc flu hosp,0,2025-12-13,49,quantile,0.35,62.0
2025-12-13,wk inc flu hosp,0,2025-12-13,49,quantile,0.4,66.0
2025-12-13,wk inc flu hosp,0,2025-12-13,49,quantile,0.45,70.0
2025-12-13,wk inc flu hosp,0,2025-12-13,49,quantile,0.5,74.0
2025-12-13,wk inc flu hosp,0,2025-12-13,49,quantile,0.55,78.0
2025-12-13,wk inc flu hosp,0,2025-12-13,49,quantile,0.6,82.0
2025-12-13,wk inc flu hosp,0,2025-12-13,49,quantile,0.65,87.0
2025-12-13,wk inc flu hosp,0,2025-12-13,49,quantile,0.7,92.0
2025-12-13,wk inc flu hosp,0,2025-12-13,49,quantile,0.75,97.0
2025-12-13,wk inc flu hosp,0,2025-12-13,49,quantile,0.8,106.0
2025-12-13,wk inc flu hosp,0,2025-12-13,49,quantile,0.85,113.0
2025-12-13,wk inc flu hosp,0,2025-12-13,49,quantile,0.9,123.0
2025-12-13,wk inc flu hosp,0,2025-12-13,49,quantile,0.95,145.0
2025-12-13,wk inc flu hosp,0,2025-12-13,49,quantile,0.975,168.0
2025-12-13,wk inc flu hosp,0,2025-12-13,49,quantile,0.99,187.0
2025-12-13,wk inc flu hosp,0,2025-12-13,50,quantile,0.01,0.0
2025-12-13,wk inc flu hosp,0,2025-12-13,50,quantile,0.025,0.0
2025-12-13,wk inc flu hosp,0,2025-12-13,50,quantile,0.05,1.0
2025-12-13,wk inc flu hosp,0,2025-12-13,50,quantile,0.1,1.0
2025-12-13,wk inc flu hosp,0,2025-12-13,50,quantile,0.15,1.0
2025-12-13,wk inc flu hosp,0,2025-12-13,50,quantile,0.2,1.0
2025-12-13,wk inc flu hosp,0,2025-12-13,50,quantile,0.25,2.0
2025-12-13,wk inc flu hosp,0,2025-12-13,50,quantile,0.3,2.0
2025-12-13,wk inc flu hosp,0,2025-12-13,50,quantile,0.35,3.0
2025-12-13,wk inc flu hosp,0,2025-12-13,50,quantile,0.4,4.0
2025-12-13,wk inc flu hosp,0,2025-12-13,50,quantile,0.45,4.0
2025-12-13,wk inc flu hosp,0,2025-12-13,50,quantile,0.5,5.0
2025-12-13,wk inc flu hosp,0,2025-12-13,50,quantile,0.55,6.0
2025-12-13,wk inc flu hosp,0,2025-12-13,50,quantile,0.6,6.0
2025-12-13,wk inc flu hosp,0,2025-12-13,50,quantile,0.65,7.0
2025-12-13,wk inc flu hosp,0,2025-12-13,50,quantile,0.7,8.0
2025-12-13,wk inc flu hosp,0,2025-12-13,50,quantile,0.75,9.0
2025-12-13,wk inc flu hosp,0,2025-12-13,50,quantile,0.8,10.0
2025-12-13,wk inc flu hosp,0,2025-12-13,50,quantile,0.85,11.0
2025-12-13,wk inc flu hosp,0,2025-12-13,50,quantile,0.9,12.0
2025-12-13,wk inc flu hosp,0,2025-12-13,50,quantile,0.95,16.0
2025-12-13,wk inc flu hosp,0,2025-12-13,50,quantile,0.975,22.0
2025-12-13,wk inc flu hosp,0,2025-12-13,50,quantile,0.99,25.0
2025-12-13,wk inc flu hosp,0,2025-12-13,51,quantile,0.01,20.0
2025-12-13,wk inc flu hosp,0,2025-12-13,51,quantile,0.025,25.0
2025-12-13,wk inc flu hosp,0,2025-12-13,51,quantile,0.05,41.0
2025-12-13,wk inc flu hosp,0,2025-12-13,51,quantile,0.1,70.0
2025-12-13,wk inc flu hosp,0,2025-12-13,51,quantile,0.15,89.0
2025-12-13,wk inc flu hosp,0,2025-12-13,51,quantile,0.2,104.0
2025-12-13,wk inc flu hosp,0,2025-12-13,51,quantile,0.25,115.0
2025-12-13,wk inc flu hosp,0,2025-12-13,51,quantile,0.3,128.0
2025-12-13,wk inc flu hosp,0,2025-12-13,51,quantile,0.35,137.0
2025-12-13,wk inc flu hosp,0,2025-12-13,51,quantile,0.4,144.0
2025-12-13,wk inc flu hosp,0,2025-12-13,51,quantile,0.45,151.0
2025-12-13,wk inc flu hosp,0,2025-12-13,51,quantile,0.5,160.0
2025-12-13,wk inc flu hosp,0,2025-12-13,51,quantile,0.55,170.0
2025-12-13,wk inc flu hosp,0,2025-12-13,51,quantile,0.6,178.0
2025-12-13,wk inc flu hosp,0,2025-12-13,51,quantile,0.65,188.0
2025-12-13,wk inc flu hosp,0,2025-12-13,51,quantile,0.7,200.0
2025-12-13,wk inc flu hosp,0,2025-12-13,51,quantile,0.75,217.0
2025-12-13,wk inc flu hosp,0,2025-12-13,51,quantile,0.8,234.0
2025-12-13,wk inc flu hosp,0,2025-12-13,51,quantile,0.85,255.0
2025-12-13,wk inc flu hosp,0,2025-12-13,51,quantile,0.9,282.0
2025-12-13,wk inc flu hosp,0,2025-12-13,51,quantile,0.95,332.0
2025-12-13,wk inc flu hosp,0,2025-12-13,51,quantile,0.975,365.0
2025-12-13,wk inc flu hosp,0,2025-12-13,51,quantile,0.99,405.0
2025-12-13,wk inc flu hosp,0,2025-12-13,53,quantile,0.01,11.0
2025-12-13,wk inc flu hosp,0,2025-12-13,53,quantile,0.025,14.0
2025-12-13,wk inc flu hosp,0,2025-12-13,53,quantile,0.05,18.0
2025-12-13,wk inc flu hosp,0,2025-12-13,53,quantile,0.1,22.0
2025-12-13,wk inc flu hosp,0,2025-12-13,53,quantile,0.15,34.0
2025-12-13,wk inc flu hosp,0,2025-12-13,53,quantile,0.2,47.0
2025-12-13,wk inc flu hosp,0,2025-12-13,53,quantile,0.25,54.0
2025-12-13,wk inc flu hosp,0,2025-12-13,53,quantile,0.3,62.0
2025-12-13,wk inc flu hosp,0,2025-12-13,53,quantile,0.35,70.0
2025-12-13,wk inc flu hosp,0,2025-12-13,53,quantile,0.4,78.0
2025-12-13,wk inc flu hosp,0,2025-12-13,53,quantile,0.45,84.0
2025-12-13,wk inc flu hosp,0,2025-12-13,53,quantile,0.5,89.0
2025-12-13,wk inc flu hosp,0,2025-12-13,53,quantile,0.55,94.0
2025-12-13,wk inc flu hosp,0,2025-12-13,53,quantile,0.6,99.0
2025-12-13,wk inc flu hosp,0,2025-12-13,53,quantile,0.65,105.0
2025-12-13,wk inc flu hosp,0,2025-12-13,53,quantile,0.7,112.0
2025-12-13,wk inc flu hosp,0,2025-12-13,53,quantile,0.75,120.0
2025-12-13,wk inc flu hosp,0,2025-12-13,53,quantile,0.8,130.0
2025-12-13,wk inc flu hosp,0,2025-12-13,53,quantile,0.85,145.0
2025-12-13,wk inc flu hosp,0,2025-12-13,53,quantile,0.9,172.0
2025-12-13,wk inc flu hosp,0,2025-12-13,53,quantile,0.95,206.0
2025-12-13,wk inc flu hosp,0,2025-12-13,53,quantile,0.975,231.0
2025-12-13,wk inc flu hosp,0,2025-12-13,53,quantile,0.99,252.0
2025-12-13,wk inc flu hosp,0,2025-12-13,54,quantile,0.01,1.0
2025-12-13,wk inc flu hosp,0,2025-12-13,54,quantile,0.025,1.0
2025-12-13,wk inc flu hosp,0,2025-12-13,54,quantile,0.05,2.0
2025-12-13,wk inc flu hosp,0,2025-12-13,54,quantile,0.1,2.0
2025-12-13,wk inc flu hosp,0,2025-12-13,54,quantile,0.15,3.0
2025-12-13,wk inc flu hosp,0,2025-12-13,54,quantile,0.2,3.0
2025-12-13,wk inc flu hosp,0,2025-12-13,54,quantile,0.25,5.0
2025-12-13,wk inc flu hosp,0,2025-12-13,54,quantile,0.3,7.0
2025-12-13,wk inc flu hosp,0,2025-12-13,54,quantile,0.35,9.0
2025-12-13,wk inc flu hosp,0,2025-12-13,54,quantile,0.4,10.0
2025-12-13,wk inc flu hosp,0,2025-12-13,54,quantile,0.45,12.0
2025-12-13,wk inc flu hosp,0,2025-12-13,54,quantile,0.5,14.0
2025-12-13,wk inc flu hosp,0,2025-12-13,54,quantile,0.55,15.0
2025-12-13,wk inc flu hosp,0,2025-12-13,54,quantile,0.6,16.0
2025-12-13,wk inc flu hosp,0,2025-12-13,54,quantile,0.65,17.0
2025-12-13,wk inc flu hosp,0,2025-12-13,54,quantile,0.7,18.0
2025-12-13,wk inc flu hosp,0,2025-12-13,54,quantile,0.75,19.0
2025-12-13,wk inc flu hosp,0,2025-12-13,54,quantile,0.8,21.0
2025-12-13,wk inc flu hosp,0,2025-12-13,54,quantile,0.85,23.0
2025-12-13,wk inc flu hosp,0,2025-12-13,54,quantile,0.9,27.0
2025-12-13,wk inc flu hosp,0,2025-12-13,54,quantile,0.95,38.0
2025-12-13,wk inc flu hosp,0,2025-12-13,54,quantile,0.975,53.0
2025-12-13,wk inc flu hosp,0,2025-12-13,54,quantile,0.99,60.0
2025-12-13,wk inc flu hosp,0,2025-12-13,55,quantile,0.01,7.0
2025-12-13,wk inc flu hosp,0,2025-12-13,55,quantile,0.025,9.0
2025-12-13,wk inc flu hosp,0,2025-12-13,55,quantile,0.05,12.0
2025-12-13,wk inc flu hosp,0,2025-12-13,55,quantile,0.1,16.0
2025-12-13,wk inc flu hosp,0,2025-12-13,55,quantile,0.15,27.0
2025-12-13,wk inc flu hosp,0,2025-12-13,55,quantile,0.2,37.0
2025-12-13,wk inc flu hosp,0,2025-12-13,55,quantile,0.25,45.0
2025-12-13,wk inc flu hosp,0,2025-12-13,55,quantile,0.3,52.0
2025-12-13,wk inc flu hosp,0,2025-12-13,55,quantile,0.35,60.0
2025-12-13,wk inc flu hosp,0,2025-12-13,55,quantile,0.4,66.0
2025-12-13,wk inc flu hosp,0,2025-12-13,55,quantile,0.45,71.0
2025-12-13,wk inc flu hosp,0,2025-12-13,55,quantile,0.5,75.0
2025-12-13,wk inc flu hosp,0,2025-12-13,55,quantile,0.55,80.0
2025-12-13,wk inc flu hosp,0,2025-12-13,55,quantile,0.6,84.0
2025-12-13,wk inc flu hosp,0,2025-12-13,55,quantile,0.65,89.0
2025-12-13,wk inc flu hosp,0,2025-12-13,55,quantile,0.7,94.0
2025-12-13,wk inc flu hosp,0,2025-12-13,55,quantile,0.75,102.0
2025-12-13,wk inc flu hosp,0,2025-12-13,55,quantile,0.8,110.0
2025-12-13,wk inc flu hosp,0,2025-12-13,55,quantile,0.85,119.0
2025-12-13,wk inc flu hosp,0,2025-12-13,55,quantile,0.9,134.0
2025-12-13,wk inc flu hosp,0,2025-12-13,55,quantile,0.95,165.0
2025-12-13,wk inc flu hosp,0,2025-12-13,55,quantile,0.975,222.0
2025-12-13,wk inc flu hosp,0,2025-12-13,55,quantile,0.99,241.0
2025-12-13,wk inc flu hosp,0,2025-12-13,56,quantile,0.01,0.0
2025-12-13,wk inc flu hosp,0,2025-12-13,56,quantile,0.025,0.0
2025-12-13,wk inc flu hosp,0,2025-12-13,56,quantile,0.05,0.0
2025-12-13,wk inc flu hosp,0,2025-12-13,56,quantile,0.1,0.0
2025-12-13,wk inc flu hosp,0,2025-12-13,56,quantile,0.15,0.0
2025-12-13,wk inc flu hosp,0,2025-12-13,56,quantile,0.2,0.0
2025-12-13,wk inc flu hosp,0,2025-12-13,56,quantile,0.25,0.0
2025-12-13,wk inc flu hosp,0,2025-12-13,56,quantile,0.3,0.0
2025-12-13,wk inc flu hosp,0,2025-12-13,56,quantile,0.35,0.0
2025-12-13,wk inc flu hosp,0,2025-12-13,56,quantile,0.4,0.0
2025-12-13,wk inc flu hosp,0,2025-12-13,56,quantile,0.45,0.0
2025-12-13,wk inc flu hosp,0,2025-12-13,56,quantile,0.5,0.0
2025-12-13,wk inc flu hosp,0,2025-12-13,56,quantile,0.55,0.0
2025-12-13,wk inc flu hosp,0,2025-12-13,56,quantile,0.6,0.0
2025-12-13,wk inc flu hosp,0,2025-12-13,56,quantile,0.65,0.0
2025-12-13,wk inc flu hosp,0,2025-12-13,56,quantile,0.7,0.0
2025-12-13,wk inc flu hosp,0,2025-12-13,56,quantile,0.75,0.0
2025-12-13,wk inc flu hosp,0,2025-12-13,56,quantile,0.8,1.0
2025-12-13,wk inc flu hosp,0,2025-12-13,56,quantile,0.85,1.0
2025-12-13,wk inc flu hosp,0,2025-12-13,56,quantile,0.9,1.0
2025-12-13,wk inc flu hosp,0,2025-12-13,56,quantile,0.95,4.0
2025-12-13,wk inc flu hosp,0,2025-12-13,56,quantile,0.975,6.0
2025-12-13,wk inc flu hosp,0,2025-12-13,56,quantile,0.99,7.0
2025-12-13,wk inc flu hosp,0,2025-12-13,US,quantile,0.01,1379.0
2025-12-13,wk inc flu hosp,0,2025-12-13,US,quantile,0.025,2004.0
2025-12-13,wk inc flu hosp,0,2025-12-13,US,quantile,0.05,2827.0
2025-12-13,wk inc flu hosp,0,2025-12-13,US,quantile,0.1,3560.0
2025-12-13,wk inc flu hosp,0,2025-12-13,US,quantile,0.15,4174.0
2025-12-13,wk inc flu hosp,0,2025-12-13,US,quantile,0.2,4587.0
2025-12-13,wk inc flu hosp,0,2025-12-13,US,quantile,0.25,4955.0
2025-12-13,wk inc flu hosp,0,2025-12-13,US,quantile,0.3,5244.0
2025-12-13,wk inc flu hosp,0,2025-12-13,US,quantile,0.35,5615.0
2025-12-13,wk inc flu hosp,0,2025-12-13,US,quantile,0.4,5910.0
2025-12-13,wk inc flu hosp,0,2025-12-13,US,quantile,0.45,6228.0
2025-12-13,wk inc flu hosp,0,2025-12-13,US,quantile,0.5,6597.0
2025-12-13,wk inc flu hosp,0,2025-12-13,US,quantile,0.55,6990.0
2025-12-13,wk inc flu hosp,0,2025-12-13,US,quantile,0.6,7347.0
2025-12-13,wk inc flu hosp,0,2025-12-13,US,quantile,0.65,7819.0
2025-12-13,wk inc flu hosp,0,2025-12-13,US,quantile,0.7,8372.0
2025-12-13,wk inc flu hosp,0,2025-12-13,US,quantile,0.75,8931.0
2025-12-13,wk inc flu hosp,0,2025-12-13,US,quantile,0.8,9533.0
2025-12-13,wk inc flu hosp,0,2025-12-13,US,quantile,0.85,10227.0
2025-12-13,wk inc flu hosp,0,2025-12-13,US,quantile,0.9,11051.0
2025-12-13,wk inc flu hosp,0,2025-12-13,US,quantile,0.95,12346.0
2025-12-13,wk inc flu hosp,0,2025-12-13,US,quantile,0.975,13606.0
2025-12-13,wk inc flu hosp,0,2025-12-13,US,quantile,0.99,14884.0
2025-12-13,wk inc flu hosp,1,2025-12-20,01,quantile,0.01,10.0
2025-12-13,wk inc flu hosp,1,2025-12-20,01,quantile,0.025,13.0
2025-12-13,wk inc flu hosp,1,2025-12-20,01,quantile,0.05,16.0
2025-12-13,wk inc flu hosp,1,2025-12-20,01,quantile,0.1,21.0
2025-12-13,wk inc flu hosp,1,2025-12-20,01,quantile,0.15,47.0
2025-12-13,wk inc flu hosp,1,2025-12-20,01,quantile,0.2,54.0
2025-12-13,wk inc flu hosp,1,2025-12-20,01,quantile,0.25,59.0
2025-12-13,wk inc flu hosp,1,2025-12-20,01,quantile,0.3,63.0
2025-12-13,wk inc flu hosp,1,2025-12-20,01,quantile,0.35,68.0
2025-12-13,wk inc flu hosp,1,2025-12-20,01,quantile,0.4,73.0
2025-12-13,wk inc flu hosp,1,2025-12-20,01,quantile,0.45,78.0
2025-12-13,wk inc flu hosp,1,2025-12-20,01,quantile,0.5,84.0
2025-12-13,wk inc flu hosp,1,2025-12-20,01,quantile,0.55,91.0
2025-12-13,wk inc flu hosp,1,2025-12-20,01,quantile,0.6,97.0
2025-12-13,wk inc flu hosp,1,2025-12-20,01,quantile,0.65,103.0
2025-12-13,wk inc flu hosp,1,2025-12-20,01,quantile,0.7,113.0
2025-12-13,wk inc flu hosp,1,2025-12-20,01,quantile,0.75,123.0
2025-12-13,wk inc flu hosp,1,2025-12-20,01,quantile,0.8,139.0
2025-12-13,wk inc flu hosp,1,2025-12-20,01,quantile,0.85,153.0
2025-12-13,wk inc flu hosp,1,2025-12-20,01,quantile,0.9,178.0
2025-12-13,wk inc flu hosp,1,2025-12-20,01,quantile,0.95,217.0
2025-12-13,wk inc flu hosp,1,2025-12-20,01,quantile,0.975,254.0
2025-12-13,wk inc flu hosp,1,2025-12-20,01,quantile,0.99,300.0
2025-12-13,wk inc flu hosp,1,2025-12-20,02,quantile,0.01,2.0
2025-12-13,wk inc flu hosp,1,2025-12-20,02,quantile,0.025,2.0
2025-12-13,wk inc flu hosp,1,2025-12-20,02,quantile,0.05,2.0
2025-12-13,wk inc flu hosp,1,2025-12-20,02,quantile,0.1,4.0
2025-12-13,wk inc flu hosp,1,2025-12-20,02,quantile,0.15,4.0
2025-12-13,wk inc flu hosp,1,2025-12-20,02,quantile,0.2,6.0
2025-12-13,wk inc flu hosp,1,2025-12-20,02,quantile,0.25,8.0
2025-12-13,wk inc flu hosp,1,2025-12-20,02,quantile,0.3,10.0
2025-12-13,wk inc flu hosp,1,2025-12-20,02,quantile,0.35,12.0
2025-12-13,wk inc flu hosp,1,2025-12-20,02,quantile,0.4,14.0
2025-12-13,wk inc flu hosp,1,2025-12-20,02,quantile,0.45,15.0
2025-12-13,wk inc flu hosp,1,2025-12-20,02,quantile,0.5,17.0
2025-12-13,wk inc flu hosp,1,2025-12-20,02,quantile,0.55,19.0
2025-12-13,wk inc flu hosp,1,2025-12-20,02,quantile,0.6,21.0
2025-12-13,wk inc flu hosp,1,2025-12-20,02,quantile,0.65,23.0
2025-12-13,wk inc flu hosp,1,2025-12-20,02,quantile,0.7,25.0
2025-12-13,wk inc flu hosp,1,2025-12-20,02,quantile,0.75,27.0
2025-12-13,wk inc flu hosp,1,2025-12-20,02,quantile,0.8,30.0
2025-12-13,wk inc flu hosp,1,2025-12-20,02,quantile,0.85,33.0
2025-12-13,wk inc flu hosp,1,2025-12-20,02,quantile,0.9,37.0
2025-12-13,wk inc flu hosp,1,2025-12-20,02,quantile,0.95,42.0
2025-12-13,wk inc flu hosp,1,2025-12-20,02,quantile,0.975,48.0
2025-12-13,wk inc flu hosp,1,2025-12-20,02,quantile,0.99,57.0
2025-12-13,wk inc flu hosp,1,2025-12-20,04,quantile,0.01,8.0
2025-12-13,wk inc flu hosp,1,2025-12-20,04,quantile,0.025,11.0
2025-12-13,wk inc flu hosp,1,2025-12-20,04,quantile,0.05,13.0
2025-12-13,wk inc flu hosp,1,2025-12-20,04,quantile,0.1,16.0
2025-12-13,wk inc flu hosp,1,2025-12-20,04,quantile,0.15,23.0
2025-12-13,wk inc flu hosp,1,2025-12-20,04,quantile,0.2,36.0
2025-12-13,wk inc flu hosp,1,2025-12-20,04,quantile,0.25,50.0
2025-12-13,wk inc flu hosp,1,2025-12-20,04,quantile,0.3,60.0
2025-12-13,wk inc flu hosp,1,2025-12-20,04,quantile,0.35,68.0
2025-12-13,wk inc flu hosp,1,2025-12-20,04,quantile,0.4,75.0
2025-12-13,wk inc flu hosp,1,2025-12-20,04,quantile,0.45,80.0
2025-12-13,wk inc flu hosp,1,2025-12-20,04,quantile,0.5,86.0
2025-12-13,wk inc flu hosp,1,2025-12-20,04,quantile,0.55,91.0
2025-12-13,wk inc flu hosp,1,2025-12-20,04,quantile,0.6,97.0
2025-12-13,wk inc flu hosp,1,2025-12-20,04,quantile,0.65,104.0
2025-12-13,wk inc flu hosp,1,2025-12-20,04,quantile,0.7,112.0
2025-12-13,wk inc flu hosp,1,2025-12-20,04,quantile,0.75,123.0
2025-12-13,wk inc flu hosp,1,2025-12-20,04,quantile,0.8,134.0
2025-12-13,wk inc flu hosp,1,2025-12-20,04,quantile,0.85,152.0
2025-12-13,wk inc flu hosp,1,2025-12-20,04,quantile,0.9,176.0
2025-12-13,wk inc flu hosp,1,2025-12-20,04,quantile,0.95,232.0
2025-12-13,wk inc flu hosp,1,2025-12-20,04,quantile,0.975,317.0
2025-12-13,wk inc flu hosp,1,2025-12-20,04,quantile,0.99,362.0
2025-12-13,wk inc flu hosp,1,2025-12-20,05,quantile,0.01,3.0
2025-12-13,wk inc flu hosp,1,2025-12-20,05,quantile,0.025,5.0
2025-12-13,wk inc flu hosp,1,2025-12-20,05,quantile,0.05,6.0
2025-12-13,wk inc flu hosp,1,2025-12-20,05,quantile,0.1,7.0
2025-12-13,wk inc flu hosp,1,2025-12-20,05,quantile,0.15,13.0
2025-12-13,wk inc flu hosp,1,2025-12-20,05,quantile,0.2,18.0
2025-12-13,wk inc flu hosp,1,2025-12-20,05,quantile,0.25,20.0
2025-12-13,wk inc flu hosp,1,2025-12-20,05,quantile,0.3,21.0
2025-12-13,wk inc flu hosp,1,2025-12-20,05,quantile,0.35,23.0
2025-12-13,wk inc flu hosp,1,2025-12-20,05,quantile,0.4,25.0
2025-12-13,wk inc flu hosp,1,2025-12-20,05,quantile,0.45,27.0
2025-12-13,wk inc flu hosp,1,2025-12-20,05,quantile,0.5,29.0
2025-12-13,wk inc flu hosp,1,2025-12-20,05,quantile,0.55,31.0
2025-12-13,wk inc flu hosp,1,2025-12-20,05,quantile,0.6,32.0
2025-12-13,wk inc flu hosp,1,2025-12-20,05,quantile,0.65,35.0
2025-12-13,wk inc flu hosp,1,2025-12-20,05,quantile,0.7,38.0
2025-12-13,wk inc flu hosp,1,2025-12-20,05,quantile,0.75,42.0
2025-12-13,wk inc flu hosp,1,2025-12-20,05,quantile,0.8,46.0
2025-12-13,wk inc flu hosp,1,2025-12-20,05,quantile,0.85,54.0
2025-12-13,wk inc flu hosp,1,2025-12-20,05,quantile,0.9,66.0
2025-12-13,wk inc flu hosp,1,2025-12-20,05,quantile,0.95,93.0
2025-12-13,wk inc flu hosp,1,2025-12-20,05,quantile,0.975,126.0
2025-12-13,wk inc flu hosp,1,2025-12-20,05,quantile,0.99,140.0
2025-12-13,wk inc flu hosp,1,2025-12-20,06,quantile,0.01,27.0
2025-12-13,wk inc flu hosp,1,2025-12-20,06,quantile,0.025,37.0
2025-12-13,wk inc flu hosp,1,2025-12-20,06,quantile,0.05,46.0
2025-12-13,wk inc flu hosp,1,2025-12-20,06,quantile,0.1,58.0
2025-12-13,wk inc flu hosp,1,2025-12-20,06,quantile,0.15,92.0
2025-12-13,wk inc flu hosp,1,2025-12-20,06,quantile,0.2,138.0
2025-12-13,wk inc flu hosp,1,2025-12-20,06,quantile,0.25,187.0
2025-12-13,wk inc flu hosp,1,2025-12-20,06,quantile,0.3,230.0
2025-12-13,wk inc flu hosp,1,2025-12-20,06,quantile,0.35,249.0
2025-12-13,wk inc flu hosp,1,2025-12-20,06,quantile,0.4,268.0
2025-12-13,wk inc flu hosp,1,2025-12-20,06,quantile,0.45,286.0
2025-12-13,wk inc flu hosp,1,2025-12-20,06,quantile,0.5,305.0
2025-12-13,wk inc flu hosp,1,2025-12-20,06,quantile,0.55,325.0
2025-12-13,wk inc flu hosp,1,2025-12-20,06,quantile,0.6,348.0
2025-12-13,wk inc flu hosp,1,2025-12-20,06,quantile,0.65,370.0
2025-12-13,wk inc flu hosp,1,2025-12-20,06,quantile,0.7,403.0
2025-12-13,wk inc flu hosp,1,2025-12-20,06,quantile,0.75,440.0
2025-12-13,wk inc flu hosp,1,2025-12-20,06,quantile,0.8,485.0
2025-12-13,wk inc flu hosp,1,2025-12-20,06,quantile,0.85,538.0
2025-12-13,wk inc flu hosp,1,2025-12-20,06,quantile,0.9,651.0
2025-12-13,wk inc flu hosp,1,2025-12-20,06,quantile,0.95,913.0
2025-12-13,wk inc flu hosp,1,2025-12-20,06,quantile,0.975,1147.0
2025-12-13,wk inc flu hosp,1,2025-12-20,06,quantile,0.99,1277.0
2025-12-13,wk inc flu hosp,1,2025-12-20,08,quantile,0.01,64.0
2025-12-13,wk inc flu hosp,1,2025-12-20,08,quantile,0.025,88.0
2025-12-13,wk inc flu hosp,1,2025-12-20,08,quantile,0.05,109.0
2025-12-13,wk inc flu hosp,1,2025-12-20,08,quantile,0.1,131.0
2025-12-13,wk inc flu hosp,1,2025-12-20,08,quantile,0.15,146.0
2025-12-13,wk inc flu hosp,1,2025-12-20,08,quantile,0.2,160.0
2025-12-13,wk inc flu hosp,1,2025-12-20,08,quantile,0.25,172.0
2025-12-13,wk inc flu hosp,1,2025-12-20,08,quantile,0.3,183.0
2025-12-13,wk inc flu hosp,1,2025-12-20,08,quantile,0.35,190.0
2025-12-13,wk inc flu hosp,1,2025-12-20,08,quantile,0.4,200.0
2025-12-13,wk inc flu hosp,1,2025-12-20,08,quantile,0.45,210.0
2025-12-13,wk inc flu hosp,1,2025-12-20,08,quantile,0.5,218.0
2025-12-13,wk inc flu hosp,1,2025-12-20,08,quantile,0.55,229.0
2025-12-13,wk inc flu hosp,1,2025-12-20,08,quantile,0.6,239.0
2025-12-13,wk inc flu hosp,1,2025-12-20,08,quantile,0.65,251.0
2025-12-13,wk inc flu hosp,1,2025-12-20,08,quantile,0.7,264.0
2025-12-13,wk inc flu hosp,1,2025-12-20,08,quantile,0.75,277.0
2025-12-13,wk inc flu hosp,1,2025-12-20,08,quantile,0.8,292.0
2025-12-13,wk inc flu hosp,1,2025-12-20,08,quantile,0.85,309.0
2025-12-13,wk inc flu hosp,1,2025-12-20,08,quantile,0.9,333.0
2025-12-13,wk inc flu hosp,1,2025-12-20,08,quantile,0.95,371.0
2025-12-13,wk inc flu hosp,1,2025-12-20,08,quantile,0.975,401.0
2025-12-13,wk inc flu hosp,1,2025-12-20,08,quantile,0.99,462.0
2025-12-13,wk inc flu hosp,1,2025-12-20,09,quantile,0.01,29.0
2025-12-13,wk inc flu hosp,1,2025-12-20,09,quantile,0.025,40.0
2025-12-13,wk inc flu hosp,1,2025-12-20,09,quantile,0.05,52.0
2025-12-13,wk inc flu hosp,1,2025-12-20,09,quantile,0.1,64.0
2025-12-13,wk inc flu hosp,1,2025-12-20,09,quantile,0.15,73.0
2025-12-13,wk inc flu hosp,1,2025-12-20,09,quantile,0.2,82.0
2025-12-13,wk inc flu hosp,1,2025-12-20,09,quantile,0.25,89.0
2025-12-13,wk inc flu hosp,1,2025-12-20,09,quantile,0.3,94.0
2025-12-13,wk inc flu hosp,1,2025-12-20,09,quantile,0.35,101.0
2025-12-13,wk inc flu hosp,1,2025-12-20,09,quantile,0.4,107.0
2025-12-13,wk inc flu hosp,1,2025-12-20,09,quantile,0.45,113.0
2025-12-13,wk inc flu hosp,1,2025-12-20,09,quantile,0.5,118.0
2025-12-13,wk inc flu hosp,1,2025-12-20,09,quantile,0.55,124.0
2025-12-13,wk inc flu hosp,1,2025-12-20,09,quantile,0.6,129.0
2025-12-13,wk inc flu hosp,1,2025-12-20,09,quantile,0.65,136.0
2025-12-13,wk inc flu hosp,1,2025-12-20,09,quantile,0.7,145.0
2025-12-13,wk inc flu hosp,1,2025-12-20,09,quantile,0.75,153.0
2025-12-13,wk inc flu hosp,1,2025-12-20,09,quantile,0.8,162.0
2025-12-13,wk inc flu hosp,1,2025-12-20,09,quantile,0.85,173.0
2025-12-13,wk inc flu hosp,1,2025-12-20,09,quantile,0.9,187.0
2025-12-13,wk inc flu hosp,1,2025-12-20,09,quantile,0.95,208.0
2025-12-13,wk inc flu hosp,1,2025-12-20,09,quantile,0.975,226.0
2025-12-13,wk inc flu hosp,1,2025-12-20,09,quantile,0.99,248.0
2025-12-13,wk inc flu hosp,1,2025-12-20,10,quantile,0.01,1.0
2025-12-13,wk inc flu hosp,1,2025-12-20,10,quantile,0.025,2.0
2025-12-13,wk inc flu hosp,1,2025-12-20,10,quantile,0.05,3.0
2025-12-13,wk inc flu hosp,1,2025-12-20,10,quantile,0.1,3.0
2025-12-13,wk inc flu hosp,1,2025-12-20,10,quantile,0.15,4.0
2025-12-13,wk inc flu hosp,1,2025-12-20,10,quantile,0.2,6.0
2025-12-13,wk inc flu hosp,1,2025-12-20,10,quantile,0.25,8.0
2025-12-13,wk inc flu hosp,1,2025-12-20,10,quantile,0.3,9.0
2025-12-13,wk inc flu hosp,1,2025-12-20,10,quantile,0.35,11.0
2025-12-13,wk inc flu hosp,1,2025-12-20,10,quantile,0.4,13.0
2025-12-13,wk inc flu hosp,1,2025-12-20,10,quantile,0.45,14.0
2025-12-13,wk inc flu hosp,1,2025-12-20,10,quantile,0.5,16.0
2025-12-13,wk inc flu hosp,1,2025-12-20,10,quantile,0.55,17.0
2025-12-13,wk inc flu hosp,1,2025-12-20,10,quantile,0.6,18.0
2025-12-13,wk inc flu hosp,1,2025-12-20,10,quantile,0.65,19.0
2025-12-13,wk inc flu hosp,1,2025-12-20,10,quantile,0.7,21.0
2025-12-13,wk inc flu hosp,1,2025-12-20,10,quantile,0.75,23.0
2025-12-13,wk inc flu hosp,1,2025-12-20,10,quantile,0.8,25.0
2025-12-13,wk inc flu hosp,1,2025-12-20,10,quantile,0.85,27.0
2025-12-13,wk inc flu hosp,1,2025-12-20,10,quantile,0.9,31.0
2025-12-13,wk inc flu hosp,1,2025-12-20,10,quantile,0.95,39.0
2025-12-13,wk inc flu hosp,1,2025-12-20,10,quantile,0.975,47.0
2025-12-13,wk inc flu hosp,1,2025-12-20,10,quantile,0.99,53.0
2025-12-13,wk inc flu hosp,1,2025-12-20,11,quantile,0.01,2.0
2025-12-13,wk inc flu hosp,1,2025-12-20,11,quantile,0.025,2.0
2025-12-13,wk inc flu hosp,1,2025-12-20,11,quantile,0.05,2.0
2025-12-13,wk inc flu hosp,1,2025-12-20,11,quantile,0.1,5.0
2025-12-13,wk inc flu hosp,1,2025-12-20,11,quantile,0.15,7.0
2025-12-13,wk inc flu hosp,1,2025-12-20,11,quantile,0.2,9.0
2025-12-13,wk inc flu hosp,1,2025-12-20,11,quantile,0.25,10.0
2025-12-13,wk inc flu hosp,1,2025-12-20,11,quantile,0.3,11.0
2025-12-13,wk inc flu hosp,1,2025-12-20,11,quantile,0.35,13.0
2025-12-13,wk inc flu hosp,1,2025-12-20,11,quantile,0.4,14.0
2025-12-13,wk inc flu hosp,1,2025-12-20,11,quantile,0.45,15.0
2025-12-13,wk inc flu hosp,1,2025-12-20,11,quantile,0.5,17.0
2025-12-13,wk inc flu hosp,1,2025-12-20,11,quantile,0.55,18.0
2025-12-13,wk inc flu hosp,1,2025-12-20,11,quantile,0.6,19.0
2025-12-13,wk inc flu hosp,1,2025-12-20,11,quantile,0.65,21.0
2025-12-13,wk inc flu hosp,1,2025-12-20,11,quantile,0.7,22.0
2025-12-13,wk inc flu hosp,1,2025-12-20,11,quantile,0.75,23.0
2025-12-13,wk inc flu hosp,1,2025-12-20,11,quantile,0.8,25.0
2025-12-13,wk inc flu hosp,1,2025-12-20,11,quantile,0.85,27.0
2025-12-13,wk inc flu hosp,1,2025-12-20,11,quantile,0.9,30.0
2025-12-13,wk inc flu hosp,1,2025-12-20,11,quantile,0.95,34.0
2025-12-13,wk inc flu hosp,1,2025-12-20,11,quantile,0.975,38.0
2025-12-13,wk inc flu hosp,1,2025-12-20,11,quantile,0.99,44.0
2025-12-13,wk inc flu hosp,1,2025-12-20,12,quantile,0.01,188.0
2025-12-13,wk inc flu hosp,1,2025-12-20,12,quantile,0.025,263.0
2025-12-13,wk inc flu hosp,1,2025-12-20,12,quantile,0.05,317.0
2025-12-13,wk inc flu hosp,1,2025-12-20,12,quantile,0.1,370.0
2025-12-13,wk inc flu hosp,1,2025-12-20,12,quantile,0.15,415.0
2025-12-13,wk inc flu hosp,1,2025-12-20,12,quantile,0.2,456.0
2025-12-13,wk inc flu hosp,1,2025-12-20,12,quantile,0.25,493.0
2025-12-13,wk inc flu hosp,1,2025-12-20,12,quantile,0.3,531.0
2025-12-13,wk inc flu hosp,1,2025-12-20,12,quantile,0.35,568.0
2025-12-13,wk inc flu hosp,1,2025-12-20,12,quantile,0.4,601.0
2025-12-13,wk inc flu hosp,1,2025-12-20,12,quantile,0.45,636.0
2025-12-13,wk inc flu hosp,1,2025-12-20,12,quantile,0.5,677.0
2025-12-13,wk inc flu hosp,1,2025-12-20,12,quantile,0.55,726.0
2025-12-13,wk inc flu hosp,1,2025-12-20,12,quantile,0.6,776.0
2025-12-13,wk inc flu hosp,1,2025-12-20,12,quantile,0.65,828.0
2025-12-13,wk inc flu hosp,1,2025-12-20,12,quantile,0.7,884.0
2025-12-13,wk inc flu hosp,1,2025-12-20,12,quantile,0.75,955.0
2025-12-13,wk inc flu hosp,1,2025-12-20,12,quantile,0.8,1006.0
2025-12-13,wk inc flu hosp,1,2025-12-20,12,quantile,0.85,1060.0
2025-12-13,wk inc flu hosp,1,2025-12-20,12,quantile,0.9,1149.0
2025-12-13,wk inc flu hosp,1,2025-12-20,12,quantile,0.95,1263.0
2025-12-13,wk inc flu hosp,1,2025-12-20,12,quantile,0.975,1369.0
2025-12-13,wk inc flu hosp,1,2025-12-20,12,quantile,0.99,1536.0
2025-12-13,wk inc flu hosp,1,2025-12-20,13,quantile,0.01,26.0
2025-12-13,wk inc flu hosp,1,2025-12-20,13,quantile,0.025,38.0
2025-12-13,wk inc flu hosp,1,2025-12-20,13,quantile,0.05,45.0
2025-12-13,wk inc flu hosp,1,2025-12-20,13,quantile,0.1,86.0
2025-12-13,wk inc flu hosp,1,2025-12-20,13,quantile,0.15,114.0
2025-12-13,wk inc flu hosp,1,2025-12-20,13,quantile,0.2,139.0
2025-12-13,wk inc flu hosp,1,2025-12-20,13,quantile,0.25,156.0
2025-12-13,wk inc flu hosp,1,2025-12-20,13,quantile,0.3,168.0
2025-12-13,wk inc flu hosp,1,2025-12-20,13,quantile,0.35,182.0
2025-12-13,wk inc flu hosp,1,2025-12-20,13,quantile,0.4,195.0
2025-12-13,wk inc flu hosp,1,2025-12-20,13,quantile,0.45,208.0
2025-12-13,wk inc flu hosp,1,2025-12-20,13,quantile,0.5,223.0
2025-12-13,wk inc flu hosp,1,2025-12-20,13,quantile,0.55,236.0
2025-12-13,wk inc flu hosp,1,2025-12-20,13,quantile,0.6,251.0
2025-12-13,wk inc flu hosp,1,2025-12-20,13,quantile,0.65,265.0
2025-12-13,wk inc flu hosp,1,2025-12-20,13,quantile,0.7,286.0
2025-12-13,wk inc flu hosp,1,2025-12-20,13,quantile,0.75,314.0
2025-12-13,wk inc flu hosp,1,2025-12-20,13,quantile,0.8,345.0
2025-12-13,wk inc flu hosp,1,2025-12-20,13,quantile,0.85,378.0
2025-12-13,wk inc flu hosp,1,2025-12-20,13,quantile,0.9,430.0
2025-12-13,wk inc flu hosp,1,2025-12-20,13,quantile,0.95,505.0
2025-12-13,wk inc flu hosp,1,2025-12-20,13,quantile,0.975,545.0
2025-12-13,wk inc flu hosp,1,2025-12-20,13,quantile,0.99,604.0
2025-12-13,wk inc flu hosp,1,2025-12-20,15,quantile,0.01,17.0
2025-12-13,wk inc flu hosp,1,2025-12-20,15,quantile,0.025,30.0
2025-12-13,wk inc flu hosp,1,2025-12-20,15,quantile,0.05,41.0
2025-12-13,wk inc flu hosp,1,2025-12-20,15,quantile,0.1,52.0
2025-12-13,wk inc flu hosp,1,2025-12-20,15,quantile,0.15,58.0
2025-12-13,wk inc flu hosp,1,2025-12-20,15,quantile,0.2,64.0
2025-12-13,wk inc flu hosp,1,2025-12-20,15,quantile,0.25,71.0
2025-12-13,wk inc flu hosp,1,2025-12-20,15,quantile,0.3,77.0
2025-12-13,wk inc flu hosp,1,2025-12-20,15,quantile,0.35,82.0
2025-12-13,wk inc flu hosp,1,2025-12-20,15,quantile,0.4,87.0
2025-12-13,wk inc flu hosp,1,2025-12-20,15,quantile,0.45,92.0
2025-12-13,wk inc flu hosp,1,2025-12-20,15,quantile,0.5,96.0
2025-12-13,wk inc flu hosp,1,2025-12-20,15,quantile,0.55,101.0
2025-12-13,wk inc flu hosp,1,2025-12-20,15,quantile,0.6,107.0
2025-12-13,wk inc flu hosp,1,2025-12-20,15,quantile,0.65,112.0
2025-12-13,wk inc flu hosp,1,2025-12-20,15,quantile,0.7,118.0
2025-12-13,wk inc flu hosp,1,2025-12-20,15,quantile,0.75,125.0
2025-12-13,wk inc flu hosp,1,2025-12-20,15,quantile,0.8,133.0
2025-12-13,wk inc flu hosp,1,2025-12-20,15,quantile,0.85,141.0
2025-12-13,wk inc flu hosp,1,2025-12-20,15,quantile,0.9,154.0
2025-12-13,wk inc flu hosp,1,2025-12-20,15,quantile,0.95,173.0
2025-12-13,wk inc flu hosp,1,2025-12-20,15,quantile,0.975,191.0
2025-12-13,wk inc flu hosp,1,2025-12-20,15,quantile,0.99,209.0
2025-12-13,wk inc flu hosp,1,2025-12-20,16,quantile,0.01,5.0
2025-12-13,wk inc flu hosp,1,2025-12-20,16,quantile,0.025,7.0
2025-12-13,wk inc flu hosp,1,2025-12-20,16,quantile,0.05,11.0
2025-12-13,wk inc flu hosp,1,2025-12-20,16,quantile,0.1,16.0
2025-12-13,wk inc flu hosp,1,2025-12-20,16,quantile,0.15,22.0
2025-12-13,wk inc flu hosp,1,2025-12-20,16,quantile,0.2,26.0
2025-12-13,wk inc flu hosp,1,2025-12-20,16,quantile,0.25,30.0
2025-12-13,wk inc flu hosp,1,2025-12-20,16,quantile,0.3,34.0
2025-12-13,wk inc flu hosp,1,2025-12-20,16,quantile,0.35,37.0
2025-12-13,wk inc flu hosp,1,2025-12-20,16,quantile,0.4,40.0
2025-12-13,wk inc flu hosp,1,2025-12-20,16,quantile,0.45,42.0
2025-12-13,wk inc flu hosp,1,2025-12-20,16,quantile,0.5,46.0
2025-12-13,wk inc flu hosp,1,2025-12-20,16,quantile,0.55,49.0
2025-12-13,wk inc flu hosp,1,2025-12-20,16,quantile,0.6,52.0
2025-12-13,wk inc flu hosp,1,2025-12-20,16,quantile,0.65,55.0
2025-12-13,wk inc flu hosp,1,2025-12-20,16,quantile,0.7,60.0
2025-12-13,wk inc flu hosp,1,2025-12-20,16,quantile,0.75,64.0
2025-12-13,wk inc flu hosp,1,2025-12-20,16,quantile,0.8,70.0
2025-12-13,wk inc flu hosp,1,2025-12-20,16,quantile,0.85,75.0
2025-12-13,wk inc flu hosp,1,2025-12-20,16,quantile,0.9,83.0
2025-12-13,wk inc flu hosp,1,2025-12-20,16,quantile,0.95,95.0
2025-12-13,wk inc flu hosp,1,2025-12-20,16,quantile,0.975,105.0
2025-12-13,wk inc flu hosp,1,2025-12-20,16,quantile,0.99,120.0
2025-12-13,wk inc flu hosp,1,2025-12-20,17,quantile,0.01,21.0
2025-12-13,wk inc flu hosp,1,2025-12-20,17,quantile,0.025,30.0
2025-12-13,wk inc flu hosp,1,2025-12-20,17,quantile,0.05,38.0
2025-12-13,wk inc flu hosp,1,2025-12-20,17,quantile,0.1,48.0
2025-12-13,wk inc flu hosp,1,2025-12-20,17,quantile,0.15,78.0
2025-12-13,wk inc flu hosp,1,2025-12-20,17,quantile,0.2,114.0
2025-12-13,wk inc flu hosp,1,2025-12-20,17,quantile,0.25,138.0
2025-12-13,wk inc flu hosp,1,2025-12-20,17,quantile,0.3,157.0
2025-12-13,wk inc flu hosp,1,2025-12-20,17,quantile,0.35,168.0
2025-12-13,wk inc flu hosp,1,2025-12-20,17,quantile,0.4,180.0
2025-12-13,wk inc flu hosp,1,2025-12-20,17,quantile,0.45,191.0
2025-12-13,wk inc flu hosp,1,2025-12-20,17,quantile,0.5,207.0
2025-12-13,wk inc flu hosp,1,2025-12-20,17,quantile,0.55,219.0
2025-12-13,wk inc flu hosp,1,2025-12-20,17,quantile,0.6,231.0
2025-12-13,wk inc flu hosp,1,2025-12-20,17,quantile,0.65,247.0
2025-12-13,wk inc flu hosp,1,2025-12-20,17,quantile,0.7,269.0
2025-12-13,wk inc flu hosp,1,2025-12-20,17,quantile,0.75,291.0
2025-12-13,wk inc flu hosp,1,2025-12-20,17,quantile,0.8,320.0
2025-12-13,wk inc flu hosp,1,2025-12-20,17,quantile,0.85,351.0
2025-12-13,wk inc flu hosp,1,2025-12-20,17,quantile,0.9,400.0
2025-12-13,wk inc flu hosp,1,2025-12-20,17,quantile,0.95,490.0
2025-12-13,wk inc flu hosp,1,2025-12-20,17,quantile,0.975,596.0
2025-12-13,wk inc flu hosp,1,2025-12-20,17,quantile,0.99,682.0
2025-12-13,wk inc flu hosp,1,2025-12-20,18,quantile,0.01,12.0
2025-12-13,wk inc flu hosp,1,2025-12-20,18,quantile,0.025,17.0
2025-12-13,wk inc flu hosp,1,2025-12-20,18,quantile,0.05,22.0
2025-12-13,wk inc flu hosp,1,2025-12-20,18,quantile,0.1,34.0
2025-12-13,wk inc flu hosp,1,2025-12-20,18,quantile,0.15,54.0
2025-12-13,wk inc flu hosp,1,2025-12-20,18,quantile,0.2,69.0
2025-12-13,wk inc flu hosp,1,2025-12-20,18,quantile,0.25,82.0
2025-12-13,wk inc flu hosp,1,2025-12-20,18,quantile,0.3,88.0
2025-12-13,wk inc flu hosp,1,2025-12-20,18,quantile,0.35,95.0
2025-12-13,wk inc flu hosp,1,2025-12-20,18,quantile,0.4,102.0
2025-12-13,wk inc flu hosp,1,2025-12-20,18,quantile,0.45,109.0
2025-12-13,wk inc flu hosp,1,2025-12-20,18,quantile,0.5,116.0
2025-12-13,wk inc flu hosp,1,2025-12-20,18,quantile,0.55,125.0
2025-12-13,wk inc flu hosp,1,2025-12-20,18,quantile,0.6,133.0
2025-12-13,wk inc flu hosp,1,2025-12-20,18,quantile,0.65,142.0
2025-12-13,wk inc flu hosp,1,2025-12-20,18,quantile,0.7,153.0
2025-12-13,wk inc flu hosp,1,2025-12-20,18,quantile,0.75,166.0
2025-12-13,wk inc flu hosp,1,2025-12-20,18,quantile,0.8,181.0
2025-12-13,wk inc flu hosp,1,2025-12-20,18,quantile,0.85,199.0
2025-12-13,wk inc flu hosp,1,2025-12-20,18,quantile,0.9,226.0
2025-12-13,wk inc flu hosp,1,2025-12-20,18,quantile,0.95,274.0
2025-12-13,wk inc flu hosp,1,2025-12-20,18,quantile,0.975,325.0
2025-12-13,wk inc flu hosp,1,2025-12-20,18,quantile,0.99,384.0
2025-12-13,wk inc flu hosp,1,2025-12-20,19,quantile,0.01,2.0
2025-12-13,wk inc flu hosp,1,2025-12-20,19,quantile,0.025,3.0
2025-12-13,wk inc flu hosp,1,2025-12-20,19,quantile,0.05,3.0
2025-12-13,wk inc flu hosp,1,2025-12-20,19,quantile,0.1,5.0
2025-12-13,wk inc flu hosp,1,2025-12-20,19,quantile,0.15,7.0
2025-12-13,wk inc flu hosp,1,2025-12-20,19,quantile,0.2,13.0
2025-12-13,wk inc flu hosp,1,2025-12-20,19,quantile,0.25,16.0
2025-12-13,wk inc flu hosp,1,2025-12-20,19,quantile,0.3,19.0
2025-12-13,wk inc flu hosp,1,2025-12-20,19,quantile,0.35,20.0
2025-12-13,wk inc flu hosp,1,2025-12-20,19,quantile,0.4,22.0
2025-12-13,wk inc flu hosp,1,2025-12-20,19,quantile,0.45,24.0
2025-12-13,wk inc flu hosp,1,2025-12-20,19,quantile,0.5,25.0
2025-12-13,wk inc flu hosp,1,2025-12-20,19,quantile,0.55,27.0
2025-12-13,wk inc flu hosp,1,2025-12-20,19,quantile,0.6,29.0
2025-12-13,wk inc flu hosp,1,2025-12-20,19,quantile,0.65,31.0
2025-12-13,wk inc flu hosp,1,2025-12-20,19,quantile,0.7,33.0
2025-12-13,wk inc flu hosp,1,2025-12-20,19,quantile,0.75,35.0
2025-12-13,wk inc flu hosp,1,2025-12-20,19,quantile,0.8,39.0
2025-12-13,wk inc flu hosp,1,2025-12-20,19,quantile,0.85,44.0
2025-12-13,wk inc flu hosp,1,2025-12-20,19,quantile,0.9,51.0
2025-12-13,wk inc flu hosp,1,2025-12-20,19,quantile,0.95,67.0
2025-12-13,wk inc flu hosp,1,2025-12-20,19,quantile,0.975,87.0
2025-12-13,wk inc flu hosp,1,2025-12-20,19,quantile,0.99,96.0
2025-12-13,wk inc flu hosp,1,2025-12-20,20,quantile,0.01,2.0
2025-12-13,wk inc flu hosp,1,2025-12-20,20,quantile,0.025,3.0
2025-12-13,wk inc flu hosp,1,2025-12-20,20,quantile,0.05,3.0
2025-12-13,wk inc flu hosp,1,2025-12-20,20,quantile,0.1,5.0
2025-12-13,wk inc flu hosp,1,2025-12-20,20,quantile,0.15,8.0
2025-12-13,wk inc flu hosp,1,2025-12-20,20,quantile,0.2,13.0
2025-12-13,wk inc flu hosp,1,2025-12-20,20,quantile,0.25,18.0
2025-12-13,wk inc flu hosp,1,2025-12-20,20,quantile,0.3,22.0
2025-12-13,wk inc flu hosp,1,2025-12-20,20,quantile,0.35,24.0
2025-12-13,wk inc flu hosp,1,2025-12-20,20,quantile,0.4,26.0
2025-12-13,wk inc flu hosp,1,2025-12-20,20,quantile,0.45,27.0
2025-12-13,wk inc flu hosp,1,2025-12-20,20,quantile,0.5,29.0
2025-12-13,wk inc flu hosp,1,2025-12-20,20,quantile,0.55,31.0
2025-12-13,wk inc flu hosp,1,2025-12-20,20,quantile,0.6,33.0
2025-12-13,wk inc flu hosp,1,2025-12-20,20,quantile,0.65,35.0
2025-12-13,wk inc flu hosp,1,2025-12-20,20,quantile,0.7,38.0
2025-12-13,wk inc flu hosp,1,2025-12-20,20,quantile,0.75,41.0
2025-12-13,wk inc flu hosp,1,2025-12-20,20,quantile,0.8,45.0
2025-12-13,wk inc flu hosp,1,2025-12-20,20,quantile,0.85,50.0
2025-12-13,wk inc flu hosp,1,2025-12-20,20,quantile,0.9,57.0
2025-12-13,wk inc flu hosp,1,2025-12-20,20,quantile,0.95,74.0
2025-12-13,wk inc flu hosp,1,2025-12-20,20,quantile,0.975,107.0
2025-12-13,wk inc flu hosp,1,2025-12-20,20,quantile,0.99,130.0
2025-12-13,wk inc flu hosp,1,2025-12-20,21,quantile,0.01,6.0
2025-12-13,wk inc flu hosp,1,2025-12-20,21,quantile,0.025,9.0
2025-12-13,wk inc flu hosp,1,2025-12-20,21,quantile,0.05,12.0
2025-12-13,wk inc flu hosp,1,2025-12-20,21,quantile,0.1,15.0
2025-12-13,wk inc flu hosp,1,2025-12-20,21,quantile,0.15,17.0
2025-12-13,wk inc flu hosp,1,2025-12-20,21,quantile,0.2,29.0
2025-12-13,wk inc flu hosp,1,2025-12-20,21,quantile,0.25,41.0
2025-12-13,wk inc flu hosp,1,2025-12-20,21,quantile,0.3,51.0
2025-12-13,wk inc flu hosp,1,2025-12-20,21,quantile,0.35,60.0
2025-12-13,wk inc flu hosp,1,2025-12-20,21,quantile,0.4,64.0
2025-12-13,wk inc flu hosp,1,2025-12-20,21,quantile,0.45,69.0
2025-12-13,wk inc flu hosp,1,2025-12-20,21,quantile,0.5,73.0
2025-12-13,wk inc flu hosp,1,2025-12-20,21,quantile,0.55,78.0
2025-12-13,wk inc flu hosp,1,2025-12-20,21,quantile,0.6,84.0
2025-12-13,wk inc flu hosp,1,2025-12-20,21,quantile,0.65,90.0
2025-12-13,wk inc flu hosp,1,2025-12-20,21,quantile,0.7,97.0
2025-12-13,wk inc flu hosp,1,2025-12-20,21,quantile,0.75,106.0
2025-12-13,wk inc flu hosp,1,2025-12-20,21,quantile,0.8,115.0
2025-12-13,wk inc flu hosp,1,2025-12-20,21,quantile,0.85,128.0
2025-12-13,wk inc flu hosp,1,2025-12-20,21,quantile,0.9,148.0
2025-12-13,wk inc flu hosp,1,2025-12-20,21,quantile,0.95,181.0
2025-12-13,wk inc flu hosp,1,2025-12-20,21,quantile,0.975,213.0
2025-12-13,wk inc flu hosp,1,2025-12-20,21,quantile,0.99,250.0
2025-12-13,wk inc flu hosp,1,2025-12-20,22,quantile,0.01,30.0
2025-12-13,wk inc flu hosp,1,2025-12-20,22,quantile,0.025,49.0
2025-12-13,wk inc flu hosp,1,2025-12-20,22,quantile,0.05,71.0
2025-12-13,wk inc flu hosp,1,2025-12-20,22,quantile,0.1,94.0
2025-12-13,wk inc flu hosp,1,2025-12-20,22,quantile,0.15,114.0
2025-12-13,wk inc flu hosp,1,2025-12-20,22,quantile,0.2,131.0
2025-12-13,wk inc flu hosp,1,2025-12-20,22,quantile,0.25,141.0
2025-12-13,wk inc flu hosp,1,2025-12-20,22,quantile,0.3,153.0
2025-12-13,wk inc flu hosp,1,2025-12-20,22,quantile,0.35,163.0
2025-12-13,wk inc flu hosp,1,2025-12-20,22,quantile,0.4,174.0
2025-12-13,wk inc flu hosp,1,2025-12-20,22,quantile,0.45,183.0
2025-12-13,wk inc flu hosp,1,2025-12-20,22,quantile,0.5,193.0
2025-12-13,wk inc flu hosp,1,2025-12-20,22,quantile,0.55,205.0
2025-12-13,wk inc flu hosp,1,2025-12-20,22,quantile,0.6,218.0
2025-12-13,wk inc flu hosp,1,2025-12-20,22,quantile,0.65,231.0
2025-12-13,wk inc flu hosp,1,2025-12-20,22,quantile,0.7,246.0
2025-12-13,wk inc flu hosp,1,2025-12-20,22,quantile,0.75,261.0
2025-12-13,wk inc flu hosp,1,2025-12-20,22,quantile,0.8,274.0
2025-12-13,wk inc flu hosp,1,2025-12-20,22,quantile,0.85,296.0
2025-12-13,wk inc flu hosp,1,2025-12-20,22,quantile,0.9,324.0
2025-12-13,wk inc flu hosp,1,2025-12-20,22,quantile,0.95,360.0
2025-12-13,wk inc flu hosp,1,2025-12-20,22,quantile,0.975,395.0
2025-12-13,wk inc flu hosp,1,2025-12-20,22,quantile,0.99,436.0
2025-12-13,wk inc flu hosp,1,2025-12-20,23,quantile,0.01,1.0
2025-12-13,wk inc flu hosp,1,2025-12-20,23,quantile,0.025,2.0
2025-12-13,wk inc flu hosp,1,2025-12-20,23,quantile,0.05,2.0
2025-12-13,wk inc flu hosp,1,2025-12-20,23,quantile,0.1,2.0
2025-12-13,wk inc flu hosp,1,2025-12-20,23,quantile,0.15,3.0
2025-12-13,wk inc flu hosp,1,2025-12-20,23,quantile,0.2,4.0
2025-12-13,wk inc flu hosp,1,2025-12-20,23,quantile,0.25,6.0
2025-12-13,wk inc flu hosp,1,2025-12-20,23,quantile,0.3,8.0
2025-12-13,wk inc flu hosp,1,2025-12-20,23,quantile,0.35,9.0
2025-12-13,wk inc flu hosp,1,2025-12-20,23,quantile,0.4,11.0
2025-12-13,wk inc flu hosp,1,2025-12-20,23,quantile,0.45,12.0
2025-12-13,wk inc flu hosp,1,2025-12-20,23,quantile,0.5,12.0
2025-12-13,wk inc flu hosp,1,2025-12-20,23,quantile,0.55,13.0
2025-12-13,wk inc flu hosp,1,2025-12-20,23,quantile,0.6,14.0
2025-12-13,wk inc flu hosp,1,2025-12-20,23,quantile,0.65,16.0
2025-12-13,wk inc flu hosp,1,2025-12-20,23,quantile,0.7,17.0
2025-12-13,wk inc flu hosp,1,2025-12-20,23,quantile,0.75,18.0
2025-12-13,wk inc flu hosp,1,2025-12-20,23,quantile,0.8,20.0
2025-12-13,wk inc flu hosp,1,2025-12-20,23,quantile,0.85,22.0
2025-12-13,wk inc flu hosp,1,2025-12-20,23,quantile,0.9,27.0
2025-12-13,wk inc flu hosp,1,2025-12-20,23,quantile,0.95,34.0
2025-12-13,wk inc flu hosp,1,2025-12-20,23,quantile,0.975,38.0
2025-12-13,wk inc flu hosp,1,2025-12-20,23,quantile,0.99,45.0
2025-12-13,wk inc flu hosp,1,2025-12-20,24,quantile,0.01,26.0
2025-12-13,wk inc flu hosp,1,2025-12-20,24,quantile,0.025,57.0
2025-12-13,wk inc flu hosp,1,2025-12-20,24,quantile,0.05,76.0
2025-12-13,wk inc flu hosp,1,2025-12-20,24,quantile,0.1,104.0
2025-12-13,wk inc flu hosp,1,2025-12-20,24,quantile,0.15,122.0
2025-12-13,wk inc flu hosp,1,2025-12-20,24,quantile,0.2,138.0
2025-12-13,wk inc flu hosp,1,2025-12-20,24,quantile,0.25,149.0
2025-12-13,wk inc flu hosp,1,2025-12-20,24,quantile,0.3,164.0
2025-12-13,wk inc flu hosp,1,2025-12-20,24,quantile,0.35,176.0
2025-12-13,wk inc flu hosp,1,2025-12-20,24,quantile,0.4,186.0
2025-12-13,wk inc flu hosp,1,2025-12-20,24,quantile,0.45,198.0
2025-12-13,wk inc flu hosp,1,2025-12-20,24,quantile,0.5,209.0
2025-12-13,wk inc flu hosp,1,2025-12-20,24,quantile,0.55,220.0
2025-12-13,wk inc flu hosp,1,2025-12-20,24,quantile,0.6,232.0
2025-12-13,wk inc flu hosp,1,2025-12-20,24,quantile,0.65,246.0
2025-12-13,wk inc flu hosp,1,2025-12-20,24,quantile,0.7,262.0
2025-12-13,wk inc flu hosp,1,2025-12-20,24,quantile,0.75,278.0
2025-12-13,wk inc flu hosp,1,2025-12-20,24,quantile,0.8,294.0
2025-12-13,wk inc flu hosp,1,2025-12-20,24,quantile,0.85,316.0
2025-12-13,wk inc flu hosp,1,2025-12-20,24,quantile,0.9,349.0
2025-12-13,wk inc flu hosp,1,2025-12-20,24,quantile,0.95,386.0
2025-12-13,wk inc flu hosp,1,2025-12-20,24,quantile,0.975,420.0
2025-12-13,wk inc flu hosp,1,2025-12-20,24,quantile,0.99,471.0
2025-12-13,wk inc flu hosp,1,2025-12-20,25,quantile,0.01,22.0
2025-12-13,wk inc flu hosp,1,2025-12-20,25,quantile,0.025,35.0
2025-12-13,wk inc flu hosp,1,2025-12-20,25,quantile,0.05,49.0
2025-12-13,wk inc flu hosp,1,2025-12-20,25,quantile,0.1,65.0
2025-12-13,wk inc flu hosp,1,2025-12-20,25,quantile,0.15,77.0
2025-12-13,wk inc flu hosp,1,2025-12-20,25,quantile,0.2,86.0
2025-12-13,wk inc flu hosp,1,2025-12-20,25,quantile,0.25,95.0
2025-12-13,wk inc flu hosp,1,2025-12-20,25,quantile,0.3,103.0
2025-12-13,wk inc flu hosp,1,2025-12-20,25,quantile,0.35,111.0
2025-12-13,wk inc flu hosp,1,2025-12-20,25,quantile,0.4,117.0
2025-12-13,wk inc flu hosp,1,2025-12-20,25,quantile,0.45,124.0
2025-12-13,wk inc flu hosp,1,2025-12-20,25,quantile,0.5,133.0
2025-12-13,wk inc flu hosp,1,2025-12-20,25,quantile,0.55,141.0
2025-12-13,wk inc flu hosp,1,2025-12-20,25,quantile,0.6,150.0
2025-12-13,wk inc flu hosp,1,2025-12-20,25,quantile,0.65,158.0
2025-12-13,wk inc flu hosp,1,2025-12-20,25,quantile,0.7,168.0
2025-12-13,wk inc flu hosp,1,2025-12-20,25,quantile,0.75,178.0
2025-12-13,wk inc flu hosp,1,2025-12-20,25,quantile,0.8,189.0
2025-12-13,wk inc flu hosp,1,2025-12-20,25,quantile,0.85,202.0
2025-12-13,wk inc flu hosp,1,2025-12-20,25,quantile,0.9,220.0
2025-12-13,wk inc flu hosp,1,2025-12-20,25,quantile,0.95,250.0
2025-12-13,wk inc flu hosp,1,2025-12-20,25,quantile,0.975,276.0
2025-12-13,wk inc flu hosp,1,2025-12-20,25,quantile,0.99,308.0
2025-12-13,wk inc flu hosp,1,2025-12-20,26,quantile,0.01,17.0
2025-12-13,wk inc flu hosp,1,2025-12-20,26,quantile,0.025,25.0
2025-12-13,wk inc flu hosp,1,2025-12-20,26,quantile,0.05,37.0
2025-12-13,wk inc flu hosp,1,2025-12-20,26,quantile,0.1,71.0
2025-12-13,wk inc flu hosp,1,2025-12-20,26,quantile,0.15,97.0
2025-12-13,wk inc flu hosp,1,2025-12-20,26,quantile,0.2,114.0
2025-12-13,wk inc flu hosp,1,2025-12-20,26,quantile,0.25,130.0
2025-12-13,wk inc flu hosp,1,2025-12-20,26,quantile,0.3,145.0
2025-12-13,wk inc flu hosp,1,2025-12-20,26,quantile,0.35,159.0
2025-12-13,wk inc flu hosp,1,2025-12-20,26,quantile,0.4,173.0
2025-12-13,wk inc flu hosp,1,2025-12-20,26,quantile,0.45,183.0
2025-12-13,wk inc flu hosp,1,2025-12-20,26,quantile,0.5,196.0
2025-12-13,wk inc flu hosp,1,2025-12-20,26,quantile,0.55,209.0
2025-12-13,wk inc flu hosp,1,2025-12-20,26,quantile,0.6,223.0
2025-12-13,wk inc flu hosp,1,2025-12-20,26,quantile,0.65,238.0
2025-12-13,wk inc flu hosp,1,2025-12-20,26,quantile,0.7,255.0
2025-12-13,wk inc flu hosp,1,2025-12-20,26,quantile,0.75,277.0
2025-12-13,wk inc flu hosp,1,2025-12-20,26,quantile,0.8,303.0
2025-12-13,wk inc flu hosp,1,2025-12-20,26,quantile,0.85,329.0
2025-12-13,wk inc flu hosp,1,2025-12-20,26,quantile,0.9,371.0
2025-12-13,wk inc flu hosp,1,2025-12-20,26,quantile,0.95,433.0
2025-12-13,wk inc flu hosp,1,2025-12-20,26,quantile,0.975,479.0
2025-12-13,wk inc flu hosp,1,2025-12-20,26,quantile,0.99,532.0
2025-12-13,wk inc flu hosp,1,2025-12-20,27,quantile,0.01,17.0
2025-12-13,wk inc flu hosp,1,2025-12-20,27,quantile,0.025,25.0
2025-12-13,wk inc flu hosp,1,2025-12-20,27,quantile,0.05,32.0
2025-12-13,wk inc flu hosp,1,2025-12-20,27,quantile,0.1,50.0
2025-12-13,wk inc flu hosp,1,2025-12-20,27,quantile,0.15,78.0
2025-12-13,wk inc flu hosp,1,2025-12-20,27,quantile,0.2,101.0
2025-12-13,wk inc flu hosp,1,2025-12-20,27,quantile,0.25,121.0
2025-12-13,wk inc flu hosp,1,2025-12-20,27,quantile,0.3,137.0
2025-12-13,wk inc flu hosp,1,2025-12-20,27,quantile,0.35,147.0
2025-12-13,wk inc flu hosp,1,2025-12-20,27,quantile,0.4,156.0
2025-12-13,wk inc flu hosp,1,2025-12-20,27,quantile,0.45,166.0
2025-12-13,wk inc flu hosp,1,2025-12-20,27,quantile,0.5,177.0
2025-12-13,wk inc flu hosp,1,2025-12-20,27,quantile,0.55,187.0
2025-12-13,wk inc flu hosp,1,2025-12-20,27,quantile,0.6,199.0
2025-12-13,wk inc flu hosp,1,2025-12-20,27,quantile,0.65,212.0
2025-12-13,wk inc flu hosp,1,2025-12-20,27,quantile,0.7,227.0
2025-12-13,wk inc flu hosp,1,2025-12-20,27,quantile,0.75,242.0
2025-12-13,wk inc flu hosp,1,2025-12-20,27,quantile,0.8,263.0
2025-12-13,wk inc flu hosp,1,2025-12-20,27,quantile,0.85,286.0
2025-12-13,wk inc flu hosp,1,2025-12-20,27,quantile,0.9,321.0
2025-12-13,wk inc flu hosp,1,2025-12-20,27,quantile,0.95,372.0
2025-12-13,wk inc flu hosp,1,2025-12-20,27,quantile,0.975,417.0
2025-12-13,wk inc flu hosp,1,2025-12-20,27,quantile,0.99,462.0
2025-12-13,wk inc flu hosp,1,2025-12-20,28,quantile,0.01,5.0
2025-12-13,wk inc flu hosp,1,2025-12-20,28,quantile,0.025,6.0
2025-12-13,wk inc flu hosp,1,2025-12-20,28,quantile,0.05,8.0
2025-12-13,wk inc flu hosp,1,2025-12-20,28,quantile,0.1,10.0
2025-12-13,wk inc flu hosp,1,2025-12-20,28,quantile,0.15,15.0
2025-12-13,wk inc flu hosp,1,2025-12-20,28,quantile,0.2,25.0
2025-12-13,wk inc flu hosp,1,2025-12-20,28,quantile,0.25,27.0
2025-12-13,wk inc flu hosp,1,2025-12-20,28,quantile,0.3,29.0
2025-12-13,wk inc flu hosp,1,2025-12-20,28,quantile,0.35,32.0
2025-12-13,wk inc flu hosp,1,2025-12-20,28,quantile,0.4,33.0
2025-12-13,wk inc flu hosp,1,2025-12-20,28,quantile,0.45,36.0
2025-12-13,wk inc flu hosp,1,2025-12-20,28,quantile,0.5,39.0
2025-12-13,wk inc flu hosp,1,2025-12-20,28,quantile,0.55,42.0
2025-12-13,wk inc flu hosp,1,2025-12-20,28,quantile,0.6,45.0
2025-12-13,wk inc flu hosp,1,2025-12-20,28,quantile,0.65,49.0
2025-12-13,wk inc flu hosp,1,2025-12-20,28,quantile,0.7,54.0
2025-12-13,wk inc flu hosp,1,2025-12-20,28,quantile,0.75,59.0
2025-12-13,wk inc flu hosp,1,2025-12-20,28,quantile,0.8,65.0
2025-12-13,wk inc flu hosp,1,2025-12-20,28,quantile,0.85,73.0
2025-12-13,wk inc flu hosp,1,2025-12-20,28,quantile,0.9,88.0
2025-12-13,wk inc flu hosp,1,2025-12-20,28,quantile,0.95,114.0
2025-12-13,wk inc flu hosp,1,2025-12-20,28,quantile,0.975,135.0
2025-12-13,wk inc flu hosp,1,2025-12-20,28,quantile,0.99,178.0
2025-12-13,wk inc flu hosp,1,2025-12-20,30,quantile,0.01,2.0
2025-12-13,wk inc flu hosp,1,2025-12-20,30,quantile,0.025,2.0
2025-12-13,wk inc flu hosp,1,2025-12-20,30,quantile,0.05,3.0
2025-12-13,wk inc flu hosp,1,2025-12-20,30,quantile,0.1,4.0
2025-12-13,wk inc flu hosp,1,2025-12-20,30,quantile,0.15,6.0
2025-12-13,wk inc flu hosp,1,2025-12-20,30,quantile,0.2,8.0
2025-12-13,wk inc flu hosp,1,2025-12-20,30,quantile,0.25,10.0
2025-12-13,wk inc flu hosp,1,2025-12-20,30,quantile,0.3,12.0
2025-12-13,wk inc flu hosp,1,2025-12-20,30,quantile,0.35,14.0
2025-12-13,wk inc flu hosp,1,2025-12-20,30,quantile,0.4,16.0
2025-12-13,wk inc flu hosp,1,2025-12-20,30,quantile,0.45,18.0
2025-12-13,wk inc flu hosp,1,2025-12-20,30,quantile,0.5,19.0
2025-12-13,wk inc flu hosp,1,2025-12-20,30,quantile,0.55,21.0
2025-12-13,wk inc flu hosp,1,2025-12-20,30,quantile,0.6,23.0
2025-12-13,wk inc flu hosp,1,2025-12-20,30,quantile,0.65,25.0
2025-12-13,wk inc flu hosp,1,2025-12-20,30,quantile,0.7,26.0
2025-12-13,wk inc flu hosp,1,2025-12-20,30,quantile,0.75,29.0
2025-12-13,wk inc flu hosp,1,2025-12-20,30,quantile,0.8,31.0
2025-12-13,wk inc flu hosp,1,2025-12-20,30,quantile,0.85,35.0
2025-12-13,wk inc flu hosp,1,2025-12-20,30,quantile,0.9,40.0
2025-12-13,wk inc flu hosp,1,2025-12-20,30,quantile,0.95,47.0
2025-12-13,wk inc flu hosp,1,2025-12-20,30,quantile,0.975,53.0
2025-12-13,wk inc flu hosp,1,2025-12-20,30,quantile,0.99,60.0
2025-12-13,wk inc flu hosp,1,2025-12-20,31,quantile,0.01,1.0
2025-12-13,wk inc flu hosp,1,2025-12-20,31,quantile,0.025,1.0
2025-12-13,wk inc flu hosp,1,2025-12-20,31,quantile,0.05,1.0
2025-12-13,wk inc flu hosp,1,2025-12-20,31,quantile,0.1,2.0
2025-12-13,wk inc flu hosp,1,2025-12-20,31,quantile,0.15,2.0
2025-12-13,wk inc flu hosp,1,2025-12-20,31,quantile,0.2,3.0
2025-12-13,wk inc flu hosp,1,2025-12-20,31,quantile,0.25,6.0
2025-12-13,wk inc flu hosp,1,2025-12-20,31,quantile,0.3,8.0
2025-12-13,wk inc flu hosp,1,2025-12-20,31,quantile,0.35,9.0
2025-12-13,wk inc flu hosp,1,2025-12-20,31,quantile,0.4,9.0
2025-12-13,wk inc flu hosp,1,2025-12-20,31,quantile,0.45,10.0
2025-12-13,wk inc flu hosp,1,2025-12-20,31,quantile,0.5,11.0
2025-12-13,wk inc flu hosp,1,2025-12-20,31,quantile,0.55,12.0
2025-12-13,wk inc flu hosp,1,2025-12-20,31,quantile,0.6,13.0
2025-12-13,wk inc flu hosp,1,2025-12-20,31,quantile,0.65,14.0
2025-12-13,wk inc flu hosp,1,2025-12-20,31,quantile,0.7,15.0
2025-12-13,wk inc flu hosp,1,2025-12-20,31,quantile,0.75,16.0
2025-12-13,wk inc flu hosp,1,2025-12-20,31,quantile,0.8,17.0
2025-12-13,wk inc flu hosp,1,2025-12-20,31,quantile,0.85,20.0
2025-12-13,wk inc flu hosp,1,2025-12-20,31,quantile,0.9,23.0
2025-12-13,wk inc flu hosp,1,2025-12-20,31,quantile,0.95,32.0
2025-12-13,wk inc flu hosp,1,2025-12-20,31,quantile,0.975,53.0
2025-12-13,wk inc flu hosp,1,2025-12-20,31,quantile,0.99,58.0
2025-12-13,wk inc flu hosp,1,2025-12-20,32,quantile,0.01,3.0
2025-12-13,wk inc flu hosp,1,2025-12-20,32,quantile,0.025,4.0
2025-12-13,wk inc flu hosp,1,2025-12-20,32,quantile,0.05,5.0
2025-12-13,wk inc flu hosp,1,2025-12-20,32,quantile,0.1,7.0
2025-12-13,wk inc flu hosp,1,2025-12-20,32,quantile,0.15,9.0
2025-12-13,wk inc flu hosp,1,2025-12-20,32,quantile,0.2,14.0
2025-12-13,wk inc flu hosp,1,2025-12-20,32,quantile,0.25,17.0
2025-12-13,wk inc flu hosp,1,2025-12-20,32,quantile,0.3,21.0
2025-12-13,wk inc flu hosp,1,2025-12-20,32,quantile,0.35,25.0
2025-12-13,wk inc flu hosp,1,2025-12-20,32,quantile,0.4,28.0
2025-12-13,wk inc flu hosp,1,2025-12-20,32,quantile,0.45,30.0
2025-12-13,wk inc flu hosp,1,2025-12-20,32,quantile,0.5,32.0
2025-12-13,wk inc flu hosp,1,2025-12-20,32,quantile,0.55,34.0
2025-12-13,wk inc flu hosp,1,2025-12-20,32,quantile,0.6,37.0
2025-12-13,wk inc flu hosp,1,2025-12-20,32,quantile,0.65,39.0
2025-12-13,wk inc flu hosp,1,2025-12-20,32,quantile,0.7,42.0
2025-12-13,wk inc flu hosp,1,2025-12-20,32,quantile,0.75,46.0
2025-12-13,wk inc flu hosp,1,2025-12-20,32,quantile,0.8,50.0
2025-12-13,wk inc flu hosp,1,2025-12-20,32,quantile,0.85,56.0
2025-12-13,wk inc flu hosp,1,2025-12-20,32,quantile,0.9,66.0
2025-12-13,wk inc flu hosp,1,2025-12-20,32,quantile,0.95,88.0
2025-12-13,wk inc flu hosp,1,2025-12-20,32,quantile,0.975,106.0
2025-12-13,wk inc flu hosp,1,2025-12-20,32,quantile,0.99,123.0
2025-12-13,wk inc flu hosp,1,2025-12-20,33,quantile,0.01,2.0
2025-12-13,wk inc flu hosp,1,2025-12-20,33,quantile,0.025,3.0
2025-12-13,wk inc flu hosp,1,2025-12-20,33,quantile,0.05,4.0
2025-12-13,wk inc flu hosp,1,2025-12-20,33,quantile,0.1,5.0
2025-12-13,wk inc flu hosp,1,2025-12-20,33,quantile,0.15,8.0
2025-12-13,wk inc flu hosp,1,2025-12-20,33,quantile,0.2,10.0
2025-12-13,wk inc flu hosp,1,2025-12-20,33,quantile,0.25,12.0
2025-12-13,wk inc flu hosp,1,2025-12-20,33,quantile,0.3,14.0
2025-12-13,wk inc flu hosp,1,2025-12-20,33,quantile,0.35,16.0
2025-12-13,wk inc flu hosp,1,2025-12-20,33,quantile,0.4,17.0
2025-12-13,wk inc flu hosp,1,2025-12-20,33,quantile,0.45,19.0
2025-12-13,wk inc flu hosp,1,2025-12-20,33,quantile,0.5,21.0
2025-12-13,wk inc flu hosp,1,2025-12-20,33,quantile,0.55,23.0
2025-12-13,wk inc flu hosp,1,2025-12-20,33,quantile,0.6,25.0
2025-12-13,wk inc flu hosp,1,2025-12-20,33,quantile,0.65,27.0
2025-12-13,wk inc flu hosp,1,2025-12-20,33,quantile,0.7,28.0
2025-12-13,wk inc flu hosp,1,2025-12-20,33,quantile,0.75,31.0
2025-12-13,wk inc flu hosp,1,2025-12-20,33,quantile,0.8,34.0
2025-12-13,wk inc flu hosp,1,2025-12-20,33,quantile,0.85,37.0
2025-12-13,wk inc flu hosp,1,2025-12-20,33,quantile,0.9,42.0
2025-12-13,wk inc flu hosp,1,2025-12-20,33,quantile,0.95,49.0
2025-12-13,wk inc flu hosp,1,2025-12-20,33,quantile,0.975,56.0
2025-12-13,wk inc flu hosp,1,2025-12-20,33,quantile,0.99,62.0
2025-12-13,wk inc flu hosp,1,2025-12-20,34,quantile,0.01,38.0
2025-12-13,wk inc flu hosp,1,2025-12-20,34,quantile,0.025,67.0
2025-12-13,wk inc flu hosp,1,2025-12-20,34,quantile,0.05,111.0
2025-12-13,wk inc flu hosp,1,2025-12-20,34,quantile,0.1,159.0
2025-12-13,wk inc flu hosp,1,2025-12-20,34,quantile,0.15,194.0
2025-12-13,wk inc flu hosp,1,2025-12-20,34,quantile,0.2,220.0
2025-12-13,wk inc flu hosp,1,2025-12-20,34,quantile,0.25,240.0
2025-12-13,wk inc flu hosp,1,2025-12-20,34,quantile,0.3,260.0
2025-12-13,wk inc flu hosp,1,2025-12-20,34,quantile,0.35,279.0
2025-12-13,wk inc flu hosp,1,2025-12-20,34,quantile,0.4,298.0
2025-12-13,wk inc flu hosp,1,2025-12-20,34,quantile,0.45,314.0
2025-12-13,wk inc flu hosp,1,2025-12-20,34,quantile,0.5,331.0
2025-12-13,wk inc flu hosp,1,2025-12-20,34,quantile,0.55,350.0
2025-12-13,wk inc flu hosp,1,2025-12-20,34,quantile,0.6,374.0
2025-12-13,wk inc flu hosp,1,2025-12-20,34,quantile,0.65,394.0
2025-12-13,wk inc flu hosp,1,2025-12-20,34,quantile,0.7,420.0
2025-12-13,wk inc flu hosp,1,2025-12-20,34,quantile,0.75,448.0
2025-12-13,wk inc flu hosp,1,2025-12-20,34,quantile,0.8,472.0
2025-12-13,wk inc flu hosp,1,2025-12-20,34,quantile,0.85,506.0
2025-12-13,wk inc flu hosp,1,2025-12-20,34,quantile,0.9,548.0
2025-12-13,wk inc flu hosp,1,2025-12-20,34,quantile,0.95,611.0
2025-12-13,wk inc flu hosp,1,2025-12-20,34,quantile,0.975,666.0
2025-12-13,wk inc flu hosp,1,2025-12-20,34,quantile,0.99,742.0
2025-12-13,wk inc flu hosp,1,2025-12-20,35,quantile,0.01,3.0
2025-12-13,wk inc flu hosp,1,2025-12-20,35,quantile,0.025,5.0
2025-12-13,wk inc flu hosp,1,2025-12-20,35,quantile,0.05,6.0
2025-12-13,wk inc flu hosp,1,2025-12-20,35,quantile,0.1,7.0
2025-12-13,wk inc flu hosp,1,2025-12-20,35,quantile,0.15,9.0
2025-12-13,wk inc flu hosp,1,2025-12-20,35,quantile,0.2,14.0
2025-12-13,wk inc flu hosp,1,2025-12-20,35,quantile,0.25,18.0
2025-12-13,wk inc flu hosp,1,2025-12-20,35,quantile,0.3,23.0
2025-12-13,wk inc flu hosp,1,2025-12-20,35,quantile,0.35,27.0
2025-12-13,wk inc flu hosp,1,2025-12-20,35,quantile,0.4,29.0
2025-12-13,wk inc flu hosp,1,2025-12-20,35,quantile,0.45,32.0
2025-12-13,wk inc flu hosp,1,2025-12-20,35,quantile,0.5,34.0
2025-12-13,wk inc flu hosp,1,2025-12-20,35,quantile,0.55,37.0
2025-12-13,wk inc flu hosp,1,2025-12-20,35,quantile,0.6,40.0
2025-12-13,wk inc flu hosp,1,2025-12-20,35,quantile,0.65,43.0
2025-12-13,wk inc flu hosp,1,2025-12-20,35,quantile,0.7,46.0
2025-12-13,wk inc flu hosp,1,2025-12-20,35,quantile,0.75,50.0
2025-12-13,wk inc flu hosp,1,2025-12-20,35,quantile,0.8,55.0
2025-12-13,wk inc flu hosp,1,2025-12-20,35,quantile,0.85,61.0
2025-12-13,wk inc flu hosp,1,2025-12-20,35,quantile,0.9,71.0
2025-12-13,wk inc flu hosp,1,2025-12-20,35,quantile,0.95,88.0
2025-12-13,wk inc flu hosp,1,2025-12-20,35,quantile,0.975,102.0
2025-12-13,wk inc flu hosp,1,2025-12-20,35,quantile,0.99,126.0
2025-12-13,wk inc flu hosp,1,2025-12-20,36,quantile,0.01,219.0
2025-12-13,wk inc flu hosp,1,2025-12-20,36,quantile,0.025,285.0
2025-12-13,wk inc flu hosp,1,2025-12-20,36,quantile,0.05,355.0
2025-12-13,wk inc flu hosp,1,2025-12-20,36,quantile,0.1,445.0
2025-12-13,wk inc flu hosp,1,2025-12-20,36,quantile,0.15,505.0
2025-12-13,wk inc flu hosp,1,2025-12-20,36,quantile,0.2,551.0
2025-12-13,wk inc flu hosp,1,2025-12-20,36,quantile,0.25,582.0
2025-12-13,wk inc flu hosp,1,2025-12-20,36,quantile,0.3,624.0
2025-12-13,wk inc flu hosp,1,2025-12-20,36,quantile,0.35,657.0
2025-12-13,wk inc flu hosp,1,2025-12-20,36,quantile,0.4,682.0
2025-12-13,wk inc flu hosp,1,2025-12-20,36,quantile,0.45,711.0
2025-12-13,wk inc flu hosp,1,2025-12-20,36,quantile,0.5,741.0
2025-12-13,wk inc flu hosp,1,2025-12-20,36,quantile,0.55,778.0
2025-12-13,wk inc flu hosp,1,2025-12-20,36,quantile,0.6,811.0
2025-12-13,wk inc flu hosp,1,2025-12-20,36,quantile,0.65,849.0
2025-12-13,wk inc flu hosp,1,2025-12-20,36,quantile,0.7,882.0
2025-12-13,wk inc flu hosp,1,2025-12-20,36,quantile,0.75,926.0
2025-12-13,wk inc flu hosp,1,2025-12-20,36,quantile,0.8,972.0
2025-12-13,wk inc flu hosp,1,2025-12-20,36,quantile,0.85,1033.0
2025-12-13,wk inc flu hosp,1,2025-12-20,36,quantile,0.9,1125.0
2025-12-13,wk inc flu hosp,1,2025-12-20,36,quantile,0.95,1239.0
2025-12-13,wk inc flu hosp,1,2025-12-20,36,quantile,0.975,1322.0
2025-12-13,wk inc flu hosp,1,2025-12-20,36,quantile,0.99,1482.0
2025-12-13,wk inc flu hosp,1,2025-12-20,37,quantile,0.01,53.0
2025-12-13,wk inc flu hosp,1,2025-12-20,37,quantile,0.025,73.0
2025-12-13,wk inc flu hosp,1,2025-12-20,37,quantile,0.05,106.0
2025-12-13,wk inc flu hosp,1,2025-12-20,37,quantile,0.1,163.0
2025-12-13,wk inc flu hosp,1,2025-12-20,37,quantile,0.15,210.0
2025-12-13,wk inc flu hosp,1,2025-12-20,37,quantile,0.2,245.0
2025-12-13,wk inc flu hosp,1,2025-12-20,37,quantile,0.25,278.0
2025-12-13,wk inc flu hosp,1,2025-12-20,37,quantile,0.3,307.0
2025-12-13,wk inc flu hosp,1,2025-12-20,37,quantile,0.35,330.0
2025-12-13,wk inc flu hosp,1,2025-12-20,37,quantile,0.4,360.0
2025-12-13,wk inc flu hosp,1,2025-12-20,37,quantile,0.45,388.0
2025-12-13,wk inc flu hosp,1,2025-12-20,37,quantile,0.5,411.0
2025-12-13,wk inc flu hosp,1,2025-12-20,37,quantile,0.55,440.0
2025-12-13,wk inc flu hosp,1,2025-12-20,37,quantile,0.6,473.0
2025-12-13,wk inc flu hosp,1,2025-12-20,37,quantile,0.65,501.0
2025-12-13,wk inc flu hosp,1,2025-12-20,37,quantile,0.7,531.0
2025-12-13,wk inc flu hosp,1,2025-12-20,37,quantile,0.75,579.0
2025-12-13,wk inc flu hosp,1,2025-12-20,37,quantile,0.8,627.0
2025-12-13,wk inc flu hosp,1,2025-12-20,37,quantile,0.85,699.0
2025-12-13,wk inc flu hosp,1,2025-12-20,37,quantile,0.9,793.0
2025-12-13,wk inc flu hosp,1,2025-12-20,37,quantile,0.95,926.0
2025-12-13,wk inc flu hosp,1,2025-12-20,37,quantile,0.975,1021.0
2025-12-13,wk inc flu hosp,1,2025-12-20,37,quantile,0.99,1130.0
2025-12-13,wk inc flu hosp,1,2025-12-20,38,quantile,0.01,0.0
2025-12-13,wk inc flu hosp,1,2025-12-20,38,quantile,0.025,1.0
2025-12-13,wk inc flu hosp,1,2025-12-20,38,quantile,0.05,1.0
2025-12-13,wk inc flu hosp,1,2025-12-20,38,quantile,0.1,2.0
2025-12-13,wk inc flu hosp,1,2025-12-20,38,quantile,0.15,2.0
2025-12-13,wk inc flu hosp,1,2025-12-20,38,quantile,0.2,4.0
2025-12-13,wk inc flu hosp,1,2025-12-20,38,quantile,0.25,5.0
2025-12-13,wk inc flu hosp,1,2025-12-20,38,quantile,0.3,7.0
2025-12-13,wk inc flu hosp,1,2025-12-20,38,quantile,0.35,7.0
2025-12-13,wk inc flu hosp,1,2025-12-20,38,quantile,0.4,8.0
2025-12-13,wk inc flu hosp,1,2025-12-20,38,quantile,0.45,8.0
2025-12-13,wk inc flu hosp,1,2025-12-20,38,quantile,0.5,9.0
2025-12-13,wk inc flu hosp,1,2025-12-20,38,quantile,0.55,10.0
2025-12-13,wk inc flu hosp,1,2025-12-20,38,quantile,0.6,10.0
2025-12-13,wk inc flu hosp,1,2025-12-20,38,quantile,0.65,11.0
2025-12-13,wk inc flu hosp,1,2025-12-20,38,quantile,0.7,12.0
2025-12-13,wk inc flu hosp,1,2025-12-20,38,quantile,0.75,14.0
2025-12-13,wk inc flu hosp,1,2025-12-20,38,quantile,0.8,15.0
2025-12-13,wk inc flu hosp,1,2025-12-20,38,quantile,0.85,17.0
2025-12-13,wk inc flu hosp,1,2025-12-20,38,quantile,0.9,19.0
2025-12-13,wk inc flu hosp,1,2025-12-20,38,quantile,0.95,24.0
2025-12-13,wk inc flu hosp,1,2025-12-20,38,quantile,0.975,29.0
2025-12-13,wk inc flu hosp,1,2025-12-20,38,quantile,0.99,34.0
2025-12-13,wk inc flu hosp,1,2025-12-20,39,quantile,0.01,14.0
2025-12-13,wk inc flu hosp,1,2025-12-20,39,quantile,0.025,20.0
2025-12-13,wk inc flu hosp,1,2025-12-20,39,quantile,0.05,24.0
2025-12-13,wk inc flu hosp,1,2025-12-20,39,quantile,0.1,37.0
2025-12-13,wk inc flu hosp,1,2025-12-20,39,quantile,0.15,58.0
2025-12-13,wk inc flu hosp,1,2025-12-20,39,quantile,0.2,75.0
2025-12-13,wk inc flu hosp,1,2025-12-20,39,quantile,0.25,90.0
2025-12-13,wk inc flu hosp,1,2025-12-20,39,quantile,0.3,103.0
2025-12-13,wk inc flu hosp,1,2025-12-20,39,quantile,0.35,111.0
2025-12-13,wk inc flu hosp,1,2025-12-20,39,quantile,0.4,118.0
2025-12-13,wk inc flu hosp,1,2025-12-20,39,quantile,0.45,127.0
2025-12-13,wk inc flu hosp,1,2025-12-20,39,quantile,0.5,134.0
2025-12-13,wk inc flu hosp,1,2025-12-20,39,quantile,0.55,145.0
2025-12-13,wk inc flu hosp,1,2025-12-20,39,quantile,0.6,155.0
2025-12-13,wk inc flu hosp,1,2025-12-20,39,quantile,0.65,166.0
2025-12-13,wk inc flu hosp,1,2025-12-20,39,quantile,0.7,180.0
2025-12-13,wk inc flu hosp,1,2025-12-20,39,quantile,0.75,196.0
2025-12-13,wk inc flu hosp,1,2025-12-20,39,quantile,0.8,215.0
2025-12-13,wk inc flu hosp,1,2025-12-20,39,quantile,0.85,238.0
2025-12-13,wk inc flu hosp,1,2025-12-20,39,quantile,0.9,276.0
2025-12-13,wk inc flu hosp,1,2025-12-20,39,quantile,0.95,340.0
2025-12-13,wk inc flu hosp,1,2025-12-20,39,quantile,0.975,385.0
2025-12-13,wk inc flu hosp,1,2025-12-20,39,quantile,0.99,438.0
2025-12-13,wk inc flu hosp,1,2025-12-20,40,quantile,0.01,1.0
2025-12-13,wk inc flu hosp,1,2025-12-20,40,quantile,0.025,2.0
2025-12-13,wk inc flu hosp,1,2025-12-20,40,quantile,0.05,3.0
2025-12-13,wk inc flu hosp,1,2025-12-20,40,quantile,0.1,4.0
2025-12-13,wk inc flu hosp,1,2025-12-20,40,quantile,0.15,5.0
2025-12-13,wk inc flu hosp,1,2025-12-20,40,quantile,0.2,11.0
2025-12-13,wk inc flu hosp,1,2025-12-20,40,quantile,0.25,18.0
2025-12-13,wk inc flu hosp,1,2025-12-20,40,quantile,0.3,24.0
2025-12-13,wk inc flu hosp,1,2025-12-20,40,quantile,0.35,29.0
2025-12-13,wk inc flu hosp,1,2025-12-20,40,quantile,0.4,30.0
2025-12-13,wk inc flu hosp,1,2025-12-20,40,quantile,0.45,32.0
2025-12-13,wk inc flu hosp,1,2025-12-20,40,quantile,0.5,35.0
2025-12-13,wk inc flu hosp,1,2025-12-20,40,quantile,0.55,37.0
2025-12-13,wk inc flu hosp,1,2025-12-20,40,quantile,0.6,39.0
2025-12-13,wk inc flu hosp,1,2025-12-20,40,quantile,0.65,42.0
2025-12-13,wk inc flu hosp,1,2025-12-20,40,quantile,0.7,45.0
2025-12-13,wk inc flu hosp,1,2025-12-20,40,quantile,0.75,49.0
2025-12-13,wk inc flu hosp,1,2025-12-20,40,quantile,0.8,53.0
2025-12-13,wk inc flu hosp,1,2025-12-20,40,quantile,0.85,58.0
2025-12-13,wk inc flu hosp,1,2025-12-20,40,quantile,0.9,68.0
2025-12-13,wk inc flu hosp,1,2025-12-20,40,quantile,0.95,89.0
2025-12-13,wk inc flu hosp,1,2025-12-20,40,quantile,0.975,135.0
2025-12-13,wk inc flu hosp,1,2025-12-20,40,quantile,0.99,168.0
2025-12-13,wk inc flu hosp,1,2025-12-20,41,quantile,0.01,4.0
2025-12-13,wk inc flu hosp,1,2025-12-20,41,quantile,0.025,6.0
2025-12-13,wk inc flu hosp,1,2025-12-20,41,quantile,0.05,7.0
2025-12-13,wk inc flu hosp,1,2025-12-20,41,quantile,0.1,9.0
2025-12-13,wk inc flu hosp,1,2025-12-20,41,quantile,0.15,10.0
2025-12-13,wk inc flu hosp,1,2025-12-20,41,quantile,0.2,12.0
2025-12-13,wk inc flu hosp,1,2025-12-20,41,quantile,0.25,19.0
2025-12-13,wk inc flu hosp,1,2025-12-20,41,quantile,0.3,27.0
2025-12-13,wk inc flu hosp,1,2025-12-20,41,quantile,0.35,34.0
2025-12-13,wk inc flu hosp,1,2025-12-20,41,quantile,0.4,38.0
2025-12-13,wk inc flu hosp,1,2025-12-20,41,quantile,0.45,41.0
2025-12-13,wk inc flu hosp,1,2025-12-20,41,quantile,0.5,44.0
2025-12-13,wk inc flu hosp,1,2025-12-20,41,quantile,0.55,47.0
2025-12-13,wk inc flu hosp,1,2025-12-20,41,quantile,0.6,50.0
2025-12-13,wk inc flu hosp,1,2025-12-20,41,quantile,0.65,54.0
2025-12-13,wk inc flu hosp,1,2025-12-20,41,quantile,0.7,58.0
2025-12-13,wk inc flu hosp,1,2025-12-20,41,quantile,0.75,64.0
2025-12-13,wk inc flu hosp,1,2025-12-20,41,quantile,0.8,71.0
2025-12-13,wk inc flu hosp,1,2025-12-20,41,quantile,0.85,80.0
2025-12-13,wk inc flu hosp,1,2025-12-20,41,quantile,0.9,93.0
2025-12-13,wk inc flu hosp,1,2025-12-20,41,quantile,0.95,120.0
2025-12-13,wk inc flu hosp,1,2025-12-20,41,quantile,0.975,165.0
2025-12-13,wk inc flu hosp,1,2025-12-20,41,quantile,0.99,187.0
2025-12-13,wk inc flu hosp,1,2025-12-20,42,quantile,0.01,21.0
2025-12-13,wk inc flu hosp,1,2025-12-20,42,quantile,0.025,31.0
2025-12-13,wk inc flu hosp,1,2025-12-20,42,quantile,0.05,44.0
2025-12-13,wk inc flu hosp,1,2025-12-20,42,quantile,0.1,89.0
2025-12-13,wk inc flu hosp,1,2025-12-20,42,quantile,0.15,126.0
2025-12-13,wk inc flu hosp,1,2025-12-20,42,quantile,0.2,146.0
2025-12-13,wk inc flu hosp,1,2025-12-20,42,quantile,0.25,172.0
2025-12-13,wk inc flu hosp,1,2025-12-20,42,quantile,0.3,187.0
2025-12-13,wk inc flu hosp,1,2025-12-20,42,quantile,0.35,201.0
2025-12-13,wk inc flu hosp,1,2025-12-20,42,quantile,0.4,216.0
2025-12-13,wk inc flu hosp,1,2025-12-20,42,quantile,0.45,228.0
2025-12-13,wk inc flu hosp,1,2025-12-20,42,quantile,0.5,243.0
2025-12-13,wk inc flu hosp,1,2025-12-20,42,quantile,0.55,258.0
2025-12-13,wk inc flu hosp,1,2025-12-20,42,quantile,0.6,276.0
2025-12-13,wk inc flu hosp,1,2025-12-20,42,quantile,0.65,295.0
2025-12-13,wk inc flu hosp,1,2025-12-20,42,quantile,0.7,317.0
2025-12-13,wk inc flu hosp,1,2025-12-20,42,quantile,0.75,345.0
2025-12-13,wk inc flu hosp,1,2025-12-20,42,quantile,0.8,377.0
2025-12-13,wk inc flu hosp,1,2025-12-20,42,quantile,0.85,413.0
2025-12-13,wk inc flu hosp,1,2025-12-20,42,quantile,0.9,464.0
2025-12-13,wk inc flu hosp,1,2025-12-20,42,quantile,0.95,569.0
2025-12-13,wk inc flu hosp,1,2025-12-20,42,quantile,0.975,660.0
2025-12-13,wk inc flu hosp,1,2025-12-20,42,quantile,0.99,736.0
2025-12-13,wk inc flu hosp,1,2025-12-20,44,quantile,0.01,2.0
2025-12-13,wk inc flu hosp,1,2025-12-20,44,quantile,0.025,4.0
2025-12-13,wk inc flu hosp,1,2025-12-20,44,quantile,0.05,6.0
2025-12-13,wk inc flu hosp,1,2025-12-20,44,quantile,0.1,8.0
2025-12-13,wk inc flu hosp,1,2025-12-20,44,quantile,0.15,10.0
2025-12-13,wk inc flu hosp,1,2025-12-20,44,quantile,0.2,11.0
2025-12-13,wk inc flu hosp,1,2025-12-20,44,quantile,0.25,12.0
2025-12-13,wk inc flu hosp,1,2025-12-20,44,quantile,0.3,13.0
2025-12-13,wk inc flu hosp,1,2025-12-20,44,quantile,0.35,14.0
2025-12-13,wk inc flu hosp,1,2025-12-20,44,quantile,0.4,15.0
2025-12-13,wk inc flu hosp,1,2025-12-20,44,quantile,0.45,16.0
2025-12-13,wk inc flu hosp,1,2025-12-20,44,quantile,0.5,17.0
2025-12-13,wk inc flu hosp,1,2025-12-20,44,quantile,0.55,19.0
2025-12-13,wk inc flu hosp,1,2025-12-20,44,quantile,0.6,20.0
2025-12-13,wk inc flu hosp,1,2025-12-20,44,quantile,0.65,21.0
2025-12-13,wk inc flu hosp,1,2025-12-20,44,quantile,0.7,22.0
2025-12-13,wk inc flu hosp,1,2025-12-20,44,quantile,0.75,23.0
2025-12-13,wk inc flu hosp,1,2025-12-20,44,quantile,0.8,25.0
2025-12-13,wk inc flu hosp,1,2025-12-20,44,quantile,0.85,27.0
2025-12-13,wk inc flu hosp,1,2025-12-20,44,quantile,0.9,29.0
2025-12-13,wk inc flu hosp,1,2025-12-20,44,quantile,0.95,33.0
2025-12-13,wk inc flu hosp,1,2025-12-20,44,quantile,0.975,36.0
2025-12-13,wk inc flu hosp,1,2025-12-20,44,quantile,0.99,40.0
2025-12-13,wk inc flu hosp,1,2025-12-20,45,quantile,0.01,9.0
2025-12-13,wk inc flu hosp,1,2025-12-20,45,quantile,0.025,13.0
2025-12-13,wk inc flu hosp,1,2025-12-20,45,quantile,0.05,16.0
2025-12-13,wk inc flu hosp,1,2025-12-20,45,quantile,0.1,21.0
2025-12-13,wk inc flu hosp,1,2025-12-20,45,quantile,0.15,34.0
2025-12-13,wk inc flu hosp,1,2025-12-20,45,quantile,0.2,44.0
2025-12-13,wk inc flu hosp,1,2025-12-20,45,quantile,0.25,56.0
2025-12-13,wk inc flu hosp,1,2025-12-20,45,quantile,0.3,65.0
2025-12-13,wk inc flu hosp,1,2025-12-20,45,quantile,0.35,75.0
2025-12-13,wk inc flu hosp,1,2025-12-20,45,quantile,0.4,84.0
2025-12-13,wk inc flu hosp,1,2025-12-20,45,quantile,0.45,94.0
2025-12-13,wk inc flu hosp,1,2025-12-20,45,quantile,0.5,103.0
2025-12-13,wk inc flu hosp,1,2025-12-20,45,quantile,0.55,109.0
2025-12-13,wk inc flu hosp,1,2025-12-20,45,quantile,0.6,117.0
2025-12-13,wk inc flu hosp,1,2025-12-20,45,quantile,0.65,124.0
2025-12-13,wk inc flu hosp,1,2025-12-20,45,quantile,0.7,135.0
2025-12-13,wk inc flu hosp,1,2025-12-20,45,quantile,0.75,148.0
2025-12-13,wk inc flu hosp,1,2025-12-20,45,quantile,0.8,163.0
2025-12-13,wk inc flu hosp,1,2025-12-20,45,quantile,0.85,181.0
2025-12-13,wk inc flu hosp,1,2025-12-20,45,quantile,0.9,207.0
2025-12-13,wk inc flu hosp,1,2025-12-20,45,quantile,0.95,247.0
2025-12-13,wk inc flu hosp,1,2025-12-20,45,quantile,0.975,290.0
2025-12-13,wk inc flu hosp,1,2025-12-20,45,quantile,0.99,329.0
2025-12-13,wk inc flu hosp,1,2025-12-20,46,quantile,0.01,0.0
2025-12-13,wk inc flu hosp,1,2025-12-20,46,quantile,0.025,0.0
2025-12-13,wk inc flu hosp,1,2025-12-20,46,quantile,0.05,0.0
2025-12-13,wk inc flu hosp,1,2025-12-20,46,quantile,0.1,0.0
2025-12-13,wk inc flu hosp,1,2025-12-20,46,quantile,0.15,1.0
2025-12-13,wk inc flu hosp,1,2025-12-20,46,quantile,0.2,1.0
2025-12-13,wk inc flu hosp,1,2025-12-20,46,quantile,0.25,2.0
2025-12-13,wk inc flu hosp,1,2025-12-20,46,quantile,0.3,3.0
2025-12-13,wk inc flu hosp,1,2025-12-20,46,quantile,0.35,4.0
2025-12-13,wk inc flu hosp,1,2025-12-20,46,quantile,0.4,4.0
2025-12-13,wk inc flu hosp,1,2025-12-20,46,quantile,0.45,5.0
2025-12-13,wk inc flu hosp,1,2025-12-20,46,quantile,0.5,5.0
2025-12-13,wk inc flu hosp,1,2025-12-20,46,quantile,0.55,5.0
2025-12-13,wk inc flu hosp,1,2025-12-20,46,quantile,0.6,5.0
2025-12-13,wk inc flu hosp,1,2025-12-20,46,quantile,0.65,6.0
2025-12-13,wk inc flu hosp,1,2025-12-20,46,quantile,0.7,7.0
2025-12-13,wk inc flu hosp,1,2025-12-20,46,quantile,0.75,7.0
2025-12-13,wk inc flu hosp,1,2025-12-20,46,quantile,0.8,8.0
2025-12-13,wk inc flu hosp,1,2025-12-20,46,quantile,0.85,9.0
2025-12-13,wk inc flu hosp,1,2025-12-20,46,quantile,0.9,10.0
2025-12-13,wk inc flu hosp,1,2025-12-20,46,quantile,0.95,13.0
2025-12-13,wk inc flu hosp,1,2025-12-20,46,quantile,0.975,23.0
2025-12-13,wk inc flu hosp,1,2025-12-20,46,quantile,0.99,29.0
2025-12-13,wk inc flu hosp,1,2025-12-20,47,quantile,0.01,10.0
2025-12-13,wk inc flu hosp,1,2025-12-20,47,quantile,0.025,13.0
2025-12-13,wk inc flu hosp,1,2025-12-20,47,quantile,0.05,17.0
2025-12-13,wk inc flu hosp,1,2025-12-20,47,quantile,0.1,20.0
2025-12-13,wk inc flu hosp,1,2025-12-20,47,quantile,0.15,26.0
2025-12-13,wk inc flu hosp,1,2025-12-20,47,quantile,0.2,40.0
2025-12-13,wk inc flu hosp,1,2025-12-20,47,quantile,0.25,54.0
2025-12-13,wk inc flu hosp,1,2025-12-20,47,quantile,0.3,68.0
2025-12-13,wk inc flu hosp,1,2025-12-20,47,quantile,0.35,78.0
2025-12-13,wk inc flu hosp,1,2025-12-20,47,quantile,0.4,88.0
2025-12-13,wk inc flu hosp,1,2025-12-20,47,quantile,0.45,99.0
2025-12-13,wk inc flu hosp,1,2025-12-20,47,quantile,0.5,106.0
2025-12-13,wk inc flu hosp,1,2025-12-20,47,quantile,0.55,113.0
2025-12-13,wk inc flu hosp,1,2025-12-20,47,quantile,0.6,122.0
2025-12-13,wk inc flu hosp,1,2025-12-20,47,quantile,0.65,130.0
2025-12-13,wk inc flu hosp,1,2025-12-20,47,quantile,0.7,141.0
2025-12-13,wk inc flu hosp,1,2025-12-20,47,quantile,0.75,154.0
2025-12-13,wk inc flu hosp,1,2025-12-20,47,quantile,0.8,169.0
2025-12-13,wk inc flu hosp,1,2025-12-20,47,quantile,0.85,187.0
2025-12-13,wk inc flu hosp,1,2025-12-20,47,quantile,0.9,218.0
2025-12-13,wk inc flu hosp,1,2025-12-20,47,quantile,0.95,275.0
2025-12-13,wk inc flu hosp,1,2025-12-20,47,quantile,0.975,323.0
2025-12-13,wk inc flu hosp,1,2025-12-20,47,quantile,0.99,393.0
2025-12-13,wk inc flu hosp,1,2025-12-20,48,quantile,0.01,134.0
2025-12-13,wk inc flu hosp,1,2025-12-20,48,quantile,0.025,178.0
2025-12-13,wk inc flu hosp,1,2025-12-20,48,quantile,0.05,224.0
2025-12-13,wk inc flu hosp,1,2025-12-20,48,quantile,0.1,284.0
2025-12-13,wk inc flu hosp,1,2025-12-20,48,quantile,0.15,414.0
2025-12-13,wk inc flu hosp,1,2025-12-20,48,quantile,0.2,545.0
2025-12-13,wk inc flu hosp,1,2025-12-20,48,quantile,0.25,672.0
2025-12-13,wk inc flu hosp,1,2025-12-20,48,quantile,0.3,771.0
2025-12-13,wk inc flu hosp,1,2025-12-20,48,quantile,0.35,860.0
2025-12-13,wk inc flu hosp,1,2025-12-20,48,quantile,0.4,919.0
2025-12-13,wk inc flu hosp,1,2025-12-20,48,quantile,0.45,966.0
2025-12-13,wk inc flu hosp,1,2025-12-20,48,quantile,0.5,1023.0
2025-12-13,wk inc flu hosp,1,2025-12-20,48,quantile,0.55,1097.0
2025-12-13,wk inc flu hosp,1,2025-12-20,48,quantile,0.6,1179.0
2025-12-13,wk inc flu hosp,1,2025-12-20,48,quantile,0.65,1248.0
2025-12-13,wk inc flu hosp,1,2025-12-20,48,quantile,0.7,1325.0
2025-12-13,wk inc flu hosp,1,2025-12-20,48,quantile,0.75,1432.0
2025-12-13,wk inc flu hosp,1,2025-12-20,48,quantile,0.8,1568.0
2025-12-13,wk inc flu hosp,1,2025-12-20,48,quantile,0.85,1740.0
2025-12-13,wk inc flu hosp,1,2025-12-20,48,quantile,0.9,2002.0
2025-12-13,wk inc flu hosp,1,2025-12-20,48,quantile,0.95,2402.0
2025-12-13,wk inc flu hosp,1,2025-12-20,48,quantile,0.975,2755.0
2025-12-13,wk inc flu hosp,1,2025-12-20,48,quantile,0.99,3104.0
2025-12-13,wk inc flu hosp,1,2025-12-20,49,quantile,0.01,9.0
2025-12-13,wk inc flu hosp,1,2025-12-20,49,quantile,0.025,14.0
2025-12-13,wk inc flu hosp,1,2025-12-20,49,quantile,0.05,17.0
2025-12-13,wk inc flu hosp,1,2025-12-20,49,quantile,0.1,34.0
2025-12-13,wk inc flu hosp,1,2025-12-20,49,quantile,0.15,44.0
2025-12-13,wk inc flu hosp,1,2025-12-20,49,quantile,0.2,53.0
2025-12-13,wk inc flu hosp,1,2025-12-20,49,quantile,0.25,61.0
2025-12-13,wk inc flu hosp,1,2025-12-20,49,quantile,0.3,69.0
2025-12-13,wk inc flu hosp,1,2025-12-20,49,quantile,0.35,77.0
2025-12-13,wk inc flu hosp,1,2025-12-20,49,quantile,0.4,83.0
2025-12-13,wk inc flu hosp,1,2025-12-20,49,quantile,0.45,90.0
2025-12-13,wk inc flu hosp,1,2025-12-20,49,quantile,0.5,98.0
2025-12-13,wk inc flu hosp,1,2025-12-20,49,quantile,0.55,105.0
2025-12-13,wk inc flu hosp,1,2025-12-20,49,quantile,0.6,112.0
2025-12-13,wk inc flu hosp,1,2025-12-20,49,quantile,0.65,119.0
2025-12-13,wk inc flu hosp,1,2025-12-20,49,quantile,0.7,129.0
2025-12-13,wk inc flu hosp,1,2025-12-20,49,quantile,0.75,139.0
2025-12-13,wk inc flu hosp,1,2025-12-20,49,quantile,0.8,151.0
2025-12-13,wk inc flu hosp,1,2025-12-20,49,quantile,0.85,168.0
2025-12-13,wk inc flu hosp,1,2025-12-20,49,quantile,0.9,187.0
2025-12-13,wk inc flu hosp,1,2025-12-20,49,quantile,0.95,222.0
2025-12-13,wk inc flu hosp,1,2025-12-20,49,quantile,0.975,249.0
2025-12-13,wk inc flu hosp,1,2025-12-20,49,quantile,0.99,283.0
2025-12-13,wk inc flu hosp,1,2025-12-20,50,quantile,0.01,0.0
2025-12-13,wk inc flu hosp,1,2025-12-20,50,quantile,0.025,1.0
2025-12-13,wk inc flu hosp,1,2025-12-20,50,quantile,0.05,1.0
2025-12-13,wk inc flu hosp,1,2025-12-20,50,quantile,0.1,1.0
2025-12-13,wk inc flu hosp,1,2025-12-20,50,quantile,0.15,1.0
2025-12-13,wk inc flu hosp,1,2025-12-20,50,quantile,0.2,2.0
2025-12-13,wk inc flu hosp,1,2025-12-20,50,quantile,0.25,3.0
2025-12-13,wk inc flu hosp,1,2025-12-20,50,quantile,0.3,4.0
2025-12-13,wk inc flu hosp,1,2025-12-20,50,quantile,0.35,5.0
2025-12-13,wk inc flu hosp,1,2025-12-20,50,quantile,0.4,6.0
2025-12-13,wk inc flu hosp,1,2025-12-20,50,quantile,0.45,7.0
2025-12-13,wk inc flu hosp,1,2025-12-20,50,quantile,0.5,8.0
2025-12-13,wk inc flu hosp,1,2025-12-20,50,quantile,0.55,8.0
2025-12-13,wk inc flu hosp,1,2025-12-20,50,quantile,0.6,9.0
2025-12-13,wk inc flu hosp,1,2025-12-20,50,quantile,0.65,10.0
2025-12-13,wk inc flu hosp,1,2025-12-20,50,quantile,0.7,11.0
2025-12-13,wk inc flu hosp,1,2025-12-20,50,quantile,0.75,12.0
2025-12-13,wk inc flu hosp,1,2025-12-20,50,quantile,0.8,13.0
2025-12-13,wk inc flu hosp,1,2025-12-20,50,quantile,0.85,14.0
2025-12-13,wk inc flu hosp,1,2025-12-20,50,quantile,0.9,17.0
2025-12-13,wk inc flu hosp,1,2025-12-20,50,quantile,0.95,20.0
2025-12-13,wk inc flu hosp,1,2025-12-20,50,quantile,0.975,27.0
2025-12-13,wk inc flu hosp,1,2025-12-20,50,quantile,0.99,33.0
2025-12-13,wk inc flu hosp,1,2025-12-20,51,quantile,0.01,22.0
2025-12-13,wk inc flu hosp,1,2025-12-20,51,quantile,0.025,29.0
2025-12-13,wk inc flu hosp,1,2025-12-20,51,quantile,0.05,40.0
2025-12-13,wk inc flu hosp,1,2025-12-20,51,quantile,0.1,81.0
2025-12-13,wk inc flu hosp,1,2025-12-20,51,quantile,0.15,103.0
2025-12-13,wk inc flu hosp,1,2025-12-20,51,quantile,0.2,125.0
2025-12-13,wk inc flu hosp,1,2025-12-20,51,quantile,0.25,135.0
2025-12-13,wk inc flu hosp,1,2025-12-20,51,quantile,0.3,149.0
2025-12-13,wk inc flu hosp,1,2025-12-20,51,quantile,0.35,160.0
2025-12-13,wk inc flu hosp,1,2025-12-20,51,quantile,0.4,169.0
2025-12-13,wk inc flu hosp,1,2025-12-20,51,quantile,0.45,181.0
2025-12-13,wk inc flu hosp,1,2025-12-20,51,quantile,0.5,194.0
2025-12-13,wk inc flu hosp,1,2025-12-20,51,quantile,0.55,207.0
2025-12-13,wk inc flu hosp,1,2025-12-20,51,quantile,0.6,218.0
2025-12-13,wk inc flu hosp,1,2025-12-20,51,quantile,0.65,234.0
2025-12-13,wk inc flu hosp,1,2025-12-20,51,quantile,0.7,250.0
2025-12-13,wk inc flu hosp,1,2025-12-20,51,quantile,0.75,269.0
2025-12-13,wk inc flu hosp,1,2025-12-20,51,quantile,0.8,296.0
2025-12-13,wk inc flu hosp,1,2025-12-20,51,quantile,0.85,324.0
2025-12-13,wk inc flu hosp,1,2025-12-20,51,quantile,0.9,359.0
2025-12-13,wk inc flu hosp,1,2025-12-20,51,quantile,0.95,410.0
2025-12-13,wk inc flu hosp,1,2025-12-20,51,quantile,0.975,448.0
2025-12-13,wk inc flu hosp,1,2025-12-20,51,quantile,0.99,498.0
2025-12-13,wk inc flu hosp,1,2025-12-20,53,quantile,0.01,14.0
2025-12-13,wk inc flu hosp,1,2025-12-20,53,quantile,0.025,21.0
2025-12-13,wk inc flu hosp,1,2025-12-20,53,quantile,0.05,25.0
2025-12-13,wk inc flu hosp,1,2025-12-20,53,quantile,0.1,30.0
2025-12-13,wk inc flu hosp,1,2025-12-20,53,quantile,0.15,40.0
2025-12-13,wk inc flu hosp,1,2025-12-20,53,quantile,0.2,54.0
2025-12-13,wk inc flu hosp,1,2025-12-20,53,quantile,0.25,67.0
2025-12-13,wk inc flu hosp,1,2025-12-20,53,quantile,0.3,80.0
2025-12-13,wk inc flu hosp,1,2025-12-20,53,quantile,0.35,92.0
2025-12-13,wk inc flu hosp,1,2025-12-20,53,quantile,0.4,103.0
2025-12-13,wk inc flu hosp,1,2025-12-20,53,quantile,0.45,111.0
2025-12-13,wk inc flu hosp,1,2025-12-20,53,quantile,0.5,119.0
2025-12-13,wk inc flu hosp,1,2025-12-20,53,quantile,0.55,126.0
2025-12-13,wk inc flu hosp,1,2025-12-20,53,quantile,0.6,134.0
2025-12-13,wk inc flu hosp,1,2025-12-20,53,quantile,0.65,144.0
2025-12-13,wk inc flu hosp,1,2025-12-20,53,quantile,0.7,154.0
2025-12-13,wk inc flu hosp,1,2025-12-20,53,quantile,0.75,170.0
2025-12-13,wk inc flu hosp,1,2025-12-20,53,quantile,0.8,183.0
2025-12-13,wk inc flu hosp,1,2025-12-20,53,quantile,0.85,206.0
2025-12-13,wk inc flu hosp,1,2025-12-20,53,quantile,0.9,233.0
2025-12-13,wk inc flu hosp,1,2025-12-20,53,quantile,0.95,291.0
2025-12-13,wk inc flu hosp,1,2025-12-20,53,quantile,0.975,325.0
2025-12-13,wk inc flu hosp,1,2025-12-20,53,quantile,0.99,371.0
2025-12-13,wk inc flu hosp,1,2025-12-20,54,quantile,0.01,1.0
2025-12-13,wk inc flu hosp,1,2025-12-20,54,quantile,0.025,1.0
2025-12-13,wk inc flu hosp,1,2025-12-20,54,quantile,0.05,2.0
2025-12-13,wk inc flu hosp,1,2025-12-20,54,quantile,0.1,2.0
2025-12-13,wk inc flu hosp,1,2025-12-20,54,quantile,0.15,3.0
2025-12-13,wk inc flu hosp,1,2025-12-20,54,quantile,0.2,6.0
2025-12-13,wk inc flu hosp,1,2025-12-20,54,quantile,0.25,9.0
2025-12-13,wk inc flu hosp,1,2025-12-20,54,quantile,0.3,12.0
2025-12-13,wk inc flu hosp,1,2025-12-20,54,quantile,0.35,15.0
2025-12-13,wk inc flu hosp,1,2025-12-20,54,quantile,0.4,17.0
2025-12-13,wk inc flu hosp,1,2025-12-20,54,quantile,0.45,19.0
2025-12-13,wk inc flu hosp,1,2025-12-20,54,quantile,0.5,20.0
2025-12-13,wk inc flu hosp,1,2025-12-20,54,quantile,0.55,22.0
2025-12-13,wk inc flu hosp,1,2025-12-20,54,quantile,0.6,23.0
2025-12-13,wk inc flu hosp,1,2025-12-20,54,quantile,0.65,25.0
2025-12-13,wk inc flu hosp,1,2025-12-20,54,quantile,0.7,27.0
2025-12-13,wk inc flu hosp,1,2025-12-20,54,quantile,0.75,29.0
2025-12-13,wk inc flu hosp,1,2025-12-20,54,quantile,0.8,31.0
2025-12-13,wk inc flu hosp,1,2025-12-20,54,quantile,0.85,35.0
2025-12-13,wk inc flu hosp,1,2025-12-20,54,quantile,0.9,40.0
2025-12-13,wk inc flu hosp,1,2025-12-20,54,quantile,0.95,52.0
2025-12-13,wk inc flu hosp,1,2025-12-20,54,quantile,0.975,71.0
2025-12-13,wk inc flu hosp,1,2025-12-20,54,quantile,0.99,86.0
2025-12-13,wk inc flu hosp,1,2025-12-20,55,quantile,0.01,7.0
2025-12-13,wk inc flu hosp,1,2025-12-20,55,quantile,0.025,10.0
2025-12-13,wk inc flu hosp,1,2025-12-20,55,quantile,0.05,13.0
2025-12-13,wk inc flu hosp,1,2025-12-20,55,quantile,0.1,19.0
2025-12-13,wk inc flu hosp,1,2025-12-20,55,quantile,0.15,34.0
2025-12-13,wk inc flu hosp,1,2025-12-20,55,quantile,0.2,47.0
2025-12-13,wk inc flu hosp,1,2025-12-20,55,quantile,0.25,57.0
2025-12-13,wk inc flu hosp,1,2025-12-20,55,quantile,0.3,61.0
2025-12-13,wk inc flu hosp,1,2025-12-20,55,quantile,0.35,66.0
2025-12-13,wk inc flu hosp,1,2025-12-20,55,quantile,0.4,70.0
2025-12-13,wk inc flu hosp,1,2025-12-20,55,quantile,0.45,74.0
2025-12-13,wk inc flu hosp,1,2025-12-20,55,quantile,0.5,79.0
2025-12-13,wk inc flu hosp,1,2025-12-20,55,quantile,0.55,84.0
2025-12-13,wk inc flu hosp,1,2025-12-20,55,quantile,0.6,91.0
2025-12-13,wk inc flu hosp,1,2025-12-20,55,quantile,0.65,98.0
2025-12-13,wk inc flu hosp,1,2025-12-20,55,quantile,0.7,105.0
2025-12-13,wk inc flu hosp,1,2025-12-20,55,quantile,0.75,114.0
2025-12-13,wk inc flu hosp,1,2025-12-20,55,quantile,0.8,125.0
2025-12-13,wk inc flu hosp,1,2025-12-20,55,quantile,0.85,136.0
2025-12-13,wk inc flu hosp,1,2025-12-20,55,quantile,0.9,157.0
2025-12-13,wk inc flu hosp,1,2025-12-20,55,quantile,0.95,195.0
2025-12-13,wk inc flu hosp,1,2025-12-20,55,quantile,0.975,237.0
2025-12-13,wk inc flu hosp,1,2025-12-20,55,quantile,0.99,285.0
2025-12-13,wk inc flu hosp,1,2025-12-20,56,quantile,0.01,0.0
2025-12-13,wk inc flu hosp,1,2025-12-20,56,quantile,0.025,0.0
2025-12-13,wk inc flu hosp,1,2025-12-20,56,quantile,0.05,0.0
2025-12-13,wk inc flu hosp,1,2025-12-20,56,quantile,0.1,0.0
2025-12-13,wk inc flu hosp,1,2025-12-20,56,quantile,0.15,0.0
2025-12-13,wk inc flu hosp,1,2025-12-20,56,quantile,0.2,0.0
2025-12-13,wk inc flu hosp,1,2025-12-20,56,quantile,0.25,0.0
2025-12-13,wk inc flu hosp,1,2025-12-20,56,quantile,0.3,0.0
2025-12-13,wk inc flu hosp,1,2025-12-20,56,quantile,0.35,0.0
2025-12-13,wk inc flu hosp,1,2025-12-20,56,quantile,0.4,0.0
2025-12-13,wk inc flu hosp,1,2025-12-20,56,quantile,0.45,0.0
2025-12-13,wk inc flu hosp,1,2025-12-20,56,quantile,0.5,0.0
2025-12-13,wk inc flu hosp,1,2025-12-20,56,quantile,0.55,0.0
2025-12-13,wk inc flu hosp,1,2025-12-20,56,quantile,0.6,0.0
2025-12-13,wk inc flu hosp,1,2025-12-20,56,quantile,0.65,0.0
2025-12-13,wk inc flu hosp,1,2025-12-20,56,quantile,0.7,0.0
2025-12-13,wk inc flu hosp,1,2025-12-20,56,quantile,0.75,0.0
2025-12-13,wk inc flu hosp,1,2025-12-20,56,quantile,0.8,1.0
2025-12-13,wk inc flu hosp,1,2025-12-20,56,quantile,0.85,1.0
2025-12-13,wk inc flu hosp,1,2025-12-20,56,quantile,0.9,1.0
2025-12-13,wk inc flu hosp,1,2025-12-20,56,quantile,0.95,4.0
2025-12-13,wk inc flu hosp,1,2025-12-20,56,quantile,0.975,7.0
2025-12-13,wk inc flu hosp,1,2025-12-20,56,quantile,0.99,9.0
2025-12-13,wk inc flu hosp,1,2025-12-20,US,quantile,0.01,882.0
2025-12-13,wk inc flu hosp,1,2025-12-20,US,quantile,0.025,1656.0
2025-12-13,wk inc flu hosp,1,2025-12-20,US,quantile,0.05,2922.0
2025-12-13,wk inc flu hosp,1,2025-12-20,US,quantile,0.1,4109.0
2025-12-13,wk inc flu hosp,1,2025-12-20,US,quantile,0.15,4728.0
2025-12-13,wk inc flu hosp,1,2025-12-20,US,quantile,0.2,5264.0
2025-12-13,wk inc flu hosp,1,2025-12-20,US,quantile,0.25,5671.0
2025-12-13,wk inc flu hosp,1,2025-12-20,US,quantile,0.3,6174.0
2025-12-13,wk inc flu hosp,1,2025-12-20,US,quantile,0.35,6627.0
2025-12-13,wk inc flu hosp,1,2025-12-20,US,quantile,0.4,7037.0
2025-12-13,wk inc flu hosp,1,2025-12-20,US,quantile,0.45,7525.0
2025-12-13,wk inc flu hosp,1,2025-12-20,US,quantile,0.5,8053.0
2025-12-13,wk inc flu hosp,1,2025-12-20,US,quantile,0.55,8638.0
2025-12-13,wk inc flu hosp,1,2025-12-20,US,quantile,0.6,9188.0
2025-12-13,wk inc flu hosp,1,2025-12-20,US,quantile,0.65,9692.0
2025-12-13,wk inc flu hosp,1,2025-12-20,US,quantile,0.7,10435.0
2025-12-13,wk inc flu hosp,1,2025-12-20,US,quantile,0.75,11473.0
2025-12-13,wk inc flu hosp,1,2025-12-20,US,quantile,0.8,12285.0
2025-12-13,wk inc flu hosp,1,2025-12-20,US,quantile,0.85,13051.0
2025-12-13,wk inc flu hosp,1,2025-12-20,US,quantile,0.9,14176.0
2025-12-13,wk inc flu hosp,1,2025-12-20,US,quantile,0.95,15888.0
2025-12-13,wk inc flu hosp,1,2025-12-20,US,quantile,0.975,17580.0
2025-12-13,wk inc flu hosp,1,2025-12-20,US,quantile,0.99,19488.0
2025-12-13,wk inc flu hosp,2,2025-12-27,01,quantile,0.01,8.0
2025-12-13,wk inc flu hosp,2,2025-12-27,01,quantile,0.025,10.0
2025-12-13,wk inc flu hosp,2,2025-12-27,01,quantile,0.05,13.0
2025-12-13,wk inc flu hosp,2,2025-12-27,01,quantile,0.1,16.0
2025-12-13,wk inc flu hosp,2,2025-12-27,01,quantile,0.15,28.0
2025-12-13,wk inc flu hosp,2,2025-12-27,01,quantile,0.2,53.0
2025-12-13,wk inc flu hosp,2,2025-12-27,01,quantile,0.25,58.0
2025-12-13,wk inc flu hosp,2,2025-12-27,01,quantile,0.3,63.0
2025-12-13,wk inc flu hosp,2,2025-12-27,01,quantile,0.35,68.0
2025-12-13,wk inc flu hosp,2,2025-12-27,01,quantile,0.4,74.0
2025-12-13,wk inc flu hosp,2,2025-12-27,01,quantile,0.45,81.0
2025-12-13,wk inc flu hosp,2,2025-12-27,01,quantile,0.5,88.0
2025-12-13,wk inc flu hosp,2,2025-12-27,01,quantile,0.55,97.0
2025-12-13,wk inc flu hosp,2,2025-12-27,01,quantile,0.6,105.0
2025-12-13,wk inc flu hosp,2,2025-12-27,01,quantile,0.65,114.0
2025-12-13,wk inc flu hosp,2,2025-12-27,01,quantile,0.7,123.0
2025-12-13,wk inc flu hosp,2,2025-12-27,01,quantile,0.75,137.0
2025-12-13,wk inc flu hosp,2,2025-12-27,01,quantile,0.8,155.0
2025-12-13,wk inc flu hosp,2,2025-12-27,01,quantile,0.85,176.0
2025-12-13,wk inc flu hosp,2,2025-12-27,01,quantile,0.9,210.0
2025-12-13,wk inc flu hosp,2,2025-12-27,01,quantile,0.95,266.0
2025-12-13,wk inc flu hosp,2,2025-12-27,01,quantile,0.975,318.0
2025-12-13,wk inc flu hosp,2,2025-12-27,01,quantile,0.99,381.0
2025-12-13,wk inc flu hosp,2,2025-12-27,02,quantile,0.01,1.0
2025-12-13,wk inc flu hosp,2,2025-12-27,02,quantile,0.025,2.0
2025-12-13,wk inc flu hosp,2,2025-12-27,02,quantile,0.05,2.0
2025-12-13,wk inc flu hosp,2,2025-12-27,02,quantile,0.1,4.0
2025-12-13,wk inc flu hosp,2,2025-12-27,02,quantile,0.15,4.0
2025-12-13,wk inc flu hosp,2,2025-12-27,02,quantile,0.2,7.0
2025-12-13,wk inc flu hosp,2,2025-12-27,02,quantile,0.25,9.0
2025-12-13,wk inc flu hosp,2,2025-12-27,02,quantile,0.3,12.0
2025-12-13,wk inc flu hosp,2,2025-12-27,02,quantile,0.35,14.0
2025-12-13,wk inc flu hosp,2,2025-12-27,02,quantile,0.4,16.0
2025-12-13,wk inc flu hosp,2,2025-12-27,02,quantile,0.45,18.0
2025-12-13,wk inc flu hosp,2,2025-12-27,02,quantile,0.5,19.0
2025-12-13,wk inc flu hosp,2,2025-12-27,02,quantile,0.55,21.0
2025-12-13,wk inc flu hosp,2,2025-12-27,02,quantile,0.6,24.0
2025-12-13,wk inc flu hosp,2,2025-12-27,02,quantile,0.65,26.0
2025-12-13,wk inc flu hosp,2,2025-12-27,02,quantile,0.7,28.0
2025-12-13,wk inc flu hosp,2,2025-12-27,02,quantile,0.75,30.0
2025-12-13,wk inc flu hosp,2,2025-12-27,02,quantile,0.8,33.0
2025-12-13,wk inc flu hosp,2,2025-12-27,02,quantile,0.85,36.0
2025-12-13,wk inc flu hosp,2,2025-12-27,02,quantile,0.9,40.0
2025-12-13,wk inc flu hosp,2,2025-12-27,02,quantile,0.95,48.0
2025-12-13,wk inc flu hosp,2,2025-12-27,02,quantile,0.975,54.0
2025-12-13,wk inc flu hosp,2,2025-12-27,02,quantile,0.99,61.0
2025-12-13,wk inc flu hosp,2,2025-12-27,04,quantile,0.01,8.0
2025-12-13,wk inc flu hosp,2,2025-12-27,04,quantile,0.025,11.0
2025-12-13,wk inc flu hosp,2,2025-12-27,04,quantile,0.05,14.0
2025-12-13,wk inc flu hosp,2,2025-12-27,04,quantile,0.1,16.0
2025-12-13,wk inc flu hosp,2,2025-12-27,04,quantile,0.15,19.0
2025-12-13,wk inc flu hosp,2,2025-12-27,04,quantile,0.2,34.0
2025-12-13,wk inc flu hosp,2,2025-12-27,04,quantile,0.25,50.0
2025-12-13,wk inc flu hosp,2,2025-12-27,04,quantile,0.3,64.0
2025-12-13,wk inc flu hosp,2,2025-12-27,04,quantile,0.35,70.0
2025-12-13,wk inc flu hosp,2,2025-12-27,04,quantile,0.4,76.0
2025-12-13,wk inc flu hosp,2,2025-12-27,04,quantile,0.45,82.0
2025-12-13,wk inc flu hosp,2,2025-12-27,04,quantile,0.5,90.0
2025-12-13,wk inc flu hosp,2,2025-12-27,04,quantile,0.55,97.0
2025-12-13,wk inc flu hosp,2,2025-12-27,04,quantile,0.6,104.0
2025-12-13,wk inc flu hosp,2,2025-12-27,04,quantile,0.65,113.0
2025-12-13,wk inc flu hosp,2,2025-12-27,04,quantile,0.7,124.0
2025-12-13,wk inc flu hosp,2,2025-12-27,04,quantile,0.75,139.0
2025-12-13,wk inc flu hosp,2,2025-12-27,04,quantile,0.8,155.0
2025-12-13,wk inc flu hosp,2,2025-12-27,04,quantile,0.85,172.0
2025-12-13,wk inc flu hosp,2,2025-12-27,04,quantile,0.9,205.0
2025-12-13,wk inc flu hosp,2,2025-12-27,04,quantile,0.95,277.0
2025-12-13,wk inc flu hosp,2,2025-12-27,04,quantile,0.975,341.0
2025-12-13,wk inc flu hosp,2,2025-12-27,04,quantile,0.99,433.0
2025-12-13,wk inc flu hosp,2,2025-12-27,05,quantile,0.01,4.0
2025-12-13,wk inc flu hosp,2,2025-12-27,05,quantile,0.025,5.0
2025-12-13,wk inc flu hosp,2,2025-12-27,05,quantile,0.05,6.0
2025-12-13,wk inc flu hosp,2,2025-12-27,05,quantile,0.1,7.0
2025-12-13,wk inc flu hosp,2,2025-12-27,05,quantile,0.15,11.0
2025-12-13,wk inc flu hosp,2,2025-12-27,05,quantile,0.2,18.0
2025-12-13,wk inc flu hosp,2,2025-12-27,05,quantile,0.25,21.0
2025-12-13,wk inc flu hosp,2,2025-12-27,05,quantile,0.3,23.0
2025-12-13,wk inc flu hosp,2,2025-12-27,05,quantile,0.35,25.0
2025-12-13,wk inc flu hosp,2,2025-12-27,05,quantile,0.4,27.0
2025-12-13,wk inc flu hosp,2,2025-12-27,05,quantile,0.45,30.0
2025-12-13,wk inc flu hosp,2,2025-12-27,05,quantile,0.5,32.0
2025-12-13,wk inc flu hosp,2,2025-12-27,05,quantile,0.55,35.0
2025-12-13,wk inc flu hosp,2,2025-12-27,05,quantile,0.6,38.0
2025-12-13,wk inc flu hosp,2,2025-12-27,05,quantile,0.65,41.0
2025-12-13,wk inc flu hosp,2,2025-12-27,05,quantile,0.7,45.0
2025-12-13,wk inc flu hosp,2,2025-12-27,05,quantile,0.75,51.0
2025-12-13,wk inc flu hosp,2,2025-12-27,05,quantile,0.8,57.0
2025-12-13,wk inc flu hosp,2,2025-12-27,05,quantile,0.85,66.0
2025-12-13,wk inc flu hosp,2,2025-12-27,05,quantile,0.9,79.0
2025-12-13,wk inc flu hosp,2,2025-12-27,05,quantile,0.95,111.0
2025-12-13,wk inc flu hosp,2,2025-12-27,05,quantile,0.975,138.0
2025-12-13,wk inc flu hosp,2,2025-12-27,05,quantile,0.99,168.0
2025-12-13,wk inc flu hosp,2,2025-12-27,06,quantile,0.01,28.0
2025-12-13,wk inc flu hosp,2,2025-12-27,06,quantile,0.025,38.0
2025-12-13,wk inc flu hosp,2,2025-12-27,06,quantile,0.05,49.0
2025-12-13,wk inc flu hosp,2,2025-12-27,06,quantile,0.1,59.0
2025-12-13,wk inc flu hosp,2,2025-12-27,06,quantile,0.15,74.0
2025-12-13,wk inc flu hosp,2,2025-12-27,06,quantile,0.2,143.0
2025-12-13,wk inc flu hosp,2,2025-12-27,06,quantile,0.25,203.0
2025-12-13,wk inc flu hosp,2,2025-12-27,06,quantile,0.3,237.0
2025-12-13,wk inc flu hosp,2,2025-12-27,06,quantile,0.35,256.0
2025-12-13,wk inc flu hosp,2,2025-12-27,06,quantile,0.4,279.0
2025-12-13,wk inc flu hosp,2,2025-12-27,06,quantile,0.45,303.0
2025-12-13,wk inc flu hosp,2,2025-12-27,06,quantile,0.5,330.0
2025-12-13,wk inc flu hosp,2,2025-12-27,06,quantile,0.55,354.0
2025-12-13,wk inc flu hosp,2,2025-12-27,06,quantile,0.6,386.0
2025-12-13,wk inc flu hosp,2,2025-12-27,06,quantile,0.65,416.0
2025-12-13,wk inc flu hosp,2,2025-12-27,06,quantile,0.7,462.0
2025-12-13,wk inc flu hosp,2,2025-12-27,06,quantile,0.75,511.0
2025-12-13,wk inc flu hosp,2,2025-12-27,06,quantile,0.8,570.0
2025-12-13,wk inc flu hosp,2,2025-12-27,06,quantile,0.85,661.0
2025-12-13,wk inc flu hosp,2,2025-12-27,06,quantile,0.9,812.0
2025-12-13,wk inc flu hosp,2,2025-12-27,06,quantile,0.95,1111.0
2025-12-13,wk inc flu hosp,2,2025-12-27,06,quantile,0.975,1343.0
2025-12-13,wk inc flu hosp,2,2025-12-27,06,quantile,0.99,1505.0
2025-12-13,wk inc flu hosp,2,2025-12-27,08,quantile,0.01,40.0
2025-12-13,wk inc flu hosp,2,2025-12-27,08,quantile,0.025,65.0
2025-12-13,wk inc flu hosp,2,2025-12-27,08,quantile,0.05,86.0
2025-12-13,wk inc flu hosp,2,2025-12-27,08,quantile,0.1,111.0
2025-12-13,wk inc flu hosp,2,2025-12-27,08,quantile,0.15,134.0
2025-12-13,wk inc flu hosp,2,2025-12-27,08,quantile,0.2,151.0
2025-12-13,wk inc flu hosp,2,2025-12-27,08,quantile,0.25,164.0
2025-12-13,wk inc flu hosp,2,2025-12-27,08,quantile,0.3,176.0
2025-12-13,wk inc flu hosp,2,2025-12-27,08,quantile,0.35,186.0
2025-12-13,wk inc flu hosp,2,2025-12-27,08,quantile,0.4,199.0
2025-12-13,wk inc flu hosp,2,2025-12-27,08,quantile,0.45,211.0
2025-12-13,wk inc flu hosp,2,2025-12-27,08,quantile,0.5,223.0
2025-12-13,wk inc flu hosp,2,2025-12-27,08,quantile,0.55,234.0
2025-12-13,wk inc flu hosp,2,2025-12-27,08,quantile,0.6,245.0
2025-12-13,wk inc flu hosp,2,2025-12-27,08,quantile,0.65,259.0
2025-12-13,wk inc flu hosp,2,2025-12-27,08,quantile,0.7,274.0
2025-12-13,wk inc flu hosp,2,2025-12-27,08,quantile,0.75,291.0
2025-12-13,wk inc flu hosp,2,2025-12-27,08,quantile,0.8,309.0
2025-12-13,wk inc flu hosp,2,2025-12-27,08,quantile,0.85,329.0
2025-12-13,wk inc flu hosp,2,2025-12-27,08,quantile,0.9,352.0
2025-12-13,wk inc flu hosp,2,2025-12-27,08,quantile,0.95,395.0
2025-12-13,wk inc flu hosp,2,2025-12-27,08,quantile,0.975,433.0
2025-12-13,wk inc flu hosp,2,2025-12-27,08,quantile,0.99,462.0
2025-12-13,wk inc flu hosp,2,2025-12-27,09,quantile,0.01,22.0
2025-12-13,wk inc flu hosp,2,2025-12-27,09,quantile,0.025,34.0
2025-12-13,wk inc flu hosp,2,2025-12-27,09,quantile,0.05,45.0
2025-12-13,wk inc flu hosp,2,2025-12-27,09,quantile,0.1,61.0
2025-12-13,wk inc flu hosp,2,2025-12-27,09,quantile,0.15,71.0
2025-12-13,wk inc flu hosp,2,2025-12-27,09,quantile,0.2,81.0
2025-12-13,wk inc flu hosp,2,2025-12-27,09,quantile,0.25,90.0
2025-12-13,wk inc flu hosp,2,2025-12-27,09,quantile,0.3,97.0
2025-12-13,wk inc flu hosp,2,2025-12-27,09,quantile,0.35,104.0
2025-12-13,wk inc flu hosp,2,2025-12-27,09,quantile,0.4,111.0
2025-12-13,wk inc flu hosp,2,2025-12-27,09,quantile,0.45,118.0
2025-12-13,wk inc flu hosp,2,2025-12-27,09,quantile,0.5,124.0
2025-12-13,wk inc flu hosp,2,2025-12-27,09,quantile,0.55,131.0
2025-12-13,wk inc flu hosp,2,2025-12-27,09,quantile,0.6,138.0
2025-12-13,wk inc flu hosp,2,2025-12-27,09,quantile,0.65,146.0
2025-12-13,wk inc flu hosp,2,2025-12-27,09,quantile,0.7,154.0
2025-12-13,wk inc flu hosp,2,2025-12-27,09,quantile,0.75,163.0
2025-12-13,wk inc flu hosp,2,2025-12-27,09,quantile,0.8,174.0
2025-12-13,wk inc flu hosp,2,2025-12-27,09,quantile,0.85,185.0
2025-12-13,wk inc flu hosp,2,2025-12-27,09,quantile,0.9,204.0
2025-12-13,wk inc flu hosp,2,2025-12-27,09,quantile,0.95,225.0
2025-12-13,wk inc flu hosp,2,2025-12-27,09,quantile,0.975,249.0
2025-12-13,wk inc flu hosp,2,2025-12-27,09,quantile,0.99,269.0
2025-12-13,wk inc flu hosp,2,2025-12-27,10,quantile,0.01,1.0
2025-12-13,wk inc flu hosp,2,2025-12-27,10,quantile,0.025,2.0
2025-12-13,wk inc flu hosp,2,2025-12-27,10,quantile,0.05,3.0
2025-12-13,wk inc flu hosp,2,2025-12-27,10,quantile,0.1,3.0
2025-12-13,wk inc flu hosp,2,2025-12-27,10,quantile,0.15,4.0
2025-12-13,wk inc flu hosp,2,2025-12-27,10,quantile,0.2,6.0
2025-12-13,wk inc flu hosp,2,2025-12-27,10,quantile,0.25,9.0
2025-12-13,wk inc flu hosp,2,2025-12-27,10,quantile,0.3,11.0
2025-12-13,wk inc flu hosp,2,2025-12-27,10,quantile,0.35,14.0
2025-12-13,wk inc flu hosp,2,2025-12-27,10,quantile,0.4,16.0
2025-12-13,wk inc flu hosp,2,2025-12-27,10,quantile,0.45,19.0
2025-12-13,wk inc flu hosp,2,2025-12-27,10,quantile,0.5,21.0
2025-12-13,wk inc flu hosp,2,2025-12-27,10,quantile,0.55,23.0
2025-12-13,wk inc flu hosp,2,2025-12-27,10,quantile,0.6,24.0
2025-12-13,wk inc flu hosp,2,2025-12-27,10,quantile,0.65,27.0
2025-12-13,wk inc flu hosp,2,2025-12-27,10,quantile,0.7,29.0
2025-12-13,wk inc flu hosp,2,2025-12-27,10,quantile,0.75,31.0
2025-12-13,wk inc flu hosp,2,2025-12-27,10,quantile,0.8,35.0
2025-12-13,wk inc flu hosp,2,2025-12-27,10,quantile,0.85,39.0
2025-12-13,wk inc flu hosp,2,2025-12-27,10,quantile,0.9,44.0
2025-12-13,wk inc flu hosp,2,2025-12-27,10,quantile,0.95,54.0
2025-12-13,wk inc flu hosp,2,2025-12-27,10,quantile,0.975,64.0
2025-12-13,wk inc flu hosp,2,2025-12-27,10,quantile,0.99,75.0
2025-12-13,wk inc flu hosp,2,2025-12-27,11,quantile,0.01,1.0
2025-12-13,wk inc flu hosp,2,2025-12-27,11,quantile,0.025,2.0
2025-12-13,wk inc flu hosp,2,2025-12-27,11,quantile,0.05,2.0
2025-12-13,wk inc flu hosp,2,2025-12-27,11,quantile,0.1,3.0
2025-12-13,wk inc flu hosp,2,2025-12-27,11,quantile,0.15,6.0
2025-12-13,wk inc flu hosp,2,2025-12-27,11,quantile,0.2,8.0
2025-12-13,wk inc flu hosp,2,2025-12-27,11,quantile,0.25,9.0
2025-12-13,wk inc flu hosp,2,2025-12-27,11,quantile,0.3,10.0
2025-12-13,wk inc flu hosp,2,2025-12-27,11,quantile,0.35,12.0
2025-12-13,wk inc flu hosp,2,2025-12-27,11,quantile,0.4,14.0
2025-12-13,wk inc flu hosp,2,2025-12-27,11,quantile,0.45,15.0
2025-12-13,wk inc flu hosp,2,2025-12-27,11,quantile,0.5,16.0
2025-12-13,wk inc flu hosp,2,2025-12-27,11,quantile,0.55,18.0
2025-12-13,wk inc flu hosp,2,2025-12-27,11,quantile,0.6,20.0
2025-12-13,wk inc flu hosp,2,2025-12-27,11,quantile,0.65,21.0
2025-12-13,wk inc flu hosp,2,2025-12-27,11,quantile,0.7,22.0
2025-12-13,wk inc flu hosp,2,2025-12-27,11,quantile,0.75,24.0
2025-12-13,wk inc flu hosp,2,2025-12-27,11,quantile,0.8,26.0
2025-12-13,wk inc flu hosp,2,2025-12-27,11,quantile,0.85,28.0
2025-12-13,wk inc flu hosp,2,2025-12-27,11,quantile,0.9,32.0
2025-12-13,wk inc flu hosp,2,2025-12-27,11,quantile,0.95,37.0
2025-12-13,wk inc flu hosp,2,2025-12-27,11,quantile,0.975,41.0
2025-12-13,wk inc flu hosp,2,2025-12-27,11,quantile,0.99,44.0
2025-12-13,wk inc flu hosp,2,2025-12-27,12,quantile,0.01,87.0
2025-12-13,wk inc flu hosp,2,2025-12-27,12,quantile,0.025,204.0
2025-12-13,wk inc flu hosp,2,2025-12-27,12,quantile,0.05,279.0
2025-12-13,wk inc flu hosp,2,2025-12-27,12,quantile,0.1,344.0
2025-12-13,wk inc flu hosp,2,2025-12-27,12,quantile,0.15,394.0
2025-12-13,wk inc flu hosp,2,2025-12-27,12,quantile,0.2,429.0
2025-12-13,wk inc flu hosp,2,2025-12-27,12,quantile,0.25,470.0
2025-12-13,wk inc flu hosp,2,2025-12-27,12,quantile,0.3,510.0
2025-12-13,wk inc flu hosp,2,2025-12-27,12,quantile,0.35,547.0
2025-12-13,wk inc flu hosp,2,2025-12-27,12,quantile,0.4,585.0
2025-12-13,wk inc flu hosp,2,2025-12-27,12,quantile,0.45,625.0
2025-12-13,wk inc flu hosp,2,2025-12-27,12,quantile,0.5,666.0
2025-12-13,wk inc flu hosp,2,2025-12-27,12,quantile,0.55,719.0
2025-12-13,wk inc flu hosp,2,2025-12-27,12,quantile,0.6,781.0
2025-12-13,wk inc flu hosp,2,2025-12-27,12,quantile,0.65,834.0
2025-12-13,wk inc flu hosp,2,2025-12-27,12,quantile,0.7,896.0
2025-12-13,wk inc flu hosp,2,2025-12-27,12,quantile,0.75,983.0
2025-12-13,wk inc flu hosp,2,2025-12-27,12,quantile,0.8,1066.0
2025-12-13,wk inc flu hosp,2,2025-12-27,12,quantile,0.85,1134.0
2025-12-13,wk inc flu hosp,2,2025-12-27,12,quantile,0.9,1216.0
2025-12-13,wk inc flu hosp,2,2025-12-27,12,quantile,0.95,1373.0
2025-12-13,wk inc flu hosp,2,2025-12-27,12,quantile,0.975,1497.0
2025-12-13,wk inc flu hosp,2,2025-12-27,12,quantile,0.99,1681.0
2025-12-13,wk inc flu hosp,2,2025-12-27,13,quantile,0.01,21.0
2025-12-13,wk inc flu hosp,2,2025-12-27,13,quantile,0.025,28.0
2025-12-13,wk inc flu hosp,2,2025-12-27,13,quantile,0.05,34.0
2025-12-13,wk inc flu hosp,2,2025-12-27,13,quantile,0.1,42.0
2025-12-13,wk inc flu hosp,2,2025-12-27,13,quantile,0.15,67.0
2025-12-13,wk inc flu hosp,2,2025-12-27,13,quantile,0.2,97.0
2025-12-13,wk inc flu hosp,2,2025-12-27,13,quantile,0.25,127.0
2025-12-13,wk inc flu hosp,2,2025-12-27,13,quantile,0.3,149.0
2025-12-13,wk inc flu hosp,2,2025-12-27,13,quantile,0.35,172.0
2025-12-13,wk inc flu hosp,2,2025-12-27,13,quantile,0.4,191.0
2025-12-13,wk inc flu hosp,2,2025-12-27,13,quantile,0.45,208.0
2025-12-13,wk inc flu hosp,2,2025-12-27,13,quantile,0.5,229.0
2025-12-13,wk inc flu hosp,2,2025-12-27,13,quantile,0.55,246.0
2025-12-13,wk inc flu hosp,2,2025-12-27,13,quantile,0.6,263.0
2025-12-13,wk inc flu hosp,2,2025-12-27,13,quantile,0.65,282.0
2025-12-13,wk inc flu hosp,2,2025-12-27,13,quantile,0.7,307.0
2025-12-13,wk inc flu hosp,2,2025-12-27,13,quantile,0.75,338.0
2025-12-13,wk inc flu hosp,2,2025-12-27,13,quantile,0.8,373.0
2025-12-13,wk inc flu hosp,2,2025-12-27,13,quantile,0.85,417.0
2025-12-13,wk inc flu hosp,2,2025-12-27,13,quantile,0.9,464.0
2025-12-13,wk inc flu hosp,2,2025-12-27,13,quantile,0.95,522.0
2025-12-13,wk inc flu hosp,2,2025-12-27,13,quantile,0.975,573.0
2025-12-13,wk inc flu hosp,2,2025-12-27,13,quantile,0.99,636.0
2025-12-13,wk inc flu hosp,2,2025-12-27,15,quantile,0.01,12.0
2025-12-13,wk inc flu hosp,2,2025-12-27,15,quantile,0.025,16.0
2025-12-13,wk inc flu hosp,2,2025-12-27,15,quantile,0.05,31.0
2025-12-13,wk inc flu hosp,2,2025-12-27,15,quantile,0.1,45.0
2025-12-13,wk inc flu hosp,2,2025-12-27,15,quantile,0.15,56.0
2025-12-13,wk inc flu hosp,2,2025-12-27,15,quantile,0.2,64.0
2025-12-13,wk inc flu hosp,2,2025-12-27,15,quantile,0.25,71.0
2025-12-13,wk inc flu hosp,2,2025-12-27,15,quantile,0.3,78.0
2025-12-13,wk inc flu hosp,2,2025-12-27,15,quantile,0.35,84.0
2025-12-13,wk inc flu hosp,2,2025-12-27,15,quantile,0.4,91.0
2025-12-13,wk inc flu hosp,2,2025-12-27,15,quantile,0.45,97.0
2025-12-13,wk inc flu hosp,2,2025-12-27,15,quantile,0.5,104.0
2025-12-13,wk inc flu hosp,2,2025-12-27,15,quantile,0.55,111.0
2025-12-13,wk inc flu hosp,2,2025-12-27,15,quantile,0.6,117.0
2025-12-13,wk inc flu hosp,2,2025-12-27,15,quantile,0.65,123.0
2025-12-13,wk inc flu hosp,2,2025-12-27,15,quantile,0.7,131.0
2025-12-13,wk inc flu hosp,2,2025-12-27,15,quantile,0.75,140.0
2025-12-13,wk inc flu hosp,2,2025-12-27,15,quantile,0.8,150.0
2025-12-13,wk inc flu hosp,2,2025-12-27,15,quantile,0.85,159.0
2025-12-13,wk inc flu hosp,2,2025-12-27,15,quantile,0.9,173.0
2025-12-13,wk inc flu hosp,2,2025-12-27,15,quantile,0.95,195.0
2025-12-13,wk inc flu hosp,2,2025-12-27,15,quantile,0.975,219.0
2025-12-13,wk inc flu hosp,2,2025-12-27,15,quantile,0.99,237.0
2025-12-13,wk inc flu hosp,2,2025-12-27,16,quantile,0.01,5.0
2025-12-13,wk inc flu hosp,2,2025-12-27,16,quantile,0.025,8.0
2025-12-13,wk inc flu hosp,2,2025-12-27,16,quantile,0.05,9.0
2025-12-13,wk inc flu hosp,2,2025-12-27,16,quantile,0.1,12.0
2025-12-13,wk inc flu hosp,2,2025-12-27,16,quantile,0.15,19.0
2025-12-13,wk inc flu hosp,2,2025-12-27,16,quantile,0.2,25.0
2025-12-13,wk inc flu hosp,2,2025-12-27,16,quantile,0.25,30.0
2025-12-13,wk inc flu hosp,2,2025-12-27,16,quantile,0.3,34.0
2025-12-13,wk inc flu hosp,2,2025-12-27,16,quantile,0.35,38.0
2025-12-13,wk inc flu hosp,2,2025-12-27,16,quantile,0.4,42.0
2025-12-13,wk inc flu hosp,2,2025-12-27,16,quantile,0.45,45.0
2025-12-13,wk inc flu hosp,2,2025-12-27,16,quantile,0.5,50.0
2025-12-13,wk inc flu hosp,2,2025-12-27,16,quantile,0.55,54.0
2025-12-13,wk inc flu hosp,2,2025-12-27,16,quantile,0.6,58.0
2025-12-13,wk inc flu hosp,2,2025-12-27,16,quantile,0.65,62.0
2025-12-13,wk inc flu hosp,2,2025-12-27,16,quantile,0.7,67.0
2025-12-13,wk inc flu hosp,2,2025-12-27,16,quantile,0.75,72.0
2025-12-13,wk inc flu hosp,2,2025-12-27,16,quantile,0.8,78.0
2025-12-13,wk inc flu hosp,2,2025-12-27,16,quantile,0.85,85.0
2025-12-13,wk inc flu hosp,2,2025-12-27,16,quantile,0.9,93.0
2025-12-13,wk inc flu hosp,2,2025-12-27,16,quantile,0.95,107.0
2025-12-13,wk inc flu hosp,2,2025-12-27,16,quantile,0.975,122.0
2025-12-13,wk inc flu hosp,2,2025-12-27,16,quantile,0.99,135.0
2025-12-13,wk inc flu hosp,2,2025-12-27,17,quantile,0.01,22.0
2025-12-13,wk inc flu hosp,2,2025-12-27,17,quantile,0.025,31.0
2025-12-13,wk inc flu hosp,2,2025-12-27,17,quantile,0.05,40.0
2025-12-13,wk inc flu hosp,2,2025-12-27,17,quantile,0.1,49.0
2025-12-13,wk inc flu hosp,2,2025-12-27,17,quantile,0.15,77.0
2025-12-13,wk inc flu hosp,2,2025-12-27,17,quantile,0.2,112.0
2025-12-13,wk inc flu hosp,2,2025-12-27,17,quantile,0.25,141.0
2025-12-13,wk inc flu hosp,2,2025-12-27,17,quantile,0.3,157.0
2025-12-13,wk inc flu hosp,2,2025-12-27,17,quantile,0.35,171.0
2025-12-13,wk inc flu hosp,2,2025-12-27,17,quantile,0.4,186.0
2025-12-13,wk inc flu hosp,2,2025-12-27,17,quantile,0.45,203.0
2025-12-13,wk inc flu hosp,2,2025-12-27,17,quantile,0.5,223.0
2025-12-13,wk inc flu hosp,2,2025-12-27,17,quantile,0.55,240.0
2025-12-13,wk inc flu hosp,2,2025-12-27,17,quantile,0.6,255.0
2025-12-13,wk inc flu hosp,2,2025-12-27,17,quantile,0.65,277.0
2025-12-13,wk inc flu hosp,2,2025-12-27,17,quantile,0.7,301.0
2025-12-13,wk inc flu hosp,2,2025-12-27,17,quantile,0.75,331.0
2025-12-13,wk inc flu hosp,2,2025-12-27,17,quantile,0.8,371.0
2025-12-13,wk inc flu hosp,2,2025-12-27,17,quantile,0.85,413.0
2025-12-13,wk inc flu hosp,2,2025-12-27,17,quantile,0.9,482.0
2025-12-13,wk inc flu hosp,2,2025-12-27,17,quantile,0.95,580.0
2025-12-13,wk inc flu hosp,2,2025-12-27,17,quantile,0.975,691.0
2025-12-13,wk inc flu hosp,2,2025-12-27,17,quantile,0.99,793.0
2025-12-13,wk inc flu hosp,2,2025-12-27,18,quantile,0.01,12.0
2025-12-13,wk inc flu hosp,2,2025-12-27,18,quantile,0.025,17.0
2025-12-13,wk inc flu hosp,2,2025-12-27,18,quantile,0.05,21.0
2025-12-13,wk inc flu hosp,2,2025-12-27,18,quantile,0.1,26.0
2025-12-13,wk inc flu hosp,2,2025-12-27,18,quantile,0.15,39.0
2025-12-13,wk inc flu hosp,2,2025-12-27,18,quantile,0.2,63.0
2025-12-13,wk inc flu hosp,2,2025-12-27,18,quantile,0.25,83.0
2025-12-13,wk inc flu hosp,2,2025-12-27,18,quantile,0.3,92.0
2025-12-13,wk inc flu hosp,2,2025-12-27,18,quantile,0.35,101.0
2025-12-13,wk inc flu hosp,2,2025-12-27,18,quantile,0.4,110.0
2025-12-13,wk inc flu hosp,2,2025-12-27,18,quantile,0.45,117.0
2025-12-13,wk inc flu hosp,2,2025-12-27,18,quantile,0.5,127.0
2025-12-13,wk inc flu hosp,2,2025-12-27,18,quantile,0.55,138.0
2025-12-13,wk inc flu hosp,2,2025-12-27,18,quantile,0.6,150.0
2025-12-13,wk inc flu hosp,2,2025-12-27,18,quantile,0.65,161.0
2025-12-13,wk inc flu hosp,2,2025-12-27,18,quantile,0.7,176.0
2025-12-13,wk inc flu hosp,2,2025-12-27,18,quantile,0.75,194.0
2025-12-13,wk inc flu hosp,2,2025-12-27,18,quantile,0.8,216.0
2025-12-13,wk inc flu hosp,2,2025-12-27,18,quantile,0.85,238.0
2025-12-13,wk inc flu hosp,2,2025-12-27,18,quantile,0.9,277.0
2025-12-13,wk inc flu hosp,2,2025-12-27,18,quantile,0.95,346.0
2025-12-13,wk inc flu hosp,2,2025-12-27,18,quantile,0.975,391.0
2025-12-13,wk inc flu hosp,2,2025-12-27,18,quantile,0.99,455.0
2025-12-13,wk inc flu hosp,2,2025-12-27,19,quantile,0.01,2.0
2025-12-13,wk inc flu hosp,2,2025-12-27,19,quantile,0.025,3.0
2025-12-13,wk inc flu hosp,2,2025-12-27,19,quantile,0.05,4.0
2025-12-13,wk inc flu hosp,2,2025-12-27,19,quantile,0.1,5.0
2025-12-13,wk inc flu hosp,2,2025-12-27,19,quantile,0.15,6.0
2025-12-13,wk inc flu hosp,2,2025-12-27,19,quantile,0.2,10.0
2025-12-13,wk inc flu hosp,2,2025-12-27,19,quantile,0.25,15.0
2025-12-13,wk inc flu hosp,2,2025-12-27,19,quantile,0.3,17.0
2025-12-13,wk inc flu hosp,2,2025-12-27,19,quantile,0.35,18.0
2025-12-13,wk inc flu hosp,2,2025-12-27,19,quantile,0.4,20.0
2025-12-13,wk inc flu hosp,2,2025-12-27,19,quantile,0.45,21.0
2025-12-13,wk inc flu hosp,2,2025-12-27,19,quantile,0.5,23.0
2025-12-13,wk inc flu hosp,2,2025-12-27,19,quantile,0.55,25.0
2025-12-13,wk inc flu hosp,2,2025-12-27,19,quantile,0.6,28.0
2025-12-13,wk inc flu hosp,2,2025-12-27,19,quantile,0.65,31.0
2025-12-13,wk inc flu hosp,2,2025-12-27,19,quantile,0.7,34.0
2025-12-13,wk inc flu hosp,2,2025-12-27,19,quantile,0.75,38.0
2025-12-13,wk inc flu hosp,2,2025-12-27,19,quantile,0.8,43.0
2025-12-13,wk inc flu hosp,2,2025-12-27,19,quantile,0.85,49.0
2025-12-13,wk inc flu hosp,2,2025-12-27,19,quantile,0.9,58.0
2025-12-13,wk inc flu hosp,2,2025-12-27,19,quantile,0.95,83.0
2025-12-13,wk inc flu hosp,2,2025-12-27,19,quantile,0.975,105.0
2025-12-13,wk inc flu hosp,2,2025-12-27,19,quantile,0.99,117.0
2025-12-13,wk inc flu hosp,2,2025-12-27,20,quantile,0.01,2.0
2025-12-13,wk inc flu hosp,2,2025-12-27,20,quantile,0.025,3.0
2025-12-13,wk inc flu hosp,2,2025-12-27,20,quantile,0.05,4.0
2025-12-13,wk inc flu hosp,2,2025-12-27,20,quantile,0.1,5.0
2025-12-13,wk inc flu hosp,2,2025-12-27,20,quantile,0.15,8.0
2025-12-13,wk inc flu hosp,2,2025-12-27,20,quantile,0.2,15.0
2025-12-13,wk inc flu hosp,2,2025-12-27,20,quantile,0.25,18.0
2025-12-13,wk inc flu hosp,2,2025-12-27,20,quantile,0.3,20.0
2025-12-13,wk inc flu hosp,2,2025-12-27,20,quantile,0.35,21.0
2025-12-13,wk inc flu hosp,2,2025-12-27,20,quantile,0.4,23.0
2025-12-13,wk inc flu hosp,2,2025-12-27,20,quantile,0.45,26.0
2025-12-13,wk inc flu hosp,2,2025-12-27,20,quantile,0.5,28.0
2025-12-13,wk inc flu hosp,2,2025-12-27,20,quantile,0.55,30.0
2025-12-13,wk inc flu hosp,2,2025-12-27,20,quantile,0.6,32.0
2025-12-13,wk inc flu hosp,2,2025-12-27,20,quantile,0.65,35.0
2025-12-13,wk inc flu hosp,2,2025-12-27,20,quantile,0.7,39.0
2025-12-13,wk inc flu hosp,2,2025-12-27,20,quantile,0.75,43.0
2025-12-13,wk inc flu hosp,2,2025-12-27,20,quantile,0.8,47.0
2025-12-13,wk inc flu hosp,2,2025-12-27,20,quantile,0.85,52.0
2025-12-13,wk inc flu hosp,2,2025-12-27,20,quantile,0.9,63.0
2025-12-13,wk inc flu hosp,2,2025-12-27,20,quantile,0.95,85.0
2025-12-13,wk inc flu hosp,2,2025-12-27,20,quantile,0.975,110.0
2025-12-13,wk inc flu hosp,2,2025-12-27,20,quantile,0.99,146.0
2025-12-13,wk inc flu hosp,2,2025-12-27,21,quantile,0.01,6.0
2025-12-13,wk inc flu hosp,2,2025-12-27,21,quantile,0.025,9.0
2025-12-13,wk inc flu hosp,2,2025-12-27,21,quantile,0.05,12.0
2025-12-13,wk inc flu hosp,2,2025-12-27,21,quantile,0.1,15.0
2025-12-13,wk inc flu hosp,2,2025-12-27,21,quantile,0.15,18.0
2025-12-13,wk inc flu hosp,2,2025-12-27,21,quantile,0.2,34.0
2025-12-13,wk inc flu hosp,2,2025-12-27,21,quantile,0.25,47.0
2025-12-13,wk inc flu hosp,2,2025-12-27,21,quantile,0.3,60.0
2025-12-13,wk inc flu hosp,2,2025-12-27,21,quantile,0.35,65.0
2025-12-13,wk inc flu hosp,2,2025-12-27,21,quantile,0.4,71.0
2025-12-13,wk inc flu hosp,2,2025-12-27,21,quantile,0.45,77.0
2025-12-13,wk inc flu hosp,2,2025-12-27,21,quantile,0.5,84.0
2025-12-13,wk inc flu hosp,2,2025-12-27,21,quantile,0.55,91.0
2025-12-13,wk inc flu hosp,2,2025-12-27,21,quantile,0.6,98.0
2025-12-13,wk inc flu hosp,2,2025-12-27,21,quantile,0.65,105.0
2025-12-13,wk inc flu hosp,2,2025-12-27,21,quantile,0.7,115.0
2025-12-13,wk inc flu hosp,2,2025-12-27,21,quantile,0.75,127.0
2025-12-13,wk inc flu hosp,2,2025-12-27,21,quantile,0.8,142.0
2025-12-13,wk inc flu hosp,2,2025-12-27,21,quantile,0.85,158.0
2025-12-13,wk inc flu hosp,2,2025-12-27,21,quantile,0.9,187.0
2025-12-13,wk inc flu hosp,2,2025-12-27,21,quantile,0.95,230.0
2025-12-13,wk inc flu hosp,2,2025-12-27,21,quantile,0.975,266.0
2025-12-13,wk inc flu hosp,2,2025-12-27,21,quantile,0.99,319.0
2025-12-13,wk inc flu hosp,2,2025-12-27,22,quantile,0.01,27.0
2025-12-13,wk inc flu hosp,2,2025-12-27,22,quantile,0.025,33.0
2025-12-13,wk inc flu hosp,2,2025-12-27,22,quantile,0.05,50.0
2025-12-13,wk inc flu hosp,2,2025-12-27,22,quantile,0.1,79.0
2025-12-13,wk inc flu hosp,2,2025-12-27,22,quantile,0.15,101.0
2025-12-13,wk inc flu hosp,2,2025-12-27,22,quantile,0.2,121.0
2025-12-13,wk inc flu hosp,2,2025-12-27,22,quantile,0.25,135.0
2025-12-13,wk inc flu hosp,2,2025-12-27,22,quantile,0.3,149.0
2025-12-13,wk inc flu hosp,2,2025-12-27,22,quantile,0.35,161.0
2025-12-13,wk inc flu hosp,2,2025-12-27,22,quantile,0.4,171.0
2025-12-13,wk inc flu hosp,2,2025-12-27,22,quantile,0.45,181.0
2025-12-13,wk inc flu hosp,2,2025-12-27,22,quantile,0.5,193.0
2025-12-13,wk inc flu hosp,2,2025-12-27,22,quantile,0.55,206.0
2025-12-13,wk inc flu hosp,2,2025-12-27,22,quantile,0.6,220.0
2025-12-13,wk inc flu hosp,2,2025-12-27,22,quantile,0.65,239.0
2025-12-13,wk inc flu hosp,2,2025-12-27,22,quantile,0.7,255.0
2025-12-13,wk inc flu hosp,2,2025-12-27,22,quantile,0.75,271.0
2025-12-13,wk inc flu hosp,2,2025-12-27,22,quantile,0.8,290.0
2025-12-13,wk inc flu hosp,2,2025-12-27,22,quantile,0.85,310.0
2025-12-13,wk inc flu hosp,2,2025-12-27,22,quantile,0.9,336.0
2025-12-13,wk inc flu hosp,2,2025-12-27,22,quantile,0.95,377.0
2025-12-13,wk inc flu hosp,2,2025-12-27,22,quantile,0.975,408.0
2025-12-13,wk inc flu hosp,2,2025-12-27,22,quantile,0.99,452.0
2025-12-13,wk inc flu hosp,2,2025-12-27,23,quantile,0.01,0.0
2025-12-13,wk inc flu hosp,2,2025-12-27,23,quantile,0.025,0.0
2025-12-13,wk inc flu hosp,2,2025-12-27,23,quantile,0.05,1.0
2025-12-13,wk inc flu hosp,2,2025-12-27,23,quantile,0.1,2.0
2025-12-13,wk inc flu hosp,2,2025-12-27,23,quantile,0.15,2.0
2025-12-13,wk inc flu hosp,2,2025-12-27,23,quantile,0.2,2.0
2025-12-13,wk inc flu hosp,2,2025-12-27,23,quantile,0.25,3.0
2025-12-13,wk inc flu hosp,2,2025-12-27,23,quantile,0.3,5.0
2025-12-13,wk inc flu hosp,2,2025-12-27,23,quantile,0.35,8.0
2025-12-13,wk inc flu hosp,2,2025-12-27,23,quantile,0.4,9.0
2025-12-13,wk inc flu hosp,2,2025-12-27,23,quantile,0.45,11.0
2025-12-13,wk inc flu hosp,2,2025-12-27,23,quantile,0.5,12.0
2025-12-13,wk inc flu hosp,2,2025-12-27,23,quantile,0.55,13.0
2025-12-13,wk inc flu hosp,2,2025-12-27,23,quantile,0.6,14.0
2025-12-13,wk inc flu hosp,2,2025-12-27,23,quantile,0.65,16.0
2025-12-13,wk inc flu hosp,2,2025-12-27,23,quantile,0.7,17.0
2025-12-13,wk inc flu hosp,2,2025-12-27,23,quantile,0.75,20.0
2025-12-13,wk inc flu hosp,2,2025-12-27,23,quantile,0.8,22.0
2025-12-13,wk inc flu hosp,2,2025-12-27,23,quantile,0.85,26.0
2025-12-13,wk inc flu hosp,2,2025-12-27,23,quantile,0.9,30.0
2025-12-13,wk inc flu hosp,2,2025-12-27,23,quantile,0.95,35.0
2025-12-13,wk inc flu hosp,2,2025-12-27,23,quantile,0.975,40.0
2025-12-13,wk inc flu hosp,2,2025-12-27,23,quantile,0.99,43.0
2025-12-13,wk inc flu hosp,2,2025-12-27,24,quantile,0.01,24.0
2025-12-13,wk inc flu hosp,2,2025-12-27,24,quantile,0.025,32.0
2025-12-13,wk inc flu hosp,2,2025-12-27,24,quantile,0.05,47.0
2025-12-13,wk inc flu hosp,2,2025-12-27,24,quantile,0.1,82.0
2025-12-13,wk inc flu hosp,2,2025-12-27,24,quantile,0.15,109.0
2025-12-13,wk inc flu hosp,2,2025-12-27,24,quantile,0.2,130.0
2025-12-13,wk inc flu hosp,2,2025-12-27,24,quantile,0.25,148.0
2025-12-13,wk inc flu hosp,2,2025-12-27,24,quantile,0.3,164.0
2025-12-13,wk inc flu hosp,2,2025-12-27,24,quantile,0.35,179.0
2025-12-13,wk inc flu hosp,2,2025-12-27,24,quantile,0.4,195.0
2025-12-13,wk inc flu hosp,2,2025-12-27,24,quantile,0.45,208.0
2025-12-13,wk inc flu hosp,2,2025-12-27,24,quantile,0.5,224.0
2025-12-13,wk inc flu hosp,2,2025-12-27,24,quantile,0.55,239.0
2025-12-13,wk inc flu hosp,2,2025-12-27,24,quantile,0.6,254.0
2025-12-13,wk inc flu hosp,2,2025-12-27,24,quantile,0.65,271.0
2025-12-13,wk inc flu hosp,2,2025-12-27,24,quantile,0.7,287.0
2025-12-13,wk inc flu hosp,2,2025-12-27,24,quantile,0.75,304.0
2025-12-13,wk inc flu hosp,2,2025-12-27,24,quantile,0.8,324.0
2025-12-13,wk inc flu hosp,2,2025-12-27,24,quantile,0.85,348.0
2025-12-13,wk inc flu hosp,2,2025-12-27,24,quantile,0.9,381.0
2025-12-13,wk inc flu hosp,2,2025-12-27,24,quantile,0.95,430.0
2025-12-13,wk inc flu hosp,2,2025-12-27,24,quantile,0.975,475.0
2025-12-13,wk inc flu hosp,2,2025-12-27,24,quantile,0.99,523.0
2025-12-13,wk inc flu hosp,2,2025-12-27,25,quantile,0.01,13.0
2025-12-13,wk inc flu hosp,2,2025-12-27,25,quantile,0.025,19.0
2025-12-13,wk inc flu hosp,2,2025-12-27,25,quantile,0.05,32.0
2025-12-13,wk inc flu hosp,2,2025-12-27,25,quantile,0.1,57.0
2025-12-13,wk inc flu hosp,2,2025-12-27,25,quantile,0.15,72.0
2025-12-13,wk inc flu hosp,2,2025-12-27,25,quantile,0.2,87.0
2025-12-13,wk inc flu hosp,2,2025-12-27,25,quantile,0.25,98.0
2025-12-13,wk inc flu hosp,2,2025-12-27,25,quantile,0.3,108.0
2025-12-13,wk inc flu hosp,2,2025-12-27,25,quantile,0.35,119.0
2025-12-13,wk inc flu hosp,2,2025-12-27,25,quantile,0.4,130.0
2025-12-13,wk inc flu hosp,2,2025-12-27,25,quantile,0.45,137.0
2025-12-13,wk inc flu hosp,2,2025-12-27,25,quantile,0.5,148.0
2025-12-13,wk inc flu hosp,2,2025-12-27,25,quantile,0.55,158.0
2025-12-13,wk inc flu hosp,2,2025-12-27,25,quantile,0.6,166.0
2025-12-13,wk inc flu hosp,2,2025-12-27,25,quantile,0.65,177.0
2025-12-13,wk inc flu hosp,2,2025-12-27,25,quantile,0.7,187.0
2025-12-13,wk inc flu hosp,2,2025-12-27,25,quantile,0.75,200.0
2025-12-13,wk inc flu hosp,2,2025-12-27,25,quantile,0.8,213.0
2025-12-13,wk inc flu hosp,2,2025-12-27,25,quantile,0.85,229.0
2025-12-13,wk inc flu hosp,2,2025-12-27,25,quantile,0.9,247.0
2025-12-13,wk inc flu hosp,2,2025-12-27,25,quantile,0.95,280.0
2025-12-13,wk inc flu hosp,2,2025-12-27,25,quantile,0.975,304.0
2025-12-13,wk inc flu hosp,2,2025-12-27,25,quantile,0.99,339.0
2025-12-13,wk inc flu hosp,2,2025-12-27,26,quantile,0.01,18.0
2025-12-13,wk inc flu hosp,2,2025-12-27,26,quantile,0.025,26.0
2025-12-13,wk inc flu hosp,2,2025-12-27,26,quantile,0.05,34.0
2025-12-13,wk inc flu hosp,2,2025-12-27,26,quantile,0.1,46.0
2025-12-13,wk inc flu hosp,2,2025-12-27,26,quantile,0.15,75.0
2025-12-13,wk inc flu hosp,2,2025-12-27,26,quantile,0.2,107.0
2025-12-13,wk inc flu hosp,2,2025-12-27,26,quantile,0.25,131.0
2025-12-13,wk inc flu hosp,2,2025-12-27,26,quantile,0.3,153.0
2025-12-13,wk inc flu hosp,2,2025-12-27,26,quantile,0.35,166.0
2025-12-13,wk inc flu hosp,2,2025-12-27,26,quantile,0.4,181.0
2025-12-13,wk inc flu hosp,2,2025-12-27,26,quantile,0.45,194.0
2025-12-13,wk inc flu hosp,2,2025-12-27,26,quantile,0.5,209.0
2025-12-13,wk inc flu hosp,2,2025-12-27,26,quantile,0.55,226.0
2025-12-13,wk inc flu hosp,2,2025-12-27,26,quantile,0.6,244.0
2025-12-13,wk inc flu hosp,2,2025-12-27,26,quantile,0.65,261.0
2025-12-13,wk inc flu hosp,2,2025-12-27,26,quantile,0.7,284.0
2025-12-13,wk inc flu hosp,2,2025-12-27,26,quantile,0.75,314.0
2025-12-13,wk inc flu hosp,2,2025-12-27,26,quantile,0.8,347.0
2025-12-13,wk inc flu hosp,2,2025-12-27,26,quantile,0.85,383.0
2025-12-13,wk inc flu hosp,2,2025-12-27,26,quantile,0.9,428.0
2025-12-13,wk inc flu hosp,2,2025-12-27,26,quantile,0.95,480.0
2025-12-13,wk inc flu hosp,2,2025-12-27,26,quantile,0.975,531.0
2025-12-13,wk inc flu hosp,2,2025-12-27,26,quantile,0.99,572.0
2025-12-13,wk inc flu hosp,2,2025-12-27,27,quantile,0.01,17.0
2025-12-13,wk inc flu hosp,2,2025-12-27,27,quantile,0.025,24.0
2025-12-13,wk inc flu hosp,2,2025-12-27,27,quantile,0.05,28.0
2025-12-13,wk inc flu hosp,2,2025-12-27,27,quantile,0.1,35.0
2025-12-13,wk inc flu hosp,2,2025-12-27,27,quantile,0.15,59.0
2025-12-13,wk inc flu hosp,2,2025-12-27,27,quantile,0.2,86.0
2025-12-13,wk inc flu hosp,2,2025-12-27,27,quantile,0.25,110.0
2025-12-13,wk inc flu hosp,2,2025-12-27,27,quantile,0.3,129.0
2025-12-13,wk inc flu hosp,2,2025-12-27,27,quantile,0.35,144.0
2025-12-13,wk inc flu hosp,2,2025-12-27,27,quantile,0.4,154.0
2025-12-13,wk inc flu hosp,2,2025-12-27,27,quantile,0.45,166.0
2025-12-13,wk inc flu hosp,2,2025-12-27,27,quantile,0.5,178.0
2025-12-13,wk inc flu hosp,2,2025-12-27,27,quantile,0.55,189.0
2025-12-13,wk inc flu hosp,2,2025-12-27,27,quantile,0.6,204.0
2025-12-13,wk inc flu hosp,2,2025-12-27,27,quantile,0.65,218.0
2025-12-13,wk inc flu hosp,2,2025-12-27,27,quantile,0.7,236.0
2025-12-13,wk inc flu hosp,2,2025-12-27,27,quantile,0.75,255.0
2025-12-13,wk inc flu hosp,2,2025-12-27,27,quantile,0.8,280.0
2025-12-13,wk inc flu hosp,2,2025-12-27,27,quantile,0.85,311.0
2025-12-13,wk inc flu hosp,2,2025-12-27,27,quantile,0.9,354.0
2025-12-13,wk inc flu hosp,2,2025-12-27,27,quantile,0.95,436.0
2025-12-13,wk inc flu hosp,2,2025-12-27,27,quantile,0.975,494.0
2025-12-13,wk inc flu hosp,2,2025-12-27,27,quantile,0.99,550.0
2025-12-13,wk inc flu hosp,2,2025-12-27,28,quantile,0.01,0.0
2025-12-13,wk inc flu hosp,2,2025-12-27,28,quantile,0.025,1.0
2025-12-13,wk inc flu hosp,2,2025-12-27,28,quantile,0.05,2.0
2025-12-13,wk inc flu hosp,2,2025-12-27,28,quantile,0.1,2.0
2025-12-13,wk inc flu hosp,2,2025-12-27,28,quantile,0.15,3.0
2025-12-13,wk inc flu hosp,2,2025-12-27,28,quantile,0.2,4.0
2025-12-13,wk inc flu hosp,2,2025-12-27,28,quantile,0.25,16.0
2025-12-13,wk inc flu hosp,2,2025-12-27,28,quantile,0.3,20.0
2025-12-13,wk inc flu hosp,2,2025-12-27,28,quantile,0.35,22.0
2025-12-13,wk inc flu hosp,2,2025-12-27,28,quantile,0.4,24.0
2025-12-13,wk inc flu hosp,2,2025-12-27,28,quantile,0.45,27.0
2025-12-13,wk inc flu hosp,2,2025-12-27,28,quantile,0.5,31.0
2025-12-13,wk inc flu hosp,2,2025-12-27,28,quantile,0.55,34.0
2025-12-13,wk inc flu hosp,2,2025-12-27,28,quantile,0.6,37.0
2025-12-13,wk inc flu hosp,2,2025-12-27,28,quantile,0.65,41.0
2025-12-13,wk inc flu hosp,2,2025-12-27,28,quantile,0.7,45.0
2025-12-13,wk inc flu hosp,2,2025-12-27,28,quantile,0.75,52.0
2025-12-13,wk inc flu hosp,2,2025-12-27,28,quantile,0.8,61.0
2025-12-13,wk inc flu hosp,2,2025-12-27,28,quantile,0.85,69.0
2025-12-13,wk inc flu hosp,2,2025-12-27,28,quantile,0.9,82.0
2025-12-13,wk inc flu hosp,2,2025-12-27,28,quantile,0.95,114.0
2025-12-13,wk inc flu hosp,2,2025-12-27,28,quantile,0.975,136.0
2025-12-13,wk inc flu hosp,2,2025-12-27,28,quantile,0.99,174.0
2025-12-13,wk inc flu hosp,2,2025-12-27,30,quantile,0.01,2.0
2025-12-13,wk inc flu hosp,2,2025-12-27,30,quantile,0.025,3.0
2025-12-13,wk inc flu hosp,2,2025-12-27,30,quantile,0.05,3.0
2025-12-13,wk inc flu hosp,2,2025-12-27,30,quantile,0.1,4.0
2025-12-13,wk inc flu hosp,2,2025-12-27,30,quantile,0.15,6.0
2025-12-13,wk inc flu hosp,2,2025-12-27,30,quantile,0.2,9.0
2025-12-13,wk inc flu hosp,2,2025-12-27,30,quantile,0.25,12.0
2025-12-13,wk inc flu hosp,2,2025-12-27,30,quantile,0.3,15.0
2025-12-13,wk inc flu hosp,2,2025-12-27,30,quantile,0.35,18.0
2025-12-13,wk inc flu hosp,2,2025-12-27,30,quantile,0.4,20.0
2025-12-13,wk inc flu hosp,2,2025-12-27,30,quantile,0.45,21.0
2025-12-13,wk inc flu hosp,2,2025-12-27,30,quantile,0.5,23.0
2025-12-13,wk inc flu hosp,2,2025-12-27,30,quantile,0.55,25.0
2025-12-13,wk inc flu hosp,2,2025-12-27,30,quantile,0.6,27.0
2025-12-13,wk inc flu hosp,2,2025-12-27,30,quantile,0.65,29.0
2025-12-13,wk inc flu hosp,2,2025-12-27,30,quantile,0.7,32.0
2025-12-13,wk inc flu hosp,2,2025-12-27,30,quantile,0.75,35.0
2025-12-13,wk inc flu hosp,2,2025-12-27,30,quantile,0.8,39.0
2025-12-13,wk inc flu hosp,2,2025-12-27,30,quantile,0.85,43.0
2025-12-13,wk inc flu hosp,2,2025-12-27,30,quantile,0.9,49.0
2025-12-13,wk inc flu hosp,2,2025-12-27,30,quantile,0.95,58.0
2025-12-13,wk inc flu hosp,2,2025-12-27,30,quantile,0.975,65.0
2025-12-13,wk inc flu hosp,2,2025-12-27,30,quantile,0.99,72.0
2025-12-13,wk inc flu hosp,2,2025-12-27,31,quantile,0.01,1.0
2025-12-13,wk inc flu hosp,2,2025-12-27,31,quantile,0.025,1.0
2025-12-13,wk inc flu hosp,2,2025-12-27,31,quantile,0.05,2.0
2025-12-13,wk inc flu hosp,2,2025-12-27,31,quantile,0.1,2.0
2025-12-13,wk inc flu hosp,2,2025-12-27,31,quantile,0.15,3.0
2025-12-13,wk inc flu hosp,2,2025-12-27,31,quantile,0.2,3.0
2025-12-13,wk inc flu hosp,2,2025-12-27,31,quantile,0.25,6.0
2025-12-13,wk inc flu hosp,2,2025-12-27,31,quantile,0.3,9.0
2025-12-13,wk inc flu hosp,2,2025-12-27,31,quantile,0.35,10.0
2025-12-13,wk inc flu hosp,2,2025-12-27,31,quantile,0.4,11.0
2025-12-13,wk inc flu hosp,2,2025-12-27,31,quantile,0.45,12.0
2025-12-13,wk inc flu hosp,2,2025-12-27,31,quantile,0.5,13.0
2025-12-13,wk inc flu hosp,2,2025-12-27,31,quantile,0.55,14.0
2025-12-13,wk inc flu hosp,2,2025-12-27,31,quantile,0.6,15.0
2025-12-13,wk inc flu hosp,2,2025-12-27,31,quantile,0.65,17.0
2025-12-13,wk inc flu hosp,2,2025-12-27,31,quantile,0.7,18.0
2025-12-13,wk inc flu hosp,2,2025-12-27,31,quantile,0.75,21.0
2025-12-13,wk inc flu hosp,2,2025-12-27,31,quantile,0.8,23.0
2025-12-13,wk inc flu hosp,2,2025-12-27,31,quantile,0.85,26.0
2025-12-13,wk inc flu hosp,2,2025-12-27,31,quantile,0.9,31.0
2025-12-13,wk inc flu hosp,2,2025-12-27,31,quantile,0.95,44.0
2025-12-13,wk inc flu hosp,2,2025-12-27,31,quantile,0.975,65.0
2025-12-13,wk inc flu hosp,2,2025-12-27,31,quantile,0.99,72.0
2025-12-13,wk inc flu hosp,2,2025-12-27,32,quantile,0.01,3.0
2025-12-13,wk inc flu hosp,2,2025-12-27,32,quantile,0.025,4.0
2025-12-13,wk inc flu hosp,2,2025-12-27,32,quantile,0.05,5.0
2025-12-13,wk inc flu hosp,2,2025-12-27,32,quantile,0.1,7.0
2025-12-13,wk inc flu hosp,2,2025-12-27,32,quantile,0.15,9.0
2025-12-13,wk inc flu hosp,2,2025-12-27,32,quantile,0.2,14.0
2025-12-13,wk inc flu hosp,2,2025-12-27,32,quantile,0.25,20.0
2025-12-13,wk inc flu hosp,2,2025-12-27,32,quantile,0.3,24.0
2025-12-13,wk inc flu hosp,2,2025-12-27,32,quantile,0.35,27.0
2025-12-13,wk inc flu hosp,2,2025-12-27,32,quantile,0.4,28.0
2025-12-13,wk inc flu hosp,2,2025-12-27,32,quantile,0.45,31.0
2025-12-13,wk inc flu hosp,2,2025-12-27,32,quantile,0.5,34.0
2025-12-13,wk inc flu hosp,2,2025-12-27,32,quantile,0.55,37.0
2025-12-13,wk inc flu hosp,2,2025-12-27,32,quantile,0.6,40.0
2025-12-13,wk inc flu hosp,2,2025-12-27,32,quantile,0.65,43.0
2025-12-13,wk inc flu hosp,2,2025-12-27,32,quantile,0.7,47.0
2025-12-13,wk inc flu hosp,2,2025-12-27,32,quantile,0.75,53.0
2025-12-13,wk inc flu hosp,2,2025-12-27,32,quantile,0.8,58.0
2025-12-13,wk inc flu hosp,2,2025-12-27,32,quantile,0.85,67.0
2025-12-13,wk inc flu hosp,2,2025-12-27,32,quantile,0.9,80.0
2025-12-13,wk inc flu hosp,2,2025-12-27,32,quantile,0.95,104.0
2025-12-13,wk inc flu hosp,2,2025-12-27,32,quantile,0.975,118.0
2025-12-13,wk inc flu hosp,2,2025-12-27,32,quantile,0.99,132.0
2025-12-13,wk inc flu hosp,2,2025-12-27,33,quantile,0.01,2.0
2025-12-13,wk inc flu hosp,2,2025-12-27,33,quantile,0.025,3.0
2025-12-13,wk inc flu hosp,2,2025-12-27,33,quantile,0.05,4.0
2025-12-13,wk inc flu hosp,2,2025-12-27,33,quantile,0.1,5.0
2025-12-13,wk inc flu hosp,2,2025-12-27,33,quantile,0.15,6.0
2025-12-13,wk inc flu hosp,2,2025-12-27,33,quantile,0.2,9.0
2025-12-13,wk inc flu hosp,2,2025-12-27,33,quantile,0.25,12.0
2025-12-13,wk inc flu hosp,2,2025-12-27,33,quantile,0.3,15.0
2025-12-13,wk inc flu hosp,2,2025-12-27,33,quantile,0.35,18.0
2025-12-13,wk inc flu hosp,2,2025-12-27,33,quantile,0.4,20.0
2025-12-13,wk inc flu hosp,2,2025-12-27,33,quantile,0.45,23.0
2025-12-13,wk inc flu hosp,2,2025-12-27,33,quantile,0.5,26.0
2025-12-13,wk inc flu hosp,2,2025-12-27,33,quantile,0.55,28.0
2025-12-13,wk inc flu hosp,2,2025-12-27,33,quantile,0.6,31.0
2025-12-13,wk inc flu hosp,2,2025-12-27,33,quantile,0.65,34.0
2025-12-13,wk inc flu hosp,2,2025-12-27,33,quantile,0.7,37.0
2025-12-13,wk inc flu hosp,2,2025-12-27,33,quantile,0.75,41.0
2025-12-13,wk inc flu hosp,2,2025-12-27,33,quantile,0.8,46.0
2025-12-13,wk inc flu hosp,2,2025-12-27,33,quantile,0.85,50.0
2025-12-13,wk inc flu hosp,2,2025-12-27,33,quantile,0.9,55.0
2025-12-13,wk inc flu hosp,2,2025-12-27,33,quantile,0.95,63.0
2025-12-13,wk inc flu hosp,2,2025-12-27,33,quantile,0.975,71.0
2025-12-13,wk inc flu hosp,2,2025-12-27,33,quantile,0.99,79.0
2025-12-13,wk inc flu hosp,2,2025-12-27,34,quantile,0.01,38.0
2025-12-13,wk inc flu hosp,2,2025-12-27,34,quantile,0.025,57.0
2025-12-13,wk inc flu hosp,2,2025-12-27,34,quantile,0.05,103.0
2025-12-13,wk inc flu hosp,2,2025-12-27,34,quantile,0.1,149.0
2025-12-13,wk inc flu hosp,2,2025-12-27,34,quantile,0.15,189.0
2025-12-13,wk inc flu hosp,2,2025-12-27,34,quantile,0.2,219.0
2025-12-13,wk inc flu hosp,2,2025-12-27,34,quantile,0.25,250.0
2025-12-13,wk inc flu hosp,2,2025-12-27,34,quantile,0.3,276.0
2025-12-13,wk inc flu hosp,2,2025-12-27,34,quantile,0.35,298.0
2025-12-13,wk inc flu hosp,2,2025-12-27,34,quantile,0.4,328.0
2025-12-13,wk inc flu hosp,2,2025-12-27,34,quantile,0.45,349.0
2025-12-13,wk inc flu hosp,2,2025-12-27,34,quantile,0.5,368.0
2025-12-13,wk inc flu hosp,2,2025-12-27,34,quantile,0.55,389.0
2025-12-13,wk inc flu hosp,2,2025-12-27,34,quantile,0.6,410.0
2025-12-13,wk inc flu hosp,2,2025-12-27,34,quantile,0.65,436.0
2025-12-13,wk inc flu hosp,2,2025-12-27,34,quantile,0.7,459.0
2025-12-13,wk inc flu hosp,2,2025-12-27,34,quantile,0.75,488.0
2025-12-13,wk inc flu hosp,2,2025-12-27,34,quantile,0.8,518.0
2025-12-13,wk inc flu hosp,2,2025-12-27,34,quantile,0.85,554.0
2025-12-13,wk inc flu hosp,2,2025-12-27,34,quantile,0.9,609.0
2025-12-13,wk inc flu hosp,2,2025-12-27,34,quantile,0.95,689.0
2025-12-13,wk inc flu hosp,2,2025-12-27,34,quantile,0.975,756.0
2025-12-13,wk inc flu hosp,2,2025-12-27,34,quantile,0.99,828.0
2025-12-13,wk inc flu hosp,2,2025-12-27,35,quantile,0.01,3.0
2025-12-13,wk inc flu hosp,2,2025-12-27,35,quantile,0.025,4.0
2025-12-13,wk inc flu hosp,2,2025-12-27,35,quantile,0.05,6.0
2025-12-13,wk inc flu hosp,2,2025-12-27,35,quantile,0.1,7.0
2025-12-13,wk inc flu hosp,2,2025-12-27,35,quantile,0.15,8.0
2025-12-13,wk inc flu hosp,2,2025-12-27,35,quantile,0.2,14.0
2025-12-13,wk inc flu hosp,2,2025-12-27,35,quantile,0.25,18.0
2025-12-13,wk inc flu hosp,2,2025-12-27,35,quantile,0.3,23.0
2025-12-13,wk inc flu hosp,2,2025-12-27,35,quantile,0.35,25.0
2025-12-13,wk inc flu hosp,2,2025-12-27,35,quantile,0.4,28.0
2025-12-13,wk inc flu hosp,2,2025-12-27,35,quantile,0.45,30.0
2025-12-13,wk inc flu hosp,2,2025-12-27,35,quantile,0.5,33.0
2025-12-13,wk inc flu hosp,2,2025-12-27,35,quantile,0.55,36.0
2025-12-13,wk inc flu hosp,2,2025-12-27,35,quantile,0.6,39.0
2025-12-13,wk inc flu hosp,2,2025-12-27,35,quantile,0.65,43.0
2025-12-13,wk inc flu hosp,2,2025-12-27,35,quantile,0.7,47.0
2025-12-13,wk inc flu hosp,2,2025-12-27,35,quantile,0.75,52.0
2025-12-13,wk inc flu hosp,2,2025-12-27,35,quantile,0.8,59.0
2025-12-13,wk inc flu hosp,2,2025-12-27,35,quantile,0.85,67.0
2025-12-13,wk inc flu hosp,2,2025-12-27,35,quantile,0.9,78.0
2025-12-13,wk inc flu hosp,2,2025-12-27,35,quantile,0.95,98.0
2025-12-13,wk inc flu hosp,2,2025-12-27,35,quantile,0.975,116.0
2025-12-13,wk inc flu hosp,2,2025-12-27,35,quantile,0.99,136.0
2025-12-13,wk inc flu hosp,2,2025-12-27,36,quantile,0.01,186.0
2025-12-13,wk inc flu hosp,2,2025-12-27,36,quantile,0.025,256.0
2025-12-13,wk inc flu hosp,2,2025-12-27,36,quantile,0.05,333.0
2025-12-13,wk inc flu hosp,2,2025-12-27,36,quantile,0.1,422.0
2025-12-13,wk inc flu hosp,2,2025-12-27,36,quantile,0.15,476.0
2025-12-13,wk inc flu hosp,2,2025-12-27,36,quantile,0.2,532.0
2025-12-13,wk inc flu hosp,2,2025-12-27,36,quantile,0.25,576.0
2025-12-13,wk inc flu hosp,2,2025-12-27,36,quantile,0.3,620.0
2025-12-13,wk inc flu hosp,2,2025-12-27,36,quantile,0.35,653.0
2025-12-13,wk inc flu hosp,2,2025-12-27,36,quantile,0.4,688.0
2025-12-13,wk inc flu hosp,2,2025-12-27,36,quantile,0.45,721.0
2025-12-13,wk inc flu hosp,2,2025-12-27,36,quantile,0.5,757.0
2025-12-13,wk inc flu hosp,2,2025-12-27,36,quantile,0.55,790.0
2025-12-13,wk inc flu hosp,2,2025-12-27,36,quantile,0.6,829.0
2025-12-13,wk inc flu hosp,2,2025-12-27,36,quantile,0.65,868.0
2025-12-13,wk inc flu hosp,2,2025-12-27,36,quantile,0.7,915.0
2025-12-13,wk inc flu hosp,2,2025-12-27,36,quantile,0.75,961.0
2025-12-13,wk inc flu hosp,2,2025-12-27,36,quantile,0.8,1020.0
2025-12-13,wk inc flu hosp,2,2025-12-27,36,quantile,0.85,1079.0
2025-12-13,wk inc flu hosp,2,2025-12-27,36,quantile,0.9,1172.0
2025-12-13,wk inc flu hosp,2,2025-12-27,36,quantile,0.95,1294.0
2025-12-13,wk inc flu hosp,2,2025-12-27,36,quantile,0.975,1405.0
2025-12-13,wk inc flu hosp,2,2025-12-27,36,quantile,0.99,1568.0
2025-12-13,wk inc flu hosp,2,2025-12-27,37,quantile,0.01,52.0
2025-12-13,wk inc flu hosp,2,2025-12-27,37,quantile,0.025,69.0
2025-12-13,wk inc flu hosp,2,2025-12-27,37,quantile,0.05,81.0
2025-12-13,wk inc flu hosp,2,2025-12-27,37,quantile,0.1,101.0
2025-12-13,wk inc flu hosp,2,2025-12-27,37,quantile,0.15,157.0
2025-12-13,wk inc flu hosp,2,2025-12-27,37,quantile,0.2,211.0
2025-12-13,wk inc flu hosp,2,2025-12-27,37,quantile,0.25,254.0
2025-12-13,wk inc flu hosp,2,2025-12-27,37,quantile,0.3,290.0
2025-12-13,wk inc flu hosp,2,2025-12-27,37,quantile,0.35,317.0
2025-12-13,wk inc flu hosp,2,2025-12-27,37,quantile,0.4,341.0
2025-12-13,wk inc flu hosp,2,2025-12-27,37,quantile,0.45,364.0
2025-12-13,wk inc flu hosp,2,2025-12-27,37,quantile,0.5,384.0
2025-12-13,wk inc flu hosp,2,2025-12-27,37,quantile,0.55,411.0
2025-12-13,wk inc flu hosp,2,2025-12-27,37,quantile,0.6,443.0
2025-12-13,wk inc flu hosp,2,2025-12-27,37,quantile,0.65,477.0
2025-12-13,wk inc flu hosp,2,2025-12-27,37,quantile,0.7,515.0
2025-12-13,wk inc flu hosp,2,2025-12-27,37,quantile,0.75,560.0
2025-12-13,wk inc flu hosp,2,2025-12-27,37,quantile,0.8,629.0
2025-12-13,wk inc flu hosp,2,2025-12-27,37,quantile,0.85,724.0
2025-12-13,wk inc flu hosp,2,2025-12-27,37,quantile,0.9,838.0
2025-12-13,wk inc flu hosp,2,2025-12-27,37,quantile,0.95,951.0
2025-12-13,wk inc flu hosp,2,2025-12-27,37,quantile,0.975,1067.0
2025-12-13,wk inc flu hosp,2,2025-12-27,37,quantile,0.99,1172.0
2025-12-13,wk inc flu hosp,2,2025-12-27,38,quantile,0.01,0.0
2025-12-13,wk inc flu hosp,2,2025-12-27,38,quantile,0.025,1.0
2025-12-13,wk inc flu hosp,2,2025-12-27,38,quantile,0.05,1.0
2025-12-13,wk inc flu hosp,2,2025-12-27,38,quantile,0.1,2.0
2025-12-13,wk inc flu hosp,2,2025-12-27,38,quantile,0.15,2.0
2025-12-13,wk inc flu hosp,2,2025-12-27,38,quantile,0.2,4.0
2025-12-13,wk inc flu hosp,2,2025-12-27,38,quantile,0.25,6.0
2025-12-13,wk inc flu hosp,2,2025-12-27,38,quantile,0.3,7.0
2025-12-13,wk inc flu hosp,2,2025-12-27,38,quantile,0.35,7.0
2025-12-13,wk inc flu hosp,2,2025-12-27,38,quantile,0.4,8.0
2025-12-13,wk inc flu hosp,2,2025-12-27,38,quantile,0.45,9.0
2025-12-13,wk inc flu hosp,2,2025-12-27,38,quantile,0.5,10.0
2025-12-13,wk inc flu hosp,2,2025-12-27,38,quantile,0.55,11.0
2025-12-13,wk inc flu hosp,2,2025-12-27,38,quantile,0.6,12.0
2025-12-13,wk inc flu hosp,2,2025-12-27,38,quantile,0.65,13.0
2025-12-13,wk inc flu hosp,2,2025-12-27,38,quantile,0.7,14.0
2025-12-13,wk inc flu hosp,2,2025-12-27,38,quantile,0.75,16.0
2025-12-13,wk inc flu hosp,2,2025-12-27,38,quantile,0.8,18.0
2025-12-13,wk inc flu hosp,2,2025-12-27,38,quantile,0.85,20.0
2025-12-13,wk inc flu hosp,2,2025-12-27,38,quantile,0.9,24.0
2025-12-13,wk inc flu hosp,2,2025-12-27,38,quantile,0.95,31.0
2025-12-13,wk inc flu hosp,2,2025-12-27,38,quantile,0.975,37.0
2025-12-13,wk inc flu hosp,2,2025-12-27,38,quantile,0.99,43.0
2025-12-13,wk inc flu hosp,2,2025-12-27,39,quantile,0.01,8.0
2025-12-13,wk inc flu hosp,2,2025-12-27,39,quantile,0.025,12.0
2025-12-13,wk inc flu hosp,2,2025-12-27,39,quantile,0.05,14.0
2025-12-13,wk inc flu hosp,2,2025-12-27,39,quantile,0.1,18.0
2025-12-13,wk inc flu hosp,2,2025-12-27,39,quantile,0.15,28.0
2025-12-13,wk inc flu hosp,2,2025-12-27,39,quantile,0.2,54.0
2025-12-13,wk inc flu hosp,2,2025-12-27,39,quantile,0.25,69.0
2025-12-13,wk inc flu hosp,2,2025-12-27,39,quantile,0.3,88.0
2025-12-13,wk inc flu hosp,2,2025-12-27,39,quantile,0.35,103.0
2025-12-13,wk inc flu hosp,2,2025-12-27,39,quantile,0.4,113.0
2025-12-13,wk inc flu hosp,2,2025-12-27,39,quantile,0.45,123.0
2025-12-13,wk inc flu hosp,2,2025-12-27,39,quantile,0.5,134.0
2025-12-13,wk inc flu hosp,2,2025-12-27,39,quantile,0.55,148.0
2025-12-13,wk inc flu hosp,2,2025-12-27,39,quantile,0.6,161.0
2025-12-13,wk inc flu hosp,2,2025-12-27,39,quantile,0.65,176.0
2025-12-13,wk inc flu hosp,2,2025-12-27,39,quantile,0.7,194.0
2025-12-13,wk inc flu hosp,2,2025-12-27,39,quantile,0.75,216.0
2025-12-13,wk inc flu hosp,2,2025-12-27,39,quantile,0.8,243.0
2025-12-13,wk inc flu hosp,2,2025-12-27,39,quantile,0.85,271.0
2025-12-13,wk inc flu hosp,2,2025-12-27,39,quantile,0.9,324.0
2025-12-13,wk inc flu hosp,2,2025-12-27,39,quantile,0.95,367.0
2025-12-13,wk inc flu hosp,2,2025-12-27,39,quantile,0.975,404.0
2025-12-13,wk inc flu hosp,2,2025-12-27,39,quantile,0.99,453.0
2025-12-13,wk inc flu hosp,2,2025-12-27,40,quantile,0.01,2.0
2025-12-13,wk inc flu hosp,2,2025-12-27,40,quantile,0.025,2.0
2025-12-13,wk inc flu hosp,2,2025-12-27,40,quantile,0.05,3.0
2025-12-13,wk inc flu hosp,2,2025-12-27,40,quantile,0.1,4.0
2025-12-13,wk inc flu hosp,2,2025-12-27,40,quantile,0.15,5.0
2025-12-13,wk inc flu hosp,2,2025-12-27,40,quantile,0.2,11.0
2025-12-13,wk inc flu hosp,2,2025-12-27,40,quantile,0.25,19.0
2025-12-13,wk inc flu hosp,2,2025-12-27,40,quantile,0.3,24.0
2025-12-13,wk inc flu hosp,2,2025-12-27,40,quantile,0.35,26.0
2025-12-13,wk inc flu hosp,2,2025-12-27,40,quantile,0.4,28.0
2025-12-13,wk inc flu hosp,2,2025-12-27,40,quantile,0.45,30.0
2025-12-13,wk inc flu hosp,2,2025-12-27,40,quantile,0.5,33.0
2025-12-13,wk inc flu hosp,2,2025-12-27,40,quantile,0.55,35.0
2025-12-13,wk inc flu hosp,2,2025-12-27,40,quantile,0.6,38.0
2025-12-13,wk inc flu hosp,2,2025-12-27,40,quantile,0.65,41.0
2025-12-13,wk inc flu hosp,2,2025-12-27,40,quantile,0.7,44.0
2025-12-13,wk inc flu hosp,2,2025-12-27,40,quantile,0.75,50.0
2025-12-13,wk inc flu hosp,2,2025-12-27,40,quantile,0.8,55.0
2025-12-13,wk inc flu hosp,2,2025-12-27,40,quantile,0.85,63.0
2025-12-13,wk inc flu hosp,2,2025-12-27,40,quantile,0.9,74.0
2025-12-13,wk inc flu hosp,2,2025-12-27,40,quantile,0.95,100.0
2025-12-13,wk inc flu hosp,2,2025-12-27,40,quantile,0.975,139.0
2025-12-13,wk inc flu hosp,2,2025-12-27,40,quantile,0.99,186.0
2025-12-13,wk inc flu hosp,2,2025-12-27,41,quantile,0.01,4.0
2025-12-13,wk inc flu hosp,2,2025-12-27,41,quantile,0.025,6.0
2025-12-13,wk inc flu hosp,2,2025-12-27,41,quantile,0.05,8.0
2025-12-13,wk inc flu hosp,2,2025-12-27,41,quantile,0.1,9.0
2025-12-13,wk inc flu hosp,2,2025-12-27,41,quantile,0.15,13.0
2025-12-13,wk inc flu hosp,2,2025-12-27,41,quantile,0.2,22.0
2025-12-13,wk inc flu hosp,2,2025-12-27,41,quantile,0.25,30.0
2025-12-13,wk inc flu hosp,2,2025-12-27,41,quantile,0.3,33.0
2025-12-13,wk inc flu hosp,2,2025-12-27,41,quantile,0.35,36.0
2025-12-13,wk inc flu hosp,2,2025-12-27,41,quantile,0.4,40.0
2025-12-13,wk inc flu hosp,2,2025-12-27,41,quantile,0.45,43.0
2025-12-13,wk inc flu hosp,2,2025-12-27,41,quantile,0.5,48.0
2025-12-13,wk inc flu hosp,2,2025-12-27,41,quantile,0.55,51.0
2025-12-13,wk inc flu hosp,2,2025-12-27,41,quantile,0.6,55.0
2025-12-13,wk inc flu hosp,2,2025-12-27,41,quantile,0.65,59.0
2025-12-13,wk inc flu hosp,2,2025-12-27,41,quantile,0.7,66.0
2025-12-13,wk inc flu hosp,2,2025-12-27,41,quantile,0.75,74.0
2025-12-13,wk inc flu hosp,2,2025-12-27,41,quantile,0.8,83.0
2025-12-13,wk inc flu hosp,2,2025-12-27,41,quantile,0.85,93.0
2025-12-13,wk inc flu hosp,2,2025-12-27,41,quantile,0.9,111.0
2025-12-13,wk inc flu hosp,2,2025-12-27,41,quantile,0.95,145.0
2025-12-13,wk inc flu hosp,2,2025-12-27,41,quantile,0.975,178.0
2025-12-13,wk inc flu hosp,2,2025-12-27,41,quantile,0.99,224.0
2025-12-13,wk inc flu hosp,2,2025-12-27,42,quantile,0.01,22.0
2025-12-13,wk inc flu hosp,2,2025-12-27,42,quantile,0.025,32.0
2025-12-13,wk inc flu hosp,2,2025-12-27,42,quantile,0.05,41.0
2025-12-13,wk inc flu hosp,2,2025-12-27,42,quantile,0.1,54.0
2025-12-13,wk inc flu hosp,2,2025-12-27,42,quantile,0.15,94.0
2025-12-13,wk inc flu hosp,2,2025-12-27,42,quantile,0.2,132.0
2025-12-13,wk inc flu hosp,2,2025-12-27,42,quantile,0.25,169.0
2025-12-13,wk inc flu hosp,2,2025-12-27,42,quantile,0.3,188.0
2025-12-13,wk inc flu hosp,2,2025-12-27,42,quantile,0.35,204.0
2025-12-13,wk inc flu hosp,2,2025-12-27,42,quantile,0.4,223.0
2025-12-13,wk inc flu hosp,2,2025-12-27,42,quantile,0.45,238.0
2025-12-13,wk inc flu hosp,2,2025-12-27,42,quantile,0.5,256.0
2025-12-13,wk inc flu hosp,2,2025-12-27,42,quantile,0.55,279.0
2025-12-13,wk inc flu hosp,2,2025-12-27,42,quantile,0.6,299.0
2025-12-13,wk inc flu hosp,2,2025-12-27,42,quantile,0.65,321.0
2025-12-13,wk inc flu hosp,2,2025-12-27,42,quantile,0.7,349.0
2025-12-13,wk inc flu hosp,2,2025-12-27,42,quantile,0.75,387.0
2025-12-13,wk inc flu hosp,2,2025-12-27,42,quantile,0.8,427.0
2025-12-13,wk inc flu hosp,2,2025-12-27,42,quantile,0.85,469.0
2025-12-13,wk inc flu hosp,2,2025-12-27,42,quantile,0.9,544.0
2025-12-13,wk inc flu hosp,2,2025-12-27,42,quantile,0.95,676.0
2025-12-13,wk inc flu hosp,2,2025-12-27,42,quantile,0.975,758.0
2025-12-13,wk inc flu hosp,2,2025-12-27,42,quantile,0.99,846.0
2025-12-13,wk inc flu hosp,2,2025-12-27,44,quantile,0.01,2.0
2025-12-13,wk inc flu hosp,2,2025-12-27,44,quantile,0.025,2.0
2025-12-13,wk inc flu hosp,2,2025-12-27,44,quantile,0.05,3.0
2025-12-13,wk inc flu hosp,2,2025-12-27,44,quantile,0.1,6.0
2025-12-13,wk inc flu hosp,2,2025-12-27,44,quantile,0.15,9.0
2025-12-13,wk inc flu hosp,2,2025-12-27,44,quantile,0.2,11.0
2025-12-13,wk inc flu hosp,2,2025-12-27,44,quantile,0.25,13.0
2025-12-13,wk inc flu hosp,2,2025-12-27,44,quantile,0.3,14.0
2025-12-13,wk inc flu hosp,2,2025-12-27,44,quantile,0.35,16.0
2025-12-13,wk inc flu hosp,2,2025-12-27,44,quantile,0.4,17.0
2025-12-13,wk inc flu hosp,2,2025-12-27,44,quantile,0.45,18.0
2025-12-13,wk inc flu hosp,2,2025-12-27,44,quantile,0.5,19.0
2025-12-13,wk inc flu hosp,2,2025-12-27,44,quantile,0.55,21.0
2025-12-13,wk inc flu hosp,2,2025-12-27,44,quantile,0.6,23.0
2025-12-13,wk inc flu hosp,2,2025-12-27,44,quantile,0.65,24.0
2025-12-13,wk inc flu hosp,2,2025-12-27,44,quantile,0.7,26.0
2025-12-13,wk inc flu hosp,2,2025-12-27,44,quantile,0.75,28.0
2025-12-13,wk inc flu hosp,2,2025-12-27,44,quantile,0.8,30.0
2025-12-13,wk inc flu hosp,2,2025-12-27,44,quantile,0.85,32.0
2025-12-13,wk inc flu hosp,2,2025-12-27,44,quantile,0.9,36.0
2025-12-13,wk inc flu hosp,2,2025-12-27,44,quantile,0.95,40.0
2025-12-13,wk inc flu hosp,2,2025-12-27,44,quantile,0.975,45.0
2025-12-13,wk inc flu hosp,2,2025-12-27,44,quantile,0.99,51.0
2025-12-13,wk inc flu hosp,2,2025-12-27,45,quantile,0.01,9.0
2025-12-13,wk inc flu hosp,2,2025-12-27,45,quantile,0.025,13.0
2025-12-13,wk inc flu hosp,2,2025-12-27,45,quantile,0.05,17.0
2025-12-13,wk inc flu hosp,2,2025-12-27,45,quantile,0.1,21.0
2025-12-13,wk inc flu hosp,2,2025-12-27,45,quantile,0.15,31.0
2025-12-13,wk inc flu hosp,2,2025-12-27,45,quantile,0.2,45.0
2025-12-13,wk inc flu hosp,2,2025-12-27,45,quantile,0.25,57.0
2025-12-13,wk inc flu hosp,2,2025-12-27,45,quantile,0.3,71.0
2025-12-13,wk inc flu hosp,2,2025-12-27,45,quantile,0.35,83.0
2025-12-13,wk inc flu hosp,2,2025-12-27,45,quantile,0.4,90.0
2025-12-13,wk inc flu hosp,2,2025-12-27,45,quantile,0.45,98.0
2025-12-13,wk inc flu hosp,2,2025-12-27,45,quantile,0.5,106.0
2025-12-13,wk inc flu hosp,2,2025-12-27,45,quantile,0.55,115.0
2025-12-13,wk inc flu hosp,2,2025-12-27,45,quantile,0.6,123.0
2025-12-13,wk inc flu hosp,2,2025-12-27,45,quantile,0.65,133.0
2025-12-13,wk inc flu hosp,2,2025-12-27,45,quantile,0.7,146.0
2025-12-13,wk inc flu hosp,2,2025-12-27,45,quantile,0.75,163.0
2025-12-13,wk inc flu hosp,2,2025-12-27,45,quantile,0.8,180.0
2025-12-13,wk inc flu hosp,2,2025-12-27,45,quantile,0.85,203.0
2025-12-13,wk inc flu hosp,2,2025-12-27,45,quantile,0.9,234.0
2025-12-13,wk inc flu hosp,2,2025-12-27,45,quantile,0.95,292.0
2025-12-13,wk inc flu hosp,2,2025-12-27,45,quantile,0.975,323.0
2025-12-13,wk inc flu hosp,2,2025-12-27,45,quantile,0.99,372.0
2025-12-13,wk inc flu hosp,2,2025-12-27,46,quantile,0.01,0.0
2025-12-13,wk inc flu hosp,2,2025-12-27,46,quantile,0.025,0.0
2025-12-13,wk inc flu hosp,2,2025-12-27,46,quantile,0.05,0.0
2025-12-13,wk inc flu hosp,2,2025-12-27,46,quantile,0.1,0.0
2025-12-13,wk inc flu hosp,2,2025-12-27,46,quantile,0.15,1.0
2025-12-13,wk inc flu hosp,2,2025-12-27,46,quantile,0.2,1.0
2025-12-13,wk inc flu hosp,2,2025-12-27,46,quantile,0.25,2.0
2025-12-13,wk inc flu hosp,2,2025-12-27,46,quantile,0.3,3.0
2025-12-13,wk inc flu hosp,2,2025-12-27,46,quantile,0.35,4.0
2025-12-13,wk inc flu hosp,2,2025-12-27,46,quantile,0.4,4.0
2025-12-13,wk inc flu hosp,2,2025-12-27,46,quantile,0.45,5.0
2025-12-13,wk inc flu hosp,2,2025-12-27,46,quantile,0.5,5.0
2025-12-13,wk inc flu hosp,2,2025-12-27,46,quantile,0.55,6.0
2025-12-13,wk inc flu hosp,2,2025-12-27,46,quantile,0.6,6.0
2025-12-13,wk inc flu hosp,2,2025-12-27,46,quantile,0.65,7.0
2025-12-13,wk inc flu hosp,2,2025-12-27,46,quantile,0.7,7.0
2025-12-13,wk inc flu hosp,2,2025-12-27,46,quantile,0.75,8.0
2025-12-13,wk inc flu hosp,2,2025-12-27,46,quantile,0.8,9.0
2025-12-13,wk inc flu hosp,2,2025-12-27,46,quantile,0.85,10.0
2025-12-13,wk inc flu hosp,2,2025-12-27,46,quantile,0.9,12.0
2025-12-13,wk inc flu hosp,2,2025-12-27,46,quantile,0.95,16.0
2025-12-13,wk inc flu hosp,2,2025-12-27,46,quantile,0.975,27.0
2025-12-13,wk inc flu hosp,2,2025-12-27,46,quantile,0.99,36.0
2025-12-13,wk inc flu hosp,2,2025-12-27,47,quantile,0.01,10.0
2025-12-13,wk inc flu hosp,2,2025-12-27,47,quantile,0.025,14.0
2025-12-13,wk inc flu hosp,2,2025-12-27,47,quantile,0.05,17.0
2025-12-13,wk inc flu hosp,2,2025-12-27,47,quantile,0.1,20.0
2025-12-13,wk inc flu hosp,2,2025-12-27,47,quantile,0.15,23.0
2025-12-13,wk inc flu hosp,2,2025-12-27,47,quantile,0.2,40.0
2025-12-13,wk inc flu hosp,2,2025-12-27,47,quantile,0.25,62.0
2025-12-13,wk inc flu hosp,2,2025-12-27,47,quantile,0.3,78.0
2025-12-13,wk inc flu hosp,2,2025-12-27,47,quantile,0.35,88.0
2025-12-13,wk inc flu hosp,2,2025-12-27,47,quantile,0.4,95.0
2025-12-13,wk inc flu hosp,2,2025-12-27,47,quantile,0.45,103.0
2025-12-13,wk inc flu hosp,2,2025-12-27,47,quantile,0.5,113.0
2025-12-13,wk inc flu hosp,2,2025-12-27,47,quantile,0.55,121.0
2025-12-13,wk inc flu hosp,2,2025-12-27,47,quantile,0.6,131.0
2025-12-13,wk inc flu hosp,2,2025-12-27,47,quantile,0.65,141.0
2025-12-13,wk inc flu hosp,2,2025-12-27,47,quantile,0.7,155.0
2025-12-13,wk inc flu hosp,2,2025-12-27,47,quantile,0.75,173.0
2025-12-13,wk inc flu hosp,2,2025-12-27,47,quantile,0.8,194.0
2025-12-13,wk inc flu hosp,2,2025-12-27,47,quantile,0.85,220.0
2025-12-13,wk inc flu hosp,2,2025-12-27,47,quantile,0.9,261.0
2025-12-13,wk inc flu hosp,2,2025-12-27,47,quantile,0.95,320.0
2025-12-13,wk inc flu hosp,2,2025-12-27,47,quantile,0.975,383.0
2025-12-13,wk inc flu hosp,2,2025-12-27,47,quantile,0.99,446.0
2025-12-13,wk inc flu hosp,2,2025-12-27,48,quantile,0.01,122.0
2025-12-13,wk inc flu hosp,2,2025-12-27,48,quantile,0.025,156.0
2025-12-13,wk inc flu hosp,2,2025-12-27,48,quantile,0.05,187.0
2025-12-13,wk inc flu hosp,2,2025-12-27,48,quantile,0.1,228.0
2025-12-13,wk inc flu hosp,2,2025-12-27,48,quantile,0.15,407.0
2025-12-13,wk inc flu hosp,2,2025-12-27,48,quantile,0.2,551.0
2025-12-13,wk inc flu hosp,2,2025-12-27,48,quantile,0.25,664.0
2025-12-13,wk inc flu hosp,2,2025-12-27,48,quantile,0.3,759.0
2025-12-13,wk inc flu hosp,2,2025-12-27,48,quantile,0.35,824.0
2025-12-13,wk inc flu hosp,2,2025-12-27,48,quantile,0.4,886.0
2025-12-13,wk inc flu hosp,2,2025-12-27,48,quantile,0.45,942.0
2025-12-13,wk inc flu hosp,2,2025-12-27,48,quantile,0.5,999.0
2025-12-13,wk inc flu hosp,2,2025-12-27,48,quantile,0.55,1067.0
2025-12-13,wk inc flu hosp,2,2025-12-27,48,quantile,0.6,1149.0
2025-12-13,wk inc flu hosp,2,2025-12-27,48,quantile,0.65,1249.0
2025-12-13,wk inc flu hosp,2,2025-12-27,48,quantile,0.7,1364.0
2025-12-13,wk inc flu hosp,2,2025-12-27,48,quantile,0.75,1470.0
2025-12-13,wk inc flu hosp,2,2025-12-27,48,quantile,0.8,1618.0
2025-12-13,wk inc flu hosp,2,2025-12-27,48,quantile,0.85,1853.0
2025-12-13,wk inc flu hosp,2,2025-12-27,48,quantile,0.9,2165.0
2025-12-13,wk inc flu hosp,2,2025-12-27,48,quantile,0.95,2714.0
2025-12-13,wk inc flu hosp,2,2025-12-27,48,quantile,0.975,3020.0
2025-12-13,wk inc flu hosp,2,2025-12-27,48,quantile,0.99,3312.0
2025-12-13,wk inc flu hosp,2,2025-12-27,49,quantile,0.01,9.0
2025-12-13,wk inc flu hosp,2,2025-12-27,49,quantile,0.025,14.0
2025-12-13,wk inc flu hosp,2,2025-12-27,49,quantile,0.05,18.0
2025-12-13,wk inc flu hosp,2,2025-12-27,49,quantile,0.1,30.0
2025-12-13,wk inc flu hosp,2,2025-12-27,49,quantile,0.15,43.0
2025-12-13,wk inc flu hosp,2,2025-12-27,49,quantile,0.2,55.0
2025-12-13,wk inc flu hosp,2,2025-12-27,49,quantile,0.25,66.0
2025-12-13,wk inc flu hosp,2,2025-12-27,49,quantile,0.3,77.0
2025-12-13,wk inc flu hosp,2,2025-12-27,49,quantile,0.35,84.0
2025-12-13,wk inc flu hosp,2,2025-12-27,49,quantile,0.4,91.0
2025-12-13,wk inc flu hosp,2,2025-12-27,49,quantile,0.45,97.0
2025-12-13,wk inc flu hosp,2,2025-12-27,49,quantile,0.5,105.0
2025-12-13,wk inc flu hosp,2,2025-12-27,49,quantile,0.55,113.0
2025-12-13,wk inc flu hosp,2,2025-12-27,49,quantile,0.6,121.0
2025-12-13,wk inc flu hosp,2,2025-12-27,49,quantile,0.65,129.0
2025-12-13,wk inc flu hosp,2,2025-12-27,49,quantile,0.7,140.0
2025-12-13,wk inc flu hosp,2,2025-12-27,49,quantile,0.75,152.0
2025-12-13,wk inc flu hosp,2,2025-12-27,49,quantile,0.8,169.0
2025-12-13,wk inc flu hosp,2,2025-12-27,49,quantile,0.85,188.0
2025-12-13,wk inc flu hosp,2,2025-12-27,49,quantile,0.9,215.0
2025-12-13,wk inc flu hosp,2,2025-12-27,49,quantile,0.95,253.0
2025-12-13,wk inc flu hosp,2,2025-12-27,49,quantile,0.975,286.0
2025-12-13,wk inc flu hosp,2,2025-12-27,49,quantile,0.99,309.0
2025-12-13,wk inc flu hosp,2,2025-12-27,50,quantile,0.01,0.0
2025-12-13,wk inc flu hosp,2,2025-12-27,50,quantile,0.025,1.0
2025-12-13,wk inc flu hosp,2,2025-12-27,50,quantile,0.05,1.0
2025-12-13,wk inc flu hosp,2,2025-12-27,50,quantile,0.1,1.0
2025-12-13,wk inc flu hosp,2,2025-12-27,50,quantile,0.15,1.0
2025-12-13,wk inc flu hosp,2,2025-12-27,50,quantile,0.2,3.0
2025-12-13,wk inc flu hosp,2,2025-12-27,50,quantile,0.25,4.0
2025-12-13,wk inc flu hosp,2,2025-12-27,50,quantile,0.3,5.0
2025-12-13,wk inc flu hosp,2,2025-12-27,50,quantile,0.35,6.0
2025-12-13,wk inc flu hosp,2,2025-12-27,50,quantile,0.4,7.0
2025-12-13,wk inc flu hosp,2,2025-12-27,50,quantile,0.45,7.0
2025-12-13,wk inc flu hosp,2,2025-12-27,50,quantile,0.5,8.0
2025-12-13,wk inc flu hosp,2,2025-12-27,50,quantile,0.55,8.0
2025-12-13,wk inc flu hosp,2,2025-12-27,50,quantile,0.6,9.0
2025-12-13,wk inc flu hosp,2,2025-12-27,50,quantile,0.65,10.0
2025-12-13,wk inc flu hosp,2,2025-12-27,50,quantile,0.7,11.0
2025-12-13,wk inc flu hosp,2,2025-12-27,50,quantile,0.75,12.0
2025-12-13,wk inc flu hosp,2,2025-12-27,50,quantile,0.8,14.0
2025-12-13,wk inc flu hosp,2,2025-12-27,50,quantile,0.85,16.0
2025-12-13,wk inc flu hosp,2,2025-12-27,50,quantile,0.9,19.0
2025-12-13,wk inc flu hosp,2,2025-12-27,50,quantile,0.95,24.0
2025-12-13,wk inc flu hosp,2,2025-12-27,50,quantile,0.975,30.0
2025-12-13,wk inc flu hosp,2,2025-12-27,50,quantile,0.99,37.0
2025-12-13,wk inc flu hosp,2,2025-12-27,51,quantile,0.01,16.0
2025-12-13,wk inc flu hosp,2,2025-12-27,51,quantile,0.025,23.0
2025-12-13,wk inc flu hosp,2,2025-12-27,51,quantile,0.05,27.0
2025-12-13,wk inc flu hosp,2,2025-12-27,51,quantile,0.1,52.0
2025-12-13,wk inc flu hosp,2,2025-12-27,51,quantile,0.15,90.0
2025-12-13,wk inc flu hosp,2,2025-12-27,51,quantile,0.2,110.0
2025-12-13,wk inc flu hosp,2,2025-12-27,51,quantile,0.25,128.0
2025-12-13,wk inc flu hosp,2,2025-12-27,51,quantile,0.3,142.0
2025-12-13,wk inc flu hosp,2,2025-12-27,51,quantile,0.35,157.0
2025-12-13,wk inc flu hosp,2,2025-12-27,51,quantile,0.4,170.0
2025-12-13,wk inc flu hosp,2,2025-12-27,51,quantile,0.45,185.0
2025-12-13,wk inc flu hosp,2,2025-12-27,51,quantile,0.5,200.0
2025-12-13,wk inc flu hosp,2,2025-12-27,51,quantile,0.55,217.0
2025-12-13,wk inc flu hosp,2,2025-12-27,51,quantile,0.6,230.0
2025-12-13,wk inc flu hosp,2,2025-12-27,51,quantile,0.65,246.0
2025-12-13,wk inc flu hosp,2,2025-12-27,51,quantile,0.7,269.0
2025-12-13,wk inc flu hosp,2,2025-12-27,51,quantile,0.75,292.0
2025-12-13,wk inc flu hosp,2,2025-12-27,51,quantile,0.8,322.0
2025-12-13,wk inc flu hosp,2,2025-12-27,51,quantile,0.85,351.0
2025-12-13,wk inc flu hosp,2,2025-12-27,51,quantile,0.9,382.0
2025-12-13,wk inc flu hosp,2,2025-12-27,51,quantile,0.95,431.0
2025-12-13,wk inc flu hosp,2,2025-12-27,51,quantile,0.975,480.0
2025-12-13,wk inc flu hosp,2,2025-12-27,51,quantile,0.99,536.0
2025-12-13,wk inc flu hosp,2,2025-12-27,53,quantile,0.01,13.0
2025-12-13,wk inc flu hosp,2,2025-12-27,53,quantile,0.025,17.0
2025-12-13,wk inc flu hosp,2,2025-12-27,53,quantile,0.05,21.0
2025-12-13,wk inc flu hosp,2,2025-12-27,53,quantile,0.1,26.0
2025-12-13,wk inc flu hosp,2,2025-12-27,53,quantile,0.15,35.0
2025-12-13,wk inc flu hosp,2,2025-12-27,53,quantile,0.2,54.0
2025-12-13,wk inc flu hosp,2,2025-12-27,53,quantile,0.25,68.0
2025-12-13,wk inc flu hosp,2,2025-12-27,53,quantile,0.3,84.0
2025-12-13,wk inc flu hosp,2,2025-12-27,53,quantile,0.35,97.0
2025-12-13,wk inc flu hosp,2,2025-12-27,53,quantile,0.4,109.0
2025-12-13,wk inc flu hosp,2,2025-12-27,53,quantile,0.45,119.0
2025-12-13,wk inc flu hosp,2,2025-12-27,53,quantile,0.5,131.0
2025-12-13,wk inc flu hosp,2,2025-12-27,53,quantile,0.55,140.0
2025-12-13,wk inc flu hosp,2,2025-12-27,53,quantile,0.6,150.0
2025-12-13,wk inc flu hosp,2,2025-12-27,53,quantile,0.65,161.0
2025-12-13,wk inc flu hosp,2,2025-12-27,53,quantile,0.7,176.0
2025-12-13,wk inc flu hosp,2,2025-12-27,53,quantile,0.75,193.0
2025-12-13,wk inc flu hosp,2,2025-12-27,53,quantile,0.8,216.0
2025-12-13,wk inc flu hosp,2,2025-12-27,53,quantile,0.85,242.0
2025-12-13,wk inc flu hosp,2,2025-12-27,53,quantile,0.9,274.0
2025-12-13,wk inc flu hosp,2,2025-12-27,53,quantile,0.95,312.0
2025-12-13,wk inc flu hosp,2,2025-12-27,53,quantile,0.975,348.0
2025-12-13,wk inc flu hosp,2,2025-12-27,53,quantile,0.99,395.0
2025-12-13,wk inc flu hosp,2,2025-12-27,54,quantile,0.01,1.0
2025-12-13,wk inc flu hosp,2,2025-12-27,54,quantile,0.025,1.0
2025-12-13,wk inc flu hosp,2,2025-12-27,54,quantile,0.05,2.0
2025-12-13,wk inc flu hosp,2,2025-12-27,54,quantile,0.1,3.0
2025-12-13,wk inc flu hosp,2,2025-12-27,54,quantile,0.15,4.0
2025-12-13,wk inc flu hosp,2,2025-12-27,54,quantile,0.2,8.0
2025-12-13,wk inc flu hosp,2,2025-12-27,54,quantile,0.25,12.0
2025-12-13,wk inc flu hosp,2,2025-12-27,54,quantile,0.3,16.0
2025-12-13,wk inc flu hosp,2,2025-12-27,54,quantile,0.35,19.0
2025-12-13,wk inc flu hosp,2,2025-12-27,54,quantile,0.4,20.0
2025-12-13,wk inc flu hosp,2,2025-12-27,54,quantile,0.45,22.0
2025-12-13,wk inc flu hosp,2,2025-12-27,54,quantile,0.5,24.0
2025-12-13,wk inc flu hosp,2,2025-12-27,54,quantile,0.55,25.0
2025-12-13,wk inc flu hosp,2,2025-12-27,54,quantile,0.6,27.0
2025-12-13,wk inc flu hosp,2,2025-12-27,54,quantile,0.65,29.0
2025-12-13,wk inc flu hosp,2,2025-12-27,54,quantile,0.7,32.0
2025-12-13,wk inc flu hosp,2,2025-12-27,54,quantile,0.75,35.0
2025-12-13,wk inc flu hosp,2,2025-12-27,54,quantile,0.8,38.0
2025-12-13,wk inc flu hosp,2,2025-12-27,54,quantile,0.85,43.0
2025-12-13,wk inc flu hosp,2,2025-12-27,54,quantile,0.9,49.0
2025-12-13,wk inc flu hosp,2,2025-12-27,54,quantile,0.95,65.0
2025-12-13,wk inc flu hosp,2,2025-12-27,54,quantile,0.975,85.0
2025-12-13,wk inc flu hosp,2,2025-12-27,54,quantile,0.99,105.0
2025-12-13,wk inc flu hosp,2,2025-12-27,55,quantile,0.01,7.0
2025-12-13,wk inc flu hosp,2,2025-12-27,55,quantile,0.025,10.0
2025-12-13,wk inc flu hosp,2,2025-12-27,55,quantile,0.05,12.0
2025-12-13,wk inc flu hosp,2,2025-12-27,55,quantile,0.1,16.0
2025-12-13,wk inc flu hosp,2,2025-12-27,55,quantile,0.15,19.0
2025-12-13,wk inc flu hosp,2,2025-12-27,55,quantile,0.2,36.0
2025-12-13,wk inc flu hosp,2,2025-12-27,55,quantile,0.25,52.0
2025-12-13,wk inc flu hosp,2,2025-12-27,55,quantile,0.3,58.0
2025-12-13,wk inc flu hosp,2,2025-12-27,55,quantile,0.35,63.0
2025-12-13,wk inc flu hosp,2,2025-12-27,55,quantile,0.4,68.0
2025-12-13,wk inc flu hosp,2,2025-12-27,55,quantile,0.45,74.0
2025-12-13,wk inc flu hosp,2,2025-12-27,55,quantile,0.5,80.0
2025-12-13,wk inc flu hosp,2,2025-12-27,55,quantile,0.55,88.0
2025-12-13,wk inc flu hosp,2,2025-12-27,55,quantile,0.6,96.0
2025-12-13,wk inc flu hosp,2,2025-12-27,55,quantile,0.65,103.0
2025-12-13,wk inc flu hosp,2,2025-12-27,55,quantile,0.7,112.0
2025-12-13,wk inc flu hosp,2,2025-12-27,55,quantile,0.75,124.0
2025-12-13,wk inc flu hosp,2,2025-12-27,55,quantile,0.8,139.0
2025-12-13,wk inc flu hosp,2,2025-12-27,55,quantile,0.85,155.0
2025-12-13,wk inc flu hosp,2,2025-12-27,55,quantile,0.9,186.0
2025-12-13,wk inc flu hosp,2,2025-12-27,55,quantile,0.95,230.0
2025-12-13,wk inc flu hosp,2,2025-12-27,55,quantile,0.975,272.0
2025-12-13,wk inc flu hosp,2,2025-12-27,55,quantile,0.99,326.0
2025-12-13,wk inc flu hosp,2,2025-12-27,56,quantile,0.01,0.0
2025-12-13,wk inc flu hosp,2,2025-12-27,56,quantile,0.025,0.0
2025-12-13,wk inc flu hosp,2,2025-12-27,56,quantile,0.05,0.0
2025-12-13,wk inc flu hosp,2,2025-12-27,56,quantile,0.1,0.0
2025-12-13,wk inc flu hosp,2,2025-12-27,56,quantile,0.15,0.0
2025-12-13,wk inc flu hosp,2,2025-12-27,56,quantile,0.2,0.0
2025-12-13,wk inc flu hosp,2,2025-12-27,56,quantile,0.25,0.0
2025-12-13,wk inc flu hosp,2,2025-12-27,56,quantile,0.3,0.0
2025-12-13,wk inc flu hosp,2,2025-12-27,56,quantile,0.35,1.0
2025-12-13,wk inc flu hosp,2,2025-12-27,56,quantile,0.4,1.0
2025-12-13,wk inc flu hosp,2,2025-12-27,56,quantile,0.45,1.0
2025-12-13,wk inc flu hosp,2,2025-12-27,56,quantile,0.5,2.0
2025-12-13,wk inc flu hosp,2,2025-12-27,56,quantile,0.55,2.0
2025-12-13,wk inc flu hosp,2,2025-12-27,56,quantile,0.6,2.0
2025-12-13,wk inc flu hosp,2,2025-12-27,56,quantile,0.65,2.0
2025-12-13,wk inc flu hosp,2,2025-12-27,56,quantile,0.7,2.0
2025-12-13,wk inc flu hosp,2,2025-12-27,56,quantile,0.75,2.0
2025-12-13,wk inc flu hosp,2,2025-12-27,56,quantile,0.8,2.0
2025-12-13,wk inc flu hosp,2,2025-12-27,56,quantile,0.85,2.0
2025-12-13,wk inc flu hosp,2,2025-12-27,56,quantile,0.9,3.0
2025-12-13,wk inc flu hosp,2,2025-12-27,56,quantile,0.95,7.0
2025-12-13,wk inc flu hosp,2,2025-12-27,56,quantile,0.975,13.0
2025-12-13,wk inc flu hosp,2,2025-12-27,56,quantile,0.99,15.0
2025-12-13,wk inc flu hosp,2,2025-12-27,US,quantile,0.01,900.0
2025-12-13,wk inc flu hosp,2,2025-12-27,US,quantile,0.025,1307.0
2025-12-13,wk inc flu hosp,2,2025-12-27,US,quantile,0.05,1969.0
2025-12-13,wk inc flu hosp,2,2025-12-27,US,quantile,0.1,3310.0
2025-12-13,wk inc flu hosp,2,2025-12-27,US,quantile,0.15,4411.0
2025-12-13,wk inc flu hosp,2,2025-12-27,US,quantile,0.2,5137.0
2025-12-13,wk inc flu hosp,2,2025-12-27,US,quantile,0.25,5667.0
2025-12-13,wk inc flu hosp,2,2025-12-27,US,quantile,0.3,6154.0
2025-12-13,wk inc flu hosp,2,2025-12-27,US,quantile,0.35,6706.0
2025-12-13,wk inc flu hosp,2,2025-12-27,US,quantile,0.4,7265.0
2025-12-13,wk inc flu hosp,2,2025-12-27,US,quantile,0.45,7777.0
2025-12-13,wk inc flu hosp,2,2025-12-27,US,quantile,0.5,8513.0
2025-12-13,wk inc flu hosp,2,2025-12-27,US,quantile,0.55,9228.0
2025-12-13,wk inc flu hosp,2,2025-12-27,US,quantile,0.6,9844.0
2025-12-13,wk inc flu hosp,2,2025-12-27,US,quantile,0.65,10519.0
2025-12-13,wk inc flu hosp,2,2025-12-27,US,quantile,0.7,11387.0
2025-12-13,wk inc flu hosp,2,2025-12-27,US,quantile,0.75,12453.0
2025-12-13,wk inc flu hosp,2,2025-12-27,US,quantile,0.8,13283.0
2025-12-13,wk inc flu hosp,2,2025-12-27,US,quantile,0.85,14330.0
2025-12-13,wk inc flu hosp,2,2025-12-27,US,quantile,0.9,15777.0
2025-12-13,wk inc flu hosp,2,2025-12-27,US,quantile,0.95,17523.0
2025-12-13,wk inc flu hosp,2,2025-12-27,US,quantile,0.975,19194.0
2025-12-13,wk inc flu hosp,2,2025-12-27,US,quantile,0.99,21169.0
2025-12-13,wk inc flu hosp,3,2026-01-03,01,quantile,0.01,6.0
2025-12-13,wk inc flu hosp,3,2026-01-03,01,quantile,0.025,6.0
2025-12-13,wk inc flu hosp,3,2026-01-03,01,quantile,0.05,8.0
2025-12-13,wk inc flu hosp,3,2026-01-03,01,quantile,0.1,10.0
2025-12-13,wk inc flu hosp,3,2026-01-03,01,quantile,0.15,11.0
2025-12-13,wk inc flu hosp,3,2026-01-03,01,quantile,0.2,18.0
2025-12-13,wk inc flu hosp,3,2026-01-03,01,quantile,0.25,38.0
2025-12-13,wk inc flu hosp,3,2026-01-03,01,quantile,0.3,56.0
2025-12-13,wk inc flu hosp,3,2026-01-03,01,quantile,0.35,62.0
2025-12-13,wk inc flu hosp,3,2026-01-03,01,quantile,0.4,68.0
2025-12-13,wk inc flu hosp,3,2026-01-03,01,quantile,0.45,76.0
2025-12-13,wk inc flu hosp,3,2026-01-03,01,quantile,0.5,84.0
2025-12-13,wk inc flu hosp,3,2026-01-03,01,quantile,0.55,94.0
2025-12-13,wk inc flu hosp,3,2026-01-03,01,quantile,0.6,104.0
2025-12-13,wk inc flu hosp,3,2026-01-03,01,quantile,0.65,114.0
2025-12-13,wk inc flu hosp,3,2026-01-03,01,quantile,0.7,127.0
2025-12-13,wk inc flu hosp,3,2026-01-03,01,quantile,0.75,143.0
2025-12-13,wk inc flu hosp,3,2026-01-03,01,quantile,0.8,165.0
2025-12-13,wk inc flu hosp,3,2026-01-03,01,quantile,0.85,198.0
2025-12-13,wk inc flu hosp,3,2026-01-03,01,quantile,0.9,237.0
2025-12-13,wk inc flu hosp,3,2026-01-03,01,quantile,0.95,322.0
2025-12-13,wk inc flu hosp,3,2026-01-03,01,quantile,0.975,417.0
2025-12-13,wk inc flu hosp,3,2026-01-03,01,quantile,0.99,477.0
2025-12-13,wk inc flu hosp,3,2026-01-03,02,quantile,0.01,1.0
2025-12-13,wk inc flu hosp,3,2026-01-03,02,quantile,0.025,1.0
2025-12-13,wk inc flu hosp,3,2026-01-03,02,quantile,0.05,2.0
2025-12-13,wk inc flu hosp,3,2026-01-03,02,quantile,0.1,2.0
2025-12-13,wk inc flu hosp,3,2026-01-03,02,quantile,0.15,4.0
2025-12-13,wk inc flu hosp,3,2026-01-03,02,quantile,0.2,6.0
2025-12-13,wk inc flu hosp,3,2026-01-03,02,quantile,0.25,8.0
2025-12-13,wk inc flu hosp,3,2026-01-03,02,quantile,0.3,10.0
2025-12-13,wk inc flu hosp,3,2026-01-03,02,quantile,0.35,12.0
2025-12-13,wk inc flu hosp,3,2026-01-03,02,quantile,0.4,14.0
2025-12-13,wk inc flu hosp,3,2026-01-03,02,quantile,0.45,16.0
2025-12-13,wk inc flu hosp,3,2026-01-03,02,quantile,0.5,18.0
2025-12-13,wk inc flu hosp,3,2026-01-03,02,quantile,0.55,20.0
2025-12-13,wk inc flu hosp,3,2026-01-03,02,quantile,0.6,21.0
2025-12-13,wk inc flu hosp,3,2026-01-03,02,quantile,0.65,23.0
2025-12-13,wk inc flu hosp,3,2026-01-03,02,quantile,0.7,25.0
2025-12-13,wk inc flu hosp,3,2026-01-03,02,quantile,0.75,28.0
2025-12-13,wk inc flu hosp,3,2026-01-03,02,quantile,0.8,31.0
2025-12-13,wk inc flu hosp,3,2026-01-03,02,quantile,0.85,34.0
2025-12-13,wk inc flu hosp,3,2026-01-03,02,quantile,0.9,39.0
2025-12-13,wk inc flu hosp,3,2026-01-03,02,quantile,0.95,46.0
2025-12-13,wk inc flu hosp,3,2026-01-03,02,quantile,0.975,53.0
2025-12-13,wk inc flu hosp,3,2026-01-03,02,quantile,0.99,60.0
2025-12-13,wk inc flu hosp,3,2026-01-03,04,quantile,0.01,8.0
2025-12-13,wk inc flu hosp,3,2026-01-03,04,quantile,0.025,11.0
2025-12-13,wk inc flu hosp,3,2026-01-03,04,quantile,0.05,14.0
2025-12-13,wk inc flu hosp,3,2026-01-03,04,quantile,0.1,17.0
2025-12-13,wk inc flu hosp,3,2026-01-03,04,quantile,0.15,19.0
2025-12-13,wk inc flu hosp,3,2026-01-03,04,quantile,0.2,24.0
2025-12-13,wk inc flu hosp,3,2026-01-03,04,quantile,0.25,38.0
2025-12-13,wk inc flu hosp,3,2026-01-03,04,quantile,0.3,54.0
2025-12-13,wk inc flu hosp,3,2026-01-03,04,quantile,0.35,62.0
2025-12-13,wk inc flu hosp,3,2026-01-03,04,quantile,0.4,69.0
2025-12-13,wk inc flu hosp,3,2026-01-03,04,quantile,0.45,77.0
2025-12-13,wk inc flu hosp,3,2026-01-03,04,quantile,0.5,87.0
2025-12-13,wk inc flu hosp,3,2026-01-03,04,quantile,0.55,96.0
2025-12-13,wk inc flu hosp,3,2026-01-03,04,quantile,0.6,106.0
2025-12-13,wk inc flu hosp,3,2026-01-03,04,quantile,0.65,115.0
2025-12-13,wk inc flu hosp,3,2026-01-03,04,quantile,0.7,129.0
2025-12-13,wk inc flu hosp,3,2026-01-03,04,quantile,0.75,147.0
2025-12-13,wk inc flu hosp,3,2026-01-03,04,quantile,0.8,172.0
2025-12-13,wk inc flu hosp,3,2026-01-03,04,quantile,0.85,198.0
2025-12-13,wk inc flu hosp,3,2026-01-03,04,quantile,0.9,240.0
2025-12-13,wk inc flu hosp,3,2026-01-03,04,quantile,0.95,310.0
2025-12-13,wk inc flu hosp,3,2026-01-03,04,quantile,0.975,383.0
2025-12-13,wk inc flu hosp,3,2026-01-03,04,quantile,0.99,419.0
2025-12-13,wk inc flu hosp,3,2026-01-03,05,quantile,0.01,4.0
2025-12-13,wk inc flu hosp,3,2026-01-03,05,quantile,0.025,5.0
2025-12-13,wk inc flu hosp,3,2026-01-03,05,quantile,0.05,6.0
2025-12-13,wk inc flu hosp,3,2026-01-03,05,quantile,0.1,7.0
2025-12-13,wk inc flu hosp,3,2026-01-03,05,quantile,0.15,12.0
2025-12-13,wk inc flu hosp,3,2026-01-03,05,quantile,0.2,20.0
2025-12-13,wk inc flu hosp,3,2026-01-03,05,quantile,0.25,26.0
2025-12-13,wk inc flu hosp,3,2026-01-03,05,quantile,0.3,29.0
2025-12-13,wk inc flu hosp,3,2026-01-03,05,quantile,0.35,32.0
2025-12-13,wk inc flu hosp,3,2026-01-03,05,quantile,0.4,34.0
2025-12-13,wk inc flu hosp,3,2026-01-03,05,quantile,0.45,38.0
2025-12-13,wk inc flu hosp,3,2026-01-03,05,quantile,0.5,42.0
2025-12-13,wk inc flu hosp,3,2026-01-03,05,quantile,0.55,47.0
2025-12-13,wk inc flu hosp,3,2026-01-03,05,quantile,0.6,51.0
2025-12-13,wk inc flu hosp,3,2026-01-03,05,quantile,0.65,57.0
2025-12-13,wk inc flu hosp,3,2026-01-03,05,quantile,0.7,63.0
2025-12-13,wk inc flu hosp,3,2026-01-03,05,quantile,0.75,71.0
2025-12-13,wk inc flu hosp,3,2026-01-03,05,quantile,0.8,80.0
2025-12-13,wk inc flu hosp,3,2026-01-03,05,quantile,0.85,91.0
2025-12-13,wk inc flu hosp,3,2026-01-03,05,quantile,0.9,111.0
2025-12-13,wk inc flu hosp,3,2026-01-03,05,quantile,0.95,146.0
2025-12-13,wk inc flu hosp,3,2026-01-03,05,quantile,0.975,176.0
2025-12-13,wk inc flu hosp,3,2026-01-03,05,quantile,0.99,211.0
2025-12-13,wk inc flu hosp,3,2026-01-03,06,quantile,0.01,30.0
2025-12-13,wk inc flu hosp,3,2026-01-03,06,quantile,0.025,39.0
2025-12-13,wk inc flu hosp,3,2026-01-03,06,quantile,0.05,50.0
2025-12-13,wk inc flu hosp,3,2026-01-03,06,quantile,0.1,61.0
2025-12-13,wk inc flu hosp,3,2026-01-03,06,quantile,0.15,73.0
2025-12-13,wk inc flu hosp,3,2026-01-03,06,quantile,0.2,107.0
2025-12-13,wk inc flu hosp,3,2026-01-03,06,quantile,0.25,165.0
2025-12-13,wk inc flu hosp,3,2026-01-03,06,quantile,0.3,209.0
2025-12-13,wk inc flu hosp,3,2026-01-03,06,quantile,0.35,228.0
2025-12-13,wk inc flu hosp,3,2026-01-03,06,quantile,0.4,256.0
2025-12-13,wk inc flu hosp,3,2026-01-03,06,quantile,0.45,284.0
2025-12-13,wk inc flu hosp,3,2026-01-03,06,quantile,0.5,320.0
2025-12-13,wk inc flu hosp,3,2026-01-03,06,quantile,0.55,352.0
2025-12-13,wk inc flu hosp,3,2026-01-03,06,quantile,0.6,391.0
2025-12-13,wk inc flu hosp,3,2026-01-03,06,quantile,0.65,435.0
2025-12-13,wk inc flu hosp,3,2026-01-03,06,quantile,0.7,496.0
2025-12-13,wk inc flu hosp,3,2026-01-03,06,quantile,0.75,565.0
2025-12-13,wk inc flu hosp,3,2026-01-03,06,quantile,0.8,656.0
2025-12-13,wk inc flu hosp,3,2026-01-03,06,quantile,0.85,773.0
2025-12-13,wk inc flu hosp,3,2026-01-03,06,quantile,0.9,991.0
2025-12-13,wk inc flu hosp,3,2026-01-03,06,quantile,0.95,1208.0
2025-12-13,wk inc flu hosp,3,2026-01-03,06,quantile,0.975,1365.0
2025-12-13,wk inc flu hosp,3,2026-01-03,06,quantile,0.99,1453.0
2025-12-13,wk inc flu hosp,3,2026-01-03,08,quantile,0.01,33.0
2025-12-13,wk inc flu hosp,3,2026-01-03,08,quantile,0.025,47.0
2025-12-13,wk inc flu hosp,3,2026-01-03,08,quantile,0.05,65.0
2025-12-13,wk inc flu hosp,3,2026-01-03,08,quantile,0.1,96.0
2025-12-13,wk inc flu hosp,3,2026-01-03,08,quantile,0.15,120.0
2025-12-13,wk inc flu hosp,3,2026-01-03,08,quantile,0.2,136.0
2025-12-13,wk inc flu hosp,3,2026-01-03,08,quantile,0.25,152.0
2025-12-13,wk inc flu hosp,3,2026-01-03,08,quantile,0.3,167.0
2025-12-13,wk inc flu hosp,3,2026-01-03,08,quantile,0.35,180.0
2025-12-13,wk inc flu hosp,3,2026-01-03,08,quantile,0.4,192.0
2025-12-13,wk inc flu hosp,3,2026-01-03,08,quantile,0.45,206.0
2025-12-13,wk inc flu hosp,3,2026-01-03,08,quantile,0.5,217.0
2025-12-13,wk inc flu hosp,3,2026-01-03,08,quantile,0.55,228.0
2025-12-13,wk inc flu hosp,3,2026-01-03,08,quantile,0.6,242.0
2025-12-13,wk inc flu hosp,3,2026-01-03,08,quantile,0.65,258.0
2025-12-13,wk inc flu hosp,3,2026-01-03,08,quantile,0.7,275.0
2025-12-13,wk inc flu hosp,3,2026-01-03,08,quantile,0.75,293.0
2025-12-13,wk inc flu hosp,3,2026-01-03,08,quantile,0.8,311.0
2025-12-13,wk inc flu hosp,3,2026-01-03,08,quantile,0.85,334.0
2025-12-13,wk inc flu hosp,3,2026-01-03,08,quantile,0.9,360.0
2025-12-13,wk inc flu hosp,3,2026-01-03,08,quantile,0.95,410.0
2025-12-13,wk inc flu hosp,3,2026-01-03,08,quantile,0.975,464.0
2025-12-13,wk inc flu hosp,3,2026-01-03,08,quantile,0.99,509.0
2025-12-13,wk inc flu hosp,3,2026-01-03,09,quantile,0.01,16.0
2025-12-13,wk inc flu hosp,3,2026-01-03,09,quantile,0.025,26.0
2025-12-13,wk inc flu hosp,3,2026-01-03,09,quantile,0.05,37.0
2025-12-13,wk inc flu hosp,3,2026-01-03,09,quantile,0.1,55.0
2025-12-13,wk inc flu hosp,3,2026-01-03,09,quantile,0.15,69.0
2025-12-13,wk inc flu hosp,3,2026-01-03,09,quantile,0.2,79.0
2025-12-13,wk inc flu hosp,3,2026-01-03,09,quantile,0.25,88.0
2025-12-13,wk inc flu hosp,3,2026-01-03,09,quantile,0.3,95.0
2025-12-13,wk inc flu hosp,3,2026-01-03,09,quantile,0.35,104.0
2025-12-13,wk inc flu hosp,3,2026-01-03,09,quantile,0.4,111.0
2025-12-13,wk inc flu hosp,3,2026-01-03,09,quantile,0.45,119.0
2025-12-13,wk inc flu hosp,3,2026-01-03,09,quantile,0.5,127.0
2025-12-13,wk inc flu hosp,3,2026-01-03,09,quantile,0.55,135.0
2025-12-13,wk inc flu hosp,3,2026-01-03,09,quantile,0.6,144.0
2025-12-13,wk inc flu hosp,3,2026-01-03,09,quantile,0.65,154.0
2025-12-13,wk inc flu hosp,3,2026-01-03,09,quantile,0.7,163.0
2025-12-13,wk inc flu hosp,3,2026-01-03,09,quantile,0.75,172.0
2025-12-13,wk inc flu hosp,3,2026-01-03,09,quantile,0.8,183.0
2025-12-13,wk inc flu hosp,3,2026-01-03,09,quantile,0.85,198.0
2025-12-13,wk inc flu hosp,3,2026-01-03,09,quantile,0.9,214.0
2025-12-13,wk inc flu hosp,3,2026-01-03,09,quantile,0.95,241.0
2025-12-13,wk inc flu hosp,3,2026-01-03,09,quantile,0.975,267.0
2025-12-13,wk inc flu hosp,3,2026-01-03,09,quantile,0.99,291.0
2025-12-13,wk inc flu hosp,3,2026-01-03,10,quantile,0.01,2.0
2025-12-13,wk inc flu hosp,3,2026-01-03,10,quantile,0.025,2.0
2025-12-13,wk inc flu hosp,3,2026-01-03,10,quantile,0.05,3.0
2025-12-13,wk inc flu hosp,3,2026-01-03,10,quantile,0.1,3.0
2025-12-13,wk inc flu hosp,3,2026-01-03,10,quantile,0.15,5.0
2025-12-13,wk inc flu hosp,3,2026-01-03,10,quantile,0.2,8.0
2025-12-13,wk inc flu hosp,3,2026-01-03,10,quantile,0.25,11.0
2025-12-13,wk inc flu hosp,3,2026-01-03,10,quantile,0.3,13.0
2025-12-13,wk inc flu hosp,3,2026-01-03,10,quantile,0.35,17.0
2025-12-13,wk inc flu hosp,3,2026-01-03,10,quantile,0.4,19.0
2025-12-13,wk inc flu hosp,3,2026-01-03,10,quantile,0.45,21.0
2025-12-13,wk inc flu hosp,3,2026-01-03,10,quantile,0.5,23.0
2025-12-13,wk inc flu hosp,3,2026-01-03,10,quantile,0.55,26.0
2025-12-13,wk inc flu hosp,3,2026-01-03,10,quantile,0.6,28.0
2025-12-13,wk inc flu hosp,3,2026-01-03,10,quantile,0.65,31.0
2025-12-13,wk inc flu hosp,3,2026-01-03,10,quantile,0.7,33.0
2025-12-13,wk inc flu hosp,3,2026-01-03,10,quantile,0.75,38.0
2025-12-13,wk inc flu hosp,3,2026-01-03,10,quantile,0.8,42.0
2025-12-13,wk inc flu hosp,3,2026-01-03,10,quantile,0.85,47.0
2025-12-13,wk inc flu hosp,3,2026-01-03,10,quantile,0.9,55.0
2025-12-13,wk inc flu hosp,3,2026-01-03,10,quantile,0.95,67.0
2025-12-13,wk inc flu hosp,3,2026-01-03,10,quantile,0.975,74.0
2025-12-13,wk inc flu hosp,3,2026-01-03,10,quantile,0.99,84.0
2025-12-13,wk inc flu hosp,3,2026-01-03,11,quantile,0.01,1.0
2025-12-13,wk inc flu hosp,3,2026-01-03,11,quantile,0.025,1.0
2025-12-13,wk inc flu hosp,3,2026-01-03,11,quantile,0.05,2.0
2025-12-13,wk inc flu hosp,3,2026-01-03,11,quantile,0.1,2.0
2025-12-13,wk inc flu hosp,3,2026-01-03,11,quantile,0.15,4.0
2025-12-13,wk inc flu hosp,3,2026-01-03,11,quantile,0.2,6.0
2025-12-13,wk inc flu hosp,3,2026-01-03,11,quantile,0.25,7.0
2025-12-13,wk inc flu hosp,3,2026-01-03,11,quantile,0.3,9.0
2025-12-13,wk inc flu hosp,3,2026-01-03,11,quantile,0.35,11.0
2025-12-13,wk inc flu hosp,3,2026-01-03,11,quantile,0.4,12.0
2025-12-13,wk inc flu hosp,3,2026-01-03,11,quantile,0.45,13.0
2025-12-13,wk inc flu hosp,3,2026-01-03,11,quantile,0.5,15.0
2025-12-13,wk inc flu hosp,3,2026-01-03,11,quantile,0.55,16.0
2025-12-13,wk inc flu hosp,3,2026-01-03,11,quantile,0.6,18.0
2025-12-13,wk inc flu hosp,3,2026-01-03,11,quantile,0.65,19.0
2025-12-13,wk inc flu hosp,3,2026-01-03,11,quantile,0.7,20.0
2025-12-13,wk inc flu hosp,3,2026-01-03,11,quantile,0.75,22.0
2025-12-13,wk inc flu hosp,3,2026-01-03,11,quantile,0.8,24.0
2025-12-13,wk inc flu hosp,3,2026-01-03,11,quantile,0.85,27.0
2025-12-13,wk inc flu hosp,3,2026-01-03,11,quantile,0.9,31.0
2025-12-13,wk inc flu hosp,3,2026-01-03,11,quantile,0.95,36.0
2025-12-13,wk inc flu hosp,3,2026-01-03,11,quantile,0.975,40.0
2025-12-13,wk inc flu hosp,3,2026-01-03,11,quantile,0.99,45.0
2025-12-13,wk inc flu hosp,3,2026-01-03,12,quantile,0.01,83.0
2025-12-13,wk inc flu hosp,3,2026-01-03,12,quantile,0.025,101.0
2025-12-13,wk inc flu hosp,3,2026-01-03,12,quantile,0.05,174.0
2025-12-13,wk inc flu hosp,3,2026-01-03,12,quantile,0.1,285.0
2025-12-13,wk inc flu hosp,3,2026-01-03,12,quantile,0.15,373.0
2025-12-13,wk inc flu hosp,3,2026-01-03,12,quantile,0.2,413.0
2025-12-13,wk inc flu hosp,3,2026-01-03,12,quantile,0.25,454.0
2025-12-13,wk inc flu hosp,3,2026-01-03,12,quantile,0.3,495.0
2025-12-13,wk inc flu hosp,3,2026-01-03,12,quantile,0.35,537.0
2025-12-13,wk inc flu hosp,3,2026-01-03,12,quantile,0.4,576.0
2025-12-13,wk inc flu hosp,3,2026-01-03,12,quantile,0.45,617.0
2025-12-13,wk inc flu hosp,3,2026-01-03,12,quantile,0.5,668.0
2025-12-13,wk inc flu hosp,3,2026-01-03,12,quantile,0.55,715.0
2025-12-13,wk inc flu hosp,3,2026-01-03,12,quantile,0.6,781.0
2025-12-13,wk inc flu hosp,3,2026-01-03,12,quantile,0.65,866.0
2025-12-13,wk inc flu hosp,3,2026-01-03,12,quantile,0.7,951.0
2025-12-13,wk inc flu hosp,3,2026-01-03,12,quantile,0.75,1006.0
2025-12-13,wk inc flu hosp,3,2026-01-03,12,quantile,0.8,1065.0
2025-12-13,wk inc flu hosp,3,2026-01-03,12,quantile,0.85,1143.0
2025-12-13,wk inc flu hosp,3,2026-01-03,12,quantile,0.9,1266.0
2025-12-13,wk inc flu hosp,3,2026-01-03,12,quantile,0.95,1425.0
2025-12-13,wk inc flu hosp,3,2026-01-03,12,quantile,0.975,1609.0
2025-12-13,wk inc flu hosp,3,2026-01-03,12,quantile,0.99,1832.0
2025-12-13,wk inc flu hosp,3,2026-01-03,13,quantile,0.01,16.0
2025-12-13,wk inc flu hosp,3,2026-01-03,13,quantile,0.025,20.0
2025-12-13,wk inc flu hosp,3,2026-01-03,13,quantile,0.05,24.0
2025-12-13,wk inc flu hosp,3,2026-01-03,13,quantile,0.1,30.0
2025-12-13,wk inc flu hosp,3,2026-01-03,13,quantile,0.15,37.0
2025-12-13,wk inc flu hosp,3,2026-01-03,13,quantile,0.2,67.0
2025-12-13,wk inc flu hosp,3,2026-01-03,13,quantile,0.25,92.0
2025-12-13,wk inc flu hosp,3,2026-01-03,13,quantile,0.3,112.0
2025-12-13,wk inc flu hosp,3,2026-01-03,13,quantile,0.35,138.0
2025-12-13,wk inc flu hosp,3,2026-01-03,13,quantile,0.4,158.0
2025-12-13,wk inc flu hosp,3,2026-01-03,13,quantile,0.45,183.0
2025-12-13,wk inc flu hosp,3,2026-01-03,13,quantile,0.5,202.0
2025-12-13,wk inc flu hosp,3,2026-01-03,13,quantile,0.55,229.0
2025-12-13,wk inc flu hosp,3,2026-01-03,13,quantile,0.6,251.0
2025-12-13,wk inc flu hosp,3,2026-01-03,13,quantile,0.65,277.0
2025-12-13,wk inc flu hosp,3,2026-01-03,13,quantile,0.7,305.0
2025-12-13,wk inc flu hosp,3,2026-01-03,13,quantile,0.75,333.0
2025-12-13,wk inc flu hosp,3,2026-01-03,13,quantile,0.8,360.0
2025-12-13,wk inc flu hosp,3,2026-01-03,13,quantile,0.85,394.0
2025-12-13,wk inc flu hosp,3,2026-01-03,13,quantile,0.9,434.0
2025-12-13,wk inc flu hosp,3,2026-01-03,13,quantile,0.95,503.0
2025-12-13,wk inc flu hosp,3,2026-01-03,13,quantile,0.975,566.0
2025-12-13,wk inc flu hosp,3,2026-01-03,13,quantile,0.99,639.0
2025-12-13,wk inc flu hosp,3,2026-01-03,15,quantile,0.01,8.0
2025-12-13,wk inc flu hosp,3,2026-01-03,15,quantile,0.025,11.0
2025-12-13,wk inc flu hosp,3,2026-01-03,15,quantile,0.05,17.0
2025-12-13,wk inc flu hosp,3,2026-01-03,15,quantile,0.1,34.0
2025-12-13,wk inc flu hosp,3,2026-01-03,15,quantile,0.15,48.0
2025-12-13,wk inc flu hosp,3,2026-01-03,15,quantile,0.2,60.0
2025-12-13,wk inc flu hosp,3,2026-01-03,15,quantile,0.25,69.0
2025-12-13,wk inc flu hosp,3,2026-01-03,15,quantile,0.3,80.0
2025-12-13,wk inc flu hosp,3,2026-01-03,15,quantile,0.35,89.0
2025-12-13,wk inc flu hosp,3,2026-01-03,15,quantile,0.4,97.0
2025-12-13,wk inc flu hosp,3,2026-01-03,15,quantile,0.45,106.0
2025-12-13,wk inc flu hosp,3,2026-01-03,15,quantile,0.5,116.0
2025-12-13,wk inc flu hosp,3,2026-01-03,15,quantile,0.55,125.0
2025-12-13,wk inc flu hosp,3,2026-01-03,15,quantile,0.6,135.0
2025-12-13,wk inc flu hosp,3,2026-01-03,15,quantile,0.65,145.0
2025-12-13,wk inc flu hosp,3,2026-01-03,15,quantile,0.7,154.0
2025-12-13,wk inc flu hosp,3,2026-01-03,15,quantile,0.75,166.0
2025-12-13,wk inc flu hosp,3,2026-01-03,15,quantile,0.8,182.0
2025-12-13,wk inc flu hosp,3,2026-01-03,15,quantile,0.85,197.0
2025-12-13,wk inc flu hosp,3,2026-01-03,15,quantile,0.9,218.0
2025-12-13,wk inc flu hosp,3,2026-01-03,15,quantile,0.95,247.0
2025-12-13,wk inc flu hosp,3,2026-01-03,15,quantile,0.975,274.0
2025-12-13,wk inc flu hosp,3,2026-01-03,15,quantile,0.99,314.0
2025-12-13,wk inc flu hosp,3,2026-01-03,16,quantile,0.01,4.0
2025-12-13,wk inc flu hosp,3,2026-01-03,16,quantile,0.025,5.0
2025-12-13,wk inc flu hosp,3,2026-01-03,16,quantile,0.05,6.0
2025-12-13,wk inc flu hosp,3,2026-01-03,16,quantile,0.1,8.0
2025-12-13,wk inc flu hosp,3,2026-01-03,16,quantile,0.15,11.0
2025-12-13,wk inc flu hosp,3,2026-01-03,16,quantile,0.2,18.0
2025-12-13,wk inc flu hosp,3,2026-01-03,16,quantile,0.25,24.0
2025-12-13,wk inc flu hosp,3,2026-01-03,16,quantile,0.3,29.0
2025-12-13,wk inc flu hosp,3,2026-01-03,16,quantile,0.35,33.0
2025-12-13,wk inc flu hosp,3,2026-01-03,16,quantile,0.4,38.0
2025-12-13,wk inc flu hosp,3,2026-01-03,16,quantile,0.45,42.0
2025-12-13,wk inc flu hosp,3,2026-01-03,16,quantile,0.5,46.0
2025-12-13,wk inc flu hosp,3,2026-01-03,16,quantile,0.55,50.0
2025-12-13,wk inc flu hosp,3,2026-01-03,16,quantile,0.6,54.0
2025-12-13,wk inc flu hosp,3,2026-01-03,16,quantile,0.65,58.0
2025-12-13,wk inc flu hosp,3,2026-01-03,16,quantile,0.7,63.0
2025-12-13,wk inc flu hosp,3,2026-01-03,16,quantile,0.75,69.0
2025-12-13,wk inc flu hosp,3,2026-01-03,16,quantile,0.8,75.0
2025-12-13,wk inc flu hosp,3,2026-01-03,16,quantile,0.85,83.0
2025-12-13,wk inc flu hosp,3,2026-01-03,16,quantile,0.9,93.0
2025-12-13,wk inc flu hosp,3,2026-01-03,16,quantile,0.95,109.0
2025-12-13,wk inc flu hosp,3,2026-01-03,16,quantile,0.975,122.0
2025-12-13,wk inc flu hosp,3,2026-01-03,16,quantile,0.99,136.0
2025-12-13,wk inc flu hosp,3,2026-01-03,17,quantile,0.01,22.0
2025-12-13,wk inc flu hosp,3,2026-01-03,17,quantile,0.025,26.0
2025-12-13,wk inc flu hosp,3,2026-01-03,17,quantile,0.05,30.0
2025-12-13,wk inc flu hosp,3,2026-01-03,17,quantile,0.1,36.0
2025-12-13,wk inc flu hosp,3,2026-01-03,17,quantile,0.15,41.0
2025-12-13,wk inc flu hosp,3,2026-01-03,17,quantile,0.2,79.0
2025-12-13,wk inc flu hosp,3,2026-01-03,17,quantile,0.25,111.0
2025-12-13,wk inc flu hosp,3,2026-01-03,17,quantile,0.3,141.0
2025-12-13,wk inc flu hosp,3,2026-01-03,17,quantile,0.35,167.0
2025-12-13,wk inc flu hosp,3,2026-01-03,17,quantile,0.4,184.0
2025-12-13,wk inc flu hosp,3,2026-01-03,17,quantile,0.45,205.0
2025-12-13,wk inc flu hosp,3,2026-01-03,17,quantile,0.5,226.0
2025-12-13,wk inc flu hosp,3,2026-01-03,17,quantile,0.55,253.0
2025-12-13,wk inc flu hosp,3,2026-01-03,17,quantile,0.6,270.0
2025-12-13,wk inc flu hosp,3,2026-01-03,17,quantile,0.65,293.0
2025-12-13,wk inc flu hosp,3,2026-01-03,17,quantile,0.7,330.0
2025-12-13,wk inc flu hosp,3,2026-01-03,17,quantile,0.75,370.0
2025-12-13,wk inc flu hosp,3,2026-01-03,17,quantile,0.8,413.0
2025-12-13,wk inc flu hosp,3,2026-01-03,17,quantile,0.85,470.0
2025-12-13,wk inc flu hosp,3,2026-01-03,17,quantile,0.9,546.0
2025-12-13,wk inc flu hosp,3,2026-01-03,17,quantile,0.95,689.0
2025-12-13,wk inc flu hosp,3,2026-01-03,17,quantile,0.975,782.0
2025-12-13,wk inc flu hosp,3,2026-01-03,17,quantile,0.99,884.0
2025-12-13,wk inc flu hosp,3,2026-01-03,18,quantile,0.01,13.0
2025-12-13,wk inc flu hosp,3,2026-01-03,18,quantile,0.025,17.0
2025-12-13,wk inc flu hosp,3,2026-01-03,18,quantile,0.05,19.0
2025-12-13,wk inc flu hosp,3,2026-01-03,18,quantile,0.1,23.0
2025-12-13,wk inc flu hosp,3,2026-01-03,18,quantile,0.15,27.0
2025-12-13,wk inc flu hosp,3,2026-01-03,18,quantile,0.2,41.0
2025-12-13,wk inc flu hosp,3,2026-01-03,18,quantile,0.25,67.0
2025-12-13,wk inc flu hosp,3,2026-01-03,18,quantile,0.3,90.0
2025-12-13,wk inc flu hosp,3,2026-01-03,18,quantile,0.35,106.0
2025-12-13,wk inc flu hosp,3,2026-01-03,18,quantile,0.4,118.0
2025-12-13,wk inc flu hosp,3,2026-01-03,18,quantile,0.45,128.0
2025-12-13,wk inc flu hosp,3,2026-01-03,18,quantile,0.5,141.0
2025-12-13,wk inc flu hosp,3,2026-01-03,18,quantile,0.55,156.0
2025-12-13,wk inc flu hosp,3,2026-01-03,18,quantile,0.6,171.0
2025-12-13,wk inc flu hosp,3,2026-01-03,18,quantile,0.65,187.0
2025-12-13,wk inc flu hosp,3,2026-01-03,18,quantile,0.7,207.0
2025-12-13,wk inc flu hosp,3,2026-01-03,18,quantile,0.75,226.0
2025-12-13,wk inc flu hosp,3,2026-01-03,18,quantile,0.8,256.0
2025-12-13,wk inc flu hosp,3,2026-01-03,18,quantile,0.85,291.0
2025-12-13,wk inc flu hosp,3,2026-01-03,18,quantile,0.9,337.0
2025-12-13,wk inc flu hosp,3,2026-01-03,18,quantile,0.95,448.0
2025-12-13,wk inc flu hosp,3,2026-01-03,18,quantile,0.975,509.0
2025-12-13,wk inc flu hosp,3,2026-01-03,18,quantile,0.99,583.0
2025-12-13,wk inc flu hosp,3,2026-01-03,19,quantile,0.01,0.0
2025-12-13,wk inc flu hosp,3,2026-01-03,19,quantile,0.025,0.0
2025-12-13,wk inc flu hosp,3,2026-01-03,19,quantile,0.05,0.0
2025-12-13,wk inc flu hosp,3,2026-01-03,19,quantile,0.1,1.0
2025-12-13,wk inc flu hosp,3,2026-01-03,19,quantile,0.15,2.0
2025-12-13,wk inc flu hosp,3,2026-01-03,19,quantile,0.2,5.0
2025-12-13,wk inc flu hosp,3,2026-01-03,19,quantile,0.25,10.0
2025-12-13,wk inc flu hosp,3,2026-01-03,19,quantile,0.3,12.0
2025-12-13,wk inc flu hosp,3,2026-01-03,19,quantile,0.35,14.0
2025-12-13,wk inc flu hosp,3,2026-01-03,19,quantile,0.4,15.0
2025-12-13,wk inc flu hosp,3,2026-01-03,19,quantile,0.45,18.0
2025-12-13,wk inc flu hosp,3,2026-01-03,19,quantile,0.5,20.0
2025-12-13,wk inc flu hosp,3,2026-01-03,19,quantile,0.55,22.0
2025-12-13,wk inc flu hosp,3,2026-01-03,19,quantile,0.6,25.0
2025-12-13,wk inc flu hosp,3,2026-01-03,19,quantile,0.65,29.0
2025-12-13,wk inc flu hosp,3,2026-01-03,19,quantile,0.7,33.0
2025-12-13,wk inc flu hosp,3,2026-01-03,19,quantile,0.75,39.0
2025-12-13,wk inc flu hosp,3,2026-01-03,19,quantile,0.8,44.0
2025-12-13,wk inc flu hosp,3,2026-01-03,19,quantile,0.85,52.0
2025-12-13,wk inc flu hosp,3,2026-01-03,19,quantile,0.9,67.0
2025-12-13,wk inc flu hosp,3,2026-01-03,19,quantile,0.95,92.0
2025-12-13,wk inc flu hosp,3,2026-01-03,19,quantile,0.975,107.0
2025-12-13,wk inc flu hosp,3,2026-01-03,19,quantile,0.99,119.0
2025-12-13,wk inc flu hosp,3,2026-01-03,20,quantile,0.01,2.0
2025-12-13,wk inc flu hosp,3,2026-01-03,20,quantile,0.025,3.0
2025-12-13,wk inc flu hosp,3,2026-01-03,20,quantile,0.05,4.0
2025-12-13,wk inc flu hosp,3,2026-01-03,20,quantile,0.1,5.0
2025-12-13,wk inc flu hosp,3,2026-01-03,20,quantile,0.15,9.0
2025-12-13,wk inc flu hosp,3,2026-01-03,20,quantile,0.2,16.0
2025-12-13,wk inc flu hosp,3,2026-01-03,20,quantile,0.25,18.0
2025-12-13,wk inc flu hosp,3,2026-01-03,20,quantile,0.3,20.0
2025-12-13,wk inc flu hosp,3,2026-01-03,20,quantile,0.35,23.0
2025-12-13,wk inc flu hosp,3,2026-01-03,20,quantile,0.4,25.0
2025-12-13,wk inc flu hosp,3,2026-01-03,20,quantile,0.45,27.0
2025-12-13,wk inc flu hosp,3,2026-01-03,20,quantile,0.5,30.0
2025-12-13,wk inc flu hosp,3,2026-01-03,20,quantile,0.55,33.0
2025-12-13,wk inc flu hosp,3,2026-01-03,20,quantile,0.6,37.0
2025-12-13,wk inc flu hosp,3,2026-01-03,20,quantile,0.65,40.0
2025-12-13,wk inc flu hosp,3,2026-01-03,20,quantile,0.7,45.0
2025-12-13,wk inc flu hosp,3,2026-01-03,20,quantile,0.75,51.0
2025-12-13,wk inc flu hosp,3,2026-01-03,20,quantile,0.8,58.0
2025-12-13,wk inc flu hosp,3,2026-01-03,20,quantile,0.85,66.0
2025-12-13,wk inc flu hosp,3,2026-01-03,20,quantile,0.9,84.0
2025-12-13,wk inc flu hosp,3,2026-01-03,20,quantile,0.95,107.0
2025-12-13,wk inc flu hosp,3,2026-01-03,20,quantile,0.975,133.0
2025-12-13,wk inc flu hosp,3,2026-01-03,20,quantile,0.99,177.0
2025-12-13,wk inc flu hosp,3,2026-01-03,21,quantile,0.01,7.0
2025-12-13,wk inc flu hosp,3,2026-01-03,21,quantile,0.025,9.0
2025-12-13,wk inc flu hosp,3,2026-01-03,21,quantile,0.05,13.0
2025-12-13,wk inc flu hosp,3,2026-01-03,21,quantile,0.1,15.0
2025-12-13,wk inc flu hosp,3,2026-01-03,21,quantile,0.15,22.0
2025-12-13,wk inc flu hosp,3,2026-01-03,21,quantile,0.2,41.0
2025-12-13,wk inc flu hosp,3,2026-01-03,21,quantile,0.25,54.0
2025-12-13,wk inc flu hosp,3,2026-01-03,21,quantile,0.3,63.0
2025-12-13,wk inc flu hosp,3,2026-01-03,21,quantile,0.35,70.0
2025-12-13,wk inc flu hosp,3,2026-01-03,21,quantile,0.4,78.0
2025-12-13,wk inc flu hosp,3,2026-01-03,21,quantile,0.45,85.0
2025-12-13,wk inc flu hosp,3,2026-01-03,21,quantile,0.5,93.0
2025-12-13,wk inc flu hosp,3,2026-01-03,21,quantile,0.55,103.0
2025-12-13,wk inc flu hosp,3,2026-01-03,21,quantile,0.6,112.0
2025-12-13,wk inc flu hosp,3,2026-01-03,21,quantile,0.65,123.0
2025-12-13,wk inc flu hosp,3,2026-01-03,21,quantile,0.7,135.0
2025-12-13,wk inc flu hosp,3,2026-01-03,21,quantile,0.75,150.0
2025-12-13,wk inc flu hosp,3,2026-01-03,21,quantile,0.8,172.0
2025-12-13,wk inc flu hosp,3,2026-01-03,21,quantile,0.85,194.0
2025-12-13,wk inc flu hosp,3,2026-01-03,21,quantile,0.9,229.0
2025-12-13,wk inc flu hosp,3,2026-01-03,21,quantile,0.95,297.0
2025-12-13,wk inc flu hosp,3,2026-01-03,21,quantile,0.975,361.0
2025-12-13,wk inc flu hosp,3,2026-01-03,21,quantile,0.99,424.0
2025-12-13,wk inc flu hosp,3,2026-01-03,22,quantile,0.01,22.0
2025-12-13,wk inc flu hosp,3,2026-01-03,22,quantile,0.025,28.0
2025-12-13,wk inc flu hosp,3,2026-01-03,22,quantile,0.05,33.0
2025-12-13,wk inc flu hosp,3,2026-01-03,22,quantile,0.1,57.0
2025-12-13,wk inc flu hosp,3,2026-01-03,22,quantile,0.15,79.0
2025-12-13,wk inc flu hosp,3,2026-01-03,22,quantile,0.2,100.0
2025-12-13,wk inc flu hosp,3,2026-01-03,22,quantile,0.25,116.0
2025-12-13,wk inc flu hosp,3,2026-01-03,22,quantile,0.3,131.0
2025-12-13,wk inc flu hosp,3,2026-01-03,22,quantile,0.35,147.0
2025-12-13,wk inc flu hosp,3,2026-01-03,22,quantile,0.4,159.0
2025-12-13,wk inc flu hosp,3,2026-01-03,22,quantile,0.45,171.0
2025-12-13,wk inc flu hosp,3,2026-01-03,22,quantile,0.5,183.0
2025-12-13,wk inc flu hosp,3,2026-01-03,22,quantile,0.55,197.0
2025-12-13,wk inc flu hosp,3,2026-01-03,22,quantile,0.6,214.0
2025-12-13,wk inc flu hosp,3,2026-01-03,22,quantile,0.65,230.0
2025-12-13,wk inc flu hosp,3,2026-01-03,22,quantile,0.7,247.0
2025-12-13,wk inc flu hosp,3,2026-01-03,22,quantile,0.75,263.0
2025-12-13,wk inc flu hosp,3,2026-01-03,22,quantile,0.8,279.0
2025-12-13,wk inc flu hosp,3,2026-01-03,22,quantile,0.85,301.0
2025-12-13,wk inc flu hosp,3,2026-01-03,22,quantile,0.9,328.0
2025-12-13,wk inc flu hosp,3,2026-01-03,22,quantile,0.95,379.0
2025-12-13,wk inc flu hosp,3,2026-01-03,22,quantile,0.975,422.0
2025-12-13,wk inc flu hosp,3,2026-01-03,22,quantile,0.99,471.0
2025-12-13,wk inc flu hosp,3,2026-01-03,23,quantile,0.01,0.0
2025-12-13,wk inc flu hosp,3,2026-01-03,23,quantile,0.025,0.0
2025-12-13,wk inc flu hosp,3,2026-01-03,23,quantile,0.05,0.0
2025-12-13,wk inc flu hosp,3,2026-01-03,23,quantile,0.1,0.0
2025-12-13,wk inc flu hosp,3,2026-01-03,23,quantile,0.15,0.0
2025-12-13,wk inc flu hosp,3,2026-01-03,23,quantile,0.2,0.0
2025-12-13,wk inc flu hosp,3,2026-01-03,23,quantile,0.25,0.0
2025-12-13,wk inc flu hosp,3,2026-01-03,23,quantile,0.3,2.0
2025-12-13,wk inc flu hosp,3,2026-01-03,23,quantile,0.35,4.0
2025-12-13,wk inc flu hosp,3,2026-01-03,23,quantile,0.4,5.0
2025-12-13,wk inc flu hosp,3,2026-01-03,23,quantile,0.45,7.0
2025-12-13,wk inc flu hosp,3,2026-01-03,23,quantile,0.5,10.0
2025-12-13,wk inc flu hosp,3,2026-01-03,23,quantile,0.55,11.0
2025-12-13,wk inc flu hosp,3,2026-01-03,23,quantile,0.6,13.0
2025-12-13,wk inc flu hosp,3,2026-01-03,23,quantile,0.65,15.0
2025-12-13,wk inc flu hosp,3,2026-01-03,23,quantile,0.7,17.0
2025-12-13,wk inc flu hosp,3,2026-01-03,23,quantile,0.75,19.0
2025-12-13,wk inc flu hosp,3,2026-01-03,23,quantile,0.8,21.0
2025-12-13,wk inc flu hosp,3,2026-01-03,23,quantile,0.85,25.0
2025-12-13,wk inc flu hosp,3,2026-01-03,23,quantile,0.9,27.0
2025-12-13,wk inc flu hosp,3,2026-01-03,23,quantile,0.95,34.0
2025-12-13,wk inc flu hosp,3,2026-01-03,23,quantile,0.975,39.0
2025-12-13,wk inc flu hosp,3,2026-01-03,23,quantile,0.99,43.0
2025-12-13,wk inc flu hosp,3,2026-01-03,24,quantile,0.01,24.0
2025-12-13,wk inc flu hosp,3,2026-01-03,24,quantile,0.025,32.0
2025-12-13,wk inc flu hosp,3,2026-01-03,24,quantile,0.05,38.0
2025-12-13,wk inc flu hosp,3,2026-01-03,24,quantile,0.1,55.0
2025-12-13,wk inc flu hosp,3,2026-01-03,24,quantile,0.15,87.0
2025-12-13,wk inc flu hosp,3,2026-01-03,24,quantile,0.2,111.0
2025-12-13,wk inc flu hosp,3,2026-01-03,24,quantile,0.25,132.0
2025-12-13,wk inc flu hosp,3,2026-01-03,24,quantile,0.3,152.0
2025-12-13,wk inc flu hosp,3,2026-01-03,24,quantile,0.35,167.0
2025-12-13,wk inc flu hosp,3,2026-01-03,24,quantile,0.4,186.0
2025-12-13,wk inc flu hosp,3,2026-01-03,24,quantile,0.45,203.0
2025-12-13,wk inc flu hosp,3,2026-01-03,24,quantile,0.5,222.0
2025-12-13,wk inc flu hosp,3,2026-01-03,24,quantile,0.55,239.0
2025-12-13,wk inc flu hosp,3,2026-01-03,24,quantile,0.6,254.0
2025-12-13,wk inc flu hosp,3,2026-01-03,24,quantile,0.65,272.0
2025-12-13,wk inc flu hosp,3,2026-01-03,24,quantile,0.7,292.0
2025-12-13,wk inc flu hosp,3,2026-01-03,24,quantile,0.75,315.0
2025-12-13,wk inc flu hosp,3,2026-01-03,24,quantile,0.8,345.0
2025-12-13,wk inc flu hosp,3,2026-01-03,24,quantile,0.85,369.0
2025-12-13,wk inc flu hosp,3,2026-01-03,24,quantile,0.9,407.0
2025-12-13,wk inc flu hosp,3,2026-01-03,24,quantile,0.95,471.0
2025-12-13,wk inc flu hosp,3,2026-01-03,24,quantile,0.975,524.0
2025-12-13,wk inc flu hosp,3,2026-01-03,24,quantile,0.99,588.0
2025-12-13,wk inc flu hosp,3,2026-01-03,25,quantile,0.01,13.0
2025-12-13,wk inc flu hosp,3,2026-01-03,25,quantile,0.025,17.0
2025-12-13,wk inc flu hosp,3,2026-01-03,25,quantile,0.05,19.0
2025-12-13,wk inc flu hosp,3,2026-01-03,25,quantile,0.1,35.0
2025-12-13,wk inc flu hosp,3,2026-01-03,25,quantile,0.15,53.0
2025-12-13,wk inc flu hosp,3,2026-01-03,25,quantile,0.2,67.0
2025-12-13,wk inc flu hosp,3,2026-01-03,25,quantile,0.25,80.0
2025-12-13,wk inc flu hosp,3,2026-01-03,25,quantile,0.3,92.0
2025-12-13,wk inc flu hosp,3,2026-01-03,25,quantile,0.35,102.0
2025-12-13,wk inc flu hosp,3,2026-01-03,25,quantile,0.4,112.0
2025-12-13,wk inc flu hosp,3,2026-01-03,25,quantile,0.45,124.0
2025-12-13,wk inc flu hosp,3,2026-01-03,25,quantile,0.5,134.0
2025-12-13,wk inc flu hosp,3,2026-01-03,25,quantile,0.55,142.0
2025-12-13,wk inc flu hosp,3,2026-01-03,25,quantile,0.6,151.0
2025-12-13,wk inc flu hosp,3,2026-01-03,25,quantile,0.65,162.0
2025-12-13,wk inc flu hosp,3,2026-01-03,25,quantile,0.7,174.0
2025-12-13,wk inc flu hosp,3,2026-01-03,25,quantile,0.75,189.0
2025-12-13,wk inc flu hosp,3,2026-01-03,25,quantile,0.8,205.0
2025-12-13,wk inc flu hosp,3,2026-01-03,25,quantile,0.85,223.0
2025-12-13,wk inc flu hosp,3,2026-01-03,25,quantile,0.9,245.0
2025-12-13,wk inc flu hosp,3,2026-01-03,25,quantile,0.95,283.0
2025-12-13,wk inc flu hosp,3,2026-01-03,25,quantile,0.975,312.0
2025-12-13,wk inc flu hosp,3,2026-01-03,25,quantile,0.99,351.0
2025-12-13,wk inc flu hosp,3,2026-01-03,26,quantile,0.01,18.0
2025-12-13,wk inc flu hosp,3,2026-01-03,26,quantile,0.025,26.0
2025-12-13,wk inc flu hosp,3,2026-01-03,26,quantile,0.05,32.0
2025-12-13,wk inc flu hosp,3,2026-01-03,26,quantile,0.1,39.0
2025-12-13,wk inc flu hosp,3,2026-01-03,26,quantile,0.15,62.0
2025-12-13,wk inc flu hosp,3,2026-01-03,26,quantile,0.2,86.0
2025-12-13,wk inc flu hosp,3,2026-01-03,26,quantile,0.25,108.0
2025-12-13,wk inc flu hosp,3,2026-01-03,26,quantile,0.3,131.0
2025-12-13,wk inc flu hosp,3,2026-01-03,26,quantile,0.35,149.0
2025-12-13,wk inc flu hosp,3,2026-01-03,26,quantile,0.4,166.0
2025-12-13,wk inc flu hosp,3,2026-01-03,26,quantile,0.45,184.0
2025-12-13,wk inc flu hosp,3,2026-01-03,26,quantile,0.5,203.0
2025-12-13,wk inc flu hosp,3,2026-01-03,26,quantile,0.55,222.0
2025-12-13,wk inc flu hosp,3,2026-01-03,26,quantile,0.6,248.0
2025-12-13,wk inc flu hosp,3,2026-01-03,26,quantile,0.65,270.0
2025-12-13,wk inc flu hosp,3,2026-01-03,26,quantile,0.7,297.0
2025-12-13,wk inc flu hosp,3,2026-01-03,26,quantile,0.75,325.0
2025-12-13,wk inc flu hosp,3,2026-01-03,26,quantile,0.8,353.0
2025-12-13,wk inc flu hosp,3,2026-01-03,26,quantile,0.85,388.0
2025-12-13,wk inc flu hosp,3,2026-01-03,26,quantile,0.9,427.0
2025-12-13,wk inc flu hosp,3,2026-01-03,26,quantile,0.95,492.0
2025-12-13,wk inc flu hosp,3,2026-01-03,26,quantile,0.975,555.0
2025-12-13,wk inc flu hosp,3,2026-01-03,26,quantile,0.99,629.0
2025-12-13,wk inc flu hosp,3,2026-01-03,27,quantile,0.01,18.0
2025-12-13,wk inc flu hosp,3,2026-01-03,27,quantile,0.025,24.0
2025-12-13,wk inc flu hosp,3,2026-01-03,27,quantile,0.05,27.0
2025-12-13,wk inc flu hosp,3,2026-01-03,27,quantile,0.1,34.0
2025-12-13,wk inc flu hosp,3,2026-01-03,27,quantile,0.15,48.0
2025-12-13,wk inc flu hosp,3,2026-01-03,27,quantile,0.2,73.0
2025-12-13,wk inc flu hosp,3,2026-01-03,27,quantile,0.25,97.0
2025-12-13,wk inc flu hosp,3,2026-01-03,27,quantile,0.3,118.0
2025-12-13,wk inc flu hosp,3,2026-01-03,27,quantile,0.35,135.0
2025-12-13,wk inc flu hosp,3,2026-01-03,27,quantile,0.4,154.0
2025-12-13,wk inc flu hosp,3,2026-01-03,27,quantile,0.45,177.0
2025-12-13,wk inc flu hosp,3,2026-01-03,27,quantile,0.5,194.0
2025-12-13,wk inc flu hosp,3,2026-01-03,27,quantile,0.55,209.0
2025-12-13,wk inc flu hosp,3,2026-01-03,27,quantile,0.6,227.0
2025-12-13,wk inc flu hosp,3,2026-01-03,27,quantile,0.65,243.0
2025-12-13,wk inc flu hosp,3,2026-01-03,27,quantile,0.7,268.0
2025-12-13,wk inc flu hosp,3,2026-01-03,27,quantile,0.75,290.0
2025-12-13,wk inc flu hosp,3,2026-01-03,27,quantile,0.8,331.0
2025-12-13,wk inc flu hosp,3,2026-01-03,27,quantile,0.85,373.0
2025-12-13,wk inc flu hosp,3,2026-01-03,27,quantile,0.9,428.0
2025-12-13,wk inc flu hosp,3,2026-01-03,27,quantile,0.95,492.0
2025-12-13,wk inc flu hosp,3,2026-01-03,27,quantile,0.975,540.0
2025-12-13,wk inc flu hosp,3,2026-01-03,27,quantile,0.99,635.0
2025-12-13,wk inc flu hosp,3,2026-01-03,28,quantile,0.01,0.0
2025-12-13,wk inc flu hosp,3,2026-01-03,28,quantile,0.025,0.0
2025-12-13,wk inc flu hosp,3,2026-01-03,28,quantile,0.05,0.0
2025-12-13,wk inc flu hosp,3,2026-01-03,28,quantile,0.1,0.0
2025-12-13,wk inc flu hosp,3,2026-01-03,28,quantile,0.15,0.0
2025-12-13,wk inc flu hosp,3,2026-01-03,28,quantile,0.2,0.0
2025-12-13,wk inc flu hosp,3,2026-01-03,28,quantile,0.25,5.0
2025-12-13,wk inc flu hosp,3,2026-01-03,28,quantile,0.3,13.0
2025-12-13,wk inc flu hosp,3,2026-01-03,28,quantile,0.35,20.0
2025-12-13,wk inc flu hosp,3,2026-01-03,28,quantile,0.4,23.0
2025-12-13,wk inc flu hosp,3,2026-01-03,28,quantile,0.45,26.0
2025-12-13,wk inc flu hosp,3,2026-01-03,28,quantile,0.5,31.0
2025-12-13,wk inc flu hosp,3,2026-01-03,28,quantile,0.55,34.0
2025-12-13,wk inc flu hosp,3,2026-01-03,28,quantile,0.6,39.0
2025-12-13,wk inc flu hosp,3,2026-01-03,28,quantile,0.65,44.0
2025-12-13,wk inc flu hosp,3,2026-01-03,28,quantile,0.7,49.0
2025-12-13,wk inc flu hosp,3,2026-01-03,28,quantile,0.75,55.0
2025-12-13,wk inc flu hosp,3,2026-01-03,28,quantile,0.8,65.0
2025-12-13,wk inc flu hosp,3,2026-01-03,28,quantile,0.85,80.0
2025-12-13,wk inc flu hosp,3,2026-01-03,28,quantile,0.9,94.0
2025-12-13,wk inc flu hosp,3,2026-01-03,28,quantile,0.95,134.0
2025-12-13,wk inc flu hosp,3,2026-01-03,28,quantile,0.975,170.0
2025-12-13,wk inc flu hosp,3,2026-01-03,28,quantile,0.99,221.0
2025-12-13,wk inc flu hosp,3,2026-01-03,30,quantile,0.01,2.0
2025-12-13,wk inc flu hosp,3,2026-01-03,30,quantile,0.025,2.0
2025-12-13,wk inc flu hosp,3,2026-01-03,30,quantile,0.05,3.0
2025-12-13,wk inc flu hosp,3,2026-01-03,30,quantile,0.1,4.0
2025-12-13,wk inc flu hosp,3,2026-01-03,30,quantile,0.15,5.0
2025-12-13,wk inc flu hosp,3,2026-01-03,30,quantile,0.2,8.0
2025-12-13,wk inc flu hosp,3,2026-01-03,30,quantile,0.25,11.0
2025-12-13,wk inc flu hosp,3,2026-01-03,30,quantile,0.3,14.0
2025-12-13,wk inc flu hosp,3,2026-01-03,30,quantile,0.35,16.0
2025-12-13,wk inc flu hosp,3,2026-01-03,30,quantile,0.4,19.0
2025-12-13,wk inc flu hosp,3,2026-01-03,30,quantile,0.45,21.0
2025-12-13,wk inc flu hosp,3,2026-01-03,30,quantile,0.5,23.0
2025-12-13,wk inc flu hosp,3,2026-01-03,30,quantile,0.55,26.0
2025-12-13,wk inc flu hosp,3,2026-01-03,30,quantile,0.6,29.0
2025-12-13,wk inc flu hosp,3,2026-01-03,30,quantile,0.65,31.0
2025-12-13,wk inc flu hosp,3,2026-01-03,30,quantile,0.7,34.0
2025-12-13,wk inc flu hosp,3,2026-01-03,30,quantile,0.75,38.0
2025-12-13,wk inc flu hosp,3,2026-01-03,30,quantile,0.8,42.0
2025-12-13,wk inc flu hosp,3,2026-01-03,30,quantile,0.85,47.0
2025-12-13,wk inc flu hosp,3,2026-01-03,30,quantile,0.9,53.0
2025-12-13,wk inc flu hosp,3,2026-01-03,30,quantile,0.95,62.0
2025-12-13,wk inc flu hosp,3,2026-01-03,30,quantile,0.975,69.0
2025-12-13,wk inc flu hosp,3,2026-01-03,30,quantile,0.99,76.0
2025-12-13,wk inc flu hosp,3,2026-01-03,31,quantile,0.01,0.0
2025-12-13,wk inc flu hosp,3,2026-01-03,31,quantile,0.025,1.0
2025-12-13,wk inc flu hosp,3,2026-01-03,31,quantile,0.05,1.0
2025-12-13,wk inc flu hosp,3,2026-01-03,31,quantile,0.1,2.0
2025-12-13,wk inc flu hosp,3,2026-01-03,31,quantile,0.15,2.0
2025-12-13,wk inc flu hosp,3,2026-01-03,31,quantile,0.2,3.0
2025-12-13,wk inc flu hosp,3,2026-01-03,31,quantile,0.25,6.0
2025-12-13,wk inc flu hosp,3,2026-01-03,31,quantile,0.3,7.0
2025-12-13,wk inc flu hosp,3,2026-01-03,31,quantile,0.35,8.0
2025-12-13,wk inc flu hosp,3,2026-01-03,31,quantile,0.4,9.0
2025-12-13,wk inc flu hosp,3,2026-01-03,31,quantile,0.45,10.0
2025-12-13,wk inc flu hosp,3,2026-01-03,31,quantile,0.5,11.0
2025-12-13,wk inc flu hosp,3,2026-01-03,31,quantile,0.55,13.0
2025-12-13,wk inc flu hosp,3,2026-01-03,31,quantile,0.6,14.0
2025-12-13,wk inc flu hosp,3,2026-01-03,31,quantile,0.65,16.0
2025-12-13,wk inc flu hosp,3,2026-01-03,31,quantile,0.7,18.0
2025-12-13,wk inc flu hosp,3,2026-01-03,31,quantile,0.75,21.0
2025-12-13,wk inc flu hosp,3,2026-01-03,31,quantile,0.8,24.0
2025-12-13,wk inc flu hosp,3,2026-01-03,31,quantile,0.85,29.0
2025-12-13,wk inc flu hosp,3,2026-01-03,31,quantile,0.9,36.0
2025-12-13,wk inc flu hosp,3,2026-01-03,31,quantile,0.95,52.0
2025-12-13,wk inc flu hosp,3,2026-01-03,31,quantile,0.975,66.0
2025-12-13,wk inc flu hosp,3,2026-01-03,31,quantile,0.99,73.0
2025-12-13,wk inc flu hosp,3,2026-01-03,32,quantile,0.01,3.0
2025-12-13,wk inc flu hosp,3,2026-01-03,32,quantile,0.025,4.0
2025-12-13,wk inc flu hosp,3,2026-01-03,32,quantile,0.05,5.0
2025-12-13,wk inc flu hosp,3,2026-01-03,32,quantile,0.1,6.0
2025-12-13,wk inc flu hosp,3,2026-01-03,32,quantile,0.15,8.0
2025-12-13,wk inc flu hosp,3,2026-01-03,32,quantile,0.2,12.0
2025-12-13,wk inc flu hosp,3,2026-01-03,32,quantile,0.25,17.0
2025-12-13,wk inc flu hosp,3,2026-01-03,32,quantile,0.3,21.0
2025-12-13,wk inc flu hosp,3,2026-01-03,32,quantile,0.35,25.0
2025-12-13,wk inc flu hosp,3,2026-01-03,32,quantile,0.4,28.0
2025-12-13,wk inc flu hosp,3,2026-01-03,32,quantile,0.45,31.0
2025-12-13,wk inc flu hosp,3,2026-01-03,32,quantile,0.5,34.0
2025-12-13,wk inc flu hosp,3,2026-01-03,32,quantile,0.55,38.0
2025-12-13,wk inc flu hosp,3,2026-01-03,32,quantile,0.6,41.0
2025-12-13,wk inc flu hosp,3,2026-01-03,32,quantile,0.65,46.0
2025-12-13,wk inc flu hosp,3,2026-01-03,32,quantile,0.7,51.0
2025-12-13,wk inc flu hosp,3,2026-01-03,32,quantile,0.75,59.0
2025-12-13,wk inc flu hosp,3,2026-01-03,32,quantile,0.8,67.0
2025-12-13,wk inc flu hosp,3,2026-01-03,32,quantile,0.85,79.0
2025-12-13,wk inc flu hosp,3,2026-01-03,32,quantile,0.9,92.0
2025-12-13,wk inc flu hosp,3,2026-01-03,32,quantile,0.95,106.0
2025-12-13,wk inc flu hosp,3,2026-01-03,32,quantile,0.975,122.0
2025-12-13,wk inc flu hosp,3,2026-01-03,32,quantile,0.99,138.0
2025-12-13,wk inc flu hosp,3,2026-01-03,33,quantile,0.01,2.0
2025-12-13,wk inc flu hosp,3,2026-01-03,33,quantile,0.025,3.0
2025-12-13,wk inc flu hosp,3,2026-01-03,33,quantile,0.05,4.0
2025-12-13,wk inc flu hosp,3,2026-01-03,33,quantile,0.1,5.0
2025-12-13,wk inc flu hosp,3,2026-01-03,33,quantile,0.15,7.0
2025-12-13,wk inc flu hosp,3,2026-01-03,33,quantile,0.2,10.0
2025-12-13,wk inc flu hosp,3,2026-01-03,33,quantile,0.25,13.0
2025-12-13,wk inc flu hosp,3,2026-01-03,33,quantile,0.3,17.0
2025-12-13,wk inc flu hosp,3,2026-01-03,33,quantile,0.35,20.0
2025-12-13,wk inc flu hosp,3,2026-01-03,33,quantile,0.4,22.0
2025-12-13,wk inc flu hosp,3,2026-01-03,33,quantile,0.45,25.0
2025-12-13,wk inc flu hosp,3,2026-01-03,33,quantile,0.5,28.0
2025-12-13,wk inc flu hosp,3,2026-01-03,33,quantile,0.55,31.0
2025-12-13,wk inc flu hosp,3,2026-01-03,33,quantile,0.6,33.0
2025-12-13,wk inc flu hosp,3,2026-01-03,33,quantile,0.65,36.0
2025-12-13,wk inc flu hosp,3,2026-01-03,33,quantile,0.7,39.0
2025-12-13,wk inc flu hosp,3,2026-01-03,33,quantile,0.75,43.0
2025-12-13,wk inc flu hosp,3,2026-01-03,33,quantile,0.8,47.0
2025-12-13,wk inc flu hosp,3,2026-01-03,33,quantile,0.85,51.0
2025-12-13,wk inc flu hosp,3,2026-01-03,33,quantile,0.9,56.0
2025-12-13,wk inc flu hosp,3,2026-01-03,33,quantile,0.95,67.0
2025-12-13,wk inc flu hosp,3,2026-01-03,33,quantile,0.975,75.0
2025-12-13,wk inc flu hosp,3,2026-01-03,33,quantile,0.99,83.0
2025-12-13,wk inc flu hosp,3,2026-01-03,34,quantile,0.01,39.0
2025-12-13,wk inc flu hosp,3,2026-01-03,34,quantile,0.025,59.0
2025-12-13,wk inc flu hosp,3,2026-01-03,34,quantile,0.05,80.0
2025-12-13,wk inc flu hosp,3,2026-01-03,34,quantile,0.1,127.0
2025-12-13,wk inc flu hosp,3,2026-01-03,34,quantile,0.15,177.0
2025-12-13,wk inc flu hosp,3,2026-01-03,34,quantile,0.2,217.0
2025-12-13,wk inc flu hosp,3,2026-01-03,34,quantile,0.25,242.0
2025-12-13,wk inc flu hosp,3,2026-01-03,34,quantile,0.3,272.0
2025-12-13,wk inc flu hosp,3,2026-01-03,34,quantile,0.35,294.0
2025-12-13,wk inc flu hosp,3,2026-01-03,34,quantile,0.4,320.0
2025-12-13,wk inc flu hosp,3,2026-01-03,34,quantile,0.45,346.0
2025-12-13,wk inc flu hosp,3,2026-01-03,34,quantile,0.5,369.0
2025-12-13,wk inc flu hosp,3,2026-01-03,34,quantile,0.55,395.0
2025-12-13,wk inc flu hosp,3,2026-01-03,34,quantile,0.6,425.0
2025-12-13,wk inc flu hosp,3,2026-01-03,34,quantile,0.65,451.0
2025-12-13,wk inc flu hosp,3,2026-01-03,34,quantile,0.7,485.0
2025-12-13,wk inc flu hosp,3,2026-01-03,34,quantile,0.75,514.0
2025-12-13,wk inc flu hosp,3,2026-01-03,34,quantile,0.8,546.0
2025-12-13,wk inc flu hosp,3,2026-01-03,34,quantile,0.85,588.0
2025-12-13,wk inc flu hosp,3,2026-01-03,34,quantile,0.9,639.0
2025-12-13,wk inc flu hosp,3,2026-01-03,34,quantile,0.95,728.0
2025-12-13,wk inc flu hosp,3,2026-01-03,34,quantile,0.975,821.0
2025-12-13,wk inc flu hosp,3,2026-01-03,34,quantile,0.99,907.0
2025-12-13,wk inc flu hosp,3,2026-01-03,35,quantile,0.01,2.0
2025-12-13,wk inc flu hosp,3,2026-01-03,35,quantile,0.025,3.0
2025-12-13,wk inc flu hosp,3,2026-01-03,35,quantile,0.05,4.0
2025-12-13,wk inc flu hosp,3,2026-01-03,35,quantile,0.1,4.0
2025-12-13,wk inc flu hosp,3,2026-01-03,35,quantile,0.15,6.0
2025-12-13,wk inc flu hosp,3,2026-01-03,35,quantile,0.2,6.0
2025-12-13,wk inc flu hosp,3,2026-01-03,35,quantile,0.25,10.0
2025-12-13,wk inc flu hosp,3,2026-01-03,35,quantile,0.3,16.0
2025-12-13,wk inc flu hosp,3,2026-01-03,35,quantile,0.35,21.0
2025-12-13,wk inc flu hosp,3,2026-01-03,35,quantile,0.4,25.0
2025-12-13,wk inc flu hosp,3,2026-01-03,35,quantile,0.45,28.0
2025-12-13,wk inc flu hosp,3,2026-01-03,35,quantile,0.5,32.0
2025-12-13,wk inc flu hosp,3,2026-01-03,35,quantile,0.55,36.0
2025-12-13,wk inc flu hosp,3,2026-01-03,35,quantile,0.6,39.0
2025-12-13,wk inc flu hosp,3,2026-01-03,35,quantile,0.65,43.0
2025-12-13,wk inc flu hosp,3,2026-01-03,35,quantile,0.7,48.0
2025-12-13,wk inc flu hosp,3,2026-01-03,35,quantile,0.75,54.0
2025-12-13,wk inc flu hosp,3,2026-01-03,35,quantile,0.8,62.0
2025-12-13,wk inc flu hosp,3,2026-01-03,35,quantile,0.85,73.0
2025-12-13,wk inc flu hosp,3,2026-01-03,35,quantile,0.9,86.0
2025-12-13,wk inc flu hosp,3,2026-01-03,35,quantile,0.95,104.0
2025-12-13,wk inc flu hosp,3,2026-01-03,35,quantile,0.975,118.0
2025-12-13,wk inc flu hosp,3,2026-01-03,35,quantile,0.99,137.0
2025-12-13,wk inc flu hosp,3,2026-01-03,36,quantile,0.01,135.0
2025-12-13,wk inc flu hosp,3,2026-01-03,36,quantile,0.025,203.0
2025-12-13,wk inc flu hosp,3,2026-01-03,36,quantile,0.05,271.0
2025-12-13,wk inc flu hosp,3,2026-01-03,36,quantile,0.1,369.0
2025-12-13,wk inc flu hosp,3,2026-01-03,36,quantile,0.15,440.0
2025-12-13,wk inc flu hosp,3,2026-01-03,36,quantile,0.2,492.0
2025-12-13,wk inc flu hosp,3,2026-01-03,36,quantile,0.25,531.0
2025-12-13,wk inc flu hosp,3,2026-01-03,36,quantile,0.3,574.0
2025-12-13,wk inc flu hosp,3,2026-01-03,36,quantile,0.35,615.0
2025-12-13,wk inc flu hosp,3,2026-01-03,36,quantile,0.4,649.0
2025-12-13,wk inc flu hosp,3,2026-01-03,36,quantile,0.45,687.0
2025-12-13,wk inc flu hosp,3,2026-01-03,36,quantile,0.5,719.0
2025-12-13,wk inc flu hosp,3,2026-01-03,36,quantile,0.55,759.0
2025-12-13,wk inc flu hosp,3,2026-01-03,36,quantile,0.6,795.0
2025-12-13,wk inc flu hosp,3,2026-01-03,36,quantile,0.65,840.0
2025-12-13,wk inc flu hosp,3,2026-01-03,36,quantile,0.7,886.0
2025-12-13,wk inc flu hosp,3,2026-01-03,36,quantile,0.75,935.0
2025-12-13,wk inc flu hosp,3,2026-01-03,36,quantile,0.8,993.0
2025-12-13,wk inc flu hosp,3,2026-01-03,36,quantile,0.85,1074.0
2025-12-13,wk inc flu hosp,3,2026-01-03,36,quantile,0.9,1167.0
2025-12-13,wk inc flu hosp,3,2026-01-03,36,quantile,0.95,1303.0
2025-12-13,wk inc flu hosp,3,2026-01-03,36,quantile,0.975,1466.0
2025-12-13,wk inc flu hosp,3,2026-01-03,36,quantile,0.99,1618.0
2025-12-13,wk inc flu hosp,3,2026-01-03,37,quantile,0.01,46.0
2025-12-13,wk inc flu hosp,3,2026-01-03,37,quantile,0.025,64.0
2025-12-13,wk inc flu hosp,3,2026-01-03,37,quantile,0.05,73.0
2025-12-13,wk inc flu hosp,3,2026-01-03,37,quantile,0.1,89.0
2025-12-13,wk inc flu hosp,3,2026-01-03,37,quantile,0.15,114.0
2025-12-13,wk inc flu hosp,3,2026-01-03,37,quantile,0.2,179.0
2025-12-13,wk inc flu hosp,3,2026-01-03,37,quantile,0.25,217.0
2025-12-13,wk inc flu hosp,3,2026-01-03,37,quantile,0.3,260.0
2025-12-13,wk inc flu hosp,3,2026-01-03,37,quantile,0.35,299.0
2025-12-13,wk inc flu hosp,3,2026-01-03,37,quantile,0.4,328.0
2025-12-13,wk inc flu hosp,3,2026-01-03,37,quantile,0.45,354.0
2025-12-13,wk inc flu hosp,3,2026-01-03,37,quantile,0.5,378.0
2025-12-13,wk inc flu hosp,3,2026-01-03,37,quantile,0.55,406.0
2025-12-13,wk inc flu hosp,3,2026-01-03,37,quantile,0.6,440.0
2025-12-13,wk inc flu hosp,3,2026-01-03,37,quantile,0.65,487.0
2025-12-13,wk inc flu hosp,3,2026-01-03,37,quantile,0.7,534.0
2025-12-13,wk inc flu hosp,3,2026-01-03,37,quantile,0.75,586.0
2025-12-13,wk inc flu hosp,3,2026-01-03,37,quantile,0.8,672.0
2025-12-13,wk inc flu hosp,3,2026-01-03,37,quantile,0.85,771.0
2025-12-13,wk inc flu hosp,3,2026-01-03,37,quantile,0.9,862.0
2025-12-13,wk inc flu hosp,3,2026-01-03,37,quantile,0.95,1014.0
2025-12-13,wk inc flu hosp,3,2026-01-03,37,quantile,0.975,1133.0
2025-12-13,wk inc flu hosp,3,2026-01-03,37,quantile,0.99,1263.0
2025-12-13,wk inc flu hosp,3,2026-01-03,38,quantile,0.01,0.0
2025-12-13,wk inc flu hosp,3,2026-01-03,38,quantile,0.025,0.0
2025-12-13,wk inc flu hosp,3,2026-01-03,38,quantile,0.05,1.0
2025-12-13,wk inc flu hosp,3,2026-01-03,38,quantile,0.1,2.0
2025-12-13,wk inc flu hosp,3,2026-01-03,38,quantile,0.15,2.0
2025-12-13,wk inc flu hosp,3,2026-01-03,38,quantile,0.2,3.0
2025-12-13,wk inc flu hosp,3,2026-01-03,38,quantile,0.25,5.0
2025-12-13,wk inc flu hosp,3,2026-01-03,38,quantile,0.3,7.0
2025-12-13,wk inc flu hosp,3,2026-01-03,38,quantile,0.35,8.0
2025-12-13,wk inc flu hosp,3,2026-01-03,38,quantile,0.4,8.0
2025-12-13,wk inc flu hosp,3,2026-01-03,38,quantile,0.45,9.0
2025-12-13,wk inc flu hosp,3,2026-01-03,38,quantile,0.5,10.0
2025-12-13,wk inc flu hosp,3,2026-01-03,38,quantile,0.55,12.0
2025-12-13,wk inc flu hosp,3,2026-01-03,38,quantile,0.6,13.0
2025-12-13,wk inc flu hosp,3,2026-01-03,38,quantile,0.65,14.0
2025-12-13,wk inc flu hosp,3,2026-01-03,38,quantile,0.7,16.0
2025-12-13,wk inc flu hosp,3,2026-01-03,38,quantile,0.75,19.0
2025-12-13,wk inc flu hosp,3,2026-01-03,38,quantile,0.8,21.0
2025-12-13,wk inc flu hosp,3,2026-01-03,38,quantile,0.85,25.0
2025-12-13,wk inc flu hosp,3,2026-01-03,38,quantile,0.9,30.0
2025-12-13,wk inc flu hosp,3,2026-01-03,38,quantile,0.95,38.0
2025-12-13,wk inc flu hosp,3,2026-01-03,38,quantile,0.975,44.0
2025-12-13,wk inc flu hosp,3,2026-01-03,38,quantile,0.99,51.0
2025-12-13,wk inc flu hosp,3,2026-01-03,39,quantile,0.01,1.0
2025-12-13,wk inc flu hosp,3,2026-01-03,39,quantile,0.025,2.0
2025-12-13,wk inc flu hosp,3,2026-01-03,39,quantile,0.05,2.0
2025-12-13,wk inc flu hosp,3,2026-01-03,39,quantile,0.1,3.0
2025-12-13,wk inc flu hosp,3,2026-01-03,39,quantile,0.15,10.0
2025-12-13,wk inc flu hosp,3,2026-01-03,39,quantile,0.2,26.0
2025-12-13,wk inc flu hosp,3,2026-01-03,39,quantile,0.25,42.0
2025-12-13,wk inc flu hosp,3,2026-01-03,39,quantile,0.3,57.0
2025-12-13,wk inc flu hosp,3,2026-01-03,39,quantile,0.35,72.0
2025-12-13,wk inc flu hosp,3,2026-01-03,39,quantile,0.4,88.0
2025-12-13,wk inc flu hosp,3,2026-01-03,39,quantile,0.45,101.0
2025-12-13,wk inc flu hosp,3,2026-01-03,39,quantile,0.5,118.0
2025-12-13,wk inc flu hosp,3,2026-01-03,39,quantile,0.55,131.0
2025-12-13,wk inc flu hosp,3,2026-01-03,39,quantile,0.6,150.0
2025-12-13,wk inc flu hosp,3,2026-01-03,39,quantile,0.65,162.0
2025-12-13,wk inc flu hosp,3,2026-01-03,39,quantile,0.7,181.0
2025-12-13,wk inc flu hosp,3,2026-01-03,39,quantile,0.75,203.0
2025-12-13,wk inc flu hosp,3,2026-01-03,39,quantile,0.8,225.0
2025-12-13,wk inc flu hosp,3,2026-01-03,39,quantile,0.85,248.0
2025-12-13,wk inc flu hosp,3,2026-01-03,39,quantile,0.9,282.0
2025-12-13,wk inc flu hosp,3,2026-01-03,39,quantile,0.95,322.0
2025-12-13,wk inc flu hosp,3,2026-01-03,39,quantile,0.975,372.0
2025-12-13,wk inc flu hosp,3,2026-01-03,39,quantile,0.99,417.0
2025-12-13,wk inc flu hosp,3,2026-01-03,40,quantile,0.01,2.0
2025-12-13,wk inc flu hosp,3,2026-01-03,40,quantile,0.025,2.0
2025-12-13,wk inc flu hosp,3,2026-01-03,40,quantile,0.05,3.0
2025-12-13,wk inc flu hosp,3,2026-01-03,40,quantile,0.1,5.0
2025-12-13,wk inc flu hosp,3,2026-01-03,40,quantile,0.15,6.0
2025-12-13,wk inc flu hosp,3,2026-01-03,40,quantile,0.2,14.0
2025-12-13,wk inc flu hosp,3,2026-01-03,40,quantile,0.25,25.0
2025-12-13,wk inc flu hosp,3,2026-01-03,40,quantile,0.3,32.0
2025-12-13,wk inc flu hosp,3,2026-01-03,40,quantile,0.35,38.0
2025-12-13,wk inc flu hosp,3,2026-01-03,40,quantile,0.4,41.0
2025-12-13,wk inc flu hosp,3,2026-01-03,40,quantile,0.45,44.0
2025-12-13,wk inc flu hosp,3,2026-01-03,40,quantile,0.5,48.0
2025-12-13,wk inc flu hosp,3,2026-01-03,40,quantile,0.55,52.0
2025-12-13,wk inc flu hosp,3,2026-01-03,40,quantile,0.6,57.0
2025-12-13,wk inc flu hosp,3,2026-01-03,40,quantile,0.65,62.0
2025-12-13,wk inc flu hosp,3,2026-01-03,40,quantile,0.7,68.0
2025-12-13,wk inc flu hosp,3,2026-01-03,40,quantile,0.75,76.0
2025-12-13,wk inc flu hosp,3,2026-01-03,40,quantile,0.8,84.0
2025-12-13,wk inc flu hosp,3,2026-01-03,40,quantile,0.85,97.0
2025-12-13,wk inc flu hosp,3,2026-01-03,40,quantile,0.9,119.0
2025-12-13,wk inc flu hosp,3,2026-01-03,40,quantile,0.95,156.0
2025-12-13,wk inc flu hosp,3,2026-01-03,40,quantile,0.975,194.0
2025-12-13,wk inc flu hosp,3,2026-01-03,40,quantile,0.99,252.0
2025-12-13,wk inc flu hosp,3,2026-01-03,41,quantile,0.01,2.0
2025-12-13,wk inc flu hosp,3,2026-01-03,41,quantile,0.025,2.0
2025-12-13,wk inc flu hosp,3,2026-01-03,41,quantile,0.05,4.0
2025-12-13,wk inc flu hosp,3,2026-01-03,41,quantile,0.1,4.0
2025-12-13,wk inc flu hosp,3,2026-01-03,41,quantile,0.15,6.0
2025-12-13,wk inc flu hosp,3,2026-01-03,41,quantile,0.2,8.0
2025-12-13,wk inc flu hosp,3,2026-01-03,41,quantile,0.25,17.0
2025-12-13,wk inc flu hosp,3,2026-01-03,41,quantile,0.3,25.0
2025-12-13,wk inc flu hosp,3,2026-01-03,41,quantile,0.35,28.0
2025-12-13,wk inc flu hosp,3,2026-01-03,41,quantile,0.4,32.0
2025-12-13,wk inc flu hosp,3,2026-01-03,41,quantile,0.45,36.0
2025-12-13,wk inc flu hosp,3,2026-01-03,41,quantile,0.5,41.0
2025-12-13,wk inc flu hosp,3,2026-01-03,41,quantile,0.55,46.0
2025-12-13,wk inc flu hosp,3,2026-01-03,41,quantile,0.6,51.0
2025-12-13,wk inc flu hosp,3,2026-01-03,41,quantile,0.65,57.0
2025-12-13,wk inc flu hosp,3,2026-01-03,41,quantile,0.7,64.0
2025-12-13,wk inc flu hosp,3,2026-01-03,41,quantile,0.75,73.0
2025-12-13,wk inc flu hosp,3,2026-01-03,41,quantile,0.8,87.0
2025-12-13,wk inc flu hosp,3,2026-01-03,41,quantile,0.85,101.0
2025-12-13,wk inc flu hosp,3,2026-01-03,41,quantile,0.9,122.0
2025-12-13,wk inc flu hosp,3,2026-01-03,41,quantile,0.95,159.0
2025-12-13,wk inc flu hosp,3,2026-01-03,41,quantile,0.975,192.0
2025-12-13,wk inc flu hosp,3,2026-01-03,41,quantile,0.99,218.0
2025-12-13,wk inc flu hosp,3,2026-01-03,42,quantile,0.01,23.0
2025-12-13,wk inc flu hosp,3,2026-01-03,42,quantile,0.025,33.0
2025-12-13,wk inc flu hosp,3,2026-01-03,42,quantile,0.05,43.0
2025-12-13,wk inc flu hosp,3,2026-01-03,42,quantile,0.1,50.0
2025-12-13,wk inc flu hosp,3,2026-01-03,42,quantile,0.15,80.0
2025-12-13,wk inc flu hosp,3,2026-01-03,42,quantile,0.2,122.0
2025-12-13,wk inc flu hosp,3,2026-01-03,42,quantile,0.25,148.0
2025-12-13,wk inc flu hosp,3,2026-01-03,42,quantile,0.3,177.0
2025-12-13,wk inc flu hosp,3,2026-01-03,42,quantile,0.35,201.0
2025-12-13,wk inc flu hosp,3,2026-01-03,42,quantile,0.4,224.0
2025-12-13,wk inc flu hosp,3,2026-01-03,42,quantile,0.45,245.0
2025-12-13,wk inc flu hosp,3,2026-01-03,42,quantile,0.5,269.0
2025-12-13,wk inc flu hosp,3,2026-01-03,42,quantile,0.55,297.0
2025-12-13,wk inc flu hosp,3,2026-01-03,42,quantile,0.6,326.0
2025-12-13,wk inc flu hosp,3,2026-01-03,42,quantile,0.65,358.0
2025-12-13,wk inc flu hosp,3,2026-01-03,42,quantile,0.7,394.0
2025-12-13,wk inc flu hosp,3,2026-01-03,42,quantile,0.75,430.0
2025-12-13,wk inc flu hosp,3,2026-01-03,42,quantile,0.8,483.0
2025-12-13,wk inc flu hosp,3,2026-01-03,42,quantile,0.85,552.0
2025-12-13,wk inc flu hosp,3,2026-01-03,42,quantile,0.9,630.0
2025-12-13,wk inc flu hosp,3,2026-01-03,42,quantile,0.95,747.0
2025-12-13,wk inc flu hosp,3,2026-01-03,42,quantile,0.975,852.0
2025-12-13,wk inc flu hosp,3,2026-01-03,42,quantile,0.99,956.0
2025-12-13,wk inc flu hosp,3,2026-01-03,44,quantile,0.01,2.0
2025-12-13,wk inc flu hosp,3,2026-01-03,44,quantile,0.025,2.0
2025-12-13,wk inc flu hosp,3,2026-01-03,44,quantile,0.05,3.0
2025-12-13,wk inc flu hosp,3,2026-01-03,44,quantile,0.1,5.0
2025-12-13,wk inc flu hosp,3,2026-01-03,44,quantile,0.15,8.0
2025-12-13,wk inc flu hosp,3,2026-01-03,44,quantile,0.2,10.0
2025-12-13,wk inc flu hosp,3,2026-01-03,44,quantile,0.25,11.0
2025-12-13,wk inc flu hosp,3,2026-01-03,44,quantile,0.3,13.0
2025-12-13,wk inc flu hosp,3,2026-01-03,44,quantile,0.35,15.0
2025-12-13,wk inc flu hosp,3,2026-01-03,44,quantile,0.4,17.0
2025-12-13,wk inc flu hosp,3,2026-01-03,44,quantile,0.45,18.0
2025-12-13,wk inc flu hosp,3,2026-01-03,44,quantile,0.5,20.0
2025-12-13,wk inc flu hosp,3,2026-01-03,44,quantile,0.55,22.0
2025-12-13,wk inc flu hosp,3,2026-01-03,44,quantile,0.6,24.0
2025-12-13,wk inc flu hosp,3,2026-01-03,44,quantile,0.65,25.0
2025-12-13,wk inc flu hosp,3,2026-01-03,44,quantile,0.7,27.0
2025-12-13,wk inc flu hosp,3,2026-01-03,44,quantile,0.75,29.0
2025-12-13,wk inc flu hosp,3,2026-01-03,44,quantile,0.8,32.0
2025-12-13,wk inc flu hosp,3,2026-01-03,44,quantile,0.85,35.0
2025-12-13,wk inc flu hosp,3,2026-01-03,44,quantile,0.9,39.0
2025-12-13,wk inc flu hosp,3,2026-01-03,44,quantile,0.95,44.0
2025-12-13,wk inc flu hosp,3,2026-01-03,44,quantile,0.975,49.0
2025-12-13,wk inc flu hosp,3,2026-01-03,44,quantile,0.99,58.0
2025-12-13,wk inc flu hosp,3,2026-01-03,45,quantile,0.01,9.0
2025-12-13,wk inc flu hosp,3,2026-01-03,45,quantile,0.025,12.0
2025-12-13,wk inc flu hosp,3,2026-01-03,45,quantile,0.05,14.0
2025-12-13,wk inc flu hosp,3,2026-01-03,45,quantile,0.1,18.0
2025-12-13,wk inc flu hosp,3,2026-01-03,45,quantile,0.15,20.0
2025-12-13,wk inc flu hosp,3,2026-01-03,45,quantile,0.2,32.0
2025-12-13,wk inc flu hosp,3,2026-01-03,45,quantile,0.25,46.0
2025-12-13,wk inc flu hosp,3,2026-01-03,45,quantile,0.3,59.0
2025-12-13,wk inc flu hosp,3,2026-01-03,45,quantile,0.35,70.0
2025-12-13,wk inc flu hosp,3,2026-01-03,45,quantile,0.4,78.0
2025-12-13,wk inc flu hosp,3,2026-01-03,45,quantile,0.45,86.0
2025-12-13,wk inc flu hosp,3,2026-01-03,45,quantile,0.5,96.0
2025-12-13,wk inc flu hosp,3,2026-01-03,45,quantile,0.55,107.0
2025-12-13,wk inc flu hosp,3,2026-01-03,45,quantile,0.6,117.0
2025-12-13,wk inc flu hosp,3,2026-01-03,45,quantile,0.65,128.0
2025-12-13,wk inc flu hosp,3,2026-01-03,45,quantile,0.7,142.0
2025-12-13,wk inc flu hosp,3,2026-01-03,45,quantile,0.75,160.0
2025-12-13,wk inc flu hosp,3,2026-01-03,45,quantile,0.8,184.0
2025-12-13,wk inc flu hosp,3,2026-01-03,45,quantile,0.85,206.0
2025-12-13,wk inc flu hosp,3,2026-01-03,45,quantile,0.9,238.0
2025-12-13,wk inc flu hosp,3,2026-01-03,45,quantile,0.95,282.0
2025-12-13,wk inc flu hosp,3,2026-01-03,45,quantile,0.975,318.0
2025-12-13,wk inc flu hosp,3,2026-01-03,45,quantile,0.99,360.0
2025-12-13,wk inc flu hosp,3,2026-01-03,46,quantile,0.01,0.0
2025-12-13,wk inc flu hosp,3,2026-01-03,46,quantile,0.025,0.0
2025-12-13,wk inc flu hosp,3,2026-01-03,46,quantile,0.05,0.0
2025-12-13,wk inc flu hosp,3,2026-01-03,46,quantile,0.1,1.0
2025-12-13,wk inc flu hosp,3,2026-01-03,46,quantile,0.15,1.0
2025-12-13,wk inc flu hosp,3,2026-01-03,46,quantile,0.2,2.0
2025-12-13,wk inc flu hosp,3,2026-01-03,46,quantile,0.25,3.0
2025-12-13,wk inc flu hosp,3,2026-01-03,46,quantile,0.3,4.0
2025-12-13,wk inc flu hosp,3,2026-01-03,46,quantile,0.35,5.0
2025-12-13,wk inc flu hosp,3,2026-01-03,46,quantile,0.4,5.0
2025-12-13,wk inc flu hosp,3,2026-01-03,46,quantile,0.45,6.0
2025-12-13,wk inc flu hosp,3,2026-01-03,46,quantile,0.5,6.0
2025-12-13,wk inc flu hosp,3,2026-01-03,46,quantile,0.55,7.0
2025-12-13,wk inc flu hosp,3,2026-01-03,46,quantile,0.6,7.0
2025-12-13,wk inc flu hosp,3,2026-01-03,46,quantile,0.65,8.0
2025-12-13,wk inc flu hosp,3,2026-01-03,46,quantile,0.7,9.0
2025-12-13,wk inc flu hosp,3,2026-01-03,46,quantile,0.75,10.0
2025-12-13,wk inc flu hosp,3,2026-01-03,46,quantile,0.8,11.0
2025-12-13,wk inc flu hosp,3,2026-01-03,46,quantile,0.85,13.0
2025-12-13,wk inc flu hosp,3,2026-01-03,46,quantile,0.9,15.0
2025-12-13,wk inc flu hosp,3,2026-01-03,46,quantile,0.95,22.0
2025-12-13,wk inc flu hosp,3,2026-01-03,46,quantile,0.975,31.0
2025-12-13,wk inc flu hosp,3,2026-01-03,46,quantile,0.99,42.0
2025-12-13,wk inc flu hosp,3,2026-01-03,47,quantile,0.01,10.0
2025-12-13,wk inc flu hosp,3,2026-01-03,47,quantile,0.025,13.0
2025-12-13,wk inc flu hosp,3,2026-01-03,47,quantile,0.05,16.0
2025-12-13,wk inc flu hosp,3,2026-01-03,47,quantile,0.1,20.0
2025-12-13,wk inc flu hosp,3,2026-01-03,47,quantile,0.15,23.0
2025-12-13,wk inc flu hosp,3,2026-01-03,47,quantile,0.2,38.0
2025-12-13,wk inc flu hosp,3,2026-01-03,47,quantile,0.25,59.0
2025-12-13,wk inc flu hosp,3,2026-01-03,47,quantile,0.3,66.0
2025-12-13,wk inc flu hosp,3,2026-01-03,47,quantile,0.35,72.0
2025-12-13,wk inc flu hosp,3,2026-01-03,47,quantile,0.4,80.0
2025-12-13,wk inc flu hosp,3,2026-01-03,47,quantile,0.45,89.0
2025-12-13,wk inc flu hosp,3,2026-01-03,47,quantile,0.5,101.0
2025-12-13,wk inc flu hosp,3,2026-01-03,47,quantile,0.55,112.0
2025-12-13,wk inc flu hosp,3,2026-01-03,47,quantile,0.6,123.0
2025-12-13,wk inc flu hosp,3,2026-01-03,47,quantile,0.65,135.0
2025-12-13,wk inc flu hosp,3,2026-01-03,47,quantile,0.7,152.0
2025-12-13,wk inc flu hosp,3,2026-01-03,47,quantile,0.75,172.0
2025-12-13,wk inc flu hosp,3,2026-01-03,47,quantile,0.8,198.0
2025-12-13,wk inc flu hosp,3,2026-01-03,47,quantile,0.85,228.0
2025-12-13,wk inc flu hosp,3,2026-01-03,47,quantile,0.9,276.0
2025-12-13,wk inc flu hosp,3,2026-01-03,47,quantile,0.95,360.0
2025-12-13,wk inc flu hosp,3,2026-01-03,47,quantile,0.975,400.0
2025-12-13,wk inc flu hosp,3,2026-01-03,47,quantile,0.99,438.0
2025-12-13,wk inc flu hosp,3,2026-01-03,48,quantile,0.01,126.0
2025-12-13,wk inc flu hosp,3,2026-01-03,48,quantile,0.025,154.0
2025-12-13,wk inc flu hosp,3,2026-01-03,48,quantile,0.05,174.0
2025-12-13,wk inc flu hosp,3,2026-01-03,48,quantile,0.1,213.0
2025-12-13,wk inc flu hosp,3,2026-01-03,48,quantile,0.15,337.0
2025-12-13,wk inc flu hosp,3,2026-01-03,48,quantile,0.2,457.0
2025-12-13,wk inc flu hosp,3,2026-01-03,48,quantile,0.25,585.0
2025-12-13,wk inc flu hosp,3,2026-01-03,48,quantile,0.3,735.0
2025-12-13,wk inc flu hosp,3,2026-01-03,48,quantile,0.35,799.0
2025-12-13,wk inc flu hosp,3,2026-01-03,48,quantile,0.4,859.0
2025-12-13,wk inc flu hosp,3,2026-01-03,48,quantile,0.45,934.0
2025-12-13,wk inc flu hosp,3,2026-01-03,48,quantile,0.5,995.0
2025-12-13,wk inc flu hosp,3,2026-01-03,48,quantile,0.55,1070.0
2025-12-13,wk inc flu hosp,3,2026-01-03,48,quantile,0.6,1171.0
2025-12-13,wk inc flu hosp,3,2026-01-03,48,quantile,0.65,1309.0
2025-12-13,wk inc flu hosp,3,2026-01-03,48,quantile,0.7,1421.0
2025-12-13,wk inc flu hosp,3,2026-01-03,48,quantile,0.75,1562.0
2025-12-13,wk inc flu hosp,3,2026-01-03,48,quantile,0.8,1758.0
2025-12-13,wk inc flu hosp,3,2026-01-03,48,quantile,0.85,2053.0
2025-12-13,wk inc flu hosp,3,2026-01-03,48,quantile,0.9,2444.0
2025-12-13,wk inc flu hosp,3,2026-01-03,48,quantile,0.95,2849.0
2025-12-13,wk inc flu hosp,3,2026-01-03,48,quantile,0.975,3245.0
2025-12-13,wk inc flu hosp,3,2026-01-03,48,quantile,0.99,3584.0
2025-12-13,wk inc flu hosp,3,2026-01-03,49,quantile,0.01,9.0
2025-12-13,wk inc flu hosp,3,2026-01-03,49,quantile,0.025,14.0
2025-12-13,wk inc flu hosp,3,2026-01-03,49,quantile,0.05,17.0
2025-12-13,wk inc flu hosp,3,2026-01-03,49,quantile,0.1,21.0
2025-12-13,wk inc flu hosp,3,2026-01-03,49,quantile,0.15,33.0
2025-12-13,wk inc flu hosp,3,2026-01-03,49,quantile,0.2,48.0
2025-12-13,wk inc flu hosp,3,2026-01-03,49,quantile,0.25,60.0
2025-12-13,wk inc flu hosp,3,2026-01-03,49,quantile,0.3,71.0
2025-12-13,wk inc flu hosp,3,2026-01-03,49,quantile,0.35,77.0
2025-12-13,wk inc flu hosp,3,2026-01-03,49,quantile,0.4,83.0
2025-12-13,wk inc flu hosp,3,2026-01-03,49,quantile,0.45,90.0
2025-12-13,wk inc flu hosp,3,2026-01-03,49,quantile,0.5,100.0
2025-12-13,wk inc flu hosp,3,2026-01-03,49,quantile,0.55,108.0
2025-12-13,wk inc flu hosp,3,2026-01-03,49,quantile,0.6,118.0
2025-12-13,wk inc flu hosp,3,2026-01-03,49,quantile,0.65,127.0
2025-12-13,wk inc flu hosp,3,2026-01-03,49,quantile,0.7,137.0
2025-12-13,wk inc flu hosp,3,2026-01-03,49,quantile,0.75,151.0
2025-12-13,wk inc flu hosp,3,2026-01-03,49,quantile,0.8,174.0
2025-12-13,wk inc flu hosp,3,2026-01-03,49,quantile,0.85,197.0
2025-12-13,wk inc flu hosp,3,2026-01-03,49,quantile,0.9,228.0
2025-12-13,wk inc flu hosp,3,2026-01-03,49,quantile,0.95,261.0
2025-12-13,wk inc flu hosp,3,2026-01-03,49,quantile,0.975,291.0
2025-12-13,wk inc flu hosp,3,2026-01-03,49,quantile,0.99,322.0
2025-12-13,wk inc flu hosp,3,2026-01-03,50,quantile,0.01,0.0
2025-12-13,wk inc flu hosp,3,2026-01-03,50,quantile,0.025,1.0
2025-12-13,wk inc flu hosp,3,2026-01-03,50,quantile,0.05,1.0
2025-12-13,wk inc flu hosp,3,2026-01-03,50,quantile,0.1,1.0
2025-12-13,wk inc flu hosp,3,2026-01-03,50,quantile,0.15,1.0
2025-12-13,wk inc flu hosp,3,2026-01-03,50,quantile,0.2,3.0
2025-12-13,wk inc flu hosp,3,2026-01-03,50,quantile,0.25,4.0
2025-12-13,wk inc flu hosp,3,2026-01-03,50,quantile,0.3,5.0
2025-12-13,wk inc flu hosp,3,2026-01-03,50,quantile,0.35,6.0
2025-12-13,wk inc flu hosp,3,2026-01-03,50,quantile,0.4,6.0
2025-12-13,wk inc flu hosp,3,2026-01-03,50,quantile,0.45,7.0
2025-12-13,wk inc flu hosp,3,2026-01-03,50,quantile,0.5,8.0
2025-12-13,wk inc flu hosp,3,2026-01-03,50,quantile,0.55,9.0
2025-12-13,wk inc flu hosp,3,2026-01-03,50,quantile,0.6,9.0
2025-12-13,wk inc flu hosp,3,2026-01-03,50,quantile,0.65,10.0
2025-12-13,wk inc flu hosp,3,2026-01-03,50,quantile,0.7,12.0
2025-12-13,wk inc flu hosp,3,2026-01-03,50,quantile,0.75,14.0
2025-12-13,wk inc flu hosp,3,2026-01-03,50,quantile,0.8,15.0
2025-12-13,wk inc flu hosp,3,2026-01-03,50,quantile,0.85,18.0
2025-12-13,wk inc flu hosp,3,2026-01-03,50,quantile,0.9,22.0
2025-12-13,wk inc flu hosp,3,2026-01-03,50,quantile,0.95,29.0
2025-12-13,wk inc flu hosp,3,2026-01-03,50,quantile,0.975,36.0
2025-12-13,wk inc flu hosp,3,2026-01-03,50,quantile,0.99,44.0
2025-12-13,wk inc flu hosp,3,2026-01-03,51,quantile,0.01,8.0
2025-12-13,wk inc flu hosp,3,2026-01-03,51,quantile,0.025,11.0
2025-12-13,wk inc flu hosp,3,2026-01-03,51,quantile,0.05,14.0
2025-12-13,wk inc flu hosp,3,2026-01-03,51,quantile,0.1,29.0
2025-12-13,wk inc flu hosp,3,2026-01-03,51,quantile,0.15,57.0
2025-12-13,wk inc flu hosp,3,2026-01-03,51,quantile,0.2,84.0
2025-12-13,wk inc flu hosp,3,2026-01-03,51,quantile,0.25,104.0
2025-12-13,wk inc flu hosp,3,2026-01-03,51,quantile,0.3,124.0
2025-12-13,wk inc flu hosp,3,2026-01-03,51,quantile,0.35,143.0
2025-12-13,wk inc flu hosp,3,2026-01-03,51,quantile,0.4,158.0
2025-12-13,wk inc flu hosp,3,2026-01-03,51,quantile,0.45,177.0
2025-12-13,wk inc flu hosp,3,2026-01-03,51,quantile,0.5,191.0
2025-12-13,wk inc flu hosp,3,2026-01-03,51,quantile,0.55,206.0
2025-12-13,wk inc flu hosp,3,2026-01-03,51,quantile,0.6,225.0
2025-12-13,wk inc flu hosp,3,2026-01-03,51,quantile,0.65,244.0
2025-12-13,wk inc flu hosp,3,2026-01-03,51,quantile,0.7,263.0
2025-12-13,wk inc flu hosp,3,2026-01-03,51,quantile,0.75,283.0
2025-12-13,wk inc flu hosp,3,2026-01-03,51,quantile,0.8,308.0
2025-12-13,wk inc flu hosp,3,2026-01-03,51,quantile,0.85,335.0
2025-12-13,wk inc flu hosp,3,2026-01-03,51,quantile,0.9,371.0
2025-12-13,wk inc flu hosp,3,2026-01-03,51,quantile,0.95,422.0
2025-12-13,wk inc flu hosp,3,2026-01-03,51,quantile,0.975,471.0
2025-12-13,wk inc flu hosp,3,2026-01-03,51,quantile,0.99,530.0
2025-12-13,wk inc flu hosp,3,2026-01-03,53,quantile,0.01,10.0
2025-12-13,wk inc flu hosp,3,2026-01-03,53,quantile,0.025,14.0
2025-12-13,wk inc flu hosp,3,2026-01-03,53,quantile,0.05,16.0
2025-12-13,wk inc flu hosp,3,2026-01-03,53,quantile,0.1,19.0
2025-12-13,wk inc flu hosp,3,2026-01-03,53,quantile,0.15,22.0
2025-12-13,wk inc flu hosp,3,2026-01-03,53,quantile,0.2,39.0
2025-12-13,wk inc flu hosp,3,2026-01-03,53,quantile,0.25,53.0
2025-12-13,wk inc flu hosp,3,2026-01-03,53,quantile,0.3,68.0
2025-12-13,wk inc flu hosp,3,2026-01-03,53,quantile,0.35,80.0
2025-12-13,wk inc flu hosp,3,2026-01-03,53,quantile,0.4,94.0
2025-12-13,wk inc flu hosp,3,2026-01-03,53,quantile,0.45,108.0
2025-12-13,wk inc flu hosp,3,2026-01-03,53,quantile,0.5,122.0
2025-12-13,wk inc flu hosp,3,2026-01-03,53,quantile,0.55,138.0
2025-12-13,wk inc flu hosp,3,2026-01-03,53,quantile,0.6,153.0
2025-12-13,wk inc flu hosp,3,2026-01-03,53,quantile,0.65,169.0
2025-12-13,wk inc flu hosp,3,2026-01-03,53,quantile,0.7,185.0
2025-12-13,wk inc flu hosp,3,2026-01-03,53,quantile,0.75,205.0
2025-12-13,wk inc flu hosp,3,2026-01-03,53,quantile,0.8,227.0
2025-12-13,wk inc flu hosp,3,2026-01-03,53,quantile,0.85,246.0
2025-12-13,wk inc flu hosp,3,2026-01-03,53,quantile,0.9,274.0
2025-12-13,wk inc flu hosp,3,2026-01-03,53,quantile,0.95,329.0
2025-12-13,wk inc flu hosp,3,2026-01-03,53,quantile,0.975,375.0
2025-12-13,wk inc flu hosp,3,2026-01-03,53,quantile,0.99,426.0
2025-12-13,wk inc flu hosp,3,2026-01-03,54,quantile,0.01,1.0
2025-12-13,wk inc flu hosp,3,2026-01-03,54,quantile,0.025,1.0
2025-12-13,wk inc flu hosp,3,2026-01-03,54,quantile,0.05,2.0
2025-12-13,wk inc flu hosp,3,2026-01-03,54,quantile,0.1,3.0
2025-12-13,wk inc flu hosp,3,2026-01-03,54,quantile,0.15,6.0
2025-12-13,wk inc flu hosp,3,2026-01-03,54,quantile,0.2,11.0
2025-12-13,wk inc flu hosp,3,2026-01-03,54,quantile,0.25,16.0
2025-12-13,wk inc flu hosp,3,2026-01-03,54,quantile,0.3,17.0
2025-12-13,wk inc flu hosp,3,2026-01-03,54,quantile,0.35,19.0
2025-12-13,wk inc flu hosp,3,2026-01-03,54,quantile,0.4,21.0
2025-12-13,wk inc flu hosp,3,2026-01-03,54,quantile,0.45,23.0
2025-12-13,wk inc flu hosp,3,2026-01-03,54,quantile,0.5,25.0
2025-12-13,wk inc flu hosp,3,2026-01-03,54,quantile,0.55,27.0
2025-12-13,wk inc flu hosp,3,2026-01-03,54,quantile,0.6,29.0
2025-12-13,wk inc flu hosp,3,2026-01-03,54,quantile,0.65,32.0
2025-12-13,wk inc flu hosp,3,2026-01-03,54,quantile,0.7,35.0
2025-12-13,wk inc flu hosp,3,2026-01-03,54,quantile,0.75,40.0
2025-12-13,wk inc flu hosp,3,2026-01-03,54,quantile,0.8,45.0
2025-12-13,wk inc flu hosp,3,2026-01-03,54,quantile,0.85,51.0
2025-12-13,wk inc flu hosp,3,2026-01-03,54,quantile,0.9,63.0
2025-12-13,wk inc flu hosp,3,2026-01-03,54,quantile,0.95,78.0
2025-12-13,wk inc flu hosp,3,2026-01-03,54,quantile,0.975,97.0
2025-12-13,wk inc flu hosp,3,2026-01-03,54,quantile,0.99,120.0
2025-12-13,wk inc flu hosp,3,2026-01-03,55,quantile,0.01,8.0
2025-12-13,wk inc flu hosp,3,2026-01-03,55,quantile,0.025,10.0
2025-12-13,wk inc flu hosp,3,2026-01-03,55,quantile,0.05,11.0
2025-12-13,wk inc flu hosp,3,2026-01-03,55,quantile,0.1,14.0
2025-12-13,wk inc flu hosp,3,2026-01-03,55,quantile,0.15,16.0
2025-12-13,wk inc flu hosp,3,2026-01-03,55,quantile,0.2,24.0
2025-12-13,wk inc flu hosp,3,2026-01-03,55,quantile,0.25,41.0
2025-12-13,wk inc flu hosp,3,2026-01-03,55,quantile,0.3,51.0
2025-12-13,wk inc flu hosp,3,2026-01-03,55,quantile,0.35,63.0
2025-12-13,wk inc flu hosp,3,2026-01-03,55,quantile,0.4,73.0
2025-12-13,wk inc flu hosp,3,2026-01-03,55,quantile,0.45,80.0
2025-12-13,wk inc flu hosp,3,2026-01-03,55,quantile,0.5,88.0
2025-12-13,wk inc flu hosp,3,2026-01-03,55,quantile,0.55,99.0
2025-12-13,wk inc flu hosp,3,2026-01-03,55,quantile,0.6,109.0
2025-12-13,wk inc flu hosp,3,2026-01-03,55,quantile,0.65,119.0
2025-12-13,wk inc flu hosp,3,2026-01-03,55,quantile,0.7,134.0
2025-12-13,wk inc flu hosp,3,2026-01-03,55,quantile,0.75,150.0
2025-12-13,wk inc flu hosp,3,2026-01-03,55,quantile,0.8,171.0
2025-12-13,wk inc flu hosp,3,2026-01-03,55,quantile,0.85,194.0
2025-12-13,wk inc flu hosp,3,2026-01-03,55,quantile,0.9,231.0
2025-12-13,wk inc flu hosp,3,2026-01-03,55,quantile,0.95,275.0
2025-12-13,wk inc flu hosp,3,2026-01-03,55,quantile,0.975,308.0
2025-12-13,wk inc flu hosp,3,2026-01-03,55,quantile,0.99,355.0
2025-12-13,wk inc flu hosp,3,2026-01-03,56,quantile,0.01,0.0
2025-12-13,wk inc flu hosp,3,2026-01-03,56,quantile,0.025,0.0
2025-12-13,wk inc flu hosp,3,2026-01-03,56,quantile,0.05,0.0
2025-12-13,wk inc flu hosp,3,2026-01-03,56,quantile,0.1,0.0
2025-12-13,wk inc flu hosp,3,2026-01-03,56,quantile,0.15,0.0
2025-12-13,wk inc flu hosp,3,2026-01-03,56,quantile,0.2,0.0
2025-12-13,wk inc flu hosp,3,2026-01-03,56,quantile,0.25,0.0
2025-12-13,wk inc flu hosp,3,2026-01-03,56,quantile,0.3,0.0
2025-12-13,wk inc flu hosp,3,2026-01-03,56,quantile,0.35,0.0
2025-12-13,wk inc flu hosp,3,2026-01-03,56,quantile,0.4,0.0
2025-12-13,wk inc flu hosp,3,2026-01-03,56,quantile,0.45,1.0
2025-12-13,wk inc flu hosp,3,2026-01-03,56,quantile,0.5,1.0
2025-12-13,wk inc flu hosp,3,2026-01-03,56,quantile,0.55,1.0
2025-12-13,wk inc flu hosp,3,2026-01-03,56,quantile,0.6,1.0
2025-12-13,wk inc flu hosp,3,2026-01-03,56,quantile,0.65,1.0
2025-12-13,wk inc flu hosp,3,2026-01-03,56,quantile,0.7,2.0
2025-12-13,wk inc flu hosp,3,2026-01-03,56,quantile,0.75,2.0
2025-12-13,wk inc flu hosp,3,2026-01-03,56,quantile,0.8,2.0
2025-12-13,wk inc flu hosp,3,2026-01-03,56,quantile,0.85,2.0
2025-12-13,wk inc flu hosp,3,2026-01-03,56,quantile,0.9,3.0
2025-12-13,wk inc flu hosp,3,2026-01-03,56,quantile,0.95,7.0
2025-12-13,wk inc flu hosp,3,2026-01-03,56,quantile,0.975,14.0
2025-12-13,wk inc flu hosp,3,2026-01-03,56,quantile,0.99,16.0
2025-12-13,wk inc flu hosp,3,2026-01-03,US,quantile,0.01,905.0
2025-12-13,wk inc flu hosp,3,2026-01-03,US,quantile,0.025,1221.0
2025-12-13,wk inc flu hosp,3,2026-01-03,US,quantile,0.05,1386.0
2025-12-13,wk inc flu hosp,3,2026-01-03,US,quantile,0.1,2307.0
2025-12-13,wk inc flu hosp,3,2026-01-03,US,quantile,0.15,3404.0
2025-12-13,wk inc flu hosp,3,2026-01-03,US,quantile,0.2,4337.0
2025-12-13,wk inc flu hosp,3,2026-01-03,US,quantile,0.25,5065.0
2025-12-13,wk inc flu hosp,3,2026-01-03,US,quantile,0.3,5910.0
2025-12-13,wk inc flu hosp,3,2026-01-03,US,quantile,0.35,6651.0
2025-12-13,wk inc flu hosp,3,2026-01-03,US,quantile,0.4,7244.0
2025-12-13,wk inc flu hosp,3,2026-01-03,US,quantile,0.45,7826.0
2025-12-13,wk inc flu hosp,3,2026-01-03,US,quantile,0.5,8499.0
2025-12-13,wk inc flu hosp,3,2026-01-03,US,quantile,0.55,9232.0
2025-12-13,wk inc flu hosp,3,2026-01-03,US,quantile,0.6,9809.0
2025-12-13,wk inc flu hosp,3,2026-01-03,US,quantile,0.65,10477.0
2025-12-13,wk inc flu hosp,3,2026-01-03,US,quantile,0.7,11264.0
2025-12-13,wk inc flu hosp,3,2026-01-03,US,quantile,0.75,12129.0
2025-12-13,wk inc flu hosp,3,2026-01-03,US,quantile,0.8,13129.0
2025-12-13,wk inc flu hosp,3,2026-01-03,US,quantile,0.85,14394.0
2025-12-13,wk inc flu hosp,3,2026-01-03,US,quantile,0.9,15888.0
2025-12-13,wk inc flu hosp,3,2026-01-03,US,quantile,0.95,18331.0
2025-12-13,wk inc flu hosp,3,2026-01-03,US,quantile,0.975,20556.0
2025-12-13,wk inc flu hosp,3,2026-01-03,US,quantile,0.99,22663.0
