reference_date,target,horizon,target_end_date,location,output_type,output_type_id,value
2026-01-03,wk flu hosp rate change,0,2026-01-03,01,pmf,decrease,0.192
2026-01-03,wk flu hosp rate change,0,2026-01-03,01,pmf,increase,0.148
2026-01-03,wk flu hosp rate change,0,2026-01-03,01,pmf,large_decrease,0.34
2026-01-03,wk flu hosp rate change,0,2026-01-03,01,pmf,large_increase,0.244
2026-01-03,wk flu hosp rate change,0,2026-01-03,01,pmf,stable,0.07600000000000011
2026-01-03,wk flu hosp rate change,0,2026-01-03,02,pmf,decrease,0.227
2026-01-03,wk flu hosp rate change,0,2026-01-03,02,pmf,increase,0.15
2026-01-03,wk flu hosp rate change,0,2026-01-03,02,pmf,large_decrease,0.31
2026-01-03,wk flu hosp rate change,0,2026-01-03,02,pmf,large_increase,0.212
2026-01-03,wk flu hosp rate change,0,2026-01-03,02,pmf,stable,0.101
2026-01-03,wk flu hosp rate change,0,2026-01-03,04,pmf,decrease,0.291
2026-01-03,wk flu hosp rate change,0,2026-01-03,04,pmf,increase,0.263
2026-01-03,wk flu hosp rate change,0,2026-01-03,04,pmf,large_decrease,0.137
2026-01-03,wk flu hosp rate change,0,2026-01-03,04,pmf,large_increase,0.149
2026-01-03,wk flu hosp rate change,0,2026-01-03,04,pmf,stable,0.16
2026-01-03,wk flu hosp rate change,0,2026-01-03,05,pmf,decrease,0.238
2026-01-03,wk flu hosp rate change,0,2026-01-03,05,pmf,increase,0.218
2026-01-03,wk flu hosp rate change,0,2026-01-03,05,pmf,large_decrease,0.173
2026-01-03,wk flu hosp rate change,0,2026-01-03,05,pmf,large_increase,0.244
2026-01-03,wk flu hosp rate change,0,2026-01-03,05,pmf,stable,0.127
2026-01-03,wk flu hosp rate change,0,2026-01-03,06,pmf,decrease,0.315
2026-01-03,wk flu hosp rate change,0,2026-01-03,06,pmf,increase,0.31
2026-01-03,wk flu hosp rate change,0,2026-01-03,06,pmf,large_decrease,0.052
2026-01-03,wk flu hosp rate change,0,2026-01-03,06,pmf,large_increase,0.094
2026-01-03,wk flu hosp rate change,0,2026-01-03,06,pmf,stable,0.229
2026-01-03,wk flu hosp rate change,0,2026-01-03,08,pmf,decrease,0.237
2026-01-03,wk flu hosp rate change,0,2026-01-03,08,pmf,increase,0.215
2026-01-03,wk flu hosp rate change,0,2026-01-03,08,pmf,large_decrease,0.21
2026-01-03,wk flu hosp rate change,0,2026-01-03,08,pmf,large_increase,0.239
2026-01-03,wk flu hosp rate change,0,2026-01-03,08,pmf,stable,0.09900000000000012
2026-01-03,wk flu hosp rate change,0,2026-01-03,09,pmf,decrease,0.183
2026-01-03,wk flu hosp rate change,0,2026-01-03,09,pmf,increase,0.2
2026-01-03,wk flu hosp rate change,0,2026-01-03,09,pmf,large_decrease,0.162
2026-01-03,wk flu hosp rate change,0,2026-01-03,09,pmf,large_increase,0.367
2026-01-03,wk flu hosp rate change,0,2026-01-03,09,pmf,stable,0.088
2026-01-03,wk flu hosp rate change,0,2026-01-03,10,pmf,decrease,0.197
2026-01-03,wk flu hosp rate change,0,2026-01-03,10,pmf,increase,0.15
2026-01-03,wk flu hosp rate change,0,2026-01-03,10,pmf,large_decrease,0.284
2026-01-03,wk flu hosp rate change,0,2026-01-03,10,pmf,large_increase,0.268
2026-01-03,wk flu hosp rate change,0,2026-01-03,10,pmf,stable,0.101
2026-01-03,wk flu hosp rate change,0,2026-01-03,11,pmf,decrease,0.267
2026-01-03,wk flu hosp rate change,0,2026-01-03,11,pmf,increase,0.216
2026-01-03,wk flu hosp rate change,0,2026-01-03,11,pmf,large_decrease,0.175
2026-01-03,wk flu hosp rate change,0,2026-01-03,11,pmf,large_increase,0.215
2026-01-03,wk flu hosp rate change,0,2026-01-03,11,pmf,stable,0.1270000000000001
2026-01-03,wk flu hosp rate change,0,2026-01-03,12,pmf,decrease,0.318
2026-01-03,wk flu hosp rate change,0,2026-01-03,12,pmf,increase,0.188
2026-01-03,wk flu hosp rate change,0,2026-01-03,12,pmf,large_decrease,0.175
2026-01-03,wk flu hosp rate change,0,2026-01-03,12,pmf,large_increase,0.196
2026-01-03,wk flu hosp rate change,0,2026-01-03,12,pmf,stable,0.123
2026-01-03,wk flu hosp rate change,0,2026-01-03,13,pmf,decrease,0.25199999999999995
2026-01-03,wk flu hosp rate change,0,2026-01-03,13,pmf,increase,0.16299999999999998
2026-01-03,wk flu hosp rate change,0,2026-01-03,13,pmf,large_decrease,0.30399999999999994
2026-01-03,wk flu hosp rate change,0,2026-01-03,13,pmf,large_increase,0.19099999999999995
2026-01-03,wk flu hosp rate change,0,2026-01-03,13,pmf,stable,0.08999999999999998
2026-01-03,wk flu hosp rate change,0,2026-01-03,15,pmf,decrease,0.147
2026-01-03,wk flu hosp rate change,0,2026-01-03,15,pmf,increase,0.162
2026-01-03,wk flu hosp rate change,0,2026-01-03,15,pmf,large_decrease,0.303
2026-01-03,wk flu hosp rate change,0,2026-01-03,15,pmf,large_increase,0.324
2026-01-03,wk flu hosp rate change,0,2026-01-03,15,pmf,stable,0.06400000000000011
2026-01-03,wk flu hosp rate change,0,2026-01-03,16,pmf,decrease,0.285
2026-01-03,wk flu hosp rate change,0,2026-01-03,16,pmf,increase,0.165
2026-01-03,wk flu hosp rate change,0,2026-01-03,16,pmf,large_decrease,0.229
2026-01-03,wk flu hosp rate change,0,2026-01-03,16,pmf,large_increase,0.213
2026-01-03,wk flu hosp rate change,0,2026-01-03,16,pmf,stable,0.10800000000000011
2026-01-03,wk flu hosp rate change,0,2026-01-03,17,pmf,decrease,0.221
2026-01-03,wk flu hosp rate change,0,2026-01-03,17,pmf,increase,0.162
2026-01-03,wk flu hosp rate change,0,2026-01-03,17,pmf,large_decrease,0.275
2026-01-03,wk flu hosp rate change,0,2026-01-03,17,pmf,large_increase,0.243
2026-01-03,wk flu hosp rate change,0,2026-01-03,17,pmf,stable,0.099
2026-01-03,wk flu hosp rate change,0,2026-01-03,18,pmf,decrease,0.217
2026-01-03,wk flu hosp rate change,0,2026-01-03,18,pmf,increase,0.155
2026-01-03,wk flu hosp rate change,0,2026-01-03,18,pmf,large_decrease,0.311
2026-01-03,wk flu hosp rate change,0,2026-01-03,18,pmf,large_increase,0.232
2026-01-03,wk flu hosp rate change,0,2026-01-03,18,pmf,stable,0.085
2026-01-03,wk flu hosp rate change,0,2026-01-03,19,pmf,decrease,0.252
2026-01-03,wk flu hosp rate change,0,2026-01-03,19,pmf,increase,0.227
2026-01-03,wk flu hosp rate change,0,2026-01-03,19,pmf,large_decrease,0.207
2026-01-03,wk flu hosp rate change,0,2026-01-03,19,pmf,large_increase,0.186
2026-01-03,wk flu hosp rate change,0,2026-01-03,19,pmf,stable,0.1280000000000001
2026-01-03,wk flu hosp rate change,0,2026-01-03,20,pmf,decrease,0.29770229770229767
2026-01-03,wk flu hosp rate change,0,2026-01-03,20,pmf,increase,0.1898101898101898
2026-01-03,wk flu hosp rate change,0,2026-01-03,20,pmf,large_decrease,0.20679320679320676
2026-01-03,wk flu hosp rate change,0,2026-01-03,20,pmf,large_increase,0.19580419580419578
2026-01-03,wk flu hosp rate change,0,2026-01-03,20,pmf,stable,0.10989010989010987
2026-01-03,wk flu hosp rate change,0,2026-01-03,21,pmf,decrease,0.24275724275724272
2026-01-03,wk flu hosp rate change,0,2026-01-03,21,pmf,increase,0.17082917082917082
2026-01-03,wk flu hosp rate change,0,2026-01-03,21,pmf,large_decrease,0.2507492507492507
2026-01-03,wk flu hosp rate change,0,2026-01-03,21,pmf,large_increase,0.23876123876123873
2026-01-03,wk flu hosp rate change,0,2026-01-03,21,pmf,stable,0.0969030969030969
2026-01-03,wk flu hosp rate change,0,2026-01-03,22,pmf,decrease,0.236
2026-01-03,wk flu hosp rate change,0,2026-01-03,22,pmf,increase,0.153
2026-01-03,wk flu hosp rate change,0,2026-01-03,22,pmf,large_decrease,0.325
2026-01-03,wk flu hosp rate change,0,2026-01-03,22,pmf,large_increase,0.207
2026-01-03,wk flu hosp rate change,0,2026-01-03,22,pmf,stable,0.07900000000000011
2026-01-03,wk flu hosp rate change,0,2026-01-03,23,pmf,decrease,0.278
2026-01-03,wk flu hosp rate change,0,2026-01-03,23,pmf,increase,0.232
2026-01-03,wk flu hosp rate change,0,2026-01-03,23,pmf,large_decrease,0.183
2026-01-03,wk flu hosp rate change,0,2026-01-03,23,pmf,large_increase,0.168
2026-01-03,wk flu hosp rate change,0,2026-01-03,23,pmf,stable,0.139
2026-01-03,wk flu hosp rate change,0,2026-01-03,24,pmf,decrease,0.196
2026-01-03,wk flu hosp rate change,0,2026-01-03,24,pmf,increase,0.146
2026-01-03,wk flu hosp rate change,0,2026-01-03,24,pmf,large_decrease,0.27
2026-01-03,wk flu hosp rate change,0,2026-01-03,24,pmf,large_increase,0.306
2026-01-03,wk flu hosp rate change,0,2026-01-03,24,pmf,stable,0.08200000000000011
2026-01-03,wk flu hosp rate change,0,2026-01-03,25,pmf,decrease,0.23576423576423577
2026-01-03,wk flu hosp rate change,0,2026-01-03,25,pmf,increase,0.18881118881118883
2026-01-03,wk flu hosp rate change,0,2026-01-03,25,pmf,large_decrease,0.2117882117882118
2026-01-03,wk flu hosp rate change,0,2026-01-03,25,pmf,large_increase,0.23476523476523478
2026-01-03,wk flu hosp rate change,0,2026-01-03,25,pmf,stable,0.1288711288711289
2026-01-03,wk flu hosp rate change,0,2026-01-03,26,pmf,decrease,0.254
2026-01-03,wk flu hosp rate change,0,2026-01-03,26,pmf,increase,0.198
2026-01-03,wk flu hosp rate change,0,2026-01-03,26,pmf,large_decrease,0.223
2026-01-03,wk flu hosp rate change,0,2026-01-03,26,pmf,large_increase,0.209
2026-01-03,wk flu hosp rate change,0,2026-01-03,26,pmf,stable,0.116
2026-01-03,wk flu hosp rate change,0,2026-01-03,27,pmf,decrease,0.166
2026-01-03,wk flu hosp rate change,0,2026-01-03,27,pmf,increase,0.143
2026-01-03,wk flu hosp rate change,0,2026-01-03,27,pmf,large_decrease,0.298
2026-01-03,wk flu hosp rate change,0,2026-01-03,27,pmf,large_increase,0.32
2026-01-03,wk flu hosp rate change,0,2026-01-03,27,pmf,stable,0.073
2026-01-03,wk flu hosp rate change,0,2026-01-03,28,pmf,decrease,0.2777222777222777
2026-01-03,wk flu hosp rate change,0,2026-01-03,28,pmf,increase,0.1858141858141858
2026-01-03,wk flu hosp rate change,0,2026-01-03,28,pmf,large_decrease,0.2507492507492507
2026-01-03,wk flu hosp rate change,0,2026-01-03,28,pmf,large_increase,0.1858141858141858
2026-01-03,wk flu hosp rate change,0,2026-01-03,28,pmf,stable,0.09990009990009989
2026-01-03,wk flu hosp rate change,0,2026-01-03,30,pmf,decrease,0.298
2026-01-03,wk flu hosp rate change,0,2026-01-03,30,pmf,increase,0.208
2026-01-03,wk flu hosp rate change,0,2026-01-03,30,pmf,large_decrease,0.174
2026-01-03,wk flu hosp rate change,0,2026-01-03,30,pmf,large_increase,0.188
2026-01-03,wk flu hosp rate change,0,2026-01-03,30,pmf,stable,0.13200000000000012
2026-01-03,wk flu hosp rate change,0,2026-01-03,31,pmf,decrease,0.3656343656343657
2026-01-03,wk flu hosp rate change,0,2026-01-03,31,pmf,increase,0.23476523476523478
2026-01-03,wk flu hosp rate change,0,2026-01-03,31,pmf,large_decrease,0.11288711288711291
2026-01-03,wk flu hosp rate change,0,2026-01-03,31,pmf,large_increase,0.1058941058941059
2026-01-03,wk flu hosp rate change,0,2026-01-03,31,pmf,stable,0.18081918081918083
2026-01-03,wk flu hosp rate change,0,2026-01-03,32,pmf,decrease,0.33
2026-01-03,wk flu hosp rate change,0,2026-01-03,32,pmf,increase,0.265
2026-01-03,wk flu hosp rate change,0,2026-01-03,32,pmf,large_decrease,0.101
2026-01-03,wk flu hosp rate change,0,2026-01-03,32,pmf,large_increase,0.151
2026-01-03,wk flu hosp rate change,0,2026-01-03,32,pmf,stable,0.153
2026-01-03,wk flu hosp rate change,0,2026-01-03,33,pmf,decrease,0.23876123876123873
2026-01-03,wk flu hosp rate change,0,2026-01-03,33,pmf,increase,0.16283716283716282
2026-01-03,wk flu hosp rate change,0,2026-01-03,33,pmf,large_decrease,0.24975024975024973
2026-01-03,wk flu hosp rate change,0,2026-01-03,33,pmf,large_increase,0.24275724275724272
2026-01-03,wk flu hosp rate change,0,2026-01-03,33,pmf,stable,0.10589410589410587
2026-01-03,wk flu hosp rate change,0,2026-01-03,34,pmf,decrease,0.214
2026-01-03,wk flu hosp rate change,0,2026-01-03,34,pmf,increase,0.199
2026-01-03,wk flu hosp rate change,0,2026-01-03,34,pmf,large_decrease,0.197
2026-01-03,wk flu hosp rate change,0,2026-01-03,34,pmf,large_increase,0.301
2026-01-03,wk flu hosp rate change,0,2026-01-03,34,pmf,stable,0.089
2026-01-03,wk flu hosp rate change,0,2026-01-03,35,pmf,decrease,0.22677322677322675
2026-01-03,wk flu hosp rate change,0,2026-01-03,35,pmf,increase,0.14985014985014983
2026-01-03,wk flu hosp rate change,0,2026-01-03,35,pmf,large_decrease,0.28971028971028967
2026-01-03,wk flu hosp rate change,0,2026-01-03,35,pmf,large_increase,0.2447552447552447
2026-01-03,wk flu hosp rate change,0,2026-01-03,35,pmf,stable,0.0889110889110889
2026-01-03,wk flu hosp rate change,0,2026-01-03,36,pmf,decrease,0.257
2026-01-03,wk flu hosp rate change,0,2026-01-03,36,pmf,increase,0.239
2026-01-03,wk flu hosp rate change,0,2026-01-03,36,pmf,large_decrease,0.106
2026-01-03,wk flu hosp rate change,0,2026-01-03,36,pmf,large_increase,0.287
2026-01-03,wk flu hosp rate change,0,2026-01-03,36,pmf,stable,0.111
2026-01-03,wk flu hosp rate change,0,2026-01-03,37,pmf,decrease,0.127
2026-01-03,wk flu hosp rate change,0,2026-01-03,37,pmf,increase,0.133
2026-01-03,wk flu hosp rate change,0,2026-01-03,37,pmf,large_decrease,0.337
2026-01-03,wk flu hosp rate change,0,2026-01-03,37,pmf,large_increase,0.355
2026-01-03,wk flu hosp rate change,0,2026-01-03,37,pmf,stable,0.048
2026-01-03,wk flu hosp rate change,0,2026-01-03,38,pmf,decrease,0.255
2026-01-03,wk flu hosp rate change,0,2026-01-03,38,pmf,increase,0.169
2026-01-03,wk flu hosp rate change,0,2026-01-03,38,pmf,large_decrease,0.253
2026-01-03,wk flu hosp rate change,0,2026-01-03,38,pmf,large_increase,0.218
2026-01-03,wk flu hosp rate change,0,2026-01-03,38,pmf,stable,0.105
2026-01-03,wk flu hosp rate change,0,2026-01-03,39,pmf,decrease,0.29370629370629364
2026-01-03,wk flu hosp rate change,0,2026-01-03,39,pmf,increase,0.20379620379620375
2026-01-03,wk flu hosp rate change,0,2026-01-03,39,pmf,large_decrease,0.21978021978021975
2026-01-03,wk flu hosp rate change,0,2026-01-03,39,pmf,large_increase,0.1888111888111888
2026-01-03,wk flu hosp rate change,0,2026-01-03,39,pmf,stable,0.09390609390609389
2026-01-03,wk flu hosp rate change,0,2026-01-03,40,pmf,decrease,0.245
2026-01-03,wk flu hosp rate change,0,2026-01-03,40,pmf,increase,0.27
2026-01-03,wk flu hosp rate change,0,2026-01-03,40,pmf,large_decrease,0.142
2026-01-03,wk flu hosp rate change,0,2026-01-03,40,pmf,large_increase,0.218
2026-01-03,wk flu hosp rate change,0,2026-01-03,40,pmf,stable,0.125
2026-01-03,wk flu hosp rate change,0,2026-01-03,41,pmf,decrease,0.357
2026-01-03,wk flu hosp rate change,0,2026-01-03,41,pmf,increase,0.288
2026-01-03,wk flu hosp rate change,0,2026-01-03,41,pmf,large_decrease,0.037
2026-01-03,wk flu hosp rate change,0,2026-01-03,41,pmf,large_increase,0.088
2026-01-03,wk flu hosp rate change,0,2026-01-03,41,pmf,stable,0.23
2026-01-03,wk flu hosp rate change,0,2026-01-03,42,pmf,decrease,0.268
2026-01-03,wk flu hosp rate change,0,2026-01-03,42,pmf,increase,0.187
2026-01-03,wk flu hosp rate change,0,2026-01-03,42,pmf,large_decrease,0.222
2026-01-03,wk flu hosp rate change,0,2026-01-03,42,pmf,large_increase,0.21
2026-01-03,wk flu hosp rate change,0,2026-01-03,42,pmf,stable,0.113
2026-01-03,wk flu hosp rate change,0,2026-01-03,44,pmf,decrease,0.24
2026-01-03,wk flu hosp rate change,0,2026-01-03,44,pmf,increase,0.219
2026-01-03,wk flu hosp rate change,0,2026-01-03,44,pmf,large_decrease,0.17
2026-01-03,wk flu hosp rate change,0,2026-01-03,44,pmf,large_increase,0.236
2026-01-03,wk flu hosp rate change,0,2026-01-03,44,pmf,stable,0.135
2026-01-03,wk flu hosp rate change,0,2026-01-03,45,pmf,decrease,0.213
2026-01-03,wk flu hosp rate change,0,2026-01-03,45,pmf,increase,0.151
2026-01-03,wk flu hosp rate change,0,2026-01-03,45,pmf,large_decrease,0.307
2026-01-03,wk flu hosp rate change,0,2026-01-03,45,pmf,large_increase,0.238
2026-01-03,wk flu hosp rate change,0,2026-01-03,45,pmf,stable,0.091
2026-01-03,wk flu hosp rate change,0,2026-01-03,46,pmf,decrease,0.339
2026-01-03,wk flu hosp rate change,0,2026-01-03,46,pmf,increase,0.23
2026-01-03,wk flu hosp rate change,0,2026-01-03,46,pmf,large_decrease,0.143
2026-01-03,wk flu hosp rate change,0,2026-01-03,46,pmf,large_increase,0.095
2026-01-03,wk flu hosp rate change,0,2026-01-03,46,pmf,stable,0.193
2026-01-03,wk flu hosp rate change,0,2026-01-03,47,pmf,decrease,0.25199999999999995
2026-01-03,wk flu hosp rate change,0,2026-01-03,47,pmf,increase,0.16799999999999998
2026-01-03,wk flu hosp rate change,0,2026-01-03,47,pmf,large_decrease,0.28099999999999997
2026-01-03,wk flu hosp rate change,0,2026-01-03,47,pmf,large_increase,0.20299999999999996
2026-01-03,wk flu hosp rate change,0,2026-01-03,47,pmf,stable,0.09599999999999997
2026-01-03,wk flu hosp rate change,0,2026-01-03,48,pmf,decrease,0.207
2026-01-03,wk flu hosp rate change,0,2026-01-03,48,pmf,increase,0.143
2026-01-03,wk flu hosp rate change,0,2026-01-03,48,pmf,large_decrease,0.317
2026-01-03,wk flu hosp rate change,0,2026-01-03,48,pmf,large_increase,0.259
2026-01-03,wk flu hosp rate change,0,2026-01-03,48,pmf,stable,0.074
2026-01-03,wk flu hosp rate change,0,2026-01-03,49,pmf,decrease,0.208
2026-01-03,wk flu hosp rate change,0,2026-01-03,49,pmf,increase,0.143
2026-01-03,wk flu hosp rate change,0,2026-01-03,49,pmf,large_decrease,0.335
2026-01-03,wk flu hosp rate change,0,2026-01-03,49,pmf,large_increase,0.234
2026-01-03,wk flu hosp rate change,0,2026-01-03,49,pmf,stable,0.08000000000000011
2026-01-03,wk flu hosp rate change,0,2026-01-03,50,pmf,decrease,0.305
2026-01-03,wk flu hosp rate change,0,2026-01-03,50,pmf,increase,0.222
2026-01-03,wk flu hosp rate change,0,2026-01-03,50,pmf,large_decrease,0.192
2026-01-03,wk flu hosp rate change,0,2026-01-03,50,pmf,large_increase,0.171
2026-01-03,wk flu hosp rate change,0,2026-01-03,50,pmf,stable,0.10999999999999989
2026-01-03,wk flu hosp rate change,0,2026-01-03,51,pmf,decrease,0.235
2026-01-03,wk flu hosp rate change,0,2026-01-03,51,pmf,increase,0.167
2026-01-03,wk flu hosp rate change,0,2026-01-03,51,pmf,large_decrease,0.239
2026-01-03,wk flu hosp rate change,0,2026-01-03,51,pmf,large_increase,0.273
2026-01-03,wk flu hosp rate change,0,2026-01-03,51,pmf,stable,0.08600000000000001
2026-01-03,wk flu hosp rate change,0,2026-01-03,53,pmf,decrease,0.284
2026-01-03,wk flu hosp rate change,0,2026-01-03,53,pmf,increase,0.309
2026-01-03,wk flu hosp rate change,0,2026-01-03,53,pmf,large_decrease,0.075
2026-01-03,wk flu hosp rate change,0,2026-01-03,53,pmf,large_increase,0.136
2026-01-03,wk flu hosp rate change,0,2026-01-03,53,pmf,stable,0.196
2026-01-03,wk flu hosp rate change,0,2026-01-03,54,pmf,decrease,0.277
2026-01-03,wk flu hosp rate change,0,2026-01-03,54,pmf,increase,0.25
2026-01-03,wk flu hosp rate change,0,2026-01-03,54,pmf,large_decrease,0.165
2026-01-03,wk flu hosp rate change,0,2026-01-03,54,pmf,large_increase,0.176
2026-01-03,wk flu hosp rate change,0,2026-01-03,54,pmf,stable,0.1319999999999999
2026-01-03,wk flu hosp rate change,0,2026-01-03,55,pmf,decrease,0.24
2026-01-03,wk flu hosp rate change,0,2026-01-03,55,pmf,increase,0.158
2026-01-03,wk flu hosp rate change,0,2026-01-03,55,pmf,large_decrease,0.304
2026-01-03,wk flu hosp rate change,0,2026-01-03,55,pmf,large_increase,0.207
2026-01-03,wk flu hosp rate change,0,2026-01-03,55,pmf,stable,0.09100000000000011
2026-01-03,wk flu hosp rate change,0,2026-01-03,56,pmf,decrease,0.001
2026-01-03,wk flu hosp rate change,0,2026-01-03,56,pmf,increase,0.042
2026-01-03,wk flu hosp rate change,0,2026-01-03,56,pmf,large_decrease,0.001
2026-01-03,wk flu hosp rate change,0,2026-01-03,56,pmf,large_increase,0.01
2026-01-03,wk flu hosp rate change,0,2026-01-03,56,pmf,stable,0.946
2026-01-03,wk flu hosp rate change,0,2026-01-03,US,pmf,decrease,0.287
2026-01-03,wk flu hosp rate change,0,2026-01-03,US,pmf,increase,0.176
2026-01-03,wk flu hosp rate change,0,2026-01-03,US,pmf,large_decrease,0.224
2026-01-03,wk flu hosp rate change,0,2026-01-03,US,pmf,large_increase,0.209
2026-01-03,wk flu hosp rate change,0,2026-01-03,US,pmf,stable,0.1040000000000001
2026-01-03,wk flu hosp rate change,1,2026-01-10,01,pmf,decrease,0.283
2026-01-03,wk flu hosp rate change,1,2026-01-10,01,pmf,increase,0.197
2026-01-03,wk flu hosp rate change,1,2026-01-10,01,pmf,large_decrease,0.2
2026-01-03,wk flu hosp rate change,1,2026-01-10,01,pmf,large_increase,0.202
2026-01-03,wk flu hosp rate change,1,2026-01-10,01,pmf,stable,0.1180000000000001
2026-01-03,wk flu hosp rate change,1,2026-01-10,02,pmf,decrease,0.3186813186813187
2026-01-03,wk flu hosp rate change,1,2026-01-10,02,pmf,increase,0.26773226773226777
2026-01-03,wk flu hosp rate change,1,2026-01-10,02,pmf,large_decrease,0.12387612387612389
2026-01-03,wk flu hosp rate change,1,2026-01-10,02,pmf,large_increase,0.16283716283716287
2026-01-03,wk flu hosp rate change,1,2026-01-10,02,pmf,stable,0.12687312687312688
2026-01-03,wk flu hosp rate change,1,2026-01-10,04,pmf,decrease,0.35
2026-01-03,wk flu hosp rate change,1,2026-01-10,04,pmf,increase,0.323
2026-01-03,wk flu hosp rate change,1,2026-01-10,04,pmf,large_decrease,0.007
2026-01-03,wk flu hosp rate change,1,2026-01-10,04,pmf,large_increase,0.095
2026-01-03,wk flu hosp rate change,1,2026-01-10,04,pmf,stable,0.225
2026-01-03,wk flu hosp rate change,1,2026-01-10,05,pmf,decrease,0.251
2026-01-03,wk flu hosp rate change,1,2026-01-10,05,pmf,increase,0.316
2026-01-03,wk flu hosp rate change,1,2026-01-10,05,pmf,large_decrease,0.054
2026-01-03,wk flu hosp rate change,1,2026-01-10,05,pmf,large_increase,0.23
2026-01-03,wk flu hosp rate change,1,2026-01-10,05,pmf,stable,0.149
2026-01-03,wk flu hosp rate change,1,2026-01-10,06,pmf,decrease,0.305
2026-01-03,wk flu hosp rate change,1,2026-01-10,06,pmf,increase,0.353
2026-01-03,wk flu hosp rate change,1,2026-01-10,06,pmf,large_decrease,0.001
2026-01-03,wk flu hosp rate change,1,2026-01-10,06,pmf,large_increase,0.042
2026-01-03,wk flu hosp rate change,1,2026-01-10,06,pmf,stable,0.2990000000000001
2026-01-03,wk flu hosp rate change,1,2026-01-10,08,pmf,decrease,0.25074925074925075
2026-01-03,wk flu hosp rate change,1,2026-01-10,08,pmf,increase,0.32567432567432575
2026-01-03,wk flu hosp rate change,1,2026-01-10,08,pmf,large_decrease,0.09890109890109891
2026-01-03,wk flu hosp rate change,1,2026-01-10,08,pmf,large_increase,0.2057942057942058
2026-01-03,wk flu hosp rate change,1,2026-01-10,08,pmf,stable,0.1188811188811189
2026-01-03,wk flu hosp rate change,1,2026-01-10,09,pmf,decrease,0.204
2026-01-03,wk flu hosp rate change,1,2026-01-10,09,pmf,increase,0.268
2026-01-03,wk flu hosp rate change,1,2026-01-10,09,pmf,large_decrease,0.064
2026-01-03,wk flu hosp rate change,1,2026-01-10,09,pmf,large_increase,0.364
2026-01-03,wk flu hosp rate change,1,2026-01-10,09,pmf,stable,0.1
2026-01-03,wk flu hosp rate change,1,2026-01-10,10,pmf,decrease,0.272
2026-01-03,wk flu hosp rate change,1,2026-01-10,10,pmf,increase,0.267
2026-01-03,wk flu hosp rate change,1,2026-01-10,10,pmf,large_decrease,0.087
2026-01-03,wk flu hosp rate change,1,2026-01-10,10,pmf,large_increase,0.25
2026-01-03,wk flu hosp rate change,1,2026-01-10,10,pmf,stable,0.124
2026-01-03,wk flu hosp rate change,1,2026-01-10,11,pmf,decrease,0.386
2026-01-03,wk flu hosp rate change,1,2026-01-10,11,pmf,increase,0.31
2026-01-03,wk flu hosp rate change,1,2026-01-10,11,pmf,large_decrease,0.074
2026-01-03,wk flu hosp rate change,1,2026-01-10,11,pmf,large_increase,0.079
2026-01-03,wk flu hosp rate change,1,2026-01-10,11,pmf,stable,0.1510000000000001
2026-01-03,wk flu hosp rate change,1,2026-01-10,12,pmf,decrease,0.371
2026-01-03,wk flu hosp rate change,1,2026-01-10,12,pmf,increase,0.281
2026-01-03,wk flu hosp rate change,1,2026-01-10,12,pmf,large_decrease,0.084
2026-01-03,wk flu hosp rate change,1,2026-01-10,12,pmf,large_increase,0.094
2026-01-03,wk flu hosp rate change,1,2026-01-10,12,pmf,stable,0.17
2026-01-03,wk flu hosp rate change,1,2026-01-10,13,pmf,decrease,0.317
2026-01-03,wk flu hosp rate change,1,2026-01-10,13,pmf,increase,0.253
2026-01-03,wk flu hosp rate change,1,2026-01-10,13,pmf,large_decrease,0.16
2026-01-03,wk flu hosp rate change,1,2026-01-10,13,pmf,large_increase,0.141
2026-01-03,wk flu hosp rate change,1,2026-01-10,13,pmf,stable,0.1289999999999999
2026-01-03,wk flu hosp rate change,1,2026-01-10,15,pmf,decrease,0.213
2026-01-03,wk flu hosp rate change,1,2026-01-10,15,pmf,increase,0.232
2026-01-03,wk flu hosp rate change,1,2026-01-10,15,pmf,large_decrease,0.206
2026-01-03,wk flu hosp rate change,1,2026-01-10,15,pmf,large_increase,0.252
2026-01-03,wk flu hosp rate change,1,2026-01-10,15,pmf,stable,0.097
2026-01-03,wk flu hosp rate change,1,2026-01-10,16,pmf,decrease,0.36
2026-01-03,wk flu hosp rate change,1,2026-01-10,16,pmf,increase,0.268
2026-01-03,wk flu hosp rate change,1,2026-01-10,16,pmf,large_decrease,0.111
2026-01-03,wk flu hosp rate change,1,2026-01-10,16,pmf,large_increase,0.105
2026-01-03,wk flu hosp rate change,1,2026-01-10,16,pmf,stable,0.156
2026-01-03,wk flu hosp rate change,1,2026-01-10,17,pmf,decrease,0.2867132867132867
2026-01-03,wk flu hosp rate change,1,2026-01-10,17,pmf,increase,0.26973026973026976
2026-01-03,wk flu hosp rate change,1,2026-01-10,17,pmf,large_decrease,0.1278721278721279
2026-01-03,wk flu hosp rate change,1,2026-01-10,17,pmf,large_increase,0.18781218781218784
2026-01-03,wk flu hosp rate change,1,2026-01-10,17,pmf,stable,0.1278721278721279
2026-01-03,wk flu hosp rate change,1,2026-01-10,18,pmf,decrease,0.284
2026-01-03,wk flu hosp rate change,1,2026-01-10,18,pmf,increase,0.238
2026-01-03,wk flu hosp rate change,1,2026-01-10,18,pmf,large_decrease,0.159
2026-01-03,wk flu hosp rate change,1,2026-01-10,18,pmf,large_increase,0.191
2026-01-03,wk flu hosp rate change,1,2026-01-10,18,pmf,stable,0.128
2026-01-03,wk flu hosp rate change,1,2026-01-10,19,pmf,decrease,0.227
2026-01-03,wk flu hosp rate change,1,2026-01-10,19,pmf,increase,0.358
2026-01-03,wk flu hosp rate change,1,2026-01-10,19,pmf,large_decrease,0.057
2026-01-03,wk flu hosp rate change,1,2026-01-10,19,pmf,large_increase,0.205
2026-01-03,wk flu hosp rate change,1,2026-01-10,19,pmf,stable,0.153
2026-01-03,wk flu hosp rate change,1,2026-01-10,20,pmf,decrease,0.27972027972027974
2026-01-03,wk flu hosp rate change,1,2026-01-10,20,pmf,increase,0.32167832167832167
2026-01-03,wk flu hosp rate change,1,2026-01-10,20,pmf,large_decrease,0.07192807192807192
2026-01-03,wk flu hosp rate change,1,2026-01-10,20,pmf,large_increase,0.1598401598401598
2026-01-03,wk flu hosp rate change,1,2026-01-10,20,pmf,stable,0.16683316683316682
2026-01-03,wk flu hosp rate change,1,2026-01-10,21,pmf,decrease,0.264
2026-01-03,wk flu hosp rate change,1,2026-01-10,21,pmf,increase,0.28
2026-01-03,wk flu hosp rate change,1,2026-01-10,21,pmf,large_decrease,0.091
2026-01-03,wk flu hosp rate change,1,2026-01-10,21,pmf,large_increase,0.227
2026-01-03,wk flu hosp rate change,1,2026-01-10,21,pmf,stable,0.138
2026-01-03,wk flu hosp rate change,1,2026-01-10,22,pmf,decrease,0.3196803196803196
2026-01-03,wk flu hosp rate change,1,2026-01-10,22,pmf,increase,0.23776223776223773
2026-01-03,wk flu hosp rate change,1,2026-01-10,22,pmf,large_decrease,0.2007992007992008
2026-01-03,wk flu hosp rate change,1,2026-01-10,22,pmf,large_increase,0.11188811188811187
2026-01-03,wk flu hosp rate change,1,2026-01-10,22,pmf,stable,0.12987012987012986
2026-01-03,wk flu hosp rate change,1,2026-01-10,23,pmf,decrease,0.227
2026-01-03,wk flu hosp rate change,1,2026-01-10,23,pmf,increase,0.377
2026-01-03,wk flu hosp rate change,1,2026-01-10,23,pmf,large_decrease,0.037
2026-01-03,wk flu hosp rate change,1,2026-01-10,23,pmf,large_increase,0.201
2026-01-03,wk flu hosp rate change,1,2026-01-10,23,pmf,stable,0.158
2026-01-03,wk flu hosp rate change,1,2026-01-10,24,pmf,decrease,0.267
2026-01-03,wk flu hosp rate change,1,2026-01-10,24,pmf,increase,0.241
2026-01-03,wk flu hosp rate change,1,2026-01-10,24,pmf,large_decrease,0.135
2026-01-03,wk flu hosp rate change,1,2026-01-10,24,pmf,large_increase,0.254
2026-01-03,wk flu hosp rate change,1,2026-01-10,24,pmf,stable,0.103
2026-01-03,wk flu hosp rate change,1,2026-01-10,25,pmf,decrease,0.222
2026-01-03,wk flu hosp rate change,1,2026-01-10,25,pmf,increase,0.31
2026-01-03,wk flu hosp rate change,1,2026-01-10,25,pmf,large_decrease,0.067
2026-01-03,wk flu hosp rate change,1,2026-01-10,25,pmf,large_increase,0.279
2026-01-03,wk flu hosp rate change,1,2026-01-10,25,pmf,stable,0.122
2026-01-03,wk flu hosp rate change,1,2026-01-10,26,pmf,decrease,0.228
2026-01-03,wk flu hosp rate change,1,2026-01-10,26,pmf,increase,0.331
2026-01-03,wk flu hosp rate change,1,2026-01-10,26,pmf,large_decrease,0.073
2026-01-03,wk flu hosp rate change,1,2026-01-10,26,pmf,large_increase,0.227
2026-01-03,wk flu hosp rate change,1,2026-01-10,26,pmf,stable,0.141
2026-01-03,wk flu hosp rate change,1,2026-01-10,27,pmf,decrease,0.23576423576423572
2026-01-03,wk flu hosp rate change,1,2026-01-10,27,pmf,increase,0.21478521478521476
2026-01-03,wk flu hosp rate change,1,2026-01-10,27,pmf,large_decrease,0.17582417582417578
2026-01-03,wk flu hosp rate change,1,2026-01-10,27,pmf,large_increase,0.28171828171828167
2026-01-03,wk flu hosp rate change,1,2026-01-10,27,pmf,stable,0.09190809190809189
2026-01-03,wk flu hosp rate change,1,2026-01-10,28,pmf,decrease,0.354
2026-01-03,wk flu hosp rate change,1,2026-01-10,28,pmf,increase,0.242
2026-01-03,wk flu hosp rate change,1,2026-01-10,28,pmf,large_decrease,0.119
2026-01-03,wk flu hosp rate change,1,2026-01-10,28,pmf,large_increase,0.103
2026-01-03,wk flu hosp rate change,1,2026-01-10,28,pmf,stable,0.1820000000000001
2026-01-03,wk flu hosp rate change,1,2026-01-10,30,pmf,decrease,0.3296703296703297
2026-01-03,wk flu hosp rate change,1,2026-01-10,30,pmf,increase,0.30869130869130873
2026-01-03,wk flu hosp rate change,1,2026-01-10,30,pmf,large_decrease,0.06693306693306694
2026-01-03,wk flu hosp rate change,1,2026-01-10,30,pmf,large_increase,0.1258741258741259
2026-01-03,wk flu hosp rate change,1,2026-01-10,30,pmf,stable,0.16883116883116886
2026-01-03,wk flu hosp rate change,1,2026-01-10,31,pmf,decrease,0.324
2026-01-03,wk flu hosp rate change,1,2026-01-10,31,pmf,increase,0.361
2026-01-03,wk flu hosp rate change,1,2026-01-10,31,pmf,large_decrease,0.017
2026-01-03,wk flu hosp rate change,1,2026-01-10,31,pmf,large_increase,0.056
2026-01-03,wk flu hosp rate change,1,2026-01-10,31,pmf,stable,0.24199999999999988
2026-01-03,wk flu hosp rate change,1,2026-01-10,32,pmf,decrease,0.33999999999999997
2026-01-03,wk flu hosp rate change,1,2026-01-10,32,pmf,increase,0.3769999999999999
2026-01-03,wk flu hosp rate change,1,2026-01-10,32,pmf,large_decrease,0.019999999999999997
2026-01-03,wk flu hosp rate change,1,2026-01-10,32,pmf,large_increase,0.059999999999999984
2026-01-03,wk flu hosp rate change,1,2026-01-10,32,pmf,stable,0.20299999999999996
2026-01-03,wk flu hosp rate change,1,2026-01-10,33,pmf,decrease,0.251
2026-01-03,wk flu hosp rate change,1,2026-01-10,33,pmf,increase,0.303
2026-01-03,wk flu hosp rate change,1,2026-01-10,33,pmf,large_decrease,0.076
2026-01-03,wk flu hosp rate change,1,2026-01-10,33,pmf,large_increase,0.246
2026-01-03,wk flu hosp rate change,1,2026-01-10,33,pmf,stable,0.124
2026-01-03,wk flu hosp rate change,1,2026-01-10,34,pmf,decrease,0.292
2026-01-03,wk flu hosp rate change,1,2026-01-10,34,pmf,increase,0.262
2026-01-03,wk flu hosp rate change,1,2026-01-10,34,pmf,large_decrease,0.103
2026-01-03,wk flu hosp rate change,1,2026-01-10,34,pmf,large_increase,0.23
2026-01-03,wk flu hosp rate change,1,2026-01-10,34,pmf,stable,0.113
2026-01-03,wk flu hosp rate change,1,2026-01-10,35,pmf,decrease,0.218
2026-01-03,wk flu hosp rate change,1,2026-01-10,35,pmf,increase,0.269
2026-01-03,wk flu hosp rate change,1,2026-01-10,35,pmf,large_decrease,0.131
2026-01-03,wk flu hosp rate change,1,2026-01-10,35,pmf,large_increase,0.274
2026-01-03,wk flu hosp rate change,1,2026-01-10,35,pmf,stable,0.108
2026-01-03,wk flu hosp rate change,1,2026-01-10,36,pmf,decrease,0.309
2026-01-03,wk flu hosp rate change,1,2026-01-10,36,pmf,increase,0.313
2026-01-03,wk flu hosp rate change,1,2026-01-10,36,pmf,large_decrease,0.051
2026-01-03,wk flu hosp rate change,1,2026-01-10,36,pmf,large_increase,0.186
2026-01-03,wk flu hosp rate change,1,2026-01-10,36,pmf,stable,0.141
2026-01-03,wk flu hosp rate change,1,2026-01-10,37,pmf,decrease,0.125
2026-01-03,wk flu hosp rate change,1,2026-01-10,37,pmf,increase,0.155
2026-01-03,wk flu hosp rate change,1,2026-01-10,37,pmf,large_decrease,0.21
2026-01-03,wk flu hosp rate change,1,2026-01-10,37,pmf,large_increase,0.452
2026-01-03,wk flu hosp rate change,1,2026-01-10,37,pmf,stable,0.058
2026-01-03,wk flu hosp rate change,1,2026-01-10,38,pmf,decrease,0.318
2026-01-03,wk flu hosp rate change,1,2026-01-10,38,pmf,increase,0.29
2026-01-03,wk flu hosp rate change,1,2026-01-10,38,pmf,large_decrease,0.084
2026-01-03,wk flu hosp rate change,1,2026-01-10,38,pmf,large_increase,0.156
2026-01-03,wk flu hosp rate change,1,2026-01-10,38,pmf,stable,0.152
2026-01-03,wk flu hosp rate change,1,2026-01-10,39,pmf,decrease,0.236
2026-01-03,wk flu hosp rate change,1,2026-01-10,39,pmf,increase,0.325
2026-01-03,wk flu hosp rate change,1,2026-01-10,39,pmf,large_decrease,0.071
2026-01-03,wk flu hosp rate change,1,2026-01-10,39,pmf,large_increase,0.224
2026-01-03,wk flu hosp rate change,1,2026-01-10,39,pmf,stable,0.1440000000000001
2026-01-03,wk flu hosp rate change,1,2026-01-10,40,pmf,decrease,0.219
2026-01-03,wk flu hosp rate change,1,2026-01-10,40,pmf,increase,0.387
2026-01-03,wk flu hosp rate change,1,2026-01-10,40,pmf,large_decrease,0.004
2026-01-03,wk flu hosp rate change,1,2026-01-10,40,pmf,large_increase,0.234
2026-01-03,wk flu hosp rate change,1,2026-01-10,40,pmf,stable,0.156
2026-01-03,wk flu hosp rate change,1,2026-01-10,41,pmf,decrease,0.3816183816183817
2026-01-03,wk flu hosp rate change,1,2026-01-10,41,pmf,increase,0.2657342657342658
2026-01-03,wk flu hosp rate change,1,2026-01-10,41,pmf,large_decrease,0.0019980019980019984
2026-01-03,wk flu hosp rate change,1,2026-01-10,41,pmf,large_increase,0.08091908091908093
2026-01-03,wk flu hosp rate change,1,2026-01-10,41,pmf,stable,0.26973026973026976
2026-01-03,wk flu hosp rate change,1,2026-01-10,42,pmf,decrease,0.313
2026-01-03,wk flu hosp rate change,1,2026-01-10,42,pmf,increase,0.285
2026-01-03,wk flu hosp rate change,1,2026-01-10,42,pmf,large_decrease,0.087
2026-01-03,wk flu hosp rate change,1,2026-01-10,42,pmf,large_increase,0.158
2026-01-03,wk flu hosp rate change,1,2026-01-10,42,pmf,stable,0.157
2026-01-03,wk flu hosp rate change,1,2026-01-10,44,pmf,decrease,0.228
2026-01-03,wk flu hosp rate change,1,2026-01-10,44,pmf,increase,0.344
2026-01-03,wk flu hosp rate change,1,2026-01-10,44,pmf,large_decrease,0.04
2026-01-03,wk flu hosp rate change,1,2026-01-10,44,pmf,large_increase,0.253
2026-01-03,wk flu hosp rate change,1,2026-01-10,44,pmf,stable,0.135
2026-01-03,wk flu hosp rate change,1,2026-01-10,45,pmf,decrease,0.22877122877122877
2026-01-03,wk flu hosp rate change,1,2026-01-10,45,pmf,increase,0.2787212787212787
2026-01-03,wk flu hosp rate change,1,2026-01-10,45,pmf,large_decrease,0.11588411588411587
2026-01-03,wk flu hosp rate change,1,2026-01-10,45,pmf,large_increase,0.2677322677322677
2026-01-03,wk flu hosp rate change,1,2026-01-10,45,pmf,stable,0.10889110889110888
2026-01-03,wk flu hosp rate change,1,2026-01-10,46,pmf,decrease,0.27672327672327673
2026-01-03,wk flu hosp rate change,1,2026-01-10,46,pmf,increase,0.3806193806193806
2026-01-03,wk flu hosp rate change,1,2026-01-10,46,pmf,large_decrease,0.009990009990009988
2026-01-03,wk flu hosp rate change,1,2026-01-10,46,pmf,large_increase,0.1008991008991009
2026-01-03,wk flu hosp rate change,1,2026-01-10,46,pmf,stable,0.23176823176823175
2026-01-03,wk flu hosp rate change,1,2026-01-10,47,pmf,decrease,0.333
2026-01-03,wk flu hosp rate change,1,2026-01-10,47,pmf,increase,0.259
2026-01-03,wk flu hosp rate change,1,2026-01-10,47,pmf,large_decrease,0.139
2026-01-03,wk flu hosp rate change,1,2026-01-10,47,pmf,large_increase,0.13
2026-01-03,wk flu hosp rate change,1,2026-01-10,47,pmf,stable,0.139
2026-01-03,wk flu hosp rate change,1,2026-01-10,48,pmf,decrease,0.23976023976023977
2026-01-03,wk flu hosp rate change,1,2026-01-10,48,pmf,increase,0.2267732267732268
2026-01-03,wk flu hosp rate change,1,2026-01-10,48,pmf,large_decrease,0.21778221778221782
2026-01-03,wk flu hosp rate change,1,2026-01-10,48,pmf,large_increase,0.2037962037962038
2026-01-03,wk flu hosp rate change,1,2026-01-10,48,pmf,stable,0.1118881118881119
2026-01-03,wk flu hosp rate change,1,2026-01-10,49,pmf,decrease,0.298
2026-01-03,wk flu hosp rate change,1,2026-01-10,49,pmf,increase,0.216
2026-01-03,wk flu hosp rate change,1,2026-01-10,49,pmf,large_decrease,0.18
2026-01-03,wk flu hosp rate change,1,2026-01-10,49,pmf,large_increase,0.178
2026-01-03,wk flu hosp rate change,1,2026-01-10,49,pmf,stable,0.1280000000000001
2026-01-03,wk flu hosp rate change,1,2026-01-10,50,pmf,decrease,0.275
2026-01-03,wk flu hosp rate change,1,2026-01-10,50,pmf,increase,0.311
2026-01-03,wk flu hosp rate change,1,2026-01-10,50,pmf,large_decrease,0.042
2026-01-03,wk flu hosp rate change,1,2026-01-10,50,pmf,large_increase,0.184
2026-01-03,wk flu hosp rate change,1,2026-01-10,50,pmf,stable,0.188
2026-01-03,wk flu hosp rate change,1,2026-01-10,51,pmf,decrease,0.248
2026-01-03,wk flu hosp rate change,1,2026-01-10,51,pmf,increase,0.271
2026-01-03,wk flu hosp rate change,1,2026-01-10,51,pmf,large_decrease,0.09
2026-01-03,wk flu hosp rate change,1,2026-01-10,51,pmf,large_increase,0.277
2026-01-03,wk flu hosp rate change,1,2026-01-10,51,pmf,stable,0.114
2026-01-03,wk flu hosp rate change,1,2026-01-10,53,pmf,decrease,0.295
2026-01-03,wk flu hosp rate change,1,2026-01-10,53,pmf,increase,0.381
2026-01-03,wk flu hosp rate change,1,2026-01-10,53,pmf,large_decrease,0.002
2026-01-03,wk flu hosp rate change,1,2026-01-10,53,pmf,large_increase,0.076
2026-01-03,wk flu hosp rate change,1,2026-01-10,53,pmf,stable,0.2460000000000001
2026-01-03,wk flu hosp rate change,1,2026-01-10,54,pmf,decrease,0.2327672327672328
2026-01-03,wk flu hosp rate change,1,2026-01-10,54,pmf,increase,0.3706293706293707
2026-01-03,wk flu hosp rate change,1,2026-01-10,54,pmf,large_decrease,0.020979020979020983
2026-01-03,wk flu hosp rate change,1,2026-01-10,54,pmf,large_increase,0.2117882117882118
2026-01-03,wk flu hosp rate change,1,2026-01-10,54,pmf,stable,0.16383616383616387
2026-01-03,wk flu hosp rate change,1,2026-01-10,55,pmf,decrease,0.2837162837162837
2026-01-03,wk flu hosp rate change,1,2026-01-10,55,pmf,increase,0.28071928071928076
2026-01-03,wk flu hosp rate change,1,2026-01-10,55,pmf,large_decrease,0.1188811188811189
2026-01-03,wk flu hosp rate change,1,2026-01-10,55,pmf,large_increase,0.16783216783216787
2026-01-03,wk flu hosp rate change,1,2026-01-10,55,pmf,stable,0.14885114885114886
2026-01-03,wk flu hosp rate change,1,2026-01-10,56,pmf,decrease,0.001
2026-01-03,wk flu hosp rate change,1,2026-01-10,56,pmf,increase,0.05
2026-01-03,wk flu hosp rate change,1,2026-01-10,56,pmf,large_decrease,0.001
2026-01-03,wk flu hosp rate change,1,2026-01-10,56,pmf,large_increase,0.001
2026-01-03,wk flu hosp rate change,1,2026-01-10,56,pmf,stable,0.947
2026-01-03,wk flu hosp rate change,1,2026-01-10,US,pmf,decrease,0.343
2026-01-03,wk flu hosp rate change,1,2026-01-10,US,pmf,increase,0.287
2026-01-03,wk flu hosp rate change,1,2026-01-10,US,pmf,large_decrease,0.093
2026-01-03,wk flu hosp rate change,1,2026-01-10,US,pmf,large_increase,0.125
2026-01-03,wk flu hosp rate change,1,2026-01-10,US,pmf,stable,0.152
2026-01-03,wk flu hosp rate change,2,2026-01-17,01,pmf,decrease,0.294
2026-01-03,wk flu hosp rate change,2,2026-01-17,01,pmf,increase,0.25
2026-01-03,wk flu hosp rate change,2,2026-01-17,01,pmf,large_decrease,0.175
2026-01-03,wk flu hosp rate change,2,2026-01-17,01,pmf,large_increase,0.136
2026-01-03,wk flu hosp rate change,2,2026-01-17,01,pmf,stable,0.145
2026-01-03,wk flu hosp rate change,2,2026-01-17,02,pmf,decrease,0.333
2026-01-03,wk flu hosp rate change,2,2026-01-17,02,pmf,increase,0.295
2026-01-03,wk flu hosp rate change,2,2026-01-17,02,pmf,large_decrease,0.095
2026-01-03,wk flu hosp rate change,2,2026-01-17,02,pmf,large_increase,0.128
2026-01-03,wk flu hosp rate change,2,2026-01-17,02,pmf,stable,0.149
2026-01-03,wk flu hosp rate change,2,2026-01-17,04,pmf,decrease,0.426
2026-01-03,wk flu hosp rate change,2,2026-01-17,04,pmf,increase,0.275
2026-01-03,wk flu hosp rate change,2,2026-01-17,04,pmf,large_decrease,0.002
2026-01-03,wk flu hosp rate change,2,2026-01-17,04,pmf,large_increase,0.051
2026-01-03,wk flu hosp rate change,2,2026-01-17,04,pmf,stable,0.246
2026-01-03,wk flu hosp rate change,2,2026-01-17,05,pmf,decrease,0.231
2026-01-03,wk flu hosp rate change,2,2026-01-17,05,pmf,increase,0.368
2026-01-03,wk flu hosp rate change,2,2026-01-17,05,pmf,large_decrease,0.026
2026-01-03,wk flu hosp rate change,2,2026-01-17,05,pmf,large_increase,0.211
2026-01-03,wk flu hosp rate change,2,2026-01-17,05,pmf,stable,0.164
2026-01-03,wk flu hosp rate change,2,2026-01-17,06,pmf,decrease,0.312
2026-01-03,wk flu hosp rate change,2,2026-01-17,06,pmf,increase,0.352
2026-01-03,wk flu hosp rate change,2,2026-01-17,06,pmf,large_decrease,0.001
2026-01-03,wk flu hosp rate change,2,2026-01-17,06,pmf,large_increase,0.015
2026-01-03,wk flu hosp rate change,2,2026-01-17,06,pmf,stable,0.32
2026-01-03,wk flu hosp rate change,2,2026-01-17,08,pmf,decrease,0.238
2026-01-03,wk flu hosp rate change,2,2026-01-17,08,pmf,increase,0.338
2026-01-03,wk flu hosp rate change,2,2026-01-17,08,pmf,large_decrease,0.054
2026-01-03,wk flu hosp rate change,2,2026-01-17,08,pmf,large_increase,0.215
2026-01-03,wk flu hosp rate change,2,2026-01-17,08,pmf,stable,0.155
2026-01-03,wk flu hosp rate change,2,2026-01-17,09,pmf,decrease,0.186
2026-01-03,wk flu hosp rate change,2,2026-01-17,09,pmf,increase,0.298
2026-01-03,wk flu hosp rate change,2,2026-01-17,09,pmf,large_decrease,0.054
2026-01-03,wk flu hosp rate change,2,2026-01-17,09,pmf,large_increase,0.359
2026-01-03,wk flu hosp rate change,2,2026-01-17,09,pmf,stable,0.103
2026-01-03,wk flu hosp rate change,2,2026-01-17,10,pmf,decrease,0.262
2026-01-03,wk flu hosp rate change,2,2026-01-17,10,pmf,increase,0.313
2026-01-03,wk flu hosp rate change,2,2026-01-17,10,pmf,large_decrease,0.058
2026-01-03,wk flu hosp rate change,2,2026-01-17,10,pmf,large_increase,0.197
2026-01-03,wk flu hosp rate change,2,2026-01-17,10,pmf,stable,0.17
2026-01-03,wk flu hosp rate change,2,2026-01-17,11,pmf,decrease,0.438
2026-01-03,wk flu hosp rate change,2,2026-01-17,11,pmf,increase,0.28
2026-01-03,wk flu hosp rate change,2,2026-01-17,11,pmf,large_decrease,0.071
2026-01-03,wk flu hosp rate change,2,2026-01-17,11,pmf,large_increase,0.041
2026-01-03,wk flu hosp rate change,2,2026-01-17,11,pmf,stable,0.17
2026-01-03,wk flu hosp rate change,2,2026-01-17,12,pmf,decrease,0.3856143856143856
2026-01-03,wk flu hosp rate change,2,2026-01-17,12,pmf,increase,0.29970029970029965
2026-01-03,wk flu hosp rate change,2,2026-01-17,12,pmf,large_decrease,0.05694305694305694
2026-01-03,wk flu hosp rate change,2,2026-01-17,12,pmf,large_increase,0.05794205794205794
2026-01-03,wk flu hosp rate change,2,2026-01-17,12,pmf,stable,0.19980019980019978
2026-01-03,wk flu hosp rate change,2,2026-01-17,13,pmf,decrease,0.341
2026-01-03,wk flu hosp rate change,2,2026-01-17,13,pmf,increase,0.276
2026-01-03,wk flu hosp rate change,2,2026-01-17,13,pmf,large_decrease,0.141
2026-01-03,wk flu hosp rate change,2,2026-01-17,13,pmf,large_increase,0.094
2026-01-03,wk flu hosp rate change,2,2026-01-17,13,pmf,stable,0.148
2026-01-03,wk flu hosp rate change,2,2026-01-17,15,pmf,decrease,0.252
2026-01-03,wk flu hosp rate change,2,2026-01-17,15,pmf,increase,0.236
2026-01-03,wk flu hosp rate change,2,2026-01-17,15,pmf,large_decrease,0.167
2026-01-03,wk flu hosp rate change,2,2026-01-17,15,pmf,large_increase,0.206
2026-01-03,wk flu hosp rate change,2,2026-01-17,15,pmf,stable,0.139
2026-01-03,wk flu hosp rate change,2,2026-01-17,16,pmf,decrease,0.393
2026-01-03,wk flu hosp rate change,2,2026-01-17,16,pmf,increase,0.273
2026-01-03,wk flu hosp rate change,2,2026-01-17,16,pmf,large_decrease,0.103
2026-01-03,wk flu hosp rate change,2,2026-01-17,16,pmf,large_increase,0.051
2026-01-03,wk flu hosp rate change,2,2026-01-17,16,pmf,stable,0.17999999999999988
2026-01-03,wk flu hosp rate change,2,2026-01-17,17,pmf,decrease,0.317
2026-01-03,wk flu hosp rate change,2,2026-01-17,17,pmf,increase,0.303
2026-01-03,wk flu hosp rate change,2,2026-01-17,17,pmf,large_decrease,0.092
2026-01-03,wk flu hosp rate change,2,2026-01-17,17,pmf,large_increase,0.123
2026-01-03,wk flu hosp rate change,2,2026-01-17,17,pmf,stable,0.165
2026-01-03,wk flu hosp rate change,2,2026-01-17,18,pmf,decrease,0.294
2026-01-03,wk flu hosp rate change,2,2026-01-17,18,pmf,increase,0.3
2026-01-03,wk flu hosp rate change,2,2026-01-17,18,pmf,large_decrease,0.103
2026-01-03,wk flu hosp rate change,2,2026-01-17,18,pmf,large_increase,0.148
2026-01-03,wk flu hosp rate change,2,2026-01-17,18,pmf,stable,0.155
2026-01-03,wk flu hosp rate change,2,2026-01-17,19,pmf,decrease,0.179
2026-01-03,wk flu hosp rate change,2,2026-01-17,19,pmf,increase,0.398
2026-01-03,wk flu hosp rate change,2,2026-01-17,19,pmf,large_decrease,0.011
2026-01-03,wk flu hosp rate change,2,2026-01-17,19,pmf,large_increase,0.272
2026-01-03,wk flu hosp rate change,2,2026-01-17,19,pmf,stable,0.14
2026-01-03,wk flu hosp rate change,2,2026-01-17,20,pmf,decrease,0.292
2026-01-03,wk flu hosp rate change,2,2026-01-17,20,pmf,increase,0.372
2026-01-03,wk flu hosp rate change,2,2026-01-17,20,pmf,large_decrease,0.033
2026-01-03,wk flu hosp rate change,2,2026-01-17,20,pmf,large_increase,0.115
2026-01-03,wk flu hosp rate change,2,2026-01-17,20,pmf,stable,0.188
2026-01-03,wk flu hosp rate change,2,2026-01-17,21,pmf,decrease,0.252
2026-01-03,wk flu hosp rate change,2,2026-01-17,21,pmf,increase,0.324
2026-01-03,wk flu hosp rate change,2,2026-01-17,21,pmf,large_decrease,0.047
2026-01-03,wk flu hosp rate change,2,2026-01-17,21,pmf,large_increase,0.208
2026-01-03,wk flu hosp rate change,2,2026-01-17,21,pmf,stable,0.169
2026-01-03,wk flu hosp rate change,2,2026-01-17,22,pmf,decrease,0.362
2026-01-03,wk flu hosp rate change,2,2026-01-17,22,pmf,increase,0.251
2026-01-03,wk flu hosp rate change,2,2026-01-17,22,pmf,large_decrease,0.184
2026-01-03,wk flu hosp rate change,2,2026-01-17,22,pmf,large_increase,0.059
2026-01-03,wk flu hosp rate change,2,2026-01-17,22,pmf,stable,0.1440000000000001
2026-01-03,wk flu hosp rate change,2,2026-01-17,23,pmf,decrease,0.185
2026-01-03,wk flu hosp rate change,2,2026-01-17,23,pmf,increase,0.403
2026-01-03,wk flu hosp rate change,2,2026-01-17,23,pmf,large_decrease,0.004
2026-01-03,wk flu hosp rate change,2,2026-01-17,23,pmf,large_increase,0.261
2026-01-03,wk flu hosp rate change,2,2026-01-17,23,pmf,stable,0.14699999999999988
2026-01-03,wk flu hosp rate change,2,2026-01-17,24,pmf,decrease,0.278
2026-01-03,wk flu hosp rate change,2,2026-01-17,24,pmf,increase,0.268
2026-01-03,wk flu hosp rate change,2,2026-01-17,24,pmf,large_decrease,0.13
2026-01-03,wk flu hosp rate change,2,2026-01-17,24,pmf,large_increase,0.199
2026-01-03,wk flu hosp rate change,2,2026-01-17,24,pmf,stable,0.125
2026-01-03,wk flu hosp rate change,2,2026-01-17,25,pmf,decrease,0.20699999999999993
2026-01-03,wk flu hosp rate change,2,2026-01-17,25,pmf,increase,0.30699999999999994
2026-01-03,wk flu hosp rate change,2,2026-01-17,25,pmf,large_decrease,0.03899999999999999
2026-01-03,wk flu hosp rate change,2,2026-01-17,25,pmf,large_increase,0.33099999999999996
2026-01-03,wk flu hosp rate change,2,2026-01-17,25,pmf,stable,0.11599999999999998
2026-01-03,wk flu hosp rate change,2,2026-01-17,26,pmf,decrease,0.211
2026-01-03,wk flu hosp rate change,2,2026-01-17,26,pmf,increase,0.354
2026-01-03,wk flu hosp rate change,2,2026-01-17,26,pmf,large_decrease,0.031
2026-01-03,wk flu hosp rate change,2,2026-01-17,26,pmf,large_increase,0.278
2026-01-03,wk flu hosp rate change,2,2026-01-17,26,pmf,stable,0.126
2026-01-03,wk flu hosp rate change,2,2026-01-17,27,pmf,decrease,0.251
2026-01-03,wk flu hosp rate change,2,2026-01-17,27,pmf,increase,0.237
2026-01-03,wk flu hosp rate change,2,2026-01-17,27,pmf,large_decrease,0.167
2026-01-03,wk flu hosp rate change,2,2026-01-17,27,pmf,large_increase,0.231
2026-01-03,wk flu hosp rate change,2,2026-01-17,27,pmf,stable,0.114
2026-01-03,wk flu hosp rate change,2,2026-01-17,28,pmf,decrease,0.4229999999999999
2026-01-03,wk flu hosp rate change,2,2026-01-17,28,pmf,increase,0.27599999999999997
2026-01-03,wk flu hosp rate change,2,2026-01-17,28,pmf,large_decrease,0.022999999999999996
2026-01-03,wk flu hosp rate change,2,2026-01-17,28,pmf,large_increase,0.06699999999999999
2026-01-03,wk flu hosp rate change,2,2026-01-17,28,pmf,stable,0.21099999999999994
2026-01-03,wk flu hosp rate change,2,2026-01-17,30,pmf,decrease,0.328
2026-01-03,wk flu hosp rate change,2,2026-01-17,30,pmf,increase,0.349
2026-01-03,wk flu hosp rate change,2,2026-01-17,30,pmf,large_decrease,0.029
2026-01-03,wk flu hosp rate change,2,2026-01-17,30,pmf,large_increase,0.078
2026-01-03,wk flu hosp rate change,2,2026-01-17,30,pmf,stable,0.216
2026-01-03,wk flu hosp rate change,2,2026-01-17,31,pmf,decrease,0.297
2026-01-03,wk flu hosp rate change,2,2026-01-17,31,pmf,increase,0.381
2026-01-03,wk flu hosp rate change,2,2026-01-17,31,pmf,large_decrease,0.001
2026-01-03,wk flu hosp rate change,2,2026-01-17,31,pmf,large_increase,0.023
2026-01-03,wk flu hosp rate change,2,2026-01-17,31,pmf,stable,0.298
2026-01-03,wk flu hosp rate change,2,2026-01-17,32,pmf,decrease,0.364
2026-01-03,wk flu hosp rate change,2,2026-01-17,32,pmf,increase,0.349
2026-01-03,wk flu hosp rate change,2,2026-01-17,32,pmf,large_decrease,0.012
2026-01-03,wk flu hosp rate change,2,2026-01-17,32,pmf,large_increase,0.018
2026-01-03,wk flu hosp rate change,2,2026-01-17,32,pmf,stable,0.257
2026-01-03,wk flu hosp rate change,2,2026-01-17,33,pmf,decrease,0.21478521478521476
2026-01-03,wk flu hosp rate change,2,2026-01-17,33,pmf,increase,0.30769230769230765
2026-01-03,wk flu hosp rate change,2,2026-01-17,33,pmf,large_decrease,0.04195804195804195
2026-01-03,wk flu hosp rate change,2,2026-01-17,33,pmf,large_increase,0.30669330669330663
2026-01-03,wk flu hosp rate change,2,2026-01-17,33,pmf,stable,0.12887112887112886
2026-01-03,wk flu hosp rate change,2,2026-01-17,34,pmf,decrease,0.297
2026-01-03,wk flu hosp rate change,2,2026-01-17,34,pmf,increase,0.286
2026-01-03,wk flu hosp rate change,2,2026-01-17,34,pmf,large_decrease,0.085
2026-01-03,wk flu hosp rate change,2,2026-01-17,34,pmf,large_increase,0.184
2026-01-03,wk flu hosp rate change,2,2026-01-17,34,pmf,stable,0.1480000000000001
2026-01-03,wk flu hosp rate change,2,2026-01-17,35,pmf,decrease,0.19380619380619382
2026-01-03,wk flu hosp rate change,2,2026-01-17,35,pmf,increase,0.2767232767232768
2026-01-03,wk flu hosp rate change,2,2026-01-17,35,pmf,large_decrease,0.08091908091908093
2026-01-03,wk flu hosp rate change,2,2026-01-17,35,pmf,large_increase,0.3266733266733267
2026-01-03,wk flu hosp rate change,2,2026-01-17,35,pmf,stable,0.12187812187812189
2026-01-03,wk flu hosp rate change,2,2026-01-17,36,pmf,decrease,0.299
2026-01-03,wk flu hosp rate change,2,2026-01-17,36,pmf,increase,0.344
2026-01-03,wk flu hosp rate change,2,2026-01-17,36,pmf,large_decrease,0.053
2026-01-03,wk flu hosp rate change,2,2026-01-17,36,pmf,large_increase,0.148
2026-01-03,wk flu hosp rate change,2,2026-01-17,36,pmf,stable,0.156
2026-01-03,wk flu hosp rate change,2,2026-01-17,37,pmf,decrease,0.12787212787212787
2026-01-03,wk flu hosp rate change,2,2026-01-17,37,pmf,increase,0.17082917082917082
2026-01-03,wk flu hosp rate change,2,2026-01-17,37,pmf,large_decrease,0.16483516483516483
2026-01-03,wk flu hosp rate change,2,2026-01-17,37,pmf,large_increase,0.48251748251748244
2026-01-03,wk flu hosp rate change,2,2026-01-17,37,pmf,stable,0.05394605394605394
2026-01-03,wk flu hosp rate change,2,2026-01-17,38,pmf,decrease,0.34065934065934067
2026-01-03,wk flu hosp rate change,2,2026-01-17,38,pmf,increase,0.3246753246753247
2026-01-03,wk flu hosp rate change,2,2026-01-17,38,pmf,large_decrease,0.06093906093906093
2026-01-03,wk flu hosp rate change,2,2026-01-17,38,pmf,large_increase,0.0909090909090909
2026-01-03,wk flu hosp rate change,2,2026-01-17,38,pmf,stable,0.1828171828171828
2026-01-03,wk flu hosp rate change,2,2026-01-17,39,pmf,decrease,0.2007992007992008
2026-01-03,wk flu hosp rate change,2,2026-01-17,39,pmf,increase,0.32867132867132864
2026-01-03,wk flu hosp rate change,2,2026-01-17,39,pmf,large_decrease,0.03296703296703297
2026-01-03,wk flu hosp rate change,2,2026-01-17,39,pmf,large_increase,0.30269730269730266
2026-01-03,wk flu hosp rate change,2,2026-01-17,39,pmf,stable,0.13486513486513485
2026-01-03,wk flu hosp rate change,2,2026-01-17,40,pmf,decrease,0.139
2026-01-03,wk flu hosp rate change,2,2026-01-17,40,pmf,increase,0.414
2026-01-03,wk flu hosp rate change,2,2026-01-17,40,pmf,large_decrease,0.001
2026-01-03,wk flu hosp rate change,2,2026-01-17,40,pmf,large_increase,0.273
2026-01-03,wk flu hosp rate change,2,2026-01-17,40,pmf,stable,0.1730000000000001
2026-01-03,wk flu hosp rate change,2,2026-01-17,41,pmf,decrease,0.419
2026-01-03,wk flu hosp rate change,2,2026-01-17,41,pmf,increase,0.259
2026-01-03,wk flu hosp rate change,2,2026-01-17,41,pmf,large_decrease,0.002
2026-01-03,wk flu hosp rate change,2,2026-01-17,41,pmf,large_increase,0.061
2026-01-03,wk flu hosp rate change,2,2026-01-17,41,pmf,stable,0.2590000000000001
2026-01-03,wk flu hosp rate change,2,2026-01-17,42,pmf,decrease,0.314
2026-01-03,wk flu hosp rate change,2,2026-01-17,42,pmf,increase,0.328
2026-01-03,wk flu hosp rate change,2,2026-01-17,42,pmf,large_decrease,0.044
2026-01-03,wk flu hosp rate change,2,2026-01-17,42,pmf,large_increase,0.113
2026-01-03,wk flu hosp rate change,2,2026-01-17,42,pmf,stable,0.201
2026-01-03,wk flu hosp rate change,2,2026-01-17,44,pmf,decrease,0.208
2026-01-03,wk flu hosp rate change,2,2026-01-17,44,pmf,increase,0.341
2026-01-03,wk flu hosp rate change,2,2026-01-17,44,pmf,large_decrease,0.027
2026-01-03,wk flu hosp rate change,2,2026-01-17,44,pmf,large_increase,0.304
2026-01-03,wk flu hosp rate change,2,2026-01-17,44,pmf,stable,0.12
2026-01-03,wk flu hosp rate change,2,2026-01-17,45,pmf,decrease,0.197
2026-01-03,wk flu hosp rate change,2,2026-01-17,45,pmf,increase,0.283
2026-01-03,wk flu hosp rate change,2,2026-01-17,45,pmf,large_decrease,0.069
2026-01-03,wk flu hosp rate change,2,2026-01-17,45,pmf,large_increase,0.336
2026-01-03,wk flu hosp rate change,2,2026-01-17,45,pmf,stable,0.115
2026-01-03,wk flu hosp rate change,2,2026-01-17,46,pmf,decrease,0.20879120879120877
2026-01-03,wk flu hosp rate change,2,2026-01-17,46,pmf,increase,0.4605394605394605
2026-01-03,wk flu hosp rate change,2,2026-01-17,46,pmf,large_decrease,0.000999000999000999
2026-01-03,wk flu hosp rate change,2,2026-01-17,46,pmf,large_increase,0.0989010989010989
2026-01-03,wk flu hosp rate change,2,2026-01-17,46,pmf,stable,0.23076923076923075
2026-01-03,wk flu hosp rate change,2,2026-01-17,47,pmf,decrease,0.343
2026-01-03,wk flu hosp rate change,2,2026-01-17,47,pmf,increase,0.285
2026-01-03,wk flu hosp rate change,2,2026-01-17,47,pmf,large_decrease,0.116
2026-01-03,wk flu hosp rate change,2,2026-01-17,47,pmf,large_increase,0.077
2026-01-03,wk flu hosp rate change,2,2026-01-17,47,pmf,stable,0.179
2026-01-03,wk flu hosp rate change,2,2026-01-17,48,pmf,decrease,0.268
2026-01-03,wk flu hosp rate change,2,2026-01-17,48,pmf,increase,0.247
2026-01-03,wk flu hosp rate change,2,2026-01-17,48,pmf,large_decrease,0.192
2026-01-03,wk flu hosp rate change,2,2026-01-17,48,pmf,large_increase,0.161
2026-01-03,wk flu hosp rate change,2,2026-01-17,48,pmf,stable,0.1319999999999999
2026-01-03,wk flu hosp rate change,2,2026-01-17,49,pmf,decrease,0.339
2026-01-03,wk flu hosp rate change,2,2026-01-17,49,pmf,increase,0.256
2026-01-03,wk flu hosp rate change,2,2026-01-17,49,pmf,large_decrease,0.158
2026-01-03,wk flu hosp rate change,2,2026-01-17,49,pmf,large_increase,0.1
2026-01-03,wk flu hosp rate change,2,2026-01-17,49,pmf,stable,0.147
2026-01-03,wk flu hosp rate change,2,2026-01-17,50,pmf,decrease,0.269
2026-01-03,wk flu hosp rate change,2,2026-01-17,50,pmf,increase,0.396
2026-01-03,wk flu hosp rate change,2,2026-01-17,50,pmf,large_decrease,0.007
2026-01-03,wk flu hosp rate change,2,2026-01-17,50,pmf,large_increase,0.13
2026-01-03,wk flu hosp rate change,2,2026-01-17,50,pmf,stable,0.198
2026-01-03,wk flu hosp rate change,2,2026-01-17,51,pmf,decrease,0.21199999999999994
2026-01-03,wk flu hosp rate change,2,2026-01-17,51,pmf,increase,0.30899999999999994
2026-01-03,wk flu hosp rate change,2,2026-01-17,51,pmf,large_decrease,0.060999999999999985
2026-01-03,wk flu hosp rate change,2,2026-01-17,51,pmf,large_increase,0.30599999999999994
2026-01-03,wk flu hosp rate change,2,2026-01-17,51,pmf,stable,0.11199999999999997
2026-01-03,wk flu hosp rate change,2,2026-01-17,53,pmf,decrease,0.338
2026-01-03,wk flu hosp rate change,2,2026-01-17,53,pmf,increase,0.354
2026-01-03,wk flu hosp rate change,2,2026-01-17,53,pmf,large_decrease,0.002
2026-01-03,wk flu hosp rate change,2,2026-01-17,53,pmf,large_increase,0.026
2026-01-03,wk flu hosp rate change,2,2026-01-17,53,pmf,stable,0.28
2026-01-03,wk flu hosp rate change,2,2026-01-17,54,pmf,decrease,0.216
2026-01-03,wk flu hosp rate change,2,2026-01-17,54,pmf,increase,0.41
2026-01-03,wk flu hosp rate change,2,2026-01-17,54,pmf,large_decrease,0.001
2026-01-03,wk flu hosp rate change,2,2026-01-17,54,pmf,large_increase,0.162
2026-01-03,wk flu hosp rate change,2,2026-01-17,54,pmf,stable,0.211
2026-01-03,wk flu hosp rate change,2,2026-01-17,55,pmf,decrease,0.3106893106893107
2026-01-03,wk flu hosp rate change,2,2026-01-17,55,pmf,increase,0.3076923076923077
2026-01-03,wk flu hosp rate change,2,2026-01-17,55,pmf,large_decrease,0.07992007992007993
2026-01-03,wk flu hosp rate change,2,2026-01-17,55,pmf,large_increase,0.1288711288711289
2026-01-03,wk flu hosp rate change,2,2026-01-17,55,pmf,stable,0.17282717282717283
2026-01-03,wk flu hosp rate change,2,2026-01-17,56,pmf,decrease,0.001
2026-01-03,wk flu hosp rate change,2,2026-01-17,56,pmf,increase,0.049
2026-01-03,wk flu hosp rate change,2,2026-01-17,56,pmf,large_decrease,0.001
2026-01-03,wk flu hosp rate change,2,2026-01-17,56,pmf,large_increase,0.001
2026-01-03,wk flu hosp rate change,2,2026-01-17,56,pmf,stable,0.948
2026-01-03,wk flu hosp rate change,2,2026-01-17,US,pmf,decrease,0.36663336663336665
2026-01-03,wk flu hosp rate change,2,2026-01-17,US,pmf,increase,0.31768231768231775
2026-01-03,wk flu hosp rate change,2,2026-01-17,US,pmf,large_decrease,0.06493506493506494
2026-01-03,wk flu hosp rate change,2,2026-01-17,US,pmf,large_increase,0.08191808191808193
2026-01-03,wk flu hosp rate change,2,2026-01-17,US,pmf,stable,0.16883116883116886
2026-01-03,wk flu hosp rate change,3,2026-01-24,01,pmf,decrease,0.326
2026-01-03,wk flu hosp rate change,3,2026-01-24,01,pmf,increase,0.268
2026-01-03,wk flu hosp rate change,3,2026-01-24,01,pmf,large_decrease,0.11
2026-01-03,wk flu hosp rate change,3,2026-01-24,01,pmf,large_increase,0.149
2026-01-03,wk flu hosp rate change,3,2026-01-24,01,pmf,stable,0.147
2026-01-03,wk flu hosp rate change,3,2026-01-24,02,pmf,decrease,0.309
2026-01-03,wk flu hosp rate change,3,2026-01-24,02,pmf,increase,0.296
2026-01-03,wk flu hosp rate change,3,2026-01-24,02,pmf,large_decrease,0.078
2026-01-03,wk flu hosp rate change,3,2026-01-24,02,pmf,large_increase,0.139
2026-01-03,wk flu hosp rate change,3,2026-01-24,02,pmf,stable,0.178
2026-01-03,wk flu hosp rate change,3,2026-01-24,04,pmf,decrease,0.373
2026-01-03,wk flu hosp rate change,3,2026-01-24,04,pmf,increase,0.259
2026-01-03,wk flu hosp rate change,3,2026-01-24,04,pmf,large_decrease,0.002
2026-01-03,wk flu hosp rate change,3,2026-01-24,04,pmf,large_increase,0.037
2026-01-03,wk flu hosp rate change,3,2026-01-24,04,pmf,stable,0.329
2026-01-03,wk flu hosp rate change,3,2026-01-24,05,pmf,decrease,0.205
2026-01-03,wk flu hosp rate change,3,2026-01-24,05,pmf,increase,0.372
2026-01-03,wk flu hosp rate change,3,2026-01-24,05,pmf,large_decrease,0.002
2026-01-03,wk flu hosp rate change,3,2026-01-24,05,pmf,large_increase,0.228
2026-01-03,wk flu hosp rate change,3,2026-01-24,05,pmf,stable,0.19300000000000012
2026-01-03,wk flu hosp rate change,3,2026-01-24,06,pmf,decrease,0.2247752247752248
2026-01-03,wk flu hosp rate change,3,2026-01-24,06,pmf,increase,0.35664335664335667
2026-01-03,wk flu hosp rate change,3,2026-01-24,06,pmf,large_decrease,0.0019980019980019984
2026-01-03,wk flu hosp rate change,3,2026-01-24,06,pmf,large_increase,0.005994005994005995
2026-01-03,wk flu hosp rate change,3,2026-01-24,06,pmf,stable,0.4105894105894106
2026-01-03,wk flu hosp rate change,3,2026-01-24,08,pmf,decrease,0.266
2026-01-03,wk flu hosp rate change,3,2026-01-24,08,pmf,increase,0.335
2026-01-03,wk flu hosp rate change,3,2026-01-24,08,pmf,large_decrease,0.014
2026-01-03,wk flu hosp rate change,3,2026-01-24,08,pmf,large_increase,0.199
2026-01-03,wk flu hosp rate change,3,2026-01-24,08,pmf,stable,0.1859999999999999
2026-01-03,wk flu hosp rate change,3,2026-01-24,09,pmf,decrease,0.211
2026-01-03,wk flu hosp rate change,3,2026-01-24,09,pmf,increase,0.332
2026-01-03,wk flu hosp rate change,3,2026-01-24,09,pmf,large_decrease,0.016
2026-01-03,wk flu hosp rate change,3,2026-01-24,09,pmf,large_increase,0.309
2026-01-03,wk flu hosp rate change,3,2026-01-24,09,pmf,stable,0.132
2026-01-03,wk flu hosp rate change,3,2026-01-24,10,pmf,decrease,0.256
2026-01-03,wk flu hosp rate change,3,2026-01-24,10,pmf,increase,0.311
2026-01-03,wk flu hosp rate change,3,2026-01-24,10,pmf,large_decrease,0.046
2026-01-03,wk flu hosp rate change,3,2026-01-24,10,pmf,large_increase,0.178
2026-01-03,wk flu hosp rate change,3,2026-01-24,10,pmf,stable,0.2090000000000001
2026-01-03,wk flu hosp rate change,3,2026-01-24,11,pmf,decrease,0.419
2026-01-03,wk flu hosp rate change,3,2026-01-24,11,pmf,increase,0.281
2026-01-03,wk flu hosp rate change,3,2026-01-24,11,pmf,large_decrease,0.054
2026-01-03,wk flu hosp rate change,3,2026-01-24,11,pmf,large_increase,0.055
2026-01-03,wk flu hosp rate change,3,2026-01-24,11,pmf,stable,0.191
2026-01-03,wk flu hosp rate change,3,2026-01-24,12,pmf,decrease,0.37462537462537465
2026-01-03,wk flu hosp rate change,3,2026-01-24,12,pmf,increase,0.3056943056943057
2026-01-03,wk flu hosp rate change,3,2026-01-24,12,pmf,large_decrease,0.013986013986013988
2026-01-03,wk flu hosp rate change,3,2026-01-24,12,pmf,large_increase,0.058941058941058944
2026-01-03,wk flu hosp rate change,3,2026-01-24,12,pmf,stable,0.24675324675324678
2026-01-03,wk flu hosp rate change,3,2026-01-24,13,pmf,decrease,0.34
2026-01-03,wk flu hosp rate change,3,2026-01-24,13,pmf,increase,0.287
2026-01-03,wk flu hosp rate change,3,2026-01-24,13,pmf,large_decrease,0.099
2026-01-03,wk flu hosp rate change,3,2026-01-24,13,pmf,large_increase,0.097
2026-01-03,wk flu hosp rate change,3,2026-01-24,13,pmf,stable,0.177
2026-01-03,wk flu hosp rate change,3,2026-01-24,15,pmf,decrease,0.305
2026-01-03,wk flu hosp rate change,3,2026-01-24,15,pmf,increase,0.233
2026-01-03,wk flu hosp rate change,3,2026-01-24,15,pmf,large_decrease,0.134
2026-01-03,wk flu hosp rate change,3,2026-01-24,15,pmf,large_increase,0.153
2026-01-03,wk flu hosp rate change,3,2026-01-24,15,pmf,stable,0.17499999999999988
2026-01-03,wk flu hosp rate change,3,2026-01-24,16,pmf,decrease,0.428
2026-01-03,wk flu hosp rate change,3,2026-01-24,16,pmf,increase,0.244
2026-01-03,wk flu hosp rate change,3,2026-01-24,16,pmf,large_decrease,0.069
2026-01-03,wk flu hosp rate change,3,2026-01-24,16,pmf,large_increase,0.032
2026-01-03,wk flu hosp rate change,3,2026-01-24,16,pmf,stable,0.22700000000000012
2026-01-03,wk flu hosp rate change,3,2026-01-24,17,pmf,decrease,0.323
2026-01-03,wk flu hosp rate change,3,2026-01-24,17,pmf,increase,0.315
2026-01-03,wk flu hosp rate change,3,2026-01-24,17,pmf,large_decrease,0.062
2026-01-03,wk flu hosp rate change,3,2026-01-24,17,pmf,large_increase,0.102
2026-01-03,wk flu hosp rate change,3,2026-01-24,17,pmf,stable,0.198
2026-01-03,wk flu hosp rate change,3,2026-01-24,18,pmf,decrease,0.297
2026-01-03,wk flu hosp rate change,3,2026-01-24,18,pmf,increase,0.304
2026-01-03,wk flu hosp rate change,3,2026-01-24,18,pmf,large_decrease,0.055
2026-01-03,wk flu hosp rate change,3,2026-01-24,18,pmf,large_increase,0.156
2026-01-03,wk flu hosp rate change,3,2026-01-24,18,pmf,stable,0.1879999999999999
2026-01-03,wk flu hosp rate change,3,2026-01-24,19,pmf,decrease,0.146
2026-01-03,wk flu hosp rate change,3,2026-01-24,19,pmf,increase,0.397
2026-01-03,wk flu hosp rate change,3,2026-01-24,19,pmf,large_decrease,0.001
2026-01-03,wk flu hosp rate change,3,2026-01-24,19,pmf,large_increase,0.298
2026-01-03,wk flu hosp rate change,3,2026-01-24,19,pmf,stable,0.1579999999999999
2026-01-03,wk flu hosp rate change,3,2026-01-24,20,pmf,decrease,0.24775224775224777
2026-01-03,wk flu hosp rate change,3,2026-01-24,20,pmf,increase,0.39560439560439564
2026-01-03,wk flu hosp rate change,3,2026-01-24,20,pmf,large_decrease,0.003996003996003997
2026-01-03,wk flu hosp rate change,3,2026-01-24,20,pmf,large_increase,0.10689310689310691
2026-01-03,wk flu hosp rate change,3,2026-01-24,20,pmf,stable,0.2457542457542458
2026-01-03,wk flu hosp rate change,3,2026-01-24,21,pmf,decrease,0.24375624375624377
2026-01-03,wk flu hosp rate change,3,2026-01-24,21,pmf,increase,0.34765234765234765
2026-01-03,wk flu hosp rate change,3,2026-01-24,21,pmf,large_decrease,0.008991008991008992
2026-01-03,wk flu hosp rate change,3,2026-01-24,21,pmf,large_increase,0.2117882117882118
2026-01-03,wk flu hosp rate change,3,2026-01-24,21,pmf,stable,0.18781218781218784
2026-01-03,wk flu hosp rate change,3,2026-01-24,22,pmf,decrease,0.379
2026-01-03,wk flu hosp rate change,3,2026-01-24,22,pmf,increase,0.26
2026-01-03,wk flu hosp rate change,3,2026-01-24,22,pmf,large_decrease,0.129
2026-01-03,wk flu hosp rate change,3,2026-01-24,22,pmf,large_increase,0.063
2026-01-03,wk flu hosp rate change,3,2026-01-24,22,pmf,stable,0.169
2026-01-03,wk flu hosp rate change,3,2026-01-24,23,pmf,decrease,0.137
2026-01-03,wk flu hosp rate change,3,2026-01-24,23,pmf,increase,0.405
2026-01-03,wk flu hosp rate change,3,2026-01-24,23,pmf,large_decrease,0.002
2026-01-03,wk flu hosp rate change,3,2026-01-24,23,pmf,large_increase,0.285
2026-01-03,wk flu hosp rate change,3,2026-01-24,23,pmf,stable,0.171
2026-01-03,wk flu hosp rate change,3,2026-01-24,24,pmf,decrease,0.27772227772227775
2026-01-03,wk flu hosp rate change,3,2026-01-24,24,pmf,increase,0.27272727272727276
2026-01-03,wk flu hosp rate change,3,2026-01-24,24,pmf,large_decrease,0.1228771228771229
2026-01-03,wk flu hosp rate change,3,2026-01-24,24,pmf,large_increase,0.17282717282717283
2026-01-03,wk flu hosp rate change,3,2026-01-24,24,pmf,stable,0.15384615384615385
2026-01-03,wk flu hosp rate change,3,2026-01-24,25,pmf,decrease,0.192
2026-01-03,wk flu hosp rate change,3,2026-01-24,25,pmf,increase,0.319
2026-01-03,wk flu hosp rate change,3,2026-01-24,25,pmf,large_decrease,0.014
2026-01-03,wk flu hosp rate change,3,2026-01-24,25,pmf,large_increase,0.342
2026-01-03,wk flu hosp rate change,3,2026-01-24,25,pmf,stable,0.133
2026-01-03,wk flu hosp rate change,3,2026-01-24,26,pmf,decrease,0.192
2026-01-03,wk flu hosp rate change,3,2026-01-24,26,pmf,increase,0.355
2026-01-03,wk flu hosp rate change,3,2026-01-24,26,pmf,large_decrease,0.017
2026-01-03,wk flu hosp rate change,3,2026-01-24,26,pmf,large_increase,0.292
2026-01-03,wk flu hosp rate change,3,2026-01-24,26,pmf,stable,0.1440000000000001
2026-01-03,wk flu hosp rate change,3,2026-01-24,27,pmf,decrease,0.25
2026-01-03,wk flu hosp rate change,3,2026-01-24,27,pmf,increase,0.247
2026-01-03,wk flu hosp rate change,3,2026-01-24,27,pmf,large_decrease,0.143
2026-01-03,wk flu hosp rate change,3,2026-01-24,27,pmf,large_increase,0.215
2026-01-03,wk flu hosp rate change,3,2026-01-24,27,pmf,stable,0.145
2026-01-03,wk flu hosp rate change,3,2026-01-24,28,pmf,decrease,0.421
2026-01-03,wk flu hosp rate change,3,2026-01-24,28,pmf,increase,0.256
2026-01-03,wk flu hosp rate change,3,2026-01-24,28,pmf,large_decrease,0.001
2026-01-03,wk flu hosp rate change,3,2026-01-24,28,pmf,large_increase,0.057
2026-01-03,wk flu hosp rate change,3,2026-01-24,28,pmf,stable,0.265
2026-01-03,wk flu hosp rate change,3,2026-01-24,30,pmf,decrease,0.3266733266733267
2026-01-03,wk flu hosp rate change,3,2026-01-24,30,pmf,increase,0.3346653346653347
2026-01-03,wk flu hosp rate change,3,2026-01-24,30,pmf,large_decrease,0.0009990009990009992
2026-01-03,wk flu hosp rate change,3,2026-01-24,30,pmf,large_increase,0.06093906093906094
2026-01-03,wk flu hosp rate change,3,2026-01-24,30,pmf,stable,0.2767232767232768
2026-01-03,wk flu hosp rate change,3,2026-01-24,31,pmf,decrease,0.246
2026-01-03,wk flu hosp rate change,3,2026-01-24,31,pmf,increase,0.364
2026-01-03,wk flu hosp rate change,3,2026-01-24,31,pmf,large_decrease,0.001
2026-01-03,wk flu hosp rate change,3,2026-01-24,31,pmf,large_increase,0.011
2026-01-03,wk flu hosp rate change,3,2026-01-24,31,pmf,stable,0.378
2026-01-03,wk flu hosp rate change,3,2026-01-24,32,pmf,decrease,0.34165834165834175
2026-01-03,wk flu hosp rate change,3,2026-01-24,32,pmf,increase,0.2917082917082917
2026-01-03,wk flu hosp rate change,3,2026-01-24,32,pmf,large_decrease,0.0019980019980019984
2026-01-03,wk flu hosp rate change,3,2026-01-24,32,pmf,large_increase,0.013986013986013988
2026-01-03,wk flu hosp rate change,3,2026-01-24,32,pmf,stable,0.35064935064935066
2026-01-03,wk flu hosp rate change,3,2026-01-24,33,pmf,decrease,0.202
2026-01-03,wk flu hosp rate change,3,2026-01-24,33,pmf,increase,0.302
2026-01-03,wk flu hosp rate change,3,2026-01-24,33,pmf,large_decrease,0.013
2026-01-03,wk flu hosp rate change,3,2026-01-24,33,pmf,large_increase,0.336
2026-01-03,wk flu hosp rate change,3,2026-01-24,33,pmf,stable,0.147
2026-01-03,wk flu hosp rate change,3,2026-01-24,34,pmf,decrease,0.267
2026-01-03,wk flu hosp rate change,3,2026-01-24,34,pmf,increase,0.302
2026-01-03,wk flu hosp rate change,3,2026-01-24,34,pmf,large_decrease,0.088
2026-01-03,wk flu hosp rate change,3,2026-01-24,34,pmf,large_increase,0.16
2026-01-03,wk flu hosp rate change,3,2026-01-24,34,pmf,stable,0.183
2026-01-03,wk flu hosp rate change,3,2026-01-24,35,pmf,decrease,0.199
2026-01-03,wk flu hosp rate change,3,2026-01-24,35,pmf,increase,0.284
2026-01-03,wk flu hosp rate change,3,2026-01-24,35,pmf,large_decrease,0.057
2026-01-03,wk flu hosp rate change,3,2026-01-24,35,pmf,large_increase,0.324
2026-01-03,wk flu hosp rate change,3,2026-01-24,35,pmf,stable,0.136
2026-01-03,wk flu hosp rate change,3,2026-01-24,36,pmf,decrease,0.288
2026-01-03,wk flu hosp rate change,3,2026-01-24,36,pmf,increase,0.339
2026-01-03,wk flu hosp rate change,3,2026-01-24,36,pmf,large_decrease,0.023
2026-01-03,wk flu hosp rate change,3,2026-01-24,36,pmf,large_increase,0.159
2026-01-03,wk flu hosp rate change,3,2026-01-24,36,pmf,stable,0.191
2026-01-03,wk flu hosp rate change,3,2026-01-24,37,pmf,decrease,0.143
2026-01-03,wk flu hosp rate change,3,2026-01-24,37,pmf,increase,0.185
2026-01-03,wk flu hosp rate change,3,2026-01-24,37,pmf,large_decrease,0.146
2026-01-03,wk flu hosp rate change,3,2026-01-24,37,pmf,large_increase,0.454
2026-01-03,wk flu hosp rate change,3,2026-01-24,37,pmf,stable,0.0720000000000001
2026-01-03,wk flu hosp rate change,3,2026-01-24,38,pmf,decrease,0.341
2026-01-03,wk flu hosp rate change,3,2026-01-24,38,pmf,increase,0.312
2026-01-03,wk flu hosp rate change,3,2026-01-24,38,pmf,large_decrease,0.042
2026-01-03,wk flu hosp rate change,3,2026-01-24,38,pmf,large_increase,0.071
2026-01-03,wk flu hosp rate change,3,2026-01-24,38,pmf,stable,0.234
2026-01-03,wk flu hosp rate change,3,2026-01-24,39,pmf,decrease,0.173
2026-01-03,wk flu hosp rate change,3,2026-01-24,39,pmf,increase,0.314
2026-01-03,wk flu hosp rate change,3,2026-01-24,39,pmf,large_decrease,0.018
2026-01-03,wk flu hosp rate change,3,2026-01-24,39,pmf,large_increase,0.343
2026-01-03,wk flu hosp rate change,3,2026-01-24,39,pmf,stable,0.152
2026-01-03,wk flu hosp rate change,3,2026-01-24,40,pmf,decrease,0.1
2026-01-03,wk flu hosp rate change,3,2026-01-24,40,pmf,increase,0.46
2026-01-03,wk flu hosp rate change,3,2026-01-24,40,pmf,large_decrease,0.001
2026-01-03,wk flu hosp rate change,3,2026-01-24,40,pmf,large_increase,0.252
2026-01-03,wk flu hosp rate change,3,2026-01-24,40,pmf,stable,0.1869999999999999
2026-01-03,wk flu hosp rate change,3,2026-01-24,41,pmf,decrease,0.363
2026-01-03,wk flu hosp rate change,3,2026-01-24,41,pmf,increase,0.224
2026-01-03,wk flu hosp rate change,3,2026-01-24,41,pmf,large_decrease,0.002
2026-01-03,wk flu hosp rate change,3,2026-01-24,41,pmf,large_increase,0.032
2026-01-03,wk flu hosp rate change,3,2026-01-24,41,pmf,stable,0.379
2026-01-03,wk flu hosp rate change,3,2026-01-24,42,pmf,decrease,0.314
2026-01-03,wk flu hosp rate change,3,2026-01-24,42,pmf,increase,0.355
2026-01-03,wk flu hosp rate change,3,2026-01-24,42,pmf,large_decrease,0.009
2026-01-03,wk flu hosp rate change,3,2026-01-24,42,pmf,large_increase,0.104
2026-01-03,wk flu hosp rate change,3,2026-01-24,42,pmf,stable,0.218
2026-01-03,wk flu hosp rate change,3,2026-01-24,44,pmf,decrease,0.193
2026-01-03,wk flu hosp rate change,3,2026-01-24,44,pmf,increase,0.341
2026-01-03,wk flu hosp rate change,3,2026-01-24,44,pmf,large_decrease,0.006
2026-01-03,wk flu hosp rate change,3,2026-01-24,44,pmf,large_increase,0.314
2026-01-03,wk flu hosp rate change,3,2026-01-24,44,pmf,stable,0.146
2026-01-03,wk flu hosp rate change,3,2026-01-24,45,pmf,decrease,0.188
2026-01-03,wk flu hosp rate change,3,2026-01-24,45,pmf,increase,0.281
2026-01-03,wk flu hosp rate change,3,2026-01-24,45,pmf,large_decrease,0.048
2026-01-03,wk flu hosp rate change,3,2026-01-24,45,pmf,large_increase,0.357
2026-01-03,wk flu hosp rate change,3,2026-01-24,45,pmf,stable,0.126
2026-01-03,wk flu hosp rate change,3,2026-01-24,46,pmf,decrease,0.131
2026-01-03,wk flu hosp rate change,3,2026-01-24,46,pmf,increase,0.495
2026-01-03,wk flu hosp rate change,3,2026-01-24,46,pmf,large_decrease,0.001
2026-01-03,wk flu hosp rate change,3,2026-01-24,46,pmf,large_increase,0.108
2026-01-03,wk flu hosp rate change,3,2026-01-24,46,pmf,stable,0.265
2026-01-03,wk flu hosp rate change,3,2026-01-24,47,pmf,decrease,0.36
2026-01-03,wk flu hosp rate change,3,2026-01-24,47,pmf,increase,0.3
2026-01-03,wk flu hosp rate change,3,2026-01-24,47,pmf,large_decrease,0.05
2026-01-03,wk flu hosp rate change,3,2026-01-24,47,pmf,large_increase,0.058
2026-01-03,wk flu hosp rate change,3,2026-01-24,47,pmf,stable,0.232
2026-01-03,wk flu hosp rate change,3,2026-01-24,48,pmf,decrease,0.27372627372627373
2026-01-03,wk flu hosp rate change,3,2026-01-24,48,pmf,increase,0.26873126873126874
2026-01-03,wk flu hosp rate change,3,2026-01-24,48,pmf,large_decrease,0.12587412587412586
2026-01-03,wk flu hosp rate change,3,2026-01-24,48,pmf,large_increase,0.15484515484515482
2026-01-03,wk flu hosp rate change,3,2026-01-24,48,pmf,stable,0.1768231768231768
2026-01-03,wk flu hosp rate change,3,2026-01-24,49,pmf,decrease,0.346
2026-01-03,wk flu hosp rate change,3,2026-01-24,49,pmf,increase,0.248
2026-01-03,wk flu hosp rate change,3,2026-01-24,49,pmf,large_decrease,0.151
2026-01-03,wk flu hosp rate change,3,2026-01-24,49,pmf,large_increase,0.068
2026-01-03,wk flu hosp rate change,3,2026-01-24,49,pmf,stable,0.187
2026-01-03,wk flu hosp rate change,3,2026-01-24,50,pmf,decrease,0.221
2026-01-03,wk flu hosp rate change,3,2026-01-24,50,pmf,increase,0.399
2026-01-03,wk flu hosp rate change,3,2026-01-24,50,pmf,large_decrease,0.001
2026-01-03,wk flu hosp rate change,3,2026-01-24,50,pmf,large_increase,0.135
2026-01-03,wk flu hosp rate change,3,2026-01-24,50,pmf,stable,0.244
2026-01-03,wk flu hosp rate change,3,2026-01-24,51,pmf,decrease,0.197
2026-01-03,wk flu hosp rate change,3,2026-01-24,51,pmf,increase,0.303
2026-01-03,wk flu hosp rate change,3,2026-01-24,51,pmf,large_decrease,0.03
2026-01-03,wk flu hosp rate change,3,2026-01-24,51,pmf,large_increase,0.342
2026-01-03,wk flu hosp rate change,3,2026-01-24,51,pmf,stable,0.128
2026-01-03,wk flu hosp rate change,3,2026-01-24,53,pmf,decrease,0.309
2026-01-03,wk flu hosp rate change,3,2026-01-24,53,pmf,increase,0.301
2026-01-03,wk flu hosp rate change,3,2026-01-24,53,pmf,large_decrease,0.002
2026-01-03,wk flu hosp rate change,3,2026-01-24,53,pmf,large_increase,0.017
2026-01-03,wk flu hosp rate change,3,2026-01-24,53,pmf,stable,0.371
2026-01-03,wk flu hosp rate change,3,2026-01-24,54,pmf,decrease,0.192
2026-01-03,wk flu hosp rate change,3,2026-01-24,54,pmf,increase,0.438
2026-01-03,wk flu hosp rate change,3,2026-01-24,54,pmf,large_decrease,0.001
2026-01-03,wk flu hosp rate change,3,2026-01-24,54,pmf,large_increase,0.135
2026-01-03,wk flu hosp rate change,3,2026-01-24,54,pmf,stable,0.234
2026-01-03,wk flu hosp rate change,3,2026-01-24,55,pmf,decrease,0.30569430569430567
2026-01-03,wk flu hosp rate change,3,2026-01-24,55,pmf,increase,0.30969030969030964
2026-01-03,wk flu hosp rate change,3,2026-01-24,55,pmf,large_decrease,0.046953046953046945
2026-01-03,wk flu hosp rate change,3,2026-01-24,55,pmf,large_increase,0.14085914085914084
2026-01-03,wk flu hosp rate change,3,2026-01-24,55,pmf,stable,0.1968031968031968
2026-01-03,wk flu hosp rate change,3,2026-01-24,56,pmf,decrease,0.001
2026-01-03,wk flu hosp rate change,3,2026-01-24,56,pmf,increase,0.043
2026-01-03,wk flu hosp rate change,3,2026-01-24,56,pmf,large_decrease,0.001
2026-01-03,wk flu hosp rate change,3,2026-01-24,56,pmf,large_increase,0.001
2026-01-03,wk flu hosp rate change,3,2026-01-24,56,pmf,stable,0.954
2026-01-03,wk flu hosp rate change,3,2026-01-24,US,pmf,decrease,0.34365634365634357
2026-01-03,wk flu hosp rate change,3,2026-01-24,US,pmf,increase,0.31468531468531463
2026-01-03,wk flu hosp rate change,3,2026-01-24,US,pmf,large_decrease,0.044955044955044945
2026-01-03,wk flu hosp rate change,3,2026-01-24,US,pmf,large_increase,0.08491508491508491
2026-01-03,wk flu hosp rate change,3,2026-01-24,US,pmf,stable,0.21178821178821175
2026-01-03,wk inc flu hosp,0,2026-01-03,01,quantile,0.01,136.0
2026-01-03,wk inc flu hosp,0,2026-01-03,01,quantile,0.025,170.0
2026-01-03,wk inc flu hosp,0,2026-01-03,01,quantile,0.05,207.0
2026-01-03,wk inc flu hosp,0,2026-01-03,01,quantile,0.1,250.0
2026-01-03,wk inc flu hosp,0,2026-01-03,01,quantile,0.15,281.0
2026-01-03,wk inc flu hosp,0,2026-01-03,01,quantile,0.2,306.0
2026-01-03,wk inc flu hosp,0,2026-01-03,01,quantile,0.25,330.0
2026-01-03,wk inc flu hosp,0,2026-01-03,01,quantile,0.3,353.0
2026-01-03,wk inc flu hosp,0,2026-01-03,01,quantile,0.35,376.0
2026-01-03,wk inc flu hosp,0,2026-01-03,01,quantile,0.4,393.0
2026-01-03,wk inc flu hosp,0,2026-01-03,01,quantile,0.45,416.0
2026-01-03,wk inc flu hosp,0,2026-01-03,01,quantile,0.5,433.0
2026-01-03,wk inc flu hosp,0,2026-01-03,01,quantile,0.55,454.0
2026-01-03,wk inc flu hosp,0,2026-01-03,01,quantile,0.6,479.0
2026-01-03,wk inc flu hosp,0,2026-01-03,01,quantile,0.65,504.0
2026-01-03,wk inc flu hosp,0,2026-01-03,01,quantile,0.7,527.0
2026-01-03,wk inc flu hosp,0,2026-01-03,01,quantile,0.75,554.0
2026-01-03,wk inc flu hosp,0,2026-01-03,01,quantile,0.8,583.0
2026-01-03,wk inc flu hosp,0,2026-01-03,01,quantile,0.85,616.0
2026-01-03,wk inc flu hosp,0,2026-01-03,01,quantile,0.9,657.0
2026-01-03,wk inc flu hosp,0,2026-01-03,01,quantile,0.95,721.0
2026-01-03,wk inc flu hosp,0,2026-01-03,01,quantile,0.975,767.0
2026-01-03,wk inc flu hosp,0,2026-01-03,01,quantile,0.99,835.0
2026-01-03,wk inc flu hosp,0,2026-01-03,02,quantile,0.01,27.0
2026-01-03,wk inc flu hosp,0,2026-01-03,02,quantile,0.025,31.0
2026-01-03,wk inc flu hosp,0,2026-01-03,02,quantile,0.05,36.0
2026-01-03,wk inc flu hosp,0,2026-01-03,02,quantile,0.1,42.0
2026-01-03,wk inc flu hosp,0,2026-01-03,02,quantile,0.15,47.0
2026-01-03,wk inc flu hosp,0,2026-01-03,02,quantile,0.2,51.0
2026-01-03,wk inc flu hosp,0,2026-01-03,02,quantile,0.25,55.0
2026-01-03,wk inc flu hosp,0,2026-01-03,02,quantile,0.3,59.0
2026-01-03,wk inc flu hosp,0,2026-01-03,02,quantile,0.35,61.0
2026-01-03,wk inc flu hosp,0,2026-01-03,02,quantile,0.4,63.0
2026-01-03,wk inc flu hosp,0,2026-01-03,02,quantile,0.45,66.0
2026-01-03,wk inc flu hosp,0,2026-01-03,02,quantile,0.5,70.0
2026-01-03,wk inc flu hosp,0,2026-01-03,02,quantile,0.55,73.0
2026-01-03,wk inc flu hosp,0,2026-01-03,02,quantile,0.6,76.0
2026-01-03,wk inc flu hosp,0,2026-01-03,02,quantile,0.65,79.0
2026-01-03,wk inc flu hosp,0,2026-01-03,02,quantile,0.7,82.0
2026-01-03,wk inc flu hosp,0,2026-01-03,02,quantile,0.75,85.0
2026-01-03,wk inc flu hosp,0,2026-01-03,02,quantile,0.8,87.0
2026-01-03,wk inc flu hosp,0,2026-01-03,02,quantile,0.85,92.0
2026-01-03,wk inc flu hosp,0,2026-01-03,02,quantile,0.9,98.0
2026-01-03,wk inc flu hosp,0,2026-01-03,02,quantile,0.95,104.0
2026-01-03,wk inc flu hosp,0,2026-01-03,02,quantile,0.975,112.0
2026-01-03,wk inc flu hosp,0,2026-01-03,02,quantile,0.99,120.0
2026-01-03,wk inc flu hosp,0,2026-01-03,04,quantile,0.01,27.0
2026-01-03,wk inc flu hosp,0,2026-01-03,04,quantile,0.025,42.0
2026-01-03,wk inc flu hosp,0,2026-01-03,04,quantile,0.05,79.0
2026-01-03,wk inc flu hosp,0,2026-01-03,04,quantile,0.1,114.0
2026-01-03,wk inc flu hosp,0,2026-01-03,04,quantile,0.15,136.0
2026-01-03,wk inc flu hosp,0,2026-01-03,04,quantile,0.2,157.0
2026-01-03,wk inc flu hosp,0,2026-01-03,04,quantile,0.25,175.0
2026-01-03,wk inc flu hosp,0,2026-01-03,04,quantile,0.3,190.0
2026-01-03,wk inc flu hosp,0,2026-01-03,04,quantile,0.35,203.0
2026-01-03,wk inc flu hosp,0,2026-01-03,04,quantile,0.4,217.0
2026-01-03,wk inc flu hosp,0,2026-01-03,04,quantile,0.45,232.0
2026-01-03,wk inc flu hosp,0,2026-01-03,04,quantile,0.5,245.0
2026-01-03,wk inc flu hosp,0,2026-01-03,04,quantile,0.55,260.0
2026-01-03,wk inc flu hosp,0,2026-01-03,04,quantile,0.6,277.0
2026-01-03,wk inc flu hosp,0,2026-01-03,04,quantile,0.65,295.0
2026-01-03,wk inc flu hosp,0,2026-01-03,04,quantile,0.7,311.0
2026-01-03,wk inc flu hosp,0,2026-01-03,04,quantile,0.75,329.0
2026-01-03,wk inc flu hosp,0,2026-01-03,04,quantile,0.8,352.0
2026-01-03,wk inc flu hosp,0,2026-01-03,04,quantile,0.85,376.0
2026-01-03,wk inc flu hosp,0,2026-01-03,04,quantile,0.9,409.0
2026-01-03,wk inc flu hosp,0,2026-01-03,04,quantile,0.95,465.0
2026-01-03,wk inc flu hosp,0,2026-01-03,04,quantile,0.975,510.0
2026-01-03,wk inc flu hosp,0,2026-01-03,04,quantile,0.99,568.0
2026-01-03,wk inc flu hosp,0,2026-01-03,05,quantile,0.01,74.0
2026-01-03,wk inc flu hosp,0,2026-01-03,05,quantile,0.025,88.0
2026-01-03,wk inc flu hosp,0,2026-01-03,05,quantile,0.05,103.0
2026-01-03,wk inc flu hosp,0,2026-01-03,05,quantile,0.1,125.0
2026-01-03,wk inc flu hosp,0,2026-01-03,05,quantile,0.15,142.0
2026-01-03,wk inc flu hosp,0,2026-01-03,05,quantile,0.2,157.0
2026-01-03,wk inc flu hosp,0,2026-01-03,05,quantile,0.25,169.0
2026-01-03,wk inc flu hosp,0,2026-01-03,05,quantile,0.3,180.0
2026-01-03,wk inc flu hosp,0,2026-01-03,05,quantile,0.35,189.0
2026-01-03,wk inc flu hosp,0,2026-01-03,05,quantile,0.4,198.0
2026-01-03,wk inc flu hosp,0,2026-01-03,05,quantile,0.45,207.0
2026-01-03,wk inc flu hosp,0,2026-01-03,05,quantile,0.5,215.0
2026-01-03,wk inc flu hosp,0,2026-01-03,05,quantile,0.55,225.0
2026-01-03,wk inc flu hosp,0,2026-01-03,05,quantile,0.6,233.0
2026-01-03,wk inc flu hosp,0,2026-01-03,05,quantile,0.65,241.0
2026-01-03,wk inc flu hosp,0,2026-01-03,05,quantile,0.7,248.0
2026-01-03,wk inc flu hosp,0,2026-01-03,05,quantile,0.75,256.0
2026-01-03,wk inc flu hosp,0,2026-01-03,05,quantile,0.8,267.0
2026-01-03,wk inc flu hosp,0,2026-01-03,05,quantile,0.85,279.0
2026-01-03,wk inc flu hosp,0,2026-01-03,05,quantile,0.9,296.0
2026-01-03,wk inc flu hosp,0,2026-01-03,05,quantile,0.95,320.0
2026-01-03,wk inc flu hosp,0,2026-01-03,05,quantile,0.975,344.0
2026-01-03,wk inc flu hosp,0,2026-01-03,05,quantile,0.99,368.0
2026-01-03,wk inc flu hosp,0,2026-01-03,06,quantile,0.01,105.0
2026-01-03,wk inc flu hosp,0,2026-01-03,06,quantile,0.025,133.0
2026-01-03,wk inc flu hosp,0,2026-01-03,06,quantile,0.05,255.0
2026-01-03,wk inc flu hosp,0,2026-01-03,06,quantile,0.1,412.0
2026-01-03,wk inc flu hosp,0,2026-01-03,06,quantile,0.15,533.0
2026-01-03,wk inc flu hosp,0,2026-01-03,06,quantile,0.2,602.0
2026-01-03,wk inc flu hosp,0,2026-01-03,06,quantile,0.25,667.0
2026-01-03,wk inc flu hosp,0,2026-01-03,06,quantile,0.3,724.0
2026-01-03,wk inc flu hosp,0,2026-01-03,06,quantile,0.35,791.0
2026-01-03,wk inc flu hosp,0,2026-01-03,06,quantile,0.4,848.0
2026-01-03,wk inc flu hosp,0,2026-01-03,06,quantile,0.45,906.0
2026-01-03,wk inc flu hosp,0,2026-01-03,06,quantile,0.5,952.0
2026-01-03,wk inc flu hosp,0,2026-01-03,06,quantile,0.55,1010.0
2026-01-03,wk inc flu hosp,0,2026-01-03,06,quantile,0.6,1068.0
2026-01-03,wk inc flu hosp,0,2026-01-03,06,quantile,0.65,1128.0
2026-01-03,wk inc flu hosp,0,2026-01-03,06,quantile,0.7,1193.0
2026-01-03,wk inc flu hosp,0,2026-01-03,06,quantile,0.75,1255.0
2026-01-03,wk inc flu hosp,0,2026-01-03,06,quantile,0.8,1348.0
2026-01-03,wk inc flu hosp,0,2026-01-03,06,quantile,0.85,1462.0
2026-01-03,wk inc flu hosp,0,2026-01-03,06,quantile,0.9,1576.0
2026-01-03,wk inc flu hosp,0,2026-01-03,06,quantile,0.95,1817.0
2026-01-03,wk inc flu hosp,0,2026-01-03,06,quantile,0.975,1984.0
2026-01-03,wk inc flu hosp,0,2026-01-03,06,quantile,0.99,2174.0
2026-01-03,wk inc flu hosp,0,2026-01-03,08,quantile,0.01,203.0
2026-01-03,wk inc flu hosp,0,2026-01-03,08,quantile,0.025,247.0
2026-01-03,wk inc flu hosp,0,2026-01-03,08,quantile,0.05,295.0
2026-01-03,wk inc flu hosp,0,2026-01-03,08,quantile,0.1,348.0
2026-01-03,wk inc flu hosp,0,2026-01-03,08,quantile,0.15,389.0
2026-01-03,wk inc flu hosp,0,2026-01-03,08,quantile,0.2,422.0
2026-01-03,wk inc flu hosp,0,2026-01-03,08,quantile,0.25,453.0
2026-01-03,wk inc flu hosp,0,2026-01-03,08,quantile,0.3,477.0
2026-01-03,wk inc flu hosp,0,2026-01-03,08,quantile,0.35,505.0
2026-01-03,wk inc flu hosp,0,2026-01-03,08,quantile,0.4,529.0
2026-01-03,wk inc flu hosp,0,2026-01-03,08,quantile,0.45,545.0
2026-01-03,wk inc flu hosp,0,2026-01-03,08,quantile,0.5,558.0
2026-01-03,wk inc flu hosp,0,2026-01-03,08,quantile,0.55,572.0
2026-01-03,wk inc flu hosp,0,2026-01-03,08,quantile,0.6,585.0
2026-01-03,wk inc flu hosp,0,2026-01-03,08,quantile,0.65,596.0
2026-01-03,wk inc flu hosp,0,2026-01-03,08,quantile,0.7,612.0
2026-01-03,wk inc flu hosp,0,2026-01-03,08,quantile,0.75,633.0
2026-01-03,wk inc flu hosp,0,2026-01-03,08,quantile,0.8,654.0
2026-01-03,wk inc flu hosp,0,2026-01-03,08,quantile,0.85,678.0
2026-01-03,wk inc flu hosp,0,2026-01-03,08,quantile,0.9,724.0
2026-01-03,wk inc flu hosp,0,2026-01-03,08,quantile,0.95,770.0
2026-01-03,wk inc flu hosp,0,2026-01-03,08,quantile,0.975,822.0
2026-01-03,wk inc flu hosp,0,2026-01-03,08,quantile,0.99,868.0
2026-01-03,wk inc flu hosp,0,2026-01-03,09,quantile,0.01,181.0
2026-01-03,wk inc flu hosp,0,2026-01-03,09,quantile,0.025,209.0
2026-01-03,wk inc flu hosp,0,2026-01-03,09,quantile,0.05,243.0
2026-01-03,wk inc flu hosp,0,2026-01-03,09,quantile,0.1,285.0
2026-01-03,wk inc flu hosp,0,2026-01-03,09,quantile,0.15,315.0
2026-01-03,wk inc flu hosp,0,2026-01-03,09,quantile,0.2,343.0
2026-01-03,wk inc flu hosp,0,2026-01-03,09,quantile,0.25,366.0
2026-01-03,wk inc flu hosp,0,2026-01-03,09,quantile,0.3,386.0
2026-01-03,wk inc flu hosp,0,2026-01-03,09,quantile,0.35,407.0
2026-01-03,wk inc flu hosp,0,2026-01-03,09,quantile,0.4,420.0
2026-01-03,wk inc flu hosp,0,2026-01-03,09,quantile,0.45,435.0
2026-01-03,wk inc flu hosp,0,2026-01-03,09,quantile,0.5,449.0
2026-01-03,wk inc flu hosp,0,2026-01-03,09,quantile,0.55,461.0
2026-01-03,wk inc flu hosp,0,2026-01-03,09,quantile,0.6,471.0
2026-01-03,wk inc flu hosp,0,2026-01-03,09,quantile,0.65,479.0
2026-01-03,wk inc flu hosp,0,2026-01-03,09,quantile,0.7,490.0
2026-01-03,wk inc flu hosp,0,2026-01-03,09,quantile,0.75,503.0
2026-01-03,wk inc flu hosp,0,2026-01-03,09,quantile,0.8,518.0
2026-01-03,wk inc flu hosp,0,2026-01-03,09,quantile,0.85,535.0
2026-01-03,wk inc flu hosp,0,2026-01-03,09,quantile,0.9,562.0
2026-01-03,wk inc flu hosp,0,2026-01-03,09,quantile,0.95,598.0
2026-01-03,wk inc flu hosp,0,2026-01-03,09,quantile,0.975,635.0
2026-01-03,wk inc flu hosp,0,2026-01-03,09,quantile,0.99,673.0
2026-01-03,wk inc flu hosp,0,2026-01-03,10,quantile,0.01,33.0
2026-01-03,wk inc flu hosp,0,2026-01-03,10,quantile,0.025,38.0
2026-01-03,wk inc flu hosp,0,2026-01-03,10,quantile,0.05,44.0
2026-01-03,wk inc flu hosp,0,2026-01-03,10,quantile,0.1,52.0
2026-01-03,wk inc flu hosp,0,2026-01-03,10,quantile,0.15,59.0
2026-01-03,wk inc flu hosp,0,2026-01-03,10,quantile,0.2,64.0
2026-01-03,wk inc flu hosp,0,2026-01-03,10,quantile,0.25,69.0
2026-01-03,wk inc flu hosp,0,2026-01-03,10,quantile,0.3,73.0
2026-01-03,wk inc flu hosp,0,2026-01-03,10,quantile,0.35,76.0
2026-01-03,wk inc flu hosp,0,2026-01-03,10,quantile,0.4,80.0
2026-01-03,wk inc flu hosp,0,2026-01-03,10,quantile,0.45,84.0
2026-01-03,wk inc flu hosp,0,2026-01-03,10,quantile,0.5,87.0
2026-01-03,wk inc flu hosp,0,2026-01-03,10,quantile,0.55,92.0
2026-01-03,wk inc flu hosp,0,2026-01-03,10,quantile,0.6,95.0
2026-01-03,wk inc flu hosp,0,2026-01-03,10,quantile,0.65,100.0
2026-01-03,wk inc flu hosp,0,2026-01-03,10,quantile,0.7,105.0
2026-01-03,wk inc flu hosp,0,2026-01-03,10,quantile,0.75,109.0
2026-01-03,wk inc flu hosp,0,2026-01-03,10,quantile,0.8,113.0
2026-01-03,wk inc flu hosp,0,2026-01-03,10,quantile,0.85,118.0
2026-01-03,wk inc flu hosp,0,2026-01-03,10,quantile,0.9,123.0
2026-01-03,wk inc flu hosp,0,2026-01-03,10,quantile,0.95,133.0
2026-01-03,wk inc flu hosp,0,2026-01-03,10,quantile,0.975,141.0
2026-01-03,wk inc flu hosp,0,2026-01-03,10,quantile,0.99,150.0
2026-01-03,wk inc flu hosp,0,2026-01-03,11,quantile,0.01,19.0
2026-01-03,wk inc flu hosp,0,2026-01-03,11,quantile,0.025,23.0
2026-01-03,wk inc flu hosp,0,2026-01-03,11,quantile,0.05,26.0
2026-01-03,wk inc flu hosp,0,2026-01-03,11,quantile,0.1,30.0
2026-01-03,wk inc flu hosp,0,2026-01-03,11,quantile,0.15,34.0
2026-01-03,wk inc flu hosp,0,2026-01-03,11,quantile,0.2,37.0
2026-01-03,wk inc flu hosp,0,2026-01-03,11,quantile,0.25,40.0
2026-01-03,wk inc flu hosp,0,2026-01-03,11,quantile,0.3,42.0
2026-01-03,wk inc flu hosp,0,2026-01-03,11,quantile,0.35,44.0
2026-01-03,wk inc flu hosp,0,2026-01-03,11,quantile,0.4,46.0
2026-01-03,wk inc flu hosp,0,2026-01-03,11,quantile,0.45,48.0
2026-01-03,wk inc flu hosp,0,2026-01-03,11,quantile,0.5,50.0
2026-01-03,wk inc flu hosp,0,2026-01-03,11,quantile,0.55,52.0
2026-01-03,wk inc flu hosp,0,2026-01-03,11,quantile,0.6,55.0
2026-01-03,wk inc flu hosp,0,2026-01-03,11,quantile,0.65,57.0
2026-01-03,wk inc flu hosp,0,2026-01-03,11,quantile,0.7,59.0
2026-01-03,wk inc flu hosp,0,2026-01-03,11,quantile,0.75,62.0
2026-01-03,wk inc flu hosp,0,2026-01-03,11,quantile,0.8,65.0
2026-01-03,wk inc flu hosp,0,2026-01-03,11,quantile,0.85,68.0
2026-01-03,wk inc flu hosp,0,2026-01-03,11,quantile,0.9,74.0
2026-01-03,wk inc flu hosp,0,2026-01-03,11,quantile,0.95,80.0
2026-01-03,wk inc flu hosp,0,2026-01-03,11,quantile,0.975,86.0
2026-01-03,wk inc flu hosp,0,2026-01-03,11,quantile,0.99,92.0
2026-01-03,wk inc flu hosp,0,2026-01-03,12,quantile,0.01,454.0
2026-01-03,wk inc flu hosp,0,2026-01-03,12,quantile,0.025,544.0
2026-01-03,wk inc flu hosp,0,2026-01-03,12,quantile,0.05,659.0
2026-01-03,wk inc flu hosp,0,2026-01-03,12,quantile,0.1,785.0
2026-01-03,wk inc flu hosp,0,2026-01-03,12,quantile,0.15,894.0
2026-01-03,wk inc flu hosp,0,2026-01-03,12,quantile,0.2,986.0
2026-01-03,wk inc flu hosp,0,2026-01-03,12,quantile,0.25,1054.0
2026-01-03,wk inc flu hosp,0,2026-01-03,12,quantile,0.3,1110.0
2026-01-03,wk inc flu hosp,0,2026-01-03,12,quantile,0.35,1173.0
2026-01-03,wk inc flu hosp,0,2026-01-03,12,quantile,0.4,1231.0
2026-01-03,wk inc flu hosp,0,2026-01-03,12,quantile,0.45,1283.0
2026-01-03,wk inc flu hosp,0,2026-01-03,12,quantile,0.5,1343.0
2026-01-03,wk inc flu hosp,0,2026-01-03,12,quantile,0.55,1411.0
2026-01-03,wk inc flu hosp,0,2026-01-03,12,quantile,0.6,1479.0
2026-01-03,wk inc flu hosp,0,2026-01-03,12,quantile,0.65,1554.0
2026-01-03,wk inc flu hosp,0,2026-01-03,12,quantile,0.7,1642.0
2026-01-03,wk inc flu hosp,0,2026-01-03,12,quantile,0.75,1709.0
2026-01-03,wk inc flu hosp,0,2026-01-03,12,quantile,0.8,1807.0
2026-01-03,wk inc flu hosp,0,2026-01-03,12,quantile,0.85,1930.0
2026-01-03,wk inc flu hosp,0,2026-01-03,12,quantile,0.9,2050.0
2026-01-03,wk inc flu hosp,0,2026-01-03,12,quantile,0.95,2257.0
2026-01-03,wk inc flu hosp,0,2026-01-03,12,quantile,0.975,2400.0
2026-01-03,wk inc flu hosp,0,2026-01-03,12,quantile,0.99,2643.0
2026-01-03,wk inc flu hosp,0,2026-01-03,13,quantile,0.01,362.0
2026-01-03,wk inc flu hosp,0,2026-01-03,13,quantile,0.025,445.0
2026-01-03,wk inc flu hosp,0,2026-01-03,13,quantile,0.05,505.0
2026-01-03,wk inc flu hosp,0,2026-01-03,13,quantile,0.1,590.0
2026-01-03,wk inc flu hosp,0,2026-01-03,13,quantile,0.15,658.0
2026-01-03,wk inc flu hosp,0,2026-01-03,13,quantile,0.2,724.0
2026-01-03,wk inc flu hosp,0,2026-01-03,13,quantile,0.25,768.0
2026-01-03,wk inc flu hosp,0,2026-01-03,13,quantile,0.3,808.0
2026-01-03,wk inc flu hosp,0,2026-01-03,13,quantile,0.35,850.0
2026-01-03,wk inc flu hosp,0,2026-01-03,13,quantile,0.4,884.0
2026-01-03,wk inc flu hosp,0,2026-01-03,13,quantile,0.45,929.0
2026-01-03,wk inc flu hosp,0,2026-01-03,13,quantile,0.5,961.0
2026-01-03,wk inc flu hosp,0,2026-01-03,13,quantile,0.55,1005.0
2026-01-03,wk inc flu hosp,0,2026-01-03,13,quantile,0.6,1047.0
2026-01-03,wk inc flu hosp,0,2026-01-03,13,quantile,0.65,1099.0
2026-01-03,wk inc flu hosp,0,2026-01-03,13,quantile,0.7,1147.0
2026-01-03,wk inc flu hosp,0,2026-01-03,13,quantile,0.75,1184.0
2026-01-03,wk inc flu hosp,0,2026-01-03,13,quantile,0.8,1231.0
2026-01-03,wk inc flu hosp,0,2026-01-03,13,quantile,0.85,1285.0
2026-01-03,wk inc flu hosp,0,2026-01-03,13,quantile,0.9,1357.0
2026-01-03,wk inc flu hosp,0,2026-01-03,13,quantile,0.95,1457.0
2026-01-03,wk inc flu hosp,0,2026-01-03,13,quantile,0.975,1551.0
2026-01-03,wk inc flu hosp,0,2026-01-03,13,quantile,0.99,1638.0
2026-01-03,wk inc flu hosp,0,2026-01-03,15,quantile,0.01,33.0
2026-01-03,wk inc flu hosp,0,2026-01-03,15,quantile,0.025,44.0
2026-01-03,wk inc flu hosp,0,2026-01-03,15,quantile,0.05,56.0
2026-01-03,wk inc flu hosp,0,2026-01-03,15,quantile,0.1,73.0
2026-01-03,wk inc flu hosp,0,2026-01-03,15,quantile,0.15,85.0
2026-01-03,wk inc flu hosp,0,2026-01-03,15,quantile,0.2,95.0
2026-01-03,wk inc flu hosp,0,2026-01-03,15,quantile,0.25,102.0
2026-01-03,wk inc flu hosp,0,2026-01-03,15,quantile,0.3,109.0
2026-01-03,wk inc flu hosp,0,2026-01-03,15,quantile,0.35,115.0
2026-01-03,wk inc flu hosp,0,2026-01-03,15,quantile,0.4,122.0
2026-01-03,wk inc flu hosp,0,2026-01-03,15,quantile,0.45,127.0
2026-01-03,wk inc flu hosp,0,2026-01-03,15,quantile,0.5,133.0
2026-01-03,wk inc flu hosp,0,2026-01-03,15,quantile,0.55,138.0
2026-01-03,wk inc flu hosp,0,2026-01-03,15,quantile,0.6,143.0
2026-01-03,wk inc flu hosp,0,2026-01-03,15,quantile,0.65,150.0
2026-01-03,wk inc flu hosp,0,2026-01-03,15,quantile,0.7,156.0
2026-01-03,wk inc flu hosp,0,2026-01-03,15,quantile,0.75,162.0
2026-01-03,wk inc flu hosp,0,2026-01-03,15,quantile,0.8,169.0
2026-01-03,wk inc flu hosp,0,2026-01-03,15,quantile,0.85,178.0
2026-01-03,wk inc flu hosp,0,2026-01-03,15,quantile,0.9,190.0
2026-01-03,wk inc flu hosp,0,2026-01-03,15,quantile,0.95,209.0
2026-01-03,wk inc flu hosp,0,2026-01-03,15,quantile,0.975,229.0
2026-01-03,wk inc flu hosp,0,2026-01-03,15,quantile,0.99,249.0
2026-01-03,wk inc flu hosp,0,2026-01-03,16,quantile,0.01,44.0
2026-01-03,wk inc flu hosp,0,2026-01-03,16,quantile,0.025,52.0
2026-01-03,wk inc flu hosp,0,2026-01-03,16,quantile,0.05,61.0
2026-01-03,wk inc flu hosp,0,2026-01-03,16,quantile,0.1,73.0
2026-01-03,wk inc flu hosp,0,2026-01-03,16,quantile,0.15,82.0
2026-01-03,wk inc flu hosp,0,2026-01-03,16,quantile,0.2,90.0
2026-01-03,wk inc flu hosp,0,2026-01-03,16,quantile,0.25,96.0
2026-01-03,wk inc flu hosp,0,2026-01-03,16,quantile,0.3,101.0
2026-01-03,wk inc flu hosp,0,2026-01-03,16,quantile,0.35,106.0
2026-01-03,wk inc flu hosp,0,2026-01-03,16,quantile,0.4,111.0
2026-01-03,wk inc flu hosp,0,2026-01-03,16,quantile,0.45,116.0
2026-01-03,wk inc flu hosp,0,2026-01-03,16,quantile,0.5,121.0
2026-01-03,wk inc flu hosp,0,2026-01-03,16,quantile,0.55,127.0
2026-01-03,wk inc flu hosp,0,2026-01-03,16,quantile,0.6,132.0
2026-01-03,wk inc flu hosp,0,2026-01-03,16,quantile,0.65,139.0
2026-01-03,wk inc flu hosp,0,2026-01-03,16,quantile,0.7,147.0
2026-01-03,wk inc flu hosp,0,2026-01-03,16,quantile,0.75,155.0
2026-01-03,wk inc flu hosp,0,2026-01-03,16,quantile,0.8,167.0
2026-01-03,wk inc flu hosp,0,2026-01-03,16,quantile,0.85,180.0
2026-01-03,wk inc flu hosp,0,2026-01-03,16,quantile,0.9,190.0
2026-01-03,wk inc flu hosp,0,2026-01-03,16,quantile,0.95,207.0
2026-01-03,wk inc flu hosp,0,2026-01-03,16,quantile,0.975,223.0
2026-01-03,wk inc flu hosp,0,2026-01-03,16,quantile,0.99,239.0
2026-01-03,wk inc flu hosp,0,2026-01-03,17,quantile,0.01,356.0
2026-01-03,wk inc flu hosp,0,2026-01-03,17,quantile,0.025,428.0
2026-01-03,wk inc flu hosp,0,2026-01-03,17,quantile,0.05,493.0
2026-01-03,wk inc flu hosp,0,2026-01-03,17,quantile,0.1,588.0
2026-01-03,wk inc flu hosp,0,2026-01-03,17,quantile,0.15,659.0
2026-01-03,wk inc flu hosp,0,2026-01-03,17,quantile,0.2,712.0
2026-01-03,wk inc flu hosp,0,2026-01-03,17,quantile,0.25,764.0
2026-01-03,wk inc flu hosp,0,2026-01-03,17,quantile,0.3,805.0
2026-01-03,wk inc flu hosp,0,2026-01-03,17,quantile,0.35,848.0
2026-01-03,wk inc flu hosp,0,2026-01-03,17,quantile,0.4,889.0
2026-01-03,wk inc flu hosp,0,2026-01-03,17,quantile,0.45,927.0
2026-01-03,wk inc flu hosp,0,2026-01-03,17,quantile,0.5,958.0
2026-01-03,wk inc flu hosp,0,2026-01-03,17,quantile,0.55,999.0
2026-01-03,wk inc flu hosp,0,2026-01-03,17,quantile,0.6,1051.0
2026-01-03,wk inc flu hosp,0,2026-01-03,17,quantile,0.65,1099.0
2026-01-03,wk inc flu hosp,0,2026-01-03,17,quantile,0.7,1156.0
2026-01-03,wk inc flu hosp,0,2026-01-03,17,quantile,0.75,1219.0
2026-01-03,wk inc flu hosp,0,2026-01-03,17,quantile,0.8,1291.0
2026-01-03,wk inc flu hosp,0,2026-01-03,17,quantile,0.85,1352.0
2026-01-03,wk inc flu hosp,0,2026-01-03,17,quantile,0.9,1416.0
2026-01-03,wk inc flu hosp,0,2026-01-03,17,quantile,0.95,1542.0
2026-01-03,wk inc flu hosp,0,2026-01-03,17,quantile,0.975,1626.0
2026-01-03,wk inc flu hosp,0,2026-01-03,17,quantile,0.99,1737.0
2026-01-03,wk inc flu hosp,0,2026-01-03,18,quantile,0.01,181.0
2026-01-03,wk inc flu hosp,0,2026-01-03,18,quantile,0.025,227.0
2026-01-03,wk inc flu hosp,0,2026-01-03,18,quantile,0.05,272.0
2026-01-03,wk inc flu hosp,0,2026-01-03,18,quantile,0.1,326.0
2026-01-03,wk inc flu hosp,0,2026-01-03,18,quantile,0.15,371.0
2026-01-03,wk inc flu hosp,0,2026-01-03,18,quantile,0.2,405.0
2026-01-03,wk inc flu hosp,0,2026-01-03,18,quantile,0.25,434.0
2026-01-03,wk inc flu hosp,0,2026-01-03,18,quantile,0.3,457.0
2026-01-03,wk inc flu hosp,0,2026-01-03,18,quantile,0.35,480.0
2026-01-03,wk inc flu hosp,0,2026-01-03,18,quantile,0.4,505.0
2026-01-03,wk inc flu hosp,0,2026-01-03,18,quantile,0.45,529.0
2026-01-03,wk inc flu hosp,0,2026-01-03,18,quantile,0.5,547.0
2026-01-03,wk inc flu hosp,0,2026-01-03,18,quantile,0.55,569.0
2026-01-03,wk inc flu hosp,0,2026-01-03,18,quantile,0.6,598.0
2026-01-03,wk inc flu hosp,0,2026-01-03,18,quantile,0.65,628.0
2026-01-03,wk inc flu hosp,0,2026-01-03,18,quantile,0.7,654.0
2026-01-03,wk inc flu hosp,0,2026-01-03,18,quantile,0.75,683.0
2026-01-03,wk inc flu hosp,0,2026-01-03,18,quantile,0.8,712.0
2026-01-03,wk inc flu hosp,0,2026-01-03,18,quantile,0.85,748.0
2026-01-03,wk inc flu hosp,0,2026-01-03,18,quantile,0.9,793.0
2026-01-03,wk inc flu hosp,0,2026-01-03,18,quantile,0.95,858.0
2026-01-03,wk inc flu hosp,0,2026-01-03,18,quantile,0.975,921.0
2026-01-03,wk inc flu hosp,0,2026-01-03,18,quantile,0.99,972.0
2026-01-03,wk inc flu hosp,0,2026-01-03,19,quantile,0.01,75.0
2026-01-03,wk inc flu hosp,0,2026-01-03,19,quantile,0.025,88.0
2026-01-03,wk inc flu hosp,0,2026-01-03,19,quantile,0.05,106.0
2026-01-03,wk inc flu hosp,0,2026-01-03,19,quantile,0.1,131.0
2026-01-03,wk inc flu hosp,0,2026-01-03,19,quantile,0.15,150.0
2026-01-03,wk inc flu hosp,0,2026-01-03,19,quantile,0.2,167.0
2026-01-03,wk inc flu hosp,0,2026-01-03,19,quantile,0.25,180.0
2026-01-03,wk inc flu hosp,0,2026-01-03,19,quantile,0.3,188.0
2026-01-03,wk inc flu hosp,0,2026-01-03,19,quantile,0.35,195.0
2026-01-03,wk inc flu hosp,0,2026-01-03,19,quantile,0.4,202.0
2026-01-03,wk inc flu hosp,0,2026-01-03,19,quantile,0.45,208.0
2026-01-03,wk inc flu hosp,0,2026-01-03,19,quantile,0.5,213.0
2026-01-03,wk inc flu hosp,0,2026-01-03,19,quantile,0.55,221.0
2026-01-03,wk inc flu hosp,0,2026-01-03,19,quantile,0.6,228.0
2026-01-03,wk inc flu hosp,0,2026-01-03,19,quantile,0.65,233.0
2026-01-03,wk inc flu hosp,0,2026-01-03,19,quantile,0.7,241.0
2026-01-03,wk inc flu hosp,0,2026-01-03,19,quantile,0.75,249.0
2026-01-03,wk inc flu hosp,0,2026-01-03,19,quantile,0.8,258.0
2026-01-03,wk inc flu hosp,0,2026-01-03,19,quantile,0.85,269.0
2026-01-03,wk inc flu hosp,0,2026-01-03,19,quantile,0.9,284.0
2026-01-03,wk inc flu hosp,0,2026-01-03,19,quantile,0.95,307.0
2026-01-03,wk inc flu hosp,0,2026-01-03,19,quantile,0.975,327.0
2026-01-03,wk inc flu hosp,0,2026-01-03,19,quantile,0.99,347.0
2026-01-03,wk inc flu hosp,0,2026-01-03,20,quantile,0.01,64.0
2026-01-03,wk inc flu hosp,0,2026-01-03,20,quantile,0.025,76.0
2026-01-03,wk inc flu hosp,0,2026-01-03,20,quantile,0.05,88.0
2026-01-03,wk inc flu hosp,0,2026-01-03,20,quantile,0.1,107.0
2026-01-03,wk inc flu hosp,0,2026-01-03,20,quantile,0.15,122.0
2026-01-03,wk inc flu hosp,0,2026-01-03,20,quantile,0.2,136.0
2026-01-03,wk inc flu hosp,0,2026-01-03,20,quantile,0.25,146.0
2026-01-03,wk inc flu hosp,0,2026-01-03,20,quantile,0.3,155.0
2026-01-03,wk inc flu hosp,0,2026-01-03,20,quantile,0.35,163.0
2026-01-03,wk inc flu hosp,0,2026-01-03,20,quantile,0.4,171.0
2026-01-03,wk inc flu hosp,0,2026-01-03,20,quantile,0.45,178.0
2026-01-03,wk inc flu hosp,0,2026-01-03,20,quantile,0.5,185.0
2026-01-03,wk inc flu hosp,0,2026-01-03,20,quantile,0.55,194.0
2026-01-03,wk inc flu hosp,0,2026-01-03,20,quantile,0.6,204.0
2026-01-03,wk inc flu hosp,0,2026-01-03,20,quantile,0.65,214.0
2026-01-03,wk inc flu hosp,0,2026-01-03,20,quantile,0.7,225.0
2026-01-03,wk inc flu hosp,0,2026-01-03,20,quantile,0.75,235.0
2026-01-03,wk inc flu hosp,0,2026-01-03,20,quantile,0.8,243.0
2026-01-03,wk inc flu hosp,0,2026-01-03,20,quantile,0.85,255.0
2026-01-03,wk inc flu hosp,0,2026-01-03,20,quantile,0.9,269.0
2026-01-03,wk inc flu hosp,0,2026-01-03,20,quantile,0.95,288.0
2026-01-03,wk inc flu hosp,0,2026-01-03,20,quantile,0.975,303.0
2026-01-03,wk inc flu hosp,0,2026-01-03,20,quantile,0.99,324.0
2026-01-03,wk inc flu hosp,0,2026-01-03,21,quantile,0.01,112.0
2026-01-03,wk inc flu hosp,0,2026-01-03,21,quantile,0.025,134.0
2026-01-03,wk inc flu hosp,0,2026-01-03,21,quantile,0.05,154.0
2026-01-03,wk inc flu hosp,0,2026-01-03,21,quantile,0.1,184.0
2026-01-03,wk inc flu hosp,0,2026-01-03,21,quantile,0.15,208.0
2026-01-03,wk inc flu hosp,0,2026-01-03,21,quantile,0.2,230.0
2026-01-03,wk inc flu hosp,0,2026-01-03,21,quantile,0.25,247.0
2026-01-03,wk inc flu hosp,0,2026-01-03,21,quantile,0.3,261.0
2026-01-03,wk inc flu hosp,0,2026-01-03,21,quantile,0.35,274.0
2026-01-03,wk inc flu hosp,0,2026-01-03,21,quantile,0.4,287.0
2026-01-03,wk inc flu hosp,0,2026-01-03,21,quantile,0.45,300.0
2026-01-03,wk inc flu hosp,0,2026-01-03,21,quantile,0.5,311.0
2026-01-03,wk inc flu hosp,0,2026-01-03,21,quantile,0.55,327.0
2026-01-03,wk inc flu hosp,0,2026-01-03,21,quantile,0.6,343.0
2026-01-03,wk inc flu hosp,0,2026-01-03,21,quantile,0.65,361.0
2026-01-03,wk inc flu hosp,0,2026-01-03,21,quantile,0.7,378.0
2026-01-03,wk inc flu hosp,0,2026-01-03,21,quantile,0.75,397.0
2026-01-03,wk inc flu hosp,0,2026-01-03,21,quantile,0.8,413.0
2026-01-03,wk inc flu hosp,0,2026-01-03,21,quantile,0.85,433.0
2026-01-03,wk inc flu hosp,0,2026-01-03,21,quantile,0.9,460.0
2026-01-03,wk inc flu hosp,0,2026-01-03,21,quantile,0.95,500.0
2026-01-03,wk inc flu hosp,0,2026-01-03,21,quantile,0.975,536.0
2026-01-03,wk inc flu hosp,0,2026-01-03,21,quantile,0.99,568.0
2026-01-03,wk inc flu hosp,0,2026-01-03,22,quantile,0.01,135.0
2026-01-03,wk inc flu hosp,0,2026-01-03,22,quantile,0.025,167.0
2026-01-03,wk inc flu hosp,0,2026-01-03,22,quantile,0.05,196.0
2026-01-03,wk inc flu hosp,0,2026-01-03,22,quantile,0.1,239.0
2026-01-03,wk inc flu hosp,0,2026-01-03,22,quantile,0.15,263.0
2026-01-03,wk inc flu hosp,0,2026-01-03,22,quantile,0.2,288.0
2026-01-03,wk inc flu hosp,0,2026-01-03,22,quantile,0.25,307.0
2026-01-03,wk inc flu hosp,0,2026-01-03,22,quantile,0.3,324.0
2026-01-03,wk inc flu hosp,0,2026-01-03,22,quantile,0.35,344.0
2026-01-03,wk inc flu hosp,0,2026-01-03,22,quantile,0.4,360.0
2026-01-03,wk inc flu hosp,0,2026-01-03,22,quantile,0.45,378.0
2026-01-03,wk inc flu hosp,0,2026-01-03,22,quantile,0.5,392.0
2026-01-03,wk inc flu hosp,0,2026-01-03,22,quantile,0.55,410.0
2026-01-03,wk inc flu hosp,0,2026-01-03,22,quantile,0.6,429.0
2026-01-03,wk inc flu hosp,0,2026-01-03,22,quantile,0.65,453.0
2026-01-03,wk inc flu hosp,0,2026-01-03,22,quantile,0.7,476.0
2026-01-03,wk inc flu hosp,0,2026-01-03,22,quantile,0.75,496.0
2026-01-03,wk inc flu hosp,0,2026-01-03,22,quantile,0.8,514.0
2026-01-03,wk inc flu hosp,0,2026-01-03,22,quantile,0.85,539.0
2026-01-03,wk inc flu hosp,0,2026-01-03,22,quantile,0.9,573.0
2026-01-03,wk inc flu hosp,0,2026-01-03,22,quantile,0.95,616.0
2026-01-03,wk inc flu hosp,0,2026-01-03,22,quantile,0.975,656.0
2026-01-03,wk inc flu hosp,0,2026-01-03,22,quantile,0.99,701.0
2026-01-03,wk inc flu hosp,0,2026-01-03,23,quantile,0.01,32.0
2026-01-03,wk inc flu hosp,0,2026-01-03,23,quantile,0.025,39.0
2026-01-03,wk inc flu hosp,0,2026-01-03,23,quantile,0.05,45.0
2026-01-03,wk inc flu hosp,0,2026-01-03,23,quantile,0.1,55.0
2026-01-03,wk inc flu hosp,0,2026-01-03,23,quantile,0.15,63.0
2026-01-03,wk inc flu hosp,0,2026-01-03,23,quantile,0.2,70.0
2026-01-03,wk inc flu hosp,0,2026-01-03,23,quantile,0.25,74.0
2026-01-03,wk inc flu hosp,0,2026-01-03,23,quantile,0.3,77.0
2026-01-03,wk inc flu hosp,0,2026-01-03,23,quantile,0.35,80.0
2026-01-03,wk inc flu hosp,0,2026-01-03,23,quantile,0.4,83.0
2026-01-03,wk inc flu hosp,0,2026-01-03,23,quantile,0.45,85.0
2026-01-03,wk inc flu hosp,0,2026-01-03,23,quantile,0.5,88.0
2026-01-03,wk inc flu hosp,0,2026-01-03,23,quantile,0.55,91.0
2026-01-03,wk inc flu hosp,0,2026-01-03,23,quantile,0.6,93.0
2026-01-03,wk inc flu hosp,0,2026-01-03,23,quantile,0.65,96.0
2026-01-03,wk inc flu hosp,0,2026-01-03,23,quantile,0.7,100.0
2026-01-03,wk inc flu hosp,0,2026-01-03,23,quantile,0.75,103.0
2026-01-03,wk inc flu hosp,0,2026-01-03,23,quantile,0.8,107.0
2026-01-03,wk inc flu hosp,0,2026-01-03,23,quantile,0.85,112.0
2026-01-03,wk inc flu hosp,0,2026-01-03,23,quantile,0.9,118.0
2026-01-03,wk inc flu hosp,0,2026-01-03,23,quantile,0.95,127.0
2026-01-03,wk inc flu hosp,0,2026-01-03,23,quantile,0.975,134.0
2026-01-03,wk inc flu hosp,0,2026-01-03,23,quantile,0.99,145.0
2026-01-03,wk inc flu hosp,0,2026-01-03,24,quantile,0.01,247.0
2026-01-03,wk inc flu hosp,0,2026-01-03,24,quantile,0.025,291.0
2026-01-03,wk inc flu hosp,0,2026-01-03,24,quantile,0.05,338.0
2026-01-03,wk inc flu hosp,0,2026-01-03,24,quantile,0.1,394.0
2026-01-03,wk inc flu hosp,0,2026-01-03,24,quantile,0.15,436.0
2026-01-03,wk inc flu hosp,0,2026-01-03,24,quantile,0.2,478.0
2026-01-03,wk inc flu hosp,0,2026-01-03,24,quantile,0.25,507.0
2026-01-03,wk inc flu hosp,0,2026-01-03,24,quantile,0.3,535.0
2026-01-03,wk inc flu hosp,0,2026-01-03,24,quantile,0.35,561.0
2026-01-03,wk inc flu hosp,0,2026-01-03,24,quantile,0.4,585.0
2026-01-03,wk inc flu hosp,0,2026-01-03,24,quantile,0.45,613.0
2026-01-03,wk inc flu hosp,0,2026-01-03,24,quantile,0.5,638.0
2026-01-03,wk inc flu hosp,0,2026-01-03,24,quantile,0.55,667.0
2026-01-03,wk inc flu hosp,0,2026-01-03,24,quantile,0.6,695.0
2026-01-03,wk inc flu hosp,0,2026-01-03,24,quantile,0.65,728.0
2026-01-03,wk inc flu hosp,0,2026-01-03,24,quantile,0.7,762.0
2026-01-03,wk inc flu hosp,0,2026-01-03,24,quantile,0.75,796.0
2026-01-03,wk inc flu hosp,0,2026-01-03,24,quantile,0.8,821.0
2026-01-03,wk inc flu hosp,0,2026-01-03,24,quantile,0.85,857.0
2026-01-03,wk inc flu hosp,0,2026-01-03,24,quantile,0.9,904.0
2026-01-03,wk inc flu hosp,0,2026-01-03,24,quantile,0.95,962.0
2026-01-03,wk inc flu hosp,0,2026-01-03,24,quantile,0.975,1035.0
2026-01-03,wk inc flu hosp,0,2026-01-03,24,quantile,0.99,1103.0
2026-01-03,wk inc flu hosp,0,2026-01-03,25,quantile,0.01,258.0
2026-01-03,wk inc flu hosp,0,2026-01-03,25,quantile,0.025,310.0
2026-01-03,wk inc flu hosp,0,2026-01-03,25,quantile,0.05,363.0
2026-01-03,wk inc flu hosp,0,2026-01-03,25,quantile,0.1,423.0
2026-01-03,wk inc flu hosp,0,2026-01-03,25,quantile,0.15,475.0
2026-01-03,wk inc flu hosp,0,2026-01-03,25,quantile,0.2,524.0
2026-01-03,wk inc flu hosp,0,2026-01-03,25,quantile,0.25,557.0
2026-01-03,wk inc flu hosp,0,2026-01-03,25,quantile,0.3,590.0
2026-01-03,wk inc flu hosp,0,2026-01-03,25,quantile,0.35,623.0
2026-01-03,wk inc flu hosp,0,2026-01-03,25,quantile,0.4,643.0
2026-01-03,wk inc flu hosp,0,2026-01-03,25,quantile,0.45,659.0
2026-01-03,wk inc flu hosp,0,2026-01-03,25,quantile,0.5,674.0
2026-01-03,wk inc flu hosp,0,2026-01-03,25,quantile,0.55,690.0
2026-01-03,wk inc flu hosp,0,2026-01-03,25,quantile,0.6,704.0
2026-01-03,wk inc flu hosp,0,2026-01-03,25,quantile,0.65,722.0
2026-01-03,wk inc flu hosp,0,2026-01-03,25,quantile,0.7,742.0
2026-01-03,wk inc flu hosp,0,2026-01-03,25,quantile,0.75,763.0
2026-01-03,wk inc flu hosp,0,2026-01-03,25,quantile,0.8,788.0
2026-01-03,wk inc flu hosp,0,2026-01-03,25,quantile,0.85,818.0
2026-01-03,wk inc flu hosp,0,2026-01-03,25,quantile,0.9,864.0
2026-01-03,wk inc flu hosp,0,2026-01-03,25,quantile,0.95,925.0
2026-01-03,wk inc flu hosp,0,2026-01-03,25,quantile,0.975,983.0
2026-01-03,wk inc flu hosp,0,2026-01-03,25,quantile,0.99,1036.0
2026-01-03,wk inc flu hosp,0,2026-01-03,26,quantile,0.01,290.0
2026-01-03,wk inc flu hosp,0,2026-01-03,26,quantile,0.025,347.0
2026-01-03,wk inc flu hosp,0,2026-01-03,26,quantile,0.05,406.0
2026-01-03,wk inc flu hosp,0,2026-01-03,26,quantile,0.1,483.0
2026-01-03,wk inc flu hosp,0,2026-01-03,26,quantile,0.15,541.0
2026-01-03,wk inc flu hosp,0,2026-01-03,26,quantile,0.2,589.0
2026-01-03,wk inc flu hosp,0,2026-01-03,26,quantile,0.25,637.0
2026-01-03,wk inc flu hosp,0,2026-01-03,26,quantile,0.3,671.0
2026-01-03,wk inc flu hosp,0,2026-01-03,26,quantile,0.35,708.0
2026-01-03,wk inc flu hosp,0,2026-01-03,26,quantile,0.4,734.0
2026-01-03,wk inc flu hosp,0,2026-01-03,26,quantile,0.45,756.0
2026-01-03,wk inc flu hosp,0,2026-01-03,26,quantile,0.5,779.0
2026-01-03,wk inc flu hosp,0,2026-01-03,26,quantile,0.55,800.0
2026-01-03,wk inc flu hosp,0,2026-01-03,26,quantile,0.6,819.0
2026-01-03,wk inc flu hosp,0,2026-01-03,26,quantile,0.65,846.0
2026-01-03,wk inc flu hosp,0,2026-01-03,26,quantile,0.7,876.0
2026-01-03,wk inc flu hosp,0,2026-01-03,26,quantile,0.75,904.0
2026-01-03,wk inc flu hosp,0,2026-01-03,26,quantile,0.8,935.0
2026-01-03,wk inc flu hosp,0,2026-01-03,26,quantile,0.85,984.0
2026-01-03,wk inc flu hosp,0,2026-01-03,26,quantile,0.9,1037.0
2026-01-03,wk inc flu hosp,0,2026-01-03,26,quantile,0.95,1125.0
2026-01-03,wk inc flu hosp,0,2026-01-03,26,quantile,0.975,1196.0
2026-01-03,wk inc flu hosp,0,2026-01-03,26,quantile,0.99,1272.0
2026-01-03,wk inc flu hosp,0,2026-01-03,27,quantile,0.01,264.0
2026-01-03,wk inc flu hosp,0,2026-01-03,27,quantile,0.025,311.0
2026-01-03,wk inc flu hosp,0,2026-01-03,27,quantile,0.05,357.0
2026-01-03,wk inc flu hosp,0,2026-01-03,27,quantile,0.1,421.0
2026-01-03,wk inc flu hosp,0,2026-01-03,27,quantile,0.15,464.0
2026-01-03,wk inc flu hosp,0,2026-01-03,27,quantile,0.2,505.0
2026-01-03,wk inc flu hosp,0,2026-01-03,27,quantile,0.25,540.0
2026-01-03,wk inc flu hosp,0,2026-01-03,27,quantile,0.3,569.0
2026-01-03,wk inc flu hosp,0,2026-01-03,27,quantile,0.35,599.0
2026-01-03,wk inc flu hosp,0,2026-01-03,27,quantile,0.4,626.0
2026-01-03,wk inc flu hosp,0,2026-01-03,27,quantile,0.45,648.0
2026-01-03,wk inc flu hosp,0,2026-01-03,27,quantile,0.5,677.0
2026-01-03,wk inc flu hosp,0,2026-01-03,27,quantile,0.55,709.0
2026-01-03,wk inc flu hosp,0,2026-01-03,27,quantile,0.6,737.0
2026-01-03,wk inc flu hosp,0,2026-01-03,27,quantile,0.65,770.0
2026-01-03,wk inc flu hosp,0,2026-01-03,27,quantile,0.7,799.0
2026-01-03,wk inc flu hosp,0,2026-01-03,27,quantile,0.75,829.0
2026-01-03,wk inc flu hosp,0,2026-01-03,27,quantile,0.8,858.0
2026-01-03,wk inc flu hosp,0,2026-01-03,27,quantile,0.85,897.0
2026-01-03,wk inc flu hosp,0,2026-01-03,27,quantile,0.9,947.0
2026-01-03,wk inc flu hosp,0,2026-01-03,27,quantile,0.95,1017.0
2026-01-03,wk inc flu hosp,0,2026-01-03,27,quantile,0.975,1086.0
2026-01-03,wk inc flu hosp,0,2026-01-03,27,quantile,0.99,1152.0
2026-01-03,wk inc flu hosp,0,2026-01-03,28,quantile,0.01,17.0
2026-01-03,wk inc flu hosp,0,2026-01-03,28,quantile,0.025,22.0
2026-01-03,wk inc flu hosp,0,2026-01-03,28,quantile,0.05,38.0
2026-01-03,wk inc flu hosp,0,2026-01-03,28,quantile,0.1,59.0
2026-01-03,wk inc flu hosp,0,2026-01-03,28,quantile,0.15,73.0
2026-01-03,wk inc flu hosp,0,2026-01-03,28,quantile,0.2,86.0
2026-01-03,wk inc flu hosp,0,2026-01-03,28,quantile,0.25,96.0
2026-01-03,wk inc flu hosp,0,2026-01-03,28,quantile,0.3,106.0
2026-01-03,wk inc flu hosp,0,2026-01-03,28,quantile,0.35,114.0
2026-01-03,wk inc flu hosp,0,2026-01-03,28,quantile,0.4,122.0
2026-01-03,wk inc flu hosp,0,2026-01-03,28,quantile,0.45,131.0
2026-01-03,wk inc flu hosp,0,2026-01-03,28,quantile,0.5,139.0
2026-01-03,wk inc flu hosp,0,2026-01-03,28,quantile,0.55,147.0
2026-01-03,wk inc flu hosp,0,2026-01-03,28,quantile,0.6,156.0
2026-01-03,wk inc flu hosp,0,2026-01-03,28,quantile,0.65,167.0
2026-01-03,wk inc flu hosp,0,2026-01-03,28,quantile,0.7,178.0
2026-01-03,wk inc flu hosp,0,2026-01-03,28,quantile,0.75,187.0
2026-01-03,wk inc flu hosp,0,2026-01-03,28,quantile,0.8,199.0
2026-01-03,wk inc flu hosp,0,2026-01-03,28,quantile,0.85,216.0
2026-01-03,wk inc flu hosp,0,2026-01-03,28,quantile,0.9,235.0
2026-01-03,wk inc flu hosp,0,2026-01-03,28,quantile,0.95,268.0
2026-01-03,wk inc flu hosp,0,2026-01-03,28,quantile,0.975,296.0
2026-01-03,wk inc flu hosp,0,2026-01-03,28,quantile,0.99,325.0
2026-01-03,wk inc flu hosp,0,2026-01-03,30,quantile,0.01,16.0
2026-01-03,wk inc flu hosp,0,2026-01-03,30,quantile,0.025,21.0
2026-01-03,wk inc flu hosp,0,2026-01-03,30,quantile,0.05,27.0
2026-01-03,wk inc flu hosp,0,2026-01-03,30,quantile,0.1,33.0
2026-01-03,wk inc flu hosp,0,2026-01-03,30,quantile,0.15,37.0
2026-01-03,wk inc flu hosp,0,2026-01-03,30,quantile,0.2,41.0
2026-01-03,wk inc flu hosp,0,2026-01-03,30,quantile,0.25,45.0
2026-01-03,wk inc flu hosp,0,2026-01-03,30,quantile,0.3,47.0
2026-01-03,wk inc flu hosp,0,2026-01-03,30,quantile,0.35,49.0
2026-01-03,wk inc flu hosp,0,2026-01-03,30,quantile,0.4,52.0
2026-01-03,wk inc flu hosp,0,2026-01-03,30,quantile,0.45,53.0
2026-01-03,wk inc flu hosp,0,2026-01-03,30,quantile,0.5,56.0
2026-01-03,wk inc flu hosp,0,2026-01-03,30,quantile,0.55,59.0
2026-01-03,wk inc flu hosp,0,2026-01-03,30,quantile,0.6,62.0
2026-01-03,wk inc flu hosp,0,2026-01-03,30,quantile,0.65,65.0
2026-01-03,wk inc flu hosp,0,2026-01-03,30,quantile,0.7,69.0
2026-01-03,wk inc flu hosp,0,2026-01-03,30,quantile,0.75,73.0
2026-01-03,wk inc flu hosp,0,2026-01-03,30,quantile,0.8,78.0
2026-01-03,wk inc flu hosp,0,2026-01-03,30,quantile,0.85,84.0
2026-01-03,wk inc flu hosp,0,2026-01-03,30,quantile,0.9,92.0
2026-01-03,wk inc flu hosp,0,2026-01-03,30,quantile,0.95,100.0
2026-01-03,wk inc flu hosp,0,2026-01-03,30,quantile,0.975,106.0
2026-01-03,wk inc flu hosp,0,2026-01-03,30,quantile,0.99,114.0
2026-01-03,wk inc flu hosp,0,2026-01-03,31,quantile,0.01,22.0
2026-01-03,wk inc flu hosp,0,2026-01-03,31,quantile,0.025,26.0
2026-01-03,wk inc flu hosp,0,2026-01-03,31,quantile,0.05,32.0
2026-01-03,wk inc flu hosp,0,2026-01-03,31,quantile,0.1,40.0
2026-01-03,wk inc flu hosp,0,2026-01-03,31,quantile,0.15,47.0
2026-01-03,wk inc flu hosp,0,2026-01-03,31,quantile,0.2,52.0
2026-01-03,wk inc flu hosp,0,2026-01-03,31,quantile,0.25,58.0
2026-01-03,wk inc flu hosp,0,2026-01-03,31,quantile,0.3,61.0
2026-01-03,wk inc flu hosp,0,2026-01-03,31,quantile,0.35,65.0
2026-01-03,wk inc flu hosp,0,2026-01-03,31,quantile,0.4,68.0
2026-01-03,wk inc flu hosp,0,2026-01-03,31,quantile,0.45,72.0
2026-01-03,wk inc flu hosp,0,2026-01-03,31,quantile,0.5,74.0
2026-01-03,wk inc flu hosp,0,2026-01-03,31,quantile,0.55,79.0
2026-01-03,wk inc flu hosp,0,2026-01-03,31,quantile,0.6,82.0
2026-01-03,wk inc flu hosp,0,2026-01-03,31,quantile,0.65,86.0
2026-01-03,wk inc flu hosp,0,2026-01-03,31,quantile,0.7,90.0
2026-01-03,wk inc flu hosp,0,2026-01-03,31,quantile,0.75,95.0
2026-01-03,wk inc flu hosp,0,2026-01-03,31,quantile,0.8,102.0
2026-01-03,wk inc flu hosp,0,2026-01-03,31,quantile,0.85,109.0
2026-01-03,wk inc flu hosp,0,2026-01-03,31,quantile,0.9,117.0
2026-01-03,wk inc flu hosp,0,2026-01-03,31,quantile,0.95,126.0
2026-01-03,wk inc flu hosp,0,2026-01-03,31,quantile,0.975,135.0
2026-01-03,wk inc flu hosp,0,2026-01-03,31,quantile,0.99,147.0
2026-01-03,wk inc flu hosp,0,2026-01-03,32,quantile,0.01,51.0
2026-01-03,wk inc flu hosp,0,2026-01-03,32,quantile,0.025,62.0
2026-01-03,wk inc flu hosp,0,2026-01-03,32,quantile,0.05,75.0
2026-01-03,wk inc flu hosp,0,2026-01-03,32,quantile,0.1,91.0
2026-01-03,wk inc flu hosp,0,2026-01-03,32,quantile,0.15,103.0
2026-01-03,wk inc flu hosp,0,2026-01-03,32,quantile,0.2,115.0
2026-01-03,wk inc flu hosp,0,2026-01-03,32,quantile,0.25,122.0
2026-01-03,wk inc flu hosp,0,2026-01-03,32,quantile,0.3,129.0
2026-01-03,wk inc flu hosp,0,2026-01-03,32,quantile,0.35,134.0
2026-01-03,wk inc flu hosp,0,2026-01-03,32,quantile,0.4,141.0
2026-01-03,wk inc flu hosp,0,2026-01-03,32,quantile,0.45,147.0
2026-01-03,wk inc flu hosp,0,2026-01-03,32,quantile,0.5,153.0
2026-01-03,wk inc flu hosp,0,2026-01-03,32,quantile,0.55,160.0
2026-01-03,wk inc flu hosp,0,2026-01-03,32,quantile,0.6,166.0
2026-01-03,wk inc flu hosp,0,2026-01-03,32,quantile,0.65,174.0
2026-01-03,wk inc flu hosp,0,2026-01-03,32,quantile,0.7,183.0
2026-01-03,wk inc flu hosp,0,2026-01-03,32,quantile,0.75,193.0
2026-01-03,wk inc flu hosp,0,2026-01-03,32,quantile,0.8,203.0
2026-01-03,wk inc flu hosp,0,2026-01-03,32,quantile,0.85,215.0
2026-01-03,wk inc flu hosp,0,2026-01-03,32,quantile,0.9,232.0
2026-01-03,wk inc flu hosp,0,2026-01-03,32,quantile,0.95,254.0
2026-01-03,wk inc flu hosp,0,2026-01-03,32,quantile,0.975,270.0
2026-01-03,wk inc flu hosp,0,2026-01-03,32,quantile,0.99,290.0
2026-01-03,wk inc flu hosp,0,2026-01-03,33,quantile,0.01,48.0
2026-01-03,wk inc flu hosp,0,2026-01-03,33,quantile,0.025,57.0
2026-01-03,wk inc flu hosp,0,2026-01-03,33,quantile,0.05,66.0
2026-01-03,wk inc flu hosp,0,2026-01-03,33,quantile,0.1,77.0
2026-01-03,wk inc flu hosp,0,2026-01-03,33,quantile,0.15,88.0
2026-01-03,wk inc flu hosp,0,2026-01-03,33,quantile,0.2,97.0
2026-01-03,wk inc flu hosp,0,2026-01-03,33,quantile,0.25,104.0
2026-01-03,wk inc flu hosp,0,2026-01-03,33,quantile,0.3,110.0
2026-01-03,wk inc flu hosp,0,2026-01-03,33,quantile,0.35,116.0
2026-01-03,wk inc flu hosp,0,2026-01-03,33,quantile,0.4,122.0
2026-01-03,wk inc flu hosp,0,2026-01-03,33,quantile,0.45,125.0
2026-01-03,wk inc flu hosp,0,2026-01-03,33,quantile,0.5,128.0
2026-01-03,wk inc flu hosp,0,2026-01-03,33,quantile,0.55,132.0
2026-01-03,wk inc flu hosp,0,2026-01-03,33,quantile,0.6,135.0
2026-01-03,wk inc flu hosp,0,2026-01-03,33,quantile,0.65,138.0
2026-01-03,wk inc flu hosp,0,2026-01-03,33,quantile,0.7,142.0
2026-01-03,wk inc flu hosp,0,2026-01-03,33,quantile,0.75,147.0
2026-01-03,wk inc flu hosp,0,2026-01-03,33,quantile,0.8,152.0
2026-01-03,wk inc flu hosp,0,2026-01-03,33,quantile,0.85,159.0
2026-01-03,wk inc flu hosp,0,2026-01-03,33,quantile,0.9,166.0
2026-01-03,wk inc flu hosp,0,2026-01-03,33,quantile,0.95,178.0
2026-01-03,wk inc flu hosp,0,2026-01-03,33,quantile,0.975,188.0
2026-01-03,wk inc flu hosp,0,2026-01-03,33,quantile,0.99,199.0
2026-01-03,wk inc flu hosp,0,2026-01-03,34,quantile,0.01,372.0
2026-01-03,wk inc flu hosp,0,2026-01-03,34,quantile,0.025,440.0
2026-01-03,wk inc flu hosp,0,2026-01-03,34,quantile,0.05,514.0
2026-01-03,wk inc flu hosp,0,2026-01-03,34,quantile,0.1,600.0
2026-01-03,wk inc flu hosp,0,2026-01-03,34,quantile,0.15,662.0
2026-01-03,wk inc flu hosp,0,2026-01-03,34,quantile,0.2,722.0
2026-01-03,wk inc flu hosp,0,2026-01-03,34,quantile,0.25,770.0
2026-01-03,wk inc flu hosp,0,2026-01-03,34,quantile,0.3,809.0
2026-01-03,wk inc flu hosp,0,2026-01-03,34,quantile,0.35,849.0
2026-01-03,wk inc flu hosp,0,2026-01-03,34,quantile,0.4,893.0
2026-01-03,wk inc flu hosp,0,2026-01-03,34,quantile,0.45,932.0
2026-01-03,wk inc flu hosp,0,2026-01-03,34,quantile,0.5,957.0
2026-01-03,wk inc flu hosp,0,2026-01-03,34,quantile,0.55,998.0
2026-01-03,wk inc flu hosp,0,2026-01-03,34,quantile,0.6,1033.0
2026-01-03,wk inc flu hosp,0,2026-01-03,34,quantile,0.65,1078.0
2026-01-03,wk inc flu hosp,0,2026-01-03,34,quantile,0.7,1126.0
2026-01-03,wk inc flu hosp,0,2026-01-03,34,quantile,0.75,1169.0
2026-01-03,wk inc flu hosp,0,2026-01-03,34,quantile,0.8,1223.0
2026-01-03,wk inc flu hosp,0,2026-01-03,34,quantile,0.85,1278.0
2026-01-03,wk inc flu hosp,0,2026-01-03,34,quantile,0.9,1352.0
2026-01-03,wk inc flu hosp,0,2026-01-03,34,quantile,0.95,1443.0
2026-01-03,wk inc flu hosp,0,2026-01-03,34,quantile,0.975,1538.0
2026-01-03,wk inc flu hosp,0,2026-01-03,34,quantile,0.99,1626.0
2026-01-03,wk inc flu hosp,0,2026-01-03,35,quantile,0.01,86.0
2026-01-03,wk inc flu hosp,0,2026-01-03,35,quantile,0.025,99.0
2026-01-03,wk inc flu hosp,0,2026-01-03,35,quantile,0.05,117.0
2026-01-03,wk inc flu hosp,0,2026-01-03,35,quantile,0.1,137.0
2026-01-03,wk inc flu hosp,0,2026-01-03,35,quantile,0.15,152.0
2026-01-03,wk inc flu hosp,0,2026-01-03,35,quantile,0.2,168.0
2026-01-03,wk inc flu hosp,0,2026-01-03,35,quantile,0.25,180.0
2026-01-03,wk inc flu hosp,0,2026-01-03,35,quantile,0.3,188.0
2026-01-03,wk inc flu hosp,0,2026-01-03,35,quantile,0.35,195.0
2026-01-03,wk inc flu hosp,0,2026-01-03,35,quantile,0.4,200.0
2026-01-03,wk inc flu hosp,0,2026-01-03,35,quantile,0.45,206.0
2026-01-03,wk inc flu hosp,0,2026-01-03,35,quantile,0.5,211.0
2026-01-03,wk inc flu hosp,0,2026-01-03,35,quantile,0.55,217.0
2026-01-03,wk inc flu hosp,0,2026-01-03,35,quantile,0.6,223.0
2026-01-03,wk inc flu hosp,0,2026-01-03,35,quantile,0.65,230.0
2026-01-03,wk inc flu hosp,0,2026-01-03,35,quantile,0.7,237.0
2026-01-03,wk inc flu hosp,0,2026-01-03,35,quantile,0.75,245.0
2026-01-03,wk inc flu hosp,0,2026-01-03,35,quantile,0.8,256.0
2026-01-03,wk inc flu hosp,0,2026-01-03,35,quantile,0.85,268.0
2026-01-03,wk inc flu hosp,0,2026-01-03,35,quantile,0.9,281.0
2026-01-03,wk inc flu hosp,0,2026-01-03,35,quantile,0.95,301.0
2026-01-03,wk inc flu hosp,0,2026-01-03,35,quantile,0.975,321.0
2026-01-03,wk inc flu hosp,0,2026-01-03,35,quantile,0.99,339.0
2026-01-03,wk inc flu hosp,0,2026-01-03,36,quantile,0.01,676.0
2026-01-03,wk inc flu hosp,0,2026-01-03,36,quantile,0.025,812.0
2026-01-03,wk inc flu hosp,0,2026-01-03,36,quantile,0.05,950.0
2026-01-03,wk inc flu hosp,0,2026-01-03,36,quantile,0.1,1123.0
2026-01-03,wk inc flu hosp,0,2026-01-03,36,quantile,0.15,1253.0
2026-01-03,wk inc flu hosp,0,2026-01-03,36,quantile,0.2,1349.0
2026-01-03,wk inc flu hosp,0,2026-01-03,36,quantile,0.25,1432.0
2026-01-03,wk inc flu hosp,0,2026-01-03,36,quantile,0.3,1491.0
2026-01-03,wk inc flu hosp,0,2026-01-03,36,quantile,0.35,1552.0
2026-01-03,wk inc flu hosp,0,2026-01-03,36,quantile,0.4,1609.0
2026-01-03,wk inc flu hosp,0,2026-01-03,36,quantile,0.45,1665.0
2026-01-03,wk inc flu hosp,0,2026-01-03,36,quantile,0.5,1711.0
2026-01-03,wk inc flu hosp,0,2026-01-03,36,quantile,0.55,1784.0
2026-01-03,wk inc flu hosp,0,2026-01-03,36,quantile,0.6,1842.0
2026-01-03,wk inc flu hosp,0,2026-01-03,36,quantile,0.65,1917.0
2026-01-03,wk inc flu hosp,0,2026-01-03,36,quantile,0.7,1994.0
2026-01-03,wk inc flu hosp,0,2026-01-03,36,quantile,0.75,2074.0
2026-01-03,wk inc flu hosp,0,2026-01-03,36,quantile,0.8,2186.0
2026-01-03,wk inc flu hosp,0,2026-01-03,36,quantile,0.85,2308.0
2026-01-03,wk inc flu hosp,0,2026-01-03,36,quantile,0.9,2442.0
2026-01-03,wk inc flu hosp,0,2026-01-03,36,quantile,0.95,2620.0
2026-01-03,wk inc flu hosp,0,2026-01-03,36,quantile,0.975,2792.0
2026-01-03,wk inc flu hosp,0,2026-01-03,36,quantile,0.99,2957.0
2026-01-03,wk inc flu hosp,0,2026-01-03,37,quantile,0.01,708.0
2026-01-03,wk inc flu hosp,0,2026-01-03,37,quantile,0.025,824.0
2026-01-03,wk inc flu hosp,0,2026-01-03,37,quantile,0.05,970.0
2026-01-03,wk inc flu hosp,0,2026-01-03,37,quantile,0.1,1147.0
2026-01-03,wk inc flu hosp,0,2026-01-03,37,quantile,0.15,1292.0
2026-01-03,wk inc flu hosp,0,2026-01-03,37,quantile,0.2,1414.0
2026-01-03,wk inc flu hosp,0,2026-01-03,37,quantile,0.25,1503.0
2026-01-03,wk inc flu hosp,0,2026-01-03,37,quantile,0.3,1588.0
2026-01-03,wk inc flu hosp,0,2026-01-03,37,quantile,0.35,1676.0
2026-01-03,wk inc flu hosp,0,2026-01-03,37,quantile,0.4,1725.0
2026-01-03,wk inc flu hosp,0,2026-01-03,37,quantile,0.45,1765.0
2026-01-03,wk inc flu hosp,0,2026-01-03,37,quantile,0.5,1809.0
2026-01-03,wk inc flu hosp,0,2026-01-03,37,quantile,0.55,1856.0
2026-01-03,wk inc flu hosp,0,2026-01-03,37,quantile,0.6,1906.0
2026-01-03,wk inc flu hosp,0,2026-01-03,37,quantile,0.65,1946.0
2026-01-03,wk inc flu hosp,0,2026-01-03,37,quantile,0.7,2007.0
2026-01-03,wk inc flu hosp,0,2026-01-03,37,quantile,0.75,2071.0
2026-01-03,wk inc flu hosp,0,2026-01-03,37,quantile,0.8,2133.0
2026-01-03,wk inc flu hosp,0,2026-01-03,37,quantile,0.85,2230.0
2026-01-03,wk inc flu hosp,0,2026-01-03,37,quantile,0.9,2355.0
2026-01-03,wk inc flu hosp,0,2026-01-03,37,quantile,0.95,2494.0
2026-01-03,wk inc flu hosp,0,2026-01-03,37,quantile,0.975,2668.0
2026-01-03,wk inc flu hosp,0,2026-01-03,37,quantile,0.99,2822.0
2026-01-03,wk inc flu hosp,0,2026-01-03,38,quantile,0.01,20.0
2026-01-03,wk inc flu hosp,0,2026-01-03,38,quantile,0.025,23.0
2026-01-03,wk inc flu hosp,0,2026-01-03,38,quantile,0.05,26.0
2026-01-03,wk inc flu hosp,0,2026-01-03,38,quantile,0.1,32.0
2026-01-03,wk inc flu hosp,0,2026-01-03,38,quantile,0.15,36.0
2026-01-03,wk inc flu hosp,0,2026-01-03,38,quantile,0.2,40.0
2026-01-03,wk inc flu hosp,0,2026-01-03,38,quantile,0.25,43.0
2026-01-03,wk inc flu hosp,0,2026-01-03,38,quantile,0.3,46.0
2026-01-03,wk inc flu hosp,0,2026-01-03,38,quantile,0.35,48.0
2026-01-03,wk inc flu hosp,0,2026-01-03,38,quantile,0.4,50.0
2026-01-03,wk inc flu hosp,0,2026-01-03,38,quantile,0.45,53.0
2026-01-03,wk inc flu hosp,0,2026-01-03,38,quantile,0.5,55.0
2026-01-03,wk inc flu hosp,0,2026-01-03,38,quantile,0.55,57.0
2026-01-03,wk inc flu hosp,0,2026-01-03,38,quantile,0.6,60.0
2026-01-03,wk inc flu hosp,0,2026-01-03,38,quantile,0.65,63.0
2026-01-03,wk inc flu hosp,0,2026-01-03,38,quantile,0.7,67.0
2026-01-03,wk inc flu hosp,0,2026-01-03,38,quantile,0.75,69.0
2026-01-03,wk inc flu hosp,0,2026-01-03,38,quantile,0.8,72.0
2026-01-03,wk inc flu hosp,0,2026-01-03,38,quantile,0.85,76.0
2026-01-03,wk inc flu hosp,0,2026-01-03,38,quantile,0.9,80.0
2026-01-03,wk inc flu hosp,0,2026-01-03,38,quantile,0.95,87.0
2026-01-03,wk inc flu hosp,0,2026-01-03,38,quantile,0.975,92.0
2026-01-03,wk inc flu hosp,0,2026-01-03,38,quantile,0.99,99.0
2026-01-03,wk inc flu hosp,0,2026-01-03,39,quantile,0.01,389.0
2026-01-03,wk inc flu hosp,0,2026-01-03,39,quantile,0.025,460.0
2026-01-03,wk inc flu hosp,0,2026-01-03,39,quantile,0.05,533.0
2026-01-03,wk inc flu hosp,0,2026-01-03,39,quantile,0.1,638.0
2026-01-03,wk inc flu hosp,0,2026-01-03,39,quantile,0.15,722.0
2026-01-03,wk inc flu hosp,0,2026-01-03,39,quantile,0.2,791.0
2026-01-03,wk inc flu hosp,0,2026-01-03,39,quantile,0.25,847.0
2026-01-03,wk inc flu hosp,0,2026-01-03,39,quantile,0.3,875.0
2026-01-03,wk inc flu hosp,0,2026-01-03,39,quantile,0.35,896.0
2026-01-03,wk inc flu hosp,0,2026-01-03,39,quantile,0.4,924.0
2026-01-03,wk inc flu hosp,0,2026-01-03,39,quantile,0.45,946.0
2026-01-03,wk inc flu hosp,0,2026-01-03,39,quantile,0.5,970.0
2026-01-03,wk inc flu hosp,0,2026-01-03,39,quantile,0.55,989.0
2026-01-03,wk inc flu hosp,0,2026-01-03,39,quantile,0.6,1016.0
2026-01-03,wk inc flu hosp,0,2026-01-03,39,quantile,0.65,1047.0
2026-01-03,wk inc flu hosp,0,2026-01-03,39,quantile,0.7,1075.0
2026-01-03,wk inc flu hosp,0,2026-01-03,39,quantile,0.75,1108.0
2026-01-03,wk inc flu hosp,0,2026-01-03,39,quantile,0.8,1151.0
2026-01-03,wk inc flu hosp,0,2026-01-03,39,quantile,0.85,1203.0
2026-01-03,wk inc flu hosp,0,2026-01-03,39,quantile,0.9,1257.0
2026-01-03,wk inc flu hosp,0,2026-01-03,39,quantile,0.95,1359.0
2026-01-03,wk inc flu hosp,0,2026-01-03,39,quantile,0.975,1440.0
2026-01-03,wk inc flu hosp,0,2026-01-03,39,quantile,0.99,1534.0
2026-01-03,wk inc flu hosp,0,2026-01-03,40,quantile,0.01,24.0
2026-01-03,wk inc flu hosp,0,2026-01-03,40,quantile,0.025,38.0
2026-01-03,wk inc flu hosp,0,2026-01-03,40,quantile,0.05,65.0
2026-01-03,wk inc flu hosp,0,2026-01-03,40,quantile,0.1,88.0
2026-01-03,wk inc flu hosp,0,2026-01-03,40,quantile,0.15,107.0
2026-01-03,wk inc flu hosp,0,2026-01-03,40,quantile,0.2,124.0
2026-01-03,wk inc flu hosp,0,2026-01-03,40,quantile,0.25,137.0
2026-01-03,wk inc flu hosp,0,2026-01-03,40,quantile,0.3,146.0
2026-01-03,wk inc flu hosp,0,2026-01-03,40,quantile,0.35,155.0
2026-01-03,wk inc flu hosp,0,2026-01-03,40,quantile,0.4,164.0
2026-01-03,wk inc flu hosp,0,2026-01-03,40,quantile,0.45,171.0
2026-01-03,wk inc flu hosp,0,2026-01-03,40,quantile,0.5,179.0
2026-01-03,wk inc flu hosp,0,2026-01-03,40,quantile,0.55,189.0
2026-01-03,wk inc flu hosp,0,2026-01-03,40,quantile,0.6,198.0
2026-01-03,wk inc flu hosp,0,2026-01-03,40,quantile,0.65,207.0
2026-01-03,wk inc flu hosp,0,2026-01-03,40,quantile,0.7,216.0
2026-01-03,wk inc flu hosp,0,2026-01-03,40,quantile,0.75,226.0
2026-01-03,wk inc flu hosp,0,2026-01-03,40,quantile,0.8,240.0
2026-01-03,wk inc flu hosp,0,2026-01-03,40,quantile,0.85,252.0
2026-01-03,wk inc flu hosp,0,2026-01-03,40,quantile,0.9,270.0
2026-01-03,wk inc flu hosp,0,2026-01-03,40,quantile,0.95,296.0
2026-01-03,wk inc flu hosp,0,2026-01-03,40,quantile,0.975,322.0
2026-01-03,wk inc flu hosp,0,2026-01-03,40,quantile,0.99,350.0
2026-01-03,wk inc flu hosp,0,2026-01-03,41,quantile,0.01,7.0
2026-01-03,wk inc flu hosp,0,2026-01-03,41,quantile,0.025,9.0
2026-01-03,wk inc flu hosp,0,2026-01-03,41,quantile,0.05,11.0
2026-01-03,wk inc flu hosp,0,2026-01-03,41,quantile,0.1,14.0
2026-01-03,wk inc flu hosp,0,2026-01-03,41,quantile,0.15,25.0
2026-01-03,wk inc flu hosp,0,2026-01-03,41,quantile,0.2,34.0
2026-01-03,wk inc flu hosp,0,2026-01-03,41,quantile,0.25,41.0
2026-01-03,wk inc flu hosp,0,2026-01-03,41,quantile,0.3,49.0
2026-01-03,wk inc flu hosp,0,2026-01-03,41,quantile,0.35,56.0
2026-01-03,wk inc flu hosp,0,2026-01-03,41,quantile,0.4,62.0
2026-01-03,wk inc flu hosp,0,2026-01-03,41,quantile,0.45,68.0
2026-01-03,wk inc flu hosp,0,2026-01-03,41,quantile,0.5,76.0
2026-01-03,wk inc flu hosp,0,2026-01-03,41,quantile,0.55,81.0
2026-01-03,wk inc flu hosp,0,2026-01-03,41,quantile,0.6,90.0
2026-01-03,wk inc flu hosp,0,2026-01-03,41,quantile,0.65,95.0
2026-01-03,wk inc flu hosp,0,2026-01-03,41,quantile,0.7,100.0
2026-01-03,wk inc flu hosp,0,2026-01-03,41,quantile,0.75,106.0
2026-01-03,wk inc flu hosp,0,2026-01-03,41,quantile,0.8,113.0
2026-01-03,wk inc flu hosp,0,2026-01-03,41,quantile,0.85,121.0
2026-01-03,wk inc flu hosp,0,2026-01-03,41,quantile,0.9,136.0
2026-01-03,wk inc flu hosp,0,2026-01-03,41,quantile,0.95,164.0
2026-01-03,wk inc flu hosp,0,2026-01-03,41,quantile,0.975,189.0
2026-01-03,wk inc flu hosp,0,2026-01-03,41,quantile,0.99,209.0
2026-01-03,wk inc flu hosp,0,2026-01-03,42,quantile,0.01,253.0
2026-01-03,wk inc flu hosp,0,2026-01-03,42,quantile,0.025,320.0
2026-01-03,wk inc flu hosp,0,2026-01-03,42,quantile,0.05,390.0
2026-01-03,wk inc flu hosp,0,2026-01-03,42,quantile,0.1,468.0
2026-01-03,wk inc flu hosp,0,2026-01-03,42,quantile,0.15,531.0
2026-01-03,wk inc flu hosp,0,2026-01-03,42,quantile,0.2,579.0
2026-01-03,wk inc flu hosp,0,2026-01-03,42,quantile,0.25,624.0
2026-01-03,wk inc flu hosp,0,2026-01-03,42,quantile,0.3,660.0
2026-01-03,wk inc flu hosp,0,2026-01-03,42,quantile,0.35,694.0
2026-01-03,wk inc flu hosp,0,2026-01-03,42,quantile,0.4,729.0
2026-01-03,wk inc flu hosp,0,2026-01-03,42,quantile,0.45,756.0
2026-01-03,wk inc flu hosp,0,2026-01-03,42,quantile,0.5,786.0
2026-01-03,wk inc flu hosp,0,2026-01-03,42,quantile,0.55,819.0
2026-01-03,wk inc flu hosp,0,2026-01-03,42,quantile,0.6,854.0
2026-01-03,wk inc flu hosp,0,2026-01-03,42,quantile,0.65,903.0
2026-01-03,wk inc flu hosp,0,2026-01-03,42,quantile,0.7,952.0
2026-01-03,wk inc flu hosp,0,2026-01-03,42,quantile,0.75,1004.0
2026-01-03,wk inc flu hosp,0,2026-01-03,42,quantile,0.8,1069.0
2026-01-03,wk inc flu hosp,0,2026-01-03,42,quantile,0.85,1128.0
2026-01-03,wk inc flu hosp,0,2026-01-03,42,quantile,0.9,1188.0
2026-01-03,wk inc flu hosp,0,2026-01-03,42,quantile,0.95,1291.0
2026-01-03,wk inc flu hosp,0,2026-01-03,42,quantile,0.975,1374.0
2026-01-03,wk inc flu hosp,0,2026-01-03,42,quantile,0.99,1445.0
2026-01-03,wk inc flu hosp,0,2026-01-03,44,quantile,0.01,35.0
2026-01-03,wk inc flu hosp,0,2026-01-03,44,quantile,0.025,42.0
2026-01-03,wk inc flu hosp,0,2026-01-03,44,quantile,0.05,50.0
2026-01-03,wk inc flu hosp,0,2026-01-03,44,quantile,0.1,58.0
2026-01-03,wk inc flu hosp,0,2026-01-03,44,quantile,0.15,64.0
2026-01-03,wk inc flu hosp,0,2026-01-03,44,quantile,0.2,70.0
2026-01-03,wk inc flu hosp,0,2026-01-03,44,quantile,0.25,76.0
2026-01-03,wk inc flu hosp,0,2026-01-03,44,quantile,0.3,82.0
2026-01-03,wk inc flu hosp,0,2026-01-03,44,quantile,0.35,86.0
2026-01-03,wk inc flu hosp,0,2026-01-03,44,quantile,0.4,90.0
2026-01-03,wk inc flu hosp,0,2026-01-03,44,quantile,0.45,93.0
2026-01-03,wk inc flu hosp,0,2026-01-03,44,quantile,0.5,95.0
2026-01-03,wk inc flu hosp,0,2026-01-03,44,quantile,0.55,96.0
2026-01-03,wk inc flu hosp,0,2026-01-03,44,quantile,0.6,98.0
2026-01-03,wk inc flu hosp,0,2026-01-03,44,quantile,0.65,101.0
2026-01-03,wk inc flu hosp,0,2026-01-03,44,quantile,0.7,104.0
2026-01-03,wk inc flu hosp,0,2026-01-03,44,quantile,0.75,107.0
2026-01-03,wk inc flu hosp,0,2026-01-03,44,quantile,0.8,111.0
2026-01-03,wk inc flu hosp,0,2026-01-03,44,quantile,0.85,116.0
2026-01-03,wk inc flu hosp,0,2026-01-03,44,quantile,0.9,122.0
2026-01-03,wk inc flu hosp,0,2026-01-03,44,quantile,0.95,131.0
2026-01-03,wk inc flu hosp,0,2026-01-03,44,quantile,0.975,139.0
2026-01-03,wk inc flu hosp,0,2026-01-03,44,quantile,0.99,146.0
2026-01-03,wk inc flu hosp,0,2026-01-03,45,quantile,0.01,207.0
2026-01-03,wk inc flu hosp,0,2026-01-03,45,quantile,0.025,241.0
2026-01-03,wk inc flu hosp,0,2026-01-03,45,quantile,0.05,278.0
2026-01-03,wk inc flu hosp,0,2026-01-03,45,quantile,0.1,330.0
2026-01-03,wk inc flu hosp,0,2026-01-03,45,quantile,0.15,370.0
2026-01-03,wk inc flu hosp,0,2026-01-03,45,quantile,0.2,403.0
2026-01-03,wk inc flu hosp,0,2026-01-03,45,quantile,0.25,431.0
2026-01-03,wk inc flu hosp,0,2026-01-03,45,quantile,0.3,454.0
2026-01-03,wk inc flu hosp,0,2026-01-03,45,quantile,0.35,480.0
2026-01-03,wk inc flu hosp,0,2026-01-03,45,quantile,0.4,495.0
2026-01-03,wk inc flu hosp,0,2026-01-03,45,quantile,0.45,509.0
2026-01-03,wk inc flu hosp,0,2026-01-03,45,quantile,0.5,523.0
2026-01-03,wk inc flu hosp,0,2026-01-03,45,quantile,0.55,536.0
2026-01-03,wk inc flu hosp,0,2026-01-03,45,quantile,0.6,550.0
2026-01-03,wk inc flu hosp,0,2026-01-03,45,quantile,0.65,568.0
2026-01-03,wk inc flu hosp,0,2026-01-03,45,quantile,0.7,588.0
2026-01-03,wk inc flu hosp,0,2026-01-03,45,quantile,0.75,605.0
2026-01-03,wk inc flu hosp,0,2026-01-03,45,quantile,0.8,629.0
2026-01-03,wk inc flu hosp,0,2026-01-03,45,quantile,0.85,663.0
2026-01-03,wk inc flu hosp,0,2026-01-03,45,quantile,0.9,698.0
2026-01-03,wk inc flu hosp,0,2026-01-03,45,quantile,0.95,753.0
2026-01-03,wk inc flu hosp,0,2026-01-03,45,quantile,0.975,801.0
2026-01-03,wk inc flu hosp,0,2026-01-03,45,quantile,0.99,848.0
2026-01-03,wk inc flu hosp,0,2026-01-03,46,quantile,0.01,9.0
2026-01-03,wk inc flu hosp,0,2026-01-03,46,quantile,0.025,12.0
2026-01-03,wk inc flu hosp,0,2026-01-03,46,quantile,0.05,14.0
2026-01-03,wk inc flu hosp,0,2026-01-03,46,quantile,0.1,18.0
2026-01-03,wk inc flu hosp,0,2026-01-03,46,quantile,0.15,21.0
2026-01-03,wk inc flu hosp,0,2026-01-03,46,quantile,0.2,24.0
2026-01-03,wk inc flu hosp,0,2026-01-03,46,quantile,0.25,27.0
2026-01-03,wk inc flu hosp,0,2026-01-03,46,quantile,0.3,28.0
2026-01-03,wk inc flu hosp,0,2026-01-03,46,quantile,0.35,30.0
2026-01-03,wk inc flu hosp,0,2026-01-03,46,quantile,0.4,32.0
2026-01-03,wk inc flu hosp,0,2026-01-03,46,quantile,0.45,34.0
2026-01-03,wk inc flu hosp,0,2026-01-03,46,quantile,0.5,36.0
2026-01-03,wk inc flu hosp,0,2026-01-03,46,quantile,0.55,38.0
2026-01-03,wk inc flu hosp,0,2026-01-03,46,quantile,0.6,39.0
2026-01-03,wk inc flu hosp,0,2026-01-03,46,quantile,0.65,41.0
2026-01-03,wk inc flu hosp,0,2026-01-03,46,quantile,0.7,43.0
2026-01-03,wk inc flu hosp,0,2026-01-03,46,quantile,0.75,45.0
2026-01-03,wk inc flu hosp,0,2026-01-03,46,quantile,0.8,47.0
2026-01-03,wk inc flu hosp,0,2026-01-03,46,quantile,0.85,49.0
2026-01-03,wk inc flu hosp,0,2026-01-03,46,quantile,0.9,52.0
2026-01-03,wk inc flu hosp,0,2026-01-03,46,quantile,0.95,57.0
2026-01-03,wk inc flu hosp,0,2026-01-03,46,quantile,0.975,61.0
2026-01-03,wk inc flu hosp,0,2026-01-03,46,quantile,0.99,68.0
2026-01-03,wk inc flu hosp,0,2026-01-03,47,quantile,0.01,159.0
2026-01-03,wk inc flu hosp,0,2026-01-03,47,quantile,0.025,197.0
2026-01-03,wk inc flu hosp,0,2026-01-03,47,quantile,0.05,241.0
2026-01-03,wk inc flu hosp,0,2026-01-03,47,quantile,0.1,287.0
2026-01-03,wk inc flu hosp,0,2026-01-03,47,quantile,0.15,324.0
2026-01-03,wk inc flu hosp,0,2026-01-03,47,quantile,0.2,353.0
2026-01-03,wk inc flu hosp,0,2026-01-03,47,quantile,0.25,379.0
2026-01-03,wk inc flu hosp,0,2026-01-03,47,quantile,0.3,398.0
2026-01-03,wk inc flu hosp,0,2026-01-03,47,quantile,0.35,420.0
2026-01-03,wk inc flu hosp,0,2026-01-03,47,quantile,0.4,439.0
2026-01-03,wk inc flu hosp,0,2026-01-03,47,quantile,0.45,458.0
2026-01-03,wk inc flu hosp,0,2026-01-03,47,quantile,0.5,480.0
2026-01-03,wk inc flu hosp,0,2026-01-03,47,quantile,0.55,500.0
2026-01-03,wk inc flu hosp,0,2026-01-03,47,quantile,0.6,524.0
2026-01-03,wk inc flu hosp,0,2026-01-03,47,quantile,0.65,552.0
2026-01-03,wk inc flu hosp,0,2026-01-03,47,quantile,0.7,580.0
2026-01-03,wk inc flu hosp,0,2026-01-03,47,quantile,0.75,614.0
2026-01-03,wk inc flu hosp,0,2026-01-03,47,quantile,0.8,653.0
2026-01-03,wk inc flu hosp,0,2026-01-03,47,quantile,0.85,699.0
2026-01-03,wk inc flu hosp,0,2026-01-03,47,quantile,0.9,748.0
2026-01-03,wk inc flu hosp,0,2026-01-03,47,quantile,0.95,812.0
2026-01-03,wk inc flu hosp,0,2026-01-03,47,quantile,0.975,857.0
2026-01-03,wk inc flu hosp,0,2026-01-03,47,quantile,0.99,929.0
2026-01-03,wk inc flu hosp,0,2026-01-03,48,quantile,0.01,873.0
2026-01-03,wk inc flu hosp,0,2026-01-03,48,quantile,0.025,1134.0
2026-01-03,wk inc flu hosp,0,2026-01-03,48,quantile,0.05,1346.0
2026-01-03,wk inc flu hosp,0,2026-01-03,48,quantile,0.1,1621.0
2026-01-03,wk inc flu hosp,0,2026-01-03,48,quantile,0.15,1799.0
2026-01-03,wk inc flu hosp,0,2026-01-03,48,quantile,0.2,1976.0
2026-01-03,wk inc flu hosp,0,2026-01-03,48,quantile,0.25,2097.0
2026-01-03,wk inc flu hosp,0,2026-01-03,48,quantile,0.3,2214.0
2026-01-03,wk inc flu hosp,0,2026-01-03,48,quantile,0.35,2352.0
2026-01-03,wk inc flu hosp,0,2026-01-03,48,quantile,0.4,2470.0
2026-01-03,wk inc flu hosp,0,2026-01-03,48,quantile,0.45,2578.0
2026-01-03,wk inc flu hosp,0,2026-01-03,48,quantile,0.5,2681.0
2026-01-03,wk inc flu hosp,0,2026-01-03,48,quantile,0.55,2797.0
2026-01-03,wk inc flu hosp,0,2026-01-03,48,quantile,0.6,2934.0
2026-01-03,wk inc flu hosp,0,2026-01-03,48,quantile,0.65,3094.0
2026-01-03,wk inc flu hosp,0,2026-01-03,48,quantile,0.7,3245.0
2026-01-03,wk inc flu hosp,0,2026-01-03,48,quantile,0.75,3364.0
2026-01-03,wk inc flu hosp,0,2026-01-03,48,quantile,0.8,3519.0
2026-01-03,wk inc flu hosp,0,2026-01-03,48,quantile,0.85,3706.0
2026-01-03,wk inc flu hosp,0,2026-01-03,48,quantile,0.9,3980.0
2026-01-03,wk inc flu hosp,0,2026-01-03,48,quantile,0.95,4352.0
2026-01-03,wk inc flu hosp,0,2026-01-03,48,quantile,0.975,4620.0
2026-01-03,wk inc flu hosp,0,2026-01-03,48,quantile,0.99,4990.0
2026-01-03,wk inc flu hosp,0,2026-01-03,49,quantile,0.01,95.0
2026-01-03,wk inc flu hosp,0,2026-01-03,49,quantile,0.025,114.0
2026-01-03,wk inc flu hosp,0,2026-01-03,49,quantile,0.05,135.0
2026-01-03,wk inc flu hosp,0,2026-01-03,49,quantile,0.1,161.0
2026-01-03,wk inc flu hosp,0,2026-01-03,49,quantile,0.15,178.0
2026-01-03,wk inc flu hosp,0,2026-01-03,49,quantile,0.2,192.0
2026-01-03,wk inc flu hosp,0,2026-01-03,49,quantile,0.25,206.0
2026-01-03,wk inc flu hosp,0,2026-01-03,49,quantile,0.3,218.0
2026-01-03,wk inc flu hosp,0,2026-01-03,49,quantile,0.35,231.0
2026-01-03,wk inc flu hosp,0,2026-01-03,49,quantile,0.4,238.0
2026-01-03,wk inc flu hosp,0,2026-01-03,49,quantile,0.45,250.0
2026-01-03,wk inc flu hosp,0,2026-01-03,49,quantile,0.5,261.0
2026-01-03,wk inc flu hosp,0,2026-01-03,49,quantile,0.55,272.0
2026-01-03,wk inc flu hosp,0,2026-01-03,49,quantile,0.6,285.0
2026-01-03,wk inc flu hosp,0,2026-01-03,49,quantile,0.65,299.0
2026-01-03,wk inc flu hosp,0,2026-01-03,49,quantile,0.7,317.0
2026-01-03,wk inc flu hosp,0,2026-01-03,49,quantile,0.75,336.0
2026-01-03,wk inc flu hosp,0,2026-01-03,49,quantile,0.8,357.0
2026-01-03,wk inc flu hosp,0,2026-01-03,49,quantile,0.85,385.0
2026-01-03,wk inc flu hosp,0,2026-01-03,49,quantile,0.9,414.0
2026-01-03,wk inc flu hosp,0,2026-01-03,49,quantile,0.95,451.0
2026-01-03,wk inc flu hosp,0,2026-01-03,49,quantile,0.975,492.0
2026-01-03,wk inc flu hosp,0,2026-01-03,49,quantile,0.99,523.0
2026-01-03,wk inc flu hosp,0,2026-01-03,50,quantile,0.01,6.0
2026-01-03,wk inc flu hosp,0,2026-01-03,50,quantile,0.025,9.0
2026-01-03,wk inc flu hosp,0,2026-01-03,50,quantile,0.05,12.0
2026-01-03,wk inc flu hosp,0,2026-01-03,50,quantile,0.1,16.0
2026-01-03,wk inc flu hosp,0,2026-01-03,50,quantile,0.15,19.0
2026-01-03,wk inc flu hosp,0,2026-01-03,50,quantile,0.2,21.0
2026-01-03,wk inc flu hosp,0,2026-01-03,50,quantile,0.25,22.0
2026-01-03,wk inc flu hosp,0,2026-01-03,50,quantile,0.3,24.0
2026-01-03,wk inc flu hosp,0,2026-01-03,50,quantile,0.35,25.0
2026-01-03,wk inc flu hosp,0,2026-01-03,50,quantile,0.4,27.0
2026-01-03,wk inc flu hosp,0,2026-01-03,50,quantile,0.45,28.0
2026-01-03,wk inc flu hosp,0,2026-01-03,50,quantile,0.5,30.0
2026-01-03,wk inc flu hosp,0,2026-01-03,50,quantile,0.55,31.0
2026-01-03,wk inc flu hosp,0,2026-01-03,50,quantile,0.6,33.0
2026-01-03,wk inc flu hosp,0,2026-01-03,50,quantile,0.65,34.0
2026-01-03,wk inc flu hosp,0,2026-01-03,50,quantile,0.7,36.0
2026-01-03,wk inc flu hosp,0,2026-01-03,50,quantile,0.75,39.0
2026-01-03,wk inc flu hosp,0,2026-01-03,50,quantile,0.8,41.0
2026-01-03,wk inc flu hosp,0,2026-01-03,50,quantile,0.85,45.0
2026-01-03,wk inc flu hosp,0,2026-01-03,50,quantile,0.9,49.0
2026-01-03,wk inc flu hosp,0,2026-01-03,50,quantile,0.95,53.0
2026-01-03,wk inc flu hosp,0,2026-01-03,50,quantile,0.975,57.0
2026-01-03,wk inc flu hosp,0,2026-01-03,50,quantile,0.99,61.0
2026-01-03,wk inc flu hosp,0,2026-01-03,51,quantile,0.01,319.0
2026-01-03,wk inc flu hosp,0,2026-01-03,51,quantile,0.025,393.0
2026-01-03,wk inc flu hosp,0,2026-01-03,51,quantile,0.05,450.0
2026-01-03,wk inc flu hosp,0,2026-01-03,51,quantile,0.1,539.0
2026-01-03,wk inc flu hosp,0,2026-01-03,51,quantile,0.15,605.0
2026-01-03,wk inc flu hosp,0,2026-01-03,51,quantile,0.2,665.0
2026-01-03,wk inc flu hosp,0,2026-01-03,51,quantile,0.25,709.0
2026-01-03,wk inc flu hosp,0,2026-01-03,51,quantile,0.3,747.0
2026-01-03,wk inc flu hosp,0,2026-01-03,51,quantile,0.35,767.0
2026-01-03,wk inc flu hosp,0,2026-01-03,51,quantile,0.4,787.0
2026-01-03,wk inc flu hosp,0,2026-01-03,51,quantile,0.45,809.0
2026-01-03,wk inc flu hosp,0,2026-01-03,51,quantile,0.5,828.0
2026-01-03,wk inc flu hosp,0,2026-01-03,51,quantile,0.55,847.0
2026-01-03,wk inc flu hosp,0,2026-01-03,51,quantile,0.6,869.0
2026-01-03,wk inc flu hosp,0,2026-01-03,51,quantile,0.65,897.0
2026-01-03,wk inc flu hosp,0,2026-01-03,51,quantile,0.7,921.0
2026-01-03,wk inc flu hosp,0,2026-01-03,51,quantile,0.75,952.0
2026-01-03,wk inc flu hosp,0,2026-01-03,51,quantile,0.8,992.0
2026-01-03,wk inc flu hosp,0,2026-01-03,51,quantile,0.85,1035.0
2026-01-03,wk inc flu hosp,0,2026-01-03,51,quantile,0.9,1084.0
2026-01-03,wk inc flu hosp,0,2026-01-03,51,quantile,0.95,1172.0
2026-01-03,wk inc flu hosp,0,2026-01-03,51,quantile,0.975,1253.0
2026-01-03,wk inc flu hosp,0,2026-01-03,51,quantile,0.99,1327.0
2026-01-03,wk inc flu hosp,0,2026-01-03,53,quantile,0.01,26.0
2026-01-03,wk inc flu hosp,0,2026-01-03,53,quantile,0.025,55.0
2026-01-03,wk inc flu hosp,0,2026-01-03,53,quantile,0.05,83.0
2026-01-03,wk inc flu hosp,0,2026-01-03,53,quantile,0.1,117.0
2026-01-03,wk inc flu hosp,0,2026-01-03,53,quantile,0.15,138.0
2026-01-03,wk inc flu hosp,0,2026-01-03,53,quantile,0.2,158.0
2026-01-03,wk inc flu hosp,0,2026-01-03,53,quantile,0.25,172.0
2026-01-03,wk inc flu hosp,0,2026-01-03,53,quantile,0.3,184.0
2026-01-03,wk inc flu hosp,0,2026-01-03,53,quantile,0.35,198.0
2026-01-03,wk inc flu hosp,0,2026-01-03,53,quantile,0.4,211.0
2026-01-03,wk inc flu hosp,0,2026-01-03,53,quantile,0.45,224.0
2026-01-03,wk inc flu hosp,0,2026-01-03,53,quantile,0.5,235.0
2026-01-03,wk inc flu hosp,0,2026-01-03,53,quantile,0.55,249.0
2026-01-03,wk inc flu hosp,0,2026-01-03,53,quantile,0.6,264.0
2026-01-03,wk inc flu hosp,0,2026-01-03,53,quantile,0.65,277.0
2026-01-03,wk inc flu hosp,0,2026-01-03,53,quantile,0.7,292.0
2026-01-03,wk inc flu hosp,0,2026-01-03,53,quantile,0.75,310.0
2026-01-03,wk inc flu hosp,0,2026-01-03,53,quantile,0.8,331.0
2026-01-03,wk inc flu hosp,0,2026-01-03,53,quantile,0.85,356.0
2026-01-03,wk inc flu hosp,0,2026-01-03,53,quantile,0.9,392.0
2026-01-03,wk inc flu hosp,0,2026-01-03,53,quantile,0.95,443.0
2026-01-03,wk inc flu hosp,0,2026-01-03,53,quantile,0.975,486.0
2026-01-03,wk inc flu hosp,0,2026-01-03,53,quantile,0.99,531.0
2026-01-03,wk inc flu hosp,0,2026-01-03,54,quantile,0.01,17.0
2026-01-03,wk inc flu hosp,0,2026-01-03,54,quantile,0.025,24.0
2026-01-03,wk inc flu hosp,0,2026-01-03,54,quantile,0.05,34.0
2026-01-03,wk inc flu hosp,0,2026-01-03,54,quantile,0.1,43.0
2026-01-03,wk inc flu hosp,0,2026-01-03,54,quantile,0.15,51.0
2026-01-03,wk inc flu hosp,0,2026-01-03,54,quantile,0.2,56.0
2026-01-03,wk inc flu hosp,0,2026-01-03,54,quantile,0.25,62.0
2026-01-03,wk inc flu hosp,0,2026-01-03,54,quantile,0.3,66.0
2026-01-03,wk inc flu hosp,0,2026-01-03,54,quantile,0.35,69.0
2026-01-03,wk inc flu hosp,0,2026-01-03,54,quantile,0.4,73.0
2026-01-03,wk inc flu hosp,0,2026-01-03,54,quantile,0.45,76.0
2026-01-03,wk inc flu hosp,0,2026-01-03,54,quantile,0.5,80.0
2026-01-03,wk inc flu hosp,0,2026-01-03,54,quantile,0.55,84.0
2026-01-03,wk inc flu hosp,0,2026-01-03,54,quantile,0.6,88.0
2026-01-03,wk inc flu hosp,0,2026-01-03,54,quantile,0.65,93.0
2026-01-03,wk inc flu hosp,0,2026-01-03,54,quantile,0.7,97.0
2026-01-03,wk inc flu hosp,0,2026-01-03,54,quantile,0.75,102.0
2026-01-03,wk inc flu hosp,0,2026-01-03,54,quantile,0.8,110.0
2026-01-03,wk inc flu hosp,0,2026-01-03,54,quantile,0.85,118.0
2026-01-03,wk inc flu hosp,0,2026-01-03,54,quantile,0.9,127.0
2026-01-03,wk inc flu hosp,0,2026-01-03,54,quantile,0.95,139.0
2026-01-03,wk inc flu hosp,0,2026-01-03,54,quantile,0.975,147.0
2026-01-03,wk inc flu hosp,0,2026-01-03,54,quantile,0.99,159.0
2026-01-03,wk inc flu hosp,0,2026-01-03,55,quantile,0.01,181.0
2026-01-03,wk inc flu hosp,0,2026-01-03,55,quantile,0.025,216.0
2026-01-03,wk inc flu hosp,0,2026-01-03,55,quantile,0.05,246.0
2026-01-03,wk inc flu hosp,0,2026-01-03,55,quantile,0.1,293.0
2026-01-03,wk inc flu hosp,0,2026-01-03,55,quantile,0.15,328.0
2026-01-03,wk inc flu hosp,0,2026-01-03,55,quantile,0.2,361.0
2026-01-03,wk inc flu hosp,0,2026-01-03,55,quantile,0.25,386.0
2026-01-03,wk inc flu hosp,0,2026-01-03,55,quantile,0.3,410.0
2026-01-03,wk inc flu hosp,0,2026-01-03,55,quantile,0.35,429.0
2026-01-03,wk inc flu hosp,0,2026-01-03,55,quantile,0.4,451.0
2026-01-03,wk inc flu hosp,0,2026-01-03,55,quantile,0.45,466.0
2026-01-03,wk inc flu hosp,0,2026-01-03,55,quantile,0.5,487.0
2026-01-03,wk inc flu hosp,0,2026-01-03,55,quantile,0.55,506.0
2026-01-03,wk inc flu hosp,0,2026-01-03,55,quantile,0.6,531.0
2026-01-03,wk inc flu hosp,0,2026-01-03,55,quantile,0.65,557.0
2026-01-03,wk inc flu hosp,0,2026-01-03,55,quantile,0.7,572.0
2026-01-03,wk inc flu hosp,0,2026-01-03,55,quantile,0.75,592.0
2026-01-03,wk inc flu hosp,0,2026-01-03,55,quantile,0.8,615.0
2026-01-03,wk inc flu hosp,0,2026-01-03,55,quantile,0.85,645.0
2026-01-03,wk inc flu hosp,0,2026-01-03,55,quantile,0.9,677.0
2026-01-03,wk inc flu hosp,0,2026-01-03,55,quantile,0.95,733.0
2026-01-03,wk inc flu hosp,0,2026-01-03,55,quantile,0.975,779.0
2026-01-03,wk inc flu hosp,0,2026-01-03,55,quantile,0.99,827.0
2026-01-03,wk inc flu hosp,0,2026-01-03,56,quantile,0.01,0.0
2026-01-03,wk inc flu hosp,0,2026-01-03,56,quantile,0.025,0.0
2026-01-03,wk inc flu hosp,0,2026-01-03,56,quantile,0.05,0.0
2026-01-03,wk inc flu hosp,0,2026-01-03,56,quantile,0.1,0.0
2026-01-03,wk inc flu hosp,0,2026-01-03,56,quantile,0.15,0.0
2026-01-03,wk inc flu hosp,0,2026-01-03,56,quantile,0.2,0.0
2026-01-03,wk inc flu hosp,0,2026-01-03,56,quantile,0.25,0.0
2026-01-03,wk inc flu hosp,0,2026-01-03,56,quantile,0.3,0.0
2026-01-03,wk inc flu hosp,0,2026-01-03,56,quantile,0.35,0.0
2026-01-03,wk inc flu hosp,0,2026-01-03,56,quantile,0.4,0.0
2026-01-03,wk inc flu hosp,0,2026-01-03,56,quantile,0.45,0.0
2026-01-03,wk inc flu hosp,0,2026-01-03,56,quantile,0.5,0.0
2026-01-03,wk inc flu hosp,0,2026-01-03,56,quantile,0.55,0.0
2026-01-03,wk inc flu hosp,0,2026-01-03,56,quantile,0.6,0.0
2026-01-03,wk inc flu hosp,0,2026-01-03,56,quantile,0.65,0.0
2026-01-03,wk inc flu hosp,0,2026-01-03,56,quantile,0.7,0.0
2026-01-03,wk inc flu hosp,0,2026-01-03,56,quantile,0.75,0.0
2026-01-03,wk inc flu hosp,0,2026-01-03,56,quantile,0.8,0.0
2026-01-03,wk inc flu hosp,0,2026-01-03,56,quantile,0.85,0.0
2026-01-03,wk inc flu hosp,0,2026-01-03,56,quantile,0.9,1.0
2026-01-03,wk inc flu hosp,0,2026-01-03,56,quantile,0.95,3.0
2026-01-03,wk inc flu hosp,0,2026-01-03,56,quantile,0.975,4.0
2026-01-03,wk inc flu hosp,0,2026-01-03,56,quantile,0.99,5.0
2026-01-03,wk inc flu hosp,0,2026-01-03,US,quantile,0.01,9520.0
2026-01-03,wk inc flu hosp,0,2026-01-03,US,quantile,0.025,11514.0
2026-01-03,wk inc flu hosp,0,2026-01-03,US,quantile,0.05,13157.0
2026-01-03,wk inc flu hosp,0,2026-01-03,US,quantile,0.1,15350.0
2026-01-03,wk inc flu hosp,0,2026-01-03,US,quantile,0.15,17137.0
2026-01-03,wk inc flu hosp,0,2026-01-03,US,quantile,0.2,18772.0
2026-01-03,wk inc flu hosp,0,2026-01-03,US,quantile,0.25,20113.0
2026-01-03,wk inc flu hosp,0,2026-01-03,US,quantile,0.3,21090.0
2026-01-03,wk inc flu hosp,0,2026-01-03,US,quantile,0.35,22267.0
2026-01-03,wk inc flu hosp,0,2026-01-03,US,quantile,0.4,23221.0
2026-01-03,wk inc flu hosp,0,2026-01-03,US,quantile,0.45,24298.0
2026-01-03,wk inc flu hosp,0,2026-01-03,US,quantile,0.5,25261.0
2026-01-03,wk inc flu hosp,0,2026-01-03,US,quantile,0.55,26524.0
2026-01-03,wk inc flu hosp,0,2026-01-03,US,quantile,0.6,27742.0
2026-01-03,wk inc flu hosp,0,2026-01-03,US,quantile,0.65,29146.0
2026-01-03,wk inc flu hosp,0,2026-01-03,US,quantile,0.7,30511.0
2026-01-03,wk inc flu hosp,0,2026-01-03,US,quantile,0.75,31707.0
2026-01-03,wk inc flu hosp,0,2026-01-03,US,quantile,0.8,32935.0
2026-01-03,wk inc flu hosp,0,2026-01-03,US,quantile,0.85,34684.0
2026-01-03,wk inc flu hosp,0,2026-01-03,US,quantile,0.9,36477.0
2026-01-03,wk inc flu hosp,0,2026-01-03,US,quantile,0.95,39624.0
2026-01-03,wk inc flu hosp,0,2026-01-03,US,quantile,0.975,42514.0
2026-01-03,wk inc flu hosp,0,2026-01-03,US,quantile,0.99,45330.0
2026-01-03,wk inc flu hosp,1,2026-01-10,01,quantile,0.01,91.0
2026-01-03,wk inc flu hosp,1,2026-01-10,01,quantile,0.025,127.0
2026-01-03,wk inc flu hosp,1,2026-01-10,01,quantile,0.05,161.0
2026-01-03,wk inc flu hosp,1,2026-01-10,01,quantile,0.1,211.0
2026-01-03,wk inc flu hosp,1,2026-01-10,01,quantile,0.15,254.0
2026-01-03,wk inc flu hosp,1,2026-01-10,01,quantile,0.2,287.0
2026-01-03,wk inc flu hosp,1,2026-01-10,01,quantile,0.25,317.0
2026-01-03,wk inc flu hosp,1,2026-01-10,01,quantile,0.3,342.0
2026-01-03,wk inc flu hosp,1,2026-01-10,01,quantile,0.35,364.0
2026-01-03,wk inc flu hosp,1,2026-01-10,01,quantile,0.4,388.0
2026-01-03,wk inc flu hosp,1,2026-01-10,01,quantile,0.45,411.0
2026-01-03,wk inc flu hosp,1,2026-01-10,01,quantile,0.5,435.0
2026-01-03,wk inc flu hosp,1,2026-01-10,01,quantile,0.55,460.0
2026-01-03,wk inc flu hosp,1,2026-01-10,01,quantile,0.6,482.0
2026-01-03,wk inc flu hosp,1,2026-01-10,01,quantile,0.65,510.0
2026-01-03,wk inc flu hosp,1,2026-01-10,01,quantile,0.7,538.0
2026-01-03,wk inc flu hosp,1,2026-01-10,01,quantile,0.75,574.0
2026-01-03,wk inc flu hosp,1,2026-01-10,01,quantile,0.8,611.0
2026-01-03,wk inc flu hosp,1,2026-01-10,01,quantile,0.85,659.0
2026-01-03,wk inc flu hosp,1,2026-01-10,01,quantile,0.9,729.0
2026-01-03,wk inc flu hosp,1,2026-01-10,01,quantile,0.95,809.0
2026-01-03,wk inc flu hosp,1,2026-01-10,01,quantile,0.975,887.0
2026-01-03,wk inc flu hosp,1,2026-01-10,01,quantile,0.99,992.0
2026-01-03,wk inc flu hosp,1,2026-01-10,02,quantile,0.01,25.0
2026-01-03,wk inc flu hosp,1,2026-01-10,02,quantile,0.025,31.0
2026-01-03,wk inc flu hosp,1,2026-01-10,02,quantile,0.05,38.0
2026-01-03,wk inc flu hosp,1,2026-01-10,02,quantile,0.1,45.0
2026-01-03,wk inc flu hosp,1,2026-01-10,02,quantile,0.15,50.0
2026-01-03,wk inc flu hosp,1,2026-01-10,02,quantile,0.2,54.0
2026-01-03,wk inc flu hosp,1,2026-01-10,02,quantile,0.25,57.0
2026-01-03,wk inc flu hosp,1,2026-01-10,02,quantile,0.3,60.0
2026-01-03,wk inc flu hosp,1,2026-01-10,02,quantile,0.35,63.0
2026-01-03,wk inc flu hosp,1,2026-01-10,02,quantile,0.4,65.0
2026-01-03,wk inc flu hosp,1,2026-01-10,02,quantile,0.45,68.0
2026-01-03,wk inc flu hosp,1,2026-01-10,02,quantile,0.5,70.0
2026-01-03,wk inc flu hosp,1,2026-01-10,02,quantile,0.55,73.0
2026-01-03,wk inc flu hosp,1,2026-01-10,02,quantile,0.6,77.0
2026-01-03,wk inc flu hosp,1,2026-01-10,02,quantile,0.65,80.0
2026-01-03,wk inc flu hosp,1,2026-01-10,02,quantile,0.7,83.0
2026-01-03,wk inc flu hosp,1,2026-01-10,02,quantile,0.75,88.0
2026-01-03,wk inc flu hosp,1,2026-01-10,02,quantile,0.8,92.0
2026-01-03,wk inc flu hosp,1,2026-01-10,02,quantile,0.85,99.0
2026-01-03,wk inc flu hosp,1,2026-01-10,02,quantile,0.9,108.0
2026-01-03,wk inc flu hosp,1,2026-01-10,02,quantile,0.95,117.0
2026-01-03,wk inc flu hosp,1,2026-01-10,02,quantile,0.975,126.0
2026-01-03,wk inc flu hosp,1,2026-01-10,02,quantile,0.99,142.0
2026-01-03,wk inc flu hosp,1,2026-01-10,04,quantile,0.01,28.0
2026-01-03,wk inc flu hosp,1,2026-01-10,04,quantile,0.025,35.0
2026-01-03,wk inc flu hosp,1,2026-01-10,04,quantile,0.05,46.0
2026-01-03,wk inc flu hosp,1,2026-01-10,04,quantile,0.1,71.0
2026-01-03,wk inc flu hosp,1,2026-01-10,04,quantile,0.15,98.0
2026-01-03,wk inc flu hosp,1,2026-01-10,04,quantile,0.2,123.0
2026-01-03,wk inc flu hosp,1,2026-01-10,04,quantile,0.25,148.0
2026-01-03,wk inc flu hosp,1,2026-01-10,04,quantile,0.3,165.0
2026-01-03,wk inc flu hosp,1,2026-01-10,04,quantile,0.35,183.0
2026-01-03,wk inc flu hosp,1,2026-01-10,04,quantile,0.4,199.0
2026-01-03,wk inc flu hosp,1,2026-01-10,04,quantile,0.45,216.0
2026-01-03,wk inc flu hosp,1,2026-01-10,04,quantile,0.5,234.0
2026-01-03,wk inc flu hosp,1,2026-01-10,04,quantile,0.55,252.0
2026-01-03,wk inc flu hosp,1,2026-01-10,04,quantile,0.6,272.0
2026-01-03,wk inc flu hosp,1,2026-01-10,04,quantile,0.65,290.0
2026-01-03,wk inc flu hosp,1,2026-01-10,04,quantile,0.7,313.0
2026-01-03,wk inc flu hosp,1,2026-01-10,04,quantile,0.75,339.0
2026-01-03,wk inc flu hosp,1,2026-01-10,04,quantile,0.8,364.0
2026-01-03,wk inc flu hosp,1,2026-01-10,04,quantile,0.85,399.0
2026-01-03,wk inc flu hosp,1,2026-01-10,04,quantile,0.9,441.0
2026-01-03,wk inc flu hosp,1,2026-01-10,04,quantile,0.95,503.0
2026-01-03,wk inc flu hosp,1,2026-01-10,04,quantile,0.975,551.0
2026-01-03,wk inc flu hosp,1,2026-01-10,04,quantile,0.99,623.0
2026-01-03,wk inc flu hosp,1,2026-01-10,05,quantile,0.01,62.0
2026-01-03,wk inc flu hosp,1,2026-01-10,05,quantile,0.025,86.0
2026-01-03,wk inc flu hosp,1,2026-01-10,05,quantile,0.05,103.0
2026-01-03,wk inc flu hosp,1,2026-01-10,05,quantile,0.1,127.0
2026-01-03,wk inc flu hosp,1,2026-01-10,05,quantile,0.15,143.0
2026-01-03,wk inc flu hosp,1,2026-01-10,05,quantile,0.2,156.0
2026-01-03,wk inc flu hosp,1,2026-01-10,05,quantile,0.25,170.0
2026-01-03,wk inc flu hosp,1,2026-01-10,05,quantile,0.3,183.0
2026-01-03,wk inc flu hosp,1,2026-01-10,05,quantile,0.35,196.0
2026-01-03,wk inc flu hosp,1,2026-01-10,05,quantile,0.4,206.0
2026-01-03,wk inc flu hosp,1,2026-01-10,05,quantile,0.45,216.0
2026-01-03,wk inc flu hosp,1,2026-01-10,05,quantile,0.5,228.0
2026-01-03,wk inc flu hosp,1,2026-01-10,05,quantile,0.55,240.0
2026-01-03,wk inc flu hosp,1,2026-01-10,05,quantile,0.6,251.0
2026-01-03,wk inc flu hosp,1,2026-01-10,05,quantile,0.65,263.0
2026-01-03,wk inc flu hosp,1,2026-01-10,05,quantile,0.7,278.0
2026-01-03,wk inc flu hosp,1,2026-01-10,05,quantile,0.75,295.0
2026-01-03,wk inc flu hosp,1,2026-01-10,05,quantile,0.8,312.0
2026-01-03,wk inc flu hosp,1,2026-01-10,05,quantile,0.85,332.0
2026-01-03,wk inc flu hosp,1,2026-01-10,05,quantile,0.9,361.0
2026-01-03,wk inc flu hosp,1,2026-01-10,05,quantile,0.95,400.0
2026-01-03,wk inc flu hosp,1,2026-01-10,05,quantile,0.975,439.0
2026-01-03,wk inc flu hosp,1,2026-01-10,05,quantile,0.99,481.0
2026-01-03,wk inc flu hosp,1,2026-01-10,06,quantile,0.01,112.0
2026-01-03,wk inc flu hosp,1,2026-01-10,06,quantile,0.025,143.0
2026-01-03,wk inc flu hosp,1,2026-01-10,06,quantile,0.05,182.0
2026-01-03,wk inc flu hosp,1,2026-01-10,06,quantile,0.1,299.0
2026-01-03,wk inc flu hosp,1,2026-01-10,06,quantile,0.15,411.0
2026-01-03,wk inc flu hosp,1,2026-01-10,06,quantile,0.2,495.0
2026-01-03,wk inc flu hosp,1,2026-01-10,06,quantile,0.25,596.0
2026-01-03,wk inc flu hosp,1,2026-01-10,06,quantile,0.3,690.0
2026-01-03,wk inc flu hosp,1,2026-01-10,06,quantile,0.35,763.0
2026-01-03,wk inc flu hosp,1,2026-01-10,06,quantile,0.4,830.0
2026-01-03,wk inc flu hosp,1,2026-01-10,06,quantile,0.45,877.0
2026-01-03,wk inc flu hosp,1,2026-01-10,06,quantile,0.5,937.0
2026-01-03,wk inc flu hosp,1,2026-01-10,06,quantile,0.55,1014.0
2026-01-03,wk inc flu hosp,1,2026-01-10,06,quantile,0.6,1101.0
2026-01-03,wk inc flu hosp,1,2026-01-10,06,quantile,0.65,1174.0
2026-01-03,wk inc flu hosp,1,2026-01-10,06,quantile,0.7,1240.0
2026-01-03,wk inc flu hosp,1,2026-01-10,06,quantile,0.75,1331.0
2026-01-03,wk inc flu hosp,1,2026-01-10,06,quantile,0.8,1431.0
2026-01-03,wk inc flu hosp,1,2026-01-10,06,quantile,0.85,1565.0
2026-01-03,wk inc flu hosp,1,2026-01-10,06,quantile,0.9,1710.0
2026-01-03,wk inc flu hosp,1,2026-01-10,06,quantile,0.95,1933.0
2026-01-03,wk inc flu hosp,1,2026-01-10,06,quantile,0.975,2127.0
2026-01-03,wk inc flu hosp,1,2026-01-10,06,quantile,0.99,2416.0
2026-01-03,wk inc flu hosp,1,2026-01-10,08,quantile,0.01,186.0
2026-01-03,wk inc flu hosp,1,2026-01-10,08,quantile,0.025,241.0
2026-01-03,wk inc flu hosp,1,2026-01-10,08,quantile,0.05,305.0
2026-01-03,wk inc flu hosp,1,2026-01-10,08,quantile,0.1,367.0
2026-01-03,wk inc flu hosp,1,2026-01-10,08,quantile,0.15,407.0
2026-01-03,wk inc flu hosp,1,2026-01-10,08,quantile,0.2,450.0
2026-01-03,wk inc flu hosp,1,2026-01-10,08,quantile,0.25,485.0
2026-01-03,wk inc flu hosp,1,2026-01-10,08,quantile,0.3,510.0
2026-01-03,wk inc flu hosp,1,2026-01-10,08,quantile,0.35,532.0
2026-01-03,wk inc flu hosp,1,2026-01-10,08,quantile,0.4,547.0
2026-01-03,wk inc flu hosp,1,2026-01-10,08,quantile,0.45,568.0
2026-01-03,wk inc flu hosp,1,2026-01-10,08,quantile,0.5,586.0
2026-01-03,wk inc flu hosp,1,2026-01-10,08,quantile,0.55,604.0
2026-01-03,wk inc flu hosp,1,2026-01-10,08,quantile,0.6,624.0
2026-01-03,wk inc flu hosp,1,2026-01-10,08,quantile,0.65,642.0
2026-01-03,wk inc flu hosp,1,2026-01-10,08,quantile,0.7,663.0
2026-01-03,wk inc flu hosp,1,2026-01-10,08,quantile,0.75,682.0
2026-01-03,wk inc flu hosp,1,2026-01-10,08,quantile,0.8,713.0
2026-01-03,wk inc flu hosp,1,2026-01-10,08,quantile,0.85,750.0
2026-01-03,wk inc flu hosp,1,2026-01-10,08,quantile,0.9,803.0
2026-01-03,wk inc flu hosp,1,2026-01-10,08,quantile,0.95,877.0
2026-01-03,wk inc flu hosp,1,2026-01-10,08,quantile,0.975,941.0
2026-01-03,wk inc flu hosp,1,2026-01-10,08,quantile,0.99,1014.0
2026-01-03,wk inc flu hosp,1,2026-01-10,09,quantile,0.01,168.0
2026-01-03,wk inc flu hosp,1,2026-01-10,09,quantile,0.025,207.0
2026-01-03,wk inc flu hosp,1,2026-01-10,09,quantile,0.05,257.0
2026-01-03,wk inc flu hosp,1,2026-01-10,09,quantile,0.1,310.0
2026-01-03,wk inc flu hosp,1,2026-01-10,09,quantile,0.15,347.0
2026-01-03,wk inc flu hosp,1,2026-01-10,09,quantile,0.2,377.0
2026-01-03,wk inc flu hosp,1,2026-01-10,09,quantile,0.25,397.0
2026-01-03,wk inc flu hosp,1,2026-01-10,09,quantile,0.3,417.0
2026-01-03,wk inc flu hosp,1,2026-01-10,09,quantile,0.35,435.0
2026-01-03,wk inc flu hosp,1,2026-01-10,09,quantile,0.4,453.0
2026-01-03,wk inc flu hosp,1,2026-01-10,09,quantile,0.45,468.0
2026-01-03,wk inc flu hosp,1,2026-01-10,09,quantile,0.5,484.0
2026-01-03,wk inc flu hosp,1,2026-01-10,09,quantile,0.55,496.0
2026-01-03,wk inc flu hosp,1,2026-01-10,09,quantile,0.6,512.0
2026-01-03,wk inc flu hosp,1,2026-01-10,09,quantile,0.65,528.0
2026-01-03,wk inc flu hosp,1,2026-01-10,09,quantile,0.7,542.0
2026-01-03,wk inc flu hosp,1,2026-01-10,09,quantile,0.75,558.0
2026-01-03,wk inc flu hosp,1,2026-01-10,09,quantile,0.8,575.0
2026-01-03,wk inc flu hosp,1,2026-01-10,09,quantile,0.85,599.0
2026-01-03,wk inc flu hosp,1,2026-01-10,09,quantile,0.9,640.0
2026-01-03,wk inc flu hosp,1,2026-01-10,09,quantile,0.95,699.0
2026-01-03,wk inc flu hosp,1,2026-01-10,09,quantile,0.975,751.0
2026-01-03,wk inc flu hosp,1,2026-01-10,09,quantile,0.99,800.0
2026-01-03,wk inc flu hosp,1,2026-01-10,10,quantile,0.01,31.0
2026-01-03,wk inc flu hosp,1,2026-01-10,10,quantile,0.025,43.0
2026-01-03,wk inc flu hosp,1,2026-01-10,10,quantile,0.05,49.0
2026-01-03,wk inc flu hosp,1,2026-01-10,10,quantile,0.1,57.0
2026-01-03,wk inc flu hosp,1,2026-01-10,10,quantile,0.15,63.0
2026-01-03,wk inc flu hosp,1,2026-01-10,10,quantile,0.2,70.0
2026-01-03,wk inc flu hosp,1,2026-01-10,10,quantile,0.25,75.0
2026-01-03,wk inc flu hosp,1,2026-01-10,10,quantile,0.3,80.0
2026-01-03,wk inc flu hosp,1,2026-01-10,10,quantile,0.35,84.0
2026-01-03,wk inc flu hosp,1,2026-01-10,10,quantile,0.4,89.0
2026-01-03,wk inc flu hosp,1,2026-01-10,10,quantile,0.45,92.0
2026-01-03,wk inc flu hosp,1,2026-01-10,10,quantile,0.5,97.0
2026-01-03,wk inc flu hosp,1,2026-01-10,10,quantile,0.55,101.0
2026-01-03,wk inc flu hosp,1,2026-01-10,10,quantile,0.6,106.0
2026-01-03,wk inc flu hosp,1,2026-01-10,10,quantile,0.65,110.0
2026-01-03,wk inc flu hosp,1,2026-01-10,10,quantile,0.7,116.0
2026-01-03,wk inc flu hosp,1,2026-01-10,10,quantile,0.75,123.0
2026-01-03,wk inc flu hosp,1,2026-01-10,10,quantile,0.8,129.0
2026-01-03,wk inc flu hosp,1,2026-01-10,10,quantile,0.85,137.0
2026-01-03,wk inc flu hosp,1,2026-01-10,10,quantile,0.9,148.0
2026-01-03,wk inc flu hosp,1,2026-01-10,10,quantile,0.95,165.0
2026-01-03,wk inc flu hosp,1,2026-01-10,10,quantile,0.975,179.0
2026-01-03,wk inc flu hosp,1,2026-01-10,10,quantile,0.99,194.0
2026-01-03,wk inc flu hosp,1,2026-01-10,11,quantile,0.01,16.0
2026-01-03,wk inc flu hosp,1,2026-01-10,11,quantile,0.025,21.0
2026-01-03,wk inc flu hosp,1,2026-01-10,11,quantile,0.05,26.0
2026-01-03,wk inc flu hosp,1,2026-01-10,11,quantile,0.1,30.0
2026-01-03,wk inc flu hosp,1,2026-01-10,11,quantile,0.15,32.0
2026-01-03,wk inc flu hosp,1,2026-01-10,11,quantile,0.2,36.0
2026-01-03,wk inc flu hosp,1,2026-01-10,11,quantile,0.25,38.0
2026-01-03,wk inc flu hosp,1,2026-01-10,11,quantile,0.3,40.0
2026-01-03,wk inc flu hosp,1,2026-01-10,11,quantile,0.35,42.0
2026-01-03,wk inc flu hosp,1,2026-01-10,11,quantile,0.4,44.0
2026-01-03,wk inc flu hosp,1,2026-01-10,11,quantile,0.45,46.0
2026-01-03,wk inc flu hosp,1,2026-01-10,11,quantile,0.5,48.0
2026-01-03,wk inc flu hosp,1,2026-01-10,11,quantile,0.55,50.0
2026-01-03,wk inc flu hosp,1,2026-01-10,11,quantile,0.6,52.0
2026-01-03,wk inc flu hosp,1,2026-01-10,11,quantile,0.65,54.0
2026-01-03,wk inc flu hosp,1,2026-01-10,11,quantile,0.7,57.0
2026-01-03,wk inc flu hosp,1,2026-01-10,11,quantile,0.75,59.0
2026-01-03,wk inc flu hosp,1,2026-01-10,11,quantile,0.8,62.0
2026-01-03,wk inc flu hosp,1,2026-01-10,11,quantile,0.85,66.0
2026-01-03,wk inc flu hosp,1,2026-01-10,11,quantile,0.9,70.0
2026-01-03,wk inc flu hosp,1,2026-01-10,11,quantile,0.95,77.0
2026-01-03,wk inc flu hosp,1,2026-01-10,11,quantile,0.975,86.0
2026-01-03,wk inc flu hosp,1,2026-01-10,11,quantile,0.99,94.0
2026-01-03,wk inc flu hosp,1,2026-01-10,12,quantile,0.01,386.0
2026-01-03,wk inc flu hosp,1,2026-01-10,12,quantile,0.025,497.0
2026-01-03,wk inc flu hosp,1,2026-01-10,12,quantile,0.05,624.0
2026-01-03,wk inc flu hosp,1,2026-01-10,12,quantile,0.1,771.0
2026-01-03,wk inc flu hosp,1,2026-01-10,12,quantile,0.15,881.0
2026-01-03,wk inc flu hosp,1,2026-01-10,12,quantile,0.2,967.0
2026-01-03,wk inc flu hosp,1,2026-01-10,12,quantile,0.25,1032.0
2026-01-03,wk inc flu hosp,1,2026-01-10,12,quantile,0.3,1104.0
2026-01-03,wk inc flu hosp,1,2026-01-10,12,quantile,0.35,1161.0
2026-01-03,wk inc flu hosp,1,2026-01-10,12,quantile,0.4,1233.0
2026-01-03,wk inc flu hosp,1,2026-01-10,12,quantile,0.45,1292.0
2026-01-03,wk inc flu hosp,1,2026-01-10,12,quantile,0.5,1349.0
2026-01-03,wk inc flu hosp,1,2026-01-10,12,quantile,0.55,1414.0
2026-01-03,wk inc flu hosp,1,2026-01-10,12,quantile,0.6,1486.0
2026-01-03,wk inc flu hosp,1,2026-01-10,12,quantile,0.65,1543.0
2026-01-03,wk inc flu hosp,1,2026-01-10,12,quantile,0.7,1622.0
2026-01-03,wk inc flu hosp,1,2026-01-10,12,quantile,0.75,1721.0
2026-01-03,wk inc flu hosp,1,2026-01-10,12,quantile,0.8,1815.0
2026-01-03,wk inc flu hosp,1,2026-01-10,12,quantile,0.85,1926.0
2026-01-03,wk inc flu hosp,1,2026-01-10,12,quantile,0.9,2094.0
2026-01-03,wk inc flu hosp,1,2026-01-10,12,quantile,0.95,2320.0
2026-01-03,wk inc flu hosp,1,2026-01-10,12,quantile,0.975,2514.0
2026-01-03,wk inc flu hosp,1,2026-01-10,12,quantile,0.99,2825.0
2026-01-03,wk inc flu hosp,1,2026-01-10,13,quantile,0.01,306.0
2026-01-03,wk inc flu hosp,1,2026-01-10,13,quantile,0.025,402.0
2026-01-03,wk inc flu hosp,1,2026-01-10,13,quantile,0.05,472.0
2026-01-03,wk inc flu hosp,1,2026-01-10,13,quantile,0.1,581.0
2026-01-03,wk inc flu hosp,1,2026-01-10,13,quantile,0.15,642.0
2026-01-03,wk inc flu hosp,1,2026-01-10,13,quantile,0.2,702.0
2026-01-03,wk inc flu hosp,1,2026-01-10,13,quantile,0.25,750.0
2026-01-03,wk inc flu hosp,1,2026-01-10,13,quantile,0.3,798.0
2026-01-03,wk inc flu hosp,1,2026-01-10,13,quantile,0.35,844.0
2026-01-03,wk inc flu hosp,1,2026-01-10,13,quantile,0.4,878.0
2026-01-03,wk inc flu hosp,1,2026-01-10,13,quantile,0.45,915.0
2026-01-03,wk inc flu hosp,1,2026-01-10,13,quantile,0.5,956.0
2026-01-03,wk inc flu hosp,1,2026-01-10,13,quantile,0.55,1002.0
2026-01-03,wk inc flu hosp,1,2026-01-10,13,quantile,0.6,1044.0
2026-01-03,wk inc flu hosp,1,2026-01-10,13,quantile,0.65,1097.0
2026-01-03,wk inc flu hosp,1,2026-01-10,13,quantile,0.7,1149.0
2026-01-03,wk inc flu hosp,1,2026-01-10,13,quantile,0.75,1209.0
2026-01-03,wk inc flu hosp,1,2026-01-10,13,quantile,0.8,1272.0
2026-01-03,wk inc flu hosp,1,2026-01-10,13,quantile,0.85,1354.0
2026-01-03,wk inc flu hosp,1,2026-01-10,13,quantile,0.9,1471.0
2026-01-03,wk inc flu hosp,1,2026-01-10,13,quantile,0.95,1606.0
2026-01-03,wk inc flu hosp,1,2026-01-10,13,quantile,0.975,1742.0
2026-01-03,wk inc flu hosp,1,2026-01-10,13,quantile,0.99,1937.0
2026-01-03,wk inc flu hosp,1,2026-01-10,15,quantile,0.01,16.0
2026-01-03,wk inc flu hosp,1,2026-01-10,15,quantile,0.025,24.0
2026-01-03,wk inc flu hosp,1,2026-01-10,15,quantile,0.05,41.0
2026-01-03,wk inc flu hosp,1,2026-01-10,15,quantile,0.1,61.0
2026-01-03,wk inc flu hosp,1,2026-01-10,15,quantile,0.15,73.0
2026-01-03,wk inc flu hosp,1,2026-01-10,15,quantile,0.2,83.0
2026-01-03,wk inc flu hosp,1,2026-01-10,15,quantile,0.25,94.0
2026-01-03,wk inc flu hosp,1,2026-01-10,15,quantile,0.3,104.0
2026-01-03,wk inc flu hosp,1,2026-01-10,15,quantile,0.35,112.0
2026-01-03,wk inc flu hosp,1,2026-01-10,15,quantile,0.4,119.0
2026-01-03,wk inc flu hosp,1,2026-01-10,15,quantile,0.45,125.0
2026-01-03,wk inc flu hosp,1,2026-01-10,15,quantile,0.5,133.0
2026-01-03,wk inc flu hosp,1,2026-01-10,15,quantile,0.55,139.0
2026-01-03,wk inc flu hosp,1,2026-01-10,15,quantile,0.6,146.0
2026-01-03,wk inc flu hosp,1,2026-01-10,15,quantile,0.65,153.0
2026-01-03,wk inc flu hosp,1,2026-01-10,15,quantile,0.7,160.0
2026-01-03,wk inc flu hosp,1,2026-01-10,15,quantile,0.75,172.0
2026-01-03,wk inc flu hosp,1,2026-01-10,15,quantile,0.8,183.0
2026-01-03,wk inc flu hosp,1,2026-01-10,15,quantile,0.85,194.0
2026-01-03,wk inc flu hosp,1,2026-01-10,15,quantile,0.9,211.0
2026-01-03,wk inc flu hosp,1,2026-01-10,15,quantile,0.95,237.0
2026-01-03,wk inc flu hosp,1,2026-01-10,15,quantile,0.975,258.0
2026-01-03,wk inc flu hosp,1,2026-01-10,15,quantile,0.99,283.0
2026-01-03,wk inc flu hosp,1,2026-01-10,16,quantile,0.01,32.0
2026-01-03,wk inc flu hosp,1,2026-01-10,16,quantile,0.025,43.0
2026-01-03,wk inc flu hosp,1,2026-01-10,16,quantile,0.05,53.0
2026-01-03,wk inc flu hosp,1,2026-01-10,16,quantile,0.1,66.0
2026-01-03,wk inc flu hosp,1,2026-01-10,16,quantile,0.15,75.0
2026-01-03,wk inc flu hosp,1,2026-01-10,16,quantile,0.2,83.0
2026-01-03,wk inc flu hosp,1,2026-01-10,16,quantile,0.25,91.0
2026-01-03,wk inc flu hosp,1,2026-01-10,16,quantile,0.3,98.0
2026-01-03,wk inc flu hosp,1,2026-01-10,16,quantile,0.35,104.0
2026-01-03,wk inc flu hosp,1,2026-01-10,16,quantile,0.4,111.0
2026-01-03,wk inc flu hosp,1,2026-01-10,16,quantile,0.45,116.0
2026-01-03,wk inc flu hosp,1,2026-01-10,16,quantile,0.5,121.0
2026-01-03,wk inc flu hosp,1,2026-01-10,16,quantile,0.55,128.0
2026-01-03,wk inc flu hosp,1,2026-01-10,16,quantile,0.6,134.0
2026-01-03,wk inc flu hosp,1,2026-01-10,16,quantile,0.65,140.0
2026-01-03,wk inc flu hosp,1,2026-01-10,16,quantile,0.7,146.0
2026-01-03,wk inc flu hosp,1,2026-01-10,16,quantile,0.75,153.0
2026-01-03,wk inc flu hosp,1,2026-01-10,16,quantile,0.8,163.0
2026-01-03,wk inc flu hosp,1,2026-01-10,16,quantile,0.85,175.0
2026-01-03,wk inc flu hosp,1,2026-01-10,16,quantile,0.9,189.0
2026-01-03,wk inc flu hosp,1,2026-01-10,16,quantile,0.95,212.0
2026-01-03,wk inc flu hosp,1,2026-01-10,16,quantile,0.975,227.0
2026-01-03,wk inc flu hosp,1,2026-01-10,16,quantile,0.99,257.0
2026-01-03,wk inc flu hosp,1,2026-01-10,17,quantile,0.01,239.0
2026-01-03,wk inc flu hosp,1,2026-01-10,17,quantile,0.025,346.0
2026-01-03,wk inc flu hosp,1,2026-01-10,17,quantile,0.05,446.0
2026-01-03,wk inc flu hosp,1,2026-01-10,17,quantile,0.1,543.0
2026-01-03,wk inc flu hosp,1,2026-01-10,17,quantile,0.15,626.0
2026-01-03,wk inc flu hosp,1,2026-01-10,17,quantile,0.2,699.0
2026-01-03,wk inc flu hosp,1,2026-01-10,17,quantile,0.25,755.0
2026-01-03,wk inc flu hosp,1,2026-01-10,17,quantile,0.3,810.0
2026-01-03,wk inc flu hosp,1,2026-01-10,17,quantile,0.35,859.0
2026-01-03,wk inc flu hosp,1,2026-01-10,17,quantile,0.4,899.0
2026-01-03,wk inc flu hosp,1,2026-01-10,17,quantile,0.45,951.0
2026-01-03,wk inc flu hosp,1,2026-01-10,17,quantile,0.5,997.0
2026-01-03,wk inc flu hosp,1,2026-01-10,17,quantile,0.55,1056.0
2026-01-03,wk inc flu hosp,1,2026-01-10,17,quantile,0.6,1107.0
2026-01-03,wk inc flu hosp,1,2026-01-10,17,quantile,0.65,1163.0
2026-01-03,wk inc flu hosp,1,2026-01-10,17,quantile,0.7,1224.0
2026-01-03,wk inc flu hosp,1,2026-01-10,17,quantile,0.75,1290.0
2026-01-03,wk inc flu hosp,1,2026-01-10,17,quantile,0.8,1363.0
2026-01-03,wk inc flu hosp,1,2026-01-10,17,quantile,0.85,1451.0
2026-01-03,wk inc flu hosp,1,2026-01-10,17,quantile,0.9,1569.0
2026-01-03,wk inc flu hosp,1,2026-01-10,17,quantile,0.95,1728.0
2026-01-03,wk inc flu hosp,1,2026-01-10,17,quantile,0.975,1862.0
2026-01-03,wk inc flu hosp,1,2026-01-10,17,quantile,0.99,2102.0
2026-01-03,wk inc flu hosp,1,2026-01-10,18,quantile,0.01,100.0
2026-01-03,wk inc flu hosp,1,2026-01-10,18,quantile,0.025,173.0
2026-01-03,wk inc flu hosp,1,2026-01-10,18,quantile,0.05,231.0
2026-01-03,wk inc flu hosp,1,2026-01-10,18,quantile,0.1,293.0
2026-01-03,wk inc flu hosp,1,2026-01-10,18,quantile,0.15,335.0
2026-01-03,wk inc flu hosp,1,2026-01-10,18,quantile,0.2,375.0
2026-01-03,wk inc flu hosp,1,2026-01-10,18,quantile,0.25,408.0
2026-01-03,wk inc flu hosp,1,2026-01-10,18,quantile,0.3,443.0
2026-01-03,wk inc flu hosp,1,2026-01-10,18,quantile,0.35,472.0
2026-01-03,wk inc flu hosp,1,2026-01-10,18,quantile,0.4,499.0
2026-01-03,wk inc flu hosp,1,2026-01-10,18,quantile,0.45,529.0
2026-01-03,wk inc flu hosp,1,2026-01-10,18,quantile,0.5,555.0
2026-01-03,wk inc flu hosp,1,2026-01-10,18,quantile,0.55,588.0
2026-01-03,wk inc flu hosp,1,2026-01-10,18,quantile,0.6,621.0
2026-01-03,wk inc flu hosp,1,2026-01-10,18,quantile,0.65,651.0
2026-01-03,wk inc flu hosp,1,2026-01-10,18,quantile,0.7,679.0
2026-01-03,wk inc flu hosp,1,2026-01-10,18,quantile,0.75,724.0
2026-01-03,wk inc flu hosp,1,2026-01-10,18,quantile,0.8,769.0
2026-01-03,wk inc flu hosp,1,2026-01-10,18,quantile,0.85,824.0
2026-01-03,wk inc flu hosp,1,2026-01-10,18,quantile,0.9,901.0
2026-01-03,wk inc flu hosp,1,2026-01-10,18,quantile,0.95,1000.0
2026-01-03,wk inc flu hosp,1,2026-01-10,18,quantile,0.975,1099.0
2026-01-03,wk inc flu hosp,1,2026-01-10,18,quantile,0.99,1206.0
2026-01-03,wk inc flu hosp,1,2026-01-10,19,quantile,0.01,83.0
2026-01-03,wk inc flu hosp,1,2026-01-10,19,quantile,0.025,105.0
2026-01-03,wk inc flu hosp,1,2026-01-10,19,quantile,0.05,122.0
2026-01-03,wk inc flu hosp,1,2026-01-10,19,quantile,0.1,148.0
2026-01-03,wk inc flu hosp,1,2026-01-10,19,quantile,0.15,165.0
2026-01-03,wk inc flu hosp,1,2026-01-10,19,quantile,0.2,182.0
2026-01-03,wk inc flu hosp,1,2026-01-10,19,quantile,0.25,194.0
2026-01-03,wk inc flu hosp,1,2026-01-10,19,quantile,0.3,204.0
2026-01-03,wk inc flu hosp,1,2026-01-10,19,quantile,0.35,214.0
2026-01-03,wk inc flu hosp,1,2026-01-10,19,quantile,0.4,224.0
2026-01-03,wk inc flu hosp,1,2026-01-10,19,quantile,0.45,232.0
2026-01-03,wk inc flu hosp,1,2026-01-10,19,quantile,0.5,240.0
2026-01-03,wk inc flu hosp,1,2026-01-10,19,quantile,0.55,249.0
2026-01-03,wk inc flu hosp,1,2026-01-10,19,quantile,0.6,258.0
2026-01-03,wk inc flu hosp,1,2026-01-10,19,quantile,0.65,270.0
2026-01-03,wk inc flu hosp,1,2026-01-10,19,quantile,0.7,279.0
2026-01-03,wk inc flu hosp,1,2026-01-10,19,quantile,0.75,292.0
2026-01-03,wk inc flu hosp,1,2026-01-10,19,quantile,0.8,306.0
2026-01-03,wk inc flu hosp,1,2026-01-10,19,quantile,0.85,325.0
2026-01-03,wk inc flu hosp,1,2026-01-10,19,quantile,0.9,348.0
2026-01-03,wk inc flu hosp,1,2026-01-10,19,quantile,0.95,382.0
2026-01-03,wk inc flu hosp,1,2026-01-10,19,quantile,0.975,412.0
2026-01-03,wk inc flu hosp,1,2026-01-10,19,quantile,0.99,446.0
2026-01-03,wk inc flu hosp,1,2026-01-10,20,quantile,0.01,53.0
2026-01-03,wk inc flu hosp,1,2026-01-10,20,quantile,0.025,70.0
2026-01-03,wk inc flu hosp,1,2026-01-10,20,quantile,0.05,87.0
2026-01-03,wk inc flu hosp,1,2026-01-10,20,quantile,0.1,110.0
2026-01-03,wk inc flu hosp,1,2026-01-10,20,quantile,0.15,126.0
2026-01-03,wk inc flu hosp,1,2026-01-10,20,quantile,0.2,138.0
2026-01-03,wk inc flu hosp,1,2026-01-10,20,quantile,0.25,150.0
2026-01-03,wk inc flu hosp,1,2026-01-10,20,quantile,0.3,162.0
2026-01-03,wk inc flu hosp,1,2026-01-10,20,quantile,0.35,172.0
2026-01-03,wk inc flu hosp,1,2026-01-10,20,quantile,0.4,181.0
2026-01-03,wk inc flu hosp,1,2026-01-10,20,quantile,0.45,189.0
2026-01-03,wk inc flu hosp,1,2026-01-10,20,quantile,0.5,199.0
2026-01-03,wk inc flu hosp,1,2026-01-10,20,quantile,0.55,210.0
2026-01-03,wk inc flu hosp,1,2026-01-10,20,quantile,0.6,219.0
2026-01-03,wk inc flu hosp,1,2026-01-10,20,quantile,0.65,229.0
2026-01-03,wk inc flu hosp,1,2026-01-10,20,quantile,0.7,242.0
2026-01-03,wk inc flu hosp,1,2026-01-10,20,quantile,0.75,254.0
2026-01-03,wk inc flu hosp,1,2026-01-10,20,quantile,0.8,272.0
2026-01-03,wk inc flu hosp,1,2026-01-10,20,quantile,0.85,288.0
2026-01-03,wk inc flu hosp,1,2026-01-10,20,quantile,0.9,309.0
2026-01-03,wk inc flu hosp,1,2026-01-10,20,quantile,0.95,347.0
2026-01-03,wk inc flu hosp,1,2026-01-10,20,quantile,0.975,379.0
2026-01-03,wk inc flu hosp,1,2026-01-10,20,quantile,0.99,422.0
2026-01-03,wk inc flu hosp,1,2026-01-10,21,quantile,0.01,64.0
2026-01-03,wk inc flu hosp,1,2026-01-10,21,quantile,0.025,105.0
2026-01-03,wk inc flu hosp,1,2026-01-10,21,quantile,0.05,146.0
2026-01-03,wk inc flu hosp,1,2026-01-10,21,quantile,0.1,188.0
2026-01-03,wk inc flu hosp,1,2026-01-10,21,quantile,0.15,215.0
2026-01-03,wk inc flu hosp,1,2026-01-10,21,quantile,0.2,242.0
2026-01-03,wk inc flu hosp,1,2026-01-10,21,quantile,0.25,262.0
2026-01-03,wk inc flu hosp,1,2026-01-10,21,quantile,0.3,284.0
2026-01-03,wk inc flu hosp,1,2026-01-10,21,quantile,0.35,301.0
2026-01-03,wk inc flu hosp,1,2026-01-10,21,quantile,0.4,321.0
2026-01-03,wk inc flu hosp,1,2026-01-10,21,quantile,0.45,339.0
2026-01-03,wk inc flu hosp,1,2026-01-10,21,quantile,0.5,356.0
2026-01-03,wk inc flu hosp,1,2026-01-10,21,quantile,0.55,371.0
2026-01-03,wk inc flu hosp,1,2026-01-10,21,quantile,0.6,390.0
2026-01-03,wk inc flu hosp,1,2026-01-10,21,quantile,0.65,407.0
2026-01-03,wk inc flu hosp,1,2026-01-10,21,quantile,0.7,432.0
2026-01-03,wk inc flu hosp,1,2026-01-10,21,quantile,0.75,459.0
2026-01-03,wk inc flu hosp,1,2026-01-10,21,quantile,0.8,482.0
2026-01-03,wk inc flu hosp,1,2026-01-10,21,quantile,0.85,520.0
2026-01-03,wk inc flu hosp,1,2026-01-10,21,quantile,0.9,566.0
2026-01-03,wk inc flu hosp,1,2026-01-10,21,quantile,0.95,628.0
2026-01-03,wk inc flu hosp,1,2026-01-10,21,quantile,0.975,681.0
2026-01-03,wk inc flu hosp,1,2026-01-10,21,quantile,0.99,746.0
2026-01-03,wk inc flu hosp,1,2026-01-10,22,quantile,0.01,113.0
2026-01-03,wk inc flu hosp,1,2026-01-10,22,quantile,0.025,140.0
2026-01-03,wk inc flu hosp,1,2026-01-10,22,quantile,0.05,180.0
2026-01-03,wk inc flu hosp,1,2026-01-10,22,quantile,0.1,216.0
2026-01-03,wk inc flu hosp,1,2026-01-10,22,quantile,0.15,247.0
2026-01-03,wk inc flu hosp,1,2026-01-10,22,quantile,0.2,274.0
2026-01-03,wk inc flu hosp,1,2026-01-10,22,quantile,0.25,302.0
2026-01-03,wk inc flu hosp,1,2026-01-10,22,quantile,0.3,326.0
2026-01-03,wk inc flu hosp,1,2026-01-10,22,quantile,0.35,346.0
2026-01-03,wk inc flu hosp,1,2026-01-10,22,quantile,0.4,362.0
2026-01-03,wk inc flu hosp,1,2026-01-10,22,quantile,0.45,377.0
2026-01-03,wk inc flu hosp,1,2026-01-10,22,quantile,0.5,396.0
2026-01-03,wk inc flu hosp,1,2026-01-10,22,quantile,0.55,411.0
2026-01-03,wk inc flu hosp,1,2026-01-10,22,quantile,0.6,427.0
2026-01-03,wk inc flu hosp,1,2026-01-10,22,quantile,0.65,443.0
2026-01-03,wk inc flu hosp,1,2026-01-10,22,quantile,0.7,467.0
2026-01-03,wk inc flu hosp,1,2026-01-10,22,quantile,0.75,491.0
2026-01-03,wk inc flu hosp,1,2026-01-10,22,quantile,0.8,516.0
2026-01-03,wk inc flu hosp,1,2026-01-10,22,quantile,0.85,544.0
2026-01-03,wk inc flu hosp,1,2026-01-10,22,quantile,0.9,588.0
2026-01-03,wk inc flu hosp,1,2026-01-10,22,quantile,0.95,639.0
2026-01-03,wk inc flu hosp,1,2026-01-10,22,quantile,0.975,707.0
2026-01-03,wk inc flu hosp,1,2026-01-10,22,quantile,0.99,786.0
2026-01-03,wk inc flu hosp,1,2026-01-10,23,quantile,0.01,31.0
2026-01-03,wk inc flu hosp,1,2026-01-10,23,quantile,0.025,42.0
2026-01-03,wk inc flu hosp,1,2026-01-10,23,quantile,0.05,50.0
2026-01-03,wk inc flu hosp,1,2026-01-10,23,quantile,0.1,60.0
2026-01-03,wk inc flu hosp,1,2026-01-10,23,quantile,0.15,67.0
2026-01-03,wk inc flu hosp,1,2026-01-10,23,quantile,0.2,73.0
2026-01-03,wk inc flu hosp,1,2026-01-10,23,quantile,0.25,77.0
2026-01-03,wk inc flu hosp,1,2026-01-10,23,quantile,0.3,82.0
2026-01-03,wk inc flu hosp,1,2026-01-10,23,quantile,0.35,86.0
2026-01-03,wk inc flu hosp,1,2026-01-10,23,quantile,0.4,90.0
2026-01-03,wk inc flu hosp,1,2026-01-10,23,quantile,0.45,93.0
2026-01-03,wk inc flu hosp,1,2026-01-10,23,quantile,0.5,97.0
2026-01-03,wk inc flu hosp,1,2026-01-10,23,quantile,0.55,100.0
2026-01-03,wk inc flu hosp,1,2026-01-10,23,quantile,0.6,104.0
2026-01-03,wk inc flu hosp,1,2026-01-10,23,quantile,0.65,108.0
2026-01-03,wk inc flu hosp,1,2026-01-10,23,quantile,0.7,114.0
2026-01-03,wk inc flu hosp,1,2026-01-10,23,quantile,0.75,119.0
2026-01-03,wk inc flu hosp,1,2026-01-10,23,quantile,0.8,125.0
2026-01-03,wk inc flu hosp,1,2026-01-10,23,quantile,0.85,135.0
2026-01-03,wk inc flu hosp,1,2026-01-10,23,quantile,0.9,144.0
2026-01-03,wk inc flu hosp,1,2026-01-10,23,quantile,0.95,160.0
2026-01-03,wk inc flu hosp,1,2026-01-10,23,quantile,0.975,173.0
2026-01-03,wk inc flu hosp,1,2026-01-10,23,quantile,0.99,188.0
2026-01-03,wk inc flu hosp,1,2026-01-10,24,quantile,0.01,218.0
2026-01-03,wk inc flu hosp,1,2026-01-10,24,quantile,0.025,284.0
2026-01-03,wk inc flu hosp,1,2026-01-10,24,quantile,0.05,337.0
2026-01-03,wk inc flu hosp,1,2026-01-10,24,quantile,0.1,410.0
2026-01-03,wk inc flu hosp,1,2026-01-10,24,quantile,0.15,454.0
2026-01-03,wk inc flu hosp,1,2026-01-10,24,quantile,0.2,489.0
2026-01-03,wk inc flu hosp,1,2026-01-10,24,quantile,0.25,523.0
2026-01-03,wk inc flu hosp,1,2026-01-10,24,quantile,0.3,558.0
2026-01-03,wk inc flu hosp,1,2026-01-10,24,quantile,0.35,587.0
2026-01-03,wk inc flu hosp,1,2026-01-10,24,quantile,0.4,614.0
2026-01-03,wk inc flu hosp,1,2026-01-10,24,quantile,0.45,640.0
2026-01-03,wk inc flu hosp,1,2026-01-10,24,quantile,0.5,666.0
2026-01-03,wk inc flu hosp,1,2026-01-10,24,quantile,0.55,697.0
2026-01-03,wk inc flu hosp,1,2026-01-10,24,quantile,0.6,728.0
2026-01-03,wk inc flu hosp,1,2026-01-10,24,quantile,0.65,760.0
2026-01-03,wk inc flu hosp,1,2026-01-10,24,quantile,0.7,801.0
2026-01-03,wk inc flu hosp,1,2026-01-10,24,quantile,0.75,843.0
2026-01-03,wk inc flu hosp,1,2026-01-10,24,quantile,0.8,890.0
2026-01-03,wk inc flu hosp,1,2026-01-10,24,quantile,0.85,938.0
2026-01-03,wk inc flu hosp,1,2026-01-10,24,quantile,0.9,1021.0
2026-01-03,wk inc flu hosp,1,2026-01-10,24,quantile,0.95,1123.0
2026-01-03,wk inc flu hosp,1,2026-01-10,24,quantile,0.975,1207.0
2026-01-03,wk inc flu hosp,1,2026-01-10,24,quantile,0.99,1342.0
2026-01-03,wk inc flu hosp,1,2026-01-10,25,quantile,0.01,285.0
2026-01-03,wk inc flu hosp,1,2026-01-10,25,quantile,0.025,340.0
2026-01-03,wk inc flu hosp,1,2026-01-10,25,quantile,0.05,419.0
2026-01-03,wk inc flu hosp,1,2026-01-10,25,quantile,0.1,494.0
2026-01-03,wk inc flu hosp,1,2026-01-10,25,quantile,0.15,550.0
2026-01-03,wk inc flu hosp,1,2026-01-10,25,quantile,0.2,591.0
2026-01-03,wk inc flu hosp,1,2026-01-10,25,quantile,0.25,618.0
2026-01-03,wk inc flu hosp,1,2026-01-10,25,quantile,0.3,647.0
2026-01-03,wk inc flu hosp,1,2026-01-10,25,quantile,0.35,671.0
2026-01-03,wk inc flu hosp,1,2026-01-10,25,quantile,0.4,694.0
2026-01-03,wk inc flu hosp,1,2026-01-10,25,quantile,0.45,716.0
2026-01-03,wk inc flu hosp,1,2026-01-10,25,quantile,0.5,740.0
2026-01-03,wk inc flu hosp,1,2026-01-10,25,quantile,0.55,767.0
2026-01-03,wk inc flu hosp,1,2026-01-10,25,quantile,0.6,790.0
2026-01-03,wk inc flu hosp,1,2026-01-10,25,quantile,0.65,811.0
2026-01-03,wk inc flu hosp,1,2026-01-10,25,quantile,0.7,841.0
2026-01-03,wk inc flu hosp,1,2026-01-10,25,quantile,0.75,871.0
2026-01-03,wk inc flu hosp,1,2026-01-10,25,quantile,0.8,908.0
2026-01-03,wk inc flu hosp,1,2026-01-10,25,quantile,0.85,960.0
2026-01-03,wk inc flu hosp,1,2026-01-10,25,quantile,0.9,1034.0
2026-01-03,wk inc flu hosp,1,2026-01-10,25,quantile,0.95,1129.0
2026-01-03,wk inc flu hosp,1,2026-01-10,25,quantile,0.975,1228.0
2026-01-03,wk inc flu hosp,1,2026-01-10,25,quantile,0.99,1331.0
2026-01-03,wk inc flu hosp,1,2026-01-10,26,quantile,0.01,293.0
2026-01-03,wk inc flu hosp,1,2026-01-10,26,quantile,0.025,371.0
2026-01-03,wk inc flu hosp,1,2026-01-10,26,quantile,0.05,460.0
2026-01-03,wk inc flu hosp,1,2026-01-10,26,quantile,0.1,540.0
2026-01-03,wk inc flu hosp,1,2026-01-10,26,quantile,0.15,607.0
2026-01-03,wk inc flu hosp,1,2026-01-10,26,quantile,0.2,650.0
2026-01-03,wk inc flu hosp,1,2026-01-10,26,quantile,0.25,692.0
2026-01-03,wk inc flu hosp,1,2026-01-10,26,quantile,0.3,727.0
2026-01-03,wk inc flu hosp,1,2026-01-10,26,quantile,0.35,758.0
2026-01-03,wk inc flu hosp,1,2026-01-10,26,quantile,0.4,789.0
2026-01-03,wk inc flu hosp,1,2026-01-10,26,quantile,0.45,819.0
2026-01-03,wk inc flu hosp,1,2026-01-10,26,quantile,0.5,854.0
2026-01-03,wk inc flu hosp,1,2026-01-10,26,quantile,0.55,886.0
2026-01-03,wk inc flu hosp,1,2026-01-10,26,quantile,0.6,915.0
2026-01-03,wk inc flu hosp,1,2026-01-10,26,quantile,0.65,950.0
2026-01-03,wk inc flu hosp,1,2026-01-10,26,quantile,0.7,995.0
2026-01-03,wk inc flu hosp,1,2026-01-10,26,quantile,0.75,1042.0
2026-01-03,wk inc flu hosp,1,2026-01-10,26,quantile,0.8,1089.0
2026-01-03,wk inc flu hosp,1,2026-01-10,26,quantile,0.85,1164.0
2026-01-03,wk inc flu hosp,1,2026-01-10,26,quantile,0.9,1257.0
2026-01-03,wk inc flu hosp,1,2026-01-10,26,quantile,0.95,1378.0
2026-01-03,wk inc flu hosp,1,2026-01-10,26,quantile,0.975,1508.0
2026-01-03,wk inc flu hosp,1,2026-01-10,26,quantile,0.99,1644.0
2026-01-03,wk inc flu hosp,1,2026-01-10,27,quantile,0.01,209.0
2026-01-03,wk inc flu hosp,1,2026-01-10,27,quantile,0.025,275.0
2026-01-03,wk inc flu hosp,1,2026-01-10,27,quantile,0.05,349.0
2026-01-03,wk inc flu hosp,1,2026-01-10,27,quantile,0.1,408.0
2026-01-03,wk inc flu hosp,1,2026-01-10,27,quantile,0.15,456.0
2026-01-03,wk inc flu hosp,1,2026-01-10,27,quantile,0.2,497.0
2026-01-03,wk inc flu hosp,1,2026-01-10,27,quantile,0.25,534.0
2026-01-03,wk inc flu hosp,1,2026-01-10,27,quantile,0.3,575.0
2026-01-03,wk inc flu hosp,1,2026-01-10,27,quantile,0.35,604.0
2026-01-03,wk inc flu hosp,1,2026-01-10,27,quantile,0.4,633.0
2026-01-03,wk inc flu hosp,1,2026-01-10,27,quantile,0.45,664.0
2026-01-03,wk inc flu hosp,1,2026-01-10,27,quantile,0.5,697.0
2026-01-03,wk inc flu hosp,1,2026-01-10,27,quantile,0.55,726.0
2026-01-03,wk inc flu hosp,1,2026-01-10,27,quantile,0.6,757.0
2026-01-03,wk inc flu hosp,1,2026-01-10,27,quantile,0.65,798.0
2026-01-03,wk inc flu hosp,1,2026-01-10,27,quantile,0.7,836.0
2026-01-03,wk inc flu hosp,1,2026-01-10,27,quantile,0.75,885.0
2026-01-03,wk inc flu hosp,1,2026-01-10,27,quantile,0.8,932.0
2026-01-03,wk inc flu hosp,1,2026-01-10,27,quantile,0.85,990.0
2026-01-03,wk inc flu hosp,1,2026-01-10,27,quantile,0.9,1075.0
2026-01-03,wk inc flu hosp,1,2026-01-10,27,quantile,0.95,1185.0
2026-01-03,wk inc flu hosp,1,2026-01-10,27,quantile,0.975,1285.0
2026-01-03,wk inc flu hosp,1,2026-01-10,27,quantile,0.99,1427.0
2026-01-03,wk inc flu hosp,1,2026-01-10,28,quantile,0.01,16.0
2026-01-03,wk inc flu hosp,1,2026-01-10,28,quantile,0.025,23.0
2026-01-03,wk inc flu hosp,1,2026-01-10,28,quantile,0.05,28.0
2026-01-03,wk inc flu hosp,1,2026-01-10,28,quantile,0.1,33.0
2026-01-03,wk inc flu hosp,1,2026-01-10,28,quantile,0.15,47.0
2026-01-03,wk inc flu hosp,1,2026-01-10,28,quantile,0.2,60.0
2026-01-03,wk inc flu hosp,1,2026-01-10,28,quantile,0.25,73.0
2026-01-03,wk inc flu hosp,1,2026-01-10,28,quantile,0.3,85.0
2026-01-03,wk inc flu hosp,1,2026-01-10,28,quantile,0.35,96.0
2026-01-03,wk inc flu hosp,1,2026-01-10,28,quantile,0.4,106.0
2026-01-03,wk inc flu hosp,1,2026-01-10,28,quantile,0.45,113.0
2026-01-03,wk inc flu hosp,1,2026-01-10,28,quantile,0.5,122.0
2026-01-03,wk inc flu hosp,1,2026-01-10,28,quantile,0.55,133.0
2026-01-03,wk inc flu hosp,1,2026-01-10,28,quantile,0.6,144.0
2026-01-03,wk inc flu hosp,1,2026-01-10,28,quantile,0.65,153.0
2026-01-03,wk inc flu hosp,1,2026-01-10,28,quantile,0.7,163.0
2026-01-03,wk inc flu hosp,1,2026-01-10,28,quantile,0.75,177.0
2026-01-03,wk inc flu hosp,1,2026-01-10,28,quantile,0.8,193.0
2026-01-03,wk inc flu hosp,1,2026-01-10,28,quantile,0.85,213.0
2026-01-03,wk inc flu hosp,1,2026-01-10,28,quantile,0.9,234.0
2026-01-03,wk inc flu hosp,1,2026-01-10,28,quantile,0.95,265.0
2026-01-03,wk inc flu hosp,1,2026-01-10,28,quantile,0.975,298.0
2026-01-03,wk inc flu hosp,1,2026-01-10,28,quantile,0.99,336.0
2026-01-03,wk inc flu hosp,1,2026-01-10,30,quantile,0.01,8.0
2026-01-03,wk inc flu hosp,1,2026-01-10,30,quantile,0.025,12.0
2026-01-03,wk inc flu hosp,1,2026-01-10,30,quantile,0.05,20.0
2026-01-03,wk inc flu hosp,1,2026-01-10,30,quantile,0.1,29.0
2026-01-03,wk inc flu hosp,1,2026-01-10,30,quantile,0.15,33.0
2026-01-03,wk inc flu hosp,1,2026-01-10,30,quantile,0.2,37.0
2026-01-03,wk inc flu hosp,1,2026-01-10,30,quantile,0.25,41.0
2026-01-03,wk inc flu hosp,1,2026-01-10,30,quantile,0.3,45.0
2026-01-03,wk inc flu hosp,1,2026-01-10,30,quantile,0.35,49.0
2026-01-03,wk inc flu hosp,1,2026-01-10,30,quantile,0.4,52.0
2026-01-03,wk inc flu hosp,1,2026-01-10,30,quantile,0.45,55.0
2026-01-03,wk inc flu hosp,1,2026-01-10,30,quantile,0.5,58.0
2026-01-03,wk inc flu hosp,1,2026-01-10,30,quantile,0.55,62.0
2026-01-03,wk inc flu hosp,1,2026-01-10,30,quantile,0.6,65.0
2026-01-03,wk inc flu hosp,1,2026-01-10,30,quantile,0.65,69.0
2026-01-03,wk inc flu hosp,1,2026-01-10,30,quantile,0.7,72.0
2026-01-03,wk inc flu hosp,1,2026-01-10,30,quantile,0.75,77.0
2026-01-03,wk inc flu hosp,1,2026-01-10,30,quantile,0.8,82.0
2026-01-03,wk inc flu hosp,1,2026-01-10,30,quantile,0.85,87.0
2026-01-03,wk inc flu hosp,1,2026-01-10,30,quantile,0.9,96.0
2026-01-03,wk inc flu hosp,1,2026-01-10,30,quantile,0.95,108.0
2026-01-03,wk inc flu hosp,1,2026-01-10,30,quantile,0.975,117.0
2026-01-03,wk inc flu hosp,1,2026-01-10,30,quantile,0.99,130.0
2026-01-03,wk inc flu hosp,1,2026-01-10,31,quantile,0.01,12.0
2026-01-03,wk inc flu hosp,1,2026-01-10,31,quantile,0.025,23.0
2026-01-03,wk inc flu hosp,1,2026-01-10,31,quantile,0.05,30.0
2026-01-03,wk inc flu hosp,1,2026-01-10,31,quantile,0.1,39.0
2026-01-03,wk inc flu hosp,1,2026-01-10,31,quantile,0.15,47.0
2026-01-03,wk inc flu hosp,1,2026-01-10,31,quantile,0.2,52.0
2026-01-03,wk inc flu hosp,1,2026-01-10,31,quantile,0.25,57.0
2026-01-03,wk inc flu hosp,1,2026-01-10,31,quantile,0.3,61.0
2026-01-03,wk inc flu hosp,1,2026-01-10,31,quantile,0.35,66.0
2026-01-03,wk inc flu hosp,1,2026-01-10,31,quantile,0.4,70.0
2026-01-03,wk inc flu hosp,1,2026-01-10,31,quantile,0.45,74.0
2026-01-03,wk inc flu hosp,1,2026-01-10,31,quantile,0.5,79.0
2026-01-03,wk inc flu hosp,1,2026-01-10,31,quantile,0.55,83.0
2026-01-03,wk inc flu hosp,1,2026-01-10,31,quantile,0.6,87.0
2026-01-03,wk inc flu hosp,1,2026-01-10,31,quantile,0.65,92.0
2026-01-03,wk inc flu hosp,1,2026-01-10,31,quantile,0.7,97.0
2026-01-03,wk inc flu hosp,1,2026-01-10,31,quantile,0.75,103.0
2026-01-03,wk inc flu hosp,1,2026-01-10,31,quantile,0.8,110.0
2026-01-03,wk inc flu hosp,1,2026-01-10,31,quantile,0.85,117.0
2026-01-03,wk inc flu hosp,1,2026-01-10,31,quantile,0.9,126.0
2026-01-03,wk inc flu hosp,1,2026-01-10,31,quantile,0.95,141.0
2026-01-03,wk inc flu hosp,1,2026-01-10,31,quantile,0.975,156.0
2026-01-03,wk inc flu hosp,1,2026-01-10,31,quantile,0.99,171.0
2026-01-03,wk inc flu hosp,1,2026-01-10,32,quantile,0.01,38.0
2026-01-03,wk inc flu hosp,1,2026-01-10,32,quantile,0.025,59.0
2026-01-03,wk inc flu hosp,1,2026-01-10,32,quantile,0.05,71.0
2026-01-03,wk inc flu hosp,1,2026-01-10,32,quantile,0.1,86.0
2026-01-03,wk inc flu hosp,1,2026-01-10,32,quantile,0.15,98.0
2026-01-03,wk inc flu hosp,1,2026-01-10,32,quantile,0.2,107.0
2026-01-03,wk inc flu hosp,1,2026-01-10,32,quantile,0.25,116.0
2026-01-03,wk inc flu hosp,1,2026-01-10,32,quantile,0.3,124.0
2026-01-03,wk inc flu hosp,1,2026-01-10,32,quantile,0.35,131.0
2026-01-03,wk inc flu hosp,1,2026-01-10,32,quantile,0.4,138.0
2026-01-03,wk inc flu hosp,1,2026-01-10,32,quantile,0.45,144.0
2026-01-03,wk inc flu hosp,1,2026-01-10,32,quantile,0.5,151.0
2026-01-03,wk inc flu hosp,1,2026-01-10,32,quantile,0.55,159.0
2026-01-03,wk inc flu hosp,1,2026-01-10,32,quantile,0.6,166.0
2026-01-03,wk inc flu hosp,1,2026-01-10,32,quantile,0.65,173.0
2026-01-03,wk inc flu hosp,1,2026-01-10,32,quantile,0.7,182.0
2026-01-03,wk inc flu hosp,1,2026-01-10,32,quantile,0.75,193.0
2026-01-03,wk inc flu hosp,1,2026-01-10,32,quantile,0.8,203.0
2026-01-03,wk inc flu hosp,1,2026-01-10,32,quantile,0.85,215.0
2026-01-03,wk inc flu hosp,1,2026-01-10,32,quantile,0.9,232.0
2026-01-03,wk inc flu hosp,1,2026-01-10,32,quantile,0.95,256.0
2026-01-03,wk inc flu hosp,1,2026-01-10,32,quantile,0.975,280.0
2026-01-03,wk inc flu hosp,1,2026-01-10,32,quantile,0.99,312.0
2026-01-03,wk inc flu hosp,1,2026-01-10,33,quantile,0.01,54.0
2026-01-03,wk inc flu hosp,1,2026-01-10,33,quantile,0.025,68.0
2026-01-03,wk inc flu hosp,1,2026-01-10,33,quantile,0.05,79.0
2026-01-03,wk inc flu hosp,1,2026-01-10,33,quantile,0.1,93.0
2026-01-03,wk inc flu hosp,1,2026-01-10,33,quantile,0.15,104.0
2026-01-03,wk inc flu hosp,1,2026-01-10,33,quantile,0.2,113.0
2026-01-03,wk inc flu hosp,1,2026-01-10,33,quantile,0.25,120.0
2026-01-03,wk inc flu hosp,1,2026-01-10,33,quantile,0.3,125.0
2026-01-03,wk inc flu hosp,1,2026-01-10,33,quantile,0.35,129.0
2026-01-03,wk inc flu hosp,1,2026-01-10,33,quantile,0.4,133.0
2026-01-03,wk inc flu hosp,1,2026-01-10,33,quantile,0.45,138.0
2026-01-03,wk inc flu hosp,1,2026-01-10,33,quantile,0.5,143.0
2026-01-03,wk inc flu hosp,1,2026-01-10,33,quantile,0.55,148.0
2026-01-03,wk inc flu hosp,1,2026-01-10,33,quantile,0.6,152.0
2026-01-03,wk inc flu hosp,1,2026-01-10,33,quantile,0.65,158.0
2026-01-03,wk inc flu hosp,1,2026-01-10,33,quantile,0.7,164.0
2026-01-03,wk inc flu hosp,1,2026-01-10,33,quantile,0.75,170.0
2026-01-03,wk inc flu hosp,1,2026-01-10,33,quantile,0.8,179.0
2026-01-03,wk inc flu hosp,1,2026-01-10,33,quantile,0.85,188.0
2026-01-03,wk inc flu hosp,1,2026-01-10,33,quantile,0.9,200.0
2026-01-03,wk inc flu hosp,1,2026-01-10,33,quantile,0.95,220.0
2026-01-03,wk inc flu hosp,1,2026-01-10,33,quantile,0.975,240.0
2026-01-03,wk inc flu hosp,1,2026-01-10,33,quantile,0.99,258.0
2026-01-03,wk inc flu hosp,1,2026-01-10,34,quantile,0.01,330.0
2026-01-03,wk inc flu hosp,1,2026-01-10,34,quantile,0.025,420.0
2026-01-03,wk inc flu hosp,1,2026-01-10,34,quantile,0.05,503.0
2026-01-03,wk inc flu hosp,1,2026-01-10,34,quantile,0.1,612.0
2026-01-03,wk inc flu hosp,1,2026-01-10,34,quantile,0.15,682.0
2026-01-03,wk inc flu hosp,1,2026-01-10,34,quantile,0.2,746.0
2026-01-03,wk inc flu hosp,1,2026-01-10,34,quantile,0.25,793.0
2026-01-03,wk inc flu hosp,1,2026-01-10,34,quantile,0.3,836.0
2026-01-03,wk inc flu hosp,1,2026-01-10,34,quantile,0.35,870.0
2026-01-03,wk inc flu hosp,1,2026-01-10,34,quantile,0.4,908.0
2026-01-03,wk inc flu hosp,1,2026-01-10,34,quantile,0.45,942.0
2026-01-03,wk inc flu hosp,1,2026-01-10,34,quantile,0.5,978.0
2026-01-03,wk inc flu hosp,1,2026-01-10,34,quantile,0.55,1017.0
2026-01-03,wk inc flu hosp,1,2026-01-10,34,quantile,0.6,1063.0
2026-01-03,wk inc flu hosp,1,2026-01-10,34,quantile,0.65,1104.0
2026-01-03,wk inc flu hosp,1,2026-01-10,34,quantile,0.7,1156.0
2026-01-03,wk inc flu hosp,1,2026-01-10,34,quantile,0.75,1213.0
2026-01-03,wk inc flu hosp,1,2026-01-10,34,quantile,0.8,1271.0
2026-01-03,wk inc flu hosp,1,2026-01-10,34,quantile,0.85,1345.0
2026-01-03,wk inc flu hosp,1,2026-01-10,34,quantile,0.9,1440.0
2026-01-03,wk inc flu hosp,1,2026-01-10,34,quantile,0.95,1579.0
2026-01-03,wk inc flu hosp,1,2026-01-10,34,quantile,0.975,1704.0
2026-01-03,wk inc flu hosp,1,2026-01-10,34,quantile,0.99,1898.0
2026-01-03,wk inc flu hosp,1,2026-01-10,35,quantile,0.01,78.0
2026-01-03,wk inc flu hosp,1,2026-01-10,35,quantile,0.025,97.0
2026-01-03,wk inc flu hosp,1,2026-01-10,35,quantile,0.05,117.0
2026-01-03,wk inc flu hosp,1,2026-01-10,35,quantile,0.1,143.0
2026-01-03,wk inc flu hosp,1,2026-01-10,35,quantile,0.15,159.0
2026-01-03,wk inc flu hosp,1,2026-01-10,35,quantile,0.2,173.0
2026-01-03,wk inc flu hosp,1,2026-01-10,35,quantile,0.25,185.0
2026-01-03,wk inc flu hosp,1,2026-01-10,35,quantile,0.3,195.0
2026-01-03,wk inc flu hosp,1,2026-01-10,35,quantile,0.35,204.0
2026-01-03,wk inc flu hosp,1,2026-01-10,35,quantile,0.4,213.0
2026-01-03,wk inc flu hosp,1,2026-01-10,35,quantile,0.45,222.0
2026-01-03,wk inc flu hosp,1,2026-01-10,35,quantile,0.5,231.0
2026-01-03,wk inc flu hosp,1,2026-01-10,35,quantile,0.55,240.0
2026-01-03,wk inc flu hosp,1,2026-01-10,35,quantile,0.6,249.0
2026-01-03,wk inc flu hosp,1,2026-01-10,35,quantile,0.65,257.0
2026-01-03,wk inc flu hosp,1,2026-01-10,35,quantile,0.7,267.0
2026-01-03,wk inc flu hosp,1,2026-01-10,35,quantile,0.75,280.0
2026-01-03,wk inc flu hosp,1,2026-01-10,35,quantile,0.8,293.0
2026-01-03,wk inc flu hosp,1,2026-01-10,35,quantile,0.85,310.0
2026-01-03,wk inc flu hosp,1,2026-01-10,35,quantile,0.9,334.0
2026-01-03,wk inc flu hosp,1,2026-01-10,35,quantile,0.95,374.0
2026-01-03,wk inc flu hosp,1,2026-01-10,35,quantile,0.975,410.0
2026-01-03,wk inc flu hosp,1,2026-01-10,35,quantile,0.99,442.0
2026-01-03,wk inc flu hosp,1,2026-01-10,36,quantile,0.01,571.0
2026-01-03,wk inc flu hosp,1,2026-01-10,36,quantile,0.025,739.0
2026-01-03,wk inc flu hosp,1,2026-01-10,36,quantile,0.05,923.0
2026-01-03,wk inc flu hosp,1,2026-01-10,36,quantile,0.1,1116.0
2026-01-03,wk inc flu hosp,1,2026-01-10,36,quantile,0.15,1244.0
2026-01-03,wk inc flu hosp,1,2026-01-10,36,quantile,0.2,1346.0
2026-01-03,wk inc flu hosp,1,2026-01-10,36,quantile,0.25,1423.0
2026-01-03,wk inc flu hosp,1,2026-01-10,36,quantile,0.3,1501.0
2026-01-03,wk inc flu hosp,1,2026-01-10,36,quantile,0.35,1567.0
2026-01-03,wk inc flu hosp,1,2026-01-10,36,quantile,0.4,1623.0
2026-01-03,wk inc flu hosp,1,2026-01-10,36,quantile,0.45,1681.0
2026-01-03,wk inc flu hosp,1,2026-01-10,36,quantile,0.5,1732.0
2026-01-03,wk inc flu hosp,1,2026-01-10,36,quantile,0.55,1791.0
2026-01-03,wk inc flu hosp,1,2026-01-10,36,quantile,0.6,1870.0
2026-01-03,wk inc flu hosp,1,2026-01-10,36,quantile,0.65,1934.0
2026-01-03,wk inc flu hosp,1,2026-01-10,36,quantile,0.7,2023.0
2026-01-03,wk inc flu hosp,1,2026-01-10,36,quantile,0.75,2128.0
2026-01-03,wk inc flu hosp,1,2026-01-10,36,quantile,0.8,2219.0
2026-01-03,wk inc flu hosp,1,2026-01-10,36,quantile,0.85,2334.0
2026-01-03,wk inc flu hosp,1,2026-01-10,36,quantile,0.9,2530.0
2026-01-03,wk inc flu hosp,1,2026-01-10,36,quantile,0.95,2764.0
2026-01-03,wk inc flu hosp,1,2026-01-10,36,quantile,0.975,2997.0
2026-01-03,wk inc flu hosp,1,2026-01-10,36,quantile,0.99,3343.0
2026-01-03,wk inc flu hosp,1,2026-01-10,37,quantile,0.01,724.0
2026-01-03,wk inc flu hosp,1,2026-01-10,37,quantile,0.025,877.0
2026-01-03,wk inc flu hosp,1,2026-01-10,37,quantile,0.05,1078.0
2026-01-03,wk inc flu hosp,1,2026-01-10,37,quantile,0.1,1278.0
2026-01-03,wk inc flu hosp,1,2026-01-10,37,quantile,0.15,1402.0
2026-01-03,wk inc flu hosp,1,2026-01-10,37,quantile,0.2,1498.0
2026-01-03,wk inc flu hosp,1,2026-01-10,37,quantile,0.25,1596.0
2026-01-03,wk inc flu hosp,1,2026-01-10,37,quantile,0.3,1688.0
2026-01-03,wk inc flu hosp,1,2026-01-10,37,quantile,0.35,1760.0
2026-01-03,wk inc flu hosp,1,2026-01-10,37,quantile,0.4,1843.0
2026-01-03,wk inc flu hosp,1,2026-01-10,37,quantile,0.45,1906.0
2026-01-03,wk inc flu hosp,1,2026-01-10,37,quantile,0.5,1973.0
2026-01-03,wk inc flu hosp,1,2026-01-10,37,quantile,0.55,2053.0
2026-01-03,wk inc flu hosp,1,2026-01-10,37,quantile,0.6,2130.0
2026-01-03,wk inc flu hosp,1,2026-01-10,37,quantile,0.65,2199.0
2026-01-03,wk inc flu hosp,1,2026-01-10,37,quantile,0.7,2282.0
2026-01-03,wk inc flu hosp,1,2026-01-10,37,quantile,0.75,2350.0
2026-01-03,wk inc flu hosp,1,2026-01-10,37,quantile,0.8,2450.0
2026-01-03,wk inc flu hosp,1,2026-01-10,37,quantile,0.85,2576.0
2026-01-03,wk inc flu hosp,1,2026-01-10,37,quantile,0.9,2749.0
2026-01-03,wk inc flu hosp,1,2026-01-10,37,quantile,0.95,3024.0
2026-01-03,wk inc flu hosp,1,2026-01-10,37,quantile,0.975,3235.0
2026-01-03,wk inc flu hosp,1,2026-01-10,37,quantile,0.99,3443.0
2026-01-03,wk inc flu hosp,1,2026-01-10,38,quantile,0.01,15.0
2026-01-03,wk inc flu hosp,1,2026-01-10,38,quantile,0.025,21.0
2026-01-03,wk inc flu hosp,1,2026-01-10,38,quantile,0.05,26.0
2026-01-03,wk inc flu hosp,1,2026-01-10,38,quantile,0.1,32.0
2026-01-03,wk inc flu hosp,1,2026-01-10,38,quantile,0.15,36.0
2026-01-03,wk inc flu hosp,1,2026-01-10,38,quantile,0.2,40.0
2026-01-03,wk inc flu hosp,1,2026-01-10,38,quantile,0.25,43.0
2026-01-03,wk inc flu hosp,1,2026-01-10,38,quantile,0.3,46.0
2026-01-03,wk inc flu hosp,1,2026-01-10,38,quantile,0.35,49.0
2026-01-03,wk inc flu hosp,1,2026-01-10,38,quantile,0.4,51.0
2026-01-03,wk inc flu hosp,1,2026-01-10,38,quantile,0.45,54.0
2026-01-03,wk inc flu hosp,1,2026-01-10,38,quantile,0.5,57.0
2026-01-03,wk inc flu hosp,1,2026-01-10,38,quantile,0.55,59.0
2026-01-03,wk inc flu hosp,1,2026-01-10,38,quantile,0.6,62.0
2026-01-03,wk inc flu hosp,1,2026-01-10,38,quantile,0.65,65.0
2026-01-03,wk inc flu hosp,1,2026-01-10,38,quantile,0.7,67.0
2026-01-03,wk inc flu hosp,1,2026-01-10,38,quantile,0.75,71.0
2026-01-03,wk inc flu hosp,1,2026-01-10,38,quantile,0.8,76.0
2026-01-03,wk inc flu hosp,1,2026-01-10,38,quantile,0.85,81.0
2026-01-03,wk inc flu hosp,1,2026-01-10,38,quantile,0.9,88.0
2026-01-03,wk inc flu hosp,1,2026-01-10,38,quantile,0.95,99.0
2026-01-03,wk inc flu hosp,1,2026-01-10,38,quantile,0.975,107.0
2026-01-03,wk inc flu hosp,1,2026-01-10,38,quantile,0.99,122.0
2026-01-03,wk inc flu hosp,1,2026-01-10,39,quantile,0.01,458.0
2026-01-03,wk inc flu hosp,1,2026-01-10,39,quantile,0.025,555.0
2026-01-03,wk inc flu hosp,1,2026-01-10,39,quantile,0.05,644.0
2026-01-03,wk inc flu hosp,1,2026-01-10,39,quantile,0.1,719.0
2026-01-03,wk inc flu hosp,1,2026-01-10,39,quantile,0.15,776.0
2026-01-03,wk inc flu hosp,1,2026-01-10,39,quantile,0.2,828.0
2026-01-03,wk inc flu hosp,1,2026-01-10,39,quantile,0.25,875.0
2026-01-03,wk inc flu hosp,1,2026-01-10,39,quantile,0.3,918.0
2026-01-03,wk inc flu hosp,1,2026-01-10,39,quantile,0.35,950.0
2026-01-03,wk inc flu hosp,1,2026-01-10,39,quantile,0.4,988.0
2026-01-03,wk inc flu hosp,1,2026-01-10,39,quantile,0.45,1027.0
2026-01-03,wk inc flu hosp,1,2026-01-10,39,quantile,0.5,1058.0
2026-01-03,wk inc flu hosp,1,2026-01-10,39,quantile,0.55,1095.0
2026-01-03,wk inc flu hosp,1,2026-01-10,39,quantile,0.6,1131.0
2026-01-03,wk inc flu hosp,1,2026-01-10,39,quantile,0.65,1174.0
2026-01-03,wk inc flu hosp,1,2026-01-10,39,quantile,0.7,1214.0
2026-01-03,wk inc flu hosp,1,2026-01-10,39,quantile,0.75,1262.0
2026-01-03,wk inc flu hosp,1,2026-01-10,39,quantile,0.8,1321.0
2026-01-03,wk inc flu hosp,1,2026-01-10,39,quantile,0.85,1409.0
2026-01-03,wk inc flu hosp,1,2026-01-10,39,quantile,0.9,1512.0
2026-01-03,wk inc flu hosp,1,2026-01-10,39,quantile,0.95,1658.0
2026-01-03,wk inc flu hosp,1,2026-01-10,39,quantile,0.975,1799.0
2026-01-03,wk inc flu hosp,1,2026-01-10,39,quantile,0.99,1959.0
2026-01-03,wk inc flu hosp,1,2026-01-10,40,quantile,0.01,29.0
2026-01-03,wk inc flu hosp,1,2026-01-10,40,quantile,0.025,37.0
2026-01-03,wk inc flu hosp,1,2026-01-10,40,quantile,0.05,50.0
2026-01-03,wk inc flu hosp,1,2026-01-10,40,quantile,0.1,87.0
2026-01-03,wk inc flu hosp,1,2026-01-10,40,quantile,0.15,111.0
2026-01-03,wk inc flu hosp,1,2026-01-10,40,quantile,0.2,130.0
2026-01-03,wk inc flu hosp,1,2026-01-10,40,quantile,0.25,146.0
2026-01-03,wk inc flu hosp,1,2026-01-10,40,quantile,0.3,163.0
2026-01-03,wk inc flu hosp,1,2026-01-10,40,quantile,0.35,177.0
2026-01-03,wk inc flu hosp,1,2026-01-10,40,quantile,0.4,189.0
2026-01-03,wk inc flu hosp,1,2026-01-10,40,quantile,0.45,201.0
2026-01-03,wk inc flu hosp,1,2026-01-10,40,quantile,0.5,216.0
2026-01-03,wk inc flu hosp,1,2026-01-10,40,quantile,0.55,228.0
2026-01-03,wk inc flu hosp,1,2026-01-10,40,quantile,0.6,238.0
2026-01-03,wk inc flu hosp,1,2026-01-10,40,quantile,0.65,250.0
2026-01-03,wk inc flu hosp,1,2026-01-10,40,quantile,0.7,265.0
2026-01-03,wk inc flu hosp,1,2026-01-10,40,quantile,0.75,282.0
2026-01-03,wk inc flu hosp,1,2026-01-10,40,quantile,0.8,298.0
2026-01-03,wk inc flu hosp,1,2026-01-10,40,quantile,0.85,322.0
2026-01-03,wk inc flu hosp,1,2026-01-10,40,quantile,0.9,350.0
2026-01-03,wk inc flu hosp,1,2026-01-10,40,quantile,0.95,392.0
2026-01-03,wk inc flu hosp,1,2026-01-10,40,quantile,0.975,426.0
2026-01-03,wk inc flu hosp,1,2026-01-10,40,quantile,0.99,473.0
2026-01-03,wk inc flu hosp,1,2026-01-10,41,quantile,0.01,7.0
2026-01-03,wk inc flu hosp,1,2026-01-10,41,quantile,0.025,9.0
2026-01-03,wk inc flu hosp,1,2026-01-10,41,quantile,0.05,10.0
2026-01-03,wk inc flu hosp,1,2026-01-10,41,quantile,0.1,14.0
2026-01-03,wk inc flu hosp,1,2026-01-10,41,quantile,0.15,16.0
2026-01-03,wk inc flu hosp,1,2026-01-10,41,quantile,0.2,19.0
2026-01-03,wk inc flu hosp,1,2026-01-10,41,quantile,0.25,27.0
2026-01-03,wk inc flu hosp,1,2026-01-10,41,quantile,0.3,37.0
2026-01-03,wk inc flu hosp,1,2026-01-10,41,quantile,0.35,46.0
2026-01-03,wk inc flu hosp,1,2026-01-10,41,quantile,0.4,56.0
2026-01-03,wk inc flu hosp,1,2026-01-10,41,quantile,0.45,63.0
2026-01-03,wk inc flu hosp,1,2026-01-10,41,quantile,0.5,72.0
2026-01-03,wk inc flu hosp,1,2026-01-10,41,quantile,0.55,81.0
2026-01-03,wk inc flu hosp,1,2026-01-10,41,quantile,0.6,89.0
2026-01-03,wk inc flu hosp,1,2026-01-10,41,quantile,0.65,99.0
2026-01-03,wk inc flu hosp,1,2026-01-10,41,quantile,0.7,109.0
2026-01-03,wk inc flu hosp,1,2026-01-10,41,quantile,0.75,119.0
2026-01-03,wk inc flu hosp,1,2026-01-10,41,quantile,0.8,129.0
2026-01-03,wk inc flu hosp,1,2026-01-10,41,quantile,0.85,142.0
2026-01-03,wk inc flu hosp,1,2026-01-10,41,quantile,0.9,159.0
2026-01-03,wk inc flu hosp,1,2026-01-10,41,quantile,0.95,184.0
2026-01-03,wk inc flu hosp,1,2026-01-10,41,quantile,0.975,204.0
2026-01-03,wk inc flu hosp,1,2026-01-10,41,quantile,0.99,230.0
2026-01-03,wk inc flu hosp,1,2026-01-10,42,quantile,0.01,158.0
2026-01-03,wk inc flu hosp,1,2026-01-10,42,quantile,0.025,264.0
2026-01-03,wk inc flu hosp,1,2026-01-10,42,quantile,0.05,348.0
2026-01-03,wk inc flu hosp,1,2026-01-10,42,quantile,0.1,442.0
2026-01-03,wk inc flu hosp,1,2026-01-10,42,quantile,0.15,511.0
2026-01-03,wk inc flu hosp,1,2026-01-10,42,quantile,0.2,571.0
2026-01-03,wk inc flu hosp,1,2026-01-10,42,quantile,0.25,622.0
2026-01-03,wk inc flu hosp,1,2026-01-10,42,quantile,0.3,673.0
2026-01-03,wk inc flu hosp,1,2026-01-10,42,quantile,0.35,713.0
2026-01-03,wk inc flu hosp,1,2026-01-10,42,quantile,0.4,756.0
2026-01-03,wk inc flu hosp,1,2026-01-10,42,quantile,0.45,792.0
2026-01-03,wk inc flu hosp,1,2026-01-10,42,quantile,0.5,836.0
2026-01-03,wk inc flu hosp,1,2026-01-10,42,quantile,0.55,880.0
2026-01-03,wk inc flu hosp,1,2026-01-10,42,quantile,0.6,930.0
2026-01-03,wk inc flu hosp,1,2026-01-10,42,quantile,0.65,975.0
2026-01-03,wk inc flu hosp,1,2026-01-10,42,quantile,0.7,1030.0
2026-01-03,wk inc flu hosp,1,2026-01-10,42,quantile,0.75,1099.0
2026-01-03,wk inc flu hosp,1,2026-01-10,42,quantile,0.8,1162.0
2026-01-03,wk inc flu hosp,1,2026-01-10,42,quantile,0.85,1244.0
2026-01-03,wk inc flu hosp,1,2026-01-10,42,quantile,0.9,1348.0
2026-01-03,wk inc flu hosp,1,2026-01-10,42,quantile,0.95,1500.0
2026-01-03,wk inc flu hosp,1,2026-01-10,42,quantile,0.975,1618.0
2026-01-03,wk inc flu hosp,1,2026-01-10,42,quantile,0.99,1802.0
2026-01-03,wk inc flu hosp,1,2026-01-10,44,quantile,0.01,40.0
2026-01-03,wk inc flu hosp,1,2026-01-10,44,quantile,0.025,48.0
2026-01-03,wk inc flu hosp,1,2026-01-10,44,quantile,0.05,57.0
2026-01-03,wk inc flu hosp,1,2026-01-10,44,quantile,0.1,66.0
2026-01-03,wk inc flu hosp,1,2026-01-10,44,quantile,0.15,76.0
2026-01-03,wk inc flu hosp,1,2026-01-10,44,quantile,0.2,82.0
2026-01-03,wk inc flu hosp,1,2026-01-10,44,quantile,0.25,87.0
2026-01-03,wk inc flu hosp,1,2026-01-10,44,quantile,0.3,91.0
2026-01-03,wk inc flu hosp,1,2026-01-10,44,quantile,0.35,95.0
2026-01-03,wk inc flu hosp,1,2026-01-10,44,quantile,0.4,98.0
2026-01-03,wk inc flu hosp,1,2026-01-10,44,quantile,0.45,101.0
2026-01-03,wk inc flu hosp,1,2026-01-10,44,quantile,0.5,104.0
2026-01-03,wk inc flu hosp,1,2026-01-10,44,quantile,0.55,107.0
2026-01-03,wk inc flu hosp,1,2026-01-10,44,quantile,0.6,111.0
2026-01-03,wk inc flu hosp,1,2026-01-10,44,quantile,0.65,114.0
2026-01-03,wk inc flu hosp,1,2026-01-10,44,quantile,0.7,118.0
2026-01-03,wk inc flu hosp,1,2026-01-10,44,quantile,0.75,123.0
2026-01-03,wk inc flu hosp,1,2026-01-10,44,quantile,0.8,128.0
2026-01-03,wk inc flu hosp,1,2026-01-10,44,quantile,0.85,136.0
2026-01-03,wk inc flu hosp,1,2026-01-10,44,quantile,0.9,146.0
2026-01-03,wk inc flu hosp,1,2026-01-10,44,quantile,0.95,159.0
2026-01-03,wk inc flu hosp,1,2026-01-10,44,quantile,0.975,172.0
2026-01-03,wk inc flu hosp,1,2026-01-10,44,quantile,0.99,187.0
2026-01-03,wk inc flu hosp,1,2026-01-10,45,quantile,0.01,200.0
2026-01-03,wk inc flu hosp,1,2026-01-10,45,quantile,0.025,253.0
2026-01-03,wk inc flu hosp,1,2026-01-10,45,quantile,0.05,304.0
2026-01-03,wk inc flu hosp,1,2026-01-10,45,quantile,0.1,364.0
2026-01-03,wk inc flu hosp,1,2026-01-10,45,quantile,0.15,397.0
2026-01-03,wk inc flu hosp,1,2026-01-10,45,quantile,0.2,428.0
2026-01-03,wk inc flu hosp,1,2026-01-10,45,quantile,0.25,451.0
2026-01-03,wk inc flu hosp,1,2026-01-10,45,quantile,0.3,477.0
2026-01-03,wk inc flu hosp,1,2026-01-10,45,quantile,0.35,500.0
2026-01-03,wk inc flu hosp,1,2026-01-10,45,quantile,0.4,520.0
2026-01-03,wk inc flu hosp,1,2026-01-10,45,quantile,0.45,545.0
2026-01-03,wk inc flu hosp,1,2026-01-10,45,quantile,0.5,566.0
2026-01-03,wk inc flu hosp,1,2026-01-10,45,quantile,0.55,587.0
2026-01-03,wk inc flu hosp,1,2026-01-10,45,quantile,0.6,611.0
2026-01-03,wk inc flu hosp,1,2026-01-10,45,quantile,0.65,631.0
2026-01-03,wk inc flu hosp,1,2026-01-10,45,quantile,0.7,658.0
2026-01-03,wk inc flu hosp,1,2026-01-10,45,quantile,0.75,691.0
2026-01-03,wk inc flu hosp,1,2026-01-10,45,quantile,0.8,723.0
2026-01-03,wk inc flu hosp,1,2026-01-10,45,quantile,0.85,766.0
2026-01-03,wk inc flu hosp,1,2026-01-10,45,quantile,0.9,830.0
2026-01-03,wk inc flu hosp,1,2026-01-10,45,quantile,0.95,926.0
2026-01-03,wk inc flu hosp,1,2026-01-10,45,quantile,0.975,1011.0
2026-01-03,wk inc flu hosp,1,2026-01-10,45,quantile,0.99,1101.0
2026-01-03,wk inc flu hosp,1,2026-01-10,46,quantile,0.01,8.0
2026-01-03,wk inc flu hosp,1,2026-01-10,46,quantile,0.025,13.0
2026-01-03,wk inc flu hosp,1,2026-01-10,46,quantile,0.05,18.0
2026-01-03,wk inc flu hosp,1,2026-01-10,46,quantile,0.1,22.0
2026-01-03,wk inc flu hosp,1,2026-01-10,46,quantile,0.15,26.0
2026-01-03,wk inc flu hosp,1,2026-01-10,46,quantile,0.2,29.0
2026-01-03,wk inc flu hosp,1,2026-01-10,46,quantile,0.25,32.0
2026-01-03,wk inc flu hosp,1,2026-01-10,46,quantile,0.3,34.0
2026-01-03,wk inc flu hosp,1,2026-01-10,46,quantile,0.35,36.0
2026-01-03,wk inc flu hosp,1,2026-01-10,46,quantile,0.4,38.0
2026-01-03,wk inc flu hosp,1,2026-01-10,46,quantile,0.45,40.0
2026-01-03,wk inc flu hosp,1,2026-01-10,46,quantile,0.5,42.0
2026-01-03,wk inc flu hosp,1,2026-01-10,46,quantile,0.55,44.0
2026-01-03,wk inc flu hosp,1,2026-01-10,46,quantile,0.6,47.0
2026-01-03,wk inc flu hosp,1,2026-01-10,46,quantile,0.65,49.0
2026-01-03,wk inc flu hosp,1,2026-01-10,46,quantile,0.7,51.0
2026-01-03,wk inc flu hosp,1,2026-01-10,46,quantile,0.75,54.0
2026-01-03,wk inc flu hosp,1,2026-01-10,46,quantile,0.8,57.0
2026-01-03,wk inc flu hosp,1,2026-01-10,46,quantile,0.85,61.0
2026-01-03,wk inc flu hosp,1,2026-01-10,46,quantile,0.9,66.0
2026-01-03,wk inc flu hosp,1,2026-01-10,46,quantile,0.95,73.0
2026-01-03,wk inc flu hosp,1,2026-01-10,46,quantile,0.975,79.0
2026-01-03,wk inc flu hosp,1,2026-01-10,46,quantile,0.99,88.0
2026-01-03,wk inc flu hosp,1,2026-01-10,47,quantile,0.01,89.0
2026-01-03,wk inc flu hosp,1,2026-01-10,47,quantile,0.025,136.0
2026-01-03,wk inc flu hosp,1,2026-01-10,47,quantile,0.05,193.0
2026-01-03,wk inc flu hosp,1,2026-01-10,47,quantile,0.1,250.0
2026-01-03,wk inc flu hosp,1,2026-01-10,47,quantile,0.15,294.0
2026-01-03,wk inc flu hosp,1,2026-01-10,47,quantile,0.2,330.0
2026-01-03,wk inc flu hosp,1,2026-01-10,47,quantile,0.25,357.0
2026-01-03,wk inc flu hosp,1,2026-01-10,47,quantile,0.3,390.0
2026-01-03,wk inc flu hosp,1,2026-01-10,47,quantile,0.35,416.0
2026-01-03,wk inc flu hosp,1,2026-01-10,47,quantile,0.4,438.0
2026-01-03,wk inc flu hosp,1,2026-01-10,47,quantile,0.45,464.0
2026-01-03,wk inc flu hosp,1,2026-01-10,47,quantile,0.5,485.0
2026-01-03,wk inc flu hosp,1,2026-01-10,47,quantile,0.55,515.0
2026-01-03,wk inc flu hosp,1,2026-01-10,47,quantile,0.6,537.0
2026-01-03,wk inc flu hosp,1,2026-01-10,47,quantile,0.65,567.0
2026-01-03,wk inc flu hosp,1,2026-01-10,47,quantile,0.7,600.0
2026-01-03,wk inc flu hosp,1,2026-01-10,47,quantile,0.75,629.0
2026-01-03,wk inc flu hosp,1,2026-01-10,47,quantile,0.8,663.0
2026-01-03,wk inc flu hosp,1,2026-01-10,47,quantile,0.85,706.0
2026-01-03,wk inc flu hosp,1,2026-01-10,47,quantile,0.9,764.0
2026-01-03,wk inc flu hosp,1,2026-01-10,47,quantile,0.95,848.0
2026-01-03,wk inc flu hosp,1,2026-01-10,47,quantile,0.975,936.0
2026-01-03,wk inc flu hosp,1,2026-01-10,47,quantile,0.99,1046.0
2026-01-03,wk inc flu hosp,1,2026-01-10,48,quantile,0.01,661.0
2026-01-03,wk inc flu hosp,1,2026-01-10,48,quantile,0.025,886.0
2026-01-03,wk inc flu hosp,1,2026-01-10,48,quantile,0.05,1216.0
2026-01-03,wk inc flu hosp,1,2026-01-10,48,quantile,0.1,1490.0
2026-01-03,wk inc flu hosp,1,2026-01-10,48,quantile,0.15,1667.0
2026-01-03,wk inc flu hosp,1,2026-01-10,48,quantile,0.2,1855.0
2026-01-03,wk inc flu hosp,1,2026-01-10,48,quantile,0.25,2034.0
2026-01-03,wk inc flu hosp,1,2026-01-10,48,quantile,0.3,2189.0
2026-01-03,wk inc flu hosp,1,2026-01-10,48,quantile,0.35,2338.0
2026-01-03,wk inc flu hosp,1,2026-01-10,48,quantile,0.4,2471.0
2026-01-03,wk inc flu hosp,1,2026-01-10,48,quantile,0.45,2616.0
2026-01-03,wk inc flu hosp,1,2026-01-10,48,quantile,0.5,2740.0
2026-01-03,wk inc flu hosp,1,2026-01-10,48,quantile,0.55,2903.0
2026-01-03,wk inc flu hosp,1,2026-01-10,48,quantile,0.6,3048.0
2026-01-03,wk inc flu hosp,1,2026-01-10,48,quantile,0.65,3168.0
2026-01-03,wk inc flu hosp,1,2026-01-10,48,quantile,0.7,3338.0
2026-01-03,wk inc flu hosp,1,2026-01-10,48,quantile,0.75,3546.0
2026-01-03,wk inc flu hosp,1,2026-01-10,48,quantile,0.8,3768.0
2026-01-03,wk inc flu hosp,1,2026-01-10,48,quantile,0.85,3989.0
2026-01-03,wk inc flu hosp,1,2026-01-10,48,quantile,0.9,4354.0
2026-01-03,wk inc flu hosp,1,2026-01-10,48,quantile,0.95,4860.0
2026-01-03,wk inc flu hosp,1,2026-01-10,48,quantile,0.975,5258.0
2026-01-03,wk inc flu hosp,1,2026-01-10,48,quantile,0.99,5747.0
2026-01-03,wk inc flu hosp,1,2026-01-10,49,quantile,0.01,48.0
2026-01-03,wk inc flu hosp,1,2026-01-10,49,quantile,0.025,77.0
2026-01-03,wk inc flu hosp,1,2026-01-10,49,quantile,0.05,108.0
2026-01-03,wk inc flu hosp,1,2026-01-10,49,quantile,0.1,138.0
2026-01-03,wk inc flu hosp,1,2026-01-10,49,quantile,0.15,159.0
2026-01-03,wk inc flu hosp,1,2026-01-10,49,quantile,0.2,177.0
2026-01-03,wk inc flu hosp,1,2026-01-10,49,quantile,0.25,194.0
2026-01-03,wk inc flu hosp,1,2026-01-10,49,quantile,0.3,212.0
2026-01-03,wk inc flu hosp,1,2026-01-10,49,quantile,0.35,225.0
2026-01-03,wk inc flu hosp,1,2026-01-10,49,quantile,0.4,238.0
2026-01-03,wk inc flu hosp,1,2026-01-10,49,quantile,0.45,252.0
2026-01-03,wk inc flu hosp,1,2026-01-10,49,quantile,0.5,266.0
2026-01-03,wk inc flu hosp,1,2026-01-10,49,quantile,0.55,278.0
2026-01-03,wk inc flu hosp,1,2026-01-10,49,quantile,0.6,293.0
2026-01-03,wk inc flu hosp,1,2026-01-10,49,quantile,0.65,309.0
2026-01-03,wk inc flu hosp,1,2026-01-10,49,quantile,0.7,329.0
2026-01-03,wk inc flu hosp,1,2026-01-10,49,quantile,0.75,347.0
2026-01-03,wk inc flu hosp,1,2026-01-10,49,quantile,0.8,367.0
2026-01-03,wk inc flu hosp,1,2026-01-10,49,quantile,0.85,391.0
2026-01-03,wk inc flu hosp,1,2026-01-10,49,quantile,0.9,424.0
2026-01-03,wk inc flu hosp,1,2026-01-10,49,quantile,0.95,472.0
2026-01-03,wk inc flu hosp,1,2026-01-10,49,quantile,0.975,511.0
2026-01-03,wk inc flu hosp,1,2026-01-10,49,quantile,0.99,574.0
2026-01-03,wk inc flu hosp,1,2026-01-10,50,quantile,0.01,4.0
2026-01-03,wk inc flu hosp,1,2026-01-10,50,quantile,0.025,5.0
2026-01-03,wk inc flu hosp,1,2026-01-10,50,quantile,0.05,8.0
2026-01-03,wk inc flu hosp,1,2026-01-10,50,quantile,0.1,14.0
2026-01-03,wk inc flu hosp,1,2026-01-10,50,quantile,0.15,17.0
2026-01-03,wk inc flu hosp,1,2026-01-10,50,quantile,0.2,20.0
2026-01-03,wk inc flu hosp,1,2026-01-10,50,quantile,0.25,23.0
2026-01-03,wk inc flu hosp,1,2026-01-10,50,quantile,0.3,26.0
2026-01-03,wk inc flu hosp,1,2026-01-10,50,quantile,0.35,28.0
2026-01-03,wk inc flu hosp,1,2026-01-10,50,quantile,0.4,29.0
2026-01-03,wk inc flu hosp,1,2026-01-10,50,quantile,0.45,32.0
2026-01-03,wk inc flu hosp,1,2026-01-10,50,quantile,0.5,34.0
2026-01-03,wk inc flu hosp,1,2026-01-10,50,quantile,0.55,36.0
2026-01-03,wk inc flu hosp,1,2026-01-10,50,quantile,0.6,38.0
2026-01-03,wk inc flu hosp,1,2026-01-10,50,quantile,0.65,41.0
2026-01-03,wk inc flu hosp,1,2026-01-10,50,quantile,0.7,43.0
2026-01-03,wk inc flu hosp,1,2026-01-10,50,quantile,0.75,46.0
2026-01-03,wk inc flu hosp,1,2026-01-10,50,quantile,0.8,49.0
2026-01-03,wk inc flu hosp,1,2026-01-10,50,quantile,0.85,53.0
2026-01-03,wk inc flu hosp,1,2026-01-10,50,quantile,0.9,57.0
2026-01-03,wk inc flu hosp,1,2026-01-10,50,quantile,0.95,66.0
2026-01-03,wk inc flu hosp,1,2026-01-10,50,quantile,0.975,72.0
2026-01-03,wk inc flu hosp,1,2026-01-10,50,quantile,0.99,79.0
2026-01-03,wk inc flu hosp,1,2026-01-10,51,quantile,0.01,353.0
2026-01-03,wk inc flu hosp,1,2026-01-10,51,quantile,0.025,434.0
2026-01-03,wk inc flu hosp,1,2026-01-10,51,quantile,0.05,533.0
2026-01-03,wk inc flu hosp,1,2026-01-10,51,quantile,0.1,613.0
2026-01-03,wk inc flu hosp,1,2026-01-10,51,quantile,0.15,675.0
2026-01-03,wk inc flu hosp,1,2026-01-10,51,quantile,0.2,723.0
2026-01-03,wk inc flu hosp,1,2026-01-10,51,quantile,0.25,761.0
2026-01-03,wk inc flu hosp,1,2026-01-10,51,quantile,0.3,793.0
2026-01-03,wk inc flu hosp,1,2026-01-10,51,quantile,0.35,827.0
2026-01-03,wk inc flu hosp,1,2026-01-10,51,quantile,0.4,858.0
2026-01-03,wk inc flu hosp,1,2026-01-10,51,quantile,0.45,888.0
2026-01-03,wk inc flu hosp,1,2026-01-10,51,quantile,0.5,916.0
2026-01-03,wk inc flu hosp,1,2026-01-10,51,quantile,0.55,944.0
2026-01-03,wk inc flu hosp,1,2026-01-10,51,quantile,0.6,973.0
2026-01-03,wk inc flu hosp,1,2026-01-10,51,quantile,0.65,1004.0
2026-01-03,wk inc flu hosp,1,2026-01-10,51,quantile,0.7,1038.0
2026-01-03,wk inc flu hosp,1,2026-01-10,51,quantile,0.75,1087.0
2026-01-03,wk inc flu hosp,1,2026-01-10,51,quantile,0.8,1136.0
2026-01-03,wk inc flu hosp,1,2026-01-10,51,quantile,0.85,1205.0
2026-01-03,wk inc flu hosp,1,2026-01-10,51,quantile,0.9,1302.0
2026-01-03,wk inc flu hosp,1,2026-01-10,51,quantile,0.95,1406.0
2026-01-03,wk inc flu hosp,1,2026-01-10,51,quantile,0.975,1536.0
2026-01-03,wk inc flu hosp,1,2026-01-10,51,quantile,0.99,1638.0
2026-01-03,wk inc flu hosp,1,2026-01-10,53,quantile,0.01,26.0
2026-01-03,wk inc flu hosp,1,2026-01-10,53,quantile,0.025,32.0
2026-01-03,wk inc flu hosp,1,2026-01-10,53,quantile,0.05,51.0
2026-01-03,wk inc flu hosp,1,2026-01-10,53,quantile,0.1,85.0
2026-01-03,wk inc flu hosp,1,2026-01-10,53,quantile,0.15,114.0
2026-01-03,wk inc flu hosp,1,2026-01-10,53,quantile,0.2,133.0
2026-01-03,wk inc flu hosp,1,2026-01-10,53,quantile,0.25,152.0
2026-01-03,wk inc flu hosp,1,2026-01-10,53,quantile,0.3,171.0
2026-01-03,wk inc flu hosp,1,2026-01-10,53,quantile,0.35,190.0
2026-01-03,wk inc flu hosp,1,2026-01-10,53,quantile,0.4,207.0
2026-01-03,wk inc flu hosp,1,2026-01-10,53,quantile,0.45,220.0
2026-01-03,wk inc flu hosp,1,2026-01-10,53,quantile,0.5,238.0
2026-01-03,wk inc flu hosp,1,2026-01-10,53,quantile,0.55,250.0
2026-01-03,wk inc flu hosp,1,2026-01-10,53,quantile,0.6,264.0
2026-01-03,wk inc flu hosp,1,2026-01-10,53,quantile,0.65,280.0
2026-01-03,wk inc flu hosp,1,2026-01-10,53,quantile,0.7,297.0
2026-01-03,wk inc flu hosp,1,2026-01-10,53,quantile,0.75,318.0
2026-01-03,wk inc flu hosp,1,2026-01-10,53,quantile,0.8,343.0
2026-01-03,wk inc flu hosp,1,2026-01-10,53,quantile,0.85,367.0
2026-01-03,wk inc flu hosp,1,2026-01-10,53,quantile,0.9,410.0
2026-01-03,wk inc flu hosp,1,2026-01-10,53,quantile,0.95,463.0
2026-01-03,wk inc flu hosp,1,2026-01-10,53,quantile,0.975,508.0
2026-01-03,wk inc flu hosp,1,2026-01-10,53,quantile,0.99,576.0
2026-01-03,wk inc flu hosp,1,2026-01-10,54,quantile,0.01,11.0
2026-01-03,wk inc flu hosp,1,2026-01-10,54,quantile,0.025,23.0
2026-01-03,wk inc flu hosp,1,2026-01-10,54,quantile,0.05,33.0
2026-01-03,wk inc flu hosp,1,2026-01-10,54,quantile,0.1,46.0
2026-01-03,wk inc flu hosp,1,2026-01-10,54,quantile,0.15,55.0
2026-01-03,wk inc flu hosp,1,2026-01-10,54,quantile,0.2,63.0
2026-01-03,wk inc flu hosp,1,2026-01-10,54,quantile,0.25,69.0
2026-01-03,wk inc flu hosp,1,2026-01-10,54,quantile,0.3,75.0
2026-01-03,wk inc flu hosp,1,2026-01-10,54,quantile,0.35,81.0
2026-01-03,wk inc flu hosp,1,2026-01-10,54,quantile,0.4,87.0
2026-01-03,wk inc flu hosp,1,2026-01-10,54,quantile,0.45,92.0
2026-01-03,wk inc flu hosp,1,2026-01-10,54,quantile,0.5,97.0
2026-01-03,wk inc flu hosp,1,2026-01-10,54,quantile,0.55,103.0
2026-01-03,wk inc flu hosp,1,2026-01-10,54,quantile,0.6,108.0
2026-01-03,wk inc flu hosp,1,2026-01-10,54,quantile,0.65,114.0
2026-01-03,wk inc flu hosp,1,2026-01-10,54,quantile,0.7,120.0
2026-01-03,wk inc flu hosp,1,2026-01-10,54,quantile,0.75,127.0
2026-01-03,wk inc flu hosp,1,2026-01-10,54,quantile,0.8,137.0
2026-01-03,wk inc flu hosp,1,2026-01-10,54,quantile,0.85,147.0
2026-01-03,wk inc flu hosp,1,2026-01-10,54,quantile,0.9,159.0
2026-01-03,wk inc flu hosp,1,2026-01-10,54,quantile,0.95,176.0
2026-01-03,wk inc flu hosp,1,2026-01-10,54,quantile,0.975,189.0
2026-01-03,wk inc flu hosp,1,2026-01-10,54,quantile,0.99,214.0
2026-01-03,wk inc flu hosp,1,2026-01-10,55,quantile,0.01,170.0
2026-01-03,wk inc flu hosp,1,2026-01-10,55,quantile,0.025,211.0
2026-01-03,wk inc flu hosp,1,2026-01-10,55,quantile,0.05,251.0
2026-01-03,wk inc flu hosp,1,2026-01-10,55,quantile,0.1,298.0
2026-01-03,wk inc flu hosp,1,2026-01-10,55,quantile,0.15,335.0
2026-01-03,wk inc flu hosp,1,2026-01-10,55,quantile,0.2,365.0
2026-01-03,wk inc flu hosp,1,2026-01-10,55,quantile,0.25,389.0
2026-01-03,wk inc flu hosp,1,2026-01-10,55,quantile,0.3,417.0
2026-01-03,wk inc flu hosp,1,2026-01-10,55,quantile,0.35,441.0
2026-01-03,wk inc flu hosp,1,2026-01-10,55,quantile,0.4,464.0
2026-01-03,wk inc flu hosp,1,2026-01-10,55,quantile,0.45,489.0
2026-01-03,wk inc flu hosp,1,2026-01-10,55,quantile,0.5,512.0
2026-01-03,wk inc flu hosp,1,2026-01-10,55,quantile,0.55,532.0
2026-01-03,wk inc flu hosp,1,2026-01-10,55,quantile,0.6,552.0
2026-01-03,wk inc flu hosp,1,2026-01-10,55,quantile,0.65,578.0
2026-01-03,wk inc flu hosp,1,2026-01-10,55,quantile,0.7,605.0
2026-01-03,wk inc flu hosp,1,2026-01-10,55,quantile,0.75,641.0
2026-01-03,wk inc flu hosp,1,2026-01-10,55,quantile,0.8,674.0
2026-01-03,wk inc flu hosp,1,2026-01-10,55,quantile,0.85,716.0
2026-01-03,wk inc flu hosp,1,2026-01-10,55,quantile,0.9,773.0
2026-01-03,wk inc flu hosp,1,2026-01-10,55,quantile,0.95,855.0
2026-01-03,wk inc flu hosp,1,2026-01-10,55,quantile,0.975,938.0
2026-01-03,wk inc flu hosp,1,2026-01-10,55,quantile,0.99,1066.0
2026-01-03,wk inc flu hosp,1,2026-01-10,56,quantile,0.01,0.0
2026-01-03,wk inc flu hosp,1,2026-01-10,56,quantile,0.025,0.0
2026-01-03,wk inc flu hosp,1,2026-01-10,56,quantile,0.05,0.0
2026-01-03,wk inc flu hosp,1,2026-01-10,56,quantile,0.1,0.0
2026-01-03,wk inc flu hosp,1,2026-01-10,56,quantile,0.15,0.0
2026-01-03,wk inc flu hosp,1,2026-01-10,56,quantile,0.2,0.0
2026-01-03,wk inc flu hosp,1,2026-01-10,56,quantile,0.25,0.0
2026-01-03,wk inc flu hosp,1,2026-01-10,56,quantile,0.3,0.0
2026-01-03,wk inc flu hosp,1,2026-01-10,56,quantile,0.35,0.0
2026-01-03,wk inc flu hosp,1,2026-01-10,56,quantile,0.4,0.0
2026-01-03,wk inc flu hosp,1,2026-01-10,56,quantile,0.45,0.0
2026-01-03,wk inc flu hosp,1,2026-01-10,56,quantile,0.5,0.0
2026-01-03,wk inc flu hosp,1,2026-01-10,56,quantile,0.55,0.0
2026-01-03,wk inc flu hosp,1,2026-01-10,56,quantile,0.6,0.0
2026-01-03,wk inc flu hosp,1,2026-01-10,56,quantile,0.65,0.0
2026-01-03,wk inc flu hosp,1,2026-01-10,56,quantile,0.7,0.0
2026-01-03,wk inc flu hosp,1,2026-01-10,56,quantile,0.75,0.0
2026-01-03,wk inc flu hosp,1,2026-01-10,56,quantile,0.8,0.0
2026-01-03,wk inc flu hosp,1,2026-01-10,56,quantile,0.85,0.0
2026-01-03,wk inc flu hosp,1,2026-01-10,56,quantile,0.9,1.0
2026-01-03,wk inc flu hosp,1,2026-01-10,56,quantile,0.95,4.0
2026-01-03,wk inc flu hosp,1,2026-01-10,56,quantile,0.975,6.0
2026-01-03,wk inc flu hosp,1,2026-01-10,56,quantile,0.99,7.0
2026-01-03,wk inc flu hosp,1,2026-01-10,US,quantile,0.01,9267.0
2026-01-03,wk inc flu hosp,1,2026-01-10,US,quantile,0.025,10854.0
2026-01-03,wk inc flu hosp,1,2026-01-10,US,quantile,0.05,13342.0
2026-01-03,wk inc flu hosp,1,2026-01-10,US,quantile,0.1,15854.0
2026-01-03,wk inc flu hosp,1,2026-01-10,US,quantile,0.15,17647.0
2026-01-03,wk inc flu hosp,1,2026-01-10,US,quantile,0.2,19085.0
2026-01-03,wk inc flu hosp,1,2026-01-10,US,quantile,0.25,20319.0
2026-01-03,wk inc flu hosp,1,2026-01-10,US,quantile,0.3,21702.0
2026-01-03,wk inc flu hosp,1,2026-01-10,US,quantile,0.35,22862.0
2026-01-03,wk inc flu hosp,1,2026-01-10,US,quantile,0.4,23858.0
2026-01-03,wk inc flu hosp,1,2026-01-10,US,quantile,0.45,24969.0
2026-01-03,wk inc flu hosp,1,2026-01-10,US,quantile,0.5,25907.0
2026-01-03,wk inc flu hosp,1,2026-01-10,US,quantile,0.55,27060.0
2026-01-03,wk inc flu hosp,1,2026-01-10,US,quantile,0.6,28206.0
2026-01-03,wk inc flu hosp,1,2026-01-10,US,quantile,0.65,29242.0
2026-01-03,wk inc flu hosp,1,2026-01-10,US,quantile,0.7,30445.0
2026-01-03,wk inc flu hosp,1,2026-01-10,US,quantile,0.75,32326.0
2026-01-03,wk inc flu hosp,1,2026-01-10,US,quantile,0.8,33912.0
2026-01-03,wk inc flu hosp,1,2026-01-10,US,quantile,0.85,35789.0
2026-01-03,wk inc flu hosp,1,2026-01-10,US,quantile,0.9,38649.0
2026-01-03,wk inc flu hosp,1,2026-01-10,US,quantile,0.95,42500.0
2026-01-03,wk inc flu hosp,1,2026-01-10,US,quantile,0.975,46090.0
2026-01-03,wk inc flu hosp,1,2026-01-10,US,quantile,0.99,51861.0
2026-01-03,wk inc flu hosp,2,2026-01-17,01,quantile,0.01,54.0
2026-01-03,wk inc flu hosp,2,2026-01-17,01,quantile,0.025,71.0
2026-01-03,wk inc flu hosp,2,2026-01-17,01,quantile,0.05,111.0
2026-01-03,wk inc flu hosp,2,2026-01-17,01,quantile,0.1,169.0
2026-01-03,wk inc flu hosp,2,2026-01-17,01,quantile,0.15,215.0
2026-01-03,wk inc flu hosp,2,2026-01-17,01,quantile,0.2,248.0
2026-01-03,wk inc flu hosp,2,2026-01-17,01,quantile,0.25,280.0
2026-01-03,wk inc flu hosp,2,2026-01-17,01,quantile,0.3,306.0
2026-01-03,wk inc flu hosp,2,2026-01-17,01,quantile,0.35,330.0
2026-01-03,wk inc flu hosp,2,2026-01-17,01,quantile,0.4,358.0
2026-01-03,wk inc flu hosp,2,2026-01-17,01,quantile,0.45,386.0
2026-01-03,wk inc flu hosp,2,2026-01-17,01,quantile,0.5,409.0
2026-01-03,wk inc flu hosp,2,2026-01-17,01,quantile,0.55,437.0
2026-01-03,wk inc flu hosp,2,2026-01-17,01,quantile,0.6,463.0
2026-01-03,wk inc flu hosp,2,2026-01-17,01,quantile,0.65,492.0
2026-01-03,wk inc flu hosp,2,2026-01-17,01,quantile,0.7,524.0
2026-01-03,wk inc flu hosp,2,2026-01-17,01,quantile,0.75,558.0
2026-01-03,wk inc flu hosp,2,2026-01-17,01,quantile,0.8,594.0
2026-01-03,wk inc flu hosp,2,2026-01-17,01,quantile,0.85,643.0
2026-01-03,wk inc flu hosp,2,2026-01-17,01,quantile,0.9,701.0
2026-01-03,wk inc flu hosp,2,2026-01-17,01,quantile,0.95,799.0
2026-01-03,wk inc flu hosp,2,2026-01-17,01,quantile,0.975,874.0
2026-01-03,wk inc flu hosp,2,2026-01-17,01,quantile,0.99,984.0
2026-01-03,wk inc flu hosp,2,2026-01-17,02,quantile,0.01,20.0
2026-01-03,wk inc flu hosp,2,2026-01-17,02,quantile,0.025,27.0
2026-01-03,wk inc flu hosp,2,2026-01-17,02,quantile,0.05,33.0
2026-01-03,wk inc flu hosp,2,2026-01-17,02,quantile,0.1,42.0
2026-01-03,wk inc flu hosp,2,2026-01-17,02,quantile,0.15,48.0
2026-01-03,wk inc flu hosp,2,2026-01-17,02,quantile,0.2,53.0
2026-01-03,wk inc flu hosp,2,2026-01-17,02,quantile,0.25,57.0
2026-01-03,wk inc flu hosp,2,2026-01-17,02,quantile,0.3,59.0
2026-01-03,wk inc flu hosp,2,2026-01-17,02,quantile,0.35,63.0
2026-01-03,wk inc flu hosp,2,2026-01-17,02,quantile,0.4,65.0
2026-01-03,wk inc flu hosp,2,2026-01-17,02,quantile,0.45,68.0
2026-01-03,wk inc flu hosp,2,2026-01-17,02,quantile,0.5,71.0
2026-01-03,wk inc flu hosp,2,2026-01-17,02,quantile,0.55,75.0
2026-01-03,wk inc flu hosp,2,2026-01-17,02,quantile,0.6,77.0
2026-01-03,wk inc flu hosp,2,2026-01-17,02,quantile,0.65,81.0
2026-01-03,wk inc flu hosp,2,2026-01-17,02,quantile,0.7,84.0
2026-01-03,wk inc flu hosp,2,2026-01-17,02,quantile,0.75,88.0
2026-01-03,wk inc flu hosp,2,2026-01-17,02,quantile,0.8,92.0
2026-01-03,wk inc flu hosp,2,2026-01-17,02,quantile,0.85,99.0
2026-01-03,wk inc flu hosp,2,2026-01-17,02,quantile,0.9,106.0
2026-01-03,wk inc flu hosp,2,2026-01-17,02,quantile,0.95,119.0
2026-01-03,wk inc flu hosp,2,2026-01-17,02,quantile,0.975,131.0
2026-01-03,wk inc flu hosp,2,2026-01-17,02,quantile,0.99,140.0
2026-01-03,wk inc flu hosp,2,2026-01-17,04,quantile,0.01,25.0
2026-01-03,wk inc flu hosp,2,2026-01-17,04,quantile,0.025,33.0
2026-01-03,wk inc flu hosp,2,2026-01-17,04,quantile,0.05,40.0
2026-01-03,wk inc flu hosp,2,2026-01-17,04,quantile,0.1,47.0
2026-01-03,wk inc flu hosp,2,2026-01-17,04,quantile,0.15,74.0
2026-01-03,wk inc flu hosp,2,2026-01-17,04,quantile,0.2,100.0
2026-01-03,wk inc flu hosp,2,2026-01-17,04,quantile,0.25,123.0
2026-01-03,wk inc flu hosp,2,2026-01-17,04,quantile,0.3,139.0
2026-01-03,wk inc flu hosp,2,2026-01-17,04,quantile,0.35,155.0
2026-01-03,wk inc flu hosp,2,2026-01-17,04,quantile,0.4,174.0
2026-01-03,wk inc flu hosp,2,2026-01-17,04,quantile,0.45,193.0
2026-01-03,wk inc flu hosp,2,2026-01-17,04,quantile,0.5,212.0
2026-01-03,wk inc flu hosp,2,2026-01-17,04,quantile,0.55,230.0
2026-01-03,wk inc flu hosp,2,2026-01-17,04,quantile,0.6,248.0
2026-01-03,wk inc flu hosp,2,2026-01-17,04,quantile,0.65,272.0
2026-01-03,wk inc flu hosp,2,2026-01-17,04,quantile,0.7,292.0
2026-01-03,wk inc flu hosp,2,2026-01-17,04,quantile,0.75,318.0
2026-01-03,wk inc flu hosp,2,2026-01-17,04,quantile,0.8,351.0
2026-01-03,wk inc flu hosp,2,2026-01-17,04,quantile,0.85,381.0
2026-01-03,wk inc flu hosp,2,2026-01-17,04,quantile,0.9,424.0
2026-01-03,wk inc flu hosp,2,2026-01-17,04,quantile,0.95,492.0
2026-01-03,wk inc flu hosp,2,2026-01-17,04,quantile,0.975,542.0
2026-01-03,wk inc flu hosp,2,2026-01-17,04,quantile,0.99,617.0
2026-01-03,wk inc flu hosp,2,2026-01-17,05,quantile,0.01,47.0
2026-01-03,wk inc flu hosp,2,2026-01-17,05,quantile,0.025,71.0
2026-01-03,wk inc flu hosp,2,2026-01-17,05,quantile,0.05,95.0
2026-01-03,wk inc flu hosp,2,2026-01-17,05,quantile,0.1,124.0
2026-01-03,wk inc flu hosp,2,2026-01-17,05,quantile,0.15,144.0
2026-01-03,wk inc flu hosp,2,2026-01-17,05,quantile,0.2,162.0
2026-01-03,wk inc flu hosp,2,2026-01-17,05,quantile,0.25,175.0
2026-01-03,wk inc flu hosp,2,2026-01-17,05,quantile,0.3,189.0
2026-01-03,wk inc flu hosp,2,2026-01-17,05,quantile,0.35,202.0
2026-01-03,wk inc flu hosp,2,2026-01-17,05,quantile,0.4,217.0
2026-01-03,wk inc flu hosp,2,2026-01-17,05,quantile,0.45,226.0
2026-01-03,wk inc flu hosp,2,2026-01-17,05,quantile,0.5,239.0
2026-01-03,wk inc flu hosp,2,2026-01-17,05,quantile,0.55,250.0
2026-01-03,wk inc flu hosp,2,2026-01-17,05,quantile,0.6,265.0
2026-01-03,wk inc flu hosp,2,2026-01-17,05,quantile,0.65,276.0
2026-01-03,wk inc flu hosp,2,2026-01-17,05,quantile,0.7,294.0
2026-01-03,wk inc flu hosp,2,2026-01-17,05,quantile,0.75,312.0
2026-01-03,wk inc flu hosp,2,2026-01-17,05,quantile,0.8,330.0
2026-01-03,wk inc flu hosp,2,2026-01-17,05,quantile,0.85,351.0
2026-01-03,wk inc flu hosp,2,2026-01-17,05,quantile,0.9,381.0
2026-01-03,wk inc flu hosp,2,2026-01-17,05,quantile,0.95,424.0
2026-01-03,wk inc flu hosp,2,2026-01-17,05,quantile,0.975,461.0
2026-01-03,wk inc flu hosp,2,2026-01-17,05,quantile,0.99,508.0
2026-01-03,wk inc flu hosp,2,2026-01-17,06,quantile,0.01,113.0
2026-01-03,wk inc flu hosp,2,2026-01-17,06,quantile,0.025,150.0
2026-01-03,wk inc flu hosp,2,2026-01-17,06,quantile,0.05,182.0
2026-01-03,wk inc flu hosp,2,2026-01-17,06,quantile,0.1,268.0
2026-01-03,wk inc flu hosp,2,2026-01-17,06,quantile,0.15,380.0
2026-01-03,wk inc flu hosp,2,2026-01-17,06,quantile,0.2,474.0
2026-01-03,wk inc flu hosp,2,2026-01-17,06,quantile,0.25,554.0
2026-01-03,wk inc flu hosp,2,2026-01-17,06,quantile,0.3,628.0
2026-01-03,wk inc flu hosp,2,2026-01-17,06,quantile,0.35,705.0
2026-01-03,wk inc flu hosp,2,2026-01-17,06,quantile,0.4,784.0
2026-01-03,wk inc flu hosp,2,2026-01-17,06,quantile,0.45,866.0
2026-01-03,wk inc flu hosp,2,2026-01-17,06,quantile,0.5,947.0
2026-01-03,wk inc flu hosp,2,2026-01-17,06,quantile,0.55,1013.0
2026-01-03,wk inc flu hosp,2,2026-01-17,06,quantile,0.6,1087.0
2026-01-03,wk inc flu hosp,2,2026-01-17,06,quantile,0.65,1165.0
2026-01-03,wk inc flu hosp,2,2026-01-17,06,quantile,0.7,1248.0
2026-01-03,wk inc flu hosp,2,2026-01-17,06,quantile,0.75,1330.0
2026-01-03,wk inc flu hosp,2,2026-01-17,06,quantile,0.8,1440.0
2026-01-03,wk inc flu hosp,2,2026-01-17,06,quantile,0.85,1555.0
2026-01-03,wk inc flu hosp,2,2026-01-17,06,quantile,0.9,1740.0
2026-01-03,wk inc flu hosp,2,2026-01-17,06,quantile,0.95,1971.0
2026-01-03,wk inc flu hosp,2,2026-01-17,06,quantile,0.975,2175.0
2026-01-03,wk inc flu hosp,2,2026-01-17,06,quantile,0.99,2437.0
2026-01-03,wk inc flu hosp,2,2026-01-17,08,quantile,0.01,157.0
2026-01-03,wk inc flu hosp,2,2026-01-17,08,quantile,0.025,219.0
2026-01-03,wk inc flu hosp,2,2026-01-17,08,quantile,0.05,281.0
2026-01-03,wk inc flu hosp,2,2026-01-17,08,quantile,0.1,350.0
2026-01-03,wk inc flu hosp,2,2026-01-17,08,quantile,0.15,397.0
2026-01-03,wk inc flu hosp,2,2026-01-17,08,quantile,0.2,434.0
2026-01-03,wk inc flu hosp,2,2026-01-17,08,quantile,0.25,465.0
2026-01-03,wk inc flu hosp,2,2026-01-17,08,quantile,0.3,496.0
2026-01-03,wk inc flu hosp,2,2026-01-17,08,quantile,0.35,524.0
2026-01-03,wk inc flu hosp,2,2026-01-17,08,quantile,0.4,547.0
2026-01-03,wk inc flu hosp,2,2026-01-17,08,quantile,0.45,569.0
2026-01-03,wk inc flu hosp,2,2026-01-17,08,quantile,0.5,591.0
2026-01-03,wk inc flu hosp,2,2026-01-17,08,quantile,0.55,613.0
2026-01-03,wk inc flu hosp,2,2026-01-17,08,quantile,0.6,635.0
2026-01-03,wk inc flu hosp,2,2026-01-17,08,quantile,0.65,659.0
2026-01-03,wk inc flu hosp,2,2026-01-17,08,quantile,0.7,687.0
2026-01-03,wk inc flu hosp,2,2026-01-17,08,quantile,0.75,714.0
2026-01-03,wk inc flu hosp,2,2026-01-17,08,quantile,0.8,744.0
2026-01-03,wk inc flu hosp,2,2026-01-17,08,quantile,0.85,781.0
2026-01-03,wk inc flu hosp,2,2026-01-17,08,quantile,0.9,849.0
2026-01-03,wk inc flu hosp,2,2026-01-17,08,quantile,0.95,935.0
2026-01-03,wk inc flu hosp,2,2026-01-17,08,quantile,0.975,1009.0
2026-01-03,wk inc flu hosp,2,2026-01-17,08,quantile,0.99,1094.0
2026-01-03,wk inc flu hosp,2,2026-01-17,09,quantile,0.01,145.0
2026-01-03,wk inc flu hosp,2,2026-01-17,09,quantile,0.025,195.0
2026-01-03,wk inc flu hosp,2,2026-01-17,09,quantile,0.05,244.0
2026-01-03,wk inc flu hosp,2,2026-01-17,09,quantile,0.1,304.0
2026-01-03,wk inc flu hosp,2,2026-01-17,09,quantile,0.15,354.0
2026-01-03,wk inc flu hosp,2,2026-01-17,09,quantile,0.2,380.0
2026-01-03,wk inc flu hosp,2,2026-01-17,09,quantile,0.25,402.0
2026-01-03,wk inc flu hosp,2,2026-01-17,09,quantile,0.3,423.0
2026-01-03,wk inc flu hosp,2,2026-01-17,09,quantile,0.35,444.0
2026-01-03,wk inc flu hosp,2,2026-01-17,09,quantile,0.4,463.0
2026-01-03,wk inc flu hosp,2,2026-01-17,09,quantile,0.45,482.0
2026-01-03,wk inc flu hosp,2,2026-01-17,09,quantile,0.5,496.0
2026-01-03,wk inc flu hosp,2,2026-01-17,09,quantile,0.55,513.0
2026-01-03,wk inc flu hosp,2,2026-01-17,09,quantile,0.6,533.0
2026-01-03,wk inc flu hosp,2,2026-01-17,09,quantile,0.65,553.0
2026-01-03,wk inc flu hosp,2,2026-01-17,09,quantile,0.7,573.0
2026-01-03,wk inc flu hosp,2,2026-01-17,09,quantile,0.75,592.0
2026-01-03,wk inc flu hosp,2,2026-01-17,09,quantile,0.8,613.0
2026-01-03,wk inc flu hosp,2,2026-01-17,09,quantile,0.85,640.0
2026-01-03,wk inc flu hosp,2,2026-01-17,09,quantile,0.9,691.0
2026-01-03,wk inc flu hosp,2,2026-01-17,09,quantile,0.95,756.0
2026-01-03,wk inc flu hosp,2,2026-01-17,09,quantile,0.975,819.0
2026-01-03,wk inc flu hosp,2,2026-01-17,09,quantile,0.99,884.0
2026-01-03,wk inc flu hosp,2,2026-01-17,10,quantile,0.01,29.0
2026-01-03,wk inc flu hosp,2,2026-01-17,10,quantile,0.025,35.0
2026-01-03,wk inc flu hosp,2,2026-01-17,10,quantile,0.05,43.0
2026-01-03,wk inc flu hosp,2,2026-01-17,10,quantile,0.1,54.0
2026-01-03,wk inc flu hosp,2,2026-01-17,10,quantile,0.15,62.0
2026-01-03,wk inc flu hosp,2,2026-01-17,10,quantile,0.2,68.0
2026-01-03,wk inc flu hosp,2,2026-01-17,10,quantile,0.25,74.0
2026-01-03,wk inc flu hosp,2,2026-01-17,10,quantile,0.3,78.0
2026-01-03,wk inc flu hosp,2,2026-01-17,10,quantile,0.35,82.0
2026-01-03,wk inc flu hosp,2,2026-01-17,10,quantile,0.4,86.0
2026-01-03,wk inc flu hosp,2,2026-01-17,10,quantile,0.45,90.0
2026-01-03,wk inc flu hosp,2,2026-01-17,10,quantile,0.5,95.0
2026-01-03,wk inc flu hosp,2,2026-01-17,10,quantile,0.55,98.0
2026-01-03,wk inc flu hosp,2,2026-01-17,10,quantile,0.6,103.0
2026-01-03,wk inc flu hosp,2,2026-01-17,10,quantile,0.65,109.0
2026-01-03,wk inc flu hosp,2,2026-01-17,10,quantile,0.7,114.0
2026-01-03,wk inc flu hosp,2,2026-01-17,10,quantile,0.75,120.0
2026-01-03,wk inc flu hosp,2,2026-01-17,10,quantile,0.8,127.0
2026-01-03,wk inc flu hosp,2,2026-01-17,10,quantile,0.85,135.0
2026-01-03,wk inc flu hosp,2,2026-01-17,10,quantile,0.9,144.0
2026-01-03,wk inc flu hosp,2,2026-01-17,10,quantile,0.95,162.0
2026-01-03,wk inc flu hosp,2,2026-01-17,10,quantile,0.975,177.0
2026-01-03,wk inc flu hosp,2,2026-01-17,10,quantile,0.99,192.0
2026-01-03,wk inc flu hosp,2,2026-01-17,11,quantile,0.01,14.0
2026-01-03,wk inc flu hosp,2,2026-01-17,11,quantile,0.025,17.0
2026-01-03,wk inc flu hosp,2,2026-01-17,11,quantile,0.05,22.0
2026-01-03,wk inc flu hosp,2,2026-01-17,11,quantile,0.1,27.0
2026-01-03,wk inc flu hosp,2,2026-01-17,11,quantile,0.15,30.0
2026-01-03,wk inc flu hosp,2,2026-01-17,11,quantile,0.2,33.0
2026-01-03,wk inc flu hosp,2,2026-01-17,11,quantile,0.25,35.0
2026-01-03,wk inc flu hosp,2,2026-01-17,11,quantile,0.3,38.0
2026-01-03,wk inc flu hosp,2,2026-01-17,11,quantile,0.35,40.0
2026-01-03,wk inc flu hosp,2,2026-01-17,11,quantile,0.4,42.0
2026-01-03,wk inc flu hosp,2,2026-01-17,11,quantile,0.45,44.0
2026-01-03,wk inc flu hosp,2,2026-01-17,11,quantile,0.5,46.0
2026-01-03,wk inc flu hosp,2,2026-01-17,11,quantile,0.55,48.0
2026-01-03,wk inc flu hosp,2,2026-01-17,11,quantile,0.6,50.0
2026-01-03,wk inc flu hosp,2,2026-01-17,11,quantile,0.65,53.0
2026-01-03,wk inc flu hosp,2,2026-01-17,11,quantile,0.7,55.0
2026-01-03,wk inc flu hosp,2,2026-01-17,11,quantile,0.75,58.0
2026-01-03,wk inc flu hosp,2,2026-01-17,11,quantile,0.8,61.0
2026-01-03,wk inc flu hosp,2,2026-01-17,11,quantile,0.85,65.0
2026-01-03,wk inc flu hosp,2,2026-01-17,11,quantile,0.9,70.0
2026-01-03,wk inc flu hosp,2,2026-01-17,11,quantile,0.95,78.0
2026-01-03,wk inc flu hosp,2,2026-01-17,11,quantile,0.975,84.0
2026-01-03,wk inc flu hosp,2,2026-01-17,11,quantile,0.99,91.0
2026-01-03,wk inc flu hosp,2,2026-01-17,12,quantile,0.01,328.0
2026-01-03,wk inc flu hosp,2,2026-01-17,12,quantile,0.025,450.0
2026-01-03,wk inc flu hosp,2,2026-01-17,12,quantile,0.05,552.0
2026-01-03,wk inc flu hosp,2,2026-01-17,12,quantile,0.1,716.0
2026-01-03,wk inc flu hosp,2,2026-01-17,12,quantile,0.15,834.0
2026-01-03,wk inc flu hosp,2,2026-01-17,12,quantile,0.2,921.0
2026-01-03,wk inc flu hosp,2,2026-01-17,12,quantile,0.25,1005.0
2026-01-03,wk inc flu hosp,2,2026-01-17,12,quantile,0.3,1077.0
2026-01-03,wk inc flu hosp,2,2026-01-17,12,quantile,0.35,1147.0
2026-01-03,wk inc flu hosp,2,2026-01-17,12,quantile,0.4,1227.0
2026-01-03,wk inc flu hosp,2,2026-01-17,12,quantile,0.45,1295.0
2026-01-03,wk inc flu hosp,2,2026-01-17,12,quantile,0.5,1358.0
2026-01-03,wk inc flu hosp,2,2026-01-17,12,quantile,0.55,1412.0
2026-01-03,wk inc flu hosp,2,2026-01-17,12,quantile,0.6,1481.0
2026-01-03,wk inc flu hosp,2,2026-01-17,12,quantile,0.65,1554.0
2026-01-03,wk inc flu hosp,2,2026-01-17,12,quantile,0.7,1636.0
2026-01-03,wk inc flu hosp,2,2026-01-17,12,quantile,0.75,1744.0
2026-01-03,wk inc flu hosp,2,2026-01-17,12,quantile,0.8,1847.0
2026-01-03,wk inc flu hosp,2,2026-01-17,12,quantile,0.85,1965.0
2026-01-03,wk inc flu hosp,2,2026-01-17,12,quantile,0.9,2125.0
2026-01-03,wk inc flu hosp,2,2026-01-17,12,quantile,0.95,2376.0
2026-01-03,wk inc flu hosp,2,2026-01-17,12,quantile,0.975,2592.0
2026-01-03,wk inc flu hosp,2,2026-01-17,12,quantile,0.99,2837.0
2026-01-03,wk inc flu hosp,2,2026-01-17,13,quantile,0.01,262.0
2026-01-03,wk inc flu hosp,2,2026-01-17,13,quantile,0.025,345.0
2026-01-03,wk inc flu hosp,2,2026-01-17,13,quantile,0.05,415.0
2026-01-03,wk inc flu hosp,2,2026-01-17,13,quantile,0.1,527.0
2026-01-03,wk inc flu hosp,2,2026-01-17,13,quantile,0.15,601.0
2026-01-03,wk inc flu hosp,2,2026-01-17,13,quantile,0.2,663.0
2026-01-03,wk inc flu hosp,2,2026-01-17,13,quantile,0.25,717.0
2026-01-03,wk inc flu hosp,2,2026-01-17,13,quantile,0.3,765.0
2026-01-03,wk inc flu hosp,2,2026-01-17,13,quantile,0.35,823.0
2026-01-03,wk inc flu hosp,2,2026-01-17,13,quantile,0.4,871.0
2026-01-03,wk inc flu hosp,2,2026-01-17,13,quantile,0.45,912.0
2026-01-03,wk inc flu hosp,2,2026-01-17,13,quantile,0.5,957.0
2026-01-03,wk inc flu hosp,2,2026-01-17,13,quantile,0.55,999.0
2026-01-03,wk inc flu hosp,2,2026-01-17,13,quantile,0.6,1048.0
2026-01-03,wk inc flu hosp,2,2026-01-17,13,quantile,0.65,1098.0
2026-01-03,wk inc flu hosp,2,2026-01-17,13,quantile,0.7,1159.0
2026-01-03,wk inc flu hosp,2,2026-01-17,13,quantile,0.75,1222.0
2026-01-03,wk inc flu hosp,2,2026-01-17,13,quantile,0.8,1288.0
2026-01-03,wk inc flu hosp,2,2026-01-17,13,quantile,0.85,1371.0
2026-01-03,wk inc flu hosp,2,2026-01-17,13,quantile,0.9,1483.0
2026-01-03,wk inc flu hosp,2,2026-01-17,13,quantile,0.95,1635.0
2026-01-03,wk inc flu hosp,2,2026-01-17,13,quantile,0.975,1777.0
2026-01-03,wk inc flu hosp,2,2026-01-17,13,quantile,0.99,1945.0
2026-01-03,wk inc flu hosp,2,2026-01-17,15,quantile,0.01,11.0
2026-01-03,wk inc flu hosp,2,2026-01-17,15,quantile,0.025,14.0
2026-01-03,wk inc flu hosp,2,2026-01-17,15,quantile,0.05,25.0
2026-01-03,wk inc flu hosp,2,2026-01-17,15,quantile,0.1,49.0
2026-01-03,wk inc flu hosp,2,2026-01-17,15,quantile,0.15,62.0
2026-01-03,wk inc flu hosp,2,2026-01-17,15,quantile,0.2,74.0
2026-01-03,wk inc flu hosp,2,2026-01-17,15,quantile,0.25,85.0
2026-01-03,wk inc flu hosp,2,2026-01-17,15,quantile,0.3,95.0
2026-01-03,wk inc flu hosp,2,2026-01-17,15,quantile,0.35,105.0
2026-01-03,wk inc flu hosp,2,2026-01-17,15,quantile,0.4,112.0
2026-01-03,wk inc flu hosp,2,2026-01-17,15,quantile,0.45,119.0
2026-01-03,wk inc flu hosp,2,2026-01-17,15,quantile,0.5,127.0
2026-01-03,wk inc flu hosp,2,2026-01-17,15,quantile,0.55,134.0
2026-01-03,wk inc flu hosp,2,2026-01-17,15,quantile,0.6,141.0
2026-01-03,wk inc flu hosp,2,2026-01-17,15,quantile,0.65,149.0
2026-01-03,wk inc flu hosp,2,2026-01-17,15,quantile,0.7,158.0
2026-01-03,wk inc flu hosp,2,2026-01-17,15,quantile,0.75,167.0
2026-01-03,wk inc flu hosp,2,2026-01-17,15,quantile,0.8,181.0
2026-01-03,wk inc flu hosp,2,2026-01-17,15,quantile,0.85,195.0
2026-01-03,wk inc flu hosp,2,2026-01-17,15,quantile,0.9,212.0
2026-01-03,wk inc flu hosp,2,2026-01-17,15,quantile,0.95,246.0
2026-01-03,wk inc flu hosp,2,2026-01-17,15,quantile,0.975,271.0
2026-01-03,wk inc flu hosp,2,2026-01-17,15,quantile,0.99,296.0
2026-01-03,wk inc flu hosp,2,2026-01-17,16,quantile,0.01,16.0
2026-01-03,wk inc flu hosp,2,2026-01-17,16,quantile,0.025,32.0
2026-01-03,wk inc flu hosp,2,2026-01-17,16,quantile,0.05,41.0
2026-01-03,wk inc flu hosp,2,2026-01-17,16,quantile,0.1,56.0
2026-01-03,wk inc flu hosp,2,2026-01-17,16,quantile,0.15,66.0
2026-01-03,wk inc flu hosp,2,2026-01-17,16,quantile,0.2,75.0
2026-01-03,wk inc flu hosp,2,2026-01-17,16,quantile,0.25,83.0
2026-01-03,wk inc flu hosp,2,2026-01-17,16,quantile,0.3,91.0
2026-01-03,wk inc flu hosp,2,2026-01-17,16,quantile,0.35,97.0
2026-01-03,wk inc flu hosp,2,2026-01-17,16,quantile,0.4,104.0
2026-01-03,wk inc flu hosp,2,2026-01-17,16,quantile,0.45,109.0
2026-01-03,wk inc flu hosp,2,2026-01-17,16,quantile,0.5,114.0
2026-01-03,wk inc flu hosp,2,2026-01-17,16,quantile,0.55,121.0
2026-01-03,wk inc flu hosp,2,2026-01-17,16,quantile,0.6,127.0
2026-01-03,wk inc flu hosp,2,2026-01-17,16,quantile,0.65,133.0
2026-01-03,wk inc flu hosp,2,2026-01-17,16,quantile,0.7,142.0
2026-01-03,wk inc flu hosp,2,2026-01-17,16,quantile,0.75,150.0
2026-01-03,wk inc flu hosp,2,2026-01-17,16,quantile,0.8,159.0
2026-01-03,wk inc flu hosp,2,2026-01-17,16,quantile,0.85,170.0
2026-01-03,wk inc flu hosp,2,2026-01-17,16,quantile,0.9,183.0
2026-01-03,wk inc flu hosp,2,2026-01-17,16,quantile,0.95,207.0
2026-01-03,wk inc flu hosp,2,2026-01-17,16,quantile,0.975,227.0
2026-01-03,wk inc flu hosp,2,2026-01-17,16,quantile,0.99,246.0
2026-01-03,wk inc flu hosp,2,2026-01-17,17,quantile,0.01,178.0
2026-01-03,wk inc flu hosp,2,2026-01-17,17,quantile,0.025,311.0
2026-01-03,wk inc flu hosp,2,2026-01-17,17,quantile,0.05,394.0
2026-01-03,wk inc flu hosp,2,2026-01-17,17,quantile,0.1,513.0
2026-01-03,wk inc flu hosp,2,2026-01-17,17,quantile,0.15,598.0
2026-01-03,wk inc flu hosp,2,2026-01-17,17,quantile,0.2,673.0
2026-01-03,wk inc flu hosp,2,2026-01-17,17,quantile,0.25,737.0
2026-01-03,wk inc flu hosp,2,2026-01-17,17,quantile,0.3,791.0
2026-01-03,wk inc flu hosp,2,2026-01-17,17,quantile,0.35,841.0
2026-01-03,wk inc flu hosp,2,2026-01-17,17,quantile,0.4,894.0
2026-01-03,wk inc flu hosp,2,2026-01-17,17,quantile,0.45,942.0
2026-01-03,wk inc flu hosp,2,2026-01-17,17,quantile,0.5,997.0
2026-01-03,wk inc flu hosp,2,2026-01-17,17,quantile,0.55,1043.0
2026-01-03,wk inc flu hosp,2,2026-01-17,17,quantile,0.6,1099.0
2026-01-03,wk inc flu hosp,2,2026-01-17,17,quantile,0.65,1147.0
2026-01-03,wk inc flu hosp,2,2026-01-17,17,quantile,0.7,1210.0
2026-01-03,wk inc flu hosp,2,2026-01-17,17,quantile,0.75,1289.0
2026-01-03,wk inc flu hosp,2,2026-01-17,17,quantile,0.8,1367.0
2026-01-03,wk inc flu hosp,2,2026-01-17,17,quantile,0.85,1446.0
2026-01-03,wk inc flu hosp,2,2026-01-17,17,quantile,0.9,1576.0
2026-01-03,wk inc flu hosp,2,2026-01-17,17,quantile,0.95,1765.0
2026-01-03,wk inc flu hosp,2,2026-01-17,17,quantile,0.975,1921.0
2026-01-03,wk inc flu hosp,2,2026-01-17,17,quantile,0.99,2089.0
2026-01-03,wk inc flu hosp,2,2026-01-17,18,quantile,0.01,74.0
2026-01-03,wk inc flu hosp,2,2026-01-17,18,quantile,0.025,155.0
2026-01-03,wk inc flu hosp,2,2026-01-17,18,quantile,0.05,196.0
2026-01-03,wk inc flu hosp,2,2026-01-17,18,quantile,0.1,274.0
2026-01-03,wk inc flu hosp,2,2026-01-17,18,quantile,0.15,330.0
2026-01-03,wk inc flu hosp,2,2026-01-17,18,quantile,0.2,370.0
2026-01-03,wk inc flu hosp,2,2026-01-17,18,quantile,0.25,412.0
2026-01-03,wk inc flu hosp,2,2026-01-17,18,quantile,0.3,445.0
2026-01-03,wk inc flu hosp,2,2026-01-17,18,quantile,0.35,478.0
2026-01-03,wk inc flu hosp,2,2026-01-17,18,quantile,0.4,513.0
2026-01-03,wk inc flu hosp,2,2026-01-17,18,quantile,0.45,544.0
2026-01-03,wk inc flu hosp,2,2026-01-17,18,quantile,0.5,575.0
2026-01-03,wk inc flu hosp,2,2026-01-17,18,quantile,0.55,602.0
2026-01-03,wk inc flu hosp,2,2026-01-17,18,quantile,0.6,637.0
2026-01-03,wk inc flu hosp,2,2026-01-17,18,quantile,0.65,671.0
2026-01-03,wk inc flu hosp,2,2026-01-17,18,quantile,0.7,710.0
2026-01-03,wk inc flu hosp,2,2026-01-17,18,quantile,0.75,750.0
2026-01-03,wk inc flu hosp,2,2026-01-17,18,quantile,0.8,796.0
2026-01-03,wk inc flu hosp,2,2026-01-17,18,quantile,0.85,849.0
2026-01-03,wk inc flu hosp,2,2026-01-17,18,quantile,0.9,918.0
2026-01-03,wk inc flu hosp,2,2026-01-17,18,quantile,0.95,1030.0
2026-01-03,wk inc flu hosp,2,2026-01-17,18,quantile,0.975,1122.0
2026-01-03,wk inc flu hosp,2,2026-01-17,18,quantile,0.99,1234.0
2026-01-03,wk inc flu hosp,2,2026-01-17,19,quantile,0.01,76.0
2026-01-03,wk inc flu hosp,2,2026-01-17,19,quantile,0.025,101.0
2026-01-03,wk inc flu hosp,2,2026-01-17,19,quantile,0.05,123.0
2026-01-03,wk inc flu hosp,2,2026-01-17,19,quantile,0.1,150.0
2026-01-03,wk inc flu hosp,2,2026-01-17,19,quantile,0.15,169.0
2026-01-03,wk inc flu hosp,2,2026-01-17,19,quantile,0.2,187.0
2026-01-03,wk inc flu hosp,2,2026-01-17,19,quantile,0.25,204.0
2026-01-03,wk inc flu hosp,2,2026-01-17,19,quantile,0.3,218.0
2026-01-03,wk inc flu hosp,2,2026-01-17,19,quantile,0.35,229.0
2026-01-03,wk inc flu hosp,2,2026-01-17,19,quantile,0.4,240.0
2026-01-03,wk inc flu hosp,2,2026-01-17,19,quantile,0.45,251.0
2026-01-03,wk inc flu hosp,2,2026-01-17,19,quantile,0.5,263.0
2026-01-03,wk inc flu hosp,2,2026-01-17,19,quantile,0.55,274.0
2026-01-03,wk inc flu hosp,2,2026-01-17,19,quantile,0.6,286.0
2026-01-03,wk inc flu hosp,2,2026-01-17,19,quantile,0.65,299.0
2026-01-03,wk inc flu hosp,2,2026-01-17,19,quantile,0.7,316.0
2026-01-03,wk inc flu hosp,2,2026-01-17,19,quantile,0.75,331.0
2026-01-03,wk inc flu hosp,2,2026-01-17,19,quantile,0.8,350.0
2026-01-03,wk inc flu hosp,2,2026-01-17,19,quantile,0.85,377.0
2026-01-03,wk inc flu hosp,2,2026-01-17,19,quantile,0.9,412.0
2026-01-03,wk inc flu hosp,2,2026-01-17,19,quantile,0.95,463.0
2026-01-03,wk inc flu hosp,2,2026-01-17,19,quantile,0.975,510.0
2026-01-03,wk inc flu hosp,2,2026-01-17,19,quantile,0.99,562.0
2026-01-03,wk inc flu hosp,2,2026-01-17,20,quantile,0.01,41.0
2026-01-03,wk inc flu hosp,2,2026-01-17,20,quantile,0.025,65.0
2026-01-03,wk inc flu hosp,2,2026-01-17,20,quantile,0.05,83.0
2026-01-03,wk inc flu hosp,2,2026-01-17,20,quantile,0.1,104.0
2026-01-03,wk inc flu hosp,2,2026-01-17,20,quantile,0.15,120.0
2026-01-03,wk inc flu hosp,2,2026-01-17,20,quantile,0.2,135.0
2026-01-03,wk inc flu hosp,2,2026-01-17,20,quantile,0.25,149.0
2026-01-03,wk inc flu hosp,2,2026-01-17,20,quantile,0.3,158.0
2026-01-03,wk inc flu hosp,2,2026-01-17,20,quantile,0.35,170.0
2026-01-03,wk inc flu hosp,2,2026-01-17,20,quantile,0.4,180.0
2026-01-03,wk inc flu hosp,2,2026-01-17,20,quantile,0.45,191.0
2026-01-03,wk inc flu hosp,2,2026-01-17,20,quantile,0.5,203.0
2026-01-03,wk inc flu hosp,2,2026-01-17,20,quantile,0.55,213.0
2026-01-03,wk inc flu hosp,2,2026-01-17,20,quantile,0.6,222.0
2026-01-03,wk inc flu hosp,2,2026-01-17,20,quantile,0.65,233.0
2026-01-03,wk inc flu hosp,2,2026-01-17,20,quantile,0.7,249.0
2026-01-03,wk inc flu hosp,2,2026-01-17,20,quantile,0.75,263.0
2026-01-03,wk inc flu hosp,2,2026-01-17,20,quantile,0.8,278.0
2026-01-03,wk inc flu hosp,2,2026-01-17,20,quantile,0.85,296.0
2026-01-03,wk inc flu hosp,2,2026-01-17,20,quantile,0.9,317.0
2026-01-03,wk inc flu hosp,2,2026-01-17,20,quantile,0.95,353.0
2026-01-03,wk inc flu hosp,2,2026-01-17,20,quantile,0.975,390.0
2026-01-03,wk inc flu hosp,2,2026-01-17,20,quantile,0.99,429.0
2026-01-03,wk inc flu hosp,2,2026-01-17,21,quantile,0.01,45.0
2026-01-03,wk inc flu hosp,2,2026-01-17,21,quantile,0.025,79.0
2026-01-03,wk inc flu hosp,2,2026-01-17,21,quantile,0.05,112.0
2026-01-03,wk inc flu hosp,2,2026-01-17,21,quantile,0.1,170.0
2026-01-03,wk inc flu hosp,2,2026-01-17,21,quantile,0.15,210.0
2026-01-03,wk inc flu hosp,2,2026-01-17,21,quantile,0.2,238.0
2026-01-03,wk inc flu hosp,2,2026-01-17,21,quantile,0.25,261.0
2026-01-03,wk inc flu hosp,2,2026-01-17,21,quantile,0.3,283.0
2026-01-03,wk inc flu hosp,2,2026-01-17,21,quantile,0.35,306.0
2026-01-03,wk inc flu hosp,2,2026-01-17,21,quantile,0.4,328.0
2026-01-03,wk inc flu hosp,2,2026-01-17,21,quantile,0.45,345.0
2026-01-03,wk inc flu hosp,2,2026-01-17,21,quantile,0.5,362.0
2026-01-03,wk inc flu hosp,2,2026-01-17,21,quantile,0.55,382.0
2026-01-03,wk inc flu hosp,2,2026-01-17,21,quantile,0.6,405.0
2026-01-03,wk inc flu hosp,2,2026-01-17,21,quantile,0.65,429.0
2026-01-03,wk inc flu hosp,2,2026-01-17,21,quantile,0.7,450.0
2026-01-03,wk inc flu hosp,2,2026-01-17,21,quantile,0.75,477.0
2026-01-03,wk inc flu hosp,2,2026-01-17,21,quantile,0.8,512.0
2026-01-03,wk inc flu hosp,2,2026-01-17,21,quantile,0.85,553.0
2026-01-03,wk inc flu hosp,2,2026-01-17,21,quantile,0.9,595.0
2026-01-03,wk inc flu hosp,2,2026-01-17,21,quantile,0.95,673.0
2026-01-03,wk inc flu hosp,2,2026-01-17,21,quantile,0.975,731.0
2026-01-03,wk inc flu hosp,2,2026-01-17,21,quantile,0.99,799.0
2026-01-03,wk inc flu hosp,2,2026-01-17,22,quantile,0.01,93.0
2026-01-03,wk inc flu hosp,2,2026-01-17,22,quantile,0.025,117.0
2026-01-03,wk inc flu hosp,2,2026-01-17,22,quantile,0.05,151.0
2026-01-03,wk inc flu hosp,2,2026-01-17,22,quantile,0.1,187.0
2026-01-03,wk inc flu hosp,2,2026-01-17,22,quantile,0.15,223.0
2026-01-03,wk inc flu hosp,2,2026-01-17,22,quantile,0.2,252.0
2026-01-03,wk inc flu hosp,2,2026-01-17,22,quantile,0.25,287.0
2026-01-03,wk inc flu hosp,2,2026-01-17,22,quantile,0.3,313.0
2026-01-03,wk inc flu hosp,2,2026-01-17,22,quantile,0.35,329.0
2026-01-03,wk inc flu hosp,2,2026-01-17,22,quantile,0.4,349.0
2026-01-03,wk inc flu hosp,2,2026-01-17,22,quantile,0.45,367.0
2026-01-03,wk inc flu hosp,2,2026-01-17,22,quantile,0.5,383.0
2026-01-03,wk inc flu hosp,2,2026-01-17,22,quantile,0.55,399.0
2026-01-03,wk inc flu hosp,2,2026-01-17,22,quantile,0.6,417.0
2026-01-03,wk inc flu hosp,2,2026-01-17,22,quantile,0.65,436.0
2026-01-03,wk inc flu hosp,2,2026-01-17,22,quantile,0.7,458.0
2026-01-03,wk inc flu hosp,2,2026-01-17,22,quantile,0.75,482.0
2026-01-03,wk inc flu hosp,2,2026-01-17,22,quantile,0.8,510.0
2026-01-03,wk inc flu hosp,2,2026-01-17,22,quantile,0.85,540.0
2026-01-03,wk inc flu hosp,2,2026-01-17,22,quantile,0.9,575.0
2026-01-03,wk inc flu hosp,2,2026-01-17,22,quantile,0.95,640.0
2026-01-03,wk inc flu hosp,2,2026-01-17,22,quantile,0.975,692.0
2026-01-03,wk inc flu hosp,2,2026-01-17,22,quantile,0.99,760.0
2026-01-03,wk inc flu hosp,2,2026-01-17,23,quantile,0.01,32.0
2026-01-03,wk inc flu hosp,2,2026-01-17,23,quantile,0.025,41.0
2026-01-03,wk inc flu hosp,2,2026-01-17,23,quantile,0.05,48.0
2026-01-03,wk inc flu hosp,2,2026-01-17,23,quantile,0.1,59.0
2026-01-03,wk inc flu hosp,2,2026-01-17,23,quantile,0.15,67.0
2026-01-03,wk inc flu hosp,2,2026-01-17,23,quantile,0.2,75.0
2026-01-03,wk inc flu hosp,2,2026-01-17,23,quantile,0.25,81.0
2026-01-03,wk inc flu hosp,2,2026-01-17,23,quantile,0.3,86.0
2026-01-03,wk inc flu hosp,2,2026-01-17,23,quantile,0.35,91.0
2026-01-03,wk inc flu hosp,2,2026-01-17,23,quantile,0.4,96.0
2026-01-03,wk inc flu hosp,2,2026-01-17,23,quantile,0.45,101.0
2026-01-03,wk inc flu hosp,2,2026-01-17,23,quantile,0.5,106.0
2026-01-03,wk inc flu hosp,2,2026-01-17,23,quantile,0.55,111.0
2026-01-03,wk inc flu hosp,2,2026-01-17,23,quantile,0.6,115.0
2026-01-03,wk inc flu hosp,2,2026-01-17,23,quantile,0.65,122.0
2026-01-03,wk inc flu hosp,2,2026-01-17,23,quantile,0.7,128.0
2026-01-03,wk inc flu hosp,2,2026-01-17,23,quantile,0.75,136.0
2026-01-03,wk inc flu hosp,2,2026-01-17,23,quantile,0.8,145.0
2026-01-03,wk inc flu hosp,2,2026-01-17,23,quantile,0.85,156.0
2026-01-03,wk inc flu hosp,2,2026-01-17,23,quantile,0.9,172.0
2026-01-03,wk inc flu hosp,2,2026-01-17,23,quantile,0.95,192.0
2026-01-03,wk inc flu hosp,2,2026-01-17,23,quantile,0.975,213.0
2026-01-03,wk inc flu hosp,2,2026-01-17,23,quantile,0.99,240.0
2026-01-03,wk inc flu hosp,2,2026-01-17,24,quantile,0.01,177.0
2026-01-03,wk inc flu hosp,2,2026-01-17,24,quantile,0.025,239.0
2026-01-03,wk inc flu hosp,2,2026-01-17,24,quantile,0.05,298.0
2026-01-03,wk inc flu hosp,2,2026-01-17,24,quantile,0.1,372.0
2026-01-03,wk inc flu hosp,2,2026-01-17,24,quantile,0.15,433.0
2026-01-03,wk inc flu hosp,2,2026-01-17,24,quantile,0.2,474.0
2026-01-03,wk inc flu hosp,2,2026-01-17,24,quantile,0.25,505.0
2026-01-03,wk inc flu hosp,2,2026-01-17,24,quantile,0.3,537.0
2026-01-03,wk inc flu hosp,2,2026-01-17,24,quantile,0.35,579.0
2026-01-03,wk inc flu hosp,2,2026-01-17,24,quantile,0.4,613.0
2026-01-03,wk inc flu hosp,2,2026-01-17,24,quantile,0.45,644.0
2026-01-03,wk inc flu hosp,2,2026-01-17,24,quantile,0.5,673.0
2026-01-03,wk inc flu hosp,2,2026-01-17,24,quantile,0.55,707.0
2026-01-03,wk inc flu hosp,2,2026-01-17,24,quantile,0.6,738.0
2026-01-03,wk inc flu hosp,2,2026-01-17,24,quantile,0.65,769.0
2026-01-03,wk inc flu hosp,2,2026-01-17,24,quantile,0.7,807.0
2026-01-03,wk inc flu hosp,2,2026-01-17,24,quantile,0.75,852.0
2026-01-03,wk inc flu hosp,2,2026-01-17,24,quantile,0.8,901.0
2026-01-03,wk inc flu hosp,2,2026-01-17,24,quantile,0.85,949.0
2026-01-03,wk inc flu hosp,2,2026-01-17,24,quantile,0.9,1017.0
2026-01-03,wk inc flu hosp,2,2026-01-17,24,quantile,0.95,1140.0
2026-01-03,wk inc flu hosp,2,2026-01-17,24,quantile,0.975,1241.0
2026-01-03,wk inc flu hosp,2,2026-01-17,24,quantile,0.99,1360.0
2026-01-03,wk inc flu hosp,2,2026-01-17,25,quantile,0.01,278.0
2026-01-03,wk inc flu hosp,2,2026-01-17,25,quantile,0.025,347.0
2026-01-03,wk inc flu hosp,2,2026-01-17,25,quantile,0.05,422.0
2026-01-03,wk inc flu hosp,2,2026-01-17,25,quantile,0.1,493.0
2026-01-03,wk inc flu hosp,2,2026-01-17,25,quantile,0.15,539.0
2026-01-03,wk inc flu hosp,2,2026-01-17,25,quantile,0.2,584.0
2026-01-03,wk inc flu hosp,2,2026-01-17,25,quantile,0.25,628.0
2026-01-03,wk inc flu hosp,2,2026-01-17,25,quantile,0.3,660.0
2026-01-03,wk inc flu hosp,2,2026-01-17,25,quantile,0.35,696.0
2026-01-03,wk inc flu hosp,2,2026-01-17,25,quantile,0.4,727.0
2026-01-03,wk inc flu hosp,2,2026-01-17,25,quantile,0.45,764.0
2026-01-03,wk inc flu hosp,2,2026-01-17,25,quantile,0.5,790.0
2026-01-03,wk inc flu hosp,2,2026-01-17,25,quantile,0.55,821.0
2026-01-03,wk inc flu hosp,2,2026-01-17,25,quantile,0.6,859.0
2026-01-03,wk inc flu hosp,2,2026-01-17,25,quantile,0.65,891.0
2026-01-03,wk inc flu hosp,2,2026-01-17,25,quantile,0.7,926.0
2026-01-03,wk inc flu hosp,2,2026-01-17,25,quantile,0.75,966.0
2026-01-03,wk inc flu hosp,2,2026-01-17,25,quantile,0.8,1007.0
2026-01-03,wk inc flu hosp,2,2026-01-17,25,quantile,0.85,1070.0
2026-01-03,wk inc flu hosp,2,2026-01-17,25,quantile,0.9,1158.0
2026-01-03,wk inc flu hosp,2,2026-01-17,25,quantile,0.95,1299.0
2026-01-03,wk inc flu hosp,2,2026-01-17,25,quantile,0.975,1431.0
2026-01-03,wk inc flu hosp,2,2026-01-17,25,quantile,0.99,1577.0
2026-01-03,wk inc flu hosp,2,2026-01-17,26,quantile,0.01,231.0
2026-01-03,wk inc flu hosp,2,2026-01-17,26,quantile,0.025,335.0
2026-01-03,wk inc flu hosp,2,2026-01-17,26,quantile,0.05,414.0
2026-01-03,wk inc flu hosp,2,2026-01-17,26,quantile,0.1,514.0
2026-01-03,wk inc flu hosp,2,2026-01-17,26,quantile,0.15,579.0
2026-01-03,wk inc flu hosp,2,2026-01-17,26,quantile,0.2,637.0
2026-01-03,wk inc flu hosp,2,2026-01-17,26,quantile,0.25,694.0
2026-01-03,wk inc flu hosp,2,2026-01-17,26,quantile,0.3,742.0
2026-01-03,wk inc flu hosp,2,2026-01-17,26,quantile,0.35,793.0
2026-01-03,wk inc flu hosp,2,2026-01-17,26,quantile,0.4,830.0
2026-01-03,wk inc flu hosp,2,2026-01-17,26,quantile,0.45,875.0
2026-01-03,wk inc flu hosp,2,2026-01-17,26,quantile,0.5,916.0
2026-01-03,wk inc flu hosp,2,2026-01-17,26,quantile,0.55,959.0
2026-01-03,wk inc flu hosp,2,2026-01-17,26,quantile,0.6,1004.0
2026-01-03,wk inc flu hosp,2,2026-01-17,26,quantile,0.65,1046.0
2026-01-03,wk inc flu hosp,2,2026-01-17,26,quantile,0.7,1098.0
2026-01-03,wk inc flu hosp,2,2026-01-17,26,quantile,0.75,1158.0
2026-01-03,wk inc flu hosp,2,2026-01-17,26,quantile,0.8,1226.0
2026-01-03,wk inc flu hosp,2,2026-01-17,26,quantile,0.85,1322.0
2026-01-03,wk inc flu hosp,2,2026-01-17,26,quantile,0.9,1444.0
2026-01-03,wk inc flu hosp,2,2026-01-17,26,quantile,0.95,1629.0
2026-01-03,wk inc flu hosp,2,2026-01-17,26,quantile,0.975,1793.0
2026-01-03,wk inc flu hosp,2,2026-01-17,26,quantile,0.99,1988.0
2026-01-03,wk inc flu hosp,2,2026-01-17,27,quantile,0.01,179.0
2026-01-03,wk inc flu hosp,2,2026-01-17,27,quantile,0.025,252.0
2026-01-03,wk inc flu hosp,2,2026-01-17,27,quantile,0.05,309.0
2026-01-03,wk inc flu hosp,2,2026-01-17,27,quantile,0.1,382.0
2026-01-03,wk inc flu hosp,2,2026-01-17,27,quantile,0.15,429.0
2026-01-03,wk inc flu hosp,2,2026-01-17,27,quantile,0.2,480.0
2026-01-03,wk inc flu hosp,2,2026-01-17,27,quantile,0.25,522.0
2026-01-03,wk inc flu hosp,2,2026-01-17,27,quantile,0.3,561.0
2026-01-03,wk inc flu hosp,2,2026-01-17,27,quantile,0.35,601.0
2026-01-03,wk inc flu hosp,2,2026-01-17,27,quantile,0.4,632.0
2026-01-03,wk inc flu hosp,2,2026-01-17,27,quantile,0.45,661.0
2026-01-03,wk inc flu hosp,2,2026-01-17,27,quantile,0.5,697.0
2026-01-03,wk inc flu hosp,2,2026-01-17,27,quantile,0.55,731.0
2026-01-03,wk inc flu hosp,2,2026-01-17,27,quantile,0.6,761.0
2026-01-03,wk inc flu hosp,2,2026-01-17,27,quantile,0.65,799.0
2026-01-03,wk inc flu hosp,2,2026-01-17,27,quantile,0.7,840.0
2026-01-03,wk inc flu hosp,2,2026-01-17,27,quantile,0.75,891.0
2026-01-03,wk inc flu hosp,2,2026-01-17,27,quantile,0.8,936.0
2026-01-03,wk inc flu hosp,2,2026-01-17,27,quantile,0.85,1000.0
2026-01-03,wk inc flu hosp,2,2026-01-17,27,quantile,0.9,1080.0
2026-01-03,wk inc flu hosp,2,2026-01-17,27,quantile,0.95,1205.0
2026-01-03,wk inc flu hosp,2,2026-01-17,27,quantile,0.975,1319.0
2026-01-03,wk inc flu hosp,2,2026-01-17,27,quantile,0.99,1439.0
2026-01-03,wk inc flu hosp,2,2026-01-17,28,quantile,0.01,17.0
2026-01-03,wk inc flu hosp,2,2026-01-17,28,quantile,0.025,22.0
2026-01-03,wk inc flu hosp,2,2026-01-17,28,quantile,0.05,28.0
2026-01-03,wk inc flu hosp,2,2026-01-17,28,quantile,0.1,33.0
2026-01-03,wk inc flu hosp,2,2026-01-17,28,quantile,0.15,38.0
2026-01-03,wk inc flu hosp,2,2026-01-17,28,quantile,0.2,50.0
2026-01-03,wk inc flu hosp,2,2026-01-17,28,quantile,0.25,62.0
2026-01-03,wk inc flu hosp,2,2026-01-17,28,quantile,0.3,73.0
2026-01-03,wk inc flu hosp,2,2026-01-17,28,quantile,0.35,84.0
2026-01-03,wk inc flu hosp,2,2026-01-17,28,quantile,0.4,95.0
2026-01-03,wk inc flu hosp,2,2026-01-17,28,quantile,0.45,105.0
2026-01-03,wk inc flu hosp,2,2026-01-17,28,quantile,0.5,113.0
2026-01-03,wk inc flu hosp,2,2026-01-17,28,quantile,0.55,124.0
2026-01-03,wk inc flu hosp,2,2026-01-17,28,quantile,0.6,134.0
2026-01-03,wk inc flu hosp,2,2026-01-17,28,quantile,0.65,145.0
2026-01-03,wk inc flu hosp,2,2026-01-17,28,quantile,0.7,158.0
2026-01-03,wk inc flu hosp,2,2026-01-17,28,quantile,0.75,173.0
2026-01-03,wk inc flu hosp,2,2026-01-17,28,quantile,0.8,193.0
2026-01-03,wk inc flu hosp,2,2026-01-17,28,quantile,0.85,213.0
2026-01-03,wk inc flu hosp,2,2026-01-17,28,quantile,0.9,236.0
2026-01-03,wk inc flu hosp,2,2026-01-17,28,quantile,0.95,275.0
2026-01-03,wk inc flu hosp,2,2026-01-17,28,quantile,0.975,305.0
2026-01-03,wk inc flu hosp,2,2026-01-17,28,quantile,0.99,341.0
2026-01-03,wk inc flu hosp,2,2026-01-17,30,quantile,0.01,6.0
2026-01-03,wk inc flu hosp,2,2026-01-17,30,quantile,0.025,11.0
2026-01-03,wk inc flu hosp,2,2026-01-17,30,quantile,0.05,16.0
2026-01-03,wk inc flu hosp,2,2026-01-17,30,quantile,0.1,23.0
2026-01-03,wk inc flu hosp,2,2026-01-17,30,quantile,0.15,30.0
2026-01-03,wk inc flu hosp,2,2026-01-17,30,quantile,0.2,35.0
2026-01-03,wk inc flu hosp,2,2026-01-17,30,quantile,0.25,40.0
2026-01-03,wk inc flu hosp,2,2026-01-17,30,quantile,0.3,44.0
2026-01-03,wk inc flu hosp,2,2026-01-17,30,quantile,0.35,47.0
2026-01-03,wk inc flu hosp,2,2026-01-17,30,quantile,0.4,51.0
2026-01-03,wk inc flu hosp,2,2026-01-17,30,quantile,0.45,54.0
2026-01-03,wk inc flu hosp,2,2026-01-17,30,quantile,0.5,58.0
2026-01-03,wk inc flu hosp,2,2026-01-17,30,quantile,0.55,61.0
2026-01-03,wk inc flu hosp,2,2026-01-17,30,quantile,0.6,65.0
2026-01-03,wk inc flu hosp,2,2026-01-17,30,quantile,0.65,69.0
2026-01-03,wk inc flu hosp,2,2026-01-17,30,quantile,0.7,73.0
2026-01-03,wk inc flu hosp,2,2026-01-17,30,quantile,0.75,78.0
2026-01-03,wk inc flu hosp,2,2026-01-17,30,quantile,0.8,83.0
2026-01-03,wk inc flu hosp,2,2026-01-17,30,quantile,0.85,88.0
2026-01-03,wk inc flu hosp,2,2026-01-17,30,quantile,0.9,96.0
2026-01-03,wk inc flu hosp,2,2026-01-17,30,quantile,0.95,109.0
2026-01-03,wk inc flu hosp,2,2026-01-17,30,quantile,0.975,121.0
2026-01-03,wk inc flu hosp,2,2026-01-17,30,quantile,0.99,130.0
2026-01-03,wk inc flu hosp,2,2026-01-17,31,quantile,0.01,9.0
2026-01-03,wk inc flu hosp,2,2026-01-17,31,quantile,0.025,16.0
2026-01-03,wk inc flu hosp,2,2026-01-17,31,quantile,0.05,25.0
2026-01-03,wk inc flu hosp,2,2026-01-17,31,quantile,0.1,36.0
2026-01-03,wk inc flu hosp,2,2026-01-17,31,quantile,0.15,43.0
2026-01-03,wk inc flu hosp,2,2026-01-17,31,quantile,0.2,50.0
2026-01-03,wk inc flu hosp,2,2026-01-17,31,quantile,0.25,55.0
2026-01-03,wk inc flu hosp,2,2026-01-17,31,quantile,0.3,61.0
2026-01-03,wk inc flu hosp,2,2026-01-17,31,quantile,0.35,65.0
2026-01-03,wk inc flu hosp,2,2026-01-17,31,quantile,0.4,70.0
2026-01-03,wk inc flu hosp,2,2026-01-17,31,quantile,0.45,74.0
2026-01-03,wk inc flu hosp,2,2026-01-17,31,quantile,0.5,79.0
2026-01-03,wk inc flu hosp,2,2026-01-17,31,quantile,0.55,83.0
2026-01-03,wk inc flu hosp,2,2026-01-17,31,quantile,0.6,87.0
2026-01-03,wk inc flu hosp,2,2026-01-17,31,quantile,0.65,92.0
2026-01-03,wk inc flu hosp,2,2026-01-17,31,quantile,0.7,97.0
2026-01-03,wk inc flu hosp,2,2026-01-17,31,quantile,0.75,103.0
2026-01-03,wk inc flu hosp,2,2026-01-17,31,quantile,0.8,110.0
2026-01-03,wk inc flu hosp,2,2026-01-17,31,quantile,0.85,118.0
2026-01-03,wk inc flu hosp,2,2026-01-17,31,quantile,0.9,130.0
2026-01-03,wk inc flu hosp,2,2026-01-17,31,quantile,0.95,145.0
2026-01-03,wk inc flu hosp,2,2026-01-17,31,quantile,0.975,159.0
2026-01-03,wk inc flu hosp,2,2026-01-17,31,quantile,0.99,171.0
2026-01-03,wk inc flu hosp,2,2026-01-17,32,quantile,0.01,27.0
2026-01-03,wk inc flu hosp,2,2026-01-17,32,quantile,0.025,49.0
2026-01-03,wk inc flu hosp,2,2026-01-17,32,quantile,0.05,61.0
2026-01-03,wk inc flu hosp,2,2026-01-17,32,quantile,0.1,77.0
2026-01-03,wk inc flu hosp,2,2026-01-17,32,quantile,0.15,88.0
2026-01-03,wk inc flu hosp,2,2026-01-17,32,quantile,0.2,97.0
2026-01-03,wk inc flu hosp,2,2026-01-17,32,quantile,0.25,106.0
2026-01-03,wk inc flu hosp,2,2026-01-17,32,quantile,0.3,114.0
2026-01-03,wk inc flu hosp,2,2026-01-17,32,quantile,0.35,121.0
2026-01-03,wk inc flu hosp,2,2026-01-17,32,quantile,0.4,128.0
2026-01-03,wk inc flu hosp,2,2026-01-17,32,quantile,0.45,136.0
2026-01-03,wk inc flu hosp,2,2026-01-17,32,quantile,0.5,143.0
2026-01-03,wk inc flu hosp,2,2026-01-17,32,quantile,0.55,150.0
2026-01-03,wk inc flu hosp,2,2026-01-17,32,quantile,0.6,157.0
2026-01-03,wk inc flu hosp,2,2026-01-17,32,quantile,0.65,164.0
2026-01-03,wk inc flu hosp,2,2026-01-17,32,quantile,0.7,175.0
2026-01-03,wk inc flu hosp,2,2026-01-17,32,quantile,0.75,183.0
2026-01-03,wk inc flu hosp,2,2026-01-17,32,quantile,0.8,192.0
2026-01-03,wk inc flu hosp,2,2026-01-17,32,quantile,0.85,205.0
2026-01-03,wk inc flu hosp,2,2026-01-17,32,quantile,0.9,223.0
2026-01-03,wk inc flu hosp,2,2026-01-17,32,quantile,0.95,247.0
2026-01-03,wk inc flu hosp,2,2026-01-17,32,quantile,0.975,270.0
2026-01-03,wk inc flu hosp,2,2026-01-17,32,quantile,0.99,298.0
2026-01-03,wk inc flu hosp,2,2026-01-17,33,quantile,0.01,56.0
2026-01-03,wk inc flu hosp,2,2026-01-17,33,quantile,0.025,70.0
2026-01-03,wk inc flu hosp,2,2026-01-17,33,quantile,0.05,83.0
2026-01-03,wk inc flu hosp,2,2026-01-17,33,quantile,0.1,99.0
2026-01-03,wk inc flu hosp,2,2026-01-17,33,quantile,0.15,108.0
2026-01-03,wk inc flu hosp,2,2026-01-17,33,quantile,0.2,117.0
2026-01-03,wk inc flu hosp,2,2026-01-17,33,quantile,0.25,124.0
2026-01-03,wk inc flu hosp,2,2026-01-17,33,quantile,0.3,131.0
2026-01-03,wk inc flu hosp,2,2026-01-17,33,quantile,0.35,137.0
2026-01-03,wk inc flu hosp,2,2026-01-17,33,quantile,0.4,144.0
2026-01-03,wk inc flu hosp,2,2026-01-17,33,quantile,0.45,150.0
2026-01-03,wk inc flu hosp,2,2026-01-17,33,quantile,0.5,156.0
2026-01-03,wk inc flu hosp,2,2026-01-17,33,quantile,0.55,163.0
2026-01-03,wk inc flu hosp,2,2026-01-17,33,quantile,0.6,169.0
2026-01-03,wk inc flu hosp,2,2026-01-17,33,quantile,0.65,175.0
2026-01-03,wk inc flu hosp,2,2026-01-17,33,quantile,0.7,182.0
2026-01-03,wk inc flu hosp,2,2026-01-17,33,quantile,0.75,193.0
2026-01-03,wk inc flu hosp,2,2026-01-17,33,quantile,0.8,204.0
2026-01-03,wk inc flu hosp,2,2026-01-17,33,quantile,0.85,217.0
2026-01-03,wk inc flu hosp,2,2026-01-17,33,quantile,0.9,235.0
2026-01-03,wk inc flu hosp,2,2026-01-17,33,quantile,0.95,265.0
2026-01-03,wk inc flu hosp,2,2026-01-17,33,quantile,0.975,292.0
2026-01-03,wk inc flu hosp,2,2026-01-17,33,quantile,0.99,322.0
2026-01-03,wk inc flu hosp,2,2026-01-17,34,quantile,0.01,277.0
2026-01-03,wk inc flu hosp,2,2026-01-17,34,quantile,0.025,362.0
2026-01-03,wk inc flu hosp,2,2026-01-17,34,quantile,0.05,453.0
2026-01-03,wk inc flu hosp,2,2026-01-17,34,quantile,0.1,570.0
2026-01-03,wk inc flu hosp,2,2026-01-17,34,quantile,0.15,653.0
2026-01-03,wk inc flu hosp,2,2026-01-17,34,quantile,0.2,739.0
2026-01-03,wk inc flu hosp,2,2026-01-17,34,quantile,0.25,803.0
2026-01-03,wk inc flu hosp,2,2026-01-17,34,quantile,0.3,843.0
2026-01-03,wk inc flu hosp,2,2026-01-17,34,quantile,0.35,892.0
2026-01-03,wk inc flu hosp,2,2026-01-17,34,quantile,0.4,931.0
2026-01-03,wk inc flu hosp,2,2026-01-17,34,quantile,0.45,967.0
2026-01-03,wk inc flu hosp,2,2026-01-17,34,quantile,0.5,1008.0
2026-01-03,wk inc flu hosp,2,2026-01-17,34,quantile,0.55,1039.0
2026-01-03,wk inc flu hosp,2,2026-01-17,34,quantile,0.6,1086.0
2026-01-03,wk inc flu hosp,2,2026-01-17,34,quantile,0.65,1130.0
2026-01-03,wk inc flu hosp,2,2026-01-17,34,quantile,0.7,1189.0
2026-01-03,wk inc flu hosp,2,2026-01-17,34,quantile,0.75,1242.0
2026-01-03,wk inc flu hosp,2,2026-01-17,34,quantile,0.8,1301.0
2026-01-03,wk inc flu hosp,2,2026-01-17,34,quantile,0.85,1380.0
2026-01-03,wk inc flu hosp,2,2026-01-17,34,quantile,0.9,1478.0
2026-01-03,wk inc flu hosp,2,2026-01-17,34,quantile,0.95,1622.0
2026-01-03,wk inc flu hosp,2,2026-01-17,34,quantile,0.975,1765.0
2026-01-03,wk inc flu hosp,2,2026-01-17,34,quantile,0.99,1910.0
2026-01-03,wk inc flu hosp,2,2026-01-17,35,quantile,0.01,69.0
2026-01-03,wk inc flu hosp,2,2026-01-17,35,quantile,0.025,86.0
2026-01-03,wk inc flu hosp,2,2026-01-17,35,quantile,0.05,106.0
2026-01-03,wk inc flu hosp,2,2026-01-17,35,quantile,0.1,135.0
2026-01-03,wk inc flu hosp,2,2026-01-17,35,quantile,0.15,151.0
2026-01-03,wk inc flu hosp,2,2026-01-17,35,quantile,0.2,167.0
2026-01-03,wk inc flu hosp,2,2026-01-17,35,quantile,0.25,182.0
2026-01-03,wk inc flu hosp,2,2026-01-17,35,quantile,0.3,195.0
2026-01-03,wk inc flu hosp,2,2026-01-17,35,quantile,0.35,206.0
2026-01-03,wk inc flu hosp,2,2026-01-17,35,quantile,0.4,217.0
2026-01-03,wk inc flu hosp,2,2026-01-17,35,quantile,0.45,229.0
2026-01-03,wk inc flu hosp,2,2026-01-17,35,quantile,0.5,239.0
2026-01-03,wk inc flu hosp,2,2026-01-17,35,quantile,0.55,252.0
2026-01-03,wk inc flu hosp,2,2026-01-17,35,quantile,0.6,264.0
2026-01-03,wk inc flu hosp,2,2026-01-17,35,quantile,0.65,275.0
2026-01-03,wk inc flu hosp,2,2026-01-17,35,quantile,0.7,286.0
2026-01-03,wk inc flu hosp,2,2026-01-17,35,quantile,0.75,303.0
2026-01-03,wk inc flu hosp,2,2026-01-17,35,quantile,0.8,316.0
2026-01-03,wk inc flu hosp,2,2026-01-17,35,quantile,0.85,341.0
2026-01-03,wk inc flu hosp,2,2026-01-17,35,quantile,0.9,375.0
2026-01-03,wk inc flu hosp,2,2026-01-17,35,quantile,0.95,427.0
2026-01-03,wk inc flu hosp,2,2026-01-17,35,quantile,0.975,471.0
2026-01-03,wk inc flu hosp,2,2026-01-17,35,quantile,0.99,520.0
2026-01-03,wk inc flu hosp,2,2026-01-17,36,quantile,0.01,464.0
2026-01-03,wk inc flu hosp,2,2026-01-17,36,quantile,0.025,618.0
2026-01-03,wk inc flu hosp,2,2026-01-17,36,quantile,0.05,786.0
2026-01-03,wk inc flu hosp,2,2026-01-17,36,quantile,0.1,998.0
2026-01-03,wk inc flu hosp,2,2026-01-17,36,quantile,0.15,1177.0
2026-01-03,wk inc flu hosp,2,2026-01-17,36,quantile,0.2,1346.0
2026-01-03,wk inc flu hosp,2,2026-01-17,36,quantile,0.25,1442.0
2026-01-03,wk inc flu hosp,2,2026-01-17,36,quantile,0.3,1513.0
2026-01-03,wk inc flu hosp,2,2026-01-17,36,quantile,0.35,1584.0
2026-01-03,wk inc flu hosp,2,2026-01-17,36,quantile,0.4,1657.0
2026-01-03,wk inc flu hosp,2,2026-01-17,36,quantile,0.45,1723.0
2026-01-03,wk inc flu hosp,2,2026-01-17,36,quantile,0.5,1786.0
2026-01-03,wk inc flu hosp,2,2026-01-17,36,quantile,0.55,1850.0
2026-01-03,wk inc flu hosp,2,2026-01-17,36,quantile,0.6,1913.0
2026-01-03,wk inc flu hosp,2,2026-01-17,36,quantile,0.65,1995.0
2026-01-03,wk inc flu hosp,2,2026-01-17,36,quantile,0.7,2090.0
2026-01-03,wk inc flu hosp,2,2026-01-17,36,quantile,0.75,2184.0
2026-01-03,wk inc flu hosp,2,2026-01-17,36,quantile,0.8,2297.0
2026-01-03,wk inc flu hosp,2,2026-01-17,36,quantile,0.85,2420.0
2026-01-03,wk inc flu hosp,2,2026-01-17,36,quantile,0.9,2603.0
2026-01-03,wk inc flu hosp,2,2026-01-17,36,quantile,0.95,2854.0
2026-01-03,wk inc flu hosp,2,2026-01-17,36,quantile,0.975,3092.0
2026-01-03,wk inc flu hosp,2,2026-01-17,36,quantile,0.99,3363.0
2026-01-03,wk inc flu hosp,2,2026-01-17,37,quantile,0.01,697.0
2026-01-03,wk inc flu hosp,2,2026-01-17,37,quantile,0.025,823.0
2026-01-03,wk inc flu hosp,2,2026-01-17,37,quantile,0.05,944.0
2026-01-03,wk inc flu hosp,2,2026-01-17,37,quantile,0.1,1148.0
2026-01-03,wk inc flu hosp,2,2026-01-17,37,quantile,0.15,1296.0
2026-01-03,wk inc flu hosp,2,2026-01-17,37,quantile,0.2,1427.0
2026-01-03,wk inc flu hosp,2,2026-01-17,37,quantile,0.25,1553.0
2026-01-03,wk inc flu hosp,2,2026-01-17,37,quantile,0.3,1665.0
2026-01-03,wk inc flu hosp,2,2026-01-17,37,quantile,0.35,1773.0
2026-01-03,wk inc flu hosp,2,2026-01-17,37,quantile,0.4,1861.0
2026-01-03,wk inc flu hosp,2,2026-01-17,37,quantile,0.45,1966.0
2026-01-03,wk inc flu hosp,2,2026-01-17,37,quantile,0.5,2053.0
2026-01-03,wk inc flu hosp,2,2026-01-17,37,quantile,0.55,2162.0
2026-01-03,wk inc flu hosp,2,2026-01-17,37,quantile,0.6,2257.0
2026-01-03,wk inc flu hosp,2,2026-01-17,37,quantile,0.65,2361.0
2026-01-03,wk inc flu hosp,2,2026-01-17,37,quantile,0.7,2440.0
2026-01-03,wk inc flu hosp,2,2026-01-17,37,quantile,0.75,2551.0
2026-01-03,wk inc flu hosp,2,2026-01-17,37,quantile,0.8,2649.0
2026-01-03,wk inc flu hosp,2,2026-01-17,37,quantile,0.85,2822.0
2026-01-03,wk inc flu hosp,2,2026-01-17,37,quantile,0.9,3022.0
2026-01-03,wk inc flu hosp,2,2026-01-17,37,quantile,0.95,3350.0
2026-01-03,wk inc flu hosp,2,2026-01-17,37,quantile,0.975,3651.0
2026-01-03,wk inc flu hosp,2,2026-01-17,37,quantile,0.99,3894.0
2026-01-03,wk inc flu hosp,2,2026-01-17,38,quantile,0.01,9.0
2026-01-03,wk inc flu hosp,2,2026-01-17,38,quantile,0.025,17.0
2026-01-03,wk inc flu hosp,2,2026-01-17,38,quantile,0.05,22.0
2026-01-03,wk inc flu hosp,2,2026-01-17,38,quantile,0.1,28.0
2026-01-03,wk inc flu hosp,2,2026-01-17,38,quantile,0.15,33.0
2026-01-03,wk inc flu hosp,2,2026-01-17,38,quantile,0.2,37.0
2026-01-03,wk inc flu hosp,2,2026-01-17,38,quantile,0.25,41.0
2026-01-03,wk inc flu hosp,2,2026-01-17,38,quantile,0.3,44.0
2026-01-03,wk inc flu hosp,2,2026-01-17,38,quantile,0.35,47.0
2026-01-03,wk inc flu hosp,2,2026-01-17,38,quantile,0.4,50.0
2026-01-03,wk inc flu hosp,2,2026-01-17,38,quantile,0.45,53.0
2026-01-03,wk inc flu hosp,2,2026-01-17,38,quantile,0.5,55.0
2026-01-03,wk inc flu hosp,2,2026-01-17,38,quantile,0.55,57.0
2026-01-03,wk inc flu hosp,2,2026-01-17,38,quantile,0.6,61.0
2026-01-03,wk inc flu hosp,2,2026-01-17,38,quantile,0.65,64.0
2026-01-03,wk inc flu hosp,2,2026-01-17,38,quantile,0.7,67.0
2026-01-03,wk inc flu hosp,2,2026-01-17,38,quantile,0.75,71.0
2026-01-03,wk inc flu hosp,2,2026-01-17,38,quantile,0.8,76.0
2026-01-03,wk inc flu hosp,2,2026-01-17,38,quantile,0.85,80.0
2026-01-03,wk inc flu hosp,2,2026-01-17,38,quantile,0.9,87.0
2026-01-03,wk inc flu hosp,2,2026-01-17,38,quantile,0.95,97.0
2026-01-03,wk inc flu hosp,2,2026-01-17,38,quantile,0.975,106.0
2026-01-03,wk inc flu hosp,2,2026-01-17,38,quantile,0.99,117.0
2026-01-03,wk inc flu hosp,2,2026-01-17,39,quantile,0.01,446.0
2026-01-03,wk inc flu hosp,2,2026-01-17,39,quantile,0.025,513.0
2026-01-03,wk inc flu hosp,2,2026-01-17,39,quantile,0.05,595.0
2026-01-03,wk inc flu hosp,2,2026-01-17,39,quantile,0.1,695.0
2026-01-03,wk inc flu hosp,2,2026-01-17,39,quantile,0.15,763.0
2026-01-03,wk inc flu hosp,2,2026-01-17,39,quantile,0.2,826.0
2026-01-03,wk inc flu hosp,2,2026-01-17,39,quantile,0.25,893.0
2026-01-03,wk inc flu hosp,2,2026-01-17,39,quantile,0.3,937.0
2026-01-03,wk inc flu hosp,2,2026-01-17,39,quantile,0.35,987.0
2026-01-03,wk inc flu hosp,2,2026-01-17,39,quantile,0.4,1032.0
2026-01-03,wk inc flu hosp,2,2026-01-17,39,quantile,0.45,1078.0
2026-01-03,wk inc flu hosp,2,2026-01-17,39,quantile,0.5,1125.0
2026-01-03,wk inc flu hosp,2,2026-01-17,39,quantile,0.55,1180.0
2026-01-03,wk inc flu hosp,2,2026-01-17,39,quantile,0.6,1234.0
2026-01-03,wk inc flu hosp,2,2026-01-17,39,quantile,0.65,1276.0
2026-01-03,wk inc flu hosp,2,2026-01-17,39,quantile,0.7,1336.0
2026-01-03,wk inc flu hosp,2,2026-01-17,39,quantile,0.75,1396.0
2026-01-03,wk inc flu hosp,2,2026-01-17,39,quantile,0.8,1475.0
2026-01-03,wk inc flu hosp,2,2026-01-17,39,quantile,0.85,1585.0
2026-01-03,wk inc flu hosp,2,2026-01-17,39,quantile,0.9,1730.0
2026-01-03,wk inc flu hosp,2,2026-01-17,39,quantile,0.95,1935.0
2026-01-03,wk inc flu hosp,2,2026-01-17,39,quantile,0.975,2150.0
2026-01-03,wk inc flu hosp,2,2026-01-17,39,quantile,0.99,2364.0
2026-01-03,wk inc flu hosp,2,2026-01-17,40,quantile,0.01,32.0
2026-01-03,wk inc flu hosp,2,2026-01-17,40,quantile,0.025,44.0
2026-01-03,wk inc flu hosp,2,2026-01-17,40,quantile,0.05,50.0
2026-01-03,wk inc flu hosp,2,2026-01-17,40,quantile,0.1,83.0
2026-01-03,wk inc flu hosp,2,2026-01-17,40,quantile,0.15,106.0
2026-01-03,wk inc flu hosp,2,2026-01-17,40,quantile,0.2,130.0
2026-01-03,wk inc flu hosp,2,2026-01-17,40,quantile,0.25,151.0
2026-01-03,wk inc flu hosp,2,2026-01-17,40,quantile,0.3,171.0
2026-01-03,wk inc flu hosp,2,2026-01-17,40,quantile,0.35,188.0
2026-01-03,wk inc flu hosp,2,2026-01-17,40,quantile,0.4,206.0
2026-01-03,wk inc flu hosp,2,2026-01-17,40,quantile,0.45,220.0
2026-01-03,wk inc flu hosp,2,2026-01-17,40,quantile,0.5,236.0
2026-01-03,wk inc flu hosp,2,2026-01-17,40,quantile,0.55,253.0
2026-01-03,wk inc flu hosp,2,2026-01-17,40,quantile,0.6,270.0
2026-01-03,wk inc flu hosp,2,2026-01-17,40,quantile,0.65,289.0
2026-01-03,wk inc flu hosp,2,2026-01-17,40,quantile,0.7,313.0
2026-01-03,wk inc flu hosp,2,2026-01-17,40,quantile,0.75,333.0
2026-01-03,wk inc flu hosp,2,2026-01-17,40,quantile,0.8,358.0
2026-01-03,wk inc flu hosp,2,2026-01-17,40,quantile,0.85,385.0
2026-01-03,wk inc flu hosp,2,2026-01-17,40,quantile,0.9,423.0
2026-01-03,wk inc flu hosp,2,2026-01-17,40,quantile,0.95,477.0
2026-01-03,wk inc flu hosp,2,2026-01-17,40,quantile,0.975,528.0
2026-01-03,wk inc flu hosp,2,2026-01-17,40,quantile,0.99,577.0
2026-01-03,wk inc flu hosp,2,2026-01-17,41,quantile,0.01,5.0
2026-01-03,wk inc flu hosp,2,2026-01-17,41,quantile,0.025,6.0
2026-01-03,wk inc flu hosp,2,2026-01-17,41,quantile,0.05,8.0
2026-01-03,wk inc flu hosp,2,2026-01-17,41,quantile,0.1,10.0
2026-01-03,wk inc flu hosp,2,2026-01-17,41,quantile,0.15,12.0
2026-01-03,wk inc flu hosp,2,2026-01-17,41,quantile,0.2,14.0
2026-01-03,wk inc flu hosp,2,2026-01-17,41,quantile,0.25,22.0
2026-01-03,wk inc flu hosp,2,2026-01-17,41,quantile,0.3,30.0
2026-01-03,wk inc flu hosp,2,2026-01-17,41,quantile,0.35,37.0
2026-01-03,wk inc flu hosp,2,2026-01-17,41,quantile,0.4,44.0
2026-01-03,wk inc flu hosp,2,2026-01-17,41,quantile,0.45,53.0
2026-01-03,wk inc flu hosp,2,2026-01-17,41,quantile,0.5,61.0
2026-01-03,wk inc flu hosp,2,2026-01-17,41,quantile,0.55,69.0
2026-01-03,wk inc flu hosp,2,2026-01-17,41,quantile,0.6,77.0
2026-01-03,wk inc flu hosp,2,2026-01-17,41,quantile,0.65,85.0
2026-01-03,wk inc flu hosp,2,2026-01-17,41,quantile,0.7,94.0
2026-01-03,wk inc flu hosp,2,2026-01-17,41,quantile,0.75,103.0
2026-01-03,wk inc flu hosp,2,2026-01-17,41,quantile,0.8,116.0
2026-01-03,wk inc flu hosp,2,2026-01-17,41,quantile,0.85,131.0
2026-01-03,wk inc flu hosp,2,2026-01-17,41,quantile,0.9,150.0
2026-01-03,wk inc flu hosp,2,2026-01-17,41,quantile,0.95,180.0
2026-01-03,wk inc flu hosp,2,2026-01-17,41,quantile,0.975,207.0
2026-01-03,wk inc flu hosp,2,2026-01-17,41,quantile,0.99,228.0
2026-01-03,wk inc flu hosp,2,2026-01-17,42,quantile,0.01,113.0
2026-01-03,wk inc flu hosp,2,2026-01-17,42,quantile,0.025,188.0
2026-01-03,wk inc flu hosp,2,2026-01-17,42,quantile,0.05,286.0
2026-01-03,wk inc flu hosp,2,2026-01-17,42,quantile,0.1,397.0
2026-01-03,wk inc flu hosp,2,2026-01-17,42,quantile,0.15,469.0
2026-01-03,wk inc flu hosp,2,2026-01-17,42,quantile,0.2,543.0
2026-01-03,wk inc flu hosp,2,2026-01-17,42,quantile,0.25,596.0
2026-01-03,wk inc flu hosp,2,2026-01-17,42,quantile,0.3,644.0
2026-01-03,wk inc flu hosp,2,2026-01-17,42,quantile,0.35,701.0
2026-01-03,wk inc flu hosp,2,2026-01-17,42,quantile,0.4,759.0
2026-01-03,wk inc flu hosp,2,2026-01-17,42,quantile,0.45,802.0
2026-01-03,wk inc flu hosp,2,2026-01-17,42,quantile,0.5,839.0
2026-01-03,wk inc flu hosp,2,2026-01-17,42,quantile,0.55,882.0
2026-01-03,wk inc flu hosp,2,2026-01-17,42,quantile,0.6,932.0
2026-01-03,wk inc flu hosp,2,2026-01-17,42,quantile,0.65,982.0
2026-01-03,wk inc flu hosp,2,2026-01-17,42,quantile,0.7,1046.0
2026-01-03,wk inc flu hosp,2,2026-01-17,42,quantile,0.75,1115.0
2026-01-03,wk inc flu hosp,2,2026-01-17,42,quantile,0.8,1183.0
2026-01-03,wk inc flu hosp,2,2026-01-17,42,quantile,0.85,1270.0
2026-01-03,wk inc flu hosp,2,2026-01-17,42,quantile,0.9,1380.0
2026-01-03,wk inc flu hosp,2,2026-01-17,42,quantile,0.95,1530.0
2026-01-03,wk inc flu hosp,2,2026-01-17,42,quantile,0.975,1658.0
2026-01-03,wk inc flu hosp,2,2026-01-17,42,quantile,0.99,1845.0
2026-01-03,wk inc flu hosp,2,2026-01-17,44,quantile,0.01,37.0
2026-01-03,wk inc flu hosp,2,2026-01-17,44,quantile,0.025,46.0
2026-01-03,wk inc flu hosp,2,2026-01-17,44,quantile,0.05,56.0
2026-01-03,wk inc flu hosp,2,2026-01-17,44,quantile,0.1,71.0
2026-01-03,wk inc flu hosp,2,2026-01-17,44,quantile,0.15,77.0
2026-01-03,wk inc flu hosp,2,2026-01-17,44,quantile,0.2,83.0
2026-01-03,wk inc flu hosp,2,2026-01-17,44,quantile,0.25,88.0
2026-01-03,wk inc flu hosp,2,2026-01-17,44,quantile,0.3,94.0
2026-01-03,wk inc flu hosp,2,2026-01-17,44,quantile,0.35,99.0
2026-01-03,wk inc flu hosp,2,2026-01-17,44,quantile,0.4,103.0
2026-01-03,wk inc flu hosp,2,2026-01-17,44,quantile,0.45,108.0
2026-01-03,wk inc flu hosp,2,2026-01-17,44,quantile,0.5,112.0
2026-01-03,wk inc flu hosp,2,2026-01-17,44,quantile,0.55,117.0
2026-01-03,wk inc flu hosp,2,2026-01-17,44,quantile,0.6,121.0
2026-01-03,wk inc flu hosp,2,2026-01-17,44,quantile,0.65,126.0
2026-01-03,wk inc flu hosp,2,2026-01-17,44,quantile,0.7,131.0
2026-01-03,wk inc flu hosp,2,2026-01-17,44,quantile,0.75,137.0
2026-01-03,wk inc flu hosp,2,2026-01-17,44,quantile,0.8,143.0
2026-01-03,wk inc flu hosp,2,2026-01-17,44,quantile,0.85,153.0
2026-01-03,wk inc flu hosp,2,2026-01-17,44,quantile,0.9,166.0
2026-01-03,wk inc flu hosp,2,2026-01-17,44,quantile,0.95,185.0
2026-01-03,wk inc flu hosp,2,2026-01-17,44,quantile,0.975,205.0
2026-01-03,wk inc flu hosp,2,2026-01-17,44,quantile,0.99,224.0
2026-01-03,wk inc flu hosp,2,2026-01-17,45,quantile,0.01,166.0
2026-01-03,wk inc flu hosp,2,2026-01-17,45,quantile,0.025,237.0
2026-01-03,wk inc flu hosp,2,2026-01-17,45,quantile,0.05,280.0
2026-01-03,wk inc flu hosp,2,2026-01-17,45,quantile,0.1,338.0
2026-01-03,wk inc flu hosp,2,2026-01-17,45,quantile,0.15,383.0
2026-01-03,wk inc flu hosp,2,2026-01-17,45,quantile,0.2,421.0
2026-01-03,wk inc flu hosp,2,2026-01-17,45,quantile,0.25,454.0
2026-01-03,wk inc flu hosp,2,2026-01-17,45,quantile,0.3,483.0
2026-01-03,wk inc flu hosp,2,2026-01-17,45,quantile,0.35,512.0
2026-01-03,wk inc flu hosp,2,2026-01-17,45,quantile,0.4,543.0
2026-01-03,wk inc flu hosp,2,2026-01-17,45,quantile,0.45,577.0
2026-01-03,wk inc flu hosp,2,2026-01-17,45,quantile,0.5,605.0
2026-01-03,wk inc flu hosp,2,2026-01-17,45,quantile,0.55,635.0
2026-01-03,wk inc flu hosp,2,2026-01-17,45,quantile,0.6,662.0
2026-01-03,wk inc flu hosp,2,2026-01-17,45,quantile,0.65,691.0
2026-01-03,wk inc flu hosp,2,2026-01-17,45,quantile,0.7,720.0
2026-01-03,wk inc flu hosp,2,2026-01-17,45,quantile,0.75,764.0
2026-01-03,wk inc flu hosp,2,2026-01-17,45,quantile,0.8,807.0
2026-01-03,wk inc flu hosp,2,2026-01-17,45,quantile,0.85,865.0
2026-01-03,wk inc flu hosp,2,2026-01-17,45,quantile,0.9,942.0
2026-01-03,wk inc flu hosp,2,2026-01-17,45,quantile,0.95,1089.0
2026-01-03,wk inc flu hosp,2,2026-01-17,45,quantile,0.975,1212.0
2026-01-03,wk inc flu hosp,2,2026-01-17,45,quantile,0.99,1346.0
2026-01-03,wk inc flu hosp,2,2026-01-17,46,quantile,0.01,7.0
2026-01-03,wk inc flu hosp,2,2026-01-17,46,quantile,0.025,13.0
2026-01-03,wk inc flu hosp,2,2026-01-17,46,quantile,0.05,16.0
2026-01-03,wk inc flu hosp,2,2026-01-17,46,quantile,0.1,22.0
2026-01-03,wk inc flu hosp,2,2026-01-17,46,quantile,0.15,26.0
2026-01-03,wk inc flu hosp,2,2026-01-17,46,quantile,0.2,29.0
2026-01-03,wk inc flu hosp,2,2026-01-17,46,quantile,0.25,33.0
2026-01-03,wk inc flu hosp,2,2026-01-17,46,quantile,0.3,36.0
2026-01-03,wk inc flu hosp,2,2026-01-17,46,quantile,0.35,38.0
2026-01-03,wk inc flu hosp,2,2026-01-17,46,quantile,0.4,41.0
2026-01-03,wk inc flu hosp,2,2026-01-17,46,quantile,0.45,43.0
2026-01-03,wk inc flu hosp,2,2026-01-17,46,quantile,0.5,46.0
2026-01-03,wk inc flu hosp,2,2026-01-17,46,quantile,0.55,48.0
2026-01-03,wk inc flu hosp,2,2026-01-17,46,quantile,0.6,50.0
2026-01-03,wk inc flu hosp,2,2026-01-17,46,quantile,0.65,53.0
2026-01-03,wk inc flu hosp,2,2026-01-17,46,quantile,0.7,57.0
2026-01-03,wk inc flu hosp,2,2026-01-17,46,quantile,0.75,60.0
2026-01-03,wk inc flu hosp,2,2026-01-17,46,quantile,0.8,64.0
2026-01-03,wk inc flu hosp,2,2026-01-17,46,quantile,0.85,68.0
2026-01-03,wk inc flu hosp,2,2026-01-17,46,quantile,0.9,73.0
2026-01-03,wk inc flu hosp,2,2026-01-17,46,quantile,0.95,85.0
2026-01-03,wk inc flu hosp,2,2026-01-17,46,quantile,0.975,90.0
2026-01-03,wk inc flu hosp,2,2026-01-17,46,quantile,0.99,100.0
2026-01-03,wk inc flu hosp,2,2026-01-17,47,quantile,0.01,54.0
2026-01-03,wk inc flu hosp,2,2026-01-17,47,quantile,0.025,98.0
2026-01-03,wk inc flu hosp,2,2026-01-17,47,quantile,0.05,150.0
2026-01-03,wk inc flu hosp,2,2026-01-17,47,quantile,0.1,217.0
2026-01-03,wk inc flu hosp,2,2026-01-17,47,quantile,0.15,261.0
2026-01-03,wk inc flu hosp,2,2026-01-17,47,quantile,0.2,304.0
2026-01-03,wk inc flu hosp,2,2026-01-17,47,quantile,0.25,335.0
2026-01-03,wk inc flu hosp,2,2026-01-17,47,quantile,0.3,367.0
2026-01-03,wk inc flu hosp,2,2026-01-17,47,quantile,0.35,395.0
2026-01-03,wk inc flu hosp,2,2026-01-17,47,quantile,0.4,421.0
2026-01-03,wk inc flu hosp,2,2026-01-17,47,quantile,0.45,446.0
2026-01-03,wk inc flu hosp,2,2026-01-17,47,quantile,0.5,475.0
2026-01-03,wk inc flu hosp,2,2026-01-17,47,quantile,0.55,503.0
2026-01-03,wk inc flu hosp,2,2026-01-17,47,quantile,0.6,526.0
2026-01-03,wk inc flu hosp,2,2026-01-17,47,quantile,0.65,554.0
2026-01-03,wk inc flu hosp,2,2026-01-17,47,quantile,0.7,579.0
2026-01-03,wk inc flu hosp,2,2026-01-17,47,quantile,0.75,615.0
2026-01-03,wk inc flu hosp,2,2026-01-17,47,quantile,0.8,656.0
2026-01-03,wk inc flu hosp,2,2026-01-17,47,quantile,0.85,703.0
2026-01-03,wk inc flu hosp,2,2026-01-17,47,quantile,0.9,761.0
2026-01-03,wk inc flu hosp,2,2026-01-17,47,quantile,0.95,850.0
2026-01-03,wk inc flu hosp,2,2026-01-17,47,quantile,0.975,914.0
2026-01-03,wk inc flu hosp,2,2026-01-17,47,quantile,0.99,1018.0
2026-01-03,wk inc flu hosp,2,2026-01-17,48,quantile,0.01,298.0
2026-01-03,wk inc flu hosp,2,2026-01-17,48,quantile,0.025,578.0
2026-01-03,wk inc flu hosp,2,2026-01-17,48,quantile,0.05,937.0
2026-01-03,wk inc flu hosp,2,2026-01-17,48,quantile,0.1,1286.0
2026-01-03,wk inc flu hosp,2,2026-01-17,48,quantile,0.15,1525.0
2026-01-03,wk inc flu hosp,2,2026-01-17,48,quantile,0.2,1752.0
2026-01-03,wk inc flu hosp,2,2026-01-17,48,quantile,0.25,1959.0
2026-01-03,wk inc flu hosp,2,2026-01-17,48,quantile,0.3,2104.0
2026-01-03,wk inc flu hosp,2,2026-01-17,48,quantile,0.35,2278.0
2026-01-03,wk inc flu hosp,2,2026-01-17,48,quantile,0.4,2424.0
2026-01-03,wk inc flu hosp,2,2026-01-17,48,quantile,0.45,2566.0
2026-01-03,wk inc flu hosp,2,2026-01-17,48,quantile,0.5,2712.0
2026-01-03,wk inc flu hosp,2,2026-01-17,48,quantile,0.55,2873.0
2026-01-03,wk inc flu hosp,2,2026-01-17,48,quantile,0.6,3042.0
2026-01-03,wk inc flu hosp,2,2026-01-17,48,quantile,0.65,3198.0
2026-01-03,wk inc flu hosp,2,2026-01-17,48,quantile,0.7,3422.0
2026-01-03,wk inc flu hosp,2,2026-01-17,48,quantile,0.75,3656.0
2026-01-03,wk inc flu hosp,2,2026-01-17,48,quantile,0.8,3849.0
2026-01-03,wk inc flu hosp,2,2026-01-17,48,quantile,0.85,4124.0
2026-01-03,wk inc flu hosp,2,2026-01-17,48,quantile,0.9,4471.0
2026-01-03,wk inc flu hosp,2,2026-01-17,48,quantile,0.95,4969.0
2026-01-03,wk inc flu hosp,2,2026-01-17,48,quantile,0.975,5409.0
2026-01-03,wk inc flu hosp,2,2026-01-17,48,quantile,0.99,5901.0
2026-01-03,wk inc flu hosp,2,2026-01-17,49,quantile,0.01,29.0
2026-01-03,wk inc flu hosp,2,2026-01-17,49,quantile,0.025,62.0
2026-01-03,wk inc flu hosp,2,2026-01-17,49,quantile,0.05,83.0
2026-01-03,wk inc flu hosp,2,2026-01-17,49,quantile,0.1,119.0
2026-01-03,wk inc flu hosp,2,2026-01-17,49,quantile,0.15,143.0
2026-01-03,wk inc flu hosp,2,2026-01-17,49,quantile,0.2,161.0
2026-01-03,wk inc flu hosp,2,2026-01-17,49,quantile,0.25,178.0
2026-01-03,wk inc flu hosp,2,2026-01-17,49,quantile,0.3,193.0
2026-01-03,wk inc flu hosp,2,2026-01-17,49,quantile,0.35,208.0
2026-01-03,wk inc flu hosp,2,2026-01-17,49,quantile,0.4,224.0
2026-01-03,wk inc flu hosp,2,2026-01-17,49,quantile,0.45,240.0
2026-01-03,wk inc flu hosp,2,2026-01-17,49,quantile,0.5,254.0
2026-01-03,wk inc flu hosp,2,2026-01-17,49,quantile,0.55,268.0
2026-01-03,wk inc flu hosp,2,2026-01-17,49,quantile,0.6,282.0
2026-01-03,wk inc flu hosp,2,2026-01-17,49,quantile,0.65,298.0
2026-01-03,wk inc flu hosp,2,2026-01-17,49,quantile,0.7,313.0
2026-01-03,wk inc flu hosp,2,2026-01-17,49,quantile,0.75,333.0
2026-01-03,wk inc flu hosp,2,2026-01-17,49,quantile,0.8,354.0
2026-01-03,wk inc flu hosp,2,2026-01-17,49,quantile,0.85,376.0
2026-01-03,wk inc flu hosp,2,2026-01-17,49,quantile,0.9,404.0
2026-01-03,wk inc flu hosp,2,2026-01-17,49,quantile,0.95,450.0
2026-01-03,wk inc flu hosp,2,2026-01-17,49,quantile,0.975,489.0
2026-01-03,wk inc flu hosp,2,2026-01-17,49,quantile,0.99,552.0
2026-01-03,wk inc flu hosp,2,2026-01-17,50,quantile,0.01,4.0
2026-01-03,wk inc flu hosp,2,2026-01-17,50,quantile,0.025,5.0
2026-01-03,wk inc flu hosp,2,2026-01-17,50,quantile,0.05,8.0
2026-01-03,wk inc flu hosp,2,2026-01-17,50,quantile,0.1,13.0
2026-01-03,wk inc flu hosp,2,2026-01-17,50,quantile,0.15,17.0
2026-01-03,wk inc flu hosp,2,2026-01-17,50,quantile,0.2,19.0
2026-01-03,wk inc flu hosp,2,2026-01-17,50,quantile,0.25,22.0
2026-01-03,wk inc flu hosp,2,2026-01-17,50,quantile,0.3,25.0
2026-01-03,wk inc flu hosp,2,2026-01-17,50,quantile,0.35,27.0
2026-01-03,wk inc flu hosp,2,2026-01-17,50,quantile,0.4,29.0
2026-01-03,wk inc flu hosp,2,2026-01-17,50,quantile,0.45,32.0
2026-01-03,wk inc flu hosp,2,2026-01-17,50,quantile,0.5,34.0
2026-01-03,wk inc flu hosp,2,2026-01-17,50,quantile,0.55,37.0
2026-01-03,wk inc flu hosp,2,2026-01-17,50,quantile,0.6,39.0
2026-01-03,wk inc flu hosp,2,2026-01-17,50,quantile,0.65,42.0
2026-01-03,wk inc flu hosp,2,2026-01-17,50,quantile,0.7,44.0
2026-01-03,wk inc flu hosp,2,2026-01-17,50,quantile,0.75,47.0
2026-01-03,wk inc flu hosp,2,2026-01-17,50,quantile,0.8,50.0
2026-01-03,wk inc flu hosp,2,2026-01-17,50,quantile,0.85,54.0
2026-01-03,wk inc flu hosp,2,2026-01-17,50,quantile,0.9,59.0
2026-01-03,wk inc flu hosp,2,2026-01-17,50,quantile,0.95,68.0
2026-01-03,wk inc flu hosp,2,2026-01-17,50,quantile,0.975,74.0
2026-01-03,wk inc flu hosp,2,2026-01-17,50,quantile,0.99,82.0
2026-01-03,wk inc flu hosp,2,2026-01-17,51,quantile,0.01,317.0
2026-01-03,wk inc flu hosp,2,2026-01-17,51,quantile,0.025,404.0
2026-01-03,wk inc flu hosp,2,2026-01-17,51,quantile,0.05,479.0
2026-01-03,wk inc flu hosp,2,2026-01-17,51,quantile,0.1,586.0
2026-01-03,wk inc flu hosp,2,2026-01-17,51,quantile,0.15,662.0
2026-01-03,wk inc flu hosp,2,2026-01-17,51,quantile,0.2,713.0
2026-01-03,wk inc flu hosp,2,2026-01-17,51,quantile,0.25,761.0
2026-01-03,wk inc flu hosp,2,2026-01-17,51,quantile,0.3,808.0
2026-01-03,wk inc flu hosp,2,2026-01-17,51,quantile,0.35,855.0
2026-01-03,wk inc flu hosp,2,2026-01-17,51,quantile,0.4,898.0
2026-01-03,wk inc flu hosp,2,2026-01-17,51,quantile,0.45,939.0
2026-01-03,wk inc flu hosp,2,2026-01-17,51,quantile,0.5,978.0
2026-01-03,wk inc flu hosp,2,2026-01-17,51,quantile,0.55,1020.0
2026-01-03,wk inc flu hosp,2,2026-01-17,51,quantile,0.6,1059.0
2026-01-03,wk inc flu hosp,2,2026-01-17,51,quantile,0.65,1101.0
2026-01-03,wk inc flu hosp,2,2026-01-17,51,quantile,0.7,1145.0
2026-01-03,wk inc flu hosp,2,2026-01-17,51,quantile,0.75,1193.0
2026-01-03,wk inc flu hosp,2,2026-01-17,51,quantile,0.8,1258.0
2026-01-03,wk inc flu hosp,2,2026-01-17,51,quantile,0.85,1338.0
2026-01-03,wk inc flu hosp,2,2026-01-17,51,quantile,0.9,1452.0
2026-01-03,wk inc flu hosp,2,2026-01-17,51,quantile,0.95,1613.0
2026-01-03,wk inc flu hosp,2,2026-01-17,51,quantile,0.975,1785.0
2026-01-03,wk inc flu hosp,2,2026-01-17,51,quantile,0.99,1948.0
2026-01-03,wk inc flu hosp,2,2026-01-17,53,quantile,0.01,23.0
2026-01-03,wk inc flu hosp,2,2026-01-17,53,quantile,0.025,32.0
2026-01-03,wk inc flu hosp,2,2026-01-17,53,quantile,0.05,38.0
2026-01-03,wk inc flu hosp,2,2026-01-17,53,quantile,0.1,67.0
2026-01-03,wk inc flu hosp,2,2026-01-17,53,quantile,0.15,95.0
2026-01-03,wk inc flu hosp,2,2026-01-17,53,quantile,0.2,116.0
2026-01-03,wk inc flu hosp,2,2026-01-17,53,quantile,0.25,133.0
2026-01-03,wk inc flu hosp,2,2026-01-17,53,quantile,0.3,154.0
2026-01-03,wk inc flu hosp,2,2026-01-17,53,quantile,0.35,174.0
2026-01-03,wk inc flu hosp,2,2026-01-17,53,quantile,0.4,190.0
2026-01-03,wk inc flu hosp,2,2026-01-17,53,quantile,0.45,207.0
2026-01-03,wk inc flu hosp,2,2026-01-17,53,quantile,0.5,226.0
2026-01-03,wk inc flu hosp,2,2026-01-17,53,quantile,0.55,241.0
2026-01-03,wk inc flu hosp,2,2026-01-17,53,quantile,0.6,255.0
2026-01-03,wk inc flu hosp,2,2026-01-17,53,quantile,0.65,273.0
2026-01-03,wk inc flu hosp,2,2026-01-17,53,quantile,0.7,290.0
2026-01-03,wk inc flu hosp,2,2026-01-17,53,quantile,0.75,311.0
2026-01-03,wk inc flu hosp,2,2026-01-17,53,quantile,0.8,335.0
2026-01-03,wk inc flu hosp,2,2026-01-17,53,quantile,0.85,360.0
2026-01-03,wk inc flu hosp,2,2026-01-17,53,quantile,0.9,393.0
2026-01-03,wk inc flu hosp,2,2026-01-17,53,quantile,0.95,446.0
2026-01-03,wk inc flu hosp,2,2026-01-17,53,quantile,0.975,497.0
2026-01-03,wk inc flu hosp,2,2026-01-17,53,quantile,0.99,557.0
2026-01-03,wk inc flu hosp,2,2026-01-17,54,quantile,0.01,11.0
2026-01-03,wk inc flu hosp,2,2026-01-17,54,quantile,0.025,14.0
2026-01-03,wk inc flu hosp,2,2026-01-17,54,quantile,0.05,26.0
2026-01-03,wk inc flu hosp,2,2026-01-17,54,quantile,0.1,39.0
2026-01-03,wk inc flu hosp,2,2026-01-17,54,quantile,0.15,50.0
2026-01-03,wk inc flu hosp,2,2026-01-17,54,quantile,0.2,59.0
2026-01-03,wk inc flu hosp,2,2026-01-17,54,quantile,0.25,67.0
2026-01-03,wk inc flu hosp,2,2026-01-17,54,quantile,0.3,74.0
2026-01-03,wk inc flu hosp,2,2026-01-17,54,quantile,0.35,80.0
2026-01-03,wk inc flu hosp,2,2026-01-17,54,quantile,0.4,85.0
2026-01-03,wk inc flu hosp,2,2026-01-17,54,quantile,0.45,90.0
2026-01-03,wk inc flu hosp,2,2026-01-17,54,quantile,0.5,96.0
2026-01-03,wk inc flu hosp,2,2026-01-17,54,quantile,0.55,102.0
2026-01-03,wk inc flu hosp,2,2026-01-17,54,quantile,0.6,107.0
2026-01-03,wk inc flu hosp,2,2026-01-17,54,quantile,0.65,113.0
2026-01-03,wk inc flu hosp,2,2026-01-17,54,quantile,0.7,122.0
2026-01-03,wk inc flu hosp,2,2026-01-17,54,quantile,0.75,130.0
2026-01-03,wk inc flu hosp,2,2026-01-17,54,quantile,0.8,140.0
2026-01-03,wk inc flu hosp,2,2026-01-17,54,quantile,0.85,150.0
2026-01-03,wk inc flu hosp,2,2026-01-17,54,quantile,0.9,162.0
2026-01-03,wk inc flu hosp,2,2026-01-17,54,quantile,0.95,182.0
2026-01-03,wk inc flu hosp,2,2026-01-17,54,quantile,0.975,201.0
2026-01-03,wk inc flu hosp,2,2026-01-17,54,quantile,0.99,223.0
2026-01-03,wk inc flu hosp,2,2026-01-17,55,quantile,0.01,147.0
2026-01-03,wk inc flu hosp,2,2026-01-17,55,quantile,0.025,189.0
2026-01-03,wk inc flu hosp,2,2026-01-17,55,quantile,0.05,229.0
2026-01-03,wk inc flu hosp,2,2026-01-17,55,quantile,0.1,281.0
2026-01-03,wk inc flu hosp,2,2026-01-17,55,quantile,0.15,323.0
2026-01-03,wk inc flu hosp,2,2026-01-17,55,quantile,0.2,358.0
2026-01-03,wk inc flu hosp,2,2026-01-17,55,quantile,0.25,387.0
2026-01-03,wk inc flu hosp,2,2026-01-17,55,quantile,0.3,418.0
2026-01-03,wk inc flu hosp,2,2026-01-17,55,quantile,0.35,440.0
2026-01-03,wk inc flu hosp,2,2026-01-17,55,quantile,0.4,463.0
2026-01-03,wk inc flu hosp,2,2026-01-17,55,quantile,0.45,487.0
2026-01-03,wk inc flu hosp,2,2026-01-17,55,quantile,0.5,512.0
2026-01-03,wk inc flu hosp,2,2026-01-17,55,quantile,0.55,533.0
2026-01-03,wk inc flu hosp,2,2026-01-17,55,quantile,0.6,561.0
2026-01-03,wk inc flu hosp,2,2026-01-17,55,quantile,0.65,588.0
2026-01-03,wk inc flu hosp,2,2026-01-17,55,quantile,0.7,620.0
2026-01-03,wk inc flu hosp,2,2026-01-17,55,quantile,0.75,652.0
2026-01-03,wk inc flu hosp,2,2026-01-17,55,quantile,0.8,688.0
2026-01-03,wk inc flu hosp,2,2026-01-17,55,quantile,0.85,736.0
2026-01-03,wk inc flu hosp,2,2026-01-17,55,quantile,0.9,789.0
2026-01-03,wk inc flu hosp,2,2026-01-17,55,quantile,0.95,876.0
2026-01-03,wk inc flu hosp,2,2026-01-17,55,quantile,0.975,961.0
2026-01-03,wk inc flu hosp,2,2026-01-17,55,quantile,0.99,1045.0
2026-01-03,wk inc flu hosp,2,2026-01-17,56,quantile,0.01,0.0
2026-01-03,wk inc flu hosp,2,2026-01-17,56,quantile,0.025,0.0
2026-01-03,wk inc flu hosp,2,2026-01-17,56,quantile,0.05,0.0
2026-01-03,wk inc flu hosp,2,2026-01-17,56,quantile,0.1,0.0
2026-01-03,wk inc flu hosp,2,2026-01-17,56,quantile,0.15,0.0
2026-01-03,wk inc flu hosp,2,2026-01-17,56,quantile,0.2,0.0
2026-01-03,wk inc flu hosp,2,2026-01-17,56,quantile,0.25,0.0
2026-01-03,wk inc flu hosp,2,2026-01-17,56,quantile,0.3,0.0
2026-01-03,wk inc flu hosp,2,2026-01-17,56,quantile,0.35,0.0
2026-01-03,wk inc flu hosp,2,2026-01-17,56,quantile,0.4,0.0
2026-01-03,wk inc flu hosp,2,2026-01-17,56,quantile,0.45,0.0
2026-01-03,wk inc flu hosp,2,2026-01-17,56,quantile,0.5,0.0
2026-01-03,wk inc flu hosp,2,2026-01-17,56,quantile,0.55,0.0
2026-01-03,wk inc flu hosp,2,2026-01-17,56,quantile,0.6,0.0
2026-01-03,wk inc flu hosp,2,2026-01-17,56,quantile,0.65,0.0
2026-01-03,wk inc flu hosp,2,2026-01-17,56,quantile,0.7,0.0
2026-01-03,wk inc flu hosp,2,2026-01-17,56,quantile,0.75,0.0
2026-01-03,wk inc flu hosp,2,2026-01-17,56,quantile,0.8,0.0
2026-01-03,wk inc flu hosp,2,2026-01-17,56,quantile,0.85,0.0
2026-01-03,wk inc flu hosp,2,2026-01-17,56,quantile,0.9,2.0
2026-01-03,wk inc flu hosp,2,2026-01-17,56,quantile,0.95,6.0
2026-01-03,wk inc flu hosp,2,2026-01-17,56,quantile,0.975,8.0
2026-01-03,wk inc flu hosp,2,2026-01-17,56,quantile,0.99,9.0
2026-01-03,wk inc flu hosp,2,2026-01-17,US,quantile,0.01,7848.0
2026-01-03,wk inc flu hosp,2,2026-01-17,US,quantile,0.025,10058.0
2026-01-03,wk inc flu hosp,2,2026-01-17,US,quantile,0.05,12169.0
2026-01-03,wk inc flu hosp,2,2026-01-17,US,quantile,0.1,15225.0
2026-01-03,wk inc flu hosp,2,2026-01-17,US,quantile,0.15,17005.0
2026-01-03,wk inc flu hosp,2,2026-01-17,US,quantile,0.2,18586.0
2026-01-03,wk inc flu hosp,2,2026-01-17,US,quantile,0.25,20111.0
2026-01-03,wk inc flu hosp,2,2026-01-17,US,quantile,0.3,21282.0
2026-01-03,wk inc flu hosp,2,2026-01-17,US,quantile,0.35,22533.0
2026-01-03,wk inc flu hosp,2,2026-01-17,US,quantile,0.4,23808.0
2026-01-03,wk inc flu hosp,2,2026-01-17,US,quantile,0.45,25083.0
2026-01-03,wk inc flu hosp,2,2026-01-17,US,quantile,0.5,26170.0
2026-01-03,wk inc flu hosp,2,2026-01-17,US,quantile,0.55,27139.0
2026-01-03,wk inc flu hosp,2,2026-01-17,US,quantile,0.6,28270.0
2026-01-03,wk inc flu hosp,2,2026-01-17,US,quantile,0.65,29480.0
2026-01-03,wk inc flu hosp,2,2026-01-17,US,quantile,0.7,30990.0
2026-01-03,wk inc flu hosp,2,2026-01-17,US,quantile,0.75,32756.0
2026-01-03,wk inc flu hosp,2,2026-01-17,US,quantile,0.8,34436.0
2026-01-03,wk inc flu hosp,2,2026-01-17,US,quantile,0.85,36235.0
2026-01-03,wk inc flu hosp,2,2026-01-17,US,quantile,0.9,39078.0
2026-01-03,wk inc flu hosp,2,2026-01-17,US,quantile,0.95,43410.0
2026-01-03,wk inc flu hosp,2,2026-01-17,US,quantile,0.975,46986.0
2026-01-03,wk inc flu hosp,2,2026-01-17,US,quantile,0.99,51420.0
2026-01-03,wk inc flu hosp,3,2026-01-24,01,quantile,0.01,67.0
2026-01-03,wk inc flu hosp,3,2026-01-24,01,quantile,0.025,78.0
2026-01-03,wk inc flu hosp,3,2026-01-24,01,quantile,0.05,97.0
2026-01-03,wk inc flu hosp,3,2026-01-24,01,quantile,0.1,161.0
2026-01-03,wk inc flu hosp,3,2026-01-24,01,quantile,0.15,205.0
2026-01-03,wk inc flu hosp,3,2026-01-24,01,quantile,0.2,248.0
2026-01-03,wk inc flu hosp,3,2026-01-24,01,quantile,0.25,282.0
2026-01-03,wk inc flu hosp,3,2026-01-24,01,quantile,0.3,312.0
2026-01-03,wk inc flu hosp,3,2026-01-24,01,quantile,0.35,342.0
2026-01-03,wk inc flu hosp,3,2026-01-24,01,quantile,0.4,367.0
2026-01-03,wk inc flu hosp,3,2026-01-24,01,quantile,0.45,395.0
2026-01-03,wk inc flu hosp,3,2026-01-24,01,quantile,0.5,424.0
2026-01-03,wk inc flu hosp,3,2026-01-24,01,quantile,0.55,452.0
2026-01-03,wk inc flu hosp,3,2026-01-24,01,quantile,0.6,485.0
2026-01-03,wk inc flu hosp,3,2026-01-24,01,quantile,0.65,521.0
2026-01-03,wk inc flu hosp,3,2026-01-24,01,quantile,0.7,561.0
2026-01-03,wk inc flu hosp,3,2026-01-24,01,quantile,0.75,598.0
2026-01-03,wk inc flu hosp,3,2026-01-24,01,quantile,0.8,644.0
2026-01-03,wk inc flu hosp,3,2026-01-24,01,quantile,0.85,688.0
2026-01-03,wk inc flu hosp,3,2026-01-24,01,quantile,0.9,767.0
2026-01-03,wk inc flu hosp,3,2026-01-24,01,quantile,0.95,874.0
2026-01-03,wk inc flu hosp,3,2026-01-24,01,quantile,0.975,980.0
2026-01-03,wk inc flu hosp,3,2026-01-24,01,quantile,0.99,1080.0
2026-01-03,wk inc flu hosp,3,2026-01-24,02,quantile,0.01,18.0
2026-01-03,wk inc flu hosp,3,2026-01-24,02,quantile,0.025,25.0
2026-01-03,wk inc flu hosp,3,2026-01-24,02,quantile,0.05,31.0
2026-01-03,wk inc flu hosp,3,2026-01-24,02,quantile,0.1,39.0
2026-01-03,wk inc flu hosp,3,2026-01-24,02,quantile,0.15,47.0
2026-01-03,wk inc flu hosp,3,2026-01-24,02,quantile,0.2,54.0
2026-01-03,wk inc flu hosp,3,2026-01-24,02,quantile,0.25,58.0
2026-01-03,wk inc flu hosp,3,2026-01-24,02,quantile,0.3,62.0
2026-01-03,wk inc flu hosp,3,2026-01-24,02,quantile,0.35,66.0
2026-01-03,wk inc flu hosp,3,2026-01-24,02,quantile,0.4,69.0
2026-01-03,wk inc flu hosp,3,2026-01-24,02,quantile,0.45,72.0
2026-01-03,wk inc flu hosp,3,2026-01-24,02,quantile,0.5,76.0
2026-01-03,wk inc flu hosp,3,2026-01-24,02,quantile,0.55,79.0
2026-01-03,wk inc flu hosp,3,2026-01-24,02,quantile,0.6,83.0
2026-01-03,wk inc flu hosp,3,2026-01-24,02,quantile,0.65,86.0
2026-01-03,wk inc flu hosp,3,2026-01-24,02,quantile,0.7,90.0
2026-01-03,wk inc flu hosp,3,2026-01-24,02,quantile,0.75,96.0
2026-01-03,wk inc flu hosp,3,2026-01-24,02,quantile,0.8,101.0
2026-01-03,wk inc flu hosp,3,2026-01-24,02,quantile,0.85,107.0
2026-01-03,wk inc flu hosp,3,2026-01-24,02,quantile,0.9,117.0
2026-01-03,wk inc flu hosp,3,2026-01-24,02,quantile,0.95,128.0
2026-01-03,wk inc flu hosp,3,2026-01-24,02,quantile,0.975,145.0
2026-01-03,wk inc flu hosp,3,2026-01-24,02,quantile,0.99,162.0
2026-01-03,wk inc flu hosp,3,2026-01-24,04,quantile,0.01,26.0
2026-01-03,wk inc flu hosp,3,2026-01-24,04,quantile,0.025,30.0
2026-01-03,wk inc flu hosp,3,2026-01-24,04,quantile,0.05,36.0
2026-01-03,wk inc flu hosp,3,2026-01-24,04,quantile,0.1,45.0
2026-01-03,wk inc flu hosp,3,2026-01-24,04,quantile,0.15,67.0
2026-01-03,wk inc flu hosp,3,2026-01-24,04,quantile,0.2,90.0
2026-01-03,wk inc flu hosp,3,2026-01-24,04,quantile,0.25,110.0
2026-01-03,wk inc flu hosp,3,2026-01-24,04,quantile,0.3,129.0
2026-01-03,wk inc flu hosp,3,2026-01-24,04,quantile,0.35,151.0
2026-01-03,wk inc flu hosp,3,2026-01-24,04,quantile,0.4,170.0
2026-01-03,wk inc flu hosp,3,2026-01-24,04,quantile,0.45,189.0
2026-01-03,wk inc flu hosp,3,2026-01-24,04,quantile,0.5,207.0
2026-01-03,wk inc flu hosp,3,2026-01-24,04,quantile,0.55,226.0
2026-01-03,wk inc flu hosp,3,2026-01-24,04,quantile,0.6,247.0
2026-01-03,wk inc flu hosp,3,2026-01-24,04,quantile,0.65,273.0
2026-01-03,wk inc flu hosp,3,2026-01-24,04,quantile,0.7,297.0
2026-01-03,wk inc flu hosp,3,2026-01-24,04,quantile,0.75,322.0
2026-01-03,wk inc flu hosp,3,2026-01-24,04,quantile,0.8,350.0
2026-01-03,wk inc flu hosp,3,2026-01-24,04,quantile,0.85,390.0
2026-01-03,wk inc flu hosp,3,2026-01-24,04,quantile,0.9,438.0
2026-01-03,wk inc flu hosp,3,2026-01-24,04,quantile,0.95,501.0
2026-01-03,wk inc flu hosp,3,2026-01-24,04,quantile,0.975,566.0
2026-01-03,wk inc flu hosp,3,2026-01-24,04,quantile,0.99,618.0
2026-01-03,wk inc flu hosp,3,2026-01-24,05,quantile,0.01,48.0
2026-01-03,wk inc flu hosp,3,2026-01-24,05,quantile,0.025,80.0
2026-01-03,wk inc flu hosp,3,2026-01-24,05,quantile,0.05,100.0
2026-01-03,wk inc flu hosp,3,2026-01-24,05,quantile,0.1,130.0
2026-01-03,wk inc flu hosp,3,2026-01-24,05,quantile,0.15,152.0
2026-01-03,wk inc flu hosp,3,2026-01-24,05,quantile,0.2,172.0
2026-01-03,wk inc flu hosp,3,2026-01-24,05,quantile,0.25,192.0
2026-01-03,wk inc flu hosp,3,2026-01-24,05,quantile,0.3,208.0
2026-01-03,wk inc flu hosp,3,2026-01-24,05,quantile,0.35,223.0
2026-01-03,wk inc flu hosp,3,2026-01-24,05,quantile,0.4,237.0
2026-01-03,wk inc flu hosp,3,2026-01-24,05,quantile,0.45,250.0
2026-01-03,wk inc flu hosp,3,2026-01-24,05,quantile,0.5,264.0
2026-01-03,wk inc flu hosp,3,2026-01-24,05,quantile,0.55,279.0
2026-01-03,wk inc flu hosp,3,2026-01-24,05,quantile,0.6,293.0
2026-01-03,wk inc flu hosp,3,2026-01-24,05,quantile,0.65,311.0
2026-01-03,wk inc flu hosp,3,2026-01-24,05,quantile,0.7,326.0
2026-01-03,wk inc flu hosp,3,2026-01-24,05,quantile,0.75,347.0
2026-01-03,wk inc flu hosp,3,2026-01-24,05,quantile,0.8,368.0
2026-01-03,wk inc flu hosp,3,2026-01-24,05,quantile,0.85,393.0
2026-01-03,wk inc flu hosp,3,2026-01-24,05,quantile,0.9,428.0
2026-01-03,wk inc flu hosp,3,2026-01-24,05,quantile,0.95,482.0
2026-01-03,wk inc flu hosp,3,2026-01-24,05,quantile,0.975,540.0
2026-01-03,wk inc flu hosp,3,2026-01-24,05,quantile,0.99,594.0
2026-01-03,wk inc flu hosp,3,2026-01-24,06,quantile,0.01,131.0
2026-01-03,wk inc flu hosp,3,2026-01-24,06,quantile,0.025,157.0
2026-01-03,wk inc flu hosp,3,2026-01-24,06,quantile,0.05,180.0
2026-01-03,wk inc flu hosp,3,2026-01-24,06,quantile,0.1,283.0
2026-01-03,wk inc flu hosp,3,2026-01-24,06,quantile,0.15,382.0
2026-01-03,wk inc flu hosp,3,2026-01-24,06,quantile,0.2,480.0
2026-01-03,wk inc flu hosp,3,2026-01-24,06,quantile,0.25,572.0
2026-01-03,wk inc flu hosp,3,2026-01-24,06,quantile,0.3,647.0
2026-01-03,wk inc flu hosp,3,2026-01-24,06,quantile,0.35,723.0
2026-01-03,wk inc flu hosp,3,2026-01-24,06,quantile,0.4,803.0
2026-01-03,wk inc flu hosp,3,2026-01-24,06,quantile,0.45,884.0
2026-01-03,wk inc flu hosp,3,2026-01-24,06,quantile,0.5,959.0
2026-01-03,wk inc flu hosp,3,2026-01-24,06,quantile,0.55,1039.0
2026-01-03,wk inc flu hosp,3,2026-01-24,06,quantile,0.6,1126.0
2026-01-03,wk inc flu hosp,3,2026-01-24,06,quantile,0.65,1220.0
2026-01-03,wk inc flu hosp,3,2026-01-24,06,quantile,0.7,1318.0
2026-01-03,wk inc flu hosp,3,2026-01-24,06,quantile,0.75,1407.0
2026-01-03,wk inc flu hosp,3,2026-01-24,06,quantile,0.8,1519.0
2026-01-03,wk inc flu hosp,3,2026-01-24,06,quantile,0.85,1660.0
2026-01-03,wk inc flu hosp,3,2026-01-24,06,quantile,0.9,1826.0
2026-01-03,wk inc flu hosp,3,2026-01-24,06,quantile,0.95,2086.0
2026-01-03,wk inc flu hosp,3,2026-01-24,06,quantile,0.975,2361.0
2026-01-03,wk inc flu hosp,3,2026-01-24,06,quantile,0.99,2613.0
2026-01-03,wk inc flu hosp,3,2026-01-24,08,quantile,0.01,173.0
2026-01-03,wk inc flu hosp,3,2026-01-24,08,quantile,0.025,212.0
2026-01-03,wk inc flu hosp,3,2026-01-24,08,quantile,0.05,256.0
2026-01-03,wk inc flu hosp,3,2026-01-24,08,quantile,0.1,310.0
2026-01-03,wk inc flu hosp,3,2026-01-24,08,quantile,0.15,354.0
2026-01-03,wk inc flu hosp,3,2026-01-24,08,quantile,0.2,397.0
2026-01-03,wk inc flu hosp,3,2026-01-24,08,quantile,0.25,433.0
2026-01-03,wk inc flu hosp,3,2026-01-24,08,quantile,0.3,465.0
2026-01-03,wk inc flu hosp,3,2026-01-24,08,quantile,0.35,496.0
2026-01-03,wk inc flu hosp,3,2026-01-24,08,quantile,0.4,525.0
2026-01-03,wk inc flu hosp,3,2026-01-24,08,quantile,0.45,553.0
2026-01-03,wk inc flu hosp,3,2026-01-24,08,quantile,0.5,579.0
2026-01-03,wk inc flu hosp,3,2026-01-24,08,quantile,0.55,606.0
2026-01-03,wk inc flu hosp,3,2026-01-24,08,quantile,0.6,629.0
2026-01-03,wk inc flu hosp,3,2026-01-24,08,quantile,0.65,656.0
2026-01-03,wk inc flu hosp,3,2026-01-24,08,quantile,0.7,686.0
2026-01-03,wk inc flu hosp,3,2026-01-24,08,quantile,0.75,721.0
2026-01-03,wk inc flu hosp,3,2026-01-24,08,quantile,0.8,757.0
2026-01-03,wk inc flu hosp,3,2026-01-24,08,quantile,0.85,787.0
2026-01-03,wk inc flu hosp,3,2026-01-24,08,quantile,0.9,852.0
2026-01-03,wk inc flu hosp,3,2026-01-24,08,quantile,0.95,953.0
2026-01-03,wk inc flu hosp,3,2026-01-24,08,quantile,0.975,1036.0
2026-01-03,wk inc flu hosp,3,2026-01-24,08,quantile,0.99,1151.0
2026-01-03,wk inc flu hosp,3,2026-01-24,09,quantile,0.01,142.0
2026-01-03,wk inc flu hosp,3,2026-01-24,09,quantile,0.025,189.0
2026-01-03,wk inc flu hosp,3,2026-01-24,09,quantile,0.05,239.0
2026-01-03,wk inc flu hosp,3,2026-01-24,09,quantile,0.1,287.0
2026-01-03,wk inc flu hosp,3,2026-01-24,09,quantile,0.15,320.0
2026-01-03,wk inc flu hosp,3,2026-01-24,09,quantile,0.2,355.0
2026-01-03,wk inc flu hosp,3,2026-01-24,09,quantile,0.25,378.0
2026-01-03,wk inc flu hosp,3,2026-01-24,09,quantile,0.3,404.0
2026-01-03,wk inc flu hosp,3,2026-01-24,09,quantile,0.35,426.0
2026-01-03,wk inc flu hosp,3,2026-01-24,09,quantile,0.4,450.0
2026-01-03,wk inc flu hosp,3,2026-01-24,09,quantile,0.45,468.0
2026-01-03,wk inc flu hosp,3,2026-01-24,09,quantile,0.5,489.0
2026-01-03,wk inc flu hosp,3,2026-01-24,09,quantile,0.55,507.0
2026-01-03,wk inc flu hosp,3,2026-01-24,09,quantile,0.6,529.0
2026-01-03,wk inc flu hosp,3,2026-01-24,09,quantile,0.65,552.0
2026-01-03,wk inc flu hosp,3,2026-01-24,09,quantile,0.7,576.0
2026-01-03,wk inc flu hosp,3,2026-01-24,09,quantile,0.75,599.0
2026-01-03,wk inc flu hosp,3,2026-01-24,09,quantile,0.8,625.0
2026-01-03,wk inc flu hosp,3,2026-01-24,09,quantile,0.85,654.0
2026-01-03,wk inc flu hosp,3,2026-01-24,09,quantile,0.9,697.0
2026-01-03,wk inc flu hosp,3,2026-01-24,09,quantile,0.95,779.0
2026-01-03,wk inc flu hosp,3,2026-01-24,09,quantile,0.975,840.0
2026-01-03,wk inc flu hosp,3,2026-01-24,09,quantile,0.99,917.0
2026-01-03,wk inc flu hosp,3,2026-01-24,10,quantile,0.01,27.0
2026-01-03,wk inc flu hosp,3,2026-01-24,10,quantile,0.025,35.0
2026-01-03,wk inc flu hosp,3,2026-01-24,10,quantile,0.05,42.0
2026-01-03,wk inc flu hosp,3,2026-01-24,10,quantile,0.1,52.0
2026-01-03,wk inc flu hosp,3,2026-01-24,10,quantile,0.15,61.0
2026-01-03,wk inc flu hosp,3,2026-01-24,10,quantile,0.2,68.0
2026-01-03,wk inc flu hosp,3,2026-01-24,10,quantile,0.25,74.0
2026-01-03,wk inc flu hosp,3,2026-01-24,10,quantile,0.3,79.0
2026-01-03,wk inc flu hosp,3,2026-01-24,10,quantile,0.35,84.0
2026-01-03,wk inc flu hosp,3,2026-01-24,10,quantile,0.4,88.0
2026-01-03,wk inc flu hosp,3,2026-01-24,10,quantile,0.45,94.0
2026-01-03,wk inc flu hosp,3,2026-01-24,10,quantile,0.5,99.0
2026-01-03,wk inc flu hosp,3,2026-01-24,10,quantile,0.55,103.0
2026-01-03,wk inc flu hosp,3,2026-01-24,10,quantile,0.6,108.0
2026-01-03,wk inc flu hosp,3,2026-01-24,10,quantile,0.65,114.0
2026-01-03,wk inc flu hosp,3,2026-01-24,10,quantile,0.7,119.0
2026-01-03,wk inc flu hosp,3,2026-01-24,10,quantile,0.75,125.0
2026-01-03,wk inc flu hosp,3,2026-01-24,10,quantile,0.8,133.0
2026-01-03,wk inc flu hosp,3,2026-01-24,10,quantile,0.85,142.0
2026-01-03,wk inc flu hosp,3,2026-01-24,10,quantile,0.9,153.0
2026-01-03,wk inc flu hosp,3,2026-01-24,10,quantile,0.95,172.0
2026-01-03,wk inc flu hosp,3,2026-01-24,10,quantile,0.975,189.0
2026-01-03,wk inc flu hosp,3,2026-01-24,10,quantile,0.99,207.0
2026-01-03,wk inc flu hosp,3,2026-01-24,11,quantile,0.01,11.0
2026-01-03,wk inc flu hosp,3,2026-01-24,11,quantile,0.025,15.0
2026-01-03,wk inc flu hosp,3,2026-01-24,11,quantile,0.05,20.0
2026-01-03,wk inc flu hosp,3,2026-01-24,11,quantile,0.1,26.0
2026-01-03,wk inc flu hosp,3,2026-01-24,11,quantile,0.15,29.0
2026-01-03,wk inc flu hosp,3,2026-01-24,11,quantile,0.2,32.0
2026-01-03,wk inc flu hosp,3,2026-01-24,11,quantile,0.25,35.0
2026-01-03,wk inc flu hosp,3,2026-01-24,11,quantile,0.3,38.0
2026-01-03,wk inc flu hosp,3,2026-01-24,11,quantile,0.35,40.0
2026-01-03,wk inc flu hosp,3,2026-01-24,11,quantile,0.4,43.0
2026-01-03,wk inc flu hosp,3,2026-01-24,11,quantile,0.45,45.0
2026-01-03,wk inc flu hosp,3,2026-01-24,11,quantile,0.5,48.0
2026-01-03,wk inc flu hosp,3,2026-01-24,11,quantile,0.55,50.0
2026-01-03,wk inc flu hosp,3,2026-01-24,11,quantile,0.6,53.0
2026-01-03,wk inc flu hosp,3,2026-01-24,11,quantile,0.65,56.0
2026-01-03,wk inc flu hosp,3,2026-01-24,11,quantile,0.7,59.0
2026-01-03,wk inc flu hosp,3,2026-01-24,11,quantile,0.75,62.0
2026-01-03,wk inc flu hosp,3,2026-01-24,11,quantile,0.8,65.0
2026-01-03,wk inc flu hosp,3,2026-01-24,11,quantile,0.85,70.0
2026-01-03,wk inc flu hosp,3,2026-01-24,11,quantile,0.9,77.0
2026-01-03,wk inc flu hosp,3,2026-01-24,11,quantile,0.95,88.0
2026-01-03,wk inc flu hosp,3,2026-01-24,11,quantile,0.975,95.0
2026-01-03,wk inc flu hosp,3,2026-01-24,11,quantile,0.99,109.0
2026-01-03,wk inc flu hosp,3,2026-01-24,12,quantile,0.01,208.0
2026-01-03,wk inc flu hosp,3,2026-01-24,12,quantile,0.025,334.0
2026-01-03,wk inc flu hosp,3,2026-01-24,12,quantile,0.05,482.0
2026-01-03,wk inc flu hosp,3,2026-01-24,12,quantile,0.1,645.0
2026-01-03,wk inc flu hosp,3,2026-01-24,12,quantile,0.15,799.0
2026-01-03,wk inc flu hosp,3,2026-01-24,12,quantile,0.2,923.0
2026-01-03,wk inc flu hosp,3,2026-01-24,12,quantile,0.25,1030.0
2026-01-03,wk inc flu hosp,3,2026-01-24,12,quantile,0.3,1119.0
2026-01-03,wk inc flu hosp,3,2026-01-24,12,quantile,0.35,1195.0
2026-01-03,wk inc flu hosp,3,2026-01-24,12,quantile,0.4,1269.0
2026-01-03,wk inc flu hosp,3,2026-01-24,12,quantile,0.45,1335.0
2026-01-03,wk inc flu hosp,3,2026-01-24,12,quantile,0.5,1400.0
2026-01-03,wk inc flu hosp,3,2026-01-24,12,quantile,0.55,1469.0
2026-01-03,wk inc flu hosp,3,2026-01-24,12,quantile,0.6,1545.0
2026-01-03,wk inc flu hosp,3,2026-01-24,12,quantile,0.65,1637.0
2026-01-03,wk inc flu hosp,3,2026-01-24,12,quantile,0.7,1732.0
2026-01-03,wk inc flu hosp,3,2026-01-24,12,quantile,0.75,1832.0
2026-01-03,wk inc flu hosp,3,2026-01-24,12,quantile,0.8,1936.0
2026-01-03,wk inc flu hosp,3,2026-01-24,12,quantile,0.85,2076.0
2026-01-03,wk inc flu hosp,3,2026-01-24,12,quantile,0.9,2248.0
2026-01-03,wk inc flu hosp,3,2026-01-24,12,quantile,0.95,2593.0
2026-01-03,wk inc flu hosp,3,2026-01-24,12,quantile,0.975,2901.0
2026-01-03,wk inc flu hosp,3,2026-01-24,12,quantile,0.99,3189.0
2026-01-03,wk inc flu hosp,3,2026-01-24,13,quantile,0.01,240.0
2026-01-03,wk inc flu hosp,3,2026-01-24,13,quantile,0.025,336.0
2026-01-03,wk inc flu hosp,3,2026-01-24,13,quantile,0.05,433.0
2026-01-03,wk inc flu hosp,3,2026-01-24,13,quantile,0.1,538.0
2026-01-03,wk inc flu hosp,3,2026-01-24,13,quantile,0.15,620.0
2026-01-03,wk inc flu hosp,3,2026-01-24,13,quantile,0.2,693.0
2026-01-03,wk inc flu hosp,3,2026-01-24,13,quantile,0.25,746.0
2026-01-03,wk inc flu hosp,3,2026-01-24,13,quantile,0.3,807.0
2026-01-03,wk inc flu hosp,3,2026-01-24,13,quantile,0.35,853.0
2026-01-03,wk inc flu hosp,3,2026-01-24,13,quantile,0.4,901.0
2026-01-03,wk inc flu hosp,3,2026-01-24,13,quantile,0.45,950.0
2026-01-03,wk inc flu hosp,3,2026-01-24,13,quantile,0.5,1002.0
2026-01-03,wk inc flu hosp,3,2026-01-24,13,quantile,0.55,1048.0
2026-01-03,wk inc flu hosp,3,2026-01-24,13,quantile,0.6,1106.0
2026-01-03,wk inc flu hosp,3,2026-01-24,13,quantile,0.65,1164.0
2026-01-03,wk inc flu hosp,3,2026-01-24,13,quantile,0.7,1233.0
2026-01-03,wk inc flu hosp,3,2026-01-24,13,quantile,0.75,1292.0
2026-01-03,wk inc flu hosp,3,2026-01-24,13,quantile,0.8,1365.0
2026-01-03,wk inc flu hosp,3,2026-01-24,13,quantile,0.85,1458.0
2026-01-03,wk inc flu hosp,3,2026-01-24,13,quantile,0.9,1583.0
2026-01-03,wk inc flu hosp,3,2026-01-24,13,quantile,0.95,1776.0
2026-01-03,wk inc flu hosp,3,2026-01-24,13,quantile,0.975,1992.0
2026-01-03,wk inc flu hosp,3,2026-01-24,13,quantile,0.99,2158.0
2026-01-03,wk inc flu hosp,3,2026-01-24,15,quantile,0.01,7.0
2026-01-03,wk inc flu hosp,3,2026-01-24,15,quantile,0.025,9.0
2026-01-03,wk inc flu hosp,3,2026-01-24,15,quantile,0.05,17.0
2026-01-03,wk inc flu hosp,3,2026-01-24,15,quantile,0.1,38.0
2026-01-03,wk inc flu hosp,3,2026-01-24,15,quantile,0.15,51.0
2026-01-03,wk inc flu hosp,3,2026-01-24,15,quantile,0.2,65.0
2026-01-03,wk inc flu hosp,3,2026-01-24,15,quantile,0.25,77.0
2026-01-03,wk inc flu hosp,3,2026-01-24,15,quantile,0.3,85.0
2026-01-03,wk inc flu hosp,3,2026-01-24,15,quantile,0.35,93.0
2026-01-03,wk inc flu hosp,3,2026-01-24,15,quantile,0.4,101.0
2026-01-03,wk inc flu hosp,3,2026-01-24,15,quantile,0.45,107.0
2026-01-03,wk inc flu hosp,3,2026-01-24,15,quantile,0.5,113.0
2026-01-03,wk inc flu hosp,3,2026-01-24,15,quantile,0.55,121.0
2026-01-03,wk inc flu hosp,3,2026-01-24,15,quantile,0.6,130.0
2026-01-03,wk inc flu hosp,3,2026-01-24,15,quantile,0.65,139.0
2026-01-03,wk inc flu hosp,3,2026-01-24,15,quantile,0.7,148.0
2026-01-03,wk inc flu hosp,3,2026-01-24,15,quantile,0.75,158.0
2026-01-03,wk inc flu hosp,3,2026-01-24,15,quantile,0.8,171.0
2026-01-03,wk inc flu hosp,3,2026-01-24,15,quantile,0.85,187.0
2026-01-03,wk inc flu hosp,3,2026-01-24,15,quantile,0.9,204.0
2026-01-03,wk inc flu hosp,3,2026-01-24,15,quantile,0.95,237.0
2026-01-03,wk inc flu hosp,3,2026-01-24,15,quantile,0.975,271.0
2026-01-03,wk inc flu hosp,3,2026-01-24,15,quantile,0.99,300.0
2026-01-03,wk inc flu hosp,3,2026-01-24,16,quantile,0.01,14.0
2026-01-03,wk inc flu hosp,3,2026-01-24,16,quantile,0.025,27.0
2026-01-03,wk inc flu hosp,3,2026-01-24,16,quantile,0.05,37.0
2026-01-03,wk inc flu hosp,3,2026-01-24,16,quantile,0.1,50.0
2026-01-03,wk inc flu hosp,3,2026-01-24,16,quantile,0.15,63.0
2026-01-03,wk inc flu hosp,3,2026-01-24,16,quantile,0.2,70.0
2026-01-03,wk inc flu hosp,3,2026-01-24,16,quantile,0.25,80.0
2026-01-03,wk inc flu hosp,3,2026-01-24,16,quantile,0.3,86.0
2026-01-03,wk inc flu hosp,3,2026-01-24,16,quantile,0.35,93.0
2026-01-03,wk inc flu hosp,3,2026-01-24,16,quantile,0.4,101.0
2026-01-03,wk inc flu hosp,3,2026-01-24,16,quantile,0.45,107.0
2026-01-03,wk inc flu hosp,3,2026-01-24,16,quantile,0.5,113.0
2026-01-03,wk inc flu hosp,3,2026-01-24,16,quantile,0.55,119.0
2026-01-03,wk inc flu hosp,3,2026-01-24,16,quantile,0.6,126.0
2026-01-03,wk inc flu hosp,3,2026-01-24,16,quantile,0.65,133.0
2026-01-03,wk inc flu hosp,3,2026-01-24,16,quantile,0.7,141.0
2026-01-03,wk inc flu hosp,3,2026-01-24,16,quantile,0.75,149.0
2026-01-03,wk inc flu hosp,3,2026-01-24,16,quantile,0.8,159.0
2026-01-03,wk inc flu hosp,3,2026-01-24,16,quantile,0.85,169.0
2026-01-03,wk inc flu hosp,3,2026-01-24,16,quantile,0.9,187.0
2026-01-03,wk inc flu hosp,3,2026-01-24,16,quantile,0.95,207.0
2026-01-03,wk inc flu hosp,3,2026-01-24,16,quantile,0.975,236.0
2026-01-03,wk inc flu hosp,3,2026-01-24,16,quantile,0.99,260.0
2026-01-03,wk inc flu hosp,3,2026-01-24,17,quantile,0.01,224.0
2026-01-03,wk inc flu hosp,3,2026-01-24,17,quantile,0.025,308.0
2026-01-03,wk inc flu hosp,3,2026-01-24,17,quantile,0.05,383.0
2026-01-03,wk inc flu hosp,3,2026-01-24,17,quantile,0.1,501.0
2026-01-03,wk inc flu hosp,3,2026-01-24,17,quantile,0.15,586.0
2026-01-03,wk inc flu hosp,3,2026-01-24,17,quantile,0.2,675.0
2026-01-03,wk inc flu hosp,3,2026-01-24,17,quantile,0.25,736.0
2026-01-03,wk inc flu hosp,3,2026-01-24,17,quantile,0.3,802.0
2026-01-03,wk inc flu hosp,3,2026-01-24,17,quantile,0.35,864.0
2026-01-03,wk inc flu hosp,3,2026-01-24,17,quantile,0.4,920.0
2026-01-03,wk inc flu hosp,3,2026-01-24,17,quantile,0.45,970.0
2026-01-03,wk inc flu hosp,3,2026-01-24,17,quantile,0.5,1031.0
2026-01-03,wk inc flu hosp,3,2026-01-24,17,quantile,0.55,1079.0
2026-01-03,wk inc flu hosp,3,2026-01-24,17,quantile,0.6,1140.0
2026-01-03,wk inc flu hosp,3,2026-01-24,17,quantile,0.65,1213.0
2026-01-03,wk inc flu hosp,3,2026-01-24,17,quantile,0.7,1273.0
2026-01-03,wk inc flu hosp,3,2026-01-24,17,quantile,0.75,1346.0
2026-01-03,wk inc flu hosp,3,2026-01-24,17,quantile,0.8,1435.0
2026-01-03,wk inc flu hosp,3,2026-01-24,17,quantile,0.85,1540.0
2026-01-03,wk inc flu hosp,3,2026-01-24,17,quantile,0.9,1674.0
2026-01-03,wk inc flu hosp,3,2026-01-24,17,quantile,0.95,1891.0
2026-01-03,wk inc flu hosp,3,2026-01-24,17,quantile,0.975,2107.0
2026-01-03,wk inc flu hosp,3,2026-01-24,17,quantile,0.99,2315.0
2026-01-03,wk inc flu hosp,3,2026-01-24,18,quantile,0.01,88.0
2026-01-03,wk inc flu hosp,3,2026-01-24,18,quantile,0.025,119.0
2026-01-03,wk inc flu hosp,3,2026-01-24,18,quantile,0.05,178.0
2026-01-03,wk inc flu hosp,3,2026-01-24,18,quantile,0.1,261.0
2026-01-03,wk inc flu hosp,3,2026-01-24,18,quantile,0.15,319.0
2026-01-03,wk inc flu hosp,3,2026-01-24,18,quantile,0.2,369.0
2026-01-03,wk inc flu hosp,3,2026-01-24,18,quantile,0.25,410.0
2026-01-03,wk inc flu hosp,3,2026-01-24,18,quantile,0.3,448.0
2026-01-03,wk inc flu hosp,3,2026-01-24,18,quantile,0.35,488.0
2026-01-03,wk inc flu hosp,3,2026-01-24,18,quantile,0.4,524.0
2026-01-03,wk inc flu hosp,3,2026-01-24,18,quantile,0.45,562.0
2026-01-03,wk inc flu hosp,3,2026-01-24,18,quantile,0.5,600.0
2026-01-03,wk inc flu hosp,3,2026-01-24,18,quantile,0.55,628.0
2026-01-03,wk inc flu hosp,3,2026-01-24,18,quantile,0.6,665.0
2026-01-03,wk inc flu hosp,3,2026-01-24,18,quantile,0.65,704.0
2026-01-03,wk inc flu hosp,3,2026-01-24,18,quantile,0.7,755.0
2026-01-03,wk inc flu hosp,3,2026-01-24,18,quantile,0.75,797.0
2026-01-03,wk inc flu hosp,3,2026-01-24,18,quantile,0.8,850.0
2026-01-03,wk inc flu hosp,3,2026-01-24,18,quantile,0.85,909.0
2026-01-03,wk inc flu hosp,3,2026-01-24,18,quantile,0.9,996.0
2026-01-03,wk inc flu hosp,3,2026-01-24,18,quantile,0.95,1130.0
2026-01-03,wk inc flu hosp,3,2026-01-24,18,quantile,0.975,1257.0
2026-01-03,wk inc flu hosp,3,2026-01-24,18,quantile,0.99,1385.0
2026-01-03,wk inc flu hosp,3,2026-01-24,19,quantile,0.01,64.0
2026-01-03,wk inc flu hosp,3,2026-01-24,19,quantile,0.025,95.0
2026-01-03,wk inc flu hosp,3,2026-01-24,19,quantile,0.05,121.0
2026-01-03,wk inc flu hosp,3,2026-01-24,19,quantile,0.1,150.0
2026-01-03,wk inc flu hosp,3,2026-01-24,19,quantile,0.15,171.0
2026-01-03,wk inc flu hosp,3,2026-01-24,19,quantile,0.2,190.0
2026-01-03,wk inc flu hosp,3,2026-01-24,19,quantile,0.25,209.0
2026-01-03,wk inc flu hosp,3,2026-01-24,19,quantile,0.3,224.0
2026-01-03,wk inc flu hosp,3,2026-01-24,19,quantile,0.35,239.0
2026-01-03,wk inc flu hosp,3,2026-01-24,19,quantile,0.4,253.0
2026-01-03,wk inc flu hosp,3,2026-01-24,19,quantile,0.45,268.0
2026-01-03,wk inc flu hosp,3,2026-01-24,19,quantile,0.5,284.0
2026-01-03,wk inc flu hosp,3,2026-01-24,19,quantile,0.55,302.0
2026-01-03,wk inc flu hosp,3,2026-01-24,19,quantile,0.6,314.0
2026-01-03,wk inc flu hosp,3,2026-01-24,19,quantile,0.65,329.0
2026-01-03,wk inc flu hosp,3,2026-01-24,19,quantile,0.7,348.0
2026-01-03,wk inc flu hosp,3,2026-01-24,19,quantile,0.75,369.0
2026-01-03,wk inc flu hosp,3,2026-01-24,19,quantile,0.8,391.0
2026-01-03,wk inc flu hosp,3,2026-01-24,19,quantile,0.85,426.0
2026-01-03,wk inc flu hosp,3,2026-01-24,19,quantile,0.9,466.0
2026-01-03,wk inc flu hosp,3,2026-01-24,19,quantile,0.95,541.0
2026-01-03,wk inc flu hosp,3,2026-01-24,19,quantile,0.975,607.0
2026-01-03,wk inc flu hosp,3,2026-01-24,19,quantile,0.99,682.0
2026-01-03,wk inc flu hosp,3,2026-01-24,20,quantile,0.01,43.0
2026-01-03,wk inc flu hosp,3,2026-01-24,20,quantile,0.025,68.0
2026-01-03,wk inc flu hosp,3,2026-01-24,20,quantile,0.05,82.0
2026-01-03,wk inc flu hosp,3,2026-01-24,20,quantile,0.1,105.0
2026-01-03,wk inc flu hosp,3,2026-01-24,20,quantile,0.15,125.0
2026-01-03,wk inc flu hosp,3,2026-01-24,20,quantile,0.2,142.0
2026-01-03,wk inc flu hosp,3,2026-01-24,20,quantile,0.25,155.0
2026-01-03,wk inc flu hosp,3,2026-01-24,20,quantile,0.3,168.0
2026-01-03,wk inc flu hosp,3,2026-01-24,20,quantile,0.35,180.0
2026-01-03,wk inc flu hosp,3,2026-01-24,20,quantile,0.4,190.0
2026-01-03,wk inc flu hosp,3,2026-01-24,20,quantile,0.45,202.0
2026-01-03,wk inc flu hosp,3,2026-01-24,20,quantile,0.5,213.0
2026-01-03,wk inc flu hosp,3,2026-01-24,20,quantile,0.55,223.0
2026-01-03,wk inc flu hosp,3,2026-01-24,20,quantile,0.6,236.0
2026-01-03,wk inc flu hosp,3,2026-01-24,20,quantile,0.65,249.0
2026-01-03,wk inc flu hosp,3,2026-01-24,20,quantile,0.7,264.0
2026-01-03,wk inc flu hosp,3,2026-01-24,20,quantile,0.75,278.0
2026-01-03,wk inc flu hosp,3,2026-01-24,20,quantile,0.8,296.0
2026-01-03,wk inc flu hosp,3,2026-01-24,20,quantile,0.85,317.0
2026-01-03,wk inc flu hosp,3,2026-01-24,20,quantile,0.9,344.0
2026-01-03,wk inc flu hosp,3,2026-01-24,20,quantile,0.95,394.0
2026-01-03,wk inc flu hosp,3,2026-01-24,20,quantile,0.975,437.0
2026-01-03,wk inc flu hosp,3,2026-01-24,20,quantile,0.99,494.0
2026-01-03,wk inc flu hosp,3,2026-01-24,21,quantile,0.01,58.0
2026-01-03,wk inc flu hosp,3,2026-01-24,21,quantile,0.025,78.0
2026-01-03,wk inc flu hosp,3,2026-01-24,21,quantile,0.05,104.0
2026-01-03,wk inc flu hosp,3,2026-01-24,21,quantile,0.1,160.0
2026-01-03,wk inc flu hosp,3,2026-01-24,21,quantile,0.15,206.0
2026-01-03,wk inc flu hosp,3,2026-01-24,21,quantile,0.2,240.0
2026-01-03,wk inc flu hosp,3,2026-01-24,21,quantile,0.25,268.0
2026-01-03,wk inc flu hosp,3,2026-01-24,21,quantile,0.3,293.0
2026-01-03,wk inc flu hosp,3,2026-01-24,21,quantile,0.35,317.0
2026-01-03,wk inc flu hosp,3,2026-01-24,21,quantile,0.4,342.0
2026-01-03,wk inc flu hosp,3,2026-01-24,21,quantile,0.45,365.0
2026-01-03,wk inc flu hosp,3,2026-01-24,21,quantile,0.5,387.0
2026-01-03,wk inc flu hosp,3,2026-01-24,21,quantile,0.55,410.0
2026-01-03,wk inc flu hosp,3,2026-01-24,21,quantile,0.6,432.0
2026-01-03,wk inc flu hosp,3,2026-01-24,21,quantile,0.65,458.0
2026-01-03,wk inc flu hosp,3,2026-01-24,21,quantile,0.7,493.0
2026-01-03,wk inc flu hosp,3,2026-01-24,21,quantile,0.75,521.0
2026-01-03,wk inc flu hosp,3,2026-01-24,21,quantile,0.8,555.0
2026-01-03,wk inc flu hosp,3,2026-01-24,21,quantile,0.85,594.0
2026-01-03,wk inc flu hosp,3,2026-01-24,21,quantile,0.9,652.0
2026-01-03,wk inc flu hosp,3,2026-01-24,21,quantile,0.95,754.0
2026-01-03,wk inc flu hosp,3,2026-01-24,21,quantile,0.975,848.0
2026-01-03,wk inc flu hosp,3,2026-01-24,21,quantile,0.99,936.0
2026-01-03,wk inc flu hosp,3,2026-01-24,22,quantile,0.01,82.0
2026-01-03,wk inc flu hosp,3,2026-01-24,22,quantile,0.025,109.0
2026-01-03,wk inc flu hosp,3,2026-01-24,22,quantile,0.05,135.0
2026-01-03,wk inc flu hosp,3,2026-01-24,22,quantile,0.1,169.0
2026-01-03,wk inc flu hosp,3,2026-01-24,22,quantile,0.15,205.0
2026-01-03,wk inc flu hosp,3,2026-01-24,22,quantile,0.2,235.0
2026-01-03,wk inc flu hosp,3,2026-01-24,22,quantile,0.25,274.0
2026-01-03,wk inc flu hosp,3,2026-01-24,22,quantile,0.3,304.0
2026-01-03,wk inc flu hosp,3,2026-01-24,22,quantile,0.35,335.0
2026-01-03,wk inc flu hosp,3,2026-01-24,22,quantile,0.4,360.0
2026-01-03,wk inc flu hosp,3,2026-01-24,22,quantile,0.45,378.0
2026-01-03,wk inc flu hosp,3,2026-01-24,22,quantile,0.5,396.0
2026-01-03,wk inc flu hosp,3,2026-01-24,22,quantile,0.55,415.0
2026-01-03,wk inc flu hosp,3,2026-01-24,22,quantile,0.6,433.0
2026-01-03,wk inc flu hosp,3,2026-01-24,22,quantile,0.65,456.0
2026-01-03,wk inc flu hosp,3,2026-01-24,22,quantile,0.7,488.0
2026-01-03,wk inc flu hosp,3,2026-01-24,22,quantile,0.75,510.0
2026-01-03,wk inc flu hosp,3,2026-01-24,22,quantile,0.8,536.0
2026-01-03,wk inc flu hosp,3,2026-01-24,22,quantile,0.85,570.0
2026-01-03,wk inc flu hosp,3,2026-01-24,22,quantile,0.9,618.0
2026-01-03,wk inc flu hosp,3,2026-01-24,22,quantile,0.95,694.0
2026-01-03,wk inc flu hosp,3,2026-01-24,22,quantile,0.975,782.0
2026-01-03,wk inc flu hosp,3,2026-01-24,22,quantile,0.99,853.0
2026-01-03,wk inc flu hosp,3,2026-01-24,23,quantile,0.01,27.0
2026-01-03,wk inc flu hosp,3,2026-01-24,23,quantile,0.025,38.0
2026-01-03,wk inc flu hosp,3,2026-01-24,23,quantile,0.05,47.0
2026-01-03,wk inc flu hosp,3,2026-01-24,23,quantile,0.1,57.0
2026-01-03,wk inc flu hosp,3,2026-01-24,23,quantile,0.15,67.0
2026-01-03,wk inc flu hosp,3,2026-01-24,23,quantile,0.2,73.0
2026-01-03,wk inc flu hosp,3,2026-01-24,23,quantile,0.25,82.0
2026-01-03,wk inc flu hosp,3,2026-01-24,23,quantile,0.3,89.0
2026-01-03,wk inc flu hosp,3,2026-01-24,23,quantile,0.35,94.0
2026-01-03,wk inc flu hosp,3,2026-01-24,23,quantile,0.4,100.0
2026-01-03,wk inc flu hosp,3,2026-01-24,23,quantile,0.45,107.0
2026-01-03,wk inc flu hosp,3,2026-01-24,23,quantile,0.5,114.0
2026-01-03,wk inc flu hosp,3,2026-01-24,23,quantile,0.55,120.0
2026-01-03,wk inc flu hosp,3,2026-01-24,23,quantile,0.6,126.0
2026-01-03,wk inc flu hosp,3,2026-01-24,23,quantile,0.65,131.0
2026-01-03,wk inc flu hosp,3,2026-01-24,23,quantile,0.7,141.0
2026-01-03,wk inc flu hosp,3,2026-01-24,23,quantile,0.75,150.0
2026-01-03,wk inc flu hosp,3,2026-01-24,23,quantile,0.8,161.0
2026-01-03,wk inc flu hosp,3,2026-01-24,23,quantile,0.85,174.0
2026-01-03,wk inc flu hosp,3,2026-01-24,23,quantile,0.9,192.0
2026-01-03,wk inc flu hosp,3,2026-01-24,23,quantile,0.95,224.0
2026-01-03,wk inc flu hosp,3,2026-01-24,23,quantile,0.975,255.0
2026-01-03,wk inc flu hosp,3,2026-01-24,23,quantile,0.99,285.0
2026-01-03,wk inc flu hosp,3,2026-01-24,24,quantile,0.01,152.0
2026-01-03,wk inc flu hosp,3,2026-01-24,24,quantile,0.025,205.0
2026-01-03,wk inc flu hosp,3,2026-01-24,24,quantile,0.05,264.0
2026-01-03,wk inc flu hosp,3,2026-01-24,24,quantile,0.1,329.0
2026-01-03,wk inc flu hosp,3,2026-01-24,24,quantile,0.15,399.0
2026-01-03,wk inc flu hosp,3,2026-01-24,24,quantile,0.2,462.0
2026-01-03,wk inc flu hosp,3,2026-01-24,24,quantile,0.25,511.0
2026-01-03,wk inc flu hosp,3,2026-01-24,24,quantile,0.3,548.0
2026-01-03,wk inc flu hosp,3,2026-01-24,24,quantile,0.35,580.0
2026-01-03,wk inc flu hosp,3,2026-01-24,24,quantile,0.4,617.0
2026-01-03,wk inc flu hosp,3,2026-01-24,24,quantile,0.45,652.0
2026-01-03,wk inc flu hosp,3,2026-01-24,24,quantile,0.5,685.0
2026-01-03,wk inc flu hosp,3,2026-01-24,24,quantile,0.55,724.0
2026-01-03,wk inc flu hosp,3,2026-01-24,24,quantile,0.6,757.0
2026-01-03,wk inc flu hosp,3,2026-01-24,24,quantile,0.65,795.0
2026-01-03,wk inc flu hosp,3,2026-01-24,24,quantile,0.7,842.0
2026-01-03,wk inc flu hosp,3,2026-01-24,24,quantile,0.75,885.0
2026-01-03,wk inc flu hosp,3,2026-01-24,24,quantile,0.8,938.0
2026-01-03,wk inc flu hosp,3,2026-01-24,24,quantile,0.85,994.0
2026-01-03,wk inc flu hosp,3,2026-01-24,24,quantile,0.9,1080.0
2026-01-03,wk inc flu hosp,3,2026-01-24,24,quantile,0.95,1214.0
2026-01-03,wk inc flu hosp,3,2026-01-24,24,quantile,0.975,1353.0
2026-01-03,wk inc flu hosp,3,2026-01-24,24,quantile,0.99,1485.0
2026-01-03,wk inc flu hosp,3,2026-01-24,25,quantile,0.01,246.0
2026-01-03,wk inc flu hosp,3,2026-01-24,25,quantile,0.025,319.0
2026-01-03,wk inc flu hosp,3,2026-01-24,25,quantile,0.05,377.0
2026-01-03,wk inc flu hosp,3,2026-01-24,25,quantile,0.1,456.0
2026-01-03,wk inc flu hosp,3,2026-01-24,25,quantile,0.15,512.0
2026-01-03,wk inc flu hosp,3,2026-01-24,25,quantile,0.2,562.0
2026-01-03,wk inc flu hosp,3,2026-01-24,25,quantile,0.25,609.0
2026-01-03,wk inc flu hosp,3,2026-01-24,25,quantile,0.3,656.0
2026-01-03,wk inc flu hosp,3,2026-01-24,25,quantile,0.35,696.0
2026-01-03,wk inc flu hosp,3,2026-01-24,25,quantile,0.4,735.0
2026-01-03,wk inc flu hosp,3,2026-01-24,25,quantile,0.45,773.0
2026-01-03,wk inc flu hosp,3,2026-01-24,25,quantile,0.5,812.0
2026-01-03,wk inc flu hosp,3,2026-01-24,25,quantile,0.55,855.0
2026-01-03,wk inc flu hosp,3,2026-01-24,25,quantile,0.6,895.0
2026-01-03,wk inc flu hosp,3,2026-01-24,25,quantile,0.65,941.0
2026-01-03,wk inc flu hosp,3,2026-01-24,25,quantile,0.7,976.0
2026-01-03,wk inc flu hosp,3,2026-01-24,25,quantile,0.75,1020.0
2026-01-03,wk inc flu hosp,3,2026-01-24,25,quantile,0.8,1070.0
2026-01-03,wk inc flu hosp,3,2026-01-24,25,quantile,0.85,1132.0
2026-01-03,wk inc flu hosp,3,2026-01-24,25,quantile,0.9,1251.0
2026-01-03,wk inc flu hosp,3,2026-01-24,25,quantile,0.95,1414.0
2026-01-03,wk inc flu hosp,3,2026-01-24,25,quantile,0.975,1578.0
2026-01-03,wk inc flu hosp,3,2026-01-24,25,quantile,0.99,1711.0
2026-01-03,wk inc flu hosp,3,2026-01-24,26,quantile,0.01,184.0
2026-01-03,wk inc flu hosp,3,2026-01-24,26,quantile,0.025,287.0
2026-01-03,wk inc flu hosp,3,2026-01-24,26,quantile,0.05,368.0
2026-01-03,wk inc flu hosp,3,2026-01-24,26,quantile,0.1,472.0
2026-01-03,wk inc flu hosp,3,2026-01-24,26,quantile,0.15,551.0
2026-01-03,wk inc flu hosp,3,2026-01-24,26,quantile,0.2,622.0
2026-01-03,wk inc flu hosp,3,2026-01-24,26,quantile,0.25,685.0
2026-01-03,wk inc flu hosp,3,2026-01-24,26,quantile,0.3,748.0
2026-01-03,wk inc flu hosp,3,2026-01-24,26,quantile,0.35,804.0
2026-01-03,wk inc flu hosp,3,2026-01-24,26,quantile,0.4,856.0
2026-01-03,wk inc flu hosp,3,2026-01-24,26,quantile,0.45,910.0
2026-01-03,wk inc flu hosp,3,2026-01-24,26,quantile,0.5,955.0
2026-01-03,wk inc flu hosp,3,2026-01-24,26,quantile,0.55,1010.0
2026-01-03,wk inc flu hosp,3,2026-01-24,26,quantile,0.6,1071.0
2026-01-03,wk inc flu hosp,3,2026-01-24,26,quantile,0.65,1132.0
2026-01-03,wk inc flu hosp,3,2026-01-24,26,quantile,0.7,1189.0
2026-01-03,wk inc flu hosp,3,2026-01-24,26,quantile,0.75,1249.0
2026-01-03,wk inc flu hosp,3,2026-01-24,26,quantile,0.8,1316.0
2026-01-03,wk inc flu hosp,3,2026-01-24,26,quantile,0.85,1427.0
2026-01-03,wk inc flu hosp,3,2026-01-24,26,quantile,0.9,1573.0
2026-01-03,wk inc flu hosp,3,2026-01-24,26,quantile,0.95,1801.0
2026-01-03,wk inc flu hosp,3,2026-01-24,26,quantile,0.975,2001.0
2026-01-03,wk inc flu hosp,3,2026-01-24,26,quantile,0.99,2228.0
2026-01-03,wk inc flu hosp,3,2026-01-24,27,quantile,0.01,160.0
2026-01-03,wk inc flu hosp,3,2026-01-24,27,quantile,0.025,227.0
2026-01-03,wk inc flu hosp,3,2026-01-24,27,quantile,0.05,301.0
2026-01-03,wk inc flu hosp,3,2026-01-24,27,quantile,0.1,369.0
2026-01-03,wk inc flu hosp,3,2026-01-24,27,quantile,0.15,439.0
2026-01-03,wk inc flu hosp,3,2026-01-24,27,quantile,0.2,484.0
2026-01-03,wk inc flu hosp,3,2026-01-24,27,quantile,0.25,528.0
2026-01-03,wk inc flu hosp,3,2026-01-24,27,quantile,0.3,572.0
2026-01-03,wk inc flu hosp,3,2026-01-24,27,quantile,0.35,609.0
2026-01-03,wk inc flu hosp,3,2026-01-24,27,quantile,0.4,650.0
2026-01-03,wk inc flu hosp,3,2026-01-24,27,quantile,0.45,682.0
2026-01-03,wk inc flu hosp,3,2026-01-24,27,quantile,0.5,717.0
2026-01-03,wk inc flu hosp,3,2026-01-24,27,quantile,0.55,747.0
2026-01-03,wk inc flu hosp,3,2026-01-24,27,quantile,0.6,787.0
2026-01-03,wk inc flu hosp,3,2026-01-24,27,quantile,0.65,830.0
2026-01-03,wk inc flu hosp,3,2026-01-24,27,quantile,0.7,879.0
2026-01-03,wk inc flu hosp,3,2026-01-24,27,quantile,0.75,934.0
2026-01-03,wk inc flu hosp,3,2026-01-24,27,quantile,0.8,992.0
2026-01-03,wk inc flu hosp,3,2026-01-24,27,quantile,0.85,1051.0
2026-01-03,wk inc flu hosp,3,2026-01-24,27,quantile,0.9,1134.0
2026-01-03,wk inc flu hosp,3,2026-01-24,27,quantile,0.95,1277.0
2026-01-03,wk inc flu hosp,3,2026-01-24,27,quantile,0.975,1436.0
2026-01-03,wk inc flu hosp,3,2026-01-24,27,quantile,0.99,1549.0
2026-01-03,wk inc flu hosp,3,2026-01-24,28,quantile,0.01,19.0
2026-01-03,wk inc flu hosp,3,2026-01-24,28,quantile,0.025,24.0
2026-01-03,wk inc flu hosp,3,2026-01-24,28,quantile,0.05,28.0
2026-01-03,wk inc flu hosp,3,2026-01-24,28,quantile,0.1,35.0
2026-01-03,wk inc flu hosp,3,2026-01-24,28,quantile,0.15,40.0
2026-01-03,wk inc flu hosp,3,2026-01-24,28,quantile,0.2,49.0
2026-01-03,wk inc flu hosp,3,2026-01-24,28,quantile,0.25,61.0
2026-01-03,wk inc flu hosp,3,2026-01-24,28,quantile,0.3,72.0
2026-01-03,wk inc flu hosp,3,2026-01-24,28,quantile,0.35,84.0
2026-01-03,wk inc flu hosp,3,2026-01-24,28,quantile,0.4,97.0
2026-01-03,wk inc flu hosp,3,2026-01-24,28,quantile,0.45,107.0
2026-01-03,wk inc flu hosp,3,2026-01-24,28,quantile,0.5,117.0
2026-01-03,wk inc flu hosp,3,2026-01-24,28,quantile,0.55,128.0
2026-01-03,wk inc flu hosp,3,2026-01-24,28,quantile,0.6,140.0
2026-01-03,wk inc flu hosp,3,2026-01-24,28,quantile,0.65,152.0
2026-01-03,wk inc flu hosp,3,2026-01-24,28,quantile,0.7,164.0
2026-01-03,wk inc flu hosp,3,2026-01-24,28,quantile,0.75,180.0
2026-01-03,wk inc flu hosp,3,2026-01-24,28,quantile,0.8,196.0
2026-01-03,wk inc flu hosp,3,2026-01-24,28,quantile,0.85,221.0
2026-01-03,wk inc flu hosp,3,2026-01-24,28,quantile,0.9,254.0
2026-01-03,wk inc flu hosp,3,2026-01-24,28,quantile,0.95,295.0
2026-01-03,wk inc flu hosp,3,2026-01-24,28,quantile,0.975,330.0
2026-01-03,wk inc flu hosp,3,2026-01-24,28,quantile,0.99,370.0
2026-01-03,wk inc flu hosp,3,2026-01-24,30,quantile,0.01,6.0
2026-01-03,wk inc flu hosp,3,2026-01-24,30,quantile,0.025,8.0
2026-01-03,wk inc flu hosp,3,2026-01-24,30,quantile,0.05,14.0
2026-01-03,wk inc flu hosp,3,2026-01-24,30,quantile,0.1,22.0
2026-01-03,wk inc flu hosp,3,2026-01-24,30,quantile,0.15,28.0
2026-01-03,wk inc flu hosp,3,2026-01-24,30,quantile,0.2,34.0
2026-01-03,wk inc flu hosp,3,2026-01-24,30,quantile,0.25,38.0
2026-01-03,wk inc flu hosp,3,2026-01-24,30,quantile,0.3,42.0
2026-01-03,wk inc flu hosp,3,2026-01-24,30,quantile,0.35,46.0
2026-01-03,wk inc flu hosp,3,2026-01-24,30,quantile,0.4,51.0
2026-01-03,wk inc flu hosp,3,2026-01-24,30,quantile,0.45,55.0
2026-01-03,wk inc flu hosp,3,2026-01-24,30,quantile,0.5,58.0
2026-01-03,wk inc flu hosp,3,2026-01-24,30,quantile,0.55,63.0
2026-01-03,wk inc flu hosp,3,2026-01-24,30,quantile,0.6,66.0
2026-01-03,wk inc flu hosp,3,2026-01-24,30,quantile,0.65,71.0
2026-01-03,wk inc flu hosp,3,2026-01-24,30,quantile,0.7,75.0
2026-01-03,wk inc flu hosp,3,2026-01-24,30,quantile,0.75,80.0
2026-01-03,wk inc flu hosp,3,2026-01-24,30,quantile,0.8,85.0
2026-01-03,wk inc flu hosp,3,2026-01-24,30,quantile,0.85,93.0
2026-01-03,wk inc flu hosp,3,2026-01-24,30,quantile,0.9,101.0
2026-01-03,wk inc flu hosp,3,2026-01-24,30,quantile,0.95,114.0
2026-01-03,wk inc flu hosp,3,2026-01-24,30,quantile,0.975,124.0
2026-01-03,wk inc flu hosp,3,2026-01-24,30,quantile,0.99,142.0
2026-01-03,wk inc flu hosp,3,2026-01-24,31,quantile,0.01,9.0
2026-01-03,wk inc flu hosp,3,2026-01-24,31,quantile,0.025,15.0
2026-01-03,wk inc flu hosp,3,2026-01-24,31,quantile,0.05,23.0
2026-01-03,wk inc flu hosp,3,2026-01-24,31,quantile,0.1,33.0
2026-01-03,wk inc flu hosp,3,2026-01-24,31,quantile,0.15,42.0
2026-01-03,wk inc flu hosp,3,2026-01-24,31,quantile,0.2,48.0
2026-01-03,wk inc flu hosp,3,2026-01-24,31,quantile,0.25,54.0
2026-01-03,wk inc flu hosp,3,2026-01-24,31,quantile,0.3,59.0
2026-01-03,wk inc flu hosp,3,2026-01-24,31,quantile,0.35,65.0
2026-01-03,wk inc flu hosp,3,2026-01-24,31,quantile,0.4,70.0
2026-01-03,wk inc flu hosp,3,2026-01-24,31,quantile,0.45,74.0
2026-01-03,wk inc flu hosp,3,2026-01-24,31,quantile,0.5,78.0
2026-01-03,wk inc flu hosp,3,2026-01-24,31,quantile,0.55,83.0
2026-01-03,wk inc flu hosp,3,2026-01-24,31,quantile,0.6,87.0
2026-01-03,wk inc flu hosp,3,2026-01-24,31,quantile,0.65,93.0
2026-01-03,wk inc flu hosp,3,2026-01-24,31,quantile,0.7,99.0
2026-01-03,wk inc flu hosp,3,2026-01-24,31,quantile,0.75,105.0
2026-01-03,wk inc flu hosp,3,2026-01-24,31,quantile,0.8,112.0
2026-01-03,wk inc flu hosp,3,2026-01-24,31,quantile,0.85,119.0
2026-01-03,wk inc flu hosp,3,2026-01-24,31,quantile,0.9,129.0
2026-01-03,wk inc flu hosp,3,2026-01-24,31,quantile,0.95,146.0
2026-01-03,wk inc flu hosp,3,2026-01-24,31,quantile,0.975,164.0
2026-01-03,wk inc flu hosp,3,2026-01-24,31,quantile,0.99,180.0
2026-01-03,wk inc flu hosp,3,2026-01-24,32,quantile,0.01,28.0
2026-01-03,wk inc flu hosp,3,2026-01-24,32,quantile,0.025,43.0
2026-01-03,wk inc flu hosp,3,2026-01-24,32,quantile,0.05,56.0
2026-01-03,wk inc flu hosp,3,2026-01-24,32,quantile,0.1,72.0
2026-01-03,wk inc flu hosp,3,2026-01-24,32,quantile,0.15,84.0
2026-01-03,wk inc flu hosp,3,2026-01-24,32,quantile,0.2,94.0
2026-01-03,wk inc flu hosp,3,2026-01-24,32,quantile,0.25,102.0
2026-01-03,wk inc flu hosp,3,2026-01-24,32,quantile,0.3,110.0
2026-01-03,wk inc flu hosp,3,2026-01-24,32,quantile,0.35,117.0
2026-01-03,wk inc flu hosp,3,2026-01-24,32,quantile,0.4,125.0
2026-01-03,wk inc flu hosp,3,2026-01-24,32,quantile,0.45,132.0
2026-01-03,wk inc flu hosp,3,2026-01-24,32,quantile,0.5,140.0
2026-01-03,wk inc flu hosp,3,2026-01-24,32,quantile,0.55,147.0
2026-01-03,wk inc flu hosp,3,2026-01-24,32,quantile,0.6,154.0
2026-01-03,wk inc flu hosp,3,2026-01-24,32,quantile,0.65,163.0
2026-01-03,wk inc flu hosp,3,2026-01-24,32,quantile,0.7,172.0
2026-01-03,wk inc flu hosp,3,2026-01-24,32,quantile,0.75,183.0
2026-01-03,wk inc flu hosp,3,2026-01-24,32,quantile,0.8,194.0
2026-01-03,wk inc flu hosp,3,2026-01-24,32,quantile,0.85,208.0
2026-01-03,wk inc flu hosp,3,2026-01-24,32,quantile,0.9,226.0
2026-01-03,wk inc flu hosp,3,2026-01-24,32,quantile,0.95,254.0
2026-01-03,wk inc flu hosp,3,2026-01-24,32,quantile,0.975,278.0
2026-01-03,wk inc flu hosp,3,2026-01-24,32,quantile,0.99,311.0
2026-01-03,wk inc flu hosp,3,2026-01-24,33,quantile,0.01,56.0
2026-01-03,wk inc flu hosp,3,2026-01-24,33,quantile,0.025,69.0
2026-01-03,wk inc flu hosp,3,2026-01-24,33,quantile,0.05,78.0
2026-01-03,wk inc flu hosp,3,2026-01-24,33,quantile,0.1,95.0
2026-01-03,wk inc flu hosp,3,2026-01-24,33,quantile,0.15,105.0
2026-01-03,wk inc flu hosp,3,2026-01-24,33,quantile,0.2,115.0
2026-01-03,wk inc flu hosp,3,2026-01-24,33,quantile,0.25,124.0
2026-01-03,wk inc flu hosp,3,2026-01-24,33,quantile,0.3,132.0
2026-01-03,wk inc flu hosp,3,2026-01-24,33,quantile,0.35,140.0
2026-01-03,wk inc flu hosp,3,2026-01-24,33,quantile,0.4,148.0
2026-01-03,wk inc flu hosp,3,2026-01-24,33,quantile,0.45,157.0
2026-01-03,wk inc flu hosp,3,2026-01-24,33,quantile,0.5,164.0
2026-01-03,wk inc flu hosp,3,2026-01-24,33,quantile,0.55,172.0
2026-01-03,wk inc flu hosp,3,2026-01-24,33,quantile,0.6,181.0
2026-01-03,wk inc flu hosp,3,2026-01-24,33,quantile,0.65,189.0
2026-01-03,wk inc flu hosp,3,2026-01-24,33,quantile,0.7,197.0
2026-01-03,wk inc flu hosp,3,2026-01-24,33,quantile,0.75,208.0
2026-01-03,wk inc flu hosp,3,2026-01-24,33,quantile,0.8,220.0
2026-01-03,wk inc flu hosp,3,2026-01-24,33,quantile,0.85,233.0
2026-01-03,wk inc flu hosp,3,2026-01-24,33,quantile,0.9,255.0
2026-01-03,wk inc flu hosp,3,2026-01-24,33,quantile,0.95,297.0
2026-01-03,wk inc flu hosp,3,2026-01-24,33,quantile,0.975,331.0
2026-01-03,wk inc flu hosp,3,2026-01-24,33,quantile,0.99,366.0
2026-01-03,wk inc flu hosp,3,2026-01-24,34,quantile,0.01,245.0
2026-01-03,wk inc flu hosp,3,2026-01-24,34,quantile,0.025,317.0
2026-01-03,wk inc flu hosp,3,2026-01-24,34,quantile,0.05,397.0
2026-01-03,wk inc flu hosp,3,2026-01-24,34,quantile,0.1,506.0
2026-01-03,wk inc flu hosp,3,2026-01-24,34,quantile,0.15,607.0
2026-01-03,wk inc flu hosp,3,2026-01-24,34,quantile,0.2,701.0
2026-01-03,wk inc flu hosp,3,2026-01-24,34,quantile,0.25,779.0
2026-01-03,wk inc flu hosp,3,2026-01-24,34,quantile,0.3,861.0
2026-01-03,wk inc flu hosp,3,2026-01-24,34,quantile,0.35,912.0
2026-01-03,wk inc flu hosp,3,2026-01-24,34,quantile,0.4,952.0
2026-01-03,wk inc flu hosp,3,2026-01-24,34,quantile,0.45,998.0
2026-01-03,wk inc flu hosp,3,2026-01-24,34,quantile,0.5,1043.0
2026-01-03,wk inc flu hosp,3,2026-01-24,34,quantile,0.55,1087.0
2026-01-03,wk inc flu hosp,3,2026-01-24,34,quantile,0.6,1132.0
2026-01-03,wk inc flu hosp,3,2026-01-24,34,quantile,0.65,1192.0
2026-01-03,wk inc flu hosp,3,2026-01-24,34,quantile,0.7,1247.0
2026-01-03,wk inc flu hosp,3,2026-01-24,34,quantile,0.75,1307.0
2026-01-03,wk inc flu hosp,3,2026-01-24,34,quantile,0.8,1374.0
2026-01-03,wk inc flu hosp,3,2026-01-24,34,quantile,0.85,1457.0
2026-01-03,wk inc flu hosp,3,2026-01-24,34,quantile,0.9,1571.0
2026-01-03,wk inc flu hosp,3,2026-01-24,34,quantile,0.95,1746.0
2026-01-03,wk inc flu hosp,3,2026-01-24,34,quantile,0.975,1952.0
2026-01-03,wk inc flu hosp,3,2026-01-24,34,quantile,0.99,2121.0
2026-01-03,wk inc flu hosp,3,2026-01-24,35,quantile,0.01,51.0
2026-01-03,wk inc flu hosp,3,2026-01-24,35,quantile,0.025,69.0
2026-01-03,wk inc flu hosp,3,2026-01-24,35,quantile,0.05,90.0
2026-01-03,wk inc flu hosp,3,2026-01-24,35,quantile,0.1,120.0
2026-01-03,wk inc flu hosp,3,2026-01-24,35,quantile,0.15,142.0
2026-01-03,wk inc flu hosp,3,2026-01-24,35,quantile,0.2,159.0
2026-01-03,wk inc flu hosp,3,2026-01-24,35,quantile,0.25,176.0
2026-01-03,wk inc flu hosp,3,2026-01-24,35,quantile,0.3,191.0
2026-01-03,wk inc flu hosp,3,2026-01-24,35,quantile,0.35,205.0
2026-01-03,wk inc flu hosp,3,2026-01-24,35,quantile,0.4,217.0
2026-01-03,wk inc flu hosp,3,2026-01-24,35,quantile,0.45,231.0
2026-01-03,wk inc flu hosp,3,2026-01-24,35,quantile,0.5,244.0
2026-01-03,wk inc flu hosp,3,2026-01-24,35,quantile,0.55,257.0
2026-01-03,wk inc flu hosp,3,2026-01-24,35,quantile,0.6,274.0
2026-01-03,wk inc flu hosp,3,2026-01-24,35,quantile,0.65,287.0
2026-01-03,wk inc flu hosp,3,2026-01-24,35,quantile,0.7,301.0
2026-01-03,wk inc flu hosp,3,2026-01-24,35,quantile,0.75,316.0
2026-01-03,wk inc flu hosp,3,2026-01-24,35,quantile,0.8,332.0
2026-01-03,wk inc flu hosp,3,2026-01-24,35,quantile,0.85,356.0
2026-01-03,wk inc flu hosp,3,2026-01-24,35,quantile,0.9,394.0
2026-01-03,wk inc flu hosp,3,2026-01-24,35,quantile,0.95,458.0
2026-01-03,wk inc flu hosp,3,2026-01-24,35,quantile,0.975,509.0
2026-01-03,wk inc flu hosp,3,2026-01-24,35,quantile,0.99,561.0
2026-01-03,wk inc flu hosp,3,2026-01-24,36,quantile,0.01,419.0
2026-01-03,wk inc flu hosp,3,2026-01-24,36,quantile,0.025,554.0
2026-01-03,wk inc flu hosp,3,2026-01-24,36,quantile,0.05,687.0
2026-01-03,wk inc flu hosp,3,2026-01-24,36,quantile,0.1,895.0
2026-01-03,wk inc flu hosp,3,2026-01-24,36,quantile,0.15,1080.0
2026-01-03,wk inc flu hosp,3,2026-01-24,36,quantile,0.2,1257.0
2026-01-03,wk inc flu hosp,3,2026-01-24,36,quantile,0.25,1427.0
2026-01-03,wk inc flu hosp,3,2026-01-24,36,quantile,0.3,1568.0
2026-01-03,wk inc flu hosp,3,2026-01-24,36,quantile,0.35,1651.0
2026-01-03,wk inc flu hosp,3,2026-01-24,36,quantile,0.4,1730.0
2026-01-03,wk inc flu hosp,3,2026-01-24,36,quantile,0.45,1806.0
2026-01-03,wk inc flu hosp,3,2026-01-24,36,quantile,0.5,1886.0
2026-01-03,wk inc flu hosp,3,2026-01-24,36,quantile,0.55,1952.0
2026-01-03,wk inc flu hosp,3,2026-01-24,36,quantile,0.6,2027.0
2026-01-03,wk inc flu hosp,3,2026-01-24,36,quantile,0.65,2125.0
2026-01-03,wk inc flu hosp,3,2026-01-24,36,quantile,0.7,2246.0
2026-01-03,wk inc flu hosp,3,2026-01-24,36,quantile,0.75,2351.0
2026-01-03,wk inc flu hosp,3,2026-01-24,36,quantile,0.8,2463.0
2026-01-03,wk inc flu hosp,3,2026-01-24,36,quantile,0.85,2614.0
2026-01-03,wk inc flu hosp,3,2026-01-24,36,quantile,0.9,2802.0
2026-01-03,wk inc flu hosp,3,2026-01-24,36,quantile,0.95,3147.0
2026-01-03,wk inc flu hosp,3,2026-01-24,36,quantile,0.975,3475.0
2026-01-03,wk inc flu hosp,3,2026-01-24,36,quantile,0.99,3861.0
2026-01-03,wk inc flu hosp,3,2026-01-24,37,quantile,0.01,574.0
2026-01-03,wk inc flu hosp,3,2026-01-24,37,quantile,0.025,715.0
2026-01-03,wk inc flu hosp,3,2026-01-24,37,quantile,0.05,819.0
2026-01-03,wk inc flu hosp,3,2026-01-24,37,quantile,0.1,1030.0
2026-01-03,wk inc flu hosp,3,2026-01-24,37,quantile,0.15,1207.0
2026-01-03,wk inc flu hosp,3,2026-01-24,37,quantile,0.2,1340.0
2026-01-03,wk inc flu hosp,3,2026-01-24,37,quantile,0.25,1474.0
2026-01-03,wk inc flu hosp,3,2026-01-24,37,quantile,0.3,1586.0
2026-01-03,wk inc flu hosp,3,2026-01-24,37,quantile,0.35,1715.0
2026-01-03,wk inc flu hosp,3,2026-01-24,37,quantile,0.4,1825.0
2026-01-03,wk inc flu hosp,3,2026-01-24,37,quantile,0.45,1932.0
2026-01-03,wk inc flu hosp,3,2026-01-24,37,quantile,0.5,2031.0
2026-01-03,wk inc flu hosp,3,2026-01-24,37,quantile,0.55,2154.0
2026-01-03,wk inc flu hosp,3,2026-01-24,37,quantile,0.6,2262.0
2026-01-03,wk inc flu hosp,3,2026-01-24,37,quantile,0.65,2361.0
2026-01-03,wk inc flu hosp,3,2026-01-24,37,quantile,0.7,2485.0
2026-01-03,wk inc flu hosp,3,2026-01-24,37,quantile,0.75,2593.0
2026-01-03,wk inc flu hosp,3,2026-01-24,37,quantile,0.8,2716.0
2026-01-03,wk inc flu hosp,3,2026-01-24,37,quantile,0.85,2874.0
2026-01-03,wk inc flu hosp,3,2026-01-24,37,quantile,0.9,3095.0
2026-01-03,wk inc flu hosp,3,2026-01-24,37,quantile,0.95,3506.0
2026-01-03,wk inc flu hosp,3,2026-01-24,37,quantile,0.975,3713.0
2026-01-03,wk inc flu hosp,3,2026-01-24,37,quantile,0.99,4057.0
2026-01-03,wk inc flu hosp,3,2026-01-24,38,quantile,0.01,10.0
2026-01-03,wk inc flu hosp,3,2026-01-24,38,quantile,0.025,15.0
2026-01-03,wk inc flu hosp,3,2026-01-24,38,quantile,0.05,20.0
2026-01-03,wk inc flu hosp,3,2026-01-24,38,quantile,0.1,27.0
2026-01-03,wk inc flu hosp,3,2026-01-24,38,quantile,0.15,33.0
2026-01-03,wk inc flu hosp,3,2026-01-24,38,quantile,0.2,36.0
2026-01-03,wk inc flu hosp,3,2026-01-24,38,quantile,0.25,40.0
2026-01-03,wk inc flu hosp,3,2026-01-24,38,quantile,0.3,43.0
2026-01-03,wk inc flu hosp,3,2026-01-24,38,quantile,0.35,46.0
2026-01-03,wk inc flu hosp,3,2026-01-24,38,quantile,0.4,49.0
2026-01-03,wk inc flu hosp,3,2026-01-24,38,quantile,0.45,52.0
2026-01-03,wk inc flu hosp,3,2026-01-24,38,quantile,0.5,55.0
2026-01-03,wk inc flu hosp,3,2026-01-24,38,quantile,0.55,58.0
2026-01-03,wk inc flu hosp,3,2026-01-24,38,quantile,0.6,61.0
2026-01-03,wk inc flu hosp,3,2026-01-24,38,quantile,0.65,65.0
2026-01-03,wk inc flu hosp,3,2026-01-24,38,quantile,0.7,68.0
2026-01-03,wk inc flu hosp,3,2026-01-24,38,quantile,0.75,73.0
2026-01-03,wk inc flu hosp,3,2026-01-24,38,quantile,0.8,78.0
2026-01-03,wk inc flu hosp,3,2026-01-24,38,quantile,0.85,82.0
2026-01-03,wk inc flu hosp,3,2026-01-24,38,quantile,0.9,90.0
2026-01-03,wk inc flu hosp,3,2026-01-24,38,quantile,0.95,102.0
2026-01-03,wk inc flu hosp,3,2026-01-24,38,quantile,0.975,114.0
2026-01-03,wk inc flu hosp,3,2026-01-24,38,quantile,0.99,125.0
2026-01-03,wk inc flu hosp,3,2026-01-24,39,quantile,0.01,353.0
2026-01-03,wk inc flu hosp,3,2026-01-24,39,quantile,0.025,439.0
2026-01-03,wk inc flu hosp,3,2026-01-24,39,quantile,0.05,553.0
2026-01-03,wk inc flu hosp,3,2026-01-24,39,quantile,0.1,669.0
2026-01-03,wk inc flu hosp,3,2026-01-24,39,quantile,0.15,753.0
2026-01-03,wk inc flu hosp,3,2026-01-24,39,quantile,0.2,826.0
2026-01-03,wk inc flu hosp,3,2026-01-24,39,quantile,0.25,890.0
2026-01-03,wk inc flu hosp,3,2026-01-24,39,quantile,0.3,946.0
2026-01-03,wk inc flu hosp,3,2026-01-24,39,quantile,0.35,1014.0
2026-01-03,wk inc flu hosp,3,2026-01-24,39,quantile,0.4,1072.0
2026-01-03,wk inc flu hosp,3,2026-01-24,39,quantile,0.45,1130.0
2026-01-03,wk inc flu hosp,3,2026-01-24,39,quantile,0.5,1180.0
2026-01-03,wk inc flu hosp,3,2026-01-24,39,quantile,0.55,1240.0
2026-01-03,wk inc flu hosp,3,2026-01-24,39,quantile,0.6,1313.0
2026-01-03,wk inc flu hosp,3,2026-01-24,39,quantile,0.65,1380.0
2026-01-03,wk inc flu hosp,3,2026-01-24,39,quantile,0.7,1440.0
2026-01-03,wk inc flu hosp,3,2026-01-24,39,quantile,0.75,1525.0
2026-01-03,wk inc flu hosp,3,2026-01-24,39,quantile,0.8,1597.0
2026-01-03,wk inc flu hosp,3,2026-01-24,39,quantile,0.85,1705.0
2026-01-03,wk inc flu hosp,3,2026-01-24,39,quantile,0.9,1875.0
2026-01-03,wk inc flu hosp,3,2026-01-24,39,quantile,0.95,2161.0
2026-01-03,wk inc flu hosp,3,2026-01-24,39,quantile,0.975,2402.0
2026-01-03,wk inc flu hosp,3,2026-01-24,39,quantile,0.99,2680.0
2026-01-03,wk inc flu hosp,3,2026-01-24,40,quantile,0.01,39.0
2026-01-03,wk inc flu hosp,3,2026-01-24,40,quantile,0.025,46.0
2026-01-03,wk inc flu hosp,3,2026-01-24,40,quantile,0.05,61.0
2026-01-03,wk inc flu hosp,3,2026-01-24,40,quantile,0.1,98.0
2026-01-03,wk inc flu hosp,3,2026-01-24,40,quantile,0.15,127.0
2026-01-03,wk inc flu hosp,3,2026-01-24,40,quantile,0.2,150.0
2026-01-03,wk inc flu hosp,3,2026-01-24,40,quantile,0.25,168.0
2026-01-03,wk inc flu hosp,3,2026-01-24,40,quantile,0.3,189.0
2026-01-03,wk inc flu hosp,3,2026-01-24,40,quantile,0.35,209.0
2026-01-03,wk inc flu hosp,3,2026-01-24,40,quantile,0.4,227.0
2026-01-03,wk inc flu hosp,3,2026-01-24,40,quantile,0.45,245.0
2026-01-03,wk inc flu hosp,3,2026-01-24,40,quantile,0.5,262.0
2026-01-03,wk inc flu hosp,3,2026-01-24,40,quantile,0.55,276.0
2026-01-03,wk inc flu hosp,3,2026-01-24,40,quantile,0.6,293.0
2026-01-03,wk inc flu hosp,3,2026-01-24,40,quantile,0.65,318.0
2026-01-03,wk inc flu hosp,3,2026-01-24,40,quantile,0.7,339.0
2026-01-03,wk inc flu hosp,3,2026-01-24,40,quantile,0.75,366.0
2026-01-03,wk inc flu hosp,3,2026-01-24,40,quantile,0.8,396.0
2026-01-03,wk inc flu hosp,3,2026-01-24,40,quantile,0.85,428.0
2026-01-03,wk inc flu hosp,3,2026-01-24,40,quantile,0.9,469.0
2026-01-03,wk inc flu hosp,3,2026-01-24,40,quantile,0.95,536.0
2026-01-03,wk inc flu hosp,3,2026-01-24,40,quantile,0.975,611.0
2026-01-03,wk inc flu hosp,3,2026-01-24,40,quantile,0.99,679.0
2026-01-03,wk inc flu hosp,3,2026-01-24,41,quantile,0.01,5.0
2026-01-03,wk inc flu hosp,3,2026-01-24,41,quantile,0.025,6.0
2026-01-03,wk inc flu hosp,3,2026-01-24,41,quantile,0.05,8.0
2026-01-03,wk inc flu hosp,3,2026-01-24,41,quantile,0.1,10.0
2026-01-03,wk inc flu hosp,3,2026-01-24,41,quantile,0.15,12.0
2026-01-03,wk inc flu hosp,3,2026-01-24,41,quantile,0.2,13.0
2026-01-03,wk inc flu hosp,3,2026-01-24,41,quantile,0.25,18.0
2026-01-03,wk inc flu hosp,3,2026-01-24,41,quantile,0.3,27.0
2026-01-03,wk inc flu hosp,3,2026-01-24,41,quantile,0.35,34.0
2026-01-03,wk inc flu hosp,3,2026-01-24,41,quantile,0.4,42.0
2026-01-03,wk inc flu hosp,3,2026-01-24,41,quantile,0.45,51.0
2026-01-03,wk inc flu hosp,3,2026-01-24,41,quantile,0.5,57.0
2026-01-03,wk inc flu hosp,3,2026-01-24,41,quantile,0.55,66.0
2026-01-03,wk inc flu hosp,3,2026-01-24,41,quantile,0.6,76.0
2026-01-03,wk inc flu hosp,3,2026-01-24,41,quantile,0.65,86.0
2026-01-03,wk inc flu hosp,3,2026-01-24,41,quantile,0.7,94.0
2026-01-03,wk inc flu hosp,3,2026-01-24,41,quantile,0.75,103.0
2026-01-03,wk inc flu hosp,3,2026-01-24,41,quantile,0.8,118.0
2026-01-03,wk inc flu hosp,3,2026-01-24,41,quantile,0.85,134.0
2026-01-03,wk inc flu hosp,3,2026-01-24,41,quantile,0.9,154.0
2026-01-03,wk inc flu hosp,3,2026-01-24,41,quantile,0.95,187.0
2026-01-03,wk inc flu hosp,3,2026-01-24,41,quantile,0.975,214.0
2026-01-03,wk inc flu hosp,3,2026-01-24,41,quantile,0.99,242.0
2026-01-03,wk inc flu hosp,3,2026-01-24,42,quantile,0.01,126.0
2026-01-03,wk inc flu hosp,3,2026-01-24,42,quantile,0.025,215.0
2026-01-03,wk inc flu hosp,3,2026-01-24,42,quantile,0.05,271.0
2026-01-03,wk inc flu hosp,3,2026-01-24,42,quantile,0.1,377.0
2026-01-03,wk inc flu hosp,3,2026-01-24,42,quantile,0.15,466.0
2026-01-03,wk inc flu hosp,3,2026-01-24,42,quantile,0.2,540.0
2026-01-03,wk inc flu hosp,3,2026-01-24,42,quantile,0.25,606.0
2026-01-03,wk inc flu hosp,3,2026-01-24,42,quantile,0.3,667.0
2026-01-03,wk inc flu hosp,3,2026-01-24,42,quantile,0.35,717.0
2026-01-03,wk inc flu hosp,3,2026-01-24,42,quantile,0.4,771.0
2026-01-03,wk inc flu hosp,3,2026-01-24,42,quantile,0.45,826.0
2026-01-03,wk inc flu hosp,3,2026-01-24,42,quantile,0.5,878.0
2026-01-03,wk inc flu hosp,3,2026-01-24,42,quantile,0.55,937.0
2026-01-03,wk inc flu hosp,3,2026-01-24,42,quantile,0.6,983.0
2026-01-03,wk inc flu hosp,3,2026-01-24,42,quantile,0.65,1048.0
2026-01-03,wk inc flu hosp,3,2026-01-24,42,quantile,0.7,1119.0
2026-01-03,wk inc flu hosp,3,2026-01-24,42,quantile,0.75,1170.0
2026-01-03,wk inc flu hosp,3,2026-01-24,42,quantile,0.8,1253.0
2026-01-03,wk inc flu hosp,3,2026-01-24,42,quantile,0.85,1350.0
2026-01-03,wk inc flu hosp,3,2026-01-24,42,quantile,0.9,1466.0
2026-01-03,wk inc flu hosp,3,2026-01-24,42,quantile,0.95,1695.0
2026-01-03,wk inc flu hosp,3,2026-01-24,42,quantile,0.975,1862.0
2026-01-03,wk inc flu hosp,3,2026-01-24,42,quantile,0.99,2050.0
2026-01-03,wk inc flu hosp,3,2026-01-24,44,quantile,0.01,36.0
2026-01-03,wk inc flu hosp,3,2026-01-24,44,quantile,0.025,46.0
2026-01-03,wk inc flu hosp,3,2026-01-24,44,quantile,0.05,54.0
2026-01-03,wk inc flu hosp,3,2026-01-24,44,quantile,0.1,65.0
2026-01-03,wk inc flu hosp,3,2026-01-24,44,quantile,0.15,74.0
2026-01-03,wk inc flu hosp,3,2026-01-24,44,quantile,0.2,80.0
2026-01-03,wk inc flu hosp,3,2026-01-24,44,quantile,0.25,87.0
2026-01-03,wk inc flu hosp,3,2026-01-24,44,quantile,0.3,94.0
2026-01-03,wk inc flu hosp,3,2026-01-24,44,quantile,0.35,99.0
2026-01-03,wk inc flu hosp,3,2026-01-24,44,quantile,0.4,106.0
2026-01-03,wk inc flu hosp,3,2026-01-24,44,quantile,0.45,111.0
2026-01-03,wk inc flu hosp,3,2026-01-24,44,quantile,0.5,116.0
2026-01-03,wk inc flu hosp,3,2026-01-24,44,quantile,0.55,121.0
2026-01-03,wk inc flu hosp,3,2026-01-24,44,quantile,0.6,128.0
2026-01-03,wk inc flu hosp,3,2026-01-24,44,quantile,0.65,134.0
2026-01-03,wk inc flu hosp,3,2026-01-24,44,quantile,0.7,139.0
2026-01-03,wk inc flu hosp,3,2026-01-24,44,quantile,0.75,145.0
2026-01-03,wk inc flu hosp,3,2026-01-24,44,quantile,0.8,152.0
2026-01-03,wk inc flu hosp,3,2026-01-24,44,quantile,0.85,162.0
2026-01-03,wk inc flu hosp,3,2026-01-24,44,quantile,0.9,179.0
2026-01-03,wk inc flu hosp,3,2026-01-24,44,quantile,0.95,203.0
2026-01-03,wk inc flu hosp,3,2026-01-24,44,quantile,0.975,227.0
2026-01-03,wk inc flu hosp,3,2026-01-24,44,quantile,0.99,250.0
2026-01-03,wk inc flu hosp,3,2026-01-24,45,quantile,0.01,122.0
2026-01-03,wk inc flu hosp,3,2026-01-24,45,quantile,0.025,176.0
2026-01-03,wk inc flu hosp,3,2026-01-24,45,quantile,0.05,236.0
2026-01-03,wk inc flu hosp,3,2026-01-24,45,quantile,0.1,308.0
2026-01-03,wk inc flu hosp,3,2026-01-24,45,quantile,0.15,362.0
2026-01-03,wk inc flu hosp,3,2026-01-24,45,quantile,0.2,406.0
2026-01-03,wk inc flu hosp,3,2026-01-24,45,quantile,0.25,447.0
2026-01-03,wk inc flu hosp,3,2026-01-24,45,quantile,0.3,486.0
2026-01-03,wk inc flu hosp,3,2026-01-24,45,quantile,0.35,523.0
2026-01-03,wk inc flu hosp,3,2026-01-24,45,quantile,0.4,556.0
2026-01-03,wk inc flu hosp,3,2026-01-24,45,quantile,0.45,590.0
2026-01-03,wk inc flu hosp,3,2026-01-24,45,quantile,0.5,624.0
2026-01-03,wk inc flu hosp,3,2026-01-24,45,quantile,0.55,667.0
2026-01-03,wk inc flu hosp,3,2026-01-24,45,quantile,0.6,704.0
2026-01-03,wk inc flu hosp,3,2026-01-24,45,quantile,0.65,739.0
2026-01-03,wk inc flu hosp,3,2026-01-24,45,quantile,0.7,776.0
2026-01-03,wk inc flu hosp,3,2026-01-24,45,quantile,0.75,817.0
2026-01-03,wk inc flu hosp,3,2026-01-24,45,quantile,0.8,860.0
2026-01-03,wk inc flu hosp,3,2026-01-24,45,quantile,0.85,928.0
2026-01-03,wk inc flu hosp,3,2026-01-24,45,quantile,0.9,1016.0
2026-01-03,wk inc flu hosp,3,2026-01-24,45,quantile,0.95,1211.0
2026-01-03,wk inc flu hosp,3,2026-01-24,45,quantile,0.975,1349.0
2026-01-03,wk inc flu hosp,3,2026-01-24,45,quantile,0.99,1478.0
2026-01-03,wk inc flu hosp,3,2026-01-24,46,quantile,0.01,8.0
2026-01-03,wk inc flu hosp,3,2026-01-24,46,quantile,0.025,13.0
2026-01-03,wk inc flu hosp,3,2026-01-24,46,quantile,0.05,17.0
2026-01-03,wk inc flu hosp,3,2026-01-24,46,quantile,0.1,24.0
2026-01-03,wk inc flu hosp,3,2026-01-24,46,quantile,0.15,29.0
2026-01-03,wk inc flu hosp,3,2026-01-24,46,quantile,0.2,32.0
2026-01-03,wk inc flu hosp,3,2026-01-24,46,quantile,0.25,36.0
2026-01-03,wk inc flu hosp,3,2026-01-24,46,quantile,0.3,39.0
2026-01-03,wk inc flu hosp,3,2026-01-24,46,quantile,0.35,42.0
2026-01-03,wk inc flu hosp,3,2026-01-24,46,quantile,0.4,45.0
2026-01-03,wk inc flu hosp,3,2026-01-24,46,quantile,0.45,48.0
2026-01-03,wk inc flu hosp,3,2026-01-24,46,quantile,0.5,51.0
2026-01-03,wk inc flu hosp,3,2026-01-24,46,quantile,0.55,54.0
2026-01-03,wk inc flu hosp,3,2026-01-24,46,quantile,0.6,57.0
2026-01-03,wk inc flu hosp,3,2026-01-24,46,quantile,0.65,61.0
2026-01-03,wk inc flu hosp,3,2026-01-24,46,quantile,0.7,64.0
2026-01-03,wk inc flu hosp,3,2026-01-24,46,quantile,0.75,68.0
2026-01-03,wk inc flu hosp,3,2026-01-24,46,quantile,0.8,72.0
2026-01-03,wk inc flu hosp,3,2026-01-24,46,quantile,0.85,78.0
2026-01-03,wk inc flu hosp,3,2026-01-24,46,quantile,0.9,84.0
2026-01-03,wk inc flu hosp,3,2026-01-24,46,quantile,0.95,97.0
2026-01-03,wk inc flu hosp,3,2026-01-24,46,quantile,0.975,108.0
2026-01-03,wk inc flu hosp,3,2026-01-24,46,quantile,0.99,119.0
2026-01-03,wk inc flu hosp,3,2026-01-24,47,quantile,0.01,66.0
2026-01-03,wk inc flu hosp,3,2026-01-24,47,quantile,0.025,87.0
2026-01-03,wk inc flu hosp,3,2026-01-24,47,quantile,0.05,143.0
2026-01-03,wk inc flu hosp,3,2026-01-24,47,quantile,0.1,209.0
2026-01-03,wk inc flu hosp,3,2026-01-24,47,quantile,0.15,256.0
2026-01-03,wk inc flu hosp,3,2026-01-24,47,quantile,0.2,296.0
2026-01-03,wk inc flu hosp,3,2026-01-24,47,quantile,0.25,333.0
2026-01-03,wk inc flu hosp,3,2026-01-24,47,quantile,0.3,367.0
2026-01-03,wk inc flu hosp,3,2026-01-24,47,quantile,0.35,400.0
2026-01-03,wk inc flu hosp,3,2026-01-24,47,quantile,0.4,431.0
2026-01-03,wk inc flu hosp,3,2026-01-24,47,quantile,0.45,455.0
2026-01-03,wk inc flu hosp,3,2026-01-24,47,quantile,0.5,480.0
2026-01-03,wk inc flu hosp,3,2026-01-24,47,quantile,0.55,510.0
2026-01-03,wk inc flu hosp,3,2026-01-24,47,quantile,0.6,539.0
2026-01-03,wk inc flu hosp,3,2026-01-24,47,quantile,0.65,575.0
2026-01-03,wk inc flu hosp,3,2026-01-24,47,quantile,0.7,608.0
2026-01-03,wk inc flu hosp,3,2026-01-24,47,quantile,0.75,641.0
2026-01-03,wk inc flu hosp,3,2026-01-24,47,quantile,0.8,683.0
2026-01-03,wk inc flu hosp,3,2026-01-24,47,quantile,0.85,729.0
2026-01-03,wk inc flu hosp,3,2026-01-24,47,quantile,0.9,786.0
2026-01-03,wk inc flu hosp,3,2026-01-24,47,quantile,0.95,894.0
2026-01-03,wk inc flu hosp,3,2026-01-24,47,quantile,0.975,1020.0
2026-01-03,wk inc flu hosp,3,2026-01-24,47,quantile,0.99,1107.0
2026-01-03,wk inc flu hosp,3,2026-01-24,48,quantile,0.01,196.0
2026-01-03,wk inc flu hosp,3,2026-01-24,48,quantile,0.025,355.0
2026-01-03,wk inc flu hosp,3,2026-01-24,48,quantile,0.05,698.0
2026-01-03,wk inc flu hosp,3,2026-01-24,48,quantile,0.1,1103.0
2026-01-03,wk inc flu hosp,3,2026-01-24,48,quantile,0.15,1402.0
2026-01-03,wk inc flu hosp,3,2026-01-24,48,quantile,0.2,1645.0
2026-01-03,wk inc flu hosp,3,2026-01-24,48,quantile,0.25,1913.0
2026-01-03,wk inc flu hosp,3,2026-01-24,48,quantile,0.3,2169.0
2026-01-03,wk inc flu hosp,3,2026-01-24,48,quantile,0.35,2373.0
2026-01-03,wk inc flu hosp,3,2026-01-24,48,quantile,0.4,2557.0
2026-01-03,wk inc flu hosp,3,2026-01-24,48,quantile,0.45,2725.0
2026-01-03,wk inc flu hosp,3,2026-01-24,48,quantile,0.5,2881.0
2026-01-03,wk inc flu hosp,3,2026-01-24,48,quantile,0.55,3068.0
2026-01-03,wk inc flu hosp,3,2026-01-24,48,quantile,0.6,3210.0
2026-01-03,wk inc flu hosp,3,2026-01-24,48,quantile,0.65,3423.0
2026-01-03,wk inc flu hosp,3,2026-01-24,48,quantile,0.7,3631.0
2026-01-03,wk inc flu hosp,3,2026-01-24,48,quantile,0.75,3854.0
2026-01-03,wk inc flu hosp,3,2026-01-24,48,quantile,0.8,4097.0
2026-01-03,wk inc flu hosp,3,2026-01-24,48,quantile,0.85,4406.0
2026-01-03,wk inc flu hosp,3,2026-01-24,48,quantile,0.9,4759.0
2026-01-03,wk inc flu hosp,3,2026-01-24,48,quantile,0.95,5463.0
2026-01-03,wk inc flu hosp,3,2026-01-24,48,quantile,0.975,6065.0
2026-01-03,wk inc flu hosp,3,2026-01-24,48,quantile,0.99,6739.0
2026-01-03,wk inc flu hosp,3,2026-01-24,49,quantile,0.01,31.0
2026-01-03,wk inc flu hosp,3,2026-01-24,49,quantile,0.025,46.0
2026-01-03,wk inc flu hosp,3,2026-01-24,49,quantile,0.05,71.0
2026-01-03,wk inc flu hosp,3,2026-01-24,49,quantile,0.1,108.0
2026-01-03,wk inc flu hosp,3,2026-01-24,49,quantile,0.15,129.0
2026-01-03,wk inc flu hosp,3,2026-01-24,49,quantile,0.2,150.0
2026-01-03,wk inc flu hosp,3,2026-01-24,49,quantile,0.25,166.0
2026-01-03,wk inc flu hosp,3,2026-01-24,49,quantile,0.3,184.0
2026-01-03,wk inc flu hosp,3,2026-01-24,49,quantile,0.35,201.0
2026-01-03,wk inc flu hosp,3,2026-01-24,49,quantile,0.4,217.0
2026-01-03,wk inc flu hosp,3,2026-01-24,49,quantile,0.45,233.0
2026-01-03,wk inc flu hosp,3,2026-01-24,49,quantile,0.5,249.0
2026-01-03,wk inc flu hosp,3,2026-01-24,49,quantile,0.55,263.0
2026-01-03,wk inc flu hosp,3,2026-01-24,49,quantile,0.6,278.0
2026-01-03,wk inc flu hosp,3,2026-01-24,49,quantile,0.65,293.0
2026-01-03,wk inc flu hosp,3,2026-01-24,49,quantile,0.7,313.0
2026-01-03,wk inc flu hosp,3,2026-01-24,49,quantile,0.75,335.0
2026-01-03,wk inc flu hosp,3,2026-01-24,49,quantile,0.8,358.0
2026-01-03,wk inc flu hosp,3,2026-01-24,49,quantile,0.85,385.0
2026-01-03,wk inc flu hosp,3,2026-01-24,49,quantile,0.9,418.0
2026-01-03,wk inc flu hosp,3,2026-01-24,49,quantile,0.95,469.0
2026-01-03,wk inc flu hosp,3,2026-01-24,49,quantile,0.975,531.0
2026-01-03,wk inc flu hosp,3,2026-01-24,49,quantile,0.99,573.0
2026-01-03,wk inc flu hosp,3,2026-01-24,50,quantile,0.01,4.0
2026-01-03,wk inc flu hosp,3,2026-01-24,50,quantile,0.025,6.0
2026-01-03,wk inc flu hosp,3,2026-01-24,50,quantile,0.05,8.0
2026-01-03,wk inc flu hosp,3,2026-01-24,50,quantile,0.1,13.0
2026-01-03,wk inc flu hosp,3,2026-01-24,50,quantile,0.15,17.0
2026-01-03,wk inc flu hosp,3,2026-01-24,50,quantile,0.2,21.0
2026-01-03,wk inc flu hosp,3,2026-01-24,50,quantile,0.25,24.0
2026-01-03,wk inc flu hosp,3,2026-01-24,50,quantile,0.3,27.0
2026-01-03,wk inc flu hosp,3,2026-01-24,50,quantile,0.35,29.0
2026-01-03,wk inc flu hosp,3,2026-01-24,50,quantile,0.4,32.0
2026-01-03,wk inc flu hosp,3,2026-01-24,50,quantile,0.45,34.0
2026-01-03,wk inc flu hosp,3,2026-01-24,50,quantile,0.5,36.0
2026-01-03,wk inc flu hosp,3,2026-01-24,50,quantile,0.55,40.0
2026-01-03,wk inc flu hosp,3,2026-01-24,50,quantile,0.6,42.0
2026-01-03,wk inc flu hosp,3,2026-01-24,50,quantile,0.65,45.0
2026-01-03,wk inc flu hosp,3,2026-01-24,50,quantile,0.7,48.0
2026-01-03,wk inc flu hosp,3,2026-01-24,50,quantile,0.75,52.0
2026-01-03,wk inc flu hosp,3,2026-01-24,50,quantile,0.8,56.0
2026-01-03,wk inc flu hosp,3,2026-01-24,50,quantile,0.85,61.0
2026-01-03,wk inc flu hosp,3,2026-01-24,50,quantile,0.9,67.0
2026-01-03,wk inc flu hosp,3,2026-01-24,50,quantile,0.95,75.0
2026-01-03,wk inc flu hosp,3,2026-01-24,50,quantile,0.975,85.0
2026-01-03,wk inc flu hosp,3,2026-01-24,50,quantile,0.99,94.0
2026-01-03,wk inc flu hosp,3,2026-01-24,51,quantile,0.01,250.0
2026-01-03,wk inc flu hosp,3,2026-01-24,51,quantile,0.025,332.0
2026-01-03,wk inc flu hosp,3,2026-01-24,51,quantile,0.05,414.0
2026-01-03,wk inc flu hosp,3,2026-01-24,51,quantile,0.1,537.0
2026-01-03,wk inc flu hosp,3,2026-01-24,51,quantile,0.15,612.0
2026-01-03,wk inc flu hosp,3,2026-01-24,51,quantile,0.2,689.0
2026-01-03,wk inc flu hosp,3,2026-01-24,51,quantile,0.25,750.0
2026-01-03,wk inc flu hosp,3,2026-01-24,51,quantile,0.3,809.0
2026-01-03,wk inc flu hosp,3,2026-01-24,51,quantile,0.35,865.0
2026-01-03,wk inc flu hosp,3,2026-01-24,51,quantile,0.4,921.0
2026-01-03,wk inc flu hosp,3,2026-01-24,51,quantile,0.45,964.0
2026-01-03,wk inc flu hosp,3,2026-01-24,51,quantile,0.5,1016.0
2026-01-03,wk inc flu hosp,3,2026-01-24,51,quantile,0.55,1067.0
2026-01-03,wk inc flu hosp,3,2026-01-24,51,quantile,0.6,1115.0
2026-01-03,wk inc flu hosp,3,2026-01-24,51,quantile,0.65,1175.0
2026-01-03,wk inc flu hosp,3,2026-01-24,51,quantile,0.7,1226.0
2026-01-03,wk inc flu hosp,3,2026-01-24,51,quantile,0.75,1278.0
2026-01-03,wk inc flu hosp,3,2026-01-24,51,quantile,0.8,1344.0
2026-01-03,wk inc flu hosp,3,2026-01-24,51,quantile,0.85,1452.0
2026-01-03,wk inc flu hosp,3,2026-01-24,51,quantile,0.9,1575.0
2026-01-03,wk inc flu hosp,3,2026-01-24,51,quantile,0.95,1775.0
2026-01-03,wk inc flu hosp,3,2026-01-24,51,quantile,0.975,1990.0
2026-01-03,wk inc flu hosp,3,2026-01-24,51,quantile,0.99,2159.0
2026-01-03,wk inc flu hosp,3,2026-01-24,53,quantile,0.01,26.0
2026-01-03,wk inc flu hosp,3,2026-01-24,53,quantile,0.025,31.0
2026-01-03,wk inc flu hosp,3,2026-01-24,53,quantile,0.05,38.0
2026-01-03,wk inc flu hosp,3,2026-01-24,53,quantile,0.1,57.0
2026-01-03,wk inc flu hosp,3,2026-01-24,53,quantile,0.15,86.0
2026-01-03,wk inc flu hosp,3,2026-01-24,53,quantile,0.2,107.0
2026-01-03,wk inc flu hosp,3,2026-01-24,53,quantile,0.25,129.0
2026-01-03,wk inc flu hosp,3,2026-01-24,53,quantile,0.3,147.0
2026-01-03,wk inc flu hosp,3,2026-01-24,53,quantile,0.35,165.0
2026-01-03,wk inc flu hosp,3,2026-01-24,53,quantile,0.4,184.0
2026-01-03,wk inc flu hosp,3,2026-01-24,53,quantile,0.45,198.0
2026-01-03,wk inc flu hosp,3,2026-01-24,53,quantile,0.5,216.0
2026-01-03,wk inc flu hosp,3,2026-01-24,53,quantile,0.55,232.0
2026-01-03,wk inc flu hosp,3,2026-01-24,53,quantile,0.6,251.0
2026-01-03,wk inc flu hosp,3,2026-01-24,53,quantile,0.65,273.0
2026-01-03,wk inc flu hosp,3,2026-01-24,53,quantile,0.7,294.0
2026-01-03,wk inc flu hosp,3,2026-01-24,53,quantile,0.75,313.0
2026-01-03,wk inc flu hosp,3,2026-01-24,53,quantile,0.8,338.0
2026-01-03,wk inc flu hosp,3,2026-01-24,53,quantile,0.85,366.0
2026-01-03,wk inc flu hosp,3,2026-01-24,53,quantile,0.9,404.0
2026-01-03,wk inc flu hosp,3,2026-01-24,53,quantile,0.95,457.0
2026-01-03,wk inc flu hosp,3,2026-01-24,53,quantile,0.975,524.0
2026-01-03,wk inc flu hosp,3,2026-01-24,53,quantile,0.99,596.0
2026-01-03,wk inc flu hosp,3,2026-01-24,54,quantile,0.01,12.0
2026-01-03,wk inc flu hosp,3,2026-01-24,54,quantile,0.025,17.0
2026-01-03,wk inc flu hosp,3,2026-01-24,54,quantile,0.05,27.0
2026-01-03,wk inc flu hosp,3,2026-01-24,54,quantile,0.1,42.0
2026-01-03,wk inc flu hosp,3,2026-01-24,54,quantile,0.15,52.0
2026-01-03,wk inc flu hosp,3,2026-01-24,54,quantile,0.2,61.0
2026-01-03,wk inc flu hosp,3,2026-01-24,54,quantile,0.25,69.0
2026-01-03,wk inc flu hosp,3,2026-01-24,54,quantile,0.3,75.0
2026-01-03,wk inc flu hosp,3,2026-01-24,54,quantile,0.35,82.0
2026-01-03,wk inc flu hosp,3,2026-01-24,54,quantile,0.4,89.0
2026-01-03,wk inc flu hosp,3,2026-01-24,54,quantile,0.45,95.0
2026-01-03,wk inc flu hosp,3,2026-01-24,54,quantile,0.5,102.0
2026-01-03,wk inc flu hosp,3,2026-01-24,54,quantile,0.55,108.0
2026-01-03,wk inc flu hosp,3,2026-01-24,54,quantile,0.6,114.0
2026-01-03,wk inc flu hosp,3,2026-01-24,54,quantile,0.65,123.0
2026-01-03,wk inc flu hosp,3,2026-01-24,54,quantile,0.7,130.0
2026-01-03,wk inc flu hosp,3,2026-01-24,54,quantile,0.75,138.0
2026-01-03,wk inc flu hosp,3,2026-01-24,54,quantile,0.8,147.0
2026-01-03,wk inc flu hosp,3,2026-01-24,54,quantile,0.85,160.0
2026-01-03,wk inc flu hosp,3,2026-01-24,54,quantile,0.9,174.0
2026-01-03,wk inc flu hosp,3,2026-01-24,54,quantile,0.95,200.0
2026-01-03,wk inc flu hosp,3,2026-01-24,54,quantile,0.975,222.0
2026-01-03,wk inc flu hosp,3,2026-01-24,54,quantile,0.99,244.0
2026-01-03,wk inc flu hosp,3,2026-01-24,55,quantile,0.01,151.0
2026-01-03,wk inc flu hosp,3,2026-01-24,55,quantile,0.025,192.0
2026-01-03,wk inc flu hosp,3,2026-01-24,55,quantile,0.05,231.0
2026-01-03,wk inc flu hosp,3,2026-01-24,55,quantile,0.1,290.0
2026-01-03,wk inc flu hosp,3,2026-01-24,55,quantile,0.15,333.0
2026-01-03,wk inc flu hosp,3,2026-01-24,55,quantile,0.2,367.0
2026-01-03,wk inc flu hosp,3,2026-01-24,55,quantile,0.25,401.0
2026-01-03,wk inc flu hosp,3,2026-01-24,55,quantile,0.3,432.0
2026-01-03,wk inc flu hosp,3,2026-01-24,55,quantile,0.35,458.0
2026-01-03,wk inc flu hosp,3,2026-01-24,55,quantile,0.4,486.0
2026-01-03,wk inc flu hosp,3,2026-01-24,55,quantile,0.45,511.0
2026-01-03,wk inc flu hosp,3,2026-01-24,55,quantile,0.5,540.0
2026-01-03,wk inc flu hosp,3,2026-01-24,55,quantile,0.55,565.0
2026-01-03,wk inc flu hosp,3,2026-01-24,55,quantile,0.6,590.0
2026-01-03,wk inc flu hosp,3,2026-01-24,55,quantile,0.65,623.0
2026-01-03,wk inc flu hosp,3,2026-01-24,55,quantile,0.7,659.0
2026-01-03,wk inc flu hosp,3,2026-01-24,55,quantile,0.75,702.0
2026-01-03,wk inc flu hosp,3,2026-01-24,55,quantile,0.8,740.0
2026-01-03,wk inc flu hosp,3,2026-01-24,55,quantile,0.85,796.0
2026-01-03,wk inc flu hosp,3,2026-01-24,55,quantile,0.9,858.0
2026-01-03,wk inc flu hosp,3,2026-01-24,55,quantile,0.95,968.0
2026-01-03,wk inc flu hosp,3,2026-01-24,55,quantile,0.975,1069.0
2026-01-03,wk inc flu hosp,3,2026-01-24,55,quantile,0.99,1212.0
2026-01-03,wk inc flu hosp,3,2026-01-24,56,quantile,0.01,0.0
2026-01-03,wk inc flu hosp,3,2026-01-24,56,quantile,0.025,0.0
2026-01-03,wk inc flu hosp,3,2026-01-24,56,quantile,0.05,0.0
2026-01-03,wk inc flu hosp,3,2026-01-24,56,quantile,0.1,0.0
2026-01-03,wk inc flu hosp,3,2026-01-24,56,quantile,0.15,0.0
2026-01-03,wk inc flu hosp,3,2026-01-24,56,quantile,0.2,0.0
2026-01-03,wk inc flu hosp,3,2026-01-24,56,quantile,0.25,0.0
2026-01-03,wk inc flu hosp,3,2026-01-24,56,quantile,0.3,0.0
2026-01-03,wk inc flu hosp,3,2026-01-24,56,quantile,0.35,0.0
2026-01-03,wk inc flu hosp,3,2026-01-24,56,quantile,0.4,0.0
2026-01-03,wk inc flu hosp,3,2026-01-24,56,quantile,0.45,0.0
2026-01-03,wk inc flu hosp,3,2026-01-24,56,quantile,0.5,0.0
2026-01-03,wk inc flu hosp,3,2026-01-24,56,quantile,0.55,0.0
2026-01-03,wk inc flu hosp,3,2026-01-24,56,quantile,0.6,0.0
2026-01-03,wk inc flu hosp,3,2026-01-24,56,quantile,0.65,0.0
2026-01-03,wk inc flu hosp,3,2026-01-24,56,quantile,0.7,0.0
2026-01-03,wk inc flu hosp,3,2026-01-24,56,quantile,0.75,0.0
2026-01-03,wk inc flu hosp,3,2026-01-24,56,quantile,0.8,0.0
2026-01-03,wk inc flu hosp,3,2026-01-24,56,quantile,0.85,0.0
2026-01-03,wk inc flu hosp,3,2026-01-24,56,quantile,0.9,2.0
2026-01-03,wk inc flu hosp,3,2026-01-24,56,quantile,0.95,7.0
2026-01-03,wk inc flu hosp,3,2026-01-24,56,quantile,0.975,9.0
2026-01-03,wk inc flu hosp,3,2026-01-24,56,quantile,0.99,10.0
2026-01-03,wk inc flu hosp,3,2026-01-24,US,quantile,0.01,6919.0
2026-01-03,wk inc flu hosp,3,2026-01-24,US,quantile,0.025,9168.0
2026-01-03,wk inc flu hosp,3,2026-01-24,US,quantile,0.05,11028.0
2026-01-03,wk inc flu hosp,3,2026-01-24,US,quantile,0.1,14308.0
2026-01-03,wk inc flu hosp,3,2026-01-24,US,quantile,0.15,16991.0
2026-01-03,wk inc flu hosp,3,2026-01-24,US,quantile,0.2,19044.0
2026-01-03,wk inc flu hosp,3,2026-01-24,US,quantile,0.25,20550.0
2026-01-03,wk inc flu hosp,3,2026-01-24,US,quantile,0.3,21875.0
2026-01-03,wk inc flu hosp,3,2026-01-24,US,quantile,0.35,23214.0
2026-01-03,wk inc flu hosp,3,2026-01-24,US,quantile,0.4,24474.0
2026-01-03,wk inc flu hosp,3,2026-01-24,US,quantile,0.45,25852.0
2026-01-03,wk inc flu hosp,3,2026-01-24,US,quantile,0.5,27097.0
2026-01-03,wk inc flu hosp,3,2026-01-24,US,quantile,0.55,28351.0
2026-01-03,wk inc flu hosp,3,2026-01-24,US,quantile,0.6,29447.0
2026-01-03,wk inc flu hosp,3,2026-01-24,US,quantile,0.65,31124.0
2026-01-03,wk inc flu hosp,3,2026-01-24,US,quantile,0.7,32639.0
2026-01-03,wk inc flu hosp,3,2026-01-24,US,quantile,0.75,34280.0
2026-01-03,wk inc flu hosp,3,2026-01-24,US,quantile,0.8,36187.0
2026-01-03,wk inc flu hosp,3,2026-01-24,US,quantile,0.85,38560.0
2026-01-03,wk inc flu hosp,3,2026-01-24,US,quantile,0.9,41791.0
2026-01-03,wk inc flu hosp,3,2026-01-24,US,quantile,0.95,47250.0
2026-01-03,wk inc flu hosp,3,2026-01-24,US,quantile,0.975,52914.0
2026-01-03,wk inc flu hosp,3,2026-01-24,US,quantile,0.99,57497.0
