reference_date,target,horizon,target_end_date,location,output_type,output_type_id,value
2026-02-28,wk flu hosp rate change,0,2026-02-28,01,pmf,decrease,0.233
2026-02-28,wk flu hosp rate change,0,2026-02-28,01,pmf,increase,0.354
2026-02-28,wk flu hosp rate change,0,2026-02-28,01,pmf,large_decrease,0.128
2026-02-28,wk flu hosp rate change,0,2026-02-28,01,pmf,large_increase,0.048
2026-02-28,wk flu hosp rate change,0,2026-02-28,01,pmf,stable,0.237
2026-02-28,wk flu hosp rate change,0,2026-02-28,02,pmf,decrease,0.299
2026-02-28,wk flu hosp rate change,0,2026-02-28,02,pmf,increase,0.096
2026-02-28,wk flu hosp rate change,0,2026-02-28,02,pmf,large_decrease,0.005
2026-02-28,wk flu hosp rate change,0,2026-02-28,02,pmf,large_increase,0.001
2026-02-28,wk flu hosp rate change,0,2026-02-28,02,pmf,stable,0.599
2026-02-28,wk flu hosp rate change,0,2026-02-28,04,pmf,decrease,0.561
2026-02-28,wk flu hosp rate change,0,2026-02-28,04,pmf,increase,0.173
2026-02-28,wk flu hosp rate change,0,2026-02-28,04,pmf,large_decrease,0.004
2026-02-28,wk flu hosp rate change,0,2026-02-28,04,pmf,large_increase,0.002
2026-02-28,wk flu hosp rate change,0,2026-02-28,04,pmf,stable,0.26
2026-02-28,wk flu hosp rate change,0,2026-02-28,05,pmf,decrease,0.677
2026-02-28,wk flu hosp rate change,0,2026-02-28,05,pmf,increase,0.069
2026-02-28,wk flu hosp rate change,0,2026-02-28,05,pmf,large_decrease,0.145
2026-02-28,wk flu hosp rate change,0,2026-02-28,05,pmf,large_increase,0.002
2026-02-28,wk flu hosp rate change,0,2026-02-28,05,pmf,stable,0.107
2026-02-28,wk flu hosp rate change,0,2026-02-28,06,pmf,decrease,0.295
2026-02-28,wk flu hosp rate change,0,2026-02-28,06,pmf,increase,0.221
2026-02-28,wk flu hosp rate change,0,2026-02-28,06,pmf,large_decrease,0.001
2026-02-28,wk flu hosp rate change,0,2026-02-28,06,pmf,large_increase,0.001
2026-02-28,wk flu hosp rate change,0,2026-02-28,06,pmf,stable,0.482
2026-02-28,wk flu hosp rate change,0,2026-02-28,08,pmf,decrease,0.212
2026-02-28,wk flu hosp rate change,0,2026-02-28,08,pmf,increase,0.147
2026-02-28,wk flu hosp rate change,0,2026-02-28,08,pmf,large_decrease,0.001
2026-02-28,wk flu hosp rate change,0,2026-02-28,08,pmf,large_increase,0.001
2026-02-28,wk flu hosp rate change,0,2026-02-28,08,pmf,stable,0.639
2026-02-28,wk flu hosp rate change,0,2026-02-28,09,pmf,decrease,0.7312687312687314
2026-02-28,wk flu hosp rate change,0,2026-02-28,09,pmf,increase,0.06493506493506494
2026-02-28,wk flu hosp rate change,0,2026-02-28,09,pmf,large_decrease,0.0019980019980019984
2026-02-28,wk flu hosp rate change,0,2026-02-28,09,pmf,large_increase,0.0019980019980019984
2026-02-28,wk flu hosp rate change,0,2026-02-28,09,pmf,stable,0.19980019980019983
2026-02-28,wk flu hosp rate change,0,2026-02-28,10,pmf,decrease,0.442
2026-02-28,wk flu hosp rate change,0,2026-02-28,10,pmf,increase,0.034
2026-02-28,wk flu hosp rate change,0,2026-02-28,10,pmf,large_decrease,0.05
2026-02-28,wk flu hosp rate change,0,2026-02-28,10,pmf,large_increase,0.001
2026-02-28,wk flu hosp rate change,0,2026-02-28,10,pmf,stable,0.473
2026-02-28,wk flu hosp rate change,0,2026-02-28,11,pmf,decrease,0.001
2026-02-28,wk flu hosp rate change,0,2026-02-28,11,pmf,increase,0.142
2026-02-28,wk flu hosp rate change,0,2026-02-28,11,pmf,large_decrease,0.001
2026-02-28,wk flu hosp rate change,0,2026-02-28,11,pmf,large_increase,0.002
2026-02-28,wk flu hosp rate change,0,2026-02-28,11,pmf,stable,0.854
2026-02-28,wk flu hosp rate change,0,2026-02-28,12,pmf,decrease,0.392
2026-02-28,wk flu hosp rate change,0,2026-02-28,12,pmf,increase,0.167
2026-02-28,wk flu hosp rate change,0,2026-02-28,12,pmf,large_decrease,0.006
2026-02-28,wk flu hosp rate change,0,2026-02-28,12,pmf,large_increase,0.001
2026-02-28,wk flu hosp rate change,0,2026-02-28,12,pmf,stable,0.434
2026-02-28,wk flu hosp rate change,0,2026-02-28,13,pmf,decrease,0.396
2026-02-28,wk flu hosp rate change,0,2026-02-28,13,pmf,increase,0.199
2026-02-28,wk flu hosp rate change,0,2026-02-28,13,pmf,large_decrease,0.006
2026-02-28,wk flu hosp rate change,0,2026-02-28,13,pmf,large_increase,0.002
2026-02-28,wk flu hosp rate change,0,2026-02-28,13,pmf,stable,0.397
2026-02-28,wk flu hosp rate change,0,2026-02-28,15,pmf,decrease,0.27
2026-02-28,wk flu hosp rate change,0,2026-02-28,15,pmf,increase,0.18
2026-02-28,wk flu hosp rate change,0,2026-02-28,15,pmf,large_decrease,0.02
2026-02-28,wk flu hosp rate change,0,2026-02-28,15,pmf,large_increase,0.11
2026-02-28,wk flu hosp rate change,0,2026-02-28,15,pmf,stable,0.42
2026-02-28,wk flu hosp rate change,0,2026-02-28,16,pmf,decrease,0.347
2026-02-28,wk flu hosp rate change,0,2026-02-28,16,pmf,increase,0.107
2026-02-28,wk flu hosp rate change,0,2026-02-28,16,pmf,large_decrease,0.001
2026-02-28,wk flu hosp rate change,0,2026-02-28,16,pmf,large_increase,0.001
2026-02-28,wk flu hosp rate change,0,2026-02-28,16,pmf,stable,0.544
2026-02-28,wk flu hosp rate change,0,2026-02-28,17,pmf,decrease,0.507
2026-02-28,wk flu hosp rate change,0,2026-02-28,17,pmf,increase,0.247
2026-02-28,wk flu hosp rate change,0,2026-02-28,17,pmf,large_decrease,0.015
2026-02-28,wk flu hosp rate change,0,2026-02-28,17,pmf,large_increase,0.013
2026-02-28,wk flu hosp rate change,0,2026-02-28,17,pmf,stable,0.218
2026-02-28,wk flu hosp rate change,0,2026-02-28,18,pmf,decrease,0.323
2026-02-28,wk flu hosp rate change,0,2026-02-28,18,pmf,increase,0.241
2026-02-28,wk flu hosp rate change,0,2026-02-28,18,pmf,large_decrease,0.3
2026-02-28,wk flu hosp rate change,0,2026-02-28,18,pmf,large_increase,0.011
2026-02-28,wk flu hosp rate change,0,2026-02-28,18,pmf,stable,0.125
2026-02-28,wk flu hosp rate change,0,2026-02-28,19,pmf,decrease,0.561
2026-02-28,wk flu hosp rate change,0,2026-02-28,19,pmf,increase,0.121
2026-02-28,wk flu hosp rate change,0,2026-02-28,19,pmf,large_decrease,0.145
2026-02-28,wk flu hosp rate change,0,2026-02-28,19,pmf,large_increase,0.002
2026-02-28,wk flu hosp rate change,0,2026-02-28,19,pmf,stable,0.171
2026-02-28,wk flu hosp rate change,0,2026-02-28,20,pmf,decrease,0.371
2026-02-28,wk flu hosp rate change,0,2026-02-28,20,pmf,increase,0.275
2026-02-28,wk flu hosp rate change,0,2026-02-28,20,pmf,large_decrease,0.102
2026-02-28,wk flu hosp rate change,0,2026-02-28,20,pmf,large_increase,0.002
2026-02-28,wk flu hosp rate change,0,2026-02-28,20,pmf,stable,0.25
2026-02-28,wk flu hosp rate change,0,2026-02-28,21,pmf,decrease,0.577
2026-02-28,wk flu hosp rate change,0,2026-02-28,21,pmf,increase,0.15
2026-02-28,wk flu hosp rate change,0,2026-02-28,21,pmf,large_decrease,0.185
2026-02-28,wk flu hosp rate change,0,2026-02-28,21,pmf,large_increase,0.013
2026-02-28,wk flu hosp rate change,0,2026-02-28,21,pmf,stable,0.07500000000000011
2026-02-28,wk flu hosp rate change,0,2026-02-28,22,pmf,decrease,0.515
2026-02-28,wk flu hosp rate change,0,2026-02-28,22,pmf,increase,0.166
2026-02-28,wk flu hosp rate change,0,2026-02-28,22,pmf,large_decrease,0.012
2026-02-28,wk flu hosp rate change,0,2026-02-28,22,pmf,large_increase,0.001
2026-02-28,wk flu hosp rate change,0,2026-02-28,22,pmf,stable,0.306
2026-02-28,wk flu hosp rate change,0,2026-02-28,23,pmf,decrease,0.199
2026-02-28,wk flu hosp rate change,0,2026-02-28,23,pmf,increase,0.089
2026-02-28,wk flu hosp rate change,0,2026-02-28,23,pmf,large_decrease,0.001
2026-02-28,wk flu hosp rate change,0,2026-02-28,23,pmf,large_increase,0.001
2026-02-28,wk flu hosp rate change,0,2026-02-28,23,pmf,stable,0.71
2026-02-28,wk flu hosp rate change,0,2026-02-28,24,pmf,decrease,0.601
2026-02-28,wk flu hosp rate change,0,2026-02-28,24,pmf,increase,0.143
2026-02-28,wk flu hosp rate change,0,2026-02-28,24,pmf,large_decrease,0.001
2026-02-28,wk flu hosp rate change,0,2026-02-28,24,pmf,large_increase,0.001
2026-02-28,wk flu hosp rate change,0,2026-02-28,24,pmf,stable,0.254
2026-02-28,wk flu hosp rate change,0,2026-02-28,25,pmf,decrease,0.72
2026-02-28,wk flu hosp rate change,0,2026-02-28,25,pmf,increase,0.069
2026-02-28,wk flu hosp rate change,0,2026-02-28,25,pmf,large_decrease,0.001
2026-02-28,wk flu hosp rate change,0,2026-02-28,25,pmf,large_increase,0.001
2026-02-28,wk flu hosp rate change,0,2026-02-28,25,pmf,stable,0.2090000000000001
2026-02-28,wk flu hosp rate change,0,2026-02-28,26,pmf,decrease,0.456
2026-02-28,wk flu hosp rate change,0,2026-02-28,26,pmf,increase,0.081
2026-02-28,wk flu hosp rate change,0,2026-02-28,26,pmf,large_decrease,0.001
2026-02-28,wk flu hosp rate change,0,2026-02-28,26,pmf,large_increase,0.001
2026-02-28,wk flu hosp rate change,0,2026-02-28,26,pmf,stable,0.4609999999999999
2026-02-28,wk flu hosp rate change,0,2026-02-28,27,pmf,decrease,0.5654345654345655
2026-02-28,wk flu hosp rate change,0,2026-02-28,27,pmf,increase,0.2187812187812188
2026-02-28,wk flu hosp rate change,0,2026-02-28,27,pmf,large_decrease,0.06693306693306694
2026-02-28,wk flu hosp rate change,0,2026-02-28,27,pmf,large_increase,0.03996003996003997
2026-02-28,wk flu hosp rate change,0,2026-02-28,27,pmf,stable,0.10889110889110891
2026-02-28,wk flu hosp rate change,0,2026-02-28,28,pmf,decrease,0.261
2026-02-28,wk flu hosp rate change,0,2026-02-28,28,pmf,increase,0.353
2026-02-28,wk flu hosp rate change,0,2026-02-28,28,pmf,large_decrease,0.041
2026-02-28,wk flu hosp rate change,0,2026-02-28,28,pmf,large_increase,0.027
2026-02-28,wk flu hosp rate change,0,2026-02-28,28,pmf,stable,0.318
2026-02-28,wk flu hosp rate change,0,2026-02-28,30,pmf,decrease,0.4365634365634365
2026-02-28,wk flu hosp rate change,0,2026-02-28,30,pmf,increase,0.1988011988011988
2026-02-28,wk flu hosp rate change,0,2026-02-28,30,pmf,large_decrease,0.019980019980019977
2026-02-28,wk flu hosp rate change,0,2026-02-28,30,pmf,large_increase,0.023976023976023973
2026-02-28,wk flu hosp rate change,0,2026-02-28,30,pmf,stable,0.32067932067932065
2026-02-28,wk flu hosp rate change,0,2026-02-28,31,pmf,decrease,0.287
2026-02-28,wk flu hosp rate change,0,2026-02-28,31,pmf,increase,0.253
2026-02-28,wk flu hosp rate change,0,2026-02-28,31,pmf,large_decrease,0.014
2026-02-28,wk flu hosp rate change,0,2026-02-28,31,pmf,large_increase,0.002
2026-02-28,wk flu hosp rate change,0,2026-02-28,31,pmf,stable,0.444
2026-02-28,wk flu hosp rate change,0,2026-02-28,32,pmf,decrease,0.295
2026-02-28,wk flu hosp rate change,0,2026-02-28,32,pmf,increase,0.08
2026-02-28,wk flu hosp rate change,0,2026-02-28,32,pmf,large_decrease,0.001
2026-02-28,wk flu hosp rate change,0,2026-02-28,32,pmf,large_increase,0.001
2026-02-28,wk flu hosp rate change,0,2026-02-28,32,pmf,stable,0.623
2026-02-28,wk flu hosp rate change,0,2026-02-28,33,pmf,decrease,0.506
2026-02-28,wk flu hosp rate change,0,2026-02-28,33,pmf,increase,0.009
2026-02-28,wk flu hosp rate change,0,2026-02-28,33,pmf,large_decrease,0.017
2026-02-28,wk flu hosp rate change,0,2026-02-28,33,pmf,large_increase,0.001
2026-02-28,wk flu hosp rate change,0,2026-02-28,33,pmf,stable,0.467
2026-02-28,wk flu hosp rate change,0,2026-02-28,34,pmf,decrease,0.49850149850149855
2026-02-28,wk flu hosp rate change,0,2026-02-28,34,pmf,increase,0.14285714285714285
2026-02-28,wk flu hosp rate change,0,2026-02-28,34,pmf,large_decrease,0.0029970029970029974
2026-02-28,wk flu hosp rate change,0,2026-02-28,34,pmf,large_increase,0.0009990009990009992
2026-02-28,wk flu hosp rate change,0,2026-02-28,34,pmf,stable,0.3546453546453547
2026-02-28,wk flu hosp rate change,0,2026-02-28,35,pmf,decrease,0.622
2026-02-28,wk flu hosp rate change,0,2026-02-28,35,pmf,increase,0.088
2026-02-28,wk flu hosp rate change,0,2026-02-28,35,pmf,large_decrease,0.054
2026-02-28,wk flu hosp rate change,0,2026-02-28,35,pmf,large_increase,0.001
2026-02-28,wk flu hosp rate change,0,2026-02-28,35,pmf,stable,0.235
2026-02-28,wk flu hosp rate change,0,2026-02-28,36,pmf,decrease,0.15
2026-02-28,wk flu hosp rate change,0,2026-02-28,36,pmf,increase,0.115
2026-02-28,wk flu hosp rate change,0,2026-02-28,36,pmf,large_decrease,0.001
2026-02-28,wk flu hosp rate change,0,2026-02-28,36,pmf,large_increase,0.001
2026-02-28,wk flu hosp rate change,0,2026-02-28,36,pmf,stable,0.733
2026-02-28,wk flu hosp rate change,0,2026-02-28,37,pmf,decrease,0.661
2026-02-28,wk flu hosp rate change,0,2026-02-28,37,pmf,increase,0.143
2026-02-28,wk flu hosp rate change,0,2026-02-28,37,pmf,large_decrease,0.094
2026-02-28,wk flu hosp rate change,0,2026-02-28,37,pmf,large_increase,0.007
2026-02-28,wk flu hosp rate change,0,2026-02-28,37,pmf,stable,0.095
2026-02-28,wk flu hosp rate change,0,2026-02-28,38,pmf,decrease,0.389
2026-02-28,wk flu hosp rate change,0,2026-02-28,38,pmf,increase,0.057
2026-02-28,wk flu hosp rate change,0,2026-02-28,38,pmf,large_decrease,0.001
2026-02-28,wk flu hosp rate change,0,2026-02-28,38,pmf,large_increase,0.001
2026-02-28,wk flu hosp rate change,0,2026-02-28,38,pmf,stable,0.5519999999999999
2026-02-28,wk flu hosp rate change,0,2026-02-28,39,pmf,decrease,0.636
2026-02-28,wk flu hosp rate change,0,2026-02-28,39,pmf,increase,0.115
2026-02-28,wk flu hosp rate change,0,2026-02-28,39,pmf,large_decrease,0.024
2026-02-28,wk flu hosp rate change,0,2026-02-28,39,pmf,large_increase,0.007
2026-02-28,wk flu hosp rate change,0,2026-02-28,39,pmf,stable,0.218
2026-02-28,wk flu hosp rate change,0,2026-02-28,40,pmf,decrease,0.558
2026-02-28,wk flu hosp rate change,0,2026-02-28,40,pmf,increase,0.123
2026-02-28,wk flu hosp rate change,0,2026-02-28,40,pmf,large_decrease,0.043
2026-02-28,wk flu hosp rate change,0,2026-02-28,40,pmf,large_increase,0.001
2026-02-28,wk flu hosp rate change,0,2026-02-28,40,pmf,stable,0.275
2026-02-28,wk flu hosp rate change,0,2026-02-28,41,pmf,decrease,0.559
2026-02-28,wk flu hosp rate change,0,2026-02-28,41,pmf,increase,0.11
2026-02-28,wk flu hosp rate change,0,2026-02-28,41,pmf,large_decrease,0.006
2026-02-28,wk flu hosp rate change,0,2026-02-28,41,pmf,large_increase,0.001
2026-02-28,wk flu hosp rate change,0,2026-02-28,41,pmf,stable,0.324
2026-02-28,wk flu hosp rate change,0,2026-02-28,42,pmf,decrease,0.301
2026-02-28,wk flu hosp rate change,0,2026-02-28,42,pmf,increase,0.312
2026-02-28,wk flu hosp rate change,0,2026-02-28,42,pmf,large_decrease,0.004
2026-02-28,wk flu hosp rate change,0,2026-02-28,42,pmf,large_increase,0.001
2026-02-28,wk flu hosp rate change,0,2026-02-28,42,pmf,stable,0.382
2026-02-28,wk flu hosp rate change,0,2026-02-28,44,pmf,decrease,0.25
2026-02-28,wk flu hosp rate change,0,2026-02-28,44,pmf,increase,0.111
2026-02-28,wk flu hosp rate change,0,2026-02-28,44,pmf,large_decrease,0.001
2026-02-28,wk flu hosp rate change,0,2026-02-28,44,pmf,large_increase,0.001
2026-02-28,wk flu hosp rate change,0,2026-02-28,44,pmf,stable,0.637
2026-02-28,wk flu hosp rate change,0,2026-02-28,45,pmf,decrease,0.5394605394605394
2026-02-28,wk flu hosp rate change,0,2026-02-28,45,pmf,increase,0.10989010989010987
2026-02-28,wk flu hosp rate change,0,2026-02-28,45,pmf,large_decrease,0.016983016983016984
2026-02-28,wk flu hosp rate change,0,2026-02-28,45,pmf,large_increase,0.001998001998001998
2026-02-28,wk flu hosp rate change,0,2026-02-28,45,pmf,stable,0.33166833166833165
2026-02-28,wk flu hosp rate change,0,2026-02-28,46,pmf,decrease,0.385
2026-02-28,wk flu hosp rate change,0,2026-02-28,46,pmf,increase,0.029
2026-02-28,wk flu hosp rate change,0,2026-02-28,46,pmf,large_decrease,0.001
2026-02-28,wk flu hosp rate change,0,2026-02-28,46,pmf,large_increase,0.001
2026-02-28,wk flu hosp rate change,0,2026-02-28,46,pmf,stable,0.584
2026-02-28,wk flu hosp rate change,0,2026-02-28,47,pmf,decrease,0.418
2026-02-28,wk flu hosp rate change,0,2026-02-28,47,pmf,increase,0.202
2026-02-28,wk flu hosp rate change,0,2026-02-28,47,pmf,large_decrease,0.001
2026-02-28,wk flu hosp rate change,0,2026-02-28,47,pmf,large_increase,0.001
2026-02-28,wk flu hosp rate change,0,2026-02-28,47,pmf,stable,0.378
2026-02-28,wk flu hosp rate change,0,2026-02-28,48,pmf,decrease,0.599
2026-02-28,wk flu hosp rate change,0,2026-02-28,48,pmf,increase,0.121
2026-02-28,wk flu hosp rate change,0,2026-02-28,48,pmf,large_decrease,0.027
2026-02-28,wk flu hosp rate change,0,2026-02-28,48,pmf,large_increase,0.001
2026-02-28,wk flu hosp rate change,0,2026-02-28,48,pmf,stable,0.252
2026-02-28,wk flu hosp rate change,0,2026-02-28,49,pmf,decrease,0.54
2026-02-28,wk flu hosp rate change,0,2026-02-28,49,pmf,increase,0.089
2026-02-28,wk flu hosp rate change,0,2026-02-28,49,pmf,large_decrease,0.001
2026-02-28,wk flu hosp rate change,0,2026-02-28,49,pmf,large_increase,0.002
2026-02-28,wk flu hosp rate change,0,2026-02-28,49,pmf,stable,0.368
2026-02-28,wk flu hosp rate change,0,2026-02-28,50,pmf,decrease,0.345
2026-02-28,wk flu hosp rate change,0,2026-02-28,50,pmf,increase,0.053
2026-02-28,wk flu hosp rate change,0,2026-02-28,50,pmf,large_decrease,0.022
2026-02-28,wk flu hosp rate change,0,2026-02-28,50,pmf,large_increase,0.001
2026-02-28,wk flu hosp rate change,0,2026-02-28,50,pmf,stable,0.579
2026-02-28,wk flu hosp rate change,0,2026-02-28,51,pmf,decrease,0.138
2026-02-28,wk flu hosp rate change,0,2026-02-28,51,pmf,increase,0.402
2026-02-28,wk flu hosp rate change,0,2026-02-28,51,pmf,large_decrease,0.002
2026-02-28,wk flu hosp rate change,0,2026-02-28,51,pmf,large_increase,0.045
2026-02-28,wk flu hosp rate change,0,2026-02-28,51,pmf,stable,0.413
2026-02-28,wk flu hosp rate change,0,2026-02-28,53,pmf,decrease,0.395
2026-02-28,wk flu hosp rate change,0,2026-02-28,53,pmf,increase,0.18
2026-02-28,wk flu hosp rate change,0,2026-02-28,53,pmf,large_decrease,0.001
2026-02-28,wk flu hosp rate change,0,2026-02-28,53,pmf,large_increase,0.001
2026-02-28,wk flu hosp rate change,0,2026-02-28,53,pmf,stable,0.4230000000000001
2026-02-28,wk flu hosp rate change,0,2026-02-28,54,pmf,decrease,0.43
2026-02-28,wk flu hosp rate change,0,2026-02-28,54,pmf,increase,0.075
2026-02-28,wk flu hosp rate change,0,2026-02-28,54,pmf,large_decrease,0.056
2026-02-28,wk flu hosp rate change,0,2026-02-28,54,pmf,large_increase,0.003
2026-02-28,wk flu hosp rate change,0,2026-02-28,54,pmf,stable,0.4359999999999999
2026-02-28,wk flu hosp rate change,0,2026-02-28,55,pmf,decrease,0.477
2026-02-28,wk flu hosp rate change,0,2026-02-28,55,pmf,increase,0.17
2026-02-28,wk flu hosp rate change,0,2026-02-28,55,pmf,large_decrease,0.029
2026-02-28,wk flu hosp rate change,0,2026-02-28,55,pmf,large_increase,0.014
2026-02-28,wk flu hosp rate change,0,2026-02-28,55,pmf,stable,0.31
2026-02-28,wk flu hosp rate change,0,2026-02-28,56,pmf,decrease,0.284
2026-02-28,wk flu hosp rate change,0,2026-02-28,56,pmf,increase,0.036
2026-02-28,wk flu hosp rate change,0,2026-02-28,56,pmf,large_decrease,0.001
2026-02-28,wk flu hosp rate change,0,2026-02-28,56,pmf,large_increase,0.001
2026-02-28,wk flu hosp rate change,0,2026-02-28,56,pmf,stable,0.678
2026-02-28,wk flu hosp rate change,0,2026-02-28,US,pmf,decrease,0.491
2026-02-28,wk flu hosp rate change,0,2026-02-28,US,pmf,increase,0.094
2026-02-28,wk flu hosp rate change,0,2026-02-28,US,pmf,large_decrease,0.001
2026-02-28,wk flu hosp rate change,0,2026-02-28,US,pmf,large_increase,0.001
2026-02-28,wk flu hosp rate change,0,2026-02-28,US,pmf,stable,0.4130000000000001
2026-02-28,wk flu hosp rate change,1,2026-03-07,01,pmf,decrease,0.353
2026-02-28,wk flu hosp rate change,1,2026-03-07,01,pmf,increase,0.259
2026-02-28,wk flu hosp rate change,1,2026-03-07,01,pmf,large_decrease,0.124
2026-02-28,wk flu hosp rate change,1,2026-03-07,01,pmf,large_increase,0.007
2026-02-28,wk flu hosp rate change,1,2026-03-07,01,pmf,stable,0.257
2026-02-28,wk flu hosp rate change,1,2026-03-07,02,pmf,decrease,0.457
2026-02-28,wk flu hosp rate change,1,2026-03-07,02,pmf,increase,0.104
2026-02-28,wk flu hosp rate change,1,2026-03-07,02,pmf,large_decrease,0.002
2026-02-28,wk flu hosp rate change,1,2026-03-07,02,pmf,large_increase,0.002
2026-02-28,wk flu hosp rate change,1,2026-03-07,02,pmf,stable,0.435
2026-02-28,wk flu hosp rate change,1,2026-03-07,04,pmf,decrease,0.644
2026-02-28,wk flu hosp rate change,1,2026-03-07,04,pmf,increase,0.088
2026-02-28,wk flu hosp rate change,1,2026-03-07,04,pmf,large_decrease,0.002
2026-02-28,wk flu hosp rate change,1,2026-03-07,04,pmf,large_increase,0.002
2026-02-28,wk flu hosp rate change,1,2026-03-07,04,pmf,stable,0.264
2026-02-28,wk flu hosp rate change,1,2026-03-07,05,pmf,decrease,0.769
2026-02-28,wk flu hosp rate change,1,2026-03-07,05,pmf,increase,0.018
2026-02-28,wk flu hosp rate change,1,2026-03-07,05,pmf,large_decrease,0.145
2026-02-28,wk flu hosp rate change,1,2026-03-07,05,pmf,large_increase,0.002
2026-02-28,wk flu hosp rate change,1,2026-03-07,05,pmf,stable,0.066
2026-02-28,wk flu hosp rate change,1,2026-03-07,06,pmf,decrease,0.385
2026-02-28,wk flu hosp rate change,1,2026-03-07,06,pmf,increase,0.118
2026-02-28,wk flu hosp rate change,1,2026-03-07,06,pmf,large_decrease,0.001
2026-02-28,wk flu hosp rate change,1,2026-03-07,06,pmf,large_increase,0.001
2026-02-28,wk flu hosp rate change,1,2026-03-07,06,pmf,stable,0.495
2026-02-28,wk flu hosp rate change,1,2026-03-07,08,pmf,decrease,0.205
2026-02-28,wk flu hosp rate change,1,2026-03-07,08,pmf,increase,0.062
2026-02-28,wk flu hosp rate change,1,2026-03-07,08,pmf,large_decrease,0.001
2026-02-28,wk flu hosp rate change,1,2026-03-07,08,pmf,large_increase,0.001
2026-02-28,wk flu hosp rate change,1,2026-03-07,08,pmf,stable,0.731
2026-02-28,wk flu hosp rate change,1,2026-03-07,09,pmf,decrease,0.73
2026-02-28,wk flu hosp rate change,1,2026-03-07,09,pmf,increase,0.042
2026-02-28,wk flu hosp rate change,1,2026-03-07,09,pmf,large_decrease,0.001
2026-02-28,wk flu hosp rate change,1,2026-03-07,09,pmf,large_increase,0.001
2026-02-28,wk flu hosp rate change,1,2026-03-07,09,pmf,stable,0.226
2026-02-28,wk flu hosp rate change,1,2026-03-07,10,pmf,decrease,0.607
2026-02-28,wk flu hosp rate change,1,2026-03-07,10,pmf,increase,0.048
2026-02-28,wk flu hosp rate change,1,2026-03-07,10,pmf,large_decrease,0.009
2026-02-28,wk flu hosp rate change,1,2026-03-07,10,pmf,large_increase,0.001
2026-02-28,wk flu hosp rate change,1,2026-03-07,10,pmf,stable,0.335
2026-02-28,wk flu hosp rate change,1,2026-03-07,11,pmf,decrease,0.001
2026-02-28,wk flu hosp rate change,1,2026-03-07,11,pmf,increase,0.149
2026-02-28,wk flu hosp rate change,1,2026-03-07,11,pmf,large_decrease,0.001
2026-02-28,wk flu hosp rate change,1,2026-03-07,11,pmf,large_increase,0.001
2026-02-28,wk flu hosp rate change,1,2026-03-07,11,pmf,stable,0.848
2026-02-28,wk flu hosp rate change,1,2026-03-07,12,pmf,decrease,0.538
2026-02-28,wk flu hosp rate change,1,2026-03-07,12,pmf,increase,0.059
2026-02-28,wk flu hosp rate change,1,2026-03-07,12,pmf,large_decrease,0.001
2026-02-28,wk flu hosp rate change,1,2026-03-07,12,pmf,large_increase,0.001
2026-02-28,wk flu hosp rate change,1,2026-03-07,12,pmf,stable,0.401
2026-02-28,wk flu hosp rate change,1,2026-03-07,13,pmf,decrease,0.3756243756243757
2026-02-28,wk flu hosp rate change,1,2026-03-07,13,pmf,increase,0.13486513486513488
2026-02-28,wk flu hosp rate change,1,2026-03-07,13,pmf,large_decrease,0.0019980019980019984
2026-02-28,wk flu hosp rate change,1,2026-03-07,13,pmf,large_increase,0.0019980019980019984
2026-02-28,wk flu hosp rate change,1,2026-03-07,13,pmf,stable,0.48551448551448556
2026-02-28,wk flu hosp rate change,1,2026-03-07,15,pmf,decrease,0.2947052947052947
2026-02-28,wk flu hosp rate change,1,2026-03-07,15,pmf,increase,0.2637362637362638
2026-02-28,wk flu hosp rate change,1,2026-03-07,15,pmf,large_decrease,0.0019980019980019984
2026-02-28,wk flu hosp rate change,1,2026-03-07,15,pmf,large_increase,0.11988011988011989
2026-02-28,wk flu hosp rate change,1,2026-03-07,15,pmf,stable,0.31968031968031974
2026-02-28,wk flu hosp rate change,1,2026-03-07,16,pmf,decrease,0.435
2026-02-28,wk flu hosp rate change,1,2026-03-07,16,pmf,increase,0.074
2026-02-28,wk flu hosp rate change,1,2026-03-07,16,pmf,large_decrease,0.001
2026-02-28,wk flu hosp rate change,1,2026-03-07,16,pmf,large_increase,0.001
2026-02-28,wk flu hosp rate change,1,2026-03-07,16,pmf,stable,0.489
2026-02-28,wk flu hosp rate change,1,2026-03-07,17,pmf,decrease,0.6733266733266733
2026-02-28,wk flu hosp rate change,1,2026-03-07,17,pmf,increase,0.15184815184815184
2026-02-28,wk flu hosp rate change,1,2026-03-07,17,pmf,large_decrease,0.001998001998001998
2026-02-28,wk flu hosp rate change,1,2026-03-07,17,pmf,large_increase,0.001998001998001998
2026-02-28,wk flu hosp rate change,1,2026-03-07,17,pmf,stable,0.17082917082917082
2026-02-28,wk flu hosp rate change,1,2026-03-07,18,pmf,decrease,0.702
2026-02-28,wk flu hosp rate change,1,2026-03-07,18,pmf,increase,0.103
2026-02-28,wk flu hosp rate change,1,2026-03-07,18,pmf,large_decrease,0.082
2026-02-28,wk flu hosp rate change,1,2026-03-07,18,pmf,large_increase,0.002
2026-02-28,wk flu hosp rate change,1,2026-03-07,18,pmf,stable,0.11100000000000011
2026-02-28,wk flu hosp rate change,1,2026-03-07,19,pmf,decrease,0.823
2026-02-28,wk flu hosp rate change,1,2026-03-07,19,pmf,increase,0.035
2026-02-28,wk flu hosp rate change,1,2026-03-07,19,pmf,large_decrease,0.001
2026-02-28,wk flu hosp rate change,1,2026-03-07,19,pmf,large_increase,0.001
2026-02-28,wk flu hosp rate change,1,2026-03-07,19,pmf,stable,0.14
2026-02-28,wk flu hosp rate change,1,2026-03-07,20,pmf,decrease,0.476
2026-02-28,wk flu hosp rate change,1,2026-03-07,20,pmf,increase,0.224
2026-02-28,wk flu hosp rate change,1,2026-03-07,20,pmf,large_decrease,0.07
2026-02-28,wk flu hosp rate change,1,2026-03-07,20,pmf,large_increase,0.002
2026-02-28,wk flu hosp rate change,1,2026-03-07,20,pmf,stable,0.228
2026-02-28,wk flu hosp rate change,1,2026-03-07,21,pmf,decrease,0.74
2026-02-28,wk flu hosp rate change,1,2026-03-07,21,pmf,increase,0.123
2026-02-28,wk flu hosp rate change,1,2026-03-07,21,pmf,large_decrease,0.023
2026-02-28,wk flu hosp rate change,1,2026-03-07,21,pmf,large_increase,0.002
2026-02-28,wk flu hosp rate change,1,2026-03-07,21,pmf,stable,0.112
2026-02-28,wk flu hosp rate change,1,2026-03-07,22,pmf,decrease,0.692
2026-02-28,wk flu hosp rate change,1,2026-03-07,22,pmf,increase,0.065
2026-02-28,wk flu hosp rate change,1,2026-03-07,22,pmf,large_decrease,0.001
2026-02-28,wk flu hosp rate change,1,2026-03-07,22,pmf,large_increase,0.001
2026-02-28,wk flu hosp rate change,1,2026-03-07,22,pmf,stable,0.2410000000000001
2026-02-28,wk flu hosp rate change,1,2026-03-07,23,pmf,decrease,0.218
2026-02-28,wk flu hosp rate change,1,2026-03-07,23,pmf,increase,0.055
2026-02-28,wk flu hosp rate change,1,2026-03-07,23,pmf,large_decrease,0.001
2026-02-28,wk flu hosp rate change,1,2026-03-07,23,pmf,large_increase,0.001
2026-02-28,wk flu hosp rate change,1,2026-03-07,23,pmf,stable,0.725
2026-02-28,wk flu hosp rate change,1,2026-03-07,24,pmf,decrease,0.459
2026-02-28,wk flu hosp rate change,1,2026-03-07,24,pmf,increase,0.113
2026-02-28,wk flu hosp rate change,1,2026-03-07,24,pmf,large_decrease,0.001
2026-02-28,wk flu hosp rate change,1,2026-03-07,24,pmf,large_increase,0.001
2026-02-28,wk flu hosp rate change,1,2026-03-07,24,pmf,stable,0.4259999999999999
2026-02-28,wk flu hosp rate change,1,2026-03-07,25,pmf,decrease,0.751
2026-02-28,wk flu hosp rate change,1,2026-03-07,25,pmf,increase,0.049
2026-02-28,wk flu hosp rate change,1,2026-03-07,25,pmf,large_decrease,0.001
2026-02-28,wk flu hosp rate change,1,2026-03-07,25,pmf,large_increase,0.001
2026-02-28,wk flu hosp rate change,1,2026-03-07,25,pmf,stable,0.1979999999999999
2026-02-28,wk flu hosp rate change,1,2026-03-07,26,pmf,decrease,0.444
2026-02-28,wk flu hosp rate change,1,2026-03-07,26,pmf,increase,0.05
2026-02-28,wk flu hosp rate change,1,2026-03-07,26,pmf,large_decrease,0.001
2026-02-28,wk flu hosp rate change,1,2026-03-07,26,pmf,large_increase,0.001
2026-02-28,wk flu hosp rate change,1,2026-03-07,26,pmf,stable,0.504
2026-02-28,wk flu hosp rate change,1,2026-03-07,27,pmf,decrease,0.862
2026-02-28,wk flu hosp rate change,1,2026-03-07,27,pmf,increase,0.045
2026-02-28,wk flu hosp rate change,1,2026-03-07,27,pmf,large_decrease,0.002
2026-02-28,wk flu hosp rate change,1,2026-03-07,27,pmf,large_increase,0.002
2026-02-28,wk flu hosp rate change,1,2026-03-07,27,pmf,stable,0.089
2026-02-28,wk flu hosp rate change,1,2026-03-07,28,pmf,decrease,0.38361638361638367
2026-02-28,wk flu hosp rate change,1,2026-03-07,28,pmf,increase,0.2157842157842158
2026-02-28,wk flu hosp rate change,1,2026-03-07,28,pmf,large_decrease,0.017982017982017984
2026-02-28,wk flu hosp rate change,1,2026-03-07,28,pmf,large_increase,0.0019980019980019984
2026-02-28,wk flu hosp rate change,1,2026-03-07,28,pmf,stable,0.38061938061938067
2026-02-28,wk flu hosp rate change,1,2026-03-07,30,pmf,decrease,0.7162837162837163
2026-02-28,wk flu hosp rate change,1,2026-03-07,30,pmf,increase,0.08491508491508493
2026-02-28,wk flu hosp rate change,1,2026-03-07,30,pmf,large_decrease,0.0019980019980019984
2026-02-28,wk flu hosp rate change,1,2026-03-07,30,pmf,large_increase,0.0019980019980019984
2026-02-28,wk flu hosp rate change,1,2026-03-07,30,pmf,stable,0.19480519480519484
2026-02-28,wk flu hosp rate change,1,2026-03-07,31,pmf,decrease,0.3716283716283716
2026-02-28,wk flu hosp rate change,1,2026-03-07,31,pmf,increase,0.28871128871128865
2026-02-28,wk flu hosp rate change,1,2026-03-07,31,pmf,large_decrease,0.001998001998001998
2026-02-28,wk flu hosp rate change,1,2026-03-07,31,pmf,large_increase,0.001998001998001998
2026-02-28,wk flu hosp rate change,1,2026-03-07,31,pmf,stable,0.3356643356643356
2026-02-28,wk flu hosp rate change,1,2026-03-07,32,pmf,decrease,0.318
2026-02-28,wk flu hosp rate change,1,2026-03-07,32,pmf,increase,0.042
2026-02-28,wk flu hosp rate change,1,2026-03-07,32,pmf,large_decrease,0.001
2026-02-28,wk flu hosp rate change,1,2026-03-07,32,pmf,large_increase,0.001
2026-02-28,wk flu hosp rate change,1,2026-03-07,32,pmf,stable,0.638
2026-02-28,wk flu hosp rate change,1,2026-03-07,33,pmf,decrease,0.7
2026-02-28,wk flu hosp rate change,1,2026-03-07,33,pmf,increase,0.004
2026-02-28,wk flu hosp rate change,1,2026-03-07,33,pmf,large_decrease,0.001
2026-02-28,wk flu hosp rate change,1,2026-03-07,33,pmf,large_increase,0.001
2026-02-28,wk flu hosp rate change,1,2026-03-07,33,pmf,stable,0.294
2026-02-28,wk flu hosp rate change,1,2026-03-07,34,pmf,decrease,0.386
2026-02-28,wk flu hosp rate change,1,2026-03-07,34,pmf,increase,0.139
2026-02-28,wk flu hosp rate change,1,2026-03-07,34,pmf,large_decrease,0.001
2026-02-28,wk flu hosp rate change,1,2026-03-07,34,pmf,large_increase,0.001
2026-02-28,wk flu hosp rate change,1,2026-03-07,34,pmf,stable,0.473
2026-02-28,wk flu hosp rate change,1,2026-03-07,35,pmf,decrease,0.736
2026-02-28,wk flu hosp rate change,1,2026-03-07,35,pmf,increase,0.053
2026-02-28,wk flu hosp rate change,1,2026-03-07,35,pmf,large_decrease,0.001
2026-02-28,wk flu hosp rate change,1,2026-03-07,35,pmf,large_increase,0.001
2026-02-28,wk flu hosp rate change,1,2026-03-07,35,pmf,stable,0.209
2026-02-28,wk flu hosp rate change,1,2026-03-07,36,pmf,decrease,0.077
2026-02-28,wk flu hosp rate change,1,2026-03-07,36,pmf,increase,0.088
2026-02-28,wk flu hosp rate change,1,2026-03-07,36,pmf,large_decrease,0.002
2026-02-28,wk flu hosp rate change,1,2026-03-07,36,pmf,large_increase,0.002
2026-02-28,wk flu hosp rate change,1,2026-03-07,36,pmf,stable,0.831
2026-02-28,wk flu hosp rate change,1,2026-03-07,37,pmf,decrease,0.735
2026-02-28,wk flu hosp rate change,1,2026-03-07,37,pmf,increase,0.083
2026-02-28,wk flu hosp rate change,1,2026-03-07,37,pmf,large_decrease,0.036
2026-02-28,wk flu hosp rate change,1,2026-03-07,37,pmf,large_increase,0.001
2026-02-28,wk flu hosp rate change,1,2026-03-07,37,pmf,stable,0.145
2026-02-28,wk flu hosp rate change,1,2026-03-07,38,pmf,decrease,0.426
2026-02-28,wk flu hosp rate change,1,2026-03-07,38,pmf,increase,0.036
2026-02-28,wk flu hosp rate change,1,2026-03-07,38,pmf,large_decrease,0.001
2026-02-28,wk flu hosp rate change,1,2026-03-07,38,pmf,large_increase,0.001
2026-02-28,wk flu hosp rate change,1,2026-03-07,38,pmf,stable,0.536
2026-02-28,wk flu hosp rate change,1,2026-03-07,39,pmf,decrease,0.24
2026-02-28,wk flu hosp rate change,1,2026-03-07,39,pmf,increase,0.091
2026-02-28,wk flu hosp rate change,1,2026-03-07,39,pmf,large_decrease,0.003
2026-02-28,wk flu hosp rate change,1,2026-03-07,39,pmf,large_increase,0.009
2026-02-28,wk flu hosp rate change,1,2026-03-07,39,pmf,stable,0.657
2026-02-28,wk flu hosp rate change,1,2026-03-07,40,pmf,decrease,0.701
2026-02-28,wk flu hosp rate change,1,2026-03-07,40,pmf,increase,0.042
2026-02-28,wk flu hosp rate change,1,2026-03-07,40,pmf,large_decrease,0.024
2026-02-28,wk flu hosp rate change,1,2026-03-07,40,pmf,large_increase,0.001
2026-02-28,wk flu hosp rate change,1,2026-03-07,40,pmf,stable,0.232
2026-02-28,wk flu hosp rate change,1,2026-03-07,41,pmf,decrease,0.69
2026-02-28,wk flu hosp rate change,1,2026-03-07,41,pmf,increase,0.069
2026-02-28,wk flu hosp rate change,1,2026-03-07,41,pmf,large_decrease,0.001
2026-02-28,wk flu hosp rate change,1,2026-03-07,41,pmf,large_increase,0.001
2026-02-28,wk flu hosp rate change,1,2026-03-07,41,pmf,stable,0.2390000000000001
2026-02-28,wk flu hosp rate change,1,2026-03-07,42,pmf,decrease,0.354
2026-02-28,wk flu hosp rate change,1,2026-03-07,42,pmf,increase,0.272
2026-02-28,wk flu hosp rate change,1,2026-03-07,42,pmf,large_decrease,0.001
2026-02-28,wk flu hosp rate change,1,2026-03-07,42,pmf,large_increase,0.01
2026-02-28,wk flu hosp rate change,1,2026-03-07,42,pmf,stable,0.363
2026-02-28,wk flu hosp rate change,1,2026-03-07,44,pmf,decrease,0.238
2026-02-28,wk flu hosp rate change,1,2026-03-07,44,pmf,increase,0.091
2026-02-28,wk flu hosp rate change,1,2026-03-07,44,pmf,large_decrease,0.001
2026-02-28,wk flu hosp rate change,1,2026-03-07,44,pmf,large_increase,0.001
2026-02-28,wk flu hosp rate change,1,2026-03-07,44,pmf,stable,0.669
2026-02-28,wk flu hosp rate change,1,2026-03-07,45,pmf,decrease,0.583
2026-02-28,wk flu hosp rate change,1,2026-03-07,45,pmf,increase,0.062
2026-02-28,wk flu hosp rate change,1,2026-03-07,45,pmf,large_decrease,0.001
2026-02-28,wk flu hosp rate change,1,2026-03-07,45,pmf,large_increase,0.001
2026-02-28,wk flu hosp rate change,1,2026-03-07,45,pmf,stable,0.353
2026-02-28,wk flu hosp rate change,1,2026-03-07,46,pmf,decrease,0.521
2026-02-28,wk flu hosp rate change,1,2026-03-07,46,pmf,increase,0.008
2026-02-28,wk flu hosp rate change,1,2026-03-07,46,pmf,large_decrease,0.001
2026-02-28,wk flu hosp rate change,1,2026-03-07,46,pmf,large_increase,0.001
2026-02-28,wk flu hosp rate change,1,2026-03-07,46,pmf,stable,0.469
2026-02-28,wk flu hosp rate change,1,2026-03-07,47,pmf,decrease,0.478
2026-02-28,wk flu hosp rate change,1,2026-03-07,47,pmf,increase,0.114
2026-02-28,wk flu hosp rate change,1,2026-03-07,47,pmf,large_decrease,0.001
2026-02-28,wk flu hosp rate change,1,2026-03-07,47,pmf,large_increase,0.001
2026-02-28,wk flu hosp rate change,1,2026-03-07,47,pmf,stable,0.406
2026-02-28,wk flu hosp rate change,1,2026-03-07,48,pmf,decrease,0.75
2026-02-28,wk flu hosp rate change,1,2026-03-07,48,pmf,increase,0.036
2026-02-28,wk flu hosp rate change,1,2026-03-07,48,pmf,large_decrease,0.013
2026-02-28,wk flu hosp rate change,1,2026-03-07,48,pmf,large_increase,0.001
2026-02-28,wk flu hosp rate change,1,2026-03-07,48,pmf,stable,0.2
2026-02-28,wk flu hosp rate change,1,2026-03-07,49,pmf,decrease,0.657
2026-02-28,wk flu hosp rate change,1,2026-03-07,49,pmf,increase,0.063
2026-02-28,wk flu hosp rate change,1,2026-03-07,49,pmf,large_decrease,0.001
2026-02-28,wk flu hosp rate change,1,2026-03-07,49,pmf,large_increase,0.001
2026-02-28,wk flu hosp rate change,1,2026-03-07,49,pmf,stable,0.278
2026-02-28,wk flu hosp rate change,1,2026-03-07,50,pmf,decrease,0.469
2026-02-28,wk flu hosp rate change,1,2026-03-07,50,pmf,increase,0.028
2026-02-28,wk flu hosp rate change,1,2026-03-07,50,pmf,large_decrease,0.01
2026-02-28,wk flu hosp rate change,1,2026-03-07,50,pmf,large_increase,0.001
2026-02-28,wk flu hosp rate change,1,2026-03-07,50,pmf,stable,0.492
2026-02-28,wk flu hosp rate change,1,2026-03-07,51,pmf,decrease,0.08791208791208792
2026-02-28,wk flu hosp rate change,1,2026-03-07,51,pmf,increase,0.48851148851148857
2026-02-28,wk flu hosp rate change,1,2026-03-07,51,pmf,large_decrease,0.0019980019980019984
2026-02-28,wk flu hosp rate change,1,2026-03-07,51,pmf,large_increase,0.04295704295704296
2026-02-28,wk flu hosp rate change,1,2026-03-07,51,pmf,stable,0.3786213786213787
2026-02-28,wk flu hosp rate change,1,2026-03-07,53,pmf,decrease,0.469
2026-02-28,wk flu hosp rate change,1,2026-03-07,53,pmf,increase,0.106
2026-02-28,wk flu hosp rate change,1,2026-03-07,53,pmf,large_decrease,0.001
2026-02-28,wk flu hosp rate change,1,2026-03-07,53,pmf,large_increase,0.001
2026-02-28,wk flu hosp rate change,1,2026-03-07,53,pmf,stable,0.423
2026-02-28,wk flu hosp rate change,1,2026-03-07,54,pmf,decrease,0.6143856143856143
2026-02-28,wk flu hosp rate change,1,2026-03-07,54,pmf,increase,0.047952047952047945
2026-02-28,wk flu hosp rate change,1,2026-03-07,54,pmf,large_decrease,0.04195804195804195
2026-02-28,wk flu hosp rate change,1,2026-03-07,54,pmf,large_increase,0.003996003996003996
2026-02-28,wk flu hosp rate change,1,2026-03-07,54,pmf,stable,0.29170829170829166
2026-02-28,wk flu hosp rate change,1,2026-03-07,55,pmf,decrease,0.479
2026-02-28,wk flu hosp rate change,1,2026-03-07,55,pmf,increase,0.151
2026-02-28,wk flu hosp rate change,1,2026-03-07,55,pmf,large_decrease,0.009
2026-02-28,wk flu hosp rate change,1,2026-03-07,55,pmf,large_increase,0.001
2026-02-28,wk flu hosp rate change,1,2026-03-07,55,pmf,stable,0.36
2026-02-28,wk flu hosp rate change,1,2026-03-07,56,pmf,decrease,0.315
2026-02-28,wk flu hosp rate change,1,2026-03-07,56,pmf,increase,0.012
2026-02-28,wk flu hosp rate change,1,2026-03-07,56,pmf,large_decrease,0.001
2026-02-28,wk flu hosp rate change,1,2026-03-07,56,pmf,large_increase,0.001
2026-02-28,wk flu hosp rate change,1,2026-03-07,56,pmf,stable,0.671
2026-02-28,wk flu hosp rate change,1,2026-03-07,US,pmf,decrease,0.549
2026-02-28,wk flu hosp rate change,1,2026-03-07,US,pmf,increase,0.04
2026-02-28,wk flu hosp rate change,1,2026-03-07,US,pmf,large_decrease,0.001
2026-02-28,wk flu hosp rate change,1,2026-03-07,US,pmf,large_increase,0.001
2026-02-28,wk flu hosp rate change,1,2026-03-07,US,pmf,stable,0.409
2026-02-28,wk flu hosp rate change,2,2026-03-14,01,pmf,decrease,0.438
2026-02-28,wk flu hosp rate change,2,2026-03-14,01,pmf,increase,0.2
2026-02-28,wk flu hosp rate change,2,2026-03-14,01,pmf,large_decrease,0.069
2026-02-28,wk flu hosp rate change,2,2026-03-14,01,pmf,large_increase,0.002
2026-02-28,wk flu hosp rate change,2,2026-03-14,01,pmf,stable,0.291
2026-02-28,wk flu hosp rate change,2,2026-03-14,02,pmf,decrease,0.4975024975024974
2026-02-28,wk flu hosp rate change,2,2026-03-14,02,pmf,increase,0.06993006993006994
2026-02-28,wk flu hosp rate change,2,2026-03-14,02,pmf,large_decrease,0.001998001998001998
2026-02-28,wk flu hosp rate change,2,2026-03-14,02,pmf,large_increase,0.001998001998001998
2026-02-28,wk flu hosp rate change,2,2026-03-14,02,pmf,stable,0.4285714285714285
2026-02-28,wk flu hosp rate change,2,2026-03-14,04,pmf,decrease,0.7082917082917082
2026-02-28,wk flu hosp rate change,2,2026-03-14,04,pmf,increase,0.05194805194805194
2026-02-28,wk flu hosp rate change,2,2026-03-14,04,pmf,large_decrease,0.0029970029970029966
2026-02-28,wk flu hosp rate change,2,2026-03-14,04,pmf,large_increase,0.0029970029970029966
2026-02-28,wk flu hosp rate change,2,2026-03-14,04,pmf,stable,0.23376623376623376
2026-02-28,wk flu hosp rate change,2,2026-03-14,05,pmf,decrease,0.814
2026-02-28,wk flu hosp rate change,2,2026-03-14,05,pmf,increase,0.004
2026-02-28,wk flu hosp rate change,2,2026-03-14,05,pmf,large_decrease,0.127
2026-02-28,wk flu hosp rate change,2,2026-03-14,05,pmf,large_increase,0.001
2026-02-28,wk flu hosp rate change,2,2026-03-14,05,pmf,stable,0.054
2026-02-28,wk flu hosp rate change,2,2026-03-14,06,pmf,decrease,0.358
2026-02-28,wk flu hosp rate change,2,2026-03-14,06,pmf,increase,0.062
2026-02-28,wk flu hosp rate change,2,2026-03-14,06,pmf,large_decrease,0.001
2026-02-28,wk flu hosp rate change,2,2026-03-14,06,pmf,large_increase,0.001
2026-02-28,wk flu hosp rate change,2,2026-03-14,06,pmf,stable,0.578
2026-02-28,wk flu hosp rate change,2,2026-03-14,08,pmf,decrease,0.29
2026-02-28,wk flu hosp rate change,2,2026-03-14,08,pmf,increase,0.02
2026-02-28,wk flu hosp rate change,2,2026-03-14,08,pmf,large_decrease,0.001
2026-02-28,wk flu hosp rate change,2,2026-03-14,08,pmf,large_increase,0.001
2026-02-28,wk flu hosp rate change,2,2026-03-14,08,pmf,stable,0.688
2026-02-28,wk flu hosp rate change,2,2026-03-14,09,pmf,decrease,0.67
2026-02-28,wk flu hosp rate change,2,2026-03-14,09,pmf,increase,0.024
2026-02-28,wk flu hosp rate change,2,2026-03-14,09,pmf,large_decrease,0.001
2026-02-28,wk flu hosp rate change,2,2026-03-14,09,pmf,large_increase,0.001
2026-02-28,wk flu hosp rate change,2,2026-03-14,09,pmf,stable,0.3039999999999999
2026-02-28,wk flu hosp rate change,2,2026-03-14,10,pmf,decrease,0.745
2026-02-28,wk flu hosp rate change,2,2026-03-14,10,pmf,increase,0.024
2026-02-28,wk flu hosp rate change,2,2026-03-14,10,pmf,large_decrease,0.001
2026-02-28,wk flu hosp rate change,2,2026-03-14,10,pmf,large_increase,0.001
2026-02-28,wk flu hosp rate change,2,2026-03-14,10,pmf,stable,0.229
2026-02-28,wk flu hosp rate change,2,2026-03-14,11,pmf,decrease,0.001
2026-02-28,wk flu hosp rate change,2,2026-03-14,11,pmf,increase,0.106
2026-02-28,wk flu hosp rate change,2,2026-03-14,11,pmf,large_decrease,0.001
2026-02-28,wk flu hosp rate change,2,2026-03-14,11,pmf,large_increase,0.001
2026-02-28,wk flu hosp rate change,2,2026-03-14,11,pmf,stable,0.891
2026-02-28,wk flu hosp rate change,2,2026-03-14,12,pmf,decrease,0.606
2026-02-28,wk flu hosp rate change,2,2026-03-14,12,pmf,increase,0.019
2026-02-28,wk flu hosp rate change,2,2026-03-14,12,pmf,large_decrease,0.001
2026-02-28,wk flu hosp rate change,2,2026-03-14,12,pmf,large_increase,0.001
2026-02-28,wk flu hosp rate change,2,2026-03-14,12,pmf,stable,0.373
2026-02-28,wk flu hosp rate change,2,2026-03-14,13,pmf,decrease,0.35564435564435565
2026-02-28,wk flu hosp rate change,2,2026-03-14,13,pmf,increase,0.07292707292707293
2026-02-28,wk flu hosp rate change,2,2026-03-14,13,pmf,large_decrease,0.0019980019980019984
2026-02-28,wk flu hosp rate change,2,2026-03-14,13,pmf,large_increase,0.0019980019980019984
2026-02-28,wk flu hosp rate change,2,2026-03-14,13,pmf,stable,0.5674325674325674
2026-02-28,wk flu hosp rate change,2,2026-03-14,15,pmf,decrease,0.378
2026-02-28,wk flu hosp rate change,2,2026-03-14,15,pmf,increase,0.29
2026-02-28,wk flu hosp rate change,2,2026-03-14,15,pmf,large_decrease,0.002
2026-02-28,wk flu hosp rate change,2,2026-03-14,15,pmf,large_increase,0.038
2026-02-28,wk flu hosp rate change,2,2026-03-14,15,pmf,stable,0.292
2026-02-28,wk flu hosp rate change,2,2026-03-14,16,pmf,decrease,0.529
2026-02-28,wk flu hosp rate change,2,2026-03-14,16,pmf,increase,0.024
2026-02-28,wk flu hosp rate change,2,2026-03-14,16,pmf,large_decrease,0.001
2026-02-28,wk flu hosp rate change,2,2026-03-14,16,pmf,large_increase,0.001
2026-02-28,wk flu hosp rate change,2,2026-03-14,16,pmf,stable,0.4449999999999999
2026-02-28,wk flu hosp rate change,2,2026-03-14,17,pmf,decrease,0.572
2026-02-28,wk flu hosp rate change,2,2026-03-14,17,pmf,increase,0.172
2026-02-28,wk flu hosp rate change,2,2026-03-14,17,pmf,large_decrease,0.002
2026-02-28,wk flu hosp rate change,2,2026-03-14,17,pmf,large_increase,0.002
2026-02-28,wk flu hosp rate change,2,2026-03-14,17,pmf,stable,0.252
2026-02-28,wk flu hosp rate change,2,2026-03-14,18,pmf,decrease,0.833
2026-02-28,wk flu hosp rate change,2,2026-03-14,18,pmf,increase,0.02
2026-02-28,wk flu hosp rate change,2,2026-03-14,18,pmf,large_decrease,0.041
2026-02-28,wk flu hosp rate change,2,2026-03-14,18,pmf,large_increase,0.001
2026-02-28,wk flu hosp rate change,2,2026-03-14,18,pmf,stable,0.105
2026-02-28,wk flu hosp rate change,2,2026-03-14,19,pmf,decrease,0.886
2026-02-28,wk flu hosp rate change,2,2026-03-14,19,pmf,increase,0.001
2026-02-28,wk flu hosp rate change,2,2026-03-14,19,pmf,large_decrease,0.001
2026-02-28,wk flu hosp rate change,2,2026-03-14,19,pmf,large_increase,0.001
2026-02-28,wk flu hosp rate change,2,2026-03-14,19,pmf,stable,0.111
2026-02-28,wk flu hosp rate change,2,2026-03-14,20,pmf,decrease,0.6173826173826173
2026-02-28,wk flu hosp rate change,2,2026-03-14,20,pmf,increase,0.015984015984015984
2026-02-28,wk flu hosp rate change,2,2026-03-14,20,pmf,large_decrease,0.05594405594405594
2026-02-28,wk flu hosp rate change,2,2026-03-14,20,pmf,large_increase,0.001998001998001998
2026-02-28,wk flu hosp rate change,2,2026-03-14,20,pmf,stable,0.3086913086913087
2026-02-28,wk flu hosp rate change,2,2026-03-14,21,pmf,decrease,0.814
2026-02-28,wk flu hosp rate change,2,2026-03-14,21,pmf,increase,0.072
2026-02-28,wk flu hosp rate change,2,2026-03-14,21,pmf,large_decrease,0.001
2026-02-28,wk flu hosp rate change,2,2026-03-14,21,pmf,large_increase,0.001
2026-02-28,wk flu hosp rate change,2,2026-03-14,21,pmf,stable,0.11200000000000011
2026-02-28,wk flu hosp rate change,2,2026-03-14,22,pmf,decrease,0.808
2026-02-28,wk flu hosp rate change,2,2026-03-14,22,pmf,increase,0.032
2026-02-28,wk flu hosp rate change,2,2026-03-14,22,pmf,large_decrease,0.001
2026-02-28,wk flu hosp rate change,2,2026-03-14,22,pmf,large_increase,0.001
2026-02-28,wk flu hosp rate change,2,2026-03-14,22,pmf,stable,0.1579999999999999
2026-02-28,wk flu hosp rate change,2,2026-03-14,23,pmf,decrease,0.286
2026-02-28,wk flu hosp rate change,2,2026-03-14,23,pmf,increase,0.024
2026-02-28,wk flu hosp rate change,2,2026-03-14,23,pmf,large_decrease,0.001
2026-02-28,wk flu hosp rate change,2,2026-03-14,23,pmf,large_increase,0.001
2026-02-28,wk flu hosp rate change,2,2026-03-14,23,pmf,stable,0.688
2026-02-28,wk flu hosp rate change,2,2026-03-14,24,pmf,decrease,0.25874125874125875
2026-02-28,wk flu hosp rate change,2,2026-03-14,24,pmf,increase,0.1078921078921079
2026-02-28,wk flu hosp rate change,2,2026-03-14,24,pmf,large_decrease,0.0019980019980019984
2026-02-28,wk flu hosp rate change,2,2026-03-14,24,pmf,large_increase,0.0019980019980019984
2026-02-28,wk flu hosp rate change,2,2026-03-14,24,pmf,stable,0.6293706293706295
2026-02-28,wk flu hosp rate change,2,2026-03-14,25,pmf,decrease,0.691
2026-02-28,wk flu hosp rate change,2,2026-03-14,25,pmf,increase,0.037
2026-02-28,wk flu hosp rate change,2,2026-03-14,25,pmf,large_decrease,0.001
2026-02-28,wk flu hosp rate change,2,2026-03-14,25,pmf,large_increase,0.001
2026-02-28,wk flu hosp rate change,2,2026-03-14,25,pmf,stable,0.27
2026-02-28,wk flu hosp rate change,2,2026-03-14,26,pmf,decrease,0.436
2026-02-28,wk flu hosp rate change,2,2026-03-14,26,pmf,increase,0.019
2026-02-28,wk flu hosp rate change,2,2026-03-14,26,pmf,large_decrease,0.001
2026-02-28,wk flu hosp rate change,2,2026-03-14,26,pmf,large_increase,0.001
2026-02-28,wk flu hosp rate change,2,2026-03-14,26,pmf,stable,0.5429999999999999
2026-02-28,wk flu hosp rate change,2,2026-03-14,27,pmf,decrease,0.9630369630369631
2026-02-28,wk flu hosp rate change,2,2026-03-14,27,pmf,increase,0.0019980019980019984
2026-02-28,wk flu hosp rate change,2,2026-03-14,27,pmf,large_decrease,0.0019980019980019984
2026-02-28,wk flu hosp rate change,2,2026-03-14,27,pmf,large_increase,0.0019980019980019984
2026-02-28,wk flu hosp rate change,2,2026-03-14,27,pmf,stable,0.03096903096903097
2026-02-28,wk flu hosp rate change,2,2026-03-14,28,pmf,decrease,0.5124875124875126
2026-02-28,wk flu hosp rate change,2,2026-03-14,28,pmf,increase,0.10089910089910091
2026-02-28,wk flu hosp rate change,2,2026-03-14,28,pmf,large_decrease,0.017982017982017984
2026-02-28,wk flu hosp rate change,2,2026-03-14,28,pmf,large_increase,0.0019980019980019984
2026-02-28,wk flu hosp rate change,2,2026-03-14,28,pmf,stable,0.36663336663336665
2026-02-28,wk flu hosp rate change,2,2026-03-14,30,pmf,decrease,0.968
2026-02-28,wk flu hosp rate change,2,2026-03-14,30,pmf,increase,0.001
2026-02-28,wk flu hosp rate change,2,2026-03-14,30,pmf,large_decrease,0.001
2026-02-28,wk flu hosp rate change,2,2026-03-14,30,pmf,large_increase,0.001
2026-02-28,wk flu hosp rate change,2,2026-03-14,30,pmf,stable,0.029
2026-02-28,wk flu hosp rate change,2,2026-03-14,31,pmf,decrease,0.45954045954045963
2026-02-28,wk flu hosp rate change,2,2026-03-14,31,pmf,increase,0.16183816183816185
2026-02-28,wk flu hosp rate change,2,2026-03-14,31,pmf,large_decrease,0.0019980019980019984
2026-02-28,wk flu hosp rate change,2,2026-03-14,31,pmf,large_increase,0.0019980019980019984
2026-02-28,wk flu hosp rate change,2,2026-03-14,31,pmf,stable,0.37462537462537465
2026-02-28,wk flu hosp rate change,2,2026-03-14,32,pmf,decrease,0.292
2026-02-28,wk flu hosp rate change,2,2026-03-14,32,pmf,increase,0.007
2026-02-28,wk flu hosp rate change,2,2026-03-14,32,pmf,large_decrease,0.001
2026-02-28,wk flu hosp rate change,2,2026-03-14,32,pmf,large_increase,0.001
2026-02-28,wk flu hosp rate change,2,2026-03-14,32,pmf,stable,0.6990000000000001
2026-02-28,wk flu hosp rate change,2,2026-03-14,33,pmf,decrease,0.783
2026-02-28,wk flu hosp rate change,2,2026-03-14,33,pmf,increase,0.001
2026-02-28,wk flu hosp rate change,2,2026-03-14,33,pmf,large_decrease,0.001
2026-02-28,wk flu hosp rate change,2,2026-03-14,33,pmf,large_increase,0.001
2026-02-28,wk flu hosp rate change,2,2026-03-14,33,pmf,stable,0.214
2026-02-28,wk flu hosp rate change,2,2026-03-14,34,pmf,decrease,0.278
2026-02-28,wk flu hosp rate change,2,2026-03-14,34,pmf,increase,0.142
2026-02-28,wk flu hosp rate change,2,2026-03-14,34,pmf,large_decrease,0.001
2026-02-28,wk flu hosp rate change,2,2026-03-14,34,pmf,large_increase,0.001
2026-02-28,wk flu hosp rate change,2,2026-03-14,34,pmf,stable,0.578
2026-02-28,wk flu hosp rate change,2,2026-03-14,35,pmf,decrease,0.837
2026-02-28,wk flu hosp rate change,2,2026-03-14,35,pmf,increase,0.009
2026-02-28,wk flu hosp rate change,2,2026-03-14,35,pmf,large_decrease,0.001
2026-02-28,wk flu hosp rate change,2,2026-03-14,35,pmf,large_increase,0.001
2026-02-28,wk flu hosp rate change,2,2026-03-14,35,pmf,stable,0.152
2026-02-28,wk flu hosp rate change,2,2026-03-14,36,pmf,decrease,0.049
2026-02-28,wk flu hosp rate change,2,2026-03-14,36,pmf,increase,0.04
2026-02-28,wk flu hosp rate change,2,2026-03-14,36,pmf,large_decrease,0.002
2026-02-28,wk flu hosp rate change,2,2026-03-14,36,pmf,large_increase,0.002
2026-02-28,wk flu hosp rate change,2,2026-03-14,36,pmf,stable,0.907
2026-02-28,wk flu hosp rate change,2,2026-03-14,37,pmf,decrease,0.78
2026-02-28,wk flu hosp rate change,2,2026-03-14,37,pmf,increase,0.051
2026-02-28,wk flu hosp rate change,2,2026-03-14,37,pmf,large_decrease,0.001
2026-02-28,wk flu hosp rate change,2,2026-03-14,37,pmf,large_increase,0.001
2026-02-28,wk flu hosp rate change,2,2026-03-14,37,pmf,stable,0.167
2026-02-28,wk flu hosp rate change,2,2026-03-14,38,pmf,decrease,0.3926073926073927
2026-02-28,wk flu hosp rate change,2,2026-03-14,38,pmf,increase,0.04195804195804197
2026-02-28,wk flu hosp rate change,2,2026-03-14,38,pmf,large_decrease,0.0009990009990009992
2026-02-28,wk flu hosp rate change,2,2026-03-14,38,pmf,large_increase,0.0009990009990009992
2026-02-28,wk flu hosp rate change,2,2026-03-14,38,pmf,stable,0.5634365634365635
2026-02-28,wk flu hosp rate change,2,2026-03-14,39,pmf,decrease,0.24475524475524477
2026-02-28,wk flu hosp rate change,2,2026-03-14,39,pmf,increase,0.027972027972027975
2026-02-28,wk flu hosp rate change,2,2026-03-14,39,pmf,large_decrease,0.003996003996003997
2026-02-28,wk flu hosp rate change,2,2026-03-14,39,pmf,large_increase,0.03596403596403597
2026-02-28,wk flu hosp rate change,2,2026-03-14,39,pmf,stable,0.6873126873126874
2026-02-28,wk flu hosp rate change,2,2026-03-14,40,pmf,decrease,0.867
2026-02-28,wk flu hosp rate change,2,2026-03-14,40,pmf,increase,0.021
2026-02-28,wk flu hosp rate change,2,2026-03-14,40,pmf,large_decrease,0.001
2026-02-28,wk flu hosp rate change,2,2026-03-14,40,pmf,large_increase,0.001
2026-02-28,wk flu hosp rate change,2,2026-03-14,40,pmf,stable,0.11
2026-02-28,wk flu hosp rate change,2,2026-03-14,41,pmf,decrease,0.796
2026-02-28,wk flu hosp rate change,2,2026-03-14,41,pmf,increase,0.03
2026-02-28,wk flu hosp rate change,2,2026-03-14,41,pmf,large_decrease,0.001
2026-02-28,wk flu hosp rate change,2,2026-03-14,41,pmf,large_increase,0.001
2026-02-28,wk flu hosp rate change,2,2026-03-14,41,pmf,stable,0.172
2026-02-28,wk flu hosp rate change,2,2026-03-14,42,pmf,decrease,0.303
2026-02-28,wk flu hosp rate change,2,2026-03-14,42,pmf,increase,0.246
2026-02-28,wk flu hosp rate change,2,2026-03-14,42,pmf,large_decrease,0.001
2026-02-28,wk flu hosp rate change,2,2026-03-14,42,pmf,large_increase,0.003
2026-02-28,wk flu hosp rate change,2,2026-03-14,42,pmf,stable,0.447
2026-02-28,wk flu hosp rate change,2,2026-03-14,44,pmf,decrease,0.075
2026-02-28,wk flu hosp rate change,2,2026-03-14,44,pmf,increase,0.102
2026-02-28,wk flu hosp rate change,2,2026-03-14,44,pmf,large_decrease,0.002
2026-02-28,wk flu hosp rate change,2,2026-03-14,44,pmf,large_increase,0.002
2026-02-28,wk flu hosp rate change,2,2026-03-14,44,pmf,stable,0.819
2026-02-28,wk flu hosp rate change,2,2026-03-14,45,pmf,decrease,0.639
2026-02-28,wk flu hosp rate change,2,2026-03-14,45,pmf,increase,0.017
2026-02-28,wk flu hosp rate change,2,2026-03-14,45,pmf,large_decrease,0.001
2026-02-28,wk flu hosp rate change,2,2026-03-14,45,pmf,large_increase,0.001
2026-02-28,wk flu hosp rate change,2,2026-03-14,45,pmf,stable,0.3419999999999999
2026-02-28,wk flu hosp rate change,2,2026-03-14,46,pmf,decrease,0.741
2026-02-28,wk flu hosp rate change,2,2026-03-14,46,pmf,increase,0.001
2026-02-28,wk flu hosp rate change,2,2026-03-14,46,pmf,large_decrease,0.001
2026-02-28,wk flu hosp rate change,2,2026-03-14,46,pmf,large_increase,0.001
2026-02-28,wk flu hosp rate change,2,2026-03-14,46,pmf,stable,0.256
2026-02-28,wk flu hosp rate change,2,2026-03-14,47,pmf,decrease,0.454
2026-02-28,wk flu hosp rate change,2,2026-03-14,47,pmf,increase,0.064
2026-02-28,wk flu hosp rate change,2,2026-03-14,47,pmf,large_decrease,0.001
2026-02-28,wk flu hosp rate change,2,2026-03-14,47,pmf,large_increase,0.001
2026-02-28,wk flu hosp rate change,2,2026-03-14,47,pmf,stable,0.48
2026-02-28,wk flu hosp rate change,2,2026-03-14,48,pmf,decrease,0.8121878121878122
2026-02-28,wk flu hosp rate change,2,2026-03-14,48,pmf,increase,0.016983016983016987
2026-02-28,wk flu hosp rate change,2,2026-03-14,48,pmf,large_decrease,0.0009990009990009992
2026-02-28,wk flu hosp rate change,2,2026-03-14,48,pmf,large_increase,0.0009990009990009992
2026-02-28,wk flu hosp rate change,2,2026-03-14,48,pmf,stable,0.16883116883116886
2026-02-28,wk flu hosp rate change,2,2026-03-14,49,pmf,decrease,0.685
2026-02-28,wk flu hosp rate change,2,2026-03-14,49,pmf,increase,0.031
2026-02-28,wk flu hosp rate change,2,2026-03-14,49,pmf,large_decrease,0.001
2026-02-28,wk flu hosp rate change,2,2026-03-14,49,pmf,large_increase,0.001
2026-02-28,wk flu hosp rate change,2,2026-03-14,49,pmf,stable,0.282
2026-02-28,wk flu hosp rate change,2,2026-03-14,50,pmf,decrease,0.646
2026-02-28,wk flu hosp rate change,2,2026-03-14,50,pmf,increase,0.035
2026-02-28,wk flu hosp rate change,2,2026-03-14,50,pmf,large_decrease,0.001
2026-02-28,wk flu hosp rate change,2,2026-03-14,50,pmf,large_increase,0.001
2026-02-28,wk flu hosp rate change,2,2026-03-14,50,pmf,stable,0.3169999999999999
2026-02-28,wk flu hosp rate change,2,2026-03-14,51,pmf,decrease,0.094
2026-02-28,wk flu hosp rate change,2,2026-03-14,51,pmf,increase,0.465
2026-02-28,wk flu hosp rate change,2,2026-03-14,51,pmf,large_decrease,0.002
2026-02-28,wk flu hosp rate change,2,2026-03-14,51,pmf,large_increase,0.014
2026-02-28,wk flu hosp rate change,2,2026-03-14,51,pmf,stable,0.425
2026-02-28,wk flu hosp rate change,2,2026-03-14,53,pmf,decrease,0.545
2026-02-28,wk flu hosp rate change,2,2026-03-14,53,pmf,increase,0.055
2026-02-28,wk flu hosp rate change,2,2026-03-14,53,pmf,large_decrease,0.001
2026-02-28,wk flu hosp rate change,2,2026-03-14,53,pmf,large_increase,0.001
2026-02-28,wk flu hosp rate change,2,2026-03-14,53,pmf,stable,0.398
2026-02-28,wk flu hosp rate change,2,2026-03-14,54,pmf,decrease,0.724
2026-02-28,wk flu hosp rate change,2,2026-03-14,54,pmf,increase,0.024
2026-02-28,wk flu hosp rate change,2,2026-03-14,54,pmf,large_decrease,0.002
2026-02-28,wk flu hosp rate change,2,2026-03-14,54,pmf,large_increase,0.003
2026-02-28,wk flu hosp rate change,2,2026-03-14,54,pmf,stable,0.247
2026-02-28,wk flu hosp rate change,2,2026-03-14,55,pmf,decrease,0.507
2026-02-28,wk flu hosp rate change,2,2026-03-14,55,pmf,increase,0.094
2026-02-28,wk flu hosp rate change,2,2026-03-14,55,pmf,large_decrease,0.001
2026-02-28,wk flu hosp rate change,2,2026-03-14,55,pmf,large_increase,0.001
2026-02-28,wk flu hosp rate change,2,2026-03-14,55,pmf,stable,0.397
2026-02-28,wk flu hosp rate change,2,2026-03-14,56,pmf,decrease,0.311
2026-02-28,wk flu hosp rate change,2,2026-03-14,56,pmf,increase,0.007
2026-02-28,wk flu hosp rate change,2,2026-03-14,56,pmf,large_decrease,0.001
2026-02-28,wk flu hosp rate change,2,2026-03-14,56,pmf,large_increase,0.001
2026-02-28,wk flu hosp rate change,2,2026-03-14,56,pmf,stable,0.6799999999999999
2026-02-28,wk flu hosp rate change,2,2026-03-14,US,pmf,decrease,0.568
2026-02-28,wk flu hosp rate change,2,2026-03-14,US,pmf,increase,0.02
2026-02-28,wk flu hosp rate change,2,2026-03-14,US,pmf,large_decrease,0.001
2026-02-28,wk flu hosp rate change,2,2026-03-14,US,pmf,large_increase,0.001
2026-02-28,wk flu hosp rate change,2,2026-03-14,US,pmf,stable,0.4100000000000001
2026-02-28,wk flu hosp rate change,3,2026-03-21,01,pmf,decrease,0.578
2026-02-28,wk flu hosp rate change,3,2026-03-21,01,pmf,increase,0.049
2026-02-28,wk flu hosp rate change,3,2026-03-21,01,pmf,large_decrease,0.098
2026-02-28,wk flu hosp rate change,3,2026-03-21,01,pmf,large_increase,0.001
2026-02-28,wk flu hosp rate change,3,2026-03-21,01,pmf,stable,0.274
2026-02-28,wk flu hosp rate change,3,2026-03-21,02,pmf,decrease,0.48951048951048953
2026-02-28,wk flu hosp rate change,3,2026-03-21,02,pmf,increase,0.06893106893106894
2026-02-28,wk flu hosp rate change,3,2026-03-21,02,pmf,large_decrease,0.0019980019980019984
2026-02-28,wk flu hosp rate change,3,2026-03-21,02,pmf,large_increase,0.0019980019980019984
2026-02-28,wk flu hosp rate change,3,2026-03-21,02,pmf,stable,0.4375624375624376
2026-02-28,wk flu hosp rate change,3,2026-03-21,04,pmf,decrease,0.654
2026-02-28,wk flu hosp rate change,3,2026-03-21,04,pmf,increase,0.027
2026-02-28,wk flu hosp rate change,3,2026-03-21,04,pmf,large_decrease,0.003
2026-02-28,wk flu hosp rate change,3,2026-03-21,04,pmf,large_increase,0.003
2026-02-28,wk flu hosp rate change,3,2026-03-21,04,pmf,stable,0.313
2026-02-28,wk flu hosp rate change,3,2026-03-21,05,pmf,decrease,0.855
2026-02-28,wk flu hosp rate change,3,2026-03-21,05,pmf,increase,0.001
2026-02-28,wk flu hosp rate change,3,2026-03-21,05,pmf,large_decrease,0.101
2026-02-28,wk flu hosp rate change,3,2026-03-21,05,pmf,large_increase,0.001
2026-02-28,wk flu hosp rate change,3,2026-03-21,05,pmf,stable,0.042
2026-02-28,wk flu hosp rate change,3,2026-03-21,06,pmf,decrease,0.355
2026-02-28,wk flu hosp rate change,3,2026-03-21,06,pmf,increase,0.014
2026-02-28,wk flu hosp rate change,3,2026-03-21,06,pmf,large_decrease,0.001
2026-02-28,wk flu hosp rate change,3,2026-03-21,06,pmf,large_increase,0.001
2026-02-28,wk flu hosp rate change,3,2026-03-21,06,pmf,stable,0.629
2026-02-28,wk flu hosp rate change,3,2026-03-21,08,pmf,decrease,0.374
2026-02-28,wk flu hosp rate change,3,2026-03-21,08,pmf,increase,0.004
2026-02-28,wk flu hosp rate change,3,2026-03-21,08,pmf,large_decrease,0.001
2026-02-28,wk flu hosp rate change,3,2026-03-21,08,pmf,large_increase,0.001
2026-02-28,wk flu hosp rate change,3,2026-03-21,08,pmf,stable,0.62
2026-02-28,wk flu hosp rate change,3,2026-03-21,09,pmf,decrease,0.5528942115768464
2026-02-28,wk flu hosp rate change,3,2026-03-21,09,pmf,increase,0.01996007984031936
2026-02-28,wk flu hosp rate change,3,2026-03-21,09,pmf,large_decrease,0.001996007984031936
2026-02-28,wk flu hosp rate change,3,2026-03-21,09,pmf,large_increase,0.001996007984031936
2026-02-28,wk flu hosp rate change,3,2026-03-21,09,pmf,stable,0.4231536926147704
2026-02-28,wk flu hosp rate change,3,2026-03-21,10,pmf,decrease,0.83
2026-02-28,wk flu hosp rate change,3,2026-03-21,10,pmf,increase,0.011
2026-02-28,wk flu hosp rate change,3,2026-03-21,10,pmf,large_decrease,0.001
2026-02-28,wk flu hosp rate change,3,2026-03-21,10,pmf,large_increase,0.001
2026-02-28,wk flu hosp rate change,3,2026-03-21,10,pmf,stable,0.157
2026-02-28,wk flu hosp rate change,3,2026-03-21,11,pmf,decrease,0.001
2026-02-28,wk flu hosp rate change,3,2026-03-21,11,pmf,increase,0.072
2026-02-28,wk flu hosp rate change,3,2026-03-21,11,pmf,large_decrease,0.001
2026-02-28,wk flu hosp rate change,3,2026-03-21,11,pmf,large_increase,0.001
2026-02-28,wk flu hosp rate change,3,2026-03-21,11,pmf,stable,0.925
2026-02-28,wk flu hosp rate change,3,2026-03-21,12,pmf,decrease,0.713
2026-02-28,wk flu hosp rate change,3,2026-03-21,12,pmf,increase,0.001
2026-02-28,wk flu hosp rate change,3,2026-03-21,12,pmf,large_decrease,0.001
2026-02-28,wk flu hosp rate change,3,2026-03-21,12,pmf,large_increase,0.001
2026-02-28,wk flu hosp rate change,3,2026-03-21,12,pmf,stable,0.2840000000000001
2026-02-28,wk flu hosp rate change,3,2026-03-21,13,pmf,decrease,0.326
2026-02-28,wk flu hosp rate change,3,2026-03-21,13,pmf,increase,0.015
2026-02-28,wk flu hosp rate change,3,2026-03-21,13,pmf,large_decrease,0.001
2026-02-28,wk flu hosp rate change,3,2026-03-21,13,pmf,large_increase,0.001
2026-02-28,wk flu hosp rate change,3,2026-03-21,13,pmf,stable,0.6569999999999999
2026-02-28,wk flu hosp rate change,3,2026-03-21,15,pmf,decrease,0.529
2026-02-28,wk flu hosp rate change,3,2026-03-21,15,pmf,increase,0.1
2026-02-28,wk flu hosp rate change,3,2026-03-21,15,pmf,large_decrease,0.002
2026-02-28,wk flu hosp rate change,3,2026-03-21,15,pmf,large_increase,0.002
2026-02-28,wk flu hosp rate change,3,2026-03-21,15,pmf,stable,0.367
2026-02-28,wk flu hosp rate change,3,2026-03-21,16,pmf,decrease,0.433
2026-02-28,wk flu hosp rate change,3,2026-03-21,16,pmf,increase,0.025
2026-02-28,wk flu hosp rate change,3,2026-03-21,16,pmf,large_decrease,0.001
2026-02-28,wk flu hosp rate change,3,2026-03-21,16,pmf,large_increase,0.001
2026-02-28,wk flu hosp rate change,3,2026-03-21,16,pmf,stable,0.54
2026-02-28,wk flu hosp rate change,3,2026-03-21,17,pmf,decrease,0.5814185814185815
2026-02-28,wk flu hosp rate change,3,2026-03-21,17,pmf,increase,0.08891108891108891
2026-02-28,wk flu hosp rate change,3,2026-03-21,17,pmf,large_decrease,0.0019980019980019984
2026-02-28,wk flu hosp rate change,3,2026-03-21,17,pmf,large_increase,0.0019980019980019984
2026-02-28,wk flu hosp rate change,3,2026-03-21,17,pmf,stable,0.32567432567432575
2026-02-28,wk flu hosp rate change,3,2026-03-21,18,pmf,decrease,0.898
2026-02-28,wk flu hosp rate change,3,2026-03-21,18,pmf,increase,0.009
2026-02-28,wk flu hosp rate change,3,2026-03-21,18,pmf,large_decrease,0.001
2026-02-28,wk flu hosp rate change,3,2026-03-21,18,pmf,large_increase,0.001
2026-02-28,wk flu hosp rate change,3,2026-03-21,18,pmf,stable,0.091
2026-02-28,wk flu hosp rate change,3,2026-03-21,19,pmf,decrease,0.916
2026-02-28,wk flu hosp rate change,3,2026-03-21,19,pmf,increase,0.001
2026-02-28,wk flu hosp rate change,3,2026-03-21,19,pmf,large_decrease,0.001
2026-02-28,wk flu hosp rate change,3,2026-03-21,19,pmf,large_increase,0.001
2026-02-28,wk flu hosp rate change,3,2026-03-21,19,pmf,stable,0.081
2026-02-28,wk flu hosp rate change,3,2026-03-21,20,pmf,decrease,0.6893106893106893
2026-02-28,wk flu hosp rate change,3,2026-03-21,20,pmf,increase,0.004995004995004996
2026-02-28,wk flu hosp rate change,3,2026-03-21,20,pmf,large_decrease,0.0019980019980019984
2026-02-28,wk flu hosp rate change,3,2026-03-21,20,pmf,large_increase,0.0019980019980019984
2026-02-28,wk flu hosp rate change,3,2026-03-21,20,pmf,stable,0.3016983016983017
2026-02-28,wk flu hosp rate change,3,2026-03-21,21,pmf,decrease,0.841
2026-02-28,wk flu hosp rate change,3,2026-03-21,21,pmf,increase,0.023
2026-02-28,wk flu hosp rate change,3,2026-03-21,21,pmf,large_decrease,0.001
2026-02-28,wk flu hosp rate change,3,2026-03-21,21,pmf,large_increase,0.001
2026-02-28,wk flu hosp rate change,3,2026-03-21,21,pmf,stable,0.134
2026-02-28,wk flu hosp rate change,3,2026-03-21,22,pmf,decrease,0.815
2026-02-28,wk flu hosp rate change,3,2026-03-21,22,pmf,increase,0.009
2026-02-28,wk flu hosp rate change,3,2026-03-21,22,pmf,large_decrease,0.001
2026-02-28,wk flu hosp rate change,3,2026-03-21,22,pmf,large_increase,0.001
2026-02-28,wk flu hosp rate change,3,2026-03-21,22,pmf,stable,0.1740000000000001
2026-02-28,wk flu hosp rate change,3,2026-03-21,23,pmf,decrease,0.305
2026-02-28,wk flu hosp rate change,3,2026-03-21,23,pmf,increase,0.005
2026-02-28,wk flu hosp rate change,3,2026-03-21,23,pmf,large_decrease,0.001
2026-02-28,wk flu hosp rate change,3,2026-03-21,23,pmf,large_increase,0.001
2026-02-28,wk flu hosp rate change,3,2026-03-21,23,pmf,stable,0.688
2026-02-28,wk flu hosp rate change,3,2026-03-21,24,pmf,decrease,0.152
2026-02-28,wk flu hosp rate change,3,2026-03-21,24,pmf,increase,0.059
2026-02-28,wk flu hosp rate change,3,2026-03-21,24,pmf,large_decrease,0.001
2026-02-28,wk flu hosp rate change,3,2026-03-21,24,pmf,large_increase,0.001
2026-02-28,wk flu hosp rate change,3,2026-03-21,24,pmf,stable,0.787
2026-02-28,wk flu hosp rate change,3,2026-03-21,25,pmf,decrease,0.373
2026-02-28,wk flu hosp rate change,3,2026-03-21,25,pmf,increase,0.014
2026-02-28,wk flu hosp rate change,3,2026-03-21,25,pmf,large_decrease,0.001
2026-02-28,wk flu hosp rate change,3,2026-03-21,25,pmf,large_increase,0.001
2026-02-28,wk flu hosp rate change,3,2026-03-21,25,pmf,stable,0.611
2026-02-28,wk flu hosp rate change,3,2026-03-21,26,pmf,decrease,0.372
2026-02-28,wk flu hosp rate change,3,2026-03-21,26,pmf,increase,0.006
2026-02-28,wk flu hosp rate change,3,2026-03-21,26,pmf,large_decrease,0.001
2026-02-28,wk flu hosp rate change,3,2026-03-21,26,pmf,large_increase,0.001
2026-02-28,wk flu hosp rate change,3,2026-03-21,26,pmf,stable,0.62
2026-02-28,wk flu hosp rate change,3,2026-03-21,27,pmf,decrease,0.9630369630369631
2026-02-28,wk flu hosp rate change,3,2026-03-21,27,pmf,increase,0.0019980019980019984
2026-02-28,wk flu hosp rate change,3,2026-03-21,27,pmf,large_decrease,0.0019980019980019984
2026-02-28,wk flu hosp rate change,3,2026-03-21,27,pmf,large_increase,0.0019980019980019984
2026-02-28,wk flu hosp rate change,3,2026-03-21,27,pmf,stable,0.03096903096903097
2026-02-28,wk flu hosp rate change,3,2026-03-21,28,pmf,decrease,0.598
2026-02-28,wk flu hosp rate change,3,2026-03-21,28,pmf,increase,0.037
2026-02-28,wk flu hosp rate change,3,2026-03-21,28,pmf,large_decrease,0.002
2026-02-28,wk flu hosp rate change,3,2026-03-21,28,pmf,large_increase,0.002
2026-02-28,wk flu hosp rate change,3,2026-03-21,28,pmf,stable,0.361
2026-02-28,wk flu hosp rate change,3,2026-03-21,30,pmf,decrease,0.949
2026-02-28,wk flu hosp rate change,3,2026-03-21,30,pmf,increase,0.003
2026-02-28,wk flu hosp rate change,3,2026-03-21,30,pmf,large_decrease,0.001
2026-02-28,wk flu hosp rate change,3,2026-03-21,30,pmf,large_increase,0.001
2026-02-28,wk flu hosp rate change,3,2026-03-21,30,pmf,stable,0.046
2026-02-28,wk flu hosp rate change,3,2026-03-21,31,pmf,decrease,0.529
2026-02-28,wk flu hosp rate change,3,2026-03-21,31,pmf,increase,0.052
2026-02-28,wk flu hosp rate change,3,2026-03-21,31,pmf,large_decrease,0.002
2026-02-28,wk flu hosp rate change,3,2026-03-21,31,pmf,large_increase,0.002
2026-02-28,wk flu hosp rate change,3,2026-03-21,31,pmf,stable,0.415
2026-02-28,wk flu hosp rate change,3,2026-03-21,32,pmf,decrease,0.242
2026-02-28,wk flu hosp rate change,3,2026-03-21,32,pmf,increase,0.003
2026-02-28,wk flu hosp rate change,3,2026-03-21,32,pmf,large_decrease,0.001
2026-02-28,wk flu hosp rate change,3,2026-03-21,32,pmf,large_increase,0.001
2026-02-28,wk flu hosp rate change,3,2026-03-21,32,pmf,stable,0.753
2026-02-28,wk flu hosp rate change,3,2026-03-21,33,pmf,decrease,0.681
2026-02-28,wk flu hosp rate change,3,2026-03-21,33,pmf,increase,0.001
2026-02-28,wk flu hosp rate change,3,2026-03-21,33,pmf,large_decrease,0.001
2026-02-28,wk flu hosp rate change,3,2026-03-21,33,pmf,large_increase,0.001
2026-02-28,wk flu hosp rate change,3,2026-03-21,33,pmf,stable,0.3159999999999999
2026-02-28,wk flu hosp rate change,3,2026-03-21,34,pmf,decrease,0.179
2026-02-28,wk flu hosp rate change,3,2026-03-21,34,pmf,increase,0.137
2026-02-28,wk flu hosp rate change,3,2026-03-21,34,pmf,large_decrease,0.001
2026-02-28,wk flu hosp rate change,3,2026-03-21,34,pmf,large_increase,0.001
2026-02-28,wk flu hosp rate change,3,2026-03-21,34,pmf,stable,0.6819999999999999
2026-02-28,wk flu hosp rate change,3,2026-03-21,35,pmf,decrease,0.879
2026-02-28,wk flu hosp rate change,3,2026-03-21,35,pmf,increase,0.001
2026-02-28,wk flu hosp rate change,3,2026-03-21,35,pmf,large_decrease,0.001
2026-02-28,wk flu hosp rate change,3,2026-03-21,35,pmf,large_increase,0.001
2026-02-28,wk flu hosp rate change,3,2026-03-21,35,pmf,stable,0.11800000000000001
2026-02-28,wk flu hosp rate change,3,2026-03-21,36,pmf,decrease,0.020979020979020983
2026-02-28,wk flu hosp rate change,3,2026-03-21,36,pmf,increase,0.017982017982017984
2026-02-28,wk flu hosp rate change,3,2026-03-21,36,pmf,large_decrease,0.0019980019980019984
2026-02-28,wk flu hosp rate change,3,2026-03-21,36,pmf,large_increase,0.0019980019980019984
2026-02-28,wk flu hosp rate change,3,2026-03-21,36,pmf,stable,0.9570429570429572
2026-02-28,wk flu hosp rate change,3,2026-03-21,37,pmf,decrease,0.6873126873126874
2026-02-28,wk flu hosp rate change,3,2026-03-21,37,pmf,increase,0.03796203796203797
2026-02-28,wk flu hosp rate change,3,2026-03-21,37,pmf,large_decrease,0.0009990009990009992
2026-02-28,wk flu hosp rate change,3,2026-03-21,37,pmf,large_increase,0.0009990009990009992
2026-02-28,wk flu hosp rate change,3,2026-03-21,37,pmf,stable,0.27272727272727276
2026-02-28,wk flu hosp rate change,3,2026-03-21,38,pmf,decrease,0.455
2026-02-28,wk flu hosp rate change,3,2026-03-21,38,pmf,increase,0.021
2026-02-28,wk flu hosp rate change,3,2026-03-21,38,pmf,large_decrease,0.001
2026-02-28,wk flu hosp rate change,3,2026-03-21,38,pmf,large_increase,0.001
2026-02-28,wk flu hosp rate change,3,2026-03-21,38,pmf,stable,0.522
2026-02-28,wk flu hosp rate change,3,2026-03-21,39,pmf,decrease,0.236
2026-02-28,wk flu hosp rate change,3,2026-03-21,39,pmf,increase,0.033
2026-02-28,wk flu hosp rate change,3,2026-03-21,39,pmf,large_decrease,0.005
2026-02-28,wk flu hosp rate change,3,2026-03-21,39,pmf,large_increase,0.042
2026-02-28,wk flu hosp rate change,3,2026-03-21,39,pmf,stable,0.684
2026-02-28,wk flu hosp rate change,3,2026-03-21,40,pmf,decrease,0.876
2026-02-28,wk flu hosp rate change,3,2026-03-21,40,pmf,increase,0.012
2026-02-28,wk flu hosp rate change,3,2026-03-21,40,pmf,large_decrease,0.001
2026-02-28,wk flu hosp rate change,3,2026-03-21,40,pmf,large_increase,0.001
2026-02-28,wk flu hosp rate change,3,2026-03-21,40,pmf,stable,0.11
2026-02-28,wk flu hosp rate change,3,2026-03-21,41,pmf,decrease,0.85
2026-02-28,wk flu hosp rate change,3,2026-03-21,41,pmf,increase,0.007
2026-02-28,wk flu hosp rate change,3,2026-03-21,41,pmf,large_decrease,0.001
2026-02-28,wk flu hosp rate change,3,2026-03-21,41,pmf,large_increase,0.001
2026-02-28,wk flu hosp rate change,3,2026-03-21,41,pmf,stable,0.14100000000000001
2026-02-28,wk flu hosp rate change,3,2026-03-21,42,pmf,decrease,0.228
2026-02-28,wk flu hosp rate change,3,2026-03-21,42,pmf,increase,0.154
2026-02-28,wk flu hosp rate change,3,2026-03-21,42,pmf,large_decrease,0.001
2026-02-28,wk flu hosp rate change,3,2026-03-21,42,pmf,large_increase,0.001
2026-02-28,wk flu hosp rate change,3,2026-03-21,42,pmf,stable,0.616
2026-02-28,wk flu hosp rate change,3,2026-03-21,44,pmf,decrease,0.059
2026-02-28,wk flu hosp rate change,3,2026-03-21,44,pmf,increase,0.041
2026-02-28,wk flu hosp rate change,3,2026-03-21,44,pmf,large_decrease,0.002
2026-02-28,wk flu hosp rate change,3,2026-03-21,44,pmf,large_increase,0.002
2026-02-28,wk flu hosp rate change,3,2026-03-21,44,pmf,stable,0.896
2026-02-28,wk flu hosp rate change,3,2026-03-21,45,pmf,decrease,0.683
2026-02-28,wk flu hosp rate change,3,2026-03-21,45,pmf,increase,0.002
2026-02-28,wk flu hosp rate change,3,2026-03-21,45,pmf,large_decrease,0.001
2026-02-28,wk flu hosp rate change,3,2026-03-21,45,pmf,large_increase,0.001
2026-02-28,wk flu hosp rate change,3,2026-03-21,45,pmf,stable,0.3129999999999999
2026-02-28,wk flu hosp rate change,3,2026-03-21,46,pmf,decrease,0.877
2026-02-28,wk flu hosp rate change,3,2026-03-21,46,pmf,increase,0.001
2026-02-28,wk flu hosp rate change,3,2026-03-21,46,pmf,large_decrease,0.001
2026-02-28,wk flu hosp rate change,3,2026-03-21,46,pmf,large_increase,0.001
2026-02-28,wk flu hosp rate change,3,2026-03-21,46,pmf,stable,0.12
2026-02-28,wk flu hosp rate change,3,2026-03-21,47,pmf,decrease,0.424
2026-02-28,wk flu hosp rate change,3,2026-03-21,47,pmf,increase,0.034
2026-02-28,wk flu hosp rate change,3,2026-03-21,47,pmf,large_decrease,0.001
2026-02-28,wk flu hosp rate change,3,2026-03-21,47,pmf,large_increase,0.001
2026-02-28,wk flu hosp rate change,3,2026-03-21,47,pmf,stable,0.54
2026-02-28,wk flu hosp rate change,3,2026-03-21,48,pmf,decrease,0.839
2026-02-28,wk flu hosp rate change,3,2026-03-21,48,pmf,increase,0.007
2026-02-28,wk flu hosp rate change,3,2026-03-21,48,pmf,large_decrease,0.001
2026-02-28,wk flu hosp rate change,3,2026-03-21,48,pmf,large_increase,0.001
2026-02-28,wk flu hosp rate change,3,2026-03-21,48,pmf,stable,0.152
2026-02-28,wk flu hosp rate change,3,2026-03-21,49,pmf,decrease,0.685
2026-02-28,wk flu hosp rate change,3,2026-03-21,49,pmf,increase,0.008
2026-02-28,wk flu hosp rate change,3,2026-03-21,49,pmf,large_decrease,0.001
2026-02-28,wk flu hosp rate change,3,2026-03-21,49,pmf,large_increase,0.001
2026-02-28,wk flu hosp rate change,3,2026-03-21,49,pmf,stable,0.305
2026-02-28,wk flu hosp rate change,3,2026-03-21,50,pmf,decrease,0.651
2026-02-28,wk flu hosp rate change,3,2026-03-21,50,pmf,increase,0.043
2026-02-28,wk flu hosp rate change,3,2026-03-21,50,pmf,large_decrease,0.001
2026-02-28,wk flu hosp rate change,3,2026-03-21,50,pmf,large_increase,0.001
2026-02-28,wk flu hosp rate change,3,2026-03-21,50,pmf,stable,0.304
2026-02-28,wk flu hosp rate change,3,2026-03-21,51,pmf,decrease,0.09390609390609392
2026-02-28,wk flu hosp rate change,3,2026-03-21,51,pmf,increase,0.3126873126873127
2026-02-28,wk flu hosp rate change,3,2026-03-21,51,pmf,large_decrease,0.0019980019980019984
2026-02-28,wk flu hosp rate change,3,2026-03-21,51,pmf,large_increase,0.01198801198801199
2026-02-28,wk flu hosp rate change,3,2026-03-21,51,pmf,stable,0.5794205794205795
2026-02-28,wk flu hosp rate change,3,2026-03-21,53,pmf,decrease,0.6
2026-02-28,wk flu hosp rate change,3,2026-03-21,53,pmf,increase,0.011
2026-02-28,wk flu hosp rate change,3,2026-03-21,53,pmf,large_decrease,0.001
2026-02-28,wk flu hosp rate change,3,2026-03-21,53,pmf,large_increase,0.001
2026-02-28,wk flu hosp rate change,3,2026-03-21,53,pmf,stable,0.387
2026-02-28,wk flu hosp rate change,3,2026-03-21,54,pmf,decrease,0.7
2026-02-28,wk flu hosp rate change,3,2026-03-21,54,pmf,increase,0.019
2026-02-28,wk flu hosp rate change,3,2026-03-21,54,pmf,large_decrease,0.001
2026-02-28,wk flu hosp rate change,3,2026-03-21,54,pmf,large_increase,0.001
2026-02-28,wk flu hosp rate change,3,2026-03-21,54,pmf,stable,0.279
2026-02-28,wk flu hosp rate change,3,2026-03-21,55,pmf,decrease,0.567
2026-02-28,wk flu hosp rate change,3,2026-03-21,55,pmf,increase,0.028
2026-02-28,wk flu hosp rate change,3,2026-03-21,55,pmf,large_decrease,0.001
2026-02-28,wk flu hosp rate change,3,2026-03-21,55,pmf,large_increase,0.001
2026-02-28,wk flu hosp rate change,3,2026-03-21,55,pmf,stable,0.403
2026-02-28,wk flu hosp rate change,3,2026-03-21,56,pmf,decrease,0.288
2026-02-28,wk flu hosp rate change,3,2026-03-21,56,pmf,increase,0.003
2026-02-28,wk flu hosp rate change,3,2026-03-21,56,pmf,large_decrease,0.001
2026-02-28,wk flu hosp rate change,3,2026-03-21,56,pmf,large_increase,0.001
2026-02-28,wk flu hosp rate change,3,2026-03-21,56,pmf,stable,0.707
2026-02-28,wk flu hosp rate change,3,2026-03-21,US,pmf,decrease,0.564
2026-02-28,wk flu hosp rate change,3,2026-03-21,US,pmf,increase,0.003
2026-02-28,wk flu hosp rate change,3,2026-03-21,US,pmf,large_decrease,0.001
2026-02-28,wk flu hosp rate change,3,2026-03-21,US,pmf,large_increase,0.001
2026-02-28,wk flu hosp rate change,3,2026-03-21,US,pmf,stable,0.431
2026-02-28,wk inc flu hosp,0,2026-02-28,01,quantile,0.01,75.0
2026-02-28,wk inc flu hosp,0,2026-02-28,01,quantile,0.025,87.0
2026-02-28,wk inc flu hosp,0,2026-02-28,01,quantile,0.05,117.0
2026-02-28,wk inc flu hosp,0,2026-02-28,01,quantile,0.1,147.0
2026-02-28,wk inc flu hosp,0,2026-02-28,01,quantile,0.15,171.0
2026-02-28,wk inc flu hosp,0,2026-02-28,01,quantile,0.2,189.0
2026-02-28,wk inc flu hosp,0,2026-02-28,01,quantile,0.25,206.0
2026-02-28,wk inc flu hosp,0,2026-02-28,01,quantile,0.3,223.0
2026-02-28,wk inc flu hosp,0,2026-02-28,01,quantile,0.35,237.0
2026-02-28,wk inc flu hosp,0,2026-02-28,01,quantile,0.4,250.0
2026-02-28,wk inc flu hosp,0,2026-02-28,01,quantile,0.45,263.0
2026-02-28,wk inc flu hosp,0,2026-02-28,01,quantile,0.5,276.0
2026-02-28,wk inc flu hosp,0,2026-02-28,01,quantile,0.55,288.0
2026-02-28,wk inc flu hosp,0,2026-02-28,01,quantile,0.6,302.0
2026-02-28,wk inc flu hosp,0,2026-02-28,01,quantile,0.65,318.0
2026-02-28,wk inc flu hosp,0,2026-02-28,01,quantile,0.7,331.0
2026-02-28,wk inc flu hosp,0,2026-02-28,01,quantile,0.75,346.0
2026-02-28,wk inc flu hosp,0,2026-02-28,01,quantile,0.8,354.0
2026-02-28,wk inc flu hosp,0,2026-02-28,01,quantile,0.85,361.0
2026-02-28,wk inc flu hosp,0,2026-02-28,01,quantile,0.9,373.0
2026-02-28,wk inc flu hosp,0,2026-02-28,01,quantile,0.95,390.0
2026-02-28,wk inc flu hosp,0,2026-02-28,01,quantile,0.975,402.0
2026-02-28,wk inc flu hosp,0,2026-02-28,01,quantile,0.99,416.0
2026-02-28,wk inc flu hosp,0,2026-02-28,02,quantile,0.01,4.0
2026-02-28,wk inc flu hosp,0,2026-02-28,02,quantile,0.025,6.0
2026-02-28,wk inc flu hosp,0,2026-02-28,02,quantile,0.05,7.0
2026-02-28,wk inc flu hosp,0,2026-02-28,02,quantile,0.1,9.0
2026-02-28,wk inc flu hosp,0,2026-02-28,02,quantile,0.15,9.0
2026-02-28,wk inc flu hosp,0,2026-02-28,02,quantile,0.2,10.0
2026-02-28,wk inc flu hosp,0,2026-02-28,02,quantile,0.25,11.0
2026-02-28,wk inc flu hosp,0,2026-02-28,02,quantile,0.3,11.0
2026-02-28,wk inc flu hosp,0,2026-02-28,02,quantile,0.35,12.0
2026-02-28,wk inc flu hosp,0,2026-02-28,02,quantile,0.4,12.0
2026-02-28,wk inc flu hosp,0,2026-02-28,02,quantile,0.45,12.0
2026-02-28,wk inc flu hosp,0,2026-02-28,02,quantile,0.5,13.0
2026-02-28,wk inc flu hosp,0,2026-02-28,02,quantile,0.55,13.0
2026-02-28,wk inc flu hosp,0,2026-02-28,02,quantile,0.6,13.0
2026-02-28,wk inc flu hosp,0,2026-02-28,02,quantile,0.65,14.0
2026-02-28,wk inc flu hosp,0,2026-02-28,02,quantile,0.7,14.0
2026-02-28,wk inc flu hosp,0,2026-02-28,02,quantile,0.75,15.0
2026-02-28,wk inc flu hosp,0,2026-02-28,02,quantile,0.8,15.0
2026-02-28,wk inc flu hosp,0,2026-02-28,02,quantile,0.85,15.0
2026-02-28,wk inc flu hosp,0,2026-02-28,02,quantile,0.9,16.0
2026-02-28,wk inc flu hosp,0,2026-02-28,02,quantile,0.95,18.0
2026-02-28,wk inc flu hosp,0,2026-02-28,02,quantile,0.975,19.0
2026-02-28,wk inc flu hosp,0,2026-02-28,02,quantile,0.99,20.0
2026-02-28,wk inc flu hosp,0,2026-02-28,04,quantile,0.01,121.0
2026-02-28,wk inc flu hosp,0,2026-02-28,04,quantile,0.025,137.0
2026-02-28,wk inc flu hosp,0,2026-02-28,04,quantile,0.05,154.0
2026-02-28,wk inc flu hosp,0,2026-02-28,04,quantile,0.1,170.0
2026-02-28,wk inc flu hosp,0,2026-02-28,04,quantile,0.15,180.0
2026-02-28,wk inc flu hosp,0,2026-02-28,04,quantile,0.2,188.0
2026-02-28,wk inc flu hosp,0,2026-02-28,04,quantile,0.25,195.0
2026-02-28,wk inc flu hosp,0,2026-02-28,04,quantile,0.3,201.0
2026-02-28,wk inc flu hosp,0,2026-02-28,04,quantile,0.35,206.0
2026-02-28,wk inc flu hosp,0,2026-02-28,04,quantile,0.4,212.0
2026-02-28,wk inc flu hosp,0,2026-02-28,04,quantile,0.45,218.0
2026-02-28,wk inc flu hosp,0,2026-02-28,04,quantile,0.5,223.0
2026-02-28,wk inc flu hosp,0,2026-02-28,04,quantile,0.55,229.0
2026-02-28,wk inc flu hosp,0,2026-02-28,04,quantile,0.6,235.0
2026-02-28,wk inc flu hosp,0,2026-02-28,04,quantile,0.65,241.0
2026-02-28,wk inc flu hosp,0,2026-02-28,04,quantile,0.7,246.0
2026-02-28,wk inc flu hosp,0,2026-02-28,04,quantile,0.75,253.0
2026-02-28,wk inc flu hosp,0,2026-02-28,04,quantile,0.8,261.0
2026-02-28,wk inc flu hosp,0,2026-02-28,04,quantile,0.85,269.0
2026-02-28,wk inc flu hosp,0,2026-02-28,04,quantile,0.9,282.0
2026-02-28,wk inc flu hosp,0,2026-02-28,04,quantile,0.95,300.0
2026-02-28,wk inc flu hosp,0,2026-02-28,04,quantile,0.975,316.0
2026-02-28,wk inc flu hosp,0,2026-02-28,04,quantile,0.99,329.0
2026-02-28,wk inc flu hosp,0,2026-02-28,05,quantile,0.01,36.0
2026-02-28,wk inc flu hosp,0,2026-02-28,05,quantile,0.025,50.0
2026-02-28,wk inc flu hosp,0,2026-02-28,05,quantile,0.05,62.0
2026-02-28,wk inc flu hosp,0,2026-02-28,05,quantile,0.1,78.0
2026-02-28,wk inc flu hosp,0,2026-02-28,05,quantile,0.15,89.0
2026-02-28,wk inc flu hosp,0,2026-02-28,05,quantile,0.2,97.0
2026-02-28,wk inc flu hosp,0,2026-02-28,05,quantile,0.25,105.0
2026-02-28,wk inc flu hosp,0,2026-02-28,05,quantile,0.3,111.0
2026-02-28,wk inc flu hosp,0,2026-02-28,05,quantile,0.35,118.0
2026-02-28,wk inc flu hosp,0,2026-02-28,05,quantile,0.4,124.0
2026-02-28,wk inc flu hosp,0,2026-02-28,05,quantile,0.45,130.0
2026-02-28,wk inc flu hosp,0,2026-02-28,05,quantile,0.5,133.0
2026-02-28,wk inc flu hosp,0,2026-02-28,05,quantile,0.55,136.0
2026-02-28,wk inc flu hosp,0,2026-02-28,05,quantile,0.6,138.0
2026-02-28,wk inc flu hosp,0,2026-02-28,05,quantile,0.65,141.0
2026-02-28,wk inc flu hosp,0,2026-02-28,05,quantile,0.7,143.0
2026-02-28,wk inc flu hosp,0,2026-02-28,05,quantile,0.75,146.0
2026-02-28,wk inc flu hosp,0,2026-02-28,05,quantile,0.8,149.0
2026-02-28,wk inc flu hosp,0,2026-02-28,05,quantile,0.85,152.0
2026-02-28,wk inc flu hosp,0,2026-02-28,05,quantile,0.9,157.0
2026-02-28,wk inc flu hosp,0,2026-02-28,05,quantile,0.95,165.0
2026-02-28,wk inc flu hosp,0,2026-02-28,05,quantile,0.975,169.0
2026-02-28,wk inc flu hosp,0,2026-02-28,05,quantile,0.99,175.0
2026-02-28,wk inc flu hosp,0,2026-02-28,06,quantile,0.01,466.0
2026-02-28,wk inc flu hosp,0,2026-02-28,06,quantile,0.025,566.0
2026-02-28,wk inc flu hosp,0,2026-02-28,06,quantile,0.05,656.0
2026-02-28,wk inc flu hosp,0,2026-02-28,06,quantile,0.1,755.0
2026-02-28,wk inc flu hosp,0,2026-02-28,06,quantile,0.15,827.0
2026-02-28,wk inc flu hosp,0,2026-02-28,06,quantile,0.2,867.0
2026-02-28,wk inc flu hosp,0,2026-02-28,06,quantile,0.25,905.0
2026-02-28,wk inc flu hosp,0,2026-02-28,06,quantile,0.3,943.0
2026-02-28,wk inc flu hosp,0,2026-02-28,06,quantile,0.35,980.0
2026-02-28,wk inc flu hosp,0,2026-02-28,06,quantile,0.4,1011.0
2026-02-28,wk inc flu hosp,0,2026-02-28,06,quantile,0.45,1041.0
2026-02-28,wk inc flu hosp,0,2026-02-28,06,quantile,0.5,1070.0
2026-02-28,wk inc flu hosp,0,2026-02-28,06,quantile,0.55,1098.0
2026-02-28,wk inc flu hosp,0,2026-02-28,06,quantile,0.6,1130.0
2026-02-28,wk inc flu hosp,0,2026-02-28,06,quantile,0.65,1163.0
2026-02-28,wk inc flu hosp,0,2026-02-28,06,quantile,0.7,1192.0
2026-02-28,wk inc flu hosp,0,2026-02-28,06,quantile,0.75,1226.0
2026-02-28,wk inc flu hosp,0,2026-02-28,06,quantile,0.8,1272.0
2026-02-28,wk inc flu hosp,0,2026-02-28,06,quantile,0.85,1307.0
2026-02-28,wk inc flu hosp,0,2026-02-28,06,quantile,0.9,1367.0
2026-02-28,wk inc flu hosp,0,2026-02-28,06,quantile,0.95,1454.0
2026-02-28,wk inc flu hosp,0,2026-02-28,06,quantile,0.975,1526.0
2026-02-28,wk inc flu hosp,0,2026-02-28,06,quantile,0.99,1585.0
2026-02-28,wk inc flu hosp,0,2026-02-28,08,quantile,0.01,56.0
2026-02-28,wk inc flu hosp,0,2026-02-28,08,quantile,0.025,67.0
2026-02-28,wk inc flu hosp,0,2026-02-28,08,quantile,0.05,74.0
2026-02-28,wk inc flu hosp,0,2026-02-28,08,quantile,0.1,84.0
2026-02-28,wk inc flu hosp,0,2026-02-28,08,quantile,0.15,93.0
2026-02-28,wk inc flu hosp,0,2026-02-28,08,quantile,0.2,98.0
2026-02-28,wk inc flu hosp,0,2026-02-28,08,quantile,0.25,103.0
2026-02-28,wk inc flu hosp,0,2026-02-28,08,quantile,0.3,107.0
2026-02-28,wk inc flu hosp,0,2026-02-28,08,quantile,0.35,110.0
2026-02-28,wk inc flu hosp,0,2026-02-28,08,quantile,0.4,114.0
2026-02-28,wk inc flu hosp,0,2026-02-28,08,quantile,0.45,117.0
2026-02-28,wk inc flu hosp,0,2026-02-28,08,quantile,0.5,120.0
2026-02-28,wk inc flu hosp,0,2026-02-28,08,quantile,0.55,123.0
2026-02-28,wk inc flu hosp,0,2026-02-28,08,quantile,0.6,126.0
2026-02-28,wk inc flu hosp,0,2026-02-28,08,quantile,0.65,128.0
2026-02-28,wk inc flu hosp,0,2026-02-28,08,quantile,0.7,132.0
2026-02-28,wk inc flu hosp,0,2026-02-28,08,quantile,0.75,136.0
2026-02-28,wk inc flu hosp,0,2026-02-28,08,quantile,0.8,140.0
2026-02-28,wk inc flu hosp,0,2026-02-28,08,quantile,0.85,146.0
2026-02-28,wk inc flu hosp,0,2026-02-28,08,quantile,0.9,153.0
2026-02-28,wk inc flu hosp,0,2026-02-28,08,quantile,0.95,159.0
2026-02-28,wk inc flu hosp,0,2026-02-28,08,quantile,0.975,162.0
2026-02-28,wk inc flu hosp,0,2026-02-28,08,quantile,0.99,179.0
2026-02-28,wk inc flu hosp,0,2026-02-28,09,quantile,0.01,8.0
2026-02-28,wk inc flu hosp,0,2026-02-28,09,quantile,0.025,9.0
2026-02-28,wk inc flu hosp,0,2026-02-28,09,quantile,0.05,11.0
2026-02-28,wk inc flu hosp,0,2026-02-28,09,quantile,0.1,18.0
2026-02-28,wk inc flu hosp,0,2026-02-28,09,quantile,0.15,22.0
2026-02-28,wk inc flu hosp,0,2026-02-28,09,quantile,0.2,26.0
2026-02-28,wk inc flu hosp,0,2026-02-28,09,quantile,0.25,29.0
2026-02-28,wk inc flu hosp,0,2026-02-28,09,quantile,0.3,32.0
2026-02-28,wk inc flu hosp,0,2026-02-28,09,quantile,0.35,34.0
2026-02-28,wk inc flu hosp,0,2026-02-28,09,quantile,0.4,36.0
2026-02-28,wk inc flu hosp,0,2026-02-28,09,quantile,0.45,37.0
2026-02-28,wk inc flu hosp,0,2026-02-28,09,quantile,0.5,38.0
2026-02-28,wk inc flu hosp,0,2026-02-28,09,quantile,0.55,39.0
2026-02-28,wk inc flu hosp,0,2026-02-28,09,quantile,0.6,41.0
2026-02-28,wk inc flu hosp,0,2026-02-28,09,quantile,0.65,42.0
2026-02-28,wk inc flu hosp,0,2026-02-28,09,quantile,0.7,43.0
2026-02-28,wk inc flu hosp,0,2026-02-28,09,quantile,0.75,45.0
2026-02-28,wk inc flu hosp,0,2026-02-28,09,quantile,0.8,47.0
2026-02-28,wk inc flu hosp,0,2026-02-28,09,quantile,0.85,48.0
2026-02-28,wk inc flu hosp,0,2026-02-28,09,quantile,0.9,51.0
2026-02-28,wk inc flu hosp,0,2026-02-28,09,quantile,0.95,55.0
2026-02-28,wk inc flu hosp,0,2026-02-28,09,quantile,0.975,58.0
2026-02-28,wk inc flu hosp,0,2026-02-28,09,quantile,0.99,61.0
2026-02-28,wk inc flu hosp,0,2026-02-28,10,quantile,0.01,4.0
2026-02-28,wk inc flu hosp,0,2026-02-28,10,quantile,0.025,6.0
2026-02-28,wk inc flu hosp,0,2026-02-28,10,quantile,0.05,7.0
2026-02-28,wk inc flu hosp,0,2026-02-28,10,quantile,0.1,11.0
2026-02-28,wk inc flu hosp,0,2026-02-28,10,quantile,0.15,14.0
2026-02-28,wk inc flu hosp,0,2026-02-28,10,quantile,0.2,17.0
2026-02-28,wk inc flu hosp,0,2026-02-28,10,quantile,0.25,20.0
2026-02-28,wk inc flu hosp,0,2026-02-28,10,quantile,0.3,21.0
2026-02-28,wk inc flu hosp,0,2026-02-28,10,quantile,0.35,24.0
2026-02-28,wk inc flu hosp,0,2026-02-28,10,quantile,0.4,24.0
2026-02-28,wk inc flu hosp,0,2026-02-28,10,quantile,0.45,25.0
2026-02-28,wk inc flu hosp,0,2026-02-28,10,quantile,0.5,25.0
2026-02-28,wk inc flu hosp,0,2026-02-28,10,quantile,0.55,26.0
2026-02-28,wk inc flu hosp,0,2026-02-28,10,quantile,0.6,27.0
2026-02-28,wk inc flu hosp,0,2026-02-28,10,quantile,0.65,27.0
2026-02-28,wk inc flu hosp,0,2026-02-28,10,quantile,0.7,28.0
2026-02-28,wk inc flu hosp,0,2026-02-28,10,quantile,0.75,29.0
2026-02-28,wk inc flu hosp,0,2026-02-28,10,quantile,0.8,29.0
2026-02-28,wk inc flu hosp,0,2026-02-28,10,quantile,0.85,30.0
2026-02-28,wk inc flu hosp,0,2026-02-28,10,quantile,0.9,32.0
2026-02-28,wk inc flu hosp,0,2026-02-28,10,quantile,0.95,34.0
2026-02-28,wk inc flu hosp,0,2026-02-28,10,quantile,0.975,36.0
2026-02-28,wk inc flu hosp,0,2026-02-28,10,quantile,0.99,38.0
2026-02-28,wk inc flu hosp,0,2026-02-28,11,quantile,0.01,0.0
2026-02-28,wk inc flu hosp,0,2026-02-28,11,quantile,0.025,0.0
2026-02-28,wk inc flu hosp,0,2026-02-28,11,quantile,0.05,0.0
2026-02-28,wk inc flu hosp,0,2026-02-28,11,quantile,0.1,0.0
2026-02-28,wk inc flu hosp,0,2026-02-28,11,quantile,0.15,0.0
2026-02-28,wk inc flu hosp,0,2026-02-28,11,quantile,0.2,0.0
2026-02-28,wk inc flu hosp,0,2026-02-28,11,quantile,0.25,0.0
2026-02-28,wk inc flu hosp,0,2026-02-28,11,quantile,0.3,0.0
2026-02-28,wk inc flu hosp,0,2026-02-28,11,quantile,0.35,0.0
2026-02-28,wk inc flu hosp,0,2026-02-28,11,quantile,0.4,0.0
2026-02-28,wk inc flu hosp,0,2026-02-28,11,quantile,0.45,0.0
2026-02-28,wk inc flu hosp,0,2026-02-28,11,quantile,0.5,0.0
2026-02-28,wk inc flu hosp,0,2026-02-28,11,quantile,0.55,0.0
2026-02-28,wk inc flu hosp,0,2026-02-28,11,quantile,0.6,1.0
2026-02-28,wk inc flu hosp,0,2026-02-28,11,quantile,0.65,1.0
2026-02-28,wk inc flu hosp,0,2026-02-28,11,quantile,0.7,1.0
2026-02-28,wk inc flu hosp,0,2026-02-28,11,quantile,0.75,2.0
2026-02-28,wk inc flu hosp,0,2026-02-28,11,quantile,0.8,2.0
2026-02-28,wk inc flu hosp,0,2026-02-28,11,quantile,0.85,2.0
2026-02-28,wk inc flu hosp,0,2026-02-28,11,quantile,0.9,3.0
2026-02-28,wk inc flu hosp,0,2026-02-28,11,quantile,0.95,4.0
2026-02-28,wk inc flu hosp,0,2026-02-28,11,quantile,0.975,5.0
2026-02-28,wk inc flu hosp,0,2026-02-28,11,quantile,0.99,5.0
2026-02-28,wk inc flu hosp,0,2026-02-28,12,quantile,0.01,550.0
2026-02-28,wk inc flu hosp,0,2026-02-28,12,quantile,0.025,622.0
2026-02-28,wk inc flu hosp,0,2026-02-28,12,quantile,0.05,694.0
2026-02-28,wk inc flu hosp,0,2026-02-28,12,quantile,0.1,751.0
2026-02-28,wk inc flu hosp,0,2026-02-28,12,quantile,0.15,790.0
2026-02-28,wk inc flu hosp,0,2026-02-28,12,quantile,0.2,821.0
2026-02-28,wk inc flu hosp,0,2026-02-28,12,quantile,0.25,846.0
2026-02-28,wk inc flu hosp,0,2026-02-28,12,quantile,0.3,867.0
2026-02-28,wk inc flu hosp,0,2026-02-28,12,quantile,0.35,889.0
2026-02-28,wk inc flu hosp,0,2026-02-28,12,quantile,0.4,907.0
2026-02-28,wk inc flu hosp,0,2026-02-28,12,quantile,0.45,925.0
2026-02-28,wk inc flu hosp,0,2026-02-28,12,quantile,0.5,944.0
2026-02-28,wk inc flu hosp,0,2026-02-28,12,quantile,0.55,966.0
2026-02-28,wk inc flu hosp,0,2026-02-28,12,quantile,0.6,987.0
2026-02-28,wk inc flu hosp,0,2026-02-28,12,quantile,0.65,1009.0
2026-02-28,wk inc flu hosp,0,2026-02-28,12,quantile,0.7,1032.0
2026-02-28,wk inc flu hosp,0,2026-02-28,12,quantile,0.75,1056.0
2026-02-28,wk inc flu hosp,0,2026-02-28,12,quantile,0.8,1087.0
2026-02-28,wk inc flu hosp,0,2026-02-28,12,quantile,0.85,1119.0
2026-02-28,wk inc flu hosp,0,2026-02-28,12,quantile,0.9,1159.0
2026-02-28,wk inc flu hosp,0,2026-02-28,12,quantile,0.95,1214.0
2026-02-28,wk inc flu hosp,0,2026-02-28,12,quantile,0.975,1248.0
2026-02-28,wk inc flu hosp,0,2026-02-28,12,quantile,0.99,1265.0
2026-02-28,wk inc flu hosp,0,2026-02-28,13,quantile,0.01,57.0
2026-02-28,wk inc flu hosp,0,2026-02-28,13,quantile,0.025,71.0
2026-02-28,wk inc flu hosp,0,2026-02-28,13,quantile,0.05,82.0
2026-02-28,wk inc flu hosp,0,2026-02-28,13,quantile,0.1,94.0
2026-02-28,wk inc flu hosp,0,2026-02-28,13,quantile,0.15,112.0
2026-02-28,wk inc flu hosp,0,2026-02-28,13,quantile,0.2,136.0
2026-02-28,wk inc flu hosp,0,2026-02-28,13,quantile,0.25,152.0
2026-02-28,wk inc flu hosp,0,2026-02-28,13,quantile,0.3,172.0
2026-02-28,wk inc flu hosp,0,2026-02-28,13,quantile,0.35,189.0
2026-02-28,wk inc flu hosp,0,2026-02-28,13,quantile,0.4,206.0
2026-02-28,wk inc flu hosp,0,2026-02-28,13,quantile,0.45,222.0
2026-02-28,wk inc flu hosp,0,2026-02-28,13,quantile,0.5,236.0
2026-02-28,wk inc flu hosp,0,2026-02-28,13,quantile,0.55,251.0
2026-02-28,wk inc flu hosp,0,2026-02-28,13,quantile,0.6,266.0
2026-02-28,wk inc flu hosp,0,2026-02-28,13,quantile,0.65,282.0
2026-02-28,wk inc flu hosp,0,2026-02-28,13,quantile,0.7,295.0
2026-02-28,wk inc flu hosp,0,2026-02-28,13,quantile,0.75,311.0
2026-02-28,wk inc flu hosp,0,2026-02-28,13,quantile,0.8,320.0
2026-02-28,wk inc flu hosp,0,2026-02-28,13,quantile,0.85,328.0
2026-02-28,wk inc flu hosp,0,2026-02-28,13,quantile,0.9,338.0
2026-02-28,wk inc flu hosp,0,2026-02-28,13,quantile,0.95,358.0
2026-02-28,wk inc flu hosp,0,2026-02-28,13,quantile,0.975,373.0
2026-02-28,wk inc flu hosp,0,2026-02-28,13,quantile,0.99,386.0
2026-02-28,wk inc flu hosp,0,2026-02-28,15,quantile,0.01,0.0
2026-02-28,wk inc flu hosp,0,2026-02-28,15,quantile,0.025,4.0
2026-02-28,wk inc flu hosp,0,2026-02-28,15,quantile,0.05,7.0
2026-02-28,wk inc flu hosp,0,2026-02-28,15,quantile,0.1,14.0
2026-02-28,wk inc flu hosp,0,2026-02-28,15,quantile,0.15,20.0
2026-02-28,wk inc flu hosp,0,2026-02-28,15,quantile,0.2,24.0
2026-02-28,wk inc flu hosp,0,2026-02-28,15,quantile,0.25,27.0
2026-02-28,wk inc flu hosp,0,2026-02-28,15,quantile,0.3,30.0
2026-02-28,wk inc flu hosp,0,2026-02-28,15,quantile,0.35,32.0
2026-02-28,wk inc flu hosp,0,2026-02-28,15,quantile,0.4,34.0
2026-02-28,wk inc flu hosp,0,2026-02-28,15,quantile,0.45,35.0
2026-02-28,wk inc flu hosp,0,2026-02-28,15,quantile,0.5,36.0
2026-02-28,wk inc flu hosp,0,2026-02-28,15,quantile,0.55,37.0
2026-02-28,wk inc flu hosp,0,2026-02-28,15,quantile,0.6,39.0
2026-02-28,wk inc flu hosp,0,2026-02-28,15,quantile,0.65,40.0
2026-02-28,wk inc flu hosp,0,2026-02-28,15,quantile,0.7,41.0
2026-02-28,wk inc flu hosp,0,2026-02-28,15,quantile,0.75,43.0
2026-02-28,wk inc flu hosp,0,2026-02-28,15,quantile,0.8,44.0
2026-02-28,wk inc flu hosp,0,2026-02-28,15,quantile,0.85,46.0
2026-02-28,wk inc flu hosp,0,2026-02-28,15,quantile,0.9,48.0
2026-02-28,wk inc flu hosp,0,2026-02-28,15,quantile,0.95,53.0
2026-02-28,wk inc flu hosp,0,2026-02-28,15,quantile,0.975,56.0
2026-02-28,wk inc flu hosp,0,2026-02-28,15,quantile,0.99,59.0
2026-02-28,wk inc flu hosp,0,2026-02-28,16,quantile,0.01,24.0
2026-02-28,wk inc flu hosp,0,2026-02-28,16,quantile,0.025,30.0
2026-02-28,wk inc flu hosp,0,2026-02-28,16,quantile,0.05,35.0
2026-02-28,wk inc flu hosp,0,2026-02-28,16,quantile,0.1,40.0
2026-02-28,wk inc flu hosp,0,2026-02-28,16,quantile,0.15,45.0
2026-02-28,wk inc flu hosp,0,2026-02-28,16,quantile,0.2,48.0
2026-02-28,wk inc flu hosp,0,2026-02-28,16,quantile,0.25,50.0
2026-02-28,wk inc flu hosp,0,2026-02-28,16,quantile,0.3,52.0
2026-02-28,wk inc flu hosp,0,2026-02-28,16,quantile,0.35,54.0
2026-02-28,wk inc flu hosp,0,2026-02-28,16,quantile,0.4,56.0
2026-02-28,wk inc flu hosp,0,2026-02-28,16,quantile,0.45,57.0
2026-02-28,wk inc flu hosp,0,2026-02-28,16,quantile,0.5,59.0
2026-02-28,wk inc flu hosp,0,2026-02-28,16,quantile,0.55,61.0
2026-02-28,wk inc flu hosp,0,2026-02-28,16,quantile,0.6,62.0
2026-02-28,wk inc flu hosp,0,2026-02-28,16,quantile,0.65,63.0
2026-02-28,wk inc flu hosp,0,2026-02-28,16,quantile,0.7,64.0
2026-02-28,wk inc flu hosp,0,2026-02-28,16,quantile,0.75,65.0
2026-02-28,wk inc flu hosp,0,2026-02-28,16,quantile,0.8,66.0
2026-02-28,wk inc flu hosp,0,2026-02-28,16,quantile,0.85,67.0
2026-02-28,wk inc flu hosp,0,2026-02-28,16,quantile,0.9,69.0
2026-02-28,wk inc flu hosp,0,2026-02-28,16,quantile,0.95,71.0
2026-02-28,wk inc flu hosp,0,2026-02-28,16,quantile,0.975,75.0
2026-02-28,wk inc flu hosp,0,2026-02-28,16,quantile,0.99,78.0
2026-02-28,wk inc flu hosp,0,2026-02-28,17,quantile,0.01,64.0
2026-02-28,wk inc flu hosp,0,2026-02-28,17,quantile,0.025,82.0
2026-02-28,wk inc flu hosp,0,2026-02-28,17,quantile,0.05,138.0
2026-02-28,wk inc flu hosp,0,2026-02-28,17,quantile,0.1,179.0
2026-02-28,wk inc flu hosp,0,2026-02-28,17,quantile,0.15,211.0
2026-02-28,wk inc flu hosp,0,2026-02-28,17,quantile,0.2,236.0
2026-02-28,wk inc flu hosp,0,2026-02-28,17,quantile,0.25,256.0
2026-02-28,wk inc flu hosp,0,2026-02-28,17,quantile,0.3,272.0
2026-02-28,wk inc flu hosp,0,2026-02-28,17,quantile,0.35,284.0
2026-02-28,wk inc flu hosp,0,2026-02-28,17,quantile,0.4,303.0
2026-02-28,wk inc flu hosp,0,2026-02-28,17,quantile,0.45,310.0
2026-02-28,wk inc flu hosp,0,2026-02-28,17,quantile,0.5,317.0
2026-02-28,wk inc flu hosp,0,2026-02-28,17,quantile,0.55,323.0
2026-02-28,wk inc flu hosp,0,2026-02-28,17,quantile,0.6,332.0
2026-02-28,wk inc flu hosp,0,2026-02-28,17,quantile,0.65,339.0
2026-02-28,wk inc flu hosp,0,2026-02-28,17,quantile,0.7,346.0
2026-02-28,wk inc flu hosp,0,2026-02-28,17,quantile,0.75,356.0
2026-02-28,wk inc flu hosp,0,2026-02-28,17,quantile,0.8,367.0
2026-02-28,wk inc flu hosp,0,2026-02-28,17,quantile,0.85,377.0
2026-02-28,wk inc flu hosp,0,2026-02-28,17,quantile,0.9,392.0
2026-02-28,wk inc flu hosp,0,2026-02-28,17,quantile,0.95,414.0
2026-02-28,wk inc flu hosp,0,2026-02-28,17,quantile,0.975,429.0
2026-02-28,wk inc flu hosp,0,2026-02-28,17,quantile,0.99,446.0
2026-02-28,wk inc flu hosp,0,2026-02-28,18,quantile,0.01,44.0
2026-02-28,wk inc flu hosp,0,2026-02-28,18,quantile,0.025,46.0
2026-02-28,wk inc flu hosp,0,2026-02-28,18,quantile,0.05,62.0
2026-02-28,wk inc flu hosp,0,2026-02-28,18,quantile,0.1,97.0
2026-02-28,wk inc flu hosp,0,2026-02-28,18,quantile,0.15,118.0
2026-02-28,wk inc flu hosp,0,2026-02-28,18,quantile,0.2,135.0
2026-02-28,wk inc flu hosp,0,2026-02-28,18,quantile,0.25,148.0
2026-02-28,wk inc flu hosp,0,2026-02-28,18,quantile,0.3,160.0
2026-02-28,wk inc flu hosp,0,2026-02-28,18,quantile,0.35,172.0
2026-02-28,wk inc flu hosp,0,2026-02-28,18,quantile,0.4,183.0
2026-02-28,wk inc flu hosp,0,2026-02-28,18,quantile,0.45,194.0
2026-02-28,wk inc flu hosp,0,2026-02-28,18,quantile,0.5,202.0
2026-02-28,wk inc flu hosp,0,2026-02-28,18,quantile,0.55,206.0
2026-02-28,wk inc flu hosp,0,2026-02-28,18,quantile,0.6,211.0
2026-02-28,wk inc flu hosp,0,2026-02-28,18,quantile,0.65,215.0
2026-02-28,wk inc flu hosp,0,2026-02-28,18,quantile,0.7,219.0
2026-02-28,wk inc flu hosp,0,2026-02-28,18,quantile,0.75,224.0
2026-02-28,wk inc flu hosp,0,2026-02-28,18,quantile,0.8,230.0
2026-02-28,wk inc flu hosp,0,2026-02-28,18,quantile,0.85,235.0
2026-02-28,wk inc flu hosp,0,2026-02-28,18,quantile,0.9,244.0
2026-02-28,wk inc flu hosp,0,2026-02-28,18,quantile,0.95,259.0
2026-02-28,wk inc flu hosp,0,2026-02-28,18,quantile,0.975,271.0
2026-02-28,wk inc flu hosp,0,2026-02-28,18,quantile,0.99,282.0
2026-02-28,wk inc flu hosp,0,2026-02-28,19,quantile,0.01,47.0
2026-02-28,wk inc flu hosp,0,2026-02-28,19,quantile,0.025,52.0
2026-02-28,wk inc flu hosp,0,2026-02-28,19,quantile,0.05,56.0
2026-02-28,wk inc flu hosp,0,2026-02-28,19,quantile,0.1,65.0
2026-02-28,wk inc flu hosp,0,2026-02-28,19,quantile,0.15,70.0
2026-02-28,wk inc flu hosp,0,2026-02-28,19,quantile,0.2,74.0
2026-02-28,wk inc flu hosp,0,2026-02-28,19,quantile,0.25,78.0
2026-02-28,wk inc flu hosp,0,2026-02-28,19,quantile,0.3,81.0
2026-02-28,wk inc flu hosp,0,2026-02-28,19,quantile,0.35,84.0
2026-02-28,wk inc flu hosp,0,2026-02-28,19,quantile,0.4,86.0
2026-02-28,wk inc flu hosp,0,2026-02-28,19,quantile,0.45,89.0
2026-02-28,wk inc flu hosp,0,2026-02-28,19,quantile,0.5,91.0
2026-02-28,wk inc flu hosp,0,2026-02-28,19,quantile,0.55,94.0
2026-02-28,wk inc flu hosp,0,2026-02-28,19,quantile,0.6,96.0
2026-02-28,wk inc flu hosp,0,2026-02-28,19,quantile,0.65,99.0
2026-02-28,wk inc flu hosp,0,2026-02-28,19,quantile,0.7,102.0
2026-02-28,wk inc flu hosp,0,2026-02-28,19,quantile,0.75,105.0
2026-02-28,wk inc flu hosp,0,2026-02-28,19,quantile,0.8,107.0
2026-02-28,wk inc flu hosp,0,2026-02-28,19,quantile,0.85,110.0
2026-02-28,wk inc flu hosp,0,2026-02-28,19,quantile,0.9,113.0
2026-02-28,wk inc flu hosp,0,2026-02-28,19,quantile,0.95,118.0
2026-02-28,wk inc flu hosp,0,2026-02-28,19,quantile,0.975,122.0
2026-02-28,wk inc flu hosp,0,2026-02-28,19,quantile,0.99,126.0
2026-02-28,wk inc flu hosp,0,2026-02-28,20,quantile,0.01,23.0
2026-02-28,wk inc flu hosp,0,2026-02-28,20,quantile,0.025,28.0
2026-02-28,wk inc flu hosp,0,2026-02-28,20,quantile,0.05,39.0
2026-02-28,wk inc flu hosp,0,2026-02-28,20,quantile,0.1,53.0
2026-02-28,wk inc flu hosp,0,2026-02-28,20,quantile,0.15,63.0
2026-02-28,wk inc flu hosp,0,2026-02-28,20,quantile,0.2,70.0
2026-02-28,wk inc flu hosp,0,2026-02-28,20,quantile,0.25,76.0
2026-02-28,wk inc flu hosp,0,2026-02-28,20,quantile,0.3,83.0
2026-02-28,wk inc flu hosp,0,2026-02-28,20,quantile,0.35,87.0
2026-02-28,wk inc flu hosp,0,2026-02-28,20,quantile,0.4,93.0
2026-02-28,wk inc flu hosp,0,2026-02-28,20,quantile,0.45,98.0
2026-02-28,wk inc flu hosp,0,2026-02-28,20,quantile,0.5,104.0
2026-02-28,wk inc flu hosp,0,2026-02-28,20,quantile,0.55,110.0
2026-02-28,wk inc flu hosp,0,2026-02-28,20,quantile,0.6,117.0
2026-02-28,wk inc flu hosp,0,2026-02-28,20,quantile,0.65,124.0
2026-02-28,wk inc flu hosp,0,2026-02-28,20,quantile,0.7,127.0
2026-02-28,wk inc flu hosp,0,2026-02-28,20,quantile,0.75,129.0
2026-02-28,wk inc flu hosp,0,2026-02-28,20,quantile,0.8,131.0
2026-02-28,wk inc flu hosp,0,2026-02-28,20,quantile,0.85,133.0
2026-02-28,wk inc flu hosp,0,2026-02-28,20,quantile,0.9,136.0
2026-02-28,wk inc flu hosp,0,2026-02-28,20,quantile,0.95,142.0
2026-02-28,wk inc flu hosp,0,2026-02-28,20,quantile,0.975,145.0
2026-02-28,wk inc flu hosp,0,2026-02-28,20,quantile,0.99,150.0
2026-02-28,wk inc flu hosp,0,2026-02-28,21,quantile,0.01,28.0
2026-02-28,wk inc flu hosp,0,2026-02-28,21,quantile,0.025,34.0
2026-02-28,wk inc flu hosp,0,2026-02-28,21,quantile,0.05,38.0
2026-02-28,wk inc flu hosp,0,2026-02-28,21,quantile,0.1,42.0
2026-02-28,wk inc flu hosp,0,2026-02-28,21,quantile,0.15,55.0
2026-02-28,wk inc flu hosp,0,2026-02-28,21,quantile,0.2,68.0
2026-02-28,wk inc flu hosp,0,2026-02-28,21,quantile,0.25,78.0
2026-02-28,wk inc flu hosp,0,2026-02-28,21,quantile,0.3,85.0
2026-02-28,wk inc flu hosp,0,2026-02-28,21,quantile,0.35,92.0
2026-02-28,wk inc flu hosp,0,2026-02-28,21,quantile,0.4,99.0
2026-02-28,wk inc flu hosp,0,2026-02-28,21,quantile,0.45,108.0
2026-02-28,wk inc flu hosp,0,2026-02-28,21,quantile,0.5,114.0
2026-02-28,wk inc flu hosp,0,2026-02-28,21,quantile,0.55,120.0
2026-02-28,wk inc flu hosp,0,2026-02-28,21,quantile,0.6,127.0
2026-02-28,wk inc flu hosp,0,2026-02-28,21,quantile,0.65,133.0
2026-02-28,wk inc flu hosp,0,2026-02-28,21,quantile,0.7,136.0
2026-02-28,wk inc flu hosp,0,2026-02-28,21,quantile,0.75,139.0
2026-02-28,wk inc flu hosp,0,2026-02-28,21,quantile,0.8,143.0
2026-02-28,wk inc flu hosp,0,2026-02-28,21,quantile,0.85,147.0
2026-02-28,wk inc flu hosp,0,2026-02-28,21,quantile,0.9,153.0
2026-02-28,wk inc flu hosp,0,2026-02-28,21,quantile,0.95,162.0
2026-02-28,wk inc flu hosp,0,2026-02-28,21,quantile,0.975,169.0
2026-02-28,wk inc flu hosp,0,2026-02-28,21,quantile,0.99,176.0
2026-02-28,wk inc flu hosp,0,2026-02-28,22,quantile,0.01,64.0
2026-02-28,wk inc flu hosp,0,2026-02-28,22,quantile,0.025,75.0
2026-02-28,wk inc flu hosp,0,2026-02-28,22,quantile,0.05,86.0
2026-02-28,wk inc flu hosp,0,2026-02-28,22,quantile,0.1,101.0
2026-02-28,wk inc flu hosp,0,2026-02-28,22,quantile,0.15,109.0
2026-02-28,wk inc flu hosp,0,2026-02-28,22,quantile,0.2,117.0
2026-02-28,wk inc flu hosp,0,2026-02-28,22,quantile,0.25,124.0
2026-02-28,wk inc flu hosp,0,2026-02-28,22,quantile,0.3,129.0
2026-02-28,wk inc flu hosp,0,2026-02-28,22,quantile,0.35,132.0
2026-02-28,wk inc flu hosp,0,2026-02-28,22,quantile,0.4,137.0
2026-02-28,wk inc flu hosp,0,2026-02-28,22,quantile,0.45,142.0
2026-02-28,wk inc flu hosp,0,2026-02-28,22,quantile,0.5,146.0
2026-02-28,wk inc flu hosp,0,2026-02-28,22,quantile,0.55,152.0
2026-02-28,wk inc flu hosp,0,2026-02-28,22,quantile,0.6,158.0
2026-02-28,wk inc flu hosp,0,2026-02-28,22,quantile,0.65,162.0
2026-02-28,wk inc flu hosp,0,2026-02-28,22,quantile,0.7,167.0
2026-02-28,wk inc flu hosp,0,2026-02-28,22,quantile,0.75,173.0
2026-02-28,wk inc flu hosp,0,2026-02-28,22,quantile,0.8,178.0
2026-02-28,wk inc flu hosp,0,2026-02-28,22,quantile,0.85,183.0
2026-02-28,wk inc flu hosp,0,2026-02-28,22,quantile,0.9,190.0
2026-02-28,wk inc flu hosp,0,2026-02-28,22,quantile,0.95,199.0
2026-02-28,wk inc flu hosp,0,2026-02-28,22,quantile,0.975,205.0
2026-02-28,wk inc flu hosp,0,2026-02-28,22,quantile,0.99,212.0
2026-02-28,wk inc flu hosp,0,2026-02-28,23,quantile,0.01,6.0
2026-02-28,wk inc flu hosp,0,2026-02-28,23,quantile,0.025,8.0
2026-02-28,wk inc flu hosp,0,2026-02-28,23,quantile,0.05,10.0
2026-02-28,wk inc flu hosp,0,2026-02-28,23,quantile,0.1,13.0
2026-02-28,wk inc flu hosp,0,2026-02-28,23,quantile,0.15,15.0
2026-02-28,wk inc flu hosp,0,2026-02-28,23,quantile,0.2,16.0
2026-02-28,wk inc flu hosp,0,2026-02-28,23,quantile,0.25,17.0
2026-02-28,wk inc flu hosp,0,2026-02-28,23,quantile,0.3,19.0
2026-02-28,wk inc flu hosp,0,2026-02-28,23,quantile,0.35,20.0
2026-02-28,wk inc flu hosp,0,2026-02-28,23,quantile,0.4,21.0
2026-02-28,wk inc flu hosp,0,2026-02-28,23,quantile,0.45,22.0
2026-02-28,wk inc flu hosp,0,2026-02-28,23,quantile,0.5,23.0
2026-02-28,wk inc flu hosp,0,2026-02-28,23,quantile,0.55,24.0
2026-02-28,wk inc flu hosp,0,2026-02-28,23,quantile,0.6,25.0
2026-02-28,wk inc flu hosp,0,2026-02-28,23,quantile,0.65,26.0
2026-02-28,wk inc flu hosp,0,2026-02-28,23,quantile,0.7,26.0
2026-02-28,wk inc flu hosp,0,2026-02-28,23,quantile,0.75,27.0
2026-02-28,wk inc flu hosp,0,2026-02-28,23,quantile,0.8,28.0
2026-02-28,wk inc flu hosp,0,2026-02-28,23,quantile,0.85,28.0
2026-02-28,wk inc flu hosp,0,2026-02-28,23,quantile,0.9,30.0
2026-02-28,wk inc flu hosp,0,2026-02-28,23,quantile,0.95,32.0
2026-02-28,wk inc flu hosp,0,2026-02-28,23,quantile,0.975,33.0
2026-02-28,wk inc flu hosp,0,2026-02-28,23,quantile,0.99,35.0
2026-02-28,wk inc flu hosp,0,2026-02-28,24,quantile,0.01,0.0
2026-02-28,wk inc flu hosp,0,2026-02-28,24,quantile,0.025,0.0
2026-02-28,wk inc flu hosp,0,2026-02-28,24,quantile,0.05,1.0
2026-02-28,wk inc flu hosp,0,2026-02-28,24,quantile,0.1,8.0
2026-02-28,wk inc flu hosp,0,2026-02-28,24,quantile,0.15,13.0
2026-02-28,wk inc flu hosp,0,2026-02-28,24,quantile,0.2,16.0
2026-02-28,wk inc flu hosp,0,2026-02-28,24,quantile,0.25,28.0
2026-02-28,wk inc flu hosp,0,2026-02-28,24,quantile,0.3,37.0
2026-02-28,wk inc flu hosp,0,2026-02-28,24,quantile,0.35,46.0
2026-02-28,wk inc flu hosp,0,2026-02-28,24,quantile,0.4,52.0
2026-02-28,wk inc flu hosp,0,2026-02-28,24,quantile,0.45,57.0
2026-02-28,wk inc flu hosp,0,2026-02-28,24,quantile,0.5,60.0
2026-02-28,wk inc flu hosp,0,2026-02-28,24,quantile,0.55,62.0
2026-02-28,wk inc flu hosp,0,2026-02-28,24,quantile,0.6,66.0
2026-02-28,wk inc flu hosp,0,2026-02-28,24,quantile,0.65,69.0
2026-02-28,wk inc flu hosp,0,2026-02-28,24,quantile,0.7,71.0
2026-02-28,wk inc flu hosp,0,2026-02-28,24,quantile,0.75,76.0
2026-02-28,wk inc flu hosp,0,2026-02-28,24,quantile,0.8,80.0
2026-02-28,wk inc flu hosp,0,2026-02-28,24,quantile,0.85,84.0
2026-02-28,wk inc flu hosp,0,2026-02-28,24,quantile,0.9,91.0
2026-02-28,wk inc flu hosp,0,2026-02-28,24,quantile,0.95,100.0
2026-02-28,wk inc flu hosp,0,2026-02-28,24,quantile,0.975,112.0
2026-02-28,wk inc flu hosp,0,2026-02-28,24,quantile,0.99,123.0
2026-02-28,wk inc flu hosp,0,2026-02-28,25,quantile,0.01,18.0
2026-02-28,wk inc flu hosp,0,2026-02-28,25,quantile,0.025,24.0
2026-02-28,wk inc flu hosp,0,2026-02-28,25,quantile,0.05,31.0
2026-02-28,wk inc flu hosp,0,2026-02-28,25,quantile,0.1,44.0
2026-02-28,wk inc flu hosp,0,2026-02-28,25,quantile,0.15,51.0
2026-02-28,wk inc flu hosp,0,2026-02-28,25,quantile,0.2,56.0
2026-02-28,wk inc flu hosp,0,2026-02-28,25,quantile,0.25,62.0
2026-02-28,wk inc flu hosp,0,2026-02-28,25,quantile,0.3,66.0
2026-02-28,wk inc flu hosp,0,2026-02-28,25,quantile,0.35,70.0
2026-02-28,wk inc flu hosp,0,2026-02-28,25,quantile,0.4,75.0
2026-02-28,wk inc flu hosp,0,2026-02-28,25,quantile,0.45,78.0
2026-02-28,wk inc flu hosp,0,2026-02-28,25,quantile,0.5,82.0
2026-02-28,wk inc flu hosp,0,2026-02-28,25,quantile,0.55,86.0
2026-02-28,wk inc flu hosp,0,2026-02-28,25,quantile,0.6,90.0
2026-02-28,wk inc flu hosp,0,2026-02-28,25,quantile,0.65,94.0
2026-02-28,wk inc flu hosp,0,2026-02-28,25,quantile,0.7,97.0
2026-02-28,wk inc flu hosp,0,2026-02-28,25,quantile,0.75,100.0
2026-02-28,wk inc flu hosp,0,2026-02-28,25,quantile,0.8,103.0
2026-02-28,wk inc flu hosp,0,2026-02-28,25,quantile,0.85,105.0
2026-02-28,wk inc flu hosp,0,2026-02-28,25,quantile,0.9,110.0
2026-02-28,wk inc flu hosp,0,2026-02-28,25,quantile,0.95,118.0
2026-02-28,wk inc flu hosp,0,2026-02-28,25,quantile,0.975,126.0
2026-02-28,wk inc flu hosp,0,2026-02-28,25,quantile,0.99,133.0
2026-02-28,wk inc flu hosp,0,2026-02-28,26,quantile,0.01,84.0
2026-02-28,wk inc flu hosp,0,2026-02-28,26,quantile,0.025,107.0
2026-02-28,wk inc flu hosp,0,2026-02-28,26,quantile,0.05,130.0
2026-02-28,wk inc flu hosp,0,2026-02-28,26,quantile,0.1,157.0
2026-02-28,wk inc flu hosp,0,2026-02-28,26,quantile,0.15,175.0
2026-02-28,wk inc flu hosp,0,2026-02-28,26,quantile,0.2,188.0
2026-02-28,wk inc flu hosp,0,2026-02-28,26,quantile,0.25,201.0
2026-02-28,wk inc flu hosp,0,2026-02-28,26,quantile,0.3,212.0
2026-02-28,wk inc flu hosp,0,2026-02-28,26,quantile,0.35,222.0
2026-02-28,wk inc flu hosp,0,2026-02-28,26,quantile,0.4,231.0
2026-02-28,wk inc flu hosp,0,2026-02-28,26,quantile,0.45,241.0
2026-02-28,wk inc flu hosp,0,2026-02-28,26,quantile,0.5,252.0
2026-02-28,wk inc flu hosp,0,2026-02-28,26,quantile,0.55,257.0
2026-02-28,wk inc flu hosp,0,2026-02-28,26,quantile,0.6,261.0
2026-02-28,wk inc flu hosp,0,2026-02-28,26,quantile,0.65,265.0
2026-02-28,wk inc flu hosp,0,2026-02-28,26,quantile,0.7,267.0
2026-02-28,wk inc flu hosp,0,2026-02-28,26,quantile,0.75,271.0
2026-02-28,wk inc flu hosp,0,2026-02-28,26,quantile,0.8,276.0
2026-02-28,wk inc flu hosp,0,2026-02-28,26,quantile,0.85,279.0
2026-02-28,wk inc flu hosp,0,2026-02-28,26,quantile,0.9,286.0
2026-02-28,wk inc flu hosp,0,2026-02-28,26,quantile,0.95,295.0
2026-02-28,wk inc flu hosp,0,2026-02-28,26,quantile,0.975,303.0
2026-02-28,wk inc flu hosp,0,2026-02-28,26,quantile,0.99,331.0
2026-02-28,wk inc flu hosp,0,2026-02-28,27,quantile,0.01,0.0
2026-02-28,wk inc flu hosp,0,2026-02-28,27,quantile,0.025,7.0
2026-02-28,wk inc flu hosp,0,2026-02-28,27,quantile,0.05,17.0
2026-02-28,wk inc flu hosp,0,2026-02-28,27,quantile,0.1,45.0
2026-02-28,wk inc flu hosp,0,2026-02-28,27,quantile,0.15,69.0
2026-02-28,wk inc flu hosp,0,2026-02-28,27,quantile,0.2,87.0
2026-02-28,wk inc flu hosp,0,2026-02-28,27,quantile,0.25,92.0
2026-02-28,wk inc flu hosp,0,2026-02-28,27,quantile,0.3,97.0
2026-02-28,wk inc flu hosp,0,2026-02-28,27,quantile,0.35,101.0
2026-02-28,wk inc flu hosp,0,2026-02-28,27,quantile,0.4,104.0
2026-02-28,wk inc flu hosp,0,2026-02-28,27,quantile,0.45,108.0
2026-02-28,wk inc flu hosp,0,2026-02-28,27,quantile,0.5,112.0
2026-02-28,wk inc flu hosp,0,2026-02-28,27,quantile,0.55,116.0
2026-02-28,wk inc flu hosp,0,2026-02-28,27,quantile,0.6,120.0
2026-02-28,wk inc flu hosp,0,2026-02-28,27,quantile,0.65,124.0
2026-02-28,wk inc flu hosp,0,2026-02-28,27,quantile,0.7,128.0
2026-02-28,wk inc flu hosp,0,2026-02-28,27,quantile,0.75,133.0
2026-02-28,wk inc flu hosp,0,2026-02-28,27,quantile,0.8,140.0
2026-02-28,wk inc flu hosp,0,2026-02-28,27,quantile,0.85,146.0
2026-02-28,wk inc flu hosp,0,2026-02-28,27,quantile,0.9,155.0
2026-02-28,wk inc flu hosp,0,2026-02-28,27,quantile,0.95,169.0
2026-02-28,wk inc flu hosp,0,2026-02-28,27,quantile,0.975,179.0
2026-02-28,wk inc flu hosp,0,2026-02-28,27,quantile,0.99,193.0
2026-02-28,wk inc flu hosp,0,2026-02-28,28,quantile,0.01,33.0
2026-02-28,wk inc flu hosp,0,2026-02-28,28,quantile,0.025,48.0
2026-02-28,wk inc flu hosp,0,2026-02-28,28,quantile,0.05,60.0
2026-02-28,wk inc flu hosp,0,2026-02-28,28,quantile,0.1,75.0
2026-02-28,wk inc flu hosp,0,2026-02-28,28,quantile,0.15,84.0
2026-02-28,wk inc flu hosp,0,2026-02-28,28,quantile,0.2,91.0
2026-02-28,wk inc flu hosp,0,2026-02-28,28,quantile,0.25,98.0
2026-02-28,wk inc flu hosp,0,2026-02-28,28,quantile,0.3,104.0
2026-02-28,wk inc flu hosp,0,2026-02-28,28,quantile,0.35,109.0
2026-02-28,wk inc flu hosp,0,2026-02-28,28,quantile,0.4,113.0
2026-02-28,wk inc flu hosp,0,2026-02-28,28,quantile,0.45,118.0
2026-02-28,wk inc flu hosp,0,2026-02-28,28,quantile,0.5,123.0
2026-02-28,wk inc flu hosp,0,2026-02-28,28,quantile,0.55,127.0
2026-02-28,wk inc flu hosp,0,2026-02-28,28,quantile,0.6,132.0
2026-02-28,wk inc flu hosp,0,2026-02-28,28,quantile,0.65,138.0
2026-02-28,wk inc flu hosp,0,2026-02-28,28,quantile,0.7,143.0
2026-02-28,wk inc flu hosp,0,2026-02-28,28,quantile,0.75,147.0
2026-02-28,wk inc flu hosp,0,2026-02-28,28,quantile,0.8,152.0
2026-02-28,wk inc flu hosp,0,2026-02-28,28,quantile,0.85,155.0
2026-02-28,wk inc flu hosp,0,2026-02-28,28,quantile,0.9,160.0
2026-02-28,wk inc flu hosp,0,2026-02-28,28,quantile,0.95,168.0
2026-02-28,wk inc flu hosp,0,2026-02-28,28,quantile,0.975,173.0
2026-02-28,wk inc flu hosp,0,2026-02-28,28,quantile,0.99,188.0
2026-02-28,wk inc flu hosp,0,2026-02-28,30,quantile,0.01,3.0
2026-02-28,wk inc flu hosp,0,2026-02-28,30,quantile,0.025,5.0
2026-02-28,wk inc flu hosp,0,2026-02-28,30,quantile,0.05,7.0
2026-02-28,wk inc flu hosp,0,2026-02-28,30,quantile,0.1,12.0
2026-02-28,wk inc flu hosp,0,2026-02-28,30,quantile,0.15,14.0
2026-02-28,wk inc flu hosp,0,2026-02-28,30,quantile,0.2,16.0
2026-02-28,wk inc flu hosp,0,2026-02-28,30,quantile,0.25,17.0
2026-02-28,wk inc flu hosp,0,2026-02-28,30,quantile,0.3,19.0
2026-02-28,wk inc flu hosp,0,2026-02-28,30,quantile,0.35,20.0
2026-02-28,wk inc flu hosp,0,2026-02-28,30,quantile,0.4,21.0
2026-02-28,wk inc flu hosp,0,2026-02-28,30,quantile,0.45,22.0
2026-02-28,wk inc flu hosp,0,2026-02-28,30,quantile,0.5,23.0
2026-02-28,wk inc flu hosp,0,2026-02-28,30,quantile,0.55,24.0
2026-02-28,wk inc flu hosp,0,2026-02-28,30,quantile,0.6,25.0
2026-02-28,wk inc flu hosp,0,2026-02-28,30,quantile,0.65,25.0
2026-02-28,wk inc flu hosp,0,2026-02-28,30,quantile,0.7,26.0
2026-02-28,wk inc flu hosp,0,2026-02-28,30,quantile,0.75,27.0
2026-02-28,wk inc flu hosp,0,2026-02-28,30,quantile,0.8,28.0
2026-02-28,wk inc flu hosp,0,2026-02-28,30,quantile,0.85,29.0
2026-02-28,wk inc flu hosp,0,2026-02-28,30,quantile,0.9,30.0
2026-02-28,wk inc flu hosp,0,2026-02-28,30,quantile,0.95,32.0
2026-02-28,wk inc flu hosp,0,2026-02-28,30,quantile,0.975,34.0
2026-02-28,wk inc flu hosp,0,2026-02-28,30,quantile,0.99,37.0
2026-02-28,wk inc flu hosp,0,2026-02-28,31,quantile,0.01,26.0
2026-02-28,wk inc flu hosp,0,2026-02-28,31,quantile,0.025,33.0
2026-02-28,wk inc flu hosp,0,2026-02-28,31,quantile,0.05,39.0
2026-02-28,wk inc flu hosp,0,2026-02-28,31,quantile,0.1,45.0
2026-02-28,wk inc flu hosp,0,2026-02-28,31,quantile,0.15,51.0
2026-02-28,wk inc flu hosp,0,2026-02-28,31,quantile,0.2,55.0
2026-02-28,wk inc flu hosp,0,2026-02-28,31,quantile,0.25,58.0
2026-02-28,wk inc flu hosp,0,2026-02-28,31,quantile,0.3,61.0
2026-02-28,wk inc flu hosp,0,2026-02-28,31,quantile,0.35,63.0
2026-02-28,wk inc flu hosp,0,2026-02-28,31,quantile,0.4,66.0
2026-02-28,wk inc flu hosp,0,2026-02-28,31,quantile,0.45,68.0
2026-02-28,wk inc flu hosp,0,2026-02-28,31,quantile,0.5,71.0
2026-02-28,wk inc flu hosp,0,2026-02-28,31,quantile,0.55,73.0
2026-02-28,wk inc flu hosp,0,2026-02-28,31,quantile,0.6,75.0
2026-02-28,wk inc flu hosp,0,2026-02-28,31,quantile,0.65,77.0
2026-02-28,wk inc flu hosp,0,2026-02-28,31,quantile,0.7,80.0
2026-02-28,wk inc flu hosp,0,2026-02-28,31,quantile,0.75,83.0
2026-02-28,wk inc flu hosp,0,2026-02-28,31,quantile,0.8,86.0
2026-02-28,wk inc flu hosp,0,2026-02-28,31,quantile,0.85,87.0
2026-02-28,wk inc flu hosp,0,2026-02-28,31,quantile,0.9,90.0
2026-02-28,wk inc flu hosp,0,2026-02-28,31,quantile,0.95,93.0
2026-02-28,wk inc flu hosp,0,2026-02-28,31,quantile,0.975,96.0
2026-02-28,wk inc flu hosp,0,2026-02-28,31,quantile,0.99,99.0
2026-02-28,wk inc flu hosp,0,2026-02-28,32,quantile,0.01,12.0
2026-02-28,wk inc flu hosp,0,2026-02-28,32,quantile,0.025,20.0
2026-02-28,wk inc flu hosp,0,2026-02-28,32,quantile,0.05,26.0
2026-02-28,wk inc flu hosp,0,2026-02-28,32,quantile,0.1,32.0
2026-02-28,wk inc flu hosp,0,2026-02-28,32,quantile,0.15,36.0
2026-02-28,wk inc flu hosp,0,2026-02-28,32,quantile,0.2,39.0
2026-02-28,wk inc flu hosp,0,2026-02-28,32,quantile,0.25,42.0
2026-02-28,wk inc flu hosp,0,2026-02-28,32,quantile,0.3,45.0
2026-02-28,wk inc flu hosp,0,2026-02-28,32,quantile,0.35,47.0
2026-02-28,wk inc flu hosp,0,2026-02-28,32,quantile,0.4,49.0
2026-02-28,wk inc flu hosp,0,2026-02-28,32,quantile,0.45,51.0
2026-02-28,wk inc flu hosp,0,2026-02-28,32,quantile,0.5,54.0
2026-02-28,wk inc flu hosp,0,2026-02-28,32,quantile,0.55,56.0
2026-02-28,wk inc flu hosp,0,2026-02-28,32,quantile,0.6,58.0
2026-02-28,wk inc flu hosp,0,2026-02-28,32,quantile,0.65,59.0
2026-02-28,wk inc flu hosp,0,2026-02-28,32,quantile,0.7,60.0
2026-02-28,wk inc flu hosp,0,2026-02-28,32,quantile,0.75,61.0
2026-02-28,wk inc flu hosp,0,2026-02-28,32,quantile,0.8,62.0
2026-02-28,wk inc flu hosp,0,2026-02-28,32,quantile,0.85,63.0
2026-02-28,wk inc flu hosp,0,2026-02-28,32,quantile,0.9,65.0
2026-02-28,wk inc flu hosp,0,2026-02-28,32,quantile,0.95,68.0
2026-02-28,wk inc flu hosp,0,2026-02-28,32,quantile,0.975,71.0
2026-02-28,wk inc flu hosp,0,2026-02-28,32,quantile,0.99,73.0
2026-02-28,wk inc flu hosp,0,2026-02-28,33,quantile,0.01,5.0
2026-02-28,wk inc flu hosp,0,2026-02-28,33,quantile,0.025,6.0
2026-02-28,wk inc flu hosp,0,2026-02-28,33,quantile,0.05,7.0
2026-02-28,wk inc flu hosp,0,2026-02-28,33,quantile,0.1,11.0
2026-02-28,wk inc flu hosp,0,2026-02-28,33,quantile,0.15,14.0
2026-02-28,wk inc flu hosp,0,2026-02-28,33,quantile,0.2,16.0
2026-02-28,wk inc flu hosp,0,2026-02-28,33,quantile,0.25,19.0
2026-02-28,wk inc flu hosp,0,2026-02-28,33,quantile,0.3,21.0
2026-02-28,wk inc flu hosp,0,2026-02-28,33,quantile,0.35,22.0
2026-02-28,wk inc flu hosp,0,2026-02-28,33,quantile,0.4,24.0
2026-02-28,wk inc flu hosp,0,2026-02-28,33,quantile,0.45,26.0
2026-02-28,wk inc flu hosp,0,2026-02-28,33,quantile,0.5,27.0
2026-02-28,wk inc flu hosp,0,2026-02-28,33,quantile,0.55,29.0
2026-02-28,wk inc flu hosp,0,2026-02-28,33,quantile,0.6,30.0
2026-02-28,wk inc flu hosp,0,2026-02-28,33,quantile,0.65,31.0
2026-02-28,wk inc flu hosp,0,2026-02-28,33,quantile,0.7,31.0
2026-02-28,wk inc flu hosp,0,2026-02-28,33,quantile,0.75,32.0
2026-02-28,wk inc flu hosp,0,2026-02-28,33,quantile,0.8,33.0
2026-02-28,wk inc flu hosp,0,2026-02-28,33,quantile,0.85,33.0
2026-02-28,wk inc flu hosp,0,2026-02-28,33,quantile,0.9,34.0
2026-02-28,wk inc flu hosp,0,2026-02-28,33,quantile,0.95,36.0
2026-02-28,wk inc flu hosp,0,2026-02-28,33,quantile,0.975,37.0
2026-02-28,wk inc flu hosp,0,2026-02-28,33,quantile,0.99,39.0
2026-02-28,wk inc flu hosp,0,2026-02-28,34,quantile,0.01,36.0
2026-02-28,wk inc flu hosp,0,2026-02-28,34,quantile,0.025,47.0
2026-02-28,wk inc flu hosp,0,2026-02-28,34,quantile,0.05,56.0
2026-02-28,wk inc flu hosp,0,2026-02-28,34,quantile,0.1,76.0
2026-02-28,wk inc flu hosp,0,2026-02-28,34,quantile,0.15,97.0
2026-02-28,wk inc flu hosp,0,2026-02-28,34,quantile,0.2,115.0
2026-02-28,wk inc flu hosp,0,2026-02-28,34,quantile,0.25,129.0
2026-02-28,wk inc flu hosp,0,2026-02-28,34,quantile,0.3,142.0
2026-02-28,wk inc flu hosp,0,2026-02-28,34,quantile,0.35,151.0
2026-02-28,wk inc flu hosp,0,2026-02-28,34,quantile,0.4,161.0
2026-02-28,wk inc flu hosp,0,2026-02-28,34,quantile,0.45,170.0
2026-02-28,wk inc flu hosp,0,2026-02-28,34,quantile,0.5,177.0
2026-02-28,wk inc flu hosp,0,2026-02-28,34,quantile,0.55,185.0
2026-02-28,wk inc flu hosp,0,2026-02-28,34,quantile,0.6,194.0
2026-02-28,wk inc flu hosp,0,2026-02-28,34,quantile,0.65,200.0
2026-02-28,wk inc flu hosp,0,2026-02-28,34,quantile,0.7,204.0
2026-02-28,wk inc flu hosp,0,2026-02-28,34,quantile,0.75,209.0
2026-02-28,wk inc flu hosp,0,2026-02-28,34,quantile,0.8,215.0
2026-02-28,wk inc flu hosp,0,2026-02-28,34,quantile,0.85,221.0
2026-02-28,wk inc flu hosp,0,2026-02-28,34,quantile,0.9,230.0
2026-02-28,wk inc flu hosp,0,2026-02-28,34,quantile,0.95,243.0
2026-02-28,wk inc flu hosp,0,2026-02-28,34,quantile,0.975,255.0
2026-02-28,wk inc flu hosp,0,2026-02-28,34,quantile,0.99,264.0
2026-02-28,wk inc flu hosp,0,2026-02-28,35,quantile,0.01,29.0
2026-02-28,wk inc flu hosp,0,2026-02-28,35,quantile,0.025,31.0
2026-02-28,wk inc flu hosp,0,2026-02-28,35,quantile,0.05,33.0
2026-02-28,wk inc flu hosp,0,2026-02-28,35,quantile,0.1,37.0
2026-02-28,wk inc flu hosp,0,2026-02-28,35,quantile,0.15,41.0
2026-02-28,wk inc flu hosp,0,2026-02-28,35,quantile,0.2,43.0
2026-02-28,wk inc flu hosp,0,2026-02-28,35,quantile,0.25,45.0
2026-02-28,wk inc flu hosp,0,2026-02-28,35,quantile,0.3,47.0
2026-02-28,wk inc flu hosp,0,2026-02-28,35,quantile,0.35,48.0
2026-02-28,wk inc flu hosp,0,2026-02-28,35,quantile,0.4,50.0
2026-02-28,wk inc flu hosp,0,2026-02-28,35,quantile,0.45,51.0
2026-02-28,wk inc flu hosp,0,2026-02-28,35,quantile,0.5,52.0
2026-02-28,wk inc flu hosp,0,2026-02-28,35,quantile,0.55,54.0
2026-02-28,wk inc flu hosp,0,2026-02-28,35,quantile,0.6,55.0
2026-02-28,wk inc flu hosp,0,2026-02-28,35,quantile,0.65,56.0
2026-02-28,wk inc flu hosp,0,2026-02-28,35,quantile,0.7,57.0
2026-02-28,wk inc flu hosp,0,2026-02-28,35,quantile,0.75,58.0
2026-02-28,wk inc flu hosp,0,2026-02-28,35,quantile,0.8,60.0
2026-02-28,wk inc flu hosp,0,2026-02-28,35,quantile,0.85,61.0
2026-02-28,wk inc flu hosp,0,2026-02-28,35,quantile,0.9,63.0
2026-02-28,wk inc flu hosp,0,2026-02-28,35,quantile,0.95,66.0
2026-02-28,wk inc flu hosp,0,2026-02-28,35,quantile,0.975,68.0
2026-02-28,wk inc flu hosp,0,2026-02-28,35,quantile,0.99,71.0
2026-02-28,wk inc flu hosp,0,2026-02-28,36,quantile,0.01,39.0
2026-02-28,wk inc flu hosp,0,2026-02-28,36,quantile,0.025,50.0
2026-02-28,wk inc flu hosp,0,2026-02-28,36,quantile,0.05,60.0
2026-02-28,wk inc flu hosp,0,2026-02-28,36,quantile,0.1,79.0
2026-02-28,wk inc flu hosp,0,2026-02-28,36,quantile,0.15,92.0
2026-02-28,wk inc flu hosp,0,2026-02-28,36,quantile,0.2,102.0
2026-02-28,wk inc flu hosp,0,2026-02-28,36,quantile,0.25,113.0
2026-02-28,wk inc flu hosp,0,2026-02-28,36,quantile,0.3,123.0
2026-02-28,wk inc flu hosp,0,2026-02-28,36,quantile,0.35,131.0
2026-02-28,wk inc flu hosp,0,2026-02-28,36,quantile,0.4,140.0
2026-02-28,wk inc flu hosp,0,2026-02-28,36,quantile,0.45,147.0
2026-02-28,wk inc flu hosp,0,2026-02-28,36,quantile,0.5,154.0
2026-02-28,wk inc flu hosp,0,2026-02-28,36,quantile,0.55,162.0
2026-02-28,wk inc flu hosp,0,2026-02-28,36,quantile,0.6,168.0
2026-02-28,wk inc flu hosp,0,2026-02-28,36,quantile,0.65,175.0
2026-02-28,wk inc flu hosp,0,2026-02-28,36,quantile,0.7,181.0
2026-02-28,wk inc flu hosp,0,2026-02-28,36,quantile,0.75,189.0
2026-02-28,wk inc flu hosp,0,2026-02-28,36,quantile,0.8,199.0
2026-02-28,wk inc flu hosp,0,2026-02-28,36,quantile,0.85,210.0
2026-02-28,wk inc flu hosp,0,2026-02-28,36,quantile,0.9,221.0
2026-02-28,wk inc flu hosp,0,2026-02-28,36,quantile,0.95,235.0
2026-02-28,wk inc flu hosp,0,2026-02-28,36,quantile,0.975,245.0
2026-02-28,wk inc flu hosp,0,2026-02-28,36,quantile,0.99,258.0
2026-02-28,wk inc flu hosp,0,2026-02-28,37,quantile,0.01,17.0
2026-02-28,wk inc flu hosp,0,2026-02-28,37,quantile,0.025,37.0
2026-02-28,wk inc flu hosp,0,2026-02-28,37,quantile,0.05,55.0
2026-02-28,wk inc flu hosp,0,2026-02-28,37,quantile,0.1,72.0
2026-02-28,wk inc flu hosp,0,2026-02-28,37,quantile,0.15,102.0
2026-02-28,wk inc flu hosp,0,2026-02-28,37,quantile,0.2,134.0
2026-02-28,wk inc flu hosp,0,2026-02-28,37,quantile,0.25,158.0
2026-02-28,wk inc flu hosp,0,2026-02-28,37,quantile,0.3,184.0
2026-02-28,wk inc flu hosp,0,2026-02-28,37,quantile,0.35,205.0
2026-02-28,wk inc flu hosp,0,2026-02-28,37,quantile,0.4,226.0
2026-02-28,wk inc flu hosp,0,2026-02-28,37,quantile,0.45,245.0
2026-02-28,wk inc flu hosp,0,2026-02-28,37,quantile,0.5,263.0
2026-02-28,wk inc flu hosp,0,2026-02-28,37,quantile,0.55,275.0
2026-02-28,wk inc flu hosp,0,2026-02-28,37,quantile,0.6,284.0
2026-02-28,wk inc flu hosp,0,2026-02-28,37,quantile,0.65,291.0
2026-02-28,wk inc flu hosp,0,2026-02-28,37,quantile,0.7,298.0
2026-02-28,wk inc flu hosp,0,2026-02-28,37,quantile,0.75,308.0
2026-02-28,wk inc flu hosp,0,2026-02-28,37,quantile,0.8,319.0
2026-02-28,wk inc flu hosp,0,2026-02-28,37,quantile,0.85,329.0
2026-02-28,wk inc flu hosp,0,2026-02-28,37,quantile,0.9,346.0
2026-02-28,wk inc flu hosp,0,2026-02-28,37,quantile,0.95,372.0
2026-02-28,wk inc flu hosp,0,2026-02-28,37,quantile,0.975,387.0
2026-02-28,wk inc flu hosp,0,2026-02-28,37,quantile,0.99,404.0
2026-02-28,wk inc flu hosp,0,2026-02-28,38,quantile,0.01,0.0
2026-02-28,wk inc flu hosp,0,2026-02-28,38,quantile,0.025,0.0
2026-02-28,wk inc flu hosp,0,2026-02-28,38,quantile,0.05,1.0
2026-02-28,wk inc flu hosp,0,2026-02-28,38,quantile,0.1,2.0
2026-02-28,wk inc flu hosp,0,2026-02-28,38,quantile,0.15,2.0
2026-02-28,wk inc flu hosp,0,2026-02-28,38,quantile,0.2,4.0
2026-02-28,wk inc flu hosp,0,2026-02-28,38,quantile,0.25,5.0
2026-02-28,wk inc flu hosp,0,2026-02-28,38,quantile,0.3,7.0
2026-02-28,wk inc flu hosp,0,2026-02-28,38,quantile,0.35,8.0
2026-02-28,wk inc flu hosp,0,2026-02-28,38,quantile,0.4,9.0
2026-02-28,wk inc flu hosp,0,2026-02-28,38,quantile,0.45,9.0
2026-02-28,wk inc flu hosp,0,2026-02-28,38,quantile,0.5,9.0
2026-02-28,wk inc flu hosp,0,2026-02-28,38,quantile,0.55,10.0
2026-02-28,wk inc flu hosp,0,2026-02-28,38,quantile,0.6,10.0
2026-02-28,wk inc flu hosp,0,2026-02-28,38,quantile,0.65,10.0
2026-02-28,wk inc flu hosp,0,2026-02-28,38,quantile,0.7,11.0
2026-02-28,wk inc flu hosp,0,2026-02-28,38,quantile,0.75,11.0
2026-02-28,wk inc flu hosp,0,2026-02-28,38,quantile,0.8,12.0
2026-02-28,wk inc flu hosp,0,2026-02-28,38,quantile,0.85,12.0
2026-02-28,wk inc flu hosp,0,2026-02-28,38,quantile,0.9,13.0
2026-02-28,wk inc flu hosp,0,2026-02-28,38,quantile,0.95,15.0
2026-02-28,wk inc flu hosp,0,2026-02-28,38,quantile,0.975,16.0
2026-02-28,wk inc flu hosp,0,2026-02-28,38,quantile,0.99,17.0
2026-02-28,wk inc flu hosp,0,2026-02-28,39,quantile,0.01,188.0
2026-02-28,wk inc flu hosp,0,2026-02-28,39,quantile,0.025,218.0
2026-02-28,wk inc flu hosp,0,2026-02-28,39,quantile,0.05,268.0
2026-02-28,wk inc flu hosp,0,2026-02-28,39,quantile,0.1,310.0
2026-02-28,wk inc flu hosp,0,2026-02-28,39,quantile,0.15,333.0
2026-02-28,wk inc flu hosp,0,2026-02-28,39,quantile,0.2,355.0
2026-02-28,wk inc flu hosp,0,2026-02-28,39,quantile,0.25,368.0
2026-02-28,wk inc flu hosp,0,2026-02-28,39,quantile,0.3,376.0
2026-02-28,wk inc flu hosp,0,2026-02-28,39,quantile,0.35,383.0
2026-02-28,wk inc flu hosp,0,2026-02-28,39,quantile,0.4,391.0
2026-02-28,wk inc flu hosp,0,2026-02-28,39,quantile,0.45,399.0
2026-02-28,wk inc flu hosp,0,2026-02-28,39,quantile,0.5,407.0
2026-02-28,wk inc flu hosp,0,2026-02-28,39,quantile,0.55,413.0
2026-02-28,wk inc flu hosp,0,2026-02-28,39,quantile,0.6,421.0
2026-02-28,wk inc flu hosp,0,2026-02-28,39,quantile,0.65,430.0
2026-02-28,wk inc flu hosp,0,2026-02-28,39,quantile,0.7,438.0
2026-02-28,wk inc flu hosp,0,2026-02-28,39,quantile,0.75,446.0
2026-02-28,wk inc flu hosp,0,2026-02-28,39,quantile,0.8,459.0
2026-02-28,wk inc flu hosp,0,2026-02-28,39,quantile,0.85,471.0
2026-02-28,wk inc flu hosp,0,2026-02-28,39,quantile,0.9,486.0
2026-02-28,wk inc flu hosp,0,2026-02-28,39,quantile,0.95,516.0
2026-02-28,wk inc flu hosp,0,2026-02-28,39,quantile,0.975,540.0
2026-02-28,wk inc flu hosp,0,2026-02-28,39,quantile,0.99,664.0
2026-02-28,wk inc flu hosp,0,2026-02-28,40,quantile,0.01,26.0
2026-02-28,wk inc flu hosp,0,2026-02-28,40,quantile,0.025,32.0
2026-02-28,wk inc flu hosp,0,2026-02-28,40,quantile,0.05,38.0
2026-02-28,wk inc flu hosp,0,2026-02-28,40,quantile,0.1,53.0
2026-02-28,wk inc flu hosp,0,2026-02-28,40,quantile,0.15,67.0
2026-02-28,wk inc flu hosp,0,2026-02-28,40,quantile,0.2,78.0
2026-02-28,wk inc flu hosp,0,2026-02-28,40,quantile,0.25,86.0
2026-02-28,wk inc flu hosp,0,2026-02-28,40,quantile,0.3,93.0
2026-02-28,wk inc flu hosp,0,2026-02-28,40,quantile,0.35,101.0
2026-02-28,wk inc flu hosp,0,2026-02-28,40,quantile,0.4,108.0
2026-02-28,wk inc flu hosp,0,2026-02-28,40,quantile,0.45,115.0
2026-02-28,wk inc flu hosp,0,2026-02-28,40,quantile,0.5,121.0
2026-02-28,wk inc flu hosp,0,2026-02-28,40,quantile,0.55,129.0
2026-02-28,wk inc flu hosp,0,2026-02-28,40,quantile,0.6,135.0
2026-02-28,wk inc flu hosp,0,2026-02-28,40,quantile,0.65,139.0
2026-02-28,wk inc flu hosp,0,2026-02-28,40,quantile,0.7,142.0
2026-02-28,wk inc flu hosp,0,2026-02-28,40,quantile,0.75,147.0
2026-02-28,wk inc flu hosp,0,2026-02-28,40,quantile,0.8,151.0
2026-02-28,wk inc flu hosp,0,2026-02-28,40,quantile,0.85,154.0
2026-02-28,wk inc flu hosp,0,2026-02-28,40,quantile,0.9,158.0
2026-02-28,wk inc flu hosp,0,2026-02-28,40,quantile,0.95,166.0
2026-02-28,wk inc flu hosp,0,2026-02-28,40,quantile,0.975,171.0
2026-02-28,wk inc flu hosp,0,2026-02-28,40,quantile,0.99,177.0
2026-02-28,wk inc flu hosp,0,2026-02-28,41,quantile,0.01,98.0
2026-02-28,wk inc flu hosp,0,2026-02-28,41,quantile,0.025,113.0
2026-02-28,wk inc flu hosp,0,2026-02-28,41,quantile,0.05,124.0
2026-02-28,wk inc flu hosp,0,2026-02-28,41,quantile,0.1,133.0
2026-02-28,wk inc flu hosp,0,2026-02-28,41,quantile,0.15,138.0
2026-02-28,wk inc flu hosp,0,2026-02-28,41,quantile,0.2,142.0
2026-02-28,wk inc flu hosp,0,2026-02-28,41,quantile,0.25,146.0
2026-02-28,wk inc flu hosp,0,2026-02-28,41,quantile,0.3,149.0
2026-02-28,wk inc flu hosp,0,2026-02-28,41,quantile,0.35,153.0
2026-02-28,wk inc flu hosp,0,2026-02-28,41,quantile,0.4,156.0
2026-02-28,wk inc flu hosp,0,2026-02-28,41,quantile,0.45,159.0
2026-02-28,wk inc flu hosp,0,2026-02-28,41,quantile,0.5,163.0
2026-02-28,wk inc flu hosp,0,2026-02-28,41,quantile,0.55,165.0
2026-02-28,wk inc flu hosp,0,2026-02-28,41,quantile,0.6,169.0
2026-02-28,wk inc flu hosp,0,2026-02-28,41,quantile,0.65,172.0
2026-02-28,wk inc flu hosp,0,2026-02-28,41,quantile,0.7,176.0
2026-02-28,wk inc flu hosp,0,2026-02-28,41,quantile,0.75,180.0
2026-02-28,wk inc flu hosp,0,2026-02-28,41,quantile,0.8,184.0
2026-02-28,wk inc flu hosp,0,2026-02-28,41,quantile,0.85,188.0
2026-02-28,wk inc flu hosp,0,2026-02-28,41,quantile,0.9,195.0
2026-02-28,wk inc flu hosp,0,2026-02-28,41,quantile,0.95,209.0
2026-02-28,wk inc flu hosp,0,2026-02-28,41,quantile,0.975,217.0
2026-02-28,wk inc flu hosp,0,2026-02-28,41,quantile,0.99,226.0
2026-02-28,wk inc flu hosp,0,2026-02-28,42,quantile,0.01,35.0
2026-02-28,wk inc flu hosp,0,2026-02-28,42,quantile,0.025,48.0
2026-02-28,wk inc flu hosp,0,2026-02-28,42,quantile,0.05,60.0
2026-02-28,wk inc flu hosp,0,2026-02-28,42,quantile,0.1,97.0
2026-02-28,wk inc flu hosp,0,2026-02-28,42,quantile,0.15,127.0
2026-02-28,wk inc flu hosp,0,2026-02-28,42,quantile,0.2,149.0
2026-02-28,wk inc flu hosp,0,2026-02-28,42,quantile,0.25,170.0
2026-02-28,wk inc flu hosp,0,2026-02-28,42,quantile,0.3,185.0
2026-02-28,wk inc flu hosp,0,2026-02-28,42,quantile,0.35,200.0
2026-02-28,wk inc flu hosp,0,2026-02-28,42,quantile,0.4,215.0
2026-02-28,wk inc flu hosp,0,2026-02-28,42,quantile,0.45,231.0
2026-02-28,wk inc flu hosp,0,2026-02-28,42,quantile,0.5,242.0
2026-02-28,wk inc flu hosp,0,2026-02-28,42,quantile,0.55,257.0
2026-02-28,wk inc flu hosp,0,2026-02-28,42,quantile,0.6,271.0
2026-02-28,wk inc flu hosp,0,2026-02-28,42,quantile,0.65,287.0
2026-02-28,wk inc flu hosp,0,2026-02-28,42,quantile,0.7,300.0
2026-02-28,wk inc flu hosp,0,2026-02-28,42,quantile,0.75,316.0
2026-02-28,wk inc flu hosp,0,2026-02-28,42,quantile,0.8,331.0
2026-02-28,wk inc flu hosp,0,2026-02-28,42,quantile,0.85,346.0
2026-02-28,wk inc flu hosp,0,2026-02-28,42,quantile,0.9,370.0
2026-02-28,wk inc flu hosp,0,2026-02-28,42,quantile,0.95,405.0
2026-02-28,wk inc flu hosp,0,2026-02-28,42,quantile,0.975,419.0
2026-02-28,wk inc flu hosp,0,2026-02-28,42,quantile,0.99,437.0
2026-02-28,wk inc flu hosp,0,2026-02-28,44,quantile,0.01,4.0
2026-02-28,wk inc flu hosp,0,2026-02-28,44,quantile,0.025,5.0
2026-02-28,wk inc flu hosp,0,2026-02-28,44,quantile,0.05,5.0
2026-02-28,wk inc flu hosp,0,2026-02-28,44,quantile,0.1,5.0
2026-02-28,wk inc flu hosp,0,2026-02-28,44,quantile,0.15,6.0
2026-02-28,wk inc flu hosp,0,2026-02-28,44,quantile,0.2,8.0
2026-02-28,wk inc flu hosp,0,2026-02-28,44,quantile,0.25,8.0
2026-02-28,wk inc flu hosp,0,2026-02-28,44,quantile,0.3,9.0
2026-02-28,wk inc flu hosp,0,2026-02-28,44,quantile,0.35,10.0
2026-02-28,wk inc flu hosp,0,2026-02-28,44,quantile,0.4,11.0
2026-02-28,wk inc flu hosp,0,2026-02-28,44,quantile,0.45,11.0
2026-02-28,wk inc flu hosp,0,2026-02-28,44,quantile,0.5,12.0
2026-02-28,wk inc flu hosp,0,2026-02-28,44,quantile,0.55,13.0
2026-02-28,wk inc flu hosp,0,2026-02-28,44,quantile,0.6,13.0
2026-02-28,wk inc flu hosp,0,2026-02-28,44,quantile,0.65,14.0
2026-02-28,wk inc flu hosp,0,2026-02-28,44,quantile,0.7,15.0
2026-02-28,wk inc flu hosp,0,2026-02-28,44,quantile,0.75,16.0
2026-02-28,wk inc flu hosp,0,2026-02-28,44,quantile,0.8,17.0
2026-02-28,wk inc flu hosp,0,2026-02-28,44,quantile,0.85,18.0
2026-02-28,wk inc flu hosp,0,2026-02-28,44,quantile,0.9,19.0
2026-02-28,wk inc flu hosp,0,2026-02-28,44,quantile,0.95,20.0
2026-02-28,wk inc flu hosp,0,2026-02-28,44,quantile,0.975,21.0
2026-02-28,wk inc flu hosp,0,2026-02-28,44,quantile,0.99,22.0
2026-02-28,wk inc flu hosp,0,2026-02-28,45,quantile,0.01,42.0
2026-02-28,wk inc flu hosp,0,2026-02-28,45,quantile,0.025,50.0
2026-02-28,wk inc flu hosp,0,2026-02-28,45,quantile,0.05,56.0
2026-02-28,wk inc flu hosp,0,2026-02-28,45,quantile,0.1,72.0
2026-02-28,wk inc flu hosp,0,2026-02-28,45,quantile,0.15,86.0
2026-02-28,wk inc flu hosp,0,2026-02-28,45,quantile,0.2,96.0
2026-02-28,wk inc flu hosp,0,2026-02-28,45,quantile,0.25,111.0
2026-02-28,wk inc flu hosp,0,2026-02-28,45,quantile,0.3,120.0
2026-02-28,wk inc flu hosp,0,2026-02-28,45,quantile,0.35,128.0
2026-02-28,wk inc flu hosp,0,2026-02-28,45,quantile,0.4,136.0
2026-02-28,wk inc flu hosp,0,2026-02-28,45,quantile,0.45,143.0
2026-02-28,wk inc flu hosp,0,2026-02-28,45,quantile,0.5,151.0
2026-02-28,wk inc flu hosp,0,2026-02-28,45,quantile,0.55,158.0
2026-02-28,wk inc flu hosp,0,2026-02-28,45,quantile,0.6,166.0
2026-02-28,wk inc flu hosp,0,2026-02-28,45,quantile,0.65,173.0
2026-02-28,wk inc flu hosp,0,2026-02-28,45,quantile,0.7,179.0
2026-02-28,wk inc flu hosp,0,2026-02-28,45,quantile,0.75,185.0
2026-02-28,wk inc flu hosp,0,2026-02-28,45,quantile,0.8,191.0
2026-02-28,wk inc flu hosp,0,2026-02-28,45,quantile,0.85,197.0
2026-02-28,wk inc flu hosp,0,2026-02-28,45,quantile,0.9,204.0
2026-02-28,wk inc flu hosp,0,2026-02-28,45,quantile,0.95,214.0
2026-02-28,wk inc flu hosp,0,2026-02-28,45,quantile,0.975,221.0
2026-02-28,wk inc flu hosp,0,2026-02-28,45,quantile,0.99,227.0
2026-02-28,wk inc flu hosp,0,2026-02-28,46,quantile,0.01,7.0
2026-02-28,wk inc flu hosp,0,2026-02-28,46,quantile,0.025,8.0
2026-02-28,wk inc flu hosp,0,2026-02-28,46,quantile,0.05,10.0
2026-02-28,wk inc flu hosp,0,2026-02-28,46,quantile,0.1,14.0
2026-02-28,wk inc flu hosp,0,2026-02-28,46,quantile,0.15,16.0
2026-02-28,wk inc flu hosp,0,2026-02-28,46,quantile,0.2,18.0
2026-02-28,wk inc flu hosp,0,2026-02-28,46,quantile,0.25,19.0
2026-02-28,wk inc flu hosp,0,2026-02-28,46,quantile,0.3,20.0
2026-02-28,wk inc flu hosp,0,2026-02-28,46,quantile,0.35,21.0
2026-02-28,wk inc flu hosp,0,2026-02-28,46,quantile,0.4,22.0
2026-02-28,wk inc flu hosp,0,2026-02-28,46,quantile,0.45,24.0
2026-02-28,wk inc flu hosp,0,2026-02-28,46,quantile,0.5,24.0
2026-02-28,wk inc flu hosp,0,2026-02-28,46,quantile,0.55,25.0
2026-02-28,wk inc flu hosp,0,2026-02-28,46,quantile,0.6,25.0
2026-02-28,wk inc flu hosp,0,2026-02-28,46,quantile,0.65,25.0
2026-02-28,wk inc flu hosp,0,2026-02-28,46,quantile,0.7,26.0
2026-02-28,wk inc flu hosp,0,2026-02-28,46,quantile,0.75,26.0
2026-02-28,wk inc flu hosp,0,2026-02-28,46,quantile,0.8,27.0
2026-02-28,wk inc flu hosp,0,2026-02-28,46,quantile,0.85,27.0
2026-02-28,wk inc flu hosp,0,2026-02-28,46,quantile,0.9,28.0
2026-02-28,wk inc flu hosp,0,2026-02-28,46,quantile,0.95,29.0
2026-02-28,wk inc flu hosp,0,2026-02-28,46,quantile,0.975,30.0
2026-02-28,wk inc flu hosp,0,2026-02-28,46,quantile,0.99,31.0
2026-02-28,wk inc flu hosp,0,2026-02-28,47,quantile,0.01,60.0
2026-02-28,wk inc flu hosp,0,2026-02-28,47,quantile,0.025,68.0
2026-02-28,wk inc flu hosp,0,2026-02-28,47,quantile,0.05,86.0
2026-02-28,wk inc flu hosp,0,2026-02-28,47,quantile,0.1,110.0
2026-02-28,wk inc flu hosp,0,2026-02-28,47,quantile,0.15,128.0
2026-02-28,wk inc flu hosp,0,2026-02-28,47,quantile,0.2,142.0
2026-02-28,wk inc flu hosp,0,2026-02-28,47,quantile,0.25,153.0
2026-02-28,wk inc flu hosp,0,2026-02-28,47,quantile,0.3,160.0
2026-02-28,wk inc flu hosp,0,2026-02-28,47,quantile,0.35,168.0
2026-02-28,wk inc flu hosp,0,2026-02-28,47,quantile,0.4,173.0
2026-02-28,wk inc flu hosp,0,2026-02-28,47,quantile,0.45,180.0
2026-02-28,wk inc flu hosp,0,2026-02-28,47,quantile,0.5,186.0
2026-02-28,wk inc flu hosp,0,2026-02-28,47,quantile,0.55,193.0
2026-02-28,wk inc flu hosp,0,2026-02-28,47,quantile,0.6,199.0
2026-02-28,wk inc flu hosp,0,2026-02-28,47,quantile,0.65,207.0
2026-02-28,wk inc flu hosp,0,2026-02-28,47,quantile,0.7,217.0
2026-02-28,wk inc flu hosp,0,2026-02-28,47,quantile,0.75,224.0
2026-02-28,wk inc flu hosp,0,2026-02-28,47,quantile,0.8,234.0
2026-02-28,wk inc flu hosp,0,2026-02-28,47,quantile,0.85,247.0
2026-02-28,wk inc flu hosp,0,2026-02-28,47,quantile,0.9,257.0
2026-02-28,wk inc flu hosp,0,2026-02-28,47,quantile,0.95,269.0
2026-02-28,wk inc flu hosp,0,2026-02-28,47,quantile,0.975,278.0
2026-02-28,wk inc flu hosp,0,2026-02-28,47,quantile,0.99,288.0
2026-02-28,wk inc flu hosp,0,2026-02-28,48,quantile,0.01,174.0
2026-02-28,wk inc flu hosp,0,2026-02-28,48,quantile,0.025,217.0
2026-02-28,wk inc flu hosp,0,2026-02-28,48,quantile,0.05,254.0
2026-02-28,wk inc flu hosp,0,2026-02-28,48,quantile,0.1,363.0
2026-02-28,wk inc flu hosp,0,2026-02-28,48,quantile,0.15,455.0
2026-02-28,wk inc flu hosp,0,2026-02-28,48,quantile,0.2,520.0
2026-02-28,wk inc flu hosp,0,2026-02-28,48,quantile,0.25,580.0
2026-02-28,wk inc flu hosp,0,2026-02-28,48,quantile,0.3,632.0
2026-02-28,wk inc flu hosp,0,2026-02-28,48,quantile,0.35,673.0
2026-02-28,wk inc flu hosp,0,2026-02-28,48,quantile,0.4,714.0
2026-02-28,wk inc flu hosp,0,2026-02-28,48,quantile,0.45,754.0
2026-02-28,wk inc flu hosp,0,2026-02-28,48,quantile,0.5,793.0
2026-02-28,wk inc flu hosp,0,2026-02-28,48,quantile,0.55,838.0
2026-02-28,wk inc flu hosp,0,2026-02-28,48,quantile,0.6,889.0
2026-02-28,wk inc flu hosp,0,2026-02-28,48,quantile,0.65,920.0
2026-02-28,wk inc flu hosp,0,2026-02-28,48,quantile,0.7,941.0
2026-02-28,wk inc flu hosp,0,2026-02-28,48,quantile,0.75,968.0
2026-02-28,wk inc flu hosp,0,2026-02-28,48,quantile,0.8,996.0
2026-02-28,wk inc flu hosp,0,2026-02-28,48,quantile,0.85,1031.0
2026-02-28,wk inc flu hosp,0,2026-02-28,48,quantile,0.9,1074.0
2026-02-28,wk inc flu hosp,0,2026-02-28,48,quantile,0.95,1181.0
2026-02-28,wk inc flu hosp,0,2026-02-28,48,quantile,0.975,1217.0
2026-02-28,wk inc flu hosp,0,2026-02-28,48,quantile,0.99,1253.0
2026-02-28,wk inc flu hosp,0,2026-02-28,49,quantile,0.01,21.0
2026-02-28,wk inc flu hosp,0,2026-02-28,49,quantile,0.025,30.0
2026-02-28,wk inc flu hosp,0,2026-02-28,49,quantile,0.05,36.0
2026-02-28,wk inc flu hosp,0,2026-02-28,49,quantile,0.1,45.0
2026-02-28,wk inc flu hosp,0,2026-02-28,49,quantile,0.15,51.0
2026-02-28,wk inc flu hosp,0,2026-02-28,49,quantile,0.2,56.0
2026-02-28,wk inc flu hosp,0,2026-02-28,49,quantile,0.25,59.0
2026-02-28,wk inc flu hosp,0,2026-02-28,49,quantile,0.3,63.0
2026-02-28,wk inc flu hosp,0,2026-02-28,49,quantile,0.35,66.0
2026-02-28,wk inc flu hosp,0,2026-02-28,49,quantile,0.4,70.0
2026-02-28,wk inc flu hosp,0,2026-02-28,49,quantile,0.45,73.0
2026-02-28,wk inc flu hosp,0,2026-02-28,49,quantile,0.5,76.0
2026-02-28,wk inc flu hosp,0,2026-02-28,49,quantile,0.55,78.0
2026-02-28,wk inc flu hosp,0,2026-02-28,49,quantile,0.6,79.0
2026-02-28,wk inc flu hosp,0,2026-02-28,49,quantile,0.65,81.0
2026-02-28,wk inc flu hosp,0,2026-02-28,49,quantile,0.7,82.0
2026-02-28,wk inc flu hosp,0,2026-02-28,49,quantile,0.75,84.0
2026-02-28,wk inc flu hosp,0,2026-02-28,49,quantile,0.8,86.0
2026-02-28,wk inc flu hosp,0,2026-02-28,49,quantile,0.85,88.0
2026-02-28,wk inc flu hosp,0,2026-02-28,49,quantile,0.9,92.0
2026-02-28,wk inc flu hosp,0,2026-02-28,49,quantile,0.95,99.0
2026-02-28,wk inc flu hosp,0,2026-02-28,49,quantile,0.975,105.0
2026-02-28,wk inc flu hosp,0,2026-02-28,49,quantile,0.99,119.0
2026-02-28,wk inc flu hosp,0,2026-02-28,50,quantile,0.01,5.0
2026-02-28,wk inc flu hosp,0,2026-02-28,50,quantile,0.025,6.0
2026-02-28,wk inc flu hosp,0,2026-02-28,50,quantile,0.05,7.0
2026-02-28,wk inc flu hosp,0,2026-02-28,50,quantile,0.1,10.0
2026-02-28,wk inc flu hosp,0,2026-02-28,50,quantile,0.15,12.0
2026-02-28,wk inc flu hosp,0,2026-02-28,50,quantile,0.2,14.0
2026-02-28,wk inc flu hosp,0,2026-02-28,50,quantile,0.25,15.0
2026-02-28,wk inc flu hosp,0,2026-02-28,50,quantile,0.3,16.0
2026-02-28,wk inc flu hosp,0,2026-02-28,50,quantile,0.35,17.0
2026-02-28,wk inc flu hosp,0,2026-02-28,50,quantile,0.4,18.0
2026-02-28,wk inc flu hosp,0,2026-02-28,50,quantile,0.45,18.0
2026-02-28,wk inc flu hosp,0,2026-02-28,50,quantile,0.5,19.0
2026-02-28,wk inc flu hosp,0,2026-02-28,50,quantile,0.55,19.0
2026-02-28,wk inc flu hosp,0,2026-02-28,50,quantile,0.6,20.0
2026-02-28,wk inc flu hosp,0,2026-02-28,50,quantile,0.65,20.0
2026-02-28,wk inc flu hosp,0,2026-02-28,50,quantile,0.7,20.0
2026-02-28,wk inc flu hosp,0,2026-02-28,50,quantile,0.75,21.0
2026-02-28,wk inc flu hosp,0,2026-02-28,50,quantile,0.8,21.0
2026-02-28,wk inc flu hosp,0,2026-02-28,50,quantile,0.85,22.0
2026-02-28,wk inc flu hosp,0,2026-02-28,50,quantile,0.9,22.0
2026-02-28,wk inc flu hosp,0,2026-02-28,50,quantile,0.95,24.0
2026-02-28,wk inc flu hosp,0,2026-02-28,50,quantile,0.975,24.0
2026-02-28,wk inc flu hosp,0,2026-02-28,50,quantile,0.99,26.0
2026-02-28,wk inc flu hosp,0,2026-02-28,51,quantile,0.01,72.0
2026-02-28,wk inc flu hosp,0,2026-02-28,51,quantile,0.025,82.0
2026-02-28,wk inc flu hosp,0,2026-02-28,51,quantile,0.05,88.0
2026-02-28,wk inc flu hosp,0,2026-02-28,51,quantile,0.1,100.0
2026-02-28,wk inc flu hosp,0,2026-02-28,51,quantile,0.15,121.0
2026-02-28,wk inc flu hosp,0,2026-02-28,51,quantile,0.2,137.0
2026-02-28,wk inc flu hosp,0,2026-02-28,51,quantile,0.25,149.0
2026-02-28,wk inc flu hosp,0,2026-02-28,51,quantile,0.3,161.0
2026-02-28,wk inc flu hosp,0,2026-02-28,51,quantile,0.35,172.0
2026-02-28,wk inc flu hosp,0,2026-02-28,51,quantile,0.4,180.0
2026-02-28,wk inc flu hosp,0,2026-02-28,51,quantile,0.45,191.0
2026-02-28,wk inc flu hosp,0,2026-02-28,51,quantile,0.5,199.0
2026-02-28,wk inc flu hosp,0,2026-02-28,51,quantile,0.55,209.0
2026-02-28,wk inc flu hosp,0,2026-02-28,51,quantile,0.6,218.0
2026-02-28,wk inc flu hosp,0,2026-02-28,51,quantile,0.65,231.0
2026-02-28,wk inc flu hosp,0,2026-02-28,51,quantile,0.7,240.0
2026-02-28,wk inc flu hosp,0,2026-02-28,51,quantile,0.75,252.0
2026-02-28,wk inc flu hosp,0,2026-02-28,51,quantile,0.8,267.0
2026-02-28,wk inc flu hosp,0,2026-02-28,51,quantile,0.85,273.0
2026-02-28,wk inc flu hosp,0,2026-02-28,51,quantile,0.9,283.0
2026-02-28,wk inc flu hosp,0,2026-02-28,51,quantile,0.95,296.0
2026-02-28,wk inc flu hosp,0,2026-02-28,51,quantile,0.975,322.0
2026-02-28,wk inc flu hosp,0,2026-02-28,51,quantile,0.99,355.0
2026-02-28,wk inc flu hosp,0,2026-02-28,53,quantile,0.01,79.0
2026-02-28,wk inc flu hosp,0,2026-02-28,53,quantile,0.025,104.0
2026-02-28,wk inc flu hosp,0,2026-02-28,53,quantile,0.05,125.0
2026-02-28,wk inc flu hosp,0,2026-02-28,53,quantile,0.1,154.0
2026-02-28,wk inc flu hosp,0,2026-02-28,53,quantile,0.15,176.0
2026-02-28,wk inc flu hosp,0,2026-02-28,53,quantile,0.2,187.0
2026-02-28,wk inc flu hosp,0,2026-02-28,53,quantile,0.25,196.0
2026-02-28,wk inc flu hosp,0,2026-02-28,53,quantile,0.3,201.0
2026-02-28,wk inc flu hosp,0,2026-02-28,53,quantile,0.35,208.0
2026-02-28,wk inc flu hosp,0,2026-02-28,53,quantile,0.4,216.0
2026-02-28,wk inc flu hosp,0,2026-02-28,53,quantile,0.45,221.0
2026-02-28,wk inc flu hosp,0,2026-02-28,53,quantile,0.5,229.0
2026-02-28,wk inc flu hosp,0,2026-02-28,53,quantile,0.55,238.0
2026-02-28,wk inc flu hosp,0,2026-02-28,53,quantile,0.6,249.0
2026-02-28,wk inc flu hosp,0,2026-02-28,53,quantile,0.65,256.0
2026-02-28,wk inc flu hosp,0,2026-02-28,53,quantile,0.7,263.0
2026-02-28,wk inc flu hosp,0,2026-02-28,53,quantile,0.75,270.0
2026-02-28,wk inc flu hosp,0,2026-02-28,53,quantile,0.8,279.0
2026-02-28,wk inc flu hosp,0,2026-02-28,53,quantile,0.85,289.0
2026-02-28,wk inc flu hosp,0,2026-02-28,53,quantile,0.9,295.0
2026-02-28,wk inc flu hosp,0,2026-02-28,53,quantile,0.95,305.0
2026-02-28,wk inc flu hosp,0,2026-02-28,53,quantile,0.975,313.0
2026-02-28,wk inc flu hosp,0,2026-02-28,53,quantile,0.99,322.0
2026-02-28,wk inc flu hosp,0,2026-02-28,54,quantile,0.01,9.0
2026-02-28,wk inc flu hosp,0,2026-02-28,54,quantile,0.025,11.0
2026-02-28,wk inc flu hosp,0,2026-02-28,54,quantile,0.05,13.0
2026-02-28,wk inc flu hosp,0,2026-02-28,54,quantile,0.1,16.0
2026-02-28,wk inc flu hosp,0,2026-02-28,54,quantile,0.15,23.0
2026-02-28,wk inc flu hosp,0,2026-02-28,54,quantile,0.2,29.0
2026-02-28,wk inc flu hosp,0,2026-02-28,54,quantile,0.25,33.0
2026-02-28,wk inc flu hosp,0,2026-02-28,54,quantile,0.3,39.0
2026-02-28,wk inc flu hosp,0,2026-02-28,54,quantile,0.35,42.0
2026-02-28,wk inc flu hosp,0,2026-02-28,54,quantile,0.4,45.0
2026-02-28,wk inc flu hosp,0,2026-02-28,54,quantile,0.45,49.0
2026-02-28,wk inc flu hosp,0,2026-02-28,54,quantile,0.5,52.0
2026-02-28,wk inc flu hosp,0,2026-02-28,54,quantile,0.55,52.0
2026-02-28,wk inc flu hosp,0,2026-02-28,54,quantile,0.6,53.0
2026-02-28,wk inc flu hosp,0,2026-02-28,54,quantile,0.65,54.0
2026-02-28,wk inc flu hosp,0,2026-02-28,54,quantile,0.7,55.0
2026-02-28,wk inc flu hosp,0,2026-02-28,54,quantile,0.75,57.0
2026-02-28,wk inc flu hosp,0,2026-02-28,54,quantile,0.8,58.0
2026-02-28,wk inc flu hosp,0,2026-02-28,54,quantile,0.85,59.0
2026-02-28,wk inc flu hosp,0,2026-02-28,54,quantile,0.9,61.0
2026-02-28,wk inc flu hosp,0,2026-02-28,54,quantile,0.95,64.0
2026-02-28,wk inc flu hosp,0,2026-02-28,54,quantile,0.975,67.0
2026-02-28,wk inc flu hosp,0,2026-02-28,54,quantile,0.99,75.0
2026-02-28,wk inc flu hosp,0,2026-02-28,55,quantile,0.01,42.0
2026-02-28,wk inc flu hosp,0,2026-02-28,55,quantile,0.025,65.0
2026-02-28,wk inc flu hosp,0,2026-02-28,55,quantile,0.05,84.0
2026-02-28,wk inc flu hosp,0,2026-02-28,55,quantile,0.1,109.0
2026-02-28,wk inc flu hosp,0,2026-02-28,55,quantile,0.15,124.0
2026-02-28,wk inc flu hosp,0,2026-02-28,55,quantile,0.2,137.0
2026-02-28,wk inc flu hosp,0,2026-02-28,55,quantile,0.25,148.0
2026-02-28,wk inc flu hosp,0,2026-02-28,55,quantile,0.3,156.0
2026-02-28,wk inc flu hosp,0,2026-02-28,55,quantile,0.35,160.0
2026-02-28,wk inc flu hosp,0,2026-02-28,55,quantile,0.4,164.0
2026-02-28,wk inc flu hosp,0,2026-02-28,55,quantile,0.45,168.0
2026-02-28,wk inc flu hosp,0,2026-02-28,55,quantile,0.5,173.0
2026-02-28,wk inc flu hosp,0,2026-02-28,55,quantile,0.55,177.0
2026-02-28,wk inc flu hosp,0,2026-02-28,55,quantile,0.6,182.0
2026-02-28,wk inc flu hosp,0,2026-02-28,55,quantile,0.65,186.0
2026-02-28,wk inc flu hosp,0,2026-02-28,55,quantile,0.7,190.0
2026-02-28,wk inc flu hosp,0,2026-02-28,55,quantile,0.75,195.0
2026-02-28,wk inc flu hosp,0,2026-02-28,55,quantile,0.8,202.0
2026-02-28,wk inc flu hosp,0,2026-02-28,55,quantile,0.85,208.0
2026-02-28,wk inc flu hosp,0,2026-02-28,55,quantile,0.9,218.0
2026-02-28,wk inc flu hosp,0,2026-02-28,55,quantile,0.95,232.0
2026-02-28,wk inc flu hosp,0,2026-02-28,55,quantile,0.975,242.0
2026-02-28,wk inc flu hosp,0,2026-02-28,55,quantile,0.99,251.0
2026-02-28,wk inc flu hosp,0,2026-02-28,56,quantile,0.01,2.0
2026-02-28,wk inc flu hosp,0,2026-02-28,56,quantile,0.025,3.0
2026-02-28,wk inc flu hosp,0,2026-02-28,56,quantile,0.05,4.0
2026-02-28,wk inc flu hosp,0,2026-02-28,56,quantile,0.1,5.0
2026-02-28,wk inc flu hosp,0,2026-02-28,56,quantile,0.15,5.0
2026-02-28,wk inc flu hosp,0,2026-02-28,56,quantile,0.2,6.0
2026-02-28,wk inc flu hosp,0,2026-02-28,56,quantile,0.25,7.0
2026-02-28,wk inc flu hosp,0,2026-02-28,56,quantile,0.3,7.0
2026-02-28,wk inc flu hosp,0,2026-02-28,56,quantile,0.35,8.0
2026-02-28,wk inc flu hosp,0,2026-02-28,56,quantile,0.4,8.0
2026-02-28,wk inc flu hosp,0,2026-02-28,56,quantile,0.45,9.0
2026-02-28,wk inc flu hosp,0,2026-02-28,56,quantile,0.5,9.0
2026-02-28,wk inc flu hosp,0,2026-02-28,56,quantile,0.55,9.0
2026-02-28,wk inc flu hosp,0,2026-02-28,56,quantile,0.6,10.0
2026-02-28,wk inc flu hosp,0,2026-02-28,56,quantile,0.65,10.0
2026-02-28,wk inc flu hosp,0,2026-02-28,56,quantile,0.7,11.0
2026-02-28,wk inc flu hosp,0,2026-02-28,56,quantile,0.75,11.0
2026-02-28,wk inc flu hosp,0,2026-02-28,56,quantile,0.8,11.0
2026-02-28,wk inc flu hosp,0,2026-02-28,56,quantile,0.85,11.0
2026-02-28,wk inc flu hosp,0,2026-02-28,56,quantile,0.9,12.0
2026-02-28,wk inc flu hosp,0,2026-02-28,56,quantile,0.95,12.0
2026-02-28,wk inc flu hosp,0,2026-02-28,56,quantile,0.975,13.0
2026-02-28,wk inc flu hosp,0,2026-02-28,56,quantile,0.99,13.0
2026-02-28,wk inc flu hosp,0,2026-02-28,US,quantile,0.01,3645.0
2026-02-28,wk inc flu hosp,0,2026-02-28,US,quantile,0.025,4438.0
2026-02-28,wk inc flu hosp,0,2026-02-28,US,quantile,0.05,5403.0
2026-02-28,wk inc flu hosp,0,2026-02-28,US,quantile,0.1,6190.0
2026-02-28,wk inc flu hosp,0,2026-02-28,US,quantile,0.15,6867.0
2026-02-28,wk inc flu hosp,0,2026-02-28,US,quantile,0.2,7359.0
2026-02-28,wk inc flu hosp,0,2026-02-28,US,quantile,0.25,7784.0
2026-02-28,wk inc flu hosp,0,2026-02-28,US,quantile,0.3,8149.0
2026-02-28,wk inc flu hosp,0,2026-02-28,US,quantile,0.35,8513.0
2026-02-28,wk inc flu hosp,0,2026-02-28,US,quantile,0.4,8786.0
2026-02-28,wk inc flu hosp,0,2026-02-28,US,quantile,0.45,9080.0
2026-02-28,wk inc flu hosp,0,2026-02-28,US,quantile,0.5,9346.0
2026-02-28,wk inc flu hosp,0,2026-02-28,US,quantile,0.55,9683.0
2026-02-28,wk inc flu hosp,0,2026-02-28,US,quantile,0.6,9905.0
2026-02-28,wk inc flu hosp,0,2026-02-28,US,quantile,0.65,10178.0
2026-02-28,wk inc flu hosp,0,2026-02-28,US,quantile,0.7,10350.0
2026-02-28,wk inc flu hosp,0,2026-02-28,US,quantile,0.75,10554.0
2026-02-28,wk inc flu hosp,0,2026-02-28,US,quantile,0.8,10748.0
2026-02-28,wk inc flu hosp,0,2026-02-28,US,quantile,0.85,10917.0
2026-02-28,wk inc flu hosp,0,2026-02-28,US,quantile,0.9,11179.0
2026-02-28,wk inc flu hosp,0,2026-02-28,US,quantile,0.95,11591.0
2026-02-28,wk inc flu hosp,0,2026-02-28,US,quantile,0.975,11866.0
2026-02-28,wk inc flu hosp,0,2026-02-28,US,quantile,0.99,12205.0
2026-02-28,wk inc flu hosp,1,2026-03-07,01,quantile,0.01,29.0
2026-02-28,wk inc flu hosp,1,2026-03-07,01,quantile,0.025,49.0
2026-02-28,wk inc flu hosp,1,2026-03-07,01,quantile,0.05,61.0
2026-02-28,wk inc flu hosp,1,2026-03-07,01,quantile,0.1,91.0
2026-02-28,wk inc flu hosp,1,2026-03-07,01,quantile,0.15,120.0
2026-02-28,wk inc flu hosp,1,2026-03-07,01,quantile,0.2,142.0
2026-02-28,wk inc flu hosp,1,2026-03-07,01,quantile,0.25,160.0
2026-02-28,wk inc flu hosp,1,2026-03-07,01,quantile,0.3,178.0
2026-02-28,wk inc flu hosp,1,2026-03-07,01,quantile,0.35,192.0
2026-02-28,wk inc flu hosp,1,2026-03-07,01,quantile,0.4,209.0
2026-02-28,wk inc flu hosp,1,2026-03-07,01,quantile,0.45,226.0
2026-02-28,wk inc flu hosp,1,2026-03-07,01,quantile,0.5,241.0
2026-02-28,wk inc flu hosp,1,2026-03-07,01,quantile,0.55,256.0
2026-02-28,wk inc flu hosp,1,2026-03-07,01,quantile,0.6,268.0
2026-02-28,wk inc flu hosp,1,2026-03-07,01,quantile,0.65,284.0
2026-02-28,wk inc flu hosp,1,2026-03-07,01,quantile,0.7,300.0
2026-02-28,wk inc flu hosp,1,2026-03-07,01,quantile,0.75,319.0
2026-02-28,wk inc flu hosp,1,2026-03-07,01,quantile,0.8,336.0
2026-02-28,wk inc flu hosp,1,2026-03-07,01,quantile,0.85,350.0
2026-02-28,wk inc flu hosp,1,2026-03-07,01,quantile,0.9,366.0
2026-02-28,wk inc flu hosp,1,2026-03-07,01,quantile,0.95,389.0
2026-02-28,wk inc flu hosp,1,2026-03-07,01,quantile,0.975,405.0
2026-02-28,wk inc flu hosp,1,2026-03-07,01,quantile,0.99,423.0
2026-02-28,wk inc flu hosp,1,2026-03-07,02,quantile,0.01,0.0
2026-02-28,wk inc flu hosp,1,2026-03-07,02,quantile,0.025,2.0
2026-02-28,wk inc flu hosp,1,2026-03-07,02,quantile,0.05,4.0
2026-02-28,wk inc flu hosp,1,2026-03-07,02,quantile,0.1,5.0
2026-02-28,wk inc flu hosp,1,2026-03-07,02,quantile,0.15,7.0
2026-02-28,wk inc flu hosp,1,2026-03-07,02,quantile,0.2,7.0
2026-02-28,wk inc flu hosp,1,2026-03-07,02,quantile,0.25,8.0
2026-02-28,wk inc flu hosp,1,2026-03-07,02,quantile,0.3,9.0
2026-02-28,wk inc flu hosp,1,2026-03-07,02,quantile,0.35,9.0
2026-02-28,wk inc flu hosp,1,2026-03-07,02,quantile,0.4,10.0
2026-02-28,wk inc flu hosp,1,2026-03-07,02,quantile,0.45,11.0
2026-02-28,wk inc flu hosp,1,2026-03-07,02,quantile,0.5,11.0
2026-02-28,wk inc flu hosp,1,2026-03-07,02,quantile,0.55,12.0
2026-02-28,wk inc flu hosp,1,2026-03-07,02,quantile,0.6,12.0
2026-02-28,wk inc flu hosp,1,2026-03-07,02,quantile,0.65,13.0
2026-02-28,wk inc flu hosp,1,2026-03-07,02,quantile,0.7,13.0
2026-02-28,wk inc flu hosp,1,2026-03-07,02,quantile,0.75,14.0
2026-02-28,wk inc flu hosp,1,2026-03-07,02,quantile,0.8,14.0
2026-02-28,wk inc flu hosp,1,2026-03-07,02,quantile,0.85,15.0
2026-02-28,wk inc flu hosp,1,2026-03-07,02,quantile,0.9,16.0
2026-02-28,wk inc flu hosp,1,2026-03-07,02,quantile,0.95,18.0
2026-02-28,wk inc flu hosp,1,2026-03-07,02,quantile,0.975,19.0
2026-02-28,wk inc flu hosp,1,2026-03-07,02,quantile,0.99,20.0
2026-02-28,wk inc flu hosp,1,2026-03-07,04,quantile,0.01,61.0
2026-02-28,wk inc flu hosp,1,2026-03-07,04,quantile,0.025,83.0
2026-02-28,wk inc flu hosp,1,2026-03-07,04,quantile,0.05,103.0
2026-02-28,wk inc flu hosp,1,2026-03-07,04,quantile,0.1,123.0
2026-02-28,wk inc flu hosp,1,2026-03-07,04,quantile,0.15,135.0
2026-02-28,wk inc flu hosp,1,2026-03-07,04,quantile,0.2,146.0
2026-02-28,wk inc flu hosp,1,2026-03-07,04,quantile,0.25,156.0
2026-02-28,wk inc flu hosp,1,2026-03-07,04,quantile,0.3,164.0
2026-02-28,wk inc flu hosp,1,2026-03-07,04,quantile,0.35,171.0
2026-02-28,wk inc flu hosp,1,2026-03-07,04,quantile,0.4,178.0
2026-02-28,wk inc flu hosp,1,2026-03-07,04,quantile,0.45,185.0
2026-02-28,wk inc flu hosp,1,2026-03-07,04,quantile,0.5,193.0
2026-02-28,wk inc flu hosp,1,2026-03-07,04,quantile,0.55,201.0
2026-02-28,wk inc flu hosp,1,2026-03-07,04,quantile,0.6,208.0
2026-02-28,wk inc flu hosp,1,2026-03-07,04,quantile,0.65,216.0
2026-02-28,wk inc flu hosp,1,2026-03-07,04,quantile,0.7,224.0
2026-02-28,wk inc flu hosp,1,2026-03-07,04,quantile,0.75,234.0
2026-02-28,wk inc flu hosp,1,2026-03-07,04,quantile,0.8,244.0
2026-02-28,wk inc flu hosp,1,2026-03-07,04,quantile,0.85,254.0
2026-02-28,wk inc flu hosp,1,2026-03-07,04,quantile,0.9,272.0
2026-02-28,wk inc flu hosp,1,2026-03-07,04,quantile,0.95,292.0
2026-02-28,wk inc flu hosp,1,2026-03-07,04,quantile,0.975,310.0
2026-02-28,wk inc flu hosp,1,2026-03-07,04,quantile,0.99,333.0
2026-02-28,wk inc flu hosp,1,2026-03-07,05,quantile,0.01,10.0
2026-02-28,wk inc flu hosp,1,2026-03-07,05,quantile,0.025,18.0
2026-02-28,wk inc flu hosp,1,2026-03-07,05,quantile,0.05,23.0
2026-02-28,wk inc flu hosp,1,2026-03-07,05,quantile,0.1,34.0
2026-02-28,wk inc flu hosp,1,2026-03-07,05,quantile,0.15,48.0
2026-02-28,wk inc flu hosp,1,2026-03-07,05,quantile,0.2,60.0
2026-02-28,wk inc flu hosp,1,2026-03-07,05,quantile,0.25,70.0
2026-02-28,wk inc flu hosp,1,2026-03-07,05,quantile,0.3,79.0
2026-02-28,wk inc flu hosp,1,2026-03-07,05,quantile,0.35,88.0
2026-02-28,wk inc flu hosp,1,2026-03-07,05,quantile,0.4,96.0
2026-02-28,wk inc flu hosp,1,2026-03-07,05,quantile,0.45,105.0
2026-02-28,wk inc flu hosp,1,2026-03-07,05,quantile,0.5,109.0
2026-02-28,wk inc flu hosp,1,2026-03-07,05,quantile,0.55,112.0
2026-02-28,wk inc flu hosp,1,2026-03-07,05,quantile,0.6,115.0
2026-02-28,wk inc flu hosp,1,2026-03-07,05,quantile,0.65,117.0
2026-02-28,wk inc flu hosp,1,2026-03-07,05,quantile,0.7,121.0
2026-02-28,wk inc flu hosp,1,2026-03-07,05,quantile,0.75,124.0
2026-02-28,wk inc flu hosp,1,2026-03-07,05,quantile,0.8,128.0
2026-02-28,wk inc flu hosp,1,2026-03-07,05,quantile,0.85,132.0
2026-02-28,wk inc flu hosp,1,2026-03-07,05,quantile,0.9,139.0
2026-02-28,wk inc flu hosp,1,2026-03-07,05,quantile,0.95,148.0
2026-02-28,wk inc flu hosp,1,2026-03-07,05,quantile,0.975,154.0
2026-02-28,wk inc flu hosp,1,2026-03-07,05,quantile,0.99,162.0
2026-02-28,wk inc flu hosp,1,2026-03-07,06,quantile,0.01,247.0
2026-02-28,wk inc flu hosp,1,2026-03-07,06,quantile,0.025,362.0
2026-02-28,wk inc flu hosp,1,2026-03-07,06,quantile,0.05,460.0
2026-02-28,wk inc flu hosp,1,2026-03-07,06,quantile,0.1,560.0
2026-02-28,wk inc flu hosp,1,2026-03-07,06,quantile,0.15,630.0
2026-02-28,wk inc flu hosp,1,2026-03-07,06,quantile,0.2,680.0
2026-02-28,wk inc flu hosp,1,2026-03-07,06,quantile,0.25,736.0
2026-02-28,wk inc flu hosp,1,2026-03-07,06,quantile,0.3,787.0
2026-02-28,wk inc flu hosp,1,2026-03-07,06,quantile,0.35,837.0
2026-02-28,wk inc flu hosp,1,2026-03-07,06,quantile,0.4,875.0
2026-02-28,wk inc flu hosp,1,2026-03-07,06,quantile,0.45,910.0
2026-02-28,wk inc flu hosp,1,2026-03-07,06,quantile,0.5,950.0
2026-02-28,wk inc flu hosp,1,2026-03-07,06,quantile,0.55,984.0
2026-02-28,wk inc flu hosp,1,2026-03-07,06,quantile,0.6,1028.0
2026-02-28,wk inc flu hosp,1,2026-03-07,06,quantile,0.65,1068.0
2026-02-28,wk inc flu hosp,1,2026-03-07,06,quantile,0.7,1110.0
2026-02-28,wk inc flu hosp,1,2026-03-07,06,quantile,0.75,1151.0
2026-02-28,wk inc flu hosp,1,2026-03-07,06,quantile,0.8,1199.0
2026-02-28,wk inc flu hosp,1,2026-03-07,06,quantile,0.85,1252.0
2026-02-28,wk inc flu hosp,1,2026-03-07,06,quantile,0.9,1335.0
2026-02-28,wk inc flu hosp,1,2026-03-07,06,quantile,0.95,1445.0
2026-02-28,wk inc flu hosp,1,2026-03-07,06,quantile,0.975,1546.0
2026-02-28,wk inc flu hosp,1,2026-03-07,06,quantile,0.99,1637.0
2026-02-28,wk inc flu hosp,1,2026-03-07,08,quantile,0.01,29.0
2026-02-28,wk inc flu hosp,1,2026-03-07,08,quantile,0.025,40.0
2026-02-28,wk inc flu hosp,1,2026-03-07,08,quantile,0.05,50.0
2026-02-28,wk inc flu hosp,1,2026-03-07,08,quantile,0.1,64.0
2026-02-28,wk inc flu hosp,1,2026-03-07,08,quantile,0.15,72.0
2026-02-28,wk inc flu hosp,1,2026-03-07,08,quantile,0.2,78.0
2026-02-28,wk inc flu hosp,1,2026-03-07,08,quantile,0.25,84.0
2026-02-28,wk inc flu hosp,1,2026-03-07,08,quantile,0.3,89.0
2026-02-28,wk inc flu hosp,1,2026-03-07,08,quantile,0.35,94.0
2026-02-28,wk inc flu hosp,1,2026-03-07,08,quantile,0.4,98.0
2026-02-28,wk inc flu hosp,1,2026-03-07,08,quantile,0.45,103.0
2026-02-28,wk inc flu hosp,1,2026-03-07,08,quantile,0.5,108.0
2026-02-28,wk inc flu hosp,1,2026-03-07,08,quantile,0.55,112.0
2026-02-28,wk inc flu hosp,1,2026-03-07,08,quantile,0.6,117.0
2026-02-28,wk inc flu hosp,1,2026-03-07,08,quantile,0.65,121.0
2026-02-28,wk inc flu hosp,1,2026-03-07,08,quantile,0.7,126.0
2026-02-28,wk inc flu hosp,1,2026-03-07,08,quantile,0.75,131.0
2026-02-28,wk inc flu hosp,1,2026-03-07,08,quantile,0.8,137.0
2026-02-28,wk inc flu hosp,1,2026-03-07,08,quantile,0.85,144.0
2026-02-28,wk inc flu hosp,1,2026-03-07,08,quantile,0.9,152.0
2026-02-28,wk inc flu hosp,1,2026-03-07,08,quantile,0.95,162.0
2026-02-28,wk inc flu hosp,1,2026-03-07,08,quantile,0.975,170.0
2026-02-28,wk inc flu hosp,1,2026-03-07,08,quantile,0.99,189.0
2026-02-28,wk inc flu hosp,1,2026-03-07,09,quantile,0.01,0.0
2026-02-28,wk inc flu hosp,1,2026-03-07,09,quantile,0.025,3.0
2026-02-28,wk inc flu hosp,1,2026-03-07,09,quantile,0.05,6.0
2026-02-28,wk inc flu hosp,1,2026-03-07,09,quantile,0.1,7.0
2026-02-28,wk inc flu hosp,1,2026-03-07,09,quantile,0.15,13.0
2026-02-28,wk inc flu hosp,1,2026-03-07,09,quantile,0.2,16.0
2026-02-28,wk inc flu hosp,1,2026-03-07,09,quantile,0.25,19.0
2026-02-28,wk inc flu hosp,1,2026-03-07,09,quantile,0.3,23.0
2026-02-28,wk inc flu hosp,1,2026-03-07,09,quantile,0.35,26.0
2026-02-28,wk inc flu hosp,1,2026-03-07,09,quantile,0.4,29.0
2026-02-28,wk inc flu hosp,1,2026-03-07,09,quantile,0.45,31.0
2026-02-28,wk inc flu hosp,1,2026-03-07,09,quantile,0.5,32.0
2026-02-28,wk inc flu hosp,1,2026-03-07,09,quantile,0.55,34.0
2026-02-28,wk inc flu hosp,1,2026-03-07,09,quantile,0.6,35.0
2026-02-28,wk inc flu hosp,1,2026-03-07,09,quantile,0.65,37.0
2026-02-28,wk inc flu hosp,1,2026-03-07,09,quantile,0.7,39.0
2026-02-28,wk inc flu hosp,1,2026-03-07,09,quantile,0.75,41.0
2026-02-28,wk inc flu hosp,1,2026-03-07,09,quantile,0.8,43.0
2026-02-28,wk inc flu hosp,1,2026-03-07,09,quantile,0.85,45.0
2026-02-28,wk inc flu hosp,1,2026-03-07,09,quantile,0.9,48.0
2026-02-28,wk inc flu hosp,1,2026-03-07,09,quantile,0.95,54.0
2026-02-28,wk inc flu hosp,1,2026-03-07,09,quantile,0.975,58.0
2026-02-28,wk inc flu hosp,1,2026-03-07,09,quantile,0.99,62.0
2026-02-28,wk inc flu hosp,1,2026-03-07,10,quantile,0.01,1.0
2026-02-28,wk inc flu hosp,1,2026-03-07,10,quantile,0.025,3.0
2026-02-28,wk inc flu hosp,1,2026-03-07,10,quantile,0.05,5.0
2026-02-28,wk inc flu hosp,1,2026-03-07,10,quantile,0.1,6.0
2026-02-28,wk inc flu hosp,1,2026-03-07,10,quantile,0.15,9.0
2026-02-28,wk inc flu hosp,1,2026-03-07,10,quantile,0.2,11.0
2026-02-28,wk inc flu hosp,1,2026-03-07,10,quantile,0.25,14.0
2026-02-28,wk inc flu hosp,1,2026-03-07,10,quantile,0.3,16.0
2026-02-28,wk inc flu hosp,1,2026-03-07,10,quantile,0.35,19.0
2026-02-28,wk inc flu hosp,1,2026-03-07,10,quantile,0.4,21.0
2026-02-28,wk inc flu hosp,1,2026-03-07,10,quantile,0.45,22.0
2026-02-28,wk inc flu hosp,1,2026-03-07,10,quantile,0.5,23.0
2026-02-28,wk inc flu hosp,1,2026-03-07,10,quantile,0.55,24.0
2026-02-28,wk inc flu hosp,1,2026-03-07,10,quantile,0.6,25.0
2026-02-28,wk inc flu hosp,1,2026-03-07,10,quantile,0.65,26.0
2026-02-28,wk inc flu hosp,1,2026-03-07,10,quantile,0.7,27.0
2026-02-28,wk inc flu hosp,1,2026-03-07,10,quantile,0.75,28.0
2026-02-28,wk inc flu hosp,1,2026-03-07,10,quantile,0.8,29.0
2026-02-28,wk inc flu hosp,1,2026-03-07,10,quantile,0.85,30.0
2026-02-28,wk inc flu hosp,1,2026-03-07,10,quantile,0.9,32.0
2026-02-28,wk inc flu hosp,1,2026-03-07,10,quantile,0.95,35.0
2026-02-28,wk inc flu hosp,1,2026-03-07,10,quantile,0.975,37.0
2026-02-28,wk inc flu hosp,1,2026-03-07,10,quantile,0.99,40.0
2026-02-28,wk inc flu hosp,1,2026-03-07,11,quantile,0.01,0.0
2026-02-28,wk inc flu hosp,1,2026-03-07,11,quantile,0.025,0.0
2026-02-28,wk inc flu hosp,1,2026-03-07,11,quantile,0.05,0.0
2026-02-28,wk inc flu hosp,1,2026-03-07,11,quantile,0.1,0.0
2026-02-28,wk inc flu hosp,1,2026-03-07,11,quantile,0.15,0.0
2026-02-28,wk inc flu hosp,1,2026-03-07,11,quantile,0.2,0.0
2026-02-28,wk inc flu hosp,1,2026-03-07,11,quantile,0.25,0.0
2026-02-28,wk inc flu hosp,1,2026-03-07,11,quantile,0.3,0.0
2026-02-28,wk inc flu hosp,1,2026-03-07,11,quantile,0.35,0.0
2026-02-28,wk inc flu hosp,1,2026-03-07,11,quantile,0.4,0.0
2026-02-28,wk inc flu hosp,1,2026-03-07,11,quantile,0.45,0.0
2026-02-28,wk inc flu hosp,1,2026-03-07,11,quantile,0.5,0.0
2026-02-28,wk inc flu hosp,1,2026-03-07,11,quantile,0.55,1.0
2026-02-28,wk inc flu hosp,1,2026-03-07,11,quantile,0.6,1.0
2026-02-28,wk inc flu hosp,1,2026-03-07,11,quantile,0.65,1.0
2026-02-28,wk inc flu hosp,1,2026-03-07,11,quantile,0.7,2.0
2026-02-28,wk inc flu hosp,1,2026-03-07,11,quantile,0.75,2.0
2026-02-28,wk inc flu hosp,1,2026-03-07,11,quantile,0.8,3.0
2026-02-28,wk inc flu hosp,1,2026-03-07,11,quantile,0.85,3.0
2026-02-28,wk inc flu hosp,1,2026-03-07,11,quantile,0.9,4.0
2026-02-28,wk inc flu hosp,1,2026-03-07,11,quantile,0.95,5.0
2026-02-28,wk inc flu hosp,1,2026-03-07,11,quantile,0.975,6.0
2026-02-28,wk inc flu hosp,1,2026-03-07,11,quantile,0.99,7.0
2026-02-28,wk inc flu hosp,1,2026-03-07,12,quantile,0.01,353.0
2026-02-28,wk inc flu hosp,1,2026-03-07,12,quantile,0.025,452.0
2026-02-28,wk inc flu hosp,1,2026-03-07,12,quantile,0.05,537.0
2026-02-28,wk inc flu hosp,1,2026-03-07,12,quantile,0.1,597.0
2026-02-28,wk inc flu hosp,1,2026-03-07,12,quantile,0.15,639.0
2026-02-28,wk inc flu hosp,1,2026-03-07,12,quantile,0.2,677.0
2026-02-28,wk inc flu hosp,1,2026-03-07,12,quantile,0.25,708.0
2026-02-28,wk inc flu hosp,1,2026-03-07,12,quantile,0.3,735.0
2026-02-28,wk inc flu hosp,1,2026-03-07,12,quantile,0.35,761.0
2026-02-28,wk inc flu hosp,1,2026-03-07,12,quantile,0.4,792.0
2026-02-28,wk inc flu hosp,1,2026-03-07,12,quantile,0.45,816.0
2026-02-28,wk inc flu hosp,1,2026-03-07,12,quantile,0.5,844.0
2026-02-28,wk inc flu hosp,1,2026-03-07,12,quantile,0.55,866.0
2026-02-28,wk inc flu hosp,1,2026-03-07,12,quantile,0.6,893.0
2026-02-28,wk inc flu hosp,1,2026-03-07,12,quantile,0.65,913.0
2026-02-28,wk inc flu hosp,1,2026-03-07,12,quantile,0.7,939.0
2026-02-28,wk inc flu hosp,1,2026-03-07,12,quantile,0.75,974.0
2026-02-28,wk inc flu hosp,1,2026-03-07,12,quantile,0.8,1003.0
2026-02-28,wk inc flu hosp,1,2026-03-07,12,quantile,0.85,1039.0
2026-02-28,wk inc flu hosp,1,2026-03-07,12,quantile,0.9,1085.0
2026-02-28,wk inc flu hosp,1,2026-03-07,12,quantile,0.95,1167.0
2026-02-28,wk inc flu hosp,1,2026-03-07,12,quantile,0.975,1218.0
2026-02-28,wk inc flu hosp,1,2026-03-07,12,quantile,0.99,1264.0
2026-02-28,wk inc flu hosp,1,2026-03-07,13,quantile,0.01,30.0
2026-02-28,wk inc flu hosp,1,2026-03-07,13,quantile,0.025,51.0
2026-02-28,wk inc flu hosp,1,2026-03-07,13,quantile,0.05,66.0
2026-02-28,wk inc flu hosp,1,2026-03-07,13,quantile,0.1,80.0
2026-02-28,wk inc flu hosp,1,2026-03-07,13,quantile,0.15,90.0
2026-02-28,wk inc flu hosp,1,2026-03-07,13,quantile,0.2,99.0
2026-02-28,wk inc flu hosp,1,2026-03-07,13,quantile,0.25,109.0
2026-02-28,wk inc flu hosp,1,2026-03-07,13,quantile,0.3,131.0
2026-02-28,wk inc flu hosp,1,2026-03-07,13,quantile,0.35,153.0
2026-02-28,wk inc flu hosp,1,2026-03-07,13,quantile,0.4,172.0
2026-02-28,wk inc flu hosp,1,2026-03-07,13,quantile,0.45,189.0
2026-02-28,wk inc flu hosp,1,2026-03-07,13,quantile,0.5,209.0
2026-02-28,wk inc flu hosp,1,2026-03-07,13,quantile,0.55,227.0
2026-02-28,wk inc flu hosp,1,2026-03-07,13,quantile,0.6,244.0
2026-02-28,wk inc flu hosp,1,2026-03-07,13,quantile,0.65,262.0
2026-02-28,wk inc flu hosp,1,2026-03-07,13,quantile,0.7,277.0
2026-02-28,wk inc flu hosp,1,2026-03-07,13,quantile,0.75,293.0
2026-02-28,wk inc flu hosp,1,2026-03-07,13,quantile,0.8,309.0
2026-02-28,wk inc flu hosp,1,2026-03-07,13,quantile,0.85,334.0
2026-02-28,wk inc flu hosp,1,2026-03-07,13,quantile,0.9,355.0
2026-02-28,wk inc flu hosp,1,2026-03-07,13,quantile,0.95,384.0
2026-02-28,wk inc flu hosp,1,2026-03-07,13,quantile,0.975,401.0
2026-02-28,wk inc flu hosp,1,2026-03-07,13,quantile,0.99,417.0
2026-02-28,wk inc flu hosp,1,2026-03-07,15,quantile,0.01,0.0
2026-02-28,wk inc flu hosp,1,2026-03-07,15,quantile,0.025,3.0
2026-02-28,wk inc flu hosp,1,2026-03-07,15,quantile,0.05,7.0
2026-02-28,wk inc flu hosp,1,2026-03-07,15,quantile,0.1,17.0
2026-02-28,wk inc flu hosp,1,2026-03-07,15,quantile,0.15,23.0
2026-02-28,wk inc flu hosp,1,2026-03-07,15,quantile,0.2,26.0
2026-02-28,wk inc flu hosp,1,2026-03-07,15,quantile,0.25,30.0
2026-02-28,wk inc flu hosp,1,2026-03-07,15,quantile,0.3,32.0
2026-02-28,wk inc flu hosp,1,2026-03-07,15,quantile,0.35,34.0
2026-02-28,wk inc flu hosp,1,2026-03-07,15,quantile,0.4,36.0
2026-02-28,wk inc flu hosp,1,2026-03-07,15,quantile,0.45,38.0
2026-02-28,wk inc flu hosp,1,2026-03-07,15,quantile,0.5,40.0
2026-02-28,wk inc flu hosp,1,2026-03-07,15,quantile,0.55,42.0
2026-02-28,wk inc flu hosp,1,2026-03-07,15,quantile,0.6,44.0
2026-02-28,wk inc flu hosp,1,2026-03-07,15,quantile,0.65,45.0
2026-02-28,wk inc flu hosp,1,2026-03-07,15,quantile,0.7,47.0
2026-02-28,wk inc flu hosp,1,2026-03-07,15,quantile,0.75,49.0
2026-02-28,wk inc flu hosp,1,2026-03-07,15,quantile,0.8,51.0
2026-02-28,wk inc flu hosp,1,2026-03-07,15,quantile,0.85,53.0
2026-02-28,wk inc flu hosp,1,2026-03-07,15,quantile,0.9,57.0
2026-02-28,wk inc flu hosp,1,2026-03-07,15,quantile,0.95,63.0
2026-02-28,wk inc flu hosp,1,2026-03-07,15,quantile,0.975,66.0
2026-02-28,wk inc flu hosp,1,2026-03-07,15,quantile,0.99,71.0
2026-02-28,wk inc flu hosp,1,2026-03-07,16,quantile,0.01,12.0
2026-02-28,wk inc flu hosp,1,2026-03-07,16,quantile,0.025,20.0
2026-02-28,wk inc flu hosp,1,2026-03-07,16,quantile,0.05,25.0
2026-02-28,wk inc flu hosp,1,2026-03-07,16,quantile,0.1,31.0
2026-02-28,wk inc flu hosp,1,2026-03-07,16,quantile,0.15,35.0
2026-02-28,wk inc flu hosp,1,2026-03-07,16,quantile,0.2,38.0
2026-02-28,wk inc flu hosp,1,2026-03-07,16,quantile,0.25,42.0
2026-02-28,wk inc flu hosp,1,2026-03-07,16,quantile,0.3,45.0
2026-02-28,wk inc flu hosp,1,2026-03-07,16,quantile,0.35,47.0
2026-02-28,wk inc flu hosp,1,2026-03-07,16,quantile,0.4,50.0
2026-02-28,wk inc flu hosp,1,2026-03-07,16,quantile,0.45,52.0
2026-02-28,wk inc flu hosp,1,2026-03-07,16,quantile,0.5,55.0
2026-02-28,wk inc flu hosp,1,2026-03-07,16,quantile,0.55,56.0
2026-02-28,wk inc flu hosp,1,2026-03-07,16,quantile,0.6,58.0
2026-02-28,wk inc flu hosp,1,2026-03-07,16,quantile,0.65,59.0
2026-02-28,wk inc flu hosp,1,2026-03-07,16,quantile,0.7,61.0
2026-02-28,wk inc flu hosp,1,2026-03-07,16,quantile,0.75,62.0
2026-02-28,wk inc flu hosp,1,2026-03-07,16,quantile,0.8,64.0
2026-02-28,wk inc flu hosp,1,2026-03-07,16,quantile,0.85,65.0
2026-02-28,wk inc flu hosp,1,2026-03-07,16,quantile,0.9,67.0
2026-02-28,wk inc flu hosp,1,2026-03-07,16,quantile,0.95,71.0
2026-02-28,wk inc flu hosp,1,2026-03-07,16,quantile,0.975,74.0
2026-02-28,wk inc flu hosp,1,2026-03-07,16,quantile,0.99,79.0
2026-02-28,wk inc flu hosp,1,2026-03-07,17,quantile,0.01,1.0
2026-02-28,wk inc flu hosp,1,2026-03-07,17,quantile,0.025,31.0
2026-02-28,wk inc flu hosp,1,2026-03-07,17,quantile,0.05,51.0
2026-02-28,wk inc flu hosp,1,2026-03-07,17,quantile,0.1,98.0
2026-02-28,wk inc flu hosp,1,2026-03-07,17,quantile,0.15,143.0
2026-02-28,wk inc flu hosp,1,2026-03-07,17,quantile,0.2,178.0
2026-02-28,wk inc flu hosp,1,2026-03-07,17,quantile,0.25,213.0
2026-02-28,wk inc flu hosp,1,2026-03-07,17,quantile,0.3,236.0
2026-02-28,wk inc flu hosp,1,2026-03-07,17,quantile,0.35,249.0
2026-02-28,wk inc flu hosp,1,2026-03-07,17,quantile,0.4,260.0
2026-02-28,wk inc flu hosp,1,2026-03-07,17,quantile,0.45,269.0
2026-02-28,wk inc flu hosp,1,2026-03-07,17,quantile,0.5,279.0
2026-02-28,wk inc flu hosp,1,2026-03-07,17,quantile,0.55,288.0
2026-02-28,wk inc flu hosp,1,2026-03-07,17,quantile,0.6,298.0
2026-02-28,wk inc flu hosp,1,2026-03-07,17,quantile,0.65,307.0
2026-02-28,wk inc flu hosp,1,2026-03-07,17,quantile,0.7,317.0
2026-02-28,wk inc flu hosp,1,2026-03-07,17,quantile,0.75,330.0
2026-02-28,wk inc flu hosp,1,2026-03-07,17,quantile,0.8,340.0
2026-02-28,wk inc flu hosp,1,2026-03-07,17,quantile,0.85,353.0
2026-02-28,wk inc flu hosp,1,2026-03-07,17,quantile,0.9,374.0
2026-02-28,wk inc flu hosp,1,2026-03-07,17,quantile,0.95,405.0
2026-02-28,wk inc flu hosp,1,2026-03-07,17,quantile,0.975,425.0
2026-02-28,wk inc flu hosp,1,2026-03-07,17,quantile,0.99,449.0
2026-02-28,wk inc flu hosp,1,2026-03-07,18,quantile,0.01,20.0
2026-02-28,wk inc flu hosp,1,2026-03-07,18,quantile,0.025,29.0
2026-02-28,wk inc flu hosp,1,2026-03-07,18,quantile,0.05,31.0
2026-02-28,wk inc flu hosp,1,2026-03-07,18,quantile,0.1,40.0
2026-02-28,wk inc flu hosp,1,2026-03-07,18,quantile,0.15,61.0
2026-02-28,wk inc flu hosp,1,2026-03-07,18,quantile,0.2,77.0
2026-02-28,wk inc flu hosp,1,2026-03-07,18,quantile,0.25,98.0
2026-02-28,wk inc flu hosp,1,2026-03-07,18,quantile,0.3,111.0
2026-02-28,wk inc flu hosp,1,2026-03-07,18,quantile,0.35,127.0
2026-02-28,wk inc flu hosp,1,2026-03-07,18,quantile,0.4,139.0
2026-02-28,wk inc flu hosp,1,2026-03-07,18,quantile,0.45,151.0
2026-02-28,wk inc flu hosp,1,2026-03-07,18,quantile,0.5,167.0
2026-02-28,wk inc flu hosp,1,2026-03-07,18,quantile,0.55,172.0
2026-02-28,wk inc flu hosp,1,2026-03-07,18,quantile,0.6,178.0
2026-02-28,wk inc flu hosp,1,2026-03-07,18,quantile,0.65,184.0
2026-02-28,wk inc flu hosp,1,2026-03-07,18,quantile,0.7,190.0
2026-02-28,wk inc flu hosp,1,2026-03-07,18,quantile,0.75,197.0
2026-02-28,wk inc flu hosp,1,2026-03-07,18,quantile,0.8,203.0
2026-02-28,wk inc flu hosp,1,2026-03-07,18,quantile,0.85,211.0
2026-02-28,wk inc flu hosp,1,2026-03-07,18,quantile,0.9,223.0
2026-02-28,wk inc flu hosp,1,2026-03-07,18,quantile,0.95,244.0
2026-02-28,wk inc flu hosp,1,2026-03-07,18,quantile,0.975,259.0
2026-02-28,wk inc flu hosp,1,2026-03-07,18,quantile,0.99,276.0
2026-02-28,wk inc flu hosp,1,2026-03-07,19,quantile,0.01,20.0
2026-02-28,wk inc flu hosp,1,2026-03-07,19,quantile,0.025,21.0
2026-02-28,wk inc flu hosp,1,2026-03-07,19,quantile,0.05,27.0
2026-02-28,wk inc flu hosp,1,2026-03-07,19,quantile,0.1,37.0
2026-02-28,wk inc flu hosp,1,2026-03-07,19,quantile,0.15,43.0
2026-02-28,wk inc flu hosp,1,2026-03-07,19,quantile,0.2,48.0
2026-02-28,wk inc flu hosp,1,2026-03-07,19,quantile,0.25,53.0
2026-02-28,wk inc flu hosp,1,2026-03-07,19,quantile,0.3,57.0
2026-02-28,wk inc flu hosp,1,2026-03-07,19,quantile,0.35,60.0
2026-02-28,wk inc flu hosp,1,2026-03-07,19,quantile,0.4,64.0
2026-02-28,wk inc flu hosp,1,2026-03-07,19,quantile,0.45,67.0
2026-02-28,wk inc flu hosp,1,2026-03-07,19,quantile,0.5,71.0
2026-02-28,wk inc flu hosp,1,2026-03-07,19,quantile,0.55,73.0
2026-02-28,wk inc flu hosp,1,2026-03-07,19,quantile,0.6,76.0
2026-02-28,wk inc flu hosp,1,2026-03-07,19,quantile,0.65,80.0
2026-02-28,wk inc flu hosp,1,2026-03-07,19,quantile,0.7,84.0
2026-02-28,wk inc flu hosp,1,2026-03-07,19,quantile,0.75,87.0
2026-02-28,wk inc flu hosp,1,2026-03-07,19,quantile,0.8,90.0
2026-02-28,wk inc flu hosp,1,2026-03-07,19,quantile,0.85,93.0
2026-02-28,wk inc flu hosp,1,2026-03-07,19,quantile,0.9,96.0
2026-02-28,wk inc flu hosp,1,2026-03-07,19,quantile,0.95,103.0
2026-02-28,wk inc flu hosp,1,2026-03-07,19,quantile,0.975,107.0
2026-02-28,wk inc flu hosp,1,2026-03-07,19,quantile,0.99,112.0
2026-02-28,wk inc flu hosp,1,2026-03-07,20,quantile,0.01,2.0
2026-02-28,wk inc flu hosp,1,2026-03-07,20,quantile,0.025,10.0
2026-02-28,wk inc flu hosp,1,2026-03-07,20,quantile,0.05,15.0
2026-02-28,wk inc flu hosp,1,2026-03-07,20,quantile,0.1,20.0
2026-02-28,wk inc flu hosp,1,2026-03-07,20,quantile,0.15,33.0
2026-02-28,wk inc flu hosp,1,2026-03-07,20,quantile,0.2,42.0
2026-02-28,wk inc flu hosp,1,2026-03-07,20,quantile,0.25,50.0
2026-02-28,wk inc flu hosp,1,2026-03-07,20,quantile,0.3,59.0
2026-02-28,wk inc flu hosp,1,2026-03-07,20,quantile,0.35,66.0
2026-02-28,wk inc flu hosp,1,2026-03-07,20,quantile,0.4,73.0
2026-02-28,wk inc flu hosp,1,2026-03-07,20,quantile,0.45,80.0
2026-02-28,wk inc flu hosp,1,2026-03-07,20,quantile,0.5,88.0
2026-02-28,wk inc flu hosp,1,2026-03-07,20,quantile,0.55,95.0
2026-02-28,wk inc flu hosp,1,2026-03-07,20,quantile,0.6,101.0
2026-02-28,wk inc flu hosp,1,2026-03-07,20,quantile,0.65,108.0
2026-02-28,wk inc flu hosp,1,2026-03-07,20,quantile,0.7,115.0
2026-02-28,wk inc flu hosp,1,2026-03-07,20,quantile,0.75,120.0
2026-02-28,wk inc flu hosp,1,2026-03-07,20,quantile,0.8,123.0
2026-02-28,wk inc flu hosp,1,2026-03-07,20,quantile,0.85,125.0
2026-02-28,wk inc flu hosp,1,2026-03-07,20,quantile,0.9,130.0
2026-02-28,wk inc flu hosp,1,2026-03-07,20,quantile,0.95,137.0
2026-02-28,wk inc flu hosp,1,2026-03-07,20,quantile,0.975,142.0
2026-02-28,wk inc flu hosp,1,2026-03-07,20,quantile,0.99,148.0
2026-02-28,wk inc flu hosp,1,2026-03-07,21,quantile,0.01,2.0
2026-02-28,wk inc flu hosp,1,2026-03-07,21,quantile,0.025,15.0
2026-02-28,wk inc flu hosp,1,2026-03-07,21,quantile,0.05,24.0
2026-02-28,wk inc flu hosp,1,2026-03-07,21,quantile,0.1,32.0
2026-02-28,wk inc flu hosp,1,2026-03-07,21,quantile,0.15,38.0
2026-02-28,wk inc flu hosp,1,2026-03-07,21,quantile,0.2,47.0
2026-02-28,wk inc flu hosp,1,2026-03-07,21,quantile,0.25,57.0
2026-02-28,wk inc flu hosp,1,2026-03-07,21,quantile,0.3,66.0
2026-02-28,wk inc flu hosp,1,2026-03-07,21,quantile,0.35,75.0
2026-02-28,wk inc flu hosp,1,2026-03-07,21,quantile,0.4,84.0
2026-02-28,wk inc flu hosp,1,2026-03-07,21,quantile,0.45,92.0
2026-02-28,wk inc flu hosp,1,2026-03-07,21,quantile,0.5,99.0
2026-02-28,wk inc flu hosp,1,2026-03-07,21,quantile,0.55,106.0
2026-02-28,wk inc flu hosp,1,2026-03-07,21,quantile,0.6,112.0
2026-02-28,wk inc flu hosp,1,2026-03-07,21,quantile,0.65,120.0
2026-02-28,wk inc flu hosp,1,2026-03-07,21,quantile,0.7,124.0
2026-02-28,wk inc flu hosp,1,2026-03-07,21,quantile,0.75,129.0
2026-02-28,wk inc flu hosp,1,2026-03-07,21,quantile,0.8,133.0
2026-02-28,wk inc flu hosp,1,2026-03-07,21,quantile,0.85,138.0
2026-02-28,wk inc flu hosp,1,2026-03-07,21,quantile,0.9,147.0
2026-02-28,wk inc flu hosp,1,2026-03-07,21,quantile,0.95,160.0
2026-02-28,wk inc flu hosp,1,2026-03-07,21,quantile,0.975,169.0
2026-02-28,wk inc flu hosp,1,2026-03-07,21,quantile,0.99,179.0
2026-02-28,wk inc flu hosp,1,2026-03-07,22,quantile,0.01,29.0
2026-02-28,wk inc flu hosp,1,2026-03-07,22,quantile,0.025,41.0
2026-02-28,wk inc flu hosp,1,2026-03-07,22,quantile,0.05,53.0
2026-02-28,wk inc flu hosp,1,2026-03-07,22,quantile,0.1,68.0
2026-02-28,wk inc flu hosp,1,2026-03-07,22,quantile,0.15,79.0
2026-02-28,wk inc flu hosp,1,2026-03-07,22,quantile,0.2,88.0
2026-02-28,wk inc flu hosp,1,2026-03-07,22,quantile,0.25,93.0
2026-02-28,wk inc flu hosp,1,2026-03-07,22,quantile,0.3,98.0
2026-02-28,wk inc flu hosp,1,2026-03-07,22,quantile,0.35,103.0
2026-02-28,wk inc flu hosp,1,2026-03-07,22,quantile,0.4,108.0
2026-02-28,wk inc flu hosp,1,2026-03-07,22,quantile,0.45,113.0
2026-02-28,wk inc flu hosp,1,2026-03-07,22,quantile,0.5,119.0
2026-02-28,wk inc flu hosp,1,2026-03-07,22,quantile,0.55,124.0
2026-02-28,wk inc flu hosp,1,2026-03-07,22,quantile,0.6,130.0
2026-02-28,wk inc flu hosp,1,2026-03-07,22,quantile,0.65,136.0
2026-02-28,wk inc flu hosp,1,2026-03-07,22,quantile,0.7,142.0
2026-02-28,wk inc flu hosp,1,2026-03-07,22,quantile,0.75,149.0
2026-02-28,wk inc flu hosp,1,2026-03-07,22,quantile,0.8,154.0
2026-02-28,wk inc flu hosp,1,2026-03-07,22,quantile,0.85,162.0
2026-02-28,wk inc flu hosp,1,2026-03-07,22,quantile,0.9,172.0
2026-02-28,wk inc flu hosp,1,2026-03-07,22,quantile,0.95,183.0
2026-02-28,wk inc flu hosp,1,2026-03-07,22,quantile,0.975,193.0
2026-02-28,wk inc flu hosp,1,2026-03-07,22,quantile,0.99,200.0
2026-02-28,wk inc flu hosp,1,2026-03-07,23,quantile,0.01,1.0
2026-02-28,wk inc flu hosp,1,2026-03-07,23,quantile,0.025,3.0
2026-02-28,wk inc flu hosp,1,2026-03-07,23,quantile,0.05,6.0
2026-02-28,wk inc flu hosp,1,2026-03-07,23,quantile,0.1,9.0
2026-02-28,wk inc flu hosp,1,2026-03-07,23,quantile,0.15,11.0
2026-02-28,wk inc flu hosp,1,2026-03-07,23,quantile,0.2,13.0
2026-02-28,wk inc flu hosp,1,2026-03-07,23,quantile,0.25,14.0
2026-02-28,wk inc flu hosp,1,2026-03-07,23,quantile,0.3,16.0
2026-02-28,wk inc flu hosp,1,2026-03-07,23,quantile,0.35,17.0
2026-02-28,wk inc flu hosp,1,2026-03-07,23,quantile,0.4,18.0
2026-02-28,wk inc flu hosp,1,2026-03-07,23,quantile,0.45,20.0
2026-02-28,wk inc flu hosp,1,2026-03-07,23,quantile,0.5,21.0
2026-02-28,wk inc flu hosp,1,2026-03-07,23,quantile,0.55,22.0
2026-02-28,wk inc flu hosp,1,2026-03-07,23,quantile,0.6,23.0
2026-02-28,wk inc flu hosp,1,2026-03-07,23,quantile,0.65,24.0
2026-02-28,wk inc flu hosp,1,2026-03-07,23,quantile,0.7,26.0
2026-02-28,wk inc flu hosp,1,2026-03-07,23,quantile,0.75,27.0
2026-02-28,wk inc flu hosp,1,2026-03-07,23,quantile,0.8,28.0
2026-02-28,wk inc flu hosp,1,2026-03-07,23,quantile,0.85,28.0
2026-02-28,wk inc flu hosp,1,2026-03-07,23,quantile,0.9,30.0
2026-02-28,wk inc flu hosp,1,2026-03-07,23,quantile,0.95,33.0
2026-02-28,wk inc flu hosp,1,2026-03-07,23,quantile,0.975,35.0
2026-02-28,wk inc flu hosp,1,2026-03-07,23,quantile,0.99,37.0
2026-02-28,wk inc flu hosp,1,2026-03-07,24,quantile,0.01,0.0
2026-02-28,wk inc flu hosp,1,2026-03-07,24,quantile,0.025,0.0
2026-02-28,wk inc flu hosp,1,2026-03-07,24,quantile,0.05,0.0
2026-02-28,wk inc flu hosp,1,2026-03-07,24,quantile,0.1,0.0
2026-02-28,wk inc flu hosp,1,2026-03-07,24,quantile,0.15,2.0
2026-02-28,wk inc flu hosp,1,2026-03-07,24,quantile,0.2,7.0
2026-02-28,wk inc flu hosp,1,2026-03-07,24,quantile,0.25,14.0
2026-02-28,wk inc flu hosp,1,2026-03-07,24,quantile,0.3,25.0
2026-02-28,wk inc flu hosp,1,2026-03-07,24,quantile,0.35,35.0
2026-02-28,wk inc flu hosp,1,2026-03-07,24,quantile,0.4,44.0
2026-02-28,wk inc flu hosp,1,2026-03-07,24,quantile,0.45,52.0
2026-02-28,wk inc flu hosp,1,2026-03-07,24,quantile,0.5,56.0
2026-02-28,wk inc flu hosp,1,2026-03-07,24,quantile,0.55,60.0
2026-02-28,wk inc flu hosp,1,2026-03-07,24,quantile,0.6,63.0
2026-02-28,wk inc flu hosp,1,2026-03-07,24,quantile,0.65,67.0
2026-02-28,wk inc flu hosp,1,2026-03-07,24,quantile,0.7,72.0
2026-02-28,wk inc flu hosp,1,2026-03-07,24,quantile,0.75,77.0
2026-02-28,wk inc flu hosp,1,2026-03-07,24,quantile,0.8,82.0
2026-02-28,wk inc flu hosp,1,2026-03-07,24,quantile,0.85,89.0
2026-02-28,wk inc flu hosp,1,2026-03-07,24,quantile,0.9,98.0
2026-02-28,wk inc flu hosp,1,2026-03-07,24,quantile,0.95,111.0
2026-02-28,wk inc flu hosp,1,2026-03-07,24,quantile,0.975,124.0
2026-02-28,wk inc flu hosp,1,2026-03-07,24,quantile,0.99,142.0
2026-02-28,wk inc flu hosp,1,2026-03-07,25,quantile,0.01,3.0
2026-02-28,wk inc flu hosp,1,2026-03-07,25,quantile,0.025,12.0
2026-02-28,wk inc flu hosp,1,2026-03-07,25,quantile,0.05,18.0
2026-02-28,wk inc flu hosp,1,2026-03-07,25,quantile,0.1,24.0
2026-02-28,wk inc flu hosp,1,2026-03-07,25,quantile,0.15,28.0
2026-02-28,wk inc flu hosp,1,2026-03-07,25,quantile,0.2,33.0
2026-02-28,wk inc flu hosp,1,2026-03-07,25,quantile,0.25,37.0
2026-02-28,wk inc flu hosp,1,2026-03-07,25,quantile,0.3,45.0
2026-02-28,wk inc flu hosp,1,2026-03-07,25,quantile,0.35,51.0
2026-02-28,wk inc flu hosp,1,2026-03-07,25,quantile,0.4,55.0
2026-02-28,wk inc flu hosp,1,2026-03-07,25,quantile,0.45,60.0
2026-02-28,wk inc flu hosp,1,2026-03-07,25,quantile,0.5,65.0
2026-02-28,wk inc flu hosp,1,2026-03-07,25,quantile,0.55,69.0
2026-02-28,wk inc flu hosp,1,2026-03-07,25,quantile,0.6,74.0
2026-02-28,wk inc flu hosp,1,2026-03-07,25,quantile,0.65,78.0
2026-02-28,wk inc flu hosp,1,2026-03-07,25,quantile,0.7,85.0
2026-02-28,wk inc flu hosp,1,2026-03-07,25,quantile,0.75,89.0
2026-02-28,wk inc flu hosp,1,2026-03-07,25,quantile,0.8,96.0
2026-02-28,wk inc flu hosp,1,2026-03-07,25,quantile,0.85,102.0
2026-02-28,wk inc flu hosp,1,2026-03-07,25,quantile,0.9,109.0
2026-02-28,wk inc flu hosp,1,2026-03-07,25,quantile,0.95,118.0
2026-02-28,wk inc flu hosp,1,2026-03-07,25,quantile,0.975,125.0
2026-02-28,wk inc flu hosp,1,2026-03-07,25,quantile,0.99,134.0
2026-02-28,wk inc flu hosp,1,2026-03-07,26,quantile,0.01,44.0
2026-02-28,wk inc flu hosp,1,2026-03-07,26,quantile,0.025,58.0
2026-02-28,wk inc flu hosp,1,2026-03-07,26,quantile,0.05,74.0
2026-02-28,wk inc flu hosp,1,2026-03-07,26,quantile,0.1,106.0
2026-02-28,wk inc flu hosp,1,2026-03-07,26,quantile,0.15,131.0
2026-02-28,wk inc flu hosp,1,2026-03-07,26,quantile,0.2,147.0
2026-02-28,wk inc flu hosp,1,2026-03-07,26,quantile,0.25,160.0
2026-02-28,wk inc flu hosp,1,2026-03-07,26,quantile,0.3,174.0
2026-02-28,wk inc flu hosp,1,2026-03-07,26,quantile,0.35,186.0
2026-02-28,wk inc flu hosp,1,2026-03-07,26,quantile,0.4,200.0
2026-02-28,wk inc flu hosp,1,2026-03-07,26,quantile,0.45,212.0
2026-02-28,wk inc flu hosp,1,2026-03-07,26,quantile,0.5,226.0
2026-02-28,wk inc flu hosp,1,2026-03-07,26,quantile,0.55,238.0
2026-02-28,wk inc flu hosp,1,2026-03-07,26,quantile,0.6,249.0
2026-02-28,wk inc flu hosp,1,2026-03-07,26,quantile,0.65,254.0
2026-02-28,wk inc flu hosp,1,2026-03-07,26,quantile,0.7,258.0
2026-02-28,wk inc flu hosp,1,2026-03-07,26,quantile,0.75,263.0
2026-02-28,wk inc flu hosp,1,2026-03-07,26,quantile,0.8,267.0
2026-02-28,wk inc flu hosp,1,2026-03-07,26,quantile,0.85,273.0
2026-02-28,wk inc flu hosp,1,2026-03-07,26,quantile,0.9,281.0
2026-02-28,wk inc flu hosp,1,2026-03-07,26,quantile,0.95,295.0
2026-02-28,wk inc flu hosp,1,2026-03-07,26,quantile,0.975,306.0
2026-02-28,wk inc flu hosp,1,2026-03-07,26,quantile,0.99,350.0
2026-02-28,wk inc flu hosp,1,2026-03-07,27,quantile,0.01,0.0
2026-02-28,wk inc flu hosp,1,2026-03-07,27,quantile,0.025,0.0
2026-02-28,wk inc flu hosp,1,2026-03-07,27,quantile,0.05,7.0
2026-02-28,wk inc flu hosp,1,2026-03-07,27,quantile,0.1,34.0
2026-02-28,wk inc flu hosp,1,2026-03-07,27,quantile,0.15,39.0
2026-02-28,wk inc flu hosp,1,2026-03-07,27,quantile,0.2,40.0
2026-02-28,wk inc flu hosp,1,2026-03-07,27,quantile,0.25,40.0
2026-02-28,wk inc flu hosp,1,2026-03-07,27,quantile,0.3,41.0
2026-02-28,wk inc flu hosp,1,2026-03-07,27,quantile,0.35,42.0
2026-02-28,wk inc flu hosp,1,2026-03-07,27,quantile,0.4,48.0
2026-02-28,wk inc flu hosp,1,2026-03-07,27,quantile,0.45,54.0
2026-02-28,wk inc flu hosp,1,2026-03-07,27,quantile,0.5,60.0
2026-02-28,wk inc flu hosp,1,2026-03-07,27,quantile,0.55,65.0
2026-02-28,wk inc flu hosp,1,2026-03-07,27,quantile,0.6,70.0
2026-02-28,wk inc flu hosp,1,2026-03-07,27,quantile,0.65,74.0
2026-02-28,wk inc flu hosp,1,2026-03-07,27,quantile,0.7,80.0
2026-02-28,wk inc flu hosp,1,2026-03-07,27,quantile,0.75,87.0
2026-02-28,wk inc flu hosp,1,2026-03-07,27,quantile,0.8,93.0
2026-02-28,wk inc flu hosp,1,2026-03-07,27,quantile,0.85,101.0
2026-02-28,wk inc flu hosp,1,2026-03-07,27,quantile,0.9,113.0
2026-02-28,wk inc flu hosp,1,2026-03-07,27,quantile,0.95,132.0
2026-02-28,wk inc flu hosp,1,2026-03-07,27,quantile,0.975,146.0
2026-02-28,wk inc flu hosp,1,2026-03-07,27,quantile,0.99,160.0
2026-02-28,wk inc flu hosp,1,2026-03-07,28,quantile,0.01,20.0
2026-02-28,wk inc flu hosp,1,2026-03-07,28,quantile,0.025,28.0
2026-02-28,wk inc flu hosp,1,2026-03-07,28,quantile,0.05,39.0
2026-02-28,wk inc flu hosp,1,2026-03-07,28,quantile,0.1,53.0
2026-02-28,wk inc flu hosp,1,2026-03-07,28,quantile,0.15,63.0
2026-02-28,wk inc flu hosp,1,2026-03-07,28,quantile,0.2,72.0
2026-02-28,wk inc flu hosp,1,2026-03-07,28,quantile,0.25,80.0
2026-02-28,wk inc flu hosp,1,2026-03-07,28,quantile,0.3,88.0
2026-02-28,wk inc flu hosp,1,2026-03-07,28,quantile,0.35,94.0
2026-02-28,wk inc flu hosp,1,2026-03-07,28,quantile,0.4,100.0
2026-02-28,wk inc flu hosp,1,2026-03-07,28,quantile,0.45,106.0
2026-02-28,wk inc flu hosp,1,2026-03-07,28,quantile,0.5,112.0
2026-02-28,wk inc flu hosp,1,2026-03-07,28,quantile,0.55,118.0
2026-02-28,wk inc flu hosp,1,2026-03-07,28,quantile,0.6,123.0
2026-02-28,wk inc flu hosp,1,2026-03-07,28,quantile,0.65,129.0
2026-02-28,wk inc flu hosp,1,2026-03-07,28,quantile,0.7,135.0
2026-02-28,wk inc flu hosp,1,2026-03-07,28,quantile,0.75,142.0
2026-02-28,wk inc flu hosp,1,2026-03-07,28,quantile,0.8,148.0
2026-02-28,wk inc flu hosp,1,2026-03-07,28,quantile,0.85,152.0
2026-02-28,wk inc flu hosp,1,2026-03-07,28,quantile,0.9,157.0
2026-02-28,wk inc flu hosp,1,2026-03-07,28,quantile,0.95,167.0
2026-02-28,wk inc flu hosp,1,2026-03-07,28,quantile,0.975,176.0
2026-02-28,wk inc flu hosp,1,2026-03-07,28,quantile,0.99,199.0
2026-02-28,wk inc flu hosp,1,2026-03-07,30,quantile,0.01,0.0
2026-02-28,wk inc flu hosp,1,2026-03-07,30,quantile,0.025,0.0
2026-02-28,wk inc flu hosp,1,2026-03-07,30,quantile,0.05,0.0
2026-02-28,wk inc flu hosp,1,2026-03-07,30,quantile,0.1,1.0
2026-02-28,wk inc flu hosp,1,2026-03-07,30,quantile,0.15,4.0
2026-02-28,wk inc flu hosp,1,2026-03-07,30,quantile,0.2,7.0
2026-02-28,wk inc flu hosp,1,2026-03-07,30,quantile,0.25,10.0
2026-02-28,wk inc flu hosp,1,2026-03-07,30,quantile,0.3,11.0
2026-02-28,wk inc flu hosp,1,2026-03-07,30,quantile,0.35,13.0
2026-02-28,wk inc flu hosp,1,2026-03-07,30,quantile,0.4,14.0
2026-02-28,wk inc flu hosp,1,2026-03-07,30,quantile,0.45,15.0
2026-02-28,wk inc flu hosp,1,2026-03-07,30,quantile,0.5,16.0
2026-02-28,wk inc flu hosp,1,2026-03-07,30,quantile,0.55,17.0
2026-02-28,wk inc flu hosp,1,2026-03-07,30,quantile,0.6,17.0
2026-02-28,wk inc flu hosp,1,2026-03-07,30,quantile,0.65,18.0
2026-02-28,wk inc flu hosp,1,2026-03-07,30,quantile,0.7,19.0
2026-02-28,wk inc flu hosp,1,2026-03-07,30,quantile,0.75,20.0
2026-02-28,wk inc flu hosp,1,2026-03-07,30,quantile,0.8,21.0
2026-02-28,wk inc flu hosp,1,2026-03-07,30,quantile,0.85,23.0
2026-02-28,wk inc flu hosp,1,2026-03-07,30,quantile,0.9,25.0
2026-02-28,wk inc flu hosp,1,2026-03-07,30,quantile,0.95,28.0
2026-02-28,wk inc flu hosp,1,2026-03-07,30,quantile,0.975,30.0
2026-02-28,wk inc flu hosp,1,2026-03-07,30,quantile,0.99,33.0
2026-02-28,wk inc flu hosp,1,2026-03-07,31,quantile,0.01,13.0
2026-02-28,wk inc flu hosp,1,2026-03-07,31,quantile,0.025,17.0
2026-02-28,wk inc flu hosp,1,2026-03-07,31,quantile,0.05,22.0
2026-02-28,wk inc flu hosp,1,2026-03-07,31,quantile,0.1,30.0
2026-02-28,wk inc flu hosp,1,2026-03-07,31,quantile,0.15,37.0
2026-02-28,wk inc flu hosp,1,2026-03-07,31,quantile,0.2,42.0
2026-02-28,wk inc flu hosp,1,2026-03-07,31,quantile,0.25,46.0
2026-02-28,wk inc flu hosp,1,2026-03-07,31,quantile,0.3,51.0
2026-02-28,wk inc flu hosp,1,2026-03-07,31,quantile,0.35,54.0
2026-02-28,wk inc flu hosp,1,2026-03-07,31,quantile,0.4,58.0
2026-02-28,wk inc flu hosp,1,2026-03-07,31,quantile,0.45,61.0
2026-02-28,wk inc flu hosp,1,2026-03-07,31,quantile,0.5,65.0
2026-02-28,wk inc flu hosp,1,2026-03-07,31,quantile,0.55,68.0
2026-02-28,wk inc flu hosp,1,2026-03-07,31,quantile,0.6,72.0
2026-02-28,wk inc flu hosp,1,2026-03-07,31,quantile,0.65,76.0
2026-02-28,wk inc flu hosp,1,2026-03-07,31,quantile,0.7,79.0
2026-02-28,wk inc flu hosp,1,2026-03-07,31,quantile,0.75,83.0
2026-02-28,wk inc flu hosp,1,2026-03-07,31,quantile,0.8,87.0
2026-02-28,wk inc flu hosp,1,2026-03-07,31,quantile,0.85,90.0
2026-02-28,wk inc flu hosp,1,2026-03-07,31,quantile,0.9,93.0
2026-02-28,wk inc flu hosp,1,2026-03-07,31,quantile,0.95,97.0
2026-02-28,wk inc flu hosp,1,2026-03-07,31,quantile,0.975,100.0
2026-02-28,wk inc flu hosp,1,2026-03-07,31,quantile,0.99,104.0
2026-02-28,wk inc flu hosp,1,2026-03-07,32,quantile,0.01,3.0
2026-02-28,wk inc flu hosp,1,2026-03-07,32,quantile,0.025,7.0
2026-02-28,wk inc flu hosp,1,2026-03-07,32,quantile,0.05,10.0
2026-02-28,wk inc flu hosp,1,2026-03-07,32,quantile,0.1,18.0
2026-02-28,wk inc flu hosp,1,2026-03-07,32,quantile,0.15,23.0
2026-02-28,wk inc flu hosp,1,2026-03-07,32,quantile,0.2,28.0
2026-02-28,wk inc flu hosp,1,2026-03-07,32,quantile,0.25,31.0
2026-02-28,wk inc flu hosp,1,2026-03-07,32,quantile,0.3,35.0
2026-02-28,wk inc flu hosp,1,2026-03-07,32,quantile,0.35,38.0
2026-02-28,wk inc flu hosp,1,2026-03-07,32,quantile,0.4,41.0
2026-02-28,wk inc flu hosp,1,2026-03-07,32,quantile,0.45,45.0
2026-02-28,wk inc flu hosp,1,2026-03-07,32,quantile,0.5,48.0
2026-02-28,wk inc flu hosp,1,2026-03-07,32,quantile,0.55,51.0
2026-02-28,wk inc flu hosp,1,2026-03-07,32,quantile,0.6,53.0
2026-02-28,wk inc flu hosp,1,2026-03-07,32,quantile,0.65,54.0
2026-02-28,wk inc flu hosp,1,2026-03-07,32,quantile,0.7,55.0
2026-02-28,wk inc flu hosp,1,2026-03-07,32,quantile,0.75,57.0
2026-02-28,wk inc flu hosp,1,2026-03-07,32,quantile,0.8,58.0
2026-02-28,wk inc flu hosp,1,2026-03-07,32,quantile,0.85,60.0
2026-02-28,wk inc flu hosp,1,2026-03-07,32,quantile,0.9,62.0
2026-02-28,wk inc flu hosp,1,2026-03-07,32,quantile,0.95,66.0
2026-02-28,wk inc flu hosp,1,2026-03-07,32,quantile,0.975,70.0
2026-02-28,wk inc flu hosp,1,2026-03-07,32,quantile,0.99,73.0
2026-02-28,wk inc flu hosp,1,2026-03-07,33,quantile,0.01,0.0
2026-02-28,wk inc flu hosp,1,2026-03-07,33,quantile,0.025,2.0
2026-02-28,wk inc flu hosp,1,2026-03-07,33,quantile,0.05,3.0
2026-02-28,wk inc flu hosp,1,2026-03-07,33,quantile,0.1,5.0
2026-02-28,wk inc flu hosp,1,2026-03-07,33,quantile,0.15,6.0
2026-02-28,wk inc flu hosp,1,2026-03-07,33,quantile,0.2,7.0
2026-02-28,wk inc flu hosp,1,2026-03-07,33,quantile,0.25,7.0
2026-02-28,wk inc flu hosp,1,2026-03-07,33,quantile,0.3,10.0
2026-02-28,wk inc flu hosp,1,2026-03-07,33,quantile,0.35,12.0
2026-02-28,wk inc flu hosp,1,2026-03-07,33,quantile,0.4,14.0
2026-02-28,wk inc flu hosp,1,2026-03-07,33,quantile,0.45,16.0
2026-02-28,wk inc flu hosp,1,2026-03-07,33,quantile,0.5,19.0
2026-02-28,wk inc flu hosp,1,2026-03-07,33,quantile,0.55,21.0
2026-02-28,wk inc flu hosp,1,2026-03-07,33,quantile,0.6,23.0
2026-02-28,wk inc flu hosp,1,2026-03-07,33,quantile,0.65,26.0
2026-02-28,wk inc flu hosp,1,2026-03-07,33,quantile,0.7,28.0
2026-02-28,wk inc flu hosp,1,2026-03-07,33,quantile,0.75,29.0
2026-02-28,wk inc flu hosp,1,2026-03-07,33,quantile,0.8,30.0
2026-02-28,wk inc flu hosp,1,2026-03-07,33,quantile,0.85,31.0
2026-02-28,wk inc flu hosp,1,2026-03-07,33,quantile,0.9,32.0
2026-02-28,wk inc flu hosp,1,2026-03-07,33,quantile,0.95,34.0
2026-02-28,wk inc flu hosp,1,2026-03-07,33,quantile,0.975,36.0
2026-02-28,wk inc flu hosp,1,2026-03-07,33,quantile,0.99,39.0
2026-02-28,wk inc flu hosp,1,2026-03-07,34,quantile,0.01,11.0
2026-02-28,wk inc flu hosp,1,2026-03-07,34,quantile,0.025,28.0
2026-02-28,wk inc flu hosp,1,2026-03-07,34,quantile,0.05,39.0
2026-02-28,wk inc flu hosp,1,2026-03-07,34,quantile,0.1,51.0
2026-02-28,wk inc flu hosp,1,2026-03-07,34,quantile,0.15,58.0
2026-02-28,wk inc flu hosp,1,2026-03-07,34,quantile,0.2,76.0
2026-02-28,wk inc flu hosp,1,2026-03-07,34,quantile,0.25,93.0
2026-02-28,wk inc flu hosp,1,2026-03-07,34,quantile,0.3,113.0
2026-02-28,wk inc flu hosp,1,2026-03-07,34,quantile,0.35,127.0
2026-02-28,wk inc flu hosp,1,2026-03-07,34,quantile,0.4,143.0
2026-02-28,wk inc flu hosp,1,2026-03-07,34,quantile,0.45,153.0
2026-02-28,wk inc flu hosp,1,2026-03-07,34,quantile,0.5,164.0
2026-02-28,wk inc flu hosp,1,2026-03-07,34,quantile,0.55,176.0
2026-02-28,wk inc flu hosp,1,2026-03-07,34,quantile,0.6,188.0
2026-02-28,wk inc flu hosp,1,2026-03-07,34,quantile,0.65,201.0
2026-02-28,wk inc flu hosp,1,2026-03-07,34,quantile,0.7,207.0
2026-02-28,wk inc flu hosp,1,2026-03-07,34,quantile,0.75,214.0
2026-02-28,wk inc flu hosp,1,2026-03-07,34,quantile,0.8,220.0
2026-02-28,wk inc flu hosp,1,2026-03-07,34,quantile,0.85,228.0
2026-02-28,wk inc flu hosp,1,2026-03-07,34,quantile,0.9,240.0
2026-02-28,wk inc flu hosp,1,2026-03-07,34,quantile,0.95,262.0
2026-02-28,wk inc flu hosp,1,2026-03-07,34,quantile,0.975,279.0
2026-02-28,wk inc flu hosp,1,2026-03-07,34,quantile,0.99,293.0
2026-02-28,wk inc flu hosp,1,2026-03-07,35,quantile,0.01,16.0
2026-02-28,wk inc flu hosp,1,2026-03-07,35,quantile,0.025,19.0
2026-02-28,wk inc flu hosp,1,2026-03-07,35,quantile,0.05,21.0
2026-02-28,wk inc flu hosp,1,2026-03-07,35,quantile,0.1,26.0
2026-02-28,wk inc flu hosp,1,2026-03-07,35,quantile,0.15,30.0
2026-02-28,wk inc flu hosp,1,2026-03-07,35,quantile,0.2,33.0
2026-02-28,wk inc flu hosp,1,2026-03-07,35,quantile,0.25,35.0
2026-02-28,wk inc flu hosp,1,2026-03-07,35,quantile,0.3,37.0
2026-02-28,wk inc flu hosp,1,2026-03-07,35,quantile,0.35,39.0
2026-02-28,wk inc flu hosp,1,2026-03-07,35,quantile,0.4,41.0
2026-02-28,wk inc flu hosp,1,2026-03-07,35,quantile,0.45,42.0
2026-02-28,wk inc flu hosp,1,2026-03-07,35,quantile,0.5,44.0
2026-02-28,wk inc flu hosp,1,2026-03-07,35,quantile,0.55,45.0
2026-02-28,wk inc flu hosp,1,2026-03-07,35,quantile,0.6,47.0
2026-02-28,wk inc flu hosp,1,2026-03-07,35,quantile,0.65,48.0
2026-02-28,wk inc flu hosp,1,2026-03-07,35,quantile,0.7,50.0
2026-02-28,wk inc flu hosp,1,2026-03-07,35,quantile,0.75,51.0
2026-02-28,wk inc flu hosp,1,2026-03-07,35,quantile,0.8,53.0
2026-02-28,wk inc flu hosp,1,2026-03-07,35,quantile,0.85,55.0
2026-02-28,wk inc flu hosp,1,2026-03-07,35,quantile,0.9,58.0
2026-02-28,wk inc flu hosp,1,2026-03-07,35,quantile,0.95,63.0
2026-02-28,wk inc flu hosp,1,2026-03-07,35,quantile,0.975,68.0
2026-02-28,wk inc flu hosp,1,2026-03-07,35,quantile,0.99,71.0
2026-02-28,wk inc flu hosp,1,2026-03-07,36,quantile,0.01,31.0
2026-02-28,wk inc flu hosp,1,2026-03-07,36,quantile,0.025,37.0
2026-02-28,wk inc flu hosp,1,2026-03-07,36,quantile,0.05,49.0
2026-02-28,wk inc flu hosp,1,2026-03-07,36,quantile,0.1,58.0
2026-02-28,wk inc flu hosp,1,2026-03-07,36,quantile,0.15,61.0
2026-02-28,wk inc flu hosp,1,2026-03-07,36,quantile,0.2,65.0
2026-02-28,wk inc flu hosp,1,2026-03-07,36,quantile,0.25,76.0
2026-02-28,wk inc flu hosp,1,2026-03-07,36,quantile,0.3,90.0
2026-02-28,wk inc flu hosp,1,2026-03-07,36,quantile,0.35,98.0
2026-02-28,wk inc flu hosp,1,2026-03-07,36,quantile,0.4,107.0
2026-02-28,wk inc flu hosp,1,2026-03-07,36,quantile,0.45,117.0
2026-02-28,wk inc flu hosp,1,2026-03-07,36,quantile,0.5,125.0
2026-02-28,wk inc flu hosp,1,2026-03-07,36,quantile,0.55,136.0
2026-02-28,wk inc flu hosp,1,2026-03-07,36,quantile,0.6,145.0
2026-02-28,wk inc flu hosp,1,2026-03-07,36,quantile,0.65,155.0
2026-02-28,wk inc flu hosp,1,2026-03-07,36,quantile,0.7,161.0
2026-02-28,wk inc flu hosp,1,2026-03-07,36,quantile,0.75,170.0
2026-02-28,wk inc flu hosp,1,2026-03-07,36,quantile,0.8,183.0
2026-02-28,wk inc flu hosp,1,2026-03-07,36,quantile,0.85,197.0
2026-02-28,wk inc flu hosp,1,2026-03-07,36,quantile,0.9,217.0
2026-02-28,wk inc flu hosp,1,2026-03-07,36,quantile,0.95,242.0
2026-02-28,wk inc flu hosp,1,2026-03-07,36,quantile,0.975,267.0
2026-02-28,wk inc flu hosp,1,2026-03-07,36,quantile,0.99,294.0
2026-02-28,wk inc flu hosp,1,2026-03-07,37,quantile,0.01,0.0
2026-02-28,wk inc flu hosp,1,2026-03-07,37,quantile,0.025,0.0
2026-02-28,wk inc flu hosp,1,2026-03-07,37,quantile,0.05,4.0
2026-02-28,wk inc flu hosp,1,2026-03-07,37,quantile,0.1,25.0
2026-02-28,wk inc flu hosp,1,2026-03-07,37,quantile,0.15,40.0
2026-02-28,wk inc flu hosp,1,2026-03-07,37,quantile,0.2,52.0
2026-02-28,wk inc flu hosp,1,2026-03-07,37,quantile,0.25,77.0
2026-02-28,wk inc flu hosp,1,2026-03-07,37,quantile,0.3,105.0
2026-02-28,wk inc flu hosp,1,2026-03-07,37,quantile,0.35,135.0
2026-02-28,wk inc flu hosp,1,2026-03-07,37,quantile,0.4,161.0
2026-02-28,wk inc flu hosp,1,2026-03-07,37,quantile,0.45,189.0
2026-02-28,wk inc flu hosp,1,2026-03-07,37,quantile,0.5,214.0
2026-02-28,wk inc flu hosp,1,2026-03-07,37,quantile,0.55,237.0
2026-02-28,wk inc flu hosp,1,2026-03-07,37,quantile,0.6,256.0
2026-02-28,wk inc flu hosp,1,2026-03-07,37,quantile,0.65,266.0
2026-02-28,wk inc flu hosp,1,2026-03-07,37,quantile,0.7,276.0
2026-02-28,wk inc flu hosp,1,2026-03-07,37,quantile,0.75,288.0
2026-02-28,wk inc flu hosp,1,2026-03-07,37,quantile,0.8,299.0
2026-02-28,wk inc flu hosp,1,2026-03-07,37,quantile,0.85,313.0
2026-02-28,wk inc flu hosp,1,2026-03-07,37,quantile,0.9,336.0
2026-02-28,wk inc flu hosp,1,2026-03-07,37,quantile,0.95,371.0
2026-02-28,wk inc flu hosp,1,2026-03-07,37,quantile,0.975,391.0
2026-02-28,wk inc flu hosp,1,2026-03-07,37,quantile,0.99,416.0
2026-02-28,wk inc flu hosp,1,2026-03-07,38,quantile,0.01,0.0
2026-02-28,wk inc flu hosp,1,2026-03-07,38,quantile,0.025,0.0
2026-02-28,wk inc flu hosp,1,2026-03-07,38,quantile,0.05,0.0
2026-02-28,wk inc flu hosp,1,2026-03-07,38,quantile,0.1,0.0
2026-02-28,wk inc flu hosp,1,2026-03-07,38,quantile,0.15,0.0
2026-02-28,wk inc flu hosp,1,2026-03-07,38,quantile,0.2,1.0
2026-02-28,wk inc flu hosp,1,2026-03-07,38,quantile,0.25,3.0
2026-02-28,wk inc flu hosp,1,2026-03-07,38,quantile,0.3,5.0
2026-02-28,wk inc flu hosp,1,2026-03-07,38,quantile,0.35,5.0
2026-02-28,wk inc flu hosp,1,2026-03-07,38,quantile,0.4,6.0
2026-02-28,wk inc flu hosp,1,2026-03-07,38,quantile,0.45,7.0
2026-02-28,wk inc flu hosp,1,2026-03-07,38,quantile,0.5,7.0
2026-02-28,wk inc flu hosp,1,2026-03-07,38,quantile,0.55,7.0
2026-02-28,wk inc flu hosp,1,2026-03-07,38,quantile,0.6,8.0
2026-02-28,wk inc flu hosp,1,2026-03-07,38,quantile,0.65,8.0
2026-02-28,wk inc flu hosp,1,2026-03-07,38,quantile,0.7,9.0
2026-02-28,wk inc flu hosp,1,2026-03-07,38,quantile,0.75,9.0
2026-02-28,wk inc flu hosp,1,2026-03-07,38,quantile,0.8,10.0
2026-02-28,wk inc flu hosp,1,2026-03-07,38,quantile,0.85,11.0
2026-02-28,wk inc flu hosp,1,2026-03-07,38,quantile,0.9,12.0
2026-02-28,wk inc flu hosp,1,2026-03-07,38,quantile,0.95,14.0
2026-02-28,wk inc flu hosp,1,2026-03-07,38,quantile,0.975,15.0
2026-02-28,wk inc flu hosp,1,2026-03-07,38,quantile,0.99,16.0
2026-02-28,wk inc flu hosp,1,2026-03-07,39,quantile,0.01,121.0
2026-02-28,wk inc flu hosp,1,2026-03-07,39,quantile,0.025,142.0
2026-02-28,wk inc flu hosp,1,2026-03-07,39,quantile,0.05,202.0
2026-02-28,wk inc flu hosp,1,2026-03-07,39,quantile,0.1,262.0
2026-02-28,wk inc flu hosp,1,2026-03-07,39,quantile,0.15,289.0
2026-02-28,wk inc flu hosp,1,2026-03-07,39,quantile,0.2,310.0
2026-02-28,wk inc flu hosp,1,2026-03-07,39,quantile,0.25,323.0
2026-02-28,wk inc flu hosp,1,2026-03-07,39,quantile,0.3,337.0
2026-02-28,wk inc flu hosp,1,2026-03-07,39,quantile,0.35,349.0
2026-02-28,wk inc flu hosp,1,2026-03-07,39,quantile,0.4,360.0
2026-02-28,wk inc flu hosp,1,2026-03-07,39,quantile,0.45,369.0
2026-02-28,wk inc flu hosp,1,2026-03-07,39,quantile,0.5,380.0
2026-02-28,wk inc flu hosp,1,2026-03-07,39,quantile,0.55,390.0
2026-02-28,wk inc flu hosp,1,2026-03-07,39,quantile,0.6,398.0
2026-02-28,wk inc flu hosp,1,2026-03-07,39,quantile,0.65,410.0
2026-02-28,wk inc flu hosp,1,2026-03-07,39,quantile,0.7,419.0
2026-02-28,wk inc flu hosp,1,2026-03-07,39,quantile,0.75,431.0
2026-02-28,wk inc flu hosp,1,2026-03-07,39,quantile,0.8,444.0
2026-02-28,wk inc flu hosp,1,2026-03-07,39,quantile,0.85,461.0
2026-02-28,wk inc flu hosp,1,2026-03-07,39,quantile,0.9,483.0
2026-02-28,wk inc flu hosp,1,2026-03-07,39,quantile,0.95,508.0
2026-02-28,wk inc flu hosp,1,2026-03-07,39,quantile,0.975,576.0
2026-02-28,wk inc flu hosp,1,2026-03-07,39,quantile,0.99,740.0
2026-02-28,wk inc flu hosp,1,2026-03-07,40,quantile,0.01,0.0
2026-02-28,wk inc flu hosp,1,2026-03-07,40,quantile,0.025,9.0
2026-02-28,wk inc flu hosp,1,2026-03-07,40,quantile,0.05,16.0
2026-02-28,wk inc flu hosp,1,2026-03-07,40,quantile,0.1,22.0
2026-02-28,wk inc flu hosp,1,2026-03-07,40,quantile,0.15,33.0
2026-02-28,wk inc flu hosp,1,2026-03-07,40,quantile,0.2,45.0
2026-02-28,wk inc flu hosp,1,2026-03-07,40,quantile,0.25,55.0
2026-02-28,wk inc flu hosp,1,2026-03-07,40,quantile,0.3,66.0
2026-02-28,wk inc flu hosp,1,2026-03-07,40,quantile,0.35,74.0
2026-02-28,wk inc flu hosp,1,2026-03-07,40,quantile,0.4,83.0
2026-02-28,wk inc flu hosp,1,2026-03-07,40,quantile,0.45,93.0
2026-02-28,wk inc flu hosp,1,2026-03-07,40,quantile,0.5,102.0
2026-02-28,wk inc flu hosp,1,2026-03-07,40,quantile,0.55,109.0
2026-02-28,wk inc flu hosp,1,2026-03-07,40,quantile,0.6,116.0
2026-02-28,wk inc flu hosp,1,2026-03-07,40,quantile,0.65,120.0
2026-02-28,wk inc flu hosp,1,2026-03-07,40,quantile,0.7,124.0
2026-02-28,wk inc flu hosp,1,2026-03-07,40,quantile,0.75,128.0
2026-02-28,wk inc flu hosp,1,2026-03-07,40,quantile,0.8,132.0
2026-02-28,wk inc flu hosp,1,2026-03-07,40,quantile,0.85,137.0
2026-02-28,wk inc flu hosp,1,2026-03-07,40,quantile,0.9,143.0
2026-02-28,wk inc flu hosp,1,2026-03-07,40,quantile,0.95,154.0
2026-02-28,wk inc flu hosp,1,2026-03-07,40,quantile,0.975,161.0
2026-02-28,wk inc flu hosp,1,2026-03-07,40,quantile,0.99,169.0
2026-02-28,wk inc flu hosp,1,2026-03-07,41,quantile,0.01,63.0
2026-02-28,wk inc flu hosp,1,2026-03-07,41,quantile,0.025,76.0
2026-02-28,wk inc flu hosp,1,2026-03-07,41,quantile,0.05,85.0
2026-02-28,wk inc flu hosp,1,2026-03-07,41,quantile,0.1,95.0
2026-02-28,wk inc flu hosp,1,2026-03-07,41,quantile,0.15,101.0
2026-02-28,wk inc flu hosp,1,2026-03-07,41,quantile,0.2,107.0
2026-02-28,wk inc flu hosp,1,2026-03-07,41,quantile,0.25,112.0
2026-02-28,wk inc flu hosp,1,2026-03-07,41,quantile,0.3,117.0
2026-02-28,wk inc flu hosp,1,2026-03-07,41,quantile,0.35,121.0
2026-02-28,wk inc flu hosp,1,2026-03-07,41,quantile,0.4,126.0
2026-02-28,wk inc flu hosp,1,2026-03-07,41,quantile,0.45,129.0
2026-02-28,wk inc flu hosp,1,2026-03-07,41,quantile,0.5,132.0
2026-02-28,wk inc flu hosp,1,2026-03-07,41,quantile,0.55,136.0
2026-02-28,wk inc flu hosp,1,2026-03-07,41,quantile,0.6,141.0
2026-02-28,wk inc flu hosp,1,2026-03-07,41,quantile,0.65,146.0
2026-02-28,wk inc flu hosp,1,2026-03-07,41,quantile,0.7,151.0
2026-02-28,wk inc flu hosp,1,2026-03-07,41,quantile,0.75,156.0
2026-02-28,wk inc flu hosp,1,2026-03-07,41,quantile,0.8,160.0
2026-02-28,wk inc flu hosp,1,2026-03-07,41,quantile,0.85,165.0
2026-02-28,wk inc flu hosp,1,2026-03-07,41,quantile,0.9,178.0
2026-02-28,wk inc flu hosp,1,2026-03-07,41,quantile,0.95,197.0
2026-02-28,wk inc flu hosp,1,2026-03-07,41,quantile,0.975,221.0
2026-02-28,wk inc flu hosp,1,2026-03-07,41,quantile,0.99,235.0
2026-02-28,wk inc flu hosp,1,2026-03-07,42,quantile,0.01,0.0
2026-02-28,wk inc flu hosp,1,2026-03-07,42,quantile,0.025,21.0
2026-02-28,wk inc flu hosp,1,2026-03-07,42,quantile,0.05,35.0
2026-02-28,wk inc flu hosp,1,2026-03-07,42,quantile,0.1,50.0
2026-02-28,wk inc flu hosp,1,2026-03-07,42,quantile,0.15,68.0
2026-02-28,wk inc flu hosp,1,2026-03-07,42,quantile,0.2,96.0
2026-02-28,wk inc flu hosp,1,2026-03-07,42,quantile,0.25,122.0
2026-02-28,wk inc flu hosp,1,2026-03-07,42,quantile,0.3,140.0
2026-02-28,wk inc flu hosp,1,2026-03-07,42,quantile,0.35,160.0
2026-02-28,wk inc flu hosp,1,2026-03-07,42,quantile,0.4,179.0
2026-02-28,wk inc flu hosp,1,2026-03-07,42,quantile,0.45,195.0
2026-02-28,wk inc flu hosp,1,2026-03-07,42,quantile,0.5,218.0
2026-02-28,wk inc flu hosp,1,2026-03-07,42,quantile,0.55,237.0
2026-02-28,wk inc flu hosp,1,2026-03-07,42,quantile,0.6,254.0
2026-02-28,wk inc flu hosp,1,2026-03-07,42,quantile,0.65,275.0
2026-02-28,wk inc flu hosp,1,2026-03-07,42,quantile,0.7,300.0
2026-02-28,wk inc flu hosp,1,2026-03-07,42,quantile,0.75,321.0
2026-02-28,wk inc flu hosp,1,2026-03-07,42,quantile,0.8,348.0
2026-02-28,wk inc flu hosp,1,2026-03-07,42,quantile,0.85,377.0
2026-02-28,wk inc flu hosp,1,2026-03-07,42,quantile,0.9,416.0
2026-02-28,wk inc flu hosp,1,2026-03-07,42,quantile,0.95,469.0
2026-02-28,wk inc flu hosp,1,2026-03-07,42,quantile,0.975,516.0
2026-02-28,wk inc flu hosp,1,2026-03-07,42,quantile,0.99,557.0
2026-02-28,wk inc flu hosp,1,2026-03-07,44,quantile,0.01,2.0
2026-02-28,wk inc flu hosp,1,2026-03-07,44,quantile,0.025,4.0
2026-02-28,wk inc flu hosp,1,2026-03-07,44,quantile,0.05,5.0
2026-02-28,wk inc flu hosp,1,2026-03-07,44,quantile,0.1,5.0
2026-02-28,wk inc flu hosp,1,2026-03-07,44,quantile,0.15,5.0
2026-02-28,wk inc flu hosp,1,2026-03-07,44,quantile,0.2,5.0
2026-02-28,wk inc flu hosp,1,2026-03-07,44,quantile,0.25,6.0
2026-02-28,wk inc flu hosp,1,2026-03-07,44,quantile,0.3,7.0
2026-02-28,wk inc flu hosp,1,2026-03-07,44,quantile,0.35,8.0
2026-02-28,wk inc flu hosp,1,2026-03-07,44,quantile,0.4,8.0
2026-02-28,wk inc flu hosp,1,2026-03-07,44,quantile,0.45,9.0
2026-02-28,wk inc flu hosp,1,2026-03-07,44,quantile,0.5,10.0
2026-02-28,wk inc flu hosp,1,2026-03-07,44,quantile,0.55,11.0
2026-02-28,wk inc flu hosp,1,2026-03-07,44,quantile,0.6,12.0
2026-02-28,wk inc flu hosp,1,2026-03-07,44,quantile,0.65,13.0
2026-02-28,wk inc flu hosp,1,2026-03-07,44,quantile,0.7,14.0
2026-02-28,wk inc flu hosp,1,2026-03-07,44,quantile,0.75,15.0
2026-02-28,wk inc flu hosp,1,2026-03-07,44,quantile,0.8,16.0
2026-02-28,wk inc flu hosp,1,2026-03-07,44,quantile,0.85,17.0
2026-02-28,wk inc flu hosp,1,2026-03-07,44,quantile,0.9,19.0
2026-02-28,wk inc flu hosp,1,2026-03-07,44,quantile,0.95,22.0
2026-02-28,wk inc flu hosp,1,2026-03-07,44,quantile,0.975,24.0
2026-02-28,wk inc flu hosp,1,2026-03-07,44,quantile,0.99,27.0
2026-02-28,wk inc flu hosp,1,2026-03-07,45,quantile,0.01,25.0
2026-02-28,wk inc flu hosp,1,2026-03-07,45,quantile,0.025,37.0
2026-02-28,wk inc flu hosp,1,2026-03-07,45,quantile,0.05,44.0
2026-02-28,wk inc flu hosp,1,2026-03-07,45,quantile,0.1,52.0
2026-02-28,wk inc flu hosp,1,2026-03-07,45,quantile,0.15,57.0
2026-02-28,wk inc flu hosp,1,2026-03-07,45,quantile,0.2,68.0
2026-02-28,wk inc flu hosp,1,2026-03-07,45,quantile,0.25,79.0
2026-02-28,wk inc flu hosp,1,2026-03-07,45,quantile,0.3,90.0
2026-02-28,wk inc flu hosp,1,2026-03-07,45,quantile,0.35,99.0
2026-02-28,wk inc flu hosp,1,2026-03-07,45,quantile,0.4,110.0
2026-02-28,wk inc flu hosp,1,2026-03-07,45,quantile,0.45,119.0
2026-02-28,wk inc flu hosp,1,2026-03-07,45,quantile,0.5,127.0
2026-02-28,wk inc flu hosp,1,2026-03-07,45,quantile,0.55,134.0
2026-02-28,wk inc flu hosp,1,2026-03-07,45,quantile,0.6,141.0
2026-02-28,wk inc flu hosp,1,2026-03-07,45,quantile,0.65,148.0
2026-02-28,wk inc flu hosp,1,2026-03-07,45,quantile,0.7,155.0
2026-02-28,wk inc flu hosp,1,2026-03-07,45,quantile,0.75,164.0
2026-02-28,wk inc flu hosp,1,2026-03-07,45,quantile,0.8,172.0
2026-02-28,wk inc flu hosp,1,2026-03-07,45,quantile,0.85,183.0
2026-02-28,wk inc flu hosp,1,2026-03-07,45,quantile,0.9,199.0
2026-02-28,wk inc flu hosp,1,2026-03-07,45,quantile,0.95,221.0
2026-02-28,wk inc flu hosp,1,2026-03-07,45,quantile,0.975,229.0
2026-02-28,wk inc flu hosp,1,2026-03-07,45,quantile,0.99,238.0
2026-02-28,wk inc flu hosp,1,2026-03-07,46,quantile,0.01,3.0
2026-02-28,wk inc flu hosp,1,2026-03-07,46,quantile,0.025,5.0
2026-02-28,wk inc flu hosp,1,2026-03-07,46,quantile,0.05,5.0
2026-02-28,wk inc flu hosp,1,2026-03-07,46,quantile,0.1,8.0
2026-02-28,wk inc flu hosp,1,2026-03-07,46,quantile,0.15,10.0
2026-02-28,wk inc flu hosp,1,2026-03-07,46,quantile,0.2,12.0
2026-02-28,wk inc flu hosp,1,2026-03-07,46,quantile,0.25,14.0
2026-02-28,wk inc flu hosp,1,2026-03-07,46,quantile,0.3,15.0
2026-02-28,wk inc flu hosp,1,2026-03-07,46,quantile,0.35,17.0
2026-02-28,wk inc flu hosp,1,2026-03-07,46,quantile,0.4,18.0
2026-02-28,wk inc flu hosp,1,2026-03-07,46,quantile,0.45,19.0
2026-02-28,wk inc flu hosp,1,2026-03-07,46,quantile,0.5,20.0
2026-02-28,wk inc flu hosp,1,2026-03-07,46,quantile,0.55,20.0
2026-02-28,wk inc flu hosp,1,2026-03-07,46,quantile,0.6,21.0
2026-02-28,wk inc flu hosp,1,2026-03-07,46,quantile,0.65,21.0
2026-02-28,wk inc flu hosp,1,2026-03-07,46,quantile,0.7,22.0
2026-02-28,wk inc flu hosp,1,2026-03-07,46,quantile,0.75,22.0
2026-02-28,wk inc flu hosp,1,2026-03-07,46,quantile,0.8,23.0
2026-02-28,wk inc flu hosp,1,2026-03-07,46,quantile,0.85,23.0
2026-02-28,wk inc flu hosp,1,2026-03-07,46,quantile,0.9,24.0
2026-02-28,wk inc flu hosp,1,2026-03-07,46,quantile,0.95,26.0
2026-02-28,wk inc flu hosp,1,2026-03-07,46,quantile,0.975,27.0
2026-02-28,wk inc flu hosp,1,2026-03-07,46,quantile,0.99,28.0
2026-02-28,wk inc flu hosp,1,2026-03-07,47,quantile,0.01,27.0
2026-02-28,wk inc flu hosp,1,2026-03-07,47,quantile,0.025,40.0
2026-02-28,wk inc flu hosp,1,2026-03-07,47,quantile,0.05,49.0
2026-02-28,wk inc flu hosp,1,2026-03-07,47,quantile,0.1,65.0
2026-02-28,wk inc flu hosp,1,2026-03-07,47,quantile,0.15,83.0
2026-02-28,wk inc flu hosp,1,2026-03-07,47,quantile,0.2,99.0
2026-02-28,wk inc flu hosp,1,2026-03-07,47,quantile,0.25,110.0
2026-02-28,wk inc flu hosp,1,2026-03-07,47,quantile,0.3,123.0
2026-02-28,wk inc flu hosp,1,2026-03-07,47,quantile,0.35,136.0
2026-02-28,wk inc flu hosp,1,2026-03-07,47,quantile,0.4,145.0
2026-02-28,wk inc flu hosp,1,2026-03-07,47,quantile,0.45,155.0
2026-02-28,wk inc flu hosp,1,2026-03-07,47,quantile,0.5,166.0
2026-02-28,wk inc flu hosp,1,2026-03-07,47,quantile,0.55,176.0
2026-02-28,wk inc flu hosp,1,2026-03-07,47,quantile,0.6,184.0
2026-02-28,wk inc flu hosp,1,2026-03-07,47,quantile,0.65,193.0
2026-02-28,wk inc flu hosp,1,2026-03-07,47,quantile,0.7,203.0
2026-02-28,wk inc flu hosp,1,2026-03-07,47,quantile,0.75,213.0
2026-02-28,wk inc flu hosp,1,2026-03-07,47,quantile,0.8,224.0
2026-02-28,wk inc flu hosp,1,2026-03-07,47,quantile,0.85,236.0
2026-02-28,wk inc flu hosp,1,2026-03-07,47,quantile,0.9,250.0
2026-02-28,wk inc flu hosp,1,2026-03-07,47,quantile,0.95,270.0
2026-02-28,wk inc flu hosp,1,2026-03-07,47,quantile,0.975,285.0
2026-02-28,wk inc flu hosp,1,2026-03-07,47,quantile,0.99,301.0
2026-02-28,wk inc flu hosp,1,2026-03-07,48,quantile,0.01,0.0
2026-02-28,wk inc flu hosp,1,2026-03-07,48,quantile,0.025,55.0
2026-02-28,wk inc flu hosp,1,2026-03-07,48,quantile,0.05,99.0
2026-02-28,wk inc flu hosp,1,2026-03-07,48,quantile,0.1,144.0
2026-02-28,wk inc flu hosp,1,2026-03-07,48,quantile,0.15,175.0
2026-02-28,wk inc flu hosp,1,2026-03-07,48,quantile,0.2,243.0
2026-02-28,wk inc flu hosp,1,2026-03-07,48,quantile,0.25,315.0
2026-02-28,wk inc flu hosp,1,2026-03-07,48,quantile,0.3,379.0
2026-02-28,wk inc flu hosp,1,2026-03-07,48,quantile,0.35,433.0
2026-02-28,wk inc flu hosp,1,2026-03-07,48,quantile,0.4,489.0
2026-02-28,wk inc flu hosp,1,2026-03-07,48,quantile,0.45,543.0
2026-02-28,wk inc flu hosp,1,2026-03-07,48,quantile,0.5,603.0
2026-02-28,wk inc flu hosp,1,2026-03-07,48,quantile,0.55,655.0
2026-02-28,wk inc flu hosp,1,2026-03-07,48,quantile,0.6,706.0
2026-02-28,wk inc flu hosp,1,2026-03-07,48,quantile,0.65,750.0
2026-02-28,wk inc flu hosp,1,2026-03-07,48,quantile,0.7,791.0
2026-02-28,wk inc flu hosp,1,2026-03-07,48,quantile,0.75,835.0
2026-02-28,wk inc flu hosp,1,2026-03-07,48,quantile,0.8,867.0
2026-02-28,wk inc flu hosp,1,2026-03-07,48,quantile,0.85,924.0
2026-02-28,wk inc flu hosp,1,2026-03-07,48,quantile,0.9,990.0
2026-02-28,wk inc flu hosp,1,2026-03-07,48,quantile,0.95,1094.0
2026-02-28,wk inc flu hosp,1,2026-03-07,48,quantile,0.975,1144.0
2026-02-28,wk inc flu hosp,1,2026-03-07,48,quantile,0.99,1221.0
2026-02-28,wk inc flu hosp,1,2026-03-07,49,quantile,0.01,8.0
2026-02-28,wk inc flu hosp,1,2026-03-07,49,quantile,0.025,14.0
2026-02-28,wk inc flu hosp,1,2026-03-07,49,quantile,0.05,17.0
2026-02-28,wk inc flu hosp,1,2026-03-07,49,quantile,0.1,28.0
2026-02-28,wk inc flu hosp,1,2026-03-07,49,quantile,0.15,35.0
2026-02-28,wk inc flu hosp,1,2026-03-07,49,quantile,0.2,41.0
2026-02-28,wk inc flu hosp,1,2026-03-07,49,quantile,0.25,46.0
2026-02-28,wk inc flu hosp,1,2026-03-07,49,quantile,0.3,51.0
2026-02-28,wk inc flu hosp,1,2026-03-07,49,quantile,0.35,55.0
2026-02-28,wk inc flu hosp,1,2026-03-07,49,quantile,0.4,60.0
2026-02-28,wk inc flu hosp,1,2026-03-07,49,quantile,0.45,63.0
2026-02-28,wk inc flu hosp,1,2026-03-07,49,quantile,0.5,65.0
2026-02-28,wk inc flu hosp,1,2026-03-07,49,quantile,0.55,68.0
2026-02-28,wk inc flu hosp,1,2026-03-07,49,quantile,0.6,71.0
2026-02-28,wk inc flu hosp,1,2026-03-07,49,quantile,0.65,74.0
2026-02-28,wk inc flu hosp,1,2026-03-07,49,quantile,0.7,75.0
2026-02-28,wk inc flu hosp,1,2026-03-07,49,quantile,0.75,78.0
2026-02-28,wk inc flu hosp,1,2026-03-07,49,quantile,0.8,80.0
2026-02-28,wk inc flu hosp,1,2026-03-07,49,quantile,0.85,83.0
2026-02-28,wk inc flu hosp,1,2026-03-07,49,quantile,0.9,89.0
2026-02-28,wk inc flu hosp,1,2026-03-07,49,quantile,0.95,97.0
2026-02-28,wk inc flu hosp,1,2026-03-07,49,quantile,0.975,106.0
2026-02-28,wk inc flu hosp,1,2026-03-07,49,quantile,0.99,126.0
2026-02-28,wk inc flu hosp,1,2026-03-07,50,quantile,0.01,1.0
2026-02-28,wk inc flu hosp,1,2026-03-07,50,quantile,0.025,3.0
2026-02-28,wk inc flu hosp,1,2026-03-07,50,quantile,0.05,3.0
2026-02-28,wk inc flu hosp,1,2026-03-07,50,quantile,0.1,4.0
2026-02-28,wk inc flu hosp,1,2026-03-07,50,quantile,0.15,6.0
2026-02-28,wk inc flu hosp,1,2026-03-07,50,quantile,0.2,8.0
2026-02-28,wk inc flu hosp,1,2026-03-07,50,quantile,0.25,10.0
2026-02-28,wk inc flu hosp,1,2026-03-07,50,quantile,0.3,12.0
2026-02-28,wk inc flu hosp,1,2026-03-07,50,quantile,0.35,13.0
2026-02-28,wk inc flu hosp,1,2026-03-07,50,quantile,0.4,15.0
2026-02-28,wk inc flu hosp,1,2026-03-07,50,quantile,0.45,16.0
2026-02-28,wk inc flu hosp,1,2026-03-07,50,quantile,0.5,16.0
2026-02-28,wk inc flu hosp,1,2026-03-07,50,quantile,0.55,17.0
2026-02-28,wk inc flu hosp,1,2026-03-07,50,quantile,0.6,17.0
2026-02-28,wk inc flu hosp,1,2026-03-07,50,quantile,0.65,17.0
2026-02-28,wk inc flu hosp,1,2026-03-07,50,quantile,0.7,18.0
2026-02-28,wk inc flu hosp,1,2026-03-07,50,quantile,0.75,18.0
2026-02-28,wk inc flu hosp,1,2026-03-07,50,quantile,0.8,19.0
2026-02-28,wk inc flu hosp,1,2026-03-07,50,quantile,0.85,20.0
2026-02-28,wk inc flu hosp,1,2026-03-07,50,quantile,0.9,21.0
2026-02-28,wk inc flu hosp,1,2026-03-07,50,quantile,0.95,22.0
2026-02-28,wk inc flu hosp,1,2026-03-07,50,quantile,0.975,23.0
2026-02-28,wk inc flu hosp,1,2026-03-07,50,quantile,0.99,25.0
2026-02-28,wk inc flu hosp,1,2026-03-07,51,quantile,0.01,49.0
2026-02-28,wk inc flu hosp,1,2026-03-07,51,quantile,0.025,63.0
2026-02-28,wk inc flu hosp,1,2026-03-07,51,quantile,0.05,85.0
2026-02-28,wk inc flu hosp,1,2026-03-07,51,quantile,0.1,95.0
2026-02-28,wk inc flu hosp,1,2026-03-07,51,quantile,0.15,99.0
2026-02-28,wk inc flu hosp,1,2026-03-07,51,quantile,0.2,108.0
2026-02-28,wk inc flu hosp,1,2026-03-07,51,quantile,0.25,124.0
2026-02-28,wk inc flu hosp,1,2026-03-07,51,quantile,0.3,141.0
2026-02-28,wk inc flu hosp,1,2026-03-07,51,quantile,0.35,158.0
2026-02-28,wk inc flu hosp,1,2026-03-07,51,quantile,0.4,172.0
2026-02-28,wk inc flu hosp,1,2026-03-07,51,quantile,0.45,183.0
2026-02-28,wk inc flu hosp,1,2026-03-07,51,quantile,0.5,194.0
2026-02-28,wk inc flu hosp,1,2026-03-07,51,quantile,0.55,205.0
2026-02-28,wk inc flu hosp,1,2026-03-07,51,quantile,0.6,217.0
2026-02-28,wk inc flu hosp,1,2026-03-07,51,quantile,0.65,230.0
2026-02-28,wk inc flu hosp,1,2026-03-07,51,quantile,0.7,244.0
2026-02-28,wk inc flu hosp,1,2026-03-07,51,quantile,0.75,260.0
2026-02-28,wk inc flu hosp,1,2026-03-07,51,quantile,0.8,281.0
2026-02-28,wk inc flu hosp,1,2026-03-07,51,quantile,0.85,298.0
2026-02-28,wk inc flu hosp,1,2026-03-07,51,quantile,0.9,323.0
2026-02-28,wk inc flu hosp,1,2026-03-07,51,quantile,0.95,365.0
2026-02-28,wk inc flu hosp,1,2026-03-07,51,quantile,0.975,408.0
2026-02-28,wk inc flu hosp,1,2026-03-07,51,quantile,0.99,482.0
2026-02-28,wk inc flu hosp,1,2026-03-07,53,quantile,0.01,44.0
2026-02-28,wk inc flu hosp,1,2026-03-07,53,quantile,0.025,50.0
2026-02-28,wk inc flu hosp,1,2026-03-07,53,quantile,0.05,68.0
2026-02-28,wk inc flu hosp,1,2026-03-07,53,quantile,0.1,99.0
2026-02-28,wk inc flu hosp,1,2026-03-07,53,quantile,0.15,127.0
2026-02-28,wk inc flu hosp,1,2026-03-07,53,quantile,0.2,143.0
2026-02-28,wk inc flu hosp,1,2026-03-07,53,quantile,0.25,154.0
2026-02-28,wk inc flu hosp,1,2026-03-07,53,quantile,0.3,164.0
2026-02-28,wk inc flu hosp,1,2026-03-07,53,quantile,0.35,173.0
2026-02-28,wk inc flu hosp,1,2026-03-07,53,quantile,0.4,183.0
2026-02-28,wk inc flu hosp,1,2026-03-07,53,quantile,0.45,191.0
2026-02-28,wk inc flu hosp,1,2026-03-07,53,quantile,0.5,199.0
2026-02-28,wk inc flu hosp,1,2026-03-07,53,quantile,0.55,212.0
2026-02-28,wk inc flu hosp,1,2026-03-07,53,quantile,0.6,228.0
2026-02-28,wk inc flu hosp,1,2026-03-07,53,quantile,0.65,238.0
2026-02-28,wk inc flu hosp,1,2026-03-07,53,quantile,0.7,248.0
2026-02-28,wk inc flu hosp,1,2026-03-07,53,quantile,0.75,258.0
2026-02-28,wk inc flu hosp,1,2026-03-07,53,quantile,0.8,269.0
2026-02-28,wk inc flu hosp,1,2026-03-07,53,quantile,0.85,283.0
2026-02-28,wk inc flu hosp,1,2026-03-07,53,quantile,0.9,297.0
2026-02-28,wk inc flu hosp,1,2026-03-07,53,quantile,0.95,313.0
2026-02-28,wk inc flu hosp,1,2026-03-07,53,quantile,0.975,322.0
2026-02-28,wk inc flu hosp,1,2026-03-07,53,quantile,0.99,333.0
2026-02-28,wk inc flu hosp,1,2026-03-07,54,quantile,0.01,0.0
2026-02-28,wk inc flu hosp,1,2026-03-07,54,quantile,0.025,1.0
2026-02-28,wk inc flu hosp,1,2026-03-07,54,quantile,0.05,4.0
2026-02-28,wk inc flu hosp,1,2026-03-07,54,quantile,0.1,6.0
2026-02-28,wk inc flu hosp,1,2026-03-07,54,quantile,0.15,8.0
2026-02-28,wk inc flu hosp,1,2026-03-07,54,quantile,0.2,11.0
2026-02-28,wk inc flu hosp,1,2026-03-07,54,quantile,0.25,16.0
2026-02-28,wk inc flu hosp,1,2026-03-07,54,quantile,0.3,21.0
2026-02-28,wk inc flu hosp,1,2026-03-07,54,quantile,0.35,26.0
2026-02-28,wk inc flu hosp,1,2026-03-07,54,quantile,0.4,31.0
2026-02-28,wk inc flu hosp,1,2026-03-07,54,quantile,0.45,36.0
2026-02-28,wk inc flu hosp,1,2026-03-07,54,quantile,0.5,39.0
2026-02-28,wk inc flu hosp,1,2026-03-07,54,quantile,0.55,43.0
2026-02-28,wk inc flu hosp,1,2026-03-07,54,quantile,0.6,47.0
2026-02-28,wk inc flu hosp,1,2026-03-07,54,quantile,0.65,48.0
2026-02-28,wk inc flu hosp,1,2026-03-07,54,quantile,0.7,50.0
2026-02-28,wk inc flu hosp,1,2026-03-07,54,quantile,0.75,51.0
2026-02-28,wk inc flu hosp,1,2026-03-07,54,quantile,0.8,53.0
2026-02-28,wk inc flu hosp,1,2026-03-07,54,quantile,0.85,54.0
2026-02-28,wk inc flu hosp,1,2026-03-07,54,quantile,0.9,57.0
2026-02-28,wk inc flu hosp,1,2026-03-07,54,quantile,0.95,61.0
2026-02-28,wk inc flu hosp,1,2026-03-07,54,quantile,0.975,68.0
2026-02-28,wk inc flu hosp,1,2026-03-07,54,quantile,0.99,81.0
2026-02-28,wk inc flu hosp,1,2026-03-07,55,quantile,0.01,2.0
2026-02-28,wk inc flu hosp,1,2026-03-07,55,quantile,0.025,34.0
2026-02-28,wk inc flu hosp,1,2026-03-07,55,quantile,0.05,58.0
2026-02-28,wk inc flu hosp,1,2026-03-07,55,quantile,0.1,85.0
2026-02-28,wk inc flu hosp,1,2026-03-07,55,quantile,0.15,105.0
2026-02-28,wk inc flu hosp,1,2026-03-07,55,quantile,0.2,122.0
2026-02-28,wk inc flu hosp,1,2026-03-07,55,quantile,0.25,130.0
2026-02-28,wk inc flu hosp,1,2026-03-07,55,quantile,0.3,136.0
2026-02-28,wk inc flu hosp,1,2026-03-07,55,quantile,0.35,142.0
2026-02-28,wk inc flu hosp,1,2026-03-07,55,quantile,0.4,148.0
2026-02-28,wk inc flu hosp,1,2026-03-07,55,quantile,0.45,155.0
2026-02-28,wk inc flu hosp,1,2026-03-07,55,quantile,0.5,161.0
2026-02-28,wk inc flu hosp,1,2026-03-07,55,quantile,0.55,167.0
2026-02-28,wk inc flu hosp,1,2026-03-07,55,quantile,0.6,173.0
2026-02-28,wk inc flu hosp,1,2026-03-07,55,quantile,0.65,178.0
2026-02-28,wk inc flu hosp,1,2026-03-07,55,quantile,0.7,185.0
2026-02-28,wk inc flu hosp,1,2026-03-07,55,quantile,0.75,192.0
2026-02-28,wk inc flu hosp,1,2026-03-07,55,quantile,0.8,199.0
2026-02-28,wk inc flu hosp,1,2026-03-07,55,quantile,0.85,207.0
2026-02-28,wk inc flu hosp,1,2026-03-07,55,quantile,0.9,220.0
2026-02-28,wk inc flu hosp,1,2026-03-07,55,quantile,0.95,240.0
2026-02-28,wk inc flu hosp,1,2026-03-07,55,quantile,0.975,251.0
2026-02-28,wk inc flu hosp,1,2026-03-07,55,quantile,0.99,263.0
2026-02-28,wk inc flu hosp,1,2026-03-07,56,quantile,0.01,0.0
2026-02-28,wk inc flu hosp,1,2026-03-07,56,quantile,0.025,0.0
2026-02-28,wk inc flu hosp,1,2026-03-07,56,quantile,0.05,1.0
2026-02-28,wk inc flu hosp,1,2026-03-07,56,quantile,0.1,1.0
2026-02-28,wk inc flu hosp,1,2026-03-07,56,quantile,0.15,2.0
2026-02-28,wk inc flu hosp,1,2026-03-07,56,quantile,0.2,3.0
2026-02-28,wk inc flu hosp,1,2026-03-07,56,quantile,0.25,4.0
2026-02-28,wk inc flu hosp,1,2026-03-07,56,quantile,0.3,4.0
2026-02-28,wk inc flu hosp,1,2026-03-07,56,quantile,0.35,5.0
2026-02-28,wk inc flu hosp,1,2026-03-07,56,quantile,0.4,6.0
2026-02-28,wk inc flu hosp,1,2026-03-07,56,quantile,0.45,6.0
2026-02-28,wk inc flu hosp,1,2026-03-07,56,quantile,0.5,7.0
2026-02-28,wk inc flu hosp,1,2026-03-07,56,quantile,0.55,7.0
2026-02-28,wk inc flu hosp,1,2026-03-07,56,quantile,0.6,8.0
2026-02-28,wk inc flu hosp,1,2026-03-07,56,quantile,0.65,9.0
2026-02-28,wk inc flu hosp,1,2026-03-07,56,quantile,0.7,9.0
2026-02-28,wk inc flu hosp,1,2026-03-07,56,quantile,0.75,10.0
2026-02-28,wk inc flu hosp,1,2026-03-07,56,quantile,0.8,10.0
2026-02-28,wk inc flu hosp,1,2026-03-07,56,quantile,0.85,10.0
2026-02-28,wk inc flu hosp,1,2026-03-07,56,quantile,0.9,11.0
2026-02-28,wk inc flu hosp,1,2026-03-07,56,quantile,0.95,12.0
2026-02-28,wk inc flu hosp,1,2026-03-07,56,quantile,0.975,12.0
2026-02-28,wk inc flu hosp,1,2026-03-07,56,quantile,0.99,13.0
2026-02-28,wk inc flu hosp,1,2026-03-07,US,quantile,0.01,1625.0
2026-02-28,wk inc flu hosp,1,2026-03-07,US,quantile,0.025,2163.0
2026-02-28,wk inc flu hosp,1,2026-03-07,US,quantile,0.05,3255.0
2026-02-28,wk inc flu hosp,1,2026-03-07,US,quantile,0.1,4374.0
2026-02-28,wk inc flu hosp,1,2026-03-07,US,quantile,0.15,5040.0
2026-02-28,wk inc flu hosp,1,2026-03-07,US,quantile,0.2,5670.0
2026-02-28,wk inc flu hosp,1,2026-03-07,US,quantile,0.25,6162.0
2026-02-28,wk inc flu hosp,1,2026-03-07,US,quantile,0.3,6668.0
2026-02-28,wk inc flu hosp,1,2026-03-07,US,quantile,0.35,7143.0
2026-02-28,wk inc flu hosp,1,2026-03-07,US,quantile,0.4,7543.0
2026-02-28,wk inc flu hosp,1,2026-03-07,US,quantile,0.45,7998.0
2026-02-28,wk inc flu hosp,1,2026-03-07,US,quantile,0.5,8510.0
2026-02-28,wk inc flu hosp,1,2026-03-07,US,quantile,0.55,8886.0
2026-02-28,wk inc flu hosp,1,2026-03-07,US,quantile,0.6,9179.0
2026-02-28,wk inc flu hosp,1,2026-03-07,US,quantile,0.65,9345.0
2026-02-28,wk inc flu hosp,1,2026-03-07,US,quantile,0.7,9521.0
2026-02-28,wk inc flu hosp,1,2026-03-07,US,quantile,0.75,9747.0
2026-02-28,wk inc flu hosp,1,2026-03-07,US,quantile,0.8,9938.0
2026-02-28,wk inc flu hosp,1,2026-03-07,US,quantile,0.85,10168.0
2026-02-28,wk inc flu hosp,1,2026-03-07,US,quantile,0.9,10527.0
2026-02-28,wk inc flu hosp,1,2026-03-07,US,quantile,0.95,11104.0
2026-02-28,wk inc flu hosp,1,2026-03-07,US,quantile,0.975,11460.0
2026-02-28,wk inc flu hosp,1,2026-03-07,US,quantile,0.99,11874.0
2026-02-28,wk inc flu hosp,2,2026-03-14,01,quantile,0.01,4.0
2026-02-28,wk inc flu hosp,2,2026-03-14,01,quantile,0.025,18.0
2026-02-28,wk inc flu hosp,2,2026-03-14,01,quantile,0.05,38.0
2026-02-28,wk inc flu hosp,2,2026-03-14,01,quantile,0.1,75.0
2026-02-28,wk inc flu hosp,2,2026-03-14,01,quantile,0.15,102.0
2026-02-28,wk inc flu hosp,2,2026-03-14,01,quantile,0.2,123.0
2026-02-28,wk inc flu hosp,2,2026-03-14,01,quantile,0.25,142.0
2026-02-28,wk inc flu hosp,2,2026-03-14,01,quantile,0.3,157.0
2026-02-28,wk inc flu hosp,2,2026-03-14,01,quantile,0.35,174.0
2026-02-28,wk inc flu hosp,2,2026-03-14,01,quantile,0.4,190.0
2026-02-28,wk inc flu hosp,2,2026-03-14,01,quantile,0.45,207.0
2026-02-28,wk inc flu hosp,2,2026-03-14,01,quantile,0.5,222.0
2026-02-28,wk inc flu hosp,2,2026-03-14,01,quantile,0.55,240.0
2026-02-28,wk inc flu hosp,2,2026-03-14,01,quantile,0.6,255.0
2026-02-28,wk inc flu hosp,2,2026-03-14,01,quantile,0.65,272.0
2026-02-28,wk inc flu hosp,2,2026-03-14,01,quantile,0.7,287.0
2026-02-28,wk inc flu hosp,2,2026-03-14,01,quantile,0.75,305.0
2026-02-28,wk inc flu hosp,2,2026-03-14,01,quantile,0.8,325.0
2026-02-28,wk inc flu hosp,2,2026-03-14,01,quantile,0.85,346.0
2026-02-28,wk inc flu hosp,2,2026-03-14,01,quantile,0.9,362.0
2026-02-28,wk inc flu hosp,2,2026-03-14,01,quantile,0.95,388.0
2026-02-28,wk inc flu hosp,2,2026-03-14,01,quantile,0.975,408.0
2026-02-28,wk inc flu hosp,2,2026-03-14,01,quantile,0.99,423.0
2026-02-28,wk inc flu hosp,2,2026-03-14,02,quantile,0.01,0.0
2026-02-28,wk inc flu hosp,2,2026-03-14,02,quantile,0.025,0.0
2026-02-28,wk inc flu hosp,2,2026-03-14,02,quantile,0.05,1.0
2026-02-28,wk inc flu hosp,2,2026-03-14,02,quantile,0.1,4.0
2026-02-28,wk inc flu hosp,2,2026-03-14,02,quantile,0.15,5.0
2026-02-28,wk inc flu hosp,2,2026-03-14,02,quantile,0.2,5.0
2026-02-28,wk inc flu hosp,2,2026-03-14,02,quantile,0.25,6.0
2026-02-28,wk inc flu hosp,2,2026-03-14,02,quantile,0.3,6.0
2026-02-28,wk inc flu hosp,2,2026-03-14,02,quantile,0.35,7.0
2026-02-28,wk inc flu hosp,2,2026-03-14,02,quantile,0.4,8.0
2026-02-28,wk inc flu hosp,2,2026-03-14,02,quantile,0.45,8.0
2026-02-28,wk inc flu hosp,2,2026-03-14,02,quantile,0.5,9.0
2026-02-28,wk inc flu hosp,2,2026-03-14,02,quantile,0.55,10.0
2026-02-28,wk inc flu hosp,2,2026-03-14,02,quantile,0.6,10.0
2026-02-28,wk inc flu hosp,2,2026-03-14,02,quantile,0.65,11.0
2026-02-28,wk inc flu hosp,2,2026-03-14,02,quantile,0.7,11.0
2026-02-28,wk inc flu hosp,2,2026-03-14,02,quantile,0.75,12.0
2026-02-28,wk inc flu hosp,2,2026-03-14,02,quantile,0.8,13.0
2026-02-28,wk inc flu hosp,2,2026-03-14,02,quantile,0.85,13.0
2026-02-28,wk inc flu hosp,2,2026-03-14,02,quantile,0.9,14.0
2026-02-28,wk inc flu hosp,2,2026-03-14,02,quantile,0.95,16.0
2026-02-28,wk inc flu hosp,2,2026-03-14,02,quantile,0.975,18.0
2026-02-28,wk inc flu hosp,2,2026-03-14,02,quantile,0.99,19.0
2026-02-28,wk inc flu hosp,2,2026-03-14,04,quantile,0.01,40.0
2026-02-28,wk inc flu hosp,2,2026-03-14,04,quantile,0.025,48.0
2026-02-28,wk inc flu hosp,2,2026-03-14,04,quantile,0.05,65.0
2026-02-28,wk inc flu hosp,2,2026-03-14,04,quantile,0.1,89.0
2026-02-28,wk inc flu hosp,2,2026-03-14,04,quantile,0.15,103.0
2026-02-28,wk inc flu hosp,2,2026-03-14,04,quantile,0.2,114.0
2026-02-28,wk inc flu hosp,2,2026-03-14,04,quantile,0.25,124.0
2026-02-28,wk inc flu hosp,2,2026-03-14,04,quantile,0.3,132.0
2026-02-28,wk inc flu hosp,2,2026-03-14,04,quantile,0.35,141.0
2026-02-28,wk inc flu hosp,2,2026-03-14,04,quantile,0.4,148.0
2026-02-28,wk inc flu hosp,2,2026-03-14,04,quantile,0.45,157.0
2026-02-28,wk inc flu hosp,2,2026-03-14,04,quantile,0.5,165.0
2026-02-28,wk inc flu hosp,2,2026-03-14,04,quantile,0.55,173.0
2026-02-28,wk inc flu hosp,2,2026-03-14,04,quantile,0.6,180.0
2026-02-28,wk inc flu hosp,2,2026-03-14,04,quantile,0.65,190.0
2026-02-28,wk inc flu hosp,2,2026-03-14,04,quantile,0.7,198.0
2026-02-28,wk inc flu hosp,2,2026-03-14,04,quantile,0.75,207.0
2026-02-28,wk inc flu hosp,2,2026-03-14,04,quantile,0.8,217.0
2026-02-28,wk inc flu hosp,2,2026-03-14,04,quantile,0.85,228.0
2026-02-28,wk inc flu hosp,2,2026-03-14,04,quantile,0.9,245.0
2026-02-28,wk inc flu hosp,2,2026-03-14,04,quantile,0.95,267.0
2026-02-28,wk inc flu hosp,2,2026-03-14,04,quantile,0.975,290.0
2026-02-28,wk inc flu hosp,2,2026-03-14,04,quantile,0.99,311.0
2026-02-28,wk inc flu hosp,2,2026-03-14,05,quantile,0.01,0.0
2026-02-28,wk inc flu hosp,2,2026-03-14,05,quantile,0.025,0.0
2026-02-28,wk inc flu hosp,2,2026-03-14,05,quantile,0.05,6.0
2026-02-28,wk inc flu hosp,2,2026-03-14,05,quantile,0.1,13.0
2026-02-28,wk inc flu hosp,2,2026-03-14,05,quantile,0.15,23.0
2026-02-28,wk inc flu hosp,2,2026-03-14,05,quantile,0.2,37.0
2026-02-28,wk inc flu hosp,2,2026-03-14,05,quantile,0.25,48.0
2026-02-28,wk inc flu hosp,2,2026-03-14,05,quantile,0.3,58.0
2026-02-28,wk inc flu hosp,2,2026-03-14,05,quantile,0.35,68.0
2026-02-28,wk inc flu hosp,2,2026-03-14,05,quantile,0.4,76.0
2026-02-28,wk inc flu hosp,2,2026-03-14,05,quantile,0.45,83.0
2026-02-28,wk inc flu hosp,2,2026-03-14,05,quantile,0.5,87.0
2026-02-28,wk inc flu hosp,2,2026-03-14,05,quantile,0.55,90.0
2026-02-28,wk inc flu hosp,2,2026-03-14,05,quantile,0.6,93.0
2026-02-28,wk inc flu hosp,2,2026-03-14,05,quantile,0.65,98.0
2026-02-28,wk inc flu hosp,2,2026-03-14,05,quantile,0.7,101.0
2026-02-28,wk inc flu hosp,2,2026-03-14,05,quantile,0.75,105.0
2026-02-28,wk inc flu hosp,2,2026-03-14,05,quantile,0.8,109.0
2026-02-28,wk inc flu hosp,2,2026-03-14,05,quantile,0.85,114.0
2026-02-28,wk inc flu hosp,2,2026-03-14,05,quantile,0.9,121.0
2026-02-28,wk inc flu hosp,2,2026-03-14,05,quantile,0.95,130.0
2026-02-28,wk inc flu hosp,2,2026-03-14,05,quantile,0.975,139.0
2026-02-28,wk inc flu hosp,2,2026-03-14,05,quantile,0.99,146.0
2026-02-28,wk inc flu hosp,2,2026-03-14,06,quantile,0.01,155.0
2026-02-28,wk inc flu hosp,2,2026-03-14,06,quantile,0.025,273.0
2026-02-28,wk inc flu hosp,2,2026-03-14,06,quantile,0.05,387.0
2026-02-28,wk inc flu hosp,2,2026-03-14,06,quantile,0.1,493.0
2026-02-28,wk inc flu hosp,2,2026-03-14,06,quantile,0.15,555.0
2026-02-28,wk inc flu hosp,2,2026-03-14,06,quantile,0.2,611.0
2026-02-28,wk inc flu hosp,2,2026-03-14,06,quantile,0.25,658.0
2026-02-28,wk inc flu hosp,2,2026-03-14,06,quantile,0.3,703.0
2026-02-28,wk inc flu hosp,2,2026-03-14,06,quantile,0.35,749.0
2026-02-28,wk inc flu hosp,2,2026-03-14,06,quantile,0.4,798.0
2026-02-28,wk inc flu hosp,2,2026-03-14,06,quantile,0.45,843.0
2026-02-28,wk inc flu hosp,2,2026-03-14,06,quantile,0.5,893.0
2026-02-28,wk inc flu hosp,2,2026-03-14,06,quantile,0.55,934.0
2026-02-28,wk inc flu hosp,2,2026-03-14,06,quantile,0.6,969.0
2026-02-28,wk inc flu hosp,2,2026-03-14,06,quantile,0.65,1017.0
2026-02-28,wk inc flu hosp,2,2026-03-14,06,quantile,0.7,1054.0
2026-02-28,wk inc flu hosp,2,2026-03-14,06,quantile,0.75,1100.0
2026-02-28,wk inc flu hosp,2,2026-03-14,06,quantile,0.8,1152.0
2026-02-28,wk inc flu hosp,2,2026-03-14,06,quantile,0.85,1212.0
2026-02-28,wk inc flu hosp,2,2026-03-14,06,quantile,0.9,1300.0
2026-02-28,wk inc flu hosp,2,2026-03-14,06,quantile,0.95,1415.0
2026-02-28,wk inc flu hosp,2,2026-03-14,06,quantile,0.975,1516.0
2026-02-28,wk inc flu hosp,2,2026-03-14,06,quantile,0.99,1605.0
2026-02-28,wk inc flu hosp,2,2026-03-14,08,quantile,0.01,14.0
2026-02-28,wk inc flu hosp,2,2026-03-14,08,quantile,0.025,18.0
2026-02-28,wk inc flu hosp,2,2026-03-14,08,quantile,0.05,25.0
2026-02-28,wk inc flu hosp,2,2026-03-14,08,quantile,0.1,38.0
2026-02-28,wk inc flu hosp,2,2026-03-14,08,quantile,0.15,48.0
2026-02-28,wk inc flu hosp,2,2026-03-14,08,quantile,0.2,54.0
2026-02-28,wk inc flu hosp,2,2026-03-14,08,quantile,0.25,60.0
2026-02-28,wk inc flu hosp,2,2026-03-14,08,quantile,0.3,66.0
2026-02-28,wk inc flu hosp,2,2026-03-14,08,quantile,0.35,72.0
2026-02-28,wk inc flu hosp,2,2026-03-14,08,quantile,0.4,78.0
2026-02-28,wk inc flu hosp,2,2026-03-14,08,quantile,0.45,83.0
2026-02-28,wk inc flu hosp,2,2026-03-14,08,quantile,0.5,89.0
2026-02-28,wk inc flu hosp,2,2026-03-14,08,quantile,0.55,94.0
2026-02-28,wk inc flu hosp,2,2026-03-14,08,quantile,0.6,99.0
2026-02-28,wk inc flu hosp,2,2026-03-14,08,quantile,0.65,105.0
2026-02-28,wk inc flu hosp,2,2026-03-14,08,quantile,0.7,111.0
2026-02-28,wk inc flu hosp,2,2026-03-14,08,quantile,0.75,117.0
2026-02-28,wk inc flu hosp,2,2026-03-14,08,quantile,0.8,123.0
2026-02-28,wk inc flu hosp,2,2026-03-14,08,quantile,0.85,129.0
2026-02-28,wk inc flu hosp,2,2026-03-14,08,quantile,0.9,138.0
2026-02-28,wk inc flu hosp,2,2026-03-14,08,quantile,0.95,155.0
2026-02-28,wk inc flu hosp,2,2026-03-14,08,quantile,0.975,167.0
2026-02-28,wk inc flu hosp,2,2026-03-14,08,quantile,0.99,175.0
2026-02-28,wk inc flu hosp,2,2026-03-14,09,quantile,0.01,0.0
2026-02-28,wk inc flu hosp,2,2026-03-14,09,quantile,0.025,0.0
2026-02-28,wk inc flu hosp,2,2026-03-14,09,quantile,0.05,0.0
2026-02-28,wk inc flu hosp,2,2026-03-14,09,quantile,0.1,6.0
2026-02-28,wk inc flu hosp,2,2026-03-14,09,quantile,0.15,12.0
2026-02-28,wk inc flu hosp,2,2026-03-14,09,quantile,0.2,14.0
2026-02-28,wk inc flu hosp,2,2026-03-14,09,quantile,0.25,17.0
2026-02-28,wk inc flu hosp,2,2026-03-14,09,quantile,0.3,19.0
2026-02-28,wk inc flu hosp,2,2026-03-14,09,quantile,0.35,21.0
2026-02-28,wk inc flu hosp,2,2026-03-14,09,quantile,0.4,23.0
2026-02-28,wk inc flu hosp,2,2026-03-14,09,quantile,0.45,25.0
2026-02-28,wk inc flu hosp,2,2026-03-14,09,quantile,0.5,27.0
2026-02-28,wk inc flu hosp,2,2026-03-14,09,quantile,0.55,29.0
2026-02-28,wk inc flu hosp,2,2026-03-14,09,quantile,0.6,31.0
2026-02-28,wk inc flu hosp,2,2026-03-14,09,quantile,0.65,34.0
2026-02-28,wk inc flu hosp,2,2026-03-14,09,quantile,0.7,35.0
2026-02-28,wk inc flu hosp,2,2026-03-14,09,quantile,0.75,38.0
2026-02-28,wk inc flu hosp,2,2026-03-14,09,quantile,0.8,40.0
2026-02-28,wk inc flu hosp,2,2026-03-14,09,quantile,0.85,42.0
2026-02-28,wk inc flu hosp,2,2026-03-14,09,quantile,0.9,46.0
2026-02-28,wk inc flu hosp,2,2026-03-14,09,quantile,0.95,51.0
2026-02-28,wk inc flu hosp,2,2026-03-14,09,quantile,0.975,57.0
2026-02-28,wk inc flu hosp,2,2026-03-14,09,quantile,0.99,61.0
2026-02-28,wk inc flu hosp,2,2026-03-14,10,quantile,0.01,0.0
2026-02-28,wk inc flu hosp,2,2026-03-14,10,quantile,0.025,0.0
2026-02-28,wk inc flu hosp,2,2026-03-14,10,quantile,0.05,1.0
2026-02-28,wk inc flu hosp,2,2026-03-14,10,quantile,0.1,3.0
2026-02-28,wk inc flu hosp,2,2026-03-14,10,quantile,0.15,5.0
2026-02-28,wk inc flu hosp,2,2026-03-14,10,quantile,0.2,8.0
2026-02-28,wk inc flu hosp,2,2026-03-14,10,quantile,0.25,10.0
2026-02-28,wk inc flu hosp,2,2026-03-14,10,quantile,0.3,13.0
2026-02-28,wk inc flu hosp,2,2026-03-14,10,quantile,0.35,14.0
2026-02-28,wk inc flu hosp,2,2026-03-14,10,quantile,0.4,17.0
2026-02-28,wk inc flu hosp,2,2026-03-14,10,quantile,0.45,19.0
2026-02-28,wk inc flu hosp,2,2026-03-14,10,quantile,0.5,20.0
2026-02-28,wk inc flu hosp,2,2026-03-14,10,quantile,0.55,21.0
2026-02-28,wk inc flu hosp,2,2026-03-14,10,quantile,0.6,22.0
2026-02-28,wk inc flu hosp,2,2026-03-14,10,quantile,0.65,23.0
2026-02-28,wk inc flu hosp,2,2026-03-14,10,quantile,0.7,24.0
2026-02-28,wk inc flu hosp,2,2026-03-14,10,quantile,0.75,25.0
2026-02-28,wk inc flu hosp,2,2026-03-14,10,quantile,0.8,26.0
2026-02-28,wk inc flu hosp,2,2026-03-14,10,quantile,0.85,27.0
2026-02-28,wk inc flu hosp,2,2026-03-14,10,quantile,0.9,29.0
2026-02-28,wk inc flu hosp,2,2026-03-14,10,quantile,0.95,33.0
2026-02-28,wk inc flu hosp,2,2026-03-14,10,quantile,0.975,36.0
2026-02-28,wk inc flu hosp,2,2026-03-14,10,quantile,0.99,38.0
2026-02-28,wk inc flu hosp,2,2026-03-14,11,quantile,0.01,0.0
2026-02-28,wk inc flu hosp,2,2026-03-14,11,quantile,0.025,0.0
2026-02-28,wk inc flu hosp,2,2026-03-14,11,quantile,0.05,0.0
2026-02-28,wk inc flu hosp,2,2026-03-14,11,quantile,0.1,0.0
2026-02-28,wk inc flu hosp,2,2026-03-14,11,quantile,0.15,0.0
2026-02-28,wk inc flu hosp,2,2026-03-14,11,quantile,0.2,0.0
2026-02-28,wk inc flu hosp,2,2026-03-14,11,quantile,0.25,0.0
2026-02-28,wk inc flu hosp,2,2026-03-14,11,quantile,0.3,0.0
2026-02-28,wk inc flu hosp,2,2026-03-14,11,quantile,0.35,0.0
2026-02-28,wk inc flu hosp,2,2026-03-14,11,quantile,0.4,0.0
2026-02-28,wk inc flu hosp,2,2026-03-14,11,quantile,0.45,0.0
2026-02-28,wk inc flu hosp,2,2026-03-14,11,quantile,0.5,0.0
2026-02-28,wk inc flu hosp,2,2026-03-14,11,quantile,0.55,0.0
2026-02-28,wk inc flu hosp,2,2026-03-14,11,quantile,0.6,0.0
2026-02-28,wk inc flu hosp,2,2026-03-14,11,quantile,0.65,1.0
2026-02-28,wk inc flu hosp,2,2026-03-14,11,quantile,0.7,1.0
2026-02-28,wk inc flu hosp,2,2026-03-14,11,quantile,0.75,2.0
2026-02-28,wk inc flu hosp,2,2026-03-14,11,quantile,0.8,2.0
2026-02-28,wk inc flu hosp,2,2026-03-14,11,quantile,0.85,3.0
2026-02-28,wk inc flu hosp,2,2026-03-14,11,quantile,0.9,4.0
2026-02-28,wk inc flu hosp,2,2026-03-14,11,quantile,0.95,5.0
2026-02-28,wk inc flu hosp,2,2026-03-14,11,quantile,0.975,6.0
2026-02-28,wk inc flu hosp,2,2026-03-14,11,quantile,0.99,7.0
2026-02-28,wk inc flu hosp,2,2026-03-14,12,quantile,0.01,257.0
2026-02-28,wk inc flu hosp,2,2026-03-14,12,quantile,0.025,342.0
2026-02-28,wk inc flu hosp,2,2026-03-14,12,quantile,0.05,438.0
2026-02-28,wk inc flu hosp,2,2026-03-14,12,quantile,0.1,510.0
2026-02-28,wk inc flu hosp,2,2026-03-14,12,quantile,0.15,547.0
2026-02-28,wk inc flu hosp,2,2026-03-14,12,quantile,0.2,581.0
2026-02-28,wk inc flu hosp,2,2026-03-14,12,quantile,0.25,621.0
2026-02-28,wk inc flu hosp,2,2026-03-14,12,quantile,0.3,647.0
2026-02-28,wk inc flu hosp,2,2026-03-14,12,quantile,0.35,677.0
2026-02-28,wk inc flu hosp,2,2026-03-14,12,quantile,0.4,705.0
2026-02-28,wk inc flu hosp,2,2026-03-14,12,quantile,0.45,733.0
2026-02-28,wk inc flu hosp,2,2026-03-14,12,quantile,0.5,760.0
2026-02-28,wk inc flu hosp,2,2026-03-14,12,quantile,0.55,782.0
2026-02-28,wk inc flu hosp,2,2026-03-14,12,quantile,0.6,804.0
2026-02-28,wk inc flu hosp,2,2026-03-14,12,quantile,0.65,831.0
2026-02-28,wk inc flu hosp,2,2026-03-14,12,quantile,0.7,860.0
2026-02-28,wk inc flu hosp,2,2026-03-14,12,quantile,0.75,884.0
2026-02-28,wk inc flu hosp,2,2026-03-14,12,quantile,0.8,911.0
2026-02-28,wk inc flu hosp,2,2026-03-14,12,quantile,0.85,940.0
2026-02-28,wk inc flu hosp,2,2026-03-14,12,quantile,0.9,999.0
2026-02-28,wk inc flu hosp,2,2026-03-14,12,quantile,0.95,1074.0
2026-02-28,wk inc flu hosp,2,2026-03-14,12,quantile,0.975,1151.0
2026-02-28,wk inc flu hosp,2,2026-03-14,12,quantile,0.99,1198.0
2026-02-28,wk inc flu hosp,2,2026-03-14,13,quantile,0.01,7.0
2026-02-28,wk inc flu hosp,2,2026-03-14,13,quantile,0.025,22.0
2026-02-28,wk inc flu hosp,2,2026-03-14,13,quantile,0.05,45.0
2026-02-28,wk inc flu hosp,2,2026-03-14,13,quantile,0.1,65.0
2026-02-28,wk inc flu hosp,2,2026-03-14,13,quantile,0.15,77.0
2026-02-28,wk inc flu hosp,2,2026-03-14,13,quantile,0.2,90.0
2026-02-28,wk inc flu hosp,2,2026-03-14,13,quantile,0.25,110.0
2026-02-28,wk inc flu hosp,2,2026-03-14,13,quantile,0.3,130.0
2026-02-28,wk inc flu hosp,2,2026-03-14,13,quantile,0.35,149.0
2026-02-28,wk inc flu hosp,2,2026-03-14,13,quantile,0.4,166.0
2026-02-28,wk inc flu hosp,2,2026-03-14,13,quantile,0.45,184.0
2026-02-28,wk inc flu hosp,2,2026-03-14,13,quantile,0.5,200.0
2026-02-28,wk inc flu hosp,2,2026-03-14,13,quantile,0.55,212.0
2026-02-28,wk inc flu hosp,2,2026-03-14,13,quantile,0.6,228.0
2026-02-28,wk inc flu hosp,2,2026-03-14,13,quantile,0.65,242.0
2026-02-28,wk inc flu hosp,2,2026-03-14,13,quantile,0.7,256.0
2026-02-28,wk inc flu hosp,2,2026-03-14,13,quantile,0.75,270.0
2026-02-28,wk inc flu hosp,2,2026-03-14,13,quantile,0.8,285.0
2026-02-28,wk inc flu hosp,2,2026-03-14,13,quantile,0.85,307.0
2026-02-28,wk inc flu hosp,2,2026-03-14,13,quantile,0.9,331.0
2026-02-28,wk inc flu hosp,2,2026-03-14,13,quantile,0.95,369.0
2026-02-28,wk inc flu hosp,2,2026-03-14,13,quantile,0.975,389.0
2026-02-28,wk inc flu hosp,2,2026-03-14,13,quantile,0.99,422.0
2026-02-28,wk inc flu hosp,2,2026-03-14,15,quantile,0.01,0.0
2026-02-28,wk inc flu hosp,2,2026-03-14,15,quantile,0.025,0.0
2026-02-28,wk inc flu hosp,2,2026-03-14,15,quantile,0.05,5.0
2026-02-28,wk inc flu hosp,2,2026-03-14,15,quantile,0.1,12.0
2026-02-28,wk inc flu hosp,2,2026-03-14,15,quantile,0.15,15.0
2026-02-28,wk inc flu hosp,2,2026-03-14,15,quantile,0.2,18.0
2026-02-28,wk inc flu hosp,2,2026-03-14,15,quantile,0.25,21.0
2026-02-28,wk inc flu hosp,2,2026-03-14,15,quantile,0.3,23.0
2026-02-28,wk inc flu hosp,2,2026-03-14,15,quantile,0.35,25.0
2026-02-28,wk inc flu hosp,2,2026-03-14,15,quantile,0.4,27.0
2026-02-28,wk inc flu hosp,2,2026-03-14,15,quantile,0.45,30.0
2026-02-28,wk inc flu hosp,2,2026-03-14,15,quantile,0.5,32.0
2026-02-28,wk inc flu hosp,2,2026-03-14,15,quantile,0.55,35.0
2026-02-28,wk inc flu hosp,2,2026-03-14,15,quantile,0.6,37.0
2026-02-28,wk inc flu hosp,2,2026-03-14,15,quantile,0.65,39.0
2026-02-28,wk inc flu hosp,2,2026-03-14,15,quantile,0.7,41.0
2026-02-28,wk inc flu hosp,2,2026-03-14,15,quantile,0.75,44.0
2026-02-28,wk inc flu hosp,2,2026-03-14,15,quantile,0.8,46.0
2026-02-28,wk inc flu hosp,2,2026-03-14,15,quantile,0.85,49.0
2026-02-28,wk inc flu hosp,2,2026-03-14,15,quantile,0.9,52.0
2026-02-28,wk inc flu hosp,2,2026-03-14,15,quantile,0.95,58.0
2026-02-28,wk inc flu hosp,2,2026-03-14,15,quantile,0.975,63.0
2026-02-28,wk inc flu hosp,2,2026-03-14,15,quantile,0.99,67.0
2026-02-28,wk inc flu hosp,2,2026-03-14,16,quantile,0.01,5.0
2026-02-28,wk inc flu hosp,2,2026-03-14,16,quantile,0.025,7.0
2026-02-28,wk inc flu hosp,2,2026-03-14,16,quantile,0.05,11.0
2026-02-28,wk inc flu hosp,2,2026-03-14,16,quantile,0.1,19.0
2026-02-28,wk inc flu hosp,2,2026-03-14,16,quantile,0.15,23.0
2026-02-28,wk inc flu hosp,2,2026-03-14,16,quantile,0.2,28.0
2026-02-28,wk inc flu hosp,2,2026-03-14,16,quantile,0.25,31.0
2026-02-28,wk inc flu hosp,2,2026-03-14,16,quantile,0.3,35.0
2026-02-28,wk inc flu hosp,2,2026-03-14,16,quantile,0.35,38.0
2026-02-28,wk inc flu hosp,2,2026-03-14,16,quantile,0.4,41.0
2026-02-28,wk inc flu hosp,2,2026-03-14,16,quantile,0.45,44.0
2026-02-28,wk inc flu hosp,2,2026-03-14,16,quantile,0.5,47.0
2026-02-28,wk inc flu hosp,2,2026-03-14,16,quantile,0.55,50.0
2026-02-28,wk inc flu hosp,2,2026-03-14,16,quantile,0.6,52.0
2026-02-28,wk inc flu hosp,2,2026-03-14,16,quantile,0.65,54.0
2026-02-28,wk inc flu hosp,2,2026-03-14,16,quantile,0.7,55.0
2026-02-28,wk inc flu hosp,2,2026-03-14,16,quantile,0.75,57.0
2026-02-28,wk inc flu hosp,2,2026-03-14,16,quantile,0.8,58.0
2026-02-28,wk inc flu hosp,2,2026-03-14,16,quantile,0.85,60.0
2026-02-28,wk inc flu hosp,2,2026-03-14,16,quantile,0.9,62.0
2026-02-28,wk inc flu hosp,2,2026-03-14,16,quantile,0.95,66.0
2026-02-28,wk inc flu hosp,2,2026-03-14,16,quantile,0.975,69.0
2026-02-28,wk inc flu hosp,2,2026-03-14,16,quantile,0.99,73.0
2026-02-28,wk inc flu hosp,2,2026-03-14,17,quantile,0.01,0.0
2026-02-28,wk inc flu hosp,2,2026-03-14,17,quantile,0.025,0.0
2026-02-28,wk inc flu hosp,2,2026-03-14,17,quantile,0.05,37.0
2026-02-28,wk inc flu hosp,2,2026-03-14,17,quantile,0.1,114.0
2026-02-28,wk inc flu hosp,2,2026-03-14,17,quantile,0.15,156.0
2026-02-28,wk inc flu hosp,2,2026-03-14,17,quantile,0.2,187.0
2026-02-28,wk inc flu hosp,2,2026-03-14,17,quantile,0.25,202.0
2026-02-28,wk inc flu hosp,2,2026-03-14,17,quantile,0.3,215.0
2026-02-28,wk inc flu hosp,2,2026-03-14,17,quantile,0.35,228.0
2026-02-28,wk inc flu hosp,2,2026-03-14,17,quantile,0.4,241.0
2026-02-28,wk inc flu hosp,2,2026-03-14,17,quantile,0.45,254.0
2026-02-28,wk inc flu hosp,2,2026-03-14,17,quantile,0.5,266.0
2026-02-28,wk inc flu hosp,2,2026-03-14,17,quantile,0.55,278.0
2026-02-28,wk inc flu hosp,2,2026-03-14,17,quantile,0.6,287.0
2026-02-28,wk inc flu hosp,2,2026-03-14,17,quantile,0.65,303.0
2026-02-28,wk inc flu hosp,2,2026-03-14,17,quantile,0.7,313.0
2026-02-28,wk inc flu hosp,2,2026-03-14,17,quantile,0.75,327.0
2026-02-28,wk inc flu hosp,2,2026-03-14,17,quantile,0.8,339.0
2026-02-28,wk inc flu hosp,2,2026-03-14,17,quantile,0.85,355.0
2026-02-28,wk inc flu hosp,2,2026-03-14,17,quantile,0.9,376.0
2026-02-28,wk inc flu hosp,2,2026-03-14,17,quantile,0.95,411.0
2026-02-28,wk inc flu hosp,2,2026-03-14,17,quantile,0.975,438.0
2026-02-28,wk inc flu hosp,2,2026-03-14,17,quantile,0.99,458.0
2026-02-28,wk inc flu hosp,2,2026-03-14,18,quantile,0.01,0.0
2026-02-28,wk inc flu hosp,2,2026-03-14,18,quantile,0.025,0.0
2026-02-28,wk inc flu hosp,2,2026-03-14,18,quantile,0.05,0.0
2026-02-28,wk inc flu hosp,2,2026-03-14,18,quantile,0.1,20.0
2026-02-28,wk inc flu hosp,2,2026-03-14,18,quantile,0.15,49.0
2026-02-28,wk inc flu hosp,2,2026-03-14,18,quantile,0.2,63.0
2026-02-28,wk inc flu hosp,2,2026-03-14,18,quantile,0.25,71.0
2026-02-28,wk inc flu hosp,2,2026-03-14,18,quantile,0.3,78.0
2026-02-28,wk inc flu hosp,2,2026-03-14,18,quantile,0.35,86.0
2026-02-28,wk inc flu hosp,2,2026-03-14,18,quantile,0.4,94.0
2026-02-28,wk inc flu hosp,2,2026-03-14,18,quantile,0.45,103.0
2026-02-28,wk inc flu hosp,2,2026-03-14,18,quantile,0.5,110.0
2026-02-28,wk inc flu hosp,2,2026-03-14,18,quantile,0.55,118.0
2026-02-28,wk inc flu hosp,2,2026-03-14,18,quantile,0.6,124.0
2026-02-28,wk inc flu hosp,2,2026-03-14,18,quantile,0.65,133.0
2026-02-28,wk inc flu hosp,2,2026-03-14,18,quantile,0.7,139.0
2026-02-28,wk inc flu hosp,2,2026-03-14,18,quantile,0.75,147.0
2026-02-28,wk inc flu hosp,2,2026-03-14,18,quantile,0.8,153.0
2026-02-28,wk inc flu hosp,2,2026-03-14,18,quantile,0.85,163.0
2026-02-28,wk inc flu hosp,2,2026-03-14,18,quantile,0.9,176.0
2026-02-28,wk inc flu hosp,2,2026-03-14,18,quantile,0.95,196.0
2026-02-28,wk inc flu hosp,2,2026-03-14,18,quantile,0.975,216.0
2026-02-28,wk inc flu hosp,2,2026-03-14,18,quantile,0.99,230.0
2026-02-28,wk inc flu hosp,2,2026-03-14,19,quantile,0.01,13.0
2026-02-28,wk inc flu hosp,2,2026-03-14,19,quantile,0.025,13.0
2026-02-28,wk inc flu hosp,2,2026-03-14,19,quantile,0.05,14.0
2026-02-28,wk inc flu hosp,2,2026-03-14,19,quantile,0.1,20.0
2026-02-28,wk inc flu hosp,2,2026-03-14,19,quantile,0.15,26.0
2026-02-28,wk inc flu hosp,2,2026-03-14,19,quantile,0.2,30.0
2026-02-28,wk inc flu hosp,2,2026-03-14,19,quantile,0.25,35.0
2026-02-28,wk inc flu hosp,2,2026-03-14,19,quantile,0.3,39.0
2026-02-28,wk inc flu hosp,2,2026-03-14,19,quantile,0.35,42.0
2026-02-28,wk inc flu hosp,2,2026-03-14,19,quantile,0.4,46.0
2026-02-28,wk inc flu hosp,2,2026-03-14,19,quantile,0.45,48.0
2026-02-28,wk inc flu hosp,2,2026-03-14,19,quantile,0.5,51.0
2026-02-28,wk inc flu hosp,2,2026-03-14,19,quantile,0.55,55.0
2026-02-28,wk inc flu hosp,2,2026-03-14,19,quantile,0.6,58.0
2026-02-28,wk inc flu hosp,2,2026-03-14,19,quantile,0.65,61.0
2026-02-28,wk inc flu hosp,2,2026-03-14,19,quantile,0.7,65.0
2026-02-28,wk inc flu hosp,2,2026-03-14,19,quantile,0.75,69.0
2026-02-28,wk inc flu hosp,2,2026-03-14,19,quantile,0.8,71.0
2026-02-28,wk inc flu hosp,2,2026-03-14,19,quantile,0.85,75.0
2026-02-28,wk inc flu hosp,2,2026-03-14,19,quantile,0.9,78.0
2026-02-28,wk inc flu hosp,2,2026-03-14,19,quantile,0.95,84.0
2026-02-28,wk inc flu hosp,2,2026-03-14,19,quantile,0.975,90.0
2026-02-28,wk inc flu hosp,2,2026-03-14,19,quantile,0.99,94.0
2026-02-28,wk inc flu hosp,2,2026-03-14,20,quantile,0.01,0.0
2026-02-28,wk inc flu hosp,2,2026-03-14,20,quantile,0.025,0.0
2026-02-28,wk inc flu hosp,2,2026-03-14,20,quantile,0.05,1.0
2026-02-28,wk inc flu hosp,2,2026-03-14,20,quantile,0.1,8.0
2026-02-28,wk inc flu hosp,2,2026-03-14,20,quantile,0.15,19.0
2026-02-28,wk inc flu hosp,2,2026-03-14,20,quantile,0.2,29.0
2026-02-28,wk inc flu hosp,2,2026-03-14,20,quantile,0.25,37.0
2026-02-28,wk inc flu hosp,2,2026-03-14,20,quantile,0.3,44.0
2026-02-28,wk inc flu hosp,2,2026-03-14,20,quantile,0.35,52.0
2026-02-28,wk inc flu hosp,2,2026-03-14,20,quantile,0.4,58.0
2026-02-28,wk inc flu hosp,2,2026-03-14,20,quantile,0.45,66.0
2026-02-28,wk inc flu hosp,2,2026-03-14,20,quantile,0.5,74.0
2026-02-28,wk inc flu hosp,2,2026-03-14,20,quantile,0.55,81.0
2026-02-28,wk inc flu hosp,2,2026-03-14,20,quantile,0.6,88.0
2026-02-28,wk inc flu hosp,2,2026-03-14,20,quantile,0.65,96.0
2026-02-28,wk inc flu hosp,2,2026-03-14,20,quantile,0.7,103.0
2026-02-28,wk inc flu hosp,2,2026-03-14,20,quantile,0.75,111.0
2026-02-28,wk inc flu hosp,2,2026-03-14,20,quantile,0.8,117.0
2026-02-28,wk inc flu hosp,2,2026-03-14,20,quantile,0.85,121.0
2026-02-28,wk inc flu hosp,2,2026-03-14,20,quantile,0.9,125.0
2026-02-28,wk inc flu hosp,2,2026-03-14,20,quantile,0.95,133.0
2026-02-28,wk inc flu hosp,2,2026-03-14,20,quantile,0.975,140.0
2026-02-28,wk inc flu hosp,2,2026-03-14,20,quantile,0.99,145.0
2026-02-28,wk inc flu hosp,2,2026-03-14,21,quantile,0.01,0.0
2026-02-28,wk inc flu hosp,2,2026-03-14,21,quantile,0.025,0.0
2026-02-28,wk inc flu hosp,2,2026-03-14,21,quantile,0.05,4.0
2026-02-28,wk inc flu hosp,2,2026-03-14,21,quantile,0.1,16.0
2026-02-28,wk inc flu hosp,2,2026-03-14,21,quantile,0.15,23.0
2026-02-28,wk inc flu hosp,2,2026-03-14,21,quantile,0.2,30.0
2026-02-28,wk inc flu hosp,2,2026-03-14,21,quantile,0.25,43.0
2026-02-28,wk inc flu hosp,2,2026-03-14,21,quantile,0.3,54.0
2026-02-28,wk inc flu hosp,2,2026-03-14,21,quantile,0.35,61.0
2026-02-28,wk inc flu hosp,2,2026-03-14,21,quantile,0.4,67.0
2026-02-28,wk inc flu hosp,2,2026-03-14,21,quantile,0.45,74.0
2026-02-28,wk inc flu hosp,2,2026-03-14,21,quantile,0.5,82.0
2026-02-28,wk inc flu hosp,2,2026-03-14,21,quantile,0.55,93.0
2026-02-28,wk inc flu hosp,2,2026-03-14,21,quantile,0.6,98.0
2026-02-28,wk inc flu hosp,2,2026-03-14,21,quantile,0.65,107.0
2026-02-28,wk inc flu hosp,2,2026-03-14,21,quantile,0.7,112.0
2026-02-28,wk inc flu hosp,2,2026-03-14,21,quantile,0.75,118.0
2026-02-28,wk inc flu hosp,2,2026-03-14,21,quantile,0.8,123.0
2026-02-28,wk inc flu hosp,2,2026-03-14,21,quantile,0.85,129.0
2026-02-28,wk inc flu hosp,2,2026-03-14,21,quantile,0.9,138.0
2026-02-28,wk inc flu hosp,2,2026-03-14,21,quantile,0.95,151.0
2026-02-28,wk inc flu hosp,2,2026-03-14,21,quantile,0.975,164.0
2026-02-28,wk inc flu hosp,2,2026-03-14,21,quantile,0.99,172.0
2026-02-28,wk inc flu hosp,2,2026-03-14,22,quantile,0.01,18.0
2026-02-28,wk inc flu hosp,2,2026-03-14,22,quantile,0.025,25.0
2026-02-28,wk inc flu hosp,2,2026-03-14,22,quantile,0.05,32.0
2026-02-28,wk inc flu hosp,2,2026-03-14,22,quantile,0.1,45.0
2026-02-28,wk inc flu hosp,2,2026-03-14,22,quantile,0.15,53.0
2026-02-28,wk inc flu hosp,2,2026-03-14,22,quantile,0.2,62.0
2026-02-28,wk inc flu hosp,2,2026-03-14,22,quantile,0.25,68.0
2026-02-28,wk inc flu hosp,2,2026-03-14,22,quantile,0.3,74.0
2026-02-28,wk inc flu hosp,2,2026-03-14,22,quantile,0.35,80.0
2026-02-28,wk inc flu hosp,2,2026-03-14,22,quantile,0.4,84.0
2026-02-28,wk inc flu hosp,2,2026-03-14,22,quantile,0.45,88.0
2026-02-28,wk inc flu hosp,2,2026-03-14,22,quantile,0.5,94.0
2026-02-28,wk inc flu hosp,2,2026-03-14,22,quantile,0.55,101.0
2026-02-28,wk inc flu hosp,2,2026-03-14,22,quantile,0.6,108.0
2026-02-28,wk inc flu hosp,2,2026-03-14,22,quantile,0.65,114.0
2026-02-28,wk inc flu hosp,2,2026-03-14,22,quantile,0.7,120.0
2026-02-28,wk inc flu hosp,2,2026-03-14,22,quantile,0.75,125.0
2026-02-28,wk inc flu hosp,2,2026-03-14,22,quantile,0.8,132.0
2026-02-28,wk inc flu hosp,2,2026-03-14,22,quantile,0.85,138.0
2026-02-28,wk inc flu hosp,2,2026-03-14,22,quantile,0.9,148.0
2026-02-28,wk inc flu hosp,2,2026-03-14,22,quantile,0.95,161.0
2026-02-28,wk inc flu hosp,2,2026-03-14,22,quantile,0.975,169.0
2026-02-28,wk inc flu hosp,2,2026-03-14,22,quantile,0.99,179.0
2026-02-28,wk inc flu hosp,2,2026-03-14,23,quantile,0.01,0.0
2026-02-28,wk inc flu hosp,2,2026-03-14,23,quantile,0.025,0.0
2026-02-28,wk inc flu hosp,2,2026-03-14,23,quantile,0.05,1.0
2026-02-28,wk inc flu hosp,2,2026-03-14,23,quantile,0.1,4.0
2026-02-28,wk inc flu hosp,2,2026-03-14,23,quantile,0.15,6.0
2026-02-28,wk inc flu hosp,2,2026-03-14,23,quantile,0.2,8.0
2026-02-28,wk inc flu hosp,2,2026-03-14,23,quantile,0.25,10.0
2026-02-28,wk inc flu hosp,2,2026-03-14,23,quantile,0.3,11.0
2026-02-28,wk inc flu hosp,2,2026-03-14,23,quantile,0.35,13.0
2026-02-28,wk inc flu hosp,2,2026-03-14,23,quantile,0.4,15.0
2026-02-28,wk inc flu hosp,2,2026-03-14,23,quantile,0.45,16.0
2026-02-28,wk inc flu hosp,2,2026-03-14,23,quantile,0.5,18.0
2026-02-28,wk inc flu hosp,2,2026-03-14,23,quantile,0.55,19.0
2026-02-28,wk inc flu hosp,2,2026-03-14,23,quantile,0.6,20.0
2026-02-28,wk inc flu hosp,2,2026-03-14,23,quantile,0.65,22.0
2026-02-28,wk inc flu hosp,2,2026-03-14,23,quantile,0.7,23.0
2026-02-28,wk inc flu hosp,2,2026-03-14,23,quantile,0.75,25.0
2026-02-28,wk inc flu hosp,2,2026-03-14,23,quantile,0.8,26.0
2026-02-28,wk inc flu hosp,2,2026-03-14,23,quantile,0.85,27.0
2026-02-28,wk inc flu hosp,2,2026-03-14,23,quantile,0.9,28.0
2026-02-28,wk inc flu hosp,2,2026-03-14,23,quantile,0.95,31.0
2026-02-28,wk inc flu hosp,2,2026-03-14,23,quantile,0.975,34.0
2026-02-28,wk inc flu hosp,2,2026-03-14,23,quantile,0.99,36.0
2026-02-28,wk inc flu hosp,2,2026-03-14,24,quantile,0.01,0.0
2026-02-28,wk inc flu hosp,2,2026-03-14,24,quantile,0.025,0.0
2026-02-28,wk inc flu hosp,2,2026-03-14,24,quantile,0.05,0.0
2026-02-28,wk inc flu hosp,2,2026-03-14,24,quantile,0.1,0.0
2026-02-28,wk inc flu hosp,2,2026-03-14,24,quantile,0.15,0.0
2026-02-28,wk inc flu hosp,2,2026-03-14,24,quantile,0.2,2.0
2026-02-28,wk inc flu hosp,2,2026-03-14,24,quantile,0.25,12.0
2026-02-28,wk inc flu hosp,2,2026-03-14,24,quantile,0.3,24.0
2026-02-28,wk inc flu hosp,2,2026-03-14,24,quantile,0.35,33.0
2026-02-28,wk inc flu hosp,2,2026-03-14,24,quantile,0.4,39.0
2026-02-28,wk inc flu hosp,2,2026-03-14,24,quantile,0.45,44.0
2026-02-28,wk inc flu hosp,2,2026-03-14,24,quantile,0.5,50.0
2026-02-28,wk inc flu hosp,2,2026-03-14,24,quantile,0.55,54.0
2026-02-28,wk inc flu hosp,2,2026-03-14,24,quantile,0.6,59.0
2026-02-28,wk inc flu hosp,2,2026-03-14,24,quantile,0.65,65.0
2026-02-28,wk inc flu hosp,2,2026-03-14,24,quantile,0.7,70.0
2026-02-28,wk inc flu hosp,2,2026-03-14,24,quantile,0.75,77.0
2026-02-28,wk inc flu hosp,2,2026-03-14,24,quantile,0.8,82.0
2026-02-28,wk inc flu hosp,2,2026-03-14,24,quantile,0.85,90.0
2026-02-28,wk inc flu hosp,2,2026-03-14,24,quantile,0.9,101.0
2026-02-28,wk inc flu hosp,2,2026-03-14,24,quantile,0.95,114.0
2026-02-28,wk inc flu hosp,2,2026-03-14,24,quantile,0.975,131.0
2026-02-28,wk inc flu hosp,2,2026-03-14,24,quantile,0.99,150.0
2026-02-28,wk inc flu hosp,2,2026-03-14,25,quantile,0.01,0.0
2026-02-28,wk inc flu hosp,2,2026-03-14,25,quantile,0.025,0.0
2026-02-28,wk inc flu hosp,2,2026-03-14,25,quantile,0.05,9.0
2026-02-28,wk inc flu hosp,2,2026-03-14,25,quantile,0.1,17.0
2026-02-28,wk inc flu hosp,2,2026-03-14,25,quantile,0.15,22.0
2026-02-28,wk inc flu hosp,2,2026-03-14,25,quantile,0.2,25.0
2026-02-28,wk inc flu hosp,2,2026-03-14,25,quantile,0.25,31.0
2026-02-28,wk inc flu hosp,2,2026-03-14,25,quantile,0.3,37.0
2026-02-28,wk inc flu hosp,2,2026-03-14,25,quantile,0.35,43.0
2026-02-28,wk inc flu hosp,2,2026-03-14,25,quantile,0.4,48.0
2026-02-28,wk inc flu hosp,2,2026-03-14,25,quantile,0.45,52.0
2026-02-28,wk inc flu hosp,2,2026-03-14,25,quantile,0.5,56.0
2026-02-28,wk inc flu hosp,2,2026-03-14,25,quantile,0.55,61.0
2026-02-28,wk inc flu hosp,2,2026-03-14,25,quantile,0.6,65.0
2026-02-28,wk inc flu hosp,2,2026-03-14,25,quantile,0.65,70.0
2026-02-28,wk inc flu hosp,2,2026-03-14,25,quantile,0.7,75.0
2026-02-28,wk inc flu hosp,2,2026-03-14,25,quantile,0.75,80.0
2026-02-28,wk inc flu hosp,2,2026-03-14,25,quantile,0.8,88.0
2026-02-28,wk inc flu hosp,2,2026-03-14,25,quantile,0.85,95.0
2026-02-28,wk inc flu hosp,2,2026-03-14,25,quantile,0.9,103.0
2026-02-28,wk inc flu hosp,2,2026-03-14,25,quantile,0.95,117.0
2026-02-28,wk inc flu hosp,2,2026-03-14,25,quantile,0.975,126.0
2026-02-28,wk inc flu hosp,2,2026-03-14,25,quantile,0.99,133.0
2026-02-28,wk inc flu hosp,2,2026-03-14,26,quantile,0.01,15.0
2026-02-28,wk inc flu hosp,2,2026-03-14,26,quantile,0.025,25.0
2026-02-28,wk inc flu hosp,2,2026-03-14,26,quantile,0.05,39.0
2026-02-28,wk inc flu hosp,2,2026-03-14,26,quantile,0.1,72.0
2026-02-28,wk inc flu hosp,2,2026-03-14,26,quantile,0.15,94.0
2026-02-28,wk inc flu hosp,2,2026-03-14,26,quantile,0.2,115.0
2026-02-28,wk inc flu hosp,2,2026-03-14,26,quantile,0.25,131.0
2026-02-28,wk inc flu hosp,2,2026-03-14,26,quantile,0.3,145.0
2026-02-28,wk inc flu hosp,2,2026-03-14,26,quantile,0.35,161.0
2026-02-28,wk inc flu hosp,2,2026-03-14,26,quantile,0.4,174.0
2026-02-28,wk inc flu hosp,2,2026-03-14,26,quantile,0.45,187.0
2026-02-28,wk inc flu hosp,2,2026-03-14,26,quantile,0.5,199.0
2026-02-28,wk inc flu hosp,2,2026-03-14,26,quantile,0.55,211.0
2026-02-28,wk inc flu hosp,2,2026-03-14,26,quantile,0.6,223.0
2026-02-28,wk inc flu hosp,2,2026-03-14,26,quantile,0.65,236.0
2026-02-28,wk inc flu hosp,2,2026-03-14,26,quantile,0.7,240.0
2026-02-28,wk inc flu hosp,2,2026-03-14,26,quantile,0.75,246.0
2026-02-28,wk inc flu hosp,2,2026-03-14,26,quantile,0.8,251.0
2026-02-28,wk inc flu hosp,2,2026-03-14,26,quantile,0.85,258.0
2026-02-28,wk inc flu hosp,2,2026-03-14,26,quantile,0.9,267.0
2026-02-28,wk inc flu hosp,2,2026-03-14,26,quantile,0.95,281.0
2026-02-28,wk inc flu hosp,2,2026-03-14,26,quantile,0.975,297.0
2026-02-28,wk inc flu hosp,2,2026-03-14,26,quantile,0.99,349.0
2026-02-28,wk inc flu hosp,2,2026-03-14,27,quantile,0.01,0.0
2026-02-28,wk inc flu hosp,2,2026-03-14,27,quantile,0.025,0.0
2026-02-28,wk inc flu hosp,2,2026-03-14,27,quantile,0.05,0.0
2026-02-28,wk inc flu hosp,2,2026-03-14,27,quantile,0.1,18.0
2026-02-28,wk inc flu hosp,2,2026-03-14,27,quantile,0.15,32.0
2026-02-28,wk inc flu hosp,2,2026-03-14,27,quantile,0.2,33.0
2026-02-28,wk inc flu hosp,2,2026-03-14,27,quantile,0.25,34.0
2026-02-28,wk inc flu hosp,2,2026-03-14,27,quantile,0.3,34.0
2026-02-28,wk inc flu hosp,2,2026-03-14,27,quantile,0.35,34.0
2026-02-28,wk inc flu hosp,2,2026-03-14,27,quantile,0.4,35.0
2026-02-28,wk inc flu hosp,2,2026-03-14,27,quantile,0.45,36.0
2026-02-28,wk inc flu hosp,2,2026-03-14,27,quantile,0.5,36.0
2026-02-28,wk inc flu hosp,2,2026-03-14,27,quantile,0.55,36.0
2026-02-28,wk inc flu hosp,2,2026-03-14,27,quantile,0.6,37.0
2026-02-28,wk inc flu hosp,2,2026-03-14,27,quantile,0.65,37.0
2026-02-28,wk inc flu hosp,2,2026-03-14,27,quantile,0.7,38.0
2026-02-28,wk inc flu hosp,2,2026-03-14,27,quantile,0.75,38.0
2026-02-28,wk inc flu hosp,2,2026-03-14,27,quantile,0.8,39.0
2026-02-28,wk inc flu hosp,2,2026-03-14,27,quantile,0.85,48.0
2026-02-28,wk inc flu hosp,2,2026-03-14,27,quantile,0.9,60.0
2026-02-28,wk inc flu hosp,2,2026-03-14,27,quantile,0.95,78.0
2026-02-28,wk inc flu hosp,2,2026-03-14,27,quantile,0.975,95.0
2026-02-28,wk inc flu hosp,2,2026-03-14,27,quantile,0.99,107.0
2026-02-28,wk inc flu hosp,2,2026-03-14,28,quantile,0.01,7.0
2026-02-28,wk inc flu hosp,2,2026-03-14,28,quantile,0.025,10.0
2026-02-28,wk inc flu hosp,2,2026-03-14,28,quantile,0.05,20.0
2026-02-28,wk inc flu hosp,2,2026-03-14,28,quantile,0.1,35.0
2026-02-28,wk inc flu hosp,2,2026-03-14,28,quantile,0.15,47.0
2026-02-28,wk inc flu hosp,2,2026-03-14,28,quantile,0.2,56.0
2026-02-28,wk inc flu hosp,2,2026-03-14,28,quantile,0.25,64.0
2026-02-28,wk inc flu hosp,2,2026-03-14,28,quantile,0.3,71.0
2026-02-28,wk inc flu hosp,2,2026-03-14,28,quantile,0.35,77.0
2026-02-28,wk inc flu hosp,2,2026-03-14,28,quantile,0.4,83.0
2026-02-28,wk inc flu hosp,2,2026-03-14,28,quantile,0.45,89.0
2026-02-28,wk inc flu hosp,2,2026-03-14,28,quantile,0.5,95.0
2026-02-28,wk inc flu hosp,2,2026-03-14,28,quantile,0.55,100.0
2026-02-28,wk inc flu hosp,2,2026-03-14,28,quantile,0.6,106.0
2026-02-28,wk inc flu hosp,2,2026-03-14,28,quantile,0.65,113.0
2026-02-28,wk inc flu hosp,2,2026-03-14,28,quantile,0.7,119.0
2026-02-28,wk inc flu hosp,2,2026-03-14,28,quantile,0.75,126.0
2026-02-28,wk inc flu hosp,2,2026-03-14,28,quantile,0.8,136.0
2026-02-28,wk inc flu hosp,2,2026-03-14,28,quantile,0.85,143.0
2026-02-28,wk inc flu hosp,2,2026-03-14,28,quantile,0.9,151.0
2026-02-28,wk inc flu hosp,2,2026-03-14,28,quantile,0.95,160.0
2026-02-28,wk inc flu hosp,2,2026-03-14,28,quantile,0.975,172.0
2026-02-28,wk inc flu hosp,2,2026-03-14,28,quantile,0.99,198.0
2026-02-28,wk inc flu hosp,2,2026-03-14,30,quantile,0.01,0.0
2026-02-28,wk inc flu hosp,2,2026-03-14,30,quantile,0.025,0.0
2026-02-28,wk inc flu hosp,2,2026-03-14,30,quantile,0.05,0.0
2026-02-28,wk inc flu hosp,2,2026-03-14,30,quantile,0.1,0.0
2026-02-28,wk inc flu hosp,2,2026-03-14,30,quantile,0.15,0.0
2026-02-28,wk inc flu hosp,2,2026-03-14,30,quantile,0.2,1.0
2026-02-28,wk inc flu hosp,2,2026-03-14,30,quantile,0.25,4.0
2026-02-28,wk inc flu hosp,2,2026-03-14,30,quantile,0.3,4.0
2026-02-28,wk inc flu hosp,2,2026-03-14,30,quantile,0.35,4.0
2026-02-28,wk inc flu hosp,2,2026-03-14,30,quantile,0.4,4.0
2026-02-28,wk inc flu hosp,2,2026-03-14,30,quantile,0.45,4.0
2026-02-28,wk inc flu hosp,2,2026-03-14,30,quantile,0.5,4.0
2026-02-28,wk inc flu hosp,2,2026-03-14,30,quantile,0.55,4.0
2026-02-28,wk inc flu hosp,2,2026-03-14,30,quantile,0.6,4.0
2026-02-28,wk inc flu hosp,2,2026-03-14,30,quantile,0.65,4.0
2026-02-28,wk inc flu hosp,2,2026-03-14,30,quantile,0.7,4.0
2026-02-28,wk inc flu hosp,2,2026-03-14,30,quantile,0.75,5.0
2026-02-28,wk inc flu hosp,2,2026-03-14,30,quantile,0.8,7.0
2026-02-28,wk inc flu hosp,2,2026-03-14,30,quantile,0.85,8.0
2026-02-28,wk inc flu hosp,2,2026-03-14,30,quantile,0.9,10.0
2026-02-28,wk inc flu hosp,2,2026-03-14,30,quantile,0.95,13.0
2026-02-28,wk inc flu hosp,2,2026-03-14,30,quantile,0.975,16.0
2026-02-28,wk inc flu hosp,2,2026-03-14,30,quantile,0.99,19.0
2026-02-28,wk inc flu hosp,2,2026-03-14,31,quantile,0.01,7.0
2026-02-28,wk inc flu hosp,2,2026-03-14,31,quantile,0.025,9.0
2026-02-28,wk inc flu hosp,2,2026-03-14,31,quantile,0.05,13.0
2026-02-28,wk inc flu hosp,2,2026-03-14,31,quantile,0.1,21.0
2026-02-28,wk inc flu hosp,2,2026-03-14,31,quantile,0.15,27.0
2026-02-28,wk inc flu hosp,2,2026-03-14,31,quantile,0.2,31.0
2026-02-28,wk inc flu hosp,2,2026-03-14,31,quantile,0.25,36.0
2026-02-28,wk inc flu hosp,2,2026-03-14,31,quantile,0.3,40.0
2026-02-28,wk inc flu hosp,2,2026-03-14,31,quantile,0.35,44.0
2026-02-28,wk inc flu hosp,2,2026-03-14,31,quantile,0.4,49.0
2026-02-28,wk inc flu hosp,2,2026-03-14,31,quantile,0.45,53.0
2026-02-28,wk inc flu hosp,2,2026-03-14,31,quantile,0.5,56.0
2026-02-28,wk inc flu hosp,2,2026-03-14,31,quantile,0.55,60.0
2026-02-28,wk inc flu hosp,2,2026-03-14,31,quantile,0.6,64.0
2026-02-28,wk inc flu hosp,2,2026-03-14,31,quantile,0.65,68.0
2026-02-28,wk inc flu hosp,2,2026-03-14,31,quantile,0.7,71.0
2026-02-28,wk inc flu hosp,2,2026-03-14,31,quantile,0.75,75.0
2026-02-28,wk inc flu hosp,2,2026-03-14,31,quantile,0.8,80.0
2026-02-28,wk inc flu hosp,2,2026-03-14,31,quantile,0.85,86.0
2026-02-28,wk inc flu hosp,2,2026-03-14,31,quantile,0.9,92.0
2026-02-28,wk inc flu hosp,2,2026-03-14,31,quantile,0.95,98.0
2026-02-28,wk inc flu hosp,2,2026-03-14,31,quantile,0.975,103.0
2026-02-28,wk inc flu hosp,2,2026-03-14,31,quantile,0.99,106.0
2026-02-28,wk inc flu hosp,2,2026-03-14,32,quantile,0.01,0.0
2026-02-28,wk inc flu hosp,2,2026-03-14,32,quantile,0.025,0.0
2026-02-28,wk inc flu hosp,2,2026-03-14,32,quantile,0.05,2.0
2026-02-28,wk inc flu hosp,2,2026-03-14,32,quantile,0.1,9.0
2026-02-28,wk inc flu hosp,2,2026-03-14,32,quantile,0.15,15.0
2026-02-28,wk inc flu hosp,2,2026-03-14,32,quantile,0.2,19.0
2026-02-28,wk inc flu hosp,2,2026-03-14,32,quantile,0.25,23.0
2026-02-28,wk inc flu hosp,2,2026-03-14,32,quantile,0.3,27.0
2026-02-28,wk inc flu hosp,2,2026-03-14,32,quantile,0.35,30.0
2026-02-28,wk inc flu hosp,2,2026-03-14,32,quantile,0.4,33.0
2026-02-28,wk inc flu hosp,2,2026-03-14,32,quantile,0.45,37.0
2026-02-28,wk inc flu hosp,2,2026-03-14,32,quantile,0.5,40.0
2026-02-28,wk inc flu hosp,2,2026-03-14,32,quantile,0.55,44.0
2026-02-28,wk inc flu hosp,2,2026-03-14,32,quantile,0.6,45.0
2026-02-28,wk inc flu hosp,2,2026-03-14,32,quantile,0.65,47.0
2026-02-28,wk inc flu hosp,2,2026-03-14,32,quantile,0.7,48.0
2026-02-28,wk inc flu hosp,2,2026-03-14,32,quantile,0.75,50.0
2026-02-28,wk inc flu hosp,2,2026-03-14,32,quantile,0.8,51.0
2026-02-28,wk inc flu hosp,2,2026-03-14,32,quantile,0.85,53.0
2026-02-28,wk inc flu hosp,2,2026-03-14,32,quantile,0.9,56.0
2026-02-28,wk inc flu hosp,2,2026-03-14,32,quantile,0.95,61.0
2026-02-28,wk inc flu hosp,2,2026-03-14,32,quantile,0.975,65.0
2026-02-28,wk inc flu hosp,2,2026-03-14,32,quantile,0.99,68.0
2026-02-28,wk inc flu hosp,2,2026-03-14,33,quantile,0.01,0.0
2026-02-28,wk inc flu hosp,2,2026-03-14,33,quantile,0.025,0.0
2026-02-28,wk inc flu hosp,2,2026-03-14,33,quantile,0.05,0.0
2026-02-28,wk inc flu hosp,2,2026-03-14,33,quantile,0.1,2.0
2026-02-28,wk inc flu hosp,2,2026-03-14,33,quantile,0.15,3.0
2026-02-28,wk inc flu hosp,2,2026-03-14,33,quantile,0.2,4.0
2026-02-28,wk inc flu hosp,2,2026-03-14,33,quantile,0.25,4.0
2026-02-28,wk inc flu hosp,2,2026-03-14,33,quantile,0.3,6.0
2026-02-28,wk inc flu hosp,2,2026-03-14,33,quantile,0.35,8.0
2026-02-28,wk inc flu hosp,2,2026-03-14,33,quantile,0.4,11.0
2026-02-28,wk inc flu hosp,2,2026-03-14,33,quantile,0.45,13.0
2026-02-28,wk inc flu hosp,2,2026-03-14,33,quantile,0.5,15.0
2026-02-28,wk inc flu hosp,2,2026-03-14,33,quantile,0.55,17.0
2026-02-28,wk inc flu hosp,2,2026-03-14,33,quantile,0.6,19.0
2026-02-28,wk inc flu hosp,2,2026-03-14,33,quantile,0.65,22.0
2026-02-28,wk inc flu hosp,2,2026-03-14,33,quantile,0.7,24.0
2026-02-28,wk inc flu hosp,2,2026-03-14,33,quantile,0.75,26.0
2026-02-28,wk inc flu hosp,2,2026-03-14,33,quantile,0.8,27.0
2026-02-28,wk inc flu hosp,2,2026-03-14,33,quantile,0.85,28.0
2026-02-28,wk inc flu hosp,2,2026-03-14,33,quantile,0.9,30.0
2026-02-28,wk inc flu hosp,2,2026-03-14,33,quantile,0.95,32.0
2026-02-28,wk inc flu hosp,2,2026-03-14,33,quantile,0.975,34.0
2026-02-28,wk inc flu hosp,2,2026-03-14,33,quantile,0.99,37.0
2026-02-28,wk inc flu hosp,2,2026-03-14,34,quantile,0.01,0.0
2026-02-28,wk inc flu hosp,2,2026-03-14,34,quantile,0.025,12.0
2026-02-28,wk inc flu hosp,2,2026-03-14,34,quantile,0.05,29.0
2026-02-28,wk inc flu hosp,2,2026-03-14,34,quantile,0.1,46.0
2026-02-28,wk inc flu hosp,2,2026-03-14,34,quantile,0.15,58.0
2026-02-28,wk inc flu hosp,2,2026-03-14,34,quantile,0.2,77.0
2026-02-28,wk inc flu hosp,2,2026-03-14,34,quantile,0.25,97.0
2026-02-28,wk inc flu hosp,2,2026-03-14,34,quantile,0.3,115.0
2026-02-28,wk inc flu hosp,2,2026-03-14,34,quantile,0.35,135.0
2026-02-28,wk inc flu hosp,2,2026-03-14,34,quantile,0.4,150.0
2026-02-28,wk inc flu hosp,2,2026-03-14,34,quantile,0.45,162.0
2026-02-28,wk inc flu hosp,2,2026-03-14,34,quantile,0.5,171.0
2026-02-28,wk inc flu hosp,2,2026-03-14,34,quantile,0.55,182.0
2026-02-28,wk inc flu hosp,2,2026-03-14,34,quantile,0.6,193.0
2026-02-28,wk inc flu hosp,2,2026-03-14,34,quantile,0.65,206.0
2026-02-28,wk inc flu hosp,2,2026-03-14,34,quantile,0.7,215.0
2026-02-28,wk inc flu hosp,2,2026-03-14,34,quantile,0.75,223.0
2026-02-28,wk inc flu hosp,2,2026-03-14,34,quantile,0.8,231.0
2026-02-28,wk inc flu hosp,2,2026-03-14,34,quantile,0.85,240.0
2026-02-28,wk inc flu hosp,2,2026-03-14,34,quantile,0.9,252.0
2026-02-28,wk inc flu hosp,2,2026-03-14,34,quantile,0.95,280.0
2026-02-28,wk inc flu hosp,2,2026-03-14,34,quantile,0.975,304.0
2026-02-28,wk inc flu hosp,2,2026-03-14,34,quantile,0.99,317.0
2026-02-28,wk inc flu hosp,2,2026-03-14,35,quantile,0.01,6.0
2026-02-28,wk inc flu hosp,2,2026-03-14,35,quantile,0.025,12.0
2026-02-28,wk inc flu hosp,2,2026-03-14,35,quantile,0.05,15.0
2026-02-28,wk inc flu hosp,2,2026-03-14,35,quantile,0.1,20.0
2026-02-28,wk inc flu hosp,2,2026-03-14,35,quantile,0.15,23.0
2026-02-28,wk inc flu hosp,2,2026-03-14,35,quantile,0.2,25.0
2026-02-28,wk inc flu hosp,2,2026-03-14,35,quantile,0.25,27.0
2026-02-28,wk inc flu hosp,2,2026-03-14,35,quantile,0.3,29.0
2026-02-28,wk inc flu hosp,2,2026-03-14,35,quantile,0.35,31.0
2026-02-28,wk inc flu hosp,2,2026-03-14,35,quantile,0.4,32.0
2026-02-28,wk inc flu hosp,2,2026-03-14,35,quantile,0.45,33.0
2026-02-28,wk inc flu hosp,2,2026-03-14,35,quantile,0.5,35.0
2026-02-28,wk inc flu hosp,2,2026-03-14,35,quantile,0.55,36.0
2026-02-28,wk inc flu hosp,2,2026-03-14,35,quantile,0.6,38.0
2026-02-28,wk inc flu hosp,2,2026-03-14,35,quantile,0.65,39.0
2026-02-28,wk inc flu hosp,2,2026-03-14,35,quantile,0.7,40.0
2026-02-28,wk inc flu hosp,2,2026-03-14,35,quantile,0.75,42.0
2026-02-28,wk inc flu hosp,2,2026-03-14,35,quantile,0.8,44.0
2026-02-28,wk inc flu hosp,2,2026-03-14,35,quantile,0.85,47.0
2026-02-28,wk inc flu hosp,2,2026-03-14,35,quantile,0.9,50.0
2026-02-28,wk inc flu hosp,2,2026-03-14,35,quantile,0.95,54.0
2026-02-28,wk inc flu hosp,2,2026-03-14,35,quantile,0.975,57.0
2026-02-28,wk inc flu hosp,2,2026-03-14,35,quantile,0.99,61.0
2026-02-28,wk inc flu hosp,2,2026-03-14,36,quantile,0.01,7.0
2026-02-28,wk inc flu hosp,2,2026-03-14,36,quantile,0.025,28.0
2026-02-28,wk inc flu hosp,2,2026-03-14,36,quantile,0.05,40.0
2026-02-28,wk inc flu hosp,2,2026-03-14,36,quantile,0.1,48.0
2026-02-28,wk inc flu hosp,2,2026-03-14,36,quantile,0.15,51.0
2026-02-28,wk inc flu hosp,2,2026-03-14,36,quantile,0.2,59.0
2026-02-28,wk inc flu hosp,2,2026-03-14,36,quantile,0.25,70.0
2026-02-28,wk inc flu hosp,2,2026-03-14,36,quantile,0.3,81.0
2026-02-28,wk inc flu hosp,2,2026-03-14,36,quantile,0.35,90.0
2026-02-28,wk inc flu hosp,2,2026-03-14,36,quantile,0.4,98.0
2026-02-28,wk inc flu hosp,2,2026-03-14,36,quantile,0.45,106.0
2026-02-28,wk inc flu hosp,2,2026-03-14,36,quantile,0.5,113.0
2026-02-28,wk inc flu hosp,2,2026-03-14,36,quantile,0.55,122.0
2026-02-28,wk inc flu hosp,2,2026-03-14,36,quantile,0.6,131.0
2026-02-28,wk inc flu hosp,2,2026-03-14,36,quantile,0.65,141.0
2026-02-28,wk inc flu hosp,2,2026-03-14,36,quantile,0.7,151.0
2026-02-28,wk inc flu hosp,2,2026-03-14,36,quantile,0.75,159.0
2026-02-28,wk inc flu hosp,2,2026-03-14,36,quantile,0.8,170.0
2026-02-28,wk inc flu hosp,2,2026-03-14,36,quantile,0.85,183.0
2026-02-28,wk inc flu hosp,2,2026-03-14,36,quantile,0.9,203.0
2026-02-28,wk inc flu hosp,2,2026-03-14,36,quantile,0.95,228.0
2026-02-28,wk inc flu hosp,2,2026-03-14,36,quantile,0.975,253.0
2026-02-28,wk inc flu hosp,2,2026-03-14,36,quantile,0.99,292.0
2026-02-28,wk inc flu hosp,2,2026-03-14,37,quantile,0.01,0.0
2026-02-28,wk inc flu hosp,2,2026-03-14,37,quantile,0.025,0.0
2026-02-28,wk inc flu hosp,2,2026-03-14,37,quantile,0.05,0.0
2026-02-28,wk inc flu hosp,2,2026-03-14,37,quantile,0.1,0.0
2026-02-28,wk inc flu hosp,2,2026-03-14,37,quantile,0.15,7.0
2026-02-28,wk inc flu hosp,2,2026-03-14,37,quantile,0.2,21.0
2026-02-28,wk inc flu hosp,2,2026-03-14,37,quantile,0.25,38.0
2026-02-28,wk inc flu hosp,2,2026-03-14,37,quantile,0.3,65.0
2026-02-28,wk inc flu hosp,2,2026-03-14,37,quantile,0.35,94.0
2026-02-28,wk inc flu hosp,2,2026-03-14,37,quantile,0.4,121.0
2026-02-28,wk inc flu hosp,2,2026-03-14,37,quantile,0.45,149.0
2026-02-28,wk inc flu hosp,2,2026-03-14,37,quantile,0.5,172.0
2026-02-28,wk inc flu hosp,2,2026-03-14,37,quantile,0.55,195.0
2026-02-28,wk inc flu hosp,2,2026-03-14,37,quantile,0.6,216.0
2026-02-28,wk inc flu hosp,2,2026-03-14,37,quantile,0.65,242.0
2026-02-28,wk inc flu hosp,2,2026-03-14,37,quantile,0.7,258.0
2026-02-28,wk inc flu hosp,2,2026-03-14,37,quantile,0.75,273.0
2026-02-28,wk inc flu hosp,2,2026-03-14,37,quantile,0.8,285.0
2026-02-28,wk inc flu hosp,2,2026-03-14,37,quantile,0.85,302.0
2026-02-28,wk inc flu hosp,2,2026-03-14,37,quantile,0.9,326.0
2026-02-28,wk inc flu hosp,2,2026-03-14,37,quantile,0.95,360.0
2026-02-28,wk inc flu hosp,2,2026-03-14,37,quantile,0.975,390.0
2026-02-28,wk inc flu hosp,2,2026-03-14,37,quantile,0.99,414.0
2026-02-28,wk inc flu hosp,2,2026-03-14,38,quantile,0.01,0.0
2026-02-28,wk inc flu hosp,2,2026-03-14,38,quantile,0.025,0.0
2026-02-28,wk inc flu hosp,2,2026-03-14,38,quantile,0.05,0.0
2026-02-28,wk inc flu hosp,2,2026-03-14,38,quantile,0.1,0.0
2026-02-28,wk inc flu hosp,2,2026-03-14,38,quantile,0.15,0.0
2026-02-28,wk inc flu hosp,2,2026-03-14,38,quantile,0.2,2.0
2026-02-28,wk inc flu hosp,2,2026-03-14,38,quantile,0.25,3.0
2026-02-28,wk inc flu hosp,2,2026-03-14,38,quantile,0.3,3.0
2026-02-28,wk inc flu hosp,2,2026-03-14,38,quantile,0.35,4.0
2026-02-28,wk inc flu hosp,2,2026-03-14,38,quantile,0.4,5.0
2026-02-28,wk inc flu hosp,2,2026-03-14,38,quantile,0.45,5.0
2026-02-28,wk inc flu hosp,2,2026-03-14,38,quantile,0.5,6.0
2026-02-28,wk inc flu hosp,2,2026-03-14,38,quantile,0.55,7.0
2026-02-28,wk inc flu hosp,2,2026-03-14,38,quantile,0.6,7.0
2026-02-28,wk inc flu hosp,2,2026-03-14,38,quantile,0.65,8.0
2026-02-28,wk inc flu hosp,2,2026-03-14,38,quantile,0.7,8.0
2026-02-28,wk inc flu hosp,2,2026-03-14,38,quantile,0.75,9.0
2026-02-28,wk inc flu hosp,2,2026-03-14,38,quantile,0.8,10.0
2026-02-28,wk inc flu hosp,2,2026-03-14,38,quantile,0.85,11.0
2026-02-28,wk inc flu hosp,2,2026-03-14,38,quantile,0.9,12.0
2026-02-28,wk inc flu hosp,2,2026-03-14,38,quantile,0.95,13.0
2026-02-28,wk inc flu hosp,2,2026-03-14,38,quantile,0.975,15.0
2026-02-28,wk inc flu hosp,2,2026-03-14,38,quantile,0.99,16.0
2026-02-28,wk inc flu hosp,2,2026-03-14,39,quantile,0.01,111.0
2026-02-28,wk inc flu hosp,2,2026-03-14,39,quantile,0.025,130.0
2026-02-28,wk inc flu hosp,2,2026-03-14,39,quantile,0.05,174.0
2026-02-28,wk inc flu hosp,2,2026-03-14,39,quantile,0.1,224.0
2026-02-28,wk inc flu hosp,2,2026-03-14,39,quantile,0.15,250.0
2026-02-28,wk inc flu hosp,2,2026-03-14,39,quantile,0.2,271.0
2026-02-28,wk inc flu hosp,2,2026-03-14,39,quantile,0.25,284.0
2026-02-28,wk inc flu hosp,2,2026-03-14,39,quantile,0.3,296.0
2026-02-28,wk inc flu hosp,2,2026-03-14,39,quantile,0.35,308.0
2026-02-28,wk inc flu hosp,2,2026-03-14,39,quantile,0.4,318.0
2026-02-28,wk inc flu hosp,2,2026-03-14,39,quantile,0.45,326.0
2026-02-28,wk inc flu hosp,2,2026-03-14,39,quantile,0.5,337.0
2026-02-28,wk inc flu hosp,2,2026-03-14,39,quantile,0.55,345.0
2026-02-28,wk inc flu hosp,2,2026-03-14,39,quantile,0.6,356.0
2026-02-28,wk inc flu hosp,2,2026-03-14,39,quantile,0.65,366.0
2026-02-28,wk inc flu hosp,2,2026-03-14,39,quantile,0.7,377.0
2026-02-28,wk inc flu hosp,2,2026-03-14,39,quantile,0.75,392.0
2026-02-28,wk inc flu hosp,2,2026-03-14,39,quantile,0.8,401.0
2026-02-28,wk inc flu hosp,2,2026-03-14,39,quantile,0.85,416.0
2026-02-28,wk inc flu hosp,2,2026-03-14,39,quantile,0.9,441.0
2026-02-28,wk inc flu hosp,2,2026-03-14,39,quantile,0.95,468.0
2026-02-28,wk inc flu hosp,2,2026-03-14,39,quantile,0.975,568.0
2026-02-28,wk inc flu hosp,2,2026-03-14,39,quantile,0.99,760.0
2026-02-28,wk inc flu hosp,2,2026-03-14,40,quantile,0.01,0.0
2026-02-28,wk inc flu hosp,2,2026-03-14,40,quantile,0.025,0.0
2026-02-28,wk inc flu hosp,2,2026-03-14,40,quantile,0.05,0.0
2026-02-28,wk inc flu hosp,2,2026-03-14,40,quantile,0.1,5.0
2026-02-28,wk inc flu hosp,2,2026-03-14,40,quantile,0.15,17.0
2026-02-28,wk inc flu hosp,2,2026-03-14,40,quantile,0.2,29.0
2026-02-28,wk inc flu hosp,2,2026-03-14,40,quantile,0.25,38.0
2026-02-28,wk inc flu hosp,2,2026-03-14,40,quantile,0.3,47.0
2026-02-28,wk inc flu hosp,2,2026-03-14,40,quantile,0.35,56.0
2026-02-28,wk inc flu hosp,2,2026-03-14,40,quantile,0.4,64.0
2026-02-28,wk inc flu hosp,2,2026-03-14,40,quantile,0.45,73.0
2026-02-28,wk inc flu hosp,2,2026-03-14,40,quantile,0.5,82.0
2026-02-28,wk inc flu hosp,2,2026-03-14,40,quantile,0.55,90.0
2026-02-28,wk inc flu hosp,2,2026-03-14,40,quantile,0.6,96.0
2026-02-28,wk inc flu hosp,2,2026-03-14,40,quantile,0.65,102.0
2026-02-28,wk inc flu hosp,2,2026-03-14,40,quantile,0.7,106.0
2026-02-28,wk inc flu hosp,2,2026-03-14,40,quantile,0.75,111.0
2026-02-28,wk inc flu hosp,2,2026-03-14,40,quantile,0.8,115.0
2026-02-28,wk inc flu hosp,2,2026-03-14,40,quantile,0.85,121.0
2026-02-28,wk inc flu hosp,2,2026-03-14,40,quantile,0.9,128.0
2026-02-28,wk inc flu hosp,2,2026-03-14,40,quantile,0.95,139.0
2026-02-28,wk inc flu hosp,2,2026-03-14,40,quantile,0.975,149.0
2026-02-28,wk inc flu hosp,2,2026-03-14,40,quantile,0.99,155.0
2026-02-28,wk inc flu hosp,2,2026-03-14,41,quantile,0.01,33.0
2026-02-28,wk inc flu hosp,2,2026-03-14,41,quantile,0.025,47.0
2026-02-28,wk inc flu hosp,2,2026-03-14,41,quantile,0.05,55.0
2026-02-28,wk inc flu hosp,2,2026-03-14,41,quantile,0.1,67.0
2026-02-28,wk inc flu hosp,2,2026-03-14,41,quantile,0.15,75.0
2026-02-28,wk inc flu hosp,2,2026-03-14,41,quantile,0.2,81.0
2026-02-28,wk inc flu hosp,2,2026-03-14,41,quantile,0.25,86.0
2026-02-28,wk inc flu hosp,2,2026-03-14,41,quantile,0.3,91.0
2026-02-28,wk inc flu hosp,2,2026-03-14,41,quantile,0.35,95.0
2026-02-28,wk inc flu hosp,2,2026-03-14,41,quantile,0.4,99.0
2026-02-28,wk inc flu hosp,2,2026-03-14,41,quantile,0.45,102.0
2026-02-28,wk inc flu hosp,2,2026-03-14,41,quantile,0.5,105.0
2026-02-28,wk inc flu hosp,2,2026-03-14,41,quantile,0.55,109.0
2026-02-28,wk inc flu hosp,2,2026-03-14,41,quantile,0.6,114.0
2026-02-28,wk inc flu hosp,2,2026-03-14,41,quantile,0.65,119.0
2026-02-28,wk inc flu hosp,2,2026-03-14,41,quantile,0.7,123.0
2026-02-28,wk inc flu hosp,2,2026-03-14,41,quantile,0.75,129.0
2026-02-28,wk inc flu hosp,2,2026-03-14,41,quantile,0.8,135.0
2026-02-28,wk inc flu hosp,2,2026-03-14,41,quantile,0.85,142.0
2026-02-28,wk inc flu hosp,2,2026-03-14,41,quantile,0.9,154.0
2026-02-28,wk inc flu hosp,2,2026-03-14,41,quantile,0.95,180.0
2026-02-28,wk inc flu hosp,2,2026-03-14,41,quantile,0.975,207.0
2026-02-28,wk inc flu hosp,2,2026-03-14,41,quantile,0.99,235.0
2026-02-28,wk inc flu hosp,2,2026-03-14,42,quantile,0.01,0.0
2026-02-28,wk inc flu hosp,2,2026-03-14,42,quantile,0.025,0.0
2026-02-28,wk inc flu hosp,2,2026-03-14,42,quantile,0.05,12.0
2026-02-28,wk inc flu hosp,2,2026-03-14,42,quantile,0.1,33.0
2026-02-28,wk inc flu hosp,2,2026-03-14,42,quantile,0.15,61.0
2026-02-28,wk inc flu hosp,2,2026-03-14,42,quantile,0.2,90.0
2026-02-28,wk inc flu hosp,2,2026-03-14,42,quantile,0.25,115.0
2026-02-28,wk inc flu hosp,2,2026-03-14,42,quantile,0.3,137.0
2026-02-28,wk inc flu hosp,2,2026-03-14,42,quantile,0.35,157.0
2026-02-28,wk inc flu hosp,2,2026-03-14,42,quantile,0.4,182.0
2026-02-28,wk inc flu hosp,2,2026-03-14,42,quantile,0.45,204.0
2026-02-28,wk inc flu hosp,2,2026-03-14,42,quantile,0.5,222.0
2026-02-28,wk inc flu hosp,2,2026-03-14,42,quantile,0.55,243.0
2026-02-28,wk inc flu hosp,2,2026-03-14,42,quantile,0.6,262.0
2026-02-28,wk inc flu hosp,2,2026-03-14,42,quantile,0.65,287.0
2026-02-28,wk inc flu hosp,2,2026-03-14,42,quantile,0.7,306.0
2026-02-28,wk inc flu hosp,2,2026-03-14,42,quantile,0.75,335.0
2026-02-28,wk inc flu hosp,2,2026-03-14,42,quantile,0.8,358.0
2026-02-28,wk inc flu hosp,2,2026-03-14,42,quantile,0.85,386.0
2026-02-28,wk inc flu hosp,2,2026-03-14,42,quantile,0.9,426.0
2026-02-28,wk inc flu hosp,2,2026-03-14,42,quantile,0.95,484.0
2026-02-28,wk inc flu hosp,2,2026-03-14,42,quantile,0.975,539.0
2026-02-28,wk inc flu hosp,2,2026-03-14,42,quantile,0.99,576.0
2026-02-28,wk inc flu hosp,2,2026-03-14,44,quantile,0.01,0.0
2026-02-28,wk inc flu hosp,2,2026-03-14,44,quantile,0.025,2.0
2026-02-28,wk inc flu hosp,2,2026-03-14,44,quantile,0.05,4.0
2026-02-28,wk inc flu hosp,2,2026-03-14,44,quantile,0.1,5.0
2026-02-28,wk inc flu hosp,2,2026-03-14,44,quantile,0.15,5.0
2026-02-28,wk inc flu hosp,2,2026-03-14,44,quantile,0.2,5.0
2026-02-28,wk inc flu hosp,2,2026-03-14,44,quantile,0.25,6.0
2026-02-28,wk inc flu hosp,2,2026-03-14,44,quantile,0.3,6.0
2026-02-28,wk inc flu hosp,2,2026-03-14,44,quantile,0.35,7.0
2026-02-28,wk inc flu hosp,2,2026-03-14,44,quantile,0.4,8.0
2026-02-28,wk inc flu hosp,2,2026-03-14,44,quantile,0.45,9.0
2026-02-28,wk inc flu hosp,2,2026-03-14,44,quantile,0.5,10.0
2026-02-28,wk inc flu hosp,2,2026-03-14,44,quantile,0.55,11.0
2026-02-28,wk inc flu hosp,2,2026-03-14,44,quantile,0.6,12.0
2026-02-28,wk inc flu hosp,2,2026-03-14,44,quantile,0.65,13.0
2026-02-28,wk inc flu hosp,2,2026-03-14,44,quantile,0.7,14.0
2026-02-28,wk inc flu hosp,2,2026-03-14,44,quantile,0.75,15.0
2026-02-28,wk inc flu hosp,2,2026-03-14,44,quantile,0.8,16.0
2026-02-28,wk inc flu hosp,2,2026-03-14,44,quantile,0.85,17.0
2026-02-28,wk inc flu hosp,2,2026-03-14,44,quantile,0.9,20.0
2026-02-28,wk inc flu hosp,2,2026-03-14,44,quantile,0.95,22.0
2026-02-28,wk inc flu hosp,2,2026-03-14,44,quantile,0.975,25.0
2026-02-28,wk inc flu hosp,2,2026-03-14,44,quantile,0.99,27.0
2026-02-28,wk inc flu hosp,2,2026-03-14,45,quantile,0.01,12.0
2026-02-28,wk inc flu hosp,2,2026-03-14,45,quantile,0.025,20.0
2026-02-28,wk inc flu hosp,2,2026-03-14,45,quantile,0.05,31.0
2026-02-28,wk inc flu hosp,2,2026-03-14,45,quantile,0.1,42.0
2026-02-28,wk inc flu hosp,2,2026-03-14,45,quantile,0.15,49.0
2026-02-28,wk inc flu hosp,2,2026-03-14,45,quantile,0.2,60.0
2026-02-28,wk inc flu hosp,2,2026-03-14,45,quantile,0.25,69.0
2026-02-28,wk inc flu hosp,2,2026-03-14,45,quantile,0.3,79.0
2026-02-28,wk inc flu hosp,2,2026-03-14,45,quantile,0.35,88.0
2026-02-28,wk inc flu hosp,2,2026-03-14,45,quantile,0.4,97.0
2026-02-28,wk inc flu hosp,2,2026-03-14,45,quantile,0.45,107.0
2026-02-28,wk inc flu hosp,2,2026-03-14,45,quantile,0.5,112.0
2026-02-28,wk inc flu hosp,2,2026-03-14,45,quantile,0.55,118.0
2026-02-28,wk inc flu hosp,2,2026-03-14,45,quantile,0.6,123.0
2026-02-28,wk inc flu hosp,2,2026-03-14,45,quantile,0.65,128.0
2026-02-28,wk inc flu hosp,2,2026-03-14,45,quantile,0.7,133.0
2026-02-28,wk inc flu hosp,2,2026-03-14,45,quantile,0.75,140.0
2026-02-28,wk inc flu hosp,2,2026-03-14,45,quantile,0.8,149.0
2026-02-28,wk inc flu hosp,2,2026-03-14,45,quantile,0.85,161.0
2026-02-28,wk inc flu hosp,2,2026-03-14,45,quantile,0.9,174.0
2026-02-28,wk inc flu hosp,2,2026-03-14,45,quantile,0.95,191.0
2026-02-28,wk inc flu hosp,2,2026-03-14,45,quantile,0.975,206.0
2026-02-28,wk inc flu hosp,2,2026-03-14,45,quantile,0.99,223.0
2026-02-28,wk inc flu hosp,2,2026-03-14,46,quantile,0.01,0.0
2026-02-28,wk inc flu hosp,2,2026-03-14,46,quantile,0.025,1.0
2026-02-28,wk inc flu hosp,2,2026-03-14,46,quantile,0.05,3.0
2026-02-28,wk inc flu hosp,2,2026-03-14,46,quantile,0.1,5.0
2026-02-28,wk inc flu hosp,2,2026-03-14,46,quantile,0.15,7.0
2026-02-28,wk inc flu hosp,2,2026-03-14,46,quantile,0.2,9.0
2026-02-28,wk inc flu hosp,2,2026-03-14,46,quantile,0.25,11.0
2026-02-28,wk inc flu hosp,2,2026-03-14,46,quantile,0.3,12.0
2026-02-28,wk inc flu hosp,2,2026-03-14,46,quantile,0.35,14.0
2026-02-28,wk inc flu hosp,2,2026-03-14,46,quantile,0.4,15.0
2026-02-28,wk inc flu hosp,2,2026-03-14,46,quantile,0.45,16.0
2026-02-28,wk inc flu hosp,2,2026-03-14,46,quantile,0.5,16.0
2026-02-28,wk inc flu hosp,2,2026-03-14,46,quantile,0.55,17.0
2026-02-28,wk inc flu hosp,2,2026-03-14,46,quantile,0.6,17.0
2026-02-28,wk inc flu hosp,2,2026-03-14,46,quantile,0.65,18.0
2026-02-28,wk inc flu hosp,2,2026-03-14,46,quantile,0.7,18.0
2026-02-28,wk inc flu hosp,2,2026-03-14,46,quantile,0.75,19.0
2026-02-28,wk inc flu hosp,2,2026-03-14,46,quantile,0.8,20.0
2026-02-28,wk inc flu hosp,2,2026-03-14,46,quantile,0.85,20.0
2026-02-28,wk inc flu hosp,2,2026-03-14,46,quantile,0.9,21.0
2026-02-28,wk inc flu hosp,2,2026-03-14,46,quantile,0.95,23.0
2026-02-28,wk inc flu hosp,2,2026-03-14,46,quantile,0.975,24.0
2026-02-28,wk inc flu hosp,2,2026-03-14,46,quantile,0.99,25.0
2026-02-28,wk inc flu hosp,2,2026-03-14,47,quantile,0.01,16.0
2026-02-28,wk inc flu hosp,2,2026-03-14,47,quantile,0.025,27.0
2026-02-28,wk inc flu hosp,2,2026-03-14,47,quantile,0.05,40.0
2026-02-28,wk inc flu hosp,2,2026-03-14,47,quantile,0.1,53.0
2026-02-28,wk inc flu hosp,2,2026-03-14,47,quantile,0.15,65.0
2026-02-28,wk inc flu hosp,2,2026-03-14,47,quantile,0.2,81.0
2026-02-28,wk inc flu hosp,2,2026-03-14,47,quantile,0.25,93.0
2026-02-28,wk inc flu hosp,2,2026-03-14,47,quantile,0.3,108.0
2026-02-28,wk inc flu hosp,2,2026-03-14,47,quantile,0.35,120.0
2026-02-28,wk inc flu hosp,2,2026-03-14,47,quantile,0.4,131.0
2026-02-28,wk inc flu hosp,2,2026-03-14,47,quantile,0.45,138.0
2026-02-28,wk inc flu hosp,2,2026-03-14,47,quantile,0.5,146.0
2026-02-28,wk inc flu hosp,2,2026-03-14,47,quantile,0.55,154.0
2026-02-28,wk inc flu hosp,2,2026-03-14,47,quantile,0.6,160.0
2026-02-28,wk inc flu hosp,2,2026-03-14,47,quantile,0.65,171.0
2026-02-28,wk inc flu hosp,2,2026-03-14,47,quantile,0.7,180.0
2026-02-28,wk inc flu hosp,2,2026-03-14,47,quantile,0.75,192.0
2026-02-28,wk inc flu hosp,2,2026-03-14,47,quantile,0.8,205.0
2026-02-28,wk inc flu hosp,2,2026-03-14,47,quantile,0.85,218.0
2026-02-28,wk inc flu hosp,2,2026-03-14,47,quantile,0.9,236.0
2026-02-28,wk inc flu hosp,2,2026-03-14,47,quantile,0.95,263.0
2026-02-28,wk inc flu hosp,2,2026-03-14,47,quantile,0.975,289.0
2026-02-28,wk inc flu hosp,2,2026-03-14,47,quantile,0.99,309.0
2026-02-28,wk inc flu hosp,2,2026-03-14,48,quantile,0.01,0.0
2026-02-28,wk inc flu hosp,2,2026-03-14,48,quantile,0.025,0.0
2026-02-28,wk inc flu hosp,2,2026-03-14,48,quantile,0.05,0.0
2026-02-28,wk inc flu hosp,2,2026-03-14,48,quantile,0.1,44.0
2026-02-28,wk inc flu hosp,2,2026-03-14,48,quantile,0.15,81.0
2026-02-28,wk inc flu hosp,2,2026-03-14,48,quantile,0.2,115.0
2026-02-28,wk inc flu hosp,2,2026-03-14,48,quantile,0.25,175.0
2026-02-28,wk inc flu hosp,2,2026-03-14,48,quantile,0.3,229.0
2026-02-28,wk inc flu hosp,2,2026-03-14,48,quantile,0.35,286.0
2026-02-28,wk inc flu hosp,2,2026-03-14,48,quantile,0.4,338.0
2026-02-28,wk inc flu hosp,2,2026-03-14,48,quantile,0.45,396.0
2026-02-28,wk inc flu hosp,2,2026-03-14,48,quantile,0.5,446.0
2026-02-28,wk inc flu hosp,2,2026-03-14,48,quantile,0.55,508.0
2026-02-28,wk inc flu hosp,2,2026-03-14,48,quantile,0.6,564.0
2026-02-28,wk inc flu hosp,2,2026-03-14,48,quantile,0.65,607.0
2026-02-28,wk inc flu hosp,2,2026-03-14,48,quantile,0.7,654.0
2026-02-28,wk inc flu hosp,2,2026-03-14,48,quantile,0.75,720.0
2026-02-28,wk inc flu hosp,2,2026-03-14,48,quantile,0.8,771.0
2026-02-28,wk inc flu hosp,2,2026-03-14,48,quantile,0.85,854.0
2026-02-28,wk inc flu hosp,2,2026-03-14,48,quantile,0.9,934.0
2026-02-28,wk inc flu hosp,2,2026-03-14,48,quantile,0.95,1014.0
2026-02-28,wk inc flu hosp,2,2026-03-14,48,quantile,0.975,1084.0
2026-02-28,wk inc flu hosp,2,2026-03-14,48,quantile,0.99,1160.0
2026-02-28,wk inc flu hosp,2,2026-03-14,49,quantile,0.01,0.0
2026-02-28,wk inc flu hosp,2,2026-03-14,49,quantile,0.025,1.0
2026-02-28,wk inc flu hosp,2,2026-03-14,49,quantile,0.05,7.0
2026-02-28,wk inc flu hosp,2,2026-03-14,49,quantile,0.1,15.0
2026-02-28,wk inc flu hosp,2,2026-03-14,49,quantile,0.15,22.0
2026-02-28,wk inc flu hosp,2,2026-03-14,49,quantile,0.2,28.0
2026-02-28,wk inc flu hosp,2,2026-03-14,49,quantile,0.25,33.0
2026-02-28,wk inc flu hosp,2,2026-03-14,49,quantile,0.3,38.0
2026-02-28,wk inc flu hosp,2,2026-03-14,49,quantile,0.35,43.0
2026-02-28,wk inc flu hosp,2,2026-03-14,49,quantile,0.4,47.0
2026-02-28,wk inc flu hosp,2,2026-03-14,49,quantile,0.45,51.0
2026-02-28,wk inc flu hosp,2,2026-03-14,49,quantile,0.5,54.0
2026-02-28,wk inc flu hosp,2,2026-03-14,49,quantile,0.55,58.0
2026-02-28,wk inc flu hosp,2,2026-03-14,49,quantile,0.6,60.0
2026-02-28,wk inc flu hosp,2,2026-03-14,49,quantile,0.65,63.0
2026-02-28,wk inc flu hosp,2,2026-03-14,49,quantile,0.7,66.0
2026-02-28,wk inc flu hosp,2,2026-03-14,49,quantile,0.75,69.0
2026-02-28,wk inc flu hosp,2,2026-03-14,49,quantile,0.8,71.0
2026-02-28,wk inc flu hosp,2,2026-03-14,49,quantile,0.85,75.0
2026-02-28,wk inc flu hosp,2,2026-03-14,49,quantile,0.9,81.0
2026-02-28,wk inc flu hosp,2,2026-03-14,49,quantile,0.95,91.0
2026-02-28,wk inc flu hosp,2,2026-03-14,49,quantile,0.975,101.0
2026-02-28,wk inc flu hosp,2,2026-03-14,49,quantile,0.99,123.0
2026-02-28,wk inc flu hosp,2,2026-03-14,50,quantile,0.01,0.0
2026-02-28,wk inc flu hosp,2,2026-03-14,50,quantile,0.025,0.0
2026-02-28,wk inc flu hosp,2,2026-03-14,50,quantile,0.05,2.0
2026-02-28,wk inc flu hosp,2,2026-03-14,50,quantile,0.1,4.0
2026-02-28,wk inc flu hosp,2,2026-03-14,50,quantile,0.15,6.0
2026-02-28,wk inc flu hosp,2,2026-03-14,50,quantile,0.2,8.0
2026-02-28,wk inc flu hosp,2,2026-03-14,50,quantile,0.25,10.0
2026-02-28,wk inc flu hosp,2,2026-03-14,50,quantile,0.3,11.0
2026-02-28,wk inc flu hosp,2,2026-03-14,50,quantile,0.35,13.0
2026-02-28,wk inc flu hosp,2,2026-03-14,50,quantile,0.4,14.0
2026-02-28,wk inc flu hosp,2,2026-03-14,50,quantile,0.45,14.0
2026-02-28,wk inc flu hosp,2,2026-03-14,50,quantile,0.5,15.0
2026-02-28,wk inc flu hosp,2,2026-03-14,50,quantile,0.55,16.0
2026-02-28,wk inc flu hosp,2,2026-03-14,50,quantile,0.6,16.0
2026-02-28,wk inc flu hosp,2,2026-03-14,50,quantile,0.65,17.0
2026-02-28,wk inc flu hosp,2,2026-03-14,50,quantile,0.7,17.0
2026-02-28,wk inc flu hosp,2,2026-03-14,50,quantile,0.75,18.0
2026-02-28,wk inc flu hosp,2,2026-03-14,50,quantile,0.8,18.0
2026-02-28,wk inc flu hosp,2,2026-03-14,50,quantile,0.85,19.0
2026-02-28,wk inc flu hosp,2,2026-03-14,50,quantile,0.9,20.0
2026-02-28,wk inc flu hosp,2,2026-03-14,50,quantile,0.95,22.0
2026-02-28,wk inc flu hosp,2,2026-03-14,50,quantile,0.975,23.0
2026-02-28,wk inc flu hosp,2,2026-03-14,50,quantile,0.99,25.0
2026-02-28,wk inc flu hosp,2,2026-03-14,51,quantile,0.01,9.0
2026-02-28,wk inc flu hosp,2,2026-03-14,51,quantile,0.025,33.0
2026-02-28,wk inc flu hosp,2,2026-03-14,51,quantile,0.05,62.0
2026-02-28,wk inc flu hosp,2,2026-03-14,51,quantile,0.1,90.0
2026-02-28,wk inc flu hosp,2,2026-03-14,51,quantile,0.15,99.0
2026-02-28,wk inc flu hosp,2,2026-03-14,51,quantile,0.2,117.0
2026-02-28,wk inc flu hosp,2,2026-03-14,51,quantile,0.25,132.0
2026-02-28,wk inc flu hosp,2,2026-03-14,51,quantile,0.3,147.0
2026-02-28,wk inc flu hosp,2,2026-03-14,51,quantile,0.35,160.0
2026-02-28,wk inc flu hosp,2,2026-03-14,51,quantile,0.4,174.0
2026-02-28,wk inc flu hosp,2,2026-03-14,51,quantile,0.45,186.0
2026-02-28,wk inc flu hosp,2,2026-03-14,51,quantile,0.5,198.0
2026-02-28,wk inc flu hosp,2,2026-03-14,51,quantile,0.55,210.0
2026-02-28,wk inc flu hosp,2,2026-03-14,51,quantile,0.6,226.0
2026-02-28,wk inc flu hosp,2,2026-03-14,51,quantile,0.65,240.0
2026-02-28,wk inc flu hosp,2,2026-03-14,51,quantile,0.7,256.0
2026-02-28,wk inc flu hosp,2,2026-03-14,51,quantile,0.75,270.0
2026-02-28,wk inc flu hosp,2,2026-03-14,51,quantile,0.8,283.0
2026-02-28,wk inc flu hosp,2,2026-03-14,51,quantile,0.85,307.0
2026-02-28,wk inc flu hosp,2,2026-03-14,51,quantile,0.9,330.0
2026-02-28,wk inc flu hosp,2,2026-03-14,51,quantile,0.95,362.0
2026-02-28,wk inc flu hosp,2,2026-03-14,51,quantile,0.975,429.0
2026-02-28,wk inc flu hosp,2,2026-03-14,51,quantile,0.99,543.0
2026-02-28,wk inc flu hosp,2,2026-03-14,53,quantile,0.01,27.0
2026-02-28,wk inc flu hosp,2,2026-03-14,53,quantile,0.025,32.0
2026-02-28,wk inc flu hosp,2,2026-03-14,53,quantile,0.05,40.0
2026-02-28,wk inc flu hosp,2,2026-03-14,53,quantile,0.1,61.0
2026-02-28,wk inc flu hosp,2,2026-03-14,53,quantile,0.15,87.0
2026-02-28,wk inc flu hosp,2,2026-03-14,53,quantile,0.2,109.0
2026-02-28,wk inc flu hosp,2,2026-03-14,53,quantile,0.25,121.0
2026-02-28,wk inc flu hosp,2,2026-03-14,53,quantile,0.3,131.0
2026-02-28,wk inc flu hosp,2,2026-03-14,53,quantile,0.35,141.0
2026-02-28,wk inc flu hosp,2,2026-03-14,53,quantile,0.4,152.0
2026-02-28,wk inc flu hosp,2,2026-03-14,53,quantile,0.45,160.0
2026-02-28,wk inc flu hosp,2,2026-03-14,53,quantile,0.5,169.0
2026-02-28,wk inc flu hosp,2,2026-03-14,53,quantile,0.55,185.0
2026-02-28,wk inc flu hosp,2,2026-03-14,53,quantile,0.6,205.0
2026-02-28,wk inc flu hosp,2,2026-03-14,53,quantile,0.65,221.0
2026-02-28,wk inc flu hosp,2,2026-03-14,53,quantile,0.7,230.0
2026-02-28,wk inc flu hosp,2,2026-03-14,53,quantile,0.75,242.0
2026-02-28,wk inc flu hosp,2,2026-03-14,53,quantile,0.8,254.0
2026-02-28,wk inc flu hosp,2,2026-03-14,53,quantile,0.85,268.0
2026-02-28,wk inc flu hosp,2,2026-03-14,53,quantile,0.9,278.0
2026-02-28,wk inc flu hosp,2,2026-03-14,53,quantile,0.95,294.0
2026-02-28,wk inc flu hosp,2,2026-03-14,53,quantile,0.975,308.0
2026-02-28,wk inc flu hosp,2,2026-03-14,53,quantile,0.99,317.0
2026-02-28,wk inc flu hosp,2,2026-03-14,54,quantile,0.01,0.0
2026-02-28,wk inc flu hosp,2,2026-03-14,54,quantile,0.025,0.0
2026-02-28,wk inc flu hosp,2,2026-03-14,54,quantile,0.05,0.0
2026-02-28,wk inc flu hosp,2,2026-03-14,54,quantile,0.1,0.0
2026-02-28,wk inc flu hosp,2,2026-03-14,54,quantile,0.15,2.0
2026-02-28,wk inc flu hosp,2,2026-03-14,54,quantile,0.2,6.0
2026-02-28,wk inc flu hosp,2,2026-03-14,54,quantile,0.25,10.0
2026-02-28,wk inc flu hosp,2,2026-03-14,54,quantile,0.3,15.0
2026-02-28,wk inc flu hosp,2,2026-03-14,54,quantile,0.35,19.0
2026-02-28,wk inc flu hosp,2,2026-03-14,54,quantile,0.4,23.0
2026-02-28,wk inc flu hosp,2,2026-03-14,54,quantile,0.45,27.0
2026-02-28,wk inc flu hosp,2,2026-03-14,54,quantile,0.5,30.0
2026-02-28,wk inc flu hosp,2,2026-03-14,54,quantile,0.55,34.0
2026-02-28,wk inc flu hosp,2,2026-03-14,54,quantile,0.6,38.0
2026-02-28,wk inc flu hosp,2,2026-03-14,54,quantile,0.65,42.0
2026-02-28,wk inc flu hosp,2,2026-03-14,54,quantile,0.7,45.0
2026-02-28,wk inc flu hosp,2,2026-03-14,54,quantile,0.75,47.0
2026-02-28,wk inc flu hosp,2,2026-03-14,54,quantile,0.8,49.0
2026-02-28,wk inc flu hosp,2,2026-03-14,54,quantile,0.85,51.0
2026-02-28,wk inc flu hosp,2,2026-03-14,54,quantile,0.9,54.0
2026-02-28,wk inc flu hosp,2,2026-03-14,54,quantile,0.95,59.0
2026-02-28,wk inc flu hosp,2,2026-03-14,54,quantile,0.975,69.0
2026-02-28,wk inc flu hosp,2,2026-03-14,54,quantile,0.99,85.0
2026-02-28,wk inc flu hosp,2,2026-03-14,55,quantile,0.01,0.0
2026-02-28,wk inc flu hosp,2,2026-03-14,55,quantile,0.025,0.0
2026-02-28,wk inc flu hosp,2,2026-03-14,55,quantile,0.05,25.0
2026-02-28,wk inc flu hosp,2,2026-03-14,55,quantile,0.1,61.0
2026-02-28,wk inc flu hosp,2,2026-03-14,55,quantile,0.15,83.0
2026-02-28,wk inc flu hosp,2,2026-03-14,55,quantile,0.2,95.0
2026-02-28,wk inc flu hosp,2,2026-03-14,55,quantile,0.25,102.0
2026-02-28,wk inc flu hosp,2,2026-03-14,55,quantile,0.3,108.0
2026-02-28,wk inc flu hosp,2,2026-03-14,55,quantile,0.35,116.0
2026-02-28,wk inc flu hosp,2,2026-03-14,55,quantile,0.4,123.0
2026-02-28,wk inc flu hosp,2,2026-03-14,55,quantile,0.45,132.0
2026-02-28,wk inc flu hosp,2,2026-03-14,55,quantile,0.5,140.0
2026-02-28,wk inc flu hosp,2,2026-03-14,55,quantile,0.55,147.0
2026-02-28,wk inc flu hosp,2,2026-03-14,55,quantile,0.6,153.0
2026-02-28,wk inc flu hosp,2,2026-03-14,55,quantile,0.65,163.0
2026-02-28,wk inc flu hosp,2,2026-03-14,55,quantile,0.7,170.0
2026-02-28,wk inc flu hosp,2,2026-03-14,55,quantile,0.75,179.0
2026-02-28,wk inc flu hosp,2,2026-03-14,55,quantile,0.8,187.0
2026-02-28,wk inc flu hosp,2,2026-03-14,55,quantile,0.85,197.0
2026-02-28,wk inc flu hosp,2,2026-03-14,55,quantile,0.9,210.0
2026-02-28,wk inc flu hosp,2,2026-03-14,55,quantile,0.95,230.0
2026-02-28,wk inc flu hosp,2,2026-03-14,55,quantile,0.975,245.0
2026-02-28,wk inc flu hosp,2,2026-03-14,55,quantile,0.99,256.0
2026-02-28,wk inc flu hosp,2,2026-03-14,56,quantile,0.01,0.0
2026-02-28,wk inc flu hosp,2,2026-03-14,56,quantile,0.025,0.0
2026-02-28,wk inc flu hosp,2,2026-03-14,56,quantile,0.05,0.0
2026-02-28,wk inc flu hosp,2,2026-03-14,56,quantile,0.1,0.0
2026-02-28,wk inc flu hosp,2,2026-03-14,56,quantile,0.15,1.0
2026-02-28,wk inc flu hosp,2,2026-03-14,56,quantile,0.2,1.0
2026-02-28,wk inc flu hosp,2,2026-03-14,56,quantile,0.25,2.0
2026-02-28,wk inc flu hosp,2,2026-03-14,56,quantile,0.3,3.0
2026-02-28,wk inc flu hosp,2,2026-03-14,56,quantile,0.35,4.0
2026-02-28,wk inc flu hosp,2,2026-03-14,56,quantile,0.4,4.0
2026-02-28,wk inc flu hosp,2,2026-03-14,56,quantile,0.45,5.0
2026-02-28,wk inc flu hosp,2,2026-03-14,56,quantile,0.5,6.0
2026-02-28,wk inc flu hosp,2,2026-03-14,56,quantile,0.55,6.0
2026-02-28,wk inc flu hosp,2,2026-03-14,56,quantile,0.6,7.0
2026-02-28,wk inc flu hosp,2,2026-03-14,56,quantile,0.65,8.0
2026-02-28,wk inc flu hosp,2,2026-03-14,56,quantile,0.7,9.0
2026-02-28,wk inc flu hosp,2,2026-03-14,56,quantile,0.75,9.0
2026-02-28,wk inc flu hosp,2,2026-03-14,56,quantile,0.8,9.0
2026-02-28,wk inc flu hosp,2,2026-03-14,56,quantile,0.85,10.0
2026-02-28,wk inc flu hosp,2,2026-03-14,56,quantile,0.9,10.0
2026-02-28,wk inc flu hosp,2,2026-03-14,56,quantile,0.95,11.0
2026-02-28,wk inc flu hosp,2,2026-03-14,56,quantile,0.975,12.0
2026-02-28,wk inc flu hosp,2,2026-03-14,56,quantile,0.99,13.0
2026-02-28,wk inc flu hosp,2,2026-03-14,US,quantile,0.01,799.0
2026-02-28,wk inc flu hosp,2,2026-03-14,US,quantile,0.025,1184.0
2026-02-28,wk inc flu hosp,2,2026-03-14,US,quantile,0.05,2323.0
2026-02-28,wk inc flu hosp,2,2026-03-14,US,quantile,0.1,3519.0
2026-02-28,wk inc flu hosp,2,2026-03-14,US,quantile,0.15,4201.0
2026-02-28,wk inc flu hosp,2,2026-03-14,US,quantile,0.2,4878.0
2026-02-28,wk inc flu hosp,2,2026-03-14,US,quantile,0.25,5336.0
2026-02-28,wk inc flu hosp,2,2026-03-14,US,quantile,0.3,5891.0
2026-02-28,wk inc flu hosp,2,2026-03-14,US,quantile,0.35,6418.0
2026-02-28,wk inc flu hosp,2,2026-03-14,US,quantile,0.4,6880.0
2026-02-28,wk inc flu hosp,2,2026-03-14,US,quantile,0.45,7378.0
2026-02-28,wk inc flu hosp,2,2026-03-14,US,quantile,0.5,7856.0
2026-02-28,wk inc flu hosp,2,2026-03-14,US,quantile,0.55,8245.0
2026-02-28,wk inc flu hosp,2,2026-03-14,US,quantile,0.6,8431.0
2026-02-28,wk inc flu hosp,2,2026-03-14,US,quantile,0.65,8703.0
2026-02-28,wk inc flu hosp,2,2026-03-14,US,quantile,0.7,8870.0
2026-02-28,wk inc flu hosp,2,2026-03-14,US,quantile,0.75,9124.0
2026-02-28,wk inc flu hosp,2,2026-03-14,US,quantile,0.8,9333.0
2026-02-28,wk inc flu hosp,2,2026-03-14,US,quantile,0.85,9622.0
2026-02-28,wk inc flu hosp,2,2026-03-14,US,quantile,0.9,9995.0
2026-02-28,wk inc flu hosp,2,2026-03-14,US,quantile,0.95,10564.0
2026-02-28,wk inc flu hosp,2,2026-03-14,US,quantile,0.975,11064.0
2026-02-28,wk inc flu hosp,2,2026-03-14,US,quantile,0.99,11438.0
2026-02-28,wk inc flu hosp,3,2026-03-21,01,quantile,0.01,0.0
2026-02-28,wk inc flu hosp,3,2026-03-21,01,quantile,0.025,0.0
2026-02-28,wk inc flu hosp,3,2026-03-21,01,quantile,0.05,3.0
2026-02-28,wk inc flu hosp,3,2026-03-21,01,quantile,0.1,39.0
2026-02-28,wk inc flu hosp,3,2026-03-21,01,quantile,0.15,66.0
2026-02-28,wk inc flu hosp,3,2026-03-21,01,quantile,0.2,85.0
2026-02-28,wk inc flu hosp,3,2026-03-21,01,quantile,0.25,105.0
2026-02-28,wk inc flu hosp,3,2026-03-21,01,quantile,0.3,122.0
2026-02-28,wk inc flu hosp,3,2026-03-21,01,quantile,0.35,139.0
2026-02-28,wk inc flu hosp,3,2026-03-21,01,quantile,0.4,153.0
2026-02-28,wk inc flu hosp,3,2026-03-21,01,quantile,0.45,168.0
2026-02-28,wk inc flu hosp,3,2026-03-21,01,quantile,0.5,183.0
2026-02-28,wk inc flu hosp,3,2026-03-21,01,quantile,0.55,198.0
2026-02-28,wk inc flu hosp,3,2026-03-21,01,quantile,0.6,215.0
2026-02-28,wk inc flu hosp,3,2026-03-21,01,quantile,0.65,235.0
2026-02-28,wk inc flu hosp,3,2026-03-21,01,quantile,0.7,250.0
2026-02-28,wk inc flu hosp,3,2026-03-21,01,quantile,0.75,268.0
2026-02-28,wk inc flu hosp,3,2026-03-21,01,quantile,0.8,288.0
2026-02-28,wk inc flu hosp,3,2026-03-21,01,quantile,0.85,313.0
2026-02-28,wk inc flu hosp,3,2026-03-21,01,quantile,0.9,337.0
2026-02-28,wk inc flu hosp,3,2026-03-21,01,quantile,0.95,363.0
2026-02-28,wk inc flu hosp,3,2026-03-21,01,quantile,0.975,389.0
2026-02-28,wk inc flu hosp,3,2026-03-21,01,quantile,0.99,412.0
2026-02-28,wk inc flu hosp,3,2026-03-21,02,quantile,0.01,0.0
2026-02-28,wk inc flu hosp,3,2026-03-21,02,quantile,0.025,0.0
2026-02-28,wk inc flu hosp,3,2026-03-21,02,quantile,0.05,0.0
2026-02-28,wk inc flu hosp,3,2026-03-21,02,quantile,0.1,2.0
2026-02-28,wk inc flu hosp,3,2026-03-21,02,quantile,0.15,3.0
2026-02-28,wk inc flu hosp,3,2026-03-21,02,quantile,0.2,4.0
2026-02-28,wk inc flu hosp,3,2026-03-21,02,quantile,0.25,5.0
2026-02-28,wk inc flu hosp,3,2026-03-21,02,quantile,0.3,5.0
2026-02-28,wk inc flu hosp,3,2026-03-21,02,quantile,0.35,6.0
2026-02-28,wk inc flu hosp,3,2026-03-21,02,quantile,0.4,7.0
2026-02-28,wk inc flu hosp,3,2026-03-21,02,quantile,0.45,7.0
2026-02-28,wk inc flu hosp,3,2026-03-21,02,quantile,0.5,8.0
2026-02-28,wk inc flu hosp,3,2026-03-21,02,quantile,0.55,9.0
2026-02-28,wk inc flu hosp,3,2026-03-21,02,quantile,0.6,9.0
2026-02-28,wk inc flu hosp,3,2026-03-21,02,quantile,0.65,10.0
2026-02-28,wk inc flu hosp,3,2026-03-21,02,quantile,0.7,11.0
2026-02-28,wk inc flu hosp,3,2026-03-21,02,quantile,0.75,12.0
2026-02-28,wk inc flu hosp,3,2026-03-21,02,quantile,0.8,12.0
2026-02-28,wk inc flu hosp,3,2026-03-21,02,quantile,0.85,13.0
2026-02-28,wk inc flu hosp,3,2026-03-21,02,quantile,0.9,15.0
2026-02-28,wk inc flu hosp,3,2026-03-21,02,quantile,0.95,16.0
2026-02-28,wk inc flu hosp,3,2026-03-21,02,quantile,0.975,18.0
2026-02-28,wk inc flu hosp,3,2026-03-21,02,quantile,0.99,21.0
2026-02-28,wk inc flu hosp,3,2026-03-21,04,quantile,0.01,26.0
2026-02-28,wk inc flu hosp,3,2026-03-21,04,quantile,0.025,36.0
2026-02-28,wk inc flu hosp,3,2026-03-21,04,quantile,0.05,42.0
2026-02-28,wk inc flu hosp,3,2026-03-21,04,quantile,0.1,65.0
2026-02-28,wk inc flu hosp,3,2026-03-21,04,quantile,0.15,79.0
2026-02-28,wk inc flu hosp,3,2026-03-21,04,quantile,0.2,90.0
2026-02-28,wk inc flu hosp,3,2026-03-21,04,quantile,0.25,101.0
2026-02-28,wk inc flu hosp,3,2026-03-21,04,quantile,0.3,111.0
2026-02-28,wk inc flu hosp,3,2026-03-21,04,quantile,0.35,120.0
2026-02-28,wk inc flu hosp,3,2026-03-21,04,quantile,0.4,127.0
2026-02-28,wk inc flu hosp,3,2026-03-21,04,quantile,0.45,136.0
2026-02-28,wk inc flu hosp,3,2026-03-21,04,quantile,0.5,143.0
2026-02-28,wk inc flu hosp,3,2026-03-21,04,quantile,0.55,152.0
2026-02-28,wk inc flu hosp,3,2026-03-21,04,quantile,0.6,160.0
2026-02-28,wk inc flu hosp,3,2026-03-21,04,quantile,0.65,170.0
2026-02-28,wk inc flu hosp,3,2026-03-21,04,quantile,0.7,177.0
2026-02-28,wk inc flu hosp,3,2026-03-21,04,quantile,0.75,188.0
2026-02-28,wk inc flu hosp,3,2026-03-21,04,quantile,0.8,199.0
2026-02-28,wk inc flu hosp,3,2026-03-21,04,quantile,0.85,211.0
2026-02-28,wk inc flu hosp,3,2026-03-21,04,quantile,0.9,227.0
2026-02-28,wk inc flu hosp,3,2026-03-21,04,quantile,0.95,252.0
2026-02-28,wk inc flu hosp,3,2026-03-21,04,quantile,0.975,270.0
2026-02-28,wk inc flu hosp,3,2026-03-21,04,quantile,0.99,294.0
2026-02-28,wk inc flu hosp,3,2026-03-21,05,quantile,0.01,0.0
2026-02-28,wk inc flu hosp,3,2026-03-21,05,quantile,0.025,0.0
2026-02-28,wk inc flu hosp,3,2026-03-21,05,quantile,0.05,0.0
2026-02-28,wk inc flu hosp,3,2026-03-21,05,quantile,0.1,0.0
2026-02-28,wk inc flu hosp,3,2026-03-21,05,quantile,0.15,7.0
2026-02-28,wk inc flu hosp,3,2026-03-21,05,quantile,0.2,17.0
2026-02-28,wk inc flu hosp,3,2026-03-21,05,quantile,0.25,30.0
2026-02-28,wk inc flu hosp,3,2026-03-21,05,quantile,0.3,40.0
2026-02-28,wk inc flu hosp,3,2026-03-21,05,quantile,0.35,49.0
2026-02-28,wk inc flu hosp,3,2026-03-21,05,quantile,0.4,57.0
2026-02-28,wk inc flu hosp,3,2026-03-21,05,quantile,0.45,61.0
2026-02-28,wk inc flu hosp,3,2026-03-21,05,quantile,0.5,64.0
2026-02-28,wk inc flu hosp,3,2026-03-21,05,quantile,0.55,68.0
2026-02-28,wk inc flu hosp,3,2026-03-21,05,quantile,0.6,72.0
2026-02-28,wk inc flu hosp,3,2026-03-21,05,quantile,0.65,77.0
2026-02-28,wk inc flu hosp,3,2026-03-21,05,quantile,0.7,81.0
2026-02-28,wk inc flu hosp,3,2026-03-21,05,quantile,0.75,86.0
2026-02-28,wk inc flu hosp,3,2026-03-21,05,quantile,0.8,91.0
2026-02-28,wk inc flu hosp,3,2026-03-21,05,quantile,0.85,97.0
2026-02-28,wk inc flu hosp,3,2026-03-21,05,quantile,0.9,104.0
2026-02-28,wk inc flu hosp,3,2026-03-21,05,quantile,0.95,114.0
2026-02-28,wk inc flu hosp,3,2026-03-21,05,quantile,0.975,123.0
2026-02-28,wk inc flu hosp,3,2026-03-21,05,quantile,0.99,135.0
2026-02-28,wk inc flu hosp,3,2026-03-21,06,quantile,0.01,8.0
2026-02-28,wk inc flu hosp,3,2026-03-21,06,quantile,0.025,88.0
2026-02-28,wk inc flu hosp,3,2026-03-21,06,quantile,0.05,188.0
2026-02-28,wk inc flu hosp,3,2026-03-21,06,quantile,0.1,316.0
2026-02-28,wk inc flu hosp,3,2026-03-21,06,quantile,0.15,399.0
2026-02-28,wk inc flu hosp,3,2026-03-21,06,quantile,0.2,457.0
2026-02-28,wk inc flu hosp,3,2026-03-21,06,quantile,0.25,514.0
2026-02-28,wk inc flu hosp,3,2026-03-21,06,quantile,0.3,565.0
2026-02-28,wk inc flu hosp,3,2026-03-21,06,quantile,0.35,616.0
2026-02-28,wk inc flu hosp,3,2026-03-21,06,quantile,0.4,661.0
2026-02-28,wk inc flu hosp,3,2026-03-21,06,quantile,0.45,708.0
2026-02-28,wk inc flu hosp,3,2026-03-21,06,quantile,0.5,756.0
2026-02-28,wk inc flu hosp,3,2026-03-21,06,quantile,0.55,808.0
2026-02-28,wk inc flu hosp,3,2026-03-21,06,quantile,0.6,843.0
2026-02-28,wk inc flu hosp,3,2026-03-21,06,quantile,0.65,894.0
2026-02-28,wk inc flu hosp,3,2026-03-21,06,quantile,0.7,943.0
2026-02-28,wk inc flu hosp,3,2026-03-21,06,quantile,0.75,997.0
2026-02-28,wk inc flu hosp,3,2026-03-21,06,quantile,0.8,1055.0
2026-02-28,wk inc flu hosp,3,2026-03-21,06,quantile,0.85,1120.0
2026-02-28,wk inc flu hosp,3,2026-03-21,06,quantile,0.9,1211.0
2026-02-28,wk inc flu hosp,3,2026-03-21,06,quantile,0.95,1339.0
2026-02-28,wk inc flu hosp,3,2026-03-21,06,quantile,0.975,1433.0
2026-02-28,wk inc flu hosp,3,2026-03-21,06,quantile,0.99,1542.0
2026-02-28,wk inc flu hosp,3,2026-03-21,08,quantile,0.01,0.0
2026-02-28,wk inc flu hosp,3,2026-03-21,08,quantile,0.025,2.0
2026-02-28,wk inc flu hosp,3,2026-03-21,08,quantile,0.05,6.0
2026-02-28,wk inc flu hosp,3,2026-03-21,08,quantile,0.1,13.0
2026-02-28,wk inc flu hosp,3,2026-03-21,08,quantile,0.15,19.0
2026-02-28,wk inc flu hosp,3,2026-03-21,08,quantile,0.2,27.0
2026-02-28,wk inc flu hosp,3,2026-03-21,08,quantile,0.25,35.0
2026-02-28,wk inc flu hosp,3,2026-03-21,08,quantile,0.3,42.0
2026-02-28,wk inc flu hosp,3,2026-03-21,08,quantile,0.35,48.0
2026-02-28,wk inc flu hosp,3,2026-03-21,08,quantile,0.4,53.0
2026-02-28,wk inc flu hosp,3,2026-03-21,08,quantile,0.45,58.0
2026-02-28,wk inc flu hosp,3,2026-03-21,08,quantile,0.5,64.0
2026-02-28,wk inc flu hosp,3,2026-03-21,08,quantile,0.55,70.0
2026-02-28,wk inc flu hosp,3,2026-03-21,08,quantile,0.6,76.0
2026-02-28,wk inc flu hosp,3,2026-03-21,08,quantile,0.65,83.0
2026-02-28,wk inc flu hosp,3,2026-03-21,08,quantile,0.7,89.0
2026-02-28,wk inc flu hosp,3,2026-03-21,08,quantile,0.75,96.0
2026-02-28,wk inc flu hosp,3,2026-03-21,08,quantile,0.8,104.0
2026-02-28,wk inc flu hosp,3,2026-03-21,08,quantile,0.85,113.0
2026-02-28,wk inc flu hosp,3,2026-03-21,08,quantile,0.9,124.0
2026-02-28,wk inc flu hosp,3,2026-03-21,08,quantile,0.95,139.0
2026-02-28,wk inc flu hosp,3,2026-03-21,08,quantile,0.975,152.0
2026-02-28,wk inc flu hosp,3,2026-03-21,08,quantile,0.99,171.0
2026-02-28,wk inc flu hosp,3,2026-03-21,09,quantile,0.01,0.0
2026-02-28,wk inc flu hosp,3,2026-03-21,09,quantile,0.025,0.0
2026-02-28,wk inc flu hosp,3,2026-03-21,09,quantile,0.05,0.0
2026-02-28,wk inc flu hosp,3,2026-03-21,09,quantile,0.1,4.0
2026-02-28,wk inc flu hosp,3,2026-03-21,09,quantile,0.15,7.0
2026-02-28,wk inc flu hosp,3,2026-03-21,09,quantile,0.2,10.0
2026-02-28,wk inc flu hosp,3,2026-03-21,09,quantile,0.25,13.0
2026-02-28,wk inc flu hosp,3,2026-03-21,09,quantile,0.3,16.0
2026-02-28,wk inc flu hosp,3,2026-03-21,09,quantile,0.35,18.0
2026-02-28,wk inc flu hosp,3,2026-03-21,09,quantile,0.4,20.0
2026-02-28,wk inc flu hosp,3,2026-03-21,09,quantile,0.45,23.0
2026-02-28,wk inc flu hosp,3,2026-03-21,09,quantile,0.5,25.0
2026-02-28,wk inc flu hosp,3,2026-03-21,09,quantile,0.55,27.0
2026-02-28,wk inc flu hosp,3,2026-03-21,09,quantile,0.6,29.0
2026-02-28,wk inc flu hosp,3,2026-03-21,09,quantile,0.65,32.0
2026-02-28,wk inc flu hosp,3,2026-03-21,09,quantile,0.7,34.0
2026-02-28,wk inc flu hosp,3,2026-03-21,09,quantile,0.75,37.0
2026-02-28,wk inc flu hosp,3,2026-03-21,09,quantile,0.8,40.0
2026-02-28,wk inc flu hosp,3,2026-03-21,09,quantile,0.85,43.0
2026-02-28,wk inc flu hosp,3,2026-03-21,09,quantile,0.9,47.0
2026-02-28,wk inc flu hosp,3,2026-03-21,09,quantile,0.95,53.0
2026-02-28,wk inc flu hosp,3,2026-03-21,09,quantile,0.975,60.0
2026-02-28,wk inc flu hosp,3,2026-03-21,09,quantile,0.99,67.0
2026-02-28,wk inc flu hosp,3,2026-03-21,10,quantile,0.01,0.0
2026-02-28,wk inc flu hosp,3,2026-03-21,10,quantile,0.025,0.0
2026-02-28,wk inc flu hosp,3,2026-03-21,10,quantile,0.05,0.0
2026-02-28,wk inc flu hosp,3,2026-03-21,10,quantile,0.1,0.0
2026-02-28,wk inc flu hosp,3,2026-03-21,10,quantile,0.15,0.0
2026-02-28,wk inc flu hosp,3,2026-03-21,10,quantile,0.2,2.0
2026-02-28,wk inc flu hosp,3,2026-03-21,10,quantile,0.25,4.0
2026-02-28,wk inc flu hosp,3,2026-03-21,10,quantile,0.3,7.0
2026-02-28,wk inc flu hosp,3,2026-03-21,10,quantile,0.35,9.0
2026-02-28,wk inc flu hosp,3,2026-03-21,10,quantile,0.4,12.0
2026-02-28,wk inc flu hosp,3,2026-03-21,10,quantile,0.45,13.0
2026-02-28,wk inc flu hosp,3,2026-03-21,10,quantile,0.5,14.0
2026-02-28,wk inc flu hosp,3,2026-03-21,10,quantile,0.55,16.0
2026-02-28,wk inc flu hosp,3,2026-03-21,10,quantile,0.6,17.0
2026-02-28,wk inc flu hosp,3,2026-03-21,10,quantile,0.65,18.0
2026-02-28,wk inc flu hosp,3,2026-03-21,10,quantile,0.7,19.0
2026-02-28,wk inc flu hosp,3,2026-03-21,10,quantile,0.75,21.0
2026-02-28,wk inc flu hosp,3,2026-03-21,10,quantile,0.8,22.0
2026-02-28,wk inc flu hosp,3,2026-03-21,10,quantile,0.85,24.0
2026-02-28,wk inc flu hosp,3,2026-03-21,10,quantile,0.9,26.0
2026-02-28,wk inc flu hosp,3,2026-03-21,10,quantile,0.95,30.0
2026-02-28,wk inc flu hosp,3,2026-03-21,10,quantile,0.975,33.0
2026-02-28,wk inc flu hosp,3,2026-03-21,10,quantile,0.99,37.0
2026-02-28,wk inc flu hosp,3,2026-03-21,11,quantile,0.01,0.0
2026-02-28,wk inc flu hosp,3,2026-03-21,11,quantile,0.025,0.0
2026-02-28,wk inc flu hosp,3,2026-03-21,11,quantile,0.05,0.0
2026-02-28,wk inc flu hosp,3,2026-03-21,11,quantile,0.1,0.0
2026-02-28,wk inc flu hosp,3,2026-03-21,11,quantile,0.15,0.0
2026-02-28,wk inc flu hosp,3,2026-03-21,11,quantile,0.2,0.0
2026-02-28,wk inc flu hosp,3,2026-03-21,11,quantile,0.25,0.0
2026-02-28,wk inc flu hosp,3,2026-03-21,11,quantile,0.3,0.0
2026-02-28,wk inc flu hosp,3,2026-03-21,11,quantile,0.35,0.0
2026-02-28,wk inc flu hosp,3,2026-03-21,11,quantile,0.4,0.0
2026-02-28,wk inc flu hosp,3,2026-03-21,11,quantile,0.45,0.0
2026-02-28,wk inc flu hosp,3,2026-03-21,11,quantile,0.5,0.0
2026-02-28,wk inc flu hosp,3,2026-03-21,11,quantile,0.55,0.0
2026-02-28,wk inc flu hosp,3,2026-03-21,11,quantile,0.6,0.0
2026-02-28,wk inc flu hosp,3,2026-03-21,11,quantile,0.65,0.0
2026-02-28,wk inc flu hosp,3,2026-03-21,11,quantile,0.7,1.0
2026-02-28,wk inc flu hosp,3,2026-03-21,11,quantile,0.75,1.0
2026-02-28,wk inc flu hosp,3,2026-03-21,11,quantile,0.8,2.0
2026-02-28,wk inc flu hosp,3,2026-03-21,11,quantile,0.85,3.0
2026-02-28,wk inc flu hosp,3,2026-03-21,11,quantile,0.9,4.0
2026-02-28,wk inc flu hosp,3,2026-03-21,11,quantile,0.95,5.0
2026-02-28,wk inc flu hosp,3,2026-03-21,11,quantile,0.975,7.0
2026-02-28,wk inc flu hosp,3,2026-03-21,11,quantile,0.99,8.0
2026-02-28,wk inc flu hosp,3,2026-03-21,12,quantile,0.01,209.0
2026-02-28,wk inc flu hosp,3,2026-03-21,12,quantile,0.025,270.0
2026-02-28,wk inc flu hosp,3,2026-03-21,12,quantile,0.05,336.0
2026-02-28,wk inc flu hosp,3,2026-03-21,12,quantile,0.1,410.0
2026-02-28,wk inc flu hosp,3,2026-03-21,12,quantile,0.15,459.0
2026-02-28,wk inc flu hosp,3,2026-03-21,12,quantile,0.2,494.0
2026-02-28,wk inc flu hosp,3,2026-03-21,12,quantile,0.25,528.0
2026-02-28,wk inc flu hosp,3,2026-03-21,12,quantile,0.3,559.0
2026-02-28,wk inc flu hosp,3,2026-03-21,12,quantile,0.35,583.0
2026-02-28,wk inc flu hosp,3,2026-03-21,12,quantile,0.4,606.0
2026-02-28,wk inc flu hosp,3,2026-03-21,12,quantile,0.45,632.0
2026-02-28,wk inc flu hosp,3,2026-03-21,12,quantile,0.5,658.0
2026-02-28,wk inc flu hosp,3,2026-03-21,12,quantile,0.55,681.0
2026-02-28,wk inc flu hosp,3,2026-03-21,12,quantile,0.6,705.0
2026-02-28,wk inc flu hosp,3,2026-03-21,12,quantile,0.65,731.0
2026-02-28,wk inc flu hosp,3,2026-03-21,12,quantile,0.7,758.0
2026-02-28,wk inc flu hosp,3,2026-03-21,12,quantile,0.75,777.0
2026-02-28,wk inc flu hosp,3,2026-03-21,12,quantile,0.8,798.0
2026-02-28,wk inc flu hosp,3,2026-03-21,12,quantile,0.85,825.0
2026-02-28,wk inc flu hosp,3,2026-03-21,12,quantile,0.9,891.0
2026-02-28,wk inc flu hosp,3,2026-03-21,12,quantile,0.95,975.0
2026-02-28,wk inc flu hosp,3,2026-03-21,12,quantile,0.975,1042.0
2026-02-28,wk inc flu hosp,3,2026-03-21,12,quantile,0.99,1096.0
2026-02-28,wk inc flu hosp,3,2026-03-21,13,quantile,0.01,0.0
2026-02-28,wk inc flu hosp,3,2026-03-21,13,quantile,0.025,0.0
2026-02-28,wk inc flu hosp,3,2026-03-21,13,quantile,0.05,7.0
2026-02-28,wk inc flu hosp,3,2026-03-21,13,quantile,0.1,32.0
2026-02-28,wk inc flu hosp,3,2026-03-21,13,quantile,0.15,55.0
2026-02-28,wk inc flu hosp,3,2026-03-21,13,quantile,0.2,76.0
2026-02-28,wk inc flu hosp,3,2026-03-21,13,quantile,0.25,96.0
2026-02-28,wk inc flu hosp,3,2026-03-21,13,quantile,0.3,114.0
2026-02-28,wk inc flu hosp,3,2026-03-21,13,quantile,0.35,133.0
2026-02-28,wk inc flu hosp,3,2026-03-21,13,quantile,0.4,150.0
2026-02-28,wk inc flu hosp,3,2026-03-21,13,quantile,0.45,167.0
2026-02-28,wk inc flu hosp,3,2026-03-21,13,quantile,0.5,180.0
2026-02-28,wk inc flu hosp,3,2026-03-21,13,quantile,0.55,200.0
2026-02-28,wk inc flu hosp,3,2026-03-21,13,quantile,0.6,215.0
2026-02-28,wk inc flu hosp,3,2026-03-21,13,quantile,0.65,223.0
2026-02-28,wk inc flu hosp,3,2026-03-21,13,quantile,0.7,235.0
2026-02-28,wk inc flu hosp,3,2026-03-21,13,quantile,0.75,249.0
2026-02-28,wk inc flu hosp,3,2026-03-21,13,quantile,0.8,262.0
2026-02-28,wk inc flu hosp,3,2026-03-21,13,quantile,0.85,276.0
2026-02-28,wk inc flu hosp,3,2026-03-21,13,quantile,0.9,294.0
2026-02-28,wk inc flu hosp,3,2026-03-21,13,quantile,0.95,326.0
2026-02-28,wk inc flu hosp,3,2026-03-21,13,quantile,0.975,348.0
2026-02-28,wk inc flu hosp,3,2026-03-21,13,quantile,0.99,373.0
2026-02-28,wk inc flu hosp,3,2026-03-21,15,quantile,0.01,0.0
2026-02-28,wk inc flu hosp,3,2026-03-21,15,quantile,0.025,0.0
2026-02-28,wk inc flu hosp,3,2026-03-21,15,quantile,0.05,0.0
2026-02-28,wk inc flu hosp,3,2026-03-21,15,quantile,0.1,8.0
2026-02-28,wk inc flu hosp,3,2026-03-21,15,quantile,0.15,9.0
2026-02-28,wk inc flu hosp,3,2026-03-21,15,quantile,0.2,9.0
2026-02-28,wk inc flu hosp,3,2026-03-21,15,quantile,0.25,9.0
2026-02-28,wk inc flu hosp,3,2026-03-21,15,quantile,0.3,9.0
2026-02-28,wk inc flu hosp,3,2026-03-21,15,quantile,0.35,10.0
2026-02-28,wk inc flu hosp,3,2026-03-21,15,quantile,0.4,10.0
2026-02-28,wk inc flu hosp,3,2026-03-21,15,quantile,0.45,10.0
2026-02-28,wk inc flu hosp,3,2026-03-21,15,quantile,0.5,12.0
2026-02-28,wk inc flu hosp,3,2026-03-21,15,quantile,0.55,15.0
2026-02-28,wk inc flu hosp,3,2026-03-21,15,quantile,0.6,17.0
2026-02-28,wk inc flu hosp,3,2026-03-21,15,quantile,0.65,20.0
2026-02-28,wk inc flu hosp,3,2026-03-21,15,quantile,0.7,23.0
2026-02-28,wk inc flu hosp,3,2026-03-21,15,quantile,0.75,26.0
2026-02-28,wk inc flu hosp,3,2026-03-21,15,quantile,0.8,29.0
2026-02-28,wk inc flu hosp,3,2026-03-21,15,quantile,0.85,32.0
2026-02-28,wk inc flu hosp,3,2026-03-21,15,quantile,0.9,36.0
2026-02-28,wk inc flu hosp,3,2026-03-21,15,quantile,0.95,42.0
2026-02-28,wk inc flu hosp,3,2026-03-21,15,quantile,0.975,48.0
2026-02-28,wk inc flu hosp,3,2026-03-21,15,quantile,0.99,55.0
2026-02-28,wk inc flu hosp,3,2026-03-21,16,quantile,0.01,3.0
2026-02-28,wk inc flu hosp,3,2026-03-21,16,quantile,0.025,6.0
2026-02-28,wk inc flu hosp,3,2026-03-21,16,quantile,0.05,8.0
2026-02-28,wk inc flu hosp,3,2026-03-21,16,quantile,0.1,14.0
2026-02-28,wk inc flu hosp,3,2026-03-21,16,quantile,0.15,19.0
2026-02-28,wk inc flu hosp,3,2026-03-21,16,quantile,0.2,24.0
2026-02-28,wk inc flu hosp,3,2026-03-21,16,quantile,0.25,28.0
2026-02-28,wk inc flu hosp,3,2026-03-21,16,quantile,0.3,31.0
2026-02-28,wk inc flu hosp,3,2026-03-21,16,quantile,0.35,35.0
2026-02-28,wk inc flu hosp,3,2026-03-21,16,quantile,0.4,38.0
2026-02-28,wk inc flu hosp,3,2026-03-21,16,quantile,0.45,41.0
2026-02-28,wk inc flu hosp,3,2026-03-21,16,quantile,0.5,43.0
2026-02-28,wk inc flu hosp,3,2026-03-21,16,quantile,0.55,45.0
2026-02-28,wk inc flu hosp,3,2026-03-21,16,quantile,0.6,47.0
2026-02-28,wk inc flu hosp,3,2026-03-21,16,quantile,0.65,48.0
2026-02-28,wk inc flu hosp,3,2026-03-21,16,quantile,0.7,50.0
2026-02-28,wk inc flu hosp,3,2026-03-21,16,quantile,0.75,53.0
2026-02-28,wk inc flu hosp,3,2026-03-21,16,quantile,0.8,55.0
2026-02-28,wk inc flu hosp,3,2026-03-21,16,quantile,0.85,58.0
2026-02-28,wk inc flu hosp,3,2026-03-21,16,quantile,0.9,61.0
2026-02-28,wk inc flu hosp,3,2026-03-21,16,quantile,0.95,66.0
2026-02-28,wk inc flu hosp,3,2026-03-21,16,quantile,0.975,70.0
2026-02-28,wk inc flu hosp,3,2026-03-21,16,quantile,0.99,75.0
2026-02-28,wk inc flu hosp,3,2026-03-21,17,quantile,0.01,0.0
2026-02-28,wk inc flu hosp,3,2026-03-21,17,quantile,0.025,0.0
2026-02-28,wk inc flu hosp,3,2026-03-21,17,quantile,0.05,1.0
2026-02-28,wk inc flu hosp,3,2026-03-21,17,quantile,0.1,49.0
2026-02-28,wk inc flu hosp,3,2026-03-21,17,quantile,0.15,104.0
2026-02-28,wk inc flu hosp,3,2026-03-21,17,quantile,0.2,130.0
2026-02-28,wk inc flu hosp,3,2026-03-21,17,quantile,0.25,149.0
2026-02-28,wk inc flu hosp,3,2026-03-21,17,quantile,0.3,165.0
2026-02-28,wk inc flu hosp,3,2026-03-21,17,quantile,0.35,180.0
2026-02-28,wk inc flu hosp,3,2026-03-21,17,quantile,0.4,193.0
2026-02-28,wk inc flu hosp,3,2026-03-21,17,quantile,0.45,206.0
2026-02-28,wk inc flu hosp,3,2026-03-21,17,quantile,0.5,217.0
2026-02-28,wk inc flu hosp,3,2026-03-21,17,quantile,0.55,230.0
2026-02-28,wk inc flu hosp,3,2026-03-21,17,quantile,0.6,243.0
2026-02-28,wk inc flu hosp,3,2026-03-21,17,quantile,0.65,258.0
2026-02-28,wk inc flu hosp,3,2026-03-21,17,quantile,0.7,273.0
2026-02-28,wk inc flu hosp,3,2026-03-21,17,quantile,0.75,289.0
2026-02-28,wk inc flu hosp,3,2026-03-21,17,quantile,0.8,304.0
2026-02-28,wk inc flu hosp,3,2026-03-21,17,quantile,0.85,322.0
2026-02-28,wk inc flu hosp,3,2026-03-21,17,quantile,0.9,348.0
2026-02-28,wk inc flu hosp,3,2026-03-21,17,quantile,0.95,384.0
2026-02-28,wk inc flu hosp,3,2026-03-21,17,quantile,0.975,417.0
2026-02-28,wk inc flu hosp,3,2026-03-21,17,quantile,0.99,455.0
2026-02-28,wk inc flu hosp,3,2026-03-21,18,quantile,0.01,0.0
2026-02-28,wk inc flu hosp,3,2026-03-21,18,quantile,0.025,0.0
2026-02-28,wk inc flu hosp,3,2026-03-21,18,quantile,0.05,0.0
2026-02-28,wk inc flu hosp,3,2026-03-21,18,quantile,0.1,0.0
2026-02-28,wk inc flu hosp,3,2026-03-21,18,quantile,0.15,5.0
2026-02-28,wk inc flu hosp,3,2026-03-21,18,quantile,0.2,21.0
2026-02-28,wk inc flu hosp,3,2026-03-21,18,quantile,0.25,32.0
2026-02-28,wk inc flu hosp,3,2026-03-21,18,quantile,0.3,42.0
2026-02-28,wk inc flu hosp,3,2026-03-21,18,quantile,0.35,51.0
2026-02-28,wk inc flu hosp,3,2026-03-21,18,quantile,0.4,58.0
2026-02-28,wk inc flu hosp,3,2026-03-21,18,quantile,0.45,66.0
2026-02-28,wk inc flu hosp,3,2026-03-21,18,quantile,0.5,74.0
2026-02-28,wk inc flu hosp,3,2026-03-21,18,quantile,0.55,82.0
2026-02-28,wk inc flu hosp,3,2026-03-21,18,quantile,0.6,90.0
2026-02-28,wk inc flu hosp,3,2026-03-21,18,quantile,0.65,100.0
2026-02-28,wk inc flu hosp,3,2026-03-21,18,quantile,0.7,108.0
2026-02-28,wk inc flu hosp,3,2026-03-21,18,quantile,0.75,117.0
2026-02-28,wk inc flu hosp,3,2026-03-21,18,quantile,0.8,127.0
2026-02-28,wk inc flu hosp,3,2026-03-21,18,quantile,0.85,137.0
2026-02-28,wk inc flu hosp,3,2026-03-21,18,quantile,0.9,151.0
2026-02-28,wk inc flu hosp,3,2026-03-21,18,quantile,0.95,173.0
2026-02-28,wk inc flu hosp,3,2026-03-21,18,quantile,0.975,195.0
2026-02-28,wk inc flu hosp,3,2026-03-21,18,quantile,0.99,218.0
2026-02-28,wk inc flu hosp,3,2026-03-21,19,quantile,0.01,4.0
2026-02-28,wk inc flu hosp,3,2026-03-21,19,quantile,0.025,8.0
2026-02-28,wk inc flu hosp,3,2026-03-21,19,quantile,0.05,9.0
2026-02-28,wk inc flu hosp,3,2026-03-21,19,quantile,0.1,9.0
2026-02-28,wk inc flu hosp,3,2026-03-21,19,quantile,0.15,10.0
2026-02-28,wk inc flu hosp,3,2026-03-21,19,quantile,0.2,14.0
2026-02-28,wk inc flu hosp,3,2026-03-21,19,quantile,0.25,18.0
2026-02-28,wk inc flu hosp,3,2026-03-21,19,quantile,0.3,22.0
2026-02-28,wk inc flu hosp,3,2026-03-21,19,quantile,0.35,25.0
2026-02-28,wk inc flu hosp,3,2026-03-21,19,quantile,0.4,28.0
2026-02-28,wk inc flu hosp,3,2026-03-21,19,quantile,0.45,31.0
2026-02-28,wk inc flu hosp,3,2026-03-21,19,quantile,0.5,34.0
2026-02-28,wk inc flu hosp,3,2026-03-21,19,quantile,0.55,37.0
2026-02-28,wk inc flu hosp,3,2026-03-21,19,quantile,0.6,40.0
2026-02-28,wk inc flu hosp,3,2026-03-21,19,quantile,0.65,43.0
2026-02-28,wk inc flu hosp,3,2026-03-21,19,quantile,0.7,47.0
2026-02-28,wk inc flu hosp,3,2026-03-21,19,quantile,0.75,52.0
2026-02-28,wk inc flu hosp,3,2026-03-21,19,quantile,0.8,56.0
2026-02-28,wk inc flu hosp,3,2026-03-21,19,quantile,0.85,61.0
2026-02-28,wk inc flu hosp,3,2026-03-21,19,quantile,0.9,65.0
2026-02-28,wk inc flu hosp,3,2026-03-21,19,quantile,0.95,71.0
2026-02-28,wk inc flu hosp,3,2026-03-21,19,quantile,0.975,77.0
2026-02-28,wk inc flu hosp,3,2026-03-21,19,quantile,0.99,83.0
2026-02-28,wk inc flu hosp,3,2026-03-21,20,quantile,0.01,0.0
2026-02-28,wk inc flu hosp,3,2026-03-21,20,quantile,0.025,0.0
2026-02-28,wk inc flu hosp,3,2026-03-21,20,quantile,0.05,0.0
2026-02-28,wk inc flu hosp,3,2026-03-21,20,quantile,0.1,2.0
2026-02-28,wk inc flu hosp,3,2026-03-21,20,quantile,0.15,7.0
2026-02-28,wk inc flu hosp,3,2026-03-21,20,quantile,0.2,15.0
2026-02-28,wk inc flu hosp,3,2026-03-21,20,quantile,0.25,22.0
2026-02-28,wk inc flu hosp,3,2026-03-21,20,quantile,0.3,30.0
2026-02-28,wk inc flu hosp,3,2026-03-21,20,quantile,0.35,37.0
2026-02-28,wk inc flu hosp,3,2026-03-21,20,quantile,0.4,43.0
2026-02-28,wk inc flu hosp,3,2026-03-21,20,quantile,0.45,49.0
2026-02-28,wk inc flu hosp,3,2026-03-21,20,quantile,0.5,55.0
2026-02-28,wk inc flu hosp,3,2026-03-21,20,quantile,0.55,62.0
2026-02-28,wk inc flu hosp,3,2026-03-21,20,quantile,0.6,68.0
2026-02-28,wk inc flu hosp,3,2026-03-21,20,quantile,0.65,76.0
2026-02-28,wk inc flu hosp,3,2026-03-21,20,quantile,0.7,83.0
2026-02-28,wk inc flu hosp,3,2026-03-21,20,quantile,0.75,92.0
2026-02-28,wk inc flu hosp,3,2026-03-21,20,quantile,0.8,100.0
2026-02-28,wk inc flu hosp,3,2026-03-21,20,quantile,0.85,109.0
2026-02-28,wk inc flu hosp,3,2026-03-21,20,quantile,0.9,117.0
2026-02-28,wk inc flu hosp,3,2026-03-21,20,quantile,0.95,124.0
2026-02-28,wk inc flu hosp,3,2026-03-21,20,quantile,0.975,133.0
2026-02-28,wk inc flu hosp,3,2026-03-21,20,quantile,0.99,142.0
2026-02-28,wk inc flu hosp,3,2026-03-21,21,quantile,0.01,0.0
2026-02-28,wk inc flu hosp,3,2026-03-21,21,quantile,0.025,0.0
2026-02-28,wk inc flu hosp,3,2026-03-21,21,quantile,0.05,0.0
2026-02-28,wk inc flu hosp,3,2026-03-21,21,quantile,0.1,0.0
2026-02-28,wk inc flu hosp,3,2026-03-21,21,quantile,0.15,0.0
2026-02-28,wk inc flu hosp,3,2026-03-21,21,quantile,0.2,3.0
2026-02-28,wk inc flu hosp,3,2026-03-21,21,quantile,0.25,17.0
2026-02-28,wk inc flu hosp,3,2026-03-21,21,quantile,0.3,30.0
2026-02-28,wk inc flu hosp,3,2026-03-21,21,quantile,0.35,40.0
2026-02-28,wk inc flu hosp,3,2026-03-21,21,quantile,0.4,52.0
2026-02-28,wk inc flu hosp,3,2026-03-21,21,quantile,0.45,59.0
2026-02-28,wk inc flu hosp,3,2026-03-21,21,quantile,0.5,64.0
2026-02-28,wk inc flu hosp,3,2026-03-21,21,quantile,0.55,70.0
2026-02-28,wk inc flu hosp,3,2026-03-21,21,quantile,0.6,75.0
2026-02-28,wk inc flu hosp,3,2026-03-21,21,quantile,0.65,81.0
2026-02-28,wk inc flu hosp,3,2026-03-21,21,quantile,0.7,87.0
2026-02-28,wk inc flu hosp,3,2026-03-21,21,quantile,0.75,93.0
2026-02-28,wk inc flu hosp,3,2026-03-21,21,quantile,0.8,99.0
2026-02-28,wk inc flu hosp,3,2026-03-21,21,quantile,0.85,107.0
2026-02-28,wk inc flu hosp,3,2026-03-21,21,quantile,0.9,117.0
2026-02-28,wk inc flu hosp,3,2026-03-21,21,quantile,0.95,131.0
2026-02-28,wk inc flu hosp,3,2026-03-21,21,quantile,0.975,145.0
2026-02-28,wk inc flu hosp,3,2026-03-21,21,quantile,0.99,161.0
2026-02-28,wk inc flu hosp,3,2026-03-21,22,quantile,0.01,1.0
2026-02-28,wk inc flu hosp,3,2026-03-21,22,quantile,0.025,9.0
2026-02-28,wk inc flu hosp,3,2026-03-21,22,quantile,0.05,15.0
2026-02-28,wk inc flu hosp,3,2026-03-21,22,quantile,0.1,27.0
2026-02-28,wk inc flu hosp,3,2026-03-21,22,quantile,0.15,36.0
2026-02-28,wk inc flu hosp,3,2026-03-21,22,quantile,0.2,44.0
2026-02-28,wk inc flu hosp,3,2026-03-21,22,quantile,0.25,51.0
2026-02-28,wk inc flu hosp,3,2026-03-21,22,quantile,0.3,57.0
2026-02-28,wk inc flu hosp,3,2026-03-21,22,quantile,0.35,61.0
2026-02-28,wk inc flu hosp,3,2026-03-21,22,quantile,0.4,65.0
2026-02-28,wk inc flu hosp,3,2026-03-21,22,quantile,0.45,69.0
2026-02-28,wk inc flu hosp,3,2026-03-21,22,quantile,0.5,74.0
2026-02-28,wk inc flu hosp,3,2026-03-21,22,quantile,0.55,82.0
2026-02-28,wk inc flu hosp,3,2026-03-21,22,quantile,0.6,89.0
2026-02-28,wk inc flu hosp,3,2026-03-21,22,quantile,0.65,94.0
2026-02-28,wk inc flu hosp,3,2026-03-21,22,quantile,0.7,100.0
2026-02-28,wk inc flu hosp,3,2026-03-21,22,quantile,0.75,106.0
2026-02-28,wk inc flu hosp,3,2026-03-21,22,quantile,0.8,112.0
2026-02-28,wk inc flu hosp,3,2026-03-21,22,quantile,0.85,120.0
2026-02-28,wk inc flu hosp,3,2026-03-21,22,quantile,0.9,129.0
2026-02-28,wk inc flu hosp,3,2026-03-21,22,quantile,0.95,142.0
2026-02-28,wk inc flu hosp,3,2026-03-21,22,quantile,0.975,153.0
2026-02-28,wk inc flu hosp,3,2026-03-21,22,quantile,0.99,160.0
2026-02-28,wk inc flu hosp,3,2026-03-21,23,quantile,0.01,0.0
2026-02-28,wk inc flu hosp,3,2026-03-21,23,quantile,0.025,0.0
2026-02-28,wk inc flu hosp,3,2026-03-21,23,quantile,0.05,0.0
2026-02-28,wk inc flu hosp,3,2026-03-21,23,quantile,0.1,0.0
2026-02-28,wk inc flu hosp,3,2026-03-21,23,quantile,0.15,1.0
2026-02-28,wk inc flu hosp,3,2026-03-21,23,quantile,0.2,3.0
2026-02-28,wk inc flu hosp,3,2026-03-21,23,quantile,0.25,5.0
2026-02-28,wk inc flu hosp,3,2026-03-21,23,quantile,0.3,7.0
2026-02-28,wk inc flu hosp,3,2026-03-21,23,quantile,0.35,8.0
2026-02-28,wk inc flu hosp,3,2026-03-21,23,quantile,0.4,10.0
2026-02-28,wk inc flu hosp,3,2026-03-21,23,quantile,0.45,11.0
2026-02-28,wk inc flu hosp,3,2026-03-21,23,quantile,0.5,13.0
2026-02-28,wk inc flu hosp,3,2026-03-21,23,quantile,0.55,15.0
2026-02-28,wk inc flu hosp,3,2026-03-21,23,quantile,0.6,16.0
2026-02-28,wk inc flu hosp,3,2026-03-21,23,quantile,0.65,18.0
2026-02-28,wk inc flu hosp,3,2026-03-21,23,quantile,0.7,20.0
2026-02-28,wk inc flu hosp,3,2026-03-21,23,quantile,0.75,21.0
2026-02-28,wk inc flu hosp,3,2026-03-21,23,quantile,0.8,23.0
2026-02-28,wk inc flu hosp,3,2026-03-21,23,quantile,0.85,24.0
2026-02-28,wk inc flu hosp,3,2026-03-21,23,quantile,0.9,26.0
2026-02-28,wk inc flu hosp,3,2026-03-21,23,quantile,0.95,29.0
2026-02-28,wk inc flu hosp,3,2026-03-21,23,quantile,0.975,32.0
2026-02-28,wk inc flu hosp,3,2026-03-21,23,quantile,0.99,36.0
2026-02-28,wk inc flu hosp,3,2026-03-21,24,quantile,0.01,0.0
2026-02-28,wk inc flu hosp,3,2026-03-21,24,quantile,0.025,0.0
2026-02-28,wk inc flu hosp,3,2026-03-21,24,quantile,0.05,0.0
2026-02-28,wk inc flu hosp,3,2026-03-21,24,quantile,0.1,0.0
2026-02-28,wk inc flu hosp,3,2026-03-21,24,quantile,0.15,1.0
2026-02-28,wk inc flu hosp,3,2026-03-21,24,quantile,0.2,9.0
2026-02-28,wk inc flu hosp,3,2026-03-21,24,quantile,0.25,15.0
2026-02-28,wk inc flu hosp,3,2026-03-21,24,quantile,0.3,19.0
2026-02-28,wk inc flu hosp,3,2026-03-21,24,quantile,0.35,22.0
2026-02-28,wk inc flu hosp,3,2026-03-21,24,quantile,0.4,27.0
2026-02-28,wk inc flu hosp,3,2026-03-21,24,quantile,0.45,33.0
2026-02-28,wk inc flu hosp,3,2026-03-21,24,quantile,0.5,37.0
2026-02-28,wk inc flu hosp,3,2026-03-21,24,quantile,0.55,43.0
2026-02-28,wk inc flu hosp,3,2026-03-21,24,quantile,0.6,49.0
2026-02-28,wk inc flu hosp,3,2026-03-21,24,quantile,0.65,56.0
2026-02-28,wk inc flu hosp,3,2026-03-21,24,quantile,0.7,62.0
2026-02-28,wk inc flu hosp,3,2026-03-21,24,quantile,0.75,71.0
2026-02-28,wk inc flu hosp,3,2026-03-21,24,quantile,0.8,78.0
2026-02-28,wk inc flu hosp,3,2026-03-21,24,quantile,0.85,88.0
2026-02-28,wk inc flu hosp,3,2026-03-21,24,quantile,0.9,100.0
2026-02-28,wk inc flu hosp,3,2026-03-21,24,quantile,0.95,115.0
2026-02-28,wk inc flu hosp,3,2026-03-21,24,quantile,0.975,133.0
2026-02-28,wk inc flu hosp,3,2026-03-21,24,quantile,0.99,164.0
2026-02-28,wk inc flu hosp,3,2026-03-21,25,quantile,0.01,0.0
2026-02-28,wk inc flu hosp,3,2026-03-21,25,quantile,0.025,0.0
2026-02-28,wk inc flu hosp,3,2026-03-21,25,quantile,0.05,0.0
2026-02-28,wk inc flu hosp,3,2026-03-21,25,quantile,0.1,6.0
2026-02-28,wk inc flu hosp,3,2026-03-21,25,quantile,0.15,12.0
2026-02-28,wk inc flu hosp,3,2026-03-21,25,quantile,0.2,23.0
2026-02-28,wk inc flu hosp,3,2026-03-21,25,quantile,0.25,33.0
2026-02-28,wk inc flu hosp,3,2026-03-21,25,quantile,0.3,38.0
2026-02-28,wk inc flu hosp,3,2026-03-21,25,quantile,0.35,43.0
2026-02-28,wk inc flu hosp,3,2026-03-21,25,quantile,0.4,48.0
2026-02-28,wk inc flu hosp,3,2026-03-21,25,quantile,0.45,51.0
2026-02-28,wk inc flu hosp,3,2026-03-21,25,quantile,0.5,55.0
2026-02-28,wk inc flu hosp,3,2026-03-21,25,quantile,0.55,58.0
2026-02-28,wk inc flu hosp,3,2026-03-21,25,quantile,0.6,63.0
2026-02-28,wk inc flu hosp,3,2026-03-21,25,quantile,0.65,67.0
2026-02-28,wk inc flu hosp,3,2026-03-21,25,quantile,0.7,73.0
2026-02-28,wk inc flu hosp,3,2026-03-21,25,quantile,0.75,78.0
2026-02-28,wk inc flu hosp,3,2026-03-21,25,quantile,0.8,85.0
2026-02-28,wk inc flu hosp,3,2026-03-21,25,quantile,0.85,92.0
2026-02-28,wk inc flu hosp,3,2026-03-21,25,quantile,0.9,100.0
2026-02-28,wk inc flu hosp,3,2026-03-21,25,quantile,0.95,115.0
2026-02-28,wk inc flu hosp,3,2026-03-21,25,quantile,0.975,125.0
2026-02-28,wk inc flu hosp,3,2026-03-21,25,quantile,0.99,137.0
2026-02-28,wk inc flu hosp,3,2026-03-21,26,quantile,0.01,0.0
2026-02-28,wk inc flu hosp,3,2026-03-21,26,quantile,0.025,0.0
2026-02-28,wk inc flu hosp,3,2026-03-21,26,quantile,0.05,16.0
2026-02-28,wk inc flu hosp,3,2026-03-21,26,quantile,0.1,50.0
2026-02-28,wk inc flu hosp,3,2026-03-21,26,quantile,0.15,72.0
2026-02-28,wk inc flu hosp,3,2026-03-21,26,quantile,0.2,90.0
2026-02-28,wk inc flu hosp,3,2026-03-21,26,quantile,0.25,104.0
2026-02-28,wk inc flu hosp,3,2026-03-21,26,quantile,0.3,119.0
2026-02-28,wk inc flu hosp,3,2026-03-21,26,quantile,0.35,133.0
2026-02-28,wk inc flu hosp,3,2026-03-21,26,quantile,0.4,146.0
2026-02-28,wk inc flu hosp,3,2026-03-21,26,quantile,0.45,160.0
2026-02-28,wk inc flu hosp,3,2026-03-21,26,quantile,0.5,173.0
2026-02-28,wk inc flu hosp,3,2026-03-21,26,quantile,0.55,186.0
2026-02-28,wk inc flu hosp,3,2026-03-21,26,quantile,0.6,200.0
2026-02-28,wk inc flu hosp,3,2026-03-21,26,quantile,0.65,214.0
2026-02-28,wk inc flu hosp,3,2026-03-21,26,quantile,0.7,219.0
2026-02-28,wk inc flu hosp,3,2026-03-21,26,quantile,0.75,227.0
2026-02-28,wk inc flu hosp,3,2026-03-21,26,quantile,0.8,234.0
2026-02-28,wk inc flu hosp,3,2026-03-21,26,quantile,0.85,242.0
2026-02-28,wk inc flu hosp,3,2026-03-21,26,quantile,0.9,253.0
2026-02-28,wk inc flu hosp,3,2026-03-21,26,quantile,0.95,268.0
2026-02-28,wk inc flu hosp,3,2026-03-21,26,quantile,0.975,286.0
2026-02-28,wk inc flu hosp,3,2026-03-21,26,quantile,0.99,356.0
2026-02-28,wk inc flu hosp,3,2026-03-21,27,quantile,0.01,0.0
2026-02-28,wk inc flu hosp,3,2026-03-21,27,quantile,0.025,0.0
2026-02-28,wk inc flu hosp,3,2026-03-21,27,quantile,0.05,0.0
2026-02-28,wk inc flu hosp,3,2026-03-21,27,quantile,0.1,0.0
2026-02-28,wk inc flu hosp,3,2026-03-21,27,quantile,0.15,0.0
2026-02-28,wk inc flu hosp,3,2026-03-21,27,quantile,0.2,11.0
2026-02-28,wk inc flu hosp,3,2026-03-21,27,quantile,0.25,28.0
2026-02-28,wk inc flu hosp,3,2026-03-21,27,quantile,0.3,28.0
2026-02-28,wk inc flu hosp,3,2026-03-21,27,quantile,0.35,29.0
2026-02-28,wk inc flu hosp,3,2026-03-21,27,quantile,0.4,29.0
2026-02-28,wk inc flu hosp,3,2026-03-21,27,quantile,0.45,30.0
2026-02-28,wk inc flu hosp,3,2026-03-21,27,quantile,0.5,30.0
2026-02-28,wk inc flu hosp,3,2026-03-21,27,quantile,0.55,31.0
2026-02-28,wk inc flu hosp,3,2026-03-21,27,quantile,0.6,31.0
2026-02-28,wk inc flu hosp,3,2026-03-21,27,quantile,0.65,32.0
2026-02-28,wk inc flu hosp,3,2026-03-21,27,quantile,0.7,32.0
2026-02-28,wk inc flu hosp,3,2026-03-21,27,quantile,0.75,33.0
2026-02-28,wk inc flu hosp,3,2026-03-21,27,quantile,0.8,34.0
2026-02-28,wk inc flu hosp,3,2026-03-21,27,quantile,0.85,35.0
2026-02-28,wk inc flu hosp,3,2026-03-21,27,quantile,0.9,36.0
2026-02-28,wk inc flu hosp,3,2026-03-21,27,quantile,0.95,43.0
2026-02-28,wk inc flu hosp,3,2026-03-21,27,quantile,0.975,63.0
2026-02-28,wk inc flu hosp,3,2026-03-21,27,quantile,0.99,84.0
2026-02-28,wk inc flu hosp,3,2026-03-21,28,quantile,0.01,0.0
2026-02-28,wk inc flu hosp,3,2026-03-21,28,quantile,0.025,0.0
2026-02-28,wk inc flu hosp,3,2026-03-21,28,quantile,0.05,3.0
2026-02-28,wk inc flu hosp,3,2026-03-21,28,quantile,0.1,15.0
2026-02-28,wk inc flu hosp,3,2026-03-21,28,quantile,0.15,26.0
2026-02-28,wk inc flu hosp,3,2026-03-21,28,quantile,0.2,35.0
2026-02-28,wk inc flu hosp,3,2026-03-21,28,quantile,0.25,43.0
2026-02-28,wk inc flu hosp,3,2026-03-21,28,quantile,0.3,50.0
2026-02-28,wk inc flu hosp,3,2026-03-21,28,quantile,0.35,57.0
2026-02-28,wk inc flu hosp,3,2026-03-21,28,quantile,0.4,63.0
2026-02-28,wk inc flu hosp,3,2026-03-21,28,quantile,0.45,69.0
2026-02-28,wk inc flu hosp,3,2026-03-21,28,quantile,0.5,74.0
2026-02-28,wk inc flu hosp,3,2026-03-21,28,quantile,0.55,81.0
2026-02-28,wk inc flu hosp,3,2026-03-21,28,quantile,0.6,87.0
2026-02-28,wk inc flu hosp,3,2026-03-21,28,quantile,0.65,94.0
2026-02-28,wk inc flu hosp,3,2026-03-21,28,quantile,0.7,101.0
2026-02-28,wk inc flu hosp,3,2026-03-21,28,quantile,0.75,108.0
2026-02-28,wk inc flu hosp,3,2026-03-21,28,quantile,0.8,116.0
2026-02-28,wk inc flu hosp,3,2026-03-21,28,quantile,0.85,125.0
2026-02-28,wk inc flu hosp,3,2026-03-21,28,quantile,0.9,138.0
2026-02-28,wk inc flu hosp,3,2026-03-21,28,quantile,0.95,152.0
2026-02-28,wk inc flu hosp,3,2026-03-21,28,quantile,0.975,164.0
2026-02-28,wk inc flu hosp,3,2026-03-21,28,quantile,0.99,184.0
2026-02-28,wk inc flu hosp,3,2026-03-21,30,quantile,0.01,0.0
2026-02-28,wk inc flu hosp,3,2026-03-21,30,quantile,0.025,0.0
2026-02-28,wk inc flu hosp,3,2026-03-21,30,quantile,0.05,0.0
2026-02-28,wk inc flu hosp,3,2026-03-21,30,quantile,0.1,0.0
2026-02-28,wk inc flu hosp,3,2026-03-21,30,quantile,0.15,0.0
2026-02-28,wk inc flu hosp,3,2026-03-21,30,quantile,0.2,0.0
2026-02-28,wk inc flu hosp,3,2026-03-21,30,quantile,0.25,0.0
2026-02-28,wk inc flu hosp,3,2026-03-21,30,quantile,0.3,0.0
2026-02-28,wk inc flu hosp,3,2026-03-21,30,quantile,0.35,0.0
2026-02-28,wk inc flu hosp,3,2026-03-21,30,quantile,0.4,0.0
2026-02-28,wk inc flu hosp,3,2026-03-21,30,quantile,0.45,2.0
2026-02-28,wk inc flu hosp,3,2026-03-21,30,quantile,0.5,2.0
2026-02-28,wk inc flu hosp,3,2026-03-21,30,quantile,0.55,2.0
2026-02-28,wk inc flu hosp,3,2026-03-21,30,quantile,0.6,2.0
2026-02-28,wk inc flu hosp,3,2026-03-21,30,quantile,0.65,2.0
2026-02-28,wk inc flu hosp,3,2026-03-21,30,quantile,0.7,3.0
2026-02-28,wk inc flu hosp,3,2026-03-21,30,quantile,0.75,4.0
2026-02-28,wk inc flu hosp,3,2026-03-21,30,quantile,0.8,6.0
2026-02-28,wk inc flu hosp,3,2026-03-21,30,quantile,0.85,8.0
2026-02-28,wk inc flu hosp,3,2026-03-21,30,quantile,0.9,10.0
2026-02-28,wk inc flu hosp,3,2026-03-21,30,quantile,0.95,13.0
2026-02-28,wk inc flu hosp,3,2026-03-21,30,quantile,0.975,17.0
2026-02-28,wk inc flu hosp,3,2026-03-21,30,quantile,0.99,21.0
2026-02-28,wk inc flu hosp,3,2026-03-21,31,quantile,0.01,0.0
2026-02-28,wk inc flu hosp,3,2026-03-21,31,quantile,0.025,2.0
2026-02-28,wk inc flu hosp,3,2026-03-21,31,quantile,0.05,4.0
2026-02-28,wk inc flu hosp,3,2026-03-21,31,quantile,0.1,8.0
2026-02-28,wk inc flu hosp,3,2026-03-21,31,quantile,0.15,15.0
2026-02-28,wk inc flu hosp,3,2026-03-21,31,quantile,0.2,20.0
2026-02-28,wk inc flu hosp,3,2026-03-21,31,quantile,0.25,25.0
2026-02-28,wk inc flu hosp,3,2026-03-21,31,quantile,0.3,28.0
2026-02-28,wk inc flu hosp,3,2026-03-21,31,quantile,0.35,32.0
2026-02-28,wk inc flu hosp,3,2026-03-21,31,quantile,0.4,36.0
2026-02-28,wk inc flu hosp,3,2026-03-21,31,quantile,0.45,40.0
2026-02-28,wk inc flu hosp,3,2026-03-21,31,quantile,0.5,44.0
2026-02-28,wk inc flu hosp,3,2026-03-21,31,quantile,0.55,47.0
2026-02-28,wk inc flu hosp,3,2026-03-21,31,quantile,0.6,51.0
2026-02-28,wk inc flu hosp,3,2026-03-21,31,quantile,0.65,55.0
2026-02-28,wk inc flu hosp,3,2026-03-21,31,quantile,0.7,59.0
2026-02-28,wk inc flu hosp,3,2026-03-21,31,quantile,0.75,63.0
2026-02-28,wk inc flu hosp,3,2026-03-21,31,quantile,0.8,68.0
2026-02-28,wk inc flu hosp,3,2026-03-21,31,quantile,0.85,73.0
2026-02-28,wk inc flu hosp,3,2026-03-21,31,quantile,0.9,79.0
2026-02-28,wk inc flu hosp,3,2026-03-21,31,quantile,0.95,91.0
2026-02-28,wk inc flu hosp,3,2026-03-21,31,quantile,0.975,99.0
2026-02-28,wk inc flu hosp,3,2026-03-21,31,quantile,0.99,107.0
2026-02-28,wk inc flu hosp,3,2026-03-21,32,quantile,0.01,0.0
2026-02-28,wk inc flu hosp,3,2026-03-21,32,quantile,0.025,0.0
2026-02-28,wk inc flu hosp,3,2026-03-21,32,quantile,0.05,0.0
2026-02-28,wk inc flu hosp,3,2026-03-21,32,quantile,0.1,1.0
2026-02-28,wk inc flu hosp,3,2026-03-21,32,quantile,0.15,6.0
2026-02-28,wk inc flu hosp,3,2026-03-21,32,quantile,0.2,10.0
2026-02-28,wk inc flu hosp,3,2026-03-21,32,quantile,0.25,15.0
2026-02-28,wk inc flu hosp,3,2026-03-21,32,quantile,0.3,19.0
2026-02-28,wk inc flu hosp,3,2026-03-21,32,quantile,0.35,23.0
2026-02-28,wk inc flu hosp,3,2026-03-21,32,quantile,0.4,27.0
2026-02-28,wk inc flu hosp,3,2026-03-21,32,quantile,0.45,30.0
2026-02-28,wk inc flu hosp,3,2026-03-21,32,quantile,0.5,33.0
2026-02-28,wk inc flu hosp,3,2026-03-21,32,quantile,0.55,37.0
2026-02-28,wk inc flu hosp,3,2026-03-21,32,quantile,0.6,40.0
2026-02-28,wk inc flu hosp,3,2026-03-21,32,quantile,0.65,42.0
2026-02-28,wk inc flu hosp,3,2026-03-21,32,quantile,0.7,44.0
2026-02-28,wk inc flu hosp,3,2026-03-21,32,quantile,0.75,46.0
2026-02-28,wk inc flu hosp,3,2026-03-21,32,quantile,0.8,48.0
2026-02-28,wk inc flu hosp,3,2026-03-21,32,quantile,0.85,50.0
2026-02-28,wk inc flu hosp,3,2026-03-21,32,quantile,0.9,53.0
2026-02-28,wk inc flu hosp,3,2026-03-21,32,quantile,0.95,58.0
2026-02-28,wk inc flu hosp,3,2026-03-21,32,quantile,0.975,63.0
2026-02-28,wk inc flu hosp,3,2026-03-21,32,quantile,0.99,69.0
2026-02-28,wk inc flu hosp,3,2026-03-21,33,quantile,0.01,0.0
2026-02-28,wk inc flu hosp,3,2026-03-21,33,quantile,0.025,0.0
2026-02-28,wk inc flu hosp,3,2026-03-21,33,quantile,0.05,0.0
2026-02-28,wk inc flu hosp,3,2026-03-21,33,quantile,0.1,0.0
2026-02-28,wk inc flu hosp,3,2026-03-21,33,quantile,0.15,1.0
2026-02-28,wk inc flu hosp,3,2026-03-21,33,quantile,0.2,2.0
2026-02-28,wk inc flu hosp,3,2026-03-21,33,quantile,0.25,3.0
2026-02-28,wk inc flu hosp,3,2026-03-21,33,quantile,0.3,4.0
2026-02-28,wk inc flu hosp,3,2026-03-21,33,quantile,0.35,6.0
2026-02-28,wk inc flu hosp,3,2026-03-21,33,quantile,0.4,9.0
2026-02-28,wk inc flu hosp,3,2026-03-21,33,quantile,0.45,11.0
2026-02-28,wk inc flu hosp,3,2026-03-21,33,quantile,0.5,13.0
2026-02-28,wk inc flu hosp,3,2026-03-21,33,quantile,0.55,15.0
2026-02-28,wk inc flu hosp,3,2026-03-21,33,quantile,0.6,17.0
2026-02-28,wk inc flu hosp,3,2026-03-21,33,quantile,0.65,19.0
2026-02-28,wk inc flu hosp,3,2026-03-21,33,quantile,0.7,22.0
2026-02-28,wk inc flu hosp,3,2026-03-21,33,quantile,0.75,24.0
2026-02-28,wk inc flu hosp,3,2026-03-21,33,quantile,0.8,26.0
2026-02-28,wk inc flu hosp,3,2026-03-21,33,quantile,0.85,27.0
2026-02-28,wk inc flu hosp,3,2026-03-21,33,quantile,0.9,29.0
2026-02-28,wk inc flu hosp,3,2026-03-21,33,quantile,0.95,32.0
2026-02-28,wk inc flu hosp,3,2026-03-21,33,quantile,0.975,35.0
2026-02-28,wk inc flu hosp,3,2026-03-21,33,quantile,0.99,39.0
2026-02-28,wk inc flu hosp,3,2026-03-21,34,quantile,0.01,0.0
2026-02-28,wk inc flu hosp,3,2026-03-21,34,quantile,0.025,8.0
2026-02-28,wk inc flu hosp,3,2026-03-21,34,quantile,0.05,19.0
2026-02-28,wk inc flu hosp,3,2026-03-21,34,quantile,0.1,39.0
2026-02-28,wk inc flu hosp,3,2026-03-21,34,quantile,0.15,54.0
2026-02-28,wk inc flu hosp,3,2026-03-21,34,quantile,0.2,79.0
2026-02-28,wk inc flu hosp,3,2026-03-21,34,quantile,0.25,101.0
2026-02-28,wk inc flu hosp,3,2026-03-21,34,quantile,0.3,121.0
2026-02-28,wk inc flu hosp,3,2026-03-21,34,quantile,0.35,138.0
2026-02-28,wk inc flu hosp,3,2026-03-21,34,quantile,0.4,150.0
2026-02-28,wk inc flu hosp,3,2026-03-21,34,quantile,0.45,163.0
2026-02-28,wk inc flu hosp,3,2026-03-21,34,quantile,0.5,174.0
2026-02-28,wk inc flu hosp,3,2026-03-21,34,quantile,0.55,185.0
2026-02-28,wk inc flu hosp,3,2026-03-21,34,quantile,0.6,197.0
2026-02-28,wk inc flu hosp,3,2026-03-21,34,quantile,0.65,210.0
2026-02-28,wk inc flu hosp,3,2026-03-21,34,quantile,0.7,222.0
2026-02-28,wk inc flu hosp,3,2026-03-21,34,quantile,0.75,234.0
2026-02-28,wk inc flu hosp,3,2026-03-21,34,quantile,0.8,243.0
2026-02-28,wk inc flu hosp,3,2026-03-21,34,quantile,0.85,254.0
2026-02-28,wk inc flu hosp,3,2026-03-21,34,quantile,0.9,268.0
2026-02-28,wk inc flu hosp,3,2026-03-21,34,quantile,0.95,300.0
2026-02-28,wk inc flu hosp,3,2026-03-21,34,quantile,0.975,329.0
2026-02-28,wk inc flu hosp,3,2026-03-21,34,quantile,0.99,357.0
2026-02-28,wk inc flu hosp,3,2026-03-21,35,quantile,0.01,0.0
2026-02-28,wk inc flu hosp,3,2026-03-21,35,quantile,0.025,2.0
2026-02-28,wk inc flu hosp,3,2026-03-21,35,quantile,0.05,5.0
2026-02-28,wk inc flu hosp,3,2026-03-21,35,quantile,0.1,12.0
2026-02-28,wk inc flu hosp,3,2026-03-21,35,quantile,0.15,15.0
2026-02-28,wk inc flu hosp,3,2026-03-21,35,quantile,0.2,18.0
2026-02-28,wk inc flu hosp,3,2026-03-21,35,quantile,0.25,19.0
2026-02-28,wk inc flu hosp,3,2026-03-21,35,quantile,0.3,21.0
2026-02-28,wk inc flu hosp,3,2026-03-21,35,quantile,0.35,22.0
2026-02-28,wk inc flu hosp,3,2026-03-21,35,quantile,0.4,24.0
2026-02-28,wk inc flu hosp,3,2026-03-21,35,quantile,0.45,25.0
2026-02-28,wk inc flu hosp,3,2026-03-21,35,quantile,0.5,27.0
2026-02-28,wk inc flu hosp,3,2026-03-21,35,quantile,0.55,28.0
2026-02-28,wk inc flu hosp,3,2026-03-21,35,quantile,0.6,30.0
2026-02-28,wk inc flu hosp,3,2026-03-21,35,quantile,0.65,31.0
2026-02-28,wk inc flu hosp,3,2026-03-21,35,quantile,0.7,33.0
2026-02-28,wk inc flu hosp,3,2026-03-21,35,quantile,0.75,34.0
2026-02-28,wk inc flu hosp,3,2026-03-21,35,quantile,0.8,36.0
2026-02-28,wk inc flu hosp,3,2026-03-21,35,quantile,0.85,38.0
2026-02-28,wk inc flu hosp,3,2026-03-21,35,quantile,0.9,41.0
2026-02-28,wk inc flu hosp,3,2026-03-21,35,quantile,0.95,44.0
2026-02-28,wk inc flu hosp,3,2026-03-21,35,quantile,0.975,47.0
2026-02-28,wk inc flu hosp,3,2026-03-21,35,quantile,0.99,51.0
2026-02-28,wk inc flu hosp,3,2026-03-21,36,quantile,0.01,0.0
2026-02-28,wk inc flu hosp,3,2026-03-21,36,quantile,0.025,8.0
2026-02-28,wk inc flu hosp,3,2026-03-21,36,quantile,0.05,32.0
2026-02-28,wk inc flu hosp,3,2026-03-21,36,quantile,0.1,40.0
2026-02-28,wk inc flu hosp,3,2026-03-21,36,quantile,0.15,47.0
2026-02-28,wk inc flu hosp,3,2026-03-21,36,quantile,0.2,63.0
2026-02-28,wk inc flu hosp,3,2026-03-21,36,quantile,0.25,74.0
2026-02-28,wk inc flu hosp,3,2026-03-21,36,quantile,0.3,81.0
2026-02-28,wk inc flu hosp,3,2026-03-21,36,quantile,0.35,92.0
2026-02-28,wk inc flu hosp,3,2026-03-21,36,quantile,0.4,101.0
2026-02-28,wk inc flu hosp,3,2026-03-21,36,quantile,0.45,109.0
2026-02-28,wk inc flu hosp,3,2026-03-21,36,quantile,0.5,119.0
2026-02-28,wk inc flu hosp,3,2026-03-21,36,quantile,0.55,127.0
2026-02-28,wk inc flu hosp,3,2026-03-21,36,quantile,0.6,134.0
2026-02-28,wk inc flu hosp,3,2026-03-21,36,quantile,0.65,141.0
2026-02-28,wk inc flu hosp,3,2026-03-21,36,quantile,0.7,148.0
2026-02-28,wk inc flu hosp,3,2026-03-21,36,quantile,0.75,157.0
2026-02-28,wk inc flu hosp,3,2026-03-21,36,quantile,0.8,171.0
2026-02-28,wk inc flu hosp,3,2026-03-21,36,quantile,0.85,184.0
2026-02-28,wk inc flu hosp,3,2026-03-21,36,quantile,0.9,207.0
2026-02-28,wk inc flu hosp,3,2026-03-21,36,quantile,0.95,231.0
2026-02-28,wk inc flu hosp,3,2026-03-21,36,quantile,0.975,257.0
2026-02-28,wk inc flu hosp,3,2026-03-21,36,quantile,0.99,299.0
2026-02-28,wk inc flu hosp,3,2026-03-21,37,quantile,0.01,0.0
2026-02-28,wk inc flu hosp,3,2026-03-21,37,quantile,0.025,0.0
2026-02-28,wk inc flu hosp,3,2026-03-21,37,quantile,0.05,0.0
2026-02-28,wk inc flu hosp,3,2026-03-21,37,quantile,0.1,0.0
2026-02-28,wk inc flu hosp,3,2026-03-21,37,quantile,0.15,0.0
2026-02-28,wk inc flu hosp,3,2026-03-21,37,quantile,0.2,12.0
2026-02-28,wk inc flu hosp,3,2026-03-21,37,quantile,0.25,33.0
2026-02-28,wk inc flu hosp,3,2026-03-21,37,quantile,0.3,59.0
2026-02-28,wk inc flu hosp,3,2026-03-21,37,quantile,0.35,83.0
2026-02-28,wk inc flu hosp,3,2026-03-21,37,quantile,0.4,106.0
2026-02-28,wk inc flu hosp,3,2026-03-21,37,quantile,0.45,128.0
2026-02-28,wk inc flu hosp,3,2026-03-21,37,quantile,0.5,149.0
2026-02-28,wk inc flu hosp,3,2026-03-21,37,quantile,0.55,172.0
2026-02-28,wk inc flu hosp,3,2026-03-21,37,quantile,0.6,197.0
2026-02-28,wk inc flu hosp,3,2026-03-21,37,quantile,0.65,218.0
2026-02-28,wk inc flu hosp,3,2026-03-21,37,quantile,0.7,232.0
2026-02-28,wk inc flu hosp,3,2026-03-21,37,quantile,0.75,246.0
2026-02-28,wk inc flu hosp,3,2026-03-21,37,quantile,0.8,266.0
2026-02-28,wk inc flu hosp,3,2026-03-21,37,quantile,0.85,290.0
2026-02-28,wk inc flu hosp,3,2026-03-21,37,quantile,0.9,317.0
2026-02-28,wk inc flu hosp,3,2026-03-21,37,quantile,0.95,357.0
2026-02-28,wk inc flu hosp,3,2026-03-21,37,quantile,0.975,391.0
2026-02-28,wk inc flu hosp,3,2026-03-21,37,quantile,0.99,430.0
2026-02-28,wk inc flu hosp,3,2026-03-21,38,quantile,0.01,0.0
2026-02-28,wk inc flu hosp,3,2026-03-21,38,quantile,0.025,0.0
2026-02-28,wk inc flu hosp,3,2026-03-21,38,quantile,0.05,0.0
2026-02-28,wk inc flu hosp,3,2026-03-21,38,quantile,0.1,0.0
2026-02-28,wk inc flu hosp,3,2026-03-21,38,quantile,0.15,0.0
2026-02-28,wk inc flu hosp,3,2026-03-21,38,quantile,0.2,0.0
2026-02-28,wk inc flu hosp,3,2026-03-21,38,quantile,0.25,1.0
2026-02-28,wk inc flu hosp,3,2026-03-21,38,quantile,0.3,2.0
2026-02-28,wk inc flu hosp,3,2026-03-21,38,quantile,0.35,2.0
2026-02-28,wk inc flu hosp,3,2026-03-21,38,quantile,0.4,3.0
2026-02-28,wk inc flu hosp,3,2026-03-21,38,quantile,0.45,3.0
2026-02-28,wk inc flu hosp,3,2026-03-21,38,quantile,0.5,4.0
2026-02-28,wk inc flu hosp,3,2026-03-21,38,quantile,0.55,4.0
2026-02-28,wk inc flu hosp,3,2026-03-21,38,quantile,0.6,5.0
2026-02-28,wk inc flu hosp,3,2026-03-21,38,quantile,0.65,6.0
2026-02-28,wk inc flu hosp,3,2026-03-21,38,quantile,0.7,7.0
2026-02-28,wk inc flu hosp,3,2026-03-21,38,quantile,0.75,7.0
2026-02-28,wk inc flu hosp,3,2026-03-21,38,quantile,0.8,8.0
2026-02-28,wk inc flu hosp,3,2026-03-21,38,quantile,0.85,9.0
2026-02-28,wk inc flu hosp,3,2026-03-21,38,quantile,0.9,10.0
2026-02-28,wk inc flu hosp,3,2026-03-21,38,quantile,0.95,12.0
2026-02-28,wk inc flu hosp,3,2026-03-21,38,quantile,0.975,14.0
2026-02-28,wk inc flu hosp,3,2026-03-21,38,quantile,0.99,16.0
2026-02-28,wk inc flu hosp,3,2026-03-21,39,quantile,0.01,99.0
2026-02-28,wk inc flu hosp,3,2026-03-21,39,quantile,0.025,123.0
2026-02-28,wk inc flu hosp,3,2026-03-21,39,quantile,0.05,172.0
2026-02-28,wk inc flu hosp,3,2026-03-21,39,quantile,0.1,236.0
2026-02-28,wk inc flu hosp,3,2026-03-21,39,quantile,0.15,252.0
2026-02-28,wk inc flu hosp,3,2026-03-21,39,quantile,0.2,266.0
2026-02-28,wk inc flu hosp,3,2026-03-21,39,quantile,0.25,278.0
2026-02-28,wk inc flu hosp,3,2026-03-21,39,quantile,0.3,287.0
2026-02-28,wk inc flu hosp,3,2026-03-21,39,quantile,0.35,296.0
2026-02-28,wk inc flu hosp,3,2026-03-21,39,quantile,0.4,302.0
2026-02-28,wk inc flu hosp,3,2026-03-21,39,quantile,0.45,310.0
2026-02-28,wk inc flu hosp,3,2026-03-21,39,quantile,0.5,320.0
2026-02-28,wk inc flu hosp,3,2026-03-21,39,quantile,0.55,329.0
2026-02-28,wk inc flu hosp,3,2026-03-21,39,quantile,0.6,338.0
2026-02-28,wk inc flu hosp,3,2026-03-21,39,quantile,0.65,347.0
2026-02-28,wk inc flu hosp,3,2026-03-21,39,quantile,0.7,356.0
2026-02-28,wk inc flu hosp,3,2026-03-21,39,quantile,0.75,366.0
2026-02-28,wk inc flu hosp,3,2026-03-21,39,quantile,0.8,376.0
2026-02-28,wk inc flu hosp,3,2026-03-21,39,quantile,0.85,390.0
2026-02-28,wk inc flu hosp,3,2026-03-21,39,quantile,0.9,407.0
2026-02-28,wk inc flu hosp,3,2026-03-21,39,quantile,0.95,434.0
2026-02-28,wk inc flu hosp,3,2026-03-21,39,quantile,0.975,575.0
2026-02-28,wk inc flu hosp,3,2026-03-21,39,quantile,0.99,845.0
2026-02-28,wk inc flu hosp,3,2026-03-21,40,quantile,0.01,0.0
2026-02-28,wk inc flu hosp,3,2026-03-21,40,quantile,0.025,0.0
2026-02-28,wk inc flu hosp,3,2026-03-21,40,quantile,0.05,0.0
2026-02-28,wk inc flu hosp,3,2026-03-21,40,quantile,0.1,0.0
2026-02-28,wk inc flu hosp,3,2026-03-21,40,quantile,0.15,6.0
2026-02-28,wk inc flu hosp,3,2026-03-21,40,quantile,0.2,12.0
2026-02-28,wk inc flu hosp,3,2026-03-21,40,quantile,0.25,22.0
2026-02-28,wk inc flu hosp,3,2026-03-21,40,quantile,0.3,30.0
2026-02-28,wk inc flu hosp,3,2026-03-21,40,quantile,0.35,40.0
2026-02-28,wk inc flu hosp,3,2026-03-21,40,quantile,0.4,48.0
2026-02-28,wk inc flu hosp,3,2026-03-21,40,quantile,0.45,56.0
2026-02-28,wk inc flu hosp,3,2026-03-21,40,quantile,0.5,64.0
2026-02-28,wk inc flu hosp,3,2026-03-21,40,quantile,0.55,72.0
2026-02-28,wk inc flu hosp,3,2026-03-21,40,quantile,0.6,77.0
2026-02-28,wk inc flu hosp,3,2026-03-21,40,quantile,0.65,83.0
2026-02-28,wk inc flu hosp,3,2026-03-21,40,quantile,0.7,88.0
2026-02-28,wk inc flu hosp,3,2026-03-21,40,quantile,0.75,94.0
2026-02-28,wk inc flu hosp,3,2026-03-21,40,quantile,0.8,100.0
2026-02-28,wk inc flu hosp,3,2026-03-21,40,quantile,0.85,106.0
2026-02-28,wk inc flu hosp,3,2026-03-21,40,quantile,0.9,113.0
2026-02-28,wk inc flu hosp,3,2026-03-21,40,quantile,0.95,126.0
2026-02-28,wk inc flu hosp,3,2026-03-21,40,quantile,0.975,137.0
2026-02-28,wk inc flu hosp,3,2026-03-21,40,quantile,0.99,149.0
2026-02-28,wk inc flu hosp,3,2026-03-21,41,quantile,0.01,16.0
2026-02-28,wk inc flu hosp,3,2026-03-21,41,quantile,0.025,26.0
2026-02-28,wk inc flu hosp,3,2026-03-21,41,quantile,0.05,38.0
2026-02-28,wk inc flu hosp,3,2026-03-21,41,quantile,0.1,48.0
2026-02-28,wk inc flu hosp,3,2026-03-21,41,quantile,0.15,55.0
2026-02-28,wk inc flu hosp,3,2026-03-21,41,quantile,0.2,61.0
2026-02-28,wk inc flu hosp,3,2026-03-21,41,quantile,0.25,67.0
2026-02-28,wk inc flu hosp,3,2026-03-21,41,quantile,0.3,71.0
2026-02-28,wk inc flu hosp,3,2026-03-21,41,quantile,0.35,74.0
2026-02-28,wk inc flu hosp,3,2026-03-21,41,quantile,0.4,78.0
2026-02-28,wk inc flu hosp,3,2026-03-21,41,quantile,0.45,81.0
2026-02-28,wk inc flu hosp,3,2026-03-21,41,quantile,0.5,85.0
2026-02-28,wk inc flu hosp,3,2026-03-21,41,quantile,0.55,89.0
2026-02-28,wk inc flu hosp,3,2026-03-21,41,quantile,0.6,93.0
2026-02-28,wk inc flu hosp,3,2026-03-21,41,quantile,0.65,98.0
2026-02-28,wk inc flu hosp,3,2026-03-21,41,quantile,0.7,102.0
2026-02-28,wk inc flu hosp,3,2026-03-21,41,quantile,0.75,107.0
2026-02-28,wk inc flu hosp,3,2026-03-21,41,quantile,0.8,113.0
2026-02-28,wk inc flu hosp,3,2026-03-21,41,quantile,0.85,119.0
2026-02-28,wk inc flu hosp,3,2026-03-21,41,quantile,0.9,132.0
2026-02-28,wk inc flu hosp,3,2026-03-21,41,quantile,0.95,155.0
2026-02-28,wk inc flu hosp,3,2026-03-21,41,quantile,0.975,182.0
2026-02-28,wk inc flu hosp,3,2026-03-21,41,quantile,0.99,205.0
2026-02-28,wk inc flu hosp,3,2026-03-21,42,quantile,0.01,0.0
2026-02-28,wk inc flu hosp,3,2026-03-21,42,quantile,0.025,0.0
2026-02-28,wk inc flu hosp,3,2026-03-21,42,quantile,0.05,0.0
2026-02-28,wk inc flu hosp,3,2026-03-21,42,quantile,0.1,11.0
2026-02-28,wk inc flu hosp,3,2026-03-21,42,quantile,0.15,43.0
2026-02-28,wk inc flu hosp,3,2026-03-21,42,quantile,0.2,70.0
2026-02-28,wk inc flu hosp,3,2026-03-21,42,quantile,0.25,93.0
2026-02-28,wk inc flu hosp,3,2026-03-21,42,quantile,0.3,114.0
2026-02-28,wk inc flu hosp,3,2026-03-21,42,quantile,0.35,136.0
2026-02-28,wk inc flu hosp,3,2026-03-21,42,quantile,0.4,157.0
2026-02-28,wk inc flu hosp,3,2026-03-21,42,quantile,0.45,179.0
2026-02-28,wk inc flu hosp,3,2026-03-21,42,quantile,0.5,200.0
2026-02-28,wk inc flu hosp,3,2026-03-21,42,quantile,0.55,219.0
2026-02-28,wk inc flu hosp,3,2026-03-21,42,quantile,0.6,235.0
2026-02-28,wk inc flu hosp,3,2026-03-21,42,quantile,0.65,259.0
2026-02-28,wk inc flu hosp,3,2026-03-21,42,quantile,0.7,281.0
2026-02-28,wk inc flu hosp,3,2026-03-21,42,quantile,0.75,307.0
2026-02-28,wk inc flu hosp,3,2026-03-21,42,quantile,0.8,329.0
2026-02-28,wk inc flu hosp,3,2026-03-21,42,quantile,0.85,357.0
2026-02-28,wk inc flu hosp,3,2026-03-21,42,quantile,0.9,399.0
2026-02-28,wk inc flu hosp,3,2026-03-21,42,quantile,0.95,461.0
2026-02-28,wk inc flu hosp,3,2026-03-21,42,quantile,0.975,521.0
2026-02-28,wk inc flu hosp,3,2026-03-21,42,quantile,0.99,579.0
2026-02-28,wk inc flu hosp,3,2026-03-21,44,quantile,0.01,0.0
2026-02-28,wk inc flu hosp,3,2026-03-21,44,quantile,0.025,0.0
2026-02-28,wk inc flu hosp,3,2026-03-21,44,quantile,0.05,2.0
2026-02-28,wk inc flu hosp,3,2026-03-21,44,quantile,0.1,4.0
2026-02-28,wk inc flu hosp,3,2026-03-21,44,quantile,0.15,4.0
2026-02-28,wk inc flu hosp,3,2026-03-21,44,quantile,0.2,5.0
2026-02-28,wk inc flu hosp,3,2026-03-21,44,quantile,0.25,5.0
2026-02-28,wk inc flu hosp,3,2026-03-21,44,quantile,0.3,6.0
2026-02-28,wk inc flu hosp,3,2026-03-21,44,quantile,0.35,7.0
2026-02-28,wk inc flu hosp,3,2026-03-21,44,quantile,0.4,7.0
2026-02-28,wk inc flu hosp,3,2026-03-21,44,quantile,0.45,8.0
2026-02-28,wk inc flu hosp,3,2026-03-21,44,quantile,0.5,9.0
2026-02-28,wk inc flu hosp,3,2026-03-21,44,quantile,0.55,10.0
2026-02-28,wk inc flu hosp,3,2026-03-21,44,quantile,0.6,11.0
2026-02-28,wk inc flu hosp,3,2026-03-21,44,quantile,0.65,12.0
2026-02-28,wk inc flu hosp,3,2026-03-21,44,quantile,0.7,12.0
2026-02-28,wk inc flu hosp,3,2026-03-21,44,quantile,0.75,13.0
2026-02-28,wk inc flu hosp,3,2026-03-21,44,quantile,0.8,15.0
2026-02-28,wk inc flu hosp,3,2026-03-21,44,quantile,0.85,16.0
2026-02-28,wk inc flu hosp,3,2026-03-21,44,quantile,0.9,18.0
2026-02-28,wk inc flu hosp,3,2026-03-21,44,quantile,0.95,21.0
2026-02-28,wk inc flu hosp,3,2026-03-21,44,quantile,0.975,24.0
2026-02-28,wk inc flu hosp,3,2026-03-21,44,quantile,0.99,27.0
2026-02-28,wk inc flu hosp,3,2026-03-21,45,quantile,0.01,0.0
2026-02-28,wk inc flu hosp,3,2026-03-21,45,quantile,0.025,0.0
2026-02-28,wk inc flu hosp,3,2026-03-21,45,quantile,0.05,5.0
2026-02-28,wk inc flu hosp,3,2026-03-21,45,quantile,0.1,18.0
2026-02-28,wk inc flu hosp,3,2026-03-21,45,quantile,0.15,28.0
2026-02-28,wk inc flu hosp,3,2026-03-21,45,quantile,0.2,38.0
2026-02-28,wk inc flu hosp,3,2026-03-21,45,quantile,0.25,49.0
2026-02-28,wk inc flu hosp,3,2026-03-21,45,quantile,0.3,59.0
2026-02-28,wk inc flu hosp,3,2026-03-21,45,quantile,0.35,68.0
2026-02-28,wk inc flu hosp,3,2026-03-21,45,quantile,0.4,77.0
2026-02-28,wk inc flu hosp,3,2026-03-21,45,quantile,0.45,86.0
2026-02-28,wk inc flu hosp,3,2026-03-21,45,quantile,0.5,92.0
2026-02-28,wk inc flu hosp,3,2026-03-21,45,quantile,0.55,101.0
2026-02-28,wk inc flu hosp,3,2026-03-21,45,quantile,0.6,106.0
2026-02-28,wk inc flu hosp,3,2026-03-21,45,quantile,0.65,112.0
2026-02-28,wk inc flu hosp,3,2026-03-21,45,quantile,0.7,117.0
2026-02-28,wk inc flu hosp,3,2026-03-21,45,quantile,0.75,124.0
2026-02-28,wk inc flu hosp,3,2026-03-21,45,quantile,0.8,132.0
2026-02-28,wk inc flu hosp,3,2026-03-21,45,quantile,0.85,140.0
2026-02-28,wk inc flu hosp,3,2026-03-21,45,quantile,0.9,155.0
2026-02-28,wk inc flu hosp,3,2026-03-21,45,quantile,0.95,171.0
2026-02-28,wk inc flu hosp,3,2026-03-21,45,quantile,0.975,186.0
2026-02-28,wk inc flu hosp,3,2026-03-21,45,quantile,0.99,198.0
2026-02-28,wk inc flu hosp,3,2026-03-21,46,quantile,0.01,0.0
2026-02-28,wk inc flu hosp,3,2026-03-21,46,quantile,0.025,0.0
2026-02-28,wk inc flu hosp,3,2026-03-21,46,quantile,0.05,0.0
2026-02-28,wk inc flu hosp,3,2026-03-21,46,quantile,0.1,1.0
2026-02-28,wk inc flu hosp,3,2026-03-21,46,quantile,0.15,3.0
2026-02-28,wk inc flu hosp,3,2026-03-21,46,quantile,0.2,5.0
2026-02-28,wk inc flu hosp,3,2026-03-21,46,quantile,0.25,7.0
2026-02-28,wk inc flu hosp,3,2026-03-21,46,quantile,0.3,8.0
2026-02-28,wk inc flu hosp,3,2026-03-21,46,quantile,0.35,10.0
2026-02-28,wk inc flu hosp,3,2026-03-21,46,quantile,0.4,11.0
2026-02-28,wk inc flu hosp,3,2026-03-21,46,quantile,0.45,11.0
2026-02-28,wk inc flu hosp,3,2026-03-21,46,quantile,0.5,12.0
2026-02-28,wk inc flu hosp,3,2026-03-21,46,quantile,0.55,12.0
2026-02-28,wk inc flu hosp,3,2026-03-21,46,quantile,0.6,13.0
2026-02-28,wk inc flu hosp,3,2026-03-21,46,quantile,0.65,14.0
2026-02-28,wk inc flu hosp,3,2026-03-21,46,quantile,0.7,14.0
2026-02-28,wk inc flu hosp,3,2026-03-21,46,quantile,0.75,15.0
2026-02-28,wk inc flu hosp,3,2026-03-21,46,quantile,0.8,16.0
2026-02-28,wk inc flu hosp,3,2026-03-21,46,quantile,0.85,17.0
2026-02-28,wk inc flu hosp,3,2026-03-21,46,quantile,0.9,18.0
2026-02-28,wk inc flu hosp,3,2026-03-21,46,quantile,0.95,19.0
2026-02-28,wk inc flu hosp,3,2026-03-21,46,quantile,0.975,21.0
2026-02-28,wk inc flu hosp,3,2026-03-21,46,quantile,0.99,22.0
2026-02-28,wk inc flu hosp,3,2026-03-21,47,quantile,0.01,0.0
2026-02-28,wk inc flu hosp,3,2026-03-21,47,quantile,0.025,4.0
2026-02-28,wk inc flu hosp,3,2026-03-21,47,quantile,0.05,13.0
2026-02-28,wk inc flu hosp,3,2026-03-21,47,quantile,0.1,29.0
2026-02-28,wk inc flu hosp,3,2026-03-21,47,quantile,0.15,39.0
2026-02-28,wk inc flu hosp,3,2026-03-21,47,quantile,0.2,57.0
2026-02-28,wk inc flu hosp,3,2026-03-21,47,quantile,0.25,73.0
2026-02-28,wk inc flu hosp,3,2026-03-21,47,quantile,0.3,87.0
2026-02-28,wk inc flu hosp,3,2026-03-21,47,quantile,0.35,100.0
2026-02-28,wk inc flu hosp,3,2026-03-21,47,quantile,0.4,111.0
2026-02-28,wk inc flu hosp,3,2026-03-21,47,quantile,0.45,123.0
2026-02-28,wk inc flu hosp,3,2026-03-21,47,quantile,0.5,135.0
2026-02-28,wk inc flu hosp,3,2026-03-21,47,quantile,0.55,146.0
2026-02-28,wk inc flu hosp,3,2026-03-21,47,quantile,0.6,154.0
2026-02-28,wk inc flu hosp,3,2026-03-21,47,quantile,0.65,163.0
2026-02-28,wk inc flu hosp,3,2026-03-21,47,quantile,0.7,175.0
2026-02-28,wk inc flu hosp,3,2026-03-21,47,quantile,0.75,185.0
2026-02-28,wk inc flu hosp,3,2026-03-21,47,quantile,0.8,197.0
2026-02-28,wk inc flu hosp,3,2026-03-21,47,quantile,0.85,212.0
2026-02-28,wk inc flu hosp,3,2026-03-21,47,quantile,0.9,232.0
2026-02-28,wk inc flu hosp,3,2026-03-21,47,quantile,0.95,258.0
2026-02-28,wk inc flu hosp,3,2026-03-21,47,quantile,0.975,289.0
2026-02-28,wk inc flu hosp,3,2026-03-21,47,quantile,0.99,324.0
2026-02-28,wk inc flu hosp,3,2026-03-21,48,quantile,0.01,0.0
2026-02-28,wk inc flu hosp,3,2026-03-21,48,quantile,0.025,0.0
2026-02-28,wk inc flu hosp,3,2026-03-21,48,quantile,0.05,0.0
2026-02-28,wk inc flu hosp,3,2026-03-21,48,quantile,0.1,0.0
2026-02-28,wk inc flu hosp,3,2026-03-21,48,quantile,0.15,0.0
2026-02-28,wk inc flu hosp,3,2026-03-21,48,quantile,0.2,6.0
2026-02-28,wk inc flu hosp,3,2026-03-21,48,quantile,0.25,53.0
2026-02-28,wk inc flu hosp,3,2026-03-21,48,quantile,0.3,113.0
2026-02-28,wk inc flu hosp,3,2026-03-21,48,quantile,0.35,171.0
2026-02-28,wk inc flu hosp,3,2026-03-21,48,quantile,0.4,228.0
2026-02-28,wk inc flu hosp,3,2026-03-21,48,quantile,0.45,281.0
2026-02-28,wk inc flu hosp,3,2026-03-21,48,quantile,0.5,328.0
2026-02-28,wk inc flu hosp,3,2026-03-21,48,quantile,0.55,387.0
2026-02-28,wk inc flu hosp,3,2026-03-21,48,quantile,0.6,434.0
2026-02-28,wk inc flu hosp,3,2026-03-21,48,quantile,0.65,484.0
2026-02-28,wk inc flu hosp,3,2026-03-21,48,quantile,0.7,520.0
2026-02-28,wk inc flu hosp,3,2026-03-21,48,quantile,0.75,576.0
2026-02-28,wk inc flu hosp,3,2026-03-21,48,quantile,0.8,640.0
2026-02-28,wk inc flu hosp,3,2026-03-21,48,quantile,0.85,715.0
2026-02-28,wk inc flu hosp,3,2026-03-21,48,quantile,0.9,801.0
2026-02-28,wk inc flu hosp,3,2026-03-21,48,quantile,0.95,902.0
2026-02-28,wk inc flu hosp,3,2026-03-21,48,quantile,0.975,988.0
2026-02-28,wk inc flu hosp,3,2026-03-21,48,quantile,0.99,1126.0
2026-02-28,wk inc flu hosp,3,2026-03-21,49,quantile,0.01,0.0
2026-02-28,wk inc flu hosp,3,2026-03-21,49,quantile,0.025,0.0
2026-02-28,wk inc flu hosp,3,2026-03-21,49,quantile,0.05,0.0
2026-02-28,wk inc flu hosp,3,2026-03-21,49,quantile,0.1,4.0
2026-02-28,wk inc flu hosp,3,2026-03-21,49,quantile,0.15,11.0
2026-02-28,wk inc flu hosp,3,2026-03-21,49,quantile,0.2,17.0
2026-02-28,wk inc flu hosp,3,2026-03-21,49,quantile,0.25,22.0
2026-02-28,wk inc flu hosp,3,2026-03-21,49,quantile,0.3,27.0
2026-02-28,wk inc flu hosp,3,2026-03-21,49,quantile,0.35,32.0
2026-02-28,wk inc flu hosp,3,2026-03-21,49,quantile,0.4,36.0
2026-02-28,wk inc flu hosp,3,2026-03-21,49,quantile,0.45,40.0
2026-02-28,wk inc flu hosp,3,2026-03-21,49,quantile,0.5,44.0
2026-02-28,wk inc flu hosp,3,2026-03-21,49,quantile,0.55,47.0
2026-02-28,wk inc flu hosp,3,2026-03-21,49,quantile,0.6,49.0
2026-02-28,wk inc flu hosp,3,2026-03-21,49,quantile,0.65,52.0
2026-02-28,wk inc flu hosp,3,2026-03-21,49,quantile,0.7,55.0
2026-02-28,wk inc flu hosp,3,2026-03-21,49,quantile,0.75,58.0
2026-02-28,wk inc flu hosp,3,2026-03-21,49,quantile,0.8,61.0
2026-02-28,wk inc flu hosp,3,2026-03-21,49,quantile,0.85,66.0
2026-02-28,wk inc flu hosp,3,2026-03-21,49,quantile,0.9,73.0
2026-02-28,wk inc flu hosp,3,2026-03-21,49,quantile,0.95,83.0
2026-02-28,wk inc flu hosp,3,2026-03-21,49,quantile,0.975,94.0
2026-02-28,wk inc flu hosp,3,2026-03-21,49,quantile,0.99,118.0
2026-02-28,wk inc flu hosp,3,2026-03-21,50,quantile,0.01,0.0
2026-02-28,wk inc flu hosp,3,2026-03-21,50,quantile,0.025,0.0
2026-02-28,wk inc flu hosp,3,2026-03-21,50,quantile,0.05,1.0
2026-02-28,wk inc flu hosp,3,2026-03-21,50,quantile,0.1,3.0
2026-02-28,wk inc flu hosp,3,2026-03-21,50,quantile,0.15,6.0
2026-02-28,wk inc flu hosp,3,2026-03-21,50,quantile,0.2,7.0
2026-02-28,wk inc flu hosp,3,2026-03-21,50,quantile,0.25,9.0
2026-02-28,wk inc flu hosp,3,2026-03-21,50,quantile,0.3,10.0
2026-02-28,wk inc flu hosp,3,2026-03-21,50,quantile,0.35,11.0
2026-02-28,wk inc flu hosp,3,2026-03-21,50,quantile,0.4,12.0
2026-02-28,wk inc flu hosp,3,2026-03-21,50,quantile,0.45,13.0
2026-02-28,wk inc flu hosp,3,2026-03-21,50,quantile,0.5,14.0
2026-02-28,wk inc flu hosp,3,2026-03-21,50,quantile,0.55,15.0
2026-02-28,wk inc flu hosp,3,2026-03-21,50,quantile,0.6,15.0
2026-02-28,wk inc flu hosp,3,2026-03-21,50,quantile,0.65,16.0
2026-02-28,wk inc flu hosp,3,2026-03-21,50,quantile,0.7,17.0
2026-02-28,wk inc flu hosp,3,2026-03-21,50,quantile,0.75,17.0
2026-02-28,wk inc flu hosp,3,2026-03-21,50,quantile,0.8,18.0
2026-02-28,wk inc flu hosp,3,2026-03-21,50,quantile,0.85,19.0
2026-02-28,wk inc flu hosp,3,2026-03-21,50,quantile,0.9,20.0
2026-02-28,wk inc flu hosp,3,2026-03-21,50,quantile,0.95,22.0
2026-02-28,wk inc flu hosp,3,2026-03-21,50,quantile,0.975,24.0
2026-02-28,wk inc flu hosp,3,2026-03-21,50,quantile,0.99,26.0
2026-02-28,wk inc flu hosp,3,2026-03-21,51,quantile,0.01,0.0
2026-02-28,wk inc flu hosp,3,2026-03-21,51,quantile,0.025,0.0
2026-02-28,wk inc flu hosp,3,2026-03-21,51,quantile,0.05,23.0
2026-02-28,wk inc flu hosp,3,2026-03-21,51,quantile,0.1,65.0
2026-02-28,wk inc flu hosp,3,2026-03-21,51,quantile,0.15,100.0
2026-02-28,wk inc flu hosp,3,2026-03-21,51,quantile,0.2,125.0
2026-02-28,wk inc flu hosp,3,2026-03-21,51,quantile,0.25,139.0
2026-02-28,wk inc flu hosp,3,2026-03-21,51,quantile,0.3,151.0
2026-02-28,wk inc flu hosp,3,2026-03-21,51,quantile,0.35,162.0
2026-02-28,wk inc flu hosp,3,2026-03-21,51,quantile,0.4,172.0
2026-02-28,wk inc flu hosp,3,2026-03-21,51,quantile,0.45,184.0
2026-02-28,wk inc flu hosp,3,2026-03-21,51,quantile,0.5,193.0
2026-02-28,wk inc flu hosp,3,2026-03-21,51,quantile,0.55,206.0
2026-02-28,wk inc flu hosp,3,2026-03-21,51,quantile,0.6,224.0
2026-02-28,wk inc flu hosp,3,2026-03-21,51,quantile,0.65,237.0
2026-02-28,wk inc flu hosp,3,2026-03-21,51,quantile,0.7,247.0
2026-02-28,wk inc flu hosp,3,2026-03-21,51,quantile,0.75,262.0
2026-02-28,wk inc flu hosp,3,2026-03-21,51,quantile,0.8,277.0
2026-02-28,wk inc flu hosp,3,2026-03-21,51,quantile,0.85,296.0
2026-02-28,wk inc flu hosp,3,2026-03-21,51,quantile,0.9,321.0
2026-02-28,wk inc flu hosp,3,2026-03-21,51,quantile,0.95,355.0
2026-02-28,wk inc flu hosp,3,2026-03-21,51,quantile,0.975,415.0
2026-02-28,wk inc flu hosp,3,2026-03-21,51,quantile,0.99,564.0
2026-02-28,wk inc flu hosp,3,2026-03-21,53,quantile,0.01,0.0
2026-02-28,wk inc flu hosp,3,2026-03-21,53,quantile,0.025,12.0
2026-02-28,wk inc flu hosp,3,2026-03-21,53,quantile,0.05,20.0
2026-02-28,wk inc flu hosp,3,2026-03-21,53,quantile,0.1,34.0
2026-02-28,wk inc flu hosp,3,2026-03-21,53,quantile,0.15,54.0
2026-02-28,wk inc flu hosp,3,2026-03-21,53,quantile,0.2,72.0
2026-02-28,wk inc flu hosp,3,2026-03-21,53,quantile,0.25,86.0
2026-02-28,wk inc flu hosp,3,2026-03-21,53,quantile,0.3,102.0
2026-02-28,wk inc flu hosp,3,2026-03-21,53,quantile,0.35,112.0
2026-02-28,wk inc flu hosp,3,2026-03-21,53,quantile,0.4,121.0
2026-02-28,wk inc flu hosp,3,2026-03-21,53,quantile,0.45,130.0
2026-02-28,wk inc flu hosp,3,2026-03-21,53,quantile,0.5,140.0
2026-02-28,wk inc flu hosp,3,2026-03-21,53,quantile,0.55,157.0
2026-02-28,wk inc flu hosp,3,2026-03-21,53,quantile,0.6,177.0
2026-02-28,wk inc flu hosp,3,2026-03-21,53,quantile,0.65,194.0
2026-02-28,wk inc flu hosp,3,2026-03-21,53,quantile,0.7,205.0
2026-02-28,wk inc flu hosp,3,2026-03-21,53,quantile,0.75,217.0
2026-02-28,wk inc flu hosp,3,2026-03-21,53,quantile,0.8,226.0
2026-02-28,wk inc flu hosp,3,2026-03-21,53,quantile,0.85,236.0
2026-02-28,wk inc flu hosp,3,2026-03-21,53,quantile,0.9,248.0
2026-02-28,wk inc flu hosp,3,2026-03-21,53,quantile,0.95,264.0
2026-02-28,wk inc flu hosp,3,2026-03-21,53,quantile,0.975,280.0
2026-02-28,wk inc flu hosp,3,2026-03-21,53,quantile,0.99,298.0
2026-02-28,wk inc flu hosp,3,2026-03-21,54,quantile,0.01,0.0
2026-02-28,wk inc flu hosp,3,2026-03-21,54,quantile,0.025,0.0
2026-02-28,wk inc flu hosp,3,2026-03-21,54,quantile,0.05,0.0
2026-02-28,wk inc flu hosp,3,2026-03-21,54,quantile,0.1,0.0
2026-02-28,wk inc flu hosp,3,2026-03-21,54,quantile,0.15,0.0
2026-02-28,wk inc flu hosp,3,2026-03-21,54,quantile,0.2,0.0
2026-02-28,wk inc flu hosp,3,2026-03-21,54,quantile,0.25,2.0
2026-02-28,wk inc flu hosp,3,2026-03-21,54,quantile,0.3,6.0
2026-02-28,wk inc flu hosp,3,2026-03-21,54,quantile,0.35,10.0
2026-02-28,wk inc flu hosp,3,2026-03-21,54,quantile,0.4,14.0
2026-02-28,wk inc flu hosp,3,2026-03-21,54,quantile,0.45,17.0
2026-02-28,wk inc flu hosp,3,2026-03-21,54,quantile,0.5,21.0
2026-02-28,wk inc flu hosp,3,2026-03-21,54,quantile,0.55,25.0
2026-02-28,wk inc flu hosp,3,2026-03-21,54,quantile,0.6,28.0
2026-02-28,wk inc flu hosp,3,2026-03-21,54,quantile,0.65,33.0
2026-02-28,wk inc flu hosp,3,2026-03-21,54,quantile,0.7,37.0
2026-02-28,wk inc flu hosp,3,2026-03-21,54,quantile,0.75,42.0
2026-02-28,wk inc flu hosp,3,2026-03-21,54,quantile,0.8,46.0
2026-02-28,wk inc flu hosp,3,2026-03-21,54,quantile,0.85,48.0
2026-02-28,wk inc flu hosp,3,2026-03-21,54,quantile,0.9,52.0
2026-02-28,wk inc flu hosp,3,2026-03-21,54,quantile,0.95,57.0
2026-02-28,wk inc flu hosp,3,2026-03-21,54,quantile,0.975,69.0
2026-02-28,wk inc flu hosp,3,2026-03-21,54,quantile,0.99,89.0
2026-02-28,wk inc flu hosp,3,2026-03-21,55,quantile,0.01,0.0
2026-02-28,wk inc flu hosp,3,2026-03-21,55,quantile,0.025,7.0
2026-02-28,wk inc flu hosp,3,2026-03-21,55,quantile,0.05,19.0
2026-02-28,wk inc flu hosp,3,2026-03-21,55,quantile,0.1,38.0
2026-02-28,wk inc flu hosp,3,2026-03-21,55,quantile,0.15,53.0
2026-02-28,wk inc flu hosp,3,2026-03-21,55,quantile,0.2,54.0
2026-02-28,wk inc flu hosp,3,2026-03-21,55,quantile,0.25,59.0
2026-02-28,wk inc flu hosp,3,2026-03-21,55,quantile,0.3,67.0
2026-02-28,wk inc flu hosp,3,2026-03-21,55,quantile,0.35,75.0
2026-02-28,wk inc flu hosp,3,2026-03-21,55,quantile,0.4,83.0
2026-02-28,wk inc flu hosp,3,2026-03-21,55,quantile,0.45,91.0
2026-02-28,wk inc flu hosp,3,2026-03-21,55,quantile,0.5,99.0
2026-02-28,wk inc flu hosp,3,2026-03-21,55,quantile,0.55,107.0
2026-02-28,wk inc flu hosp,3,2026-03-21,55,quantile,0.6,115.0
2026-02-28,wk inc flu hosp,3,2026-03-21,55,quantile,0.65,126.0
2026-02-28,wk inc flu hosp,3,2026-03-21,55,quantile,0.7,135.0
2026-02-28,wk inc flu hosp,3,2026-03-21,55,quantile,0.75,146.0
2026-02-28,wk inc flu hosp,3,2026-03-21,55,quantile,0.8,156.0
2026-02-28,wk inc flu hosp,3,2026-03-21,55,quantile,0.85,167.0
2026-02-28,wk inc flu hosp,3,2026-03-21,55,quantile,0.9,182.0
2026-02-28,wk inc flu hosp,3,2026-03-21,55,quantile,0.95,202.0
2026-02-28,wk inc flu hosp,3,2026-03-21,55,quantile,0.975,221.0
2026-02-28,wk inc flu hosp,3,2026-03-21,55,quantile,0.99,241.0
2026-02-28,wk inc flu hosp,3,2026-03-21,56,quantile,0.01,0.0
2026-02-28,wk inc flu hosp,3,2026-03-21,56,quantile,0.025,0.0
2026-02-28,wk inc flu hosp,3,2026-03-21,56,quantile,0.05,0.0
2026-02-28,wk inc flu hosp,3,2026-03-21,56,quantile,0.1,0.0
2026-02-28,wk inc flu hosp,3,2026-03-21,56,quantile,0.15,0.0
2026-02-28,wk inc flu hosp,3,2026-03-21,56,quantile,0.2,0.0
2026-02-28,wk inc flu hosp,3,2026-03-21,56,quantile,0.25,1.0
2026-02-28,wk inc flu hosp,3,2026-03-21,56,quantile,0.3,2.0
2026-02-28,wk inc flu hosp,3,2026-03-21,56,quantile,0.35,2.0
2026-02-28,wk inc flu hosp,3,2026-03-21,56,quantile,0.4,3.0
2026-02-28,wk inc flu hosp,3,2026-03-21,56,quantile,0.45,4.0
2026-02-28,wk inc flu hosp,3,2026-03-21,56,quantile,0.5,4.0
2026-02-28,wk inc flu hosp,3,2026-03-21,56,quantile,0.55,5.0
2026-02-28,wk inc flu hosp,3,2026-03-21,56,quantile,0.6,6.0
2026-02-28,wk inc flu hosp,3,2026-03-21,56,quantile,0.65,7.0
2026-02-28,wk inc flu hosp,3,2026-03-21,56,quantile,0.7,7.0
2026-02-28,wk inc flu hosp,3,2026-03-21,56,quantile,0.75,8.0
2026-02-28,wk inc flu hosp,3,2026-03-21,56,quantile,0.8,8.0
2026-02-28,wk inc flu hosp,3,2026-03-21,56,quantile,0.85,9.0
2026-02-28,wk inc flu hosp,3,2026-03-21,56,quantile,0.9,9.0
2026-02-28,wk inc flu hosp,3,2026-03-21,56,quantile,0.95,10.0
2026-02-28,wk inc flu hosp,3,2026-03-21,56,quantile,0.975,11.0
2026-02-28,wk inc flu hosp,3,2026-03-21,56,quantile,0.99,12.0
2026-02-28,wk inc flu hosp,3,2026-03-21,US,quantile,0.01,0.0
2026-02-28,wk inc flu hosp,3,2026-03-21,US,quantile,0.025,109.0
2026-02-28,wk inc flu hosp,3,2026-03-21,US,quantile,0.05,987.0
2026-02-28,wk inc flu hosp,3,2026-03-21,US,quantile,0.1,2184.0
2026-02-28,wk inc flu hosp,3,2026-03-21,US,quantile,0.15,2954.0
2026-02-28,wk inc flu hosp,3,2026-03-21,US,quantile,0.2,3544.0
2026-02-28,wk inc flu hosp,3,2026-03-21,US,quantile,0.25,4086.0
2026-02-28,wk inc flu hosp,3,2026-03-21,US,quantile,0.3,4597.0
2026-02-28,wk inc flu hosp,3,2026-03-21,US,quantile,0.35,5099.0
2026-02-28,wk inc flu hosp,3,2026-03-21,US,quantile,0.4,5520.0
2026-02-28,wk inc flu hosp,3,2026-03-21,US,quantile,0.45,5875.0
2026-02-28,wk inc flu hosp,3,2026-03-21,US,quantile,0.5,6350.0
2026-02-28,wk inc flu hosp,3,2026-03-21,US,quantile,0.55,6811.0
2026-02-28,wk inc flu hosp,3,2026-03-21,US,quantile,0.6,7076.0
2026-02-28,wk inc flu hosp,3,2026-03-21,US,quantile,0.65,7361.0
2026-02-28,wk inc flu hosp,3,2026-03-21,US,quantile,0.7,7588.0
2026-02-28,wk inc flu hosp,3,2026-03-21,US,quantile,0.75,7892.0
2026-02-28,wk inc flu hosp,3,2026-03-21,US,quantile,0.8,8149.0
2026-02-28,wk inc flu hosp,3,2026-03-21,US,quantile,0.85,8479.0
2026-02-28,wk inc flu hosp,3,2026-03-21,US,quantile,0.9,8909.0
2026-02-28,wk inc flu hosp,3,2026-03-21,US,quantile,0.95,9491.0
2026-02-28,wk inc flu hosp,3,2026-03-21,US,quantile,0.975,10089.0
2026-02-28,wk inc flu hosp,3,2026-03-21,US,quantile,0.99,10755.0
