reference_date,target,horizon,target_end_date,location,output_type,output_type_id,value
2026-02-21,wk flu hosp rate change,0,2026-02-21,01,pmf,decrease,0.4225774225774226
2026-02-21,wk flu hosp rate change,0,2026-02-21,01,pmf,increase,0.18081918081918083
2026-02-21,wk flu hosp rate change,0,2026-02-21,01,pmf,large_decrease,0.25374625374625376
2026-02-21,wk flu hosp rate change,0,2026-02-21,01,pmf,large_increase,0.013986013986013988
2026-02-21,wk flu hosp rate change,0,2026-02-21,01,pmf,stable,0.1288711288711289
2026-02-21,wk flu hosp rate change,0,2026-02-21,02,pmf,decrease,0.313
2026-02-21,wk flu hosp rate change,0,2026-02-21,02,pmf,increase,0.171
2026-02-21,wk flu hosp rate change,0,2026-02-21,02,pmf,large_decrease,0.003
2026-02-21,wk flu hosp rate change,0,2026-02-21,02,pmf,large_increase,0.005
2026-02-21,wk flu hosp rate change,0,2026-02-21,02,pmf,stable,0.508
2026-02-21,wk flu hosp rate change,0,2026-02-21,04,pmf,decrease,0.483
2026-02-21,wk flu hosp rate change,0,2026-02-21,04,pmf,increase,0.228
2026-02-21,wk flu hosp rate change,0,2026-02-21,04,pmf,large_decrease,0.002
2026-02-21,wk flu hosp rate change,0,2026-02-21,04,pmf,large_increase,0.002
2026-02-21,wk flu hosp rate change,0,2026-02-21,04,pmf,stable,0.285
2026-02-21,wk flu hosp rate change,0,2026-02-21,05,pmf,decrease,0.578
2026-02-21,wk flu hosp rate change,0,2026-02-21,05,pmf,increase,0.181
2026-02-21,wk flu hosp rate change,0,2026-02-21,05,pmf,large_decrease,0.134
2026-02-21,wk flu hosp rate change,0,2026-02-21,05,pmf,large_increase,0.008
2026-02-21,wk flu hosp rate change,0,2026-02-21,05,pmf,stable,0.09900000000000012
2026-02-21,wk flu hosp rate change,0,2026-02-21,06,pmf,decrease,0.315
2026-02-21,wk flu hosp rate change,0,2026-02-21,06,pmf,increase,0.235
2026-02-21,wk flu hosp rate change,0,2026-02-21,06,pmf,large_decrease,0.001
2026-02-21,wk flu hosp rate change,0,2026-02-21,06,pmf,large_increase,0.001
2026-02-21,wk flu hosp rate change,0,2026-02-21,06,pmf,stable,0.4479999999999999
2026-02-21,wk flu hosp rate change,0,2026-02-21,08,pmf,decrease,0.342
2026-02-21,wk flu hosp rate change,0,2026-02-21,08,pmf,increase,0.108
2026-02-21,wk flu hosp rate change,0,2026-02-21,08,pmf,large_decrease,0.001
2026-02-21,wk flu hosp rate change,0,2026-02-21,08,pmf,large_increase,0.001
2026-02-21,wk flu hosp rate change,0,2026-02-21,08,pmf,stable,0.548
2026-02-21,wk flu hosp rate change,0,2026-02-21,09,pmf,decrease,0.74
2026-02-21,wk flu hosp rate change,0,2026-02-21,09,pmf,increase,0.06
2026-02-21,wk flu hosp rate change,0,2026-02-21,09,pmf,large_decrease,0.002
2026-02-21,wk flu hosp rate change,0,2026-02-21,09,pmf,large_increase,0.002
2026-02-21,wk flu hosp rate change,0,2026-02-21,09,pmf,stable,0.196
2026-02-21,wk flu hosp rate change,0,2026-02-21,10,pmf,decrease,0.423
2026-02-21,wk flu hosp rate change,0,2026-02-21,10,pmf,increase,0.047
2026-02-21,wk flu hosp rate change,0,2026-02-21,10,pmf,large_decrease,0.039
2026-02-21,wk flu hosp rate change,0,2026-02-21,10,pmf,large_increase,0.001
2026-02-21,wk flu hosp rate change,0,2026-02-21,10,pmf,stable,0.49
2026-02-21,wk flu hosp rate change,0,2026-02-21,11,pmf,decrease,0.001
2026-02-21,wk flu hosp rate change,0,2026-02-21,11,pmf,increase,0.095
2026-02-21,wk flu hosp rate change,0,2026-02-21,11,pmf,large_decrease,0.001
2026-02-21,wk flu hosp rate change,0,2026-02-21,11,pmf,large_increase,0.001
2026-02-21,wk flu hosp rate change,0,2026-02-21,11,pmf,stable,0.902
2026-02-21,wk flu hosp rate change,0,2026-02-21,12,pmf,decrease,0.631
2026-02-21,wk flu hosp rate change,0,2026-02-21,12,pmf,increase,0.085
2026-02-21,wk flu hosp rate change,0,2026-02-21,12,pmf,large_decrease,0.059
2026-02-21,wk flu hosp rate change,0,2026-02-21,12,pmf,large_increase,0.001
2026-02-21,wk flu hosp rate change,0,2026-02-21,12,pmf,stable,0.22400000000000012
2026-02-21,wk flu hosp rate change,0,2026-02-21,13,pmf,decrease,0.508
2026-02-21,wk flu hosp rate change,0,2026-02-21,13,pmf,increase,0.116
2026-02-21,wk flu hosp rate change,0,2026-02-21,13,pmf,large_decrease,0.026
2026-02-21,wk flu hosp rate change,0,2026-02-21,13,pmf,large_increase,0.002
2026-02-21,wk flu hosp rate change,0,2026-02-21,13,pmf,stable,0.348
2026-02-21,wk flu hosp rate change,0,2026-02-21,15,pmf,decrease,0.296
2026-02-21,wk flu hosp rate change,0,2026-02-21,15,pmf,increase,0.162
2026-02-21,wk flu hosp rate change,0,2026-02-21,15,pmf,large_decrease,0.027
2026-02-21,wk flu hosp rate change,0,2026-02-21,15,pmf,large_increase,0.09
2026-02-21,wk flu hosp rate change,0,2026-02-21,15,pmf,stable,0.425
2026-02-21,wk flu hosp rate change,0,2026-02-21,16,pmf,decrease,0.278
2026-02-21,wk flu hosp rate change,0,2026-02-21,16,pmf,increase,0.155
2026-02-21,wk flu hosp rate change,0,2026-02-21,16,pmf,large_decrease,0.001
2026-02-21,wk flu hosp rate change,0,2026-02-21,16,pmf,large_increase,0.001
2026-02-21,wk flu hosp rate change,0,2026-02-21,16,pmf,stable,0.565
2026-02-21,wk flu hosp rate change,0,2026-02-21,17,pmf,decrease,0.7112887112887113
2026-02-21,wk flu hosp rate change,0,2026-02-21,17,pmf,increase,0.09790209790209792
2026-02-21,wk flu hosp rate change,0,2026-02-21,17,pmf,large_decrease,0.06593406593406595
2026-02-21,wk flu hosp rate change,0,2026-02-21,17,pmf,large_increase,0.0019980019980019984
2026-02-21,wk flu hosp rate change,0,2026-02-21,17,pmf,stable,0.1228771228771229
2026-02-21,wk flu hosp rate change,0,2026-02-21,18,pmf,decrease,0.597
2026-02-21,wk flu hosp rate change,0,2026-02-21,18,pmf,increase,0.106
2026-02-21,wk flu hosp rate change,0,2026-02-21,18,pmf,large_decrease,0.208
2026-02-21,wk flu hosp rate change,0,2026-02-21,18,pmf,large_increase,0.002
2026-02-21,wk flu hosp rate change,0,2026-02-21,18,pmf,stable,0.0870000000000001
2026-02-21,wk flu hosp rate change,0,2026-02-21,19,pmf,decrease,0.5
2026-02-21,wk flu hosp rate change,0,2026-02-21,19,pmf,increase,0.093
2026-02-21,wk flu hosp rate change,0,2026-02-21,19,pmf,large_decrease,0.202
2026-02-21,wk flu hosp rate change,0,2026-02-21,19,pmf,large_increase,0.002
2026-02-21,wk flu hosp rate change,0,2026-02-21,19,pmf,stable,0.20300000000000012
2026-02-21,wk flu hosp rate change,0,2026-02-21,20,pmf,decrease,0.414
2026-02-21,wk flu hosp rate change,0,2026-02-21,20,pmf,increase,0.219
2026-02-21,wk flu hosp rate change,0,2026-02-21,20,pmf,large_decrease,0.166
2026-02-21,wk flu hosp rate change,0,2026-02-21,20,pmf,large_increase,0.002
2026-02-21,wk flu hosp rate change,0,2026-02-21,20,pmf,stable,0.199
2026-02-21,wk flu hosp rate change,0,2026-02-21,21,pmf,decrease,0.671
2026-02-21,wk flu hosp rate change,0,2026-02-21,21,pmf,increase,0.041
2026-02-21,wk flu hosp rate change,0,2026-02-21,21,pmf,large_decrease,0.209
2026-02-21,wk flu hosp rate change,0,2026-02-21,21,pmf,large_increase,0.002
2026-02-21,wk flu hosp rate change,0,2026-02-21,21,pmf,stable,0.077
2026-02-21,wk flu hosp rate change,0,2026-02-21,22,pmf,decrease,0.625
2026-02-21,wk flu hosp rate change,0,2026-02-21,22,pmf,increase,0.085
2026-02-21,wk flu hosp rate change,0,2026-02-21,22,pmf,large_decrease,0.015
2026-02-21,wk flu hosp rate change,0,2026-02-21,22,pmf,large_increase,0.001
2026-02-21,wk flu hosp rate change,0,2026-02-21,22,pmf,stable,0.274
2026-02-21,wk flu hosp rate change,0,2026-02-21,23,pmf,decrease,0.168
2026-02-21,wk flu hosp rate change,0,2026-02-21,23,pmf,increase,0.129
2026-02-21,wk flu hosp rate change,0,2026-02-21,23,pmf,large_decrease,0.001
2026-02-21,wk flu hosp rate change,0,2026-02-21,23,pmf,large_increase,0.001
2026-02-21,wk flu hosp rate change,0,2026-02-21,23,pmf,stable,0.701
2026-02-21,wk flu hosp rate change,0,2026-02-21,24,pmf,decrease,0.765
2026-02-21,wk flu hosp rate change,0,2026-02-21,24,pmf,increase,0.05
2026-02-21,wk flu hosp rate change,0,2026-02-21,24,pmf,large_decrease,0.001
2026-02-21,wk flu hosp rate change,0,2026-02-21,24,pmf,large_increase,0.001
2026-02-21,wk flu hosp rate change,0,2026-02-21,24,pmf,stable,0.18299999999999988
2026-02-21,wk flu hosp rate change,0,2026-02-21,25,pmf,decrease,0.656
2026-02-21,wk flu hosp rate change,0,2026-02-21,25,pmf,increase,0.019
2026-02-21,wk flu hosp rate change,0,2026-02-21,25,pmf,large_decrease,0.001
2026-02-21,wk flu hosp rate change,0,2026-02-21,25,pmf,large_increase,0.001
2026-02-21,wk flu hosp rate change,0,2026-02-21,25,pmf,stable,0.3229999999999999
2026-02-21,wk flu hosp rate change,0,2026-02-21,26,pmf,decrease,0.467
2026-02-21,wk flu hosp rate change,0,2026-02-21,26,pmf,increase,0.076
2026-02-21,wk flu hosp rate change,0,2026-02-21,26,pmf,large_decrease,0.001
2026-02-21,wk flu hosp rate change,0,2026-02-21,26,pmf,large_increase,0.001
2026-02-21,wk flu hosp rate change,0,2026-02-21,26,pmf,stable,0.4549999999999999
2026-02-21,wk flu hosp rate change,0,2026-02-21,27,pmf,decrease,0.452
2026-02-21,wk flu hosp rate change,0,2026-02-21,27,pmf,increase,0.291
2026-02-21,wk flu hosp rate change,0,2026-02-21,27,pmf,large_decrease,0.028
2026-02-21,wk flu hosp rate change,0,2026-02-21,27,pmf,large_increase,0.09
2026-02-21,wk flu hosp rate change,0,2026-02-21,27,pmf,stable,0.139
2026-02-21,wk flu hosp rate change,0,2026-02-21,28,pmf,decrease,0.271
2026-02-21,wk flu hosp rate change,0,2026-02-21,28,pmf,increase,0.301
2026-02-21,wk flu hosp rate change,0,2026-02-21,28,pmf,large_decrease,0.136
2026-02-21,wk flu hosp rate change,0,2026-02-21,28,pmf,large_increase,0.018
2026-02-21,wk flu hosp rate change,0,2026-02-21,28,pmf,stable,0.2739999999999999
2026-02-21,wk flu hosp rate change,0,2026-02-21,30,pmf,decrease,0.388
2026-02-21,wk flu hosp rate change,0,2026-02-21,30,pmf,increase,0.173
2026-02-21,wk flu hosp rate change,0,2026-02-21,30,pmf,large_decrease,0.07
2026-02-21,wk flu hosp rate change,0,2026-02-21,30,pmf,large_increase,0.114
2026-02-21,wk flu hosp rate change,0,2026-02-21,30,pmf,stable,0.255
2026-02-21,wk flu hosp rate change,0,2026-02-21,31,pmf,decrease,0.263
2026-02-21,wk flu hosp rate change,0,2026-02-21,31,pmf,increase,0.228
2026-02-21,wk flu hosp rate change,0,2026-02-21,31,pmf,large_decrease,0.018
2026-02-21,wk flu hosp rate change,0,2026-02-21,31,pmf,large_increase,0.005
2026-02-21,wk flu hosp rate change,0,2026-02-21,31,pmf,stable,0.486
2026-02-21,wk flu hosp rate change,0,2026-02-21,32,pmf,decrease,0.427
2026-02-21,wk flu hosp rate change,0,2026-02-21,32,pmf,increase,0.044
2026-02-21,wk flu hosp rate change,0,2026-02-21,32,pmf,large_decrease,0.002
2026-02-21,wk flu hosp rate change,0,2026-02-21,32,pmf,large_increase,0.002
2026-02-21,wk flu hosp rate change,0,2026-02-21,32,pmf,stable,0.525
2026-02-21,wk flu hosp rate change,0,2026-02-21,33,pmf,decrease,0.342
2026-02-21,wk flu hosp rate change,0,2026-02-21,33,pmf,increase,0.074
2026-02-21,wk flu hosp rate change,0,2026-02-21,33,pmf,large_decrease,0.001
2026-02-21,wk flu hosp rate change,0,2026-02-21,33,pmf,large_increase,0.001
2026-02-21,wk flu hosp rate change,0,2026-02-21,33,pmf,stable,0.582
2026-02-21,wk flu hosp rate change,0,2026-02-21,34,pmf,decrease,0.562
2026-02-21,wk flu hosp rate change,0,2026-02-21,34,pmf,increase,0.056
2026-02-21,wk flu hosp rate change,0,2026-02-21,34,pmf,large_decrease,0.017
2026-02-21,wk flu hosp rate change,0,2026-02-21,34,pmf,large_increase,0.002
2026-02-21,wk flu hosp rate change,0,2026-02-21,34,pmf,stable,0.3629999999999999
2026-02-21,wk flu hosp rate change,0,2026-02-21,35,pmf,decrease,0.6773226773226775
2026-02-21,wk flu hosp rate change,0,2026-02-21,35,pmf,increase,0.06993006993006995
2026-02-21,wk flu hosp rate change,0,2026-02-21,35,pmf,large_decrease,0.015984015984015987
2026-02-21,wk flu hosp rate change,0,2026-02-21,35,pmf,large_increase,0.0019980019980019984
2026-02-21,wk flu hosp rate change,0,2026-02-21,35,pmf,stable,0.23476523476523478
2026-02-21,wk flu hosp rate change,0,2026-02-21,36,pmf,decrease,0.344
2026-02-21,wk flu hosp rate change,0,2026-02-21,36,pmf,increase,0.028
2026-02-21,wk flu hosp rate change,0,2026-02-21,36,pmf,large_decrease,0.001
2026-02-21,wk flu hosp rate change,0,2026-02-21,36,pmf,large_increase,0.001
2026-02-21,wk flu hosp rate change,0,2026-02-21,36,pmf,stable,0.626
2026-02-21,wk flu hosp rate change,0,2026-02-21,37,pmf,decrease,0.358
2026-02-21,wk flu hosp rate change,0,2026-02-21,37,pmf,increase,0.102
2026-02-21,wk flu hosp rate change,0,2026-02-21,37,pmf,large_decrease,0.237
2026-02-21,wk flu hosp rate change,0,2026-02-21,37,pmf,large_increase,0.002
2026-02-21,wk flu hosp rate change,0,2026-02-21,37,pmf,stable,0.3010000000000001
2026-02-21,wk flu hosp rate change,0,2026-02-21,38,pmf,decrease,0.335
2026-02-21,wk flu hosp rate change,0,2026-02-21,38,pmf,increase,0.107
2026-02-21,wk flu hosp rate change,0,2026-02-21,38,pmf,large_decrease,0.001
2026-02-21,wk flu hosp rate change,0,2026-02-21,38,pmf,large_increase,0.002
2026-02-21,wk flu hosp rate change,0,2026-02-21,38,pmf,stable,0.555
2026-02-21,wk flu hosp rate change,0,2026-02-21,39,pmf,decrease,0.61
2026-02-21,wk flu hosp rate change,0,2026-02-21,39,pmf,increase,0.068
2026-02-21,wk flu hosp rate change,0,2026-02-21,39,pmf,large_decrease,0.004
2026-02-21,wk flu hosp rate change,0,2026-02-21,39,pmf,large_increase,0.001
2026-02-21,wk flu hosp rate change,0,2026-02-21,39,pmf,stable,0.317
2026-02-21,wk flu hosp rate change,0,2026-02-21,40,pmf,decrease,0.6263736263736263
2026-02-21,wk flu hosp rate change,0,2026-02-21,40,pmf,increase,0.03796203796203796
2026-02-21,wk flu hosp rate change,0,2026-02-21,40,pmf,large_decrease,0.16583416583416583
2026-02-21,wk flu hosp rate change,0,2026-02-21,40,pmf,large_increase,0.001998001998001998
2026-02-21,wk flu hosp rate change,0,2026-02-21,40,pmf,stable,0.1678321678321678
2026-02-21,wk flu hosp rate change,0,2026-02-21,41,pmf,decrease,0.339
2026-02-21,wk flu hosp rate change,0,2026-02-21,41,pmf,increase,0.22
2026-02-21,wk flu hosp rate change,0,2026-02-21,41,pmf,large_decrease,0.009
2026-02-21,wk flu hosp rate change,0,2026-02-21,41,pmf,large_increase,0.002
2026-02-21,wk flu hosp rate change,0,2026-02-21,41,pmf,stable,0.43
2026-02-21,wk flu hosp rate change,0,2026-02-21,42,pmf,decrease,0.283
2026-02-21,wk flu hosp rate change,0,2026-02-21,42,pmf,increase,0.34
2026-02-21,wk flu hosp rate change,0,2026-02-21,42,pmf,large_decrease,0.015
2026-02-21,wk flu hosp rate change,0,2026-02-21,42,pmf,large_increase,0.002
2026-02-21,wk flu hosp rate change,0,2026-02-21,42,pmf,stable,0.36
2026-02-21,wk flu hosp rate change,0,2026-02-21,44,pmf,decrease,0.1938061938061938
2026-02-21,wk flu hosp rate change,0,2026-02-21,44,pmf,increase,0.010989010989010986
2026-02-21,wk flu hosp rate change,0,2026-02-21,44,pmf,large_decrease,0.001998001998001998
2026-02-21,wk flu hosp rate change,0,2026-02-21,44,pmf,large_increase,0.001998001998001998
2026-02-21,wk flu hosp rate change,0,2026-02-21,44,pmf,stable,0.7912087912087912
2026-02-21,wk flu hosp rate change,0,2026-02-21,45,pmf,decrease,0.399
2026-02-21,wk flu hosp rate change,0,2026-02-21,45,pmf,increase,0.211
2026-02-21,wk flu hosp rate change,0,2026-02-21,45,pmf,large_decrease,0.073
2026-02-21,wk flu hosp rate change,0,2026-02-21,45,pmf,large_increase,0.002
2026-02-21,wk flu hosp rate change,0,2026-02-21,45,pmf,stable,0.315
2026-02-21,wk flu hosp rate change,0,2026-02-21,46,pmf,decrease,0.43856143856143853
2026-02-21,wk flu hosp rate change,0,2026-02-21,46,pmf,increase,0.007992007992007992
2026-02-21,wk flu hosp rate change,0,2026-02-21,46,pmf,large_decrease,0.00899100899100899
2026-02-21,wk flu hosp rate change,0,2026-02-21,46,pmf,large_increase,0.000999000999000999
2026-02-21,wk flu hosp rate change,0,2026-02-21,46,pmf,stable,0.5434565434565435
2026-02-21,wk flu hosp rate change,0,2026-02-21,47,pmf,decrease,0.4605394605394605
2026-02-21,wk flu hosp rate change,0,2026-02-21,47,pmf,increase,0.1908091908091908
2026-02-21,wk flu hosp rate change,0,2026-02-21,47,pmf,large_decrease,0.00899100899100899
2026-02-21,wk flu hosp rate change,0,2026-02-21,47,pmf,large_increase,0.000999000999000999
2026-02-21,wk flu hosp rate change,0,2026-02-21,47,pmf,stable,0.33866133866133863
2026-02-21,wk flu hosp rate change,0,2026-02-21,48,pmf,decrease,0.61
2026-02-21,wk flu hosp rate change,0,2026-02-21,48,pmf,increase,0.11
2026-02-21,wk flu hosp rate change,0,2026-02-21,48,pmf,large_decrease,0.061
2026-02-21,wk flu hosp rate change,0,2026-02-21,48,pmf,large_increase,0.001
2026-02-21,wk flu hosp rate change,0,2026-02-21,48,pmf,stable,0.2180000000000001
2026-02-21,wk flu hosp rate change,0,2026-02-21,49,pmf,decrease,0.421
2026-02-21,wk flu hosp rate change,0,2026-02-21,49,pmf,increase,0.112
2026-02-21,wk flu hosp rate change,0,2026-02-21,49,pmf,large_decrease,0.008
2026-02-21,wk flu hosp rate change,0,2026-02-21,49,pmf,large_increase,0.007
2026-02-21,wk flu hosp rate change,0,2026-02-21,49,pmf,stable,0.452
2026-02-21,wk flu hosp rate change,0,2026-02-21,50,pmf,decrease,0.318
2026-02-21,wk flu hosp rate change,0,2026-02-21,50,pmf,increase,0.071
2026-02-21,wk flu hosp rate change,0,2026-02-21,50,pmf,large_decrease,0.047
2026-02-21,wk flu hosp rate change,0,2026-02-21,50,pmf,large_increase,0.003
2026-02-21,wk flu hosp rate change,0,2026-02-21,50,pmf,stable,0.561
2026-02-21,wk flu hosp rate change,0,2026-02-21,51,pmf,decrease,0.599
2026-02-21,wk flu hosp rate change,0,2026-02-21,51,pmf,increase,0.061
2026-02-21,wk flu hosp rate change,0,2026-02-21,51,pmf,large_decrease,0.073
2026-02-21,wk flu hosp rate change,0,2026-02-21,51,pmf,large_increase,0.002
2026-02-21,wk flu hosp rate change,0,2026-02-21,51,pmf,stable,0.2650000000000001
2026-02-21,wk flu hosp rate change,0,2026-02-21,53,pmf,decrease,0.469
2026-02-21,wk flu hosp rate change,0,2026-02-21,53,pmf,increase,0.14
2026-02-21,wk flu hosp rate change,0,2026-02-21,53,pmf,large_decrease,0.003
2026-02-21,wk flu hosp rate change,0,2026-02-21,53,pmf,large_increase,0.001
2026-02-21,wk flu hosp rate change,0,2026-02-21,53,pmf,stable,0.387
2026-02-21,wk flu hosp rate change,0,2026-02-21,54,pmf,decrease,0.447
2026-02-21,wk flu hosp rate change,0,2026-02-21,54,pmf,increase,0.096
2026-02-21,wk flu hosp rate change,0,2026-02-21,54,pmf,large_decrease,0.022
2026-02-21,wk flu hosp rate change,0,2026-02-21,54,pmf,large_increase,0.002
2026-02-21,wk flu hosp rate change,0,2026-02-21,54,pmf,stable,0.433
2026-02-21,wk flu hosp rate change,0,2026-02-21,55,pmf,decrease,0.5924075924075924
2026-02-21,wk flu hosp rate change,0,2026-02-21,55,pmf,increase,0.1038961038961039
2026-02-21,wk flu hosp rate change,0,2026-02-21,55,pmf,large_decrease,0.03896103896103897
2026-02-21,wk flu hosp rate change,0,2026-02-21,55,pmf,large_increase,0.0029970029970029974
2026-02-21,wk flu hosp rate change,0,2026-02-21,55,pmf,stable,0.26173826173826176
2026-02-21,wk flu hosp rate change,0,2026-02-21,56,pmf,decrease,0.308
2026-02-21,wk flu hosp rate change,0,2026-02-21,56,pmf,increase,0.018
2026-02-21,wk flu hosp rate change,0,2026-02-21,56,pmf,large_decrease,0.001
2026-02-21,wk flu hosp rate change,0,2026-02-21,56,pmf,large_increase,0.001
2026-02-21,wk flu hosp rate change,0,2026-02-21,56,pmf,stable,0.672
2026-02-21,wk flu hosp rate change,0,2026-02-21,US,pmf,decrease,0.677
2026-02-21,wk flu hosp rate change,0,2026-02-21,US,pmf,increase,0.032
2026-02-21,wk flu hosp rate change,0,2026-02-21,US,pmf,large_decrease,0.01
2026-02-21,wk flu hosp rate change,0,2026-02-21,US,pmf,large_increase,0.001
2026-02-21,wk flu hosp rate change,0,2026-02-21,US,pmf,stable,0.2799999999999999
2026-02-21,wk flu hosp rate change,1,2026-02-28,01,pmf,decrease,0.419
2026-02-21,wk flu hosp rate change,1,2026-02-28,01,pmf,increase,0.202
2026-02-21,wk flu hosp rate change,1,2026-02-28,01,pmf,large_decrease,0.17
2026-02-21,wk flu hosp rate change,1,2026-02-28,01,pmf,large_increase,0.006
2026-02-21,wk flu hosp rate change,1,2026-02-28,01,pmf,stable,0.2029999999999999
2026-02-21,wk flu hosp rate change,1,2026-02-28,02,pmf,decrease,0.418
2026-02-21,wk flu hosp rate change,1,2026-02-28,02,pmf,increase,0.162
2026-02-21,wk flu hosp rate change,1,2026-02-28,02,pmf,large_decrease,0.002
2026-02-21,wk flu hosp rate change,1,2026-02-28,02,pmf,large_increase,0.002
2026-02-21,wk flu hosp rate change,1,2026-02-28,02,pmf,stable,0.416
2026-02-21,wk flu hosp rate change,1,2026-02-28,04,pmf,decrease,0.639
2026-02-21,wk flu hosp rate change,1,2026-02-28,04,pmf,increase,0.103
2026-02-21,wk flu hosp rate change,1,2026-02-28,04,pmf,large_decrease,0.002
2026-02-21,wk flu hosp rate change,1,2026-02-28,04,pmf,large_increase,0.002
2026-02-21,wk flu hosp rate change,1,2026-02-28,04,pmf,stable,0.254
2026-02-21,wk flu hosp rate change,1,2026-02-28,05,pmf,decrease,0.7912087912087912
2026-02-21,wk flu hosp rate change,1,2026-02-28,05,pmf,increase,0.06193806193806193
2026-02-21,wk flu hosp rate change,1,2026-02-28,05,pmf,large_decrease,0.042957042957042946
2026-02-21,wk flu hosp rate change,1,2026-02-28,05,pmf,large_increase,0.001998001998001998
2026-02-21,wk flu hosp rate change,1,2026-02-28,05,pmf,stable,0.10189810189810188
2026-02-21,wk flu hosp rate change,1,2026-02-28,06,pmf,decrease,0.382
2026-02-21,wk flu hosp rate change,1,2026-02-28,06,pmf,increase,0.144
2026-02-21,wk flu hosp rate change,1,2026-02-28,06,pmf,large_decrease,0.001
2026-02-21,wk flu hosp rate change,1,2026-02-28,06,pmf,large_increase,0.001
2026-02-21,wk flu hosp rate change,1,2026-02-28,06,pmf,stable,0.472
2026-02-21,wk flu hosp rate change,1,2026-02-28,08,pmf,decrease,0.287
2026-02-21,wk flu hosp rate change,1,2026-02-28,08,pmf,increase,0.081
2026-02-21,wk flu hosp rate change,1,2026-02-28,08,pmf,large_decrease,0.001
2026-02-21,wk flu hosp rate change,1,2026-02-28,08,pmf,large_increase,0.001
2026-02-21,wk flu hosp rate change,1,2026-02-28,08,pmf,stable,0.63
2026-02-21,wk flu hosp rate change,1,2026-02-28,09,pmf,decrease,0.735
2026-02-21,wk flu hosp rate change,1,2026-02-28,09,pmf,increase,0.027
2026-02-21,wk flu hosp rate change,1,2026-02-28,09,pmf,large_decrease,0.001
2026-02-21,wk flu hosp rate change,1,2026-02-28,09,pmf,large_increase,0.001
2026-02-21,wk flu hosp rate change,1,2026-02-28,09,pmf,stable,0.236
2026-02-21,wk flu hosp rate change,1,2026-02-28,10,pmf,decrease,0.683
2026-02-21,wk flu hosp rate change,1,2026-02-28,10,pmf,increase,0.02
2026-02-21,wk flu hosp rate change,1,2026-02-28,10,pmf,large_decrease,0.001
2026-02-21,wk flu hosp rate change,1,2026-02-28,10,pmf,large_increase,0.001
2026-02-21,wk flu hosp rate change,1,2026-02-28,10,pmf,stable,0.295
2026-02-21,wk flu hosp rate change,1,2026-02-28,11,pmf,decrease,0.001
2026-02-21,wk flu hosp rate change,1,2026-02-28,11,pmf,increase,0.107
2026-02-21,wk flu hosp rate change,1,2026-02-28,11,pmf,large_decrease,0.001
2026-02-21,wk flu hosp rate change,1,2026-02-28,11,pmf,large_increase,0.001
2026-02-21,wk flu hosp rate change,1,2026-02-28,11,pmf,stable,0.89
2026-02-21,wk flu hosp rate change,1,2026-02-28,12,pmf,decrease,0.666
2026-02-21,wk flu hosp rate change,1,2026-02-28,12,pmf,increase,0.071
2026-02-21,wk flu hosp rate change,1,2026-02-28,12,pmf,large_decrease,0.009
2026-02-21,wk flu hosp rate change,1,2026-02-28,12,pmf,large_increase,0.001
2026-02-21,wk flu hosp rate change,1,2026-02-28,12,pmf,stable,0.253
2026-02-21,wk flu hosp rate change,1,2026-02-28,13,pmf,decrease,0.536
2026-02-21,wk flu hosp rate change,1,2026-02-28,13,pmf,increase,0.085
2026-02-21,wk flu hosp rate change,1,2026-02-28,13,pmf,large_decrease,0.001
2026-02-21,wk flu hosp rate change,1,2026-02-28,13,pmf,large_increase,0.001
2026-02-21,wk flu hosp rate change,1,2026-02-28,13,pmf,stable,0.377
2026-02-21,wk flu hosp rate change,1,2026-02-28,15,pmf,decrease,0.334
2026-02-21,wk flu hosp rate change,1,2026-02-28,15,pmf,increase,0.268
2026-02-21,wk flu hosp rate change,1,2026-02-28,15,pmf,large_decrease,0.002
2026-02-21,wk flu hosp rate change,1,2026-02-28,15,pmf,large_increase,0.086
2026-02-21,wk flu hosp rate change,1,2026-02-28,15,pmf,stable,0.3099999999999999
2026-02-21,wk flu hosp rate change,1,2026-02-28,16,pmf,decrease,0.35
2026-02-21,wk flu hosp rate change,1,2026-02-28,16,pmf,increase,0.129
2026-02-21,wk flu hosp rate change,1,2026-02-28,16,pmf,large_decrease,0.001
2026-02-21,wk flu hosp rate change,1,2026-02-28,16,pmf,large_increase,0.001
2026-02-21,wk flu hosp rate change,1,2026-02-28,16,pmf,stable,0.519
2026-02-21,wk flu hosp rate change,1,2026-02-28,17,pmf,decrease,0.7142857142857143
2026-02-21,wk flu hosp rate change,1,2026-02-28,17,pmf,increase,0.1188811188811189
2026-02-21,wk flu hosp rate change,1,2026-02-28,17,pmf,large_decrease,0.0019980019980019984
2026-02-21,wk flu hosp rate change,1,2026-02-28,17,pmf,large_increase,0.0019980019980019984
2026-02-21,wk flu hosp rate change,1,2026-02-28,17,pmf,stable,0.16283716283716287
2026-02-21,wk flu hosp rate change,1,2026-02-28,18,pmf,decrease,0.7622377622377622
2026-02-21,wk flu hosp rate change,1,2026-02-28,18,pmf,increase,0.10189810189810188
2026-02-21,wk flu hosp rate change,1,2026-02-28,18,pmf,large_decrease,0.019980019980019977
2026-02-21,wk flu hosp rate change,1,2026-02-28,18,pmf,large_increase,0.001998001998001998
2026-02-21,wk flu hosp rate change,1,2026-02-28,18,pmf,stable,0.11388611388611387
2026-02-21,wk flu hosp rate change,1,2026-02-28,19,pmf,decrease,0.728
2026-02-21,wk flu hosp rate change,1,2026-02-28,19,pmf,increase,0.048
2026-02-21,wk flu hosp rate change,1,2026-02-28,19,pmf,large_decrease,0.078
2026-02-21,wk flu hosp rate change,1,2026-02-28,19,pmf,large_increase,0.001
2026-02-21,wk flu hosp rate change,1,2026-02-28,19,pmf,stable,0.145
2026-02-21,wk flu hosp rate change,1,2026-02-28,20,pmf,decrease,0.483
2026-02-21,wk flu hosp rate change,1,2026-02-28,20,pmf,increase,0.213
2026-02-21,wk flu hosp rate change,1,2026-02-28,20,pmf,large_decrease,0.106
2026-02-21,wk flu hosp rate change,1,2026-02-28,20,pmf,large_increase,0.002
2026-02-21,wk flu hosp rate change,1,2026-02-28,20,pmf,stable,0.196
2026-02-21,wk flu hosp rate change,1,2026-02-28,21,pmf,decrease,0.872
2026-02-21,wk flu hosp rate change,1,2026-02-28,21,pmf,increase,0.04
2026-02-21,wk flu hosp rate change,1,2026-02-28,21,pmf,large_decrease,0.001
2026-02-21,wk flu hosp rate change,1,2026-02-28,21,pmf,large_increase,0.001
2026-02-21,wk flu hosp rate change,1,2026-02-28,21,pmf,stable,0.086
2026-02-21,wk flu hosp rate change,1,2026-02-28,22,pmf,decrease,0.729
2026-02-21,wk flu hosp rate change,1,2026-02-28,22,pmf,increase,0.054
2026-02-21,wk flu hosp rate change,1,2026-02-28,22,pmf,large_decrease,0.003
2026-02-21,wk flu hosp rate change,1,2026-02-28,22,pmf,large_increase,0.001
2026-02-21,wk flu hosp rate change,1,2026-02-28,22,pmf,stable,0.213
2026-02-21,wk flu hosp rate change,1,2026-02-28,23,pmf,decrease,0.223
2026-02-21,wk flu hosp rate change,1,2026-02-28,23,pmf,increase,0.063
2026-02-21,wk flu hosp rate change,1,2026-02-28,23,pmf,large_decrease,0.001
2026-02-21,wk flu hosp rate change,1,2026-02-28,23,pmf,large_increase,0.001
2026-02-21,wk flu hosp rate change,1,2026-02-28,23,pmf,stable,0.712
2026-02-21,wk flu hosp rate change,1,2026-02-28,24,pmf,decrease,0.615
2026-02-21,wk flu hosp rate change,1,2026-02-28,24,pmf,increase,0.043
2026-02-21,wk flu hosp rate change,1,2026-02-28,24,pmf,large_decrease,0.001
2026-02-21,wk flu hosp rate change,1,2026-02-28,24,pmf,large_increase,0.001
2026-02-21,wk flu hosp rate change,1,2026-02-28,24,pmf,stable,0.34
2026-02-21,wk flu hosp rate change,1,2026-02-28,25,pmf,decrease,0.767
2026-02-21,wk flu hosp rate change,1,2026-02-28,25,pmf,increase,0.012
2026-02-21,wk flu hosp rate change,1,2026-02-28,25,pmf,large_decrease,0.001
2026-02-21,wk flu hosp rate change,1,2026-02-28,25,pmf,large_increase,0.001
2026-02-21,wk flu hosp rate change,1,2026-02-28,25,pmf,stable,0.219
2026-02-21,wk flu hosp rate change,1,2026-02-28,26,pmf,decrease,0.455
2026-02-21,wk flu hosp rate change,1,2026-02-28,26,pmf,increase,0.047
2026-02-21,wk flu hosp rate change,1,2026-02-28,26,pmf,large_decrease,0.001
2026-02-21,wk flu hosp rate change,1,2026-02-28,26,pmf,large_increase,0.001
2026-02-21,wk flu hosp rate change,1,2026-02-28,26,pmf,stable,0.496
2026-02-21,wk flu hosp rate change,1,2026-02-28,27,pmf,decrease,0.5389999999999999
2026-02-21,wk flu hosp rate change,1,2026-02-28,27,pmf,increase,0.32699999999999996
2026-02-21,wk flu hosp rate change,1,2026-02-28,27,pmf,large_decrease,0.0019999999999999996
2026-02-21,wk flu hosp rate change,1,2026-02-28,27,pmf,large_increase,0.026999999999999993
2026-02-21,wk flu hosp rate change,1,2026-02-28,27,pmf,stable,0.10499999999999997
2026-02-21,wk flu hosp rate change,1,2026-02-28,28,pmf,decrease,0.4035964035964036
2026-02-21,wk flu hosp rate change,1,2026-02-28,28,pmf,increase,0.2617382617382617
2026-02-21,wk flu hosp rate change,1,2026-02-28,28,pmf,large_decrease,0.03996003996003995
2026-02-21,wk flu hosp rate change,1,2026-02-28,28,pmf,large_increase,0.003996003996003996
2026-02-21,wk flu hosp rate change,1,2026-02-28,28,pmf,stable,0.29070929070929064
2026-02-21,wk flu hosp rate change,1,2026-02-28,30,pmf,decrease,0.485
2026-02-21,wk flu hosp rate change,1,2026-02-28,30,pmf,increase,0.256
2026-02-21,wk flu hosp rate change,1,2026-02-28,30,pmf,large_decrease,0.022
2026-02-21,wk flu hosp rate change,1,2026-02-28,30,pmf,large_increase,0.054
2026-02-21,wk flu hosp rate change,1,2026-02-28,30,pmf,stable,0.183
2026-02-21,wk flu hosp rate change,1,2026-02-28,31,pmf,decrease,0.39560439560439564
2026-02-21,wk flu hosp rate change,1,2026-02-28,31,pmf,increase,0.2917082917082917
2026-02-21,wk flu hosp rate change,1,2026-02-28,31,pmf,large_decrease,0.003996003996003997
2026-02-21,wk flu hosp rate change,1,2026-02-28,31,pmf,large_increase,0.0019980019980019984
2026-02-21,wk flu hosp rate change,1,2026-02-28,31,pmf,stable,0.30669330669330674
2026-02-21,wk flu hosp rate change,1,2026-02-28,32,pmf,decrease,0.366
2026-02-21,wk flu hosp rate change,1,2026-02-28,32,pmf,increase,0.027
2026-02-21,wk flu hosp rate change,1,2026-02-28,32,pmf,large_decrease,0.001
2026-02-21,wk flu hosp rate change,1,2026-02-28,32,pmf,large_increase,0.001
2026-02-21,wk flu hosp rate change,1,2026-02-28,32,pmf,stable,0.605
2026-02-21,wk flu hosp rate change,1,2026-02-28,33,pmf,decrease,0.621
2026-02-21,wk flu hosp rate change,1,2026-02-28,33,pmf,increase,0.01
2026-02-21,wk flu hosp rate change,1,2026-02-28,33,pmf,large_decrease,0.001
2026-02-21,wk flu hosp rate change,1,2026-02-28,33,pmf,large_increase,0.001
2026-02-21,wk flu hosp rate change,1,2026-02-28,33,pmf,stable,0.367
2026-02-21,wk flu hosp rate change,1,2026-02-28,34,pmf,decrease,0.507
2026-02-21,wk flu hosp rate change,1,2026-02-28,34,pmf,increase,0.055
2026-02-21,wk flu hosp rate change,1,2026-02-28,34,pmf,large_decrease,0.001
2026-02-21,wk flu hosp rate change,1,2026-02-28,34,pmf,large_increase,0.001
2026-02-21,wk flu hosp rate change,1,2026-02-28,34,pmf,stable,0.436
2026-02-21,wk flu hosp rate change,1,2026-02-28,35,pmf,decrease,0.744
2026-02-21,wk flu hosp rate change,1,2026-02-28,35,pmf,increase,0.048
2026-02-21,wk flu hosp rate change,1,2026-02-28,35,pmf,large_decrease,0.001
2026-02-21,wk flu hosp rate change,1,2026-02-28,35,pmf,large_increase,0.001
2026-02-21,wk flu hosp rate change,1,2026-02-28,35,pmf,stable,0.206
2026-02-21,wk flu hosp rate change,1,2026-02-28,36,pmf,decrease,0.267
2026-02-21,wk flu hosp rate change,1,2026-02-28,36,pmf,increase,0.042
2026-02-21,wk flu hosp rate change,1,2026-02-28,36,pmf,large_decrease,0.001
2026-02-21,wk flu hosp rate change,1,2026-02-28,36,pmf,large_increase,0.001
2026-02-21,wk flu hosp rate change,1,2026-02-28,36,pmf,stable,0.6890000000000001
2026-02-21,wk flu hosp rate change,1,2026-02-28,37,pmf,decrease,0.675
2026-02-21,wk flu hosp rate change,1,2026-02-28,37,pmf,increase,0.059
2026-02-21,wk flu hosp rate change,1,2026-02-28,37,pmf,large_decrease,0.002
2026-02-21,wk flu hosp rate change,1,2026-02-28,37,pmf,large_increase,0.002
2026-02-21,wk flu hosp rate change,1,2026-02-28,37,pmf,stable,0.262
2026-02-21,wk flu hosp rate change,1,2026-02-28,38,pmf,decrease,0.384
2026-02-21,wk flu hosp rate change,1,2026-02-28,38,pmf,increase,0.07
2026-02-21,wk flu hosp rate change,1,2026-02-28,38,pmf,large_decrease,0.001
2026-02-21,wk flu hosp rate change,1,2026-02-28,38,pmf,large_increase,0.001
2026-02-21,wk flu hosp rate change,1,2026-02-28,38,pmf,stable,0.544
2026-02-21,wk flu hosp rate change,1,2026-02-28,39,pmf,decrease,0.636
2026-02-21,wk flu hosp rate change,1,2026-02-28,39,pmf,increase,0.081
2026-02-21,wk flu hosp rate change,1,2026-02-28,39,pmf,large_decrease,0.001
2026-02-21,wk flu hosp rate change,1,2026-02-28,39,pmf,large_increase,0.001
2026-02-21,wk flu hosp rate change,1,2026-02-28,39,pmf,stable,0.281
2026-02-21,wk flu hosp rate change,1,2026-02-28,40,pmf,decrease,0.732
2026-02-21,wk flu hosp rate change,1,2026-02-28,40,pmf,increase,0.029
2026-02-21,wk flu hosp rate change,1,2026-02-28,40,pmf,large_decrease,0.05
2026-02-21,wk flu hosp rate change,1,2026-02-28,40,pmf,large_increase,0.001
2026-02-21,wk flu hosp rate change,1,2026-02-28,40,pmf,stable,0.188
2026-02-21,wk flu hosp rate change,1,2026-02-28,41,pmf,decrease,0.507
2026-02-21,wk flu hosp rate change,1,2026-02-28,41,pmf,increase,0.064
2026-02-21,wk flu hosp rate change,1,2026-02-28,41,pmf,large_decrease,0.005
2026-02-21,wk flu hosp rate change,1,2026-02-28,41,pmf,large_increase,0.001
2026-02-21,wk flu hosp rate change,1,2026-02-28,41,pmf,stable,0.4230000000000001
2026-02-21,wk flu hosp rate change,1,2026-02-28,42,pmf,decrease,0.3466533466533467
2026-02-21,wk flu hosp rate change,1,2026-02-28,42,pmf,increase,0.29070929070929075
2026-02-21,wk flu hosp rate change,1,2026-02-28,42,pmf,large_decrease,0.0019980019980019984
2026-02-21,wk flu hosp rate change,1,2026-02-28,42,pmf,large_increase,0.0029970029970029974
2026-02-21,wk flu hosp rate change,1,2026-02-28,42,pmf,stable,0.3576423576423577
2026-02-21,wk flu hosp rate change,1,2026-02-28,44,pmf,decrease,0.213
2026-02-21,wk flu hosp rate change,1,2026-02-28,44,pmf,increase,0.029
2026-02-21,wk flu hosp rate change,1,2026-02-28,44,pmf,large_decrease,0.002
2026-02-21,wk flu hosp rate change,1,2026-02-28,44,pmf,large_increase,0.002
2026-02-21,wk flu hosp rate change,1,2026-02-28,44,pmf,stable,0.754
2026-02-21,wk flu hosp rate change,1,2026-02-28,45,pmf,decrease,0.553
2026-02-21,wk flu hosp rate change,1,2026-02-28,45,pmf,increase,0.064
2026-02-21,wk flu hosp rate change,1,2026-02-28,45,pmf,large_decrease,0.014
2026-02-21,wk flu hosp rate change,1,2026-02-28,45,pmf,large_increase,0.002
2026-02-21,wk flu hosp rate change,1,2026-02-28,45,pmf,stable,0.367
2026-02-21,wk flu hosp rate change,1,2026-02-28,46,pmf,decrease,0.651
2026-02-21,wk flu hosp rate change,1,2026-02-28,46,pmf,increase,0.004
2026-02-21,wk flu hosp rate change,1,2026-02-28,46,pmf,large_decrease,0.001
2026-02-21,wk flu hosp rate change,1,2026-02-28,46,pmf,large_increase,0.001
2026-02-21,wk flu hosp rate change,1,2026-02-28,46,pmf,stable,0.3429999999999999
2026-02-21,wk flu hosp rate change,1,2026-02-28,47,pmf,decrease,0.431
2026-02-21,wk flu hosp rate change,1,2026-02-28,47,pmf,increase,0.161
2026-02-21,wk flu hosp rate change,1,2026-02-28,47,pmf,large_decrease,0.001
2026-02-21,wk flu hosp rate change,1,2026-02-28,47,pmf,large_increase,0.001
2026-02-21,wk flu hosp rate change,1,2026-02-28,47,pmf,stable,0.406
2026-02-21,wk flu hosp rate change,1,2026-02-28,48,pmf,decrease,0.707
2026-02-21,wk flu hosp rate change,1,2026-02-28,48,pmf,increase,0.074
2026-02-21,wk flu hosp rate change,1,2026-02-28,48,pmf,large_decrease,0.015
2026-02-21,wk flu hosp rate change,1,2026-02-28,48,pmf,large_increase,0.001
2026-02-21,wk flu hosp rate change,1,2026-02-28,48,pmf,stable,0.203
2026-02-21,wk flu hosp rate change,1,2026-02-28,49,pmf,decrease,0.4865134865134866
2026-02-21,wk flu hosp rate change,1,2026-02-28,49,pmf,increase,0.06793206793206795
2026-02-21,wk flu hosp rate change,1,2026-02-28,49,pmf,large_decrease,0.0019980019980019984
2026-02-21,wk flu hosp rate change,1,2026-02-28,49,pmf,large_increase,0.0019980019980019984
2026-02-21,wk flu hosp rate change,1,2026-02-28,49,pmf,stable,0.4415584415584416
2026-02-21,wk flu hosp rate change,1,2026-02-28,50,pmf,decrease,0.444
2026-02-21,wk flu hosp rate change,1,2026-02-28,50,pmf,increase,0.049
2026-02-21,wk flu hosp rate change,1,2026-02-28,50,pmf,large_decrease,0.027
2026-02-21,wk flu hosp rate change,1,2026-02-28,50,pmf,large_increase,0.001
2026-02-21,wk flu hosp rate change,1,2026-02-28,50,pmf,stable,0.479
2026-02-21,wk flu hosp rate change,1,2026-02-28,51,pmf,decrease,0.5894105894105894
2026-02-21,wk flu hosp rate change,1,2026-02-28,51,pmf,increase,0.07792207792207793
2026-02-21,wk flu hosp rate change,1,2026-02-28,51,pmf,large_decrease,0.0019980019980019984
2026-02-21,wk flu hosp rate change,1,2026-02-28,51,pmf,large_increase,0.005994005994005995
2026-02-21,wk flu hosp rate change,1,2026-02-28,51,pmf,stable,0.32467532467532473
2026-02-21,wk flu hosp rate change,1,2026-02-28,53,pmf,decrease,0.5
2026-02-21,wk flu hosp rate change,1,2026-02-28,53,pmf,increase,0.069
2026-02-21,wk flu hosp rate change,1,2026-02-28,53,pmf,large_decrease,0.001
2026-02-21,wk flu hosp rate change,1,2026-02-28,53,pmf,large_increase,0.001
2026-02-21,wk flu hosp rate change,1,2026-02-28,53,pmf,stable,0.4290000000000001
2026-02-21,wk flu hosp rate change,1,2026-02-28,54,pmf,decrease,0.6373626373626373
2026-02-21,wk flu hosp rate change,1,2026-02-28,54,pmf,increase,0.05294705294705294
2026-02-21,wk flu hosp rate change,1,2026-02-28,54,pmf,large_decrease,0.001998001998001998
2026-02-21,wk flu hosp rate change,1,2026-02-28,54,pmf,large_increase,0.001998001998001998
2026-02-21,wk flu hosp rate change,1,2026-02-28,54,pmf,stable,0.30569430569430567
2026-02-21,wk flu hosp rate change,1,2026-02-28,55,pmf,decrease,0.592
2026-02-21,wk flu hosp rate change,1,2026-02-28,55,pmf,increase,0.104
2026-02-21,wk flu hosp rate change,1,2026-02-28,55,pmf,large_decrease,0.007
2026-02-21,wk flu hosp rate change,1,2026-02-28,55,pmf,large_increase,0.001
2026-02-21,wk flu hosp rate change,1,2026-02-28,55,pmf,stable,0.2960000000000001
2026-02-21,wk flu hosp rate change,1,2026-02-28,56,pmf,decrease,0.331
2026-02-21,wk flu hosp rate change,1,2026-02-28,56,pmf,increase,0.01
2026-02-21,wk flu hosp rate change,1,2026-02-28,56,pmf,large_decrease,0.001
2026-02-21,wk flu hosp rate change,1,2026-02-28,56,pmf,large_increase,0.001
2026-02-21,wk flu hosp rate change,1,2026-02-28,56,pmf,stable,0.657
2026-02-21,wk flu hosp rate change,1,2026-02-28,US,pmf,decrease,0.654
2026-02-21,wk flu hosp rate change,1,2026-02-28,US,pmf,increase,0.023
2026-02-21,wk flu hosp rate change,1,2026-02-28,US,pmf,large_decrease,0.001
2026-02-21,wk flu hosp rate change,1,2026-02-28,US,pmf,large_increase,0.001
2026-02-21,wk flu hosp rate change,1,2026-02-28,US,pmf,stable,0.321
2026-02-21,wk flu hosp rate change,2,2026-03-07,01,pmf,decrease,0.432
2026-02-21,wk flu hosp rate change,2,2026-03-07,01,pmf,increase,0.171
2026-02-21,wk flu hosp rate change,2,2026-03-07,01,pmf,large_decrease,0.199
2026-02-21,wk flu hosp rate change,2,2026-03-07,01,pmf,large_increase,0.002
2026-02-21,wk flu hosp rate change,2,2026-03-07,01,pmf,stable,0.196
2026-02-21,wk flu hosp rate change,2,2026-03-07,02,pmf,decrease,0.4505494505494506
2026-02-21,wk flu hosp rate change,2,2026-03-07,02,pmf,increase,0.12387612387612389
2026-02-21,wk flu hosp rate change,2,2026-03-07,02,pmf,large_decrease,0.0019980019980019984
2026-02-21,wk flu hosp rate change,2,2026-03-07,02,pmf,large_increase,0.0019980019980019984
2026-02-21,wk flu hosp rate change,2,2026-03-07,02,pmf,stable,0.4215784215784216
2026-02-21,wk flu hosp rate change,2,2026-03-07,04,pmf,decrease,0.715
2026-02-21,wk flu hosp rate change,2,2026-03-07,04,pmf,increase,0.034
2026-02-21,wk flu hosp rate change,2,2026-03-07,04,pmf,large_decrease,0.002
2026-02-21,wk flu hosp rate change,2,2026-03-07,04,pmf,large_increase,0.002
2026-02-21,wk flu hosp rate change,2,2026-03-07,04,pmf,stable,0.247
2026-02-21,wk flu hosp rate change,2,2026-03-07,05,pmf,decrease,0.833
2026-02-21,wk flu hosp rate change,2,2026-03-07,05,pmf,increase,0.013
2026-02-21,wk flu hosp rate change,2,2026-03-07,05,pmf,large_decrease,0.07
2026-02-21,wk flu hosp rate change,2,2026-03-07,05,pmf,large_increase,0.001
2026-02-21,wk flu hosp rate change,2,2026-03-07,05,pmf,stable,0.08300000000000012
2026-02-21,wk flu hosp rate change,2,2026-03-07,06,pmf,decrease,0.452
2026-02-21,wk flu hosp rate change,2,2026-03-07,06,pmf,increase,0.063
2026-02-21,wk flu hosp rate change,2,2026-03-07,06,pmf,large_decrease,0.001
2026-02-21,wk flu hosp rate change,2,2026-03-07,06,pmf,large_increase,0.001
2026-02-21,wk flu hosp rate change,2,2026-03-07,06,pmf,stable,0.483
2026-02-21,wk flu hosp rate change,2,2026-03-07,08,pmf,decrease,0.267
2026-02-21,wk flu hosp rate change,2,2026-03-07,08,pmf,increase,0.034
2026-02-21,wk flu hosp rate change,2,2026-03-07,08,pmf,large_decrease,0.001
2026-02-21,wk flu hosp rate change,2,2026-03-07,08,pmf,large_increase,0.001
2026-02-21,wk flu hosp rate change,2,2026-03-07,08,pmf,stable,0.697
2026-02-21,wk flu hosp rate change,2,2026-03-07,09,pmf,decrease,0.707
2026-02-21,wk flu hosp rate change,2,2026-03-07,09,pmf,increase,0.013
2026-02-21,wk flu hosp rate change,2,2026-03-07,09,pmf,large_decrease,0.001
2026-02-21,wk flu hosp rate change,2,2026-03-07,09,pmf,large_increase,0.001
2026-02-21,wk flu hosp rate change,2,2026-03-07,09,pmf,stable,0.278
2026-02-21,wk flu hosp rate change,2,2026-03-07,10,pmf,decrease,0.765
2026-02-21,wk flu hosp rate change,2,2026-03-07,10,pmf,increase,0.024
2026-02-21,wk flu hosp rate change,2,2026-03-07,10,pmf,large_decrease,0.001
2026-02-21,wk flu hosp rate change,2,2026-03-07,10,pmf,large_increase,0.001
2026-02-21,wk flu hosp rate change,2,2026-03-07,10,pmf,stable,0.209
2026-02-21,wk flu hosp rate change,2,2026-03-07,11,pmf,decrease,0.001
2026-02-21,wk flu hosp rate change,2,2026-03-07,11,pmf,increase,0.102
2026-02-21,wk flu hosp rate change,2,2026-03-07,11,pmf,large_decrease,0.001
2026-02-21,wk flu hosp rate change,2,2026-03-07,11,pmf,large_increase,0.001
2026-02-21,wk flu hosp rate change,2,2026-03-07,11,pmf,stable,0.895
2026-02-21,wk flu hosp rate change,2,2026-03-07,12,pmf,decrease,0.7722277722277722
2026-02-21,wk flu hosp rate change,2,2026-03-07,12,pmf,increase,0.02597402597402597
2026-02-21,wk flu hosp rate change,2,2026-03-07,12,pmf,large_decrease,0.0029970029970029966
2026-02-21,wk flu hosp rate change,2,2026-03-07,12,pmf,large_increase,0.000999000999000999
2026-02-21,wk flu hosp rate change,2,2026-03-07,12,pmf,stable,0.1978021978021978
2026-02-21,wk flu hosp rate change,2,2026-03-07,13,pmf,decrease,0.469
2026-02-21,wk flu hosp rate change,2,2026-03-07,13,pmf,increase,0.067
2026-02-21,wk flu hosp rate change,2,2026-03-07,13,pmf,large_decrease,0.001
2026-02-21,wk flu hosp rate change,2,2026-03-07,13,pmf,large_increase,0.001
2026-02-21,wk flu hosp rate change,2,2026-03-07,13,pmf,stable,0.4619999999999999
2026-02-21,wk flu hosp rate change,2,2026-03-07,15,pmf,decrease,0.24275724275724272
2026-02-21,wk flu hosp rate change,2,2026-03-07,15,pmf,increase,0.32267732267732263
2026-02-21,wk flu hosp rate change,2,2026-03-07,15,pmf,large_decrease,0.001998001998001998
2026-02-21,wk flu hosp rate change,2,2026-03-07,15,pmf,large_increase,0.11688311688311688
2026-02-21,wk flu hosp rate change,2,2026-03-07,15,pmf,stable,0.31568431568431565
2026-02-21,wk flu hosp rate change,2,2026-03-07,16,pmf,decrease,0.377
2026-02-21,wk flu hosp rate change,2,2026-03-07,16,pmf,increase,0.077
2026-02-21,wk flu hosp rate change,2,2026-03-07,16,pmf,large_decrease,0.001
2026-02-21,wk flu hosp rate change,2,2026-03-07,16,pmf,large_increase,0.001
2026-02-21,wk flu hosp rate change,2,2026-03-07,16,pmf,stable,0.5439999999999999
2026-02-21,wk flu hosp rate change,2,2026-03-07,17,pmf,decrease,0.7202797202797203
2026-02-21,wk flu hosp rate change,2,2026-03-07,17,pmf,increase,0.06993006993006995
2026-02-21,wk flu hosp rate change,2,2026-03-07,17,pmf,large_decrease,0.0019980019980019984
2026-02-21,wk flu hosp rate change,2,2026-03-07,17,pmf,large_increase,0.0019980019980019984
2026-02-21,wk flu hosp rate change,2,2026-03-07,17,pmf,stable,0.2057942057942058
2026-02-21,wk flu hosp rate change,2,2026-03-07,18,pmf,decrease,0.806
2026-02-21,wk flu hosp rate change,2,2026-03-07,18,pmf,increase,0.057
2026-02-21,wk flu hosp rate change,2,2026-03-07,18,pmf,large_decrease,0.001
2026-02-21,wk flu hosp rate change,2,2026-03-07,18,pmf,large_increase,0.001
2026-02-21,wk flu hosp rate change,2,2026-03-07,18,pmf,stable,0.1349999999999999
2026-02-21,wk flu hosp rate change,2,2026-03-07,19,pmf,decrease,0.841
2026-02-21,wk flu hosp rate change,2,2026-03-07,19,pmf,increase,0.015
2026-02-21,wk flu hosp rate change,2,2026-03-07,19,pmf,large_decrease,0.001
2026-02-21,wk flu hosp rate change,2,2026-03-07,19,pmf,large_increase,0.001
2026-02-21,wk flu hosp rate change,2,2026-03-07,19,pmf,stable,0.142
2026-02-21,wk flu hosp rate change,2,2026-03-07,20,pmf,decrease,0.5194805194805194
2026-02-21,wk flu hosp rate change,2,2026-03-07,20,pmf,increase,0.16283716283716282
2026-02-21,wk flu hosp rate change,2,2026-03-07,20,pmf,large_decrease,0.10689310689310688
2026-02-21,wk flu hosp rate change,2,2026-03-07,20,pmf,large_increase,0.001998001998001998
2026-02-21,wk flu hosp rate change,2,2026-03-07,20,pmf,stable,0.20879120879120877
2026-02-21,wk flu hosp rate change,2,2026-03-07,21,pmf,decrease,0.869
2026-02-21,wk flu hosp rate change,2,2026-03-07,21,pmf,increase,0.026
2026-02-21,wk flu hosp rate change,2,2026-03-07,21,pmf,large_decrease,0.001
2026-02-21,wk flu hosp rate change,2,2026-03-07,21,pmf,large_increase,0.001
2026-02-21,wk flu hosp rate change,2,2026-03-07,21,pmf,stable,0.103
2026-02-21,wk flu hosp rate change,2,2026-03-07,22,pmf,decrease,0.857
2026-02-21,wk flu hosp rate change,2,2026-03-07,22,pmf,increase,0.02
2026-02-21,wk flu hosp rate change,2,2026-03-07,22,pmf,large_decrease,0.001
2026-02-21,wk flu hosp rate change,2,2026-03-07,22,pmf,large_increase,0.001
2026-02-21,wk flu hosp rate change,2,2026-03-07,22,pmf,stable,0.121
2026-02-21,wk flu hosp rate change,2,2026-03-07,23,pmf,decrease,0.25
2026-02-21,wk flu hosp rate change,2,2026-03-07,23,pmf,increase,0.039
2026-02-21,wk flu hosp rate change,2,2026-03-07,23,pmf,large_decrease,0.001
2026-02-21,wk flu hosp rate change,2,2026-03-07,23,pmf,large_increase,0.001
2026-02-21,wk flu hosp rate change,2,2026-03-07,23,pmf,stable,0.7090000000000001
2026-02-21,wk flu hosp rate change,2,2026-03-07,24,pmf,decrease,0.357
2026-02-21,wk flu hosp rate change,2,2026-03-07,24,pmf,increase,0.055
2026-02-21,wk flu hosp rate change,2,2026-03-07,24,pmf,large_decrease,0.002
2026-02-21,wk flu hosp rate change,2,2026-03-07,24,pmf,large_increase,0.002
2026-02-21,wk flu hosp rate change,2,2026-03-07,24,pmf,stable,0.584
2026-02-21,wk flu hosp rate change,2,2026-03-07,25,pmf,decrease,0.711
2026-02-21,wk flu hosp rate change,2,2026-03-07,25,pmf,increase,0.007
2026-02-21,wk flu hosp rate change,2,2026-03-07,25,pmf,large_decrease,0.001
2026-02-21,wk flu hosp rate change,2,2026-03-07,25,pmf,large_increase,0.001
2026-02-21,wk flu hosp rate change,2,2026-03-07,25,pmf,stable,0.28
2026-02-21,wk flu hosp rate change,2,2026-03-07,26,pmf,decrease,0.427
2026-02-21,wk flu hosp rate change,2,2026-03-07,26,pmf,increase,0.023
2026-02-21,wk flu hosp rate change,2,2026-03-07,26,pmf,large_decrease,0.001
2026-02-21,wk flu hosp rate change,2,2026-03-07,26,pmf,large_increase,0.001
2026-02-21,wk flu hosp rate change,2,2026-03-07,26,pmf,stable,0.548
2026-02-21,wk flu hosp rate change,2,2026-03-07,27,pmf,decrease,0.807
2026-02-21,wk flu hosp rate change,2,2026-03-07,27,pmf,increase,0.085
2026-02-21,wk flu hosp rate change,2,2026-03-07,27,pmf,large_decrease,0.002
2026-02-21,wk flu hosp rate change,2,2026-03-07,27,pmf,large_increase,0.002
2026-02-21,wk flu hosp rate change,2,2026-03-07,27,pmf,stable,0.104
2026-02-21,wk flu hosp rate change,2,2026-03-07,28,pmf,decrease,0.468
2026-02-21,wk flu hosp rate change,2,2026-03-07,28,pmf,increase,0.175
2026-02-21,wk flu hosp rate change,2,2026-03-07,28,pmf,large_decrease,0.034
2026-02-21,wk flu hosp rate change,2,2026-03-07,28,pmf,large_increase,0.003
2026-02-21,wk flu hosp rate change,2,2026-03-07,28,pmf,stable,0.32
2026-02-21,wk flu hosp rate change,2,2026-03-07,30,pmf,decrease,0.7182817182817184
2026-02-21,wk flu hosp rate change,2,2026-03-07,30,pmf,increase,0.12687312687312688
2026-02-21,wk flu hosp rate change,2,2026-03-07,30,pmf,large_decrease,0.0019980019980019984
2026-02-21,wk flu hosp rate change,2,2026-03-07,30,pmf,large_increase,0.0019980019980019984
2026-02-21,wk flu hosp rate change,2,2026-03-07,30,pmf,stable,0.15084915084915085
2026-02-21,wk flu hosp rate change,2,2026-03-07,31,pmf,decrease,0.433
2026-02-21,wk flu hosp rate change,2,2026-03-07,31,pmf,increase,0.235
2026-02-21,wk flu hosp rate change,2,2026-03-07,31,pmf,large_decrease,0.002
2026-02-21,wk flu hosp rate change,2,2026-03-07,31,pmf,large_increase,0.004
2026-02-21,wk flu hosp rate change,2,2026-03-07,31,pmf,stable,0.326
2026-02-21,wk flu hosp rate change,2,2026-03-07,32,pmf,decrease,0.365
2026-02-21,wk flu hosp rate change,2,2026-03-07,32,pmf,increase,0.007
2026-02-21,wk flu hosp rate change,2,2026-03-07,32,pmf,large_decrease,0.001
2026-02-21,wk flu hosp rate change,2,2026-03-07,32,pmf,large_increase,0.001
2026-02-21,wk flu hosp rate change,2,2026-03-07,32,pmf,stable,0.626
2026-02-21,wk flu hosp rate change,2,2026-03-07,33,pmf,decrease,0.746
2026-02-21,wk flu hosp rate change,2,2026-03-07,33,pmf,increase,0.001
2026-02-21,wk flu hosp rate change,2,2026-03-07,33,pmf,large_decrease,0.001
2026-02-21,wk flu hosp rate change,2,2026-03-07,33,pmf,large_increase,0.001
2026-02-21,wk flu hosp rate change,2,2026-03-07,33,pmf,stable,0.251
2026-02-21,wk flu hosp rate change,2,2026-03-07,34,pmf,decrease,0.429
2026-02-21,wk flu hosp rate change,2,2026-03-07,34,pmf,increase,0.053
2026-02-21,wk flu hosp rate change,2,2026-03-07,34,pmf,large_decrease,0.001
2026-02-21,wk flu hosp rate change,2,2026-03-07,34,pmf,large_increase,0.001
2026-02-21,wk flu hosp rate change,2,2026-03-07,34,pmf,stable,0.516
2026-02-21,wk flu hosp rate change,2,2026-03-07,35,pmf,decrease,0.726
2026-02-21,wk flu hosp rate change,2,2026-03-07,35,pmf,increase,0.041
2026-02-21,wk flu hosp rate change,2,2026-03-07,35,pmf,large_decrease,0.001
2026-02-21,wk flu hosp rate change,2,2026-03-07,35,pmf,large_increase,0.001
2026-02-21,wk flu hosp rate change,2,2026-03-07,35,pmf,stable,0.231
2026-02-21,wk flu hosp rate change,2,2026-03-07,36,pmf,decrease,0.156
2026-02-21,wk flu hosp rate change,2,2026-03-07,36,pmf,increase,0.048
2026-02-21,wk flu hosp rate change,2,2026-03-07,36,pmf,large_decrease,0.001
2026-02-21,wk flu hosp rate change,2,2026-03-07,36,pmf,large_increase,0.001
2026-02-21,wk flu hosp rate change,2,2026-03-07,36,pmf,stable,0.794
2026-02-21,wk flu hosp rate change,2,2026-03-07,37,pmf,decrease,0.6973026973026973
2026-02-21,wk flu hosp rate change,2,2026-03-07,37,pmf,increase,0.03096903096903097
2026-02-21,wk flu hosp rate change,2,2026-03-07,37,pmf,large_decrease,0.0019980019980019984
2026-02-21,wk flu hosp rate change,2,2026-03-07,37,pmf,large_increase,0.0019980019980019984
2026-02-21,wk flu hosp rate change,2,2026-03-07,37,pmf,stable,0.26773226773226777
2026-02-21,wk flu hosp rate change,2,2026-03-07,38,pmf,decrease,0.429
2026-02-21,wk flu hosp rate change,2,2026-03-07,38,pmf,increase,0.042
2026-02-21,wk flu hosp rate change,2,2026-03-07,38,pmf,large_decrease,0.001
2026-02-21,wk flu hosp rate change,2,2026-03-07,38,pmf,large_increase,0.001
2026-02-21,wk flu hosp rate change,2,2026-03-07,38,pmf,stable,0.527
2026-02-21,wk flu hosp rate change,2,2026-03-07,39,pmf,decrease,0.718
2026-02-21,wk flu hosp rate change,2,2026-03-07,39,pmf,increase,0.04
2026-02-21,wk flu hosp rate change,2,2026-03-07,39,pmf,large_decrease,0.001
2026-02-21,wk flu hosp rate change,2,2026-03-07,39,pmf,large_increase,0.001
2026-02-21,wk flu hosp rate change,2,2026-03-07,39,pmf,stable,0.24
2026-02-21,wk flu hosp rate change,2,2026-03-07,40,pmf,decrease,0.821
2026-02-21,wk flu hosp rate change,2,2026-03-07,40,pmf,increase,0.006
2026-02-21,wk flu hosp rate change,2,2026-03-07,40,pmf,large_decrease,0.051
2026-02-21,wk flu hosp rate change,2,2026-03-07,40,pmf,large_increase,0.001
2026-02-21,wk flu hosp rate change,2,2026-03-07,40,pmf,stable,0.121
2026-02-21,wk flu hosp rate change,2,2026-03-07,41,pmf,decrease,0.693
2026-02-21,wk flu hosp rate change,2,2026-03-07,41,pmf,increase,0.041
2026-02-21,wk flu hosp rate change,2,2026-03-07,41,pmf,large_decrease,0.001
2026-02-21,wk flu hosp rate change,2,2026-03-07,41,pmf,large_increase,0.001
2026-02-21,wk flu hosp rate change,2,2026-03-07,41,pmf,stable,0.264
2026-02-21,wk flu hosp rate change,2,2026-03-07,42,pmf,decrease,0.3286713286713287
2026-02-21,wk flu hosp rate change,2,2026-03-07,42,pmf,increase,0.26173826173826176
2026-02-21,wk flu hosp rate change,2,2026-03-07,42,pmf,large_decrease,0.0019980019980019984
2026-02-21,wk flu hosp rate change,2,2026-03-07,42,pmf,large_increase,0.007992007992007994
2026-02-21,wk flu hosp rate change,2,2026-03-07,42,pmf,stable,0.39960039960039967
2026-02-21,wk flu hosp rate change,2,2026-03-07,44,pmf,decrease,0.23476523476523478
2026-02-21,wk flu hosp rate change,2,2026-03-07,44,pmf,increase,0.04595404595404596
2026-02-21,wk flu hosp rate change,2,2026-03-07,44,pmf,large_decrease,0.0019980019980019984
2026-02-21,wk flu hosp rate change,2,2026-03-07,44,pmf,large_increase,0.0019980019980019984
2026-02-21,wk flu hosp rate change,2,2026-03-07,44,pmf,stable,0.7152847152847154
2026-02-21,wk flu hosp rate change,2,2026-03-07,45,pmf,decrease,0.5954045954045954
2026-02-21,wk flu hosp rate change,2,2026-03-07,45,pmf,increase,0.04295704295704296
2026-02-21,wk flu hosp rate change,2,2026-03-07,45,pmf,large_decrease,0.0019980019980019984
2026-02-21,wk flu hosp rate change,2,2026-03-07,45,pmf,large_increase,0.0019980019980019984
2026-02-21,wk flu hosp rate change,2,2026-03-07,45,pmf,stable,0.3576423576423577
2026-02-21,wk flu hosp rate change,2,2026-03-07,46,pmf,decrease,0.84
2026-02-21,wk flu hosp rate change,2,2026-03-07,46,pmf,increase,0.001
2026-02-21,wk flu hosp rate change,2,2026-03-07,46,pmf,large_decrease,0.001
2026-02-21,wk flu hosp rate change,2,2026-03-07,46,pmf,large_increase,0.001
2026-02-21,wk flu hosp rate change,2,2026-03-07,46,pmf,stable,0.157
2026-02-21,wk flu hosp rate change,2,2026-03-07,47,pmf,decrease,0.501
2026-02-21,wk flu hosp rate change,2,2026-03-07,47,pmf,increase,0.09
2026-02-21,wk flu hosp rate change,2,2026-03-07,47,pmf,large_decrease,0.001
2026-02-21,wk flu hosp rate change,2,2026-03-07,47,pmf,large_increase,0.001
2026-02-21,wk flu hosp rate change,2,2026-03-07,47,pmf,stable,0.407
2026-02-21,wk flu hosp rate change,2,2026-03-07,48,pmf,decrease,0.765
2026-02-21,wk flu hosp rate change,2,2026-03-07,48,pmf,increase,0.045
2026-02-21,wk flu hosp rate change,2,2026-03-07,48,pmf,large_decrease,0.021
2026-02-21,wk flu hosp rate change,2,2026-03-07,48,pmf,large_increase,0.001
2026-02-21,wk flu hosp rate change,2,2026-03-07,48,pmf,stable,0.168
2026-02-21,wk flu hosp rate change,2,2026-03-07,49,pmf,decrease,0.491
2026-02-21,wk flu hosp rate change,2,2026-03-07,49,pmf,increase,0.044
2026-02-21,wk flu hosp rate change,2,2026-03-07,49,pmf,large_decrease,0.001
2026-02-21,wk flu hosp rate change,2,2026-03-07,49,pmf,large_increase,0.001
2026-02-21,wk flu hosp rate change,2,2026-03-07,49,pmf,stable,0.4629999999999999
2026-02-21,wk flu hosp rate change,2,2026-03-07,50,pmf,decrease,0.741
2026-02-21,wk flu hosp rate change,2,2026-03-07,50,pmf,increase,0.028
2026-02-21,wk flu hosp rate change,2,2026-03-07,50,pmf,large_decrease,0.001
2026-02-21,wk flu hosp rate change,2,2026-03-07,50,pmf,large_increase,0.001
2026-02-21,wk flu hosp rate change,2,2026-03-07,50,pmf,stable,0.229
2026-02-21,wk flu hosp rate change,2,2026-03-07,51,pmf,decrease,0.541
2026-02-21,wk flu hosp rate change,2,2026-03-07,51,pmf,increase,0.095
2026-02-21,wk flu hosp rate change,2,2026-03-07,51,pmf,large_decrease,0.001
2026-02-21,wk flu hosp rate change,2,2026-03-07,51,pmf,large_increase,0.01
2026-02-21,wk flu hosp rate change,2,2026-03-07,51,pmf,stable,0.353
2026-02-21,wk flu hosp rate change,2,2026-03-07,53,pmf,decrease,0.604
2026-02-21,wk flu hosp rate change,2,2026-03-07,53,pmf,increase,0.049
2026-02-21,wk flu hosp rate change,2,2026-03-07,53,pmf,large_decrease,0.001
2026-02-21,wk flu hosp rate change,2,2026-03-07,53,pmf,large_increase,0.001
2026-02-21,wk flu hosp rate change,2,2026-03-07,53,pmf,stable,0.345
2026-02-21,wk flu hosp rate change,2,2026-03-07,54,pmf,decrease,0.708
2026-02-21,wk flu hosp rate change,2,2026-03-07,54,pmf,increase,0.016
2026-02-21,wk flu hosp rate change,2,2026-03-07,54,pmf,large_decrease,0.002
2026-02-21,wk flu hosp rate change,2,2026-03-07,54,pmf,large_increase,0.002
2026-02-21,wk flu hosp rate change,2,2026-03-07,54,pmf,stable,0.272
2026-02-21,wk flu hosp rate change,2,2026-03-07,55,pmf,decrease,0.576
2026-02-21,wk flu hosp rate change,2,2026-03-07,55,pmf,increase,0.093
2026-02-21,wk flu hosp rate change,2,2026-03-07,55,pmf,large_decrease,0.001
2026-02-21,wk flu hosp rate change,2,2026-03-07,55,pmf,large_increase,0.001
2026-02-21,wk flu hosp rate change,2,2026-03-07,55,pmf,stable,0.3290000000000001
2026-02-21,wk flu hosp rate change,2,2026-03-07,56,pmf,decrease,0.35
2026-02-21,wk flu hosp rate change,2,2026-03-07,56,pmf,increase,0.001
2026-02-21,wk flu hosp rate change,2,2026-03-07,56,pmf,large_decrease,0.001
2026-02-21,wk flu hosp rate change,2,2026-03-07,56,pmf,large_increase,0.001
2026-02-21,wk flu hosp rate change,2,2026-03-07,56,pmf,stable,0.647
2026-02-21,wk flu hosp rate change,2,2026-03-07,US,pmf,decrease,0.687
2026-02-21,wk flu hosp rate change,2,2026-03-07,US,pmf,increase,0.005
2026-02-21,wk flu hosp rate change,2,2026-03-07,US,pmf,large_decrease,0.001
2026-02-21,wk flu hosp rate change,2,2026-03-07,US,pmf,large_increase,0.001
2026-02-21,wk flu hosp rate change,2,2026-03-07,US,pmf,stable,0.306
2026-02-21,wk flu hosp rate change,3,2026-03-14,01,pmf,decrease,0.496
2026-02-21,wk flu hosp rate change,3,2026-03-14,01,pmf,increase,0.132
2026-02-21,wk flu hosp rate change,3,2026-03-14,01,pmf,large_decrease,0.141
2026-02-21,wk flu hosp rate change,3,2026-03-14,01,pmf,large_increase,0.001
2026-02-21,wk flu hosp rate change,3,2026-03-14,01,pmf,stable,0.23
2026-02-21,wk flu hosp rate change,3,2026-03-14,02,pmf,decrease,0.4485514485514485
2026-02-21,wk flu hosp rate change,3,2026-03-14,02,pmf,increase,0.08491508491508491
2026-02-21,wk flu hosp rate change,3,2026-03-14,02,pmf,large_decrease,0.001998001998001998
2026-02-21,wk flu hosp rate change,3,2026-03-14,02,pmf,large_increase,0.001998001998001998
2026-02-21,wk flu hosp rate change,3,2026-03-14,02,pmf,stable,0.46253746253746253
2026-02-21,wk flu hosp rate change,3,2026-03-14,04,pmf,decrease,0.7612387612387612
2026-02-21,wk flu hosp rate change,3,2026-03-14,04,pmf,increase,0.010989010989010986
2026-02-21,wk flu hosp rate change,3,2026-03-14,04,pmf,large_decrease,0.0029970029970029966
2026-02-21,wk flu hosp rate change,3,2026-03-14,04,pmf,large_increase,0.0029970029970029966
2026-02-21,wk flu hosp rate change,3,2026-03-14,04,pmf,stable,0.22177822177822176
2026-02-21,wk flu hosp rate change,3,2026-03-14,05,pmf,decrease,0.849
2026-02-21,wk flu hosp rate change,3,2026-03-14,05,pmf,increase,0.004
2026-02-21,wk flu hosp rate change,3,2026-03-14,05,pmf,large_decrease,0.075
2026-02-21,wk flu hosp rate change,3,2026-03-14,05,pmf,large_increase,0.001
2026-02-21,wk flu hosp rate change,3,2026-03-14,05,pmf,stable,0.07100000000000012
2026-02-21,wk flu hosp rate change,3,2026-03-14,06,pmf,decrease,0.409
2026-02-21,wk flu hosp rate change,3,2026-03-14,06,pmf,increase,0.013
2026-02-21,wk flu hosp rate change,3,2026-03-14,06,pmf,large_decrease,0.001
2026-02-21,wk flu hosp rate change,3,2026-03-14,06,pmf,large_increase,0.001
2026-02-21,wk flu hosp rate change,3,2026-03-14,06,pmf,stable,0.5760000000000001
2026-02-21,wk flu hosp rate change,3,2026-03-14,08,pmf,decrease,0.256
2026-02-21,wk flu hosp rate change,3,2026-03-14,08,pmf,increase,0.008
2026-02-21,wk flu hosp rate change,3,2026-03-14,08,pmf,large_decrease,0.001
2026-02-21,wk flu hosp rate change,3,2026-03-14,08,pmf,large_increase,0.001
2026-02-21,wk flu hosp rate change,3,2026-03-14,08,pmf,stable,0.734
2026-02-21,wk flu hosp rate change,3,2026-03-14,09,pmf,decrease,0.6243756243756244
2026-02-21,wk flu hosp rate change,3,2026-03-14,09,pmf,increase,0.01098901098901099
2026-02-21,wk flu hosp rate change,3,2026-03-14,09,pmf,large_decrease,0.0019980019980019984
2026-02-21,wk flu hosp rate change,3,2026-03-14,09,pmf,large_increase,0.0019980019980019984
2026-02-21,wk flu hosp rate change,3,2026-03-14,09,pmf,stable,0.36063936063936064
2026-02-21,wk flu hosp rate change,3,2026-03-14,10,pmf,decrease,0.817
2026-02-21,wk flu hosp rate change,3,2026-03-14,10,pmf,increase,0.014
2026-02-21,wk flu hosp rate change,3,2026-03-14,10,pmf,large_decrease,0.001
2026-02-21,wk flu hosp rate change,3,2026-03-14,10,pmf,large_increase,0.001
2026-02-21,wk flu hosp rate change,3,2026-03-14,10,pmf,stable,0.167
2026-02-21,wk flu hosp rate change,3,2026-03-14,11,pmf,decrease,0.001
2026-02-21,wk flu hosp rate change,3,2026-03-14,11,pmf,increase,0.073
2026-02-21,wk flu hosp rate change,3,2026-03-14,11,pmf,large_decrease,0.001
2026-02-21,wk flu hosp rate change,3,2026-03-14,11,pmf,large_increase,0.001
2026-02-21,wk flu hosp rate change,3,2026-03-14,11,pmf,stable,0.924
2026-02-21,wk flu hosp rate change,3,2026-03-14,12,pmf,decrease,0.797
2026-02-21,wk flu hosp rate change,3,2026-03-14,12,pmf,increase,0.006
2026-02-21,wk flu hosp rate change,3,2026-03-14,12,pmf,large_decrease,0.001
2026-02-21,wk flu hosp rate change,3,2026-03-14,12,pmf,large_increase,0.001
2026-02-21,wk flu hosp rate change,3,2026-03-14,12,pmf,stable,0.1949999999999999
2026-02-21,wk flu hosp rate change,3,2026-03-14,13,pmf,decrease,0.369
2026-02-21,wk flu hosp rate change,3,2026-03-14,13,pmf,increase,0.041
2026-02-21,wk flu hosp rate change,3,2026-03-14,13,pmf,large_decrease,0.001
2026-02-21,wk flu hosp rate change,3,2026-03-14,13,pmf,large_increase,0.001
2026-02-21,wk flu hosp rate change,3,2026-03-14,13,pmf,stable,0.588
2026-02-21,wk flu hosp rate change,3,2026-03-14,15,pmf,decrease,0.273
2026-02-21,wk flu hosp rate change,3,2026-03-14,15,pmf,increase,0.334
2026-02-21,wk flu hosp rate change,3,2026-03-14,15,pmf,large_decrease,0.002
2026-02-21,wk flu hosp rate change,3,2026-03-14,15,pmf,large_increase,0.037
2026-02-21,wk flu hosp rate change,3,2026-03-14,15,pmf,stable,0.354
2026-02-21,wk flu hosp rate change,3,2026-03-14,16,pmf,decrease,0.401
2026-02-21,wk flu hosp rate change,3,2026-03-14,16,pmf,increase,0.025
2026-02-21,wk flu hosp rate change,3,2026-03-14,16,pmf,large_decrease,0.001
2026-02-21,wk flu hosp rate change,3,2026-03-14,16,pmf,large_increase,0.001
2026-02-21,wk flu hosp rate change,3,2026-03-14,16,pmf,stable,0.572
2026-02-21,wk flu hosp rate change,3,2026-03-14,17,pmf,decrease,0.6103896103896105
2026-02-21,wk flu hosp rate change,3,2026-03-14,17,pmf,increase,0.08691308691308691
2026-02-21,wk flu hosp rate change,3,2026-03-14,17,pmf,large_decrease,0.0019980019980019984
2026-02-21,wk flu hosp rate change,3,2026-03-14,17,pmf,large_increase,0.0019980019980019984
2026-02-21,wk flu hosp rate change,3,2026-03-14,17,pmf,stable,0.29870129870129875
2026-02-21,wk flu hosp rate change,3,2026-03-14,18,pmf,decrease,0.862
2026-02-21,wk flu hosp rate change,3,2026-03-14,18,pmf,increase,0.014
2026-02-21,wk flu hosp rate change,3,2026-03-14,18,pmf,large_decrease,0.001
2026-02-21,wk flu hosp rate change,3,2026-03-14,18,pmf,large_increase,0.001
2026-02-21,wk flu hosp rate change,3,2026-03-14,18,pmf,stable,0.122
2026-02-21,wk flu hosp rate change,3,2026-03-14,19,pmf,decrease,0.875
2026-02-21,wk flu hosp rate change,3,2026-03-14,19,pmf,increase,0.001
2026-02-21,wk flu hosp rate change,3,2026-03-14,19,pmf,large_decrease,0.001
2026-02-21,wk flu hosp rate change,3,2026-03-14,19,pmf,large_increase,0.001
2026-02-21,wk flu hosp rate change,3,2026-03-14,19,pmf,stable,0.122
2026-02-21,wk flu hosp rate change,3,2026-03-14,20,pmf,decrease,0.6483516483516485
2026-02-21,wk flu hosp rate change,3,2026-03-14,20,pmf,increase,0.012987012987012988
2026-02-21,wk flu hosp rate change,3,2026-03-14,20,pmf,large_decrease,0.08691308691308691
2026-02-21,wk flu hosp rate change,3,2026-03-14,20,pmf,large_increase,0.0019980019980019984
2026-02-21,wk flu hosp rate change,3,2026-03-14,20,pmf,stable,0.2497502497502498
2026-02-21,wk flu hosp rate change,3,2026-03-14,21,pmf,decrease,0.844
2026-02-21,wk flu hosp rate change,3,2026-03-14,21,pmf,increase,0.02
2026-02-21,wk flu hosp rate change,3,2026-03-14,21,pmf,large_decrease,0.001
2026-02-21,wk flu hosp rate change,3,2026-03-14,21,pmf,large_increase,0.001
2026-02-21,wk flu hosp rate change,3,2026-03-14,21,pmf,stable,0.134
2026-02-21,wk flu hosp rate change,3,2026-03-14,22,pmf,decrease,0.898
2026-02-21,wk flu hosp rate change,3,2026-03-14,22,pmf,increase,0.005
2026-02-21,wk flu hosp rate change,3,2026-03-14,22,pmf,large_decrease,0.001
2026-02-21,wk flu hosp rate change,3,2026-03-14,22,pmf,large_increase,0.001
2026-02-21,wk flu hosp rate change,3,2026-03-14,22,pmf,stable,0.095
2026-02-21,wk flu hosp rate change,3,2026-03-14,23,pmf,decrease,0.242
2026-02-21,wk flu hosp rate change,3,2026-03-14,23,pmf,increase,0.013
2026-02-21,wk flu hosp rate change,3,2026-03-14,23,pmf,large_decrease,0.001
2026-02-21,wk flu hosp rate change,3,2026-03-14,23,pmf,large_increase,0.001
2026-02-21,wk flu hosp rate change,3,2026-03-14,23,pmf,stable,0.743
2026-02-21,wk flu hosp rate change,3,2026-03-14,24,pmf,decrease,0.15684315684315683
2026-02-21,wk flu hosp rate change,3,2026-03-14,24,pmf,increase,0.03896103896103895
2026-02-21,wk flu hosp rate change,3,2026-03-14,24,pmf,large_decrease,0.001998001998001998
2026-02-21,wk flu hosp rate change,3,2026-03-14,24,pmf,large_increase,0.001998001998001998
2026-02-21,wk flu hosp rate change,3,2026-03-14,24,pmf,stable,0.8001998001998002
2026-02-21,wk flu hosp rate change,3,2026-03-14,25,pmf,decrease,0.399
2026-02-21,wk flu hosp rate change,3,2026-03-14,25,pmf,increase,0.007
2026-02-21,wk flu hosp rate change,3,2026-03-14,25,pmf,large_decrease,0.001
2026-02-21,wk flu hosp rate change,3,2026-03-14,25,pmf,large_increase,0.001
2026-02-21,wk flu hosp rate change,3,2026-03-14,25,pmf,stable,0.592
2026-02-21,wk flu hosp rate change,3,2026-03-14,26,pmf,decrease,0.352
2026-02-21,wk flu hosp rate change,3,2026-03-14,26,pmf,increase,0.007
2026-02-21,wk flu hosp rate change,3,2026-03-14,26,pmf,large_decrease,0.001
2026-02-21,wk flu hosp rate change,3,2026-03-14,26,pmf,large_increase,0.001
2026-02-21,wk flu hosp rate change,3,2026-03-14,26,pmf,stable,0.639
2026-02-21,wk flu hosp rate change,3,2026-03-14,27,pmf,decrease,0.92
2026-02-21,wk flu hosp rate change,3,2026-03-14,27,pmf,increase,0.005
2026-02-21,wk flu hosp rate change,3,2026-03-14,27,pmf,large_decrease,0.002
2026-02-21,wk flu hosp rate change,3,2026-03-14,27,pmf,large_increase,0.002
2026-02-21,wk flu hosp rate change,3,2026-03-14,27,pmf,stable,0.071
2026-02-21,wk flu hosp rate change,3,2026-03-14,28,pmf,decrease,0.556
2026-02-21,wk flu hosp rate change,3,2026-03-14,28,pmf,increase,0.072
2026-02-21,wk flu hosp rate change,3,2026-03-14,28,pmf,large_decrease,0.029
2026-02-21,wk flu hosp rate change,3,2026-03-14,28,pmf,large_increase,0.002
2026-02-21,wk flu hosp rate change,3,2026-03-14,28,pmf,stable,0.3409999999999999
2026-02-21,wk flu hosp rate change,3,2026-03-14,30,pmf,decrease,0.962
2026-02-21,wk flu hosp rate change,3,2026-03-14,30,pmf,increase,0.004
2026-02-21,wk flu hosp rate change,3,2026-03-14,30,pmf,large_decrease,0.001
2026-02-21,wk flu hosp rate change,3,2026-03-14,30,pmf,large_increase,0.001
2026-02-21,wk flu hosp rate change,3,2026-03-14,30,pmf,stable,0.032
2026-02-21,wk flu hosp rate change,3,2026-03-14,31,pmf,decrease,0.523
2026-02-21,wk flu hosp rate change,3,2026-03-14,31,pmf,increase,0.112
2026-02-21,wk flu hosp rate change,3,2026-03-14,31,pmf,large_decrease,0.002
2026-02-21,wk flu hosp rate change,3,2026-03-14,31,pmf,large_increase,0.002
2026-02-21,wk flu hosp rate change,3,2026-03-14,31,pmf,stable,0.361
2026-02-21,wk flu hosp rate change,3,2026-03-14,32,pmf,decrease,0.299
2026-02-21,wk flu hosp rate change,3,2026-03-14,32,pmf,increase,0.001
2026-02-21,wk flu hosp rate change,3,2026-03-14,32,pmf,large_decrease,0.001
2026-02-21,wk flu hosp rate change,3,2026-03-14,32,pmf,large_increase,0.001
2026-02-21,wk flu hosp rate change,3,2026-03-14,32,pmf,stable,0.6980000000000001
2026-02-21,wk flu hosp rate change,3,2026-03-14,33,pmf,decrease,0.68
2026-02-21,wk flu hosp rate change,3,2026-03-14,33,pmf,increase,0.001
2026-02-21,wk flu hosp rate change,3,2026-03-14,33,pmf,large_decrease,0.001
2026-02-21,wk flu hosp rate change,3,2026-03-14,33,pmf,large_increase,0.001
2026-02-21,wk flu hosp rate change,3,2026-03-14,33,pmf,stable,0.317
2026-02-21,wk flu hosp rate change,3,2026-03-14,34,pmf,decrease,0.265
2026-02-21,wk flu hosp rate change,3,2026-03-14,34,pmf,increase,0.055
2026-02-21,wk flu hosp rate change,3,2026-03-14,34,pmf,large_decrease,0.001
2026-02-21,wk flu hosp rate change,3,2026-03-14,34,pmf,large_increase,0.001
2026-02-21,wk flu hosp rate change,3,2026-03-14,34,pmf,stable,0.6779999999999999
2026-02-21,wk flu hosp rate change,3,2026-03-14,35,pmf,decrease,0.727
2026-02-21,wk flu hosp rate change,3,2026-03-14,35,pmf,increase,0.006
2026-02-21,wk flu hosp rate change,3,2026-03-14,35,pmf,large_decrease,0.001
2026-02-21,wk flu hosp rate change,3,2026-03-14,35,pmf,large_increase,0.001
2026-02-21,wk flu hosp rate change,3,2026-03-14,35,pmf,stable,0.265
2026-02-21,wk flu hosp rate change,3,2026-03-14,36,pmf,decrease,0.001
2026-02-21,wk flu hosp rate change,3,2026-03-14,36,pmf,increase,0.015
2026-02-21,wk flu hosp rate change,3,2026-03-14,36,pmf,large_decrease,0.001
2026-02-21,wk flu hosp rate change,3,2026-03-14,36,pmf,large_increase,0.001
2026-02-21,wk flu hosp rate change,3,2026-03-14,36,pmf,stable,0.982
2026-02-21,wk flu hosp rate change,3,2026-03-14,37,pmf,decrease,0.5504495504495505
2026-02-21,wk flu hosp rate change,3,2026-03-14,37,pmf,increase,0.02697302697302697
2026-02-21,wk flu hosp rate change,3,2026-03-14,37,pmf,large_decrease,0.001998001998001998
2026-02-21,wk flu hosp rate change,3,2026-03-14,37,pmf,large_increase,0.001998001998001998
2026-02-21,wk flu hosp rate change,3,2026-03-14,37,pmf,stable,0.4185814185814185
2026-02-21,wk flu hosp rate change,3,2026-03-14,38,pmf,decrease,0.39
2026-02-21,wk flu hosp rate change,3,2026-03-14,38,pmf,increase,0.044
2026-02-21,wk flu hosp rate change,3,2026-03-14,38,pmf,large_decrease,0.001
2026-02-21,wk flu hosp rate change,3,2026-03-14,38,pmf,large_increase,0.001
2026-02-21,wk flu hosp rate change,3,2026-03-14,38,pmf,stable,0.5640000000000001
2026-02-21,wk flu hosp rate change,3,2026-03-14,39,pmf,decrease,0.668
2026-02-21,wk flu hosp rate change,3,2026-03-14,39,pmf,increase,0.012
2026-02-21,wk flu hosp rate change,3,2026-03-14,39,pmf,large_decrease,0.001
2026-02-21,wk flu hosp rate change,3,2026-03-14,39,pmf,large_increase,0.001
2026-02-21,wk flu hosp rate change,3,2026-03-14,39,pmf,stable,0.3179999999999999
2026-02-21,wk flu hosp rate change,3,2026-03-14,40,pmf,decrease,0.921
2026-02-21,wk flu hosp rate change,3,2026-03-14,40,pmf,increase,0.004
2026-02-21,wk flu hosp rate change,3,2026-03-14,40,pmf,large_decrease,0.001
2026-02-21,wk flu hosp rate change,3,2026-03-14,40,pmf,large_increase,0.001
2026-02-21,wk flu hosp rate change,3,2026-03-14,40,pmf,stable,0.073
2026-02-21,wk flu hosp rate change,3,2026-03-14,41,pmf,decrease,0.8171828171828173
2026-02-21,wk flu hosp rate change,3,2026-03-14,41,pmf,increase,0.013986013986013988
2026-02-21,wk flu hosp rate change,3,2026-03-14,41,pmf,large_decrease,0.0019980019980019984
2026-02-21,wk flu hosp rate change,3,2026-03-14,41,pmf,large_increase,0.0019980019980019984
2026-02-21,wk flu hosp rate change,3,2026-03-14,41,pmf,stable,0.16483516483516486
2026-02-21,wk flu hosp rate change,3,2026-03-14,42,pmf,decrease,0.22
2026-02-21,wk flu hosp rate change,3,2026-03-14,42,pmf,increase,0.233
2026-02-21,wk flu hosp rate change,3,2026-03-14,42,pmf,large_decrease,0.002
2026-02-21,wk flu hosp rate change,3,2026-03-14,42,pmf,large_increase,0.003
2026-02-21,wk flu hosp rate change,3,2026-03-14,42,pmf,stable,0.542
2026-02-21,wk flu hosp rate change,3,2026-03-14,44,pmf,decrease,0.001
2026-02-21,wk flu hosp rate change,3,2026-03-14,44,pmf,increase,0.034
2026-02-21,wk flu hosp rate change,3,2026-03-14,44,pmf,large_decrease,0.001
2026-02-21,wk flu hosp rate change,3,2026-03-14,44,pmf,large_increase,0.001
2026-02-21,wk flu hosp rate change,3,2026-03-14,44,pmf,stable,0.963
2026-02-21,wk flu hosp rate change,3,2026-03-14,45,pmf,decrease,0.5394605394605394
2026-02-21,wk flu hosp rate change,3,2026-03-14,45,pmf,increase,0.02597402597402597
2026-02-21,wk flu hosp rate change,3,2026-03-14,45,pmf,large_decrease,0.001998001998001998
2026-02-21,wk flu hosp rate change,3,2026-03-14,45,pmf,large_increase,0.001998001998001998
2026-02-21,wk flu hosp rate change,3,2026-03-14,45,pmf,stable,0.43056943056943053
2026-02-21,wk flu hosp rate change,3,2026-03-14,46,pmf,decrease,0.892
2026-02-21,wk flu hosp rate change,3,2026-03-14,46,pmf,increase,0.001
2026-02-21,wk flu hosp rate change,3,2026-03-14,46,pmf,large_decrease,0.001
2026-02-21,wk flu hosp rate change,3,2026-03-14,46,pmf,large_increase,0.001
2026-02-21,wk flu hosp rate change,3,2026-03-14,46,pmf,stable,0.105
2026-02-21,wk flu hosp rate change,3,2026-03-14,47,pmf,decrease,0.408
2026-02-21,wk flu hosp rate change,3,2026-03-14,47,pmf,increase,0.033
2026-02-21,wk flu hosp rate change,3,2026-03-14,47,pmf,large_decrease,0.001
2026-02-21,wk flu hosp rate change,3,2026-03-14,47,pmf,large_increase,0.001
2026-02-21,wk flu hosp rate change,3,2026-03-14,47,pmf,stable,0.557
2026-02-21,wk flu hosp rate change,3,2026-03-14,48,pmf,decrease,0.829
2026-02-21,wk flu hosp rate change,3,2026-03-14,48,pmf,increase,0.014
2026-02-21,wk flu hosp rate change,3,2026-03-14,48,pmf,large_decrease,0.001
2026-02-21,wk flu hosp rate change,3,2026-03-14,48,pmf,large_increase,0.001
2026-02-21,wk flu hosp rate change,3,2026-03-14,48,pmf,stable,0.155
2026-02-21,wk flu hosp rate change,3,2026-03-14,49,pmf,decrease,0.504
2026-02-21,wk flu hosp rate change,3,2026-03-14,49,pmf,increase,0.015
2026-02-21,wk flu hosp rate change,3,2026-03-14,49,pmf,large_decrease,0.001
2026-02-21,wk flu hosp rate change,3,2026-03-14,49,pmf,large_increase,0.001
2026-02-21,wk flu hosp rate change,3,2026-03-14,49,pmf,stable,0.479
2026-02-21,wk flu hosp rate change,3,2026-03-14,50,pmf,decrease,0.693
2026-02-21,wk flu hosp rate change,3,2026-03-14,50,pmf,increase,0.036
2026-02-21,wk flu hosp rate change,3,2026-03-14,50,pmf,large_decrease,0.001
2026-02-21,wk flu hosp rate change,3,2026-03-14,50,pmf,large_increase,0.001
2026-02-21,wk flu hosp rate change,3,2026-03-14,50,pmf,stable,0.269
2026-02-21,wk flu hosp rate change,3,2026-03-14,51,pmf,decrease,0.39
2026-02-21,wk flu hosp rate change,3,2026-03-14,51,pmf,increase,0.107
2026-02-21,wk flu hosp rate change,3,2026-03-14,51,pmf,large_decrease,0.001
2026-02-21,wk flu hosp rate change,3,2026-03-14,51,pmf,large_increase,0.004
2026-02-21,wk flu hosp rate change,3,2026-03-14,51,pmf,stable,0.498
2026-02-21,wk flu hosp rate change,3,2026-03-14,53,pmf,decrease,0.668
2026-02-21,wk flu hosp rate change,3,2026-03-14,53,pmf,increase,0.037
2026-02-21,wk flu hosp rate change,3,2026-03-14,53,pmf,large_decrease,0.001
2026-02-21,wk flu hosp rate change,3,2026-03-14,53,pmf,large_increase,0.001
2026-02-21,wk flu hosp rate change,3,2026-03-14,53,pmf,stable,0.293
2026-02-21,wk flu hosp rate change,3,2026-03-14,54,pmf,decrease,0.627
2026-02-21,wk flu hosp rate change,3,2026-03-14,54,pmf,increase,0.009
2026-02-21,wk flu hosp rate change,3,2026-03-14,54,pmf,large_decrease,0.001
2026-02-21,wk flu hosp rate change,3,2026-03-14,54,pmf,large_increase,0.001
2026-02-21,wk flu hosp rate change,3,2026-03-14,54,pmf,stable,0.362
2026-02-21,wk flu hosp rate change,3,2026-03-14,55,pmf,decrease,0.587
2026-02-21,wk flu hosp rate change,3,2026-03-14,55,pmf,increase,0.06
2026-02-21,wk flu hosp rate change,3,2026-03-14,55,pmf,large_decrease,0.001
2026-02-21,wk flu hosp rate change,3,2026-03-14,55,pmf,large_increase,0.001
2026-02-21,wk flu hosp rate change,3,2026-03-14,55,pmf,stable,0.351
2026-02-21,wk flu hosp rate change,3,2026-03-14,56,pmf,decrease,0.281
2026-02-21,wk flu hosp rate change,3,2026-03-14,56,pmf,increase,0.001
2026-02-21,wk flu hosp rate change,3,2026-03-14,56,pmf,large_decrease,0.001
2026-02-21,wk flu hosp rate change,3,2026-03-14,56,pmf,large_increase,0.001
2026-02-21,wk flu hosp rate change,3,2026-03-14,56,pmf,stable,0.716
2026-02-21,wk flu hosp rate change,3,2026-03-14,US,pmf,decrease,0.635
2026-02-21,wk flu hosp rate change,3,2026-03-14,US,pmf,increase,0.004
2026-02-21,wk flu hosp rate change,3,2026-03-14,US,pmf,large_decrease,0.001
2026-02-21,wk flu hosp rate change,3,2026-03-14,US,pmf,large_increase,0.001
2026-02-21,wk flu hosp rate change,3,2026-03-14,US,pmf,stable,0.359
2026-02-21,wk inc flu hosp,0,2026-02-21,01,quantile,0.01,126.0
2026-02-21,wk inc flu hosp,0,2026-02-21,01,quantile,0.025,160.0
2026-02-21,wk inc flu hosp,0,2026-02-21,01,quantile,0.05,194.0
2026-02-21,wk inc flu hosp,0,2026-02-21,01,quantile,0.1,225.0
2026-02-21,wk inc flu hosp,0,2026-02-21,01,quantile,0.15,249.0
2026-02-21,wk inc flu hosp,0,2026-02-21,01,quantile,0.2,267.0
2026-02-21,wk inc flu hosp,0,2026-02-21,01,quantile,0.25,283.0
2026-02-21,wk inc flu hosp,0,2026-02-21,01,quantile,0.3,302.0
2026-02-21,wk inc flu hosp,0,2026-02-21,01,quantile,0.35,315.0
2026-02-21,wk inc flu hosp,0,2026-02-21,01,quantile,0.4,329.0
2026-02-21,wk inc flu hosp,0,2026-02-21,01,quantile,0.45,342.0
2026-02-21,wk inc flu hosp,0,2026-02-21,01,quantile,0.5,355.0
2026-02-21,wk inc flu hosp,0,2026-02-21,01,quantile,0.55,366.0
2026-02-21,wk inc flu hosp,0,2026-02-21,01,quantile,0.6,382.0
2026-02-21,wk inc flu hosp,0,2026-02-21,01,quantile,0.65,388.0
2026-02-21,wk inc flu hosp,0,2026-02-21,01,quantile,0.7,394.0
2026-02-21,wk inc flu hosp,0,2026-02-21,01,quantile,0.75,402.0
2026-02-21,wk inc flu hosp,0,2026-02-21,01,quantile,0.8,412.0
2026-02-21,wk inc flu hosp,0,2026-02-21,01,quantile,0.85,422.0
2026-02-21,wk inc flu hosp,0,2026-02-21,01,quantile,0.9,435.0
2026-02-21,wk inc flu hosp,0,2026-02-21,01,quantile,0.95,454.0
2026-02-21,wk inc flu hosp,0,2026-02-21,01,quantile,0.975,467.0
2026-02-21,wk inc flu hosp,0,2026-02-21,01,quantile,0.99,482.0
2026-02-21,wk inc flu hosp,0,2026-02-21,02,quantile,0.01,4.0
2026-02-21,wk inc flu hosp,0,2026-02-21,02,quantile,0.025,5.0
2026-02-21,wk inc flu hosp,0,2026-02-21,02,quantile,0.05,6.0
2026-02-21,wk inc flu hosp,0,2026-02-21,02,quantile,0.1,8.0
2026-02-21,wk inc flu hosp,0,2026-02-21,02,quantile,0.15,9.0
2026-02-21,wk inc flu hosp,0,2026-02-21,02,quantile,0.2,10.0
2026-02-21,wk inc flu hosp,0,2026-02-21,02,quantile,0.25,11.0
2026-02-21,wk inc flu hosp,0,2026-02-21,02,quantile,0.3,11.0
2026-02-21,wk inc flu hosp,0,2026-02-21,02,quantile,0.35,12.0
2026-02-21,wk inc flu hosp,0,2026-02-21,02,quantile,0.4,13.0
2026-02-21,wk inc flu hosp,0,2026-02-21,02,quantile,0.45,13.0
2026-02-21,wk inc flu hosp,0,2026-02-21,02,quantile,0.5,14.0
2026-02-21,wk inc flu hosp,0,2026-02-21,02,quantile,0.55,14.0
2026-02-21,wk inc flu hosp,0,2026-02-21,02,quantile,0.6,15.0
2026-02-21,wk inc flu hosp,0,2026-02-21,02,quantile,0.65,15.0
2026-02-21,wk inc flu hosp,0,2026-02-21,02,quantile,0.7,15.0
2026-02-21,wk inc flu hosp,0,2026-02-21,02,quantile,0.75,16.0
2026-02-21,wk inc flu hosp,0,2026-02-21,02,quantile,0.8,16.0
2026-02-21,wk inc flu hosp,0,2026-02-21,02,quantile,0.85,17.0
2026-02-21,wk inc flu hosp,0,2026-02-21,02,quantile,0.9,18.0
2026-02-21,wk inc flu hosp,0,2026-02-21,02,quantile,0.95,19.0
2026-02-21,wk inc flu hosp,0,2026-02-21,02,quantile,0.975,20.0
2026-02-21,wk inc flu hosp,0,2026-02-21,02,quantile,0.99,21.0
2026-02-21,wk inc flu hosp,0,2026-02-21,04,quantile,0.01,151.0
2026-02-21,wk inc flu hosp,0,2026-02-21,04,quantile,0.025,167.0
2026-02-21,wk inc flu hosp,0,2026-02-21,04,quantile,0.05,185.0
2026-02-21,wk inc flu hosp,0,2026-02-21,04,quantile,0.1,201.0
2026-02-21,wk inc flu hosp,0,2026-02-21,04,quantile,0.15,212.0
2026-02-21,wk inc flu hosp,0,2026-02-21,04,quantile,0.2,220.0
2026-02-21,wk inc flu hosp,0,2026-02-21,04,quantile,0.25,227.0
2026-02-21,wk inc flu hosp,0,2026-02-21,04,quantile,0.3,234.0
2026-02-21,wk inc flu hosp,0,2026-02-21,04,quantile,0.35,240.0
2026-02-21,wk inc flu hosp,0,2026-02-21,04,quantile,0.4,246.0
2026-02-21,wk inc flu hosp,0,2026-02-21,04,quantile,0.45,252.0
2026-02-21,wk inc flu hosp,0,2026-02-21,04,quantile,0.5,257.0
2026-02-21,wk inc flu hosp,0,2026-02-21,04,quantile,0.55,264.0
2026-02-21,wk inc flu hosp,0,2026-02-21,04,quantile,0.6,270.0
2026-02-21,wk inc flu hosp,0,2026-02-21,04,quantile,0.65,276.0
2026-02-21,wk inc flu hosp,0,2026-02-21,04,quantile,0.7,282.0
2026-02-21,wk inc flu hosp,0,2026-02-21,04,quantile,0.75,289.0
2026-02-21,wk inc flu hosp,0,2026-02-21,04,quantile,0.8,297.0
2026-02-21,wk inc flu hosp,0,2026-02-21,04,quantile,0.85,306.0
2026-02-21,wk inc flu hosp,0,2026-02-21,04,quantile,0.9,319.0
2026-02-21,wk inc flu hosp,0,2026-02-21,04,quantile,0.95,337.0
2026-02-21,wk inc flu hosp,0,2026-02-21,04,quantile,0.975,356.0
2026-02-21,wk inc flu hosp,0,2026-02-21,04,quantile,0.99,368.0
2026-02-21,wk inc flu hosp,0,2026-02-21,05,quantile,0.01,56.0
2026-02-21,wk inc flu hosp,0,2026-02-21,05,quantile,0.025,72.0
2026-02-21,wk inc flu hosp,0,2026-02-21,05,quantile,0.05,83.0
2026-02-21,wk inc flu hosp,0,2026-02-21,05,quantile,0.1,96.0
2026-02-21,wk inc flu hosp,0,2026-02-21,05,quantile,0.15,107.0
2026-02-21,wk inc flu hosp,0,2026-02-21,05,quantile,0.2,113.0
2026-02-21,wk inc flu hosp,0,2026-02-21,05,quantile,0.25,120.0
2026-02-21,wk inc flu hosp,0,2026-02-21,05,quantile,0.3,125.0
2026-02-21,wk inc flu hosp,0,2026-02-21,05,quantile,0.35,131.0
2026-02-21,wk inc flu hosp,0,2026-02-21,05,quantile,0.4,137.0
2026-02-21,wk inc flu hosp,0,2026-02-21,05,quantile,0.45,142.0
2026-02-21,wk inc flu hosp,0,2026-02-21,05,quantile,0.5,146.0
2026-02-21,wk inc flu hosp,0,2026-02-21,05,quantile,0.55,148.0
2026-02-21,wk inc flu hosp,0,2026-02-21,05,quantile,0.6,151.0
2026-02-21,wk inc flu hosp,0,2026-02-21,05,quantile,0.65,153.0
2026-02-21,wk inc flu hosp,0,2026-02-21,05,quantile,0.7,155.0
2026-02-21,wk inc flu hosp,0,2026-02-21,05,quantile,0.75,159.0
2026-02-21,wk inc flu hosp,0,2026-02-21,05,quantile,0.8,162.0
2026-02-21,wk inc flu hosp,0,2026-02-21,05,quantile,0.85,165.0
2026-02-21,wk inc flu hosp,0,2026-02-21,05,quantile,0.9,170.0
2026-02-21,wk inc flu hosp,0,2026-02-21,05,quantile,0.95,177.0
2026-02-21,wk inc flu hosp,0,2026-02-21,05,quantile,0.975,182.0
2026-02-21,wk inc flu hosp,0,2026-02-21,05,quantile,0.99,188.0
2026-02-21,wk inc flu hosp,0,2026-02-21,06,quantile,0.01,706.0
2026-02-21,wk inc flu hosp,0,2026-02-21,06,quantile,0.025,818.0
2026-02-21,wk inc flu hosp,0,2026-02-21,06,quantile,0.05,920.0
2026-02-21,wk inc flu hosp,0,2026-02-21,06,quantile,0.1,1034.0
2026-02-21,wk inc flu hosp,0,2026-02-21,06,quantile,0.15,1115.0
2026-02-21,wk inc flu hosp,0,2026-02-21,06,quantile,0.2,1162.0
2026-02-21,wk inc flu hosp,0,2026-02-21,06,quantile,0.25,1203.0
2026-02-21,wk inc flu hosp,0,2026-02-21,06,quantile,0.3,1247.0
2026-02-21,wk inc flu hosp,0,2026-02-21,06,quantile,0.35,1287.0
2026-02-21,wk inc flu hosp,0,2026-02-21,06,quantile,0.4,1324.0
2026-02-21,wk inc flu hosp,0,2026-02-21,06,quantile,0.45,1358.0
2026-02-21,wk inc flu hosp,0,2026-02-21,06,quantile,0.5,1391.0
2026-02-21,wk inc flu hosp,0,2026-02-21,06,quantile,0.55,1422.0
2026-02-21,wk inc flu hosp,0,2026-02-21,06,quantile,0.6,1458.0
2026-02-21,wk inc flu hosp,0,2026-02-21,06,quantile,0.65,1496.0
2026-02-21,wk inc flu hosp,0,2026-02-21,06,quantile,0.7,1530.0
2026-02-21,wk inc flu hosp,0,2026-02-21,06,quantile,0.75,1567.0
2026-02-21,wk inc flu hosp,0,2026-02-21,06,quantile,0.8,1620.0
2026-02-21,wk inc flu hosp,0,2026-02-21,06,quantile,0.85,1675.0
2026-02-21,wk inc flu hosp,0,2026-02-21,06,quantile,0.9,1720.0
2026-02-21,wk inc flu hosp,0,2026-02-21,06,quantile,0.95,1787.0
2026-02-21,wk inc flu hosp,0,2026-02-21,06,quantile,0.975,1840.0
2026-02-21,wk inc flu hosp,0,2026-02-21,06,quantile,0.99,1889.0
2026-02-21,wk inc flu hosp,0,2026-02-21,08,quantile,0.01,35.0
2026-02-21,wk inc flu hosp,0,2026-02-21,08,quantile,0.025,46.0
2026-02-21,wk inc flu hosp,0,2026-02-21,08,quantile,0.05,54.0
2026-02-21,wk inc flu hosp,0,2026-02-21,08,quantile,0.1,64.0
2026-02-21,wk inc flu hosp,0,2026-02-21,08,quantile,0.15,72.0
2026-02-21,wk inc flu hosp,0,2026-02-21,08,quantile,0.2,78.0
2026-02-21,wk inc flu hosp,0,2026-02-21,08,quantile,0.25,82.0
2026-02-21,wk inc flu hosp,0,2026-02-21,08,quantile,0.3,87.0
2026-02-21,wk inc flu hosp,0,2026-02-21,08,quantile,0.35,90.0
2026-02-21,wk inc flu hosp,0,2026-02-21,08,quantile,0.4,94.0
2026-02-21,wk inc flu hosp,0,2026-02-21,08,quantile,0.45,97.0
2026-02-21,wk inc flu hosp,0,2026-02-21,08,quantile,0.5,101.0
2026-02-21,wk inc flu hosp,0,2026-02-21,08,quantile,0.55,104.0
2026-02-21,wk inc flu hosp,0,2026-02-21,08,quantile,0.6,107.0
2026-02-21,wk inc flu hosp,0,2026-02-21,08,quantile,0.65,109.0
2026-02-21,wk inc flu hosp,0,2026-02-21,08,quantile,0.7,112.0
2026-02-21,wk inc flu hosp,0,2026-02-21,08,quantile,0.75,115.0
2026-02-21,wk inc flu hosp,0,2026-02-21,08,quantile,0.8,120.0
2026-02-21,wk inc flu hosp,0,2026-02-21,08,quantile,0.85,124.0
2026-02-21,wk inc flu hosp,0,2026-02-21,08,quantile,0.9,129.0
2026-02-21,wk inc flu hosp,0,2026-02-21,08,quantile,0.95,135.0
2026-02-21,wk inc flu hosp,0,2026-02-21,08,quantile,0.975,138.0
2026-02-21,wk inc flu hosp,0,2026-02-21,08,quantile,0.99,146.0
2026-02-21,wk inc flu hosp,0,2026-02-21,09,quantile,0.01,1.0
2026-02-21,wk inc flu hosp,0,2026-02-21,09,quantile,0.025,5.0
2026-02-21,wk inc flu hosp,0,2026-02-21,09,quantile,0.05,7.0
2026-02-21,wk inc flu hosp,0,2026-02-21,09,quantile,0.1,16.0
2026-02-21,wk inc flu hosp,0,2026-02-21,09,quantile,0.15,20.0
2026-02-21,wk inc flu hosp,0,2026-02-21,09,quantile,0.2,22.0
2026-02-21,wk inc flu hosp,0,2026-02-21,09,quantile,0.25,24.0
2026-02-21,wk inc flu hosp,0,2026-02-21,09,quantile,0.3,25.0
2026-02-21,wk inc flu hosp,0,2026-02-21,09,quantile,0.35,26.0
2026-02-21,wk inc flu hosp,0,2026-02-21,09,quantile,0.4,27.0
2026-02-21,wk inc flu hosp,0,2026-02-21,09,quantile,0.45,29.0
2026-02-21,wk inc flu hosp,0,2026-02-21,09,quantile,0.5,30.0
2026-02-21,wk inc flu hosp,0,2026-02-21,09,quantile,0.55,31.0
2026-02-21,wk inc flu hosp,0,2026-02-21,09,quantile,0.6,32.0
2026-02-21,wk inc flu hosp,0,2026-02-21,09,quantile,0.65,33.0
2026-02-21,wk inc flu hosp,0,2026-02-21,09,quantile,0.7,35.0
2026-02-21,wk inc flu hosp,0,2026-02-21,09,quantile,0.75,36.0
2026-02-21,wk inc flu hosp,0,2026-02-21,09,quantile,0.8,38.0
2026-02-21,wk inc flu hosp,0,2026-02-21,09,quantile,0.85,40.0
2026-02-21,wk inc flu hosp,0,2026-02-21,09,quantile,0.9,42.0
2026-02-21,wk inc flu hosp,0,2026-02-21,09,quantile,0.95,46.0
2026-02-21,wk inc flu hosp,0,2026-02-21,09,quantile,0.975,49.0
2026-02-21,wk inc flu hosp,0,2026-02-21,09,quantile,0.99,52.0
2026-02-21,wk inc flu hosp,0,2026-02-21,10,quantile,0.01,2.0
2026-02-21,wk inc flu hosp,0,2026-02-21,10,quantile,0.025,3.0
2026-02-21,wk inc flu hosp,0,2026-02-21,10,quantile,0.05,5.0
2026-02-21,wk inc flu hosp,0,2026-02-21,10,quantile,0.1,6.0
2026-02-21,wk inc flu hosp,0,2026-02-21,10,quantile,0.15,10.0
2026-02-21,wk inc flu hosp,0,2026-02-21,10,quantile,0.2,13.0
2026-02-21,wk inc flu hosp,0,2026-02-21,10,quantile,0.25,16.0
2026-02-21,wk inc flu hosp,0,2026-02-21,10,quantile,0.3,18.0
2026-02-21,wk inc flu hosp,0,2026-02-21,10,quantile,0.35,19.0
2026-02-21,wk inc flu hosp,0,2026-02-21,10,quantile,0.4,19.0
2026-02-21,wk inc flu hosp,0,2026-02-21,10,quantile,0.45,20.0
2026-02-21,wk inc flu hosp,0,2026-02-21,10,quantile,0.5,20.0
2026-02-21,wk inc flu hosp,0,2026-02-21,10,quantile,0.55,21.0
2026-02-21,wk inc flu hosp,0,2026-02-21,10,quantile,0.6,22.0
2026-02-21,wk inc flu hosp,0,2026-02-21,10,quantile,0.65,22.0
2026-02-21,wk inc flu hosp,0,2026-02-21,10,quantile,0.7,23.0
2026-02-21,wk inc flu hosp,0,2026-02-21,10,quantile,0.75,24.0
2026-02-21,wk inc flu hosp,0,2026-02-21,10,quantile,0.8,25.0
2026-02-21,wk inc flu hosp,0,2026-02-21,10,quantile,0.85,25.0
2026-02-21,wk inc flu hosp,0,2026-02-21,10,quantile,0.9,27.0
2026-02-21,wk inc flu hosp,0,2026-02-21,10,quantile,0.95,29.0
2026-02-21,wk inc flu hosp,0,2026-02-21,10,quantile,0.975,31.0
2026-02-21,wk inc flu hosp,0,2026-02-21,10,quantile,0.99,33.0
2026-02-21,wk inc flu hosp,0,2026-02-21,11,quantile,0.01,0.0
2026-02-21,wk inc flu hosp,0,2026-02-21,11,quantile,0.025,0.0
2026-02-21,wk inc flu hosp,0,2026-02-21,11,quantile,0.05,0.0
2026-02-21,wk inc flu hosp,0,2026-02-21,11,quantile,0.1,0.0
2026-02-21,wk inc flu hosp,0,2026-02-21,11,quantile,0.15,0.0
2026-02-21,wk inc flu hosp,0,2026-02-21,11,quantile,0.2,0.0
2026-02-21,wk inc flu hosp,0,2026-02-21,11,quantile,0.25,0.0
2026-02-21,wk inc flu hosp,0,2026-02-21,11,quantile,0.3,0.0
2026-02-21,wk inc flu hosp,0,2026-02-21,11,quantile,0.35,0.0
2026-02-21,wk inc flu hosp,0,2026-02-21,11,quantile,0.4,0.0
2026-02-21,wk inc flu hosp,0,2026-02-21,11,quantile,0.45,0.0
2026-02-21,wk inc flu hosp,0,2026-02-21,11,quantile,0.5,0.0
2026-02-21,wk inc flu hosp,0,2026-02-21,11,quantile,0.55,0.0
2026-02-21,wk inc flu hosp,0,2026-02-21,11,quantile,0.6,0.0
2026-02-21,wk inc flu hosp,0,2026-02-21,11,quantile,0.65,0.0
2026-02-21,wk inc flu hosp,0,2026-02-21,11,quantile,0.7,0.0
2026-02-21,wk inc flu hosp,0,2026-02-21,11,quantile,0.75,1.0
2026-02-21,wk inc flu hosp,0,2026-02-21,11,quantile,0.8,1.0
2026-02-21,wk inc flu hosp,0,2026-02-21,11,quantile,0.85,1.0
2026-02-21,wk inc flu hosp,0,2026-02-21,11,quantile,0.9,2.0
2026-02-21,wk inc flu hosp,0,2026-02-21,11,quantile,0.95,3.0
2026-02-21,wk inc flu hosp,0,2026-02-21,11,quantile,0.975,4.0
2026-02-21,wk inc flu hosp,0,2026-02-21,11,quantile,0.99,4.0
2026-02-21,wk inc flu hosp,0,2026-02-21,12,quantile,0.01,699.0
2026-02-21,wk inc flu hosp,0,2026-02-21,12,quantile,0.025,791.0
2026-02-21,wk inc flu hosp,0,2026-02-21,12,quantile,0.05,868.0
2026-02-21,wk inc flu hosp,0,2026-02-21,12,quantile,0.1,945.0
2026-02-21,wk inc flu hosp,0,2026-02-21,12,quantile,0.15,996.0
2026-02-21,wk inc flu hosp,0,2026-02-21,12,quantile,0.2,1038.0
2026-02-21,wk inc flu hosp,0,2026-02-21,12,quantile,0.25,1071.0
2026-02-21,wk inc flu hosp,0,2026-02-21,12,quantile,0.3,1100.0
2026-02-21,wk inc flu hosp,0,2026-02-21,12,quantile,0.35,1128.0
2026-02-21,wk inc flu hosp,0,2026-02-21,12,quantile,0.4,1152.0
2026-02-21,wk inc flu hosp,0,2026-02-21,12,quantile,0.45,1177.0
2026-02-21,wk inc flu hosp,0,2026-02-21,12,quantile,0.5,1202.0
2026-02-21,wk inc flu hosp,0,2026-02-21,12,quantile,0.55,1231.0
2026-02-21,wk inc flu hosp,0,2026-02-21,12,quantile,0.6,1259.0
2026-02-21,wk inc flu hosp,0,2026-02-21,12,quantile,0.65,1288.0
2026-02-21,wk inc flu hosp,0,2026-02-21,12,quantile,0.7,1303.0
2026-02-21,wk inc flu hosp,0,2026-02-21,12,quantile,0.75,1322.0
2026-02-21,wk inc flu hosp,0,2026-02-21,12,quantile,0.8,1340.0
2026-02-21,wk inc flu hosp,0,2026-02-21,12,quantile,0.85,1354.0
2026-02-21,wk inc flu hosp,0,2026-02-21,12,quantile,0.9,1393.0
2026-02-21,wk inc flu hosp,0,2026-02-21,12,quantile,0.95,1464.0
2026-02-21,wk inc flu hosp,0,2026-02-21,12,quantile,0.975,1503.0
2026-02-21,wk inc flu hosp,0,2026-02-21,12,quantile,0.99,1525.0
2026-02-21,wk inc flu hosp,0,2026-02-21,13,quantile,0.01,45.0
2026-02-21,wk inc flu hosp,0,2026-02-21,13,quantile,0.025,58.0
2026-02-21,wk inc flu hosp,0,2026-02-21,13,quantile,0.05,70.0
2026-02-21,wk inc flu hosp,0,2026-02-21,13,quantile,0.1,88.0
2026-02-21,wk inc flu hosp,0,2026-02-21,13,quantile,0.15,123.0
2026-02-21,wk inc flu hosp,0,2026-02-21,13,quantile,0.2,147.0
2026-02-21,wk inc flu hosp,0,2026-02-21,13,quantile,0.25,165.0
2026-02-21,wk inc flu hosp,0,2026-02-21,13,quantile,0.3,184.0
2026-02-21,wk inc flu hosp,0,2026-02-21,13,quantile,0.35,201.0
2026-02-21,wk inc flu hosp,0,2026-02-21,13,quantile,0.4,218.0
2026-02-21,wk inc flu hosp,0,2026-02-21,13,quantile,0.45,234.0
2026-02-21,wk inc flu hosp,0,2026-02-21,13,quantile,0.5,248.0
2026-02-21,wk inc flu hosp,0,2026-02-21,13,quantile,0.55,263.0
2026-02-21,wk inc flu hosp,0,2026-02-21,13,quantile,0.6,278.0
2026-02-21,wk inc flu hosp,0,2026-02-21,13,quantile,0.65,289.0
2026-02-21,wk inc flu hosp,0,2026-02-21,13,quantile,0.7,295.0
2026-02-21,wk inc flu hosp,0,2026-02-21,13,quantile,0.75,304.0
2026-02-21,wk inc flu hosp,0,2026-02-21,13,quantile,0.8,313.0
2026-02-21,wk inc flu hosp,0,2026-02-21,13,quantile,0.85,322.0
2026-02-21,wk inc flu hosp,0,2026-02-21,13,quantile,0.9,334.0
2026-02-21,wk inc flu hosp,0,2026-02-21,13,quantile,0.95,351.0
2026-02-21,wk inc flu hosp,0,2026-02-21,13,quantile,0.975,367.0
2026-02-21,wk inc flu hosp,0,2026-02-21,13,quantile,0.99,382.0
2026-02-21,wk inc flu hosp,0,2026-02-21,15,quantile,0.01,1.0
2026-02-21,wk inc flu hosp,0,2026-02-21,15,quantile,0.025,4.0
2026-02-21,wk inc flu hosp,0,2026-02-21,15,quantile,0.05,7.0
2026-02-21,wk inc flu hosp,0,2026-02-21,15,quantile,0.1,13.0
2026-02-21,wk inc flu hosp,0,2026-02-21,15,quantile,0.15,19.0
2026-02-21,wk inc flu hosp,0,2026-02-21,15,quantile,0.2,24.0
2026-02-21,wk inc flu hosp,0,2026-02-21,15,quantile,0.25,27.0
2026-02-21,wk inc flu hosp,0,2026-02-21,15,quantile,0.3,31.0
2026-02-21,wk inc flu hosp,0,2026-02-21,15,quantile,0.35,33.0
2026-02-21,wk inc flu hosp,0,2026-02-21,15,quantile,0.4,35.0
2026-02-21,wk inc flu hosp,0,2026-02-21,15,quantile,0.45,37.0
2026-02-21,wk inc flu hosp,0,2026-02-21,15,quantile,0.5,38.0
2026-02-21,wk inc flu hosp,0,2026-02-21,15,quantile,0.55,39.0
2026-02-21,wk inc flu hosp,0,2026-02-21,15,quantile,0.6,40.0
2026-02-21,wk inc flu hosp,0,2026-02-21,15,quantile,0.65,42.0
2026-02-21,wk inc flu hosp,0,2026-02-21,15,quantile,0.7,43.0
2026-02-21,wk inc flu hosp,0,2026-02-21,15,quantile,0.75,45.0
2026-02-21,wk inc flu hosp,0,2026-02-21,15,quantile,0.8,46.0
2026-02-21,wk inc flu hosp,0,2026-02-21,15,quantile,0.85,48.0
2026-02-21,wk inc flu hosp,0,2026-02-21,15,quantile,0.9,51.0
2026-02-21,wk inc flu hosp,0,2026-02-21,15,quantile,0.95,55.0
2026-02-21,wk inc flu hosp,0,2026-02-21,15,quantile,0.975,58.0
2026-02-21,wk inc flu hosp,0,2026-02-21,15,quantile,0.99,62.0
2026-02-21,wk inc flu hosp,0,2026-02-21,16,quantile,0.01,26.0
2026-02-21,wk inc flu hosp,0,2026-02-21,16,quantile,0.025,31.0
2026-02-21,wk inc flu hosp,0,2026-02-21,16,quantile,0.05,36.0
2026-02-21,wk inc flu hosp,0,2026-02-21,16,quantile,0.1,41.0
2026-02-21,wk inc flu hosp,0,2026-02-21,16,quantile,0.15,46.0
2026-02-21,wk inc flu hosp,0,2026-02-21,16,quantile,0.2,49.0
2026-02-21,wk inc flu hosp,0,2026-02-21,16,quantile,0.25,51.0
2026-02-21,wk inc flu hosp,0,2026-02-21,16,quantile,0.3,53.0
2026-02-21,wk inc flu hosp,0,2026-02-21,16,quantile,0.35,55.0
2026-02-21,wk inc flu hosp,0,2026-02-21,16,quantile,0.4,57.0
2026-02-21,wk inc flu hosp,0,2026-02-21,16,quantile,0.45,58.0
2026-02-21,wk inc flu hosp,0,2026-02-21,16,quantile,0.5,60.0
2026-02-21,wk inc flu hosp,0,2026-02-21,16,quantile,0.55,62.0
2026-02-21,wk inc flu hosp,0,2026-02-21,16,quantile,0.6,63.0
2026-02-21,wk inc flu hosp,0,2026-02-21,16,quantile,0.65,64.0
2026-02-21,wk inc flu hosp,0,2026-02-21,16,quantile,0.7,65.0
2026-02-21,wk inc flu hosp,0,2026-02-21,16,quantile,0.75,66.0
2026-02-21,wk inc flu hosp,0,2026-02-21,16,quantile,0.8,67.0
2026-02-21,wk inc flu hosp,0,2026-02-21,16,quantile,0.85,68.0
2026-02-21,wk inc flu hosp,0,2026-02-21,16,quantile,0.9,70.0
2026-02-21,wk inc flu hosp,0,2026-02-21,16,quantile,0.95,74.0
2026-02-21,wk inc flu hosp,0,2026-02-21,16,quantile,0.975,79.0
2026-02-21,wk inc flu hosp,0,2026-02-21,16,quantile,0.99,83.0
2026-02-21,wk inc flu hosp,0,2026-02-21,17,quantile,0.01,34.0
2026-02-21,wk inc flu hosp,0,2026-02-21,17,quantile,0.025,79.0
2026-02-21,wk inc flu hosp,0,2026-02-21,17,quantile,0.05,134.0
2026-02-21,wk inc flu hosp,0,2026-02-21,17,quantile,0.1,176.0
2026-02-21,wk inc flu hosp,0,2026-02-21,17,quantile,0.15,207.0
2026-02-21,wk inc flu hosp,0,2026-02-21,17,quantile,0.2,231.0
2026-02-21,wk inc flu hosp,0,2026-02-21,17,quantile,0.25,244.0
2026-02-21,wk inc flu hosp,0,2026-02-21,17,quantile,0.3,253.0
2026-02-21,wk inc flu hosp,0,2026-02-21,17,quantile,0.35,260.0
2026-02-21,wk inc flu hosp,0,2026-02-21,17,quantile,0.4,266.0
2026-02-21,wk inc flu hosp,0,2026-02-21,17,quantile,0.45,273.0
2026-02-21,wk inc flu hosp,0,2026-02-21,17,quantile,0.5,280.0
2026-02-21,wk inc flu hosp,0,2026-02-21,17,quantile,0.55,287.0
2026-02-21,wk inc flu hosp,0,2026-02-21,17,quantile,0.6,296.0
2026-02-21,wk inc flu hosp,0,2026-02-21,17,quantile,0.65,305.0
2026-02-21,wk inc flu hosp,0,2026-02-21,17,quantile,0.7,312.0
2026-02-21,wk inc flu hosp,0,2026-02-21,17,quantile,0.75,323.0
2026-02-21,wk inc flu hosp,0,2026-02-21,17,quantile,0.8,335.0
2026-02-21,wk inc flu hosp,0,2026-02-21,17,quantile,0.85,344.0
2026-02-21,wk inc flu hosp,0,2026-02-21,17,quantile,0.9,360.0
2026-02-21,wk inc flu hosp,0,2026-02-21,17,quantile,0.95,385.0
2026-02-21,wk inc flu hosp,0,2026-02-21,17,quantile,0.975,401.0
2026-02-21,wk inc flu hosp,0,2026-02-21,17,quantile,0.99,418.0
2026-02-21,wk inc flu hosp,0,2026-02-21,18,quantile,0.01,34.0
2026-02-21,wk inc flu hosp,0,2026-02-21,18,quantile,0.025,46.0
2026-02-21,wk inc flu hosp,0,2026-02-21,18,quantile,0.05,63.0
2026-02-21,wk inc flu hosp,0,2026-02-21,18,quantile,0.1,93.0
2026-02-21,wk inc flu hosp,0,2026-02-21,18,quantile,0.15,111.0
2026-02-21,wk inc flu hosp,0,2026-02-21,18,quantile,0.2,125.0
2026-02-21,wk inc flu hosp,0,2026-02-21,18,quantile,0.25,135.0
2026-02-21,wk inc flu hosp,0,2026-02-21,18,quantile,0.3,146.0
2026-02-21,wk inc flu hosp,0,2026-02-21,18,quantile,0.35,152.0
2026-02-21,wk inc flu hosp,0,2026-02-21,18,quantile,0.4,157.0
2026-02-21,wk inc flu hosp,0,2026-02-21,18,quantile,0.45,163.0
2026-02-21,wk inc flu hosp,0,2026-02-21,18,quantile,0.5,168.0
2026-02-21,wk inc flu hosp,0,2026-02-21,18,quantile,0.55,172.0
2026-02-21,wk inc flu hosp,0,2026-02-21,18,quantile,0.6,178.0
2026-02-21,wk inc flu hosp,0,2026-02-21,18,quantile,0.65,182.0
2026-02-21,wk inc flu hosp,0,2026-02-21,18,quantile,0.7,186.0
2026-02-21,wk inc flu hosp,0,2026-02-21,18,quantile,0.75,192.0
2026-02-21,wk inc flu hosp,0,2026-02-21,18,quantile,0.8,198.0
2026-02-21,wk inc flu hosp,0,2026-02-21,18,quantile,0.85,203.0
2026-02-21,wk inc flu hosp,0,2026-02-21,18,quantile,0.9,212.0
2026-02-21,wk inc flu hosp,0,2026-02-21,18,quantile,0.95,227.0
2026-02-21,wk inc flu hosp,0,2026-02-21,18,quantile,0.975,237.0
2026-02-21,wk inc flu hosp,0,2026-02-21,18,quantile,0.99,249.0
2026-02-21,wk inc flu hosp,0,2026-02-21,19,quantile,0.01,52.0
2026-02-21,wk inc flu hosp,0,2026-02-21,19,quantile,0.025,58.0
2026-02-21,wk inc flu hosp,0,2026-02-21,19,quantile,0.05,64.0
2026-02-21,wk inc flu hosp,0,2026-02-21,19,quantile,0.1,74.0
2026-02-21,wk inc flu hosp,0,2026-02-21,19,quantile,0.15,79.0
2026-02-21,wk inc flu hosp,0,2026-02-21,19,quantile,0.2,85.0
2026-02-21,wk inc flu hosp,0,2026-02-21,19,quantile,0.25,89.0
2026-02-21,wk inc flu hosp,0,2026-02-21,19,quantile,0.3,92.0
2026-02-21,wk inc flu hosp,0,2026-02-21,19,quantile,0.35,96.0
2026-02-21,wk inc flu hosp,0,2026-02-21,19,quantile,0.4,99.0
2026-02-21,wk inc flu hosp,0,2026-02-21,19,quantile,0.45,102.0
2026-02-21,wk inc flu hosp,0,2026-02-21,19,quantile,0.5,104.0
2026-02-21,wk inc flu hosp,0,2026-02-21,19,quantile,0.55,106.0
2026-02-21,wk inc flu hosp,0,2026-02-21,19,quantile,0.6,107.0
2026-02-21,wk inc flu hosp,0,2026-02-21,19,quantile,0.65,108.0
2026-02-21,wk inc flu hosp,0,2026-02-21,19,quantile,0.7,110.0
2026-02-21,wk inc flu hosp,0,2026-02-21,19,quantile,0.75,113.0
2026-02-21,wk inc flu hosp,0,2026-02-21,19,quantile,0.8,116.0
2026-02-21,wk inc flu hosp,0,2026-02-21,19,quantile,0.85,118.0
2026-02-21,wk inc flu hosp,0,2026-02-21,19,quantile,0.9,121.0
2026-02-21,wk inc flu hosp,0,2026-02-21,19,quantile,0.95,127.0
2026-02-21,wk inc flu hosp,0,2026-02-21,19,quantile,0.975,131.0
2026-02-21,wk inc flu hosp,0,2026-02-21,19,quantile,0.99,137.0
2026-02-21,wk inc flu hosp,0,2026-02-21,20,quantile,0.01,49.0
2026-02-21,wk inc flu hosp,0,2026-02-21,20,quantile,0.025,62.0
2026-02-21,wk inc flu hosp,0,2026-02-21,20,quantile,0.05,75.0
2026-02-21,wk inc flu hosp,0,2026-02-21,20,quantile,0.1,88.0
2026-02-21,wk inc flu hosp,0,2026-02-21,20,quantile,0.15,98.0
2026-02-21,wk inc flu hosp,0,2026-02-21,20,quantile,0.2,105.0
2026-02-21,wk inc flu hosp,0,2026-02-21,20,quantile,0.25,111.0
2026-02-21,wk inc flu hosp,0,2026-02-21,20,quantile,0.3,118.0
2026-02-21,wk inc flu hosp,0,2026-02-21,20,quantile,0.35,122.0
2026-02-21,wk inc flu hosp,0,2026-02-21,20,quantile,0.4,128.0
2026-02-21,wk inc flu hosp,0,2026-02-21,20,quantile,0.45,134.0
2026-02-21,wk inc flu hosp,0,2026-02-21,20,quantile,0.5,139.0
2026-02-21,wk inc flu hosp,0,2026-02-21,20,quantile,0.55,145.0
2026-02-21,wk inc flu hosp,0,2026-02-21,20,quantile,0.6,152.0
2026-02-21,wk inc flu hosp,0,2026-02-21,20,quantile,0.65,156.0
2026-02-21,wk inc flu hosp,0,2026-02-21,20,quantile,0.7,157.0
2026-02-21,wk inc flu hosp,0,2026-02-21,20,quantile,0.75,159.0
2026-02-21,wk inc flu hosp,0,2026-02-21,20,quantile,0.8,161.0
2026-02-21,wk inc flu hosp,0,2026-02-21,20,quantile,0.85,163.0
2026-02-21,wk inc flu hosp,0,2026-02-21,20,quantile,0.9,167.0
2026-02-21,wk inc flu hosp,0,2026-02-21,20,quantile,0.95,172.0
2026-02-21,wk inc flu hosp,0,2026-02-21,20,quantile,0.975,176.0
2026-02-21,wk inc flu hosp,0,2026-02-21,20,quantile,0.99,181.0
2026-02-21,wk inc flu hosp,0,2026-02-21,21,quantile,0.01,0.0
2026-02-21,wk inc flu hosp,0,2026-02-21,21,quantile,0.025,0.0
2026-02-21,wk inc flu hosp,0,2026-02-21,21,quantile,0.05,0.0
2026-02-21,wk inc flu hosp,0,2026-02-21,21,quantile,0.1,6.0
2026-02-21,wk inc flu hosp,0,2026-02-21,21,quantile,0.15,17.0
2026-02-21,wk inc flu hosp,0,2026-02-21,21,quantile,0.2,33.0
2026-02-21,wk inc flu hosp,0,2026-02-21,21,quantile,0.25,45.0
2026-02-21,wk inc flu hosp,0,2026-02-21,21,quantile,0.3,55.0
2026-02-21,wk inc flu hosp,0,2026-02-21,21,quantile,0.35,64.0
2026-02-21,wk inc flu hosp,0,2026-02-21,21,quantile,0.4,71.0
2026-02-21,wk inc flu hosp,0,2026-02-21,21,quantile,0.45,74.0
2026-02-21,wk inc flu hosp,0,2026-02-21,21,quantile,0.5,76.0
2026-02-21,wk inc flu hosp,0,2026-02-21,21,quantile,0.55,79.0
2026-02-21,wk inc flu hosp,0,2026-02-21,21,quantile,0.6,82.0
2026-02-21,wk inc flu hosp,0,2026-02-21,21,quantile,0.65,85.0
2026-02-21,wk inc flu hosp,0,2026-02-21,21,quantile,0.7,87.0
2026-02-21,wk inc flu hosp,0,2026-02-21,21,quantile,0.75,91.0
2026-02-21,wk inc flu hosp,0,2026-02-21,21,quantile,0.8,95.0
2026-02-21,wk inc flu hosp,0,2026-02-21,21,quantile,0.85,99.0
2026-02-21,wk inc flu hosp,0,2026-02-21,21,quantile,0.9,105.0
2026-02-21,wk inc flu hosp,0,2026-02-21,21,quantile,0.95,114.0
2026-02-21,wk inc flu hosp,0,2026-02-21,21,quantile,0.975,120.0
2026-02-21,wk inc flu hosp,0,2026-02-21,21,quantile,0.99,128.0
2026-02-21,wk inc flu hosp,0,2026-02-21,22,quantile,0.01,108.0
2026-02-21,wk inc flu hosp,0,2026-02-21,22,quantile,0.025,121.0
2026-02-21,wk inc flu hosp,0,2026-02-21,22,quantile,0.05,134.0
2026-02-21,wk inc flu hosp,0,2026-02-21,22,quantile,0.1,149.0
2026-02-21,wk inc flu hosp,0,2026-02-21,22,quantile,0.15,160.0
2026-02-21,wk inc flu hosp,0,2026-02-21,22,quantile,0.2,169.0
2026-02-21,wk inc flu hosp,0,2026-02-21,22,quantile,0.25,177.0
2026-02-21,wk inc flu hosp,0,2026-02-21,22,quantile,0.3,183.0
2026-02-21,wk inc flu hosp,0,2026-02-21,22,quantile,0.35,188.0
2026-02-21,wk inc flu hosp,0,2026-02-21,22,quantile,0.4,195.0
2026-02-21,wk inc flu hosp,0,2026-02-21,22,quantile,0.45,200.0
2026-02-21,wk inc flu hosp,0,2026-02-21,22,quantile,0.5,206.0
2026-02-21,wk inc flu hosp,0,2026-02-21,22,quantile,0.55,212.0
2026-02-21,wk inc flu hosp,0,2026-02-21,22,quantile,0.6,216.0
2026-02-21,wk inc flu hosp,0,2026-02-21,22,quantile,0.65,219.0
2026-02-21,wk inc flu hosp,0,2026-02-21,22,quantile,0.7,223.0
2026-02-21,wk inc flu hosp,0,2026-02-21,22,quantile,0.75,227.0
2026-02-21,wk inc flu hosp,0,2026-02-21,22,quantile,0.8,232.0
2026-02-21,wk inc flu hosp,0,2026-02-21,22,quantile,0.85,235.0
2026-02-21,wk inc flu hosp,0,2026-02-21,22,quantile,0.9,240.0
2026-02-21,wk inc flu hosp,0,2026-02-21,22,quantile,0.95,248.0
2026-02-21,wk inc flu hosp,0,2026-02-21,22,quantile,0.975,256.0
2026-02-21,wk inc flu hosp,0,2026-02-21,22,quantile,0.99,266.0
2026-02-21,wk inc flu hosp,0,2026-02-21,23,quantile,0.01,9.0
2026-02-21,wk inc flu hosp,0,2026-02-21,23,quantile,0.025,12.0
2026-02-21,wk inc flu hosp,0,2026-02-21,23,quantile,0.05,14.0
2026-02-21,wk inc flu hosp,0,2026-02-21,23,quantile,0.1,17.0
2026-02-21,wk inc flu hosp,0,2026-02-21,23,quantile,0.15,19.0
2026-02-21,wk inc flu hosp,0,2026-02-21,23,quantile,0.2,21.0
2026-02-21,wk inc flu hosp,0,2026-02-21,23,quantile,0.25,22.0
2026-02-21,wk inc flu hosp,0,2026-02-21,23,quantile,0.3,23.0
2026-02-21,wk inc flu hosp,0,2026-02-21,23,quantile,0.35,24.0
2026-02-21,wk inc flu hosp,0,2026-02-21,23,quantile,0.4,25.0
2026-02-21,wk inc flu hosp,0,2026-02-21,23,quantile,0.45,27.0
2026-02-21,wk inc flu hosp,0,2026-02-21,23,quantile,0.5,28.0
2026-02-21,wk inc flu hosp,0,2026-02-21,23,quantile,0.55,29.0
2026-02-21,wk inc flu hosp,0,2026-02-21,23,quantile,0.6,30.0
2026-02-21,wk inc flu hosp,0,2026-02-21,23,quantile,0.65,30.0
2026-02-21,wk inc flu hosp,0,2026-02-21,23,quantile,0.7,31.0
2026-02-21,wk inc flu hosp,0,2026-02-21,23,quantile,0.75,31.0
2026-02-21,wk inc flu hosp,0,2026-02-21,23,quantile,0.8,32.0
2026-02-21,wk inc flu hosp,0,2026-02-21,23,quantile,0.85,33.0
2026-02-21,wk inc flu hosp,0,2026-02-21,23,quantile,0.9,34.0
2026-02-21,wk inc flu hosp,0,2026-02-21,23,quantile,0.95,36.0
2026-02-21,wk inc flu hosp,0,2026-02-21,23,quantile,0.975,38.0
2026-02-21,wk inc flu hosp,0,2026-02-21,23,quantile,0.99,39.0
2026-02-21,wk inc flu hosp,0,2026-02-21,24,quantile,0.01,0.0
2026-02-21,wk inc flu hosp,0,2026-02-21,24,quantile,0.025,0.0
2026-02-21,wk inc flu hosp,0,2026-02-21,24,quantile,0.05,0.0
2026-02-21,wk inc flu hosp,0,2026-02-21,24,quantile,0.1,0.0
2026-02-21,wk inc flu hosp,0,2026-02-21,24,quantile,0.15,0.0
2026-02-21,wk inc flu hosp,0,2026-02-21,24,quantile,0.2,0.0
2026-02-21,wk inc flu hosp,0,2026-02-21,24,quantile,0.25,8.0
2026-02-21,wk inc flu hosp,0,2026-02-21,24,quantile,0.3,16.0
2026-02-21,wk inc flu hosp,0,2026-02-21,24,quantile,0.35,23.0
2026-02-21,wk inc flu hosp,0,2026-02-21,24,quantile,0.4,25.0
2026-02-21,wk inc flu hosp,0,2026-02-21,24,quantile,0.45,28.0
2026-02-21,wk inc flu hosp,0,2026-02-21,24,quantile,0.5,31.0
2026-02-21,wk inc flu hosp,0,2026-02-21,24,quantile,0.55,33.0
2026-02-21,wk inc flu hosp,0,2026-02-21,24,quantile,0.6,36.0
2026-02-21,wk inc flu hosp,0,2026-02-21,24,quantile,0.65,39.0
2026-02-21,wk inc flu hosp,0,2026-02-21,24,quantile,0.7,41.0
2026-02-21,wk inc flu hosp,0,2026-02-21,24,quantile,0.75,45.0
2026-02-21,wk inc flu hosp,0,2026-02-21,24,quantile,0.8,49.0
2026-02-21,wk inc flu hosp,0,2026-02-21,24,quantile,0.85,53.0
2026-02-21,wk inc flu hosp,0,2026-02-21,24,quantile,0.9,59.0
2026-02-21,wk inc flu hosp,0,2026-02-21,24,quantile,0.95,68.0
2026-02-21,wk inc flu hosp,0,2026-02-21,24,quantile,0.975,80.0
2026-02-21,wk inc flu hosp,0,2026-02-21,24,quantile,0.99,90.0
2026-02-21,wk inc flu hosp,0,2026-02-21,25,quantile,0.01,0.0
2026-02-21,wk inc flu hosp,0,2026-02-21,25,quantile,0.025,4.0
2026-02-21,wk inc flu hosp,0,2026-02-21,25,quantile,0.05,12.0
2026-02-21,wk inc flu hosp,0,2026-02-21,25,quantile,0.1,25.0
2026-02-21,wk inc flu hosp,0,2026-02-21,25,quantile,0.15,33.0
2026-02-21,wk inc flu hosp,0,2026-02-21,25,quantile,0.2,40.0
2026-02-21,wk inc flu hosp,0,2026-02-21,25,quantile,0.25,47.0
2026-02-21,wk inc flu hosp,0,2026-02-21,25,quantile,0.3,53.0
2026-02-21,wk inc flu hosp,0,2026-02-21,25,quantile,0.35,59.0
2026-02-21,wk inc flu hosp,0,2026-02-21,25,quantile,0.4,61.0
2026-02-21,wk inc flu hosp,0,2026-02-21,25,quantile,0.45,64.0
2026-02-21,wk inc flu hosp,0,2026-02-21,25,quantile,0.5,66.0
2026-02-21,wk inc flu hosp,0,2026-02-21,25,quantile,0.55,68.0
2026-02-21,wk inc flu hosp,0,2026-02-21,25,quantile,0.6,70.0
2026-02-21,wk inc flu hosp,0,2026-02-21,25,quantile,0.65,72.0
2026-02-21,wk inc flu hosp,0,2026-02-21,25,quantile,0.7,74.0
2026-02-21,wk inc flu hosp,0,2026-02-21,25,quantile,0.75,77.0
2026-02-21,wk inc flu hosp,0,2026-02-21,25,quantile,0.8,80.0
2026-02-21,wk inc flu hosp,0,2026-02-21,25,quantile,0.85,83.0
2026-02-21,wk inc flu hosp,0,2026-02-21,25,quantile,0.9,87.0
2026-02-21,wk inc flu hosp,0,2026-02-21,25,quantile,0.95,93.0
2026-02-21,wk inc flu hosp,0,2026-02-21,25,quantile,0.975,98.0
2026-02-21,wk inc flu hosp,0,2026-02-21,25,quantile,0.99,102.0
2026-02-21,wk inc flu hosp,0,2026-02-21,26,quantile,0.01,87.0
2026-02-21,wk inc flu hosp,0,2026-02-21,26,quantile,0.025,108.0
2026-02-21,wk inc flu hosp,0,2026-02-21,26,quantile,0.05,130.0
2026-02-21,wk inc flu hosp,0,2026-02-21,26,quantile,0.1,155.0
2026-02-21,wk inc flu hosp,0,2026-02-21,26,quantile,0.15,172.0
2026-02-21,wk inc flu hosp,0,2026-02-21,26,quantile,0.2,184.0
2026-02-21,wk inc flu hosp,0,2026-02-21,26,quantile,0.25,197.0
2026-02-21,wk inc flu hosp,0,2026-02-21,26,quantile,0.3,207.0
2026-02-21,wk inc flu hosp,0,2026-02-21,26,quantile,0.35,216.0
2026-02-21,wk inc flu hosp,0,2026-02-21,26,quantile,0.4,224.0
2026-02-21,wk inc flu hosp,0,2026-02-21,26,quantile,0.45,228.0
2026-02-21,wk inc flu hosp,0,2026-02-21,26,quantile,0.5,232.0
2026-02-21,wk inc flu hosp,0,2026-02-21,26,quantile,0.55,236.0
2026-02-21,wk inc flu hosp,0,2026-02-21,26,quantile,0.6,240.0
2026-02-21,wk inc flu hosp,0,2026-02-21,26,quantile,0.65,243.0
2026-02-21,wk inc flu hosp,0,2026-02-21,26,quantile,0.7,246.0
2026-02-21,wk inc flu hosp,0,2026-02-21,26,quantile,0.75,250.0
2026-02-21,wk inc flu hosp,0,2026-02-21,26,quantile,0.8,254.0
2026-02-21,wk inc flu hosp,0,2026-02-21,26,quantile,0.85,258.0
2026-02-21,wk inc flu hosp,0,2026-02-21,26,quantile,0.9,265.0
2026-02-21,wk inc flu hosp,0,2026-02-21,26,quantile,0.95,274.0
2026-02-21,wk inc flu hosp,0,2026-02-21,26,quantile,0.975,281.0
2026-02-21,wk inc flu hosp,0,2026-02-21,26,quantile,0.99,303.0
2026-02-21,wk inc flu hosp,0,2026-02-21,27,quantile,0.01,6.0
2026-02-21,wk inc flu hosp,0,2026-02-21,27,quantile,0.025,18.0
2026-02-21,wk inc flu hosp,0,2026-02-21,27,quantile,0.05,30.0
2026-02-21,wk inc flu hosp,0,2026-02-21,27,quantile,0.1,64.0
2026-02-21,wk inc flu hosp,0,2026-02-21,27,quantile,0.15,85.0
2026-02-21,wk inc flu hosp,0,2026-02-21,27,quantile,0.2,97.0
2026-02-21,wk inc flu hosp,0,2026-02-21,27,quantile,0.25,102.0
2026-02-21,wk inc flu hosp,0,2026-02-21,27,quantile,0.3,107.0
2026-02-21,wk inc flu hosp,0,2026-02-21,27,quantile,0.35,111.0
2026-02-21,wk inc flu hosp,0,2026-02-21,27,quantile,0.4,115.0
2026-02-21,wk inc flu hosp,0,2026-02-21,27,quantile,0.45,119.0
2026-02-21,wk inc flu hosp,0,2026-02-21,27,quantile,0.5,123.0
2026-02-21,wk inc flu hosp,0,2026-02-21,27,quantile,0.55,127.0
2026-02-21,wk inc flu hosp,0,2026-02-21,27,quantile,0.6,132.0
2026-02-21,wk inc flu hosp,0,2026-02-21,27,quantile,0.65,136.0
2026-02-21,wk inc flu hosp,0,2026-02-21,27,quantile,0.7,141.0
2026-02-21,wk inc flu hosp,0,2026-02-21,27,quantile,0.75,147.0
2026-02-21,wk inc flu hosp,0,2026-02-21,27,quantile,0.8,153.0
2026-02-21,wk inc flu hosp,0,2026-02-21,27,quantile,0.85,158.0
2026-02-21,wk inc flu hosp,0,2026-02-21,27,quantile,0.9,167.0
2026-02-21,wk inc flu hosp,0,2026-02-21,27,quantile,0.95,180.0
2026-02-21,wk inc flu hosp,0,2026-02-21,27,quantile,0.975,189.0
2026-02-21,wk inc flu hosp,0,2026-02-21,27,quantile,0.99,200.0
2026-02-21,wk inc flu hosp,0,2026-02-21,28,quantile,0.01,57.0
2026-02-21,wk inc flu hosp,0,2026-02-21,28,quantile,0.025,73.0
2026-02-21,wk inc flu hosp,0,2026-02-21,28,quantile,0.05,86.0
2026-02-21,wk inc flu hosp,0,2026-02-21,28,quantile,0.1,101.0
2026-02-21,wk inc flu hosp,0,2026-02-21,28,quantile,0.15,111.0
2026-02-21,wk inc flu hosp,0,2026-02-21,28,quantile,0.2,119.0
2026-02-21,wk inc flu hosp,0,2026-02-21,28,quantile,0.25,126.0
2026-02-21,wk inc flu hosp,0,2026-02-21,28,quantile,0.3,132.0
2026-02-21,wk inc flu hosp,0,2026-02-21,28,quantile,0.35,137.0
2026-02-21,wk inc flu hosp,0,2026-02-21,28,quantile,0.4,142.0
2026-02-21,wk inc flu hosp,0,2026-02-21,28,quantile,0.45,147.0
2026-02-21,wk inc flu hosp,0,2026-02-21,28,quantile,0.5,152.0
2026-02-21,wk inc flu hosp,0,2026-02-21,28,quantile,0.55,156.0
2026-02-21,wk inc flu hosp,0,2026-02-21,28,quantile,0.6,162.0
2026-02-21,wk inc flu hosp,0,2026-02-21,28,quantile,0.65,167.0
2026-02-21,wk inc flu hosp,0,2026-02-21,28,quantile,0.7,173.0
2026-02-21,wk inc flu hosp,0,2026-02-21,28,quantile,0.75,177.0
2026-02-21,wk inc flu hosp,0,2026-02-21,28,quantile,0.8,181.0
2026-02-21,wk inc flu hosp,0,2026-02-21,28,quantile,0.85,185.0
2026-02-21,wk inc flu hosp,0,2026-02-21,28,quantile,0.9,192.0
2026-02-21,wk inc flu hosp,0,2026-02-21,28,quantile,0.95,204.0
2026-02-21,wk inc flu hosp,0,2026-02-21,28,quantile,0.975,212.0
2026-02-21,wk inc flu hosp,0,2026-02-21,28,quantile,0.99,220.0
2026-02-21,wk inc flu hosp,0,2026-02-21,30,quantile,0.01,3.0
2026-02-21,wk inc flu hosp,0,2026-02-21,30,quantile,0.025,6.0
2026-02-21,wk inc flu hosp,0,2026-02-21,30,quantile,0.05,8.0
2026-02-21,wk inc flu hosp,0,2026-02-21,30,quantile,0.1,10.0
2026-02-21,wk inc flu hosp,0,2026-02-21,30,quantile,0.15,14.0
2026-02-21,wk inc flu hosp,0,2026-02-21,30,quantile,0.2,17.0
2026-02-21,wk inc flu hosp,0,2026-02-21,30,quantile,0.25,19.0
2026-02-21,wk inc flu hosp,0,2026-02-21,30,quantile,0.3,21.0
2026-02-21,wk inc flu hosp,0,2026-02-21,30,quantile,0.35,23.0
2026-02-21,wk inc flu hosp,0,2026-02-21,30,quantile,0.4,25.0
2026-02-21,wk inc flu hosp,0,2026-02-21,30,quantile,0.45,26.0
2026-02-21,wk inc flu hosp,0,2026-02-21,30,quantile,0.5,28.0
2026-02-21,wk inc flu hosp,0,2026-02-21,30,quantile,0.55,30.0
2026-02-21,wk inc flu hosp,0,2026-02-21,30,quantile,0.6,32.0
2026-02-21,wk inc flu hosp,0,2026-02-21,30,quantile,0.65,33.0
2026-02-21,wk inc flu hosp,0,2026-02-21,30,quantile,0.7,34.0
2026-02-21,wk inc flu hosp,0,2026-02-21,30,quantile,0.75,35.0
2026-02-21,wk inc flu hosp,0,2026-02-21,30,quantile,0.8,37.0
2026-02-21,wk inc flu hosp,0,2026-02-21,30,quantile,0.85,38.0
2026-02-21,wk inc flu hosp,0,2026-02-21,30,quantile,0.9,40.0
2026-02-21,wk inc flu hosp,0,2026-02-21,30,quantile,0.95,44.0
2026-02-21,wk inc flu hosp,0,2026-02-21,30,quantile,0.975,46.0
2026-02-21,wk inc flu hosp,0,2026-02-21,30,quantile,0.99,49.0
2026-02-21,wk inc flu hosp,0,2026-02-21,31,quantile,0.01,29.0
2026-02-21,wk inc flu hosp,0,2026-02-21,31,quantile,0.025,37.0
2026-02-21,wk inc flu hosp,0,2026-02-21,31,quantile,0.05,43.0
2026-02-21,wk inc flu hosp,0,2026-02-21,31,quantile,0.1,50.0
2026-02-21,wk inc flu hosp,0,2026-02-21,31,quantile,0.15,56.0
2026-02-21,wk inc flu hosp,0,2026-02-21,31,quantile,0.2,60.0
2026-02-21,wk inc flu hosp,0,2026-02-21,31,quantile,0.25,63.0
2026-02-21,wk inc flu hosp,0,2026-02-21,31,quantile,0.3,67.0
2026-02-21,wk inc flu hosp,0,2026-02-21,31,quantile,0.35,70.0
2026-02-21,wk inc flu hosp,0,2026-02-21,31,quantile,0.4,72.0
2026-02-21,wk inc flu hosp,0,2026-02-21,31,quantile,0.45,74.0
2026-02-21,wk inc flu hosp,0,2026-02-21,31,quantile,0.5,77.0
2026-02-21,wk inc flu hosp,0,2026-02-21,31,quantile,0.55,80.0
2026-02-21,wk inc flu hosp,0,2026-02-21,31,quantile,0.6,82.0
2026-02-21,wk inc flu hosp,0,2026-02-21,31,quantile,0.65,85.0
2026-02-21,wk inc flu hosp,0,2026-02-21,31,quantile,0.7,87.0
2026-02-21,wk inc flu hosp,0,2026-02-21,31,quantile,0.75,90.0
2026-02-21,wk inc flu hosp,0,2026-02-21,31,quantile,0.8,91.0
2026-02-21,wk inc flu hosp,0,2026-02-21,31,quantile,0.85,94.0
2026-02-21,wk inc flu hosp,0,2026-02-21,31,quantile,0.9,97.0
2026-02-21,wk inc flu hosp,0,2026-02-21,31,quantile,0.95,100.0
2026-02-21,wk inc flu hosp,0,2026-02-21,31,quantile,0.975,104.0
2026-02-21,wk inc flu hosp,0,2026-02-21,31,quantile,0.99,109.0
2026-02-21,wk inc flu hosp,0,2026-02-21,32,quantile,0.01,20.0
2026-02-21,wk inc flu hosp,0,2026-02-21,32,quantile,0.025,29.0
2026-02-21,wk inc flu hosp,0,2026-02-21,32,quantile,0.05,36.0
2026-02-21,wk inc flu hosp,0,2026-02-21,32,quantile,0.1,42.0
2026-02-21,wk inc flu hosp,0,2026-02-21,32,quantile,0.15,47.0
2026-02-21,wk inc flu hosp,0,2026-02-21,32,quantile,0.2,51.0
2026-02-21,wk inc flu hosp,0,2026-02-21,32,quantile,0.25,54.0
2026-02-21,wk inc flu hosp,0,2026-02-21,32,quantile,0.3,57.0
2026-02-21,wk inc flu hosp,0,2026-02-21,32,quantile,0.35,59.0
2026-02-21,wk inc flu hosp,0,2026-02-21,32,quantile,0.4,62.0
2026-02-21,wk inc flu hosp,0,2026-02-21,32,quantile,0.45,64.0
2026-02-21,wk inc flu hosp,0,2026-02-21,32,quantile,0.5,65.0
2026-02-21,wk inc flu hosp,0,2026-02-21,32,quantile,0.55,66.0
2026-02-21,wk inc flu hosp,0,2026-02-21,32,quantile,0.6,67.0
2026-02-21,wk inc flu hosp,0,2026-02-21,32,quantile,0.65,68.0
2026-02-21,wk inc flu hosp,0,2026-02-21,32,quantile,0.7,69.0
2026-02-21,wk inc flu hosp,0,2026-02-21,32,quantile,0.75,71.0
2026-02-21,wk inc flu hosp,0,2026-02-21,32,quantile,0.8,72.0
2026-02-21,wk inc flu hosp,0,2026-02-21,32,quantile,0.85,73.0
2026-02-21,wk inc flu hosp,0,2026-02-21,32,quantile,0.9,76.0
2026-02-21,wk inc flu hosp,0,2026-02-21,32,quantile,0.95,79.0
2026-02-21,wk inc flu hosp,0,2026-02-21,32,quantile,0.975,81.0
2026-02-21,wk inc flu hosp,0,2026-02-21,32,quantile,0.99,84.0
2026-02-21,wk inc flu hosp,0,2026-02-21,33,quantile,0.01,10.0
2026-02-21,wk inc flu hosp,0,2026-02-21,33,quantile,0.025,11.0
2026-02-21,wk inc flu hosp,0,2026-02-21,33,quantile,0.05,12.0
2026-02-21,wk inc flu hosp,0,2026-02-21,33,quantile,0.1,16.0
2026-02-21,wk inc flu hosp,0,2026-02-21,33,quantile,0.15,20.0
2026-02-21,wk inc flu hosp,0,2026-02-21,33,quantile,0.2,22.0
2026-02-21,wk inc flu hosp,0,2026-02-21,33,quantile,0.25,25.0
2026-02-21,wk inc flu hosp,0,2026-02-21,33,quantile,0.3,27.0
2026-02-21,wk inc flu hosp,0,2026-02-21,33,quantile,0.35,29.0
2026-02-21,wk inc flu hosp,0,2026-02-21,33,quantile,0.4,31.0
2026-02-21,wk inc flu hosp,0,2026-02-21,33,quantile,0.45,32.0
2026-02-21,wk inc flu hosp,0,2026-02-21,33,quantile,0.5,34.0
2026-02-21,wk inc flu hosp,0,2026-02-21,33,quantile,0.55,35.0
2026-02-21,wk inc flu hosp,0,2026-02-21,33,quantile,0.6,36.0
2026-02-21,wk inc flu hosp,0,2026-02-21,33,quantile,0.65,36.0
2026-02-21,wk inc flu hosp,0,2026-02-21,33,quantile,0.7,37.0
2026-02-21,wk inc flu hosp,0,2026-02-21,33,quantile,0.75,37.0
2026-02-21,wk inc flu hosp,0,2026-02-21,33,quantile,0.8,38.0
2026-02-21,wk inc flu hosp,0,2026-02-21,33,quantile,0.85,39.0
2026-02-21,wk inc flu hosp,0,2026-02-21,33,quantile,0.9,40.0
2026-02-21,wk inc flu hosp,0,2026-02-21,33,quantile,0.95,41.0
2026-02-21,wk inc flu hosp,0,2026-02-21,33,quantile,0.975,42.0
2026-02-21,wk inc flu hosp,0,2026-02-21,33,quantile,0.99,45.0
2026-02-21,wk inc flu hosp,0,2026-02-21,34,quantile,0.01,0.0
2026-02-21,wk inc flu hosp,0,2026-02-21,34,quantile,0.025,5.0
2026-02-21,wk inc flu hosp,0,2026-02-21,34,quantile,0.05,14.0
2026-02-21,wk inc flu hosp,0,2026-02-21,34,quantile,0.1,38.0
2026-02-21,wk inc flu hosp,0,2026-02-21,34,quantile,0.15,59.0
2026-02-21,wk inc flu hosp,0,2026-02-21,34,quantile,0.2,74.0
2026-02-21,wk inc flu hosp,0,2026-02-21,34,quantile,0.25,87.0
2026-02-21,wk inc flu hosp,0,2026-02-21,34,quantile,0.3,100.0
2026-02-21,wk inc flu hosp,0,2026-02-21,34,quantile,0.35,110.0
2026-02-21,wk inc flu hosp,0,2026-02-21,34,quantile,0.4,117.0
2026-02-21,wk inc flu hosp,0,2026-02-21,34,quantile,0.45,121.0
2026-02-21,wk inc flu hosp,0,2026-02-21,34,quantile,0.5,126.0
2026-02-21,wk inc flu hosp,0,2026-02-21,34,quantile,0.55,130.0
2026-02-21,wk inc flu hosp,0,2026-02-21,34,quantile,0.6,135.0
2026-02-21,wk inc flu hosp,0,2026-02-21,34,quantile,0.65,139.0
2026-02-21,wk inc flu hosp,0,2026-02-21,34,quantile,0.7,143.0
2026-02-21,wk inc flu hosp,0,2026-02-21,34,quantile,0.75,149.0
2026-02-21,wk inc flu hosp,0,2026-02-21,34,quantile,0.8,155.0
2026-02-21,wk inc flu hosp,0,2026-02-21,34,quantile,0.85,160.0
2026-02-21,wk inc flu hosp,0,2026-02-21,34,quantile,0.9,168.0
2026-02-21,wk inc flu hosp,0,2026-02-21,34,quantile,0.95,181.0
2026-02-21,wk inc flu hosp,0,2026-02-21,34,quantile,0.975,189.0
2026-02-21,wk inc flu hosp,0,2026-02-21,34,quantile,0.99,197.0
2026-02-21,wk inc flu hosp,0,2026-02-21,35,quantile,0.01,21.0
2026-02-21,wk inc flu hosp,0,2026-02-21,35,quantile,0.025,25.0
2026-02-21,wk inc flu hosp,0,2026-02-21,35,quantile,0.05,28.0
2026-02-21,wk inc flu hosp,0,2026-02-21,35,quantile,0.1,31.0
2026-02-21,wk inc flu hosp,0,2026-02-21,35,quantile,0.15,35.0
2026-02-21,wk inc flu hosp,0,2026-02-21,35,quantile,0.2,38.0
2026-02-21,wk inc flu hosp,0,2026-02-21,35,quantile,0.25,40.0
2026-02-21,wk inc flu hosp,0,2026-02-21,35,quantile,0.3,42.0
2026-02-21,wk inc flu hosp,0,2026-02-21,35,quantile,0.35,43.0
2026-02-21,wk inc flu hosp,0,2026-02-21,35,quantile,0.4,45.0
2026-02-21,wk inc flu hosp,0,2026-02-21,35,quantile,0.45,46.0
2026-02-21,wk inc flu hosp,0,2026-02-21,35,quantile,0.5,47.0
2026-02-21,wk inc flu hosp,0,2026-02-21,35,quantile,0.55,48.0
2026-02-21,wk inc flu hosp,0,2026-02-21,35,quantile,0.6,49.0
2026-02-21,wk inc flu hosp,0,2026-02-21,35,quantile,0.65,50.0
2026-02-21,wk inc flu hosp,0,2026-02-21,35,quantile,0.7,50.0
2026-02-21,wk inc flu hosp,0,2026-02-21,35,quantile,0.75,52.0
2026-02-21,wk inc flu hosp,0,2026-02-21,35,quantile,0.8,53.0
2026-02-21,wk inc flu hosp,0,2026-02-21,35,quantile,0.85,54.0
2026-02-21,wk inc flu hosp,0,2026-02-21,35,quantile,0.9,56.0
2026-02-21,wk inc flu hosp,0,2026-02-21,35,quantile,0.95,59.0
2026-02-21,wk inc flu hosp,0,2026-02-21,35,quantile,0.975,61.0
2026-02-21,wk inc flu hosp,0,2026-02-21,35,quantile,0.99,64.0
2026-02-21,wk inc flu hosp,0,2026-02-21,36,quantile,0.01,0.0
2026-02-21,wk inc flu hosp,0,2026-02-21,36,quantile,0.025,7.0
2026-02-21,wk inc flu hosp,0,2026-02-21,36,quantile,0.05,17.0
2026-02-21,wk inc flu hosp,0,2026-02-21,36,quantile,0.1,43.0
2026-02-21,wk inc flu hosp,0,2026-02-21,36,quantile,0.15,59.0
2026-02-21,wk inc flu hosp,0,2026-02-21,36,quantile,0.2,72.0
2026-02-21,wk inc flu hosp,0,2026-02-21,36,quantile,0.25,85.0
2026-02-21,wk inc flu hosp,0,2026-02-21,36,quantile,0.3,97.0
2026-02-21,wk inc flu hosp,0,2026-02-21,36,quantile,0.35,105.0
2026-02-21,wk inc flu hosp,0,2026-02-21,36,quantile,0.4,108.0
2026-02-21,wk inc flu hosp,0,2026-02-21,36,quantile,0.45,112.0
2026-02-21,wk inc flu hosp,0,2026-02-21,36,quantile,0.5,116.0
2026-02-21,wk inc flu hosp,0,2026-02-21,36,quantile,0.55,119.0
2026-02-21,wk inc flu hosp,0,2026-02-21,36,quantile,0.6,124.0
2026-02-21,wk inc flu hosp,0,2026-02-21,36,quantile,0.65,127.0
2026-02-21,wk inc flu hosp,0,2026-02-21,36,quantile,0.7,131.0
2026-02-21,wk inc flu hosp,0,2026-02-21,36,quantile,0.75,136.0
2026-02-21,wk inc flu hosp,0,2026-02-21,36,quantile,0.8,142.0
2026-02-21,wk inc flu hosp,0,2026-02-21,36,quantile,0.85,147.0
2026-02-21,wk inc flu hosp,0,2026-02-21,36,quantile,0.9,156.0
2026-02-21,wk inc flu hosp,0,2026-02-21,36,quantile,0.95,169.0
2026-02-21,wk inc flu hosp,0,2026-02-21,36,quantile,0.975,178.0
2026-02-21,wk inc flu hosp,0,2026-02-21,36,quantile,0.99,193.0
2026-02-21,wk inc flu hosp,0,2026-02-21,37,quantile,0.01,0.0
2026-02-21,wk inc flu hosp,0,2026-02-21,37,quantile,0.025,0.0
2026-02-21,wk inc flu hosp,0,2026-02-21,37,quantile,0.05,0.0
2026-02-21,wk inc flu hosp,0,2026-02-21,37,quantile,0.1,8.0
2026-02-21,wk inc flu hosp,0,2026-02-21,37,quantile,0.15,38.0
2026-02-21,wk inc flu hosp,0,2026-02-21,37,quantile,0.2,73.0
2026-02-21,wk inc flu hosp,0,2026-02-21,37,quantile,0.25,98.0
2026-02-21,wk inc flu hosp,0,2026-02-21,37,quantile,0.3,126.0
2026-02-21,wk inc flu hosp,0,2026-02-21,37,quantile,0.35,148.0
2026-02-21,wk inc flu hosp,0,2026-02-21,37,quantile,0.4,171.0
2026-02-21,wk inc flu hosp,0,2026-02-21,37,quantile,0.45,188.0
2026-02-21,wk inc flu hosp,0,2026-02-21,37,quantile,0.5,195.0
2026-02-21,wk inc flu hosp,0,2026-02-21,37,quantile,0.55,201.0
2026-02-21,wk inc flu hosp,0,2026-02-21,37,quantile,0.6,210.0
2026-02-21,wk inc flu hosp,0,2026-02-21,37,quantile,0.65,217.0
2026-02-21,wk inc flu hosp,0,2026-02-21,37,quantile,0.7,224.0
2026-02-21,wk inc flu hosp,0,2026-02-21,37,quantile,0.75,235.0
2026-02-21,wk inc flu hosp,0,2026-02-21,37,quantile,0.8,246.0
2026-02-21,wk inc flu hosp,0,2026-02-21,37,quantile,0.85,257.0
2026-02-21,wk inc flu hosp,0,2026-02-21,37,quantile,0.9,275.0
2026-02-21,wk inc flu hosp,0,2026-02-21,37,quantile,0.95,303.0
2026-02-21,wk inc flu hosp,0,2026-02-21,37,quantile,0.975,320.0
2026-02-21,wk inc flu hosp,0,2026-02-21,37,quantile,0.99,340.0
2026-02-21,wk inc flu hosp,0,2026-02-21,38,quantile,0.01,0.0
2026-02-21,wk inc flu hosp,0,2026-02-21,38,quantile,0.025,1.0
2026-02-21,wk inc flu hosp,0,2026-02-21,38,quantile,0.05,2.0
2026-02-21,wk inc flu hosp,0,2026-02-21,38,quantile,0.1,3.0
2026-02-21,wk inc flu hosp,0,2026-02-21,38,quantile,0.15,3.0
2026-02-21,wk inc flu hosp,0,2026-02-21,38,quantile,0.2,4.0
2026-02-21,wk inc flu hosp,0,2026-02-21,38,quantile,0.25,6.0
2026-02-21,wk inc flu hosp,0,2026-02-21,38,quantile,0.3,8.0
2026-02-21,wk inc flu hosp,0,2026-02-21,38,quantile,0.35,8.0
2026-02-21,wk inc flu hosp,0,2026-02-21,38,quantile,0.4,10.0
2026-02-21,wk inc flu hosp,0,2026-02-21,38,quantile,0.45,11.0
2026-02-21,wk inc flu hosp,0,2026-02-21,38,quantile,0.5,11.0
2026-02-21,wk inc flu hosp,0,2026-02-21,38,quantile,0.55,12.0
2026-02-21,wk inc flu hosp,0,2026-02-21,38,quantile,0.6,12.0
2026-02-21,wk inc flu hosp,0,2026-02-21,38,quantile,0.65,12.0
2026-02-21,wk inc flu hosp,0,2026-02-21,38,quantile,0.7,13.0
2026-02-21,wk inc flu hosp,0,2026-02-21,38,quantile,0.75,13.0
2026-02-21,wk inc flu hosp,0,2026-02-21,38,quantile,0.8,14.0
2026-02-21,wk inc flu hosp,0,2026-02-21,38,quantile,0.85,14.0
2026-02-21,wk inc flu hosp,0,2026-02-21,38,quantile,0.9,15.0
2026-02-21,wk inc flu hosp,0,2026-02-21,38,quantile,0.95,17.0
2026-02-21,wk inc flu hosp,0,2026-02-21,38,quantile,0.975,18.0
2026-02-21,wk inc flu hosp,0,2026-02-21,38,quantile,0.99,19.0
2026-02-21,wk inc flu hosp,0,2026-02-21,39,quantile,0.01,123.0
2026-02-21,wk inc flu hosp,0,2026-02-21,39,quantile,0.025,155.0
2026-02-21,wk inc flu hosp,0,2026-02-21,39,quantile,0.05,188.0
2026-02-21,wk inc flu hosp,0,2026-02-21,39,quantile,0.1,219.0
2026-02-21,wk inc flu hosp,0,2026-02-21,39,quantile,0.15,241.0
2026-02-21,wk inc flu hosp,0,2026-02-21,39,quantile,0.2,259.0
2026-02-21,wk inc flu hosp,0,2026-02-21,39,quantile,0.25,275.0
2026-02-21,wk inc flu hosp,0,2026-02-21,39,quantile,0.3,287.0
2026-02-21,wk inc flu hosp,0,2026-02-21,39,quantile,0.35,298.0
2026-02-21,wk inc flu hosp,0,2026-02-21,39,quantile,0.4,309.0
2026-02-21,wk inc flu hosp,0,2026-02-21,39,quantile,0.45,322.0
2026-02-21,wk inc flu hosp,0,2026-02-21,39,quantile,0.5,333.0
2026-02-21,wk inc flu hosp,0,2026-02-21,39,quantile,0.55,340.0
2026-02-21,wk inc flu hosp,0,2026-02-21,39,quantile,0.6,347.0
2026-02-21,wk inc flu hosp,0,2026-02-21,39,quantile,0.65,351.0
2026-02-21,wk inc flu hosp,0,2026-02-21,39,quantile,0.7,354.0
2026-02-21,wk inc flu hosp,0,2026-02-21,39,quantile,0.75,360.0
2026-02-21,wk inc flu hosp,0,2026-02-21,39,quantile,0.8,366.0
2026-02-21,wk inc flu hosp,0,2026-02-21,39,quantile,0.85,371.0
2026-02-21,wk inc flu hosp,0,2026-02-21,39,quantile,0.9,379.0
2026-02-21,wk inc flu hosp,0,2026-02-21,39,quantile,0.95,392.0
2026-02-21,wk inc flu hosp,0,2026-02-21,39,quantile,0.975,401.0
2026-02-21,wk inc flu hosp,0,2026-02-21,39,quantile,0.99,421.0
2026-02-21,wk inc flu hosp,0,2026-02-21,40,quantile,0.01,26.0
2026-02-21,wk inc flu hosp,0,2026-02-21,40,quantile,0.025,32.0
2026-02-21,wk inc flu hosp,0,2026-02-21,40,quantile,0.05,38.0
2026-02-21,wk inc flu hosp,0,2026-02-21,40,quantile,0.1,54.0
2026-02-21,wk inc flu hosp,0,2026-02-21,40,quantile,0.15,71.0
2026-02-21,wk inc flu hosp,0,2026-02-21,40,quantile,0.2,85.0
2026-02-21,wk inc flu hosp,0,2026-02-21,40,quantile,0.25,95.0
2026-02-21,wk inc flu hosp,0,2026-02-21,40,quantile,0.3,103.0
2026-02-21,wk inc flu hosp,0,2026-02-21,40,quantile,0.35,112.0
2026-02-21,wk inc flu hosp,0,2026-02-21,40,quantile,0.4,122.0
2026-02-21,wk inc flu hosp,0,2026-02-21,40,quantile,0.45,130.0
2026-02-21,wk inc flu hosp,0,2026-02-21,40,quantile,0.5,137.0
2026-02-21,wk inc flu hosp,0,2026-02-21,40,quantile,0.55,142.0
2026-02-21,wk inc flu hosp,0,2026-02-21,40,quantile,0.6,145.0
2026-02-21,wk inc flu hosp,0,2026-02-21,40,quantile,0.65,149.0
2026-02-21,wk inc flu hosp,0,2026-02-21,40,quantile,0.7,152.0
2026-02-21,wk inc flu hosp,0,2026-02-21,40,quantile,0.75,157.0
2026-02-21,wk inc flu hosp,0,2026-02-21,40,quantile,0.8,161.0
2026-02-21,wk inc flu hosp,0,2026-02-21,40,quantile,0.85,164.0
2026-02-21,wk inc flu hosp,0,2026-02-21,40,quantile,0.9,169.0
2026-02-21,wk inc flu hosp,0,2026-02-21,40,quantile,0.95,177.0
2026-02-21,wk inc flu hosp,0,2026-02-21,40,quantile,0.975,182.0
2026-02-21,wk inc flu hosp,0,2026-02-21,40,quantile,0.99,188.0
2026-02-21,wk inc flu hosp,0,2026-02-21,41,quantile,0.01,146.0
2026-02-21,wk inc flu hosp,0,2026-02-21,41,quantile,0.025,167.0
2026-02-21,wk inc flu hosp,0,2026-02-21,41,quantile,0.05,179.0
2026-02-21,wk inc flu hosp,0,2026-02-21,41,quantile,0.1,188.0
2026-02-21,wk inc flu hosp,0,2026-02-21,41,quantile,0.15,194.0
2026-02-21,wk inc flu hosp,0,2026-02-21,41,quantile,0.2,198.0
2026-02-21,wk inc flu hosp,0,2026-02-21,41,quantile,0.25,202.0
2026-02-21,wk inc flu hosp,0,2026-02-21,41,quantile,0.3,205.0
2026-02-21,wk inc flu hosp,0,2026-02-21,41,quantile,0.35,209.0
2026-02-21,wk inc flu hosp,0,2026-02-21,41,quantile,0.4,212.0
2026-02-21,wk inc flu hosp,0,2026-02-21,41,quantile,0.45,215.0
2026-02-21,wk inc flu hosp,0,2026-02-21,41,quantile,0.5,218.0
2026-02-21,wk inc flu hosp,0,2026-02-21,41,quantile,0.55,221.0
2026-02-21,wk inc flu hosp,0,2026-02-21,41,quantile,0.6,225.0
2026-02-21,wk inc flu hosp,0,2026-02-21,41,quantile,0.65,229.0
2026-02-21,wk inc flu hosp,0,2026-02-21,41,quantile,0.7,232.0
2026-02-21,wk inc flu hosp,0,2026-02-21,41,quantile,0.75,235.0
2026-02-21,wk inc flu hosp,0,2026-02-21,41,quantile,0.8,240.0
2026-02-21,wk inc flu hosp,0,2026-02-21,41,quantile,0.85,244.0
2026-02-21,wk inc flu hosp,0,2026-02-21,41,quantile,0.9,250.0
2026-02-21,wk inc flu hosp,0,2026-02-21,41,quantile,0.95,260.0
2026-02-21,wk inc flu hosp,0,2026-02-21,41,quantile,0.975,268.0
2026-02-21,wk inc flu hosp,0,2026-02-21,41,quantile,0.99,276.0
2026-02-21,wk inc flu hosp,0,2026-02-21,42,quantile,0.01,0.0
2026-02-21,wk inc flu hosp,0,2026-02-21,42,quantile,0.025,13.0
2026-02-21,wk inc flu hosp,0,2026-02-21,42,quantile,0.05,25.0
2026-02-21,wk inc flu hosp,0,2026-02-21,42,quantile,0.1,51.0
2026-02-21,wk inc flu hosp,0,2026-02-21,42,quantile,0.15,84.0
2026-02-21,wk inc flu hosp,0,2026-02-21,42,quantile,0.2,107.0
2026-02-21,wk inc flu hosp,0,2026-02-21,42,quantile,0.25,129.0
2026-02-21,wk inc flu hosp,0,2026-02-21,42,quantile,0.3,145.0
2026-02-21,wk inc flu hosp,0,2026-02-21,42,quantile,0.35,161.0
2026-02-21,wk inc flu hosp,0,2026-02-21,42,quantile,0.4,178.0
2026-02-21,wk inc flu hosp,0,2026-02-21,42,quantile,0.45,194.0
2026-02-21,wk inc flu hosp,0,2026-02-21,42,quantile,0.5,207.0
2026-02-21,wk inc flu hosp,0,2026-02-21,42,quantile,0.55,222.0
2026-02-21,wk inc flu hosp,0,2026-02-21,42,quantile,0.6,237.0
2026-02-21,wk inc flu hosp,0,2026-02-21,42,quantile,0.65,253.0
2026-02-21,wk inc flu hosp,0,2026-02-21,42,quantile,0.7,261.0
2026-02-21,wk inc flu hosp,0,2026-02-21,42,quantile,0.75,272.0
2026-02-21,wk inc flu hosp,0,2026-02-21,42,quantile,0.8,282.0
2026-02-21,wk inc flu hosp,0,2026-02-21,42,quantile,0.85,290.0
2026-02-21,wk inc flu hosp,0,2026-02-21,42,quantile,0.9,303.0
2026-02-21,wk inc flu hosp,0,2026-02-21,42,quantile,0.95,320.0
2026-02-21,wk inc flu hosp,0,2026-02-21,42,quantile,0.975,331.0
2026-02-21,wk inc flu hosp,0,2026-02-21,42,quantile,0.99,344.0
2026-02-21,wk inc flu hosp,0,2026-02-21,44,quantile,0.01,0.0
2026-02-21,wk inc flu hosp,0,2026-02-21,44,quantile,0.025,0.0
2026-02-21,wk inc flu hosp,0,2026-02-21,44,quantile,0.05,0.0
2026-02-21,wk inc flu hosp,0,2026-02-21,44,quantile,0.1,0.0
2026-02-21,wk inc flu hosp,0,2026-02-21,44,quantile,0.15,0.0
2026-02-21,wk inc flu hosp,0,2026-02-21,44,quantile,0.2,2.0
2026-02-21,wk inc flu hosp,0,2026-02-21,44,quantile,0.25,3.0
2026-02-21,wk inc flu hosp,0,2026-02-21,44,quantile,0.3,4.0
2026-02-21,wk inc flu hosp,0,2026-02-21,44,quantile,0.35,5.0
2026-02-21,wk inc flu hosp,0,2026-02-21,44,quantile,0.4,6.0
2026-02-21,wk inc flu hosp,0,2026-02-21,44,quantile,0.45,6.0
2026-02-21,wk inc flu hosp,0,2026-02-21,44,quantile,0.5,6.0
2026-02-21,wk inc flu hosp,0,2026-02-21,44,quantile,0.55,7.0
2026-02-21,wk inc flu hosp,0,2026-02-21,44,quantile,0.6,7.0
2026-02-21,wk inc flu hosp,0,2026-02-21,44,quantile,0.65,7.0
2026-02-21,wk inc flu hosp,0,2026-02-21,44,quantile,0.7,8.0
2026-02-21,wk inc flu hosp,0,2026-02-21,44,quantile,0.75,8.0
2026-02-21,wk inc flu hosp,0,2026-02-21,44,quantile,0.8,9.0
2026-02-21,wk inc flu hosp,0,2026-02-21,44,quantile,0.85,9.0
2026-02-21,wk inc flu hosp,0,2026-02-21,44,quantile,0.9,10.0
2026-02-21,wk inc flu hosp,0,2026-02-21,44,quantile,0.95,11.0
2026-02-21,wk inc flu hosp,0,2026-02-21,44,quantile,0.975,12.0
2026-02-21,wk inc flu hosp,0,2026-02-21,44,quantile,0.99,13.0
2026-02-21,wk inc flu hosp,0,2026-02-21,45,quantile,0.01,28.0
2026-02-21,wk inc flu hosp,0,2026-02-21,45,quantile,0.025,35.0
2026-02-21,wk inc flu hosp,0,2026-02-21,45,quantile,0.05,41.0
2026-02-21,wk inc flu hosp,0,2026-02-21,45,quantile,0.1,50.0
2026-02-21,wk inc flu hosp,0,2026-02-21,45,quantile,0.15,66.0
2026-02-21,wk inc flu hosp,0,2026-02-21,45,quantile,0.2,78.0
2026-02-21,wk inc flu hosp,0,2026-02-21,45,quantile,0.25,95.0
2026-02-21,wk inc flu hosp,0,2026-02-21,45,quantile,0.3,106.0
2026-02-21,wk inc flu hosp,0,2026-02-21,45,quantile,0.35,116.0
2026-02-21,wk inc flu hosp,0,2026-02-21,45,quantile,0.4,124.0
2026-02-21,wk inc flu hosp,0,2026-02-21,45,quantile,0.45,133.0
2026-02-21,wk inc flu hosp,0,2026-02-21,45,quantile,0.5,142.0
2026-02-21,wk inc flu hosp,0,2026-02-21,45,quantile,0.55,150.0
2026-02-21,wk inc flu hosp,0,2026-02-21,45,quantile,0.6,160.0
2026-02-21,wk inc flu hosp,0,2026-02-21,45,quantile,0.65,168.0
2026-02-21,wk inc flu hosp,0,2026-02-21,45,quantile,0.7,171.0
2026-02-21,wk inc flu hosp,0,2026-02-21,45,quantile,0.75,176.0
2026-02-21,wk inc flu hosp,0,2026-02-21,45,quantile,0.8,180.0
2026-02-21,wk inc flu hosp,0,2026-02-21,45,quantile,0.85,184.0
2026-02-21,wk inc flu hosp,0,2026-02-21,45,quantile,0.9,192.0
2026-02-21,wk inc flu hosp,0,2026-02-21,45,quantile,0.95,202.0
2026-02-21,wk inc flu hosp,0,2026-02-21,45,quantile,0.975,208.0
2026-02-21,wk inc flu hosp,0,2026-02-21,45,quantile,0.99,215.0
2026-02-21,wk inc flu hosp,0,2026-02-21,46,quantile,0.01,13.0
2026-02-21,wk inc flu hosp,0,2026-02-21,46,quantile,0.025,15.0
2026-02-21,wk inc flu hosp,0,2026-02-21,46,quantile,0.05,18.0
2026-02-21,wk inc flu hosp,0,2026-02-21,46,quantile,0.1,22.0
2026-02-21,wk inc flu hosp,0,2026-02-21,46,quantile,0.15,24.0
2026-02-21,wk inc flu hosp,0,2026-02-21,46,quantile,0.2,25.0
2026-02-21,wk inc flu hosp,0,2026-02-21,46,quantile,0.25,27.0
2026-02-21,wk inc flu hosp,0,2026-02-21,46,quantile,0.3,28.0
2026-02-21,wk inc flu hosp,0,2026-02-21,46,quantile,0.35,28.0
2026-02-21,wk inc flu hosp,0,2026-02-21,46,quantile,0.4,29.0
2026-02-21,wk inc flu hosp,0,2026-02-21,46,quantile,0.45,29.0
2026-02-21,wk inc flu hosp,0,2026-02-21,46,quantile,0.5,29.0
2026-02-21,wk inc flu hosp,0,2026-02-21,46,quantile,0.55,30.0
2026-02-21,wk inc flu hosp,0,2026-02-21,46,quantile,0.6,30.0
2026-02-21,wk inc flu hosp,0,2026-02-21,46,quantile,0.65,30.0
2026-02-21,wk inc flu hosp,0,2026-02-21,46,quantile,0.7,31.0
2026-02-21,wk inc flu hosp,0,2026-02-21,46,quantile,0.75,31.0
2026-02-21,wk inc flu hosp,0,2026-02-21,46,quantile,0.8,32.0
2026-02-21,wk inc flu hosp,0,2026-02-21,46,quantile,0.85,32.0
2026-02-21,wk inc flu hosp,0,2026-02-21,46,quantile,0.9,33.0
2026-02-21,wk inc flu hosp,0,2026-02-21,46,quantile,0.95,34.0
2026-02-21,wk inc flu hosp,0,2026-02-21,46,quantile,0.975,35.0
2026-02-21,wk inc flu hosp,0,2026-02-21,46,quantile,0.99,36.0
2026-02-21,wk inc flu hosp,0,2026-02-21,47,quantile,0.01,39.0
2026-02-21,wk inc flu hosp,0,2026-02-21,47,quantile,0.025,47.0
2026-02-21,wk inc flu hosp,0,2026-02-21,47,quantile,0.05,55.0
2026-02-21,wk inc flu hosp,0,2026-02-21,47,quantile,0.1,76.0
2026-02-21,wk inc flu hosp,0,2026-02-21,47,quantile,0.15,95.0
2026-02-21,wk inc flu hosp,0,2026-02-21,47,quantile,0.2,111.0
2026-02-21,wk inc flu hosp,0,2026-02-21,47,quantile,0.25,122.0
2026-02-21,wk inc flu hosp,0,2026-02-21,47,quantile,0.3,132.0
2026-02-21,wk inc flu hosp,0,2026-02-21,47,quantile,0.35,144.0
2026-02-21,wk inc flu hosp,0,2026-02-21,47,quantile,0.4,151.0
2026-02-21,wk inc flu hosp,0,2026-02-21,47,quantile,0.45,159.0
2026-02-21,wk inc flu hosp,0,2026-02-21,47,quantile,0.5,167.0
2026-02-21,wk inc flu hosp,0,2026-02-21,47,quantile,0.55,176.0
2026-02-21,wk inc flu hosp,0,2026-02-21,47,quantile,0.6,185.0
2026-02-21,wk inc flu hosp,0,2026-02-21,47,quantile,0.65,194.0
2026-02-21,wk inc flu hosp,0,2026-02-21,47,quantile,0.7,199.0
2026-02-21,wk inc flu hosp,0,2026-02-21,47,quantile,0.75,205.0
2026-02-21,wk inc flu hosp,0,2026-02-21,47,quantile,0.8,211.0
2026-02-21,wk inc flu hosp,0,2026-02-21,47,quantile,0.85,218.0
2026-02-21,wk inc flu hosp,0,2026-02-21,47,quantile,0.9,229.0
2026-02-21,wk inc flu hosp,0,2026-02-21,47,quantile,0.95,246.0
2026-02-21,wk inc flu hosp,0,2026-02-21,47,quantile,0.975,257.0
2026-02-21,wk inc flu hosp,0,2026-02-21,47,quantile,0.99,272.0
2026-02-21,wk inc flu hosp,0,2026-02-21,48,quantile,0.01,291.0
2026-02-21,wk inc flu hosp,0,2026-02-21,48,quantile,0.025,335.0
2026-02-21,wk inc flu hosp,0,2026-02-21,48,quantile,0.05,458.0
2026-02-21,wk inc flu hosp,0,2026-02-21,48,quantile,0.1,588.0
2026-02-21,wk inc flu hosp,0,2026-02-21,48,quantile,0.15,695.0
2026-02-21,wk inc flu hosp,0,2026-02-21,48,quantile,0.2,770.0
2026-02-21,wk inc flu hosp,0,2026-02-21,48,quantile,0.25,836.0
2026-02-21,wk inc flu hosp,0,2026-02-21,48,quantile,0.3,895.0
2026-02-21,wk inc flu hosp,0,2026-02-21,48,quantile,0.35,944.0
2026-02-21,wk inc flu hosp,0,2026-02-21,48,quantile,0.4,989.0
2026-02-21,wk inc flu hosp,0,2026-02-21,48,quantile,0.45,1036.0
2026-02-21,wk inc flu hosp,0,2026-02-21,48,quantile,0.5,1080.0
2026-02-21,wk inc flu hosp,0,2026-02-21,48,quantile,0.55,1131.0
2026-02-21,wk inc flu hosp,0,2026-02-21,48,quantile,0.6,1182.0
2026-02-21,wk inc flu hosp,0,2026-02-21,48,quantile,0.65,1198.0
2026-02-21,wk inc flu hosp,0,2026-02-21,48,quantile,0.7,1213.0
2026-02-21,wk inc flu hosp,0,2026-02-21,48,quantile,0.75,1234.0
2026-02-21,wk inc flu hosp,0,2026-02-21,48,quantile,0.8,1260.0
2026-02-21,wk inc flu hosp,0,2026-02-21,48,quantile,0.85,1303.0
2026-02-21,wk inc flu hosp,0,2026-02-21,48,quantile,0.9,1356.0
2026-02-21,wk inc flu hosp,0,2026-02-21,48,quantile,0.95,1487.0
2026-02-21,wk inc flu hosp,0,2026-02-21,48,quantile,0.975,1542.0
2026-02-21,wk inc flu hosp,0,2026-02-21,48,quantile,0.99,1584.0
2026-02-21,wk inc flu hosp,0,2026-02-21,49,quantile,0.01,41.0
2026-02-21,wk inc flu hosp,0,2026-02-21,49,quantile,0.025,49.0
2026-02-21,wk inc flu hosp,0,2026-02-21,49,quantile,0.05,56.0
2026-02-21,wk inc flu hosp,0,2026-02-21,49,quantile,0.1,65.0
2026-02-21,wk inc flu hosp,0,2026-02-21,49,quantile,0.15,70.0
2026-02-21,wk inc flu hosp,0,2026-02-21,49,quantile,0.2,75.0
2026-02-21,wk inc flu hosp,0,2026-02-21,49,quantile,0.25,78.0
2026-02-21,wk inc flu hosp,0,2026-02-21,49,quantile,0.3,82.0
2026-02-21,wk inc flu hosp,0,2026-02-21,49,quantile,0.35,85.0
2026-02-21,wk inc flu hosp,0,2026-02-21,49,quantile,0.4,88.0
2026-02-21,wk inc flu hosp,0,2026-02-21,49,quantile,0.45,91.0
2026-02-21,wk inc flu hosp,0,2026-02-21,49,quantile,0.5,95.0
2026-02-21,wk inc flu hosp,0,2026-02-21,49,quantile,0.55,98.0
2026-02-21,wk inc flu hosp,0,2026-02-21,49,quantile,0.6,100.0
2026-02-21,wk inc flu hosp,0,2026-02-21,49,quantile,0.65,101.0
2026-02-21,wk inc flu hosp,0,2026-02-21,49,quantile,0.7,103.0
2026-02-21,wk inc flu hosp,0,2026-02-21,49,quantile,0.75,105.0
2026-02-21,wk inc flu hosp,0,2026-02-21,49,quantile,0.8,107.0
2026-02-21,wk inc flu hosp,0,2026-02-21,49,quantile,0.85,110.0
2026-02-21,wk inc flu hosp,0,2026-02-21,49,quantile,0.9,114.0
2026-02-21,wk inc flu hosp,0,2026-02-21,49,quantile,0.95,122.0
2026-02-21,wk inc flu hosp,0,2026-02-21,49,quantile,0.975,131.0
2026-02-21,wk inc flu hosp,0,2026-02-21,49,quantile,0.99,146.0
2026-02-21,wk inc flu hosp,0,2026-02-21,50,quantile,0.01,2.0
2026-02-21,wk inc flu hosp,0,2026-02-21,50,quantile,0.025,3.0
2026-02-21,wk inc flu hosp,0,2026-02-21,50,quantile,0.05,4.0
2026-02-21,wk inc flu hosp,0,2026-02-21,50,quantile,0.1,5.0
2026-02-21,wk inc flu hosp,0,2026-02-21,50,quantile,0.15,7.0
2026-02-21,wk inc flu hosp,0,2026-02-21,50,quantile,0.2,9.0
2026-02-21,wk inc flu hosp,0,2026-02-21,50,quantile,0.25,11.0
2026-02-21,wk inc flu hosp,0,2026-02-21,50,quantile,0.3,13.0
2026-02-21,wk inc flu hosp,0,2026-02-21,50,quantile,0.35,14.0
2026-02-21,wk inc flu hosp,0,2026-02-21,50,quantile,0.4,15.0
2026-02-21,wk inc flu hosp,0,2026-02-21,50,quantile,0.45,16.0
2026-02-21,wk inc flu hosp,0,2026-02-21,50,quantile,0.5,16.0
2026-02-21,wk inc flu hosp,0,2026-02-21,50,quantile,0.55,16.0
2026-02-21,wk inc flu hosp,0,2026-02-21,50,quantile,0.6,17.0
2026-02-21,wk inc flu hosp,0,2026-02-21,50,quantile,0.65,17.0
2026-02-21,wk inc flu hosp,0,2026-02-21,50,quantile,0.7,18.0
2026-02-21,wk inc flu hosp,0,2026-02-21,50,quantile,0.75,18.0
2026-02-21,wk inc flu hosp,0,2026-02-21,50,quantile,0.8,19.0
2026-02-21,wk inc flu hosp,0,2026-02-21,50,quantile,0.85,19.0
2026-02-21,wk inc flu hosp,0,2026-02-21,50,quantile,0.9,20.0
2026-02-21,wk inc flu hosp,0,2026-02-21,50,quantile,0.95,22.0
2026-02-21,wk inc flu hosp,0,2026-02-21,50,quantile,0.975,23.0
2026-02-21,wk inc flu hosp,0,2026-02-21,50,quantile,0.99,24.0
2026-02-21,wk inc flu hosp,0,2026-02-21,51,quantile,0.01,0.0
2026-02-21,wk inc flu hosp,0,2026-02-21,51,quantile,0.025,0.0
2026-02-21,wk inc flu hosp,0,2026-02-21,51,quantile,0.05,4.0
2026-02-21,wk inc flu hosp,0,2026-02-21,51,quantile,0.1,32.0
2026-02-21,wk inc flu hosp,0,2026-02-21,51,quantile,0.15,55.0
2026-02-21,wk inc flu hosp,0,2026-02-21,51,quantile,0.2,73.0
2026-02-21,wk inc flu hosp,0,2026-02-21,51,quantile,0.25,87.0
2026-02-21,wk inc flu hosp,0,2026-02-21,51,quantile,0.3,100.0
2026-02-21,wk inc flu hosp,0,2026-02-21,51,quantile,0.35,108.0
2026-02-21,wk inc flu hosp,0,2026-02-21,51,quantile,0.4,112.0
2026-02-21,wk inc flu hosp,0,2026-02-21,51,quantile,0.45,116.0
2026-02-21,wk inc flu hosp,0,2026-02-21,51,quantile,0.5,120.0
2026-02-21,wk inc flu hosp,0,2026-02-21,51,quantile,0.55,124.0
2026-02-21,wk inc flu hosp,0,2026-02-21,51,quantile,0.6,130.0
2026-02-21,wk inc flu hosp,0,2026-02-21,51,quantile,0.65,134.0
2026-02-21,wk inc flu hosp,0,2026-02-21,51,quantile,0.7,137.0
2026-02-21,wk inc flu hosp,0,2026-02-21,51,quantile,0.75,142.0
2026-02-21,wk inc flu hosp,0,2026-02-21,51,quantile,0.8,148.0
2026-02-21,wk inc flu hosp,0,2026-02-21,51,quantile,0.85,154.0
2026-02-21,wk inc flu hosp,0,2026-02-21,51,quantile,0.9,163.0
2026-02-21,wk inc flu hosp,0,2026-02-21,51,quantile,0.95,183.0
2026-02-21,wk inc flu hosp,0,2026-02-21,51,quantile,0.975,226.0
2026-02-21,wk inc flu hosp,0,2026-02-21,51,quantile,0.99,246.0
2026-02-21,wk inc flu hosp,0,2026-02-21,53,quantile,0.01,138.0
2026-02-21,wk inc flu hosp,0,2026-02-21,53,quantile,0.025,164.0
2026-02-21,wk inc flu hosp,0,2026-02-21,53,quantile,0.05,190.0
2026-02-21,wk inc flu hosp,0,2026-02-21,53,quantile,0.1,216.0
2026-02-21,wk inc flu hosp,0,2026-02-21,53,quantile,0.15,230.0
2026-02-21,wk inc flu hosp,0,2026-02-21,53,quantile,0.2,242.0
2026-02-21,wk inc flu hosp,0,2026-02-21,53,quantile,0.25,250.0
2026-02-21,wk inc flu hosp,0,2026-02-21,53,quantile,0.3,257.0
2026-02-21,wk inc flu hosp,0,2026-02-21,53,quantile,0.35,266.0
2026-02-21,wk inc flu hosp,0,2026-02-21,53,quantile,0.4,273.0
2026-02-21,wk inc flu hosp,0,2026-02-21,53,quantile,0.45,280.0
2026-02-21,wk inc flu hosp,0,2026-02-21,53,quantile,0.5,288.0
2026-02-21,wk inc flu hosp,0,2026-02-21,53,quantile,0.55,295.0
2026-02-21,wk inc flu hosp,0,2026-02-21,53,quantile,0.6,302.0
2026-02-21,wk inc flu hosp,0,2026-02-21,53,quantile,0.65,308.0
2026-02-21,wk inc flu hosp,0,2026-02-21,53,quantile,0.7,315.0
2026-02-21,wk inc flu hosp,0,2026-02-21,53,quantile,0.75,320.0
2026-02-21,wk inc flu hosp,0,2026-02-21,53,quantile,0.8,328.0
2026-02-21,wk inc flu hosp,0,2026-02-21,53,quantile,0.85,333.0
2026-02-21,wk inc flu hosp,0,2026-02-21,53,quantile,0.9,339.0
2026-02-21,wk inc flu hosp,0,2026-02-21,53,quantile,0.95,354.0
2026-02-21,wk inc flu hosp,0,2026-02-21,53,quantile,0.975,369.0
2026-02-21,wk inc flu hosp,0,2026-02-21,53,quantile,0.99,390.0
2026-02-21,wk inc flu hosp,0,2026-02-21,54,quantile,0.01,5.0
2026-02-21,wk inc flu hosp,0,2026-02-21,54,quantile,0.025,8.0
2026-02-21,wk inc flu hosp,0,2026-02-21,54,quantile,0.05,10.0
2026-02-21,wk inc flu hosp,0,2026-02-21,54,quantile,0.1,12.0
2026-02-21,wk inc flu hosp,0,2026-02-21,54,quantile,0.15,16.0
2026-02-21,wk inc flu hosp,0,2026-02-21,54,quantile,0.2,22.0
2026-02-21,wk inc flu hosp,0,2026-02-21,54,quantile,0.25,27.0
2026-02-21,wk inc flu hosp,0,2026-02-21,54,quantile,0.3,33.0
2026-02-21,wk inc flu hosp,0,2026-02-21,54,quantile,0.35,37.0
2026-02-21,wk inc flu hosp,0,2026-02-21,54,quantile,0.4,38.0
2026-02-21,wk inc flu hosp,0,2026-02-21,54,quantile,0.45,41.0
2026-02-21,wk inc flu hosp,0,2026-02-21,54,quantile,0.5,43.0
2026-02-21,wk inc flu hosp,0,2026-02-21,54,quantile,0.55,45.0
2026-02-21,wk inc flu hosp,0,2026-02-21,54,quantile,0.6,46.0
2026-02-21,wk inc flu hosp,0,2026-02-21,54,quantile,0.65,47.0
2026-02-21,wk inc flu hosp,0,2026-02-21,54,quantile,0.7,47.0
2026-02-21,wk inc flu hosp,0,2026-02-21,54,quantile,0.75,48.0
2026-02-21,wk inc flu hosp,0,2026-02-21,54,quantile,0.8,50.0
2026-02-21,wk inc flu hosp,0,2026-02-21,54,quantile,0.85,51.0
2026-02-21,wk inc flu hosp,0,2026-02-21,54,quantile,0.9,52.0
2026-02-21,wk inc flu hosp,0,2026-02-21,54,quantile,0.95,55.0
2026-02-21,wk inc flu hosp,0,2026-02-21,54,quantile,0.975,57.0
2026-02-21,wk inc flu hosp,0,2026-02-21,54,quantile,0.99,59.0
2026-02-21,wk inc flu hosp,0,2026-02-21,55,quantile,0.01,43.0
2026-02-21,wk inc flu hosp,0,2026-02-21,55,quantile,0.025,66.0
2026-02-21,wk inc flu hosp,0,2026-02-21,55,quantile,0.05,84.0
2026-02-21,wk inc flu hosp,0,2026-02-21,55,quantile,0.1,107.0
2026-02-21,wk inc flu hosp,0,2026-02-21,55,quantile,0.15,121.0
2026-02-21,wk inc flu hosp,0,2026-02-21,55,quantile,0.2,133.0
2026-02-21,wk inc flu hosp,0,2026-02-21,55,quantile,0.25,140.0
2026-02-21,wk inc flu hosp,0,2026-02-21,55,quantile,0.3,144.0
2026-02-21,wk inc flu hosp,0,2026-02-21,55,quantile,0.35,148.0
2026-02-21,wk inc flu hosp,0,2026-02-21,55,quantile,0.4,151.0
2026-02-21,wk inc flu hosp,0,2026-02-21,55,quantile,0.45,156.0
2026-02-21,wk inc flu hosp,0,2026-02-21,55,quantile,0.5,160.0
2026-02-21,wk inc flu hosp,0,2026-02-21,55,quantile,0.55,163.0
2026-02-21,wk inc flu hosp,0,2026-02-21,55,quantile,0.6,168.0
2026-02-21,wk inc flu hosp,0,2026-02-21,55,quantile,0.65,172.0
2026-02-21,wk inc flu hosp,0,2026-02-21,55,quantile,0.7,176.0
2026-02-21,wk inc flu hosp,0,2026-02-21,55,quantile,0.75,182.0
2026-02-21,wk inc flu hosp,0,2026-02-21,55,quantile,0.8,189.0
2026-02-21,wk inc flu hosp,0,2026-02-21,55,quantile,0.85,196.0
2026-02-21,wk inc flu hosp,0,2026-02-21,55,quantile,0.9,206.0
2026-02-21,wk inc flu hosp,0,2026-02-21,55,quantile,0.95,221.0
2026-02-21,wk inc flu hosp,0,2026-02-21,55,quantile,0.975,232.0
2026-02-21,wk inc flu hosp,0,2026-02-21,55,quantile,0.99,241.0
2026-02-21,wk inc flu hosp,0,2026-02-21,56,quantile,0.01,1.0
2026-02-21,wk inc flu hosp,0,2026-02-21,56,quantile,0.025,1.0
2026-02-21,wk inc flu hosp,0,2026-02-21,56,quantile,0.05,2.0
2026-02-21,wk inc flu hosp,0,2026-02-21,56,quantile,0.1,3.0
2026-02-21,wk inc flu hosp,0,2026-02-21,56,quantile,0.15,4.0
2026-02-21,wk inc flu hosp,0,2026-02-21,56,quantile,0.2,5.0
2026-02-21,wk inc flu hosp,0,2026-02-21,56,quantile,0.25,6.0
2026-02-21,wk inc flu hosp,0,2026-02-21,56,quantile,0.3,6.0
2026-02-21,wk inc flu hosp,0,2026-02-21,56,quantile,0.35,7.0
2026-02-21,wk inc flu hosp,0,2026-02-21,56,quantile,0.4,7.0
2026-02-21,wk inc flu hosp,0,2026-02-21,56,quantile,0.45,8.0
2026-02-21,wk inc flu hosp,0,2026-02-21,56,quantile,0.5,8.0
2026-02-21,wk inc flu hosp,0,2026-02-21,56,quantile,0.55,8.0
2026-02-21,wk inc flu hosp,0,2026-02-21,56,quantile,0.6,8.0
2026-02-21,wk inc flu hosp,0,2026-02-21,56,quantile,0.65,9.0
2026-02-21,wk inc flu hosp,0,2026-02-21,56,quantile,0.7,9.0
2026-02-21,wk inc flu hosp,0,2026-02-21,56,quantile,0.75,9.0
2026-02-21,wk inc flu hosp,0,2026-02-21,56,quantile,0.8,9.0
2026-02-21,wk inc flu hosp,0,2026-02-21,56,quantile,0.85,10.0
2026-02-21,wk inc flu hosp,0,2026-02-21,56,quantile,0.9,10.0
2026-02-21,wk inc flu hosp,0,2026-02-21,56,quantile,0.95,11.0
2026-02-21,wk inc flu hosp,0,2026-02-21,56,quantile,0.975,11.0
2026-02-21,wk inc flu hosp,0,2026-02-21,56,quantile,0.99,12.0
2026-02-21,wk inc flu hosp,0,2026-02-21,US,quantile,0.01,4246.0
2026-02-21,wk inc flu hosp,0,2026-02-21,US,quantile,0.025,5029.0
2026-02-21,wk inc flu hosp,0,2026-02-21,US,quantile,0.05,6039.0
2026-02-21,wk inc flu hosp,0,2026-02-21,US,quantile,0.1,6850.0
2026-02-21,wk inc flu hosp,0,2026-02-21,US,quantile,0.15,7555.0
2026-02-21,wk inc flu hosp,0,2026-02-21,US,quantile,0.2,8059.0
2026-02-21,wk inc flu hosp,0,2026-02-21,US,quantile,0.25,8495.0
2026-02-21,wk inc flu hosp,0,2026-02-21,US,quantile,0.3,8897.0
2026-02-21,wk inc flu hosp,0,2026-02-21,US,quantile,0.35,9257.0
2026-02-21,wk inc flu hosp,0,2026-02-21,US,quantile,0.4,9542.0
2026-02-21,wk inc flu hosp,0,2026-02-21,US,quantile,0.45,9788.0
2026-02-21,wk inc flu hosp,0,2026-02-21,US,quantile,0.5,9938.0
2026-02-21,wk inc flu hosp,0,2026-02-21,US,quantile,0.55,10082.0
2026-02-21,wk inc flu hosp,0,2026-02-21,US,quantile,0.6,10265.0
2026-02-21,wk inc flu hosp,0,2026-02-21,US,quantile,0.65,10439.0
2026-02-21,wk inc flu hosp,0,2026-02-21,US,quantile,0.7,10594.0
2026-02-21,wk inc flu hosp,0,2026-02-21,US,quantile,0.75,10803.0
2026-02-21,wk inc flu hosp,0,2026-02-21,US,quantile,0.8,11022.0
2026-02-21,wk inc flu hosp,0,2026-02-21,US,quantile,0.85,11228.0
2026-02-21,wk inc flu hosp,0,2026-02-21,US,quantile,0.9,11530.0
2026-02-21,wk inc flu hosp,0,2026-02-21,US,quantile,0.95,11959.0
2026-02-21,wk inc flu hosp,0,2026-02-21,US,quantile,0.975,12292.0
2026-02-21,wk inc flu hosp,0,2026-02-21,US,quantile,0.99,12744.0
2026-02-21,wk inc flu hosp,1,2026-02-28,01,quantile,0.01,61.0
2026-02-21,wk inc flu hosp,1,2026-02-28,01,quantile,0.025,82.0
2026-02-21,wk inc flu hosp,1,2026-02-28,01,quantile,0.05,96.0
2026-02-21,wk inc flu hosp,1,2026-02-28,01,quantile,0.1,135.0
2026-02-21,wk inc flu hosp,1,2026-02-28,01,quantile,0.15,171.0
2026-02-21,wk inc flu hosp,1,2026-02-28,01,quantile,0.2,202.0
2026-02-21,wk inc flu hosp,1,2026-02-28,01,quantile,0.25,223.0
2026-02-21,wk inc flu hosp,1,2026-02-28,01,quantile,0.3,242.0
2026-02-21,wk inc flu hosp,1,2026-02-28,01,quantile,0.35,257.0
2026-02-21,wk inc flu hosp,1,2026-02-28,01,quantile,0.4,280.0
2026-02-21,wk inc flu hosp,1,2026-02-28,01,quantile,0.45,298.0
2026-02-21,wk inc flu hosp,1,2026-02-28,01,quantile,0.5,316.0
2026-02-21,wk inc flu hosp,1,2026-02-28,01,quantile,0.55,334.0
2026-02-21,wk inc flu hosp,1,2026-02-28,01,quantile,0.6,351.0
2026-02-21,wk inc flu hosp,1,2026-02-28,01,quantile,0.65,369.0
2026-02-21,wk inc flu hosp,1,2026-02-28,01,quantile,0.7,387.0
2026-02-21,wk inc flu hosp,1,2026-02-28,01,quantile,0.75,407.0
2026-02-21,wk inc flu hosp,1,2026-02-28,01,quantile,0.8,429.0
2026-02-21,wk inc flu hosp,1,2026-02-28,01,quantile,0.85,442.0
2026-02-21,wk inc flu hosp,1,2026-02-28,01,quantile,0.9,461.0
2026-02-21,wk inc flu hosp,1,2026-02-28,01,quantile,0.95,487.0
2026-02-21,wk inc flu hosp,1,2026-02-28,01,quantile,0.975,505.0
2026-02-21,wk inc flu hosp,1,2026-02-28,01,quantile,0.99,525.0
2026-02-21,wk inc flu hosp,1,2026-02-28,02,quantile,0.01,1.0
2026-02-21,wk inc flu hosp,1,2026-02-28,02,quantile,0.025,3.0
2026-02-21,wk inc flu hosp,1,2026-02-28,02,quantile,0.05,4.0
2026-02-21,wk inc flu hosp,1,2026-02-28,02,quantile,0.1,6.0
2026-02-21,wk inc flu hosp,1,2026-02-28,02,quantile,0.15,7.0
2026-02-21,wk inc flu hosp,1,2026-02-28,02,quantile,0.2,8.0
2026-02-21,wk inc flu hosp,1,2026-02-28,02,quantile,0.25,8.0
2026-02-21,wk inc flu hosp,1,2026-02-28,02,quantile,0.3,9.0
2026-02-21,wk inc flu hosp,1,2026-02-28,02,quantile,0.35,10.0
2026-02-21,wk inc flu hosp,1,2026-02-28,02,quantile,0.4,11.0
2026-02-21,wk inc flu hosp,1,2026-02-28,02,quantile,0.45,11.0
2026-02-21,wk inc flu hosp,1,2026-02-28,02,quantile,0.5,12.0
2026-02-21,wk inc flu hosp,1,2026-02-28,02,quantile,0.55,13.0
2026-02-21,wk inc flu hosp,1,2026-02-28,02,quantile,0.6,13.0
2026-02-21,wk inc flu hosp,1,2026-02-28,02,quantile,0.65,14.0
2026-02-21,wk inc flu hosp,1,2026-02-28,02,quantile,0.7,14.0
2026-02-21,wk inc flu hosp,1,2026-02-28,02,quantile,0.75,15.0
2026-02-21,wk inc flu hosp,1,2026-02-28,02,quantile,0.8,15.0
2026-02-21,wk inc flu hosp,1,2026-02-28,02,quantile,0.85,16.0
2026-02-21,wk inc flu hosp,1,2026-02-28,02,quantile,0.9,17.0
2026-02-21,wk inc flu hosp,1,2026-02-28,02,quantile,0.95,19.0
2026-02-21,wk inc flu hosp,1,2026-02-28,02,quantile,0.975,20.0
2026-02-21,wk inc flu hosp,1,2026-02-28,02,quantile,0.99,22.0
2026-02-21,wk inc flu hosp,1,2026-02-28,04,quantile,0.01,83.0
2026-02-21,wk inc flu hosp,1,2026-02-28,04,quantile,0.025,106.0
2026-02-21,wk inc flu hosp,1,2026-02-28,04,quantile,0.05,128.0
2026-02-21,wk inc flu hosp,1,2026-02-28,04,quantile,0.1,148.0
2026-02-21,wk inc flu hosp,1,2026-02-28,04,quantile,0.15,160.0
2026-02-21,wk inc flu hosp,1,2026-02-28,04,quantile,0.2,172.0
2026-02-21,wk inc flu hosp,1,2026-02-28,04,quantile,0.25,182.0
2026-02-21,wk inc flu hosp,1,2026-02-28,04,quantile,0.3,190.0
2026-02-21,wk inc flu hosp,1,2026-02-28,04,quantile,0.35,198.0
2026-02-21,wk inc flu hosp,1,2026-02-28,04,quantile,0.4,205.0
2026-02-21,wk inc flu hosp,1,2026-02-28,04,quantile,0.45,213.0
2026-02-21,wk inc flu hosp,1,2026-02-28,04,quantile,0.5,221.0
2026-02-21,wk inc flu hosp,1,2026-02-28,04,quantile,0.55,229.0
2026-02-21,wk inc flu hosp,1,2026-02-28,04,quantile,0.6,236.0
2026-02-21,wk inc flu hosp,1,2026-02-28,04,quantile,0.65,244.0
2026-02-21,wk inc flu hosp,1,2026-02-28,04,quantile,0.7,252.0
2026-02-21,wk inc flu hosp,1,2026-02-28,04,quantile,0.75,263.0
2026-02-21,wk inc flu hosp,1,2026-02-28,04,quantile,0.8,273.0
2026-02-21,wk inc flu hosp,1,2026-02-28,04,quantile,0.85,284.0
2026-02-21,wk inc flu hosp,1,2026-02-28,04,quantile,0.9,302.0
2026-02-21,wk inc flu hosp,1,2026-02-28,04,quantile,0.95,323.0
2026-02-21,wk inc flu hosp,1,2026-02-28,04,quantile,0.975,341.0
2026-02-21,wk inc flu hosp,1,2026-02-28,04,quantile,0.99,365.0
2026-02-21,wk inc flu hosp,1,2026-02-28,05,quantile,0.01,25.0
2026-02-21,wk inc flu hosp,1,2026-02-28,05,quantile,0.025,34.0
2026-02-21,wk inc flu hosp,1,2026-02-28,05,quantile,0.05,41.0
2026-02-21,wk inc flu hosp,1,2026-02-28,05,quantile,0.1,61.0
2026-02-21,wk inc flu hosp,1,2026-02-28,05,quantile,0.15,74.0
2026-02-21,wk inc flu hosp,1,2026-02-28,05,quantile,0.2,85.0
2026-02-21,wk inc flu hosp,1,2026-02-28,05,quantile,0.25,95.0
2026-02-21,wk inc flu hosp,1,2026-02-28,05,quantile,0.3,103.0
2026-02-21,wk inc flu hosp,1,2026-02-28,05,quantile,0.35,109.0
2026-02-21,wk inc flu hosp,1,2026-02-28,05,quantile,0.4,116.0
2026-02-21,wk inc flu hosp,1,2026-02-28,05,quantile,0.45,122.0
2026-02-21,wk inc flu hosp,1,2026-02-28,05,quantile,0.5,125.0
2026-02-21,wk inc flu hosp,1,2026-02-28,05,quantile,0.55,128.0
2026-02-21,wk inc flu hosp,1,2026-02-28,05,quantile,0.6,131.0
2026-02-21,wk inc flu hosp,1,2026-02-28,05,quantile,0.65,134.0
2026-02-21,wk inc flu hosp,1,2026-02-28,05,quantile,0.7,137.0
2026-02-21,wk inc flu hosp,1,2026-02-28,05,quantile,0.75,141.0
2026-02-21,wk inc flu hosp,1,2026-02-28,05,quantile,0.8,144.0
2026-02-21,wk inc flu hosp,1,2026-02-28,05,quantile,0.85,149.0
2026-02-21,wk inc flu hosp,1,2026-02-28,05,quantile,0.9,155.0
2026-02-21,wk inc flu hosp,1,2026-02-28,05,quantile,0.95,165.0
2026-02-21,wk inc flu hosp,1,2026-02-28,05,quantile,0.975,171.0
2026-02-21,wk inc flu hosp,1,2026-02-28,05,quantile,0.99,179.0
2026-02-21,wk inc flu hosp,1,2026-02-28,06,quantile,0.01,465.0
2026-02-21,wk inc flu hosp,1,2026-02-28,06,quantile,0.025,596.0
2026-02-21,wk inc flu hosp,1,2026-02-28,06,quantile,0.05,702.0
2026-02-21,wk inc flu hosp,1,2026-02-28,06,quantile,0.1,821.0
2026-02-21,wk inc flu hosp,1,2026-02-28,06,quantile,0.15,900.0
2026-02-21,wk inc flu hosp,1,2026-02-28,06,quantile,0.2,960.0
2026-02-21,wk inc flu hosp,1,2026-02-28,06,quantile,0.25,1020.0
2026-02-21,wk inc flu hosp,1,2026-02-28,06,quantile,0.3,1081.0
2026-02-21,wk inc flu hosp,1,2026-02-28,06,quantile,0.35,1135.0
2026-02-21,wk inc flu hosp,1,2026-02-28,06,quantile,0.4,1182.0
2026-02-21,wk inc flu hosp,1,2026-02-28,06,quantile,0.45,1222.0
2026-02-21,wk inc flu hosp,1,2026-02-28,06,quantile,0.5,1268.0
2026-02-21,wk inc flu hosp,1,2026-02-28,06,quantile,0.55,1304.0
2026-02-21,wk inc flu hosp,1,2026-02-28,06,quantile,0.6,1354.0
2026-02-21,wk inc flu hosp,1,2026-02-28,06,quantile,0.65,1400.0
2026-02-21,wk inc flu hosp,1,2026-02-28,06,quantile,0.7,1450.0
2026-02-21,wk inc flu hosp,1,2026-02-28,06,quantile,0.75,1496.0
2026-02-21,wk inc flu hosp,1,2026-02-28,06,quantile,0.8,1550.0
2026-02-21,wk inc flu hosp,1,2026-02-28,06,quantile,0.85,1625.0
2026-02-21,wk inc flu hosp,1,2026-02-28,06,quantile,0.9,1712.0
2026-02-21,wk inc flu hosp,1,2026-02-28,06,quantile,0.95,1820.0
2026-02-21,wk inc flu hosp,1,2026-02-28,06,quantile,0.975,1890.0
2026-02-21,wk inc flu hosp,1,2026-02-28,06,quantile,0.99,1961.0
2026-02-21,wk inc flu hosp,1,2026-02-28,08,quantile,0.01,15.0
2026-02-21,wk inc flu hosp,1,2026-02-28,08,quantile,0.025,21.0
2026-02-21,wk inc flu hosp,1,2026-02-28,08,quantile,0.05,29.0
2026-02-21,wk inc flu hosp,1,2026-02-28,08,quantile,0.1,42.0
2026-02-21,wk inc flu hosp,1,2026-02-28,08,quantile,0.15,51.0
2026-02-21,wk inc flu hosp,1,2026-02-28,08,quantile,0.2,59.0
2026-02-21,wk inc flu hosp,1,2026-02-28,08,quantile,0.25,65.0
2026-02-21,wk inc flu hosp,1,2026-02-28,08,quantile,0.3,71.0
2026-02-21,wk inc flu hosp,1,2026-02-28,08,quantile,0.35,75.0
2026-02-21,wk inc flu hosp,1,2026-02-28,08,quantile,0.4,80.0
2026-02-21,wk inc flu hosp,1,2026-02-28,08,quantile,0.45,84.0
2026-02-21,wk inc flu hosp,1,2026-02-28,08,quantile,0.5,90.0
2026-02-21,wk inc flu hosp,1,2026-02-28,08,quantile,0.55,95.0
2026-02-21,wk inc flu hosp,1,2026-02-28,08,quantile,0.6,100.0
2026-02-21,wk inc flu hosp,1,2026-02-28,08,quantile,0.65,105.0
2026-02-21,wk inc flu hosp,1,2026-02-28,08,quantile,0.7,110.0
2026-02-21,wk inc flu hosp,1,2026-02-28,08,quantile,0.75,115.0
2026-02-21,wk inc flu hosp,1,2026-02-28,08,quantile,0.8,121.0
2026-02-21,wk inc flu hosp,1,2026-02-28,08,quantile,0.85,129.0
2026-02-21,wk inc flu hosp,1,2026-02-28,08,quantile,0.9,137.0
2026-02-21,wk inc flu hosp,1,2026-02-28,08,quantile,0.95,145.0
2026-02-21,wk inc flu hosp,1,2026-02-28,08,quantile,0.975,150.0
2026-02-21,wk inc flu hosp,1,2026-02-28,08,quantile,0.99,170.0
2026-02-21,wk inc flu hosp,1,2026-02-28,09,quantile,0.01,0.0
2026-02-21,wk inc flu hosp,1,2026-02-28,09,quantile,0.025,0.0
2026-02-21,wk inc flu hosp,1,2026-02-28,09,quantile,0.05,0.0
2026-02-21,wk inc flu hosp,1,2026-02-28,09,quantile,0.1,1.0
2026-02-21,wk inc flu hosp,1,2026-02-28,09,quantile,0.15,7.0
2026-02-21,wk inc flu hosp,1,2026-02-28,09,quantile,0.2,11.0
2026-02-21,wk inc flu hosp,1,2026-02-28,09,quantile,0.25,13.0
2026-02-21,wk inc flu hosp,1,2026-02-28,09,quantile,0.3,15.0
2026-02-21,wk inc flu hosp,1,2026-02-28,09,quantile,0.35,17.0
2026-02-21,wk inc flu hosp,1,2026-02-28,09,quantile,0.4,19.0
2026-02-21,wk inc flu hosp,1,2026-02-28,09,quantile,0.45,20.0
2026-02-21,wk inc flu hosp,1,2026-02-28,09,quantile,0.5,22.0
2026-02-21,wk inc flu hosp,1,2026-02-28,09,quantile,0.55,23.0
2026-02-21,wk inc flu hosp,1,2026-02-28,09,quantile,0.6,25.0
2026-02-21,wk inc flu hosp,1,2026-02-28,09,quantile,0.65,27.0
2026-02-21,wk inc flu hosp,1,2026-02-28,09,quantile,0.7,28.0
2026-02-21,wk inc flu hosp,1,2026-02-28,09,quantile,0.75,30.0
2026-02-21,wk inc flu hosp,1,2026-02-28,09,quantile,0.8,32.0
2026-02-21,wk inc flu hosp,1,2026-02-28,09,quantile,0.85,34.0
2026-02-21,wk inc flu hosp,1,2026-02-28,09,quantile,0.9,38.0
2026-02-21,wk inc flu hosp,1,2026-02-28,09,quantile,0.95,43.0
2026-02-21,wk inc flu hosp,1,2026-02-28,09,quantile,0.975,47.0
2026-02-21,wk inc flu hosp,1,2026-02-28,09,quantile,0.99,51.0
2026-02-21,wk inc flu hosp,1,2026-02-28,10,quantile,0.01,0.0
2026-02-21,wk inc flu hosp,1,2026-02-28,10,quantile,0.025,0.0
2026-02-21,wk inc flu hosp,1,2026-02-28,10,quantile,0.05,0.0
2026-02-21,wk inc flu hosp,1,2026-02-28,10,quantile,0.1,1.0
2026-02-21,wk inc flu hosp,1,2026-02-28,10,quantile,0.15,3.0
2026-02-21,wk inc flu hosp,1,2026-02-28,10,quantile,0.2,6.0
2026-02-21,wk inc flu hosp,1,2026-02-28,10,quantile,0.25,8.0
2026-02-21,wk inc flu hosp,1,2026-02-28,10,quantile,0.3,11.0
2026-02-21,wk inc flu hosp,1,2026-02-28,10,quantile,0.35,12.0
2026-02-21,wk inc flu hosp,1,2026-02-28,10,quantile,0.4,13.0
2026-02-21,wk inc flu hosp,1,2026-02-28,10,quantile,0.45,14.0
2026-02-21,wk inc flu hosp,1,2026-02-28,10,quantile,0.5,15.0
2026-02-21,wk inc flu hosp,1,2026-02-28,10,quantile,0.55,16.0
2026-02-21,wk inc flu hosp,1,2026-02-28,10,quantile,0.6,17.0
2026-02-21,wk inc flu hosp,1,2026-02-28,10,quantile,0.65,17.0
2026-02-21,wk inc flu hosp,1,2026-02-28,10,quantile,0.7,18.0
2026-02-21,wk inc flu hosp,1,2026-02-28,10,quantile,0.75,19.0
2026-02-21,wk inc flu hosp,1,2026-02-28,10,quantile,0.8,20.0
2026-02-21,wk inc flu hosp,1,2026-02-28,10,quantile,0.85,21.0
2026-02-21,wk inc flu hosp,1,2026-02-28,10,quantile,0.9,23.0
2026-02-21,wk inc flu hosp,1,2026-02-28,10,quantile,0.95,26.0
2026-02-21,wk inc flu hosp,1,2026-02-28,10,quantile,0.975,29.0
2026-02-21,wk inc flu hosp,1,2026-02-28,10,quantile,0.99,31.0
2026-02-21,wk inc flu hosp,1,2026-02-28,11,quantile,0.01,0.0
2026-02-21,wk inc flu hosp,1,2026-02-28,11,quantile,0.025,0.0
2026-02-21,wk inc flu hosp,1,2026-02-28,11,quantile,0.05,0.0
2026-02-21,wk inc flu hosp,1,2026-02-28,11,quantile,0.1,0.0
2026-02-21,wk inc flu hosp,1,2026-02-28,11,quantile,0.15,0.0
2026-02-21,wk inc flu hosp,1,2026-02-28,11,quantile,0.2,0.0
2026-02-21,wk inc flu hosp,1,2026-02-28,11,quantile,0.25,0.0
2026-02-21,wk inc flu hosp,1,2026-02-28,11,quantile,0.3,0.0
2026-02-21,wk inc flu hosp,1,2026-02-28,11,quantile,0.35,0.0
2026-02-21,wk inc flu hosp,1,2026-02-28,11,quantile,0.4,0.0
2026-02-21,wk inc flu hosp,1,2026-02-28,11,quantile,0.45,0.0
2026-02-21,wk inc flu hosp,1,2026-02-28,11,quantile,0.5,0.0
2026-02-21,wk inc flu hosp,1,2026-02-28,11,quantile,0.55,0.0
2026-02-21,wk inc flu hosp,1,2026-02-28,11,quantile,0.6,0.0
2026-02-21,wk inc flu hosp,1,2026-02-28,11,quantile,0.65,0.0
2026-02-21,wk inc flu hosp,1,2026-02-28,11,quantile,0.7,1.0
2026-02-21,wk inc flu hosp,1,2026-02-28,11,quantile,0.75,1.0
2026-02-21,wk inc flu hosp,1,2026-02-28,11,quantile,0.8,2.0
2026-02-21,wk inc flu hosp,1,2026-02-28,11,quantile,0.85,2.0
2026-02-21,wk inc flu hosp,1,2026-02-28,11,quantile,0.9,3.0
2026-02-21,wk inc flu hosp,1,2026-02-28,11,quantile,0.95,5.0
2026-02-21,wk inc flu hosp,1,2026-02-28,11,quantile,0.975,5.0
2026-02-21,wk inc flu hosp,1,2026-02-28,11,quantile,0.99,6.0
2026-02-21,wk inc flu hosp,1,2026-02-28,12,quantile,0.01,437.0
2026-02-21,wk inc flu hosp,1,2026-02-28,12,quantile,0.025,561.0
2026-02-21,wk inc flu hosp,1,2026-02-28,12,quantile,0.05,667.0
2026-02-21,wk inc flu hosp,1,2026-02-28,12,quantile,0.1,752.0
2026-02-21,wk inc flu hosp,1,2026-02-28,12,quantile,0.15,810.0
2026-02-21,wk inc flu hosp,1,2026-02-28,12,quantile,0.2,861.0
2026-02-21,wk inc flu hosp,1,2026-02-28,12,quantile,0.25,905.0
2026-02-21,wk inc flu hosp,1,2026-02-28,12,quantile,0.3,939.0
2026-02-21,wk inc flu hosp,1,2026-02-28,12,quantile,0.35,976.0
2026-02-21,wk inc flu hosp,1,2026-02-28,12,quantile,0.4,1016.0
2026-02-21,wk inc flu hosp,1,2026-02-28,12,quantile,0.45,1049.0
2026-02-21,wk inc flu hosp,1,2026-02-28,12,quantile,0.5,1087.0
2026-02-21,wk inc flu hosp,1,2026-02-28,12,quantile,0.55,1118.0
2026-02-21,wk inc flu hosp,1,2026-02-28,12,quantile,0.6,1154.0
2026-02-21,wk inc flu hosp,1,2026-02-28,12,quantile,0.65,1183.0
2026-02-21,wk inc flu hosp,1,2026-02-28,12,quantile,0.7,1219.0
2026-02-21,wk inc flu hosp,1,2026-02-28,12,quantile,0.75,1265.0
2026-02-21,wk inc flu hosp,1,2026-02-28,12,quantile,0.8,1305.0
2026-02-21,wk inc flu hosp,1,2026-02-28,12,quantile,0.85,1339.0
2026-02-21,wk inc flu hosp,1,2026-02-28,12,quantile,0.9,1400.0
2026-02-21,wk inc flu hosp,1,2026-02-28,12,quantile,0.95,1503.0
2026-02-21,wk inc flu hosp,1,2026-02-28,12,quantile,0.975,1553.0
2026-02-21,wk inc flu hosp,1,2026-02-28,12,quantile,0.99,1584.0
2026-02-21,wk inc flu hosp,1,2026-02-28,13,quantile,0.01,10.0
2026-02-21,wk inc flu hosp,1,2026-02-28,13,quantile,0.025,32.0
2026-02-21,wk inc flu hosp,1,2026-02-28,13,quantile,0.05,46.0
2026-02-21,wk inc flu hosp,1,2026-02-28,13,quantile,0.1,60.0
2026-02-21,wk inc flu hosp,1,2026-02-28,13,quantile,0.15,70.0
2026-02-21,wk inc flu hosp,1,2026-02-28,13,quantile,0.2,79.0
2026-02-21,wk inc flu hosp,1,2026-02-28,13,quantile,0.25,93.0
2026-02-21,wk inc flu hosp,1,2026-02-28,13,quantile,0.3,117.0
2026-02-21,wk inc flu hosp,1,2026-02-28,13,quantile,0.35,141.0
2026-02-21,wk inc flu hosp,1,2026-02-28,13,quantile,0.4,162.0
2026-02-21,wk inc flu hosp,1,2026-02-28,13,quantile,0.45,182.0
2026-02-21,wk inc flu hosp,1,2026-02-28,13,quantile,0.5,202.0
2026-02-21,wk inc flu hosp,1,2026-02-28,13,quantile,0.55,224.0
2026-02-21,wk inc flu hosp,1,2026-02-28,13,quantile,0.6,247.0
2026-02-21,wk inc flu hosp,1,2026-02-28,13,quantile,0.65,268.0
2026-02-21,wk inc flu hosp,1,2026-02-28,13,quantile,0.7,289.0
2026-02-21,wk inc flu hosp,1,2026-02-28,13,quantile,0.75,310.0
2026-02-21,wk inc flu hosp,1,2026-02-28,13,quantile,0.8,320.0
2026-02-21,wk inc flu hosp,1,2026-02-28,13,quantile,0.85,332.0
2026-02-21,wk inc flu hosp,1,2026-02-28,13,quantile,0.9,349.0
2026-02-21,wk inc flu hosp,1,2026-02-28,13,quantile,0.95,375.0
2026-02-21,wk inc flu hosp,1,2026-02-28,13,quantile,0.975,396.0
2026-02-21,wk inc flu hosp,1,2026-02-28,13,quantile,0.99,415.0
2026-02-21,wk inc flu hosp,1,2026-02-28,15,quantile,0.01,0.0
2026-02-21,wk inc flu hosp,1,2026-02-28,15,quantile,0.025,3.0
2026-02-21,wk inc flu hosp,1,2026-02-28,15,quantile,0.05,6.0
2026-02-21,wk inc flu hosp,1,2026-02-28,15,quantile,0.1,15.0
2026-02-21,wk inc flu hosp,1,2026-02-28,15,quantile,0.15,20.0
2026-02-21,wk inc flu hosp,1,2026-02-28,15,quantile,0.2,25.0
2026-02-21,wk inc flu hosp,1,2026-02-28,15,quantile,0.25,29.0
2026-02-21,wk inc flu hosp,1,2026-02-28,15,quantile,0.3,33.0
2026-02-21,wk inc flu hosp,1,2026-02-28,15,quantile,0.35,36.0
2026-02-21,wk inc flu hosp,1,2026-02-28,15,quantile,0.4,38.0
2026-02-21,wk inc flu hosp,1,2026-02-28,15,quantile,0.45,40.0
2026-02-21,wk inc flu hosp,1,2026-02-28,15,quantile,0.5,41.0
2026-02-21,wk inc flu hosp,1,2026-02-28,15,quantile,0.55,43.0
2026-02-21,wk inc flu hosp,1,2026-02-28,15,quantile,0.6,45.0
2026-02-21,wk inc flu hosp,1,2026-02-28,15,quantile,0.65,46.0
2026-02-21,wk inc flu hosp,1,2026-02-28,15,quantile,0.7,48.0
2026-02-21,wk inc flu hosp,1,2026-02-28,15,quantile,0.75,50.0
2026-02-21,wk inc flu hosp,1,2026-02-28,15,quantile,0.8,52.0
2026-02-21,wk inc flu hosp,1,2026-02-28,15,quantile,0.85,55.0
2026-02-21,wk inc flu hosp,1,2026-02-28,15,quantile,0.9,59.0
2026-02-21,wk inc flu hosp,1,2026-02-28,15,quantile,0.95,65.0
2026-02-21,wk inc flu hosp,1,2026-02-28,15,quantile,0.975,69.0
2026-02-21,wk inc flu hosp,1,2026-02-28,15,quantile,0.99,74.0
2026-02-21,wk inc flu hosp,1,2026-02-28,16,quantile,0.01,11.0
2026-02-21,wk inc flu hosp,1,2026-02-28,16,quantile,0.025,19.0
2026-02-21,wk inc flu hosp,1,2026-02-28,16,quantile,0.05,24.0
2026-02-21,wk inc flu hosp,1,2026-02-28,16,quantile,0.1,30.0
2026-02-21,wk inc flu hosp,1,2026-02-28,16,quantile,0.15,35.0
2026-02-21,wk inc flu hosp,1,2026-02-28,16,quantile,0.2,39.0
2026-02-21,wk inc flu hosp,1,2026-02-28,16,quantile,0.25,43.0
2026-02-21,wk inc flu hosp,1,2026-02-28,16,quantile,0.3,45.0
2026-02-21,wk inc flu hosp,1,2026-02-28,16,quantile,0.35,48.0
2026-02-21,wk inc flu hosp,1,2026-02-28,16,quantile,0.4,52.0
2026-02-21,wk inc flu hosp,1,2026-02-28,16,quantile,0.45,54.0
2026-02-21,wk inc flu hosp,1,2026-02-28,16,quantile,0.5,56.0
2026-02-21,wk inc flu hosp,1,2026-02-28,16,quantile,0.55,58.0
2026-02-21,wk inc flu hosp,1,2026-02-28,16,quantile,0.6,61.0
2026-02-21,wk inc flu hosp,1,2026-02-28,16,quantile,0.65,62.0
2026-02-21,wk inc flu hosp,1,2026-02-28,16,quantile,0.7,63.0
2026-02-21,wk inc flu hosp,1,2026-02-28,16,quantile,0.75,65.0
2026-02-21,wk inc flu hosp,1,2026-02-28,16,quantile,0.8,66.0
2026-02-21,wk inc flu hosp,1,2026-02-28,16,quantile,0.85,68.0
2026-02-21,wk inc flu hosp,1,2026-02-28,16,quantile,0.9,70.0
2026-02-21,wk inc flu hosp,1,2026-02-28,16,quantile,0.95,74.0
2026-02-21,wk inc flu hosp,1,2026-02-28,16,quantile,0.975,80.0
2026-02-21,wk inc flu hosp,1,2026-02-28,16,quantile,0.99,85.0
2026-02-21,wk inc flu hosp,1,2026-02-28,17,quantile,0.01,0.0
2026-02-21,wk inc flu hosp,1,2026-02-28,17,quantile,0.025,24.0
2026-02-21,wk inc flu hosp,1,2026-02-28,17,quantile,0.05,55.0
2026-02-21,wk inc flu hosp,1,2026-02-28,17,quantile,0.1,110.0
2026-02-21,wk inc flu hosp,1,2026-02-28,17,quantile,0.15,156.0
2026-02-21,wk inc flu hosp,1,2026-02-28,17,quantile,0.2,197.0
2026-02-21,wk inc flu hosp,1,2026-02-28,17,quantile,0.25,211.0
2026-02-21,wk inc flu hosp,1,2026-02-28,17,quantile,0.3,223.0
2026-02-21,wk inc flu hosp,1,2026-02-28,17,quantile,0.35,234.0
2026-02-21,wk inc flu hosp,1,2026-02-28,17,quantile,0.4,244.0
2026-02-21,wk inc flu hosp,1,2026-02-28,17,quantile,0.45,254.0
2026-02-21,wk inc flu hosp,1,2026-02-28,17,quantile,0.5,265.0
2026-02-21,wk inc flu hosp,1,2026-02-28,17,quantile,0.55,275.0
2026-02-21,wk inc flu hosp,1,2026-02-28,17,quantile,0.6,285.0
2026-02-21,wk inc flu hosp,1,2026-02-28,17,quantile,0.65,295.0
2026-02-21,wk inc flu hosp,1,2026-02-28,17,quantile,0.7,306.0
2026-02-21,wk inc flu hosp,1,2026-02-28,17,quantile,0.75,320.0
2026-02-21,wk inc flu hosp,1,2026-02-28,17,quantile,0.8,332.0
2026-02-21,wk inc flu hosp,1,2026-02-28,17,quantile,0.85,346.0
2026-02-21,wk inc flu hosp,1,2026-02-28,17,quantile,0.9,368.0
2026-02-21,wk inc flu hosp,1,2026-02-28,17,quantile,0.95,402.0
2026-02-21,wk inc flu hosp,1,2026-02-28,17,quantile,0.975,422.0
2026-02-21,wk inc flu hosp,1,2026-02-28,17,quantile,0.99,445.0
2026-02-21,wk inc flu hosp,1,2026-02-28,18,quantile,0.01,2.0
2026-02-21,wk inc flu hosp,1,2026-02-28,18,quantile,0.025,21.0
2026-02-21,wk inc flu hosp,1,2026-02-28,18,quantile,0.05,32.0
2026-02-21,wk inc flu hosp,1,2026-02-28,18,quantile,0.1,40.0
2026-02-21,wk inc flu hosp,1,2026-02-28,18,quantile,0.15,57.0
2026-02-21,wk inc flu hosp,1,2026-02-28,18,quantile,0.2,71.0
2026-02-21,wk inc flu hosp,1,2026-02-28,18,quantile,0.25,90.0
2026-02-21,wk inc flu hosp,1,2026-02-28,18,quantile,0.3,103.0
2026-02-21,wk inc flu hosp,1,2026-02-28,18,quantile,0.35,118.0
2026-02-21,wk inc flu hosp,1,2026-02-28,18,quantile,0.4,131.0
2026-02-21,wk inc flu hosp,1,2026-02-28,18,quantile,0.45,138.0
2026-02-21,wk inc flu hosp,1,2026-02-28,18,quantile,0.5,145.0
2026-02-21,wk inc flu hosp,1,2026-02-28,18,quantile,0.55,151.0
2026-02-21,wk inc flu hosp,1,2026-02-28,18,quantile,0.6,156.0
2026-02-21,wk inc flu hosp,1,2026-02-28,18,quantile,0.65,162.0
2026-02-21,wk inc flu hosp,1,2026-02-28,18,quantile,0.7,167.0
2026-02-21,wk inc flu hosp,1,2026-02-28,18,quantile,0.75,175.0
2026-02-21,wk inc flu hosp,1,2026-02-28,18,quantile,0.8,181.0
2026-02-21,wk inc flu hosp,1,2026-02-28,18,quantile,0.85,188.0
2026-02-21,wk inc flu hosp,1,2026-02-28,18,quantile,0.9,200.0
2026-02-21,wk inc flu hosp,1,2026-02-28,18,quantile,0.95,220.0
2026-02-21,wk inc flu hosp,1,2026-02-28,18,quantile,0.975,234.0
2026-02-21,wk inc flu hosp,1,2026-02-28,18,quantile,0.99,250.0
2026-02-21,wk inc flu hosp,1,2026-02-28,19,quantile,0.01,19.0
2026-02-21,wk inc flu hosp,1,2026-02-28,19,quantile,0.025,25.0
2026-02-21,wk inc flu hosp,1,2026-02-28,19,quantile,0.05,34.0
2026-02-21,wk inc flu hosp,1,2026-02-28,19,quantile,0.1,46.0
2026-02-21,wk inc flu hosp,1,2026-02-28,19,quantile,0.15,52.0
2026-02-21,wk inc flu hosp,1,2026-02-28,19,quantile,0.2,58.0
2026-02-21,wk inc flu hosp,1,2026-02-28,19,quantile,0.25,64.0
2026-02-21,wk inc flu hosp,1,2026-02-28,19,quantile,0.3,68.0
2026-02-21,wk inc flu hosp,1,2026-02-28,19,quantile,0.35,72.0
2026-02-21,wk inc flu hosp,1,2026-02-28,19,quantile,0.4,76.0
2026-02-21,wk inc flu hosp,1,2026-02-28,19,quantile,0.45,80.0
2026-02-21,wk inc flu hosp,1,2026-02-28,19,quantile,0.5,84.0
2026-02-21,wk inc flu hosp,1,2026-02-28,19,quantile,0.55,87.0
2026-02-21,wk inc flu hosp,1,2026-02-28,19,quantile,0.6,90.0
2026-02-21,wk inc flu hosp,1,2026-02-28,19,quantile,0.65,92.0
2026-02-21,wk inc flu hosp,1,2026-02-28,19,quantile,0.7,95.0
2026-02-21,wk inc flu hosp,1,2026-02-28,19,quantile,0.75,98.0
2026-02-21,wk inc flu hosp,1,2026-02-28,19,quantile,0.8,101.0
2026-02-21,wk inc flu hosp,1,2026-02-28,19,quantile,0.85,104.0
2026-02-21,wk inc flu hosp,1,2026-02-28,19,quantile,0.9,108.0
2026-02-21,wk inc flu hosp,1,2026-02-28,19,quantile,0.95,115.0
2026-02-21,wk inc flu hosp,1,2026-02-28,19,quantile,0.975,120.0
2026-02-21,wk inc flu hosp,1,2026-02-28,19,quantile,0.99,125.0
2026-02-21,wk inc flu hosp,1,2026-02-28,20,quantile,0.01,16.0
2026-02-21,wk inc flu hosp,1,2026-02-28,20,quantile,0.025,24.0
2026-02-21,wk inc flu hosp,1,2026-02-28,20,quantile,0.05,29.0
2026-02-21,wk inc flu hosp,1,2026-02-28,20,quantile,0.1,49.0
2026-02-21,wk inc flu hosp,1,2026-02-28,20,quantile,0.15,63.0
2026-02-21,wk inc flu hosp,1,2026-02-28,20,quantile,0.2,73.0
2026-02-21,wk inc flu hosp,1,2026-02-28,20,quantile,0.25,82.0
2026-02-21,wk inc flu hosp,1,2026-02-28,20,quantile,0.3,91.0
2026-02-21,wk inc flu hosp,1,2026-02-28,20,quantile,0.35,99.0
2026-02-21,wk inc flu hosp,1,2026-02-28,20,quantile,0.4,105.0
2026-02-21,wk inc flu hosp,1,2026-02-28,20,quantile,0.45,114.0
2026-02-21,wk inc flu hosp,1,2026-02-28,20,quantile,0.5,121.0
2026-02-21,wk inc flu hosp,1,2026-02-28,20,quantile,0.55,128.0
2026-02-21,wk inc flu hosp,1,2026-02-28,20,quantile,0.6,135.0
2026-02-21,wk inc flu hosp,1,2026-02-28,20,quantile,0.65,142.0
2026-02-21,wk inc flu hosp,1,2026-02-28,20,quantile,0.7,150.0
2026-02-21,wk inc flu hosp,1,2026-02-28,20,quantile,0.75,154.0
2026-02-21,wk inc flu hosp,1,2026-02-28,20,quantile,0.8,157.0
2026-02-21,wk inc flu hosp,1,2026-02-28,20,quantile,0.85,159.0
2026-02-21,wk inc flu hosp,1,2026-02-28,20,quantile,0.9,164.0
2026-02-21,wk inc flu hosp,1,2026-02-28,20,quantile,0.95,172.0
2026-02-21,wk inc flu hosp,1,2026-02-28,20,quantile,0.975,177.0
2026-02-21,wk inc flu hosp,1,2026-02-28,20,quantile,0.99,184.0
2026-02-21,wk inc flu hosp,1,2026-02-28,21,quantile,0.01,0.0
2026-02-21,wk inc flu hosp,1,2026-02-28,21,quantile,0.025,0.0
2026-02-21,wk inc flu hosp,1,2026-02-28,21,quantile,0.05,0.0
2026-02-21,wk inc flu hosp,1,2026-02-28,21,quantile,0.1,0.0
2026-02-21,wk inc flu hosp,1,2026-02-28,21,quantile,0.15,0.0
2026-02-21,wk inc flu hosp,1,2026-02-28,21,quantile,0.2,2.0
2026-02-21,wk inc flu hosp,1,2026-02-28,21,quantile,0.25,10.0
2026-02-21,wk inc flu hosp,1,2026-02-28,21,quantile,0.3,24.0
2026-02-21,wk inc flu hosp,1,2026-02-28,21,quantile,0.35,37.0
2026-02-21,wk inc flu hosp,1,2026-02-28,21,quantile,0.4,51.0
2026-02-21,wk inc flu hosp,1,2026-02-28,21,quantile,0.45,59.0
2026-02-21,wk inc flu hosp,1,2026-02-28,21,quantile,0.5,63.0
2026-02-21,wk inc flu hosp,1,2026-02-28,21,quantile,0.55,67.0
2026-02-21,wk inc flu hosp,1,2026-02-28,21,quantile,0.6,70.0
2026-02-21,wk inc flu hosp,1,2026-02-28,21,quantile,0.65,74.0
2026-02-21,wk inc flu hosp,1,2026-02-28,21,quantile,0.7,77.0
2026-02-21,wk inc flu hosp,1,2026-02-28,21,quantile,0.75,82.0
2026-02-21,wk inc flu hosp,1,2026-02-28,21,quantile,0.8,87.0
2026-02-21,wk inc flu hosp,1,2026-02-28,21,quantile,0.85,91.0
2026-02-21,wk inc flu hosp,1,2026-02-28,21,quantile,0.9,100.0
2026-02-21,wk inc flu hosp,1,2026-02-28,21,quantile,0.95,114.0
2026-02-21,wk inc flu hosp,1,2026-02-28,21,quantile,0.975,122.0
2026-02-21,wk inc flu hosp,1,2026-02-28,21,quantile,0.99,132.0
2026-02-21,wk inc flu hosp,1,2026-02-28,22,quantile,0.01,66.0
2026-02-21,wk inc flu hosp,1,2026-02-28,22,quantile,0.025,82.0
2026-02-21,wk inc flu hosp,1,2026-02-28,22,quantile,0.05,100.0
2026-02-21,wk inc flu hosp,1,2026-02-28,22,quantile,0.1,116.0
2026-02-21,wk inc flu hosp,1,2026-02-28,22,quantile,0.15,130.0
2026-02-21,wk inc flu hosp,1,2026-02-28,22,quantile,0.2,140.0
2026-02-21,wk inc flu hosp,1,2026-02-28,22,quantile,0.25,145.0
2026-02-21,wk inc flu hosp,1,2026-02-28,22,quantile,0.3,152.0
2026-02-21,wk inc flu hosp,1,2026-02-28,22,quantile,0.35,157.0
2026-02-21,wk inc flu hosp,1,2026-02-28,22,quantile,0.4,165.0
2026-02-21,wk inc flu hosp,1,2026-02-28,22,quantile,0.45,170.0
2026-02-21,wk inc flu hosp,1,2026-02-28,22,quantile,0.5,177.0
2026-02-21,wk inc flu hosp,1,2026-02-28,22,quantile,0.55,182.0
2026-02-21,wk inc flu hosp,1,2026-02-28,22,quantile,0.6,187.0
2026-02-21,wk inc flu hosp,1,2026-02-28,22,quantile,0.65,194.0
2026-02-21,wk inc flu hosp,1,2026-02-28,22,quantile,0.7,200.0
2026-02-21,wk inc flu hosp,1,2026-02-28,22,quantile,0.75,208.0
2026-02-21,wk inc flu hosp,1,2026-02-28,22,quantile,0.8,215.0
2026-02-21,wk inc flu hosp,1,2026-02-28,22,quantile,0.85,224.0
2026-02-21,wk inc flu hosp,1,2026-02-28,22,quantile,0.9,231.0
2026-02-21,wk inc flu hosp,1,2026-02-28,22,quantile,0.95,242.0
2026-02-21,wk inc flu hosp,1,2026-02-28,22,quantile,0.975,249.0
2026-02-21,wk inc flu hosp,1,2026-02-28,22,quantile,0.99,262.0
2026-02-21,wk inc flu hosp,1,2026-02-28,23,quantile,0.01,2.0
2026-02-21,wk inc flu hosp,1,2026-02-28,23,quantile,0.025,4.0
2026-02-21,wk inc flu hosp,1,2026-02-28,23,quantile,0.05,8.0
2026-02-21,wk inc flu hosp,1,2026-02-28,23,quantile,0.1,11.0
2026-02-21,wk inc flu hosp,1,2026-02-28,23,quantile,0.15,14.0
2026-02-21,wk inc flu hosp,1,2026-02-28,23,quantile,0.2,16.0
2026-02-21,wk inc flu hosp,1,2026-02-28,23,quantile,0.25,17.0
2026-02-21,wk inc flu hosp,1,2026-02-28,23,quantile,0.3,19.0
2026-02-21,wk inc flu hosp,1,2026-02-28,23,quantile,0.35,20.0
2026-02-21,wk inc flu hosp,1,2026-02-28,23,quantile,0.4,22.0
2026-02-21,wk inc flu hosp,1,2026-02-28,23,quantile,0.45,23.0
2026-02-21,wk inc flu hosp,1,2026-02-28,23,quantile,0.5,25.0
2026-02-21,wk inc flu hosp,1,2026-02-28,23,quantile,0.55,26.0
2026-02-21,wk inc flu hosp,1,2026-02-28,23,quantile,0.6,27.0
2026-02-21,wk inc flu hosp,1,2026-02-28,23,quantile,0.65,28.0
2026-02-21,wk inc flu hosp,1,2026-02-28,23,quantile,0.7,28.0
2026-02-21,wk inc flu hosp,1,2026-02-28,23,quantile,0.75,29.0
2026-02-21,wk inc flu hosp,1,2026-02-28,23,quantile,0.8,30.0
2026-02-21,wk inc flu hosp,1,2026-02-28,23,quantile,0.85,31.0
2026-02-21,wk inc flu hosp,1,2026-02-28,23,quantile,0.9,33.0
2026-02-21,wk inc flu hosp,1,2026-02-28,23,quantile,0.95,36.0
2026-02-21,wk inc flu hosp,1,2026-02-28,23,quantile,0.975,38.0
2026-02-21,wk inc flu hosp,1,2026-02-28,23,quantile,0.99,40.0
2026-02-21,wk inc flu hosp,1,2026-02-28,24,quantile,0.01,0.0
2026-02-21,wk inc flu hosp,1,2026-02-28,24,quantile,0.025,0.0
2026-02-21,wk inc flu hosp,1,2026-02-28,24,quantile,0.05,0.0
2026-02-21,wk inc flu hosp,1,2026-02-28,24,quantile,0.1,0.0
2026-02-21,wk inc flu hosp,1,2026-02-28,24,quantile,0.15,0.0
2026-02-21,wk inc flu hosp,1,2026-02-28,24,quantile,0.2,0.0
2026-02-21,wk inc flu hosp,1,2026-02-28,24,quantile,0.25,7.0
2026-02-21,wk inc flu hosp,1,2026-02-28,24,quantile,0.3,14.0
2026-02-21,wk inc flu hosp,1,2026-02-28,24,quantile,0.35,15.0
2026-02-21,wk inc flu hosp,1,2026-02-28,24,quantile,0.4,15.0
2026-02-21,wk inc flu hosp,1,2026-02-28,24,quantile,0.45,17.0
2026-02-21,wk inc flu hosp,1,2026-02-28,24,quantile,0.5,22.0
2026-02-21,wk inc flu hosp,1,2026-02-28,24,quantile,0.55,25.0
2026-02-21,wk inc flu hosp,1,2026-02-28,24,quantile,0.6,29.0
2026-02-21,wk inc flu hosp,1,2026-02-28,24,quantile,0.65,32.0
2026-02-21,wk inc flu hosp,1,2026-02-28,24,quantile,0.7,36.0
2026-02-21,wk inc flu hosp,1,2026-02-28,24,quantile,0.75,41.0
2026-02-21,wk inc flu hosp,1,2026-02-28,24,quantile,0.8,45.0
2026-02-21,wk inc flu hosp,1,2026-02-28,24,quantile,0.85,50.0
2026-02-21,wk inc flu hosp,1,2026-02-28,24,quantile,0.9,58.0
2026-02-21,wk inc flu hosp,1,2026-02-28,24,quantile,0.95,72.0
2026-02-21,wk inc flu hosp,1,2026-02-28,24,quantile,0.975,86.0
2026-02-21,wk inc flu hosp,1,2026-02-28,24,quantile,0.99,102.0
2026-02-21,wk inc flu hosp,1,2026-02-28,25,quantile,0.01,0.0
2026-02-21,wk inc flu hosp,1,2026-02-28,25,quantile,0.025,0.0
2026-02-21,wk inc flu hosp,1,2026-02-28,25,quantile,0.05,0.0
2026-02-21,wk inc flu hosp,1,2026-02-28,25,quantile,0.1,0.0
2026-02-21,wk inc flu hosp,1,2026-02-28,25,quantile,0.15,4.0
2026-02-21,wk inc flu hosp,1,2026-02-28,25,quantile,0.2,8.0
2026-02-21,wk inc flu hosp,1,2026-02-28,25,quantile,0.25,14.0
2026-02-21,wk inc flu hosp,1,2026-02-28,25,quantile,0.3,23.0
2026-02-21,wk inc flu hosp,1,2026-02-28,25,quantile,0.35,31.0
2026-02-21,wk inc flu hosp,1,2026-02-28,25,quantile,0.4,38.0
2026-02-21,wk inc flu hosp,1,2026-02-28,25,quantile,0.45,44.0
2026-02-21,wk inc flu hosp,1,2026-02-28,25,quantile,0.5,49.0
2026-02-21,wk inc flu hosp,1,2026-02-28,25,quantile,0.55,52.0
2026-02-21,wk inc flu hosp,1,2026-02-28,25,quantile,0.6,55.0
2026-02-21,wk inc flu hosp,1,2026-02-28,25,quantile,0.65,58.0
2026-02-21,wk inc flu hosp,1,2026-02-28,25,quantile,0.7,60.0
2026-02-21,wk inc flu hosp,1,2026-02-28,25,quantile,0.75,64.0
2026-02-21,wk inc flu hosp,1,2026-02-28,25,quantile,0.8,67.0
2026-02-21,wk inc flu hosp,1,2026-02-28,25,quantile,0.85,71.0
2026-02-21,wk inc flu hosp,1,2026-02-28,25,quantile,0.9,77.0
2026-02-21,wk inc flu hosp,1,2026-02-28,25,quantile,0.95,85.0
2026-02-21,wk inc flu hosp,1,2026-02-28,25,quantile,0.975,91.0
2026-02-21,wk inc flu hosp,1,2026-02-28,25,quantile,0.99,98.0
2026-02-21,wk inc flu hosp,1,2026-02-28,26,quantile,0.01,35.0
2026-02-21,wk inc flu hosp,1,2026-02-28,26,quantile,0.025,49.0
2026-02-21,wk inc flu hosp,1,2026-02-28,26,quantile,0.05,66.0
2026-02-21,wk inc flu hosp,1,2026-02-28,26,quantile,0.1,99.0
2026-02-21,wk inc flu hosp,1,2026-02-28,26,quantile,0.15,124.0
2026-02-21,wk inc flu hosp,1,2026-02-28,26,quantile,0.2,142.0
2026-02-21,wk inc flu hosp,1,2026-02-28,26,quantile,0.25,155.0
2026-02-21,wk inc flu hosp,1,2026-02-28,26,quantile,0.3,169.0
2026-02-21,wk inc flu hosp,1,2026-02-28,26,quantile,0.35,182.0
2026-02-21,wk inc flu hosp,1,2026-02-28,26,quantile,0.4,196.0
2026-02-21,wk inc flu hosp,1,2026-02-28,26,quantile,0.45,209.0
2026-02-21,wk inc flu hosp,1,2026-02-28,26,quantile,0.5,217.0
2026-02-21,wk inc flu hosp,1,2026-02-28,26,quantile,0.55,222.0
2026-02-21,wk inc flu hosp,1,2026-02-28,26,quantile,0.6,227.0
2026-02-21,wk inc flu hosp,1,2026-02-28,26,quantile,0.65,232.0
2026-02-21,wk inc flu hosp,1,2026-02-28,26,quantile,0.7,237.0
2026-02-21,wk inc flu hosp,1,2026-02-28,26,quantile,0.75,242.0
2026-02-21,wk inc flu hosp,1,2026-02-28,26,quantile,0.8,247.0
2026-02-21,wk inc flu hosp,1,2026-02-28,26,quantile,0.85,252.0
2026-02-21,wk inc flu hosp,1,2026-02-28,26,quantile,0.9,261.0
2026-02-21,wk inc flu hosp,1,2026-02-28,26,quantile,0.95,275.0
2026-02-21,wk inc flu hosp,1,2026-02-28,26,quantile,0.975,284.0
2026-02-21,wk inc flu hosp,1,2026-02-28,26,quantile,0.99,317.0
2026-02-21,wk inc flu hosp,1,2026-02-28,27,quantile,0.01,0.0
2026-02-21,wk inc flu hosp,1,2026-02-28,27,quantile,0.025,0.0
2026-02-21,wk inc flu hosp,1,2026-02-28,27,quantile,0.05,8.0
2026-02-21,wk inc flu hosp,1,2026-02-28,27,quantile,0.1,43.0
2026-02-21,wk inc flu hosp,1,2026-02-28,27,quantile,0.15,65.0
2026-02-21,wk inc flu hosp,1,2026-02-28,27,quantile,0.2,74.0
2026-02-21,wk inc flu hosp,1,2026-02-28,27,quantile,0.25,80.0
2026-02-21,wk inc flu hosp,1,2026-02-28,27,quantile,0.3,86.0
2026-02-21,wk inc flu hosp,1,2026-02-28,27,quantile,0.35,92.0
2026-02-21,wk inc flu hosp,1,2026-02-28,27,quantile,0.4,99.0
2026-02-21,wk inc flu hosp,1,2026-02-28,27,quantile,0.45,105.0
2026-02-21,wk inc flu hosp,1,2026-02-28,27,quantile,0.5,111.0
2026-02-21,wk inc flu hosp,1,2026-02-28,27,quantile,0.55,117.0
2026-02-21,wk inc flu hosp,1,2026-02-28,27,quantile,0.6,122.0
2026-02-21,wk inc flu hosp,1,2026-02-28,27,quantile,0.65,128.0
2026-02-21,wk inc flu hosp,1,2026-02-28,27,quantile,0.7,134.0
2026-02-21,wk inc flu hosp,1,2026-02-28,27,quantile,0.75,142.0
2026-02-21,wk inc flu hosp,1,2026-02-28,27,quantile,0.8,149.0
2026-02-21,wk inc flu hosp,1,2026-02-28,27,quantile,0.85,156.0
2026-02-21,wk inc flu hosp,1,2026-02-28,27,quantile,0.9,169.0
2026-02-21,wk inc flu hosp,1,2026-02-28,27,quantile,0.95,188.0
2026-02-21,wk inc flu hosp,1,2026-02-28,27,quantile,0.975,200.0
2026-02-21,wk inc flu hosp,1,2026-02-28,27,quantile,0.99,214.0
2026-02-21,wk inc flu hosp,1,2026-02-28,28,quantile,0.01,30.0
2026-02-21,wk inc flu hosp,1,2026-02-28,28,quantile,0.025,45.0
2026-02-21,wk inc flu hosp,1,2026-02-28,28,quantile,0.05,59.0
2026-02-21,wk inc flu hosp,1,2026-02-28,28,quantile,0.1,74.0
2026-02-21,wk inc flu hosp,1,2026-02-28,28,quantile,0.15,86.0
2026-02-21,wk inc flu hosp,1,2026-02-28,28,quantile,0.2,94.0
2026-02-21,wk inc flu hosp,1,2026-02-28,28,quantile,0.25,103.0
2026-02-21,wk inc flu hosp,1,2026-02-28,28,quantile,0.3,111.0
2026-02-21,wk inc flu hosp,1,2026-02-28,28,quantile,0.35,118.0
2026-02-21,wk inc flu hosp,1,2026-02-28,28,quantile,0.4,124.0
2026-02-21,wk inc flu hosp,1,2026-02-28,28,quantile,0.45,131.0
2026-02-21,wk inc flu hosp,1,2026-02-28,28,quantile,0.5,137.0
2026-02-21,wk inc flu hosp,1,2026-02-28,28,quantile,0.55,144.0
2026-02-21,wk inc flu hosp,1,2026-02-28,28,quantile,0.6,150.0
2026-02-21,wk inc flu hosp,1,2026-02-28,28,quantile,0.65,156.0
2026-02-21,wk inc flu hosp,1,2026-02-28,28,quantile,0.7,163.0
2026-02-21,wk inc flu hosp,1,2026-02-28,28,quantile,0.75,171.0
2026-02-21,wk inc flu hosp,1,2026-02-28,28,quantile,0.8,179.0
2026-02-21,wk inc flu hosp,1,2026-02-28,28,quantile,0.85,191.0
2026-02-21,wk inc flu hosp,1,2026-02-28,28,quantile,0.9,200.0
2026-02-21,wk inc flu hosp,1,2026-02-28,28,quantile,0.95,214.0
2026-02-21,wk inc flu hosp,1,2026-02-28,28,quantile,0.975,226.0
2026-02-21,wk inc flu hosp,1,2026-02-28,28,quantile,0.99,235.0
2026-02-21,wk inc flu hosp,1,2026-02-28,30,quantile,0.01,0.0
2026-02-21,wk inc flu hosp,1,2026-02-28,30,quantile,0.025,1.0
2026-02-21,wk inc flu hosp,1,2026-02-28,30,quantile,0.05,4.0
2026-02-21,wk inc flu hosp,1,2026-02-28,30,quantile,0.1,6.0
2026-02-21,wk inc flu hosp,1,2026-02-28,30,quantile,0.15,9.0
2026-02-21,wk inc flu hosp,1,2026-02-28,30,quantile,0.2,12.0
2026-02-21,wk inc flu hosp,1,2026-02-28,30,quantile,0.25,15.0
2026-02-21,wk inc flu hosp,1,2026-02-28,30,quantile,0.3,17.0
2026-02-21,wk inc flu hosp,1,2026-02-28,30,quantile,0.35,20.0
2026-02-21,wk inc flu hosp,1,2026-02-28,30,quantile,0.4,22.0
2026-02-21,wk inc flu hosp,1,2026-02-28,30,quantile,0.45,24.0
2026-02-21,wk inc flu hosp,1,2026-02-28,30,quantile,0.5,27.0
2026-02-21,wk inc flu hosp,1,2026-02-28,30,quantile,0.55,28.0
2026-02-21,wk inc flu hosp,1,2026-02-28,30,quantile,0.6,30.0
2026-02-21,wk inc flu hosp,1,2026-02-28,30,quantile,0.65,31.0
2026-02-21,wk inc flu hosp,1,2026-02-28,30,quantile,0.7,32.0
2026-02-21,wk inc flu hosp,1,2026-02-28,30,quantile,0.75,34.0
2026-02-21,wk inc flu hosp,1,2026-02-28,30,quantile,0.8,35.0
2026-02-21,wk inc flu hosp,1,2026-02-28,30,quantile,0.85,37.0
2026-02-21,wk inc flu hosp,1,2026-02-28,30,quantile,0.9,40.0
2026-02-21,wk inc flu hosp,1,2026-02-28,30,quantile,0.95,45.0
2026-02-21,wk inc flu hosp,1,2026-02-28,30,quantile,0.975,48.0
2026-02-21,wk inc flu hosp,1,2026-02-28,30,quantile,0.99,52.0
2026-02-21,wk inc flu hosp,1,2026-02-28,31,quantile,0.01,15.0
2026-02-21,wk inc flu hosp,1,2026-02-28,31,quantile,0.025,19.0
2026-02-21,wk inc flu hosp,1,2026-02-28,31,quantile,0.05,26.0
2026-02-21,wk inc flu hosp,1,2026-02-28,31,quantile,0.1,35.0
2026-02-21,wk inc flu hosp,1,2026-02-28,31,quantile,0.15,42.0
2026-02-21,wk inc flu hosp,1,2026-02-28,31,quantile,0.2,47.0
2026-02-21,wk inc flu hosp,1,2026-02-28,31,quantile,0.25,52.0
2026-02-21,wk inc flu hosp,1,2026-02-28,31,quantile,0.3,56.0
2026-02-21,wk inc flu hosp,1,2026-02-28,31,quantile,0.35,59.0
2026-02-21,wk inc flu hosp,1,2026-02-28,31,quantile,0.4,63.0
2026-02-21,wk inc flu hosp,1,2026-02-28,31,quantile,0.45,67.0
2026-02-21,wk inc flu hosp,1,2026-02-28,31,quantile,0.5,71.0
2026-02-21,wk inc flu hosp,1,2026-02-28,31,quantile,0.55,74.0
2026-02-21,wk inc flu hosp,1,2026-02-28,31,quantile,0.6,78.0
2026-02-21,wk inc flu hosp,1,2026-02-28,31,quantile,0.65,81.0
2026-02-21,wk inc flu hosp,1,2026-02-28,31,quantile,0.7,84.0
2026-02-21,wk inc flu hosp,1,2026-02-28,31,quantile,0.75,89.0
2026-02-21,wk inc flu hosp,1,2026-02-28,31,quantile,0.8,93.0
2026-02-21,wk inc flu hosp,1,2026-02-28,31,quantile,0.85,98.0
2026-02-21,wk inc flu hosp,1,2026-02-28,31,quantile,0.9,103.0
2026-02-21,wk inc flu hosp,1,2026-02-28,31,quantile,0.95,108.0
2026-02-21,wk inc flu hosp,1,2026-02-28,31,quantile,0.975,113.0
2026-02-21,wk inc flu hosp,1,2026-02-28,31,quantile,0.99,120.0
2026-02-21,wk inc flu hosp,1,2026-02-28,32,quantile,0.01,8.0
2026-02-21,wk inc flu hosp,1,2026-02-28,32,quantile,0.025,16.0
2026-02-21,wk inc flu hosp,1,2026-02-28,32,quantile,0.05,22.0
2026-02-21,wk inc flu hosp,1,2026-02-28,32,quantile,0.1,31.0
2026-02-21,wk inc flu hosp,1,2026-02-28,32,quantile,0.15,37.0
2026-02-21,wk inc flu hosp,1,2026-02-28,32,quantile,0.2,41.0
2026-02-21,wk inc flu hosp,1,2026-02-28,32,quantile,0.25,45.0
2026-02-21,wk inc flu hosp,1,2026-02-28,32,quantile,0.3,49.0
2026-02-21,wk inc flu hosp,1,2026-02-28,32,quantile,0.35,52.0
2026-02-21,wk inc flu hosp,1,2026-02-28,32,quantile,0.4,56.0
2026-02-21,wk inc flu hosp,1,2026-02-28,32,quantile,0.45,59.0
2026-02-21,wk inc flu hosp,1,2026-02-28,32,quantile,0.5,61.0
2026-02-21,wk inc flu hosp,1,2026-02-28,32,quantile,0.55,63.0
2026-02-21,wk inc flu hosp,1,2026-02-28,32,quantile,0.6,64.0
2026-02-21,wk inc flu hosp,1,2026-02-28,32,quantile,0.65,65.0
2026-02-21,wk inc flu hosp,1,2026-02-28,32,quantile,0.7,67.0
2026-02-21,wk inc flu hosp,1,2026-02-28,32,quantile,0.75,68.0
2026-02-21,wk inc flu hosp,1,2026-02-28,32,quantile,0.8,70.0
2026-02-21,wk inc flu hosp,1,2026-02-28,32,quantile,0.85,72.0
2026-02-21,wk inc flu hosp,1,2026-02-28,32,quantile,0.9,74.0
2026-02-21,wk inc flu hosp,1,2026-02-28,32,quantile,0.95,79.0
2026-02-21,wk inc flu hosp,1,2026-02-28,32,quantile,0.975,82.0
2026-02-21,wk inc flu hosp,1,2026-02-28,32,quantile,0.99,86.0
2026-02-21,wk inc flu hosp,1,2026-02-28,33,quantile,0.01,2.0
2026-02-21,wk inc flu hosp,1,2026-02-28,33,quantile,0.025,4.0
2026-02-21,wk inc flu hosp,1,2026-02-28,33,quantile,0.05,5.0
2026-02-21,wk inc flu hosp,1,2026-02-28,33,quantile,0.1,7.0
2026-02-21,wk inc flu hosp,1,2026-02-28,33,quantile,0.15,8.0
2026-02-21,wk inc flu hosp,1,2026-02-28,33,quantile,0.2,9.0
2026-02-21,wk inc flu hosp,1,2026-02-28,33,quantile,0.25,12.0
2026-02-21,wk inc flu hosp,1,2026-02-28,33,quantile,0.3,15.0
2026-02-21,wk inc flu hosp,1,2026-02-28,33,quantile,0.35,18.0
2026-02-21,wk inc flu hosp,1,2026-02-28,33,quantile,0.4,20.0
2026-02-21,wk inc flu hosp,1,2026-02-28,33,quantile,0.45,22.0
2026-02-21,wk inc flu hosp,1,2026-02-28,33,quantile,0.5,24.0
2026-02-21,wk inc flu hosp,1,2026-02-28,33,quantile,0.55,27.0
2026-02-21,wk inc flu hosp,1,2026-02-28,33,quantile,0.6,29.0
2026-02-21,wk inc flu hosp,1,2026-02-28,33,quantile,0.65,30.0
2026-02-21,wk inc flu hosp,1,2026-02-28,33,quantile,0.7,31.0
2026-02-21,wk inc flu hosp,1,2026-02-28,33,quantile,0.75,31.0
2026-02-21,wk inc flu hosp,1,2026-02-28,33,quantile,0.8,32.0
2026-02-21,wk inc flu hosp,1,2026-02-28,33,quantile,0.85,33.0
2026-02-21,wk inc flu hosp,1,2026-02-28,33,quantile,0.9,34.0
2026-02-21,wk inc flu hosp,1,2026-02-28,33,quantile,0.95,36.0
2026-02-21,wk inc flu hosp,1,2026-02-28,33,quantile,0.975,38.0
2026-02-21,wk inc flu hosp,1,2026-02-28,33,quantile,0.99,41.0
2026-02-21,wk inc flu hosp,1,2026-02-28,34,quantile,0.01,0.0
2026-02-21,wk inc flu hosp,1,2026-02-28,34,quantile,0.025,0.0
2026-02-21,wk inc flu hosp,1,2026-02-28,34,quantile,0.05,0.0
2026-02-21,wk inc flu hosp,1,2026-02-28,34,quantile,0.1,6.0
2026-02-21,wk inc flu hosp,1,2026-02-28,34,quantile,0.15,13.0
2026-02-21,wk inc flu hosp,1,2026-02-28,34,quantile,0.2,30.0
2026-02-21,wk inc flu hosp,1,2026-02-28,34,quantile,0.25,46.0
2026-02-21,wk inc flu hosp,1,2026-02-28,34,quantile,0.3,65.0
2026-02-21,wk inc flu hosp,1,2026-02-28,34,quantile,0.35,82.0
2026-02-21,wk inc flu hosp,1,2026-02-28,34,quantile,0.4,95.0
2026-02-21,wk inc flu hosp,1,2026-02-28,34,quantile,0.45,110.0
2026-02-21,wk inc flu hosp,1,2026-02-28,34,quantile,0.5,121.0
2026-02-21,wk inc flu hosp,1,2026-02-28,34,quantile,0.55,127.0
2026-02-21,wk inc flu hosp,1,2026-02-28,34,quantile,0.6,132.0
2026-02-21,wk inc flu hosp,1,2026-02-28,34,quantile,0.65,137.0
2026-02-21,wk inc flu hosp,1,2026-02-28,34,quantile,0.7,143.0
2026-02-21,wk inc flu hosp,1,2026-02-28,34,quantile,0.75,150.0
2026-02-21,wk inc flu hosp,1,2026-02-28,34,quantile,0.8,156.0
2026-02-21,wk inc flu hosp,1,2026-02-28,34,quantile,0.85,163.0
2026-02-21,wk inc flu hosp,1,2026-02-28,34,quantile,0.9,175.0
2026-02-21,wk inc flu hosp,1,2026-02-28,34,quantile,0.95,193.0
2026-02-21,wk inc flu hosp,1,2026-02-28,34,quantile,0.975,203.0
2026-02-21,wk inc flu hosp,1,2026-02-28,34,quantile,0.99,215.0
2026-02-21,wk inc flu hosp,1,2026-02-28,35,quantile,0.01,6.0
2026-02-21,wk inc flu hosp,1,2026-02-28,35,quantile,0.025,10.0
2026-02-21,wk inc flu hosp,1,2026-02-28,35,quantile,0.05,14.0
2026-02-21,wk inc flu hosp,1,2026-02-28,35,quantile,0.1,20.0
2026-02-21,wk inc flu hosp,1,2026-02-28,35,quantile,0.15,24.0
2026-02-21,wk inc flu hosp,1,2026-02-28,35,quantile,0.2,27.0
2026-02-21,wk inc flu hosp,1,2026-02-28,35,quantile,0.25,30.0
2026-02-21,wk inc flu hosp,1,2026-02-28,35,quantile,0.3,33.0
2026-02-21,wk inc flu hosp,1,2026-02-28,35,quantile,0.35,35.0
2026-02-21,wk inc flu hosp,1,2026-02-28,35,quantile,0.4,37.0
2026-02-21,wk inc flu hosp,1,2026-02-28,35,quantile,0.45,38.0
2026-02-21,wk inc flu hosp,1,2026-02-28,35,quantile,0.5,40.0
2026-02-21,wk inc flu hosp,1,2026-02-28,35,quantile,0.55,41.0
2026-02-21,wk inc flu hosp,1,2026-02-28,35,quantile,0.6,42.0
2026-02-21,wk inc flu hosp,1,2026-02-28,35,quantile,0.65,43.0
2026-02-21,wk inc flu hosp,1,2026-02-28,35,quantile,0.7,44.0
2026-02-21,wk inc flu hosp,1,2026-02-28,35,quantile,0.75,46.0
2026-02-21,wk inc flu hosp,1,2026-02-28,35,quantile,0.8,47.0
2026-02-21,wk inc flu hosp,1,2026-02-28,35,quantile,0.85,49.0
2026-02-21,wk inc flu hosp,1,2026-02-28,35,quantile,0.9,51.0
2026-02-21,wk inc flu hosp,1,2026-02-28,35,quantile,0.95,55.0
2026-02-21,wk inc flu hosp,1,2026-02-28,35,quantile,0.975,58.0
2026-02-21,wk inc flu hosp,1,2026-02-28,35,quantile,0.99,62.0
2026-02-21,wk inc flu hosp,1,2026-02-28,36,quantile,0.01,0.0
2026-02-21,wk inc flu hosp,1,2026-02-28,36,quantile,0.025,0.0
2026-02-21,wk inc flu hosp,1,2026-02-28,36,quantile,0.05,0.0
2026-02-21,wk inc flu hosp,1,2026-02-28,36,quantile,0.1,0.0
2026-02-21,wk inc flu hosp,1,2026-02-28,36,quantile,0.15,0.0
2026-02-21,wk inc flu hosp,1,2026-02-28,36,quantile,0.2,12.0
2026-02-21,wk inc flu hosp,1,2026-02-28,36,quantile,0.25,30.0
2026-02-21,wk inc flu hosp,1,2026-02-28,36,quantile,0.3,48.0
2026-02-21,wk inc flu hosp,1,2026-02-28,36,quantile,0.35,63.0
2026-02-21,wk inc flu hosp,1,2026-02-28,36,quantile,0.4,77.0
2026-02-21,wk inc flu hosp,1,2026-02-28,36,quantile,0.45,91.0
2026-02-21,wk inc flu hosp,1,2026-02-28,36,quantile,0.5,95.0
2026-02-21,wk inc flu hosp,1,2026-02-28,36,quantile,0.55,102.0
2026-02-21,wk inc flu hosp,1,2026-02-28,36,quantile,0.6,110.0
2026-02-21,wk inc flu hosp,1,2026-02-28,36,quantile,0.65,118.0
2026-02-21,wk inc flu hosp,1,2026-02-28,36,quantile,0.7,125.0
2026-02-21,wk inc flu hosp,1,2026-02-28,36,quantile,0.75,133.0
2026-02-21,wk inc flu hosp,1,2026-02-28,36,quantile,0.8,140.0
2026-02-21,wk inc flu hosp,1,2026-02-28,36,quantile,0.85,150.0
2026-02-21,wk inc flu hosp,1,2026-02-28,36,quantile,0.9,164.0
2026-02-21,wk inc flu hosp,1,2026-02-28,36,quantile,0.95,190.0
2026-02-21,wk inc flu hosp,1,2026-02-28,36,quantile,0.975,207.0
2026-02-21,wk inc flu hosp,1,2026-02-28,36,quantile,0.99,235.0
2026-02-21,wk inc flu hosp,1,2026-02-28,37,quantile,0.01,0.0
2026-02-21,wk inc flu hosp,1,2026-02-28,37,quantile,0.025,0.0
2026-02-21,wk inc flu hosp,1,2026-02-28,37,quantile,0.05,0.0
2026-02-21,wk inc flu hosp,1,2026-02-28,37,quantile,0.1,0.0
2026-02-21,wk inc flu hosp,1,2026-02-28,37,quantile,0.15,0.0
2026-02-21,wk inc flu hosp,1,2026-02-28,37,quantile,0.2,0.0
2026-02-21,wk inc flu hosp,1,2026-02-28,37,quantile,0.25,13.0
2026-02-21,wk inc flu hosp,1,2026-02-28,37,quantile,0.3,42.0
2026-02-21,wk inc flu hosp,1,2026-02-28,37,quantile,0.35,77.0
2026-02-21,wk inc flu hosp,1,2026-02-28,37,quantile,0.4,102.0
2026-02-21,wk inc flu hosp,1,2026-02-28,37,quantile,0.45,136.0
2026-02-21,wk inc flu hosp,1,2026-02-28,37,quantile,0.5,157.0
2026-02-21,wk inc flu hosp,1,2026-02-28,37,quantile,0.55,166.0
2026-02-21,wk inc flu hosp,1,2026-02-28,37,quantile,0.6,175.0
2026-02-21,wk inc flu hosp,1,2026-02-28,37,quantile,0.65,185.0
2026-02-21,wk inc flu hosp,1,2026-02-28,37,quantile,0.7,195.0
2026-02-21,wk inc flu hosp,1,2026-02-28,37,quantile,0.75,209.0
2026-02-21,wk inc flu hosp,1,2026-02-28,37,quantile,0.8,220.0
2026-02-21,wk inc flu hosp,1,2026-02-28,37,quantile,0.85,234.0
2026-02-21,wk inc flu hosp,1,2026-02-28,37,quantile,0.9,259.0
2026-02-21,wk inc flu hosp,1,2026-02-28,37,quantile,0.95,297.0
2026-02-21,wk inc flu hosp,1,2026-02-28,37,quantile,0.975,318.0
2026-02-21,wk inc flu hosp,1,2026-02-28,37,quantile,0.99,344.0
2026-02-21,wk inc flu hosp,1,2026-02-28,38,quantile,0.01,0.0
2026-02-21,wk inc flu hosp,1,2026-02-28,38,quantile,0.025,0.0
2026-02-21,wk inc flu hosp,1,2026-02-28,38,quantile,0.05,0.0
2026-02-21,wk inc flu hosp,1,2026-02-28,38,quantile,0.1,0.0
2026-02-21,wk inc flu hosp,1,2026-02-28,38,quantile,0.15,1.0
2026-02-21,wk inc flu hosp,1,2026-02-28,38,quantile,0.2,2.0
2026-02-21,wk inc flu hosp,1,2026-02-28,38,quantile,0.25,4.0
2026-02-21,wk inc flu hosp,1,2026-02-28,38,quantile,0.3,6.0
2026-02-21,wk inc flu hosp,1,2026-02-28,38,quantile,0.35,7.0
2026-02-21,wk inc flu hosp,1,2026-02-28,38,quantile,0.4,7.0
2026-02-21,wk inc flu hosp,1,2026-02-28,38,quantile,0.45,8.0
2026-02-21,wk inc flu hosp,1,2026-02-28,38,quantile,0.5,9.0
2026-02-21,wk inc flu hosp,1,2026-02-28,38,quantile,0.55,9.0
2026-02-21,wk inc flu hosp,1,2026-02-28,38,quantile,0.6,9.0
2026-02-21,wk inc flu hosp,1,2026-02-28,38,quantile,0.65,10.0
2026-02-21,wk inc flu hosp,1,2026-02-28,38,quantile,0.7,10.0
2026-02-21,wk inc flu hosp,1,2026-02-28,38,quantile,0.75,11.0
2026-02-21,wk inc flu hosp,1,2026-02-28,38,quantile,0.8,12.0
2026-02-21,wk inc flu hosp,1,2026-02-28,38,quantile,0.85,12.0
2026-02-21,wk inc flu hosp,1,2026-02-28,38,quantile,0.9,13.0
2026-02-21,wk inc flu hosp,1,2026-02-28,38,quantile,0.95,15.0
2026-02-21,wk inc flu hosp,1,2026-02-28,38,quantile,0.975,17.0
2026-02-21,wk inc flu hosp,1,2026-02-28,38,quantile,0.99,18.0
2026-02-21,wk inc flu hosp,1,2026-02-28,39,quantile,0.01,55.0
2026-02-21,wk inc flu hosp,1,2026-02-28,39,quantile,0.025,68.0
2026-02-21,wk inc flu hosp,1,2026-02-28,39,quantile,0.05,99.0
2026-02-21,wk inc flu hosp,1,2026-02-28,39,quantile,0.1,138.0
2026-02-21,wk inc flu hosp,1,2026-02-28,39,quantile,0.15,164.0
2026-02-21,wk inc flu hosp,1,2026-02-28,39,quantile,0.2,188.0
2026-02-21,wk inc flu hosp,1,2026-02-28,39,quantile,0.25,207.0
2026-02-21,wk inc flu hosp,1,2026-02-28,39,quantile,0.3,227.0
2026-02-21,wk inc flu hosp,1,2026-02-28,39,quantile,0.35,244.0
2026-02-21,wk inc flu hosp,1,2026-02-28,39,quantile,0.4,261.0
2026-02-21,wk inc flu hosp,1,2026-02-28,39,quantile,0.45,273.0
2026-02-21,wk inc flu hosp,1,2026-02-28,39,quantile,0.5,285.0
2026-02-21,wk inc flu hosp,1,2026-02-28,39,quantile,0.55,294.0
2026-02-21,wk inc flu hosp,1,2026-02-28,39,quantile,0.6,303.0
2026-02-21,wk inc flu hosp,1,2026-02-28,39,quantile,0.65,314.0
2026-02-21,wk inc flu hosp,1,2026-02-28,39,quantile,0.7,327.0
2026-02-21,wk inc flu hosp,1,2026-02-28,39,quantile,0.75,338.0
2026-02-21,wk inc flu hosp,1,2026-02-28,39,quantile,0.8,352.0
2026-02-21,wk inc flu hosp,1,2026-02-28,39,quantile,0.85,372.0
2026-02-21,wk inc flu hosp,1,2026-02-28,39,quantile,0.9,389.0
2026-02-21,wk inc flu hosp,1,2026-02-28,39,quantile,0.95,417.0
2026-02-21,wk inc flu hosp,1,2026-02-28,39,quantile,0.975,436.0
2026-02-21,wk inc flu hosp,1,2026-02-28,39,quantile,0.99,539.0
2026-02-21,wk inc flu hosp,1,2026-02-28,40,quantile,0.01,5.0
2026-02-21,wk inc flu hosp,1,2026-02-28,40,quantile,0.025,15.0
2026-02-21,wk inc flu hosp,1,2026-02-28,40,quantile,0.05,22.0
2026-02-21,wk inc flu hosp,1,2026-02-28,40,quantile,0.1,28.0
2026-02-21,wk inc flu hosp,1,2026-02-28,40,quantile,0.15,41.0
2026-02-21,wk inc flu hosp,1,2026-02-28,40,quantile,0.2,53.0
2026-02-21,wk inc flu hosp,1,2026-02-28,40,quantile,0.25,66.0
2026-02-21,wk inc flu hosp,1,2026-02-28,40,quantile,0.3,77.0
2026-02-21,wk inc flu hosp,1,2026-02-28,40,quantile,0.35,87.0
2026-02-21,wk inc flu hosp,1,2026-02-28,40,quantile,0.4,98.0
2026-02-21,wk inc flu hosp,1,2026-02-28,40,quantile,0.45,108.0
2026-02-21,wk inc flu hosp,1,2026-02-28,40,quantile,0.5,119.0
2026-02-21,wk inc flu hosp,1,2026-02-28,40,quantile,0.55,127.0
2026-02-21,wk inc flu hosp,1,2026-02-28,40,quantile,0.6,133.0
2026-02-21,wk inc flu hosp,1,2026-02-28,40,quantile,0.65,137.0
2026-02-21,wk inc flu hosp,1,2026-02-28,40,quantile,0.7,141.0
2026-02-21,wk inc flu hosp,1,2026-02-28,40,quantile,0.75,147.0
2026-02-21,wk inc flu hosp,1,2026-02-28,40,quantile,0.8,152.0
2026-02-21,wk inc flu hosp,1,2026-02-28,40,quantile,0.85,157.0
2026-02-21,wk inc flu hosp,1,2026-02-28,40,quantile,0.9,163.0
2026-02-21,wk inc flu hosp,1,2026-02-28,40,quantile,0.95,175.0
2026-02-21,wk inc flu hosp,1,2026-02-28,40,quantile,0.975,182.0
2026-02-21,wk inc flu hosp,1,2026-02-28,40,quantile,0.99,189.0
2026-02-21,wk inc flu hosp,1,2026-02-28,41,quantile,0.01,107.0
2026-02-21,wk inc flu hosp,1,2026-02-28,41,quantile,0.025,131.0
2026-02-21,wk inc flu hosp,1,2026-02-28,41,quantile,0.05,143.0
2026-02-21,wk inc flu hosp,1,2026-02-28,41,quantile,0.1,159.0
2026-02-21,wk inc flu hosp,1,2026-02-28,41,quantile,0.15,167.0
2026-02-21,wk inc flu hosp,1,2026-02-28,41,quantile,0.2,174.0
2026-02-21,wk inc flu hosp,1,2026-02-28,41,quantile,0.25,179.0
2026-02-21,wk inc flu hosp,1,2026-02-28,41,quantile,0.3,183.0
2026-02-21,wk inc flu hosp,1,2026-02-28,41,quantile,0.35,187.0
2026-02-21,wk inc flu hosp,1,2026-02-28,41,quantile,0.4,192.0
2026-02-21,wk inc flu hosp,1,2026-02-28,41,quantile,0.45,197.0
2026-02-21,wk inc flu hosp,1,2026-02-28,41,quantile,0.5,201.0
2026-02-21,wk inc flu hosp,1,2026-02-28,41,quantile,0.55,205.0
2026-02-21,wk inc flu hosp,1,2026-02-28,41,quantile,0.6,211.0
2026-02-21,wk inc flu hosp,1,2026-02-28,41,quantile,0.65,215.0
2026-02-21,wk inc flu hosp,1,2026-02-28,41,quantile,0.7,219.0
2026-02-21,wk inc flu hosp,1,2026-02-28,41,quantile,0.75,224.0
2026-02-21,wk inc flu hosp,1,2026-02-28,41,quantile,0.8,229.0
2026-02-21,wk inc flu hosp,1,2026-02-28,41,quantile,0.85,235.0
2026-02-21,wk inc flu hosp,1,2026-02-28,41,quantile,0.9,241.0
2026-02-21,wk inc flu hosp,1,2026-02-28,41,quantile,0.95,257.0
2026-02-21,wk inc flu hosp,1,2026-02-28,41,quantile,0.975,265.0
2026-02-21,wk inc flu hosp,1,2026-02-28,41,quantile,0.99,275.0
2026-02-21,wk inc flu hosp,1,2026-02-28,42,quantile,0.01,0.0
2026-02-21,wk inc flu hosp,1,2026-02-28,42,quantile,0.025,0.0
2026-02-21,wk inc flu hosp,1,2026-02-28,42,quantile,0.05,0.0
2026-02-21,wk inc flu hosp,1,2026-02-28,42,quantile,0.1,5.0
2026-02-21,wk inc flu hosp,1,2026-02-28,42,quantile,0.15,21.0
2026-02-21,wk inc flu hosp,1,2026-02-28,42,quantile,0.2,49.0
2026-02-21,wk inc flu hosp,1,2026-02-28,42,quantile,0.25,76.0
2026-02-21,wk inc flu hosp,1,2026-02-28,42,quantile,0.3,95.0
2026-02-21,wk inc flu hosp,1,2026-02-28,42,quantile,0.35,116.0
2026-02-21,wk inc flu hosp,1,2026-02-28,42,quantile,0.4,137.0
2026-02-21,wk inc flu hosp,1,2026-02-28,42,quantile,0.45,153.0
2026-02-21,wk inc flu hosp,1,2026-02-28,42,quantile,0.5,179.0
2026-02-21,wk inc flu hosp,1,2026-02-28,42,quantile,0.55,197.0
2026-02-21,wk inc flu hosp,1,2026-02-28,42,quantile,0.6,216.0
2026-02-21,wk inc flu hosp,1,2026-02-28,42,quantile,0.65,238.0
2026-02-21,wk inc flu hosp,1,2026-02-28,42,quantile,0.7,264.0
2026-02-21,wk inc flu hosp,1,2026-02-28,42,quantile,0.75,287.0
2026-02-21,wk inc flu hosp,1,2026-02-28,42,quantile,0.8,314.0
2026-02-21,wk inc flu hosp,1,2026-02-28,42,quantile,0.85,345.0
2026-02-21,wk inc flu hosp,1,2026-02-28,42,quantile,0.9,382.0
2026-02-21,wk inc flu hosp,1,2026-02-28,42,quantile,0.95,432.0
2026-02-21,wk inc flu hosp,1,2026-02-28,42,quantile,0.975,453.0
2026-02-21,wk inc flu hosp,1,2026-02-28,42,quantile,0.99,481.0
2026-02-21,wk inc flu hosp,1,2026-02-28,44,quantile,0.01,0.0
2026-02-21,wk inc flu hosp,1,2026-02-28,44,quantile,0.025,0.0
2026-02-21,wk inc flu hosp,1,2026-02-28,44,quantile,0.05,0.0
2026-02-21,wk inc flu hosp,1,2026-02-28,44,quantile,0.1,0.0
2026-02-21,wk inc flu hosp,1,2026-02-28,44,quantile,0.15,0.0
2026-02-21,wk inc flu hosp,1,2026-02-28,44,quantile,0.2,0.0
2026-02-21,wk inc flu hosp,1,2026-02-28,44,quantile,0.25,1.0
2026-02-21,wk inc flu hosp,1,2026-02-28,44,quantile,0.3,2.0
2026-02-21,wk inc flu hosp,1,2026-02-28,44,quantile,0.35,3.0
2026-02-21,wk inc flu hosp,1,2026-02-28,44,quantile,0.4,3.0
2026-02-21,wk inc flu hosp,1,2026-02-28,44,quantile,0.45,4.0
2026-02-21,wk inc flu hosp,1,2026-02-28,44,quantile,0.5,4.0
2026-02-21,wk inc flu hosp,1,2026-02-28,44,quantile,0.55,5.0
2026-02-21,wk inc flu hosp,1,2026-02-28,44,quantile,0.6,5.0
2026-02-21,wk inc flu hosp,1,2026-02-28,44,quantile,0.65,6.0
2026-02-21,wk inc flu hosp,1,2026-02-28,44,quantile,0.7,7.0
2026-02-21,wk inc flu hosp,1,2026-02-28,44,quantile,0.75,7.0
2026-02-21,wk inc flu hosp,1,2026-02-28,44,quantile,0.8,8.0
2026-02-21,wk inc flu hosp,1,2026-02-28,44,quantile,0.85,9.0
2026-02-21,wk inc flu hosp,1,2026-02-28,44,quantile,0.9,10.0
2026-02-21,wk inc flu hosp,1,2026-02-28,44,quantile,0.95,12.0
2026-02-21,wk inc flu hosp,1,2026-02-28,44,quantile,0.975,13.0
2026-02-21,wk inc flu hosp,1,2026-02-28,44,quantile,0.99,15.0
2026-02-21,wk inc flu hosp,1,2026-02-28,45,quantile,0.01,4.0
2026-02-21,wk inc flu hosp,1,2026-02-28,45,quantile,0.025,16.0
2026-02-21,wk inc flu hosp,1,2026-02-28,45,quantile,0.05,23.0
2026-02-21,wk inc flu hosp,1,2026-02-28,45,quantile,0.1,31.0
2026-02-21,wk inc flu hosp,1,2026-02-28,45,quantile,0.15,36.0
2026-02-21,wk inc flu hosp,1,2026-02-28,45,quantile,0.2,40.0
2026-02-21,wk inc flu hosp,1,2026-02-28,45,quantile,0.25,51.0
2026-02-21,wk inc flu hosp,1,2026-02-28,45,quantile,0.3,63.0
2026-02-21,wk inc flu hosp,1,2026-02-28,45,quantile,0.35,75.0
2026-02-21,wk inc flu hosp,1,2026-02-28,45,quantile,0.4,86.0
2026-02-21,wk inc flu hosp,1,2026-02-28,45,quantile,0.45,97.0
2026-02-21,wk inc flu hosp,1,2026-02-28,45,quantile,0.5,108.0
2026-02-21,wk inc flu hosp,1,2026-02-28,45,quantile,0.55,118.0
2026-02-21,wk inc flu hosp,1,2026-02-28,45,quantile,0.6,130.0
2026-02-21,wk inc flu hosp,1,2026-02-28,45,quantile,0.65,141.0
2026-02-21,wk inc flu hosp,1,2026-02-28,45,quantile,0.7,151.0
2026-02-21,wk inc flu hosp,1,2026-02-28,45,quantile,0.75,165.0
2026-02-21,wk inc flu hosp,1,2026-02-28,45,quantile,0.8,172.0
2026-02-21,wk inc flu hosp,1,2026-02-28,45,quantile,0.85,179.0
2026-02-21,wk inc flu hosp,1,2026-02-28,45,quantile,0.9,189.0
2026-02-21,wk inc flu hosp,1,2026-02-28,45,quantile,0.95,204.0
2026-02-21,wk inc flu hosp,1,2026-02-28,45,quantile,0.975,212.0
2026-02-21,wk inc flu hosp,1,2026-02-28,45,quantile,0.99,222.0
2026-02-21,wk inc flu hosp,1,2026-02-28,46,quantile,0.01,6.0
2026-02-21,wk inc flu hosp,1,2026-02-28,46,quantile,0.025,8.0
2026-02-21,wk inc flu hosp,1,2026-02-28,46,quantile,0.05,11.0
2026-02-21,wk inc flu hosp,1,2026-02-28,46,quantile,0.1,15.0
2026-02-21,wk inc flu hosp,1,2026-02-28,46,quantile,0.15,17.0
2026-02-21,wk inc flu hosp,1,2026-02-28,46,quantile,0.2,20.0
2026-02-21,wk inc flu hosp,1,2026-02-28,46,quantile,0.25,21.0
2026-02-21,wk inc flu hosp,1,2026-02-28,46,quantile,0.3,23.0
2026-02-21,wk inc flu hosp,1,2026-02-28,46,quantile,0.35,24.0
2026-02-21,wk inc flu hosp,1,2026-02-28,46,quantile,0.4,24.0
2026-02-21,wk inc flu hosp,1,2026-02-28,46,quantile,0.45,25.0
2026-02-21,wk inc flu hosp,1,2026-02-28,46,quantile,0.5,25.0
2026-02-21,wk inc flu hosp,1,2026-02-28,46,quantile,0.55,26.0
2026-02-21,wk inc flu hosp,1,2026-02-28,46,quantile,0.6,26.0
2026-02-21,wk inc flu hosp,1,2026-02-28,46,quantile,0.65,27.0
2026-02-21,wk inc flu hosp,1,2026-02-28,46,quantile,0.7,27.0
2026-02-21,wk inc flu hosp,1,2026-02-28,46,quantile,0.75,28.0
2026-02-21,wk inc flu hosp,1,2026-02-28,46,quantile,0.8,28.0
2026-02-21,wk inc flu hosp,1,2026-02-28,46,quantile,0.85,29.0
2026-02-21,wk inc flu hosp,1,2026-02-28,46,quantile,0.9,30.0
2026-02-21,wk inc flu hosp,1,2026-02-28,46,quantile,0.95,32.0
2026-02-21,wk inc flu hosp,1,2026-02-28,46,quantile,0.975,33.0
2026-02-21,wk inc flu hosp,1,2026-02-28,46,quantile,0.99,34.0
2026-02-21,wk inc flu hosp,1,2026-02-28,47,quantile,0.01,23.0
2026-02-21,wk inc flu hosp,1,2026-02-28,47,quantile,0.025,36.0
2026-02-21,wk inc flu hosp,1,2026-02-28,47,quantile,0.05,45.0
2026-02-21,wk inc flu hosp,1,2026-02-28,47,quantile,0.1,54.0
2026-02-21,wk inc flu hosp,1,2026-02-28,47,quantile,0.15,65.0
2026-02-21,wk inc flu hosp,1,2026-02-28,47,quantile,0.2,82.0
2026-02-21,wk inc flu hosp,1,2026-02-28,47,quantile,0.25,93.0
2026-02-21,wk inc flu hosp,1,2026-02-28,47,quantile,0.3,107.0
2026-02-21,wk inc flu hosp,1,2026-02-28,47,quantile,0.35,121.0
2026-02-21,wk inc flu hosp,1,2026-02-28,47,quantile,0.4,131.0
2026-02-21,wk inc flu hosp,1,2026-02-28,47,quantile,0.45,141.0
2026-02-21,wk inc flu hosp,1,2026-02-28,47,quantile,0.5,150.0
2026-02-21,wk inc flu hosp,1,2026-02-28,47,quantile,0.55,160.0
2026-02-21,wk inc flu hosp,1,2026-02-28,47,quantile,0.6,170.0
2026-02-21,wk inc flu hosp,1,2026-02-28,47,quantile,0.65,180.0
2026-02-21,wk inc flu hosp,1,2026-02-28,47,quantile,0.7,192.0
2026-02-21,wk inc flu hosp,1,2026-02-28,47,quantile,0.75,203.0
2026-02-21,wk inc flu hosp,1,2026-02-28,47,quantile,0.8,215.0
2026-02-21,wk inc flu hosp,1,2026-02-28,47,quantile,0.85,231.0
2026-02-21,wk inc flu hosp,1,2026-02-28,47,quantile,0.9,247.0
2026-02-21,wk inc flu hosp,1,2026-02-28,47,quantile,0.95,266.0
2026-02-21,wk inc flu hosp,1,2026-02-28,47,quantile,0.975,278.0
2026-02-21,wk inc flu hosp,1,2026-02-28,47,quantile,0.99,291.0
2026-02-21,wk inc flu hosp,1,2026-02-28,48,quantile,0.01,129.0
2026-02-21,wk inc flu hosp,1,2026-02-28,48,quantile,0.025,198.0
2026-02-21,wk inc flu hosp,1,2026-02-28,48,quantile,0.05,243.0
2026-02-21,wk inc flu hosp,1,2026-02-28,48,quantile,0.1,308.0
2026-02-21,wk inc flu hosp,1,2026-02-28,48,quantile,0.15,397.0
2026-02-21,wk inc flu hosp,1,2026-02-28,48,quantile,0.2,473.0
2026-02-21,wk inc flu hosp,1,2026-02-28,48,quantile,0.25,554.0
2026-02-21,wk inc flu hosp,1,2026-02-28,48,quantile,0.3,631.0
2026-02-21,wk inc flu hosp,1,2026-02-28,48,quantile,0.35,696.0
2026-02-21,wk inc flu hosp,1,2026-02-28,48,quantile,0.4,763.0
2026-02-21,wk inc flu hosp,1,2026-02-28,48,quantile,0.45,824.0
2026-02-21,wk inc flu hosp,1,2026-02-28,48,quantile,0.5,896.0
2026-02-21,wk inc flu hosp,1,2026-02-28,48,quantile,0.55,954.0
2026-02-21,wk inc flu hosp,1,2026-02-28,48,quantile,0.6,1015.0
2026-02-21,wk inc flu hosp,1,2026-02-28,48,quantile,0.65,1066.0
2026-02-21,wk inc flu hosp,1,2026-02-28,48,quantile,0.7,1124.0
2026-02-21,wk inc flu hosp,1,2026-02-28,48,quantile,0.75,1152.0
2026-02-21,wk inc flu hosp,1,2026-02-28,48,quantile,0.8,1182.0
2026-02-21,wk inc flu hosp,1,2026-02-28,48,quantile,0.85,1242.0
2026-02-21,wk inc flu hosp,1,2026-02-28,48,quantile,0.9,1322.0
2026-02-21,wk inc flu hosp,1,2026-02-28,48,quantile,0.95,1538.0
2026-02-21,wk inc flu hosp,1,2026-02-28,48,quantile,0.975,1610.0
2026-02-21,wk inc flu hosp,1,2026-02-28,48,quantile,0.99,1672.0
2026-02-21,wk inc flu hosp,1,2026-02-28,49,quantile,0.01,14.0
2026-02-21,wk inc flu hosp,1,2026-02-28,49,quantile,0.025,21.0
2026-02-21,wk inc flu hosp,1,2026-02-28,49,quantile,0.05,31.0
2026-02-21,wk inc flu hosp,1,2026-02-28,49,quantile,0.1,42.0
2026-02-21,wk inc flu hosp,1,2026-02-28,49,quantile,0.15,49.0
2026-02-21,wk inc flu hosp,1,2026-02-28,49,quantile,0.2,55.0
2026-02-21,wk inc flu hosp,1,2026-02-28,49,quantile,0.25,60.0
2026-02-21,wk inc flu hosp,1,2026-02-28,49,quantile,0.3,65.0
2026-02-21,wk inc flu hosp,1,2026-02-28,49,quantile,0.35,69.0
2026-02-21,wk inc flu hosp,1,2026-02-28,49,quantile,0.4,74.0
2026-02-21,wk inc flu hosp,1,2026-02-28,49,quantile,0.45,78.0
2026-02-21,wk inc flu hosp,1,2026-02-28,49,quantile,0.5,82.0
2026-02-21,wk inc flu hosp,1,2026-02-28,49,quantile,0.55,86.0
2026-02-21,wk inc flu hosp,1,2026-02-28,49,quantile,0.6,90.0
2026-02-21,wk inc flu hosp,1,2026-02-28,49,quantile,0.65,95.0
2026-02-21,wk inc flu hosp,1,2026-02-28,49,quantile,0.7,98.0
2026-02-21,wk inc flu hosp,1,2026-02-28,49,quantile,0.75,101.0
2026-02-21,wk inc flu hosp,1,2026-02-28,49,quantile,0.8,104.0
2026-02-21,wk inc flu hosp,1,2026-02-28,49,quantile,0.85,108.0
2026-02-21,wk inc flu hosp,1,2026-02-28,49,quantile,0.9,114.0
2026-02-21,wk inc flu hosp,1,2026-02-28,49,quantile,0.95,124.0
2026-02-21,wk inc flu hosp,1,2026-02-28,49,quantile,0.975,139.0
2026-02-21,wk inc flu hosp,1,2026-02-28,49,quantile,0.99,157.0
2026-02-21,wk inc flu hosp,1,2026-02-28,50,quantile,0.01,0.0
2026-02-21,wk inc flu hosp,1,2026-02-28,50,quantile,0.025,0.0
2026-02-21,wk inc flu hosp,1,2026-02-28,50,quantile,0.05,1.0
2026-02-21,wk inc flu hosp,1,2026-02-28,50,quantile,0.1,2.0
2026-02-21,wk inc flu hosp,1,2026-02-28,50,quantile,0.15,3.0
2026-02-21,wk inc flu hosp,1,2026-02-28,50,quantile,0.2,4.0
2026-02-21,wk inc flu hosp,1,2026-02-28,50,quantile,0.25,7.0
2026-02-21,wk inc flu hosp,1,2026-02-28,50,quantile,0.3,9.0
2026-02-21,wk inc flu hosp,1,2026-02-28,50,quantile,0.35,11.0
2026-02-21,wk inc flu hosp,1,2026-02-28,50,quantile,0.4,12.0
2026-02-21,wk inc flu hosp,1,2026-02-28,50,quantile,0.45,13.0
2026-02-21,wk inc flu hosp,1,2026-02-28,50,quantile,0.5,13.0
2026-02-21,wk inc flu hosp,1,2026-02-28,50,quantile,0.55,14.0
2026-02-21,wk inc flu hosp,1,2026-02-28,50,quantile,0.6,14.0
2026-02-21,wk inc flu hosp,1,2026-02-28,50,quantile,0.65,15.0
2026-02-21,wk inc flu hosp,1,2026-02-28,50,quantile,0.7,15.0
2026-02-21,wk inc flu hosp,1,2026-02-28,50,quantile,0.75,16.0
2026-02-21,wk inc flu hosp,1,2026-02-28,50,quantile,0.8,16.0
2026-02-21,wk inc flu hosp,1,2026-02-28,50,quantile,0.85,17.0
2026-02-21,wk inc flu hosp,1,2026-02-28,50,quantile,0.9,18.0
2026-02-21,wk inc flu hosp,1,2026-02-28,50,quantile,0.95,20.0
2026-02-21,wk inc flu hosp,1,2026-02-28,50,quantile,0.975,22.0
2026-02-21,wk inc flu hosp,1,2026-02-28,50,quantile,0.99,23.0
2026-02-21,wk inc flu hosp,1,2026-02-28,51,quantile,0.01,0.0
2026-02-21,wk inc flu hosp,1,2026-02-28,51,quantile,0.025,0.0
2026-02-21,wk inc flu hosp,1,2026-02-28,51,quantile,0.05,0.0
2026-02-21,wk inc flu hosp,1,2026-02-28,51,quantile,0.1,0.0
2026-02-21,wk inc flu hosp,1,2026-02-28,51,quantile,0.15,0.0
2026-02-21,wk inc flu hosp,1,2026-02-28,51,quantile,0.2,16.0
2026-02-21,wk inc flu hosp,1,2026-02-28,51,quantile,0.25,32.0
2026-02-21,wk inc flu hosp,1,2026-02-28,51,quantile,0.3,51.0
2026-02-21,wk inc flu hosp,1,2026-02-28,51,quantile,0.35,72.0
2026-02-21,wk inc flu hosp,1,2026-02-28,51,quantile,0.4,82.0
2026-02-21,wk inc flu hosp,1,2026-02-28,51,quantile,0.45,90.0
2026-02-21,wk inc flu hosp,1,2026-02-28,51,quantile,0.5,96.0
2026-02-21,wk inc flu hosp,1,2026-02-28,51,quantile,0.55,104.0
2026-02-21,wk inc flu hosp,1,2026-02-28,51,quantile,0.6,115.0
2026-02-21,wk inc flu hosp,1,2026-02-28,51,quantile,0.65,123.0
2026-02-21,wk inc flu hosp,1,2026-02-28,51,quantile,0.7,131.0
2026-02-21,wk inc flu hosp,1,2026-02-28,51,quantile,0.75,139.0
2026-02-21,wk inc flu hosp,1,2026-02-28,51,quantile,0.8,147.0
2026-02-21,wk inc flu hosp,1,2026-02-28,51,quantile,0.85,158.0
2026-02-21,wk inc flu hosp,1,2026-02-28,51,quantile,0.9,176.0
2026-02-21,wk inc flu hosp,1,2026-02-28,51,quantile,0.95,209.0
2026-02-21,wk inc flu hosp,1,2026-02-28,51,quantile,0.975,284.0
2026-02-21,wk inc flu hosp,1,2026-02-28,51,quantile,0.99,353.0
2026-02-21,wk inc flu hosp,1,2026-02-28,53,quantile,0.01,76.0
2026-02-21,wk inc flu hosp,1,2026-02-28,53,quantile,0.025,104.0
2026-02-21,wk inc flu hosp,1,2026-02-28,53,quantile,0.05,125.0
2026-02-21,wk inc flu hosp,1,2026-02-28,53,quantile,0.1,160.0
2026-02-21,wk inc flu hosp,1,2026-02-28,53,quantile,0.15,183.0
2026-02-21,wk inc flu hosp,1,2026-02-28,53,quantile,0.2,195.0
2026-02-21,wk inc flu hosp,1,2026-02-28,53,quantile,0.25,206.0
2026-02-21,wk inc flu hosp,1,2026-02-28,53,quantile,0.3,218.0
2026-02-21,wk inc flu hosp,1,2026-02-28,53,quantile,0.35,227.0
2026-02-21,wk inc flu hosp,1,2026-02-28,53,quantile,0.4,236.0
2026-02-21,wk inc flu hosp,1,2026-02-28,53,quantile,0.45,245.0
2026-02-21,wk inc flu hosp,1,2026-02-28,53,quantile,0.5,254.0
2026-02-21,wk inc flu hosp,1,2026-02-28,53,quantile,0.55,264.0
2026-02-21,wk inc flu hosp,1,2026-02-28,53,quantile,0.6,269.0
2026-02-21,wk inc flu hosp,1,2026-02-28,53,quantile,0.65,277.0
2026-02-21,wk inc flu hosp,1,2026-02-28,53,quantile,0.7,285.0
2026-02-21,wk inc flu hosp,1,2026-02-28,53,quantile,0.75,293.0
2026-02-21,wk inc flu hosp,1,2026-02-28,53,quantile,0.8,302.0
2026-02-21,wk inc flu hosp,1,2026-02-28,53,quantile,0.85,312.0
2026-02-21,wk inc flu hosp,1,2026-02-28,53,quantile,0.9,326.0
2026-02-21,wk inc flu hosp,1,2026-02-28,53,quantile,0.95,349.0
2026-02-21,wk inc flu hosp,1,2026-02-28,53,quantile,0.975,372.0
2026-02-21,wk inc flu hosp,1,2026-02-28,53,quantile,0.99,405.0
2026-02-21,wk inc flu hosp,1,2026-02-28,54,quantile,0.01,0.0
2026-02-21,wk inc flu hosp,1,2026-02-28,54,quantile,0.025,0.0
2026-02-21,wk inc flu hosp,1,2026-02-28,54,quantile,0.05,1.0
2026-02-21,wk inc flu hosp,1,2026-02-28,54,quantile,0.1,4.0
2026-02-21,wk inc flu hosp,1,2026-02-28,54,quantile,0.15,7.0
2026-02-21,wk inc flu hosp,1,2026-02-28,54,quantile,0.2,14.0
2026-02-21,wk inc flu hosp,1,2026-02-28,54,quantile,0.25,19.0
2026-02-21,wk inc flu hosp,1,2026-02-28,54,quantile,0.3,25.0
2026-02-21,wk inc flu hosp,1,2026-02-28,54,quantile,0.35,27.0
2026-02-21,wk inc flu hosp,1,2026-02-28,54,quantile,0.4,29.0
2026-02-21,wk inc flu hosp,1,2026-02-28,54,quantile,0.45,33.0
2026-02-21,wk inc flu hosp,1,2026-02-28,54,quantile,0.5,36.0
2026-02-21,wk inc flu hosp,1,2026-02-28,54,quantile,0.55,38.0
2026-02-21,wk inc flu hosp,1,2026-02-28,54,quantile,0.6,39.0
2026-02-21,wk inc flu hosp,1,2026-02-28,54,quantile,0.65,40.0
2026-02-21,wk inc flu hosp,1,2026-02-28,54,quantile,0.7,41.0
2026-02-21,wk inc flu hosp,1,2026-02-28,54,quantile,0.75,43.0
2026-02-21,wk inc flu hosp,1,2026-02-28,54,quantile,0.8,44.0
2026-02-21,wk inc flu hosp,1,2026-02-28,54,quantile,0.85,45.0
2026-02-21,wk inc flu hosp,1,2026-02-28,54,quantile,0.9,48.0
2026-02-21,wk inc flu hosp,1,2026-02-28,54,quantile,0.95,52.0
2026-02-21,wk inc flu hosp,1,2026-02-28,54,quantile,0.975,54.0
2026-02-21,wk inc flu hosp,1,2026-02-28,54,quantile,0.99,60.0
2026-02-21,wk inc flu hosp,1,2026-02-28,55,quantile,0.01,9.0
2026-02-21,wk inc flu hosp,1,2026-02-28,55,quantile,0.025,30.0
2026-02-21,wk inc flu hosp,1,2026-02-28,55,quantile,0.05,55.0
2026-02-21,wk inc flu hosp,1,2026-02-28,55,quantile,0.1,81.0
2026-02-21,wk inc flu hosp,1,2026-02-28,55,quantile,0.15,101.0
2026-02-21,wk inc flu hosp,1,2026-02-28,55,quantile,0.2,110.0
2026-02-21,wk inc flu hosp,1,2026-02-28,55,quantile,0.25,116.0
2026-02-21,wk inc flu hosp,1,2026-02-28,55,quantile,0.3,122.0
2026-02-21,wk inc flu hosp,1,2026-02-28,55,quantile,0.35,127.0
2026-02-21,wk inc flu hosp,1,2026-02-28,55,quantile,0.4,134.0
2026-02-21,wk inc flu hosp,1,2026-02-28,55,quantile,0.45,140.0
2026-02-21,wk inc flu hosp,1,2026-02-28,55,quantile,0.5,147.0
2026-02-21,wk inc flu hosp,1,2026-02-28,55,quantile,0.55,152.0
2026-02-21,wk inc flu hosp,1,2026-02-28,55,quantile,0.6,158.0
2026-02-21,wk inc flu hosp,1,2026-02-28,55,quantile,0.65,164.0
2026-02-21,wk inc flu hosp,1,2026-02-28,55,quantile,0.7,169.0
2026-02-21,wk inc flu hosp,1,2026-02-28,55,quantile,0.75,177.0
2026-02-21,wk inc flu hosp,1,2026-02-28,55,quantile,0.8,184.0
2026-02-21,wk inc flu hosp,1,2026-02-28,55,quantile,0.85,194.0
2026-02-21,wk inc flu hosp,1,2026-02-28,55,quantile,0.9,208.0
2026-02-21,wk inc flu hosp,1,2026-02-28,55,quantile,0.95,228.0
2026-02-21,wk inc flu hosp,1,2026-02-28,55,quantile,0.975,242.0
2026-02-21,wk inc flu hosp,1,2026-02-28,55,quantile,0.99,254.0
2026-02-21,wk inc flu hosp,1,2026-02-28,56,quantile,0.01,0.0
2026-02-21,wk inc flu hosp,1,2026-02-28,56,quantile,0.025,0.0
2026-02-21,wk inc flu hosp,1,2026-02-28,56,quantile,0.05,0.0
2026-02-21,wk inc flu hosp,1,2026-02-28,56,quantile,0.1,1.0
2026-02-21,wk inc flu hosp,1,2026-02-28,56,quantile,0.15,2.0
2026-02-21,wk inc flu hosp,1,2026-02-28,56,quantile,0.2,3.0
2026-02-21,wk inc flu hosp,1,2026-02-28,56,quantile,0.25,4.0
2026-02-21,wk inc flu hosp,1,2026-02-28,56,quantile,0.3,4.0
2026-02-21,wk inc flu hosp,1,2026-02-28,56,quantile,0.35,5.0
2026-02-21,wk inc flu hosp,1,2026-02-28,56,quantile,0.4,5.0
2026-02-21,wk inc flu hosp,1,2026-02-28,56,quantile,0.45,6.0
2026-02-21,wk inc flu hosp,1,2026-02-28,56,quantile,0.5,7.0
2026-02-21,wk inc flu hosp,1,2026-02-28,56,quantile,0.55,7.0
2026-02-21,wk inc flu hosp,1,2026-02-28,56,quantile,0.6,7.0
2026-02-21,wk inc flu hosp,1,2026-02-28,56,quantile,0.65,8.0
2026-02-21,wk inc flu hosp,1,2026-02-28,56,quantile,0.7,8.0
2026-02-21,wk inc flu hosp,1,2026-02-28,56,quantile,0.75,8.0
2026-02-21,wk inc flu hosp,1,2026-02-28,56,quantile,0.8,9.0
2026-02-21,wk inc flu hosp,1,2026-02-28,56,quantile,0.85,9.0
2026-02-21,wk inc flu hosp,1,2026-02-28,56,quantile,0.9,10.0
2026-02-21,wk inc flu hosp,1,2026-02-28,56,quantile,0.95,10.0
2026-02-21,wk inc flu hosp,1,2026-02-28,56,quantile,0.975,11.0
2026-02-21,wk inc flu hosp,1,2026-02-28,56,quantile,0.99,12.0
2026-02-21,wk inc flu hosp,1,2026-02-28,US,quantile,0.01,1781.0
2026-02-21,wk inc flu hosp,1,2026-02-28,US,quantile,0.025,2498.0
2026-02-21,wk inc flu hosp,1,2026-02-28,US,quantile,0.05,3780.0
2026-02-21,wk inc flu hosp,1,2026-02-28,US,quantile,0.1,4974.0
2026-02-21,wk inc flu hosp,1,2026-02-28,US,quantile,0.15,5677.0
2026-02-21,wk inc flu hosp,1,2026-02-28,US,quantile,0.2,6326.0
2026-02-21,wk inc flu hosp,1,2026-02-28,US,quantile,0.25,6867.0
2026-02-21,wk inc flu hosp,1,2026-02-28,US,quantile,0.3,7361.0
2026-02-21,wk inc flu hosp,1,2026-02-28,US,quantile,0.35,7863.0
2026-02-21,wk inc flu hosp,1,2026-02-28,US,quantile,0.4,8335.0
2026-02-21,wk inc flu hosp,1,2026-02-28,US,quantile,0.45,8793.0
2026-02-21,wk inc flu hosp,1,2026-02-28,US,quantile,0.5,9283.0
2026-02-21,wk inc flu hosp,1,2026-02-28,US,quantile,0.55,9460.0
2026-02-21,wk inc flu hosp,1,2026-02-28,US,quantile,0.6,9650.0
2026-02-21,wk inc flu hosp,1,2026-02-28,US,quantile,0.65,9857.0
2026-02-21,wk inc flu hosp,1,2026-02-28,US,quantile,0.7,10059.0
2026-02-21,wk inc flu hosp,1,2026-02-28,US,quantile,0.75,10327.0
2026-02-21,wk inc flu hosp,1,2026-02-28,US,quantile,0.8,10564.0
2026-02-21,wk inc flu hosp,1,2026-02-28,US,quantile,0.85,10817.0
2026-02-21,wk inc flu hosp,1,2026-02-28,US,quantile,0.9,11217.0
2026-02-21,wk inc flu hosp,1,2026-02-28,US,quantile,0.95,11813.0
2026-02-21,wk inc flu hosp,1,2026-02-28,US,quantile,0.975,12186.0
2026-02-21,wk inc flu hosp,1,2026-02-28,US,quantile,0.99,12750.0
2026-02-21,wk inc flu hosp,2,2026-03-07,01,quantile,0.01,19.0
2026-02-21,wk inc flu hosp,2,2026-03-07,01,quantile,0.025,33.0
2026-02-21,wk inc flu hosp,2,2026-03-07,01,quantile,0.05,55.0
2026-02-21,wk inc flu hosp,2,2026-03-07,01,quantile,0.1,94.0
2026-02-21,wk inc flu hosp,2,2026-03-07,01,quantile,0.15,124.0
2026-02-21,wk inc flu hosp,2,2026-03-07,01,quantile,0.2,152.0
2026-02-21,wk inc flu hosp,2,2026-03-07,01,quantile,0.25,176.0
2026-02-21,wk inc flu hosp,2,2026-03-07,01,quantile,0.3,192.0
2026-02-21,wk inc flu hosp,2,2026-03-07,01,quantile,0.35,212.0
2026-02-21,wk inc flu hosp,2,2026-03-07,01,quantile,0.4,233.0
2026-02-21,wk inc flu hosp,2,2026-03-07,01,quantile,0.45,254.0
2026-02-21,wk inc flu hosp,2,2026-03-07,01,quantile,0.5,274.0
2026-02-21,wk inc flu hosp,2,2026-03-07,01,quantile,0.55,294.0
2026-02-21,wk inc flu hosp,2,2026-03-07,01,quantile,0.6,312.0
2026-02-21,wk inc flu hosp,2,2026-03-07,01,quantile,0.65,335.0
2026-02-21,wk inc flu hosp,2,2026-03-07,01,quantile,0.7,357.0
2026-02-21,wk inc flu hosp,2,2026-03-07,01,quantile,0.75,379.0
2026-02-21,wk inc flu hosp,2,2026-03-07,01,quantile,0.8,399.0
2026-02-21,wk inc flu hosp,2,2026-03-07,01,quantile,0.85,431.0
2026-02-21,wk inc flu hosp,2,2026-03-07,01,quantile,0.9,455.0
2026-02-21,wk inc flu hosp,2,2026-03-07,01,quantile,0.95,482.0
2026-02-21,wk inc flu hosp,2,2026-03-07,01,quantile,0.975,506.0
2026-02-21,wk inc flu hosp,2,2026-03-07,01,quantile,0.99,523.0
2026-02-21,wk inc flu hosp,2,2026-03-07,02,quantile,0.01,0.0
2026-02-21,wk inc flu hosp,2,2026-03-07,02,quantile,0.025,1.0
2026-02-21,wk inc flu hosp,2,2026-03-07,02,quantile,0.05,2.0
2026-02-21,wk inc flu hosp,2,2026-03-07,02,quantile,0.1,4.0
2026-02-21,wk inc flu hosp,2,2026-03-07,02,quantile,0.15,5.0
2026-02-21,wk inc flu hosp,2,2026-03-07,02,quantile,0.2,6.0
2026-02-21,wk inc flu hosp,2,2026-03-07,02,quantile,0.25,7.0
2026-02-21,wk inc flu hosp,2,2026-03-07,02,quantile,0.3,8.0
2026-02-21,wk inc flu hosp,2,2026-03-07,02,quantile,0.35,9.0
2026-02-21,wk inc flu hosp,2,2026-03-07,02,quantile,0.4,9.0
2026-02-21,wk inc flu hosp,2,2026-03-07,02,quantile,0.45,10.0
2026-02-21,wk inc flu hosp,2,2026-03-07,02,quantile,0.5,11.0
2026-02-21,wk inc flu hosp,2,2026-03-07,02,quantile,0.55,11.0
2026-02-21,wk inc flu hosp,2,2026-03-07,02,quantile,0.6,12.0
2026-02-21,wk inc flu hosp,2,2026-03-07,02,quantile,0.65,13.0
2026-02-21,wk inc flu hosp,2,2026-03-07,02,quantile,0.7,13.0
2026-02-21,wk inc flu hosp,2,2026-03-07,02,quantile,0.75,14.0
2026-02-21,wk inc flu hosp,2,2026-03-07,02,quantile,0.8,14.0
2026-02-21,wk inc flu hosp,2,2026-03-07,02,quantile,0.85,15.0
2026-02-21,wk inc flu hosp,2,2026-03-07,02,quantile,0.9,16.0
2026-02-21,wk inc flu hosp,2,2026-03-07,02,quantile,0.95,18.0
2026-02-21,wk inc flu hosp,2,2026-03-07,02,quantile,0.975,20.0
2026-02-21,wk inc flu hosp,2,2026-03-07,02,quantile,0.99,21.0
2026-02-21,wk inc flu hosp,2,2026-03-07,04,quantile,0.01,44.0
2026-02-21,wk inc flu hosp,2,2026-03-07,04,quantile,0.025,60.0
2026-02-21,wk inc flu hosp,2,2026-03-07,04,quantile,0.05,86.0
2026-02-21,wk inc flu hosp,2,2026-03-07,04,quantile,0.1,112.0
2026-02-21,wk inc flu hosp,2,2026-03-07,04,quantile,0.15,127.0
2026-02-21,wk inc flu hosp,2,2026-03-07,04,quantile,0.2,139.0
2026-02-21,wk inc flu hosp,2,2026-03-07,04,quantile,0.25,149.0
2026-02-21,wk inc flu hosp,2,2026-03-07,04,quantile,0.3,159.0
2026-02-21,wk inc flu hosp,2,2026-03-07,04,quantile,0.35,168.0
2026-02-21,wk inc flu hosp,2,2026-03-07,04,quantile,0.4,176.0
2026-02-21,wk inc flu hosp,2,2026-03-07,04,quantile,0.45,185.0
2026-02-21,wk inc flu hosp,2,2026-03-07,04,quantile,0.5,193.0
2026-02-21,wk inc flu hosp,2,2026-03-07,04,quantile,0.55,203.0
2026-02-21,wk inc flu hosp,2,2026-03-07,04,quantile,0.6,210.0
2026-02-21,wk inc flu hosp,2,2026-03-07,04,quantile,0.65,221.0
2026-02-21,wk inc flu hosp,2,2026-03-07,04,quantile,0.7,229.0
2026-02-21,wk inc flu hosp,2,2026-03-07,04,quantile,0.75,240.0
2026-02-21,wk inc flu hosp,2,2026-03-07,04,quantile,0.8,250.0
2026-02-21,wk inc flu hosp,2,2026-03-07,04,quantile,0.85,263.0
2026-02-21,wk inc flu hosp,2,2026-03-07,04,quantile,0.9,281.0
2026-02-21,wk inc flu hosp,2,2026-03-07,04,quantile,0.95,306.0
2026-02-21,wk inc flu hosp,2,2026-03-07,04,quantile,0.975,329.0
2026-02-21,wk inc flu hosp,2,2026-03-07,04,quantile,0.99,354.0
2026-02-21,wk inc flu hosp,2,2026-03-07,05,quantile,0.01,3.0
2026-02-21,wk inc flu hosp,2,2026-03-07,05,quantile,0.025,8.0
2026-02-21,wk inc flu hosp,2,2026-03-07,05,quantile,0.05,17.0
2026-02-21,wk inc flu hosp,2,2026-03-07,05,quantile,0.1,24.0
2026-02-21,wk inc flu hosp,2,2026-03-07,05,quantile,0.15,44.0
2026-02-21,wk inc flu hosp,2,2026-03-07,05,quantile,0.2,56.0
2026-02-21,wk inc flu hosp,2,2026-03-07,05,quantile,0.25,67.0
2026-02-21,wk inc flu hosp,2,2026-03-07,05,quantile,0.3,77.0
2026-02-21,wk inc flu hosp,2,2026-03-07,05,quantile,0.35,87.0
2026-02-21,wk inc flu hosp,2,2026-03-07,05,quantile,0.4,91.0
2026-02-21,wk inc flu hosp,2,2026-03-07,05,quantile,0.45,96.0
2026-02-21,wk inc flu hosp,2,2026-03-07,05,quantile,0.5,100.0
2026-02-21,wk inc flu hosp,2,2026-03-07,05,quantile,0.55,104.0
2026-02-21,wk inc flu hosp,2,2026-03-07,05,quantile,0.6,106.0
2026-02-21,wk inc flu hosp,2,2026-03-07,05,quantile,0.65,111.0
2026-02-21,wk inc flu hosp,2,2026-03-07,05,quantile,0.7,114.0
2026-02-21,wk inc flu hosp,2,2026-03-07,05,quantile,0.75,118.0
2026-02-21,wk inc flu hosp,2,2026-03-07,05,quantile,0.8,121.0
2026-02-21,wk inc flu hosp,2,2026-03-07,05,quantile,0.85,127.0
2026-02-21,wk inc flu hosp,2,2026-03-07,05,quantile,0.9,134.0
2026-02-21,wk inc flu hosp,2,2026-03-07,05,quantile,0.95,144.0
2026-02-21,wk inc flu hosp,2,2026-03-07,05,quantile,0.975,152.0
2026-02-21,wk inc flu hosp,2,2026-03-07,05,quantile,0.99,158.0
2026-02-21,wk inc flu hosp,2,2026-03-07,06,quantile,0.01,268.0
2026-02-21,wk inc flu hosp,2,2026-03-07,06,quantile,0.025,408.0
2026-02-21,wk inc flu hosp,2,2026-03-07,06,quantile,0.05,541.0
2026-02-21,wk inc flu hosp,2,2026-03-07,06,quantile,0.1,663.0
2026-02-21,wk inc flu hosp,2,2026-03-07,06,quantile,0.15,739.0
2026-02-21,wk inc flu hosp,2,2026-03-07,06,quantile,0.2,813.0
2026-02-21,wk inc flu hosp,2,2026-03-07,06,quantile,0.25,866.0
2026-02-21,wk inc flu hosp,2,2026-03-07,06,quantile,0.3,912.0
2026-02-21,wk inc flu hosp,2,2026-03-07,06,quantile,0.35,972.0
2026-02-21,wk inc flu hosp,2,2026-03-07,06,quantile,0.4,1027.0
2026-02-21,wk inc flu hosp,2,2026-03-07,06,quantile,0.45,1077.0
2026-02-21,wk inc flu hosp,2,2026-03-07,06,quantile,0.5,1136.0
2026-02-21,wk inc flu hosp,2,2026-03-07,06,quantile,0.55,1185.0
2026-02-21,wk inc flu hosp,2,2026-03-07,06,quantile,0.6,1227.0
2026-02-21,wk inc flu hosp,2,2026-03-07,06,quantile,0.65,1281.0
2026-02-21,wk inc flu hosp,2,2026-03-07,06,quantile,0.7,1329.0
2026-02-21,wk inc flu hosp,2,2026-03-07,06,quantile,0.75,1378.0
2026-02-21,wk inc flu hosp,2,2026-03-07,06,quantile,0.8,1437.0
2026-02-21,wk inc flu hosp,2,2026-03-07,06,quantile,0.85,1513.0
2026-02-21,wk inc flu hosp,2,2026-03-07,06,quantile,0.9,1610.0
2026-02-21,wk inc flu hosp,2,2026-03-07,06,quantile,0.95,1748.0
2026-02-21,wk inc flu hosp,2,2026-03-07,06,quantile,0.975,1855.0
2026-02-21,wk inc flu hosp,2,2026-03-07,06,quantile,0.99,1911.0
2026-02-21,wk inc flu hosp,2,2026-03-07,08,quantile,0.01,6.0
2026-02-21,wk inc flu hosp,2,2026-03-07,08,quantile,0.025,10.0
2026-02-21,wk inc flu hosp,2,2026-03-07,08,quantile,0.05,17.0
2026-02-21,wk inc flu hosp,2,2026-03-07,08,quantile,0.1,28.0
2026-02-21,wk inc flu hosp,2,2026-03-07,08,quantile,0.15,38.0
2026-02-21,wk inc flu hosp,2,2026-03-07,08,quantile,0.2,47.0
2026-02-21,wk inc flu hosp,2,2026-03-07,08,quantile,0.25,52.0
2026-02-21,wk inc flu hosp,2,2026-03-07,08,quantile,0.3,58.0
2026-02-21,wk inc flu hosp,2,2026-03-07,08,quantile,0.35,63.0
2026-02-21,wk inc flu hosp,2,2026-03-07,08,quantile,0.4,69.0
2026-02-21,wk inc flu hosp,2,2026-03-07,08,quantile,0.45,75.0
2026-02-21,wk inc flu hosp,2,2026-03-07,08,quantile,0.5,80.0
2026-02-21,wk inc flu hosp,2,2026-03-07,08,quantile,0.55,86.0
2026-02-21,wk inc flu hosp,2,2026-03-07,08,quantile,0.6,90.0
2026-02-21,wk inc flu hosp,2,2026-03-07,08,quantile,0.65,97.0
2026-02-21,wk inc flu hosp,2,2026-03-07,08,quantile,0.7,103.0
2026-02-21,wk inc flu hosp,2,2026-03-07,08,quantile,0.75,109.0
2026-02-21,wk inc flu hosp,2,2026-03-07,08,quantile,0.8,115.0
2026-02-21,wk inc flu hosp,2,2026-03-07,08,quantile,0.85,122.0
2026-02-21,wk inc flu hosp,2,2026-03-07,08,quantile,0.9,133.0
2026-02-21,wk inc flu hosp,2,2026-03-07,08,quantile,0.95,148.0
2026-02-21,wk inc flu hosp,2,2026-03-07,08,quantile,0.975,157.0
2026-02-21,wk inc flu hosp,2,2026-03-07,08,quantile,0.99,171.0
2026-02-21,wk inc flu hosp,2,2026-03-07,09,quantile,0.01,0.0
2026-02-21,wk inc flu hosp,2,2026-03-07,09,quantile,0.025,0.0
2026-02-21,wk inc flu hosp,2,2026-03-07,09,quantile,0.05,0.0
2026-02-21,wk inc flu hosp,2,2026-03-07,09,quantile,0.1,0.0
2026-02-21,wk inc flu hosp,2,2026-03-07,09,quantile,0.15,1.0
2026-02-21,wk inc flu hosp,2,2026-03-07,09,quantile,0.2,4.0
2026-02-21,wk inc flu hosp,2,2026-03-07,09,quantile,0.25,6.0
2026-02-21,wk inc flu hosp,2,2026-03-07,09,quantile,0.3,7.0
2026-02-21,wk inc flu hosp,2,2026-03-07,09,quantile,0.35,10.0
2026-02-21,wk inc flu hosp,2,2026-03-07,09,quantile,0.4,12.0
2026-02-21,wk inc flu hosp,2,2026-03-07,09,quantile,0.45,14.0
2026-02-21,wk inc flu hosp,2,2026-03-07,09,quantile,0.5,16.0
2026-02-21,wk inc flu hosp,2,2026-03-07,09,quantile,0.55,18.0
2026-02-21,wk inc flu hosp,2,2026-03-07,09,quantile,0.6,19.0
2026-02-21,wk inc flu hosp,2,2026-03-07,09,quantile,0.65,22.0
2026-02-21,wk inc flu hosp,2,2026-03-07,09,quantile,0.7,23.0
2026-02-21,wk inc flu hosp,2,2026-03-07,09,quantile,0.75,26.0
2026-02-21,wk inc flu hosp,2,2026-03-07,09,quantile,0.8,28.0
2026-02-21,wk inc flu hosp,2,2026-03-07,09,quantile,0.85,30.0
2026-02-21,wk inc flu hosp,2,2026-03-07,09,quantile,0.9,34.0
2026-02-21,wk inc flu hosp,2,2026-03-07,09,quantile,0.95,39.0
2026-02-21,wk inc flu hosp,2,2026-03-07,09,quantile,0.975,44.0
2026-02-21,wk inc flu hosp,2,2026-03-07,09,quantile,0.99,48.0
2026-02-21,wk inc flu hosp,2,2026-03-07,10,quantile,0.01,0.0
2026-02-21,wk inc flu hosp,2,2026-03-07,10,quantile,0.025,0.0
2026-02-21,wk inc flu hosp,2,2026-03-07,10,quantile,0.05,0.0
2026-02-21,wk inc flu hosp,2,2026-03-07,10,quantile,0.1,0.0
2026-02-21,wk inc flu hosp,2,2026-03-07,10,quantile,0.15,0.0
2026-02-21,wk inc flu hosp,2,2026-03-07,10,quantile,0.2,2.0
2026-02-21,wk inc flu hosp,2,2026-03-07,10,quantile,0.25,5.0
2026-02-21,wk inc flu hosp,2,2026-03-07,10,quantile,0.3,7.0
2026-02-21,wk inc flu hosp,2,2026-03-07,10,quantile,0.35,10.0
2026-02-21,wk inc flu hosp,2,2026-03-07,10,quantile,0.4,11.0
2026-02-21,wk inc flu hosp,2,2026-03-07,10,quantile,0.45,12.0
2026-02-21,wk inc flu hosp,2,2026-03-07,10,quantile,0.5,13.0
2026-02-21,wk inc flu hosp,2,2026-03-07,10,quantile,0.55,14.0
2026-02-21,wk inc flu hosp,2,2026-03-07,10,quantile,0.6,15.0
2026-02-21,wk inc flu hosp,2,2026-03-07,10,quantile,0.65,16.0
2026-02-21,wk inc flu hosp,2,2026-03-07,10,quantile,0.7,17.0
2026-02-21,wk inc flu hosp,2,2026-03-07,10,quantile,0.75,18.0
2026-02-21,wk inc flu hosp,2,2026-03-07,10,quantile,0.8,19.0
2026-02-21,wk inc flu hosp,2,2026-03-07,10,quantile,0.85,20.0
2026-02-21,wk inc flu hosp,2,2026-03-07,10,quantile,0.9,22.0
2026-02-21,wk inc flu hosp,2,2026-03-07,10,quantile,0.95,26.0
2026-02-21,wk inc flu hosp,2,2026-03-07,10,quantile,0.975,29.0
2026-02-21,wk inc flu hosp,2,2026-03-07,10,quantile,0.99,31.0
2026-02-21,wk inc flu hosp,2,2026-03-07,11,quantile,0.01,0.0
2026-02-21,wk inc flu hosp,2,2026-03-07,11,quantile,0.025,0.0
2026-02-21,wk inc flu hosp,2,2026-03-07,11,quantile,0.05,0.0
2026-02-21,wk inc flu hosp,2,2026-03-07,11,quantile,0.1,0.0
2026-02-21,wk inc flu hosp,2,2026-03-07,11,quantile,0.15,0.0
2026-02-21,wk inc flu hosp,2,2026-03-07,11,quantile,0.2,0.0
2026-02-21,wk inc flu hosp,2,2026-03-07,11,quantile,0.25,0.0
2026-02-21,wk inc flu hosp,2,2026-03-07,11,quantile,0.3,0.0
2026-02-21,wk inc flu hosp,2,2026-03-07,11,quantile,0.35,0.0
2026-02-21,wk inc flu hosp,2,2026-03-07,11,quantile,0.4,0.0
2026-02-21,wk inc flu hosp,2,2026-03-07,11,quantile,0.45,0.0
2026-02-21,wk inc flu hosp,2,2026-03-07,11,quantile,0.5,0.0
2026-02-21,wk inc flu hosp,2,2026-03-07,11,quantile,0.55,0.0
2026-02-21,wk inc flu hosp,2,2026-03-07,11,quantile,0.6,0.0
2026-02-21,wk inc flu hosp,2,2026-03-07,11,quantile,0.65,1.0
2026-02-21,wk inc flu hosp,2,2026-03-07,11,quantile,0.7,1.0
2026-02-21,wk inc flu hosp,2,2026-03-07,11,quantile,0.75,2.0
2026-02-21,wk inc flu hosp,2,2026-03-07,11,quantile,0.8,2.0
2026-02-21,wk inc flu hosp,2,2026-03-07,11,quantile,0.85,3.0
2026-02-21,wk inc flu hosp,2,2026-03-07,11,quantile,0.9,4.0
2026-02-21,wk inc flu hosp,2,2026-03-07,11,quantile,0.95,5.0
2026-02-21,wk inc flu hosp,2,2026-03-07,11,quantile,0.975,6.0
2026-02-21,wk inc flu hosp,2,2026-03-07,11,quantile,0.99,7.0
2026-02-21,wk inc flu hosp,2,2026-03-07,12,quantile,0.01,279.0
2026-02-21,wk inc flu hosp,2,2026-03-07,12,quantile,0.025,392.0
2026-02-21,wk inc flu hosp,2,2026-03-07,12,quantile,0.05,486.0
2026-02-21,wk inc flu hosp,2,2026-03-07,12,quantile,0.1,585.0
2026-02-21,wk inc flu hosp,2,2026-03-07,12,quantile,0.15,640.0
2026-02-21,wk inc flu hosp,2,2026-03-07,12,quantile,0.2,690.0
2026-02-21,wk inc flu hosp,2,2026-03-07,12,quantile,0.25,748.0
2026-02-21,wk inc flu hosp,2,2026-03-07,12,quantile,0.3,788.0
2026-02-21,wk inc flu hosp,2,2026-03-07,12,quantile,0.35,835.0
2026-02-21,wk inc flu hosp,2,2026-03-07,12,quantile,0.4,875.0
2026-02-21,wk inc flu hosp,2,2026-03-07,12,quantile,0.45,915.0
2026-02-21,wk inc flu hosp,2,2026-03-07,12,quantile,0.5,954.0
2026-02-21,wk inc flu hosp,2,2026-03-07,12,quantile,0.55,985.0
2026-02-21,wk inc flu hosp,2,2026-03-07,12,quantile,0.6,1016.0
2026-02-21,wk inc flu hosp,2,2026-03-07,12,quantile,0.65,1059.0
2026-02-21,wk inc flu hosp,2,2026-03-07,12,quantile,0.7,1098.0
2026-02-21,wk inc flu hosp,2,2026-03-07,12,quantile,0.75,1142.0
2026-02-21,wk inc flu hosp,2,2026-03-07,12,quantile,0.8,1190.0
2026-02-21,wk inc flu hosp,2,2026-03-07,12,quantile,0.85,1242.0
2026-02-21,wk inc flu hosp,2,2026-03-07,12,quantile,0.9,1306.0
2026-02-21,wk inc flu hosp,2,2026-03-07,12,quantile,0.95,1413.0
2026-02-21,wk inc flu hosp,2,2026-03-07,12,quantile,0.975,1527.0
2026-02-21,wk inc flu hosp,2,2026-03-07,12,quantile,0.99,1563.0
2026-02-21,wk inc flu hosp,2,2026-03-07,13,quantile,0.01,0.0
2026-02-21,wk inc flu hosp,2,2026-03-07,13,quantile,0.025,6.0
2026-02-21,wk inc flu hosp,2,2026-03-07,13,quantile,0.05,28.0
2026-02-21,wk inc flu hosp,2,2026-03-07,13,quantile,0.1,49.0
2026-02-21,wk inc flu hosp,2,2026-03-07,13,quantile,0.15,60.0
2026-02-21,wk inc flu hosp,2,2026-03-07,13,quantile,0.2,69.0
2026-02-21,wk inc flu hosp,2,2026-03-07,13,quantile,0.25,78.0
2026-02-21,wk inc flu hosp,2,2026-03-07,13,quantile,0.3,98.0
2026-02-21,wk inc flu hosp,2,2026-03-07,13,quantile,0.35,121.0
2026-02-21,wk inc flu hosp,2,2026-03-07,13,quantile,0.4,145.0
2026-02-21,wk inc flu hosp,2,2026-03-07,13,quantile,0.45,165.0
2026-02-21,wk inc flu hosp,2,2026-03-07,13,quantile,0.5,186.0
2026-02-21,wk inc flu hosp,2,2026-03-07,13,quantile,0.55,206.0
2026-02-21,wk inc flu hosp,2,2026-03-07,13,quantile,0.6,233.0
2026-02-21,wk inc flu hosp,2,2026-03-07,13,quantile,0.65,259.0
2026-02-21,wk inc flu hosp,2,2026-03-07,13,quantile,0.7,277.0
2026-02-21,wk inc flu hosp,2,2026-03-07,13,quantile,0.75,306.0
2026-02-21,wk inc flu hosp,2,2026-03-07,13,quantile,0.8,328.0
2026-02-21,wk inc flu hosp,2,2026-03-07,13,quantile,0.85,343.0
2026-02-21,wk inc flu hosp,2,2026-03-07,13,quantile,0.9,360.0
2026-02-21,wk inc flu hosp,2,2026-03-07,13,quantile,0.95,391.0
2026-02-21,wk inc flu hosp,2,2026-03-07,13,quantile,0.975,418.0
2026-02-21,wk inc flu hosp,2,2026-03-07,13,quantile,0.99,434.0
2026-02-21,wk inc flu hosp,2,2026-03-07,15,quantile,0.01,0.0
2026-02-21,wk inc flu hosp,2,2026-03-07,15,quantile,0.025,0.0
2026-02-21,wk inc flu hosp,2,2026-03-07,15,quantile,0.05,7.0
2026-02-21,wk inc flu hosp,2,2026-03-07,15,quantile,0.1,19.0
2026-02-21,wk inc flu hosp,2,2026-03-07,15,quantile,0.15,25.0
2026-02-21,wk inc flu hosp,2,2026-03-07,15,quantile,0.2,29.0
2026-02-21,wk inc flu hosp,2,2026-03-07,15,quantile,0.25,33.0
2026-02-21,wk inc flu hosp,2,2026-03-07,15,quantile,0.3,35.0
2026-02-21,wk inc flu hosp,2,2026-03-07,15,quantile,0.35,38.0
2026-02-21,wk inc flu hosp,2,2026-03-07,15,quantile,0.4,40.0
2026-02-21,wk inc flu hosp,2,2026-03-07,15,quantile,0.45,43.0
2026-02-21,wk inc flu hosp,2,2026-03-07,15,quantile,0.5,45.0
2026-02-21,wk inc flu hosp,2,2026-03-07,15,quantile,0.55,47.0
2026-02-21,wk inc flu hosp,2,2026-03-07,15,quantile,0.6,49.0
2026-02-21,wk inc flu hosp,2,2026-03-07,15,quantile,0.65,52.0
2026-02-21,wk inc flu hosp,2,2026-03-07,15,quantile,0.7,53.0
2026-02-21,wk inc flu hosp,2,2026-03-07,15,quantile,0.75,56.0
2026-02-21,wk inc flu hosp,2,2026-03-07,15,quantile,0.8,58.0
2026-02-21,wk inc flu hosp,2,2026-03-07,15,quantile,0.85,61.0
2026-02-21,wk inc flu hosp,2,2026-03-07,15,quantile,0.9,65.0
2026-02-21,wk inc flu hosp,2,2026-03-07,15,quantile,0.95,73.0
2026-02-21,wk inc flu hosp,2,2026-03-07,15,quantile,0.975,79.0
2026-02-21,wk inc flu hosp,2,2026-03-07,15,quantile,0.99,83.0
2026-02-21,wk inc flu hosp,2,2026-03-07,16,quantile,0.01,6.0
2026-02-21,wk inc flu hosp,2,2026-03-07,16,quantile,0.025,9.0
2026-02-21,wk inc flu hosp,2,2026-03-07,16,quantile,0.05,13.0
2026-02-21,wk inc flu hosp,2,2026-03-07,16,quantile,0.1,23.0
2026-02-21,wk inc flu hosp,2,2026-03-07,16,quantile,0.15,28.0
2026-02-21,wk inc flu hosp,2,2026-03-07,16,quantile,0.2,32.0
2026-02-21,wk inc flu hosp,2,2026-03-07,16,quantile,0.25,36.0
2026-02-21,wk inc flu hosp,2,2026-03-07,16,quantile,0.3,40.0
2026-02-21,wk inc flu hosp,2,2026-03-07,16,quantile,0.35,43.0
2026-02-21,wk inc flu hosp,2,2026-03-07,16,quantile,0.4,47.0
2026-02-21,wk inc flu hosp,2,2026-03-07,16,quantile,0.45,50.0
2026-02-21,wk inc flu hosp,2,2026-03-07,16,quantile,0.5,52.0
2026-02-21,wk inc flu hosp,2,2026-03-07,16,quantile,0.55,54.0
2026-02-21,wk inc flu hosp,2,2026-03-07,16,quantile,0.6,56.0
2026-02-21,wk inc flu hosp,2,2026-03-07,16,quantile,0.65,58.0
2026-02-21,wk inc flu hosp,2,2026-03-07,16,quantile,0.7,60.0
2026-02-21,wk inc flu hosp,2,2026-03-07,16,quantile,0.75,62.0
2026-02-21,wk inc flu hosp,2,2026-03-07,16,quantile,0.8,63.0
2026-02-21,wk inc flu hosp,2,2026-03-07,16,quantile,0.85,65.0
2026-02-21,wk inc flu hosp,2,2026-03-07,16,quantile,0.9,68.0
2026-02-21,wk inc flu hosp,2,2026-03-07,16,quantile,0.95,72.0
2026-02-21,wk inc flu hosp,2,2026-03-07,16,quantile,0.975,78.0
2026-02-21,wk inc flu hosp,2,2026-03-07,16,quantile,0.99,84.0
2026-02-21,wk inc flu hosp,2,2026-03-07,17,quantile,0.01,0.0
2026-02-21,wk inc flu hosp,2,2026-03-07,17,quantile,0.025,0.0
2026-02-21,wk inc flu hosp,2,2026-03-07,17,quantile,0.05,0.0
2026-02-21,wk inc flu hosp,2,2026-03-07,17,quantile,0.1,64.0
2026-02-21,wk inc flu hosp,2,2026-03-07,17,quantile,0.15,111.0
2026-02-21,wk inc flu hosp,2,2026-03-07,17,quantile,0.2,143.0
2026-02-21,wk inc flu hosp,2,2026-03-07,17,quantile,0.25,158.0
2026-02-21,wk inc flu hosp,2,2026-03-07,17,quantile,0.3,170.0
2026-02-21,wk inc flu hosp,2,2026-03-07,17,quantile,0.35,183.0
2026-02-21,wk inc flu hosp,2,2026-03-07,17,quantile,0.4,196.0
2026-02-21,wk inc flu hosp,2,2026-03-07,17,quantile,0.45,209.0
2026-02-21,wk inc flu hosp,2,2026-03-07,17,quantile,0.5,222.0
2026-02-21,wk inc flu hosp,2,2026-03-07,17,quantile,0.55,234.0
2026-02-21,wk inc flu hosp,2,2026-03-07,17,quantile,0.6,245.0
2026-02-21,wk inc flu hosp,2,2026-03-07,17,quantile,0.65,261.0
2026-02-21,wk inc flu hosp,2,2026-03-07,17,quantile,0.7,272.0
2026-02-21,wk inc flu hosp,2,2026-03-07,17,quantile,0.75,288.0
2026-02-21,wk inc flu hosp,2,2026-03-07,17,quantile,0.8,300.0
2026-02-21,wk inc flu hosp,2,2026-03-07,17,quantile,0.85,318.0
2026-02-21,wk inc flu hosp,2,2026-03-07,17,quantile,0.9,340.0
2026-02-21,wk inc flu hosp,2,2026-03-07,17,quantile,0.95,373.0
2026-02-21,wk inc flu hosp,2,2026-03-07,17,quantile,0.975,402.0
2026-02-21,wk inc flu hosp,2,2026-03-07,17,quantile,0.99,422.0
2026-02-21,wk inc flu hosp,2,2026-03-07,18,quantile,0.01,0.0
2026-02-21,wk inc flu hosp,2,2026-03-07,18,quantile,0.025,0.0
2026-02-21,wk inc flu hosp,2,2026-03-07,18,quantile,0.05,2.0
2026-02-21,wk inc flu hosp,2,2026-03-07,18,quantile,0.1,19.0
2026-02-21,wk inc flu hosp,2,2026-03-07,18,quantile,0.15,41.0
2026-02-21,wk inc flu hosp,2,2026-03-07,18,quantile,0.2,60.0
2026-02-21,wk inc flu hosp,2,2026-03-07,18,quantile,0.25,74.0
2026-02-21,wk inc flu hosp,2,2026-03-07,18,quantile,0.3,81.0
2026-02-21,wk inc flu hosp,2,2026-03-07,18,quantile,0.35,89.0
2026-02-21,wk inc flu hosp,2,2026-03-07,18,quantile,0.4,98.0
2026-02-21,wk inc flu hosp,2,2026-03-07,18,quantile,0.45,107.0
2026-02-21,wk inc flu hosp,2,2026-03-07,18,quantile,0.5,114.0
2026-02-21,wk inc flu hosp,2,2026-03-07,18,quantile,0.55,122.0
2026-02-21,wk inc flu hosp,2,2026-03-07,18,quantile,0.6,127.0
2026-02-21,wk inc flu hosp,2,2026-03-07,18,quantile,0.65,137.0
2026-02-21,wk inc flu hosp,2,2026-03-07,18,quantile,0.7,142.0
2026-02-21,wk inc flu hosp,2,2026-03-07,18,quantile,0.75,150.0
2026-02-21,wk inc flu hosp,2,2026-03-07,18,quantile,0.8,157.0
2026-02-21,wk inc flu hosp,2,2026-03-07,18,quantile,0.85,166.0
2026-02-21,wk inc flu hosp,2,2026-03-07,18,quantile,0.9,178.0
2026-02-21,wk inc flu hosp,2,2026-03-07,18,quantile,0.95,198.0
2026-02-21,wk inc flu hosp,2,2026-03-07,18,quantile,0.975,217.0
2026-02-21,wk inc flu hosp,2,2026-03-07,18,quantile,0.99,230.0
2026-02-21,wk inc flu hosp,2,2026-03-07,19,quantile,0.01,12.0
2026-02-21,wk inc flu hosp,2,2026-03-07,19,quantile,0.025,13.0
2026-02-21,wk inc flu hosp,2,2026-03-07,19,quantile,0.05,15.0
2026-02-21,wk inc flu hosp,2,2026-03-07,19,quantile,0.1,25.0
2026-02-21,wk inc flu hosp,2,2026-03-07,19,quantile,0.15,33.0
2026-02-21,wk inc flu hosp,2,2026-03-07,19,quantile,0.2,38.0
2026-02-21,wk inc flu hosp,2,2026-03-07,19,quantile,0.25,44.0
2026-02-21,wk inc flu hosp,2,2026-03-07,19,quantile,0.3,48.0
2026-02-21,wk inc flu hosp,2,2026-03-07,19,quantile,0.35,52.0
2026-02-21,wk inc flu hosp,2,2026-03-07,19,quantile,0.4,57.0
2026-02-21,wk inc flu hosp,2,2026-03-07,19,quantile,0.45,61.0
2026-02-21,wk inc flu hosp,2,2026-03-07,19,quantile,0.5,64.0
2026-02-21,wk inc flu hosp,2,2026-03-07,19,quantile,0.55,68.0
2026-02-21,wk inc flu hosp,2,2026-03-07,19,quantile,0.6,71.0
2026-02-21,wk inc flu hosp,2,2026-03-07,19,quantile,0.65,75.0
2026-02-21,wk inc flu hosp,2,2026-03-07,19,quantile,0.7,80.0
2026-02-21,wk inc flu hosp,2,2026-03-07,19,quantile,0.75,83.0
2026-02-21,wk inc flu hosp,2,2026-03-07,19,quantile,0.8,86.0
2026-02-21,wk inc flu hosp,2,2026-03-07,19,quantile,0.85,89.0
2026-02-21,wk inc flu hosp,2,2026-03-07,19,quantile,0.9,93.0
2026-02-21,wk inc flu hosp,2,2026-03-07,19,quantile,0.95,100.0
2026-02-21,wk inc flu hosp,2,2026-03-07,19,quantile,0.975,106.0
2026-02-21,wk inc flu hosp,2,2026-03-07,19,quantile,0.99,110.0
2026-02-21,wk inc flu hosp,2,2026-03-07,20,quantile,0.01,0.0
2026-02-21,wk inc flu hosp,2,2026-03-07,20,quantile,0.025,4.0
2026-02-21,wk inc flu hosp,2,2026-03-07,20,quantile,0.05,11.0
2026-02-21,wk inc flu hosp,2,2026-03-07,20,quantile,0.1,27.0
2026-02-21,wk inc flu hosp,2,2026-03-07,20,quantile,0.15,39.0
2026-02-21,wk inc flu hosp,2,2026-03-07,20,quantile,0.2,50.0
2026-02-21,wk inc flu hosp,2,2026-03-07,20,quantile,0.25,59.0
2026-02-21,wk inc flu hosp,2,2026-03-07,20,quantile,0.3,67.0
2026-02-21,wk inc flu hosp,2,2026-03-07,20,quantile,0.35,76.0
2026-02-21,wk inc flu hosp,2,2026-03-07,20,quantile,0.4,84.0
2026-02-21,wk inc flu hosp,2,2026-03-07,20,quantile,0.45,93.0
2026-02-21,wk inc flu hosp,2,2026-03-07,20,quantile,0.5,101.0
2026-02-21,wk inc flu hosp,2,2026-03-07,20,quantile,0.55,110.0
2026-02-21,wk inc flu hosp,2,2026-03-07,20,quantile,0.6,118.0
2026-02-21,wk inc flu hosp,2,2026-03-07,20,quantile,0.65,126.0
2026-02-21,wk inc flu hosp,2,2026-03-07,20,quantile,0.7,134.0
2026-02-21,wk inc flu hosp,2,2026-03-07,20,quantile,0.75,143.0
2026-02-21,wk inc flu hosp,2,2026-03-07,20,quantile,0.8,148.0
2026-02-21,wk inc flu hosp,2,2026-03-07,20,quantile,0.85,152.0
2026-02-21,wk inc flu hosp,2,2026-03-07,20,quantile,0.9,157.0
2026-02-21,wk inc flu hosp,2,2026-03-07,20,quantile,0.95,165.0
2026-02-21,wk inc flu hosp,2,2026-03-07,20,quantile,0.975,172.0
2026-02-21,wk inc flu hosp,2,2026-03-07,20,quantile,0.99,178.0
2026-02-21,wk inc flu hosp,2,2026-03-07,21,quantile,0.01,0.0
2026-02-21,wk inc flu hosp,2,2026-03-07,21,quantile,0.025,0.0
2026-02-21,wk inc flu hosp,2,2026-03-07,21,quantile,0.05,0.0
2026-02-21,wk inc flu hosp,2,2026-03-07,21,quantile,0.1,0.0
2026-02-21,wk inc flu hosp,2,2026-03-07,21,quantile,0.15,0.0
2026-02-21,wk inc flu hosp,2,2026-03-07,21,quantile,0.2,0.0
2026-02-21,wk inc flu hosp,2,2026-03-07,21,quantile,0.25,5.0
2026-02-21,wk inc flu hosp,2,2026-03-07,21,quantile,0.3,13.0
2026-02-21,wk inc flu hosp,2,2026-03-07,21,quantile,0.35,23.0
2026-02-21,wk inc flu hosp,2,2026-03-07,21,quantile,0.4,34.0
2026-02-21,wk inc flu hosp,2,2026-03-07,21,quantile,0.45,41.0
2026-02-21,wk inc flu hosp,2,2026-03-07,21,quantile,0.5,47.0
2026-02-21,wk inc flu hosp,2,2026-03-07,21,quantile,0.55,51.0
2026-02-21,wk inc flu hosp,2,2026-03-07,21,quantile,0.6,55.0
2026-02-21,wk inc flu hosp,2,2026-03-07,21,quantile,0.65,61.0
2026-02-21,wk inc flu hosp,2,2026-03-07,21,quantile,0.7,65.0
2026-02-21,wk inc flu hosp,2,2026-03-07,21,quantile,0.75,71.0
2026-02-21,wk inc flu hosp,2,2026-03-07,21,quantile,0.8,75.0
2026-02-21,wk inc flu hosp,2,2026-03-07,21,quantile,0.85,82.0
2026-02-21,wk inc flu hosp,2,2026-03-07,21,quantile,0.9,90.0
2026-02-21,wk inc flu hosp,2,2026-03-07,21,quantile,0.95,104.0
2026-02-21,wk inc flu hosp,2,2026-03-07,21,quantile,0.975,116.0
2026-02-21,wk inc flu hosp,2,2026-03-07,21,quantile,0.99,125.0
2026-02-21,wk inc flu hosp,2,2026-03-07,22,quantile,0.01,41.0
2026-02-21,wk inc flu hosp,2,2026-03-07,22,quantile,0.025,56.0
2026-02-21,wk inc flu hosp,2,2026-03-07,22,quantile,0.05,70.0
2026-02-21,wk inc flu hosp,2,2026-03-07,22,quantile,0.1,84.0
2026-02-21,wk inc flu hosp,2,2026-03-07,22,quantile,0.15,98.0
2026-02-21,wk inc flu hosp,2,2026-03-07,22,quantile,0.2,108.0
2026-02-21,wk inc flu hosp,2,2026-03-07,22,quantile,0.25,115.0
2026-02-21,wk inc flu hosp,2,2026-03-07,22,quantile,0.3,122.0
2026-02-21,wk inc flu hosp,2,2026-03-07,22,quantile,0.35,128.0
2026-02-21,wk inc flu hosp,2,2026-03-07,22,quantile,0.4,134.0
2026-02-21,wk inc flu hosp,2,2026-03-07,22,quantile,0.45,140.0
2026-02-21,wk inc flu hosp,2,2026-03-07,22,quantile,0.5,145.0
2026-02-21,wk inc flu hosp,2,2026-03-07,22,quantile,0.55,151.0
2026-02-21,wk inc flu hosp,2,2026-03-07,22,quantile,0.6,158.0
2026-02-21,wk inc flu hosp,2,2026-03-07,22,quantile,0.65,164.0
2026-02-21,wk inc flu hosp,2,2026-03-07,22,quantile,0.7,170.0
2026-02-21,wk inc flu hosp,2,2026-03-07,22,quantile,0.75,178.0
2026-02-21,wk inc flu hosp,2,2026-03-07,22,quantile,0.8,185.0
2026-02-21,wk inc flu hosp,2,2026-03-07,22,quantile,0.85,194.0
2026-02-21,wk inc flu hosp,2,2026-03-07,22,quantile,0.9,203.0
2026-02-21,wk inc flu hosp,2,2026-03-07,22,quantile,0.95,217.0
2026-02-21,wk inc flu hosp,2,2026-03-07,22,quantile,0.975,229.0
2026-02-21,wk inc flu hosp,2,2026-03-07,22,quantile,0.99,250.0
2026-02-21,wk inc flu hosp,2,2026-03-07,23,quantile,0.01,0.0
2026-02-21,wk inc flu hosp,2,2026-03-07,23,quantile,0.025,1.0
2026-02-21,wk inc flu hosp,2,2026-03-07,23,quantile,0.05,4.0
2026-02-21,wk inc flu hosp,2,2026-03-07,23,quantile,0.1,8.0
2026-02-21,wk inc flu hosp,2,2026-03-07,23,quantile,0.15,10.0
2026-02-21,wk inc flu hosp,2,2026-03-07,23,quantile,0.2,13.0
2026-02-21,wk inc flu hosp,2,2026-03-07,23,quantile,0.25,15.0
2026-02-21,wk inc flu hosp,2,2026-03-07,23,quantile,0.3,16.0
2026-02-21,wk inc flu hosp,2,2026-03-07,23,quantile,0.35,18.0
2026-02-21,wk inc flu hosp,2,2026-03-07,23,quantile,0.4,20.0
2026-02-21,wk inc flu hosp,2,2026-03-07,23,quantile,0.45,21.0
2026-02-21,wk inc flu hosp,2,2026-03-07,23,quantile,0.5,22.0
2026-02-21,wk inc flu hosp,2,2026-03-07,23,quantile,0.55,24.0
2026-02-21,wk inc flu hosp,2,2026-03-07,23,quantile,0.6,25.0
2026-02-21,wk inc flu hosp,2,2026-03-07,23,quantile,0.65,27.0
2026-02-21,wk inc flu hosp,2,2026-03-07,23,quantile,0.7,28.0
2026-02-21,wk inc flu hosp,2,2026-03-07,23,quantile,0.75,29.0
2026-02-21,wk inc flu hosp,2,2026-03-07,23,quantile,0.8,30.0
2026-02-21,wk inc flu hosp,2,2026-03-07,23,quantile,0.85,31.0
2026-02-21,wk inc flu hosp,2,2026-03-07,23,quantile,0.9,33.0
2026-02-21,wk inc flu hosp,2,2026-03-07,23,quantile,0.95,37.0
2026-02-21,wk inc flu hosp,2,2026-03-07,23,quantile,0.975,40.0
2026-02-21,wk inc flu hosp,2,2026-03-07,23,quantile,0.99,42.0
2026-02-21,wk inc flu hosp,2,2026-03-07,24,quantile,0.01,0.0
2026-02-21,wk inc flu hosp,2,2026-03-07,24,quantile,0.025,0.0
2026-02-21,wk inc flu hosp,2,2026-03-07,24,quantile,0.05,0.0
2026-02-21,wk inc flu hosp,2,2026-03-07,24,quantile,0.1,0.0
2026-02-21,wk inc flu hosp,2,2026-03-07,24,quantile,0.15,0.0
2026-02-21,wk inc flu hosp,2,2026-03-07,24,quantile,0.2,0.0
2026-02-21,wk inc flu hosp,2,2026-03-07,24,quantile,0.25,5.0
2026-02-21,wk inc flu hosp,2,2026-03-07,24,quantile,0.3,11.0
2026-02-21,wk inc flu hosp,2,2026-03-07,24,quantile,0.35,11.0
2026-02-21,wk inc flu hosp,2,2026-03-07,24,quantile,0.4,11.0
2026-02-21,wk inc flu hosp,2,2026-03-07,24,quantile,0.45,12.0
2026-02-21,wk inc flu hosp,2,2026-03-07,24,quantile,0.5,14.0
2026-02-21,wk inc flu hosp,2,2026-03-07,24,quantile,0.55,19.0
2026-02-21,wk inc flu hosp,2,2026-03-07,24,quantile,0.6,23.0
2026-02-21,wk inc flu hosp,2,2026-03-07,24,quantile,0.65,29.0
2026-02-21,wk inc flu hosp,2,2026-03-07,24,quantile,0.7,32.0
2026-02-21,wk inc flu hosp,2,2026-03-07,24,quantile,0.75,38.0
2026-02-21,wk inc flu hosp,2,2026-03-07,24,quantile,0.8,43.0
2026-02-21,wk inc flu hosp,2,2026-03-07,24,quantile,0.85,50.0
2026-02-21,wk inc flu hosp,2,2026-03-07,24,quantile,0.9,58.0
2026-02-21,wk inc flu hosp,2,2026-03-07,24,quantile,0.95,72.0
2026-02-21,wk inc flu hosp,2,2026-03-07,24,quantile,0.975,91.0
2026-02-21,wk inc flu hosp,2,2026-03-07,24,quantile,0.99,107.0
2026-02-21,wk inc flu hosp,2,2026-03-07,25,quantile,0.01,0.0
2026-02-21,wk inc flu hosp,2,2026-03-07,25,quantile,0.025,0.0
2026-02-21,wk inc flu hosp,2,2026-03-07,25,quantile,0.05,0.0
2026-02-21,wk inc flu hosp,2,2026-03-07,25,quantile,0.1,0.0
2026-02-21,wk inc flu hosp,2,2026-03-07,25,quantile,0.15,0.0
2026-02-21,wk inc flu hosp,2,2026-03-07,25,quantile,0.2,0.0
2026-02-21,wk inc flu hosp,2,2026-03-07,25,quantile,0.25,3.0
2026-02-21,wk inc flu hosp,2,2026-03-07,25,quantile,0.3,10.0
2026-02-21,wk inc flu hosp,2,2026-03-07,25,quantile,0.35,18.0
2026-02-21,wk inc flu hosp,2,2026-03-07,25,quantile,0.4,28.0
2026-02-21,wk inc flu hosp,2,2026-03-07,25,quantile,0.45,35.0
2026-02-21,wk inc flu hosp,2,2026-03-07,25,quantile,0.5,38.0
2026-02-21,wk inc flu hosp,2,2026-03-07,25,quantile,0.55,42.0
2026-02-21,wk inc flu hosp,2,2026-03-07,25,quantile,0.6,45.0
2026-02-21,wk inc flu hosp,2,2026-03-07,25,quantile,0.65,49.0
2026-02-21,wk inc flu hosp,2,2026-03-07,25,quantile,0.7,52.0
2026-02-21,wk inc flu hosp,2,2026-03-07,25,quantile,0.75,56.0
2026-02-21,wk inc flu hosp,2,2026-03-07,25,quantile,0.8,59.0
2026-02-21,wk inc flu hosp,2,2026-03-07,25,quantile,0.85,64.0
2026-02-21,wk inc flu hosp,2,2026-03-07,25,quantile,0.9,70.0
2026-02-21,wk inc flu hosp,2,2026-03-07,25,quantile,0.95,79.0
2026-02-21,wk inc flu hosp,2,2026-03-07,25,quantile,0.975,87.0
2026-02-21,wk inc flu hosp,2,2026-03-07,25,quantile,0.99,93.0
2026-02-21,wk inc flu hosp,2,2026-03-07,26,quantile,0.01,11.0
2026-02-21,wk inc flu hosp,2,2026-03-07,26,quantile,0.025,21.0
2026-02-21,wk inc flu hosp,2,2026-03-07,26,quantile,0.05,35.0
2026-02-21,wk inc flu hosp,2,2026-03-07,26,quantile,0.1,62.0
2026-02-21,wk inc flu hosp,2,2026-03-07,26,quantile,0.15,85.0
2026-02-21,wk inc flu hosp,2,2026-03-07,26,quantile,0.2,108.0
2026-02-21,wk inc flu hosp,2,2026-03-07,26,quantile,0.25,123.0
2026-02-21,wk inc flu hosp,2,2026-03-07,26,quantile,0.3,142.0
2026-02-21,wk inc flu hosp,2,2026-03-07,26,quantile,0.35,157.0
2026-02-21,wk inc flu hosp,2,2026-03-07,26,quantile,0.4,171.0
2026-02-21,wk inc flu hosp,2,2026-03-07,26,quantile,0.45,184.0
2026-02-21,wk inc flu hosp,2,2026-03-07,26,quantile,0.5,197.0
2026-02-21,wk inc flu hosp,2,2026-03-07,26,quantile,0.55,206.0
2026-02-21,wk inc flu hosp,2,2026-03-07,26,quantile,0.6,212.0
2026-02-21,wk inc flu hosp,2,2026-03-07,26,quantile,0.65,221.0
2026-02-21,wk inc flu hosp,2,2026-03-07,26,quantile,0.7,226.0
2026-02-21,wk inc flu hosp,2,2026-03-07,26,quantile,0.75,232.0
2026-02-21,wk inc flu hosp,2,2026-03-07,26,quantile,0.8,237.0
2026-02-21,wk inc flu hosp,2,2026-03-07,26,quantile,0.85,243.0
2026-02-21,wk inc flu hosp,2,2026-03-07,26,quantile,0.9,252.0
2026-02-21,wk inc flu hosp,2,2026-03-07,26,quantile,0.95,266.0
2026-02-21,wk inc flu hosp,2,2026-03-07,26,quantile,0.975,279.0
2026-02-21,wk inc flu hosp,2,2026-03-07,26,quantile,0.99,319.0
2026-02-21,wk inc flu hosp,2,2026-03-07,27,quantile,0.01,0.0
2026-02-21,wk inc flu hosp,2,2026-03-07,27,quantile,0.025,0.0
2026-02-21,wk inc flu hosp,2,2026-03-07,27,quantile,0.05,5.0
2026-02-21,wk inc flu hosp,2,2026-03-07,27,quantile,0.1,27.0
2026-02-21,wk inc flu hosp,2,2026-03-07,27,quantile,0.15,28.0
2026-02-21,wk inc flu hosp,2,2026-03-07,27,quantile,0.2,29.0
2026-02-21,wk inc flu hosp,2,2026-03-07,27,quantile,0.25,30.0
2026-02-21,wk inc flu hosp,2,2026-03-07,27,quantile,0.3,30.0
2026-02-21,wk inc flu hosp,2,2026-03-07,27,quantile,0.35,32.0
2026-02-21,wk inc flu hosp,2,2026-03-07,27,quantile,0.4,39.0
2026-02-21,wk inc flu hosp,2,2026-03-07,27,quantile,0.45,47.0
2026-02-21,wk inc flu hosp,2,2026-03-07,27,quantile,0.5,54.0
2026-02-21,wk inc flu hosp,2,2026-03-07,27,quantile,0.55,61.0
2026-02-21,wk inc flu hosp,2,2026-03-07,27,quantile,0.6,67.0
2026-02-21,wk inc flu hosp,2,2026-03-07,27,quantile,0.65,76.0
2026-02-21,wk inc flu hosp,2,2026-03-07,27,quantile,0.7,83.0
2026-02-21,wk inc flu hosp,2,2026-03-07,27,quantile,0.75,91.0
2026-02-21,wk inc flu hosp,2,2026-03-07,27,quantile,0.8,98.0
2026-02-21,wk inc flu hosp,2,2026-03-07,27,quantile,0.85,108.0
2026-02-21,wk inc flu hosp,2,2026-03-07,27,quantile,0.9,121.0
2026-02-21,wk inc flu hosp,2,2026-03-07,27,quantile,0.95,138.0
2026-02-21,wk inc flu hosp,2,2026-03-07,27,quantile,0.975,156.0
2026-02-21,wk inc flu hosp,2,2026-03-07,27,quantile,0.99,167.0
2026-02-21,wk inc flu hosp,2,2026-03-07,28,quantile,0.01,20.0
2026-02-21,wk inc flu hosp,2,2026-03-07,28,quantile,0.025,23.0
2026-02-21,wk inc flu hosp,2,2026-03-07,28,quantile,0.05,32.0
2026-02-21,wk inc flu hosp,2,2026-03-07,28,quantile,0.1,50.0
2026-02-21,wk inc flu hosp,2,2026-03-07,28,quantile,0.15,65.0
2026-02-21,wk inc flu hosp,2,2026-03-07,28,quantile,0.2,75.0
2026-02-21,wk inc flu hosp,2,2026-03-07,28,quantile,0.25,84.0
2026-02-21,wk inc flu hosp,2,2026-03-07,28,quantile,0.3,93.0
2026-02-21,wk inc flu hosp,2,2026-03-07,28,quantile,0.35,100.0
2026-02-21,wk inc flu hosp,2,2026-03-07,28,quantile,0.4,107.0
2026-02-21,wk inc flu hosp,2,2026-03-07,28,quantile,0.45,115.0
2026-02-21,wk inc flu hosp,2,2026-03-07,28,quantile,0.5,121.0
2026-02-21,wk inc flu hosp,2,2026-03-07,28,quantile,0.55,128.0
2026-02-21,wk inc flu hosp,2,2026-03-07,28,quantile,0.6,134.0
2026-02-21,wk inc flu hosp,2,2026-03-07,28,quantile,0.65,142.0
2026-02-21,wk inc flu hosp,2,2026-03-07,28,quantile,0.7,149.0
2026-02-21,wk inc flu hosp,2,2026-03-07,28,quantile,0.75,157.0
2026-02-21,wk inc flu hosp,2,2026-03-07,28,quantile,0.8,169.0
2026-02-21,wk inc flu hosp,2,2026-03-07,28,quantile,0.85,180.0
2026-02-21,wk inc flu hosp,2,2026-03-07,28,quantile,0.9,195.0
2026-02-21,wk inc flu hosp,2,2026-03-07,28,quantile,0.95,215.0
2026-02-21,wk inc flu hosp,2,2026-03-07,28,quantile,0.975,230.0
2026-02-21,wk inc flu hosp,2,2026-03-07,28,quantile,0.99,243.0
2026-02-21,wk inc flu hosp,2,2026-03-07,30,quantile,0.01,0.0
2026-02-21,wk inc flu hosp,2,2026-03-07,30,quantile,0.025,0.0
2026-02-21,wk inc flu hosp,2,2026-03-07,30,quantile,0.05,0.0
2026-02-21,wk inc flu hosp,2,2026-03-07,30,quantile,0.1,0.0
2026-02-21,wk inc flu hosp,2,2026-03-07,30,quantile,0.15,0.0
2026-02-21,wk inc flu hosp,2,2026-03-07,30,quantile,0.2,4.0
2026-02-21,wk inc flu hosp,2,2026-03-07,30,quantile,0.25,7.0
2026-02-21,wk inc flu hosp,2,2026-03-07,30,quantile,0.3,8.0
2026-02-21,wk inc flu hosp,2,2026-03-07,30,quantile,0.35,10.0
2026-02-21,wk inc flu hosp,2,2026-03-07,30,quantile,0.4,12.0
2026-02-21,wk inc flu hosp,2,2026-03-07,30,quantile,0.45,14.0
2026-02-21,wk inc flu hosp,2,2026-03-07,30,quantile,0.5,16.0
2026-02-21,wk inc flu hosp,2,2026-03-07,30,quantile,0.55,17.0
2026-02-21,wk inc flu hosp,2,2026-03-07,30,quantile,0.6,19.0
2026-02-21,wk inc flu hosp,2,2026-03-07,30,quantile,0.65,21.0
2026-02-21,wk inc flu hosp,2,2026-03-07,30,quantile,0.7,22.0
2026-02-21,wk inc flu hosp,2,2026-03-07,30,quantile,0.75,24.0
2026-02-21,wk inc flu hosp,2,2026-03-07,30,quantile,0.8,25.0
2026-02-21,wk inc flu hosp,2,2026-03-07,30,quantile,0.85,28.0
2026-02-21,wk inc flu hosp,2,2026-03-07,30,quantile,0.9,31.0
2026-02-21,wk inc flu hosp,2,2026-03-07,30,quantile,0.95,35.0
2026-02-21,wk inc flu hosp,2,2026-03-07,30,quantile,0.975,40.0
2026-02-21,wk inc flu hosp,2,2026-03-07,30,quantile,0.99,43.0
2026-02-21,wk inc flu hosp,2,2026-03-07,31,quantile,0.01,8.0
2026-02-21,wk inc flu hosp,2,2026-03-07,31,quantile,0.025,11.0
2026-02-21,wk inc flu hosp,2,2026-03-07,31,quantile,0.05,14.0
2026-02-21,wk inc flu hosp,2,2026-03-07,31,quantile,0.1,25.0
2026-02-21,wk inc flu hosp,2,2026-03-07,31,quantile,0.15,31.0
2026-02-21,wk inc flu hosp,2,2026-03-07,31,quantile,0.2,36.0
2026-02-21,wk inc flu hosp,2,2026-03-07,31,quantile,0.25,41.0
2026-02-21,wk inc flu hosp,2,2026-03-07,31,quantile,0.3,46.0
2026-02-21,wk inc flu hosp,2,2026-03-07,31,quantile,0.35,51.0
2026-02-21,wk inc flu hosp,2,2026-03-07,31,quantile,0.4,56.0
2026-02-21,wk inc flu hosp,2,2026-03-07,31,quantile,0.45,60.0
2026-02-21,wk inc flu hosp,2,2026-03-07,31,quantile,0.5,64.0
2026-02-21,wk inc flu hosp,2,2026-03-07,31,quantile,0.55,68.0
2026-02-21,wk inc flu hosp,2,2026-03-07,31,quantile,0.6,71.0
2026-02-21,wk inc flu hosp,2,2026-03-07,31,quantile,0.65,76.0
2026-02-21,wk inc flu hosp,2,2026-03-07,31,quantile,0.7,79.0
2026-02-21,wk inc flu hosp,2,2026-03-07,31,quantile,0.75,84.0
2026-02-21,wk inc flu hosp,2,2026-03-07,31,quantile,0.8,89.0
2026-02-21,wk inc flu hosp,2,2026-03-07,31,quantile,0.85,96.0
2026-02-21,wk inc flu hosp,2,2026-03-07,31,quantile,0.9,102.0
2026-02-21,wk inc flu hosp,2,2026-03-07,31,quantile,0.95,113.0
2026-02-21,wk inc flu hosp,2,2026-03-07,31,quantile,0.975,121.0
2026-02-21,wk inc flu hosp,2,2026-03-07,31,quantile,0.99,128.0
2026-02-21,wk inc flu hosp,2,2026-03-07,32,quantile,0.01,0.0
2026-02-21,wk inc flu hosp,2,2026-03-07,32,quantile,0.025,3.0
2026-02-21,wk inc flu hosp,2,2026-03-07,32,quantile,0.05,8.0
2026-02-21,wk inc flu hosp,2,2026-03-07,32,quantile,0.1,17.0
2026-02-21,wk inc flu hosp,2,2026-03-07,32,quantile,0.15,25.0
2026-02-21,wk inc flu hosp,2,2026-03-07,32,quantile,0.2,30.0
2026-02-21,wk inc flu hosp,2,2026-03-07,32,quantile,0.25,34.0
2026-02-21,wk inc flu hosp,2,2026-03-07,32,quantile,0.3,38.0
2026-02-21,wk inc flu hosp,2,2026-03-07,32,quantile,0.35,43.0
2026-02-21,wk inc flu hosp,2,2026-03-07,32,quantile,0.4,47.0
2026-02-21,wk inc flu hosp,2,2026-03-07,32,quantile,0.45,51.0
2026-02-21,wk inc flu hosp,2,2026-03-07,32,quantile,0.5,55.0
2026-02-21,wk inc flu hosp,2,2026-03-07,32,quantile,0.55,57.0
2026-02-21,wk inc flu hosp,2,2026-03-07,32,quantile,0.6,58.0
2026-02-21,wk inc flu hosp,2,2026-03-07,32,quantile,0.65,61.0
2026-02-21,wk inc flu hosp,2,2026-03-07,32,quantile,0.7,62.0
2026-02-21,wk inc flu hosp,2,2026-03-07,32,quantile,0.75,64.0
2026-02-21,wk inc flu hosp,2,2026-03-07,32,quantile,0.8,66.0
2026-02-21,wk inc flu hosp,2,2026-03-07,32,quantile,0.85,68.0
2026-02-21,wk inc flu hosp,2,2026-03-07,32,quantile,0.9,71.0
2026-02-21,wk inc flu hosp,2,2026-03-07,32,quantile,0.95,75.0
2026-02-21,wk inc flu hosp,2,2026-03-07,32,quantile,0.975,80.0
2026-02-21,wk inc flu hosp,2,2026-03-07,32,quantile,0.99,83.0
2026-02-21,wk inc flu hosp,2,2026-03-07,33,quantile,0.01,0.0
2026-02-21,wk inc flu hosp,2,2026-03-07,33,quantile,0.025,0.0
2026-02-21,wk inc flu hosp,2,2026-03-07,33,quantile,0.05,1.0
2026-02-21,wk inc flu hosp,2,2026-03-07,33,quantile,0.1,3.0
2026-02-21,wk inc flu hosp,2,2026-03-07,33,quantile,0.15,4.0
2026-02-21,wk inc flu hosp,2,2026-03-07,33,quantile,0.2,5.0
2026-02-21,wk inc flu hosp,2,2026-03-07,33,quantile,0.25,6.0
2026-02-21,wk inc flu hosp,2,2026-03-07,33,quantile,0.3,7.0
2026-02-21,wk inc flu hosp,2,2026-03-07,33,quantile,0.35,10.0
2026-02-21,wk inc flu hosp,2,2026-03-07,33,quantile,0.4,13.0
2026-02-21,wk inc flu hosp,2,2026-03-07,33,quantile,0.45,15.0
2026-02-21,wk inc flu hosp,2,2026-03-07,33,quantile,0.5,17.0
2026-02-21,wk inc flu hosp,2,2026-03-07,33,quantile,0.55,20.0
2026-02-21,wk inc flu hosp,2,2026-03-07,33,quantile,0.6,22.0
2026-02-21,wk inc flu hosp,2,2026-03-07,33,quantile,0.65,25.0
2026-02-21,wk inc flu hosp,2,2026-03-07,33,quantile,0.7,27.0
2026-02-21,wk inc flu hosp,2,2026-03-07,33,quantile,0.75,28.0
2026-02-21,wk inc flu hosp,2,2026-03-07,33,quantile,0.8,29.0
2026-02-21,wk inc flu hosp,2,2026-03-07,33,quantile,0.85,30.0
2026-02-21,wk inc flu hosp,2,2026-03-07,33,quantile,0.9,32.0
2026-02-21,wk inc flu hosp,2,2026-03-07,33,quantile,0.95,34.0
2026-02-21,wk inc flu hosp,2,2026-03-07,33,quantile,0.975,36.0
2026-02-21,wk inc flu hosp,2,2026-03-07,33,quantile,0.99,39.0
2026-02-21,wk inc flu hosp,2,2026-03-07,34,quantile,0.01,0.0
2026-02-21,wk inc flu hosp,2,2026-03-07,34,quantile,0.025,0.0
2026-02-21,wk inc flu hosp,2,2026-03-07,34,quantile,0.05,0.0
2026-02-21,wk inc flu hosp,2,2026-03-07,34,quantile,0.1,0.0
2026-02-21,wk inc flu hosp,2,2026-03-07,34,quantile,0.15,2.0
2026-02-21,wk inc flu hosp,2,2026-03-07,34,quantile,0.2,10.0
2026-02-21,wk inc flu hosp,2,2026-03-07,34,quantile,0.25,29.0
2026-02-21,wk inc flu hosp,2,2026-03-07,34,quantile,0.3,47.0
2026-02-21,wk inc flu hosp,2,2026-03-07,34,quantile,0.35,66.0
2026-02-21,wk inc flu hosp,2,2026-03-07,34,quantile,0.4,85.0
2026-02-21,wk inc flu hosp,2,2026-03-07,34,quantile,0.45,104.0
2026-02-21,wk inc flu hosp,2,2026-03-07,34,quantile,0.5,116.0
2026-02-21,wk inc flu hosp,2,2026-03-07,34,quantile,0.55,123.0
2026-02-21,wk inc flu hosp,2,2026-03-07,34,quantile,0.6,129.0
2026-02-21,wk inc flu hosp,2,2026-03-07,34,quantile,0.65,138.0
2026-02-21,wk inc flu hosp,2,2026-03-07,34,quantile,0.7,143.0
2026-02-21,wk inc flu hosp,2,2026-03-07,34,quantile,0.75,152.0
2026-02-21,wk inc flu hosp,2,2026-03-07,34,quantile,0.8,159.0
2026-02-21,wk inc flu hosp,2,2026-03-07,34,quantile,0.85,168.0
2026-02-21,wk inc flu hosp,2,2026-03-07,34,quantile,0.9,180.0
2026-02-21,wk inc flu hosp,2,2026-03-07,34,quantile,0.95,199.0
2026-02-21,wk inc flu hosp,2,2026-03-07,34,quantile,0.975,214.0
2026-02-21,wk inc flu hosp,2,2026-03-07,34,quantile,0.99,224.0
2026-02-21,wk inc flu hosp,2,2026-03-07,35,quantile,0.01,2.0
2026-02-21,wk inc flu hosp,2,2026-03-07,35,quantile,0.025,5.0
2026-02-21,wk inc flu hosp,2,2026-03-07,35,quantile,0.05,10.0
2026-02-21,wk inc flu hosp,2,2026-03-07,35,quantile,0.1,15.0
2026-02-21,wk inc flu hosp,2,2026-03-07,35,quantile,0.15,19.0
2026-02-21,wk inc flu hosp,2,2026-03-07,35,quantile,0.2,22.0
2026-02-21,wk inc flu hosp,2,2026-03-07,35,quantile,0.25,24.0
2026-02-21,wk inc flu hosp,2,2026-03-07,35,quantile,0.3,26.0
2026-02-21,wk inc flu hosp,2,2026-03-07,35,quantile,0.35,28.0
2026-02-21,wk inc flu hosp,2,2026-03-07,35,quantile,0.4,30.0
2026-02-21,wk inc flu hosp,2,2026-03-07,35,quantile,0.45,32.0
2026-02-21,wk inc flu hosp,2,2026-03-07,35,quantile,0.5,34.0
2026-02-21,wk inc flu hosp,2,2026-03-07,35,quantile,0.55,35.0
2026-02-21,wk inc flu hosp,2,2026-03-07,35,quantile,0.6,37.0
2026-02-21,wk inc flu hosp,2,2026-03-07,35,quantile,0.65,39.0
2026-02-21,wk inc flu hosp,2,2026-03-07,35,quantile,0.7,40.0
2026-02-21,wk inc flu hosp,2,2026-03-07,35,quantile,0.75,42.0
2026-02-21,wk inc flu hosp,2,2026-03-07,35,quantile,0.8,44.0
2026-02-21,wk inc flu hosp,2,2026-03-07,35,quantile,0.85,46.0
2026-02-21,wk inc flu hosp,2,2026-03-07,35,quantile,0.9,48.0
2026-02-21,wk inc flu hosp,2,2026-03-07,35,quantile,0.95,53.0
2026-02-21,wk inc flu hosp,2,2026-03-07,35,quantile,0.975,56.0
2026-02-21,wk inc flu hosp,2,2026-03-07,35,quantile,0.99,59.0
2026-02-21,wk inc flu hosp,2,2026-03-07,36,quantile,0.01,0.0
2026-02-21,wk inc flu hosp,2,2026-03-07,36,quantile,0.025,0.0
2026-02-21,wk inc flu hosp,2,2026-03-07,36,quantile,0.05,0.0
2026-02-21,wk inc flu hosp,2,2026-03-07,36,quantile,0.1,0.0
2026-02-21,wk inc flu hosp,2,2026-03-07,36,quantile,0.15,0.0
2026-02-21,wk inc flu hosp,2,2026-03-07,36,quantile,0.2,7.0
2026-02-21,wk inc flu hosp,2,2026-03-07,36,quantile,0.25,25.0
2026-02-21,wk inc flu hosp,2,2026-03-07,36,quantile,0.3,46.0
2026-02-21,wk inc flu hosp,2,2026-03-07,36,quantile,0.35,61.0
2026-02-21,wk inc flu hosp,2,2026-03-07,36,quantile,0.4,69.0
2026-02-21,wk inc flu hosp,2,2026-03-07,36,quantile,0.45,77.0
2026-02-21,wk inc flu hosp,2,2026-03-07,36,quantile,0.5,84.0
2026-02-21,wk inc flu hosp,2,2026-03-07,36,quantile,0.55,95.0
2026-02-21,wk inc flu hosp,2,2026-03-07,36,quantile,0.6,103.0
2026-02-21,wk inc flu hosp,2,2026-03-07,36,quantile,0.65,114.0
2026-02-21,wk inc flu hosp,2,2026-03-07,36,quantile,0.7,125.0
2026-02-21,wk inc flu hosp,2,2026-03-07,36,quantile,0.75,133.0
2026-02-21,wk inc flu hosp,2,2026-03-07,36,quantile,0.8,145.0
2026-02-21,wk inc flu hosp,2,2026-03-07,36,quantile,0.85,160.0
2026-02-21,wk inc flu hosp,2,2026-03-07,36,quantile,0.9,179.0
2026-02-21,wk inc flu hosp,2,2026-03-07,36,quantile,0.95,204.0
2026-02-21,wk inc flu hosp,2,2026-03-07,36,quantile,0.975,228.0
2026-02-21,wk inc flu hosp,2,2026-03-07,36,quantile,0.99,270.0
2026-02-21,wk inc flu hosp,2,2026-03-07,37,quantile,0.01,0.0
2026-02-21,wk inc flu hosp,2,2026-03-07,37,quantile,0.025,0.0
2026-02-21,wk inc flu hosp,2,2026-03-07,37,quantile,0.05,0.0
2026-02-21,wk inc flu hosp,2,2026-03-07,37,quantile,0.1,0.0
2026-02-21,wk inc flu hosp,2,2026-03-07,37,quantile,0.15,0.0
2026-02-21,wk inc flu hosp,2,2026-03-07,37,quantile,0.2,0.0
2026-02-21,wk inc flu hosp,2,2026-03-07,37,quantile,0.25,0.0
2026-02-21,wk inc flu hosp,2,2026-03-07,37,quantile,0.3,18.0
2026-02-21,wk inc flu hosp,2,2026-03-07,37,quantile,0.35,40.0
2026-02-21,wk inc flu hosp,2,2026-03-07,37,quantile,0.4,58.0
2026-02-21,wk inc flu hosp,2,2026-03-07,37,quantile,0.45,88.0
2026-02-21,wk inc flu hosp,2,2026-03-07,37,quantile,0.5,113.0
2026-02-21,wk inc flu hosp,2,2026-03-07,37,quantile,0.55,130.0
2026-02-21,wk inc flu hosp,2,2026-03-07,37,quantile,0.6,140.0
2026-02-21,wk inc flu hosp,2,2026-03-07,37,quantile,0.65,157.0
2026-02-21,wk inc flu hosp,2,2026-03-07,37,quantile,0.7,167.0
2026-02-21,wk inc flu hosp,2,2026-03-07,37,quantile,0.75,182.0
2026-02-21,wk inc flu hosp,2,2026-03-07,37,quantile,0.8,195.0
2026-02-21,wk inc flu hosp,2,2026-03-07,37,quantile,0.85,214.0
2026-02-21,wk inc flu hosp,2,2026-03-07,37,quantile,0.9,239.0
2026-02-21,wk inc flu hosp,2,2026-03-07,37,quantile,0.95,277.0
2026-02-21,wk inc flu hosp,2,2026-03-07,37,quantile,0.975,306.0
2026-02-21,wk inc flu hosp,2,2026-03-07,37,quantile,0.99,327.0
2026-02-21,wk inc flu hosp,2,2026-03-07,38,quantile,0.01,0.0
2026-02-21,wk inc flu hosp,2,2026-03-07,38,quantile,0.025,0.0
2026-02-21,wk inc flu hosp,2,2026-03-07,38,quantile,0.05,0.0
2026-02-21,wk inc flu hosp,2,2026-03-07,38,quantile,0.1,0.0
2026-02-21,wk inc flu hosp,2,2026-03-07,38,quantile,0.15,0.0
2026-02-21,wk inc flu hosp,2,2026-03-07,38,quantile,0.2,1.0
2026-02-21,wk inc flu hosp,2,2026-03-07,38,quantile,0.25,2.0
2026-02-21,wk inc flu hosp,2,2026-03-07,38,quantile,0.3,3.0
2026-02-21,wk inc flu hosp,2,2026-03-07,38,quantile,0.35,4.0
2026-02-21,wk inc flu hosp,2,2026-03-07,38,quantile,0.4,4.0
2026-02-21,wk inc flu hosp,2,2026-03-07,38,quantile,0.45,5.0
2026-02-21,wk inc flu hosp,2,2026-03-07,38,quantile,0.5,6.0
2026-02-21,wk inc flu hosp,2,2026-03-07,38,quantile,0.55,6.0
2026-02-21,wk inc flu hosp,2,2026-03-07,38,quantile,0.6,7.0
2026-02-21,wk inc flu hosp,2,2026-03-07,38,quantile,0.65,8.0
2026-02-21,wk inc flu hosp,2,2026-03-07,38,quantile,0.7,8.0
2026-02-21,wk inc flu hosp,2,2026-03-07,38,quantile,0.75,9.0
2026-02-21,wk inc flu hosp,2,2026-03-07,38,quantile,0.8,9.0
2026-02-21,wk inc flu hosp,2,2026-03-07,38,quantile,0.85,11.0
2026-02-21,wk inc flu hosp,2,2026-03-07,38,quantile,0.9,12.0
2026-02-21,wk inc flu hosp,2,2026-03-07,38,quantile,0.95,14.0
2026-02-21,wk inc flu hosp,2,2026-03-07,38,quantile,0.975,15.0
2026-02-21,wk inc flu hosp,2,2026-03-07,38,quantile,0.99,17.0
2026-02-21,wk inc flu hosp,2,2026-03-07,39,quantile,0.01,0.0
2026-02-21,wk inc flu hosp,2,2026-03-07,39,quantile,0.025,11.0
2026-02-21,wk inc flu hosp,2,2026-03-07,39,quantile,0.05,36.0
2026-02-21,wk inc flu hosp,2,2026-03-07,39,quantile,0.1,64.0
2026-02-21,wk inc flu hosp,2,2026-03-07,39,quantile,0.15,89.0
2026-02-21,wk inc flu hosp,2,2026-03-07,39,quantile,0.2,116.0
2026-02-21,wk inc flu hosp,2,2026-03-07,39,quantile,0.25,139.0
2026-02-21,wk inc flu hosp,2,2026-03-07,39,quantile,0.3,162.0
2026-02-21,wk inc flu hosp,2,2026-03-07,39,quantile,0.35,186.0
2026-02-21,wk inc flu hosp,2,2026-03-07,39,quantile,0.4,208.0
2026-02-21,wk inc flu hosp,2,2026-03-07,39,quantile,0.45,221.0
2026-02-21,wk inc flu hosp,2,2026-03-07,39,quantile,0.5,233.0
2026-02-21,wk inc flu hosp,2,2026-03-07,39,quantile,0.55,242.0
2026-02-21,wk inc flu hosp,2,2026-03-07,39,quantile,0.6,254.0
2026-02-21,wk inc flu hosp,2,2026-03-07,39,quantile,0.65,269.0
2026-02-21,wk inc flu hosp,2,2026-03-07,39,quantile,0.7,284.0
2026-02-21,wk inc flu hosp,2,2026-03-07,39,quantile,0.75,300.0
2026-02-21,wk inc flu hosp,2,2026-03-07,39,quantile,0.8,311.0
2026-02-21,wk inc flu hosp,2,2026-03-07,39,quantile,0.85,328.0
2026-02-21,wk inc flu hosp,2,2026-03-07,39,quantile,0.9,363.0
2026-02-21,wk inc flu hosp,2,2026-03-07,39,quantile,0.95,396.0
2026-02-21,wk inc flu hosp,2,2026-03-07,39,quantile,0.975,425.0
2026-02-21,wk inc flu hosp,2,2026-03-07,39,quantile,0.99,601.0
2026-02-21,wk inc flu hosp,2,2026-03-07,40,quantile,0.01,0.0
2026-02-21,wk inc flu hosp,2,2026-03-07,40,quantile,0.025,0.0
2026-02-21,wk inc flu hosp,2,2026-03-07,40,quantile,0.05,0.0
2026-02-21,wk inc flu hosp,2,2026-03-07,40,quantile,0.1,9.0
2026-02-21,wk inc flu hosp,2,2026-03-07,40,quantile,0.15,16.0
2026-02-21,wk inc flu hosp,2,2026-03-07,40,quantile,0.2,32.0
2026-02-21,wk inc flu hosp,2,2026-03-07,40,quantile,0.25,42.0
2026-02-21,wk inc flu hosp,2,2026-03-07,40,quantile,0.3,53.0
2026-02-21,wk inc flu hosp,2,2026-03-07,40,quantile,0.35,63.0
2026-02-21,wk inc flu hosp,2,2026-03-07,40,quantile,0.4,73.0
2026-02-21,wk inc flu hosp,2,2026-03-07,40,quantile,0.45,84.0
2026-02-21,wk inc flu hosp,2,2026-03-07,40,quantile,0.5,93.0
2026-02-21,wk inc flu hosp,2,2026-03-07,40,quantile,0.55,103.0
2026-02-21,wk inc flu hosp,2,2026-03-07,40,quantile,0.6,111.0
2026-02-21,wk inc flu hosp,2,2026-03-07,40,quantile,0.65,117.0
2026-02-21,wk inc flu hosp,2,2026-03-07,40,quantile,0.7,122.0
2026-02-21,wk inc flu hosp,2,2026-03-07,40,quantile,0.75,128.0
2026-02-21,wk inc flu hosp,2,2026-03-07,40,quantile,0.8,133.0
2026-02-21,wk inc flu hosp,2,2026-03-07,40,quantile,0.85,139.0
2026-02-21,wk inc flu hosp,2,2026-03-07,40,quantile,0.9,145.0
2026-02-21,wk inc flu hosp,2,2026-03-07,40,quantile,0.95,157.0
2026-02-21,wk inc flu hosp,2,2026-03-07,40,quantile,0.975,167.0
2026-02-21,wk inc flu hosp,2,2026-03-07,40,quantile,0.99,174.0
2026-02-21,wk inc flu hosp,2,2026-03-07,41,quantile,0.01,67.0
2026-02-21,wk inc flu hosp,2,2026-03-07,41,quantile,0.025,92.0
2026-02-21,wk inc flu hosp,2,2026-03-07,41,quantile,0.05,106.0
2026-02-21,wk inc flu hosp,2,2026-03-07,41,quantile,0.1,127.0
2026-02-21,wk inc flu hosp,2,2026-03-07,41,quantile,0.15,137.0
2026-02-21,wk inc flu hosp,2,2026-03-07,41,quantile,0.2,144.0
2026-02-21,wk inc flu hosp,2,2026-03-07,41,quantile,0.25,149.0
2026-02-21,wk inc flu hosp,2,2026-03-07,41,quantile,0.3,154.0
2026-02-21,wk inc flu hosp,2,2026-03-07,41,quantile,0.35,158.0
2026-02-21,wk inc flu hosp,2,2026-03-07,41,quantile,0.4,163.0
2026-02-21,wk inc flu hosp,2,2026-03-07,41,quantile,0.45,167.0
2026-02-21,wk inc flu hosp,2,2026-03-07,41,quantile,0.5,172.0
2026-02-21,wk inc flu hosp,2,2026-03-07,41,quantile,0.55,177.0
2026-02-21,wk inc flu hosp,2,2026-03-07,41,quantile,0.6,182.0
2026-02-21,wk inc flu hosp,2,2026-03-07,41,quantile,0.65,187.0
2026-02-21,wk inc flu hosp,2,2026-03-07,41,quantile,0.7,191.0
2026-02-21,wk inc flu hosp,2,2026-03-07,41,quantile,0.75,198.0
2026-02-21,wk inc flu hosp,2,2026-03-07,41,quantile,0.8,205.0
2026-02-21,wk inc flu hosp,2,2026-03-07,41,quantile,0.85,212.0
2026-02-21,wk inc flu hosp,2,2026-03-07,41,quantile,0.9,219.0
2026-02-21,wk inc flu hosp,2,2026-03-07,41,quantile,0.95,246.0
2026-02-21,wk inc flu hosp,2,2026-03-07,41,quantile,0.975,267.0
2026-02-21,wk inc flu hosp,2,2026-03-07,41,quantile,0.99,281.0
2026-02-21,wk inc flu hosp,2,2026-03-07,42,quantile,0.01,0.0
2026-02-21,wk inc flu hosp,2,2026-03-07,42,quantile,0.025,0.0
2026-02-21,wk inc flu hosp,2,2026-03-07,42,quantile,0.05,0.0
2026-02-21,wk inc flu hosp,2,2026-03-07,42,quantile,0.1,0.0
2026-02-21,wk inc flu hosp,2,2026-03-07,42,quantile,0.15,0.0
2026-02-21,wk inc flu hosp,2,2026-03-07,42,quantile,0.2,19.0
2026-02-21,wk inc flu hosp,2,2026-03-07,42,quantile,0.25,46.0
2026-02-21,wk inc flu hosp,2,2026-03-07,42,quantile,0.3,70.0
2026-02-21,wk inc flu hosp,2,2026-03-07,42,quantile,0.35,93.0
2026-02-21,wk inc flu hosp,2,2026-03-07,42,quantile,0.4,119.0
2026-02-21,wk inc flu hosp,2,2026-03-07,42,quantile,0.45,141.0
2026-02-21,wk inc flu hosp,2,2026-03-07,42,quantile,0.5,162.0
2026-02-21,wk inc flu hosp,2,2026-03-07,42,quantile,0.55,185.0
2026-02-21,wk inc flu hosp,2,2026-03-07,42,quantile,0.6,205.0
2026-02-21,wk inc flu hosp,2,2026-03-07,42,quantile,0.65,231.0
2026-02-21,wk inc flu hosp,2,2026-03-07,42,quantile,0.7,253.0
2026-02-21,wk inc flu hosp,2,2026-03-07,42,quantile,0.75,284.0
2026-02-21,wk inc flu hosp,2,2026-03-07,42,quantile,0.8,312.0
2026-02-21,wk inc flu hosp,2,2026-03-07,42,quantile,0.85,345.0
2026-02-21,wk inc flu hosp,2,2026-03-07,42,quantile,0.9,388.0
2026-02-21,wk inc flu hosp,2,2026-03-07,42,quantile,0.95,452.0
2026-02-21,wk inc flu hosp,2,2026-03-07,42,quantile,0.975,510.0
2026-02-21,wk inc flu hosp,2,2026-03-07,42,quantile,0.99,550.0
2026-02-21,wk inc flu hosp,2,2026-03-07,44,quantile,0.01,0.0
2026-02-21,wk inc flu hosp,2,2026-03-07,44,quantile,0.025,0.0
2026-02-21,wk inc flu hosp,2,2026-03-07,44,quantile,0.05,0.0
2026-02-21,wk inc flu hosp,2,2026-03-07,44,quantile,0.1,0.0
2026-02-21,wk inc flu hosp,2,2026-03-07,44,quantile,0.15,0.0
2026-02-21,wk inc flu hosp,2,2026-03-07,44,quantile,0.2,0.0
2026-02-21,wk inc flu hosp,2,2026-03-07,44,quantile,0.25,0.0
2026-02-21,wk inc flu hosp,2,2026-03-07,44,quantile,0.3,1.0
2026-02-21,wk inc flu hosp,2,2026-03-07,44,quantile,0.35,2.0
2026-02-21,wk inc flu hosp,2,2026-03-07,44,quantile,0.4,2.0
2026-02-21,wk inc flu hosp,2,2026-03-07,44,quantile,0.45,3.0
2026-02-21,wk inc flu hosp,2,2026-03-07,44,quantile,0.5,3.0
2026-02-21,wk inc flu hosp,2,2026-03-07,44,quantile,0.55,4.0
2026-02-21,wk inc flu hosp,2,2026-03-07,44,quantile,0.6,4.0
2026-02-21,wk inc flu hosp,2,2026-03-07,44,quantile,0.65,5.0
2026-02-21,wk inc flu hosp,2,2026-03-07,44,quantile,0.7,6.0
2026-02-21,wk inc flu hosp,2,2026-03-07,44,quantile,0.75,7.0
2026-02-21,wk inc flu hosp,2,2026-03-07,44,quantile,0.8,8.0
2026-02-21,wk inc flu hosp,2,2026-03-07,44,quantile,0.85,9.0
2026-02-21,wk inc flu hosp,2,2026-03-07,44,quantile,0.9,11.0
2026-02-21,wk inc flu hosp,2,2026-03-07,44,quantile,0.95,14.0
2026-02-21,wk inc flu hosp,2,2026-03-07,44,quantile,0.975,16.0
2026-02-21,wk inc flu hosp,2,2026-03-07,44,quantile,0.99,17.0
2026-02-21,wk inc flu hosp,2,2026-03-07,45,quantile,0.01,0.0
2026-02-21,wk inc flu hosp,2,2026-03-07,45,quantile,0.025,0.0
2026-02-21,wk inc flu hosp,2,2026-03-07,45,quantile,0.05,12.0
2026-02-21,wk inc flu hosp,2,2026-03-07,45,quantile,0.1,22.0
2026-02-21,wk inc flu hosp,2,2026-03-07,45,quantile,0.15,28.0
2026-02-21,wk inc flu hosp,2,2026-03-07,45,quantile,0.2,33.0
2026-02-21,wk inc flu hosp,2,2026-03-07,45,quantile,0.25,39.0
2026-02-21,wk inc flu hosp,2,2026-03-07,45,quantile,0.3,50.0
2026-02-21,wk inc flu hosp,2,2026-03-07,45,quantile,0.35,62.0
2026-02-21,wk inc flu hosp,2,2026-03-07,45,quantile,0.4,74.0
2026-02-21,wk inc flu hosp,2,2026-03-07,45,quantile,0.45,85.0
2026-02-21,wk inc flu hosp,2,2026-03-07,45,quantile,0.5,96.0
2026-02-21,wk inc flu hosp,2,2026-03-07,45,quantile,0.55,107.0
2026-02-21,wk inc flu hosp,2,2026-03-07,45,quantile,0.6,117.0
2026-02-21,wk inc flu hosp,2,2026-03-07,45,quantile,0.65,128.0
2026-02-21,wk inc flu hosp,2,2026-03-07,45,quantile,0.7,137.0
2026-02-21,wk inc flu hosp,2,2026-03-07,45,quantile,0.75,149.0
2026-02-21,wk inc flu hosp,2,2026-03-07,45,quantile,0.8,163.0
2026-02-21,wk inc flu hosp,2,2026-03-07,45,quantile,0.85,178.0
2026-02-21,wk inc flu hosp,2,2026-03-07,45,quantile,0.9,189.0
2026-02-21,wk inc flu hosp,2,2026-03-07,45,quantile,0.95,204.0
2026-02-21,wk inc flu hosp,2,2026-03-07,45,quantile,0.975,216.0
2026-02-21,wk inc flu hosp,2,2026-03-07,45,quantile,0.99,225.0
2026-02-21,wk inc flu hosp,2,2026-03-07,46,quantile,0.01,3.0
2026-02-21,wk inc flu hosp,2,2026-03-07,46,quantile,0.025,4.0
2026-02-21,wk inc flu hosp,2,2026-03-07,46,quantile,0.05,5.0
2026-02-21,wk inc flu hosp,2,2026-03-07,46,quantile,0.1,9.0
2026-02-21,wk inc flu hosp,2,2026-03-07,46,quantile,0.15,11.0
2026-02-21,wk inc flu hosp,2,2026-03-07,46,quantile,0.2,14.0
2026-02-21,wk inc flu hosp,2,2026-03-07,46,quantile,0.25,16.0
2026-02-21,wk inc flu hosp,2,2026-03-07,46,quantile,0.3,17.0
2026-02-21,wk inc flu hosp,2,2026-03-07,46,quantile,0.35,19.0
2026-02-21,wk inc flu hosp,2,2026-03-07,46,quantile,0.4,20.0
2026-02-21,wk inc flu hosp,2,2026-03-07,46,quantile,0.45,20.0
2026-02-21,wk inc flu hosp,2,2026-03-07,46,quantile,0.5,21.0
2026-02-21,wk inc flu hosp,2,2026-03-07,46,quantile,0.55,22.0
2026-02-21,wk inc flu hosp,2,2026-03-07,46,quantile,0.6,22.0
2026-02-21,wk inc flu hosp,2,2026-03-07,46,quantile,0.65,23.0
2026-02-21,wk inc flu hosp,2,2026-03-07,46,quantile,0.7,23.0
2026-02-21,wk inc flu hosp,2,2026-03-07,46,quantile,0.75,24.0
2026-02-21,wk inc flu hosp,2,2026-03-07,46,quantile,0.8,24.0
2026-02-21,wk inc flu hosp,2,2026-03-07,46,quantile,0.85,25.0
2026-02-21,wk inc flu hosp,2,2026-03-07,46,quantile,0.9,26.0
2026-02-21,wk inc flu hosp,2,2026-03-07,46,quantile,0.95,28.0
2026-02-21,wk inc flu hosp,2,2026-03-07,46,quantile,0.975,29.0
2026-02-21,wk inc flu hosp,2,2026-03-07,46,quantile,0.99,31.0
2026-02-21,wk inc flu hosp,2,2026-03-07,47,quantile,0.01,0.0
2026-02-21,wk inc flu hosp,2,2026-03-07,47,quantile,0.025,6.0
2026-02-21,wk inc flu hosp,2,2026-03-07,47,quantile,0.05,20.0
2026-02-21,wk inc flu hosp,2,2026-03-07,47,quantile,0.1,33.0
2026-02-21,wk inc flu hosp,2,2026-03-07,47,quantile,0.15,39.0
2026-02-21,wk inc flu hosp,2,2026-03-07,47,quantile,0.2,52.0
2026-02-21,wk inc flu hosp,2,2026-03-07,47,quantile,0.25,66.0
2026-02-21,wk inc flu hosp,2,2026-03-07,47,quantile,0.3,80.0
2026-02-21,wk inc flu hosp,2,2026-03-07,47,quantile,0.35,93.0
2026-02-21,wk inc flu hosp,2,2026-03-07,47,quantile,0.4,103.0
2026-02-21,wk inc flu hosp,2,2026-03-07,47,quantile,0.45,116.0
2026-02-21,wk inc flu hosp,2,2026-03-07,47,quantile,0.5,128.0
2026-02-21,wk inc flu hosp,2,2026-03-07,47,quantile,0.55,139.0
2026-02-21,wk inc flu hosp,2,2026-03-07,47,quantile,0.6,149.0
2026-02-21,wk inc flu hosp,2,2026-03-07,47,quantile,0.65,164.0
2026-02-21,wk inc flu hosp,2,2026-03-07,47,quantile,0.7,174.0
2026-02-21,wk inc flu hosp,2,2026-03-07,47,quantile,0.75,188.0
2026-02-21,wk inc flu hosp,2,2026-03-07,47,quantile,0.8,203.0
2026-02-21,wk inc flu hosp,2,2026-03-07,47,quantile,0.85,219.0
2026-02-21,wk inc flu hosp,2,2026-03-07,47,quantile,0.9,239.0
2026-02-21,wk inc flu hosp,2,2026-03-07,47,quantile,0.95,259.0
2026-02-21,wk inc flu hosp,2,2026-03-07,47,quantile,0.975,275.0
2026-02-21,wk inc flu hosp,2,2026-03-07,47,quantile,0.99,288.0
2026-02-21,wk inc flu hosp,2,2026-03-07,48,quantile,0.01,0.0
2026-02-21,wk inc flu hosp,2,2026-03-07,48,quantile,0.025,14.0
2026-02-21,wk inc flu hosp,2,2026-03-07,48,quantile,0.05,85.0
2026-02-21,wk inc flu hosp,2,2026-03-07,48,quantile,0.1,148.0
2026-02-21,wk inc flu hosp,2,2026-03-07,48,quantile,0.15,184.0
2026-02-21,wk inc flu hosp,2,2026-03-07,48,quantile,0.2,258.0
2026-02-21,wk inc flu hosp,2,2026-03-07,48,quantile,0.25,330.0
2026-02-21,wk inc flu hosp,2,2026-03-07,48,quantile,0.3,396.0
2026-02-21,wk inc flu hosp,2,2026-03-07,48,quantile,0.35,465.0
2026-02-21,wk inc flu hosp,2,2026-03-07,48,quantile,0.4,529.0
2026-02-21,wk inc flu hosp,2,2026-03-07,48,quantile,0.45,596.0
2026-02-21,wk inc flu hosp,2,2026-03-07,48,quantile,0.5,664.0
2026-02-21,wk inc flu hosp,2,2026-03-07,48,quantile,0.55,736.0
2026-02-21,wk inc flu hosp,2,2026-03-07,48,quantile,0.6,804.0
2026-02-21,wk inc flu hosp,2,2026-03-07,48,quantile,0.65,880.0
2026-02-21,wk inc flu hosp,2,2026-03-07,48,quantile,0.7,948.0
2026-02-21,wk inc flu hosp,2,2026-03-07,48,quantile,0.75,1026.0
2026-02-21,wk inc flu hosp,2,2026-03-07,48,quantile,0.8,1067.0
2026-02-21,wk inc flu hosp,2,2026-03-07,48,quantile,0.85,1132.0
2026-02-21,wk inc flu hosp,2,2026-03-07,48,quantile,0.9,1225.0
2026-02-21,wk inc flu hosp,2,2026-03-07,48,quantile,0.95,1482.0
2026-02-21,wk inc flu hosp,2,2026-03-07,48,quantile,0.975,1599.0
2026-02-21,wk inc flu hosp,2,2026-03-07,48,quantile,0.99,1658.0
2026-02-21,wk inc flu hosp,2,2026-03-07,49,quantile,0.01,5.0
2026-02-21,wk inc flu hosp,2,2026-03-07,49,quantile,0.025,9.0
2026-02-21,wk inc flu hosp,2,2026-03-07,49,quantile,0.05,15.0
2026-02-21,wk inc flu hosp,2,2026-03-07,49,quantile,0.1,27.0
2026-02-21,wk inc flu hosp,2,2026-03-07,49,quantile,0.15,35.0
2026-02-21,wk inc flu hosp,2,2026-03-07,49,quantile,0.2,42.0
2026-02-21,wk inc flu hosp,2,2026-03-07,49,quantile,0.25,47.0
2026-02-21,wk inc flu hosp,2,2026-03-07,49,quantile,0.3,53.0
2026-02-21,wk inc flu hosp,2,2026-03-07,49,quantile,0.35,57.0
2026-02-21,wk inc flu hosp,2,2026-03-07,49,quantile,0.4,62.0
2026-02-21,wk inc flu hosp,2,2026-03-07,49,quantile,0.45,67.0
2026-02-21,wk inc flu hosp,2,2026-03-07,49,quantile,0.5,72.0
2026-02-21,wk inc flu hosp,2,2026-03-07,49,quantile,0.55,77.0
2026-02-21,wk inc flu hosp,2,2026-03-07,49,quantile,0.6,81.0
2026-02-21,wk inc flu hosp,2,2026-03-07,49,quantile,0.65,87.0
2026-02-21,wk inc flu hosp,2,2026-03-07,49,quantile,0.7,92.0
2026-02-21,wk inc flu hosp,2,2026-03-07,49,quantile,0.75,97.0
2026-02-21,wk inc flu hosp,2,2026-03-07,49,quantile,0.8,100.0
2026-02-21,wk inc flu hosp,2,2026-03-07,49,quantile,0.85,105.0
2026-02-21,wk inc flu hosp,2,2026-03-07,49,quantile,0.9,112.0
2026-02-21,wk inc flu hosp,2,2026-03-07,49,quantile,0.95,122.0
2026-02-21,wk inc flu hosp,2,2026-03-07,49,quantile,0.975,141.0
2026-02-21,wk inc flu hosp,2,2026-03-07,49,quantile,0.99,153.0
2026-02-21,wk inc flu hosp,2,2026-03-07,50,quantile,0.01,0.0
2026-02-21,wk inc flu hosp,2,2026-03-07,50,quantile,0.025,0.0
2026-02-21,wk inc flu hosp,2,2026-03-07,50,quantile,0.05,0.0
2026-02-21,wk inc flu hosp,2,2026-03-07,50,quantile,0.1,0.0
2026-02-21,wk inc flu hosp,2,2026-03-07,50,quantile,0.15,0.0
2026-02-21,wk inc flu hosp,2,2026-03-07,50,quantile,0.2,2.0
2026-02-21,wk inc flu hosp,2,2026-03-07,50,quantile,0.25,4.0
2026-02-21,wk inc flu hosp,2,2026-03-07,50,quantile,0.3,6.0
2026-02-21,wk inc flu hosp,2,2026-03-07,50,quantile,0.35,7.0
2026-02-21,wk inc flu hosp,2,2026-03-07,50,quantile,0.4,8.0
2026-02-21,wk inc flu hosp,2,2026-03-07,50,quantile,0.45,9.0
2026-02-21,wk inc flu hosp,2,2026-03-07,50,quantile,0.5,10.0
2026-02-21,wk inc flu hosp,2,2026-03-07,50,quantile,0.55,10.0
2026-02-21,wk inc flu hosp,2,2026-03-07,50,quantile,0.6,11.0
2026-02-21,wk inc flu hosp,2,2026-03-07,50,quantile,0.65,12.0
2026-02-21,wk inc flu hosp,2,2026-03-07,50,quantile,0.7,12.0
2026-02-21,wk inc flu hosp,2,2026-03-07,50,quantile,0.75,13.0
2026-02-21,wk inc flu hosp,2,2026-03-07,50,quantile,0.8,14.0
2026-02-21,wk inc flu hosp,2,2026-03-07,50,quantile,0.85,15.0
2026-02-21,wk inc flu hosp,2,2026-03-07,50,quantile,0.9,16.0
2026-02-21,wk inc flu hosp,2,2026-03-07,50,quantile,0.95,18.0
2026-02-21,wk inc flu hosp,2,2026-03-07,50,quantile,0.975,20.0
2026-02-21,wk inc flu hosp,2,2026-03-07,50,quantile,0.99,21.0
2026-02-21,wk inc flu hosp,2,2026-03-07,51,quantile,0.01,0.0
2026-02-21,wk inc flu hosp,2,2026-03-07,51,quantile,0.025,0.0
2026-02-21,wk inc flu hosp,2,2026-03-07,51,quantile,0.05,0.0
2026-02-21,wk inc flu hosp,2,2026-03-07,51,quantile,0.1,0.0
2026-02-21,wk inc flu hosp,2,2026-03-07,51,quantile,0.15,0.0
2026-02-21,wk inc flu hosp,2,2026-03-07,51,quantile,0.2,0.0
2026-02-21,wk inc flu hosp,2,2026-03-07,51,quantile,0.25,14.0
2026-02-21,wk inc flu hosp,2,2026-03-07,51,quantile,0.3,31.0
2026-02-21,wk inc flu hosp,2,2026-03-07,51,quantile,0.35,44.0
2026-02-21,wk inc flu hosp,2,2026-03-07,51,quantile,0.4,63.0
2026-02-21,wk inc flu hosp,2,2026-03-07,51,quantile,0.45,74.0
2026-02-21,wk inc flu hosp,2,2026-03-07,51,quantile,0.5,86.0
2026-02-21,wk inc flu hosp,2,2026-03-07,51,quantile,0.55,98.0
2026-02-21,wk inc flu hosp,2,2026-03-07,51,quantile,0.6,108.0
2026-02-21,wk inc flu hosp,2,2026-03-07,51,quantile,0.65,121.0
2026-02-21,wk inc flu hosp,2,2026-03-07,51,quantile,0.7,136.0
2026-02-21,wk inc flu hosp,2,2026-03-07,51,quantile,0.75,147.0
2026-02-21,wk inc flu hosp,2,2026-03-07,51,quantile,0.8,162.0
2026-02-21,wk inc flu hosp,2,2026-03-07,51,quantile,0.85,177.0
2026-02-21,wk inc flu hosp,2,2026-03-07,51,quantile,0.9,198.0
2026-02-21,wk inc flu hosp,2,2026-03-07,51,quantile,0.95,253.0
2026-02-21,wk inc flu hosp,2,2026-03-07,51,quantile,0.975,352.0
2026-02-21,wk inc flu hosp,2,2026-03-07,51,quantile,0.99,464.0
2026-02-21,wk inc flu hosp,2,2026-03-07,53,quantile,0.01,42.0
2026-02-21,wk inc flu hosp,2,2026-03-07,53,quantile,0.025,49.0
2026-02-21,wk inc flu hosp,2,2026-03-07,53,quantile,0.05,73.0
2026-02-21,wk inc flu hosp,2,2026-03-07,53,quantile,0.1,110.0
2026-02-21,wk inc flu hosp,2,2026-03-07,53,quantile,0.15,136.0
2026-02-21,wk inc flu hosp,2,2026-03-07,53,quantile,0.2,154.0
2026-02-21,wk inc flu hosp,2,2026-03-07,53,quantile,0.25,165.0
2026-02-21,wk inc flu hosp,2,2026-03-07,53,quantile,0.3,178.0
2026-02-21,wk inc flu hosp,2,2026-03-07,53,quantile,0.35,188.0
2026-02-21,wk inc flu hosp,2,2026-03-07,53,quantile,0.4,201.0
2026-02-21,wk inc flu hosp,2,2026-03-07,53,quantile,0.45,210.0
2026-02-21,wk inc flu hosp,2,2026-03-07,53,quantile,0.5,221.0
2026-02-21,wk inc flu hosp,2,2026-03-07,53,quantile,0.55,233.0
2026-02-21,wk inc flu hosp,2,2026-03-07,53,quantile,0.6,243.0
2026-02-21,wk inc flu hosp,2,2026-03-07,53,quantile,0.65,252.0
2026-02-21,wk inc flu hosp,2,2026-03-07,53,quantile,0.7,262.0
2026-02-21,wk inc flu hosp,2,2026-03-07,53,quantile,0.75,272.0
2026-02-21,wk inc flu hosp,2,2026-03-07,53,quantile,0.8,283.0
2026-02-21,wk inc flu hosp,2,2026-03-07,53,quantile,0.85,296.0
2026-02-21,wk inc flu hosp,2,2026-03-07,53,quantile,0.9,308.0
2026-02-21,wk inc flu hosp,2,2026-03-07,53,quantile,0.95,331.0
2026-02-21,wk inc flu hosp,2,2026-03-07,53,quantile,0.975,356.0
2026-02-21,wk inc flu hosp,2,2026-03-07,53,quantile,0.99,396.0
2026-02-21,wk inc flu hosp,2,2026-03-07,54,quantile,0.01,0.0
2026-02-21,wk inc flu hosp,2,2026-03-07,54,quantile,0.025,0.0
2026-02-21,wk inc flu hosp,2,2026-03-07,54,quantile,0.05,0.0
2026-02-21,wk inc flu hosp,2,2026-03-07,54,quantile,0.1,0.0
2026-02-21,wk inc flu hosp,2,2026-03-07,54,quantile,0.15,0.0
2026-02-21,wk inc flu hosp,2,2026-03-07,54,quantile,0.2,0.0
2026-02-21,wk inc flu hosp,2,2026-03-07,54,quantile,0.25,6.0
2026-02-21,wk inc flu hosp,2,2026-03-07,54,quantile,0.3,12.0
2026-02-21,wk inc flu hosp,2,2026-03-07,54,quantile,0.35,16.0
2026-02-21,wk inc flu hosp,2,2026-03-07,54,quantile,0.4,19.0
2026-02-21,wk inc flu hosp,2,2026-03-07,54,quantile,0.45,24.0
2026-02-21,wk inc flu hosp,2,2026-03-07,54,quantile,0.5,28.0
2026-02-21,wk inc flu hosp,2,2026-03-07,54,quantile,0.55,30.0
2026-02-21,wk inc flu hosp,2,2026-03-07,54,quantile,0.6,31.0
2026-02-21,wk inc flu hosp,2,2026-03-07,54,quantile,0.65,33.0
2026-02-21,wk inc flu hosp,2,2026-03-07,54,quantile,0.7,34.0
2026-02-21,wk inc flu hosp,2,2026-03-07,54,quantile,0.75,36.0
2026-02-21,wk inc flu hosp,2,2026-03-07,54,quantile,0.8,37.0
2026-02-21,wk inc flu hosp,2,2026-03-07,54,quantile,0.85,39.0
2026-02-21,wk inc flu hosp,2,2026-03-07,54,quantile,0.9,42.0
2026-02-21,wk inc flu hosp,2,2026-03-07,54,quantile,0.95,45.0
2026-02-21,wk inc flu hosp,2,2026-03-07,54,quantile,0.975,49.0
2026-02-21,wk inc flu hosp,2,2026-03-07,54,quantile,0.99,56.0
2026-02-21,wk inc flu hosp,2,2026-03-07,55,quantile,0.01,0.0
2026-02-21,wk inc flu hosp,2,2026-03-07,55,quantile,0.025,13.0
2026-02-21,wk inc flu hosp,2,2026-03-07,55,quantile,0.05,33.0
2026-02-21,wk inc flu hosp,2,2026-03-07,55,quantile,0.1,67.0
2026-02-21,wk inc flu hosp,2,2026-03-07,55,quantile,0.15,78.0
2026-02-21,wk inc flu hosp,2,2026-03-07,55,quantile,0.2,86.0
2026-02-21,wk inc flu hosp,2,2026-03-07,55,quantile,0.25,93.0
2026-02-21,wk inc flu hosp,2,2026-03-07,55,quantile,0.3,99.0
2026-02-21,wk inc flu hosp,2,2026-03-07,55,quantile,0.35,106.0
2026-02-21,wk inc flu hosp,2,2026-03-07,55,quantile,0.4,114.0
2026-02-21,wk inc flu hosp,2,2026-03-07,55,quantile,0.45,122.0
2026-02-21,wk inc flu hosp,2,2026-03-07,55,quantile,0.5,131.0
2026-02-21,wk inc flu hosp,2,2026-03-07,55,quantile,0.55,138.0
2026-02-21,wk inc flu hosp,2,2026-03-07,55,quantile,0.6,144.0
2026-02-21,wk inc flu hosp,2,2026-03-07,55,quantile,0.65,153.0
2026-02-21,wk inc flu hosp,2,2026-03-07,55,quantile,0.7,159.0
2026-02-21,wk inc flu hosp,2,2026-03-07,55,quantile,0.75,168.0
2026-02-21,wk inc flu hosp,2,2026-03-07,55,quantile,0.8,176.0
2026-02-21,wk inc flu hosp,2,2026-03-07,55,quantile,0.85,188.0
2026-02-21,wk inc flu hosp,2,2026-03-07,55,quantile,0.9,203.0
2026-02-21,wk inc flu hosp,2,2026-03-07,55,quantile,0.95,224.0
2026-02-21,wk inc flu hosp,2,2026-03-07,55,quantile,0.975,243.0
2026-02-21,wk inc flu hosp,2,2026-03-07,55,quantile,0.99,254.0
2026-02-21,wk inc flu hosp,2,2026-03-07,56,quantile,0.01,0.0
2026-02-21,wk inc flu hosp,2,2026-03-07,56,quantile,0.025,0.0
2026-02-21,wk inc flu hosp,2,2026-03-07,56,quantile,0.05,0.0
2026-02-21,wk inc flu hosp,2,2026-03-07,56,quantile,0.1,0.0
2026-02-21,wk inc flu hosp,2,2026-03-07,56,quantile,0.15,0.0
2026-02-21,wk inc flu hosp,2,2026-03-07,56,quantile,0.2,0.0
2026-02-21,wk inc flu hosp,2,2026-03-07,56,quantile,0.25,1.0
2026-02-21,wk inc flu hosp,2,2026-03-07,56,quantile,0.3,2.0
2026-02-21,wk inc flu hosp,2,2026-03-07,56,quantile,0.35,3.0
2026-02-21,wk inc flu hosp,2,2026-03-07,56,quantile,0.4,4.0
2026-02-21,wk inc flu hosp,2,2026-03-07,56,quantile,0.45,4.0
2026-02-21,wk inc flu hosp,2,2026-03-07,56,quantile,0.5,5.0
2026-02-21,wk inc flu hosp,2,2026-03-07,56,quantile,0.55,5.0
2026-02-21,wk inc flu hosp,2,2026-03-07,56,quantile,0.6,6.0
2026-02-21,wk inc flu hosp,2,2026-03-07,56,quantile,0.65,6.0
2026-02-21,wk inc flu hosp,2,2026-03-07,56,quantile,0.7,7.0
2026-02-21,wk inc flu hosp,2,2026-03-07,56,quantile,0.75,7.0
2026-02-21,wk inc flu hosp,2,2026-03-07,56,quantile,0.8,7.0
2026-02-21,wk inc flu hosp,2,2026-03-07,56,quantile,0.85,8.0
2026-02-21,wk inc flu hosp,2,2026-03-07,56,quantile,0.9,8.0
2026-02-21,wk inc flu hosp,2,2026-03-07,56,quantile,0.95,9.0
2026-02-21,wk inc flu hosp,2,2026-03-07,56,quantile,0.975,10.0
2026-02-21,wk inc flu hosp,2,2026-03-07,56,quantile,0.99,11.0
2026-02-21,wk inc flu hosp,2,2026-03-07,US,quantile,0.01,715.0
2026-02-21,wk inc flu hosp,2,2026-03-07,US,quantile,0.025,1084.0
2026-02-21,wk inc flu hosp,2,2026-03-07,US,quantile,0.05,1985.0
2026-02-21,wk inc flu hosp,2,2026-03-07,US,quantile,0.1,3274.0
2026-02-21,wk inc flu hosp,2,2026-03-07,US,quantile,0.15,4115.0
2026-02-21,wk inc flu hosp,2,2026-03-07,US,quantile,0.2,4856.0
2026-02-21,wk inc flu hosp,2,2026-03-07,US,quantile,0.25,5388.0
2026-02-21,wk inc flu hosp,2,2026-03-07,US,quantile,0.3,6000.0
2026-02-21,wk inc flu hosp,2,2026-03-07,US,quantile,0.35,6616.0
2026-02-21,wk inc flu hosp,2,2026-03-07,US,quantile,0.4,7140.0
2026-02-21,wk inc flu hosp,2,2026-03-07,US,quantile,0.45,7721.0
2026-02-21,wk inc flu hosp,2,2026-03-07,US,quantile,0.5,8233.0
2026-02-21,wk inc flu hosp,2,2026-03-07,US,quantile,0.55,8465.0
2026-02-21,wk inc flu hosp,2,2026-03-07,US,quantile,0.6,8664.0
2026-02-21,wk inc flu hosp,2,2026-03-07,US,quantile,0.65,8978.0
2026-02-21,wk inc flu hosp,2,2026-03-07,US,quantile,0.7,9183.0
2026-02-21,wk inc flu hosp,2,2026-03-07,US,quantile,0.75,9490.0
2026-02-21,wk inc flu hosp,2,2026-03-07,US,quantile,0.8,9719.0
2026-02-21,wk inc flu hosp,2,2026-03-07,US,quantile,0.85,10028.0
2026-02-21,wk inc flu hosp,2,2026-03-07,US,quantile,0.9,10402.0
2026-02-21,wk inc flu hosp,2,2026-03-07,US,quantile,0.95,11011.0
2026-02-21,wk inc flu hosp,2,2026-03-07,US,quantile,0.975,11537.0
2026-02-21,wk inc flu hosp,2,2026-03-07,US,quantile,0.99,12030.0
2026-02-21,wk inc flu hosp,3,2026-03-14,01,quantile,0.01,0.0
2026-02-21,wk inc flu hosp,3,2026-03-14,01,quantile,0.025,16.0
2026-02-21,wk inc flu hosp,3,2026-03-14,01,quantile,0.05,29.0
2026-02-21,wk inc flu hosp,3,2026-03-14,01,quantile,0.1,68.0
2026-02-21,wk inc flu hosp,3,2026-03-14,01,quantile,0.15,100.0
2026-02-21,wk inc flu hosp,3,2026-03-14,01,quantile,0.2,130.0
2026-02-21,wk inc flu hosp,3,2026-03-14,01,quantile,0.25,154.0
2026-02-21,wk inc flu hosp,3,2026-03-14,01,quantile,0.3,174.0
2026-02-21,wk inc flu hosp,3,2026-03-14,01,quantile,0.35,194.0
2026-02-21,wk inc flu hosp,3,2026-03-14,01,quantile,0.4,213.0
2026-02-21,wk inc flu hosp,3,2026-03-14,01,quantile,0.45,232.0
2026-02-21,wk inc flu hosp,3,2026-03-14,01,quantile,0.5,248.0
2026-02-21,wk inc flu hosp,3,2026-03-14,01,quantile,0.55,267.0
2026-02-21,wk inc flu hosp,3,2026-03-14,01,quantile,0.6,288.0
2026-02-21,wk inc flu hosp,3,2026-03-14,01,quantile,0.65,311.0
2026-02-21,wk inc flu hosp,3,2026-03-14,01,quantile,0.7,336.0
2026-02-21,wk inc flu hosp,3,2026-03-14,01,quantile,0.75,358.0
2026-02-21,wk inc flu hosp,3,2026-03-14,01,quantile,0.8,385.0
2026-02-21,wk inc flu hosp,3,2026-03-14,01,quantile,0.85,416.0
2026-02-21,wk inc flu hosp,3,2026-03-14,01,quantile,0.9,453.0
2026-02-21,wk inc flu hosp,3,2026-03-14,01,quantile,0.95,485.0
2026-02-21,wk inc flu hosp,3,2026-03-14,01,quantile,0.975,515.0
2026-02-21,wk inc flu hosp,3,2026-03-14,01,quantile,0.99,545.0
2026-02-21,wk inc flu hosp,3,2026-03-14,02,quantile,0.01,0.0
2026-02-21,wk inc flu hosp,3,2026-03-14,02,quantile,0.025,0.0
2026-02-21,wk inc flu hosp,3,2026-03-14,02,quantile,0.05,1.0
2026-02-21,wk inc flu hosp,3,2026-03-14,02,quantile,0.1,3.0
2026-02-21,wk inc flu hosp,3,2026-03-14,02,quantile,0.15,4.0
2026-02-21,wk inc flu hosp,3,2026-03-14,02,quantile,0.2,4.0
2026-02-21,wk inc flu hosp,3,2026-03-14,02,quantile,0.25,5.0
2026-02-21,wk inc flu hosp,3,2026-03-14,02,quantile,0.3,6.0
2026-02-21,wk inc flu hosp,3,2026-03-14,02,quantile,0.35,7.0
2026-02-21,wk inc flu hosp,3,2026-03-14,02,quantile,0.4,7.0
2026-02-21,wk inc flu hosp,3,2026-03-14,02,quantile,0.45,8.0
2026-02-21,wk inc flu hosp,3,2026-03-14,02,quantile,0.5,9.0
2026-02-21,wk inc flu hosp,3,2026-03-14,02,quantile,0.55,9.0
2026-02-21,wk inc flu hosp,3,2026-03-14,02,quantile,0.6,10.0
2026-02-21,wk inc flu hosp,3,2026-03-14,02,quantile,0.65,11.0
2026-02-21,wk inc flu hosp,3,2026-03-14,02,quantile,0.7,11.0
2026-02-21,wk inc flu hosp,3,2026-03-14,02,quantile,0.75,12.0
2026-02-21,wk inc flu hosp,3,2026-03-14,02,quantile,0.8,13.0
2026-02-21,wk inc flu hosp,3,2026-03-14,02,quantile,0.85,14.0
2026-02-21,wk inc flu hosp,3,2026-03-14,02,quantile,0.9,15.0
2026-02-21,wk inc flu hosp,3,2026-03-14,02,quantile,0.95,17.0
2026-02-21,wk inc flu hosp,3,2026-03-14,02,quantile,0.975,19.0
2026-02-21,wk inc flu hosp,3,2026-03-14,02,quantile,0.99,21.0
2026-02-21,wk inc flu hosp,3,2026-03-14,04,quantile,0.01,33.0
2026-02-21,wk inc flu hosp,3,2026-03-14,04,quantile,0.025,43.0
2026-02-21,wk inc flu hosp,3,2026-03-14,04,quantile,0.05,56.0
2026-02-21,wk inc flu hosp,3,2026-03-14,04,quantile,0.1,81.0
2026-02-21,wk inc flu hosp,3,2026-03-14,04,quantile,0.15,97.0
2026-02-21,wk inc flu hosp,3,2026-03-14,04,quantile,0.2,109.0
2026-02-21,wk inc flu hosp,3,2026-03-14,04,quantile,0.25,121.0
2026-02-21,wk inc flu hosp,3,2026-03-14,04,quantile,0.3,131.0
2026-02-21,wk inc flu hosp,3,2026-03-14,04,quantile,0.35,140.0
2026-02-21,wk inc flu hosp,3,2026-03-14,04,quantile,0.4,149.0
2026-02-21,wk inc flu hosp,3,2026-03-14,04,quantile,0.45,158.0
2026-02-21,wk inc flu hosp,3,2026-03-14,04,quantile,0.5,166.0
2026-02-21,wk inc flu hosp,3,2026-03-14,04,quantile,0.55,176.0
2026-02-21,wk inc flu hosp,3,2026-03-14,04,quantile,0.6,184.0
2026-02-21,wk inc flu hosp,3,2026-03-14,04,quantile,0.65,195.0
2026-02-21,wk inc flu hosp,3,2026-03-14,04,quantile,0.7,202.0
2026-02-21,wk inc flu hosp,3,2026-03-14,04,quantile,0.75,214.0
2026-02-21,wk inc flu hosp,3,2026-03-14,04,quantile,0.8,226.0
2026-02-21,wk inc flu hosp,3,2026-03-14,04,quantile,0.85,238.0
2026-02-21,wk inc flu hosp,3,2026-03-14,04,quantile,0.9,256.0
2026-02-21,wk inc flu hosp,3,2026-03-14,04,quantile,0.95,281.0
2026-02-21,wk inc flu hosp,3,2026-03-14,04,quantile,0.975,301.0
2026-02-21,wk inc flu hosp,3,2026-03-14,04,quantile,0.99,328.0
2026-02-21,wk inc flu hosp,3,2026-03-14,05,quantile,0.01,0.0
2026-02-21,wk inc flu hosp,3,2026-03-14,05,quantile,0.025,0.0
2026-02-21,wk inc flu hosp,3,2026-03-14,05,quantile,0.05,0.0
2026-02-21,wk inc flu hosp,3,2026-03-14,05,quantile,0.1,7.0
2026-02-21,wk inc flu hosp,3,2026-03-14,05,quantile,0.15,24.0
2026-02-21,wk inc flu hosp,3,2026-03-14,05,quantile,0.2,36.0
2026-02-21,wk inc flu hosp,3,2026-03-14,05,quantile,0.25,49.0
2026-02-21,wk inc flu hosp,3,2026-03-14,05,quantile,0.3,59.0
2026-02-21,wk inc flu hosp,3,2026-03-14,05,quantile,0.35,66.0
2026-02-21,wk inc flu hosp,3,2026-03-14,05,quantile,0.4,71.0
2026-02-21,wk inc flu hosp,3,2026-03-14,05,quantile,0.45,75.0
2026-02-21,wk inc flu hosp,3,2026-03-14,05,quantile,0.5,78.0
2026-02-21,wk inc flu hosp,3,2026-03-14,05,quantile,0.55,83.0
2026-02-21,wk inc flu hosp,3,2026-03-14,05,quantile,0.6,87.0
2026-02-21,wk inc flu hosp,3,2026-03-14,05,quantile,0.65,91.0
2026-02-21,wk inc flu hosp,3,2026-03-14,05,quantile,0.7,95.0
2026-02-21,wk inc flu hosp,3,2026-03-14,05,quantile,0.75,100.0
2026-02-21,wk inc flu hosp,3,2026-03-14,05,quantile,0.8,105.0
2026-02-21,wk inc flu hosp,3,2026-03-14,05,quantile,0.85,111.0
2026-02-21,wk inc flu hosp,3,2026-03-14,05,quantile,0.9,118.0
2026-02-21,wk inc flu hosp,3,2026-03-14,05,quantile,0.95,129.0
2026-02-21,wk inc flu hosp,3,2026-03-14,05,quantile,0.975,138.0
2026-02-21,wk inc flu hosp,3,2026-03-14,05,quantile,0.99,149.0
2026-02-21,wk inc flu hosp,3,2026-03-14,06,quantile,0.01,176.0
2026-02-21,wk inc flu hosp,3,2026-03-14,06,quantile,0.025,329.0
2026-02-21,wk inc flu hosp,3,2026-03-14,06,quantile,0.05,436.0
2026-02-21,wk inc flu hosp,3,2026-03-14,06,quantile,0.1,574.0
2026-02-21,wk inc flu hosp,3,2026-03-14,06,quantile,0.15,657.0
2026-02-21,wk inc flu hosp,3,2026-03-14,06,quantile,0.2,720.0
2026-02-21,wk inc flu hosp,3,2026-03-14,06,quantile,0.25,779.0
2026-02-21,wk inc flu hosp,3,2026-03-14,06,quantile,0.3,837.0
2026-02-21,wk inc flu hosp,3,2026-03-14,06,quantile,0.35,893.0
2026-02-21,wk inc flu hosp,3,2026-03-14,06,quantile,0.4,945.0
2026-02-21,wk inc flu hosp,3,2026-03-14,06,quantile,0.45,997.0
2026-02-21,wk inc flu hosp,3,2026-03-14,06,quantile,0.5,1045.0
2026-02-21,wk inc flu hosp,3,2026-03-14,06,quantile,0.55,1098.0
2026-02-21,wk inc flu hosp,3,2026-03-14,06,quantile,0.6,1143.0
2026-02-21,wk inc flu hosp,3,2026-03-14,06,quantile,0.65,1198.0
2026-02-21,wk inc flu hosp,3,2026-03-14,06,quantile,0.7,1248.0
2026-02-21,wk inc flu hosp,3,2026-03-14,06,quantile,0.75,1312.0
2026-02-21,wk inc flu hosp,3,2026-03-14,06,quantile,0.8,1378.0
2026-02-21,wk inc flu hosp,3,2026-03-14,06,quantile,0.85,1449.0
2026-02-21,wk inc flu hosp,3,2026-03-14,06,quantile,0.9,1546.0
2026-02-21,wk inc flu hosp,3,2026-03-14,06,quantile,0.95,1662.0
2026-02-21,wk inc flu hosp,3,2026-03-14,06,quantile,0.975,1785.0
2026-02-21,wk inc flu hosp,3,2026-03-14,06,quantile,0.99,1888.0
2026-02-21,wk inc flu hosp,3,2026-03-14,08,quantile,0.01,0.0
2026-02-21,wk inc flu hosp,3,2026-03-14,08,quantile,0.025,0.0
2026-02-21,wk inc flu hosp,3,2026-03-14,08,quantile,0.05,3.0
2026-02-21,wk inc flu hosp,3,2026-03-14,08,quantile,0.1,10.0
2026-02-21,wk inc flu hosp,3,2026-03-14,08,quantile,0.15,20.0
2026-02-21,wk inc flu hosp,3,2026-03-14,08,quantile,0.2,28.0
2026-02-21,wk inc flu hosp,3,2026-03-14,08,quantile,0.25,35.0
2026-02-21,wk inc flu hosp,3,2026-03-14,08,quantile,0.3,42.0
2026-02-21,wk inc flu hosp,3,2026-03-14,08,quantile,0.35,47.0
2026-02-21,wk inc flu hosp,3,2026-03-14,08,quantile,0.4,52.0
2026-02-21,wk inc flu hosp,3,2026-03-14,08,quantile,0.45,59.0
2026-02-21,wk inc flu hosp,3,2026-03-14,08,quantile,0.5,63.0
2026-02-21,wk inc flu hosp,3,2026-03-14,08,quantile,0.55,70.0
2026-02-21,wk inc flu hosp,3,2026-03-14,08,quantile,0.6,75.0
2026-02-21,wk inc flu hosp,3,2026-03-14,08,quantile,0.65,82.0
2026-02-21,wk inc flu hosp,3,2026-03-14,08,quantile,0.7,88.0
2026-02-21,wk inc flu hosp,3,2026-03-14,08,quantile,0.75,95.0
2026-02-21,wk inc flu hosp,3,2026-03-14,08,quantile,0.8,102.0
2026-02-21,wk inc flu hosp,3,2026-03-14,08,quantile,0.85,111.0
2026-02-21,wk inc flu hosp,3,2026-03-14,08,quantile,0.9,122.0
2026-02-21,wk inc flu hosp,3,2026-03-14,08,quantile,0.95,136.0
2026-02-21,wk inc flu hosp,3,2026-03-14,08,quantile,0.975,151.0
2026-02-21,wk inc flu hosp,3,2026-03-14,08,quantile,0.99,168.0
2026-02-21,wk inc flu hosp,3,2026-03-14,09,quantile,0.01,0.0
2026-02-21,wk inc flu hosp,3,2026-03-14,09,quantile,0.025,0.0
2026-02-21,wk inc flu hosp,3,2026-03-14,09,quantile,0.05,0.0
2026-02-21,wk inc flu hosp,3,2026-03-14,09,quantile,0.1,0.0
2026-02-21,wk inc flu hosp,3,2026-03-14,09,quantile,0.15,3.0
2026-02-21,wk inc flu hosp,3,2026-03-14,09,quantile,0.2,3.0
2026-02-21,wk inc flu hosp,3,2026-03-14,09,quantile,0.25,3.0
2026-02-21,wk inc flu hosp,3,2026-03-14,09,quantile,0.3,3.0
2026-02-21,wk inc flu hosp,3,2026-03-14,09,quantile,0.35,5.0
2026-02-21,wk inc flu hosp,3,2026-03-14,09,quantile,0.4,7.0
2026-02-21,wk inc flu hosp,3,2026-03-14,09,quantile,0.45,9.0
2026-02-21,wk inc flu hosp,3,2026-03-14,09,quantile,0.5,11.0
2026-02-21,wk inc flu hosp,3,2026-03-14,09,quantile,0.55,13.0
2026-02-21,wk inc flu hosp,3,2026-03-14,09,quantile,0.6,15.0
2026-02-21,wk inc flu hosp,3,2026-03-14,09,quantile,0.65,18.0
2026-02-21,wk inc flu hosp,3,2026-03-14,09,quantile,0.7,20.0
2026-02-21,wk inc flu hosp,3,2026-03-14,09,quantile,0.75,23.0
2026-02-21,wk inc flu hosp,3,2026-03-14,09,quantile,0.8,26.0
2026-02-21,wk inc flu hosp,3,2026-03-14,09,quantile,0.85,29.0
2026-02-21,wk inc flu hosp,3,2026-03-14,09,quantile,0.9,33.0
2026-02-21,wk inc flu hosp,3,2026-03-14,09,quantile,0.95,39.0
2026-02-21,wk inc flu hosp,3,2026-03-14,09,quantile,0.975,45.0
2026-02-21,wk inc flu hosp,3,2026-03-14,09,quantile,0.99,52.0
2026-02-21,wk inc flu hosp,3,2026-03-14,10,quantile,0.01,0.0
2026-02-21,wk inc flu hosp,3,2026-03-14,10,quantile,0.025,0.0
2026-02-21,wk inc flu hosp,3,2026-03-14,10,quantile,0.05,0.0
2026-02-21,wk inc flu hosp,3,2026-03-14,10,quantile,0.1,0.0
2026-02-21,wk inc flu hosp,3,2026-03-14,10,quantile,0.15,0.0
2026-02-21,wk inc flu hosp,3,2026-03-14,10,quantile,0.2,1.0
2026-02-21,wk inc flu hosp,3,2026-03-14,10,quantile,0.25,3.0
2026-02-21,wk inc flu hosp,3,2026-03-14,10,quantile,0.3,4.0
2026-02-21,wk inc flu hosp,3,2026-03-14,10,quantile,0.35,5.0
2026-02-21,wk inc flu hosp,3,2026-03-14,10,quantile,0.4,6.0
2026-02-21,wk inc flu hosp,3,2026-03-14,10,quantile,0.45,7.0
2026-02-21,wk inc flu hosp,3,2026-03-14,10,quantile,0.5,8.0
2026-02-21,wk inc flu hosp,3,2026-03-14,10,quantile,0.55,10.0
2026-02-21,wk inc flu hosp,3,2026-03-14,10,quantile,0.6,11.0
2026-02-21,wk inc flu hosp,3,2026-03-14,10,quantile,0.65,12.0
2026-02-21,wk inc flu hosp,3,2026-03-14,10,quantile,0.7,13.0
2026-02-21,wk inc flu hosp,3,2026-03-14,10,quantile,0.75,15.0
2026-02-21,wk inc flu hosp,3,2026-03-14,10,quantile,0.8,16.0
2026-02-21,wk inc flu hosp,3,2026-03-14,10,quantile,0.85,17.0
2026-02-21,wk inc flu hosp,3,2026-03-14,10,quantile,0.9,20.0
2026-02-21,wk inc flu hosp,3,2026-03-14,10,quantile,0.95,23.0
2026-02-21,wk inc flu hosp,3,2026-03-14,10,quantile,0.975,27.0
2026-02-21,wk inc flu hosp,3,2026-03-14,10,quantile,0.99,31.0
2026-02-21,wk inc flu hosp,3,2026-03-14,11,quantile,0.01,0.0
2026-02-21,wk inc flu hosp,3,2026-03-14,11,quantile,0.025,0.0
2026-02-21,wk inc flu hosp,3,2026-03-14,11,quantile,0.05,0.0
2026-02-21,wk inc flu hosp,3,2026-03-14,11,quantile,0.1,0.0
2026-02-21,wk inc flu hosp,3,2026-03-14,11,quantile,0.15,0.0
2026-02-21,wk inc flu hosp,3,2026-03-14,11,quantile,0.2,0.0
2026-02-21,wk inc flu hosp,3,2026-03-14,11,quantile,0.25,0.0
2026-02-21,wk inc flu hosp,3,2026-03-14,11,quantile,0.3,0.0
2026-02-21,wk inc flu hosp,3,2026-03-14,11,quantile,0.35,0.0
2026-02-21,wk inc flu hosp,3,2026-03-14,11,quantile,0.4,0.0
2026-02-21,wk inc flu hosp,3,2026-03-14,11,quantile,0.45,0.0
2026-02-21,wk inc flu hosp,3,2026-03-14,11,quantile,0.5,0.0
2026-02-21,wk inc flu hosp,3,2026-03-14,11,quantile,0.55,0.0
2026-02-21,wk inc flu hosp,3,2026-03-14,11,quantile,0.6,0.0
2026-02-21,wk inc flu hosp,3,2026-03-14,11,quantile,0.65,0.0
2026-02-21,wk inc flu hosp,3,2026-03-14,11,quantile,0.7,1.0
2026-02-21,wk inc flu hosp,3,2026-03-14,11,quantile,0.75,1.0
2026-02-21,wk inc flu hosp,3,2026-03-14,11,quantile,0.8,2.0
2026-02-21,wk inc flu hosp,3,2026-03-14,11,quantile,0.85,3.0
2026-02-21,wk inc flu hosp,3,2026-03-14,11,quantile,0.9,4.0
2026-02-21,wk inc flu hosp,3,2026-03-14,11,quantile,0.95,5.0
2026-02-21,wk inc flu hosp,3,2026-03-14,11,quantile,0.975,7.0
2026-02-21,wk inc flu hosp,3,2026-03-14,11,quantile,0.99,9.0
2026-02-21,wk inc flu hosp,3,2026-03-14,12,quantile,0.01,216.0
2026-02-21,wk inc flu hosp,3,2026-03-14,12,quantile,0.025,315.0
2026-02-21,wk inc flu hosp,3,2026-03-14,12,quantile,0.05,375.0
2026-02-21,wk inc flu hosp,3,2026-03-14,12,quantile,0.1,492.0
2026-02-21,wk inc flu hosp,3,2026-03-14,12,quantile,0.15,557.0
2026-02-21,wk inc flu hosp,3,2026-03-14,12,quantile,0.2,609.0
2026-02-21,wk inc flu hosp,3,2026-03-14,12,quantile,0.25,659.0
2026-02-21,wk inc flu hosp,3,2026-03-14,12,quantile,0.3,704.0
2026-02-21,wk inc flu hosp,3,2026-03-14,12,quantile,0.35,741.0
2026-02-21,wk inc flu hosp,3,2026-03-14,12,quantile,0.4,779.0
2026-02-21,wk inc flu hosp,3,2026-03-14,12,quantile,0.45,817.0
2026-02-21,wk inc flu hosp,3,2026-03-14,12,quantile,0.5,851.0
2026-02-21,wk inc flu hosp,3,2026-03-14,12,quantile,0.55,888.0
2026-02-21,wk inc flu hosp,3,2026-03-14,12,quantile,0.6,920.0
2026-02-21,wk inc flu hosp,3,2026-03-14,12,quantile,0.65,960.0
2026-02-21,wk inc flu hosp,3,2026-03-14,12,quantile,0.7,1004.0
2026-02-21,wk inc flu hosp,3,2026-03-14,12,quantile,0.75,1042.0
2026-02-21,wk inc flu hosp,3,2026-03-14,12,quantile,0.8,1089.0
2026-02-21,wk inc flu hosp,3,2026-03-14,12,quantile,0.85,1131.0
2026-02-21,wk inc flu hosp,3,2026-03-14,12,quantile,0.9,1208.0
2026-02-21,wk inc flu hosp,3,2026-03-14,12,quantile,0.95,1320.0
2026-02-21,wk inc flu hosp,3,2026-03-14,12,quantile,0.975,1425.0
2026-02-21,wk inc flu hosp,3,2026-03-14,12,quantile,0.99,1553.0
2026-02-21,wk inc flu hosp,3,2026-03-14,13,quantile,0.01,0.0
2026-02-21,wk inc flu hosp,3,2026-03-14,13,quantile,0.025,0.0
2026-02-21,wk inc flu hosp,3,2026-03-14,13,quantile,0.05,6.0
2026-02-21,wk inc flu hosp,3,2026-03-14,13,quantile,0.1,31.0
2026-02-21,wk inc flu hosp,3,2026-03-14,13,quantile,0.15,46.0
2026-02-21,wk inc flu hosp,3,2026-03-14,13,quantile,0.2,67.0
2026-02-21,wk inc flu hosp,3,2026-03-14,13,quantile,0.25,88.0
2026-02-21,wk inc flu hosp,3,2026-03-14,13,quantile,0.3,110.0
2026-02-21,wk inc flu hosp,3,2026-03-14,13,quantile,0.35,133.0
2026-02-21,wk inc flu hosp,3,2026-03-14,13,quantile,0.4,152.0
2026-02-21,wk inc flu hosp,3,2026-03-14,13,quantile,0.45,171.0
2026-02-21,wk inc flu hosp,3,2026-03-14,13,quantile,0.5,190.0
2026-02-21,wk inc flu hosp,3,2026-03-14,13,quantile,0.55,208.0
2026-02-21,wk inc flu hosp,3,2026-03-14,13,quantile,0.6,227.0
2026-02-21,wk inc flu hosp,3,2026-03-14,13,quantile,0.65,247.0
2026-02-21,wk inc flu hosp,3,2026-03-14,13,quantile,0.7,267.0
2026-02-21,wk inc flu hosp,3,2026-03-14,13,quantile,0.75,286.0
2026-02-21,wk inc flu hosp,3,2026-03-14,13,quantile,0.8,304.0
2026-02-21,wk inc flu hosp,3,2026-03-14,13,quantile,0.85,324.0
2026-02-21,wk inc flu hosp,3,2026-03-14,13,quantile,0.9,347.0
2026-02-21,wk inc flu hosp,3,2026-03-14,13,quantile,0.95,388.0
2026-02-21,wk inc flu hosp,3,2026-03-14,13,quantile,0.975,425.0
2026-02-21,wk inc flu hosp,3,2026-03-14,13,quantile,0.99,460.0
2026-02-21,wk inc flu hosp,3,2026-03-14,15,quantile,0.01,0.0
2026-02-21,wk inc flu hosp,3,2026-03-14,15,quantile,0.025,0.0
2026-02-21,wk inc flu hosp,3,2026-03-14,15,quantile,0.05,2.0
2026-02-21,wk inc flu hosp,3,2026-03-14,15,quantile,0.1,12.0
2026-02-21,wk inc flu hosp,3,2026-03-14,15,quantile,0.15,16.0
2026-02-21,wk inc flu hosp,3,2026-03-14,15,quantile,0.2,20.0
2026-02-21,wk inc flu hosp,3,2026-03-14,15,quantile,0.25,24.0
2026-02-21,wk inc flu hosp,3,2026-03-14,15,quantile,0.3,27.0
2026-02-21,wk inc flu hosp,3,2026-03-14,15,quantile,0.35,30.0
2026-02-21,wk inc flu hosp,3,2026-03-14,15,quantile,0.4,32.0
2026-02-21,wk inc flu hosp,3,2026-03-14,15,quantile,0.45,35.0
2026-02-21,wk inc flu hosp,3,2026-03-14,15,quantile,0.5,37.0
2026-02-21,wk inc flu hosp,3,2026-03-14,15,quantile,0.55,40.0
2026-02-21,wk inc flu hosp,3,2026-03-14,15,quantile,0.6,42.0
2026-02-21,wk inc flu hosp,3,2026-03-14,15,quantile,0.65,45.0
2026-02-21,wk inc flu hosp,3,2026-03-14,15,quantile,0.7,47.0
2026-02-21,wk inc flu hosp,3,2026-03-14,15,quantile,0.75,50.0
2026-02-21,wk inc flu hosp,3,2026-03-14,15,quantile,0.8,53.0
2026-02-21,wk inc flu hosp,3,2026-03-14,15,quantile,0.85,57.0
2026-02-21,wk inc flu hosp,3,2026-03-14,15,quantile,0.9,61.0
2026-02-21,wk inc flu hosp,3,2026-03-14,15,quantile,0.95,69.0
2026-02-21,wk inc flu hosp,3,2026-03-14,15,quantile,0.975,76.0
2026-02-21,wk inc flu hosp,3,2026-03-14,15,quantile,0.99,85.0
2026-02-21,wk inc flu hosp,3,2026-03-14,16,quantile,0.01,0.0
2026-02-21,wk inc flu hosp,3,2026-03-14,16,quantile,0.025,3.0
2026-02-21,wk inc flu hosp,3,2026-03-14,16,quantile,0.05,5.0
2026-02-21,wk inc flu hosp,3,2026-03-14,16,quantile,0.1,11.0
2026-02-21,wk inc flu hosp,3,2026-03-14,16,quantile,0.15,18.0
2026-02-21,wk inc flu hosp,3,2026-03-14,16,quantile,0.2,22.0
2026-02-21,wk inc flu hosp,3,2026-03-14,16,quantile,0.25,27.0
2026-02-21,wk inc flu hosp,3,2026-03-14,16,quantile,0.3,30.0
2026-02-21,wk inc flu hosp,3,2026-03-14,16,quantile,0.35,34.0
2026-02-21,wk inc flu hosp,3,2026-03-14,16,quantile,0.4,38.0
2026-02-21,wk inc flu hosp,3,2026-03-14,16,quantile,0.45,42.0
2026-02-21,wk inc flu hosp,3,2026-03-14,16,quantile,0.5,45.0
2026-02-21,wk inc flu hosp,3,2026-03-14,16,quantile,0.55,48.0
2026-02-21,wk inc flu hosp,3,2026-03-14,16,quantile,0.6,50.0
2026-02-21,wk inc flu hosp,3,2026-03-14,16,quantile,0.65,52.0
2026-02-21,wk inc flu hosp,3,2026-03-14,16,quantile,0.7,54.0
2026-02-21,wk inc flu hosp,3,2026-03-14,16,quantile,0.75,56.0
2026-02-21,wk inc flu hosp,3,2026-03-14,16,quantile,0.8,58.0
2026-02-21,wk inc flu hosp,3,2026-03-14,16,quantile,0.85,60.0
2026-02-21,wk inc flu hosp,3,2026-03-14,16,quantile,0.9,63.0
2026-02-21,wk inc flu hosp,3,2026-03-14,16,quantile,0.95,67.0
2026-02-21,wk inc flu hosp,3,2026-03-14,16,quantile,0.975,73.0
2026-02-21,wk inc flu hosp,3,2026-03-14,16,quantile,0.99,82.0
2026-02-21,wk inc flu hosp,3,2026-03-14,17,quantile,0.01,0.0
2026-02-21,wk inc flu hosp,3,2026-03-14,17,quantile,0.025,0.0
2026-02-21,wk inc flu hosp,3,2026-03-14,17,quantile,0.05,10.0
2026-02-21,wk inc flu hosp,3,2026-03-14,17,quantile,0.1,59.0
2026-02-21,wk inc flu hosp,3,2026-03-14,17,quantile,0.15,98.0
2026-02-21,wk inc flu hosp,3,2026-03-14,17,quantile,0.2,118.0
2026-02-21,wk inc flu hosp,3,2026-03-14,17,quantile,0.25,137.0
2026-02-21,wk inc flu hosp,3,2026-03-14,17,quantile,0.3,153.0
2026-02-21,wk inc flu hosp,3,2026-03-14,17,quantile,0.35,168.0
2026-02-21,wk inc flu hosp,3,2026-03-14,17,quantile,0.4,181.0
2026-02-21,wk inc flu hosp,3,2026-03-14,17,quantile,0.45,195.0
2026-02-21,wk inc flu hosp,3,2026-03-14,17,quantile,0.5,206.0
2026-02-21,wk inc flu hosp,3,2026-03-14,17,quantile,0.55,221.0
2026-02-21,wk inc flu hosp,3,2026-03-14,17,quantile,0.6,235.0
2026-02-21,wk inc flu hosp,3,2026-03-14,17,quantile,0.65,251.0
2026-02-21,wk inc flu hosp,3,2026-03-14,17,quantile,0.7,269.0
2026-02-21,wk inc flu hosp,3,2026-03-14,17,quantile,0.75,287.0
2026-02-21,wk inc flu hosp,3,2026-03-14,17,quantile,0.8,304.0
2026-02-21,wk inc flu hosp,3,2026-03-14,17,quantile,0.85,323.0
2026-02-21,wk inc flu hosp,3,2026-03-14,17,quantile,0.9,349.0
2026-02-21,wk inc flu hosp,3,2026-03-14,17,quantile,0.95,383.0
2026-02-21,wk inc flu hosp,3,2026-03-14,17,quantile,0.975,419.0
2026-02-21,wk inc flu hosp,3,2026-03-14,17,quantile,0.99,460.0
2026-02-21,wk inc flu hosp,3,2026-03-14,18,quantile,0.01,0.0
2026-02-21,wk inc flu hosp,3,2026-03-14,18,quantile,0.025,0.0
2026-02-21,wk inc flu hosp,3,2026-03-14,18,quantile,0.05,0.0
2026-02-21,wk inc flu hosp,3,2026-03-14,18,quantile,0.1,0.0
2026-02-21,wk inc flu hosp,3,2026-03-14,18,quantile,0.15,11.0
2026-02-21,wk inc flu hosp,3,2026-03-14,18,quantile,0.2,21.0
2026-02-21,wk inc flu hosp,3,2026-03-14,18,quantile,0.25,24.0
2026-02-21,wk inc flu hosp,3,2026-03-14,18,quantile,0.3,33.0
2026-02-21,wk inc flu hosp,3,2026-03-14,18,quantile,0.35,42.0
2026-02-21,wk inc flu hosp,3,2026-03-14,18,quantile,0.4,49.0
2026-02-21,wk inc flu hosp,3,2026-03-14,18,quantile,0.45,57.0
2026-02-21,wk inc flu hosp,3,2026-03-14,18,quantile,0.5,64.0
2026-02-21,wk inc flu hosp,3,2026-03-14,18,quantile,0.55,72.0
2026-02-21,wk inc flu hosp,3,2026-03-14,18,quantile,0.6,80.0
2026-02-21,wk inc flu hosp,3,2026-03-14,18,quantile,0.65,89.0
2026-02-21,wk inc flu hosp,3,2026-03-14,18,quantile,0.7,97.0
2026-02-21,wk inc flu hosp,3,2026-03-14,18,quantile,0.75,106.0
2026-02-21,wk inc flu hosp,3,2026-03-14,18,quantile,0.8,115.0
2026-02-21,wk inc flu hosp,3,2026-03-14,18,quantile,0.85,125.0
2026-02-21,wk inc flu hosp,3,2026-03-14,18,quantile,0.9,139.0
2026-02-21,wk inc flu hosp,3,2026-03-14,18,quantile,0.95,160.0
2026-02-21,wk inc flu hosp,3,2026-03-14,18,quantile,0.975,180.0
2026-02-21,wk inc flu hosp,3,2026-03-14,18,quantile,0.99,203.0
2026-02-21,wk inc flu hosp,3,2026-03-14,19,quantile,0.01,7.0
2026-02-21,wk inc flu hosp,3,2026-03-14,19,quantile,0.025,8.0
2026-02-21,wk inc flu hosp,3,2026-03-14,19,quantile,0.05,8.0
2026-02-21,wk inc flu hosp,3,2026-03-14,19,quantile,0.1,13.0
2026-02-21,wk inc flu hosp,3,2026-03-14,19,quantile,0.15,20.0
2026-02-21,wk inc flu hosp,3,2026-03-14,19,quantile,0.2,25.0
2026-02-21,wk inc flu hosp,3,2026-03-14,19,quantile,0.25,30.0
2026-02-21,wk inc flu hosp,3,2026-03-14,19,quantile,0.3,35.0
2026-02-21,wk inc flu hosp,3,2026-03-14,19,quantile,0.35,38.0
2026-02-21,wk inc flu hosp,3,2026-03-14,19,quantile,0.4,42.0
2026-02-21,wk inc flu hosp,3,2026-03-14,19,quantile,0.45,46.0
2026-02-21,wk inc flu hosp,3,2026-03-14,19,quantile,0.5,48.0
2026-02-21,wk inc flu hosp,3,2026-03-14,19,quantile,0.55,53.0
2026-02-21,wk inc flu hosp,3,2026-03-14,19,quantile,0.6,56.0
2026-02-21,wk inc flu hosp,3,2026-03-14,19,quantile,0.65,59.0
2026-02-21,wk inc flu hosp,3,2026-03-14,19,quantile,0.7,62.0
2026-02-21,wk inc flu hosp,3,2026-03-14,19,quantile,0.75,65.0
2026-02-21,wk inc flu hosp,3,2026-03-14,19,quantile,0.8,68.0
2026-02-21,wk inc flu hosp,3,2026-03-14,19,quantile,0.85,72.0
2026-02-21,wk inc flu hosp,3,2026-03-14,19,quantile,0.9,76.0
2026-02-21,wk inc flu hosp,3,2026-03-14,19,quantile,0.95,83.0
2026-02-21,wk inc flu hosp,3,2026-03-14,19,quantile,0.975,89.0
2026-02-21,wk inc flu hosp,3,2026-03-14,19,quantile,0.99,96.0
2026-02-21,wk inc flu hosp,3,2026-03-14,20,quantile,0.01,0.0
2026-02-21,wk inc flu hosp,3,2026-03-14,20,quantile,0.025,0.0
2026-02-21,wk inc flu hosp,3,2026-03-14,20,quantile,0.05,0.0
2026-02-21,wk inc flu hosp,3,2026-03-14,20,quantile,0.1,8.0
2026-02-21,wk inc flu hosp,3,2026-03-14,20,quantile,0.15,23.0
2026-02-21,wk inc flu hosp,3,2026-03-14,20,quantile,0.2,32.0
2026-02-21,wk inc flu hosp,3,2026-03-14,20,quantile,0.25,42.0
2026-02-21,wk inc flu hosp,3,2026-03-14,20,quantile,0.3,52.0
2026-02-21,wk inc flu hosp,3,2026-03-14,20,quantile,0.35,59.0
2026-02-21,wk inc flu hosp,3,2026-03-14,20,quantile,0.4,67.0
2026-02-21,wk inc flu hosp,3,2026-03-14,20,quantile,0.45,74.0
2026-02-21,wk inc flu hosp,3,2026-03-14,20,quantile,0.5,80.0
2026-02-21,wk inc flu hosp,3,2026-03-14,20,quantile,0.55,88.0
2026-02-21,wk inc flu hosp,3,2026-03-14,20,quantile,0.6,96.0
2026-02-21,wk inc flu hosp,3,2026-03-14,20,quantile,0.65,105.0
2026-02-21,wk inc flu hosp,3,2026-03-14,20,quantile,0.7,112.0
2026-02-21,wk inc flu hosp,3,2026-03-14,20,quantile,0.75,123.0
2026-02-21,wk inc flu hosp,3,2026-03-14,20,quantile,0.8,131.0
2026-02-21,wk inc flu hosp,3,2026-03-14,20,quantile,0.85,142.0
2026-02-21,wk inc flu hosp,3,2026-03-14,20,quantile,0.9,154.0
2026-02-21,wk inc flu hosp,3,2026-03-14,20,quantile,0.95,163.0
2026-02-21,wk inc flu hosp,3,2026-03-14,20,quantile,0.975,171.0
2026-02-21,wk inc flu hosp,3,2026-03-14,20,quantile,0.99,182.0
2026-02-21,wk inc flu hosp,3,2026-03-14,21,quantile,0.01,0.0
2026-02-21,wk inc flu hosp,3,2026-03-14,21,quantile,0.025,0.0
2026-02-21,wk inc flu hosp,3,2026-03-14,21,quantile,0.05,0.0
2026-02-21,wk inc flu hosp,3,2026-03-14,21,quantile,0.1,0.0
2026-02-21,wk inc flu hosp,3,2026-03-14,21,quantile,0.15,0.0
2026-02-21,wk inc flu hosp,3,2026-03-14,21,quantile,0.2,0.0
2026-02-21,wk inc flu hosp,3,2026-03-14,21,quantile,0.25,0.0
2026-02-21,wk inc flu hosp,3,2026-03-14,21,quantile,0.3,9.0
2026-02-21,wk inc flu hosp,3,2026-03-14,21,quantile,0.35,16.0
2026-02-21,wk inc flu hosp,3,2026-03-14,21,quantile,0.4,23.0
2026-02-21,wk inc flu hosp,3,2026-03-14,21,quantile,0.45,27.0
2026-02-21,wk inc flu hosp,3,2026-03-14,21,quantile,0.5,31.0
2026-02-21,wk inc flu hosp,3,2026-03-14,21,quantile,0.55,37.0
2026-02-21,wk inc flu hosp,3,2026-03-14,21,quantile,0.6,42.0
2026-02-21,wk inc flu hosp,3,2026-03-14,21,quantile,0.65,48.0
2026-02-21,wk inc flu hosp,3,2026-03-14,21,quantile,0.7,54.0
2026-02-21,wk inc flu hosp,3,2026-03-14,21,quantile,0.75,61.0
2026-02-21,wk inc flu hosp,3,2026-03-14,21,quantile,0.8,67.0
2026-02-21,wk inc flu hosp,3,2026-03-14,21,quantile,0.85,74.0
2026-02-21,wk inc flu hosp,3,2026-03-14,21,quantile,0.9,84.0
2026-02-21,wk inc flu hosp,3,2026-03-14,21,quantile,0.95,99.0
2026-02-21,wk inc flu hosp,3,2026-03-14,21,quantile,0.975,114.0
2026-02-21,wk inc flu hosp,3,2026-03-14,21,quantile,0.99,131.0
2026-02-21,wk inc flu hosp,3,2026-03-14,22,quantile,0.01,32.0
2026-02-21,wk inc flu hosp,3,2026-03-14,22,quantile,0.025,39.0
2026-02-21,wk inc flu hosp,3,2026-03-14,22,quantile,0.05,47.0
2026-02-21,wk inc flu hosp,3,2026-03-14,22,quantile,0.1,59.0
2026-02-21,wk inc flu hosp,3,2026-03-14,22,quantile,0.15,71.0
2026-02-21,wk inc flu hosp,3,2026-03-14,22,quantile,0.2,80.0
2026-02-21,wk inc flu hosp,3,2026-03-14,22,quantile,0.25,87.0
2026-02-21,wk inc flu hosp,3,2026-03-14,22,quantile,0.3,94.0
2026-02-21,wk inc flu hosp,3,2026-03-14,22,quantile,0.35,100.0
2026-02-21,wk inc flu hosp,3,2026-03-14,22,quantile,0.4,105.0
2026-02-21,wk inc flu hosp,3,2026-03-14,22,quantile,0.45,109.0
2026-02-21,wk inc flu hosp,3,2026-03-14,22,quantile,0.5,115.0
2026-02-21,wk inc flu hosp,3,2026-03-14,22,quantile,0.55,120.0
2026-02-21,wk inc flu hosp,3,2026-03-14,22,quantile,0.6,126.0
2026-02-21,wk inc flu hosp,3,2026-03-14,22,quantile,0.65,133.0
2026-02-21,wk inc flu hosp,3,2026-03-14,22,quantile,0.7,138.0
2026-02-21,wk inc flu hosp,3,2026-03-14,22,quantile,0.75,145.0
2026-02-21,wk inc flu hosp,3,2026-03-14,22,quantile,0.8,153.0
2026-02-21,wk inc flu hosp,3,2026-03-14,22,quantile,0.85,163.0
2026-02-21,wk inc flu hosp,3,2026-03-14,22,quantile,0.9,173.0
2026-02-21,wk inc flu hosp,3,2026-03-14,22,quantile,0.95,187.0
2026-02-21,wk inc flu hosp,3,2026-03-14,22,quantile,0.975,198.0
2026-02-21,wk inc flu hosp,3,2026-03-14,22,quantile,0.99,220.0
2026-02-21,wk inc flu hosp,3,2026-03-14,23,quantile,0.01,0.0
2026-02-21,wk inc flu hosp,3,2026-03-14,23,quantile,0.025,0.0
2026-02-21,wk inc flu hosp,3,2026-03-14,23,quantile,0.05,0.0
2026-02-21,wk inc flu hosp,3,2026-03-14,23,quantile,0.1,3.0
2026-02-21,wk inc flu hosp,3,2026-03-14,23,quantile,0.15,6.0
2026-02-21,wk inc flu hosp,3,2026-03-14,23,quantile,0.2,8.0
2026-02-21,wk inc flu hosp,3,2026-03-14,23,quantile,0.25,10.0
2026-02-21,wk inc flu hosp,3,2026-03-14,23,quantile,0.3,12.0
2026-02-21,wk inc flu hosp,3,2026-03-14,23,quantile,0.35,13.0
2026-02-21,wk inc flu hosp,3,2026-03-14,23,quantile,0.4,15.0
2026-02-21,wk inc flu hosp,3,2026-03-14,23,quantile,0.45,17.0
2026-02-21,wk inc flu hosp,3,2026-03-14,23,quantile,0.5,18.0
2026-02-21,wk inc flu hosp,3,2026-03-14,23,quantile,0.55,20.0
2026-02-21,wk inc flu hosp,3,2026-03-14,23,quantile,0.6,21.0
2026-02-21,wk inc flu hosp,3,2026-03-14,23,quantile,0.65,23.0
2026-02-21,wk inc flu hosp,3,2026-03-14,23,quantile,0.7,25.0
2026-02-21,wk inc flu hosp,3,2026-03-14,23,quantile,0.75,27.0
2026-02-21,wk inc flu hosp,3,2026-03-14,23,quantile,0.8,29.0
2026-02-21,wk inc flu hosp,3,2026-03-14,23,quantile,0.85,30.0
2026-02-21,wk inc flu hosp,3,2026-03-14,23,quantile,0.9,32.0
2026-02-21,wk inc flu hosp,3,2026-03-14,23,quantile,0.95,36.0
2026-02-21,wk inc flu hosp,3,2026-03-14,23,quantile,0.975,40.0
2026-02-21,wk inc flu hosp,3,2026-03-14,23,quantile,0.99,43.0
2026-02-21,wk inc flu hosp,3,2026-03-14,24,quantile,0.01,0.0
2026-02-21,wk inc flu hosp,3,2026-03-14,24,quantile,0.025,0.0
2026-02-21,wk inc flu hosp,3,2026-03-14,24,quantile,0.05,0.0
2026-02-21,wk inc flu hosp,3,2026-03-14,24,quantile,0.1,0.0
2026-02-21,wk inc flu hosp,3,2026-03-14,24,quantile,0.15,0.0
2026-02-21,wk inc flu hosp,3,2026-03-14,24,quantile,0.2,4.0
2026-02-21,wk inc flu hosp,3,2026-03-14,24,quantile,0.25,8.0
2026-02-21,wk inc flu hosp,3,2026-03-14,24,quantile,0.3,8.0
2026-02-21,wk inc flu hosp,3,2026-03-14,24,quantile,0.35,9.0
2026-02-21,wk inc flu hosp,3,2026-03-14,24,quantile,0.4,9.0
2026-02-21,wk inc flu hosp,3,2026-03-14,24,quantile,0.45,9.0
2026-02-21,wk inc flu hosp,3,2026-03-14,24,quantile,0.5,9.0
2026-02-21,wk inc flu hosp,3,2026-03-14,24,quantile,0.55,11.0
2026-02-21,wk inc flu hosp,3,2026-03-14,24,quantile,0.6,17.0
2026-02-21,wk inc flu hosp,3,2026-03-14,24,quantile,0.65,23.0
2026-02-21,wk inc flu hosp,3,2026-03-14,24,quantile,0.7,29.0
2026-02-21,wk inc flu hosp,3,2026-03-14,24,quantile,0.75,36.0
2026-02-21,wk inc flu hosp,3,2026-03-14,24,quantile,0.8,42.0
2026-02-21,wk inc flu hosp,3,2026-03-14,24,quantile,0.85,50.0
2026-02-21,wk inc flu hosp,3,2026-03-14,24,quantile,0.9,60.0
2026-02-21,wk inc flu hosp,3,2026-03-14,24,quantile,0.95,74.0
2026-02-21,wk inc flu hosp,3,2026-03-14,24,quantile,0.975,96.0
2026-02-21,wk inc flu hosp,3,2026-03-14,24,quantile,0.99,122.0
2026-02-21,wk inc flu hosp,3,2026-03-14,25,quantile,0.01,0.0
2026-02-21,wk inc flu hosp,3,2026-03-14,25,quantile,0.025,0.0
2026-02-21,wk inc flu hosp,3,2026-03-14,25,quantile,0.05,0.0
2026-02-21,wk inc flu hosp,3,2026-03-14,25,quantile,0.1,0.0
2026-02-21,wk inc flu hosp,3,2026-03-14,25,quantile,0.15,0.0
2026-02-21,wk inc flu hosp,3,2026-03-14,25,quantile,0.2,0.0
2026-02-21,wk inc flu hosp,3,2026-03-14,25,quantile,0.25,2.0
2026-02-21,wk inc flu hosp,3,2026-03-14,25,quantile,0.3,10.0
2026-02-21,wk inc flu hosp,3,2026-03-14,25,quantile,0.35,18.0
2026-02-21,wk inc flu hosp,3,2026-03-14,25,quantile,0.4,23.0
2026-02-21,wk inc flu hosp,3,2026-03-14,25,quantile,0.45,28.0
2026-02-21,wk inc flu hosp,3,2026-03-14,25,quantile,0.5,31.0
2026-02-21,wk inc flu hosp,3,2026-03-14,25,quantile,0.55,35.0
2026-02-21,wk inc flu hosp,3,2026-03-14,25,quantile,0.6,39.0
2026-02-21,wk inc flu hosp,3,2026-03-14,25,quantile,0.65,43.0
2026-02-21,wk inc flu hosp,3,2026-03-14,25,quantile,0.7,48.0
2026-02-21,wk inc flu hosp,3,2026-03-14,25,quantile,0.75,53.0
2026-02-21,wk inc flu hosp,3,2026-03-14,25,quantile,0.8,57.0
2026-02-21,wk inc flu hosp,3,2026-03-14,25,quantile,0.85,62.0
2026-02-21,wk inc flu hosp,3,2026-03-14,25,quantile,0.9,69.0
2026-02-21,wk inc flu hosp,3,2026-03-14,25,quantile,0.95,79.0
2026-02-21,wk inc flu hosp,3,2026-03-14,25,quantile,0.975,89.0
2026-02-21,wk inc flu hosp,3,2026-03-14,25,quantile,0.99,100.0
2026-02-21,wk inc flu hosp,3,2026-03-14,26,quantile,0.01,0.0
2026-02-21,wk inc flu hosp,3,2026-03-14,26,quantile,0.025,0.0
2026-02-21,wk inc flu hosp,3,2026-03-14,26,quantile,0.05,7.0
2026-02-21,wk inc flu hosp,3,2026-03-14,26,quantile,0.1,43.0
2026-02-21,wk inc flu hosp,3,2026-03-14,26,quantile,0.15,67.0
2026-02-21,wk inc flu hosp,3,2026-03-14,26,quantile,0.2,83.0
2026-02-21,wk inc flu hosp,3,2026-03-14,26,quantile,0.25,102.0
2026-02-21,wk inc flu hosp,3,2026-03-14,26,quantile,0.3,118.0
2026-02-21,wk inc flu hosp,3,2026-03-14,26,quantile,0.35,133.0
2026-02-21,wk inc flu hosp,3,2026-03-14,26,quantile,0.4,147.0
2026-02-21,wk inc flu hosp,3,2026-03-14,26,quantile,0.45,161.0
2026-02-21,wk inc flu hosp,3,2026-03-14,26,quantile,0.5,174.0
2026-02-21,wk inc flu hosp,3,2026-03-14,26,quantile,0.55,183.0
2026-02-21,wk inc flu hosp,3,2026-03-14,26,quantile,0.6,191.0
2026-02-21,wk inc flu hosp,3,2026-03-14,26,quantile,0.65,201.0
2026-02-21,wk inc flu hosp,3,2026-03-14,26,quantile,0.7,208.0
2026-02-21,wk inc flu hosp,3,2026-03-14,26,quantile,0.75,215.0
2026-02-21,wk inc flu hosp,3,2026-03-14,26,quantile,0.8,221.0
2026-02-21,wk inc flu hosp,3,2026-03-14,26,quantile,0.85,229.0
2026-02-21,wk inc flu hosp,3,2026-03-14,26,quantile,0.9,240.0
2026-02-21,wk inc flu hosp,3,2026-03-14,26,quantile,0.95,254.0
2026-02-21,wk inc flu hosp,3,2026-03-14,26,quantile,0.975,270.0
2026-02-21,wk inc flu hosp,3,2026-03-14,26,quantile,0.99,325.0
2026-02-21,wk inc flu hosp,3,2026-03-14,27,quantile,0.01,0.0
2026-02-21,wk inc flu hosp,3,2026-03-14,27,quantile,0.025,0.0
2026-02-21,wk inc flu hosp,3,2026-03-14,27,quantile,0.05,0.0
2026-02-21,wk inc flu hosp,3,2026-03-14,27,quantile,0.1,21.0
2026-02-21,wk inc flu hosp,3,2026-03-14,27,quantile,0.15,22.0
2026-02-21,wk inc flu hosp,3,2026-03-14,27,quantile,0.2,23.0
2026-02-21,wk inc flu hosp,3,2026-03-14,27,quantile,0.25,23.0
2026-02-21,wk inc flu hosp,3,2026-03-14,27,quantile,0.3,24.0
2026-02-21,wk inc flu hosp,3,2026-03-14,27,quantile,0.35,24.0
2026-02-21,wk inc flu hosp,3,2026-03-14,27,quantile,0.4,24.0
2026-02-21,wk inc flu hosp,3,2026-03-14,27,quantile,0.45,25.0
2026-02-21,wk inc flu hosp,3,2026-03-14,27,quantile,0.5,26.0
2026-02-21,wk inc flu hosp,3,2026-03-14,27,quantile,0.55,26.0
2026-02-21,wk inc flu hosp,3,2026-03-14,27,quantile,0.6,27.0
2026-02-21,wk inc flu hosp,3,2026-03-14,27,quantile,0.65,28.0
2026-02-21,wk inc flu hosp,3,2026-03-14,27,quantile,0.7,29.0
2026-02-21,wk inc flu hosp,3,2026-03-14,27,quantile,0.75,33.0
2026-02-21,wk inc flu hosp,3,2026-03-14,27,quantile,0.8,44.0
2026-02-21,wk inc flu hosp,3,2026-03-14,27,quantile,0.85,55.0
2026-02-21,wk inc flu hosp,3,2026-03-14,27,quantile,0.9,67.0
2026-02-21,wk inc flu hosp,3,2026-03-14,27,quantile,0.95,85.0
2026-02-21,wk inc flu hosp,3,2026-03-14,27,quantile,0.975,106.0
2026-02-21,wk inc flu hosp,3,2026-03-14,27,quantile,0.99,126.0
2026-02-21,wk inc flu hosp,3,2026-03-14,28,quantile,0.01,4.0
2026-02-21,wk inc flu hosp,3,2026-03-14,28,quantile,0.025,11.0
2026-02-21,wk inc flu hosp,3,2026-03-14,28,quantile,0.05,22.0
2026-02-21,wk inc flu hosp,3,2026-03-14,28,quantile,0.1,36.0
2026-02-21,wk inc flu hosp,3,2026-03-14,28,quantile,0.15,49.0
2026-02-21,wk inc flu hosp,3,2026-03-14,28,quantile,0.2,60.0
2026-02-21,wk inc flu hosp,3,2026-03-14,28,quantile,0.25,69.0
2026-02-21,wk inc flu hosp,3,2026-03-14,28,quantile,0.3,76.0
2026-02-21,wk inc flu hosp,3,2026-03-14,28,quantile,0.35,85.0
2026-02-21,wk inc flu hosp,3,2026-03-14,28,quantile,0.4,91.0
2026-02-21,wk inc flu hosp,3,2026-03-14,28,quantile,0.45,98.0
2026-02-21,wk inc flu hosp,3,2026-03-14,28,quantile,0.5,104.0
2026-02-21,wk inc flu hosp,3,2026-03-14,28,quantile,0.55,112.0
2026-02-21,wk inc flu hosp,3,2026-03-14,28,quantile,0.6,119.0
2026-02-21,wk inc flu hosp,3,2026-03-14,28,quantile,0.65,126.0
2026-02-21,wk inc flu hosp,3,2026-03-14,28,quantile,0.7,135.0
2026-02-21,wk inc flu hosp,3,2026-03-14,28,quantile,0.75,142.0
2026-02-21,wk inc flu hosp,3,2026-03-14,28,quantile,0.8,151.0
2026-02-21,wk inc flu hosp,3,2026-03-14,28,quantile,0.85,162.0
2026-02-21,wk inc flu hosp,3,2026-03-14,28,quantile,0.9,177.0
2026-02-21,wk inc flu hosp,3,2026-03-14,28,quantile,0.95,195.0
2026-02-21,wk inc flu hosp,3,2026-03-14,28,quantile,0.975,213.0
2026-02-21,wk inc flu hosp,3,2026-03-14,28,quantile,0.99,229.0
2026-02-21,wk inc flu hosp,3,2026-03-14,30,quantile,0.01,0.0
2026-02-21,wk inc flu hosp,3,2026-03-14,30,quantile,0.025,0.0
2026-02-21,wk inc flu hosp,3,2026-03-14,30,quantile,0.05,0.0
2026-02-21,wk inc flu hosp,3,2026-03-14,30,quantile,0.1,0.0
2026-02-21,wk inc flu hosp,3,2026-03-14,30,quantile,0.15,0.0
2026-02-21,wk inc flu hosp,3,2026-03-14,30,quantile,0.2,0.0
2026-02-21,wk inc flu hosp,3,2026-03-14,30,quantile,0.25,3.0
2026-02-21,wk inc flu hosp,3,2026-03-14,30,quantile,0.3,3.0
2026-02-21,wk inc flu hosp,3,2026-03-14,30,quantile,0.35,3.0
2026-02-21,wk inc flu hosp,3,2026-03-14,30,quantile,0.4,3.0
2026-02-21,wk inc flu hosp,3,2026-03-14,30,quantile,0.45,3.0
2026-02-21,wk inc flu hosp,3,2026-03-14,30,quantile,0.5,3.0
2026-02-21,wk inc flu hosp,3,2026-03-14,30,quantile,0.55,3.0
2026-02-21,wk inc flu hosp,3,2026-03-14,30,quantile,0.6,3.0
2026-02-21,wk inc flu hosp,3,2026-03-14,30,quantile,0.65,3.0
2026-02-21,wk inc flu hosp,3,2026-03-14,30,quantile,0.7,3.0
2026-02-21,wk inc flu hosp,3,2026-03-14,30,quantile,0.75,3.0
2026-02-21,wk inc flu hosp,3,2026-03-14,30,quantile,0.8,5.0
2026-02-21,wk inc flu hosp,3,2026-03-14,30,quantile,0.85,8.0
2026-02-21,wk inc flu hosp,3,2026-03-14,30,quantile,0.9,11.0
2026-02-21,wk inc flu hosp,3,2026-03-14,30,quantile,0.95,15.0
2026-02-21,wk inc flu hosp,3,2026-03-14,30,quantile,0.975,20.0
2026-02-21,wk inc flu hosp,3,2026-03-14,30,quantile,0.99,25.0
2026-02-21,wk inc flu hosp,3,2026-03-14,31,quantile,0.01,3.0
2026-02-21,wk inc flu hosp,3,2026-03-14,31,quantile,0.025,5.0
2026-02-21,wk inc flu hosp,3,2026-03-14,31,quantile,0.05,8.0
2026-02-21,wk inc flu hosp,3,2026-03-14,31,quantile,0.1,16.0
2026-02-21,wk inc flu hosp,3,2026-03-14,31,quantile,0.15,24.0
2026-02-21,wk inc flu hosp,3,2026-03-14,31,quantile,0.2,29.0
2026-02-21,wk inc flu hosp,3,2026-03-14,31,quantile,0.25,34.0
2026-02-21,wk inc flu hosp,3,2026-03-14,31,quantile,0.3,39.0
2026-02-21,wk inc flu hosp,3,2026-03-14,31,quantile,0.35,43.0
2026-02-21,wk inc flu hosp,3,2026-03-14,31,quantile,0.4,48.0
2026-02-21,wk inc flu hosp,3,2026-03-14,31,quantile,0.45,51.0
2026-02-21,wk inc flu hosp,3,2026-03-14,31,quantile,0.5,55.0
2026-02-21,wk inc flu hosp,3,2026-03-14,31,quantile,0.55,59.0
2026-02-21,wk inc flu hosp,3,2026-03-14,31,quantile,0.6,63.0
2026-02-21,wk inc flu hosp,3,2026-03-14,31,quantile,0.65,68.0
2026-02-21,wk inc flu hosp,3,2026-03-14,31,quantile,0.7,72.0
2026-02-21,wk inc flu hosp,3,2026-03-14,31,quantile,0.75,76.0
2026-02-21,wk inc flu hosp,3,2026-03-14,31,quantile,0.8,81.0
2026-02-21,wk inc flu hosp,3,2026-03-14,31,quantile,0.85,87.0
2026-02-21,wk inc flu hosp,3,2026-03-14,31,quantile,0.9,93.0
2026-02-21,wk inc flu hosp,3,2026-03-14,31,quantile,0.95,107.0
2026-02-21,wk inc flu hosp,3,2026-03-14,31,quantile,0.975,115.0
2026-02-21,wk inc flu hosp,3,2026-03-14,31,quantile,0.99,126.0
2026-02-21,wk inc flu hosp,3,2026-03-14,32,quantile,0.01,0.0
2026-02-21,wk inc flu hosp,3,2026-03-14,32,quantile,0.025,0.0
2026-02-21,wk inc flu hosp,3,2026-03-14,32,quantile,0.05,0.0
2026-02-21,wk inc flu hosp,3,2026-03-14,32,quantile,0.1,9.0
2026-02-21,wk inc flu hosp,3,2026-03-14,32,quantile,0.15,15.0
2026-02-21,wk inc flu hosp,3,2026-03-14,32,quantile,0.2,21.0
2026-02-21,wk inc flu hosp,3,2026-03-14,32,quantile,0.25,26.0
2026-02-21,wk inc flu hosp,3,2026-03-14,32,quantile,0.3,30.0
2026-02-21,wk inc flu hosp,3,2026-03-14,32,quantile,0.35,34.0
2026-02-21,wk inc flu hosp,3,2026-03-14,32,quantile,0.4,39.0
2026-02-21,wk inc flu hosp,3,2026-03-14,32,quantile,0.45,42.0
2026-02-21,wk inc flu hosp,3,2026-03-14,32,quantile,0.5,46.0
2026-02-21,wk inc flu hosp,3,2026-03-14,32,quantile,0.55,49.0
2026-02-21,wk inc flu hosp,3,2026-03-14,32,quantile,0.6,51.0
2026-02-21,wk inc flu hosp,3,2026-03-14,32,quantile,0.65,53.0
2026-02-21,wk inc flu hosp,3,2026-03-14,32,quantile,0.7,55.0
2026-02-21,wk inc flu hosp,3,2026-03-14,32,quantile,0.75,57.0
2026-02-21,wk inc flu hosp,3,2026-03-14,32,quantile,0.8,60.0
2026-02-21,wk inc flu hosp,3,2026-03-14,32,quantile,0.85,62.0
2026-02-21,wk inc flu hosp,3,2026-03-14,32,quantile,0.9,65.0
2026-02-21,wk inc flu hosp,3,2026-03-14,32,quantile,0.95,70.0
2026-02-21,wk inc flu hosp,3,2026-03-14,32,quantile,0.975,76.0
2026-02-21,wk inc flu hosp,3,2026-03-14,32,quantile,0.99,82.0
2026-02-21,wk inc flu hosp,3,2026-03-14,33,quantile,0.01,0.0
2026-02-21,wk inc flu hosp,3,2026-03-14,33,quantile,0.025,0.0
2026-02-21,wk inc flu hosp,3,2026-03-14,33,quantile,0.05,0.0
2026-02-21,wk inc flu hosp,3,2026-03-14,33,quantile,0.1,0.0
2026-02-21,wk inc flu hosp,3,2026-03-14,33,quantile,0.15,1.0
2026-02-21,wk inc flu hosp,3,2026-03-14,33,quantile,0.2,2.0
2026-02-21,wk inc flu hosp,3,2026-03-14,33,quantile,0.25,3.0
2026-02-21,wk inc flu hosp,3,2026-03-14,33,quantile,0.3,5.0
2026-02-21,wk inc flu hosp,3,2026-03-14,33,quantile,0.35,7.0
2026-02-21,wk inc flu hosp,3,2026-03-14,33,quantile,0.4,9.0
2026-02-21,wk inc flu hosp,3,2026-03-14,33,quantile,0.45,11.0
2026-02-21,wk inc flu hosp,3,2026-03-14,33,quantile,0.5,14.0
2026-02-21,wk inc flu hosp,3,2026-03-14,33,quantile,0.55,16.0
2026-02-21,wk inc flu hosp,3,2026-03-14,33,quantile,0.6,18.0
2026-02-21,wk inc flu hosp,3,2026-03-14,33,quantile,0.65,21.0
2026-02-21,wk inc flu hosp,3,2026-03-14,33,quantile,0.7,23.0
2026-02-21,wk inc flu hosp,3,2026-03-14,33,quantile,0.75,25.0
2026-02-21,wk inc flu hosp,3,2026-03-14,33,quantile,0.8,27.0
2026-02-21,wk inc flu hosp,3,2026-03-14,33,quantile,0.85,28.0
2026-02-21,wk inc flu hosp,3,2026-03-14,33,quantile,0.9,30.0
2026-02-21,wk inc flu hosp,3,2026-03-14,33,quantile,0.95,32.0
2026-02-21,wk inc flu hosp,3,2026-03-14,33,quantile,0.975,35.0
2026-02-21,wk inc flu hosp,3,2026-03-14,33,quantile,0.99,39.0
2026-02-21,wk inc flu hosp,3,2026-03-14,34,quantile,0.01,0.0
2026-02-21,wk inc flu hosp,3,2026-03-14,34,quantile,0.025,0.0
2026-02-21,wk inc flu hosp,3,2026-03-14,34,quantile,0.05,0.0
2026-02-21,wk inc flu hosp,3,2026-03-14,34,quantile,0.1,0.0
2026-02-21,wk inc flu hosp,3,2026-03-14,34,quantile,0.15,0.0
2026-02-21,wk inc flu hosp,3,2026-03-14,34,quantile,0.2,20.0
2026-02-21,wk inc flu hosp,3,2026-03-14,34,quantile,0.25,41.0
2026-02-21,wk inc flu hosp,3,2026-03-14,34,quantile,0.3,60.0
2026-02-21,wk inc flu hosp,3,2026-03-14,34,quantile,0.35,78.0
2026-02-21,wk inc flu hosp,3,2026-03-14,34,quantile,0.4,96.0
2026-02-21,wk inc flu hosp,3,2026-03-14,34,quantile,0.45,110.0
2026-02-21,wk inc flu hosp,3,2026-03-14,34,quantile,0.5,117.0
2026-02-21,wk inc flu hosp,3,2026-03-14,34,quantile,0.55,125.0
2026-02-21,wk inc flu hosp,3,2026-03-14,34,quantile,0.6,133.0
2026-02-21,wk inc flu hosp,3,2026-03-14,34,quantile,0.65,143.0
2026-02-21,wk inc flu hosp,3,2026-03-14,34,quantile,0.7,151.0
2026-02-21,wk inc flu hosp,3,2026-03-14,34,quantile,0.75,161.0
2026-02-21,wk inc flu hosp,3,2026-03-14,34,quantile,0.8,170.0
2026-02-21,wk inc flu hosp,3,2026-03-14,34,quantile,0.85,181.0
2026-02-21,wk inc flu hosp,3,2026-03-14,34,quantile,0.9,196.0
2026-02-21,wk inc flu hosp,3,2026-03-14,34,quantile,0.95,215.0
2026-02-21,wk inc flu hosp,3,2026-03-14,34,quantile,0.975,233.0
2026-02-21,wk inc flu hosp,3,2026-03-14,34,quantile,0.99,255.0
2026-02-21,wk inc flu hosp,3,2026-03-14,35,quantile,0.01,0.0
2026-02-21,wk inc flu hosp,3,2026-03-14,35,quantile,0.025,0.0
2026-02-21,wk inc flu hosp,3,2026-03-14,35,quantile,0.05,2.0
2026-02-21,wk inc flu hosp,3,2026-03-14,35,quantile,0.1,11.0
2026-02-21,wk inc flu hosp,3,2026-03-14,35,quantile,0.15,15.0
2026-02-21,wk inc flu hosp,3,2026-03-14,35,quantile,0.2,17.0
2026-02-21,wk inc flu hosp,3,2026-03-14,35,quantile,0.25,19.0
2026-02-21,wk inc flu hosp,3,2026-03-14,35,quantile,0.3,21.0
2026-02-21,wk inc flu hosp,3,2026-03-14,35,quantile,0.35,22.0
2026-02-21,wk inc flu hosp,3,2026-03-14,35,quantile,0.4,24.0
2026-02-21,wk inc flu hosp,3,2026-03-14,35,quantile,0.45,26.0
2026-02-21,wk inc flu hosp,3,2026-03-14,35,quantile,0.5,27.0
2026-02-21,wk inc flu hosp,3,2026-03-14,35,quantile,0.55,29.0
2026-02-21,wk inc flu hosp,3,2026-03-14,35,quantile,0.6,30.0
2026-02-21,wk inc flu hosp,3,2026-03-14,35,quantile,0.65,32.0
2026-02-21,wk inc flu hosp,3,2026-03-14,35,quantile,0.7,33.0
2026-02-21,wk inc flu hosp,3,2026-03-14,35,quantile,0.75,35.0
2026-02-21,wk inc flu hosp,3,2026-03-14,35,quantile,0.8,37.0
2026-02-21,wk inc flu hosp,3,2026-03-14,35,quantile,0.85,39.0
2026-02-21,wk inc flu hosp,3,2026-03-14,35,quantile,0.9,42.0
2026-02-21,wk inc flu hosp,3,2026-03-14,35,quantile,0.95,46.0
2026-02-21,wk inc flu hosp,3,2026-03-14,35,quantile,0.975,49.0
2026-02-21,wk inc flu hosp,3,2026-03-14,35,quantile,0.99,53.0
2026-02-21,wk inc flu hosp,3,2026-03-14,36,quantile,0.01,0.0
2026-02-21,wk inc flu hosp,3,2026-03-14,36,quantile,0.025,0.0
2026-02-21,wk inc flu hosp,3,2026-03-14,36,quantile,0.05,0.0
2026-02-21,wk inc flu hosp,3,2026-03-14,36,quantile,0.1,0.0
2026-02-21,wk inc flu hosp,3,2026-03-14,36,quantile,0.15,0.0
2026-02-21,wk inc flu hosp,3,2026-03-14,36,quantile,0.2,3.0
2026-02-21,wk inc flu hosp,3,2026-03-14,36,quantile,0.25,28.0
2026-02-21,wk inc flu hosp,3,2026-03-14,36,quantile,0.3,50.0
2026-02-21,wk inc flu hosp,3,2026-03-14,36,quantile,0.35,58.0
2026-02-21,wk inc flu hosp,3,2026-03-14,36,quantile,0.4,67.0
2026-02-21,wk inc flu hosp,3,2026-03-14,36,quantile,0.45,75.0
2026-02-21,wk inc flu hosp,3,2026-03-14,36,quantile,0.5,83.0
2026-02-21,wk inc flu hosp,3,2026-03-14,36,quantile,0.55,91.0
2026-02-21,wk inc flu hosp,3,2026-03-14,36,quantile,0.6,98.0
2026-02-21,wk inc flu hosp,3,2026-03-14,36,quantile,0.65,105.0
2026-02-21,wk inc flu hosp,3,2026-03-14,36,quantile,0.7,112.0
2026-02-21,wk inc flu hosp,3,2026-03-14,36,quantile,0.75,121.0
2026-02-21,wk inc flu hosp,3,2026-03-14,36,quantile,0.8,134.0
2026-02-21,wk inc flu hosp,3,2026-03-14,36,quantile,0.85,149.0
2026-02-21,wk inc flu hosp,3,2026-03-14,36,quantile,0.9,170.0
2026-02-21,wk inc flu hosp,3,2026-03-14,36,quantile,0.95,190.0
2026-02-21,wk inc flu hosp,3,2026-03-14,36,quantile,0.975,218.0
2026-02-21,wk inc flu hosp,3,2026-03-14,36,quantile,0.99,260.0
2026-02-21,wk inc flu hosp,3,2026-03-14,37,quantile,0.01,0.0
2026-02-21,wk inc flu hosp,3,2026-03-14,37,quantile,0.025,0.0
2026-02-21,wk inc flu hosp,3,2026-03-14,37,quantile,0.05,0.0
2026-02-21,wk inc flu hosp,3,2026-03-14,37,quantile,0.1,0.0
2026-02-21,wk inc flu hosp,3,2026-03-14,37,quantile,0.15,0.0
2026-02-21,wk inc flu hosp,3,2026-03-14,37,quantile,0.2,0.0
2026-02-21,wk inc flu hosp,3,2026-03-14,37,quantile,0.25,9.0
2026-02-21,wk inc flu hosp,3,2026-03-14,37,quantile,0.3,26.0
2026-02-21,wk inc flu hosp,3,2026-03-14,37,quantile,0.35,40.0
2026-02-21,wk inc flu hosp,3,2026-03-14,37,quantile,0.4,51.0
2026-02-21,wk inc flu hosp,3,2026-03-14,37,quantile,0.45,67.0
2026-02-21,wk inc flu hosp,3,2026-03-14,37,quantile,0.5,82.0
2026-02-21,wk inc flu hosp,3,2026-03-14,37,quantile,0.55,102.0
2026-02-21,wk inc flu hosp,3,2026-03-14,37,quantile,0.6,115.0
2026-02-21,wk inc flu hosp,3,2026-03-14,37,quantile,0.65,132.0
2026-02-21,wk inc flu hosp,3,2026-03-14,37,quantile,0.7,148.0
2026-02-21,wk inc flu hosp,3,2026-03-14,37,quantile,0.75,166.0
2026-02-21,wk inc flu hosp,3,2026-03-14,37,quantile,0.8,183.0
2026-02-21,wk inc flu hosp,3,2026-03-14,37,quantile,0.85,204.0
2026-02-21,wk inc flu hosp,3,2026-03-14,37,quantile,0.9,233.0
2026-02-21,wk inc flu hosp,3,2026-03-14,37,quantile,0.95,272.0
2026-02-21,wk inc flu hosp,3,2026-03-14,37,quantile,0.975,307.0
2026-02-21,wk inc flu hosp,3,2026-03-14,37,quantile,0.99,346.0
2026-02-21,wk inc flu hosp,3,2026-03-14,38,quantile,0.01,0.0
2026-02-21,wk inc flu hosp,3,2026-03-14,38,quantile,0.025,0.0
2026-02-21,wk inc flu hosp,3,2026-03-14,38,quantile,0.05,0.0
2026-02-21,wk inc flu hosp,3,2026-03-14,38,quantile,0.1,0.0
2026-02-21,wk inc flu hosp,3,2026-03-14,38,quantile,0.15,0.0
2026-02-21,wk inc flu hosp,3,2026-03-14,38,quantile,0.2,1.0
2026-02-21,wk inc flu hosp,3,2026-03-14,38,quantile,0.25,2.0
2026-02-21,wk inc flu hosp,3,2026-03-14,38,quantile,0.3,2.0
2026-02-21,wk inc flu hosp,3,2026-03-14,38,quantile,0.35,3.0
2026-02-21,wk inc flu hosp,3,2026-03-14,38,quantile,0.4,4.0
2026-02-21,wk inc flu hosp,3,2026-03-14,38,quantile,0.45,4.0
2026-02-21,wk inc flu hosp,3,2026-03-14,38,quantile,0.5,5.0
2026-02-21,wk inc flu hosp,3,2026-03-14,38,quantile,0.55,6.0
2026-02-21,wk inc flu hosp,3,2026-03-14,38,quantile,0.6,6.0
2026-02-21,wk inc flu hosp,3,2026-03-14,38,quantile,0.65,7.0
2026-02-21,wk inc flu hosp,3,2026-03-14,38,quantile,0.7,8.0
2026-02-21,wk inc flu hosp,3,2026-03-14,38,quantile,0.75,9.0
2026-02-21,wk inc flu hosp,3,2026-03-14,38,quantile,0.8,10.0
2026-02-21,wk inc flu hosp,3,2026-03-14,38,quantile,0.85,11.0
2026-02-21,wk inc flu hosp,3,2026-03-14,38,quantile,0.9,12.0
2026-02-21,wk inc flu hosp,3,2026-03-14,38,quantile,0.95,14.0
2026-02-21,wk inc flu hosp,3,2026-03-14,38,quantile,0.975,16.0
2026-02-21,wk inc flu hosp,3,2026-03-14,38,quantile,0.99,18.0
2026-02-21,wk inc flu hosp,3,2026-03-14,39,quantile,0.01,0.0
2026-02-21,wk inc flu hosp,3,2026-03-14,39,quantile,0.025,0.0
2026-02-21,wk inc flu hosp,3,2026-03-14,39,quantile,0.05,0.0
2026-02-21,wk inc flu hosp,3,2026-03-14,39,quantile,0.1,22.0
2026-02-21,wk inc flu hosp,3,2026-03-14,39,quantile,0.15,44.0
2026-02-21,wk inc flu hosp,3,2026-03-14,39,quantile,0.2,63.0
2026-02-21,wk inc flu hosp,3,2026-03-14,39,quantile,0.25,91.0
2026-02-21,wk inc flu hosp,3,2026-03-14,39,quantile,0.3,117.0
2026-02-21,wk inc flu hosp,3,2026-03-14,39,quantile,0.35,142.0
2026-02-21,wk inc flu hosp,3,2026-03-14,39,quantile,0.4,165.0
2026-02-21,wk inc flu hosp,3,2026-03-14,39,quantile,0.45,177.0
2026-02-21,wk inc flu hosp,3,2026-03-14,39,quantile,0.5,188.0
2026-02-21,wk inc flu hosp,3,2026-03-14,39,quantile,0.55,200.0
2026-02-21,wk inc flu hosp,3,2026-03-14,39,quantile,0.6,211.0
2026-02-21,wk inc flu hosp,3,2026-03-14,39,quantile,0.65,223.0
2026-02-21,wk inc flu hosp,3,2026-03-14,39,quantile,0.7,238.0
2026-02-21,wk inc flu hosp,3,2026-03-14,39,quantile,0.75,248.0
2026-02-21,wk inc flu hosp,3,2026-03-14,39,quantile,0.8,263.0
2026-02-21,wk inc flu hosp,3,2026-03-14,39,quantile,0.85,278.0
2026-02-21,wk inc flu hosp,3,2026-03-14,39,quantile,0.9,309.0
2026-02-21,wk inc flu hosp,3,2026-03-14,39,quantile,0.95,351.0
2026-02-21,wk inc flu hosp,3,2026-03-14,39,quantile,0.975,385.0
2026-02-21,wk inc flu hosp,3,2026-03-14,39,quantile,0.99,640.0
2026-02-21,wk inc flu hosp,3,2026-03-14,40,quantile,0.01,0.0
2026-02-21,wk inc flu hosp,3,2026-03-14,40,quantile,0.025,0.0
2026-02-21,wk inc flu hosp,3,2026-03-14,40,quantile,0.05,0.0
2026-02-21,wk inc flu hosp,3,2026-03-14,40,quantile,0.1,1.0
2026-02-21,wk inc flu hosp,3,2026-03-14,40,quantile,0.15,8.0
2026-02-21,wk inc flu hosp,3,2026-03-14,40,quantile,0.2,18.0
2026-02-21,wk inc flu hosp,3,2026-03-14,40,quantile,0.25,28.0
2026-02-21,wk inc flu hosp,3,2026-03-14,40,quantile,0.3,38.0
2026-02-21,wk inc flu hosp,3,2026-03-14,40,quantile,0.35,49.0
2026-02-21,wk inc flu hosp,3,2026-03-14,40,quantile,0.4,58.0
2026-02-21,wk inc flu hosp,3,2026-03-14,40,quantile,0.45,66.0
2026-02-21,wk inc flu hosp,3,2026-03-14,40,quantile,0.5,74.0
2026-02-21,wk inc flu hosp,3,2026-03-14,40,quantile,0.55,84.0
2026-02-21,wk inc flu hosp,3,2026-03-14,40,quantile,0.6,92.0
2026-02-21,wk inc flu hosp,3,2026-03-14,40,quantile,0.65,98.0
2026-02-21,wk inc flu hosp,3,2026-03-14,40,quantile,0.7,104.0
2026-02-21,wk inc flu hosp,3,2026-03-14,40,quantile,0.75,111.0
2026-02-21,wk inc flu hosp,3,2026-03-14,40,quantile,0.8,117.0
2026-02-21,wk inc flu hosp,3,2026-03-14,40,quantile,0.85,124.0
2026-02-21,wk inc flu hosp,3,2026-03-14,40,quantile,0.9,131.0
2026-02-21,wk inc flu hosp,3,2026-03-14,40,quantile,0.95,144.0
2026-02-21,wk inc flu hosp,3,2026-03-14,40,quantile,0.975,156.0
2026-02-21,wk inc flu hosp,3,2026-03-14,40,quantile,0.99,168.0
2026-02-21,wk inc flu hosp,3,2026-03-14,41,quantile,0.01,36.0
2026-02-21,wk inc flu hosp,3,2026-03-14,41,quantile,0.025,59.0
2026-02-21,wk inc flu hosp,3,2026-03-14,41,quantile,0.05,78.0
2026-02-21,wk inc flu hosp,3,2026-03-14,41,quantile,0.1,96.0
2026-02-21,wk inc flu hosp,3,2026-03-14,41,quantile,0.15,106.0
2026-02-21,wk inc flu hosp,3,2026-03-14,41,quantile,0.2,114.0
2026-02-21,wk inc flu hosp,3,2026-03-14,41,quantile,0.25,120.0
2026-02-21,wk inc flu hosp,3,2026-03-14,41,quantile,0.3,125.0
2026-02-21,wk inc flu hosp,3,2026-03-14,41,quantile,0.35,129.0
2026-02-21,wk inc flu hosp,3,2026-03-14,41,quantile,0.4,133.0
2026-02-21,wk inc flu hosp,3,2026-03-14,41,quantile,0.45,138.0
2026-02-21,wk inc flu hosp,3,2026-03-14,41,quantile,0.5,143.0
2026-02-21,wk inc flu hosp,3,2026-03-14,41,quantile,0.55,149.0
2026-02-21,wk inc flu hosp,3,2026-03-14,41,quantile,0.6,153.0
2026-02-21,wk inc flu hosp,3,2026-03-14,41,quantile,0.65,159.0
2026-02-21,wk inc flu hosp,3,2026-03-14,41,quantile,0.7,163.0
2026-02-21,wk inc flu hosp,3,2026-03-14,41,quantile,0.75,170.0
2026-02-21,wk inc flu hosp,3,2026-03-14,41,quantile,0.8,178.0
2026-02-21,wk inc flu hosp,3,2026-03-14,41,quantile,0.85,184.0
2026-02-21,wk inc flu hosp,3,2026-03-14,41,quantile,0.9,191.0
2026-02-21,wk inc flu hosp,3,2026-03-14,41,quantile,0.95,217.0
2026-02-21,wk inc flu hosp,3,2026-03-14,41,quantile,0.975,240.0
2026-02-21,wk inc flu hosp,3,2026-03-14,41,quantile,0.99,260.0
2026-02-21,wk inc flu hosp,3,2026-03-14,42,quantile,0.01,0.0
2026-02-21,wk inc flu hosp,3,2026-03-14,42,quantile,0.025,0.0
2026-02-21,wk inc flu hosp,3,2026-03-14,42,quantile,0.05,0.0
2026-02-21,wk inc flu hosp,3,2026-03-14,42,quantile,0.1,0.0
2026-02-21,wk inc flu hosp,3,2026-03-14,42,quantile,0.15,23.0
2026-02-21,wk inc flu hosp,3,2026-03-14,42,quantile,0.2,41.0
2026-02-21,wk inc flu hosp,3,2026-03-14,42,quantile,0.25,59.0
2026-02-21,wk inc flu hosp,3,2026-03-14,42,quantile,0.3,82.0
2026-02-21,wk inc flu hosp,3,2026-03-14,42,quantile,0.35,105.0
2026-02-21,wk inc flu hosp,3,2026-03-14,42,quantile,0.4,127.0
2026-02-21,wk inc flu hosp,3,2026-03-14,42,quantile,0.45,154.0
2026-02-21,wk inc flu hosp,3,2026-03-14,42,quantile,0.5,173.0
2026-02-21,wk inc flu hosp,3,2026-03-14,42,quantile,0.55,193.0
2026-02-21,wk inc flu hosp,3,2026-03-14,42,quantile,0.6,211.0
2026-02-21,wk inc flu hosp,3,2026-03-14,42,quantile,0.65,236.0
2026-02-21,wk inc flu hosp,3,2026-03-14,42,quantile,0.7,261.0
2026-02-21,wk inc flu hosp,3,2026-03-14,42,quantile,0.75,289.0
2026-02-21,wk inc flu hosp,3,2026-03-14,42,quantile,0.8,314.0
2026-02-21,wk inc flu hosp,3,2026-03-14,42,quantile,0.85,346.0
2026-02-21,wk inc flu hosp,3,2026-03-14,42,quantile,0.9,391.0
2026-02-21,wk inc flu hosp,3,2026-03-14,42,quantile,0.95,461.0
2026-02-21,wk inc flu hosp,3,2026-03-14,42,quantile,0.975,524.0
2026-02-21,wk inc flu hosp,3,2026-03-14,42,quantile,0.99,590.0
2026-02-21,wk inc flu hosp,3,2026-03-14,44,quantile,0.01,0.0
2026-02-21,wk inc flu hosp,3,2026-03-14,44,quantile,0.025,0.0
2026-02-21,wk inc flu hosp,3,2026-03-14,44,quantile,0.05,0.0
2026-02-21,wk inc flu hosp,3,2026-03-14,44,quantile,0.1,0.0
2026-02-21,wk inc flu hosp,3,2026-03-14,44,quantile,0.15,0.0
2026-02-21,wk inc flu hosp,3,2026-03-14,44,quantile,0.2,0.0
2026-02-21,wk inc flu hosp,3,2026-03-14,44,quantile,0.25,0.0
2026-02-21,wk inc flu hosp,3,2026-03-14,44,quantile,0.3,1.0
2026-02-21,wk inc flu hosp,3,2026-03-14,44,quantile,0.35,1.0
2026-02-21,wk inc flu hosp,3,2026-03-14,44,quantile,0.4,2.0
2026-02-21,wk inc flu hosp,3,2026-03-14,44,quantile,0.45,2.0
2026-02-21,wk inc flu hosp,3,2026-03-14,44,quantile,0.5,2.0
2026-02-21,wk inc flu hosp,3,2026-03-14,44,quantile,0.55,3.0
2026-02-21,wk inc flu hosp,3,2026-03-14,44,quantile,0.6,3.0
2026-02-21,wk inc flu hosp,3,2026-03-14,44,quantile,0.65,4.0
2026-02-21,wk inc flu hosp,3,2026-03-14,44,quantile,0.7,5.0
2026-02-21,wk inc flu hosp,3,2026-03-14,44,quantile,0.75,7.0
2026-02-21,wk inc flu hosp,3,2026-03-14,44,quantile,0.8,8.0
2026-02-21,wk inc flu hosp,3,2026-03-14,44,quantile,0.85,10.0
2026-02-21,wk inc flu hosp,3,2026-03-14,44,quantile,0.9,12.0
2026-02-21,wk inc flu hosp,3,2026-03-14,44,quantile,0.95,16.0
2026-02-21,wk inc flu hosp,3,2026-03-14,44,quantile,0.975,19.0
2026-02-21,wk inc flu hosp,3,2026-03-14,44,quantile,0.99,21.0
2026-02-21,wk inc flu hosp,3,2026-03-14,45,quantile,0.01,0.0
2026-02-21,wk inc flu hosp,3,2026-03-14,45,quantile,0.025,0.0
2026-02-21,wk inc flu hosp,3,2026-03-14,45,quantile,0.05,0.0
2026-02-21,wk inc flu hosp,3,2026-03-14,45,quantile,0.1,11.0
2026-02-21,wk inc flu hosp,3,2026-03-14,45,quantile,0.15,19.0
2026-02-21,wk inc flu hosp,3,2026-03-14,45,quantile,0.2,27.0
2026-02-21,wk inc flu hosp,3,2026-03-14,45,quantile,0.25,38.0
2026-02-21,wk inc flu hosp,3,2026-03-14,45,quantile,0.3,48.0
2026-02-21,wk inc flu hosp,3,2026-03-14,45,quantile,0.35,58.0
2026-02-21,wk inc flu hosp,3,2026-03-14,45,quantile,0.4,68.0
2026-02-21,wk inc flu hosp,3,2026-03-14,45,quantile,0.45,77.0
2026-02-21,wk inc flu hosp,3,2026-03-14,45,quantile,0.5,86.0
2026-02-21,wk inc flu hosp,3,2026-03-14,45,quantile,0.55,95.0
2026-02-21,wk inc flu hosp,3,2026-03-14,45,quantile,0.6,105.0
2026-02-21,wk inc flu hosp,3,2026-03-14,45,quantile,0.65,115.0
2026-02-21,wk inc flu hosp,3,2026-03-14,45,quantile,0.7,126.0
2026-02-21,wk inc flu hosp,3,2026-03-14,45,quantile,0.75,134.0
2026-02-21,wk inc flu hosp,3,2026-03-14,45,quantile,0.8,142.0
2026-02-21,wk inc flu hosp,3,2026-03-14,45,quantile,0.85,155.0
2026-02-21,wk inc flu hosp,3,2026-03-14,45,quantile,0.9,172.0
2026-02-21,wk inc flu hosp,3,2026-03-14,45,quantile,0.95,198.0
2026-02-21,wk inc flu hosp,3,2026-03-14,45,quantile,0.975,214.0
2026-02-21,wk inc flu hosp,3,2026-03-14,45,quantile,0.99,231.0
2026-02-21,wk inc flu hosp,3,2026-03-14,46,quantile,0.01,0.0
2026-02-21,wk inc flu hosp,3,2026-03-14,46,quantile,0.025,1.0
2026-02-21,wk inc flu hosp,3,2026-03-14,46,quantile,0.05,2.0
2026-02-21,wk inc flu hosp,3,2026-03-14,46,quantile,0.1,6.0
2026-02-21,wk inc flu hosp,3,2026-03-14,46,quantile,0.15,9.0
2026-02-21,wk inc flu hosp,3,2026-03-14,46,quantile,0.2,11.0
2026-02-21,wk inc flu hosp,3,2026-03-14,46,quantile,0.25,13.0
2026-02-21,wk inc flu hosp,3,2026-03-14,46,quantile,0.3,14.0
2026-02-21,wk inc flu hosp,3,2026-03-14,46,quantile,0.35,15.0
2026-02-21,wk inc flu hosp,3,2026-03-14,46,quantile,0.4,16.0
2026-02-21,wk inc flu hosp,3,2026-03-14,46,quantile,0.45,17.0
2026-02-21,wk inc flu hosp,3,2026-03-14,46,quantile,0.5,17.0
2026-02-21,wk inc flu hosp,3,2026-03-14,46,quantile,0.55,18.0
2026-02-21,wk inc flu hosp,3,2026-03-14,46,quantile,0.6,19.0
2026-02-21,wk inc flu hosp,3,2026-03-14,46,quantile,0.65,19.0
2026-02-21,wk inc flu hosp,3,2026-03-14,46,quantile,0.7,20.0
2026-02-21,wk inc flu hosp,3,2026-03-14,46,quantile,0.75,21.0
2026-02-21,wk inc flu hosp,3,2026-03-14,46,quantile,0.8,21.0
2026-02-21,wk inc flu hosp,3,2026-03-14,46,quantile,0.85,22.0
2026-02-21,wk inc flu hosp,3,2026-03-14,46,quantile,0.9,23.0
2026-02-21,wk inc flu hosp,3,2026-03-14,46,quantile,0.95,25.0
2026-02-21,wk inc flu hosp,3,2026-03-14,46,quantile,0.975,27.0
2026-02-21,wk inc flu hosp,3,2026-03-14,46,quantile,0.99,29.0
2026-02-21,wk inc flu hosp,3,2026-03-14,47,quantile,0.01,0.0
2026-02-21,wk inc flu hosp,3,2026-03-14,47,quantile,0.025,2.0
2026-02-21,wk inc flu hosp,3,2026-03-14,47,quantile,0.05,10.0
2026-02-21,wk inc flu hosp,3,2026-03-14,47,quantile,0.1,26.0
2026-02-21,wk inc flu hosp,3,2026-03-14,47,quantile,0.15,35.0
2026-02-21,wk inc flu hosp,3,2026-03-14,47,quantile,0.2,52.0
2026-02-21,wk inc flu hosp,3,2026-03-14,47,quantile,0.25,67.0
2026-02-21,wk inc flu hosp,3,2026-03-14,47,quantile,0.3,81.0
2026-02-21,wk inc flu hosp,3,2026-03-14,47,quantile,0.35,93.0
2026-02-21,wk inc flu hosp,3,2026-03-14,47,quantile,0.4,104.0
2026-02-21,wk inc flu hosp,3,2026-03-14,47,quantile,0.45,115.0
2026-02-21,wk inc flu hosp,3,2026-03-14,47,quantile,0.5,125.0
2026-02-21,wk inc flu hosp,3,2026-03-14,47,quantile,0.55,133.0
2026-02-21,wk inc flu hosp,3,2026-03-14,47,quantile,0.6,142.0
2026-02-21,wk inc flu hosp,3,2026-03-14,47,quantile,0.65,153.0
2026-02-21,wk inc flu hosp,3,2026-03-14,47,quantile,0.7,163.0
2026-02-21,wk inc flu hosp,3,2026-03-14,47,quantile,0.75,176.0
2026-02-21,wk inc flu hosp,3,2026-03-14,47,quantile,0.8,191.0
2026-02-21,wk inc flu hosp,3,2026-03-14,47,quantile,0.85,208.0
2026-02-21,wk inc flu hosp,3,2026-03-14,47,quantile,0.9,228.0
2026-02-21,wk inc flu hosp,3,2026-03-14,47,quantile,0.95,251.0
2026-02-21,wk inc flu hosp,3,2026-03-14,47,quantile,0.975,272.0
2026-02-21,wk inc flu hosp,3,2026-03-14,47,quantile,0.99,295.0
2026-02-21,wk inc flu hosp,3,2026-03-14,48,quantile,0.01,0.0
2026-02-21,wk inc flu hosp,3,2026-03-14,48,quantile,0.025,0.0
2026-02-21,wk inc flu hosp,3,2026-03-14,48,quantile,0.05,0.0
2026-02-21,wk inc flu hosp,3,2026-03-14,48,quantile,0.1,37.0
2026-02-21,wk inc flu hosp,3,2026-03-14,48,quantile,0.15,86.0
2026-02-21,wk inc flu hosp,3,2026-03-14,48,quantile,0.2,132.0
2026-02-21,wk inc flu hosp,3,2026-03-14,48,quantile,0.25,201.0
2026-02-21,wk inc flu hosp,3,2026-03-14,48,quantile,0.3,277.0
2026-02-21,wk inc flu hosp,3,2026-03-14,48,quantile,0.35,349.0
2026-02-21,wk inc flu hosp,3,2026-03-14,48,quantile,0.4,410.0
2026-02-21,wk inc flu hosp,3,2026-03-14,48,quantile,0.45,472.0
2026-02-21,wk inc flu hosp,3,2026-03-14,48,quantile,0.5,532.0
2026-02-21,wk inc flu hosp,3,2026-03-14,48,quantile,0.55,593.0
2026-02-21,wk inc flu hosp,3,2026-03-14,48,quantile,0.6,652.0
2026-02-21,wk inc flu hosp,3,2026-03-14,48,quantile,0.65,716.0
2026-02-21,wk inc flu hosp,3,2026-03-14,48,quantile,0.7,775.0
2026-02-21,wk inc flu hosp,3,2026-03-14,48,quantile,0.75,851.0
2026-02-21,wk inc flu hosp,3,2026-03-14,48,quantile,0.8,933.0
2026-02-21,wk inc flu hosp,3,2026-03-14,48,quantile,0.85,1016.0
2026-02-21,wk inc flu hosp,3,2026-03-14,48,quantile,0.9,1124.0
2026-02-21,wk inc flu hosp,3,2026-03-14,48,quantile,0.95,1306.0
2026-02-21,wk inc flu hosp,3,2026-03-14,48,quantile,0.975,1489.0
2026-02-21,wk inc flu hosp,3,2026-03-14,48,quantile,0.99,1649.0
2026-02-21,wk inc flu hosp,3,2026-03-14,49,quantile,0.01,0.0
2026-02-21,wk inc flu hosp,3,2026-03-14,49,quantile,0.025,0.0
2026-02-21,wk inc flu hosp,3,2026-03-14,49,quantile,0.05,4.0
2026-02-21,wk inc flu hosp,3,2026-03-14,49,quantile,0.1,13.0
2026-02-21,wk inc flu hosp,3,2026-03-14,49,quantile,0.15,22.0
2026-02-21,wk inc flu hosp,3,2026-03-14,49,quantile,0.2,28.0
2026-02-21,wk inc flu hosp,3,2026-03-14,49,quantile,0.25,34.0
2026-02-21,wk inc flu hosp,3,2026-03-14,49,quantile,0.3,40.0
2026-02-21,wk inc flu hosp,3,2026-03-14,49,quantile,0.35,45.0
2026-02-21,wk inc flu hosp,3,2026-03-14,49,quantile,0.4,49.0
2026-02-21,wk inc flu hosp,3,2026-03-14,49,quantile,0.45,54.0
2026-02-21,wk inc flu hosp,3,2026-03-14,49,quantile,0.5,58.0
2026-02-21,wk inc flu hosp,3,2026-03-14,49,quantile,0.55,62.0
2026-02-21,wk inc flu hosp,3,2026-03-14,49,quantile,0.6,67.0
2026-02-21,wk inc flu hosp,3,2026-03-14,49,quantile,0.65,73.0
2026-02-21,wk inc flu hosp,3,2026-03-14,49,quantile,0.7,78.0
2026-02-21,wk inc flu hosp,3,2026-03-14,49,quantile,0.75,83.0
2026-02-21,wk inc flu hosp,3,2026-03-14,49,quantile,0.8,88.0
2026-02-21,wk inc flu hosp,3,2026-03-14,49,quantile,0.85,96.0
2026-02-21,wk inc flu hosp,3,2026-03-14,49,quantile,0.9,106.0
2026-02-21,wk inc flu hosp,3,2026-03-14,49,quantile,0.95,118.0
2026-02-21,wk inc flu hosp,3,2026-03-14,49,quantile,0.975,129.0
2026-02-21,wk inc flu hosp,3,2026-03-14,49,quantile,0.99,142.0
2026-02-21,wk inc flu hosp,3,2026-03-14,50,quantile,0.01,0.0
2026-02-21,wk inc flu hosp,3,2026-03-14,50,quantile,0.025,0.0
2026-02-21,wk inc flu hosp,3,2026-03-14,50,quantile,0.05,0.0
2026-02-21,wk inc flu hosp,3,2026-03-14,50,quantile,0.1,0.0
2026-02-21,wk inc flu hosp,3,2026-03-14,50,quantile,0.15,2.0
2026-02-21,wk inc flu hosp,3,2026-03-14,50,quantile,0.2,3.0
2026-02-21,wk inc flu hosp,3,2026-03-14,50,quantile,0.25,4.0
2026-02-21,wk inc flu hosp,3,2026-03-14,50,quantile,0.3,5.0
2026-02-21,wk inc flu hosp,3,2026-03-14,50,quantile,0.35,6.0
2026-02-21,wk inc flu hosp,3,2026-03-14,50,quantile,0.4,7.0
2026-02-21,wk inc flu hosp,3,2026-03-14,50,quantile,0.45,7.0
2026-02-21,wk inc flu hosp,3,2026-03-14,50,quantile,0.5,8.0
2026-02-21,wk inc flu hosp,3,2026-03-14,50,quantile,0.55,9.0
2026-02-21,wk inc flu hosp,3,2026-03-14,50,quantile,0.6,10.0
2026-02-21,wk inc flu hosp,3,2026-03-14,50,quantile,0.65,11.0
2026-02-21,wk inc flu hosp,3,2026-03-14,50,quantile,0.7,11.0
2026-02-21,wk inc flu hosp,3,2026-03-14,50,quantile,0.75,12.0
2026-02-21,wk inc flu hosp,3,2026-03-14,50,quantile,0.8,13.0
2026-02-21,wk inc flu hosp,3,2026-03-14,50,quantile,0.85,14.0
2026-02-21,wk inc flu hosp,3,2026-03-14,50,quantile,0.9,16.0
2026-02-21,wk inc flu hosp,3,2026-03-14,50,quantile,0.95,18.0
2026-02-21,wk inc flu hosp,3,2026-03-14,50,quantile,0.975,20.0
2026-02-21,wk inc flu hosp,3,2026-03-14,50,quantile,0.99,23.0
2026-02-21,wk inc flu hosp,3,2026-03-14,51,quantile,0.01,0.0
2026-02-21,wk inc flu hosp,3,2026-03-14,51,quantile,0.025,0.0
2026-02-21,wk inc flu hosp,3,2026-03-14,51,quantile,0.05,0.0
2026-02-21,wk inc flu hosp,3,2026-03-14,51,quantile,0.1,0.0
2026-02-21,wk inc flu hosp,3,2026-03-14,51,quantile,0.15,0.0
2026-02-21,wk inc flu hosp,3,2026-03-14,51,quantile,0.2,15.0
2026-02-21,wk inc flu hosp,3,2026-03-14,51,quantile,0.25,26.0
2026-02-21,wk inc flu hosp,3,2026-03-14,51,quantile,0.3,38.0
2026-02-21,wk inc flu hosp,3,2026-03-14,51,quantile,0.35,47.0
2026-02-21,wk inc flu hosp,3,2026-03-14,51,quantile,0.4,49.0
2026-02-21,wk inc flu hosp,3,2026-03-14,51,quantile,0.45,52.0
2026-02-21,wk inc flu hosp,3,2026-03-14,51,quantile,0.5,70.0
2026-02-21,wk inc flu hosp,3,2026-03-14,51,quantile,0.55,85.0
2026-02-21,wk inc flu hosp,3,2026-03-14,51,quantile,0.6,99.0
2026-02-21,wk inc flu hosp,3,2026-03-14,51,quantile,0.65,112.0
2026-02-21,wk inc flu hosp,3,2026-03-14,51,quantile,0.7,128.0
2026-02-21,wk inc flu hosp,3,2026-03-14,51,quantile,0.75,148.0
2026-02-21,wk inc flu hosp,3,2026-03-14,51,quantile,0.8,169.0
2026-02-21,wk inc flu hosp,3,2026-03-14,51,quantile,0.85,193.0
2026-02-21,wk inc flu hosp,3,2026-03-14,51,quantile,0.9,222.0
2026-02-21,wk inc flu hosp,3,2026-03-14,51,quantile,0.95,283.0
2026-02-21,wk inc flu hosp,3,2026-03-14,51,quantile,0.975,428.0
2026-02-21,wk inc flu hosp,3,2026-03-14,51,quantile,0.99,536.0
2026-02-21,wk inc flu hosp,3,2026-03-14,53,quantile,0.01,26.0
2026-02-21,wk inc flu hosp,3,2026-03-14,53,quantile,0.025,31.0
2026-02-21,wk inc flu hosp,3,2026-03-14,53,quantile,0.05,43.0
2026-02-21,wk inc flu hosp,3,2026-03-14,53,quantile,0.1,70.0
2026-02-21,wk inc flu hosp,3,2026-03-14,53,quantile,0.15,100.0
2026-02-21,wk inc flu hosp,3,2026-03-14,53,quantile,0.2,116.0
2026-02-21,wk inc flu hosp,3,2026-03-14,53,quantile,0.25,129.0
2026-02-21,wk inc flu hosp,3,2026-03-14,53,quantile,0.3,143.0
2026-02-21,wk inc flu hosp,3,2026-03-14,53,quantile,0.35,154.0
2026-02-21,wk inc flu hosp,3,2026-03-14,53,quantile,0.4,163.0
2026-02-21,wk inc flu hosp,3,2026-03-14,53,quantile,0.45,175.0
2026-02-21,wk inc flu hosp,3,2026-03-14,53,quantile,0.5,187.0
2026-02-21,wk inc flu hosp,3,2026-03-14,53,quantile,0.55,201.0
2026-02-21,wk inc flu hosp,3,2026-03-14,53,quantile,0.6,213.0
2026-02-21,wk inc flu hosp,3,2026-03-14,53,quantile,0.65,224.0
2026-02-21,wk inc flu hosp,3,2026-03-14,53,quantile,0.7,235.0
2026-02-21,wk inc flu hosp,3,2026-03-14,53,quantile,0.75,249.0
2026-02-21,wk inc flu hosp,3,2026-03-14,53,quantile,0.8,262.0
2026-02-21,wk inc flu hosp,3,2026-03-14,53,quantile,0.85,275.0
2026-02-21,wk inc flu hosp,3,2026-03-14,53,quantile,0.9,293.0
2026-02-21,wk inc flu hosp,3,2026-03-14,53,quantile,0.95,324.0
2026-02-21,wk inc flu hosp,3,2026-03-14,53,quantile,0.975,347.0
2026-02-21,wk inc flu hosp,3,2026-03-14,53,quantile,0.99,379.0
2026-02-21,wk inc flu hosp,3,2026-03-14,54,quantile,0.01,0.0
2026-02-21,wk inc flu hosp,3,2026-03-14,54,quantile,0.025,0.0
2026-02-21,wk inc flu hosp,3,2026-03-14,54,quantile,0.05,0.0
2026-02-21,wk inc flu hosp,3,2026-03-14,54,quantile,0.1,0.0
2026-02-21,wk inc flu hosp,3,2026-03-14,54,quantile,0.15,1.0
2026-02-21,wk inc flu hosp,3,2026-03-14,54,quantile,0.2,3.0
2026-02-21,wk inc flu hosp,3,2026-03-14,54,quantile,0.25,6.0
2026-02-21,wk inc flu hosp,3,2026-03-14,54,quantile,0.3,9.0
2026-02-21,wk inc flu hosp,3,2026-03-14,54,quantile,0.35,10.0
2026-02-21,wk inc flu hosp,3,2026-03-14,54,quantile,0.4,13.0
2026-02-21,wk inc flu hosp,3,2026-03-14,54,quantile,0.45,18.0
2026-02-21,wk inc flu hosp,3,2026-03-14,54,quantile,0.5,22.0
2026-02-21,wk inc flu hosp,3,2026-03-14,54,quantile,0.55,24.0
2026-02-21,wk inc flu hosp,3,2026-03-14,54,quantile,0.6,25.0
2026-02-21,wk inc flu hosp,3,2026-03-14,54,quantile,0.65,27.0
2026-02-21,wk inc flu hosp,3,2026-03-14,54,quantile,0.7,29.0
2026-02-21,wk inc flu hosp,3,2026-03-14,54,quantile,0.75,31.0
2026-02-21,wk inc flu hosp,3,2026-03-14,54,quantile,0.8,33.0
2026-02-21,wk inc flu hosp,3,2026-03-14,54,quantile,0.85,35.0
2026-02-21,wk inc flu hosp,3,2026-03-14,54,quantile,0.9,38.0
2026-02-21,wk inc flu hosp,3,2026-03-14,54,quantile,0.95,42.0
2026-02-21,wk inc flu hosp,3,2026-03-14,54,quantile,0.975,46.0
2026-02-21,wk inc flu hosp,3,2026-03-14,54,quantile,0.99,57.0
2026-02-21,wk inc flu hosp,3,2026-03-14,55,quantile,0.01,0.0
2026-02-21,wk inc flu hosp,3,2026-03-14,55,quantile,0.025,10.0
2026-02-21,wk inc flu hosp,3,2026-03-14,55,quantile,0.05,25.0
2026-02-21,wk inc flu hosp,3,2026-03-14,55,quantile,0.1,44.0
2026-02-21,wk inc flu hosp,3,2026-03-14,55,quantile,0.15,48.0
2026-02-21,wk inc flu hosp,3,2026-03-14,55,quantile,0.2,57.0
2026-02-21,wk inc flu hosp,3,2026-03-14,55,quantile,0.25,67.0
2026-02-21,wk inc flu hosp,3,2026-03-14,55,quantile,0.3,75.0
2026-02-21,wk inc flu hosp,3,2026-03-14,55,quantile,0.35,83.0
2026-02-21,wk inc flu hosp,3,2026-03-14,55,quantile,0.4,90.0
2026-02-21,wk inc flu hosp,3,2026-03-14,55,quantile,0.45,100.0
2026-02-21,wk inc flu hosp,3,2026-03-14,55,quantile,0.5,107.0
2026-02-21,wk inc flu hosp,3,2026-03-14,55,quantile,0.55,116.0
2026-02-21,wk inc flu hosp,3,2026-03-14,55,quantile,0.6,124.0
2026-02-21,wk inc flu hosp,3,2026-03-14,55,quantile,0.65,133.0
2026-02-21,wk inc flu hosp,3,2026-03-14,55,quantile,0.7,143.0
2026-02-21,wk inc flu hosp,3,2026-03-14,55,quantile,0.75,153.0
2026-02-21,wk inc flu hosp,3,2026-03-14,55,quantile,0.8,163.0
2026-02-21,wk inc flu hosp,3,2026-03-14,55,quantile,0.85,176.0
2026-02-21,wk inc flu hosp,3,2026-03-14,55,quantile,0.9,193.0
2026-02-21,wk inc flu hosp,3,2026-03-14,55,quantile,0.95,216.0
2026-02-21,wk inc flu hosp,3,2026-03-14,55,quantile,0.975,238.0
2026-02-21,wk inc flu hosp,3,2026-03-14,55,quantile,0.99,259.0
2026-02-21,wk inc flu hosp,3,2026-03-14,56,quantile,0.01,0.0
2026-02-21,wk inc flu hosp,3,2026-03-14,56,quantile,0.025,0.0
2026-02-21,wk inc flu hosp,3,2026-03-14,56,quantile,0.05,0.0
2026-02-21,wk inc flu hosp,3,2026-03-14,56,quantile,0.1,0.0
2026-02-21,wk inc flu hosp,3,2026-03-14,56,quantile,0.15,0.0
2026-02-21,wk inc flu hosp,3,2026-03-14,56,quantile,0.2,0.0
2026-02-21,wk inc flu hosp,3,2026-03-14,56,quantile,0.25,1.0
2026-02-21,wk inc flu hosp,3,2026-03-14,56,quantile,0.3,1.0
2026-02-21,wk inc flu hosp,3,2026-03-14,56,quantile,0.35,2.0
2026-02-21,wk inc flu hosp,3,2026-03-14,56,quantile,0.4,2.0
2026-02-21,wk inc flu hosp,3,2026-03-14,56,quantile,0.45,3.0
2026-02-21,wk inc flu hosp,3,2026-03-14,56,quantile,0.5,4.0
2026-02-21,wk inc flu hosp,3,2026-03-14,56,quantile,0.55,4.0
2026-02-21,wk inc flu hosp,3,2026-03-14,56,quantile,0.6,5.0
2026-02-21,wk inc flu hosp,3,2026-03-14,56,quantile,0.65,5.0
2026-02-21,wk inc flu hosp,3,2026-03-14,56,quantile,0.7,6.0
2026-02-21,wk inc flu hosp,3,2026-03-14,56,quantile,0.75,6.0
2026-02-21,wk inc flu hosp,3,2026-03-14,56,quantile,0.8,7.0
2026-02-21,wk inc flu hosp,3,2026-03-14,56,quantile,0.85,7.0
2026-02-21,wk inc flu hosp,3,2026-03-14,56,quantile,0.9,8.0
2026-02-21,wk inc flu hosp,3,2026-03-14,56,quantile,0.95,9.0
2026-02-21,wk inc flu hosp,3,2026-03-14,56,quantile,0.975,10.0
2026-02-21,wk inc flu hosp,3,2026-03-14,56,quantile,0.99,11.0
2026-02-21,wk inc flu hosp,3,2026-03-14,US,quantile,0.01,16.0
2026-02-21,wk inc flu hosp,3,2026-03-14,US,quantile,0.025,498.0
2026-02-21,wk inc flu hosp,3,2026-03-14,US,quantile,0.05,1400.0
2026-02-21,wk inc flu hosp,3,2026-03-14,US,quantile,0.1,2728.0
2026-02-21,wk inc flu hosp,3,2026-03-14,US,quantile,0.15,3538.0
2026-02-21,wk inc flu hosp,3,2026-03-14,US,quantile,0.2,4242.0
2026-02-21,wk inc flu hosp,3,2026-03-14,US,quantile,0.25,4824.0
2026-02-21,wk inc flu hosp,3,2026-03-14,US,quantile,0.3,5399.0
2026-02-21,wk inc flu hosp,3,2026-03-14,US,quantile,0.35,5951.0
2026-02-21,wk inc flu hosp,3,2026-03-14,US,quantile,0.4,6418.0
2026-02-21,wk inc flu hosp,3,2026-03-14,US,quantile,0.45,6852.0
2026-02-21,wk inc flu hosp,3,2026-03-14,US,quantile,0.5,7338.0
2026-02-21,wk inc flu hosp,3,2026-03-14,US,quantile,0.55,7671.0
2026-02-21,wk inc flu hosp,3,2026-03-14,US,quantile,0.6,7929.0
2026-02-21,wk inc flu hosp,3,2026-03-14,US,quantile,0.65,8240.0
2026-02-21,wk inc flu hosp,3,2026-03-14,US,quantile,0.7,8528.0
2026-02-21,wk inc flu hosp,3,2026-03-14,US,quantile,0.75,8863.0
2026-02-21,wk inc flu hosp,3,2026-03-14,US,quantile,0.8,9182.0
2026-02-21,wk inc flu hosp,3,2026-03-14,US,quantile,0.85,9498.0
2026-02-21,wk inc flu hosp,3,2026-03-14,US,quantile,0.9,9942.0
2026-02-21,wk inc flu hosp,3,2026-03-14,US,quantile,0.95,10581.0
2026-02-21,wk inc flu hosp,3,2026-03-14,US,quantile,0.975,11213.0
2026-02-21,wk inc flu hosp,3,2026-03-14,US,quantile,0.99,12017.0
