reference_date,target,horizon,target_end_date,location,output_type,output_type_id,value
2026-01-10,wk flu hosp rate change,0,2026-01-10,01,pmf,decrease,0.198
2026-01-10,wk flu hosp rate change,0,2026-01-10,01,pmf,increase,0.33
2026-01-10,wk flu hosp rate change,0,2026-01-10,01,pmf,large_decrease,0.028
2026-01-10,wk flu hosp rate change,0,2026-01-10,01,pmf,large_increase,0.318
2026-01-10,wk flu hosp rate change,0,2026-01-10,01,pmf,stable,0.126
2026-01-10,wk flu hosp rate change,0,2026-01-10,02,pmf,decrease,0.345
2026-01-10,wk flu hosp rate change,0,2026-01-10,02,pmf,increase,0.323
2026-01-10,wk flu hosp rate change,0,2026-01-10,02,pmf,large_decrease,0.063
2026-01-10,wk flu hosp rate change,0,2026-01-10,02,pmf,large_increase,0.065
2026-01-10,wk flu hosp rate change,0,2026-01-10,02,pmf,stable,0.20400000000000013
2026-01-10,wk flu hosp rate change,0,2026-01-10,04,pmf,decrease,0.318
2026-01-10,wk flu hosp rate change,0,2026-01-10,04,pmf,increase,0.377
2026-01-10,wk flu hosp rate change,0,2026-01-10,04,pmf,large_decrease,0.002
2026-01-10,wk flu hosp rate change,0,2026-01-10,04,pmf,large_increase,0.141
2026-01-10,wk flu hosp rate change,0,2026-01-10,04,pmf,stable,0.162
2026-01-10,wk flu hosp rate change,0,2026-01-10,05,pmf,decrease,0.205
2026-01-10,wk flu hosp rate change,0,2026-01-10,05,pmf,increase,0.431
2026-01-10,wk flu hosp rate change,0,2026-01-10,05,pmf,large_decrease,0.007
2026-01-10,wk flu hosp rate change,0,2026-01-10,05,pmf,large_increase,0.196
2026-01-10,wk flu hosp rate change,0,2026-01-10,05,pmf,stable,0.161
2026-01-10,wk flu hosp rate change,0,2026-01-10,06,pmf,decrease,0.212
2026-01-10,wk flu hosp rate change,0,2026-01-10,06,pmf,increase,0.414
2026-01-10,wk flu hosp rate change,0,2026-01-10,06,pmf,large_decrease,0.002
2026-01-10,wk flu hosp rate change,0,2026-01-10,06,pmf,large_increase,0.087
2026-01-10,wk flu hosp rate change,0,2026-01-10,06,pmf,stable,0.285
2026-01-10,wk flu hosp rate change,0,2026-01-10,08,pmf,decrease,0.385
2026-01-10,wk flu hosp rate change,0,2026-01-10,08,pmf,increase,0.207
2026-01-10,wk flu hosp rate change,0,2026-01-10,08,pmf,large_decrease,0.081
2026-01-10,wk flu hosp rate change,0,2026-01-10,08,pmf,large_increase,0.052
2026-01-10,wk flu hosp rate change,0,2026-01-10,08,pmf,stable,0.275
2026-01-10,wk flu hosp rate change,0,2026-01-10,09,pmf,decrease,0.188
2026-01-10,wk flu hosp rate change,0,2026-01-10,09,pmf,increase,0.435
2026-01-10,wk flu hosp rate change,0,2026-01-10,09,pmf,large_decrease,0.05
2026-01-10,wk flu hosp rate change,0,2026-01-10,09,pmf,large_increase,0.088
2026-01-10,wk flu hosp rate change,0,2026-01-10,09,pmf,stable,0.239
2026-01-10,wk flu hosp rate change,0,2026-01-10,10,pmf,decrease,0.243
2026-01-10,wk flu hosp rate change,0,2026-01-10,10,pmf,increase,0.379
2026-01-10,wk flu hosp rate change,0,2026-01-10,10,pmf,large_decrease,0.034
2026-01-10,wk flu hosp rate change,0,2026-01-10,10,pmf,large_increase,0.21
2026-01-10,wk flu hosp rate change,0,2026-01-10,10,pmf,stable,0.134
2026-01-10,wk flu hosp rate change,0,2026-01-10,11,pmf,decrease,0.435
2026-01-10,wk flu hosp rate change,0,2026-01-10,11,pmf,increase,0.204
2026-01-10,wk flu hosp rate change,0,2026-01-10,11,pmf,large_decrease,0.075
2026-01-10,wk flu hosp rate change,0,2026-01-10,11,pmf,large_increase,0.057
2026-01-10,wk flu hosp rate change,0,2026-01-10,11,pmf,stable,0.229
2026-01-10,wk flu hosp rate change,0,2026-01-10,12,pmf,decrease,0.276
2026-01-10,wk flu hosp rate change,0,2026-01-10,12,pmf,increase,0.384
2026-01-10,wk flu hosp rate change,0,2026-01-10,12,pmf,large_decrease,0.061
2026-01-10,wk flu hosp rate change,0,2026-01-10,12,pmf,large_increase,0.079
2026-01-10,wk flu hosp rate change,0,2026-01-10,12,pmf,stable,0.1999999999999999
2026-01-10,wk flu hosp rate change,0,2026-01-10,13,pmf,decrease,0.279
2026-01-10,wk flu hosp rate change,0,2026-01-10,13,pmf,increase,0.393
2026-01-10,wk flu hosp rate change,0,2026-01-10,13,pmf,large_decrease,0.023
2026-01-10,wk flu hosp rate change,0,2026-01-10,13,pmf,large_increase,0.107
2026-01-10,wk flu hosp rate change,0,2026-01-10,13,pmf,stable,0.1979999999999999
2026-01-10,wk flu hosp rate change,0,2026-01-10,15,pmf,decrease,0.21778221778221782
2026-01-10,wk flu hosp rate change,0,2026-01-10,15,pmf,increase,0.24675324675324678
2026-01-10,wk flu hosp rate change,0,2026-01-10,15,pmf,large_decrease,0.19280719280719283
2026-01-10,wk flu hosp rate change,0,2026-01-10,15,pmf,large_increase,0.2307692307692308
2026-01-10,wk flu hosp rate change,0,2026-01-10,15,pmf,stable,0.1118881118881119
2026-01-10,wk flu hosp rate change,0,2026-01-10,16,pmf,decrease,0.38
2026-01-10,wk flu hosp rate change,0,2026-01-10,16,pmf,increase,0.239
2026-01-10,wk flu hosp rate change,0,2026-01-10,16,pmf,large_decrease,0.036
2026-01-10,wk flu hosp rate change,0,2026-01-10,16,pmf,large_increase,0.142
2026-01-10,wk flu hosp rate change,0,2026-01-10,16,pmf,stable,0.203
2026-01-10,wk flu hosp rate change,0,2026-01-10,17,pmf,decrease,0.275
2026-01-10,wk flu hosp rate change,0,2026-01-10,17,pmf,increase,0.364
2026-01-10,wk flu hosp rate change,0,2026-01-10,17,pmf,large_decrease,0.021
2026-01-10,wk flu hosp rate change,0,2026-01-10,17,pmf,large_increase,0.185
2026-01-10,wk flu hosp rate change,0,2026-01-10,17,pmf,stable,0.155
2026-01-10,wk flu hosp rate change,0,2026-01-10,18,pmf,decrease,0.3016983016983017
2026-01-10,wk flu hosp rate change,0,2026-01-10,18,pmf,increase,0.3736263736263737
2026-01-10,wk flu hosp rate change,0,2026-01-10,18,pmf,large_decrease,0.029970029970029972
2026-01-10,wk flu hosp rate change,0,2026-01-10,18,pmf,large_increase,0.1188811188811189
2026-01-10,wk flu hosp rate change,0,2026-01-10,18,pmf,stable,0.17582417582417584
2026-01-10,wk flu hosp rate change,0,2026-01-10,19,pmf,decrease,0.093
2026-01-10,wk flu hosp rate change,0,2026-01-10,19,pmf,increase,0.457
2026-01-10,wk flu hosp rate change,0,2026-01-10,19,pmf,large_decrease,0.047
2026-01-10,wk flu hosp rate change,0,2026-01-10,19,pmf,large_increase,0.338
2026-01-10,wk flu hosp rate change,0,2026-01-10,19,pmf,stable,0.06499999999999989
2026-01-10,wk flu hosp rate change,0,2026-01-10,20,pmf,decrease,0.254
2026-01-10,wk flu hosp rate change,0,2026-01-10,20,pmf,increase,0.446
2026-01-10,wk flu hosp rate change,0,2026-01-10,20,pmf,large_decrease,0.014
2026-01-10,wk flu hosp rate change,0,2026-01-10,20,pmf,large_increase,0.125
2026-01-10,wk flu hosp rate change,0,2026-01-10,20,pmf,stable,0.161
2026-01-10,wk flu hosp rate change,0,2026-01-10,21,pmf,decrease,0.201
2026-01-10,wk flu hosp rate change,0,2026-01-10,21,pmf,increase,0.382
2026-01-10,wk flu hosp rate change,0,2026-01-10,21,pmf,large_decrease,0.019
2026-01-10,wk flu hosp rate change,0,2026-01-10,21,pmf,large_increase,0.236
2026-01-10,wk flu hosp rate change,0,2026-01-10,21,pmf,stable,0.162
2026-01-10,wk flu hosp rate change,0,2026-01-10,22,pmf,decrease,0.383
2026-01-10,wk flu hosp rate change,0,2026-01-10,22,pmf,increase,0.238
2026-01-10,wk flu hosp rate change,0,2026-01-10,22,pmf,large_decrease,0.092
2026-01-10,wk flu hosp rate change,0,2026-01-10,22,pmf,large_increase,0.121
2026-01-10,wk flu hosp rate change,0,2026-01-10,22,pmf,stable,0.166
2026-01-10,wk flu hosp rate change,0,2026-01-10,23,pmf,decrease,0.131
2026-01-10,wk flu hosp rate change,0,2026-01-10,23,pmf,increase,0.596
2026-01-10,wk flu hosp rate change,0,2026-01-10,23,pmf,large_decrease,0.06
2026-01-10,wk flu hosp rate change,0,2026-01-10,23,pmf,large_increase,0.056
2026-01-10,wk flu hosp rate change,0,2026-01-10,23,pmf,stable,0.157
2026-01-10,wk flu hosp rate change,0,2026-01-10,24,pmf,decrease,0.19580419580419584
2026-01-10,wk flu hosp rate change,0,2026-01-10,24,pmf,increase,0.3496503496503497
2026-01-10,wk flu hosp rate change,0,2026-01-10,24,pmf,large_decrease,0.06493506493506494
2026-01-10,wk flu hosp rate change,0,2026-01-10,24,pmf,large_increase,0.25074925074925075
2026-01-10,wk flu hosp rate change,0,2026-01-10,24,pmf,stable,0.13886113886113888
2026-01-10,wk flu hosp rate change,0,2026-01-10,25,pmf,decrease,0.15584415584415587
2026-01-10,wk flu hosp rate change,0,2026-01-10,25,pmf,increase,0.4785214785214786
2026-01-10,wk flu hosp rate change,0,2026-01-10,25,pmf,large_decrease,0.04995004995004996
2026-01-10,wk flu hosp rate change,0,2026-01-10,25,pmf,large_increase,0.08091908091908093
2026-01-10,wk flu hosp rate change,0,2026-01-10,25,pmf,stable,0.23476523476523478
2026-01-10,wk flu hosp rate change,0,2026-01-10,26,pmf,decrease,0.307
2026-01-10,wk flu hosp rate change,0,2026-01-10,26,pmf,increase,0.378
2026-01-10,wk flu hosp rate change,0,2026-01-10,26,pmf,large_decrease,0.04
2026-01-10,wk flu hosp rate change,0,2026-01-10,26,pmf,large_increase,0.082
2026-01-10,wk flu hosp rate change,0,2026-01-10,26,pmf,stable,0.193
2026-01-10,wk flu hosp rate change,0,2026-01-10,27,pmf,decrease,0.253
2026-01-10,wk flu hosp rate change,0,2026-01-10,27,pmf,increase,0.272
2026-01-10,wk flu hosp rate change,0,2026-01-10,27,pmf,large_decrease,0.067
2026-01-10,wk flu hosp rate change,0,2026-01-10,27,pmf,large_increase,0.253
2026-01-10,wk flu hosp rate change,0,2026-01-10,27,pmf,stable,0.155
2026-01-10,wk flu hosp rate change,0,2026-01-10,28,pmf,decrease,0.2957042957042957
2026-01-10,wk flu hosp rate change,0,2026-01-10,28,pmf,increase,0.4005994005994006
2026-01-10,wk flu hosp rate change,0,2026-01-10,28,pmf,large_decrease,0.03396603396603397
2026-01-10,wk flu hosp rate change,0,2026-01-10,28,pmf,large_increase,0.10689310689310688
2026-01-10,wk flu hosp rate change,0,2026-01-10,28,pmf,stable,0.16283716283716282
2026-01-10,wk flu hosp rate change,0,2026-01-10,30,pmf,decrease,0.32667332667332666
2026-01-10,wk flu hosp rate change,0,2026-01-10,30,pmf,increase,0.29770229770229767
2026-01-10,wk flu hosp rate change,0,2026-01-10,30,pmf,large_decrease,0.02697302697302697
2026-01-10,wk flu hosp rate change,0,2026-01-10,30,pmf,large_increase,0.16183816183816183
2026-01-10,wk flu hosp rate change,0,2026-01-10,30,pmf,stable,0.1868131868131868
2026-01-10,wk flu hosp rate change,0,2026-01-10,31,pmf,decrease,0.178
2026-01-10,wk flu hosp rate change,0,2026-01-10,31,pmf,increase,0.512
2026-01-10,wk flu hosp rate change,0,2026-01-10,31,pmf,large_decrease,0.017
2026-01-10,wk flu hosp rate change,0,2026-01-10,31,pmf,large_increase,0.043
2026-01-10,wk flu hosp rate change,0,2026-01-10,31,pmf,stable,0.25
2026-01-10,wk flu hosp rate change,0,2026-01-10,32,pmf,decrease,0.359
2026-01-10,wk flu hosp rate change,0,2026-01-10,32,pmf,increase,0.367
2026-01-10,wk flu hosp rate change,0,2026-01-10,32,pmf,large_decrease,0.002
2026-01-10,wk flu hosp rate change,0,2026-01-10,32,pmf,large_increase,0.031
2026-01-10,wk flu hosp rate change,0,2026-01-10,32,pmf,stable,0.241
2026-01-10,wk flu hosp rate change,0,2026-01-10,33,pmf,decrease,0.293
2026-01-10,wk flu hosp rate change,0,2026-01-10,33,pmf,increase,0.368
2026-01-10,wk flu hosp rate change,0,2026-01-10,33,pmf,large_decrease,0.041
2026-01-10,wk flu hosp rate change,0,2026-01-10,33,pmf,large_increase,0.086
2026-01-10,wk flu hosp rate change,0,2026-01-10,33,pmf,stable,0.212
2026-01-10,wk flu hosp rate change,0,2026-01-10,34,pmf,decrease,0.194
2026-01-10,wk flu hosp rate change,0,2026-01-10,34,pmf,increase,0.399
2026-01-10,wk flu hosp rate change,0,2026-01-10,34,pmf,large_decrease,0.059
2026-01-10,wk flu hosp rate change,0,2026-01-10,34,pmf,large_increase,0.142
2026-01-10,wk flu hosp rate change,0,2026-01-10,34,pmf,stable,0.2060000000000001
2026-01-10,wk flu hosp rate change,0,2026-01-10,35,pmf,decrease,0.3796203796203796
2026-01-10,wk flu hosp rate change,0,2026-01-10,35,pmf,increase,0.22977022977022976
2026-01-10,wk flu hosp rate change,0,2026-01-10,35,pmf,large_decrease,0.030969030969030965
2026-01-10,wk flu hosp rate change,0,2026-01-10,35,pmf,large_increase,0.1678321678321678
2026-01-10,wk flu hosp rate change,0,2026-01-10,35,pmf,stable,0.19180819180819178
2026-01-10,wk flu hosp rate change,0,2026-01-10,36,pmf,decrease,0.581
2026-01-10,wk flu hosp rate change,0,2026-01-10,36,pmf,increase,0.176
2026-01-10,wk flu hosp rate change,0,2026-01-10,36,pmf,large_decrease,0.085
2026-01-10,wk flu hosp rate change,0,2026-01-10,36,pmf,large_increase,0.083
2026-01-10,wk flu hosp rate change,0,2026-01-10,36,pmf,stable,0.07500000000000022
2026-01-10,wk flu hosp rate change,0,2026-01-10,37,pmf,decrease,0.269
2026-01-10,wk flu hosp rate change,0,2026-01-10,37,pmf,increase,0.282
2026-01-10,wk flu hosp rate change,0,2026-01-10,37,pmf,large_decrease,0.09
2026-01-10,wk flu hosp rate change,0,2026-01-10,37,pmf,large_increase,0.239
2026-01-10,wk flu hosp rate change,0,2026-01-10,37,pmf,stable,0.1200000000000001
2026-01-10,wk flu hosp rate change,0,2026-01-10,38,pmf,decrease,0.357
2026-01-10,wk flu hosp rate change,0,2026-01-10,38,pmf,increase,0.275
2026-01-10,wk flu hosp rate change,0,2026-01-10,38,pmf,large_decrease,0.063
2026-01-10,wk flu hosp rate change,0,2026-01-10,38,pmf,large_increase,0.113
2026-01-10,wk flu hosp rate change,0,2026-01-10,38,pmf,stable,0.192
2026-01-10,wk flu hosp rate change,0,2026-01-10,39,pmf,decrease,0.324
2026-01-10,wk flu hosp rate change,0,2026-01-10,39,pmf,increase,0.365
2026-01-10,wk flu hosp rate change,0,2026-01-10,39,pmf,large_decrease,0.023
2026-01-10,wk flu hosp rate change,0,2026-01-10,39,pmf,large_increase,0.048
2026-01-10,wk flu hosp rate change,0,2026-01-10,39,pmf,stable,0.23999999999999988
2026-01-10,wk flu hosp rate change,0,2026-01-10,40,pmf,decrease,0.134
2026-01-10,wk flu hosp rate change,0,2026-01-10,40,pmf,increase,0.461
2026-01-10,wk flu hosp rate change,0,2026-01-10,40,pmf,large_decrease,0.003
2026-01-10,wk flu hosp rate change,0,2026-01-10,40,pmf,large_increase,0.27
2026-01-10,wk flu hosp rate change,0,2026-01-10,40,pmf,stable,0.132
2026-01-10,wk flu hosp rate change,0,2026-01-10,41,pmf,decrease,0.332
2026-01-10,wk flu hosp rate change,0,2026-01-10,41,pmf,increase,0.313
2026-01-10,wk flu hosp rate change,0,2026-01-10,41,pmf,large_decrease,0.002
2026-01-10,wk flu hosp rate change,0,2026-01-10,41,pmf,large_increase,0.113
2026-01-10,wk flu hosp rate change,0,2026-01-10,41,pmf,stable,0.24
2026-01-10,wk flu hosp rate change,0,2026-01-10,42,pmf,decrease,0.221
2026-01-10,wk flu hosp rate change,0,2026-01-10,42,pmf,increase,0.444
2026-01-10,wk flu hosp rate change,0,2026-01-10,42,pmf,large_decrease,0.041
2026-01-10,wk flu hosp rate change,0,2026-01-10,42,pmf,large_increase,0.103
2026-01-10,wk flu hosp rate change,0,2026-01-10,42,pmf,stable,0.191
2026-01-10,wk flu hosp rate change,0,2026-01-10,44,pmf,decrease,0.11288711288711291
2026-01-10,wk flu hosp rate change,0,2026-01-10,44,pmf,increase,0.5034965034965035
2026-01-10,wk flu hosp rate change,0,2026-01-10,44,pmf,large_decrease,0.03696303696303697
2026-01-10,wk flu hosp rate change,0,2026-01-10,44,pmf,large_increase,0.07392607392607393
2026-01-10,wk flu hosp rate change,0,2026-01-10,44,pmf,stable,0.27272727272727276
2026-01-10,wk flu hosp rate change,0,2026-01-10,45,pmf,decrease,0.299
2026-01-10,wk flu hosp rate change,0,2026-01-10,45,pmf,increase,0.368
2026-01-10,wk flu hosp rate change,0,2026-01-10,45,pmf,large_decrease,0.019
2026-01-10,wk flu hosp rate change,0,2026-01-10,45,pmf,large_increase,0.128
2026-01-10,wk flu hosp rate change,0,2026-01-10,45,pmf,stable,0.186
2026-01-10,wk flu hosp rate change,0,2026-01-10,46,pmf,decrease,0.161
2026-01-10,wk flu hosp rate change,0,2026-01-10,46,pmf,increase,0.481
2026-01-10,wk flu hosp rate change,0,2026-01-10,46,pmf,large_decrease,0.03
2026-01-10,wk flu hosp rate change,0,2026-01-10,46,pmf,large_increase,0.051
2026-01-10,wk flu hosp rate change,0,2026-01-10,46,pmf,stable,0.277
2026-01-10,wk flu hosp rate change,0,2026-01-10,47,pmf,decrease,0.314
2026-01-10,wk flu hosp rate change,0,2026-01-10,47,pmf,increase,0.343
2026-01-10,wk flu hosp rate change,0,2026-01-10,47,pmf,large_decrease,0.015
2026-01-10,wk flu hosp rate change,0,2026-01-10,47,pmf,large_increase,0.16
2026-01-10,wk flu hosp rate change,0,2026-01-10,47,pmf,stable,0.168
2026-01-10,wk flu hosp rate change,0,2026-01-10,48,pmf,decrease,0.304
2026-01-10,wk flu hosp rate change,0,2026-01-10,48,pmf,increase,0.296
2026-01-10,wk flu hosp rate change,0,2026-01-10,48,pmf,large_decrease,0.064
2026-01-10,wk flu hosp rate change,0,2026-01-10,48,pmf,large_increase,0.214
2026-01-10,wk flu hosp rate change,0,2026-01-10,48,pmf,stable,0.12200000000000011
2026-01-10,wk flu hosp rate change,0,2026-01-10,49,pmf,decrease,0.311
2026-01-10,wk flu hosp rate change,0,2026-01-10,49,pmf,increase,0.238
2026-01-10,wk flu hosp rate change,0,2026-01-10,49,pmf,large_decrease,0.066
2026-01-10,wk flu hosp rate change,0,2026-01-10,49,pmf,large_increase,0.221
2026-01-10,wk flu hosp rate change,0,2026-01-10,49,pmf,stable,0.164
2026-01-10,wk flu hosp rate change,0,2026-01-10,50,pmf,decrease,0.179
2026-01-10,wk flu hosp rate change,0,2026-01-10,50,pmf,increase,0.421
2026-01-10,wk flu hosp rate change,0,2026-01-10,50,pmf,large_decrease,0.042
2026-01-10,wk flu hosp rate change,0,2026-01-10,50,pmf,large_increase,0.186
2026-01-10,wk flu hosp rate change,0,2026-01-10,50,pmf,stable,0.172
2026-01-10,wk flu hosp rate change,0,2026-01-10,51,pmf,decrease,0.324
2026-01-10,wk flu hosp rate change,0,2026-01-10,51,pmf,increase,0.278
2026-01-10,wk flu hosp rate change,0,2026-01-10,51,pmf,large_decrease,0.065
2026-01-10,wk flu hosp rate change,0,2026-01-10,51,pmf,large_increase,0.146
2026-01-10,wk flu hosp rate change,0,2026-01-10,51,pmf,stable,0.187
2026-01-10,wk flu hosp rate change,0,2026-01-10,53,pmf,decrease,0.30669330669330663
2026-01-10,wk flu hosp rate change,0,2026-01-10,53,pmf,increase,0.33966033966033965
2026-01-10,wk flu hosp rate change,0,2026-01-10,53,pmf,large_decrease,0.01898101898101898
2026-01-10,wk flu hosp rate change,0,2026-01-10,53,pmf,large_increase,0.10889110889110888
2026-01-10,wk flu hosp rate change,0,2026-01-10,53,pmf,stable,0.22577422577422576
2026-01-10,wk flu hosp rate change,0,2026-01-10,54,pmf,decrease,0.124
2026-01-10,wk flu hosp rate change,0,2026-01-10,54,pmf,increase,0.45
2026-01-10,wk flu hosp rate change,0,2026-01-10,54,pmf,large_decrease,0.018
2026-01-10,wk flu hosp rate change,0,2026-01-10,54,pmf,large_increase,0.277
2026-01-10,wk flu hosp rate change,0,2026-01-10,54,pmf,stable,0.1309999999999999
2026-01-10,wk flu hosp rate change,0,2026-01-10,55,pmf,decrease,0.269
2026-01-10,wk flu hosp rate change,0,2026-01-10,55,pmf,increase,0.392
2026-01-10,wk flu hosp rate change,0,2026-01-10,55,pmf,large_decrease,0.05
2026-01-10,wk flu hosp rate change,0,2026-01-10,55,pmf,large_increase,0.085
2026-01-10,wk flu hosp rate change,0,2026-01-10,55,pmf,stable,0.204
2026-01-10,wk flu hosp rate change,0,2026-01-10,56,pmf,decrease,0.001
2026-01-10,wk flu hosp rate change,0,2026-01-10,56,pmf,increase,0.127
2026-01-10,wk flu hosp rate change,0,2026-01-10,56,pmf,large_decrease,0.001
2026-01-10,wk flu hosp rate change,0,2026-01-10,56,pmf,large_increase,0.007
2026-01-10,wk flu hosp rate change,0,2026-01-10,56,pmf,stable,0.864
2026-01-10,wk flu hosp rate change,0,2026-01-10,US,pmf,decrease,0.246
2026-01-10,wk flu hosp rate change,0,2026-01-10,US,pmf,increase,0.427
2026-01-10,wk flu hosp rate change,0,2026-01-10,US,pmf,large_decrease,0.037
2026-01-10,wk flu hosp rate change,0,2026-01-10,US,pmf,large_increase,0.088
2026-01-10,wk flu hosp rate change,0,2026-01-10,US,pmf,stable,0.2019999999999999
2026-01-10,wk flu hosp rate change,1,2026-01-17,01,pmf,decrease,0.345
2026-01-10,wk flu hosp rate change,1,2026-01-17,01,pmf,increase,0.354
2026-01-10,wk flu hosp rate change,1,2026-01-17,01,pmf,large_decrease,0.011
2026-01-10,wk flu hosp rate change,1,2026-01-17,01,pmf,large_increase,0.137
2026-01-10,wk flu hosp rate change,1,2026-01-17,01,pmf,stable,0.153
2026-01-10,wk flu hosp rate change,1,2026-01-17,02,pmf,decrease,0.29
2026-01-10,wk flu hosp rate change,1,2026-01-17,02,pmf,increase,0.394
2026-01-10,wk flu hosp rate change,1,2026-01-17,02,pmf,large_decrease,0.05
2026-01-10,wk flu hosp rate change,1,2026-01-17,02,pmf,large_increase,0.028
2026-01-10,wk flu hosp rate change,1,2026-01-17,02,pmf,stable,0.238
2026-01-10,wk flu hosp rate change,1,2026-01-17,04,pmf,decrease,0.42
2026-01-10,wk flu hosp rate change,1,2026-01-17,04,pmf,increase,0.287
2026-01-10,wk flu hosp rate change,1,2026-01-17,04,pmf,large_decrease,0.002
2026-01-10,wk flu hosp rate change,1,2026-01-17,04,pmf,large_increase,0.074
2026-01-10,wk flu hosp rate change,1,2026-01-17,04,pmf,stable,0.2170000000000001
2026-01-10,wk flu hosp rate change,1,2026-01-17,05,pmf,decrease,0.1638361638361638
2026-01-10,wk flu hosp rate change,1,2026-01-17,05,pmf,increase,0.5014985014985014
2026-01-10,wk flu hosp rate change,1,2026-01-17,05,pmf,large_decrease,0.001998001998001998
2026-01-10,wk flu hosp rate change,1,2026-01-17,05,pmf,large_increase,0.13686313686313686
2026-01-10,wk flu hosp rate change,1,2026-01-17,05,pmf,stable,0.19580419580419578
2026-01-10,wk flu hosp rate change,1,2026-01-17,06,pmf,decrease,0.113
2026-01-10,wk flu hosp rate change,1,2026-01-17,06,pmf,increase,0.485
2026-01-10,wk flu hosp rate change,1,2026-01-17,06,pmf,large_decrease,0.002
2026-01-10,wk flu hosp rate change,1,2026-01-17,06,pmf,large_increase,0.018
2026-01-10,wk flu hosp rate change,1,2026-01-17,06,pmf,stable,0.382
2026-01-10,wk flu hosp rate change,1,2026-01-17,08,pmf,decrease,0.23476523476523473
2026-01-10,wk flu hosp rate change,1,2026-01-17,08,pmf,increase,0.4015984015984016
2026-01-10,wk flu hosp rate change,1,2026-01-17,08,pmf,large_decrease,0.024975024975024972
2026-01-10,wk flu hosp rate change,1,2026-01-17,08,pmf,large_increase,0.005994005994005993
2026-01-10,wk flu hosp rate change,1,2026-01-17,08,pmf,stable,0.33266733266733267
2026-01-10,wk flu hosp rate change,1,2026-01-17,09,pmf,decrease,0.12387612387612386
2026-01-10,wk flu hosp rate change,1,2026-01-17,09,pmf,increase,0.5164835164835164
2026-01-10,wk flu hosp rate change,1,2026-01-17,09,pmf,large_decrease,0.030969030969030965
2026-01-10,wk flu hosp rate change,1,2026-01-17,09,pmf,large_increase,0.02797202797202797
2026-01-10,wk flu hosp rate change,1,2026-01-17,09,pmf,stable,0.3006993006993007
2026-01-10,wk flu hosp rate change,1,2026-01-17,10,pmf,decrease,0.302
2026-01-10,wk flu hosp rate change,1,2026-01-17,10,pmf,increase,0.318
2026-01-10,wk flu hosp rate change,1,2026-01-17,10,pmf,large_decrease,0.014
2026-01-10,wk flu hosp rate change,1,2026-01-17,10,pmf,large_increase,0.175
2026-01-10,wk flu hosp rate change,1,2026-01-17,10,pmf,stable,0.191
2026-01-10,wk flu hosp rate change,1,2026-01-17,11,pmf,decrease,0.476
2026-01-10,wk flu hosp rate change,1,2026-01-17,11,pmf,increase,0.238
2026-01-10,wk flu hosp rate change,1,2026-01-17,11,pmf,large_decrease,0.031
2026-01-10,wk flu hosp rate change,1,2026-01-17,11,pmf,large_increase,0.011
2026-01-10,wk flu hosp rate change,1,2026-01-17,11,pmf,stable,0.244
2026-01-10,wk flu hosp rate change,1,2026-01-17,12,pmf,decrease,0.194
2026-01-10,wk flu hosp rate change,1,2026-01-17,12,pmf,increase,0.486
2026-01-10,wk flu hosp rate change,1,2026-01-17,12,pmf,large_decrease,0.033
2026-01-10,wk flu hosp rate change,1,2026-01-17,12,pmf,large_increase,0.016
2026-01-10,wk flu hosp rate change,1,2026-01-17,12,pmf,stable,0.271
2026-01-10,wk flu hosp rate change,1,2026-01-17,13,pmf,decrease,0.183
2026-01-10,wk flu hosp rate change,1,2026-01-17,13,pmf,increase,0.499
2026-01-10,wk flu hosp rate change,1,2026-01-17,13,pmf,large_decrease,0.016
2026-01-10,wk flu hosp rate change,1,2026-01-17,13,pmf,large_increase,0.039
2026-01-10,wk flu hosp rate change,1,2026-01-17,13,pmf,stable,0.263
2026-01-10,wk flu hosp rate change,1,2026-01-17,15,pmf,decrease,0.315
2026-01-10,wk flu hosp rate change,1,2026-01-17,15,pmf,increase,0.283
2026-01-10,wk flu hosp rate change,1,2026-01-17,15,pmf,large_decrease,0.148
2026-01-10,wk flu hosp rate change,1,2026-01-17,15,pmf,large_increase,0.118
2026-01-10,wk flu hosp rate change,1,2026-01-17,15,pmf,stable,0.136
2026-01-10,wk flu hosp rate change,1,2026-01-17,16,pmf,decrease,0.45
2026-01-10,wk flu hosp rate change,1,2026-01-17,16,pmf,increase,0.246
2026-01-10,wk flu hosp rate change,1,2026-01-17,16,pmf,large_decrease,0.016
2026-01-10,wk flu hosp rate change,1,2026-01-17,16,pmf,large_increase,0.038
2026-01-10,wk flu hosp rate change,1,2026-01-17,16,pmf,stable,0.25
2026-01-10,wk flu hosp rate change,1,2026-01-17,17,pmf,decrease,0.2547452547452548
2026-01-10,wk flu hosp rate change,1,2026-01-17,17,pmf,increase,0.47052947052947053
2026-01-10,wk flu hosp rate change,1,2026-01-17,17,pmf,large_decrease,0.01098901098901099
2026-01-10,wk flu hosp rate change,1,2026-01-17,17,pmf,large_increase,0.059940059940059943
2026-01-10,wk flu hosp rate change,1,2026-01-17,17,pmf,stable,0.2037962037962038
2026-01-10,wk flu hosp rate change,1,2026-01-17,18,pmf,decrease,0.224
2026-01-10,wk flu hosp rate change,1,2026-01-17,18,pmf,increase,0.478
2026-01-10,wk flu hosp rate change,1,2026-01-17,18,pmf,large_decrease,0.011
2026-01-10,wk flu hosp rate change,1,2026-01-17,18,pmf,large_increase,0.086
2026-01-10,wk flu hosp rate change,1,2026-01-17,18,pmf,stable,0.201
2026-01-10,wk flu hosp rate change,1,2026-01-17,19,pmf,decrease,0.079
2026-01-10,wk flu hosp rate change,1,2026-01-17,19,pmf,increase,0.457
2026-01-10,wk flu hosp rate change,1,2026-01-17,19,pmf,large_decrease,0.004
2026-01-10,wk flu hosp rate change,1,2026-01-17,19,pmf,large_increase,0.399
2026-01-10,wk flu hosp rate change,1,2026-01-17,19,pmf,stable,0.06099999999999989
2026-01-10,wk flu hosp rate change,1,2026-01-17,20,pmf,decrease,0.142
2026-01-10,wk flu hosp rate change,1,2026-01-17,20,pmf,increase,0.568
2026-01-10,wk flu hosp rate change,1,2026-01-17,20,pmf,large_decrease,0.002
2026-01-10,wk flu hosp rate change,1,2026-01-17,20,pmf,large_increase,0.061
2026-01-10,wk flu hosp rate change,1,2026-01-17,20,pmf,stable,0.22700000000000012
2026-01-10,wk flu hosp rate change,1,2026-01-17,21,pmf,decrease,0.163
2026-01-10,wk flu hosp rate change,1,2026-01-17,21,pmf,increase,0.473
2026-01-10,wk flu hosp rate change,1,2026-01-17,21,pmf,large_decrease,0.003
2026-01-10,wk flu hosp rate change,1,2026-01-17,21,pmf,large_increase,0.176
2026-01-10,wk flu hosp rate change,1,2026-01-17,21,pmf,stable,0.185
2026-01-10,wk flu hosp rate change,1,2026-01-17,22,pmf,decrease,0.446
2026-01-10,wk flu hosp rate change,1,2026-01-17,22,pmf,increase,0.271
2026-01-10,wk flu hosp rate change,1,2026-01-17,22,pmf,large_decrease,0.061
2026-01-10,wk flu hosp rate change,1,2026-01-17,22,pmf,large_increase,0.034
2026-01-10,wk flu hosp rate change,1,2026-01-17,22,pmf,stable,0.188
2026-01-10,wk flu hosp rate change,1,2026-01-17,23,pmf,decrease,0.12987012987012986
2026-01-10,wk flu hosp rate change,1,2026-01-17,23,pmf,increase,0.6613386613386613
2026-01-10,wk flu hosp rate change,1,2026-01-17,23,pmf,large_decrease,0.006993006993006992
2026-01-10,wk flu hosp rate change,1,2026-01-17,23,pmf,large_increase,0.03696303696303696
2026-01-10,wk flu hosp rate change,1,2026-01-17,23,pmf,stable,0.16483516483516483
2026-01-10,wk flu hosp rate change,1,2026-01-17,24,pmf,decrease,0.212
2026-01-10,wk flu hosp rate change,1,2026-01-17,24,pmf,increase,0.409
2026-01-10,wk flu hosp rate change,1,2026-01-17,24,pmf,large_decrease,0.057
2026-01-10,wk flu hosp rate change,1,2026-01-17,24,pmf,large_increase,0.147
2026-01-10,wk flu hosp rate change,1,2026-01-17,24,pmf,stable,0.17499999999999988
2026-01-10,wk flu hosp rate change,1,2026-01-17,25,pmf,decrease,0.129
2026-01-10,wk flu hosp rate change,1,2026-01-17,25,pmf,increase,0.573
2026-01-10,wk flu hosp rate change,1,2026-01-17,25,pmf,large_decrease,0.032
2026-01-10,wk flu hosp rate change,1,2026-01-17,25,pmf,large_increase,0.046
2026-01-10,wk flu hosp rate change,1,2026-01-17,25,pmf,stable,0.22
2026-01-10,wk flu hosp rate change,1,2026-01-17,26,pmf,decrease,0.238
2026-01-10,wk flu hosp rate change,1,2026-01-17,26,pmf,increase,0.442
2026-01-10,wk flu hosp rate change,1,2026-01-17,26,pmf,large_decrease,0.02
2026-01-10,wk flu hosp rate change,1,2026-01-17,26,pmf,large_increase,0.041
2026-01-10,wk flu hosp rate change,1,2026-01-17,26,pmf,stable,0.259
2026-01-10,wk flu hosp rate change,1,2026-01-17,27,pmf,decrease,0.243
2026-01-10,wk flu hosp rate change,1,2026-01-17,27,pmf,increase,0.376
2026-01-10,wk flu hosp rate change,1,2026-01-17,27,pmf,large_decrease,0.061
2026-01-10,wk flu hosp rate change,1,2026-01-17,27,pmf,large_increase,0.159
2026-01-10,wk flu hosp rate change,1,2026-01-17,27,pmf,stable,0.161
2026-01-10,wk flu hosp rate change,1,2026-01-17,28,pmf,decrease,0.35464535464535457
2026-01-10,wk flu hosp rate change,1,2026-01-17,28,pmf,increase,0.40259740259740256
2026-01-10,wk flu hosp rate change,1,2026-01-17,28,pmf,large_decrease,0.003996003996003996
2026-01-10,wk flu hosp rate change,1,2026-01-17,28,pmf,large_increase,0.045954045954045945
2026-01-10,wk flu hosp rate change,1,2026-01-17,28,pmf,stable,0.1928071928071928
2026-01-10,wk flu hosp rate change,1,2026-01-17,30,pmf,decrease,0.393
2026-01-10,wk flu hosp rate change,1,2026-01-17,30,pmf,increase,0.341
2026-01-10,wk flu hosp rate change,1,2026-01-17,30,pmf,large_decrease,0.002
2026-01-10,wk flu hosp rate change,1,2026-01-17,30,pmf,large_increase,0.068
2026-01-10,wk flu hosp rate change,1,2026-01-17,30,pmf,stable,0.196
2026-01-10,wk flu hosp rate change,1,2026-01-17,31,pmf,decrease,0.111
2026-01-10,wk flu hosp rate change,1,2026-01-17,31,pmf,increase,0.547
2026-01-10,wk flu hosp rate change,1,2026-01-17,31,pmf,large_decrease,0.002
2026-01-10,wk flu hosp rate change,1,2026-01-17,31,pmf,large_increase,0.015
2026-01-10,wk flu hosp rate change,1,2026-01-17,31,pmf,stable,0.325
2026-01-10,wk flu hosp rate change,1,2026-01-17,32,pmf,decrease,0.417
2026-01-10,wk flu hosp rate change,1,2026-01-17,32,pmf,increase,0.219
2026-01-10,wk flu hosp rate change,1,2026-01-17,32,pmf,large_decrease,0.002
2026-01-10,wk flu hosp rate change,1,2026-01-17,32,pmf,large_increase,0.002
2026-01-10,wk flu hosp rate change,1,2026-01-17,32,pmf,stable,0.36
2026-01-10,wk flu hosp rate change,1,2026-01-17,33,pmf,decrease,0.314
2026-01-10,wk flu hosp rate change,1,2026-01-17,33,pmf,increase,0.359
2026-01-10,wk flu hosp rate change,1,2026-01-17,33,pmf,large_decrease,0.017
2026-01-10,wk flu hosp rate change,1,2026-01-17,33,pmf,large_increase,0.055
2026-01-10,wk flu hosp rate change,1,2026-01-17,33,pmf,stable,0.2549999999999999
2026-01-10,wk flu hosp rate change,1,2026-01-17,34,pmf,decrease,0.137
2026-01-10,wk flu hosp rate change,1,2026-01-17,34,pmf,increase,0.516
2026-01-10,wk flu hosp rate change,1,2026-01-17,34,pmf,large_decrease,0.055
2026-01-10,wk flu hosp rate change,1,2026-01-17,34,pmf,large_increase,0.066
2026-01-10,wk flu hosp rate change,1,2026-01-17,34,pmf,stable,0.226
2026-01-10,wk flu hosp rate change,1,2026-01-17,35,pmf,decrease,0.459
2026-01-10,wk flu hosp rate change,1,2026-01-17,35,pmf,increase,0.257
2026-01-10,wk flu hosp rate change,1,2026-01-17,35,pmf,large_decrease,0.012
2026-01-10,wk flu hosp rate change,1,2026-01-17,35,pmf,large_increase,0.052
2026-01-10,wk flu hosp rate change,1,2026-01-17,35,pmf,stable,0.22
2026-01-10,wk flu hosp rate change,1,2026-01-17,36,pmf,decrease,0.563
2026-01-10,wk flu hosp rate change,1,2026-01-17,36,pmf,increase,0.264
2026-01-10,wk flu hosp rate change,1,2026-01-17,36,pmf,large_decrease,0.017
2026-01-10,wk flu hosp rate change,1,2026-01-17,36,pmf,large_increase,0.009
2026-01-10,wk flu hosp rate change,1,2026-01-17,36,pmf,stable,0.147
2026-01-10,wk flu hosp rate change,1,2026-01-17,37,pmf,decrease,0.26
2026-01-10,wk flu hosp rate change,1,2026-01-17,37,pmf,increase,0.322
2026-01-10,wk flu hosp rate change,1,2026-01-17,37,pmf,large_decrease,0.084
2026-01-10,wk flu hosp rate change,1,2026-01-17,37,pmf,large_increase,0.16
2026-01-10,wk flu hosp rate change,1,2026-01-17,37,pmf,stable,0.174
2026-01-10,wk flu hosp rate change,1,2026-01-17,38,pmf,decrease,0.398
2026-01-10,wk flu hosp rate change,1,2026-01-17,38,pmf,increase,0.29
2026-01-10,wk flu hosp rate change,1,2026-01-17,38,pmf,large_decrease,0.018
2026-01-10,wk flu hosp rate change,1,2026-01-17,38,pmf,large_increase,0.058
2026-01-10,wk flu hosp rate change,1,2026-01-17,38,pmf,stable,0.236
2026-01-10,wk flu hosp rate change,1,2026-01-17,39,pmf,decrease,0.21478521478521476
2026-01-10,wk flu hosp rate change,1,2026-01-17,39,pmf,increase,0.4485514485514485
2026-01-10,wk flu hosp rate change,1,2026-01-17,39,pmf,large_decrease,0.009990009990009988
2026-01-10,wk flu hosp rate change,1,2026-01-17,39,pmf,large_increase,0.009990009990009988
2026-01-10,wk flu hosp rate change,1,2026-01-17,39,pmf,stable,0.3166833166833167
2026-01-10,wk flu hosp rate change,1,2026-01-17,40,pmf,decrease,0.057
2026-01-10,wk flu hosp rate change,1,2026-01-17,40,pmf,increase,0.573
2026-01-10,wk flu hosp rate change,1,2026-01-17,40,pmf,large_decrease,0.001
2026-01-10,wk flu hosp rate change,1,2026-01-17,40,pmf,large_increase,0.226
2026-01-10,wk flu hosp rate change,1,2026-01-17,40,pmf,stable,0.143
2026-01-10,wk flu hosp rate change,1,2026-01-17,41,pmf,decrease,0.44855144855144863
2026-01-10,wk flu hosp rate change,1,2026-01-17,41,pmf,increase,0.26473526473526476
2026-01-10,wk flu hosp rate change,1,2026-01-17,41,pmf,large_decrease,0.0019980019980019984
2026-01-10,wk flu hosp rate change,1,2026-01-17,41,pmf,large_increase,0.04595404595404596
2026-01-10,wk flu hosp rate change,1,2026-01-17,41,pmf,stable,0.23876123876123878
2026-01-10,wk flu hosp rate change,1,2026-01-17,42,pmf,decrease,0.17182817182817178
2026-01-10,wk flu hosp rate change,1,2026-01-17,42,pmf,increase,0.5104895104895104
2026-01-10,wk flu hosp rate change,1,2026-01-17,42,pmf,large_decrease,0.013986013986013984
2026-01-10,wk flu hosp rate change,1,2026-01-17,42,pmf,large_increase,0.06593406593406594
2026-01-10,wk flu hosp rate change,1,2026-01-17,42,pmf,stable,0.23776223776223773
2026-01-10,wk flu hosp rate change,1,2026-01-17,44,pmf,decrease,0.115
2026-01-10,wk flu hosp rate change,1,2026-01-17,44,pmf,increase,0.54
2026-01-10,wk flu hosp rate change,1,2026-01-17,44,pmf,large_decrease,0.009
2026-01-10,wk flu hosp rate change,1,2026-01-17,44,pmf,large_increase,0.031
2026-01-10,wk flu hosp rate change,1,2026-01-17,44,pmf,stable,0.3049999999999999
2026-01-10,wk flu hosp rate change,1,2026-01-17,45,pmf,decrease,0.146
2026-01-10,wk flu hosp rate change,1,2026-01-17,45,pmf,increase,0.503
2026-01-10,wk flu hosp rate change,1,2026-01-17,45,pmf,large_decrease,0.011
2026-01-10,wk flu hosp rate change,1,2026-01-17,45,pmf,large_increase,0.088
2026-01-10,wk flu hosp rate change,1,2026-01-17,45,pmf,stable,0.252
2026-01-10,wk flu hosp rate change,1,2026-01-17,46,pmf,decrease,0.10589410589410587
2026-01-10,wk flu hosp rate change,1,2026-01-17,46,pmf,increase,0.6643356643356643
2026-01-10,wk flu hosp rate change,1,2026-01-17,46,pmf,large_decrease,0.001998001998001998
2026-01-10,wk flu hosp rate change,1,2026-01-17,46,pmf,large_increase,0.030969030969030965
2026-01-10,wk flu hosp rate change,1,2026-01-17,46,pmf,stable,0.1968031968031968
2026-01-10,wk flu hosp rate change,1,2026-01-17,47,pmf,decrease,0.347
2026-01-10,wk flu hosp rate change,1,2026-01-17,47,pmf,increase,0.408
2026-01-10,wk flu hosp rate change,1,2026-01-17,47,pmf,large_decrease,0.002
2026-01-10,wk flu hosp rate change,1,2026-01-17,47,pmf,large_increase,0.045
2026-01-10,wk flu hosp rate change,1,2026-01-17,47,pmf,stable,0.198
2026-01-10,wk flu hosp rate change,1,2026-01-17,48,pmf,decrease,0.335
2026-01-10,wk flu hosp rate change,1,2026-01-17,48,pmf,increase,0.381
2026-01-10,wk flu hosp rate change,1,2026-01-17,48,pmf,large_decrease,0.034
2026-01-10,wk flu hosp rate change,1,2026-01-17,48,pmf,large_increase,0.106
2026-01-10,wk flu hosp rate change,1,2026-01-17,48,pmf,stable,0.144
2026-01-10,wk flu hosp rate change,1,2026-01-17,49,pmf,decrease,0.4285714285714286
2026-01-10,wk flu hosp rate change,1,2026-01-17,49,pmf,increase,0.24475524475524477
2026-01-10,wk flu hosp rate change,1,2026-01-17,49,pmf,large_decrease,0.03096903096903097
2026-01-10,wk flu hosp rate change,1,2026-01-17,49,pmf,large_increase,0.09690309690309691
2026-01-10,wk flu hosp rate change,1,2026-01-17,49,pmf,stable,0.19880119880119884
2026-01-10,wk flu hosp rate change,1,2026-01-17,50,pmf,decrease,0.153
2026-01-10,wk flu hosp rate change,1,2026-01-17,50,pmf,increase,0.521
2026-01-10,wk flu hosp rate change,1,2026-01-17,50,pmf,large_decrease,0.003
2026-01-10,wk flu hosp rate change,1,2026-01-17,50,pmf,large_increase,0.119
2026-01-10,wk flu hosp rate change,1,2026-01-17,50,pmf,stable,0.204
2026-01-10,wk flu hosp rate change,1,2026-01-17,51,pmf,decrease,0.315
2026-01-10,wk flu hosp rate change,1,2026-01-17,51,pmf,increase,0.363
2026-01-10,wk flu hosp rate change,1,2026-01-17,51,pmf,large_decrease,0.035
2026-01-10,wk flu hosp rate change,1,2026-01-17,51,pmf,large_increase,0.057
2026-01-10,wk flu hosp rate change,1,2026-01-17,51,pmf,stable,0.23
2026-01-10,wk flu hosp rate change,1,2026-01-17,53,pmf,decrease,0.333
2026-01-10,wk flu hosp rate change,1,2026-01-17,53,pmf,increase,0.331
2026-01-10,wk flu hosp rate change,1,2026-01-17,53,pmf,large_decrease,0.002
2026-01-10,wk flu hosp rate change,1,2026-01-17,53,pmf,large_increase,0.037
2026-01-10,wk flu hosp rate change,1,2026-01-17,53,pmf,stable,0.297
2026-01-10,wk flu hosp rate change,1,2026-01-17,54,pmf,decrease,0.153
2026-01-10,wk flu hosp rate change,1,2026-01-17,54,pmf,increase,0.538
2026-01-10,wk flu hosp rate change,1,2026-01-17,54,pmf,large_decrease,0.001
2026-01-10,wk flu hosp rate change,1,2026-01-17,54,pmf,large_increase,0.132
2026-01-10,wk flu hosp rate change,1,2026-01-17,54,pmf,stable,0.176
2026-01-10,wk flu hosp rate change,1,2026-01-17,55,pmf,decrease,0.197
2026-01-10,wk flu hosp rate change,1,2026-01-17,55,pmf,increase,0.5
2026-01-10,wk flu hosp rate change,1,2026-01-17,55,pmf,large_decrease,0.022
2026-01-10,wk flu hosp rate change,1,2026-01-17,55,pmf,large_increase,0.037
2026-01-10,wk flu hosp rate change,1,2026-01-17,55,pmf,stable,0.244
2026-01-10,wk flu hosp rate change,1,2026-01-17,56,pmf,decrease,0.001
2026-01-10,wk flu hosp rate change,1,2026-01-17,56,pmf,increase,0.084
2026-01-10,wk flu hosp rate change,1,2026-01-17,56,pmf,large_decrease,0.001
2026-01-10,wk flu hosp rate change,1,2026-01-17,56,pmf,large_increase,0.001
2026-01-10,wk flu hosp rate change,1,2026-01-17,56,pmf,stable,0.913
2026-01-10,wk flu hosp rate change,1,2026-01-17,US,pmf,decrease,0.172
2026-01-10,wk flu hosp rate change,1,2026-01-17,US,pmf,increase,0.485
2026-01-10,wk flu hosp rate change,1,2026-01-17,US,pmf,large_decrease,0.023
2026-01-10,wk flu hosp rate change,1,2026-01-17,US,pmf,large_increase,0.023
2026-01-10,wk flu hosp rate change,1,2026-01-17,US,pmf,stable,0.297
2026-01-10,wk flu hosp rate change,2,2026-01-24,01,pmf,decrease,0.303
2026-01-10,wk flu hosp rate change,2,2026-01-24,01,pmf,increase,0.391
2026-01-10,wk flu hosp rate change,2,2026-01-24,01,pmf,large_decrease,0.003
2026-01-10,wk flu hosp rate change,2,2026-01-24,01,pmf,large_increase,0.119
2026-01-10,wk flu hosp rate change,2,2026-01-24,01,pmf,stable,0.184
2026-01-10,wk flu hosp rate change,2,2026-01-24,02,pmf,decrease,0.1888111888111888
2026-01-10,wk flu hosp rate change,2,2026-01-24,02,pmf,increase,0.43356643356643354
2026-01-10,wk flu hosp rate change,2,2026-01-24,02,pmf,large_decrease,0.030969030969030965
2026-01-10,wk flu hosp rate change,2,2026-01-24,02,pmf,large_increase,0.019980019980019977
2026-01-10,wk flu hosp rate change,2,2026-01-24,02,pmf,stable,0.32667332667332666
2026-01-10,wk flu hosp rate change,2,2026-01-24,04,pmf,decrease,0.418
2026-01-10,wk flu hosp rate change,2,2026-01-24,04,pmf,increase,0.256
2026-01-10,wk flu hosp rate change,2,2026-01-24,04,pmf,large_decrease,0.002
2026-01-10,wk flu hosp rate change,2,2026-01-24,04,pmf,large_increase,0.049
2026-01-10,wk flu hosp rate change,2,2026-01-24,04,pmf,stable,0.275
2026-01-10,wk flu hosp rate change,2,2026-01-24,05,pmf,decrease,0.10989010989010987
2026-01-10,wk flu hosp rate change,2,2026-01-24,05,pmf,increase,0.5304695304695305
2026-01-10,wk flu hosp rate change,2,2026-01-24,05,pmf,large_decrease,0.001998001998001998
2026-01-10,wk flu hosp rate change,2,2026-01-24,05,pmf,large_increase,0.15084915084915082
2026-01-10,wk flu hosp rate change,2,2026-01-24,05,pmf,stable,0.20679320679320676
2026-01-10,wk flu hosp rate change,2,2026-01-24,06,pmf,decrease,0.08
2026-01-10,wk flu hosp rate change,2,2026-01-24,06,pmf,increase,0.457
2026-01-10,wk flu hosp rate change,2,2026-01-24,06,pmf,large_decrease,0.002
2026-01-10,wk flu hosp rate change,2,2026-01-24,06,pmf,large_increase,0.008
2026-01-10,wk flu hosp rate change,2,2026-01-24,06,pmf,stable,0.453
2026-01-10,wk flu hosp rate change,2,2026-01-24,08,pmf,decrease,0.201
2026-01-10,wk flu hosp rate change,2,2026-01-24,08,pmf,increase,0.408
2026-01-10,wk flu hosp rate change,2,2026-01-24,08,pmf,large_decrease,0.009
2026-01-10,wk flu hosp rate change,2,2026-01-24,08,pmf,large_increase,0.002
2026-01-10,wk flu hosp rate change,2,2026-01-24,08,pmf,stable,0.38
2026-01-10,wk flu hosp rate change,2,2026-01-24,09,pmf,decrease,0.143
2026-01-10,wk flu hosp rate change,2,2026-01-24,09,pmf,increase,0.579
2026-01-10,wk flu hosp rate change,2,2026-01-24,09,pmf,large_decrease,0.007
2026-01-10,wk flu hosp rate change,2,2026-01-24,09,pmf,large_increase,0.022
2026-01-10,wk flu hosp rate change,2,2026-01-24,09,pmf,stable,0.249
2026-01-10,wk flu hosp rate change,2,2026-01-24,10,pmf,decrease,0.283
2026-01-10,wk flu hosp rate change,2,2026-01-24,10,pmf,increase,0.321
2026-01-10,wk flu hosp rate change,2,2026-01-24,10,pmf,large_decrease,0.01
2026-01-10,wk flu hosp rate change,2,2026-01-24,10,pmf,large_increase,0.149
2026-01-10,wk flu hosp rate change,2,2026-01-24,10,pmf,stable,0.237
2026-01-10,wk flu hosp rate change,2,2026-01-24,11,pmf,decrease,0.34165834165834164
2026-01-10,wk flu hosp rate change,2,2026-01-24,11,pmf,increase,0.34165834165834164
2026-01-10,wk flu hosp rate change,2,2026-01-24,11,pmf,large_decrease,0.03396603396603397
2026-01-10,wk flu hosp rate change,2,2026-01-24,11,pmf,large_increase,0.00899100899100899
2026-01-10,wk flu hosp rate change,2,2026-01-24,11,pmf,stable,0.27372627372627373
2026-01-10,wk flu hosp rate change,2,2026-01-24,12,pmf,decrease,0.201
2026-01-10,wk flu hosp rate change,2,2026-01-24,12,pmf,increase,0.474
2026-01-10,wk flu hosp rate change,2,2026-01-24,12,pmf,large_decrease,0.013
2026-01-10,wk flu hosp rate change,2,2026-01-24,12,pmf,large_increase,0.01
2026-01-10,wk flu hosp rate change,2,2026-01-24,12,pmf,stable,0.3019999999999999
2026-01-10,wk flu hosp rate change,2,2026-01-24,13,pmf,decrease,0.168
2026-01-10,wk flu hosp rate change,2,2026-01-24,13,pmf,increase,0.507
2026-01-10,wk flu hosp rate change,2,2026-01-24,13,pmf,large_decrease,0.015
2026-01-10,wk flu hosp rate change,2,2026-01-24,13,pmf,large_increase,0.021
2026-01-10,wk flu hosp rate change,2,2026-01-24,13,pmf,stable,0.289
2026-01-10,wk flu hosp rate change,2,2026-01-24,15,pmf,decrease,0.408
2026-01-10,wk flu hosp rate change,2,2026-01-24,15,pmf,increase,0.263
2026-01-10,wk flu hosp rate change,2,2026-01-24,15,pmf,large_decrease,0.124
2026-01-10,wk flu hosp rate change,2,2026-01-24,15,pmf,large_increase,0.041
2026-01-10,wk flu hosp rate change,2,2026-01-24,15,pmf,stable,0.1639999999999999
2026-01-10,wk flu hosp rate change,2,2026-01-24,16,pmf,decrease,0.498
2026-01-10,wk flu hosp rate change,2,2026-01-24,16,pmf,increase,0.206
2026-01-10,wk flu hosp rate change,2,2026-01-24,16,pmf,large_decrease,0.008
2026-01-10,wk flu hosp rate change,2,2026-01-24,16,pmf,large_increase,0.015
2026-01-10,wk flu hosp rate change,2,2026-01-24,16,pmf,stable,0.273
2026-01-10,wk flu hosp rate change,2,2026-01-24,17,pmf,decrease,0.207
2026-01-10,wk flu hosp rate change,2,2026-01-24,17,pmf,increase,0.479
2026-01-10,wk flu hosp rate change,2,2026-01-24,17,pmf,large_decrease,0.007
2026-01-10,wk flu hosp rate change,2,2026-01-24,17,pmf,large_increase,0.049
2026-01-10,wk flu hosp rate change,2,2026-01-24,17,pmf,stable,0.258
2026-01-10,wk flu hosp rate change,2,2026-01-24,18,pmf,decrease,0.216
2026-01-10,wk flu hosp rate change,2,2026-01-24,18,pmf,increase,0.478
2026-01-10,wk flu hosp rate change,2,2026-01-24,18,pmf,large_decrease,0.008
2026-01-10,wk flu hosp rate change,2,2026-01-24,18,pmf,large_increase,0.081
2026-01-10,wk flu hosp rate change,2,2026-01-24,18,pmf,stable,0.2170000000000001
2026-01-10,wk flu hosp rate change,2,2026-01-24,19,pmf,decrease,0.07892107892107891
2026-01-10,wk flu hosp rate change,2,2026-01-24,19,pmf,increase,0.4085914085914085
2026-01-10,wk flu hosp rate change,2,2026-01-24,19,pmf,large_decrease,0.001998001998001998
2026-01-10,wk flu hosp rate change,2,2026-01-24,19,pmf,large_increase,0.4345654345654345
2026-01-10,wk flu hosp rate change,2,2026-01-24,19,pmf,stable,0.07592407592407592
2026-01-10,wk flu hosp rate change,2,2026-01-24,20,pmf,decrease,0.068
2026-01-10,wk flu hosp rate change,2,2026-01-24,20,pmf,increase,0.602
2026-01-10,wk flu hosp rate change,2,2026-01-24,20,pmf,large_decrease,0.002
2026-01-10,wk flu hosp rate change,2,2026-01-24,20,pmf,large_increase,0.034
2026-01-10,wk flu hosp rate change,2,2026-01-24,20,pmf,stable,0.294
2026-01-10,wk flu hosp rate change,2,2026-01-24,21,pmf,decrease,0.15
2026-01-10,wk flu hosp rate change,2,2026-01-24,21,pmf,increase,0.463
2026-01-10,wk flu hosp rate change,2,2026-01-24,21,pmf,large_decrease,0.002
2026-01-10,wk flu hosp rate change,2,2026-01-24,21,pmf,large_increase,0.169
2026-01-10,wk flu hosp rate change,2,2026-01-24,21,pmf,stable,0.216
2026-01-10,wk flu hosp rate change,2,2026-01-24,22,pmf,decrease,0.29670329670329665
2026-01-10,wk flu hosp rate change,2,2026-01-24,22,pmf,increase,0.3816183816183816
2026-01-10,wk flu hosp rate change,2,2026-01-24,22,pmf,large_decrease,0.05694305694305694
2026-01-10,wk flu hosp rate change,2,2026-01-24,22,pmf,large_increase,0.011988011988011986
2026-01-10,wk flu hosp rate change,2,2026-01-24,22,pmf,stable,0.25274725274725274
2026-01-10,wk flu hosp rate change,2,2026-01-24,23,pmf,decrease,0.123
2026-01-10,wk flu hosp rate change,2,2026-01-24,23,pmf,increase,0.626
2026-01-10,wk flu hosp rate change,2,2026-01-24,23,pmf,large_decrease,0.004
2026-01-10,wk flu hosp rate change,2,2026-01-24,23,pmf,large_increase,0.044
2026-01-10,wk flu hosp rate change,2,2026-01-24,23,pmf,stable,0.2029999999999999
2026-01-10,wk flu hosp rate change,2,2026-01-24,24,pmf,decrease,0.19780219780219782
2026-01-10,wk flu hosp rate change,2,2026-01-24,24,pmf,increase,0.45154845154845163
2026-01-10,wk flu hosp rate change,2,2026-01-24,24,pmf,large_decrease,0.06393606393606395
2026-01-10,wk flu hosp rate change,2,2026-01-24,24,pmf,large_increase,0.09190809190809192
2026-01-10,wk flu hosp rate change,2,2026-01-24,24,pmf,stable,0.19480519480519484
2026-01-10,wk flu hosp rate change,2,2026-01-24,25,pmf,decrease,0.147
2026-01-10,wk flu hosp rate change,2,2026-01-24,25,pmf,increase,0.587
2026-01-10,wk flu hosp rate change,2,2026-01-24,25,pmf,large_decrease,0.019
2026-01-10,wk flu hosp rate change,2,2026-01-24,25,pmf,large_increase,0.071
2026-01-10,wk flu hosp rate change,2,2026-01-24,25,pmf,stable,0.1760000000000001
2026-01-10,wk flu hosp rate change,2,2026-01-24,26,pmf,decrease,0.152
2026-01-10,wk flu hosp rate change,2,2026-01-24,26,pmf,increase,0.491
2026-01-10,wk flu hosp rate change,2,2026-01-24,26,pmf,large_decrease,0.017
2026-01-10,wk flu hosp rate change,2,2026-01-24,26,pmf,large_increase,0.029
2026-01-10,wk flu hosp rate change,2,2026-01-24,26,pmf,stable,0.311
2026-01-10,wk flu hosp rate change,2,2026-01-24,27,pmf,decrease,0.206
2026-01-10,wk flu hosp rate change,2,2026-01-24,27,pmf,increase,0.429
2026-01-10,wk flu hosp rate change,2,2026-01-24,27,pmf,large_decrease,0.081
2026-01-10,wk flu hosp rate change,2,2026-01-24,27,pmf,large_increase,0.096
2026-01-10,wk flu hosp rate change,2,2026-01-24,27,pmf,stable,0.188
2026-01-10,wk flu hosp rate change,2,2026-01-24,28,pmf,decrease,0.302
2026-01-10,wk flu hosp rate change,2,2026-01-24,28,pmf,increase,0.462
2026-01-10,wk flu hosp rate change,2,2026-01-24,28,pmf,large_decrease,0.002
2026-01-10,wk flu hosp rate change,2,2026-01-24,28,pmf,large_increase,0.032
2026-01-10,wk flu hosp rate change,2,2026-01-24,28,pmf,stable,0.2019999999999999
2026-01-10,wk flu hosp rate change,2,2026-01-24,30,pmf,decrease,0.361
2026-01-10,wk flu hosp rate change,2,2026-01-24,30,pmf,increase,0.353
2026-01-10,wk flu hosp rate change,2,2026-01-24,30,pmf,large_decrease,0.002
2026-01-10,wk flu hosp rate change,2,2026-01-24,30,pmf,large_increase,0.045
2026-01-10,wk flu hosp rate change,2,2026-01-24,30,pmf,stable,0.239
2026-01-10,wk flu hosp rate change,2,2026-01-24,31,pmf,decrease,0.13786213786213786
2026-01-10,wk flu hosp rate change,2,2026-01-24,31,pmf,increase,0.41958041958041953
2026-01-10,wk flu hosp rate change,2,2026-01-24,31,pmf,large_decrease,0.001998001998001998
2026-01-10,wk flu hosp rate change,2,2026-01-24,31,pmf,large_increase,0.005994005994005993
2026-01-10,wk flu hosp rate change,2,2026-01-24,31,pmf,stable,0.4345654345654345
2026-01-10,wk flu hosp rate change,2,2026-01-24,32,pmf,decrease,0.385
2026-01-10,wk flu hosp rate change,2,2026-01-24,32,pmf,increase,0.165
2026-01-10,wk flu hosp rate change,2,2026-01-24,32,pmf,large_decrease,0.002
2026-01-10,wk flu hosp rate change,2,2026-01-24,32,pmf,large_increase,0.002
2026-01-10,wk flu hosp rate change,2,2026-01-24,32,pmf,stable,0.446
2026-01-10,wk flu hosp rate change,2,2026-01-24,33,pmf,decrease,0.15684315684315683
2026-01-10,wk flu hosp rate change,2,2026-01-24,33,pmf,increase,0.5064935064935064
2026-01-10,wk flu hosp rate change,2,2026-01-24,33,pmf,large_decrease,0.011988011988011986
2026-01-10,wk flu hosp rate change,2,2026-01-24,33,pmf,large_increase,0.03796203796203796
2026-01-10,wk flu hosp rate change,2,2026-01-24,33,pmf,stable,0.28671328671328666
2026-01-10,wk flu hosp rate change,2,2026-01-24,34,pmf,decrease,0.157
2026-01-10,wk flu hosp rate change,2,2026-01-24,34,pmf,increase,0.521
2026-01-10,wk flu hosp rate change,2,2026-01-24,34,pmf,large_decrease,0.021
2026-01-10,wk flu hosp rate change,2,2026-01-24,34,pmf,large_increase,0.042
2026-01-10,wk flu hosp rate change,2,2026-01-24,34,pmf,stable,0.259
2026-01-10,wk flu hosp rate change,2,2026-01-24,35,pmf,decrease,0.485
2026-01-10,wk flu hosp rate change,2,2026-01-24,35,pmf,increase,0.235
2026-01-10,wk flu hosp rate change,2,2026-01-24,35,pmf,large_decrease,0.011
2026-01-10,wk flu hosp rate change,2,2026-01-24,35,pmf,large_increase,0.018
2026-01-10,wk flu hosp rate change,2,2026-01-24,35,pmf,stable,0.251
2026-01-10,wk flu hosp rate change,2,2026-01-24,36,pmf,decrease,0.544
2026-01-10,wk flu hosp rate change,2,2026-01-24,36,pmf,increase,0.271
2026-01-10,wk flu hosp rate change,2,2026-01-24,36,pmf,large_decrease,0.01
2026-01-10,wk flu hosp rate change,2,2026-01-24,36,pmf,large_increase,0.006
2026-01-10,wk flu hosp rate change,2,2026-01-24,36,pmf,stable,0.169
2026-01-10,wk flu hosp rate change,2,2026-01-24,37,pmf,decrease,0.18081918081918083
2026-01-10,wk flu hosp rate change,2,2026-01-24,37,pmf,increase,0.39160839160839167
2026-01-10,wk flu hosp rate change,2,2026-01-24,37,pmf,large_decrease,0.09590409590409592
2026-01-10,wk flu hosp rate change,2,2026-01-24,37,pmf,large_increase,0.15084915084915085
2026-01-10,wk flu hosp rate change,2,2026-01-24,37,pmf,stable,0.18081918081918083
2026-01-10,wk flu hosp rate change,2,2026-01-24,38,pmf,decrease,0.409
2026-01-10,wk flu hosp rate change,2,2026-01-24,38,pmf,increase,0.257
2026-01-10,wk flu hosp rate change,2,2026-01-24,38,pmf,large_decrease,0.017
2026-01-10,wk flu hosp rate change,2,2026-01-24,38,pmf,large_increase,0.033
2026-01-10,wk flu hosp rate change,2,2026-01-24,38,pmf,stable,0.284
2026-01-10,wk flu hosp rate change,2,2026-01-24,39,pmf,decrease,0.144
2026-01-10,wk flu hosp rate change,2,2026-01-24,39,pmf,increase,0.461
2026-01-10,wk flu hosp rate change,2,2026-01-24,39,pmf,large_decrease,0.008
2026-01-10,wk flu hosp rate change,2,2026-01-24,39,pmf,large_increase,0.002
2026-01-10,wk flu hosp rate change,2,2026-01-24,39,pmf,stable,0.385
2026-01-10,wk flu hosp rate change,2,2026-01-24,40,pmf,decrease,0.056
2026-01-10,wk flu hosp rate change,2,2026-01-24,40,pmf,increase,0.54
2026-01-10,wk flu hosp rate change,2,2026-01-24,40,pmf,large_decrease,0.001
2026-01-10,wk flu hosp rate change,2,2026-01-24,40,pmf,large_increase,0.231
2026-01-10,wk flu hosp rate change,2,2026-01-24,40,pmf,stable,0.172
2026-01-10,wk flu hosp rate change,2,2026-01-24,41,pmf,decrease,0.388
2026-01-10,wk flu hosp rate change,2,2026-01-24,41,pmf,increase,0.262
2026-01-10,wk flu hosp rate change,2,2026-01-24,41,pmf,large_decrease,0.002
2026-01-10,wk flu hosp rate change,2,2026-01-24,41,pmf,large_increase,0.035
2026-01-10,wk flu hosp rate change,2,2026-01-24,41,pmf,stable,0.313
2026-01-10,wk flu hosp rate change,2,2026-01-24,42,pmf,decrease,0.162
2026-01-10,wk flu hosp rate change,2,2026-01-24,42,pmf,increase,0.509
2026-01-10,wk flu hosp rate change,2,2026-01-24,42,pmf,large_decrease,0.008
2026-01-10,wk flu hosp rate change,2,2026-01-24,42,pmf,large_increase,0.051
2026-01-10,wk flu hosp rate change,2,2026-01-24,42,pmf,stable,0.27
2026-01-10,wk flu hosp rate change,2,2026-01-24,44,pmf,decrease,0.123
2026-01-10,wk flu hosp rate change,2,2026-01-24,44,pmf,increase,0.576
2026-01-10,wk flu hosp rate change,2,2026-01-24,44,pmf,large_decrease,0.003
2026-01-10,wk flu hosp rate change,2,2026-01-24,44,pmf,large_increase,0.023
2026-01-10,wk flu hosp rate change,2,2026-01-24,44,pmf,stable,0.275
2026-01-10,wk flu hosp rate change,2,2026-01-24,45,pmf,decrease,0.137
2026-01-10,wk flu hosp rate change,2,2026-01-24,45,pmf,increase,0.54
2026-01-10,wk flu hosp rate change,2,2026-01-24,45,pmf,large_decrease,0.008
2026-01-10,wk flu hosp rate change,2,2026-01-24,45,pmf,large_increase,0.089
2026-01-10,wk flu hosp rate change,2,2026-01-24,45,pmf,stable,0.226
2026-01-10,wk flu hosp rate change,2,2026-01-24,46,pmf,decrease,0.059
2026-01-10,wk flu hosp rate change,2,2026-01-24,46,pmf,increase,0.748
2026-01-10,wk flu hosp rate change,2,2026-01-24,46,pmf,large_decrease,0.002
2026-01-10,wk flu hosp rate change,2,2026-01-24,46,pmf,large_increase,0.041
2026-01-10,wk flu hosp rate change,2,2026-01-24,46,pmf,stable,0.15
2026-01-10,wk flu hosp rate change,2,2026-01-24,47,pmf,decrease,0.25874125874125875
2026-01-10,wk flu hosp rate change,2,2026-01-24,47,pmf,increase,0.4445554445554446
2026-01-10,wk flu hosp rate change,2,2026-01-24,47,pmf,large_decrease,0.0019980019980019984
2026-01-10,wk flu hosp rate change,2,2026-01-24,47,pmf,large_increase,0.02197802197802198
2026-01-10,wk flu hosp rate change,2,2026-01-24,47,pmf,stable,0.27272727272727276
2026-01-10,wk flu hosp rate change,2,2026-01-24,48,pmf,decrease,0.285
2026-01-10,wk flu hosp rate change,2,2026-01-24,48,pmf,increase,0.418
2026-01-10,wk flu hosp rate change,2,2026-01-24,48,pmf,large_decrease,0.029
2026-01-10,wk flu hosp rate change,2,2026-01-24,48,pmf,large_increase,0.093
2026-01-10,wk flu hosp rate change,2,2026-01-24,48,pmf,stable,0.175
2026-01-10,wk flu hosp rate change,2,2026-01-24,49,pmf,decrease,0.458
2026-01-10,wk flu hosp rate change,2,2026-01-24,49,pmf,increase,0.24
2026-01-10,wk flu hosp rate change,2,2026-01-24,49,pmf,large_decrease,0.028
2026-01-10,wk flu hosp rate change,2,2026-01-24,49,pmf,large_increase,0.04
2026-01-10,wk flu hosp rate change,2,2026-01-24,49,pmf,stable,0.234
2026-01-10,wk flu hosp rate change,2,2026-01-24,50,pmf,decrease,0.1028971028971029
2026-01-10,wk flu hosp rate change,2,2026-01-24,50,pmf,increase,0.5574425574425576
2026-01-10,wk flu hosp rate change,2,2026-01-24,50,pmf,large_decrease,0.0019980019980019984
2026-01-10,wk flu hosp rate change,2,2026-01-24,50,pmf,large_increase,0.09490509490509491
2026-01-10,wk flu hosp rate change,2,2026-01-24,50,pmf,stable,0.24275724275724278
2026-01-10,wk flu hosp rate change,2,2026-01-24,51,pmf,decrease,0.294
2026-01-10,wk flu hosp rate change,2,2026-01-24,51,pmf,increase,0.414
2026-01-10,wk flu hosp rate change,2,2026-01-24,51,pmf,large_decrease,0.033
2026-01-10,wk flu hosp rate change,2,2026-01-24,51,pmf,large_increase,0.042
2026-01-10,wk flu hosp rate change,2,2026-01-24,51,pmf,stable,0.217
2026-01-10,wk flu hosp rate change,2,2026-01-24,53,pmf,decrease,0.319
2026-01-10,wk flu hosp rate change,2,2026-01-24,53,pmf,increase,0.314
2026-01-10,wk flu hosp rate change,2,2026-01-24,53,pmf,large_decrease,0.002
2026-01-10,wk flu hosp rate change,2,2026-01-24,53,pmf,large_increase,0.012
2026-01-10,wk flu hosp rate change,2,2026-01-24,53,pmf,stable,0.353
2026-01-10,wk flu hosp rate change,2,2026-01-24,54,pmf,decrease,0.144
2026-01-10,wk flu hosp rate change,2,2026-01-24,54,pmf,increase,0.514
2026-01-10,wk flu hosp rate change,2,2026-01-24,54,pmf,large_decrease,0.001
2026-01-10,wk flu hosp rate change,2,2026-01-24,54,pmf,large_increase,0.117
2026-01-10,wk flu hosp rate change,2,2026-01-24,54,pmf,stable,0.224
2026-01-10,wk flu hosp rate change,2,2026-01-24,55,pmf,decrease,0.142
2026-01-10,wk flu hosp rate change,2,2026-01-24,55,pmf,increase,0.511
2026-01-10,wk flu hosp rate change,2,2026-01-24,55,pmf,large_decrease,0.02
2026-01-10,wk flu hosp rate change,2,2026-01-24,55,pmf,large_increase,0.034
2026-01-10,wk flu hosp rate change,2,2026-01-24,55,pmf,stable,0.293
2026-01-10,wk flu hosp rate change,2,2026-01-24,56,pmf,decrease,0.001
2026-01-10,wk flu hosp rate change,2,2026-01-24,56,pmf,increase,0.063
2026-01-10,wk flu hosp rate change,2,2026-01-24,56,pmf,large_decrease,0.001
2026-01-10,wk flu hosp rate change,2,2026-01-24,56,pmf,large_increase,0.001
2026-01-10,wk flu hosp rate change,2,2026-01-24,56,pmf,stable,0.9339999999999999
2026-01-10,wk flu hosp rate change,2,2026-01-24,US,pmf,decrease,0.16083916083916083
2026-01-10,wk flu hosp rate change,2,2026-01-24,US,pmf,increase,0.48051948051948046
2026-01-10,wk flu hosp rate change,2,2026-01-24,US,pmf,large_decrease,0.015984015984015984
2026-01-10,wk flu hosp rate change,2,2026-01-24,US,pmf,large_increase,0.013986013986013984
2026-01-10,wk flu hosp rate change,2,2026-01-24,US,pmf,stable,0.32867132867132864
2026-01-10,wk flu hosp rate change,3,2026-01-31,01,pmf,decrease,0.29670329670329665
2026-01-10,wk flu hosp rate change,3,2026-01-31,01,pmf,increase,0.3816183816183816
2026-01-10,wk flu hosp rate change,3,2026-01-31,01,pmf,large_decrease,0.001998001998001998
2026-01-10,wk flu hosp rate change,3,2026-01-31,01,pmf,large_increase,0.10789210789210787
2026-01-10,wk flu hosp rate change,3,2026-01-31,01,pmf,stable,0.21178821178821175
2026-01-10,wk flu hosp rate change,3,2026-01-31,02,pmf,decrease,0.201
2026-01-10,wk flu hosp rate change,3,2026-01-31,02,pmf,increase,0.427
2026-01-10,wk flu hosp rate change,3,2026-01-31,02,pmf,large_decrease,0.009
2026-01-10,wk flu hosp rate change,3,2026-01-31,02,pmf,large_increase,0.02
2026-01-10,wk flu hosp rate change,3,2026-01-31,02,pmf,stable,0.343
2026-01-10,wk flu hosp rate change,3,2026-01-31,04,pmf,decrease,0.329
2026-01-10,wk flu hosp rate change,3,2026-01-31,04,pmf,increase,0.248
2026-01-10,wk flu hosp rate change,3,2026-01-31,04,pmf,large_decrease,0.002
2026-01-10,wk flu hosp rate change,3,2026-01-31,04,pmf,large_increase,0.028
2026-01-10,wk flu hosp rate change,3,2026-01-31,04,pmf,stable,0.393
2026-01-10,wk flu hosp rate change,3,2026-01-31,05,pmf,decrease,0.106
2026-01-10,wk flu hosp rate change,3,2026-01-31,05,pmf,increase,0.527
2026-01-10,wk flu hosp rate change,3,2026-01-31,05,pmf,large_decrease,0.001
2026-01-10,wk flu hosp rate change,3,2026-01-31,05,pmf,large_increase,0.143
2026-01-10,wk flu hosp rate change,3,2026-01-31,05,pmf,stable,0.223
2026-01-10,wk flu hosp rate change,3,2026-01-31,06,pmf,decrease,0.052
2026-01-10,wk flu hosp rate change,3,2026-01-31,06,pmf,increase,0.38
2026-01-10,wk flu hosp rate change,3,2026-01-31,06,pmf,large_decrease,0.002
2026-01-10,wk flu hosp rate change,3,2026-01-31,06,pmf,large_increase,0.004
2026-01-10,wk flu hosp rate change,3,2026-01-31,06,pmf,stable,0.5619999999999999
2026-01-10,wk flu hosp rate change,3,2026-01-31,08,pmf,decrease,0.212
2026-01-10,wk flu hosp rate change,3,2026-01-31,08,pmf,increase,0.309
2026-01-10,wk flu hosp rate change,3,2026-01-31,08,pmf,large_decrease,0.001
2026-01-10,wk flu hosp rate change,3,2026-01-31,08,pmf,large_increase,0.001
2026-01-10,wk flu hosp rate change,3,2026-01-31,08,pmf,stable,0.477
2026-01-10,wk flu hosp rate change,3,2026-01-31,09,pmf,decrease,0.18481518481518483
2026-01-10,wk flu hosp rate change,3,2026-01-31,09,pmf,increase,0.5484515484515485
2026-01-10,wk flu hosp rate change,3,2026-01-31,09,pmf,large_decrease,0.0019980019980019984
2026-01-10,wk flu hosp rate change,3,2026-01-31,09,pmf,large_increase,0.012987012987012988
2026-01-10,wk flu hosp rate change,3,2026-01-31,09,pmf,stable,0.2517482517482518
2026-01-10,wk flu hosp rate change,3,2026-01-31,10,pmf,decrease,0.284
2026-01-10,wk flu hosp rate change,3,2026-01-31,10,pmf,increase,0.348
2026-01-10,wk flu hosp rate change,3,2026-01-31,10,pmf,large_decrease,0.009
2026-01-10,wk flu hosp rate change,3,2026-01-31,10,pmf,large_increase,0.129
2026-01-10,wk flu hosp rate change,3,2026-01-31,10,pmf,stable,0.23000000000000012
2026-01-10,wk flu hosp rate change,3,2026-01-31,11,pmf,decrease,0.381
2026-01-10,wk flu hosp rate change,3,2026-01-31,11,pmf,increase,0.239
2026-01-10,wk flu hosp rate change,3,2026-01-31,11,pmf,large_decrease,0.031
2026-01-10,wk flu hosp rate change,3,2026-01-31,11,pmf,large_increase,0.008
2026-01-10,wk flu hosp rate change,3,2026-01-31,11,pmf,stable,0.341
2026-01-10,wk flu hosp rate change,3,2026-01-31,12,pmf,decrease,0.209
2026-01-10,wk flu hosp rate change,3,2026-01-31,12,pmf,increase,0.387
2026-01-10,wk flu hosp rate change,3,2026-01-31,12,pmf,large_decrease,0.001
2026-01-10,wk flu hosp rate change,3,2026-01-31,12,pmf,large_increase,0.008
2026-01-10,wk flu hosp rate change,3,2026-01-31,12,pmf,stable,0.395
2026-01-10,wk flu hosp rate change,3,2026-01-31,13,pmf,decrease,0.184
2026-01-10,wk flu hosp rate change,3,2026-01-31,13,pmf,increase,0.446
2026-01-10,wk flu hosp rate change,3,2026-01-31,13,pmf,large_decrease,0.007
2026-01-10,wk flu hosp rate change,3,2026-01-31,13,pmf,large_increase,0.007
2026-01-10,wk flu hosp rate change,3,2026-01-31,13,pmf,stable,0.356
2026-01-10,wk flu hosp rate change,3,2026-01-31,15,pmf,decrease,0.4515484515484515
2026-01-10,wk flu hosp rate change,3,2026-01-31,15,pmf,increase,0.22677322677322675
2026-01-10,wk flu hosp rate change,3,2026-01-31,15,pmf,large_decrease,0.12287712287712287
2026-01-10,wk flu hosp rate change,3,2026-01-31,15,pmf,large_increase,0.016983016983016984
2026-01-10,wk flu hosp rate change,3,2026-01-31,15,pmf,stable,0.1818181818181818
2026-01-10,wk flu hosp rate change,3,2026-01-31,16,pmf,decrease,0.467
2026-01-10,wk flu hosp rate change,3,2026-01-31,16,pmf,increase,0.171
2026-01-10,wk flu hosp rate change,3,2026-01-31,16,pmf,large_decrease,0.002
2026-01-10,wk flu hosp rate change,3,2026-01-31,16,pmf,large_increase,0.006
2026-01-10,wk flu hosp rate change,3,2026-01-31,16,pmf,stable,0.354
2026-01-10,wk flu hosp rate change,3,2026-01-31,17,pmf,decrease,0.179
2026-01-10,wk flu hosp rate change,3,2026-01-31,17,pmf,increase,0.457
2026-01-10,wk flu hosp rate change,3,2026-01-31,17,pmf,large_decrease,0.005
2026-01-10,wk flu hosp rate change,3,2026-01-31,17,pmf,large_increase,0.032
2026-01-10,wk flu hosp rate change,3,2026-01-31,17,pmf,stable,0.327
2026-01-10,wk flu hosp rate change,3,2026-01-31,18,pmf,decrease,0.174
2026-01-10,wk flu hosp rate change,3,2026-01-31,18,pmf,increase,0.477
2026-01-10,wk flu hosp rate change,3,2026-01-31,18,pmf,large_decrease,0.005
2026-01-10,wk flu hosp rate change,3,2026-01-31,18,pmf,large_increase,0.089
2026-01-10,wk flu hosp rate change,3,2026-01-31,18,pmf,stable,0.255
2026-01-10,wk flu hosp rate change,3,2026-01-31,19,pmf,decrease,0.08591408591408589
2026-01-10,wk flu hosp rate change,3,2026-01-31,19,pmf,increase,0.4425574425574425
2026-01-10,wk flu hosp rate change,3,2026-01-31,19,pmf,large_decrease,0.001998001998001998
2026-01-10,wk flu hosp rate change,3,2026-01-31,19,pmf,large_increase,0.3826173826173826
2026-01-10,wk flu hosp rate change,3,2026-01-31,19,pmf,stable,0.0869130869130869
2026-01-10,wk flu hosp rate change,3,2026-01-31,20,pmf,decrease,0.051
2026-01-10,wk flu hosp rate change,3,2026-01-31,20,pmf,increase,0.579
2026-01-10,wk flu hosp rate change,3,2026-01-31,20,pmf,large_decrease,0.002
2026-01-10,wk flu hosp rate change,3,2026-01-31,20,pmf,large_increase,0.032
2026-01-10,wk flu hosp rate change,3,2026-01-31,20,pmf,stable,0.336
2026-01-10,wk flu hosp rate change,3,2026-01-31,21,pmf,decrease,0.14685314685314682
2026-01-10,wk flu hosp rate change,3,2026-01-31,21,pmf,increase,0.4635364635364635
2026-01-10,wk flu hosp rate change,3,2026-01-31,21,pmf,large_decrease,0.001998001998001998
2026-01-10,wk flu hosp rate change,3,2026-01-31,21,pmf,large_increase,0.15884115884115882
2026-01-10,wk flu hosp rate change,3,2026-01-31,21,pmf,stable,0.22877122877122877
2026-01-10,wk flu hosp rate change,3,2026-01-31,22,pmf,decrease,0.298
2026-01-10,wk flu hosp rate change,3,2026-01-31,22,pmf,increase,0.336
2026-01-10,wk flu hosp rate change,3,2026-01-31,22,pmf,large_decrease,0.035
2026-01-10,wk flu hosp rate change,3,2026-01-31,22,pmf,large_increase,0.012
2026-01-10,wk flu hosp rate change,3,2026-01-31,22,pmf,stable,0.319
2026-01-10,wk flu hosp rate change,3,2026-01-31,23,pmf,decrease,0.126
2026-01-10,wk flu hosp rate change,3,2026-01-31,23,pmf,increase,0.562
2026-01-10,wk flu hosp rate change,3,2026-01-31,23,pmf,large_decrease,0.002
2026-01-10,wk flu hosp rate change,3,2026-01-31,23,pmf,large_increase,0.048
2026-01-10,wk flu hosp rate change,3,2026-01-31,23,pmf,stable,0.262
2026-01-10,wk flu hosp rate change,3,2026-01-31,24,pmf,decrease,0.19
2026-01-10,wk flu hosp rate change,3,2026-01-31,24,pmf,increase,0.455
2026-01-10,wk flu hosp rate change,3,2026-01-31,24,pmf,large_decrease,0.037
2026-01-10,wk flu hosp rate change,3,2026-01-31,24,pmf,large_increase,0.071
2026-01-10,wk flu hosp rate change,3,2026-01-31,24,pmf,stable,0.247
2026-01-10,wk flu hosp rate change,3,2026-01-31,25,pmf,decrease,0.17082917082917082
2026-01-10,wk flu hosp rate change,3,2026-01-31,25,pmf,increase,0.5324675324675324
2026-01-10,wk flu hosp rate change,3,2026-01-31,25,pmf,large_decrease,0.00899100899100899
2026-01-10,wk flu hosp rate change,3,2026-01-31,25,pmf,large_increase,0.05494505494505494
2026-01-10,wk flu hosp rate change,3,2026-01-31,25,pmf,stable,0.23276723276723274
2026-01-10,wk flu hosp rate change,3,2026-01-31,26,pmf,decrease,0.14785214785214787
2026-01-10,wk flu hosp rate change,3,2026-01-31,26,pmf,increase,0.46953046953046956
2026-01-10,wk flu hosp rate change,3,2026-01-31,26,pmf,large_decrease,0.015984015984015987
2026-01-10,wk flu hosp rate change,3,2026-01-31,26,pmf,large_increase,0.015984015984015987
2026-01-10,wk flu hosp rate change,3,2026-01-31,26,pmf,stable,0.35064935064935066
2026-01-10,wk flu hosp rate change,3,2026-01-31,27,pmf,decrease,0.226
2026-01-10,wk flu hosp rate change,3,2026-01-31,27,pmf,increase,0.417
2026-01-10,wk flu hosp rate change,3,2026-01-31,27,pmf,large_decrease,0.057
2026-01-10,wk flu hosp rate change,3,2026-01-31,27,pmf,large_increase,0.062
2026-01-10,wk flu hosp rate change,3,2026-01-31,27,pmf,stable,0.238
2026-01-10,wk flu hosp rate change,3,2026-01-31,28,pmf,decrease,0.242
2026-01-10,wk flu hosp rate change,3,2026-01-31,28,pmf,increase,0.399
2026-01-10,wk flu hosp rate change,3,2026-01-31,28,pmf,large_decrease,0.002
2026-01-10,wk flu hosp rate change,3,2026-01-31,28,pmf,large_increase,0.033
2026-01-10,wk flu hosp rate change,3,2026-01-31,28,pmf,stable,0.324
2026-01-10,wk flu hosp rate change,3,2026-01-31,30,pmf,decrease,0.296
2026-01-10,wk flu hosp rate change,3,2026-01-31,30,pmf,increase,0.346
2026-01-10,wk flu hosp rate change,3,2026-01-31,30,pmf,large_decrease,0.002
2026-01-10,wk flu hosp rate change,3,2026-01-31,30,pmf,large_increase,0.025
2026-01-10,wk flu hosp rate change,3,2026-01-31,30,pmf,stable,0.331
2026-01-10,wk flu hosp rate change,3,2026-01-31,31,pmf,decrease,0.064
2026-01-10,wk flu hosp rate change,3,2026-01-31,31,pmf,increase,0.402
2026-01-10,wk flu hosp rate change,3,2026-01-31,31,pmf,large_decrease,0.002
2026-01-10,wk flu hosp rate change,3,2026-01-31,31,pmf,large_increase,0.004
2026-01-10,wk flu hosp rate change,3,2026-01-31,31,pmf,stable,0.528
2026-01-10,wk flu hosp rate change,3,2026-01-31,32,pmf,decrease,0.283
2026-01-10,wk flu hosp rate change,3,2026-01-31,32,pmf,increase,0.133
2026-01-10,wk flu hosp rate change,3,2026-01-31,32,pmf,large_decrease,0.002
2026-01-10,wk flu hosp rate change,3,2026-01-31,32,pmf,large_increase,0.002
2026-01-10,wk flu hosp rate change,3,2026-01-31,32,pmf,stable,0.58
2026-01-10,wk flu hosp rate change,3,2026-01-31,33,pmf,decrease,0.132
2026-01-10,wk flu hosp rate change,3,2026-01-31,33,pmf,increase,0.506
2026-01-10,wk flu hosp rate change,3,2026-01-31,33,pmf,large_decrease,0.009
2026-01-10,wk flu hosp rate change,3,2026-01-31,33,pmf,large_increase,0.027
2026-01-10,wk flu hosp rate change,3,2026-01-31,33,pmf,stable,0.3259999999999999
2026-01-10,wk flu hosp rate change,3,2026-01-31,34,pmf,decrease,0.1598401598401598
2026-01-10,wk flu hosp rate change,3,2026-01-31,34,pmf,increase,0.48451548451548443
2026-01-10,wk flu hosp rate change,3,2026-01-31,34,pmf,large_decrease,0.006993006993006992
2026-01-10,wk flu hosp rate change,3,2026-01-31,34,pmf,large_increase,0.02897102897102897
2026-01-10,wk flu hosp rate change,3,2026-01-31,34,pmf,stable,0.3196803196803196
2026-01-10,wk flu hosp rate change,3,2026-01-31,35,pmf,decrease,0.432
2026-01-10,wk flu hosp rate change,3,2026-01-31,35,pmf,increase,0.22
2026-01-10,wk flu hosp rate change,3,2026-01-31,35,pmf,large_decrease,0.01
2026-01-10,wk flu hosp rate change,3,2026-01-31,35,pmf,large_increase,0.005
2026-01-10,wk flu hosp rate change,3,2026-01-31,35,pmf,stable,0.3329999999999999
2026-01-10,wk flu hosp rate change,3,2026-01-31,36,pmf,decrease,0.5384615384615384
2026-01-10,wk flu hosp rate change,3,2026-01-31,36,pmf,increase,0.21578421578421575
2026-01-10,wk flu hosp rate change,3,2026-01-31,36,pmf,large_decrease,0.044955044955044945
2026-01-10,wk flu hosp rate change,3,2026-01-31,36,pmf,large_increase,0.001998001998001998
2026-01-10,wk flu hosp rate change,3,2026-01-31,36,pmf,stable,0.1988011988011988
2026-01-10,wk flu hosp rate change,3,2026-01-31,37,pmf,decrease,0.155
2026-01-10,wk flu hosp rate change,3,2026-01-31,37,pmf,increase,0.383
2026-01-10,wk flu hosp rate change,3,2026-01-31,37,pmf,large_decrease,0.095
2026-01-10,wk flu hosp rate change,3,2026-01-31,37,pmf,large_increase,0.121
2026-01-10,wk flu hosp rate change,3,2026-01-31,37,pmf,stable,0.246
2026-01-10,wk flu hosp rate change,3,2026-01-31,38,pmf,decrease,0.353
2026-01-10,wk flu hosp rate change,3,2026-01-31,38,pmf,increase,0.274
2026-01-10,wk flu hosp rate change,3,2026-01-31,38,pmf,large_decrease,0.016
2026-01-10,wk flu hosp rate change,3,2026-01-31,38,pmf,large_increase,0.018
2026-01-10,wk flu hosp rate change,3,2026-01-31,38,pmf,stable,0.3389999999999999
2026-01-10,wk flu hosp rate change,3,2026-01-31,39,pmf,decrease,0.12
2026-01-10,wk flu hosp rate change,3,2026-01-31,39,pmf,increase,0.432
2026-01-10,wk flu hosp rate change,3,2026-01-31,39,pmf,large_decrease,0.003
2026-01-10,wk flu hosp rate change,3,2026-01-31,39,pmf,large_increase,0.003
2026-01-10,wk flu hosp rate change,3,2026-01-31,39,pmf,stable,0.4419999999999999
2026-01-10,wk flu hosp rate change,3,2026-01-31,40,pmf,decrease,0.04
2026-01-10,wk flu hosp rate change,3,2026-01-31,40,pmf,increase,0.542
2026-01-10,wk flu hosp rate change,3,2026-01-31,40,pmf,large_decrease,0.001
2026-01-10,wk flu hosp rate change,3,2026-01-31,40,pmf,large_increase,0.225
2026-01-10,wk flu hosp rate change,3,2026-01-31,40,pmf,stable,0.192
2026-01-10,wk flu hosp rate change,3,2026-01-31,41,pmf,decrease,0.295
2026-01-10,wk flu hosp rate change,3,2026-01-31,41,pmf,increase,0.247
2026-01-10,wk flu hosp rate change,3,2026-01-31,41,pmf,large_decrease,0.002
2026-01-10,wk flu hosp rate change,3,2026-01-31,41,pmf,large_increase,0.017
2026-01-10,wk flu hosp rate change,3,2026-01-31,41,pmf,stable,0.439
2026-01-10,wk flu hosp rate change,3,2026-01-31,42,pmf,decrease,0.151
2026-01-10,wk flu hosp rate change,3,2026-01-31,42,pmf,increase,0.502
2026-01-10,wk flu hosp rate change,3,2026-01-31,42,pmf,large_decrease,0.005
2026-01-10,wk flu hosp rate change,3,2026-01-31,42,pmf,large_increase,0.051
2026-01-10,wk flu hosp rate change,3,2026-01-31,42,pmf,stable,0.29099999999999987
2026-01-10,wk flu hosp rate change,3,2026-01-31,44,pmf,decrease,0.146
2026-01-10,wk flu hosp rate change,3,2026-01-31,44,pmf,increase,0.558
2026-01-10,wk flu hosp rate change,3,2026-01-31,44,pmf,large_decrease,0.002
2026-01-10,wk flu hosp rate change,3,2026-01-31,44,pmf,large_increase,0.023
2026-01-10,wk flu hosp rate change,3,2026-01-31,44,pmf,stable,0.271
2026-01-10,wk flu hosp rate change,3,2026-01-31,45,pmf,decrease,0.15
2026-01-10,wk flu hosp rate change,3,2026-01-31,45,pmf,increase,0.497
2026-01-10,wk flu hosp rate change,3,2026-01-31,45,pmf,large_decrease,0.007
2026-01-10,wk flu hosp rate change,3,2026-01-31,45,pmf,large_increase,0.074
2026-01-10,wk flu hosp rate change,3,2026-01-31,45,pmf,stable,0.272
2026-01-10,wk flu hosp rate change,3,2026-01-31,46,pmf,decrease,0.032
2026-01-10,wk flu hosp rate change,3,2026-01-31,46,pmf,increase,0.75
2026-01-10,wk flu hosp rate change,3,2026-01-31,46,pmf,large_decrease,0.002
2026-01-10,wk flu hosp rate change,3,2026-01-31,46,pmf,large_increase,0.037
2026-01-10,wk flu hosp rate change,3,2026-01-31,46,pmf,stable,0.17899999999999988
2026-01-10,wk flu hosp rate change,3,2026-01-31,47,pmf,decrease,0.19980019980019978
2026-01-10,wk flu hosp rate change,3,2026-01-31,47,pmf,increase,0.4505494505494505
2026-01-10,wk flu hosp rate change,3,2026-01-31,47,pmf,large_decrease,0.001998001998001998
2026-01-10,wk flu hosp rate change,3,2026-01-31,47,pmf,large_increase,0.010989010989010986
2026-01-10,wk flu hosp rate change,3,2026-01-31,47,pmf,stable,0.33666333666333664
2026-01-10,wk flu hosp rate change,3,2026-01-31,48,pmf,decrease,0.272
2026-01-10,wk flu hosp rate change,3,2026-01-31,48,pmf,increase,0.41
2026-01-10,wk flu hosp rate change,3,2026-01-31,48,pmf,large_decrease,0.011
2026-01-10,wk flu hosp rate change,3,2026-01-31,48,pmf,large_increase,0.071
2026-01-10,wk flu hosp rate change,3,2026-01-31,48,pmf,stable,0.2360000000000001
2026-01-10,wk flu hosp rate change,3,2026-01-31,49,pmf,decrease,0.483
2026-01-10,wk flu hosp rate change,3,2026-01-31,49,pmf,increase,0.201
2026-01-10,wk flu hosp rate change,3,2026-01-31,49,pmf,large_decrease,0.019
2026-01-10,wk flu hosp rate change,3,2026-01-31,49,pmf,large_increase,0.022
2026-01-10,wk flu hosp rate change,3,2026-01-31,49,pmf,stable,0.275
2026-01-10,wk flu hosp rate change,3,2026-01-31,50,pmf,decrease,0.093
2026-01-10,wk flu hosp rate change,3,2026-01-31,50,pmf,increase,0.524
2026-01-10,wk flu hosp rate change,3,2026-01-31,50,pmf,large_decrease,0.002
2026-01-10,wk flu hosp rate change,3,2026-01-31,50,pmf,large_increase,0.088
2026-01-10,wk flu hosp rate change,3,2026-01-31,50,pmf,stable,0.293
2026-01-10,wk flu hosp rate change,3,2026-01-31,51,pmf,decrease,0.2707292707292707
2026-01-10,wk flu hosp rate change,3,2026-01-31,51,pmf,increase,0.4075924075924075
2026-01-10,wk flu hosp rate change,3,2026-01-31,51,pmf,large_decrease,0.024975024975024972
2026-01-10,wk flu hosp rate change,3,2026-01-31,51,pmf,large_increase,0.05694305694305694
2026-01-10,wk flu hosp rate change,3,2026-01-31,51,pmf,stable,0.23976023976023972
2026-01-10,wk flu hosp rate change,3,2026-01-31,53,pmf,decrease,0.227
2026-01-10,wk flu hosp rate change,3,2026-01-31,53,pmf,increase,0.292
2026-01-10,wk flu hosp rate change,3,2026-01-31,53,pmf,large_decrease,0.002
2026-01-10,wk flu hosp rate change,3,2026-01-31,53,pmf,large_increase,0.01
2026-01-10,wk flu hosp rate change,3,2026-01-31,53,pmf,stable,0.469
2026-01-10,wk flu hosp rate change,3,2026-01-31,54,pmf,decrease,0.137
2026-01-10,wk flu hosp rate change,3,2026-01-31,54,pmf,increase,0.499
2026-01-10,wk flu hosp rate change,3,2026-01-31,54,pmf,large_decrease,0.001
2026-01-10,wk flu hosp rate change,3,2026-01-31,54,pmf,large_increase,0.116
2026-01-10,wk flu hosp rate change,3,2026-01-31,54,pmf,stable,0.247
2026-01-10,wk flu hosp rate change,3,2026-01-31,55,pmf,decrease,0.15
2026-01-10,wk flu hosp rate change,3,2026-01-31,55,pmf,increase,0.471
2026-01-10,wk flu hosp rate change,3,2026-01-31,55,pmf,large_decrease,0.016
2026-01-10,wk flu hosp rate change,3,2026-01-31,55,pmf,large_increase,0.023
2026-01-10,wk flu hosp rate change,3,2026-01-31,55,pmf,stable,0.3399999999999999
2026-01-10,wk flu hosp rate change,3,2026-01-31,56,pmf,decrease,0.001
2026-01-10,wk flu hosp rate change,3,2026-01-31,56,pmf,increase,0.056
2026-01-10,wk flu hosp rate change,3,2026-01-31,56,pmf,large_decrease,0.001
2026-01-10,wk flu hosp rate change,3,2026-01-31,56,pmf,large_increase,0.001
2026-01-10,wk flu hosp rate change,3,2026-01-31,56,pmf,stable,0.941
2026-01-10,wk flu hosp rate change,3,2026-01-31,US,pmf,decrease,0.167
2026-01-10,wk flu hosp rate change,3,2026-01-31,US,pmf,increase,0.446
2026-01-10,wk flu hosp rate change,3,2026-01-31,US,pmf,large_decrease,0.008
2026-01-10,wk flu hosp rate change,3,2026-01-31,US,pmf,large_increase,0.006
2026-01-10,wk flu hosp rate change,3,2026-01-31,US,pmf,stable,0.373
2026-01-10,wk inc flu hosp,0,2026-01-10,01,quantile,0.01,113.0
2026-01-10,wk inc flu hosp,0,2026-01-10,01,quantile,0.025,150.0
2026-01-10,wk inc flu hosp,0,2026-01-10,01,quantile,0.05,181.0
2026-01-10,wk inc flu hosp,0,2026-01-10,01,quantile,0.1,208.0
2026-01-10,wk inc flu hosp,0,2026-01-10,01,quantile,0.15,229.0
2026-01-10,wk inc flu hosp,0,2026-01-10,01,quantile,0.2,244.0
2026-01-10,wk inc flu hosp,0,2026-01-10,01,quantile,0.25,258.0
2026-01-10,wk inc flu hosp,0,2026-01-10,01,quantile,0.3,274.0
2026-01-10,wk inc flu hosp,0,2026-01-10,01,quantile,0.35,286.0
2026-01-10,wk inc flu hosp,0,2026-01-10,01,quantile,0.4,297.0
2026-01-10,wk inc flu hosp,0,2026-01-10,01,quantile,0.45,310.0
2026-01-10,wk inc flu hosp,0,2026-01-10,01,quantile,0.5,320.0
2026-01-10,wk inc flu hosp,0,2026-01-10,01,quantile,0.55,330.0
2026-01-10,wk inc flu hosp,0,2026-01-10,01,quantile,0.6,344.0
2026-01-10,wk inc flu hosp,0,2026-01-10,01,quantile,0.65,356.0
2026-01-10,wk inc flu hosp,0,2026-01-10,01,quantile,0.7,368.0
2026-01-10,wk inc flu hosp,0,2026-01-10,01,quantile,0.75,384.0
2026-01-10,wk inc flu hosp,0,2026-01-10,01,quantile,0.8,399.0
2026-01-10,wk inc flu hosp,0,2026-01-10,01,quantile,0.85,414.0
2026-01-10,wk inc flu hosp,0,2026-01-10,01,quantile,0.9,438.0
2026-01-10,wk inc flu hosp,0,2026-01-10,01,quantile,0.95,475.0
2026-01-10,wk inc flu hosp,0,2026-01-10,01,quantile,0.975,497.0
2026-01-10,wk inc flu hosp,0,2026-01-10,01,quantile,0.99,534.0
2026-01-10,wk inc flu hosp,0,2026-01-10,02,quantile,0.01,37.0
2026-01-10,wk inc flu hosp,0,2026-01-10,02,quantile,0.025,42.0
2026-01-10,wk inc flu hosp,0,2026-01-10,02,quantile,0.05,47.0
2026-01-10,wk inc flu hosp,0,2026-01-10,02,quantile,0.1,52.0
2026-01-10,wk inc flu hosp,0,2026-01-10,02,quantile,0.15,55.0
2026-01-10,wk inc flu hosp,0,2026-01-10,02,quantile,0.2,57.0
2026-01-10,wk inc flu hosp,0,2026-01-10,02,quantile,0.25,58.0
2026-01-10,wk inc flu hosp,0,2026-01-10,02,quantile,0.3,59.0
2026-01-10,wk inc flu hosp,0,2026-01-10,02,quantile,0.35,60.0
2026-01-10,wk inc flu hosp,0,2026-01-10,02,quantile,0.4,61.0
2026-01-10,wk inc flu hosp,0,2026-01-10,02,quantile,0.45,62.0
2026-01-10,wk inc flu hosp,0,2026-01-10,02,quantile,0.5,63.0
2026-01-10,wk inc flu hosp,0,2026-01-10,02,quantile,0.55,64.0
2026-01-10,wk inc flu hosp,0,2026-01-10,02,quantile,0.6,65.0
2026-01-10,wk inc flu hosp,0,2026-01-10,02,quantile,0.65,65.0
2026-01-10,wk inc flu hosp,0,2026-01-10,02,quantile,0.7,66.0
2026-01-10,wk inc flu hosp,0,2026-01-10,02,quantile,0.75,67.0
2026-01-10,wk inc flu hosp,0,2026-01-10,02,quantile,0.8,69.0
2026-01-10,wk inc flu hosp,0,2026-01-10,02,quantile,0.85,70.0
2026-01-10,wk inc flu hosp,0,2026-01-10,02,quantile,0.9,73.0
2026-01-10,wk inc flu hosp,0,2026-01-10,02,quantile,0.95,76.0
2026-01-10,wk inc flu hosp,0,2026-01-10,02,quantile,0.975,78.0
2026-01-10,wk inc flu hosp,0,2026-01-10,02,quantile,0.99,81.0
2026-01-10,wk inc flu hosp,0,2026-01-10,04,quantile,0.01,59.0
2026-01-10,wk inc flu hosp,0,2026-01-10,04,quantile,0.025,71.0
2026-01-10,wk inc flu hosp,0,2026-01-10,04,quantile,0.05,78.0
2026-01-10,wk inc flu hosp,0,2026-01-10,04,quantile,0.1,102.0
2026-01-10,wk inc flu hosp,0,2026-01-10,04,quantile,0.15,120.0
2026-01-10,wk inc flu hosp,0,2026-01-10,04,quantile,0.2,136.0
2026-01-10,wk inc flu hosp,0,2026-01-10,04,quantile,0.25,148.0
2026-01-10,wk inc flu hosp,0,2026-01-10,04,quantile,0.3,160.0
2026-01-10,wk inc flu hosp,0,2026-01-10,04,quantile,0.35,169.0
2026-01-10,wk inc flu hosp,0,2026-01-10,04,quantile,0.4,181.0
2026-01-10,wk inc flu hosp,0,2026-01-10,04,quantile,0.45,192.0
2026-01-10,wk inc flu hosp,0,2026-01-10,04,quantile,0.5,202.0
2026-01-10,wk inc flu hosp,0,2026-01-10,04,quantile,0.55,214.0
2026-01-10,wk inc flu hosp,0,2026-01-10,04,quantile,0.6,225.0
2026-01-10,wk inc flu hosp,0,2026-01-10,04,quantile,0.65,237.0
2026-01-10,wk inc flu hosp,0,2026-01-10,04,quantile,0.7,247.0
2026-01-10,wk inc flu hosp,0,2026-01-10,04,quantile,0.75,259.0
2026-01-10,wk inc flu hosp,0,2026-01-10,04,quantile,0.8,276.0
2026-01-10,wk inc flu hosp,0,2026-01-10,04,quantile,0.85,292.0
2026-01-10,wk inc flu hosp,0,2026-01-10,04,quantile,0.9,315.0
2026-01-10,wk inc flu hosp,0,2026-01-10,04,quantile,0.95,348.0
2026-01-10,wk inc flu hosp,0,2026-01-10,04,quantile,0.975,384.0
2026-01-10,wk inc flu hosp,0,2026-01-10,04,quantile,0.99,403.0
2026-01-10,wk inc flu hosp,0,2026-01-10,05,quantile,0.01,67.0
2026-01-10,wk inc flu hosp,0,2026-01-10,05,quantile,0.025,84.0
2026-01-10,wk inc flu hosp,0,2026-01-10,05,quantile,0.05,95.0
2026-01-10,wk inc flu hosp,0,2026-01-10,05,quantile,0.1,107.0
2026-01-10,wk inc flu hosp,0,2026-01-10,05,quantile,0.15,118.0
2026-01-10,wk inc flu hosp,0,2026-01-10,05,quantile,0.2,124.0
2026-01-10,wk inc flu hosp,0,2026-01-10,05,quantile,0.25,130.0
2026-01-10,wk inc flu hosp,0,2026-01-10,05,quantile,0.3,136.0
2026-01-10,wk inc flu hosp,0,2026-01-10,05,quantile,0.35,142.0
2026-01-10,wk inc flu hosp,0,2026-01-10,05,quantile,0.4,147.0
2026-01-10,wk inc flu hosp,0,2026-01-10,05,quantile,0.45,152.0
2026-01-10,wk inc flu hosp,0,2026-01-10,05,quantile,0.5,157.0
2026-01-10,wk inc flu hosp,0,2026-01-10,05,quantile,0.55,163.0
2026-01-10,wk inc flu hosp,0,2026-01-10,05,quantile,0.6,167.0
2026-01-10,wk inc flu hosp,0,2026-01-10,05,quantile,0.65,173.0
2026-01-10,wk inc flu hosp,0,2026-01-10,05,quantile,0.7,178.0
2026-01-10,wk inc flu hosp,0,2026-01-10,05,quantile,0.75,184.0
2026-01-10,wk inc flu hosp,0,2026-01-10,05,quantile,0.8,190.0
2026-01-10,wk inc flu hosp,0,2026-01-10,05,quantile,0.85,197.0
2026-01-10,wk inc flu hosp,0,2026-01-10,05,quantile,0.9,208.0
2026-01-10,wk inc flu hosp,0,2026-01-10,05,quantile,0.95,223.0
2026-01-10,wk inc flu hosp,0,2026-01-10,05,quantile,0.975,241.0
2026-01-10,wk inc flu hosp,0,2026-01-10,05,quantile,0.99,251.0
2026-01-10,wk inc flu hosp,0,2026-01-10,06,quantile,0.01,232.0
2026-01-10,wk inc flu hosp,0,2026-01-10,06,quantile,0.025,294.0
2026-01-10,wk inc flu hosp,0,2026-01-10,06,quantile,0.05,434.0
2026-01-10,wk inc flu hosp,0,2026-01-10,06,quantile,0.1,606.0
2026-01-10,wk inc flu hosp,0,2026-01-10,06,quantile,0.15,702.0
2026-01-10,wk inc flu hosp,0,2026-01-10,06,quantile,0.2,750.0
2026-01-10,wk inc flu hosp,0,2026-01-10,06,quantile,0.25,797.0
2026-01-10,wk inc flu hosp,0,2026-01-10,06,quantile,0.3,840.0
2026-01-10,wk inc flu hosp,0,2026-01-10,06,quantile,0.35,891.0
2026-01-10,wk inc flu hosp,0,2026-01-10,06,quantile,0.4,929.0
2026-01-10,wk inc flu hosp,0,2026-01-10,06,quantile,0.45,970.0
2026-01-10,wk inc flu hosp,0,2026-01-10,06,quantile,0.5,1004.0
2026-01-10,wk inc flu hosp,0,2026-01-10,06,quantile,0.55,1039.0
2026-01-10,wk inc flu hosp,0,2026-01-10,06,quantile,0.6,1078.0
2026-01-10,wk inc flu hosp,0,2026-01-10,06,quantile,0.65,1119.0
2026-01-10,wk inc flu hosp,0,2026-01-10,06,quantile,0.7,1157.0
2026-01-10,wk inc flu hosp,0,2026-01-10,06,quantile,0.75,1196.0
2026-01-10,wk inc flu hosp,0,2026-01-10,06,quantile,0.8,1255.0
2026-01-10,wk inc flu hosp,0,2026-01-10,06,quantile,0.85,1315.0
2026-01-10,wk inc flu hosp,0,2026-01-10,06,quantile,0.9,1402.0
2026-01-10,wk inc flu hosp,0,2026-01-10,06,quantile,0.95,1505.0
2026-01-10,wk inc flu hosp,0,2026-01-10,06,quantile,0.975,1579.0
2026-01-10,wk inc flu hosp,0,2026-01-10,06,quantile,0.99,1665.0
2026-01-10,wk inc flu hosp,0,2026-01-10,08,quantile,0.01,244.0
2026-01-10,wk inc flu hosp,0,2026-01-10,08,quantile,0.025,279.0
2026-01-10,wk inc flu hosp,0,2026-01-10,08,quantile,0.05,314.0
2026-01-10,wk inc flu hosp,0,2026-01-10,08,quantile,0.1,349.0
2026-01-10,wk inc flu hosp,0,2026-01-10,08,quantile,0.15,379.0
2026-01-10,wk inc flu hosp,0,2026-01-10,08,quantile,0.2,400.0
2026-01-10,wk inc flu hosp,0,2026-01-10,08,quantile,0.25,407.0
2026-01-10,wk inc flu hosp,0,2026-01-10,08,quantile,0.3,413.0
2026-01-10,wk inc flu hosp,0,2026-01-10,08,quantile,0.35,419.0
2026-01-10,wk inc flu hosp,0,2026-01-10,08,quantile,0.4,424.0
2026-01-10,wk inc flu hosp,0,2026-01-10,08,quantile,0.45,429.0
2026-01-10,wk inc flu hosp,0,2026-01-10,08,quantile,0.5,434.0
2026-01-10,wk inc flu hosp,0,2026-01-10,08,quantile,0.55,438.0
2026-01-10,wk inc flu hosp,0,2026-01-10,08,quantile,0.6,443.0
2026-01-10,wk inc flu hosp,0,2026-01-10,08,quantile,0.65,448.0
2026-01-10,wk inc flu hosp,0,2026-01-10,08,quantile,0.7,453.0
2026-01-10,wk inc flu hosp,0,2026-01-10,08,quantile,0.75,459.0
2026-01-10,wk inc flu hosp,0,2026-01-10,08,quantile,0.8,467.0
2026-01-10,wk inc flu hosp,0,2026-01-10,08,quantile,0.85,476.0
2026-01-10,wk inc flu hosp,0,2026-01-10,08,quantile,0.9,487.0
2026-01-10,wk inc flu hosp,0,2026-01-10,08,quantile,0.95,504.0
2026-01-10,wk inc flu hosp,0,2026-01-10,08,quantile,0.975,516.0
2026-01-10,wk inc flu hosp,0,2026-01-10,08,quantile,0.99,527.0
2026-01-10,wk inc flu hosp,0,2026-01-10,09,quantile,0.01,179.0
2026-01-10,wk inc flu hosp,0,2026-01-10,09,quantile,0.025,208.0
2026-01-10,wk inc flu hosp,0,2026-01-10,09,quantile,0.05,236.0
2026-01-10,wk inc flu hosp,0,2026-01-10,09,quantile,0.1,262.0
2026-01-10,wk inc flu hosp,0,2026-01-10,09,quantile,0.15,275.0
2026-01-10,wk inc flu hosp,0,2026-01-10,09,quantile,0.2,281.0
2026-01-10,wk inc flu hosp,0,2026-01-10,09,quantile,0.25,286.0
2026-01-10,wk inc flu hosp,0,2026-01-10,09,quantile,0.3,291.0
2026-01-10,wk inc flu hosp,0,2026-01-10,09,quantile,0.35,295.0
2026-01-10,wk inc flu hosp,0,2026-01-10,09,quantile,0.4,298.0
2026-01-10,wk inc flu hosp,0,2026-01-10,09,quantile,0.45,303.0
2026-01-10,wk inc flu hosp,0,2026-01-10,09,quantile,0.5,307.0
2026-01-10,wk inc flu hosp,0,2026-01-10,09,quantile,0.55,311.0
2026-01-10,wk inc flu hosp,0,2026-01-10,09,quantile,0.6,315.0
2026-01-10,wk inc flu hosp,0,2026-01-10,09,quantile,0.65,318.0
2026-01-10,wk inc flu hosp,0,2026-01-10,09,quantile,0.7,322.0
2026-01-10,wk inc flu hosp,0,2026-01-10,09,quantile,0.75,327.0
2026-01-10,wk inc flu hosp,0,2026-01-10,09,quantile,0.8,333.0
2026-01-10,wk inc flu hosp,0,2026-01-10,09,quantile,0.85,338.0
2026-01-10,wk inc flu hosp,0,2026-01-10,09,quantile,0.9,346.0
2026-01-10,wk inc flu hosp,0,2026-01-10,09,quantile,0.95,358.0
2026-01-10,wk inc flu hosp,0,2026-01-10,09,quantile,0.975,366.0
2026-01-10,wk inc flu hosp,0,2026-01-10,09,quantile,0.99,378.0
2026-01-10,wk inc flu hosp,0,2026-01-10,10,quantile,0.01,42.0
2026-01-10,wk inc flu hosp,0,2026-01-10,10,quantile,0.025,49.0
2026-01-10,wk inc flu hosp,0,2026-01-10,10,quantile,0.05,55.0
2026-01-10,wk inc flu hosp,0,2026-01-10,10,quantile,0.1,62.0
2026-01-10,wk inc flu hosp,0,2026-01-10,10,quantile,0.15,66.0
2026-01-10,wk inc flu hosp,0,2026-01-10,10,quantile,0.2,69.0
2026-01-10,wk inc flu hosp,0,2026-01-10,10,quantile,0.25,71.0
2026-01-10,wk inc flu hosp,0,2026-01-10,10,quantile,0.3,73.0
2026-01-10,wk inc flu hosp,0,2026-01-10,10,quantile,0.35,75.0
2026-01-10,wk inc flu hosp,0,2026-01-10,10,quantile,0.4,76.0
2026-01-10,wk inc flu hosp,0,2026-01-10,10,quantile,0.45,79.0
2026-01-10,wk inc flu hosp,0,2026-01-10,10,quantile,0.5,80.0
2026-01-10,wk inc flu hosp,0,2026-01-10,10,quantile,0.55,82.0
2026-01-10,wk inc flu hosp,0,2026-01-10,10,quantile,0.6,84.0
2026-01-10,wk inc flu hosp,0,2026-01-10,10,quantile,0.65,85.0
2026-01-10,wk inc flu hosp,0,2026-01-10,10,quantile,0.7,87.0
2026-01-10,wk inc flu hosp,0,2026-01-10,10,quantile,0.75,89.0
2026-01-10,wk inc flu hosp,0,2026-01-10,10,quantile,0.8,91.0
2026-01-10,wk inc flu hosp,0,2026-01-10,10,quantile,0.85,94.0
2026-01-10,wk inc flu hosp,0,2026-01-10,10,quantile,0.9,97.0
2026-01-10,wk inc flu hosp,0,2026-01-10,10,quantile,0.95,102.0
2026-01-10,wk inc flu hosp,0,2026-01-10,10,quantile,0.975,106.0
2026-01-10,wk inc flu hosp,0,2026-01-10,10,quantile,0.99,111.0
2026-01-10,wk inc flu hosp,0,2026-01-10,11,quantile,0.01,25.0
2026-01-10,wk inc flu hosp,0,2026-01-10,11,quantile,0.025,29.0
2026-01-10,wk inc flu hosp,0,2026-01-10,11,quantile,0.05,32.0
2026-01-10,wk inc flu hosp,0,2026-01-10,11,quantile,0.1,36.0
2026-01-10,wk inc flu hosp,0,2026-01-10,11,quantile,0.15,38.0
2026-01-10,wk inc flu hosp,0,2026-01-10,11,quantile,0.2,39.0
2026-01-10,wk inc flu hosp,0,2026-01-10,11,quantile,0.25,40.0
2026-01-10,wk inc flu hosp,0,2026-01-10,11,quantile,0.3,41.0
2026-01-10,wk inc flu hosp,0,2026-01-10,11,quantile,0.35,41.0
2026-01-10,wk inc flu hosp,0,2026-01-10,11,quantile,0.4,42.0
2026-01-10,wk inc flu hosp,0,2026-01-10,11,quantile,0.45,43.0
2026-01-10,wk inc flu hosp,0,2026-01-10,11,quantile,0.5,44.0
2026-01-10,wk inc flu hosp,0,2026-01-10,11,quantile,0.55,44.0
2026-01-10,wk inc flu hosp,0,2026-01-10,11,quantile,0.6,45.0
2026-01-10,wk inc flu hosp,0,2026-01-10,11,quantile,0.65,46.0
2026-01-10,wk inc flu hosp,0,2026-01-10,11,quantile,0.7,47.0
2026-01-10,wk inc flu hosp,0,2026-01-10,11,quantile,0.75,48.0
2026-01-10,wk inc flu hosp,0,2026-01-10,11,quantile,0.8,49.0
2026-01-10,wk inc flu hosp,0,2026-01-10,11,quantile,0.85,50.0
2026-01-10,wk inc flu hosp,0,2026-01-10,11,quantile,0.9,51.0
2026-01-10,wk inc flu hosp,0,2026-01-10,11,quantile,0.95,54.0
2026-01-10,wk inc flu hosp,0,2026-01-10,11,quantile,0.975,56.0
2026-01-10,wk inc flu hosp,0,2026-01-10,11,quantile,0.99,58.0
2026-01-10,wk inc flu hosp,0,2026-01-10,12,quantile,0.01,522.0
2026-01-10,wk inc flu hosp,0,2026-01-10,12,quantile,0.025,608.0
2026-01-10,wk inc flu hosp,0,2026-01-10,12,quantile,0.05,711.0
2026-01-10,wk inc flu hosp,0,2026-01-10,12,quantile,0.1,848.0
2026-01-10,wk inc flu hosp,0,2026-01-10,12,quantile,0.15,927.0
2026-01-10,wk inc flu hosp,0,2026-01-10,12,quantile,0.2,1003.0
2026-01-10,wk inc flu hosp,0,2026-01-10,12,quantile,0.25,1064.0
2026-01-10,wk inc flu hosp,0,2026-01-10,12,quantile,0.3,1102.0
2026-01-10,wk inc flu hosp,0,2026-01-10,12,quantile,0.35,1127.0
2026-01-10,wk inc flu hosp,0,2026-01-10,12,quantile,0.4,1150.0
2026-01-10,wk inc flu hosp,0,2026-01-10,12,quantile,0.45,1173.0
2026-01-10,wk inc flu hosp,0,2026-01-10,12,quantile,0.5,1195.0
2026-01-10,wk inc flu hosp,0,2026-01-10,12,quantile,0.55,1222.0
2026-01-10,wk inc flu hosp,0,2026-01-10,12,quantile,0.6,1249.0
2026-01-10,wk inc flu hosp,0,2026-01-10,12,quantile,0.65,1275.0
2026-01-10,wk inc flu hosp,0,2026-01-10,12,quantile,0.7,1302.0
2026-01-10,wk inc flu hosp,0,2026-01-10,12,quantile,0.75,1333.0
2026-01-10,wk inc flu hosp,0,2026-01-10,12,quantile,0.8,1372.0
2026-01-10,wk inc flu hosp,0,2026-01-10,12,quantile,0.85,1411.0
2026-01-10,wk inc flu hosp,0,2026-01-10,12,quantile,0.9,1458.0
2026-01-10,wk inc flu hosp,0,2026-01-10,12,quantile,0.95,1523.0
2026-01-10,wk inc flu hosp,0,2026-01-10,12,quantile,0.975,1575.0
2026-01-10,wk inc flu hosp,0,2026-01-10,12,quantile,0.99,1632.0
2026-01-10,wk inc flu hosp,0,2026-01-10,13,quantile,0.01,308.0
2026-01-10,wk inc flu hosp,0,2026-01-10,13,quantile,0.025,388.0
2026-01-10,wk inc flu hosp,0,2026-01-10,13,quantile,0.05,461.0
2026-01-10,wk inc flu hosp,0,2026-01-10,13,quantile,0.1,502.0
2026-01-10,wk inc flu hosp,0,2026-01-10,13,quantile,0.15,536.0
2026-01-10,wk inc flu hosp,0,2026-01-10,13,quantile,0.2,560.0
2026-01-10,wk inc flu hosp,0,2026-01-10,13,quantile,0.25,577.0
2026-01-10,wk inc flu hosp,0,2026-01-10,13,quantile,0.3,596.0
2026-01-10,wk inc flu hosp,0,2026-01-10,13,quantile,0.35,612.0
2026-01-10,wk inc flu hosp,0,2026-01-10,13,quantile,0.4,629.0
2026-01-10,wk inc flu hosp,0,2026-01-10,13,quantile,0.45,644.0
2026-01-10,wk inc flu hosp,0,2026-01-10,13,quantile,0.5,658.0
2026-01-10,wk inc flu hosp,0,2026-01-10,13,quantile,0.55,672.0
2026-01-10,wk inc flu hosp,0,2026-01-10,13,quantile,0.6,687.0
2026-01-10,wk inc flu hosp,0,2026-01-10,13,quantile,0.65,702.0
2026-01-10,wk inc flu hosp,0,2026-01-10,13,quantile,0.7,717.0
2026-01-10,wk inc flu hosp,0,2026-01-10,13,quantile,0.75,737.0
2026-01-10,wk inc flu hosp,0,2026-01-10,13,quantile,0.8,758.0
2026-01-10,wk inc flu hosp,0,2026-01-10,13,quantile,0.85,780.0
2026-01-10,wk inc flu hosp,0,2026-01-10,13,quantile,0.9,814.0
2026-01-10,wk inc flu hosp,0,2026-01-10,13,quantile,0.95,855.0
2026-01-10,wk inc flu hosp,0,2026-01-10,13,quantile,0.975,894.0
2026-01-10,wk inc flu hosp,0,2026-01-10,13,quantile,0.99,939.0
2026-01-10,wk inc flu hosp,0,2026-01-10,15,quantile,0.01,24.0
2026-01-10,wk inc flu hosp,0,2026-01-10,15,quantile,0.025,34.0
2026-01-10,wk inc flu hosp,0,2026-01-10,15,quantile,0.05,44.0
2026-01-10,wk inc flu hosp,0,2026-01-10,15,quantile,0.1,58.0
2026-01-10,wk inc flu hosp,0,2026-01-10,15,quantile,0.15,69.0
2026-01-10,wk inc flu hosp,0,2026-01-10,15,quantile,0.2,77.0
2026-01-10,wk inc flu hosp,0,2026-01-10,15,quantile,0.25,84.0
2026-01-10,wk inc flu hosp,0,2026-01-10,15,quantile,0.3,90.0
2026-01-10,wk inc flu hosp,0,2026-01-10,15,quantile,0.35,96.0
2026-01-10,wk inc flu hosp,0,2026-01-10,15,quantile,0.4,102.0
2026-01-10,wk inc flu hosp,0,2026-01-10,15,quantile,0.45,107.0
2026-01-10,wk inc flu hosp,0,2026-01-10,15,quantile,0.5,110.0
2026-01-10,wk inc flu hosp,0,2026-01-10,15,quantile,0.55,113.0
2026-01-10,wk inc flu hosp,0,2026-01-10,15,quantile,0.6,116.0
2026-01-10,wk inc flu hosp,0,2026-01-10,15,quantile,0.65,120.0
2026-01-10,wk inc flu hosp,0,2026-01-10,15,quantile,0.7,123.0
2026-01-10,wk inc flu hosp,0,2026-01-10,15,quantile,0.75,127.0
2026-01-10,wk inc flu hosp,0,2026-01-10,15,quantile,0.8,132.0
2026-01-10,wk inc flu hosp,0,2026-01-10,15,quantile,0.85,137.0
2026-01-10,wk inc flu hosp,0,2026-01-10,15,quantile,0.9,144.0
2026-01-10,wk inc flu hosp,0,2026-01-10,15,quantile,0.95,157.0
2026-01-10,wk inc flu hosp,0,2026-01-10,15,quantile,0.975,165.0
2026-01-10,wk inc flu hosp,0,2026-01-10,15,quantile,0.99,173.0
2026-01-10,wk inc flu hosp,0,2026-01-10,16,quantile,0.01,40.0
2026-01-10,wk inc flu hosp,0,2026-01-10,16,quantile,0.025,51.0
2026-01-10,wk inc flu hosp,0,2026-01-10,16,quantile,0.05,62.0
2026-01-10,wk inc flu hosp,0,2026-01-10,16,quantile,0.1,72.0
2026-01-10,wk inc flu hosp,0,2026-01-10,16,quantile,0.15,78.0
2026-01-10,wk inc flu hosp,0,2026-01-10,16,quantile,0.2,82.0
2026-01-10,wk inc flu hosp,0,2026-01-10,16,quantile,0.25,85.0
2026-01-10,wk inc flu hosp,0,2026-01-10,16,quantile,0.3,88.0
2026-01-10,wk inc flu hosp,0,2026-01-10,16,quantile,0.35,91.0
2026-01-10,wk inc flu hosp,0,2026-01-10,16,quantile,0.4,93.0
2026-01-10,wk inc flu hosp,0,2026-01-10,16,quantile,0.45,96.0
2026-01-10,wk inc flu hosp,0,2026-01-10,16,quantile,0.5,98.0
2026-01-10,wk inc flu hosp,0,2026-01-10,16,quantile,0.55,101.0
2026-01-10,wk inc flu hosp,0,2026-01-10,16,quantile,0.6,104.0
2026-01-10,wk inc flu hosp,0,2026-01-10,16,quantile,0.65,106.0
2026-01-10,wk inc flu hosp,0,2026-01-10,16,quantile,0.7,109.0
2026-01-10,wk inc flu hosp,0,2026-01-10,16,quantile,0.75,112.0
2026-01-10,wk inc flu hosp,0,2026-01-10,16,quantile,0.8,115.0
2026-01-10,wk inc flu hosp,0,2026-01-10,16,quantile,0.85,119.0
2026-01-10,wk inc flu hosp,0,2026-01-10,16,quantile,0.9,123.0
2026-01-10,wk inc flu hosp,0,2026-01-10,16,quantile,0.95,130.0
2026-01-10,wk inc flu hosp,0,2026-01-10,16,quantile,0.975,136.0
2026-01-10,wk inc flu hosp,0,2026-01-10,16,quantile,0.99,142.0
2026-01-10,wk inc flu hosp,0,2026-01-10,17,quantile,0.01,341.0
2026-01-10,wk inc flu hosp,0,2026-01-10,17,quantile,0.025,429.0
2026-01-10,wk inc flu hosp,0,2026-01-10,17,quantile,0.05,517.0
2026-01-10,wk inc flu hosp,0,2026-01-10,17,quantile,0.1,575.0
2026-01-10,wk inc flu hosp,0,2026-01-10,17,quantile,0.15,615.0
2026-01-10,wk inc flu hosp,0,2026-01-10,17,quantile,0.2,644.0
2026-01-10,wk inc flu hosp,0,2026-01-10,17,quantile,0.25,674.0
2026-01-10,wk inc flu hosp,0,2026-01-10,17,quantile,0.3,703.0
2026-01-10,wk inc flu hosp,0,2026-01-10,17,quantile,0.35,725.0
2026-01-10,wk inc flu hosp,0,2026-01-10,17,quantile,0.4,753.0
2026-01-10,wk inc flu hosp,0,2026-01-10,17,quantile,0.45,770.0
2026-01-10,wk inc flu hosp,0,2026-01-10,17,quantile,0.5,798.0
2026-01-10,wk inc flu hosp,0,2026-01-10,17,quantile,0.55,815.0
2026-01-10,wk inc flu hosp,0,2026-01-10,17,quantile,0.6,837.0
2026-01-10,wk inc flu hosp,0,2026-01-10,17,quantile,0.65,864.0
2026-01-10,wk inc flu hosp,0,2026-01-10,17,quantile,0.7,889.0
2026-01-10,wk inc flu hosp,0,2026-01-10,17,quantile,0.75,916.0
2026-01-10,wk inc flu hosp,0,2026-01-10,17,quantile,0.8,951.0
2026-01-10,wk inc flu hosp,0,2026-01-10,17,quantile,0.85,978.0
2026-01-10,wk inc flu hosp,0,2026-01-10,17,quantile,0.9,1020.0
2026-01-10,wk inc flu hosp,0,2026-01-10,17,quantile,0.95,1093.0
2026-01-10,wk inc flu hosp,0,2026-01-10,17,quantile,0.975,1137.0
2026-01-10,wk inc flu hosp,0,2026-01-10,17,quantile,0.99,1205.0
2026-01-10,wk inc flu hosp,0,2026-01-10,18,quantile,0.01,220.0
2026-01-10,wk inc flu hosp,0,2026-01-10,18,quantile,0.025,257.0
2026-01-10,wk inc flu hosp,0,2026-01-10,18,quantile,0.05,284.0
2026-01-10,wk inc flu hosp,0,2026-01-10,18,quantile,0.1,315.0
2026-01-10,wk inc flu hosp,0,2026-01-10,18,quantile,0.15,336.0
2026-01-10,wk inc flu hosp,0,2026-01-10,18,quantile,0.2,352.0
2026-01-10,wk inc flu hosp,0,2026-01-10,18,quantile,0.25,366.0
2026-01-10,wk inc flu hosp,0,2026-01-10,18,quantile,0.3,378.0
2026-01-10,wk inc flu hosp,0,2026-01-10,18,quantile,0.35,390.0
2026-01-10,wk inc flu hosp,0,2026-01-10,18,quantile,0.4,401.0
2026-01-10,wk inc flu hosp,0,2026-01-10,18,quantile,0.45,412.0
2026-01-10,wk inc flu hosp,0,2026-01-10,18,quantile,0.5,423.0
2026-01-10,wk inc flu hosp,0,2026-01-10,18,quantile,0.55,433.0
2026-01-10,wk inc flu hosp,0,2026-01-10,18,quantile,0.6,444.0
2026-01-10,wk inc flu hosp,0,2026-01-10,18,quantile,0.65,454.0
2026-01-10,wk inc flu hosp,0,2026-01-10,18,quantile,0.7,464.0
2026-01-10,wk inc flu hosp,0,2026-01-10,18,quantile,0.75,479.0
2026-01-10,wk inc flu hosp,0,2026-01-10,18,quantile,0.8,494.0
2026-01-10,wk inc flu hosp,0,2026-01-10,18,quantile,0.85,508.0
2026-01-10,wk inc flu hosp,0,2026-01-10,18,quantile,0.9,533.0
2026-01-10,wk inc flu hosp,0,2026-01-10,18,quantile,0.95,563.0
2026-01-10,wk inc flu hosp,0,2026-01-10,18,quantile,0.975,587.0
2026-01-10,wk inc flu hosp,0,2026-01-10,18,quantile,0.99,615.0
2026-01-10,wk inc flu hosp,0,2026-01-10,19,quantile,0.01,120.0
2026-01-10,wk inc flu hosp,0,2026-01-10,19,quantile,0.025,134.0
2026-01-10,wk inc flu hosp,0,2026-01-10,19,quantile,0.05,147.0
2026-01-10,wk inc flu hosp,0,2026-01-10,19,quantile,0.1,167.0
2026-01-10,wk inc flu hosp,0,2026-01-10,19,quantile,0.15,180.0
2026-01-10,wk inc flu hosp,0,2026-01-10,19,quantile,0.2,193.0
2026-01-10,wk inc flu hosp,0,2026-01-10,19,quantile,0.25,202.0
2026-01-10,wk inc flu hosp,0,2026-01-10,19,quantile,0.3,209.0
2026-01-10,wk inc flu hosp,0,2026-01-10,19,quantile,0.35,218.0
2026-01-10,wk inc flu hosp,0,2026-01-10,19,quantile,0.4,224.0
2026-01-10,wk inc flu hosp,0,2026-01-10,19,quantile,0.45,231.0
2026-01-10,wk inc flu hosp,0,2026-01-10,19,quantile,0.5,236.0
2026-01-10,wk inc flu hosp,0,2026-01-10,19,quantile,0.55,242.0
2026-01-10,wk inc flu hosp,0,2026-01-10,19,quantile,0.6,246.0
2026-01-10,wk inc flu hosp,0,2026-01-10,19,quantile,0.65,249.0
2026-01-10,wk inc flu hosp,0,2026-01-10,19,quantile,0.7,253.0
2026-01-10,wk inc flu hosp,0,2026-01-10,19,quantile,0.75,257.0
2026-01-10,wk inc flu hosp,0,2026-01-10,19,quantile,0.8,262.0
2026-01-10,wk inc flu hosp,0,2026-01-10,19,quantile,0.85,267.0
2026-01-10,wk inc flu hosp,0,2026-01-10,19,quantile,0.9,274.0
2026-01-10,wk inc flu hosp,0,2026-01-10,19,quantile,0.95,286.0
2026-01-10,wk inc flu hosp,0,2026-01-10,19,quantile,0.975,297.0
2026-01-10,wk inc flu hosp,0,2026-01-10,19,quantile,0.99,306.0
2026-01-10,wk inc flu hosp,0,2026-01-10,20,quantile,0.01,77.0
2026-01-10,wk inc flu hosp,0,2026-01-10,20,quantile,0.025,92.0
2026-01-10,wk inc flu hosp,0,2026-01-10,20,quantile,0.05,105.0
2026-01-10,wk inc flu hosp,0,2026-01-10,20,quantile,0.1,120.0
2026-01-10,wk inc flu hosp,0,2026-01-10,20,quantile,0.15,126.0
2026-01-10,wk inc flu hosp,0,2026-01-10,20,quantile,0.2,131.0
2026-01-10,wk inc flu hosp,0,2026-01-10,20,quantile,0.25,136.0
2026-01-10,wk inc flu hosp,0,2026-01-10,20,quantile,0.3,141.0
2026-01-10,wk inc flu hosp,0,2026-01-10,20,quantile,0.35,144.0
2026-01-10,wk inc flu hosp,0,2026-01-10,20,quantile,0.4,148.0
2026-01-10,wk inc flu hosp,0,2026-01-10,20,quantile,0.45,152.0
2026-01-10,wk inc flu hosp,0,2026-01-10,20,quantile,0.5,157.0
2026-01-10,wk inc flu hosp,0,2026-01-10,20,quantile,0.55,161.0
2026-01-10,wk inc flu hosp,0,2026-01-10,20,quantile,0.6,166.0
2026-01-10,wk inc flu hosp,0,2026-01-10,20,quantile,0.65,172.0
2026-01-10,wk inc flu hosp,0,2026-01-10,20,quantile,0.7,176.0
2026-01-10,wk inc flu hosp,0,2026-01-10,20,quantile,0.75,181.0
2026-01-10,wk inc flu hosp,0,2026-01-10,20,quantile,0.8,185.0
2026-01-10,wk inc flu hosp,0,2026-01-10,20,quantile,0.85,192.0
2026-01-10,wk inc flu hosp,0,2026-01-10,20,quantile,0.9,199.0
2026-01-10,wk inc flu hosp,0,2026-01-10,20,quantile,0.95,210.0
2026-01-10,wk inc flu hosp,0,2026-01-10,20,quantile,0.975,218.0
2026-01-10,wk inc flu hosp,0,2026-01-10,20,quantile,0.99,230.0
2026-01-10,wk inc flu hosp,0,2026-01-10,21,quantile,0.01,111.0
2026-01-10,wk inc flu hosp,0,2026-01-10,21,quantile,0.025,138.0
2026-01-10,wk inc flu hosp,0,2026-01-10,21,quantile,0.05,165.0
2026-01-10,wk inc flu hosp,0,2026-01-10,21,quantile,0.1,193.0
2026-01-10,wk inc flu hosp,0,2026-01-10,21,quantile,0.15,210.0
2026-01-10,wk inc flu hosp,0,2026-01-10,21,quantile,0.2,224.0
2026-01-10,wk inc flu hosp,0,2026-01-10,21,quantile,0.25,235.0
2026-01-10,wk inc flu hosp,0,2026-01-10,21,quantile,0.3,243.0
2026-01-10,wk inc flu hosp,0,2026-01-10,21,quantile,0.35,251.0
2026-01-10,wk inc flu hosp,0,2026-01-10,21,quantile,0.4,258.0
2026-01-10,wk inc flu hosp,0,2026-01-10,21,quantile,0.45,269.0
2026-01-10,wk inc flu hosp,0,2026-01-10,21,quantile,0.5,276.0
2026-01-10,wk inc flu hosp,0,2026-01-10,21,quantile,0.55,283.0
2026-01-10,wk inc flu hosp,0,2026-01-10,21,quantile,0.6,291.0
2026-01-10,wk inc flu hosp,0,2026-01-10,21,quantile,0.65,301.0
2026-01-10,wk inc flu hosp,0,2026-01-10,21,quantile,0.7,310.0
2026-01-10,wk inc flu hosp,0,2026-01-10,21,quantile,0.75,321.0
2026-01-10,wk inc flu hosp,0,2026-01-10,21,quantile,0.8,331.0
2026-01-10,wk inc flu hosp,0,2026-01-10,21,quantile,0.85,342.0
2026-01-10,wk inc flu hosp,0,2026-01-10,21,quantile,0.9,359.0
2026-01-10,wk inc flu hosp,0,2026-01-10,21,quantile,0.95,383.0
2026-01-10,wk inc flu hosp,0,2026-01-10,21,quantile,0.975,404.0
2026-01-10,wk inc flu hosp,0,2026-01-10,21,quantile,0.99,424.0
2026-01-10,wk inc flu hosp,0,2026-01-10,22,quantile,0.01,126.0
2026-01-10,wk inc flu hosp,0,2026-01-10,22,quantile,0.025,151.0
2026-01-10,wk inc flu hosp,0,2026-01-10,22,quantile,0.05,181.0
2026-01-10,wk inc flu hosp,0,2026-01-10,22,quantile,0.1,210.0
2026-01-10,wk inc flu hosp,0,2026-01-10,22,quantile,0.15,233.0
2026-01-10,wk inc flu hosp,0,2026-01-10,22,quantile,0.2,246.0
2026-01-10,wk inc flu hosp,0,2026-01-10,22,quantile,0.25,255.0
2026-01-10,wk inc flu hosp,0,2026-01-10,22,quantile,0.3,262.0
2026-01-10,wk inc flu hosp,0,2026-01-10,22,quantile,0.35,268.0
2026-01-10,wk inc flu hosp,0,2026-01-10,22,quantile,0.4,276.0
2026-01-10,wk inc flu hosp,0,2026-01-10,22,quantile,0.45,283.0
2026-01-10,wk inc flu hosp,0,2026-01-10,22,quantile,0.5,289.0
2026-01-10,wk inc flu hosp,0,2026-01-10,22,quantile,0.55,297.0
2026-01-10,wk inc flu hosp,0,2026-01-10,22,quantile,0.6,304.0
2026-01-10,wk inc flu hosp,0,2026-01-10,22,quantile,0.65,311.0
2026-01-10,wk inc flu hosp,0,2026-01-10,22,quantile,0.7,319.0
2026-01-10,wk inc flu hosp,0,2026-01-10,22,quantile,0.75,327.0
2026-01-10,wk inc flu hosp,0,2026-01-10,22,quantile,0.8,335.0
2026-01-10,wk inc flu hosp,0,2026-01-10,22,quantile,0.85,345.0
2026-01-10,wk inc flu hosp,0,2026-01-10,22,quantile,0.9,356.0
2026-01-10,wk inc flu hosp,0,2026-01-10,22,quantile,0.95,376.0
2026-01-10,wk inc flu hosp,0,2026-01-10,22,quantile,0.975,391.0
2026-01-10,wk inc flu hosp,0,2026-01-10,22,quantile,0.99,408.0
2026-01-10,wk inc flu hosp,0,2026-01-10,23,quantile,0.01,55.0
2026-01-10,wk inc flu hosp,0,2026-01-10,23,quantile,0.025,61.0
2026-01-10,wk inc flu hosp,0,2026-01-10,23,quantile,0.05,67.0
2026-01-10,wk inc flu hosp,0,2026-01-10,23,quantile,0.1,75.0
2026-01-10,wk inc flu hosp,0,2026-01-10,23,quantile,0.15,80.0
2026-01-10,wk inc flu hosp,0,2026-01-10,23,quantile,0.2,84.0
2026-01-10,wk inc flu hosp,0,2026-01-10,23,quantile,0.25,88.0
2026-01-10,wk inc flu hosp,0,2026-01-10,23,quantile,0.3,91.0
2026-01-10,wk inc flu hosp,0,2026-01-10,23,quantile,0.35,94.0
2026-01-10,wk inc flu hosp,0,2026-01-10,23,quantile,0.4,96.0
2026-01-10,wk inc flu hosp,0,2026-01-10,23,quantile,0.45,98.0
2026-01-10,wk inc flu hosp,0,2026-01-10,23,quantile,0.5,99.0
2026-01-10,wk inc flu hosp,0,2026-01-10,23,quantile,0.55,100.0
2026-01-10,wk inc flu hosp,0,2026-01-10,23,quantile,0.6,102.0
2026-01-10,wk inc flu hosp,0,2026-01-10,23,quantile,0.65,103.0
2026-01-10,wk inc flu hosp,0,2026-01-10,23,quantile,0.7,105.0
2026-01-10,wk inc flu hosp,0,2026-01-10,23,quantile,0.75,106.0
2026-01-10,wk inc flu hosp,0,2026-01-10,23,quantile,0.8,108.0
2026-01-10,wk inc flu hosp,0,2026-01-10,23,quantile,0.85,110.0
2026-01-10,wk inc flu hosp,0,2026-01-10,23,quantile,0.9,112.0
2026-01-10,wk inc flu hosp,0,2026-01-10,23,quantile,0.95,116.0
2026-01-10,wk inc flu hosp,0,2026-01-10,23,quantile,0.975,119.0
2026-01-10,wk inc flu hosp,0,2026-01-10,23,quantile,0.99,123.0
2026-01-10,wk inc flu hosp,0,2026-01-10,24,quantile,0.01,268.0
2026-01-10,wk inc flu hosp,0,2026-01-10,24,quantile,0.025,316.0
2026-01-10,wk inc flu hosp,0,2026-01-10,24,quantile,0.05,356.0
2026-01-10,wk inc flu hosp,0,2026-01-10,24,quantile,0.1,411.0
2026-01-10,wk inc flu hosp,0,2026-01-10,24,quantile,0.15,448.0
2026-01-10,wk inc flu hosp,0,2026-01-10,24,quantile,0.2,472.0
2026-01-10,wk inc flu hosp,0,2026-01-10,24,quantile,0.25,488.0
2026-01-10,wk inc flu hosp,0,2026-01-10,24,quantile,0.3,500.0
2026-01-10,wk inc flu hosp,0,2026-01-10,24,quantile,0.35,512.0
2026-01-10,wk inc flu hosp,0,2026-01-10,24,quantile,0.4,520.0
2026-01-10,wk inc flu hosp,0,2026-01-10,24,quantile,0.45,531.0
2026-01-10,wk inc flu hosp,0,2026-01-10,24,quantile,0.5,542.0
2026-01-10,wk inc flu hosp,0,2026-01-10,24,quantile,0.55,556.0
2026-01-10,wk inc flu hosp,0,2026-01-10,24,quantile,0.6,568.0
2026-01-10,wk inc flu hosp,0,2026-01-10,24,quantile,0.65,578.0
2026-01-10,wk inc flu hosp,0,2026-01-10,24,quantile,0.7,591.0
2026-01-10,wk inc flu hosp,0,2026-01-10,24,quantile,0.75,603.0
2026-01-10,wk inc flu hosp,0,2026-01-10,24,quantile,0.8,615.0
2026-01-10,wk inc flu hosp,0,2026-01-10,24,quantile,0.85,629.0
2026-01-10,wk inc flu hosp,0,2026-01-10,24,quantile,0.9,649.0
2026-01-10,wk inc flu hosp,0,2026-01-10,24,quantile,0.95,678.0
2026-01-10,wk inc flu hosp,0,2026-01-10,24,quantile,0.975,706.0
2026-01-10,wk inc flu hosp,0,2026-01-10,24,quantile,0.99,738.0
2026-01-10,wk inc flu hosp,0,2026-01-10,25,quantile,0.01,372.0
2026-01-10,wk inc flu hosp,0,2026-01-10,25,quantile,0.025,402.0
2026-01-10,wk inc flu hosp,0,2026-01-10,25,quantile,0.05,448.0
2026-01-10,wk inc flu hosp,0,2026-01-10,25,quantile,0.1,495.0
2026-01-10,wk inc flu hosp,0,2026-01-10,25,quantile,0.15,521.0
2026-01-10,wk inc flu hosp,0,2026-01-10,25,quantile,0.2,533.0
2026-01-10,wk inc flu hosp,0,2026-01-10,25,quantile,0.25,542.0
2026-01-10,wk inc flu hosp,0,2026-01-10,25,quantile,0.3,551.0
2026-01-10,wk inc flu hosp,0,2026-01-10,25,quantile,0.35,558.0
2026-01-10,wk inc flu hosp,0,2026-01-10,25,quantile,0.4,566.0
2026-01-10,wk inc flu hosp,0,2026-01-10,25,quantile,0.45,572.0
2026-01-10,wk inc flu hosp,0,2026-01-10,25,quantile,0.5,579.0
2026-01-10,wk inc flu hosp,0,2026-01-10,25,quantile,0.55,586.0
2026-01-10,wk inc flu hosp,0,2026-01-10,25,quantile,0.6,594.0
2026-01-10,wk inc flu hosp,0,2026-01-10,25,quantile,0.65,600.0
2026-01-10,wk inc flu hosp,0,2026-01-10,25,quantile,0.7,608.0
2026-01-10,wk inc flu hosp,0,2026-01-10,25,quantile,0.75,614.0
2026-01-10,wk inc flu hosp,0,2026-01-10,25,quantile,0.8,623.0
2026-01-10,wk inc flu hosp,0,2026-01-10,25,quantile,0.85,632.0
2026-01-10,wk inc flu hosp,0,2026-01-10,25,quantile,0.9,648.0
2026-01-10,wk inc flu hosp,0,2026-01-10,25,quantile,0.95,670.0
2026-01-10,wk inc flu hosp,0,2026-01-10,25,quantile,0.975,686.0
2026-01-10,wk inc flu hosp,0,2026-01-10,25,quantile,0.99,704.0
2026-01-10,wk inc flu hosp,0,2026-01-10,26,quantile,0.01,391.0
2026-01-10,wk inc flu hosp,0,2026-01-10,26,quantile,0.025,426.0
2026-01-10,wk inc flu hosp,0,2026-01-10,26,quantile,0.05,485.0
2026-01-10,wk inc flu hosp,0,2026-01-10,26,quantile,0.1,543.0
2026-01-10,wk inc flu hosp,0,2026-01-10,26,quantile,0.15,585.0
2026-01-10,wk inc flu hosp,0,2026-01-10,26,quantile,0.2,604.0
2026-01-10,wk inc flu hosp,0,2026-01-10,26,quantile,0.25,620.0
2026-01-10,wk inc flu hosp,0,2026-01-10,26,quantile,0.3,633.0
2026-01-10,wk inc flu hosp,0,2026-01-10,26,quantile,0.35,645.0
2026-01-10,wk inc flu hosp,0,2026-01-10,26,quantile,0.4,657.0
2026-01-10,wk inc flu hosp,0,2026-01-10,26,quantile,0.45,669.0
2026-01-10,wk inc flu hosp,0,2026-01-10,26,quantile,0.5,683.0
2026-01-10,wk inc flu hosp,0,2026-01-10,26,quantile,0.55,696.0
2026-01-10,wk inc flu hosp,0,2026-01-10,26,quantile,0.6,706.0
2026-01-10,wk inc flu hosp,0,2026-01-10,26,quantile,0.65,720.0
2026-01-10,wk inc flu hosp,0,2026-01-10,26,quantile,0.7,730.0
2026-01-10,wk inc flu hosp,0,2026-01-10,26,quantile,0.75,742.0
2026-01-10,wk inc flu hosp,0,2026-01-10,26,quantile,0.8,757.0
2026-01-10,wk inc flu hosp,0,2026-01-10,26,quantile,0.85,776.0
2026-01-10,wk inc flu hosp,0,2026-01-10,26,quantile,0.9,799.0
2026-01-10,wk inc flu hosp,0,2026-01-10,26,quantile,0.95,830.0
2026-01-10,wk inc flu hosp,0,2026-01-10,26,quantile,0.975,855.0
2026-01-10,wk inc flu hosp,0,2026-01-10,26,quantile,0.99,886.0
2026-01-10,wk inc flu hosp,0,2026-01-10,27,quantile,0.01,290.0
2026-01-10,wk inc flu hosp,0,2026-01-10,27,quantile,0.025,351.0
2026-01-10,wk inc flu hosp,0,2026-01-10,27,quantile,0.05,396.0
2026-01-10,wk inc flu hosp,0,2026-01-10,27,quantile,0.1,461.0
2026-01-10,wk inc flu hosp,0,2026-01-10,27,quantile,0.15,494.0
2026-01-10,wk inc flu hosp,0,2026-01-10,27,quantile,0.2,510.0
2026-01-10,wk inc flu hosp,0,2026-01-10,27,quantile,0.25,522.0
2026-01-10,wk inc flu hosp,0,2026-01-10,27,quantile,0.3,536.0
2026-01-10,wk inc flu hosp,0,2026-01-10,27,quantile,0.35,547.0
2026-01-10,wk inc flu hosp,0,2026-01-10,27,quantile,0.4,558.0
2026-01-10,wk inc flu hosp,0,2026-01-10,27,quantile,0.45,572.0
2026-01-10,wk inc flu hosp,0,2026-01-10,27,quantile,0.5,583.0
2026-01-10,wk inc flu hosp,0,2026-01-10,27,quantile,0.55,592.0
2026-01-10,wk inc flu hosp,0,2026-01-10,27,quantile,0.6,602.0
2026-01-10,wk inc flu hosp,0,2026-01-10,27,quantile,0.65,614.0
2026-01-10,wk inc flu hosp,0,2026-01-10,27,quantile,0.7,631.0
2026-01-10,wk inc flu hosp,0,2026-01-10,27,quantile,0.75,646.0
2026-01-10,wk inc flu hosp,0,2026-01-10,27,quantile,0.8,663.0
2026-01-10,wk inc flu hosp,0,2026-01-10,27,quantile,0.85,678.0
2026-01-10,wk inc flu hosp,0,2026-01-10,27,quantile,0.9,699.0
2026-01-10,wk inc flu hosp,0,2026-01-10,27,quantile,0.95,736.0
2026-01-10,wk inc flu hosp,0,2026-01-10,27,quantile,0.975,763.0
2026-01-10,wk inc flu hosp,0,2026-01-10,27,quantile,0.99,788.0
2026-01-10,wk inc flu hosp,0,2026-01-10,28,quantile,0.01,22.0
2026-01-10,wk inc flu hosp,0,2026-01-10,28,quantile,0.025,26.0
2026-01-10,wk inc flu hosp,0,2026-01-10,28,quantile,0.05,30.0
2026-01-10,wk inc flu hosp,0,2026-01-10,28,quantile,0.1,34.0
2026-01-10,wk inc flu hosp,0,2026-01-10,28,quantile,0.15,41.0
2026-01-10,wk inc flu hosp,0,2026-01-10,28,quantile,0.2,50.0
2026-01-10,wk inc flu hosp,0,2026-01-10,28,quantile,0.25,57.0
2026-01-10,wk inc flu hosp,0,2026-01-10,28,quantile,0.3,64.0
2026-01-10,wk inc flu hosp,0,2026-01-10,28,quantile,0.35,69.0
2026-01-10,wk inc flu hosp,0,2026-01-10,28,quantile,0.4,75.0
2026-01-10,wk inc flu hosp,0,2026-01-10,28,quantile,0.45,80.0
2026-01-10,wk inc flu hosp,0,2026-01-10,28,quantile,0.5,86.0
2026-01-10,wk inc flu hosp,0,2026-01-10,28,quantile,0.55,91.0
2026-01-10,wk inc flu hosp,0,2026-01-10,28,quantile,0.6,97.0
2026-01-10,wk inc flu hosp,0,2026-01-10,28,quantile,0.65,103.0
2026-01-10,wk inc flu hosp,0,2026-01-10,28,quantile,0.7,110.0
2026-01-10,wk inc flu hosp,0,2026-01-10,28,quantile,0.75,115.0
2026-01-10,wk inc flu hosp,0,2026-01-10,28,quantile,0.8,123.0
2026-01-10,wk inc flu hosp,0,2026-01-10,28,quantile,0.85,132.0
2026-01-10,wk inc flu hosp,0,2026-01-10,28,quantile,0.9,141.0
2026-01-10,wk inc flu hosp,0,2026-01-10,28,quantile,0.95,158.0
2026-01-10,wk inc flu hosp,0,2026-01-10,28,quantile,0.975,172.0
2026-01-10,wk inc flu hosp,0,2026-01-10,28,quantile,0.99,188.0
2026-01-10,wk inc flu hosp,0,2026-01-10,30,quantile,0.01,20.0
2026-01-10,wk inc flu hosp,0,2026-01-10,30,quantile,0.025,25.0
2026-01-10,wk inc flu hosp,0,2026-01-10,30,quantile,0.05,31.0
2026-01-10,wk inc flu hosp,0,2026-01-10,30,quantile,0.1,36.0
2026-01-10,wk inc flu hosp,0,2026-01-10,30,quantile,0.15,39.0
2026-01-10,wk inc flu hosp,0,2026-01-10,30,quantile,0.2,42.0
2026-01-10,wk inc flu hosp,0,2026-01-10,30,quantile,0.25,44.0
2026-01-10,wk inc flu hosp,0,2026-01-10,30,quantile,0.3,46.0
2026-01-10,wk inc flu hosp,0,2026-01-10,30,quantile,0.35,48.0
2026-01-10,wk inc flu hosp,0,2026-01-10,30,quantile,0.4,50.0
2026-01-10,wk inc flu hosp,0,2026-01-10,30,quantile,0.45,51.0
2026-01-10,wk inc flu hosp,0,2026-01-10,30,quantile,0.5,53.0
2026-01-10,wk inc flu hosp,0,2026-01-10,30,quantile,0.55,54.0
2026-01-10,wk inc flu hosp,0,2026-01-10,30,quantile,0.6,56.0
2026-01-10,wk inc flu hosp,0,2026-01-10,30,quantile,0.65,58.0
2026-01-10,wk inc flu hosp,0,2026-01-10,30,quantile,0.7,60.0
2026-01-10,wk inc flu hosp,0,2026-01-10,30,quantile,0.75,62.0
2026-01-10,wk inc flu hosp,0,2026-01-10,30,quantile,0.8,64.0
2026-01-10,wk inc flu hosp,0,2026-01-10,30,quantile,0.85,67.0
2026-01-10,wk inc flu hosp,0,2026-01-10,30,quantile,0.9,71.0
2026-01-10,wk inc flu hosp,0,2026-01-10,30,quantile,0.95,76.0
2026-01-10,wk inc flu hosp,0,2026-01-10,30,quantile,0.975,80.0
2026-01-10,wk inc flu hosp,0,2026-01-10,30,quantile,0.99,85.0
2026-01-10,wk inc flu hosp,0,2026-01-10,31,quantile,0.01,34.0
2026-01-10,wk inc flu hosp,0,2026-01-10,31,quantile,0.025,41.0
2026-01-10,wk inc flu hosp,0,2026-01-10,31,quantile,0.05,46.0
2026-01-10,wk inc flu hosp,0,2026-01-10,31,quantile,0.1,55.0
2026-01-10,wk inc flu hosp,0,2026-01-10,31,quantile,0.15,62.0
2026-01-10,wk inc flu hosp,0,2026-01-10,31,quantile,0.2,67.0
2026-01-10,wk inc flu hosp,0,2026-01-10,31,quantile,0.25,69.0
2026-01-10,wk inc flu hosp,0,2026-01-10,31,quantile,0.3,71.0
2026-01-10,wk inc flu hosp,0,2026-01-10,31,quantile,0.35,73.0
2026-01-10,wk inc flu hosp,0,2026-01-10,31,quantile,0.4,75.0
2026-01-10,wk inc flu hosp,0,2026-01-10,31,quantile,0.45,77.0
2026-01-10,wk inc flu hosp,0,2026-01-10,31,quantile,0.5,78.0
2026-01-10,wk inc flu hosp,0,2026-01-10,31,quantile,0.55,80.0
2026-01-10,wk inc flu hosp,0,2026-01-10,31,quantile,0.6,82.0
2026-01-10,wk inc flu hosp,0,2026-01-10,31,quantile,0.65,83.0
2026-01-10,wk inc flu hosp,0,2026-01-10,31,quantile,0.7,85.0
2026-01-10,wk inc flu hosp,0,2026-01-10,31,quantile,0.75,88.0
2026-01-10,wk inc flu hosp,0,2026-01-10,31,quantile,0.8,90.0
2026-01-10,wk inc flu hosp,0,2026-01-10,31,quantile,0.85,93.0
2026-01-10,wk inc flu hosp,0,2026-01-10,31,quantile,0.9,97.0
2026-01-10,wk inc flu hosp,0,2026-01-10,31,quantile,0.95,102.0
2026-01-10,wk inc flu hosp,0,2026-01-10,31,quantile,0.975,107.0
2026-01-10,wk inc flu hosp,0,2026-01-10,31,quantile,0.99,112.0
2026-01-10,wk inc flu hosp,0,2026-01-10,32,quantile,0.01,56.0
2026-01-10,wk inc flu hosp,0,2026-01-10,32,quantile,0.025,71.0
2026-01-10,wk inc flu hosp,0,2026-01-10,32,quantile,0.05,79.0
2026-01-10,wk inc flu hosp,0,2026-01-10,32,quantile,0.1,87.0
2026-01-10,wk inc flu hosp,0,2026-01-10,32,quantile,0.15,92.0
2026-01-10,wk inc flu hosp,0,2026-01-10,32,quantile,0.2,97.0
2026-01-10,wk inc flu hosp,0,2026-01-10,32,quantile,0.25,100.0
2026-01-10,wk inc flu hosp,0,2026-01-10,32,quantile,0.3,103.0
2026-01-10,wk inc flu hosp,0,2026-01-10,32,quantile,0.35,106.0
2026-01-10,wk inc flu hosp,0,2026-01-10,32,quantile,0.4,108.0
2026-01-10,wk inc flu hosp,0,2026-01-10,32,quantile,0.45,111.0
2026-01-10,wk inc flu hosp,0,2026-01-10,32,quantile,0.5,114.0
2026-01-10,wk inc flu hosp,0,2026-01-10,32,quantile,0.55,117.0
2026-01-10,wk inc flu hosp,0,2026-01-10,32,quantile,0.6,120.0
2026-01-10,wk inc flu hosp,0,2026-01-10,32,quantile,0.65,124.0
2026-01-10,wk inc flu hosp,0,2026-01-10,32,quantile,0.7,126.0
2026-01-10,wk inc flu hosp,0,2026-01-10,32,quantile,0.75,130.0
2026-01-10,wk inc flu hosp,0,2026-01-10,32,quantile,0.8,133.0
2026-01-10,wk inc flu hosp,0,2026-01-10,32,quantile,0.85,137.0
2026-01-10,wk inc flu hosp,0,2026-01-10,32,quantile,0.9,142.0
2026-01-10,wk inc flu hosp,0,2026-01-10,32,quantile,0.95,151.0
2026-01-10,wk inc flu hosp,0,2026-01-10,32,quantile,0.975,157.0
2026-01-10,wk inc flu hosp,0,2026-01-10,32,quantile,0.99,163.0
2026-01-10,wk inc flu hosp,0,2026-01-10,33,quantile,0.01,76.0
2026-01-10,wk inc flu hosp,0,2026-01-10,33,quantile,0.025,84.0
2026-01-10,wk inc flu hosp,0,2026-01-10,33,quantile,0.05,92.0
2026-01-10,wk inc flu hosp,0,2026-01-10,33,quantile,0.1,98.0
2026-01-10,wk inc flu hosp,0,2026-01-10,33,quantile,0.15,104.0
2026-01-10,wk inc flu hosp,0,2026-01-10,33,quantile,0.2,107.0
2026-01-10,wk inc flu hosp,0,2026-01-10,33,quantile,0.25,110.0
2026-01-10,wk inc flu hosp,0,2026-01-10,33,quantile,0.3,111.0
2026-01-10,wk inc flu hosp,0,2026-01-10,33,quantile,0.35,113.0
2026-01-10,wk inc flu hosp,0,2026-01-10,33,quantile,0.4,115.0
2026-01-10,wk inc flu hosp,0,2026-01-10,33,quantile,0.45,116.0
2026-01-10,wk inc flu hosp,0,2026-01-10,33,quantile,0.5,118.0
2026-01-10,wk inc flu hosp,0,2026-01-10,33,quantile,0.55,119.0
2026-01-10,wk inc flu hosp,0,2026-01-10,33,quantile,0.6,120.0
2026-01-10,wk inc flu hosp,0,2026-01-10,33,quantile,0.65,122.0
2026-01-10,wk inc flu hosp,0,2026-01-10,33,quantile,0.7,123.0
2026-01-10,wk inc flu hosp,0,2026-01-10,33,quantile,0.75,125.0
2026-01-10,wk inc flu hosp,0,2026-01-10,33,quantile,0.8,128.0
2026-01-10,wk inc flu hosp,0,2026-01-10,33,quantile,0.85,130.0
2026-01-10,wk inc flu hosp,0,2026-01-10,33,quantile,0.9,132.0
2026-01-10,wk inc flu hosp,0,2026-01-10,33,quantile,0.95,137.0
2026-01-10,wk inc flu hosp,0,2026-01-10,33,quantile,0.975,141.0
2026-01-10,wk inc flu hosp,0,2026-01-10,33,quantile,0.99,144.0
2026-01-10,wk inc flu hosp,0,2026-01-10,34,quantile,0.01,438.0
2026-01-10,wk inc flu hosp,0,2026-01-10,34,quantile,0.025,508.0
2026-01-10,wk inc flu hosp,0,2026-01-10,34,quantile,0.05,563.0
2026-01-10,wk inc flu hosp,0,2026-01-10,34,quantile,0.1,639.0
2026-01-10,wk inc flu hosp,0,2026-01-10,34,quantile,0.15,689.0
2026-01-10,wk inc flu hosp,0,2026-01-10,34,quantile,0.2,712.0
2026-01-10,wk inc flu hosp,0,2026-01-10,34,quantile,0.25,727.0
2026-01-10,wk inc flu hosp,0,2026-01-10,34,quantile,0.3,741.0
2026-01-10,wk inc flu hosp,0,2026-01-10,34,quantile,0.35,753.0
2026-01-10,wk inc flu hosp,0,2026-01-10,34,quantile,0.4,766.0
2026-01-10,wk inc flu hosp,0,2026-01-10,34,quantile,0.45,777.0
2026-01-10,wk inc flu hosp,0,2026-01-10,34,quantile,0.5,788.0
2026-01-10,wk inc flu hosp,0,2026-01-10,34,quantile,0.55,798.0
2026-01-10,wk inc flu hosp,0,2026-01-10,34,quantile,0.6,810.0
2026-01-10,wk inc flu hosp,0,2026-01-10,34,quantile,0.65,824.0
2026-01-10,wk inc flu hosp,0,2026-01-10,34,quantile,0.7,836.0
2026-01-10,wk inc flu hosp,0,2026-01-10,34,quantile,0.75,850.0
2026-01-10,wk inc flu hosp,0,2026-01-10,34,quantile,0.8,868.0
2026-01-10,wk inc flu hosp,0,2026-01-10,34,quantile,0.85,885.0
2026-01-10,wk inc flu hosp,0,2026-01-10,34,quantile,0.9,913.0
2026-01-10,wk inc flu hosp,0,2026-01-10,34,quantile,0.95,947.0
2026-01-10,wk inc flu hosp,0,2026-01-10,34,quantile,0.975,973.0
2026-01-10,wk inc flu hosp,0,2026-01-10,34,quantile,0.99,993.0
2026-01-10,wk inc flu hosp,0,2026-01-10,35,quantile,0.01,88.0
2026-01-10,wk inc flu hosp,0,2026-01-10,35,quantile,0.025,99.0
2026-01-10,wk inc flu hosp,0,2026-01-10,35,quantile,0.05,106.0
2026-01-10,wk inc flu hosp,0,2026-01-10,35,quantile,0.1,114.0
2026-01-10,wk inc flu hosp,0,2026-01-10,35,quantile,0.15,122.0
2026-01-10,wk inc flu hosp,0,2026-01-10,35,quantile,0.2,127.0
2026-01-10,wk inc flu hosp,0,2026-01-10,35,quantile,0.25,132.0
2026-01-10,wk inc flu hosp,0,2026-01-10,35,quantile,0.3,136.0
2026-01-10,wk inc flu hosp,0,2026-01-10,35,quantile,0.35,139.0
2026-01-10,wk inc flu hosp,0,2026-01-10,35,quantile,0.4,142.0
2026-01-10,wk inc flu hosp,0,2026-01-10,35,quantile,0.45,145.0
2026-01-10,wk inc flu hosp,0,2026-01-10,35,quantile,0.5,148.0
2026-01-10,wk inc flu hosp,0,2026-01-10,35,quantile,0.55,152.0
2026-01-10,wk inc flu hosp,0,2026-01-10,35,quantile,0.6,155.0
2026-01-10,wk inc flu hosp,0,2026-01-10,35,quantile,0.65,159.0
2026-01-10,wk inc flu hosp,0,2026-01-10,35,quantile,0.7,163.0
2026-01-10,wk inc flu hosp,0,2026-01-10,35,quantile,0.75,167.0
2026-01-10,wk inc flu hosp,0,2026-01-10,35,quantile,0.8,172.0
2026-01-10,wk inc flu hosp,0,2026-01-10,35,quantile,0.85,177.0
2026-01-10,wk inc flu hosp,0,2026-01-10,35,quantile,0.9,184.0
2026-01-10,wk inc flu hosp,0,2026-01-10,35,quantile,0.95,193.0
2026-01-10,wk inc flu hosp,0,2026-01-10,35,quantile,0.975,200.0
2026-01-10,wk inc flu hosp,0,2026-01-10,35,quantile,0.99,206.0
2026-01-10,wk inc flu hosp,0,2026-01-10,36,quantile,0.01,658.0
2026-01-10,wk inc flu hosp,0,2026-01-10,36,quantile,0.025,774.0
2026-01-10,wk inc flu hosp,0,2026-01-10,36,quantile,0.05,865.0
2026-01-10,wk inc flu hosp,0,2026-01-10,36,quantile,0.1,943.0
2026-01-10,wk inc flu hosp,0,2026-01-10,36,quantile,0.15,972.0
2026-01-10,wk inc flu hosp,0,2026-01-10,36,quantile,0.2,994.0
2026-01-10,wk inc flu hosp,0,2026-01-10,36,quantile,0.25,1019.0
2026-01-10,wk inc flu hosp,0,2026-01-10,36,quantile,0.3,1043.0
2026-01-10,wk inc flu hosp,0,2026-01-10,36,quantile,0.35,1063.0
2026-01-10,wk inc flu hosp,0,2026-01-10,36,quantile,0.4,1082.0
2026-01-10,wk inc flu hosp,0,2026-01-10,36,quantile,0.45,1100.0
2026-01-10,wk inc flu hosp,0,2026-01-10,36,quantile,0.5,1118.0
2026-01-10,wk inc flu hosp,0,2026-01-10,36,quantile,0.55,1137.0
2026-01-10,wk inc flu hosp,0,2026-01-10,36,quantile,0.6,1153.0
2026-01-10,wk inc flu hosp,0,2026-01-10,36,quantile,0.65,1170.0
2026-01-10,wk inc flu hosp,0,2026-01-10,36,quantile,0.7,1185.0
2026-01-10,wk inc flu hosp,0,2026-01-10,36,quantile,0.75,1207.0
2026-01-10,wk inc flu hosp,0,2026-01-10,36,quantile,0.8,1232.0
2026-01-10,wk inc flu hosp,0,2026-01-10,36,quantile,0.85,1259.0
2026-01-10,wk inc flu hosp,0,2026-01-10,36,quantile,0.9,1292.0
2026-01-10,wk inc flu hosp,0,2026-01-10,36,quantile,0.95,1338.0
2026-01-10,wk inc flu hosp,0,2026-01-10,36,quantile,0.975,1382.0
2026-01-10,wk inc flu hosp,0,2026-01-10,36,quantile,0.99,1412.0
2026-01-10,wk inc flu hosp,0,2026-01-10,37,quantile,0.01,733.0
2026-01-10,wk inc flu hosp,0,2026-01-10,37,quantile,0.025,821.0
2026-01-10,wk inc flu hosp,0,2026-01-10,37,quantile,0.05,914.0
2026-01-10,wk inc flu hosp,0,2026-01-10,37,quantile,0.1,1045.0
2026-01-10,wk inc flu hosp,0,2026-01-10,37,quantile,0.15,1114.0
2026-01-10,wk inc flu hosp,0,2026-01-10,37,quantile,0.2,1149.0
2026-01-10,wk inc flu hosp,0,2026-01-10,37,quantile,0.25,1175.0
2026-01-10,wk inc flu hosp,0,2026-01-10,37,quantile,0.3,1202.0
2026-01-10,wk inc flu hosp,0,2026-01-10,37,quantile,0.35,1225.0
2026-01-10,wk inc flu hosp,0,2026-01-10,37,quantile,0.4,1248.0
2026-01-10,wk inc flu hosp,0,2026-01-10,37,quantile,0.45,1269.0
2026-01-10,wk inc flu hosp,0,2026-01-10,37,quantile,0.5,1289.0
2026-01-10,wk inc flu hosp,0,2026-01-10,37,quantile,0.55,1311.0
2026-01-10,wk inc flu hosp,0,2026-01-10,37,quantile,0.6,1336.0
2026-01-10,wk inc flu hosp,0,2026-01-10,37,quantile,0.65,1358.0
2026-01-10,wk inc flu hosp,0,2026-01-10,37,quantile,0.7,1384.0
2026-01-10,wk inc flu hosp,0,2026-01-10,37,quantile,0.75,1407.0
2026-01-10,wk inc flu hosp,0,2026-01-10,37,quantile,0.8,1438.0
2026-01-10,wk inc flu hosp,0,2026-01-10,37,quantile,0.85,1474.0
2026-01-10,wk inc flu hosp,0,2026-01-10,37,quantile,0.9,1520.0
2026-01-10,wk inc flu hosp,0,2026-01-10,37,quantile,0.95,1574.0
2026-01-10,wk inc flu hosp,0,2026-01-10,37,quantile,0.975,1640.0
2026-01-10,wk inc flu hosp,0,2026-01-10,37,quantile,0.99,1704.0
2026-01-10,wk inc flu hosp,0,2026-01-10,38,quantile,0.01,35.0
2026-01-10,wk inc flu hosp,0,2026-01-10,38,quantile,0.025,40.0
2026-01-10,wk inc flu hosp,0,2026-01-10,38,quantile,0.05,43.0
2026-01-10,wk inc flu hosp,0,2026-01-10,38,quantile,0.1,48.0
2026-01-10,wk inc flu hosp,0,2026-01-10,38,quantile,0.15,51.0
2026-01-10,wk inc flu hosp,0,2026-01-10,38,quantile,0.2,53.0
2026-01-10,wk inc flu hosp,0,2026-01-10,38,quantile,0.25,54.0
2026-01-10,wk inc flu hosp,0,2026-01-10,38,quantile,0.3,55.0
2026-01-10,wk inc flu hosp,0,2026-01-10,38,quantile,0.35,56.0
2026-01-10,wk inc flu hosp,0,2026-01-10,38,quantile,0.4,57.0
2026-01-10,wk inc flu hosp,0,2026-01-10,38,quantile,0.45,59.0
2026-01-10,wk inc flu hosp,0,2026-01-10,38,quantile,0.5,60.0
2026-01-10,wk inc flu hosp,0,2026-01-10,38,quantile,0.55,61.0
2026-01-10,wk inc flu hosp,0,2026-01-10,38,quantile,0.6,62.0
2026-01-10,wk inc flu hosp,0,2026-01-10,38,quantile,0.65,63.0
2026-01-10,wk inc flu hosp,0,2026-01-10,38,quantile,0.7,64.0
2026-01-10,wk inc flu hosp,0,2026-01-10,38,quantile,0.75,65.0
2026-01-10,wk inc flu hosp,0,2026-01-10,38,quantile,0.8,66.0
2026-01-10,wk inc flu hosp,0,2026-01-10,38,quantile,0.85,68.0
2026-01-10,wk inc flu hosp,0,2026-01-10,38,quantile,0.9,70.0
2026-01-10,wk inc flu hosp,0,2026-01-10,38,quantile,0.95,73.0
2026-01-10,wk inc flu hosp,0,2026-01-10,38,quantile,0.975,75.0
2026-01-10,wk inc flu hosp,0,2026-01-10,38,quantile,0.99,78.0
2026-01-10,wk inc flu hosp,0,2026-01-10,39,quantile,0.01,484.0
2026-01-10,wk inc flu hosp,0,2026-01-10,39,quantile,0.025,538.0
2026-01-10,wk inc flu hosp,0,2026-01-10,39,quantile,0.05,594.0
2026-01-10,wk inc flu hosp,0,2026-01-10,39,quantile,0.1,652.0
2026-01-10,wk inc flu hosp,0,2026-01-10,39,quantile,0.15,674.0
2026-01-10,wk inc flu hosp,0,2026-01-10,39,quantile,0.2,692.0
2026-01-10,wk inc flu hosp,0,2026-01-10,39,quantile,0.25,708.0
2026-01-10,wk inc flu hosp,0,2026-01-10,39,quantile,0.3,720.0
2026-01-10,wk inc flu hosp,0,2026-01-10,39,quantile,0.35,731.0
2026-01-10,wk inc flu hosp,0,2026-01-10,39,quantile,0.4,742.0
2026-01-10,wk inc flu hosp,0,2026-01-10,39,quantile,0.45,755.0
2026-01-10,wk inc flu hosp,0,2026-01-10,39,quantile,0.5,767.0
2026-01-10,wk inc flu hosp,0,2026-01-10,39,quantile,0.55,776.0
2026-01-10,wk inc flu hosp,0,2026-01-10,39,quantile,0.6,790.0
2026-01-10,wk inc flu hosp,0,2026-01-10,39,quantile,0.65,802.0
2026-01-10,wk inc flu hosp,0,2026-01-10,39,quantile,0.7,814.0
2026-01-10,wk inc flu hosp,0,2026-01-10,39,quantile,0.75,826.0
2026-01-10,wk inc flu hosp,0,2026-01-10,39,quantile,0.8,845.0
2026-01-10,wk inc flu hosp,0,2026-01-10,39,quantile,0.85,861.0
2026-01-10,wk inc flu hosp,0,2026-01-10,39,quantile,0.9,884.0
2026-01-10,wk inc flu hosp,0,2026-01-10,39,quantile,0.95,927.0
2026-01-10,wk inc flu hosp,0,2026-01-10,39,quantile,0.975,957.0
2026-01-10,wk inc flu hosp,0,2026-01-10,39,quantile,0.99,990.0
2026-01-10,wk inc flu hosp,0,2026-01-10,40,quantile,0.01,38.0
2026-01-10,wk inc flu hosp,0,2026-01-10,40,quantile,0.025,45.0
2026-01-10,wk inc flu hosp,0,2026-01-10,40,quantile,0.05,57.0
2026-01-10,wk inc flu hosp,0,2026-01-10,40,quantile,0.1,82.0
2026-01-10,wk inc flu hosp,0,2026-01-10,40,quantile,0.15,99.0
2026-01-10,wk inc flu hosp,0,2026-01-10,40,quantile,0.2,111.0
2026-01-10,wk inc flu hosp,0,2026-01-10,40,quantile,0.25,121.0
2026-01-10,wk inc flu hosp,0,2026-01-10,40,quantile,0.3,129.0
2026-01-10,wk inc flu hosp,0,2026-01-10,40,quantile,0.35,136.0
2026-01-10,wk inc flu hosp,0,2026-01-10,40,quantile,0.4,145.0
2026-01-10,wk inc flu hosp,0,2026-01-10,40,quantile,0.45,152.0
2026-01-10,wk inc flu hosp,0,2026-01-10,40,quantile,0.5,160.0
2026-01-10,wk inc flu hosp,0,2026-01-10,40,quantile,0.55,168.0
2026-01-10,wk inc flu hosp,0,2026-01-10,40,quantile,0.6,175.0
2026-01-10,wk inc flu hosp,0,2026-01-10,40,quantile,0.65,182.0
2026-01-10,wk inc flu hosp,0,2026-01-10,40,quantile,0.7,189.0
2026-01-10,wk inc flu hosp,0,2026-01-10,40,quantile,0.75,197.0
2026-01-10,wk inc flu hosp,0,2026-01-10,40,quantile,0.8,208.0
2026-01-10,wk inc flu hosp,0,2026-01-10,40,quantile,0.85,218.0
2026-01-10,wk inc flu hosp,0,2026-01-10,40,quantile,0.9,230.0
2026-01-10,wk inc flu hosp,0,2026-01-10,40,quantile,0.95,252.0
2026-01-10,wk inc flu hosp,0,2026-01-10,40,quantile,0.975,270.0
2026-01-10,wk inc flu hosp,0,2026-01-10,40,quantile,0.99,290.0
2026-01-10,wk inc flu hosp,0,2026-01-10,41,quantile,0.01,23.0
2026-01-10,wk inc flu hosp,0,2026-01-10,41,quantile,0.025,29.0
2026-01-10,wk inc flu hosp,0,2026-01-10,41,quantile,0.05,35.0
2026-01-10,wk inc flu hosp,0,2026-01-10,41,quantile,0.1,42.0
2026-01-10,wk inc flu hosp,0,2026-01-10,41,quantile,0.15,54.0
2026-01-10,wk inc flu hosp,0,2026-01-10,41,quantile,0.2,63.0
2026-01-10,wk inc flu hosp,0,2026-01-10,41,quantile,0.25,70.0
2026-01-10,wk inc flu hosp,0,2026-01-10,41,quantile,0.3,77.0
2026-01-10,wk inc flu hosp,0,2026-01-10,41,quantile,0.35,84.0
2026-01-10,wk inc flu hosp,0,2026-01-10,41,quantile,0.4,89.0
2026-01-10,wk inc flu hosp,0,2026-01-10,41,quantile,0.45,96.0
2026-01-10,wk inc flu hosp,0,2026-01-10,41,quantile,0.5,103.0
2026-01-10,wk inc flu hosp,0,2026-01-10,41,quantile,0.55,108.0
2026-01-10,wk inc flu hosp,0,2026-01-10,41,quantile,0.6,116.0
2026-01-10,wk inc flu hosp,0,2026-01-10,41,quantile,0.65,123.0
2026-01-10,wk inc flu hosp,0,2026-01-10,41,quantile,0.7,129.0
2026-01-10,wk inc flu hosp,0,2026-01-10,41,quantile,0.75,136.0
2026-01-10,wk inc flu hosp,0,2026-01-10,41,quantile,0.8,145.0
2026-01-10,wk inc flu hosp,0,2026-01-10,41,quantile,0.85,153.0
2026-01-10,wk inc flu hosp,0,2026-01-10,41,quantile,0.9,164.0
2026-01-10,wk inc flu hosp,0,2026-01-10,41,quantile,0.95,184.0
2026-01-10,wk inc flu hosp,0,2026-01-10,41,quantile,0.975,198.0
2026-01-10,wk inc flu hosp,0,2026-01-10,41,quantile,0.99,215.0
2026-01-10,wk inc flu hosp,0,2026-01-10,42,quantile,0.01,388.0
2026-01-10,wk inc flu hosp,0,2026-01-10,42,quantile,0.025,456.0
2026-01-10,wk inc flu hosp,0,2026-01-10,42,quantile,0.05,517.0
2026-01-10,wk inc flu hosp,0,2026-01-10,42,quantile,0.1,603.0
2026-01-10,wk inc flu hosp,0,2026-01-10,42,quantile,0.15,659.0
2026-01-10,wk inc flu hosp,0,2026-01-10,42,quantile,0.2,702.0
2026-01-10,wk inc flu hosp,0,2026-01-10,42,quantile,0.25,737.0
2026-01-10,wk inc flu hosp,0,2026-01-10,42,quantile,0.3,756.0
2026-01-10,wk inc flu hosp,0,2026-01-10,42,quantile,0.35,773.0
2026-01-10,wk inc flu hosp,0,2026-01-10,42,quantile,0.4,792.0
2026-01-10,wk inc flu hosp,0,2026-01-10,42,quantile,0.45,810.0
2026-01-10,wk inc flu hosp,0,2026-01-10,42,quantile,0.5,824.0
2026-01-10,wk inc flu hosp,0,2026-01-10,42,quantile,0.55,841.0
2026-01-10,wk inc flu hosp,0,2026-01-10,42,quantile,0.6,859.0
2026-01-10,wk inc flu hosp,0,2026-01-10,42,quantile,0.65,878.0
2026-01-10,wk inc flu hosp,0,2026-01-10,42,quantile,0.7,894.0
2026-01-10,wk inc flu hosp,0,2026-01-10,42,quantile,0.75,917.0
2026-01-10,wk inc flu hosp,0,2026-01-10,42,quantile,0.8,941.0
2026-01-10,wk inc flu hosp,0,2026-01-10,42,quantile,0.85,962.0
2026-01-10,wk inc flu hosp,0,2026-01-10,42,quantile,0.9,992.0
2026-01-10,wk inc flu hosp,0,2026-01-10,42,quantile,0.95,1043.0
2026-01-10,wk inc flu hosp,0,2026-01-10,42,quantile,0.975,1079.0
2026-01-10,wk inc flu hosp,0,2026-01-10,42,quantile,0.99,1112.0
2026-01-10,wk inc flu hosp,0,2026-01-10,44,quantile,0.01,51.0
2026-01-10,wk inc flu hosp,0,2026-01-10,44,quantile,0.025,55.0
2026-01-10,wk inc flu hosp,0,2026-01-10,44,quantile,0.05,61.0
2026-01-10,wk inc flu hosp,0,2026-01-10,44,quantile,0.1,67.0
2026-01-10,wk inc flu hosp,0,2026-01-10,44,quantile,0.15,72.0
2026-01-10,wk inc flu hosp,0,2026-01-10,44,quantile,0.2,75.0
2026-01-10,wk inc flu hosp,0,2026-01-10,44,quantile,0.25,76.0
2026-01-10,wk inc flu hosp,0,2026-01-10,44,quantile,0.3,77.0
2026-01-10,wk inc flu hosp,0,2026-01-10,44,quantile,0.35,78.0
2026-01-10,wk inc flu hosp,0,2026-01-10,44,quantile,0.4,79.0
2026-01-10,wk inc flu hosp,0,2026-01-10,44,quantile,0.45,80.0
2026-01-10,wk inc flu hosp,0,2026-01-10,44,quantile,0.5,81.0
2026-01-10,wk inc flu hosp,0,2026-01-10,44,quantile,0.55,82.0
2026-01-10,wk inc flu hosp,0,2026-01-10,44,quantile,0.6,83.0
2026-01-10,wk inc flu hosp,0,2026-01-10,44,quantile,0.65,84.0
2026-01-10,wk inc flu hosp,0,2026-01-10,44,quantile,0.7,85.0
2026-01-10,wk inc flu hosp,0,2026-01-10,44,quantile,0.75,86.0
2026-01-10,wk inc flu hosp,0,2026-01-10,44,quantile,0.8,87.0
2026-01-10,wk inc flu hosp,0,2026-01-10,44,quantile,0.85,89.0
2026-01-10,wk inc flu hosp,0,2026-01-10,44,quantile,0.9,91.0
2026-01-10,wk inc flu hosp,0,2026-01-10,44,quantile,0.95,94.0
2026-01-10,wk inc flu hosp,0,2026-01-10,44,quantile,0.975,96.0
2026-01-10,wk inc flu hosp,0,2026-01-10,44,quantile,0.99,99.0
2026-01-10,wk inc flu hosp,0,2026-01-10,45,quantile,0.01,187.0
2026-01-10,wk inc flu hosp,0,2026-01-10,45,quantile,0.025,233.0
2026-01-10,wk inc flu hosp,0,2026-01-10,45,quantile,0.05,260.0
2026-01-10,wk inc flu hosp,0,2026-01-10,45,quantile,0.1,291.0
2026-01-10,wk inc flu hosp,0,2026-01-10,45,quantile,0.15,306.0
2026-01-10,wk inc flu hosp,0,2026-01-10,45,quantile,0.2,316.0
2026-01-10,wk inc flu hosp,0,2026-01-10,45,quantile,0.25,332.0
2026-01-10,wk inc flu hosp,0,2026-01-10,45,quantile,0.3,342.0
2026-01-10,wk inc flu hosp,0,2026-01-10,45,quantile,0.35,351.0
2026-01-10,wk inc flu hosp,0,2026-01-10,45,quantile,0.4,359.0
2026-01-10,wk inc flu hosp,0,2026-01-10,45,quantile,0.45,367.0
2026-01-10,wk inc flu hosp,0,2026-01-10,45,quantile,0.5,375.0
2026-01-10,wk inc flu hosp,0,2026-01-10,45,quantile,0.55,382.0
2026-01-10,wk inc flu hosp,0,2026-01-10,45,quantile,0.6,391.0
2026-01-10,wk inc flu hosp,0,2026-01-10,45,quantile,0.65,399.0
2026-01-10,wk inc flu hosp,0,2026-01-10,45,quantile,0.7,407.0
2026-01-10,wk inc flu hosp,0,2026-01-10,45,quantile,0.75,415.0
2026-01-10,wk inc flu hosp,0,2026-01-10,45,quantile,0.8,425.0
2026-01-10,wk inc flu hosp,0,2026-01-10,45,quantile,0.85,439.0
2026-01-10,wk inc flu hosp,0,2026-01-10,45,quantile,0.9,457.0
2026-01-10,wk inc flu hosp,0,2026-01-10,45,quantile,0.95,483.0
2026-01-10,wk inc flu hosp,0,2026-01-10,45,quantile,0.975,498.0
2026-01-10,wk inc flu hosp,0,2026-01-10,45,quantile,0.99,513.0
2026-01-10,wk inc flu hosp,0,2026-01-10,46,quantile,0.01,25.0
2026-01-10,wk inc flu hosp,0,2026-01-10,46,quantile,0.025,28.0
2026-01-10,wk inc flu hosp,0,2026-01-10,46,quantile,0.05,31.0
2026-01-10,wk inc flu hosp,0,2026-01-10,46,quantile,0.1,36.0
2026-01-10,wk inc flu hosp,0,2026-01-10,46,quantile,0.15,39.0
2026-01-10,wk inc flu hosp,0,2026-01-10,46,quantile,0.2,41.0
2026-01-10,wk inc flu hosp,0,2026-01-10,46,quantile,0.25,43.0
2026-01-10,wk inc flu hosp,0,2026-01-10,46,quantile,0.3,45.0
2026-01-10,wk inc flu hosp,0,2026-01-10,46,quantile,0.35,47.0
2026-01-10,wk inc flu hosp,0,2026-01-10,46,quantile,0.4,48.0
2026-01-10,wk inc flu hosp,0,2026-01-10,46,quantile,0.45,49.0
2026-01-10,wk inc flu hosp,0,2026-01-10,46,quantile,0.5,51.0
2026-01-10,wk inc flu hosp,0,2026-01-10,46,quantile,0.55,52.0
2026-01-10,wk inc flu hosp,0,2026-01-10,46,quantile,0.6,53.0
2026-01-10,wk inc flu hosp,0,2026-01-10,46,quantile,0.65,54.0
2026-01-10,wk inc flu hosp,0,2026-01-10,46,quantile,0.7,55.0
2026-01-10,wk inc flu hosp,0,2026-01-10,46,quantile,0.75,56.0
2026-01-10,wk inc flu hosp,0,2026-01-10,46,quantile,0.8,57.0
2026-01-10,wk inc flu hosp,0,2026-01-10,46,quantile,0.85,58.0
2026-01-10,wk inc flu hosp,0,2026-01-10,46,quantile,0.9,60.0
2026-01-10,wk inc flu hosp,0,2026-01-10,46,quantile,0.95,63.0
2026-01-10,wk inc flu hosp,0,2026-01-10,46,quantile,0.975,64.0
2026-01-10,wk inc flu hosp,0,2026-01-10,46,quantile,0.99,67.0
2026-01-10,wk inc flu hosp,0,2026-01-10,47,quantile,0.01,146.0
2026-01-10,wk inc flu hosp,0,2026-01-10,47,quantile,0.025,184.0
2026-01-10,wk inc flu hosp,0,2026-01-10,47,quantile,0.05,212.0
2026-01-10,wk inc flu hosp,0,2026-01-10,47,quantile,0.1,247.0
2026-01-10,wk inc flu hosp,0,2026-01-10,47,quantile,0.15,273.0
2026-01-10,wk inc flu hosp,0,2026-01-10,47,quantile,0.2,294.0
2026-01-10,wk inc flu hosp,0,2026-01-10,47,quantile,0.25,308.0
2026-01-10,wk inc flu hosp,0,2026-01-10,47,quantile,0.3,322.0
2026-01-10,wk inc flu hosp,0,2026-01-10,47,quantile,0.35,337.0
2026-01-10,wk inc flu hosp,0,2026-01-10,47,quantile,0.4,345.0
2026-01-10,wk inc flu hosp,0,2026-01-10,47,quantile,0.45,357.0
2026-01-10,wk inc flu hosp,0,2026-01-10,47,quantile,0.5,367.0
2026-01-10,wk inc flu hosp,0,2026-01-10,47,quantile,0.55,379.0
2026-01-10,wk inc flu hosp,0,2026-01-10,47,quantile,0.6,391.0
2026-01-10,wk inc flu hosp,0,2026-01-10,47,quantile,0.65,403.0
2026-01-10,wk inc flu hosp,0,2026-01-10,47,quantile,0.7,417.0
2026-01-10,wk inc flu hosp,0,2026-01-10,47,quantile,0.75,431.0
2026-01-10,wk inc flu hosp,0,2026-01-10,47,quantile,0.8,447.0
2026-01-10,wk inc flu hosp,0,2026-01-10,47,quantile,0.85,466.0
2026-01-10,wk inc flu hosp,0,2026-01-10,47,quantile,0.9,488.0
2026-01-10,wk inc flu hosp,0,2026-01-10,47,quantile,0.95,522.0
2026-01-10,wk inc flu hosp,0,2026-01-10,47,quantile,0.975,543.0
2026-01-10,wk inc flu hosp,0,2026-01-10,47,quantile,0.99,574.0
2026-01-10,wk inc flu hosp,0,2026-01-10,48,quantile,0.01,413.0
2026-01-10,wk inc flu hosp,0,2026-01-10,48,quantile,0.025,569.0
2026-01-10,wk inc flu hosp,0,2026-01-10,48,quantile,0.05,821.0
2026-01-10,wk inc flu hosp,0,2026-01-10,48,quantile,0.1,1052.0
2026-01-10,wk inc flu hosp,0,2026-01-10,48,quantile,0.15,1200.0
2026-01-10,wk inc flu hosp,0,2026-01-10,48,quantile,0.2,1311.0
2026-01-10,wk inc flu hosp,0,2026-01-10,48,quantile,0.25,1396.0
2026-01-10,wk inc flu hosp,0,2026-01-10,48,quantile,0.3,1476.0
2026-01-10,wk inc flu hosp,0,2026-01-10,48,quantile,0.35,1539.0
2026-01-10,wk inc flu hosp,0,2026-01-10,48,quantile,0.4,1600.0
2026-01-10,wk inc flu hosp,0,2026-01-10,48,quantile,0.45,1661.0
2026-01-10,wk inc flu hosp,0,2026-01-10,48,quantile,0.5,1716.0
2026-01-10,wk inc flu hosp,0,2026-01-10,48,quantile,0.55,1786.0
2026-01-10,wk inc flu hosp,0,2026-01-10,48,quantile,0.6,1865.0
2026-01-10,wk inc flu hosp,0,2026-01-10,48,quantile,0.65,1923.0
2026-01-10,wk inc flu hosp,0,2026-01-10,48,quantile,0.7,1978.0
2026-01-10,wk inc flu hosp,0,2026-01-10,48,quantile,0.75,2062.0
2026-01-10,wk inc flu hosp,0,2026-01-10,48,quantile,0.8,2148.0
2026-01-10,wk inc flu hosp,0,2026-01-10,48,quantile,0.85,2244.0
2026-01-10,wk inc flu hosp,0,2026-01-10,48,quantile,0.9,2383.0
2026-01-10,wk inc flu hosp,0,2026-01-10,48,quantile,0.95,2598.0
2026-01-10,wk inc flu hosp,0,2026-01-10,48,quantile,0.975,2726.0
2026-01-10,wk inc flu hosp,0,2026-01-10,48,quantile,0.99,2913.0
2026-01-10,wk inc flu hosp,0,2026-01-10,49,quantile,0.01,89.0
2026-01-10,wk inc flu hosp,0,2026-01-10,49,quantile,0.025,112.0
2026-01-10,wk inc flu hosp,0,2026-01-10,49,quantile,0.05,132.0
2026-01-10,wk inc flu hosp,0,2026-01-10,49,quantile,0.1,157.0
2026-01-10,wk inc flu hosp,0,2026-01-10,49,quantile,0.15,168.0
2026-01-10,wk inc flu hosp,0,2026-01-10,49,quantile,0.2,177.0
2026-01-10,wk inc flu hosp,0,2026-01-10,49,quantile,0.25,184.0
2026-01-10,wk inc flu hosp,0,2026-01-10,49,quantile,0.3,192.0
2026-01-10,wk inc flu hosp,0,2026-01-10,49,quantile,0.35,198.0
2026-01-10,wk inc flu hosp,0,2026-01-10,49,quantile,0.4,205.0
2026-01-10,wk inc flu hosp,0,2026-01-10,49,quantile,0.45,211.0
2026-01-10,wk inc flu hosp,0,2026-01-10,49,quantile,0.5,218.0
2026-01-10,wk inc flu hosp,0,2026-01-10,49,quantile,0.55,225.0
2026-01-10,wk inc flu hosp,0,2026-01-10,49,quantile,0.6,231.0
2026-01-10,wk inc flu hosp,0,2026-01-10,49,quantile,0.65,237.0
2026-01-10,wk inc flu hosp,0,2026-01-10,49,quantile,0.7,244.0
2026-01-10,wk inc flu hosp,0,2026-01-10,49,quantile,0.75,251.0
2026-01-10,wk inc flu hosp,0,2026-01-10,49,quantile,0.8,261.0
2026-01-10,wk inc flu hosp,0,2026-01-10,49,quantile,0.85,269.0
2026-01-10,wk inc flu hosp,0,2026-01-10,49,quantile,0.9,280.0
2026-01-10,wk inc flu hosp,0,2026-01-10,49,quantile,0.95,295.0
2026-01-10,wk inc flu hosp,0,2026-01-10,49,quantile,0.975,316.0
2026-01-10,wk inc flu hosp,0,2026-01-10,49,quantile,0.99,329.0
2026-01-10,wk inc flu hosp,0,2026-01-10,50,quantile,0.01,15.0
2026-01-10,wk inc flu hosp,0,2026-01-10,50,quantile,0.025,18.0
2026-01-10,wk inc flu hosp,0,2026-01-10,50,quantile,0.05,21.0
2026-01-10,wk inc flu hosp,0,2026-01-10,50,quantile,0.1,25.0
2026-01-10,wk inc flu hosp,0,2026-01-10,50,quantile,0.15,28.0
2026-01-10,wk inc flu hosp,0,2026-01-10,50,quantile,0.2,30.0
2026-01-10,wk inc flu hosp,0,2026-01-10,50,quantile,0.25,32.0
2026-01-10,wk inc flu hosp,0,2026-01-10,50,quantile,0.3,33.0
2026-01-10,wk inc flu hosp,0,2026-01-10,50,quantile,0.35,35.0
2026-01-10,wk inc flu hosp,0,2026-01-10,50,quantile,0.4,36.0
2026-01-10,wk inc flu hosp,0,2026-01-10,50,quantile,0.45,37.0
2026-01-10,wk inc flu hosp,0,2026-01-10,50,quantile,0.5,38.0
2026-01-10,wk inc flu hosp,0,2026-01-10,50,quantile,0.55,39.0
2026-01-10,wk inc flu hosp,0,2026-01-10,50,quantile,0.6,40.0
2026-01-10,wk inc flu hosp,0,2026-01-10,50,quantile,0.65,41.0
2026-01-10,wk inc flu hosp,0,2026-01-10,50,quantile,0.7,42.0
2026-01-10,wk inc flu hosp,0,2026-01-10,50,quantile,0.75,44.0
2026-01-10,wk inc flu hosp,0,2026-01-10,50,quantile,0.8,45.0
2026-01-10,wk inc flu hosp,0,2026-01-10,50,quantile,0.85,47.0
2026-01-10,wk inc flu hosp,0,2026-01-10,50,quantile,0.9,49.0
2026-01-10,wk inc flu hosp,0,2026-01-10,50,quantile,0.95,51.0
2026-01-10,wk inc flu hosp,0,2026-01-10,50,quantile,0.975,54.0
2026-01-10,wk inc flu hosp,0,2026-01-10,50,quantile,0.99,55.0
2026-01-10,wk inc flu hosp,0,2026-01-10,51,quantile,0.01,393.0
2026-01-10,wk inc flu hosp,0,2026-01-10,51,quantile,0.025,455.0
2026-01-10,wk inc flu hosp,0,2026-01-10,51,quantile,0.05,520.0
2026-01-10,wk inc flu hosp,0,2026-01-10,51,quantile,0.1,583.0
2026-01-10,wk inc flu hosp,0,2026-01-10,51,quantile,0.15,611.0
2026-01-10,wk inc flu hosp,0,2026-01-10,51,quantile,0.2,632.0
2026-01-10,wk inc flu hosp,0,2026-01-10,51,quantile,0.25,647.0
2026-01-10,wk inc flu hosp,0,2026-01-10,51,quantile,0.3,660.0
2026-01-10,wk inc flu hosp,0,2026-01-10,51,quantile,0.35,673.0
2026-01-10,wk inc flu hosp,0,2026-01-10,51,quantile,0.4,684.0
2026-01-10,wk inc flu hosp,0,2026-01-10,51,quantile,0.45,695.0
2026-01-10,wk inc flu hosp,0,2026-01-10,51,quantile,0.5,706.0
2026-01-10,wk inc flu hosp,0,2026-01-10,51,quantile,0.55,719.0
2026-01-10,wk inc flu hosp,0,2026-01-10,51,quantile,0.6,731.0
2026-01-10,wk inc flu hosp,0,2026-01-10,51,quantile,0.65,743.0
2026-01-10,wk inc flu hosp,0,2026-01-10,51,quantile,0.7,754.0
2026-01-10,wk inc flu hosp,0,2026-01-10,51,quantile,0.75,768.0
2026-01-10,wk inc flu hosp,0,2026-01-10,51,quantile,0.8,788.0
2026-01-10,wk inc flu hosp,0,2026-01-10,51,quantile,0.85,807.0
2026-01-10,wk inc flu hosp,0,2026-01-10,51,quantile,0.9,829.0
2026-01-10,wk inc flu hosp,0,2026-01-10,51,quantile,0.95,870.0
2026-01-10,wk inc flu hosp,0,2026-01-10,51,quantile,0.975,904.0
2026-01-10,wk inc flu hosp,0,2026-01-10,51,quantile,0.99,937.0
2026-01-10,wk inc flu hosp,0,2026-01-10,53,quantile,0.01,68.0
2026-01-10,wk inc flu hosp,0,2026-01-10,53,quantile,0.025,113.0
2026-01-10,wk inc flu hosp,0,2026-01-10,53,quantile,0.05,153.0
2026-01-10,wk inc flu hosp,0,2026-01-10,53,quantile,0.1,191.0
2026-01-10,wk inc flu hosp,0,2026-01-10,53,quantile,0.15,208.0
2026-01-10,wk inc flu hosp,0,2026-01-10,53,quantile,0.2,224.0
2026-01-10,wk inc flu hosp,0,2026-01-10,53,quantile,0.25,234.0
2026-01-10,wk inc flu hosp,0,2026-01-10,53,quantile,0.3,244.0
2026-01-10,wk inc flu hosp,0,2026-01-10,53,quantile,0.35,255.0
2026-01-10,wk inc flu hosp,0,2026-01-10,53,quantile,0.4,265.0
2026-01-10,wk inc flu hosp,0,2026-01-10,53,quantile,0.45,274.0
2026-01-10,wk inc flu hosp,0,2026-01-10,53,quantile,0.5,283.0
2026-01-10,wk inc flu hosp,0,2026-01-10,53,quantile,0.55,293.0
2026-01-10,wk inc flu hosp,0,2026-01-10,53,quantile,0.6,302.0
2026-01-10,wk inc flu hosp,0,2026-01-10,53,quantile,0.65,312.0
2026-01-10,wk inc flu hosp,0,2026-01-10,53,quantile,0.7,322.0
2026-01-10,wk inc flu hosp,0,2026-01-10,53,quantile,0.75,332.0
2026-01-10,wk inc flu hosp,0,2026-01-10,53,quantile,0.8,345.0
2026-01-10,wk inc flu hosp,0,2026-01-10,53,quantile,0.85,362.0
2026-01-10,wk inc flu hosp,0,2026-01-10,53,quantile,0.9,382.0
2026-01-10,wk inc flu hosp,0,2026-01-10,53,quantile,0.95,413.0
2026-01-10,wk inc flu hosp,0,2026-01-10,53,quantile,0.975,436.0
2026-01-10,wk inc flu hosp,0,2026-01-10,53,quantile,0.99,459.0
2026-01-10,wk inc flu hosp,0,2026-01-10,54,quantile,0.01,23.0
2026-01-10,wk inc flu hosp,0,2026-01-10,54,quantile,0.025,32.0
2026-01-10,wk inc flu hosp,0,2026-01-10,54,quantile,0.05,41.0
2026-01-10,wk inc flu hosp,0,2026-01-10,54,quantile,0.1,52.0
2026-01-10,wk inc flu hosp,0,2026-01-10,54,quantile,0.15,61.0
2026-01-10,wk inc flu hosp,0,2026-01-10,54,quantile,0.2,69.0
2026-01-10,wk inc flu hosp,0,2026-01-10,54,quantile,0.25,74.0
2026-01-10,wk inc flu hosp,0,2026-01-10,54,quantile,0.3,79.0
2026-01-10,wk inc flu hosp,0,2026-01-10,54,quantile,0.35,82.0
2026-01-10,wk inc flu hosp,0,2026-01-10,54,quantile,0.4,85.0
2026-01-10,wk inc flu hosp,0,2026-01-10,54,quantile,0.45,89.0
2026-01-10,wk inc flu hosp,0,2026-01-10,54,quantile,0.5,92.0
2026-01-10,wk inc flu hosp,0,2026-01-10,54,quantile,0.55,94.0
2026-01-10,wk inc flu hosp,0,2026-01-10,54,quantile,0.6,98.0
2026-01-10,wk inc flu hosp,0,2026-01-10,54,quantile,0.65,100.0
2026-01-10,wk inc flu hosp,0,2026-01-10,54,quantile,0.7,104.0
2026-01-10,wk inc flu hosp,0,2026-01-10,54,quantile,0.75,107.0
2026-01-10,wk inc flu hosp,0,2026-01-10,54,quantile,0.8,112.0
2026-01-10,wk inc flu hosp,0,2026-01-10,54,quantile,0.85,116.0
2026-01-10,wk inc flu hosp,0,2026-01-10,54,quantile,0.9,122.0
2026-01-10,wk inc flu hosp,0,2026-01-10,54,quantile,0.95,131.0
2026-01-10,wk inc flu hosp,0,2026-01-10,54,quantile,0.975,137.0
2026-01-10,wk inc flu hosp,0,2026-01-10,54,quantile,0.99,145.0
2026-01-10,wk inc flu hosp,0,2026-01-10,55,quantile,0.01,279.0
2026-01-10,wk inc flu hosp,0,2026-01-10,55,quantile,0.025,315.0
2026-01-10,wk inc flu hosp,0,2026-01-10,55,quantile,0.05,345.0
2026-01-10,wk inc flu hosp,0,2026-01-10,55,quantile,0.1,382.0
2026-01-10,wk inc flu hosp,0,2026-01-10,55,quantile,0.15,407.0
2026-01-10,wk inc flu hosp,0,2026-01-10,55,quantile,0.2,427.0
2026-01-10,wk inc flu hosp,0,2026-01-10,55,quantile,0.25,438.0
2026-01-10,wk inc flu hosp,0,2026-01-10,55,quantile,0.3,447.0
2026-01-10,wk inc flu hosp,0,2026-01-10,55,quantile,0.35,457.0
2026-01-10,wk inc flu hosp,0,2026-01-10,55,quantile,0.4,465.0
2026-01-10,wk inc flu hosp,0,2026-01-10,55,quantile,0.45,473.0
2026-01-10,wk inc flu hosp,0,2026-01-10,55,quantile,0.5,481.0
2026-01-10,wk inc flu hosp,0,2026-01-10,55,quantile,0.55,487.0
2026-01-10,wk inc flu hosp,0,2026-01-10,55,quantile,0.6,494.0
2026-01-10,wk inc flu hosp,0,2026-01-10,55,quantile,0.65,502.0
2026-01-10,wk inc flu hosp,0,2026-01-10,55,quantile,0.7,510.0
2026-01-10,wk inc flu hosp,0,2026-01-10,55,quantile,0.75,519.0
2026-01-10,wk inc flu hosp,0,2026-01-10,55,quantile,0.8,531.0
2026-01-10,wk inc flu hosp,0,2026-01-10,55,quantile,0.85,542.0
2026-01-10,wk inc flu hosp,0,2026-01-10,55,quantile,0.9,557.0
2026-01-10,wk inc flu hosp,0,2026-01-10,55,quantile,0.95,585.0
2026-01-10,wk inc flu hosp,0,2026-01-10,55,quantile,0.975,605.0
2026-01-10,wk inc flu hosp,0,2026-01-10,55,quantile,0.99,624.0
2026-01-10,wk inc flu hosp,0,2026-01-10,56,quantile,0.01,0.0
2026-01-10,wk inc flu hosp,0,2026-01-10,56,quantile,0.025,0.0
2026-01-10,wk inc flu hosp,0,2026-01-10,56,quantile,0.05,0.0
2026-01-10,wk inc flu hosp,0,2026-01-10,56,quantile,0.1,0.0
2026-01-10,wk inc flu hosp,0,2026-01-10,56,quantile,0.15,0.0
2026-01-10,wk inc flu hosp,0,2026-01-10,56,quantile,0.2,0.0
2026-01-10,wk inc flu hosp,0,2026-01-10,56,quantile,0.25,0.0
2026-01-10,wk inc flu hosp,0,2026-01-10,56,quantile,0.3,0.0
2026-01-10,wk inc flu hosp,0,2026-01-10,56,quantile,0.35,0.0
2026-01-10,wk inc flu hosp,0,2026-01-10,56,quantile,0.4,0.0
2026-01-10,wk inc flu hosp,0,2026-01-10,56,quantile,0.45,0.0
2026-01-10,wk inc flu hosp,0,2026-01-10,56,quantile,0.5,0.0
2026-01-10,wk inc flu hosp,0,2026-01-10,56,quantile,0.55,0.0
2026-01-10,wk inc flu hosp,0,2026-01-10,56,quantile,0.6,0.0
2026-01-10,wk inc flu hosp,0,2026-01-10,56,quantile,0.65,0.0
2026-01-10,wk inc flu hosp,0,2026-01-10,56,quantile,0.7,0.0
2026-01-10,wk inc flu hosp,0,2026-01-10,56,quantile,0.75,1.0
2026-01-10,wk inc flu hosp,0,2026-01-10,56,quantile,0.8,1.0
2026-01-10,wk inc flu hosp,0,2026-01-10,56,quantile,0.85,1.0
2026-01-10,wk inc flu hosp,0,2026-01-10,56,quantile,0.9,2.0
2026-01-10,wk inc flu hosp,0,2026-01-10,56,quantile,0.95,4.0
2026-01-10,wk inc flu hosp,0,2026-01-10,56,quantile,0.975,6.0
2026-01-10,wk inc flu hosp,0,2026-01-10,56,quantile,0.99,7.0
2026-01-10,wk inc flu hosp,0,2026-01-10,US,quantile,0.01,10570.0
2026-01-10,wk inc flu hosp,0,2026-01-10,US,quantile,0.025,11944.0
2026-01-10,wk inc flu hosp,0,2026-01-10,US,quantile,0.05,14044.0
2026-01-10,wk inc flu hosp,0,2026-01-10,US,quantile,0.1,16115.0
2026-01-10,wk inc flu hosp,0,2026-01-10,US,quantile,0.15,17585.0
2026-01-10,wk inc flu hosp,0,2026-01-10,US,quantile,0.2,18197.0
2026-01-10,wk inc flu hosp,0,2026-01-10,US,quantile,0.25,18718.0
2026-01-10,wk inc flu hosp,0,2026-01-10,US,quantile,0.3,19201.0
2026-01-10,wk inc flu hosp,0,2026-01-10,US,quantile,0.35,19647.0
2026-01-10,wk inc flu hosp,0,2026-01-10,US,quantile,0.4,19982.0
2026-01-10,wk inc flu hosp,0,2026-01-10,US,quantile,0.45,20339.0
2026-01-10,wk inc flu hosp,0,2026-01-10,US,quantile,0.5,20669.0
2026-01-10,wk inc flu hosp,0,2026-01-10,US,quantile,0.55,21149.0
2026-01-10,wk inc flu hosp,0,2026-01-10,US,quantile,0.6,21498.0
2026-01-10,wk inc flu hosp,0,2026-01-10,US,quantile,0.65,21946.0
2026-01-10,wk inc flu hosp,0,2026-01-10,US,quantile,0.7,22370.0
2026-01-10,wk inc flu hosp,0,2026-01-10,US,quantile,0.75,22963.0
2026-01-10,wk inc flu hosp,0,2026-01-10,US,quantile,0.8,23426.0
2026-01-10,wk inc flu hosp,0,2026-01-10,US,quantile,0.85,23991.0
2026-01-10,wk inc flu hosp,0,2026-01-10,US,quantile,0.9,24680.0
2026-01-10,wk inc flu hosp,0,2026-01-10,US,quantile,0.95,25653.0
2026-01-10,wk inc flu hosp,0,2026-01-10,US,quantile,0.975,26611.0
2026-01-10,wk inc flu hosp,0,2026-01-10,US,quantile,0.99,27629.0
2026-01-10,wk inc flu hosp,1,2026-01-17,01,quantile,0.01,88.0
2026-01-10,wk inc flu hosp,1,2026-01-17,01,quantile,0.025,104.0
2026-01-10,wk inc flu hosp,1,2026-01-17,01,quantile,0.05,114.0
2026-01-10,wk inc flu hosp,1,2026-01-17,01,quantile,0.1,137.0
2026-01-10,wk inc flu hosp,1,2026-01-17,01,quantile,0.15,167.0
2026-01-10,wk inc flu hosp,1,2026-01-17,01,quantile,0.2,191.0
2026-01-10,wk inc flu hosp,1,2026-01-17,01,quantile,0.25,211.0
2026-01-10,wk inc flu hosp,1,2026-01-17,01,quantile,0.3,229.0
2026-01-10,wk inc flu hosp,1,2026-01-17,01,quantile,0.35,244.0
2026-01-10,wk inc flu hosp,1,2026-01-17,01,quantile,0.4,261.0
2026-01-10,wk inc flu hosp,1,2026-01-17,01,quantile,0.45,278.0
2026-01-10,wk inc flu hosp,1,2026-01-17,01,quantile,0.5,295.0
2026-01-10,wk inc flu hosp,1,2026-01-17,01,quantile,0.55,310.0
2026-01-10,wk inc flu hosp,1,2026-01-17,01,quantile,0.6,324.0
2026-01-10,wk inc flu hosp,1,2026-01-17,01,quantile,0.65,340.0
2026-01-10,wk inc flu hosp,1,2026-01-17,01,quantile,0.7,357.0
2026-01-10,wk inc flu hosp,1,2026-01-17,01,quantile,0.75,377.0
2026-01-10,wk inc flu hosp,1,2026-01-17,01,quantile,0.8,399.0
2026-01-10,wk inc flu hosp,1,2026-01-17,01,quantile,0.85,427.0
2026-01-10,wk inc flu hosp,1,2026-01-17,01,quantile,0.9,465.0
2026-01-10,wk inc flu hosp,1,2026-01-17,01,quantile,0.95,515.0
2026-01-10,wk inc flu hosp,1,2026-01-17,01,quantile,0.975,544.0
2026-01-10,wk inc flu hosp,1,2026-01-17,01,quantile,0.99,595.0
2026-01-10,wk inc flu hosp,1,2026-01-17,02,quantile,0.01,29.0
2026-01-10,wk inc flu hosp,1,2026-01-17,02,quantile,0.025,34.0
2026-01-10,wk inc flu hosp,1,2026-01-17,02,quantile,0.05,40.0
2026-01-10,wk inc flu hosp,1,2026-01-17,02,quantile,0.1,47.0
2026-01-10,wk inc flu hosp,1,2026-01-17,02,quantile,0.15,52.0
2026-01-10,wk inc flu hosp,1,2026-01-17,02,quantile,0.2,55.0
2026-01-10,wk inc flu hosp,1,2026-01-17,02,quantile,0.25,56.0
2026-01-10,wk inc flu hosp,1,2026-01-17,02,quantile,0.3,57.0
2026-01-10,wk inc flu hosp,1,2026-01-17,02,quantile,0.35,59.0
2026-01-10,wk inc flu hosp,1,2026-01-17,02,quantile,0.4,60.0
2026-01-10,wk inc flu hosp,1,2026-01-17,02,quantile,0.45,61.0
2026-01-10,wk inc flu hosp,1,2026-01-17,02,quantile,0.5,63.0
2026-01-10,wk inc flu hosp,1,2026-01-17,02,quantile,0.55,64.0
2026-01-10,wk inc flu hosp,1,2026-01-17,02,quantile,0.6,65.0
2026-01-10,wk inc flu hosp,1,2026-01-17,02,quantile,0.65,67.0
2026-01-10,wk inc flu hosp,1,2026-01-17,02,quantile,0.7,68.0
2026-01-10,wk inc flu hosp,1,2026-01-17,02,quantile,0.75,70.0
2026-01-10,wk inc flu hosp,1,2026-01-17,02,quantile,0.8,71.0
2026-01-10,wk inc flu hosp,1,2026-01-17,02,quantile,0.85,73.0
2026-01-10,wk inc flu hosp,1,2026-01-17,02,quantile,0.9,76.0
2026-01-10,wk inc flu hosp,1,2026-01-17,02,quantile,0.95,80.0
2026-01-10,wk inc flu hosp,1,2026-01-17,02,quantile,0.975,83.0
2026-01-10,wk inc flu hosp,1,2026-01-17,02,quantile,0.99,88.0
2026-01-10,wk inc flu hosp,1,2026-01-17,04,quantile,0.01,42.0
2026-01-10,wk inc flu hosp,1,2026-01-17,04,quantile,0.025,52.0
2026-01-10,wk inc flu hosp,1,2026-01-17,04,quantile,0.05,59.0
2026-01-10,wk inc flu hosp,1,2026-01-17,04,quantile,0.1,65.0
2026-01-10,wk inc flu hosp,1,2026-01-17,04,quantile,0.15,69.0
2026-01-10,wk inc flu hosp,1,2026-01-17,04,quantile,0.2,85.0
2026-01-10,wk inc flu hosp,1,2026-01-17,04,quantile,0.25,104.0
2026-01-10,wk inc flu hosp,1,2026-01-17,04,quantile,0.3,121.0
2026-01-10,wk inc flu hosp,1,2026-01-17,04,quantile,0.35,134.0
2026-01-10,wk inc flu hosp,1,2026-01-17,04,quantile,0.4,146.0
2026-01-10,wk inc flu hosp,1,2026-01-17,04,quantile,0.45,161.0
2026-01-10,wk inc flu hosp,1,2026-01-17,04,quantile,0.5,174.0
2026-01-10,wk inc flu hosp,1,2026-01-17,04,quantile,0.55,189.0
2026-01-10,wk inc flu hosp,1,2026-01-17,04,quantile,0.6,202.0
2026-01-10,wk inc flu hosp,1,2026-01-17,04,quantile,0.65,220.0
2026-01-10,wk inc flu hosp,1,2026-01-17,04,quantile,0.7,234.0
2026-01-10,wk inc flu hosp,1,2026-01-17,04,quantile,0.75,251.0
2026-01-10,wk inc flu hosp,1,2026-01-17,04,quantile,0.8,271.0
2026-01-10,wk inc flu hosp,1,2026-01-17,04,quantile,0.85,293.0
2026-01-10,wk inc flu hosp,1,2026-01-17,04,quantile,0.9,321.0
2026-01-10,wk inc flu hosp,1,2026-01-17,04,quantile,0.95,363.0
2026-01-10,wk inc flu hosp,1,2026-01-17,04,quantile,0.975,394.0
2026-01-10,wk inc flu hosp,1,2026-01-17,04,quantile,0.99,436.0
2026-01-10,wk inc flu hosp,1,2026-01-17,05,quantile,0.01,48.0
2026-01-10,wk inc flu hosp,1,2026-01-17,05,quantile,0.025,68.0
2026-01-10,wk inc flu hosp,1,2026-01-17,05,quantile,0.05,81.0
2026-01-10,wk inc flu hosp,1,2026-01-17,05,quantile,0.1,99.0
2026-01-10,wk inc flu hosp,1,2026-01-17,05,quantile,0.15,110.0
2026-01-10,wk inc flu hosp,1,2026-01-17,05,quantile,0.2,119.0
2026-01-10,wk inc flu hosp,1,2026-01-17,05,quantile,0.25,128.0
2026-01-10,wk inc flu hosp,1,2026-01-17,05,quantile,0.3,136.0
2026-01-10,wk inc flu hosp,1,2026-01-17,05,quantile,0.35,145.0
2026-01-10,wk inc flu hosp,1,2026-01-17,05,quantile,0.4,152.0
2026-01-10,wk inc flu hosp,1,2026-01-17,05,quantile,0.45,159.0
2026-01-10,wk inc flu hosp,1,2026-01-17,05,quantile,0.5,167.0
2026-01-10,wk inc flu hosp,1,2026-01-17,05,quantile,0.55,174.0
2026-01-10,wk inc flu hosp,1,2026-01-17,05,quantile,0.6,180.0
2026-01-10,wk inc flu hosp,1,2026-01-17,05,quantile,0.65,188.0
2026-01-10,wk inc flu hosp,1,2026-01-17,05,quantile,0.7,195.0
2026-01-10,wk inc flu hosp,1,2026-01-17,05,quantile,0.75,204.0
2026-01-10,wk inc flu hosp,1,2026-01-17,05,quantile,0.8,213.0
2026-01-10,wk inc flu hosp,1,2026-01-17,05,quantile,0.85,223.0
2026-01-10,wk inc flu hosp,1,2026-01-17,05,quantile,0.9,236.0
2026-01-10,wk inc flu hosp,1,2026-01-17,05,quantile,0.95,258.0
2026-01-10,wk inc flu hosp,1,2026-01-17,05,quantile,0.975,279.0
2026-01-10,wk inc flu hosp,1,2026-01-17,05,quantile,0.99,293.0
2026-01-10,wk inc flu hosp,1,2026-01-17,06,quantile,0.01,261.0
2026-01-10,wk inc flu hosp,1,2026-01-17,06,quantile,0.025,346.0
2026-01-10,wk inc flu hosp,1,2026-01-17,06,quantile,0.05,389.0
2026-01-10,wk inc flu hosp,1,2026-01-17,06,quantile,0.1,506.0
2026-01-10,wk inc flu hosp,1,2026-01-17,06,quantile,0.15,590.0
2026-01-10,wk inc flu hosp,1,2026-01-17,06,quantile,0.2,654.0
2026-01-10,wk inc flu hosp,1,2026-01-17,06,quantile,0.25,733.0
2026-01-10,wk inc flu hosp,1,2026-01-17,06,quantile,0.3,795.0
2026-01-10,wk inc flu hosp,1,2026-01-17,06,quantile,0.35,846.0
2026-01-10,wk inc flu hosp,1,2026-01-17,06,quantile,0.4,894.0
2026-01-10,wk inc flu hosp,1,2026-01-17,06,quantile,0.45,939.0
2026-01-10,wk inc flu hosp,1,2026-01-17,06,quantile,0.5,983.0
2026-01-10,wk inc flu hosp,1,2026-01-17,06,quantile,0.55,1032.0
2026-01-10,wk inc flu hosp,1,2026-01-17,06,quantile,0.6,1077.0
2026-01-10,wk inc flu hosp,1,2026-01-17,06,quantile,0.65,1135.0
2026-01-10,wk inc flu hosp,1,2026-01-17,06,quantile,0.7,1183.0
2026-01-10,wk inc flu hosp,1,2026-01-17,06,quantile,0.75,1233.0
2026-01-10,wk inc flu hosp,1,2026-01-17,06,quantile,0.8,1289.0
2026-01-10,wk inc flu hosp,1,2026-01-17,06,quantile,0.85,1366.0
2026-01-10,wk inc flu hosp,1,2026-01-17,06,quantile,0.9,1462.0
2026-01-10,wk inc flu hosp,1,2026-01-17,06,quantile,0.95,1598.0
2026-01-10,wk inc flu hosp,1,2026-01-17,06,quantile,0.975,1720.0
2026-01-10,wk inc flu hosp,1,2026-01-17,06,quantile,0.99,1862.0
2026-01-10,wk inc flu hosp,1,2026-01-17,08,quantile,0.01,188.0
2026-01-10,wk inc flu hosp,1,2026-01-17,08,quantile,0.025,220.0
2026-01-10,wk inc flu hosp,1,2026-01-17,08,quantile,0.05,255.0
2026-01-10,wk inc flu hosp,1,2026-01-17,08,quantile,0.1,303.0
2026-01-10,wk inc flu hosp,1,2026-01-17,08,quantile,0.15,335.0
2026-01-10,wk inc flu hosp,1,2026-01-17,08,quantile,0.2,367.0
2026-01-10,wk inc flu hosp,1,2026-01-17,08,quantile,0.25,394.0
2026-01-10,wk inc flu hosp,1,2026-01-17,08,quantile,0.3,405.0
2026-01-10,wk inc flu hosp,1,2026-01-17,08,quantile,0.35,412.0
2026-01-10,wk inc flu hosp,1,2026-01-17,08,quantile,0.4,418.0
2026-01-10,wk inc flu hosp,1,2026-01-17,08,quantile,0.45,425.0
2026-01-10,wk inc flu hosp,1,2026-01-17,08,quantile,0.5,431.0
2026-01-10,wk inc flu hosp,1,2026-01-17,08,quantile,0.55,439.0
2026-01-10,wk inc flu hosp,1,2026-01-17,08,quantile,0.6,446.0
2026-01-10,wk inc flu hosp,1,2026-01-17,08,quantile,0.65,452.0
2026-01-10,wk inc flu hosp,1,2026-01-17,08,quantile,0.7,459.0
2026-01-10,wk inc flu hosp,1,2026-01-17,08,quantile,0.75,468.0
2026-01-10,wk inc flu hosp,1,2026-01-17,08,quantile,0.8,477.0
2026-01-10,wk inc flu hosp,1,2026-01-17,08,quantile,0.85,487.0
2026-01-10,wk inc flu hosp,1,2026-01-17,08,quantile,0.9,501.0
2026-01-10,wk inc flu hosp,1,2026-01-17,08,quantile,0.95,520.0
2026-01-10,wk inc flu hosp,1,2026-01-17,08,quantile,0.975,534.0
2026-01-10,wk inc flu hosp,1,2026-01-17,08,quantile,0.99,554.0
2026-01-10,wk inc flu hosp,1,2026-01-17,09,quantile,0.01,140.0
2026-01-10,wk inc flu hosp,1,2026-01-17,09,quantile,0.025,166.0
2026-01-10,wk inc flu hosp,1,2026-01-17,09,quantile,0.05,199.0
2026-01-10,wk inc flu hosp,1,2026-01-17,09,quantile,0.1,229.0
2026-01-10,wk inc flu hosp,1,2026-01-17,09,quantile,0.15,258.0
2026-01-10,wk inc flu hosp,1,2026-01-17,09,quantile,0.2,281.0
2026-01-10,wk inc flu hosp,1,2026-01-17,09,quantile,0.25,291.0
2026-01-10,wk inc flu hosp,1,2026-01-17,09,quantile,0.3,297.0
2026-01-10,wk inc flu hosp,1,2026-01-17,09,quantile,0.35,303.0
2026-01-10,wk inc flu hosp,1,2026-01-17,09,quantile,0.4,308.0
2026-01-10,wk inc flu hosp,1,2026-01-17,09,quantile,0.45,314.0
2026-01-10,wk inc flu hosp,1,2026-01-17,09,quantile,0.5,319.0
2026-01-10,wk inc flu hosp,1,2026-01-17,09,quantile,0.55,324.0
2026-01-10,wk inc flu hosp,1,2026-01-17,09,quantile,0.6,329.0
2026-01-10,wk inc flu hosp,1,2026-01-17,09,quantile,0.65,334.0
2026-01-10,wk inc flu hosp,1,2026-01-17,09,quantile,0.7,339.0
2026-01-10,wk inc flu hosp,1,2026-01-17,09,quantile,0.75,346.0
2026-01-10,wk inc flu hosp,1,2026-01-17,09,quantile,0.8,353.0
2026-01-10,wk inc flu hosp,1,2026-01-17,09,quantile,0.85,360.0
2026-01-10,wk inc flu hosp,1,2026-01-17,09,quantile,0.9,370.0
2026-01-10,wk inc flu hosp,1,2026-01-17,09,quantile,0.95,386.0
2026-01-10,wk inc flu hosp,1,2026-01-17,09,quantile,0.975,396.0
2026-01-10,wk inc flu hosp,1,2026-01-17,09,quantile,0.99,408.0
2026-01-10,wk inc flu hosp,1,2026-01-17,10,quantile,0.01,34.0
2026-01-10,wk inc flu hosp,1,2026-01-17,10,quantile,0.025,43.0
2026-01-10,wk inc flu hosp,1,2026-01-17,10,quantile,0.05,50.0
2026-01-10,wk inc flu hosp,1,2026-01-17,10,quantile,0.1,56.0
2026-01-10,wk inc flu hosp,1,2026-01-17,10,quantile,0.15,60.0
2026-01-10,wk inc flu hosp,1,2026-01-17,10,quantile,0.2,63.0
2026-01-10,wk inc flu hosp,1,2026-01-17,10,quantile,0.25,66.0
2026-01-10,wk inc flu hosp,1,2026-01-17,10,quantile,0.3,69.0
2026-01-10,wk inc flu hosp,1,2026-01-17,10,quantile,0.35,71.0
2026-01-10,wk inc flu hosp,1,2026-01-17,10,quantile,0.4,74.0
2026-01-10,wk inc flu hosp,1,2026-01-17,10,quantile,0.45,76.0
2026-01-10,wk inc flu hosp,1,2026-01-17,10,quantile,0.5,78.0
2026-01-10,wk inc flu hosp,1,2026-01-17,10,quantile,0.55,80.0
2026-01-10,wk inc flu hosp,1,2026-01-17,10,quantile,0.6,82.0
2026-01-10,wk inc flu hosp,1,2026-01-17,10,quantile,0.65,84.0
2026-01-10,wk inc flu hosp,1,2026-01-17,10,quantile,0.7,87.0
2026-01-10,wk inc flu hosp,1,2026-01-17,10,quantile,0.75,90.0
2026-01-10,wk inc flu hosp,1,2026-01-17,10,quantile,0.8,93.0
2026-01-10,wk inc flu hosp,1,2026-01-17,10,quantile,0.85,96.0
2026-01-10,wk inc flu hosp,1,2026-01-17,10,quantile,0.9,101.0
2026-01-10,wk inc flu hosp,1,2026-01-17,10,quantile,0.95,107.0
2026-01-10,wk inc flu hosp,1,2026-01-17,10,quantile,0.975,113.0
2026-01-10,wk inc flu hosp,1,2026-01-17,10,quantile,0.99,119.0
2026-01-10,wk inc flu hosp,1,2026-01-17,11,quantile,0.01,14.0
2026-01-10,wk inc flu hosp,1,2026-01-17,11,quantile,0.025,21.0
2026-01-10,wk inc flu hosp,1,2026-01-17,11,quantile,0.05,25.0
2026-01-10,wk inc flu hosp,1,2026-01-17,11,quantile,0.1,31.0
2026-01-10,wk inc flu hosp,1,2026-01-17,11,quantile,0.15,34.0
2026-01-10,wk inc flu hosp,1,2026-01-17,11,quantile,0.2,35.0
2026-01-10,wk inc flu hosp,1,2026-01-17,11,quantile,0.25,37.0
2026-01-10,wk inc flu hosp,1,2026-01-17,11,quantile,0.3,38.0
2026-01-10,wk inc flu hosp,1,2026-01-17,11,quantile,0.35,39.0
2026-01-10,wk inc flu hosp,1,2026-01-17,11,quantile,0.4,40.0
2026-01-10,wk inc flu hosp,1,2026-01-17,11,quantile,0.45,41.0
2026-01-10,wk inc flu hosp,1,2026-01-17,11,quantile,0.5,43.0
2026-01-10,wk inc flu hosp,1,2026-01-17,11,quantile,0.55,44.0
2026-01-10,wk inc flu hosp,1,2026-01-17,11,quantile,0.6,45.0
2026-01-10,wk inc flu hosp,1,2026-01-17,11,quantile,0.65,46.0
2026-01-10,wk inc flu hosp,1,2026-01-17,11,quantile,0.7,47.0
2026-01-10,wk inc flu hosp,1,2026-01-17,11,quantile,0.75,48.0
2026-01-10,wk inc flu hosp,1,2026-01-17,11,quantile,0.8,49.0
2026-01-10,wk inc flu hosp,1,2026-01-17,11,quantile,0.85,51.0
2026-01-10,wk inc flu hosp,1,2026-01-17,11,quantile,0.9,53.0
2026-01-10,wk inc flu hosp,1,2026-01-17,11,quantile,0.95,56.0
2026-01-10,wk inc flu hosp,1,2026-01-17,11,quantile,0.975,59.0
2026-01-10,wk inc flu hosp,1,2026-01-17,11,quantile,0.99,62.0
2026-01-10,wk inc flu hosp,1,2026-01-17,12,quantile,0.01,327.0
2026-01-10,wk inc flu hosp,1,2026-01-17,12,quantile,0.025,448.0
2026-01-10,wk inc flu hosp,1,2026-01-17,12,quantile,0.05,553.0
2026-01-10,wk inc flu hosp,1,2026-01-17,12,quantile,0.1,696.0
2026-01-10,wk inc flu hosp,1,2026-01-17,12,quantile,0.15,803.0
2026-01-10,wk inc flu hosp,1,2026-01-17,12,quantile,0.2,897.0
2026-01-10,wk inc flu hosp,1,2026-01-17,12,quantile,0.25,984.0
2026-01-10,wk inc flu hosp,1,2026-01-17,12,quantile,0.3,1056.0
2026-01-10,wk inc flu hosp,1,2026-01-17,12,quantile,0.35,1104.0
2026-01-10,wk inc flu hosp,1,2026-01-17,12,quantile,0.4,1143.0
2026-01-10,wk inc flu hosp,1,2026-01-17,12,quantile,0.45,1173.0
2026-01-10,wk inc flu hosp,1,2026-01-17,12,quantile,0.5,1205.0
2026-01-10,wk inc flu hosp,1,2026-01-17,12,quantile,0.55,1241.0
2026-01-10,wk inc flu hosp,1,2026-01-17,12,quantile,0.6,1267.0
2026-01-10,wk inc flu hosp,1,2026-01-17,12,quantile,0.65,1297.0
2026-01-10,wk inc flu hosp,1,2026-01-17,12,quantile,0.7,1329.0
2026-01-10,wk inc flu hosp,1,2026-01-17,12,quantile,0.75,1364.0
2026-01-10,wk inc flu hosp,1,2026-01-17,12,quantile,0.8,1408.0
2026-01-10,wk inc flu hosp,1,2026-01-17,12,quantile,0.85,1450.0
2026-01-10,wk inc flu hosp,1,2026-01-17,12,quantile,0.9,1512.0
2026-01-10,wk inc flu hosp,1,2026-01-17,12,quantile,0.95,1603.0
2026-01-10,wk inc flu hosp,1,2026-01-17,12,quantile,0.975,1682.0
2026-01-10,wk inc flu hosp,1,2026-01-17,12,quantile,0.99,1758.0
2026-01-10,wk inc flu hosp,1,2026-01-17,13,quantile,0.01,173.0
2026-01-10,wk inc flu hosp,1,2026-01-17,13,quantile,0.025,256.0
2026-01-10,wk inc flu hosp,1,2026-01-17,13,quantile,0.05,331.0
2026-01-10,wk inc flu hosp,1,2026-01-17,13,quantile,0.1,444.0
2026-01-10,wk inc flu hosp,1,2026-01-17,13,quantile,0.15,483.0
2026-01-10,wk inc flu hosp,1,2026-01-17,13,quantile,0.2,518.0
2026-01-10,wk inc flu hosp,1,2026-01-17,13,quantile,0.25,544.0
2026-01-10,wk inc flu hosp,1,2026-01-17,13,quantile,0.3,568.0
2026-01-10,wk inc flu hosp,1,2026-01-17,13,quantile,0.35,591.0
2026-01-10,wk inc flu hosp,1,2026-01-17,13,quantile,0.4,608.0
2026-01-10,wk inc flu hosp,1,2026-01-17,13,quantile,0.45,627.0
2026-01-10,wk inc flu hosp,1,2026-01-17,13,quantile,0.5,651.0
2026-01-10,wk inc flu hosp,1,2026-01-17,13,quantile,0.55,670.0
2026-01-10,wk inc flu hosp,1,2026-01-17,13,quantile,0.6,692.0
2026-01-10,wk inc flu hosp,1,2026-01-17,13,quantile,0.65,716.0
2026-01-10,wk inc flu hosp,1,2026-01-17,13,quantile,0.7,735.0
2026-01-10,wk inc flu hosp,1,2026-01-17,13,quantile,0.75,756.0
2026-01-10,wk inc flu hosp,1,2026-01-17,13,quantile,0.8,781.0
2026-01-10,wk inc flu hosp,1,2026-01-17,13,quantile,0.85,815.0
2026-01-10,wk inc flu hosp,1,2026-01-17,13,quantile,0.9,861.0
2026-01-10,wk inc flu hosp,1,2026-01-17,13,quantile,0.95,915.0
2026-01-10,wk inc flu hosp,1,2026-01-17,13,quantile,0.975,953.0
2026-01-10,wk inc flu hosp,1,2026-01-17,13,quantile,0.99,989.0
2026-01-10,wk inc flu hosp,1,2026-01-17,15,quantile,0.01,14.0
2026-01-10,wk inc flu hosp,1,2026-01-17,15,quantile,0.025,17.0
2026-01-10,wk inc flu hosp,1,2026-01-17,15,quantile,0.05,27.0
2026-01-10,wk inc flu hosp,1,2026-01-17,15,quantile,0.1,44.0
2026-01-10,wk inc flu hosp,1,2026-01-17,15,quantile,0.15,54.0
2026-01-10,wk inc flu hosp,1,2026-01-17,15,quantile,0.2,63.0
2026-01-10,wk inc flu hosp,1,2026-01-17,15,quantile,0.25,73.0
2026-01-10,wk inc flu hosp,1,2026-01-17,15,quantile,0.3,83.0
2026-01-10,wk inc flu hosp,1,2026-01-17,15,quantile,0.35,90.0
2026-01-10,wk inc flu hosp,1,2026-01-17,15,quantile,0.4,96.0
2026-01-10,wk inc flu hosp,1,2026-01-17,15,quantile,0.45,100.0
2026-01-10,wk inc flu hosp,1,2026-01-17,15,quantile,0.5,104.0
2026-01-10,wk inc flu hosp,1,2026-01-17,15,quantile,0.55,109.0
2026-01-10,wk inc flu hosp,1,2026-01-17,15,quantile,0.6,112.0
2026-01-10,wk inc flu hosp,1,2026-01-17,15,quantile,0.65,117.0
2026-01-10,wk inc flu hosp,1,2026-01-17,15,quantile,0.7,121.0
2026-01-10,wk inc flu hosp,1,2026-01-17,15,quantile,0.75,127.0
2026-01-10,wk inc flu hosp,1,2026-01-17,15,quantile,0.8,132.0
2026-01-10,wk inc flu hosp,1,2026-01-17,15,quantile,0.85,138.0
2026-01-10,wk inc flu hosp,1,2026-01-17,15,quantile,0.9,149.0
2026-01-10,wk inc flu hosp,1,2026-01-17,15,quantile,0.95,162.0
2026-01-10,wk inc flu hosp,1,2026-01-17,15,quantile,0.975,175.0
2026-01-10,wk inc flu hosp,1,2026-01-17,15,quantile,0.99,186.0
2026-01-10,wk inc flu hosp,1,2026-01-17,16,quantile,0.01,24.0
2026-01-10,wk inc flu hosp,1,2026-01-17,16,quantile,0.025,34.0
2026-01-10,wk inc flu hosp,1,2026-01-17,16,quantile,0.05,45.0
2026-01-10,wk inc flu hosp,1,2026-01-17,16,quantile,0.1,60.0
2026-01-10,wk inc flu hosp,1,2026-01-17,16,quantile,0.15,65.0
2026-01-10,wk inc flu hosp,1,2026-01-17,16,quantile,0.2,70.0
2026-01-10,wk inc flu hosp,1,2026-01-17,16,quantile,0.25,75.0
2026-01-10,wk inc flu hosp,1,2026-01-17,16,quantile,0.3,79.0
2026-01-10,wk inc flu hosp,1,2026-01-17,16,quantile,0.35,83.0
2026-01-10,wk inc flu hosp,1,2026-01-17,16,quantile,0.4,87.0
2026-01-10,wk inc flu hosp,1,2026-01-17,16,quantile,0.45,90.0
2026-01-10,wk inc flu hosp,1,2026-01-17,16,quantile,0.5,93.0
2026-01-10,wk inc flu hosp,1,2026-01-17,16,quantile,0.55,96.0
2026-01-10,wk inc flu hosp,1,2026-01-17,16,quantile,0.6,99.0
2026-01-10,wk inc flu hosp,1,2026-01-17,16,quantile,0.65,102.0
2026-01-10,wk inc flu hosp,1,2026-01-17,16,quantile,0.7,105.0
2026-01-10,wk inc flu hosp,1,2026-01-17,16,quantile,0.75,109.0
2026-01-10,wk inc flu hosp,1,2026-01-17,16,quantile,0.8,114.0
2026-01-10,wk inc flu hosp,1,2026-01-17,16,quantile,0.85,119.0
2026-01-10,wk inc flu hosp,1,2026-01-17,16,quantile,0.9,126.0
2026-01-10,wk inc flu hosp,1,2026-01-17,16,quantile,0.95,134.0
2026-01-10,wk inc flu hosp,1,2026-01-17,16,quantile,0.975,143.0
2026-01-10,wk inc flu hosp,1,2026-01-17,16,quantile,0.99,154.0
2026-01-10,wk inc flu hosp,1,2026-01-17,17,quantile,0.01,219.0
2026-01-10,wk inc flu hosp,1,2026-01-17,17,quantile,0.025,333.0
2026-01-10,wk inc flu hosp,1,2026-01-17,17,quantile,0.05,434.0
2026-01-10,wk inc flu hosp,1,2026-01-17,17,quantile,0.1,524.0
2026-01-10,wk inc flu hosp,1,2026-01-17,17,quantile,0.15,567.0
2026-01-10,wk inc flu hosp,1,2026-01-17,17,quantile,0.2,610.0
2026-01-10,wk inc flu hosp,1,2026-01-17,17,quantile,0.25,645.0
2026-01-10,wk inc flu hosp,1,2026-01-17,17,quantile,0.3,675.0
2026-01-10,wk inc flu hosp,1,2026-01-17,17,quantile,0.35,706.0
2026-01-10,wk inc flu hosp,1,2026-01-17,17,quantile,0.4,736.0
2026-01-10,wk inc flu hosp,1,2026-01-17,17,quantile,0.45,762.0
2026-01-10,wk inc flu hosp,1,2026-01-17,17,quantile,0.5,793.0
2026-01-10,wk inc flu hosp,1,2026-01-17,17,quantile,0.55,824.0
2026-01-10,wk inc flu hosp,1,2026-01-17,17,quantile,0.6,848.0
2026-01-10,wk inc flu hosp,1,2026-01-17,17,quantile,0.65,875.0
2026-01-10,wk inc flu hosp,1,2026-01-17,17,quantile,0.7,904.0
2026-01-10,wk inc flu hosp,1,2026-01-17,17,quantile,0.75,936.0
2026-01-10,wk inc flu hosp,1,2026-01-17,17,quantile,0.8,964.0
2026-01-10,wk inc flu hosp,1,2026-01-17,17,quantile,0.85,1002.0
2026-01-10,wk inc flu hosp,1,2026-01-17,17,quantile,0.9,1049.0
2026-01-10,wk inc flu hosp,1,2026-01-17,17,quantile,0.95,1128.0
2026-01-10,wk inc flu hosp,1,2026-01-17,17,quantile,0.975,1181.0
2026-01-10,wk inc flu hosp,1,2026-01-17,17,quantile,0.99,1268.0
2026-01-10,wk inc flu hosp,1,2026-01-17,18,quantile,0.01,120.0
2026-01-10,wk inc flu hosp,1,2026-01-17,18,quantile,0.025,185.0
2026-01-10,wk inc flu hosp,1,2026-01-17,18,quantile,0.05,240.0
2026-01-10,wk inc flu hosp,1,2026-01-17,18,quantile,0.1,294.0
2026-01-10,wk inc flu hosp,1,2026-01-17,18,quantile,0.15,318.0
2026-01-10,wk inc flu hosp,1,2026-01-17,18,quantile,0.2,336.0
2026-01-10,wk inc flu hosp,1,2026-01-17,18,quantile,0.25,357.0
2026-01-10,wk inc flu hosp,1,2026-01-17,18,quantile,0.3,375.0
2026-01-10,wk inc flu hosp,1,2026-01-17,18,quantile,0.35,390.0
2026-01-10,wk inc flu hosp,1,2026-01-17,18,quantile,0.4,405.0
2026-01-10,wk inc flu hosp,1,2026-01-17,18,quantile,0.45,422.0
2026-01-10,wk inc flu hosp,1,2026-01-17,18,quantile,0.5,439.0
2026-01-10,wk inc flu hosp,1,2026-01-17,18,quantile,0.55,455.0
2026-01-10,wk inc flu hosp,1,2026-01-17,18,quantile,0.6,470.0
2026-01-10,wk inc flu hosp,1,2026-01-17,18,quantile,0.65,487.0
2026-01-10,wk inc flu hosp,1,2026-01-17,18,quantile,0.7,500.0
2026-01-10,wk inc flu hosp,1,2026-01-17,18,quantile,0.75,519.0
2026-01-10,wk inc flu hosp,1,2026-01-17,18,quantile,0.8,540.0
2026-01-10,wk inc flu hosp,1,2026-01-17,18,quantile,0.85,564.0
2026-01-10,wk inc flu hosp,1,2026-01-17,18,quantile,0.9,590.0
2026-01-10,wk inc flu hosp,1,2026-01-17,18,quantile,0.95,641.0
2026-01-10,wk inc flu hosp,1,2026-01-17,18,quantile,0.975,682.0
2026-01-10,wk inc flu hosp,1,2026-01-17,18,quantile,0.99,716.0
2026-01-10,wk inc flu hosp,1,2026-01-17,19,quantile,0.01,101.0
2026-01-10,wk inc flu hosp,1,2026-01-17,19,quantile,0.025,122.0
2026-01-10,wk inc flu hosp,1,2026-01-17,19,quantile,0.05,143.0
2026-01-10,wk inc flu hosp,1,2026-01-17,19,quantile,0.1,166.0
2026-01-10,wk inc flu hosp,1,2026-01-17,19,quantile,0.15,182.0
2026-01-10,wk inc flu hosp,1,2026-01-17,19,quantile,0.2,197.0
2026-01-10,wk inc flu hosp,1,2026-01-17,19,quantile,0.25,210.0
2026-01-10,wk inc flu hosp,1,2026-01-17,19,quantile,0.3,221.0
2026-01-10,wk inc flu hosp,1,2026-01-17,19,quantile,0.35,231.0
2026-01-10,wk inc flu hosp,1,2026-01-17,19,quantile,0.4,241.0
2026-01-10,wk inc flu hosp,1,2026-01-17,19,quantile,0.45,250.0
2026-01-10,wk inc flu hosp,1,2026-01-17,19,quantile,0.5,262.0
2026-01-10,wk inc flu hosp,1,2026-01-17,19,quantile,0.55,272.0
2026-01-10,wk inc flu hosp,1,2026-01-17,19,quantile,0.6,277.0
2026-01-10,wk inc flu hosp,1,2026-01-17,19,quantile,0.65,283.0
2026-01-10,wk inc flu hosp,1,2026-01-17,19,quantile,0.7,288.0
2026-01-10,wk inc flu hosp,1,2026-01-17,19,quantile,0.75,295.0
2026-01-10,wk inc flu hosp,1,2026-01-17,19,quantile,0.8,301.0
2026-01-10,wk inc flu hosp,1,2026-01-17,19,quantile,0.85,309.0
2026-01-10,wk inc flu hosp,1,2026-01-17,19,quantile,0.9,320.0
2026-01-10,wk inc flu hosp,1,2026-01-17,19,quantile,0.95,335.0
2026-01-10,wk inc flu hosp,1,2026-01-17,19,quantile,0.975,346.0
2026-01-10,wk inc flu hosp,1,2026-01-17,19,quantile,0.99,359.0
2026-01-10,wk inc flu hosp,1,2026-01-17,20,quantile,0.01,62.0
2026-01-10,wk inc flu hosp,1,2026-01-17,20,quantile,0.025,79.0
2026-01-10,wk inc flu hosp,1,2026-01-17,20,quantile,0.05,96.0
2026-01-10,wk inc flu hosp,1,2026-01-17,20,quantile,0.1,109.0
2026-01-10,wk inc flu hosp,1,2026-01-17,20,quantile,0.15,120.0
2026-01-10,wk inc flu hosp,1,2026-01-17,20,quantile,0.2,127.0
2026-01-10,wk inc flu hosp,1,2026-01-17,20,quantile,0.25,133.0
2026-01-10,wk inc flu hosp,1,2026-01-17,20,quantile,0.3,140.0
2026-01-10,wk inc flu hosp,1,2026-01-17,20,quantile,0.35,146.0
2026-01-10,wk inc flu hosp,1,2026-01-17,20,quantile,0.4,151.0
2026-01-10,wk inc flu hosp,1,2026-01-17,20,quantile,0.45,156.0
2026-01-10,wk inc flu hosp,1,2026-01-17,20,quantile,0.5,162.0
2026-01-10,wk inc flu hosp,1,2026-01-17,20,quantile,0.55,168.0
2026-01-10,wk inc flu hosp,1,2026-01-17,20,quantile,0.6,172.0
2026-01-10,wk inc flu hosp,1,2026-01-17,20,quantile,0.65,178.0
2026-01-10,wk inc flu hosp,1,2026-01-17,20,quantile,0.7,183.0
2026-01-10,wk inc flu hosp,1,2026-01-17,20,quantile,0.75,189.0
2026-01-10,wk inc flu hosp,1,2026-01-17,20,quantile,0.8,197.0
2026-01-10,wk inc flu hosp,1,2026-01-17,20,quantile,0.85,205.0
2026-01-10,wk inc flu hosp,1,2026-01-17,20,quantile,0.9,215.0
2026-01-10,wk inc flu hosp,1,2026-01-17,20,quantile,0.95,230.0
2026-01-10,wk inc flu hosp,1,2026-01-17,20,quantile,0.975,242.0
2026-01-10,wk inc flu hosp,1,2026-01-17,20,quantile,0.99,256.0
2026-01-10,wk inc flu hosp,1,2026-01-17,21,quantile,0.01,78.0
2026-01-10,wk inc flu hosp,1,2026-01-17,21,quantile,0.025,93.0
2026-01-10,wk inc flu hosp,1,2026-01-17,21,quantile,0.05,120.0
2026-01-10,wk inc flu hosp,1,2026-01-17,21,quantile,0.1,165.0
2026-01-10,wk inc flu hosp,1,2026-01-17,21,quantile,0.15,190.0
2026-01-10,wk inc flu hosp,1,2026-01-17,21,quantile,0.2,208.0
2026-01-10,wk inc flu hosp,1,2026-01-17,21,quantile,0.25,224.0
2026-01-10,wk inc flu hosp,1,2026-01-17,21,quantile,0.3,237.0
2026-01-10,wk inc flu hosp,1,2026-01-17,21,quantile,0.35,251.0
2026-01-10,wk inc flu hosp,1,2026-01-17,21,quantile,0.4,265.0
2026-01-10,wk inc flu hosp,1,2026-01-17,21,quantile,0.45,278.0
2026-01-10,wk inc flu hosp,1,2026-01-17,21,quantile,0.5,289.0
2026-01-10,wk inc flu hosp,1,2026-01-17,21,quantile,0.55,300.0
2026-01-10,wk inc flu hosp,1,2026-01-17,21,quantile,0.6,309.0
2026-01-10,wk inc flu hosp,1,2026-01-17,21,quantile,0.65,322.0
2026-01-10,wk inc flu hosp,1,2026-01-17,21,quantile,0.7,333.0
2026-01-10,wk inc flu hosp,1,2026-01-17,21,quantile,0.75,346.0
2026-01-10,wk inc flu hosp,1,2026-01-17,21,quantile,0.8,362.0
2026-01-10,wk inc flu hosp,1,2026-01-17,21,quantile,0.85,384.0
2026-01-10,wk inc flu hosp,1,2026-01-17,21,quantile,0.9,409.0
2026-01-10,wk inc flu hosp,1,2026-01-17,21,quantile,0.95,447.0
2026-01-10,wk inc flu hosp,1,2026-01-17,21,quantile,0.975,468.0
2026-01-10,wk inc flu hosp,1,2026-01-17,21,quantile,0.99,498.0
2026-01-10,wk inc flu hosp,1,2026-01-17,22,quantile,0.01,76.0
2026-01-10,wk inc flu hosp,1,2026-01-17,22,quantile,0.025,102.0
2026-01-10,wk inc flu hosp,1,2026-01-17,22,quantile,0.05,129.0
2026-01-10,wk inc flu hosp,1,2026-01-17,22,quantile,0.1,167.0
2026-01-10,wk inc flu hosp,1,2026-01-17,22,quantile,0.15,192.0
2026-01-10,wk inc flu hosp,1,2026-01-17,22,quantile,0.2,216.0
2026-01-10,wk inc flu hosp,1,2026-01-17,22,quantile,0.25,234.0
2026-01-10,wk inc flu hosp,1,2026-01-17,22,quantile,0.3,244.0
2026-01-10,wk inc flu hosp,1,2026-01-17,22,quantile,0.35,254.0
2026-01-10,wk inc flu hosp,1,2026-01-17,22,quantile,0.4,263.0
2026-01-10,wk inc flu hosp,1,2026-01-17,22,quantile,0.45,272.0
2026-01-10,wk inc flu hosp,1,2026-01-17,22,quantile,0.5,281.0
2026-01-10,wk inc flu hosp,1,2026-01-17,22,quantile,0.55,289.0
2026-01-10,wk inc flu hosp,1,2026-01-17,22,quantile,0.6,297.0
2026-01-10,wk inc flu hosp,1,2026-01-17,22,quantile,0.65,306.0
2026-01-10,wk inc flu hosp,1,2026-01-17,22,quantile,0.7,316.0
2026-01-10,wk inc flu hosp,1,2026-01-17,22,quantile,0.75,325.0
2026-01-10,wk inc flu hosp,1,2026-01-17,22,quantile,0.8,336.0
2026-01-10,wk inc flu hosp,1,2026-01-17,22,quantile,0.85,347.0
2026-01-10,wk inc flu hosp,1,2026-01-17,22,quantile,0.9,364.0
2026-01-10,wk inc flu hosp,1,2026-01-17,22,quantile,0.95,391.0
2026-01-10,wk inc flu hosp,1,2026-01-17,22,quantile,0.975,409.0
2026-01-10,wk inc flu hosp,1,2026-01-17,22,quantile,0.99,427.0
2026-01-10,wk inc flu hosp,1,2026-01-17,23,quantile,0.01,47.0
2026-01-10,wk inc flu hosp,1,2026-01-17,23,quantile,0.025,55.0
2026-01-10,wk inc flu hosp,1,2026-01-17,23,quantile,0.05,64.0
2026-01-10,wk inc flu hosp,1,2026-01-17,23,quantile,0.1,73.0
2026-01-10,wk inc flu hosp,1,2026-01-17,23,quantile,0.15,80.0
2026-01-10,wk inc flu hosp,1,2026-01-17,23,quantile,0.2,86.0
2026-01-10,wk inc flu hosp,1,2026-01-17,23,quantile,0.25,91.0
2026-01-10,wk inc flu hosp,1,2026-01-17,23,quantile,0.3,94.0
2026-01-10,wk inc flu hosp,1,2026-01-17,23,quantile,0.35,97.0
2026-01-10,wk inc flu hosp,1,2026-01-17,23,quantile,0.4,99.0
2026-01-10,wk inc flu hosp,1,2026-01-17,23,quantile,0.45,101.0
2026-01-10,wk inc flu hosp,1,2026-01-17,23,quantile,0.5,103.0
2026-01-10,wk inc flu hosp,1,2026-01-17,23,quantile,0.55,105.0
2026-01-10,wk inc flu hosp,1,2026-01-17,23,quantile,0.6,107.0
2026-01-10,wk inc flu hosp,1,2026-01-17,23,quantile,0.65,109.0
2026-01-10,wk inc flu hosp,1,2026-01-17,23,quantile,0.7,111.0
2026-01-10,wk inc flu hosp,1,2026-01-17,23,quantile,0.75,114.0
2026-01-10,wk inc flu hosp,1,2026-01-17,23,quantile,0.8,116.0
2026-01-10,wk inc flu hosp,1,2026-01-17,23,quantile,0.85,119.0
2026-01-10,wk inc flu hosp,1,2026-01-17,23,quantile,0.9,123.0
2026-01-10,wk inc flu hosp,1,2026-01-17,23,quantile,0.95,129.0
2026-01-10,wk inc flu hosp,1,2026-01-17,23,quantile,0.975,133.0
2026-01-10,wk inc flu hosp,1,2026-01-17,23,quantile,0.99,140.0
2026-01-10,wk inc flu hosp,1,2026-01-17,24,quantile,0.01,180.0
2026-01-10,wk inc flu hosp,1,2026-01-17,24,quantile,0.025,236.0
2026-01-10,wk inc flu hosp,1,2026-01-17,24,quantile,0.05,297.0
2026-01-10,wk inc flu hosp,1,2026-01-17,24,quantile,0.1,353.0
2026-01-10,wk inc flu hosp,1,2026-01-17,24,quantile,0.15,409.0
2026-01-10,wk inc flu hosp,1,2026-01-17,24,quantile,0.2,451.0
2026-01-10,wk inc flu hosp,1,2026-01-17,24,quantile,0.25,469.0
2026-01-10,wk inc flu hosp,1,2026-01-17,24,quantile,0.3,486.0
2026-01-10,wk inc flu hosp,1,2026-01-17,24,quantile,0.35,503.0
2026-01-10,wk inc flu hosp,1,2026-01-17,24,quantile,0.4,517.0
2026-01-10,wk inc flu hosp,1,2026-01-17,24,quantile,0.45,531.0
2026-01-10,wk inc flu hosp,1,2026-01-17,24,quantile,0.5,545.0
2026-01-10,wk inc flu hosp,1,2026-01-17,24,quantile,0.55,560.0
2026-01-10,wk inc flu hosp,1,2026-01-17,24,quantile,0.6,576.0
2026-01-10,wk inc flu hosp,1,2026-01-17,24,quantile,0.65,590.0
2026-01-10,wk inc flu hosp,1,2026-01-17,24,quantile,0.7,608.0
2026-01-10,wk inc flu hosp,1,2026-01-17,24,quantile,0.75,625.0
2026-01-10,wk inc flu hosp,1,2026-01-17,24,quantile,0.8,645.0
2026-01-10,wk inc flu hosp,1,2026-01-17,24,quantile,0.85,663.0
2026-01-10,wk inc flu hosp,1,2026-01-17,24,quantile,0.9,695.0
2026-01-10,wk inc flu hosp,1,2026-01-17,24,quantile,0.95,736.0
2026-01-10,wk inc flu hosp,1,2026-01-17,24,quantile,0.975,766.0
2026-01-10,wk inc flu hosp,1,2026-01-17,24,quantile,0.99,804.0
2026-01-10,wk inc flu hosp,1,2026-01-17,25,quantile,0.01,300.0
2026-01-10,wk inc flu hosp,1,2026-01-17,25,quantile,0.025,350.0
2026-01-10,wk inc flu hosp,1,2026-01-17,25,quantile,0.05,392.0
2026-01-10,wk inc flu hosp,1,2026-01-17,25,quantile,0.1,451.0
2026-01-10,wk inc flu hosp,1,2026-01-17,25,quantile,0.15,502.0
2026-01-10,wk inc flu hosp,1,2026-01-17,25,quantile,0.2,536.0
2026-01-10,wk inc flu hosp,1,2026-01-17,25,quantile,0.25,560.0
2026-01-10,wk inc flu hosp,1,2026-01-17,25,quantile,0.3,572.0
2026-01-10,wk inc flu hosp,1,2026-01-17,25,quantile,0.35,582.0
2026-01-10,wk inc flu hosp,1,2026-01-17,25,quantile,0.4,593.0
2026-01-10,wk inc flu hosp,1,2026-01-17,25,quantile,0.45,603.0
2026-01-10,wk inc flu hosp,1,2026-01-17,25,quantile,0.5,613.0
2026-01-10,wk inc flu hosp,1,2026-01-17,25,quantile,0.55,623.0
2026-01-10,wk inc flu hosp,1,2026-01-17,25,quantile,0.6,632.0
2026-01-10,wk inc flu hosp,1,2026-01-17,25,quantile,0.65,641.0
2026-01-10,wk inc flu hosp,1,2026-01-17,25,quantile,0.7,651.0
2026-01-10,wk inc flu hosp,1,2026-01-17,25,quantile,0.75,663.0
2026-01-10,wk inc flu hosp,1,2026-01-17,25,quantile,0.8,676.0
2026-01-10,wk inc flu hosp,1,2026-01-17,25,quantile,0.85,690.0
2026-01-10,wk inc flu hosp,1,2026-01-17,25,quantile,0.9,713.0
2026-01-10,wk inc flu hosp,1,2026-01-17,25,quantile,0.95,746.0
2026-01-10,wk inc flu hosp,1,2026-01-17,25,quantile,0.975,776.0
2026-01-10,wk inc flu hosp,1,2026-01-17,25,quantile,0.99,803.0
2026-01-10,wk inc flu hosp,1,2026-01-17,26,quantile,0.01,274.0
2026-01-10,wk inc flu hosp,1,2026-01-17,26,quantile,0.025,347.0
2026-01-10,wk inc flu hosp,1,2026-01-17,26,quantile,0.05,419.0
2026-01-10,wk inc flu hosp,1,2026-01-17,26,quantile,0.1,495.0
2026-01-10,wk inc flu hosp,1,2026-01-17,26,quantile,0.15,556.0
2026-01-10,wk inc flu hosp,1,2026-01-17,26,quantile,0.2,577.0
2026-01-10,wk inc flu hosp,1,2026-01-17,26,quantile,0.25,596.0
2026-01-10,wk inc flu hosp,1,2026-01-17,26,quantile,0.3,613.0
2026-01-10,wk inc flu hosp,1,2026-01-17,26,quantile,0.35,631.0
2026-01-10,wk inc flu hosp,1,2026-01-17,26,quantile,0.4,648.0
2026-01-10,wk inc flu hosp,1,2026-01-17,26,quantile,0.45,664.0
2026-01-10,wk inc flu hosp,1,2026-01-17,26,quantile,0.5,680.0
2026-01-10,wk inc flu hosp,1,2026-01-17,26,quantile,0.55,697.0
2026-01-10,wk inc flu hosp,1,2026-01-17,26,quantile,0.6,711.0
2026-01-10,wk inc flu hosp,1,2026-01-17,26,quantile,0.65,729.0
2026-01-10,wk inc flu hosp,1,2026-01-17,26,quantile,0.7,748.0
2026-01-10,wk inc flu hosp,1,2026-01-17,26,quantile,0.75,767.0
2026-01-10,wk inc flu hosp,1,2026-01-17,26,quantile,0.8,785.0
2026-01-10,wk inc flu hosp,1,2026-01-17,26,quantile,0.85,809.0
2026-01-10,wk inc flu hosp,1,2026-01-17,26,quantile,0.9,842.0
2026-01-10,wk inc flu hosp,1,2026-01-17,26,quantile,0.95,891.0
2026-01-10,wk inc flu hosp,1,2026-01-17,26,quantile,0.975,933.0
2026-01-10,wk inc flu hosp,1,2026-01-17,26,quantile,0.99,976.0
2026-01-10,wk inc flu hosp,1,2026-01-17,27,quantile,0.01,197.0
2026-01-10,wk inc flu hosp,1,2026-01-17,27,quantile,0.025,261.0
2026-01-10,wk inc flu hosp,1,2026-01-17,27,quantile,0.05,339.0
2026-01-10,wk inc flu hosp,1,2026-01-17,27,quantile,0.1,395.0
2026-01-10,wk inc flu hosp,1,2026-01-17,27,quantile,0.15,449.0
2026-01-10,wk inc flu hosp,1,2026-01-17,27,quantile,0.2,485.0
2026-01-10,wk inc flu hosp,1,2026-01-17,27,quantile,0.25,504.0
2026-01-10,wk inc flu hosp,1,2026-01-17,27,quantile,0.3,522.0
2026-01-10,wk inc flu hosp,1,2026-01-17,27,quantile,0.35,540.0
2026-01-10,wk inc flu hosp,1,2026-01-17,27,quantile,0.4,554.0
2026-01-10,wk inc flu hosp,1,2026-01-17,27,quantile,0.45,571.0
2026-01-10,wk inc flu hosp,1,2026-01-17,27,quantile,0.5,589.0
2026-01-10,wk inc flu hosp,1,2026-01-17,27,quantile,0.55,603.0
2026-01-10,wk inc flu hosp,1,2026-01-17,27,quantile,0.6,619.0
2026-01-10,wk inc flu hosp,1,2026-01-17,27,quantile,0.65,635.0
2026-01-10,wk inc flu hosp,1,2026-01-17,27,quantile,0.7,653.0
2026-01-10,wk inc flu hosp,1,2026-01-17,27,quantile,0.75,672.0
2026-01-10,wk inc flu hosp,1,2026-01-17,27,quantile,0.8,690.0
2026-01-10,wk inc flu hosp,1,2026-01-17,27,quantile,0.85,713.0
2026-01-10,wk inc flu hosp,1,2026-01-17,27,quantile,0.9,744.0
2026-01-10,wk inc flu hosp,1,2026-01-17,27,quantile,0.95,789.0
2026-01-10,wk inc flu hosp,1,2026-01-17,27,quantile,0.975,823.0
2026-01-10,wk inc flu hosp,1,2026-01-17,27,quantile,0.99,862.0
2026-01-10,wk inc flu hosp,1,2026-01-17,28,quantile,0.01,15.0
2026-01-10,wk inc flu hosp,1,2026-01-17,28,quantile,0.025,22.0
2026-01-10,wk inc flu hosp,1,2026-01-17,28,quantile,0.05,27.0
2026-01-10,wk inc flu hosp,1,2026-01-17,28,quantile,0.1,32.0
2026-01-10,wk inc flu hosp,1,2026-01-17,28,quantile,0.15,36.0
2026-01-10,wk inc flu hosp,1,2026-01-17,28,quantile,0.2,39.0
2026-01-10,wk inc flu hosp,1,2026-01-17,28,quantile,0.25,42.0
2026-01-10,wk inc flu hosp,1,2026-01-17,28,quantile,0.3,51.0
2026-01-10,wk inc flu hosp,1,2026-01-17,28,quantile,0.35,60.0
2026-01-10,wk inc flu hosp,1,2026-01-17,28,quantile,0.4,66.0
2026-01-10,wk inc flu hosp,1,2026-01-17,28,quantile,0.45,72.0
2026-01-10,wk inc flu hosp,1,2026-01-17,28,quantile,0.5,80.0
2026-01-10,wk inc flu hosp,1,2026-01-17,28,quantile,0.55,87.0
2026-01-10,wk inc flu hosp,1,2026-01-17,28,quantile,0.6,95.0
2026-01-10,wk inc flu hosp,1,2026-01-17,28,quantile,0.65,100.0
2026-01-10,wk inc flu hosp,1,2026-01-17,28,quantile,0.7,107.0
2026-01-10,wk inc flu hosp,1,2026-01-17,28,quantile,0.75,117.0
2026-01-10,wk inc flu hosp,1,2026-01-17,28,quantile,0.8,127.0
2026-01-10,wk inc flu hosp,1,2026-01-17,28,quantile,0.85,140.0
2026-01-10,wk inc flu hosp,1,2026-01-17,28,quantile,0.9,155.0
2026-01-10,wk inc flu hosp,1,2026-01-17,28,quantile,0.95,176.0
2026-01-10,wk inc flu hosp,1,2026-01-17,28,quantile,0.975,195.0
2026-01-10,wk inc flu hosp,1,2026-01-17,28,quantile,0.99,214.0
2026-01-10,wk inc flu hosp,1,2026-01-17,30,quantile,0.01,13.0
2026-01-10,wk inc flu hosp,1,2026-01-17,30,quantile,0.025,17.0
2026-01-10,wk inc flu hosp,1,2026-01-17,30,quantile,0.05,23.0
2026-01-10,wk inc flu hosp,1,2026-01-17,30,quantile,0.1,30.0
2026-01-10,wk inc flu hosp,1,2026-01-17,30,quantile,0.15,34.0
2026-01-10,wk inc flu hosp,1,2026-01-17,30,quantile,0.2,36.0
2026-01-10,wk inc flu hosp,1,2026-01-17,30,quantile,0.25,40.0
2026-01-10,wk inc flu hosp,1,2026-01-17,30,quantile,0.3,43.0
2026-01-10,wk inc flu hosp,1,2026-01-17,30,quantile,0.35,45.0
2026-01-10,wk inc flu hosp,1,2026-01-17,30,quantile,0.4,47.0
2026-01-10,wk inc flu hosp,1,2026-01-17,30,quantile,0.45,49.0
2026-01-10,wk inc flu hosp,1,2026-01-17,30,quantile,0.5,51.0
2026-01-10,wk inc flu hosp,1,2026-01-17,30,quantile,0.55,54.0
2026-01-10,wk inc flu hosp,1,2026-01-17,30,quantile,0.6,56.0
2026-01-10,wk inc flu hosp,1,2026-01-17,30,quantile,0.65,59.0
2026-01-10,wk inc flu hosp,1,2026-01-17,30,quantile,0.7,60.0
2026-01-10,wk inc flu hosp,1,2026-01-17,30,quantile,0.75,63.0
2026-01-10,wk inc flu hosp,1,2026-01-17,30,quantile,0.8,66.0
2026-01-10,wk inc flu hosp,1,2026-01-17,30,quantile,0.85,69.0
2026-01-10,wk inc flu hosp,1,2026-01-17,30,quantile,0.9,74.0
2026-01-10,wk inc flu hosp,1,2026-01-17,30,quantile,0.95,81.0
2026-01-10,wk inc flu hosp,1,2026-01-17,30,quantile,0.975,85.0
2026-01-10,wk inc flu hosp,1,2026-01-17,30,quantile,0.99,90.0
2026-01-10,wk inc flu hosp,1,2026-01-17,31,quantile,0.01,27.0
2026-01-10,wk inc flu hosp,1,2026-01-17,31,quantile,0.025,38.0
2026-01-10,wk inc flu hosp,1,2026-01-17,31,quantile,0.05,45.0
2026-01-10,wk inc flu hosp,1,2026-01-17,31,quantile,0.1,55.0
2026-01-10,wk inc flu hosp,1,2026-01-17,31,quantile,0.15,60.0
2026-01-10,wk inc flu hosp,1,2026-01-17,31,quantile,0.2,64.0
2026-01-10,wk inc flu hosp,1,2026-01-17,31,quantile,0.25,66.0
2026-01-10,wk inc flu hosp,1,2026-01-17,31,quantile,0.3,69.0
2026-01-10,wk inc flu hosp,1,2026-01-17,31,quantile,0.35,72.0
2026-01-10,wk inc flu hosp,1,2026-01-17,31,quantile,0.4,74.0
2026-01-10,wk inc flu hosp,1,2026-01-17,31,quantile,0.45,77.0
2026-01-10,wk inc flu hosp,1,2026-01-17,31,quantile,0.5,79.0
2026-01-10,wk inc flu hosp,1,2026-01-17,31,quantile,0.55,82.0
2026-01-10,wk inc flu hosp,1,2026-01-17,31,quantile,0.6,84.0
2026-01-10,wk inc flu hosp,1,2026-01-17,31,quantile,0.65,86.0
2026-01-10,wk inc flu hosp,1,2026-01-17,31,quantile,0.7,89.0
2026-01-10,wk inc flu hosp,1,2026-01-17,31,quantile,0.75,92.0
2026-01-10,wk inc flu hosp,1,2026-01-17,31,quantile,0.8,96.0
2026-01-10,wk inc flu hosp,1,2026-01-17,31,quantile,0.85,98.0
2026-01-10,wk inc flu hosp,1,2026-01-17,31,quantile,0.9,102.0
2026-01-10,wk inc flu hosp,1,2026-01-17,31,quantile,0.95,110.0
2026-01-10,wk inc flu hosp,1,2026-01-17,31,quantile,0.975,116.0
2026-01-10,wk inc flu hosp,1,2026-01-17,31,quantile,0.99,122.0
2026-01-10,wk inc flu hosp,1,2026-01-17,32,quantile,0.01,39.0
2026-01-10,wk inc flu hosp,1,2026-01-17,32,quantile,0.025,55.0
2026-01-10,wk inc flu hosp,1,2026-01-17,32,quantile,0.05,62.0
2026-01-10,wk inc flu hosp,1,2026-01-17,32,quantile,0.1,71.0
2026-01-10,wk inc flu hosp,1,2026-01-17,32,quantile,0.15,77.0
2026-01-10,wk inc flu hosp,1,2026-01-17,32,quantile,0.2,82.0
2026-01-10,wk inc flu hosp,1,2026-01-17,32,quantile,0.25,86.0
2026-01-10,wk inc flu hosp,1,2026-01-17,32,quantile,0.3,91.0
2026-01-10,wk inc flu hosp,1,2026-01-17,32,quantile,0.35,95.0
2026-01-10,wk inc flu hosp,1,2026-01-17,32,quantile,0.4,99.0
2026-01-10,wk inc flu hosp,1,2026-01-17,32,quantile,0.45,102.0
2026-01-10,wk inc flu hosp,1,2026-01-17,32,quantile,0.5,105.0
2026-01-10,wk inc flu hosp,1,2026-01-17,32,quantile,0.55,109.0
2026-01-10,wk inc flu hosp,1,2026-01-17,32,quantile,0.6,112.0
2026-01-10,wk inc flu hosp,1,2026-01-17,32,quantile,0.65,116.0
2026-01-10,wk inc flu hosp,1,2026-01-17,32,quantile,0.7,119.0
2026-01-10,wk inc flu hosp,1,2026-01-17,32,quantile,0.75,123.0
2026-01-10,wk inc flu hosp,1,2026-01-17,32,quantile,0.8,127.0
2026-01-10,wk inc flu hosp,1,2026-01-17,32,quantile,0.85,132.0
2026-01-10,wk inc flu hosp,1,2026-01-17,32,quantile,0.9,139.0
2026-01-10,wk inc flu hosp,1,2026-01-17,32,quantile,0.95,150.0
2026-01-10,wk inc flu hosp,1,2026-01-17,32,quantile,0.975,157.0
2026-01-10,wk inc flu hosp,1,2026-01-17,32,quantile,0.99,168.0
2026-01-10,wk inc flu hosp,1,2026-01-17,33,quantile,0.01,66.0
2026-01-10,wk inc flu hosp,1,2026-01-17,33,quantile,0.025,77.0
2026-01-10,wk inc flu hosp,1,2026-01-17,33,quantile,0.05,84.0
2026-01-10,wk inc flu hosp,1,2026-01-17,33,quantile,0.1,95.0
2026-01-10,wk inc flu hosp,1,2026-01-17,33,quantile,0.15,101.0
2026-01-10,wk inc flu hosp,1,2026-01-17,33,quantile,0.2,104.0
2026-01-10,wk inc flu hosp,1,2026-01-17,33,quantile,0.25,106.0
2026-01-10,wk inc flu hosp,1,2026-01-17,33,quantile,0.3,109.0
2026-01-10,wk inc flu hosp,1,2026-01-17,33,quantile,0.35,111.0
2026-01-10,wk inc flu hosp,1,2026-01-17,33,quantile,0.4,113.0
2026-01-10,wk inc flu hosp,1,2026-01-17,33,quantile,0.45,116.0
2026-01-10,wk inc flu hosp,1,2026-01-17,33,quantile,0.5,118.0
2026-01-10,wk inc flu hosp,1,2026-01-17,33,quantile,0.55,120.0
2026-01-10,wk inc flu hosp,1,2026-01-17,33,quantile,0.6,123.0
2026-01-10,wk inc flu hosp,1,2026-01-17,33,quantile,0.65,125.0
2026-01-10,wk inc flu hosp,1,2026-01-17,33,quantile,0.7,127.0
2026-01-10,wk inc flu hosp,1,2026-01-17,33,quantile,0.75,129.0
2026-01-10,wk inc flu hosp,1,2026-01-17,33,quantile,0.8,132.0
2026-01-10,wk inc flu hosp,1,2026-01-17,33,quantile,0.85,135.0
2026-01-10,wk inc flu hosp,1,2026-01-17,33,quantile,0.9,139.0
2026-01-10,wk inc flu hosp,1,2026-01-17,33,quantile,0.95,146.0
2026-01-10,wk inc flu hosp,1,2026-01-17,33,quantile,0.975,152.0
2026-01-10,wk inc flu hosp,1,2026-01-17,33,quantile,0.99,156.0
2026-01-10,wk inc flu hosp,1,2026-01-17,34,quantile,0.01,330.0
2026-01-10,wk inc flu hosp,1,2026-01-17,34,quantile,0.025,393.0
2026-01-10,wk inc flu hosp,1,2026-01-17,34,quantile,0.05,474.0
2026-01-10,wk inc flu hosp,1,2026-01-17,34,quantile,0.1,558.0
2026-01-10,wk inc flu hosp,1,2026-01-17,34,quantile,0.15,631.0
2026-01-10,wk inc flu hosp,1,2026-01-17,34,quantile,0.2,692.0
2026-01-10,wk inc flu hosp,1,2026-01-17,34,quantile,0.25,730.0
2026-01-10,wk inc flu hosp,1,2026-01-17,34,quantile,0.3,748.0
2026-01-10,wk inc flu hosp,1,2026-01-17,34,quantile,0.35,761.0
2026-01-10,wk inc flu hosp,1,2026-01-17,34,quantile,0.4,777.0
2026-01-10,wk inc flu hosp,1,2026-01-17,34,quantile,0.45,794.0
2026-01-10,wk inc flu hosp,1,2026-01-17,34,quantile,0.5,811.0
2026-01-10,wk inc flu hosp,1,2026-01-17,34,quantile,0.55,830.0
2026-01-10,wk inc flu hosp,1,2026-01-17,34,quantile,0.6,848.0
2026-01-10,wk inc flu hosp,1,2026-01-17,34,quantile,0.65,865.0
2026-01-10,wk inc flu hosp,1,2026-01-17,34,quantile,0.7,882.0
2026-01-10,wk inc flu hosp,1,2026-01-17,34,quantile,0.75,902.0
2026-01-10,wk inc flu hosp,1,2026-01-17,34,quantile,0.8,921.0
2026-01-10,wk inc flu hosp,1,2026-01-17,34,quantile,0.85,944.0
2026-01-10,wk inc flu hosp,1,2026-01-17,34,quantile,0.9,972.0
2026-01-10,wk inc flu hosp,1,2026-01-17,34,quantile,0.95,1013.0
2026-01-10,wk inc flu hosp,1,2026-01-17,34,quantile,0.975,1053.0
2026-01-10,wk inc flu hosp,1,2026-01-17,34,quantile,0.99,1089.0
2026-01-10,wk inc flu hosp,1,2026-01-17,35,quantile,0.01,63.0
2026-01-10,wk inc flu hosp,1,2026-01-17,35,quantile,0.025,73.0
2026-01-10,wk inc flu hosp,1,2026-01-17,35,quantile,0.05,86.0
2026-01-10,wk inc flu hosp,1,2026-01-17,35,quantile,0.1,97.0
2026-01-10,wk inc flu hosp,1,2026-01-17,35,quantile,0.15,106.0
2026-01-10,wk inc flu hosp,1,2026-01-17,35,quantile,0.2,114.0
2026-01-10,wk inc flu hosp,1,2026-01-17,35,quantile,0.25,119.0
2026-01-10,wk inc flu hosp,1,2026-01-17,35,quantile,0.3,124.0
2026-01-10,wk inc flu hosp,1,2026-01-17,35,quantile,0.35,129.0
2026-01-10,wk inc flu hosp,1,2026-01-17,35,quantile,0.4,133.0
2026-01-10,wk inc flu hosp,1,2026-01-17,35,quantile,0.45,138.0
2026-01-10,wk inc flu hosp,1,2026-01-17,35,quantile,0.5,142.0
2026-01-10,wk inc flu hosp,1,2026-01-17,35,quantile,0.55,146.0
2026-01-10,wk inc flu hosp,1,2026-01-17,35,quantile,0.6,149.0
2026-01-10,wk inc flu hosp,1,2026-01-17,35,quantile,0.65,154.0
2026-01-10,wk inc flu hosp,1,2026-01-17,35,quantile,0.7,158.0
2026-01-10,wk inc flu hosp,1,2026-01-17,35,quantile,0.75,164.0
2026-01-10,wk inc flu hosp,1,2026-01-17,35,quantile,0.8,169.0
2026-01-10,wk inc flu hosp,1,2026-01-17,35,quantile,0.85,174.0
2026-01-10,wk inc flu hosp,1,2026-01-17,35,quantile,0.9,182.0
2026-01-10,wk inc flu hosp,1,2026-01-17,35,quantile,0.95,195.0
2026-01-10,wk inc flu hosp,1,2026-01-17,35,quantile,0.975,206.0
2026-01-10,wk inc flu hosp,1,2026-01-17,35,quantile,0.99,215.0
2026-01-10,wk inc flu hosp,1,2026-01-17,36,quantile,0.01,490.0
2026-01-10,wk inc flu hosp,1,2026-01-17,36,quantile,0.025,596.0
2026-01-10,wk inc flu hosp,1,2026-01-17,36,quantile,0.05,687.0
2026-01-10,wk inc flu hosp,1,2026-01-17,36,quantile,0.1,827.0
2026-01-10,wk inc flu hosp,1,2026-01-17,36,quantile,0.15,893.0
2026-01-10,wk inc flu hosp,1,2026-01-17,36,quantile,0.2,927.0
2026-01-10,wk inc flu hosp,1,2026-01-17,36,quantile,0.25,960.0
2026-01-10,wk inc flu hosp,1,2026-01-17,36,quantile,0.3,984.0
2026-01-10,wk inc flu hosp,1,2026-01-17,36,quantile,0.35,1009.0
2026-01-10,wk inc flu hosp,1,2026-01-17,36,quantile,0.4,1034.0
2026-01-10,wk inc flu hosp,1,2026-01-17,36,quantile,0.45,1056.0
2026-01-10,wk inc flu hosp,1,2026-01-17,36,quantile,0.5,1077.0
2026-01-10,wk inc flu hosp,1,2026-01-17,36,quantile,0.55,1098.0
2026-01-10,wk inc flu hosp,1,2026-01-17,36,quantile,0.6,1124.0
2026-01-10,wk inc flu hosp,1,2026-01-17,36,quantile,0.65,1154.0
2026-01-10,wk inc flu hosp,1,2026-01-17,36,quantile,0.7,1181.0
2026-01-10,wk inc flu hosp,1,2026-01-17,36,quantile,0.75,1200.0
2026-01-10,wk inc flu hosp,1,2026-01-17,36,quantile,0.8,1233.0
2026-01-10,wk inc flu hosp,1,2026-01-17,36,quantile,0.85,1264.0
2026-01-10,wk inc flu hosp,1,2026-01-17,36,quantile,0.9,1308.0
2026-01-10,wk inc flu hosp,1,2026-01-17,36,quantile,0.95,1384.0
2026-01-10,wk inc flu hosp,1,2026-01-17,36,quantile,0.975,1438.0
2026-01-10,wk inc flu hosp,1,2026-01-17,36,quantile,0.99,1494.0
2026-01-10,wk inc flu hosp,1,2026-01-17,37,quantile,0.01,494.0
2026-01-10,wk inc flu hosp,1,2026-01-17,37,quantile,0.025,610.0
2026-01-10,wk inc flu hosp,1,2026-01-17,37,quantile,0.05,714.0
2026-01-10,wk inc flu hosp,1,2026-01-17,37,quantile,0.1,894.0
2026-01-10,wk inc flu hosp,1,2026-01-17,37,quantile,0.15,1008.0
2026-01-10,wk inc flu hosp,1,2026-01-17,37,quantile,0.2,1077.0
2026-01-10,wk inc flu hosp,1,2026-01-17,37,quantile,0.25,1118.0
2026-01-10,wk inc flu hosp,1,2026-01-17,37,quantile,0.3,1153.0
2026-01-10,wk inc flu hosp,1,2026-01-17,37,quantile,0.35,1187.0
2026-01-10,wk inc flu hosp,1,2026-01-17,37,quantile,0.4,1219.0
2026-01-10,wk inc flu hosp,1,2026-01-17,37,quantile,0.45,1253.0
2026-01-10,wk inc flu hosp,1,2026-01-17,37,quantile,0.5,1288.0
2026-01-10,wk inc flu hosp,1,2026-01-17,37,quantile,0.55,1316.0
2026-01-10,wk inc flu hosp,1,2026-01-17,37,quantile,0.6,1343.0
2026-01-10,wk inc flu hosp,1,2026-01-17,37,quantile,0.65,1374.0
2026-01-10,wk inc flu hosp,1,2026-01-17,37,quantile,0.7,1406.0
2026-01-10,wk inc flu hosp,1,2026-01-17,37,quantile,0.75,1443.0
2026-01-10,wk inc flu hosp,1,2026-01-17,37,quantile,0.8,1488.0
2026-01-10,wk inc flu hosp,1,2026-01-17,37,quantile,0.85,1538.0
2026-01-10,wk inc flu hosp,1,2026-01-17,37,quantile,0.9,1609.0
2026-01-10,wk inc flu hosp,1,2026-01-17,37,quantile,0.95,1701.0
2026-01-10,wk inc flu hosp,1,2026-01-17,37,quantile,0.975,1775.0
2026-01-10,wk inc flu hosp,1,2026-01-17,37,quantile,0.99,1845.0
2026-01-10,wk inc flu hosp,1,2026-01-17,38,quantile,0.01,28.0
2026-01-10,wk inc flu hosp,1,2026-01-17,38,quantile,0.025,33.0
2026-01-10,wk inc flu hosp,1,2026-01-17,38,quantile,0.05,39.0
2026-01-10,wk inc flu hosp,1,2026-01-17,38,quantile,0.1,45.0
2026-01-10,wk inc flu hosp,1,2026-01-17,38,quantile,0.15,47.0
2026-01-10,wk inc flu hosp,1,2026-01-17,38,quantile,0.2,49.0
2026-01-10,wk inc flu hosp,1,2026-01-17,38,quantile,0.25,51.0
2026-01-10,wk inc flu hosp,1,2026-01-17,38,quantile,0.3,53.0
2026-01-10,wk inc flu hosp,1,2026-01-17,38,quantile,0.35,54.0
2026-01-10,wk inc flu hosp,1,2026-01-17,38,quantile,0.4,56.0
2026-01-10,wk inc flu hosp,1,2026-01-17,38,quantile,0.45,57.0
2026-01-10,wk inc flu hosp,1,2026-01-17,38,quantile,0.5,59.0
2026-01-10,wk inc flu hosp,1,2026-01-17,38,quantile,0.55,60.0
2026-01-10,wk inc flu hosp,1,2026-01-17,38,quantile,0.6,61.0
2026-01-10,wk inc flu hosp,1,2026-01-17,38,quantile,0.65,62.0
2026-01-10,wk inc flu hosp,1,2026-01-17,38,quantile,0.7,64.0
2026-01-10,wk inc flu hosp,1,2026-01-17,38,quantile,0.75,65.0
2026-01-10,wk inc flu hosp,1,2026-01-17,38,quantile,0.8,67.0
2026-01-10,wk inc flu hosp,1,2026-01-17,38,quantile,0.85,70.0
2026-01-10,wk inc flu hosp,1,2026-01-17,38,quantile,0.9,72.0
2026-01-10,wk inc flu hosp,1,2026-01-17,38,quantile,0.95,77.0
2026-01-10,wk inc flu hosp,1,2026-01-17,38,quantile,0.975,80.0
2026-01-10,wk inc flu hosp,1,2026-01-17,38,quantile,0.99,85.0
2026-01-10,wk inc flu hosp,1,2026-01-17,39,quantile,0.01,411.0
2026-01-10,wk inc flu hosp,1,2026-01-17,39,quantile,0.025,463.0
2026-01-10,wk inc flu hosp,1,2026-01-17,39,quantile,0.05,546.0
2026-01-10,wk inc flu hosp,1,2026-01-17,39,quantile,0.1,619.0
2026-01-10,wk inc flu hosp,1,2026-01-17,39,quantile,0.15,642.0
2026-01-10,wk inc flu hosp,1,2026-01-17,39,quantile,0.2,664.0
2026-01-10,wk inc flu hosp,1,2026-01-17,39,quantile,0.25,683.0
2026-01-10,wk inc flu hosp,1,2026-01-17,39,quantile,0.3,700.0
2026-01-10,wk inc flu hosp,1,2026-01-17,39,quantile,0.35,716.0
2026-01-10,wk inc flu hosp,1,2026-01-17,39,quantile,0.4,732.0
2026-01-10,wk inc flu hosp,1,2026-01-17,39,quantile,0.45,748.0
2026-01-10,wk inc flu hosp,1,2026-01-17,39,quantile,0.5,761.0
2026-01-10,wk inc flu hosp,1,2026-01-17,39,quantile,0.55,777.0
2026-01-10,wk inc flu hosp,1,2026-01-17,39,quantile,0.6,793.0
2026-01-10,wk inc flu hosp,1,2026-01-17,39,quantile,0.65,810.0
2026-01-10,wk inc flu hosp,1,2026-01-17,39,quantile,0.7,824.0
2026-01-10,wk inc flu hosp,1,2026-01-17,39,quantile,0.75,843.0
2026-01-10,wk inc flu hosp,1,2026-01-17,39,quantile,0.8,860.0
2026-01-10,wk inc flu hosp,1,2026-01-17,39,quantile,0.85,888.0
2026-01-10,wk inc flu hosp,1,2026-01-17,39,quantile,0.9,915.0
2026-01-10,wk inc flu hosp,1,2026-01-17,39,quantile,0.95,964.0
2026-01-10,wk inc flu hosp,1,2026-01-17,39,quantile,0.975,996.0
2026-01-10,wk inc flu hosp,1,2026-01-17,39,quantile,0.99,1044.0
2026-01-10,wk inc flu hosp,1,2026-01-17,40,quantile,0.01,42.0
2026-01-10,wk inc flu hosp,1,2026-01-17,40,quantile,0.025,52.0
2026-01-10,wk inc flu hosp,1,2026-01-17,40,quantile,0.05,59.0
2026-01-10,wk inc flu hosp,1,2026-01-17,40,quantile,0.1,74.0
2026-01-10,wk inc flu hosp,1,2026-01-17,40,quantile,0.15,95.0
2026-01-10,wk inc flu hosp,1,2026-01-17,40,quantile,0.2,110.0
2026-01-10,wk inc flu hosp,1,2026-01-17,40,quantile,0.25,124.0
2026-01-10,wk inc flu hosp,1,2026-01-17,40,quantile,0.3,137.0
2026-01-10,wk inc flu hosp,1,2026-01-17,40,quantile,0.35,149.0
2026-01-10,wk inc flu hosp,1,2026-01-17,40,quantile,0.4,161.0
2026-01-10,wk inc flu hosp,1,2026-01-17,40,quantile,0.45,172.0
2026-01-10,wk inc flu hosp,1,2026-01-17,40,quantile,0.5,184.0
2026-01-10,wk inc flu hosp,1,2026-01-17,40,quantile,0.55,195.0
2026-01-10,wk inc flu hosp,1,2026-01-17,40,quantile,0.6,204.0
2026-01-10,wk inc flu hosp,1,2026-01-17,40,quantile,0.65,213.0
2026-01-10,wk inc flu hosp,1,2026-01-17,40,quantile,0.7,224.0
2026-01-10,wk inc flu hosp,1,2026-01-17,40,quantile,0.75,238.0
2026-01-10,wk inc flu hosp,1,2026-01-17,40,quantile,0.8,251.0
2026-01-10,wk inc flu hosp,1,2026-01-17,40,quantile,0.85,266.0
2026-01-10,wk inc flu hosp,1,2026-01-17,40,quantile,0.9,288.0
2026-01-10,wk inc flu hosp,1,2026-01-17,40,quantile,0.95,317.0
2026-01-10,wk inc flu hosp,1,2026-01-17,40,quantile,0.975,342.0
2026-01-10,wk inc flu hosp,1,2026-01-17,40,quantile,0.99,371.0
2026-01-10,wk inc flu hosp,1,2026-01-17,41,quantile,0.01,14.0
2026-01-10,wk inc flu hosp,1,2026-01-17,41,quantile,0.025,21.0
2026-01-10,wk inc flu hosp,1,2026-01-17,41,quantile,0.05,24.0
2026-01-10,wk inc flu hosp,1,2026-01-17,41,quantile,0.1,29.0
2026-01-10,wk inc flu hosp,1,2026-01-17,41,quantile,0.15,31.0
2026-01-10,wk inc flu hosp,1,2026-01-17,41,quantile,0.2,37.0
2026-01-10,wk inc flu hosp,1,2026-01-17,41,quantile,0.25,45.0
2026-01-10,wk inc flu hosp,1,2026-01-17,41,quantile,0.3,54.0
2026-01-10,wk inc flu hosp,1,2026-01-17,41,quantile,0.35,63.0
2026-01-10,wk inc flu hosp,1,2026-01-17,41,quantile,0.4,72.0
2026-01-10,wk inc flu hosp,1,2026-01-17,41,quantile,0.45,81.0
2026-01-10,wk inc flu hosp,1,2026-01-17,41,quantile,0.5,89.0
2026-01-10,wk inc flu hosp,1,2026-01-17,41,quantile,0.55,97.0
2026-01-10,wk inc flu hosp,1,2026-01-17,41,quantile,0.6,105.0
2026-01-10,wk inc flu hosp,1,2026-01-17,41,quantile,0.65,114.0
2026-01-10,wk inc flu hosp,1,2026-01-17,41,quantile,0.7,124.0
2026-01-10,wk inc flu hosp,1,2026-01-17,41,quantile,0.75,132.0
2026-01-10,wk inc flu hosp,1,2026-01-17,41,quantile,0.8,142.0
2026-01-10,wk inc flu hosp,1,2026-01-17,41,quantile,0.85,153.0
2026-01-10,wk inc flu hosp,1,2026-01-17,41,quantile,0.9,168.0
2026-01-10,wk inc flu hosp,1,2026-01-17,41,quantile,0.95,191.0
2026-01-10,wk inc flu hosp,1,2026-01-17,41,quantile,0.975,208.0
2026-01-10,wk inc flu hosp,1,2026-01-17,41,quantile,0.99,228.0
2026-01-10,wk inc flu hosp,1,2026-01-17,42,quantile,0.01,255.0
2026-01-10,wk inc flu hosp,1,2026-01-17,42,quantile,0.025,341.0
2026-01-10,wk inc flu hosp,1,2026-01-17,42,quantile,0.05,434.0
2026-01-10,wk inc flu hosp,1,2026-01-17,42,quantile,0.1,542.0
2026-01-10,wk inc flu hosp,1,2026-01-17,42,quantile,0.15,614.0
2026-01-10,wk inc flu hosp,1,2026-01-17,42,quantile,0.2,669.0
2026-01-10,wk inc flu hosp,1,2026-01-17,42,quantile,0.25,701.0
2026-01-10,wk inc flu hosp,1,2026-01-17,42,quantile,0.3,729.0
2026-01-10,wk inc flu hosp,1,2026-01-17,42,quantile,0.35,753.0
2026-01-10,wk inc flu hosp,1,2026-01-17,42,quantile,0.4,777.0
2026-01-10,wk inc flu hosp,1,2026-01-17,42,quantile,0.45,799.0
2026-01-10,wk inc flu hosp,1,2026-01-17,42,quantile,0.5,827.0
2026-01-10,wk inc flu hosp,1,2026-01-17,42,quantile,0.55,849.0
2026-01-10,wk inc flu hosp,1,2026-01-17,42,quantile,0.6,876.0
2026-01-10,wk inc flu hosp,1,2026-01-17,42,quantile,0.65,900.0
2026-01-10,wk inc flu hosp,1,2026-01-17,42,quantile,0.7,929.0
2026-01-10,wk inc flu hosp,1,2026-01-17,42,quantile,0.75,960.0
2026-01-10,wk inc flu hosp,1,2026-01-17,42,quantile,0.8,993.0
2026-01-10,wk inc flu hosp,1,2026-01-17,42,quantile,0.85,1028.0
2026-01-10,wk inc flu hosp,1,2026-01-17,42,quantile,0.9,1073.0
2026-01-10,wk inc flu hosp,1,2026-01-17,42,quantile,0.95,1142.0
2026-01-10,wk inc flu hosp,1,2026-01-17,42,quantile,0.975,1191.0
2026-01-10,wk inc flu hosp,1,2026-01-17,42,quantile,0.99,1253.0
2026-01-10,wk inc flu hosp,1,2026-01-17,44,quantile,0.01,42.0
2026-01-10,wk inc flu hosp,1,2026-01-17,44,quantile,0.025,49.0
2026-01-10,wk inc flu hosp,1,2026-01-17,44,quantile,0.05,55.0
2026-01-10,wk inc flu hosp,1,2026-01-17,44,quantile,0.1,64.0
2026-01-10,wk inc flu hosp,1,2026-01-17,44,quantile,0.15,70.0
2026-01-10,wk inc flu hosp,1,2026-01-17,44,quantile,0.2,74.0
2026-01-10,wk inc flu hosp,1,2026-01-17,44,quantile,0.25,76.0
2026-01-10,wk inc flu hosp,1,2026-01-17,44,quantile,0.3,77.0
2026-01-10,wk inc flu hosp,1,2026-01-17,44,quantile,0.35,79.0
2026-01-10,wk inc flu hosp,1,2026-01-17,44,quantile,0.4,81.0
2026-01-10,wk inc flu hosp,1,2026-01-17,44,quantile,0.45,82.0
2026-01-10,wk inc flu hosp,1,2026-01-17,44,quantile,0.5,83.0
2026-01-10,wk inc flu hosp,1,2026-01-17,44,quantile,0.55,85.0
2026-01-10,wk inc flu hosp,1,2026-01-17,44,quantile,0.6,86.0
2026-01-10,wk inc flu hosp,1,2026-01-17,44,quantile,0.65,88.0
2026-01-10,wk inc flu hosp,1,2026-01-17,44,quantile,0.7,90.0
2026-01-10,wk inc flu hosp,1,2026-01-17,44,quantile,0.75,91.0
2026-01-10,wk inc flu hosp,1,2026-01-17,44,quantile,0.8,93.0
2026-01-10,wk inc flu hosp,1,2026-01-17,44,quantile,0.85,95.0
2026-01-10,wk inc flu hosp,1,2026-01-17,44,quantile,0.9,98.0
2026-01-10,wk inc flu hosp,1,2026-01-17,44,quantile,0.95,103.0
2026-01-10,wk inc flu hosp,1,2026-01-17,44,quantile,0.975,106.0
2026-01-10,wk inc flu hosp,1,2026-01-17,44,quantile,0.99,111.0
2026-01-10,wk inc flu hosp,1,2026-01-17,45,quantile,0.01,136.0
2026-01-10,wk inc flu hosp,1,2026-01-17,45,quantile,0.025,170.0
2026-01-10,wk inc flu hosp,1,2026-01-17,45,quantile,0.05,202.0
2026-01-10,wk inc flu hosp,1,2026-01-17,45,quantile,0.1,255.0
2026-01-10,wk inc flu hosp,1,2026-01-17,45,quantile,0.15,295.0
2026-01-10,wk inc flu hosp,1,2026-01-17,45,quantile,0.2,312.0
2026-01-10,wk inc flu hosp,1,2026-01-17,45,quantile,0.25,325.0
2026-01-10,wk inc flu hosp,1,2026-01-17,45,quantile,0.3,338.0
2026-01-10,wk inc flu hosp,1,2026-01-17,45,quantile,0.35,351.0
2026-01-10,wk inc flu hosp,1,2026-01-17,45,quantile,0.4,364.0
2026-01-10,wk inc flu hosp,1,2026-01-17,45,quantile,0.45,375.0
2026-01-10,wk inc flu hosp,1,2026-01-17,45,quantile,0.5,386.0
2026-01-10,wk inc flu hosp,1,2026-01-17,45,quantile,0.55,399.0
2026-01-10,wk inc flu hosp,1,2026-01-17,45,quantile,0.6,411.0
2026-01-10,wk inc flu hosp,1,2026-01-17,45,quantile,0.65,422.0
2026-01-10,wk inc flu hosp,1,2026-01-17,45,quantile,0.7,433.0
2026-01-10,wk inc flu hosp,1,2026-01-17,45,quantile,0.75,448.0
2026-01-10,wk inc flu hosp,1,2026-01-17,45,quantile,0.8,462.0
2026-01-10,wk inc flu hosp,1,2026-01-17,45,quantile,0.85,476.0
2026-01-10,wk inc flu hosp,1,2026-01-17,45,quantile,0.9,501.0
2026-01-10,wk inc flu hosp,1,2026-01-17,45,quantile,0.95,540.0
2026-01-10,wk inc flu hosp,1,2026-01-17,45,quantile,0.975,565.0
2026-01-10,wk inc flu hosp,1,2026-01-17,45,quantile,0.99,592.0
2026-01-10,wk inc flu hosp,1,2026-01-17,46,quantile,0.01,21.0
2026-01-10,wk inc flu hosp,1,2026-01-17,46,quantile,0.025,27.0
2026-01-10,wk inc flu hosp,1,2026-01-17,46,quantile,0.05,31.0
2026-01-10,wk inc flu hosp,1,2026-01-17,46,quantile,0.1,37.0
2026-01-10,wk inc flu hosp,1,2026-01-17,46,quantile,0.15,41.0
2026-01-10,wk inc flu hosp,1,2026-01-17,46,quantile,0.2,45.0
2026-01-10,wk inc flu hosp,1,2026-01-17,46,quantile,0.25,48.0
2026-01-10,wk inc flu hosp,1,2026-01-17,46,quantile,0.3,50.0
2026-01-10,wk inc flu hosp,1,2026-01-17,46,quantile,0.35,51.0
2026-01-10,wk inc flu hosp,1,2026-01-17,46,quantile,0.4,52.0
2026-01-10,wk inc flu hosp,1,2026-01-17,46,quantile,0.45,54.0
2026-01-10,wk inc flu hosp,1,2026-01-17,46,quantile,0.5,55.0
2026-01-10,wk inc flu hosp,1,2026-01-17,46,quantile,0.55,56.0
2026-01-10,wk inc flu hosp,1,2026-01-17,46,quantile,0.6,57.0
2026-01-10,wk inc flu hosp,1,2026-01-17,46,quantile,0.65,59.0
2026-01-10,wk inc flu hosp,1,2026-01-17,46,quantile,0.7,60.0
2026-01-10,wk inc flu hosp,1,2026-01-17,46,quantile,0.75,62.0
2026-01-10,wk inc flu hosp,1,2026-01-17,46,quantile,0.8,63.0
2026-01-10,wk inc flu hosp,1,2026-01-17,46,quantile,0.85,65.0
2026-01-10,wk inc flu hosp,1,2026-01-17,46,quantile,0.9,67.0
2026-01-10,wk inc flu hosp,1,2026-01-17,46,quantile,0.95,72.0
2026-01-10,wk inc flu hosp,1,2026-01-17,46,quantile,0.975,75.0
2026-01-10,wk inc flu hosp,1,2026-01-17,46,quantile,0.99,78.0
2026-01-10,wk inc flu hosp,1,2026-01-17,47,quantile,0.01,125.0
2026-01-10,wk inc flu hosp,1,2026-01-17,47,quantile,0.025,139.0
2026-01-10,wk inc flu hosp,1,2026-01-17,47,quantile,0.05,166.0
2026-01-10,wk inc flu hosp,1,2026-01-17,47,quantile,0.1,210.0
2026-01-10,wk inc flu hosp,1,2026-01-17,47,quantile,0.15,237.0
2026-01-10,wk inc flu hosp,1,2026-01-17,47,quantile,0.2,259.0
2026-01-10,wk inc flu hosp,1,2026-01-17,47,quantile,0.25,280.0
2026-01-10,wk inc flu hosp,1,2026-01-17,47,quantile,0.3,297.0
2026-01-10,wk inc flu hosp,1,2026-01-17,47,quantile,0.35,312.0
2026-01-10,wk inc flu hosp,1,2026-01-17,47,quantile,0.4,325.0
2026-01-10,wk inc flu hosp,1,2026-01-17,47,quantile,0.45,339.0
2026-01-10,wk inc flu hosp,1,2026-01-17,47,quantile,0.5,353.0
2026-01-10,wk inc flu hosp,1,2026-01-17,47,quantile,0.55,370.0
2026-01-10,wk inc flu hosp,1,2026-01-17,47,quantile,0.6,387.0
2026-01-10,wk inc flu hosp,1,2026-01-17,47,quantile,0.65,401.0
2026-01-10,wk inc flu hosp,1,2026-01-17,47,quantile,0.7,417.0
2026-01-10,wk inc flu hosp,1,2026-01-17,47,quantile,0.75,434.0
2026-01-10,wk inc flu hosp,1,2026-01-17,47,quantile,0.8,451.0
2026-01-10,wk inc flu hosp,1,2026-01-17,47,quantile,0.85,468.0
2026-01-10,wk inc flu hosp,1,2026-01-17,47,quantile,0.9,495.0
2026-01-10,wk inc flu hosp,1,2026-01-17,47,quantile,0.95,535.0
2026-01-10,wk inc flu hosp,1,2026-01-17,47,quantile,0.975,575.0
2026-01-10,wk inc flu hosp,1,2026-01-17,47,quantile,0.99,606.0
2026-01-10,wk inc flu hosp,1,2026-01-17,48,quantile,0.01,284.0
2026-01-10,wk inc flu hosp,1,2026-01-17,48,quantile,0.025,354.0
2026-01-10,wk inc flu hosp,1,2026-01-17,48,quantile,0.05,511.0
2026-01-10,wk inc flu hosp,1,2026-01-17,48,quantile,0.1,766.0
2026-01-10,wk inc flu hosp,1,2026-01-17,48,quantile,0.15,953.0
2026-01-10,wk inc flu hosp,1,2026-01-17,48,quantile,0.2,1131.0
2026-01-10,wk inc flu hosp,1,2026-01-17,48,quantile,0.25,1248.0
2026-01-10,wk inc flu hosp,1,2026-01-17,48,quantile,0.3,1358.0
2026-01-10,wk inc flu hosp,1,2026-01-17,48,quantile,0.35,1443.0
2026-01-10,wk inc flu hosp,1,2026-01-17,48,quantile,0.4,1555.0
2026-01-10,wk inc flu hosp,1,2026-01-17,48,quantile,0.45,1642.0
2026-01-10,wk inc flu hosp,1,2026-01-17,48,quantile,0.5,1723.0
2026-01-10,wk inc flu hosp,1,2026-01-17,48,quantile,0.55,1813.0
2026-01-10,wk inc flu hosp,1,2026-01-17,48,quantile,0.6,1884.0
2026-01-10,wk inc flu hosp,1,2026-01-17,48,quantile,0.65,1979.0
2026-01-10,wk inc flu hosp,1,2026-01-17,48,quantile,0.7,2054.0
2026-01-10,wk inc flu hosp,1,2026-01-17,48,quantile,0.75,2155.0
2026-01-10,wk inc flu hosp,1,2026-01-17,48,quantile,0.8,2262.0
2026-01-10,wk inc flu hosp,1,2026-01-17,48,quantile,0.85,2380.0
2026-01-10,wk inc flu hosp,1,2026-01-17,48,quantile,0.9,2527.0
2026-01-10,wk inc flu hosp,1,2026-01-17,48,quantile,0.95,2792.0
2026-01-10,wk inc flu hosp,1,2026-01-17,48,quantile,0.975,2989.0
2026-01-10,wk inc flu hosp,1,2026-01-17,48,quantile,0.99,3188.0
2026-01-10,wk inc flu hosp,1,2026-01-17,49,quantile,0.01,47.0
2026-01-10,wk inc flu hosp,1,2026-01-17,49,quantile,0.025,74.0
2026-01-10,wk inc flu hosp,1,2026-01-17,49,quantile,0.05,100.0
2026-01-10,wk inc flu hosp,1,2026-01-17,49,quantile,0.1,129.0
2026-01-10,wk inc flu hosp,1,2026-01-17,49,quantile,0.15,142.0
2026-01-10,wk inc flu hosp,1,2026-01-17,49,quantile,0.2,154.0
2026-01-10,wk inc flu hosp,1,2026-01-17,49,quantile,0.25,164.0
2026-01-10,wk inc flu hosp,1,2026-01-17,49,quantile,0.3,171.0
2026-01-10,wk inc flu hosp,1,2026-01-17,49,quantile,0.35,182.0
2026-01-10,wk inc flu hosp,1,2026-01-17,49,quantile,0.4,190.0
2026-01-10,wk inc flu hosp,1,2026-01-17,49,quantile,0.45,197.0
2026-01-10,wk inc flu hosp,1,2026-01-17,49,quantile,0.5,205.0
2026-01-10,wk inc flu hosp,1,2026-01-17,49,quantile,0.55,213.0
2026-01-10,wk inc flu hosp,1,2026-01-17,49,quantile,0.6,221.0
2026-01-10,wk inc flu hosp,1,2026-01-17,49,quantile,0.65,230.0
2026-01-10,wk inc flu hosp,1,2026-01-17,49,quantile,0.7,239.0
2026-01-10,wk inc flu hosp,1,2026-01-17,49,quantile,0.75,248.0
2026-01-10,wk inc flu hosp,1,2026-01-17,49,quantile,0.8,257.0
2026-01-10,wk inc flu hosp,1,2026-01-17,49,quantile,0.85,268.0
2026-01-10,wk inc flu hosp,1,2026-01-17,49,quantile,0.9,282.0
2026-01-10,wk inc flu hosp,1,2026-01-17,49,quantile,0.95,305.0
2026-01-10,wk inc flu hosp,1,2026-01-17,49,quantile,0.975,323.0
2026-01-10,wk inc flu hosp,1,2026-01-17,49,quantile,0.99,344.0
2026-01-10,wk inc flu hosp,1,2026-01-17,50,quantile,0.01,11.0
2026-01-10,wk inc flu hosp,1,2026-01-17,50,quantile,0.025,14.0
2026-01-10,wk inc flu hosp,1,2026-01-17,50,quantile,0.05,18.0
2026-01-10,wk inc flu hosp,1,2026-01-17,50,quantile,0.1,24.0
2026-01-10,wk inc flu hosp,1,2026-01-17,50,quantile,0.15,26.0
2026-01-10,wk inc flu hosp,1,2026-01-17,50,quantile,0.2,29.0
2026-01-10,wk inc flu hosp,1,2026-01-17,50,quantile,0.25,31.0
2026-01-10,wk inc flu hosp,1,2026-01-17,50,quantile,0.3,33.0
2026-01-10,wk inc flu hosp,1,2026-01-17,50,quantile,0.35,34.0
2026-01-10,wk inc flu hosp,1,2026-01-17,50,quantile,0.4,36.0
2026-01-10,wk inc flu hosp,1,2026-01-17,50,quantile,0.45,37.0
2026-01-10,wk inc flu hosp,1,2026-01-17,50,quantile,0.5,39.0
2026-01-10,wk inc flu hosp,1,2026-01-17,50,quantile,0.55,40.0
2026-01-10,wk inc flu hosp,1,2026-01-17,50,quantile,0.6,42.0
2026-01-10,wk inc flu hosp,1,2026-01-17,50,quantile,0.65,43.0
2026-01-10,wk inc flu hosp,1,2026-01-17,50,quantile,0.7,45.0
2026-01-10,wk inc flu hosp,1,2026-01-17,50,quantile,0.75,46.0
2026-01-10,wk inc flu hosp,1,2026-01-17,50,quantile,0.8,48.0
2026-01-10,wk inc flu hosp,1,2026-01-17,50,quantile,0.85,50.0
2026-01-10,wk inc flu hosp,1,2026-01-17,50,quantile,0.9,53.0
2026-01-10,wk inc flu hosp,1,2026-01-17,50,quantile,0.95,58.0
2026-01-10,wk inc flu hosp,1,2026-01-17,50,quantile,0.975,60.0
2026-01-10,wk inc flu hosp,1,2026-01-17,50,quantile,0.99,64.0
2026-01-10,wk inc flu hosp,1,2026-01-17,51,quantile,0.01,308.0
2026-01-10,wk inc flu hosp,1,2026-01-17,51,quantile,0.025,379.0
2026-01-10,wk inc flu hosp,1,2026-01-17,51,quantile,0.05,442.0
2026-01-10,wk inc flu hosp,1,2026-01-17,51,quantile,0.1,530.0
2026-01-10,wk inc flu hosp,1,2026-01-17,51,quantile,0.15,571.0
2026-01-10,wk inc flu hosp,1,2026-01-17,51,quantile,0.2,598.0
2026-01-10,wk inc flu hosp,1,2026-01-17,51,quantile,0.25,621.0
2026-01-10,wk inc flu hosp,1,2026-01-17,51,quantile,0.3,638.0
2026-01-10,wk inc flu hosp,1,2026-01-17,51,quantile,0.35,661.0
2026-01-10,wk inc flu hosp,1,2026-01-17,51,quantile,0.4,679.0
2026-01-10,wk inc flu hosp,1,2026-01-17,51,quantile,0.45,696.0
2026-01-10,wk inc flu hosp,1,2026-01-17,51,quantile,0.5,710.0
2026-01-10,wk inc flu hosp,1,2026-01-17,51,quantile,0.55,723.0
2026-01-10,wk inc flu hosp,1,2026-01-17,51,quantile,0.6,741.0
2026-01-10,wk inc flu hosp,1,2026-01-17,51,quantile,0.65,758.0
2026-01-10,wk inc flu hosp,1,2026-01-17,51,quantile,0.7,775.0
2026-01-10,wk inc flu hosp,1,2026-01-17,51,quantile,0.75,792.0
2026-01-10,wk inc flu hosp,1,2026-01-17,51,quantile,0.8,818.0
2026-01-10,wk inc flu hosp,1,2026-01-17,51,quantile,0.85,845.0
2026-01-10,wk inc flu hosp,1,2026-01-17,51,quantile,0.9,880.0
2026-01-10,wk inc flu hosp,1,2026-01-17,51,quantile,0.95,935.0
2026-01-10,wk inc flu hosp,1,2026-01-17,51,quantile,0.975,971.0
2026-01-10,wk inc flu hosp,1,2026-01-17,51,quantile,0.99,1013.0
2026-01-10,wk inc flu hosp,1,2026-01-17,53,quantile,0.01,64.0
2026-01-10,wk inc flu hosp,1,2026-01-17,53,quantile,0.025,95.0
2026-01-10,wk inc flu hosp,1,2026-01-17,53,quantile,0.05,130.0
2026-01-10,wk inc flu hosp,1,2026-01-17,53,quantile,0.1,155.0
2026-01-10,wk inc flu hosp,1,2026-01-17,53,quantile,0.15,176.0
2026-01-10,wk inc flu hosp,1,2026-01-17,53,quantile,0.2,198.0
2026-01-10,wk inc flu hosp,1,2026-01-17,53,quantile,0.25,210.0
2026-01-10,wk inc flu hosp,1,2026-01-17,53,quantile,0.3,223.0
2026-01-10,wk inc flu hosp,1,2026-01-17,53,quantile,0.35,236.0
2026-01-10,wk inc flu hosp,1,2026-01-17,53,quantile,0.4,253.0
2026-01-10,wk inc flu hosp,1,2026-01-17,53,quantile,0.45,264.0
2026-01-10,wk inc flu hosp,1,2026-01-17,53,quantile,0.5,276.0
2026-01-10,wk inc flu hosp,1,2026-01-17,53,quantile,0.55,288.0
2026-01-10,wk inc flu hosp,1,2026-01-17,53,quantile,0.6,296.0
2026-01-10,wk inc flu hosp,1,2026-01-17,53,quantile,0.65,306.0
2026-01-10,wk inc flu hosp,1,2026-01-17,53,quantile,0.7,317.0
2026-01-10,wk inc flu hosp,1,2026-01-17,53,quantile,0.75,332.0
2026-01-10,wk inc flu hosp,1,2026-01-17,53,quantile,0.8,346.0
2026-01-10,wk inc flu hosp,1,2026-01-17,53,quantile,0.85,364.0
2026-01-10,wk inc flu hosp,1,2026-01-17,53,quantile,0.9,387.0
2026-01-10,wk inc flu hosp,1,2026-01-17,53,quantile,0.95,433.0
2026-01-10,wk inc flu hosp,1,2026-01-17,53,quantile,0.975,460.0
2026-01-10,wk inc flu hosp,1,2026-01-17,53,quantile,0.99,486.0
2026-01-10,wk inc flu hosp,1,2026-01-17,54,quantile,0.01,23.0
2026-01-10,wk inc flu hosp,1,2026-01-17,54,quantile,0.025,29.0
2026-01-10,wk inc flu hosp,1,2026-01-17,54,quantile,0.05,39.0
2026-01-10,wk inc flu hosp,1,2026-01-17,54,quantile,0.1,51.0
2026-01-10,wk inc flu hosp,1,2026-01-17,54,quantile,0.15,57.0
2026-01-10,wk inc flu hosp,1,2026-01-17,54,quantile,0.2,64.0
2026-01-10,wk inc flu hosp,1,2026-01-17,54,quantile,0.25,69.0
2026-01-10,wk inc flu hosp,1,2026-01-17,54,quantile,0.3,74.0
2026-01-10,wk inc flu hosp,1,2026-01-17,54,quantile,0.35,78.0
2026-01-10,wk inc flu hosp,1,2026-01-17,54,quantile,0.4,83.0
2026-01-10,wk inc flu hosp,1,2026-01-17,54,quantile,0.45,87.0
2026-01-10,wk inc flu hosp,1,2026-01-17,54,quantile,0.5,91.0
2026-01-10,wk inc flu hosp,1,2026-01-17,54,quantile,0.55,95.0
2026-01-10,wk inc flu hosp,1,2026-01-17,54,quantile,0.6,99.0
2026-01-10,wk inc flu hosp,1,2026-01-17,54,quantile,0.65,103.0
2026-01-10,wk inc flu hosp,1,2026-01-17,54,quantile,0.7,108.0
2026-01-10,wk inc flu hosp,1,2026-01-17,54,quantile,0.75,113.0
2026-01-10,wk inc flu hosp,1,2026-01-17,54,quantile,0.8,118.0
2026-01-10,wk inc flu hosp,1,2026-01-17,54,quantile,0.85,122.0
2026-01-10,wk inc flu hosp,1,2026-01-17,54,quantile,0.9,131.0
2026-01-10,wk inc flu hosp,1,2026-01-17,54,quantile,0.95,143.0
2026-01-10,wk inc flu hosp,1,2026-01-17,54,quantile,0.975,150.0
2026-01-10,wk inc flu hosp,1,2026-01-17,54,quantile,0.99,166.0
2026-01-10,wk inc flu hosp,1,2026-01-17,55,quantile,0.01,245.0
2026-01-10,wk inc flu hosp,1,2026-01-17,55,quantile,0.025,276.0
2026-01-10,wk inc flu hosp,1,2026-01-17,55,quantile,0.05,318.0
2026-01-10,wk inc flu hosp,1,2026-01-17,55,quantile,0.1,366.0
2026-01-10,wk inc flu hosp,1,2026-01-17,55,quantile,0.15,401.0
2026-01-10,wk inc flu hosp,1,2026-01-17,55,quantile,0.2,418.0
2026-01-10,wk inc flu hosp,1,2026-01-17,55,quantile,0.25,429.0
2026-01-10,wk inc flu hosp,1,2026-01-17,55,quantile,0.3,440.0
2026-01-10,wk inc flu hosp,1,2026-01-17,55,quantile,0.35,455.0
2026-01-10,wk inc flu hosp,1,2026-01-17,55,quantile,0.4,466.0
2026-01-10,wk inc flu hosp,1,2026-01-17,55,quantile,0.45,477.0
2026-01-10,wk inc flu hosp,1,2026-01-17,55,quantile,0.5,487.0
2026-01-10,wk inc flu hosp,1,2026-01-17,55,quantile,0.55,497.0
2026-01-10,wk inc flu hosp,1,2026-01-17,55,quantile,0.6,506.0
2026-01-10,wk inc flu hosp,1,2026-01-17,55,quantile,0.65,517.0
2026-01-10,wk inc flu hosp,1,2026-01-17,55,quantile,0.7,527.0
2026-01-10,wk inc flu hosp,1,2026-01-17,55,quantile,0.75,539.0
2026-01-10,wk inc flu hosp,1,2026-01-17,55,quantile,0.8,550.0
2026-01-10,wk inc flu hosp,1,2026-01-17,55,quantile,0.85,565.0
2026-01-10,wk inc flu hosp,1,2026-01-17,55,quantile,0.9,585.0
2026-01-10,wk inc flu hosp,1,2026-01-17,55,quantile,0.95,615.0
2026-01-10,wk inc flu hosp,1,2026-01-17,55,quantile,0.975,645.0
2026-01-10,wk inc flu hosp,1,2026-01-17,55,quantile,0.99,679.0
2026-01-10,wk inc flu hosp,1,2026-01-17,56,quantile,0.01,0.0
2026-01-10,wk inc flu hosp,1,2026-01-17,56,quantile,0.025,0.0
2026-01-10,wk inc flu hosp,1,2026-01-17,56,quantile,0.05,0.0
2026-01-10,wk inc flu hosp,1,2026-01-17,56,quantile,0.1,0.0
2026-01-10,wk inc flu hosp,1,2026-01-17,56,quantile,0.15,0.0
2026-01-10,wk inc flu hosp,1,2026-01-17,56,quantile,0.2,0.0
2026-01-10,wk inc flu hosp,1,2026-01-17,56,quantile,0.25,0.0
2026-01-10,wk inc flu hosp,1,2026-01-17,56,quantile,0.3,0.0
2026-01-10,wk inc flu hosp,1,2026-01-17,56,quantile,0.35,0.0
2026-01-10,wk inc flu hosp,1,2026-01-17,56,quantile,0.4,0.0
2026-01-10,wk inc flu hosp,1,2026-01-17,56,quantile,0.45,0.0
2026-01-10,wk inc flu hosp,1,2026-01-17,56,quantile,0.5,0.0
2026-01-10,wk inc flu hosp,1,2026-01-17,56,quantile,0.55,0.0
2026-01-10,wk inc flu hosp,1,2026-01-17,56,quantile,0.6,0.0
2026-01-10,wk inc flu hosp,1,2026-01-17,56,quantile,0.65,0.0
2026-01-10,wk inc flu hosp,1,2026-01-17,56,quantile,0.7,0.0
2026-01-10,wk inc flu hosp,1,2026-01-17,56,quantile,0.75,1.0
2026-01-10,wk inc flu hosp,1,2026-01-17,56,quantile,0.8,1.0
2026-01-10,wk inc flu hosp,1,2026-01-17,56,quantile,0.85,1.0
2026-01-10,wk inc flu hosp,1,2026-01-17,56,quantile,0.9,2.0
2026-01-10,wk inc flu hosp,1,2026-01-17,56,quantile,0.95,5.0
2026-01-10,wk inc flu hosp,1,2026-01-17,56,quantile,0.975,7.0
2026-01-10,wk inc flu hosp,1,2026-01-17,56,quantile,0.99,9.0
2026-01-10,wk inc flu hosp,1,2026-01-17,US,quantile,0.01,7385.0
2026-01-10,wk inc flu hosp,1,2026-01-17,US,quantile,0.025,9556.0
2026-01-10,wk inc flu hosp,1,2026-01-17,US,quantile,0.05,11259.0
2026-01-10,wk inc flu hosp,1,2026-01-17,US,quantile,0.1,14086.0
2026-01-10,wk inc flu hosp,1,2026-01-17,US,quantile,0.15,15934.0
2026-01-10,wk inc flu hosp,1,2026-01-17,US,quantile,0.2,17509.0
2026-01-10,wk inc flu hosp,1,2026-01-17,US,quantile,0.25,18122.0
2026-01-10,wk inc flu hosp,1,2026-01-17,US,quantile,0.3,18738.0
2026-01-10,wk inc flu hosp,1,2026-01-17,US,quantile,0.35,19291.0
2026-01-10,wk inc flu hosp,1,2026-01-17,US,quantile,0.4,19861.0
2026-01-10,wk inc flu hosp,1,2026-01-17,US,quantile,0.45,20400.0
2026-01-10,wk inc flu hosp,1,2026-01-17,US,quantile,0.5,20866.0
2026-01-10,wk inc flu hosp,1,2026-01-17,US,quantile,0.55,21365.0
2026-01-10,wk inc flu hosp,1,2026-01-17,US,quantile,0.6,21757.0
2026-01-10,wk inc flu hosp,1,2026-01-17,US,quantile,0.65,22239.0
2026-01-10,wk inc flu hosp,1,2026-01-17,US,quantile,0.7,22732.0
2026-01-10,wk inc flu hosp,1,2026-01-17,US,quantile,0.75,23323.0
2026-01-10,wk inc flu hosp,1,2026-01-17,US,quantile,0.8,23965.0
2026-01-10,wk inc flu hosp,1,2026-01-17,US,quantile,0.85,24675.0
2026-01-10,wk inc flu hosp,1,2026-01-17,US,quantile,0.9,25478.0
2026-01-10,wk inc flu hosp,1,2026-01-17,US,quantile,0.95,26934.0
2026-01-10,wk inc flu hosp,1,2026-01-17,US,quantile,0.975,28047.0
2026-01-10,wk inc flu hosp,1,2026-01-17,US,quantile,0.99,29269.0
2026-01-10,wk inc flu hosp,2,2026-01-24,01,quantile,0.01,70.0
2026-01-10,wk inc flu hosp,2,2026-01-24,01,quantile,0.025,82.0
2026-01-10,wk inc flu hosp,2,2026-01-24,01,quantile,0.05,93.0
2026-01-10,wk inc flu hosp,2,2026-01-24,01,quantile,0.1,137.0
2026-01-10,wk inc flu hosp,2,2026-01-24,01,quantile,0.15,165.0
2026-01-10,wk inc flu hosp,2,2026-01-24,01,quantile,0.2,190.0
2026-01-10,wk inc flu hosp,2,2026-01-24,01,quantile,0.25,212.0
2026-01-10,wk inc flu hosp,2,2026-01-24,01,quantile,0.3,229.0
2026-01-10,wk inc flu hosp,2,2026-01-24,01,quantile,0.35,250.0
2026-01-10,wk inc flu hosp,2,2026-01-24,01,quantile,0.4,270.0
2026-01-10,wk inc flu hosp,2,2026-01-24,01,quantile,0.45,290.0
2026-01-10,wk inc flu hosp,2,2026-01-24,01,quantile,0.5,310.0
2026-01-10,wk inc flu hosp,2,2026-01-24,01,quantile,0.55,331.0
2026-01-10,wk inc flu hosp,2,2026-01-24,01,quantile,0.6,347.0
2026-01-10,wk inc flu hosp,2,2026-01-24,01,quantile,0.65,369.0
2026-01-10,wk inc flu hosp,2,2026-01-24,01,quantile,0.7,392.0
2026-01-10,wk inc flu hosp,2,2026-01-24,01,quantile,0.75,411.0
2026-01-10,wk inc flu hosp,2,2026-01-24,01,quantile,0.8,435.0
2026-01-10,wk inc flu hosp,2,2026-01-24,01,quantile,0.85,467.0
2026-01-10,wk inc flu hosp,2,2026-01-24,01,quantile,0.9,502.0
2026-01-10,wk inc flu hosp,2,2026-01-24,01,quantile,0.95,565.0
2026-01-10,wk inc flu hosp,2,2026-01-24,01,quantile,0.975,614.0
2026-01-10,wk inc flu hosp,2,2026-01-24,01,quantile,0.99,661.0
2026-01-10,wk inc flu hosp,2,2026-01-24,02,quantile,0.01,23.0
2026-01-10,wk inc flu hosp,2,2026-01-24,02,quantile,0.025,28.0
2026-01-10,wk inc flu hosp,2,2026-01-24,02,quantile,0.05,35.0
2026-01-10,wk inc flu hosp,2,2026-01-24,02,quantile,0.1,42.0
2026-01-10,wk inc flu hosp,2,2026-01-24,02,quantile,0.15,48.0
2026-01-10,wk inc flu hosp,2,2026-01-24,02,quantile,0.2,53.0
2026-01-10,wk inc flu hosp,2,2026-01-24,02,quantile,0.25,57.0
2026-01-10,wk inc flu hosp,2,2026-01-24,02,quantile,0.3,60.0
2026-01-10,wk inc flu hosp,2,2026-01-24,02,quantile,0.35,62.0
2026-01-10,wk inc flu hosp,2,2026-01-24,02,quantile,0.4,63.0
2026-01-10,wk inc flu hosp,2,2026-01-24,02,quantile,0.45,65.0
2026-01-10,wk inc flu hosp,2,2026-01-24,02,quantile,0.5,66.0
2026-01-10,wk inc flu hosp,2,2026-01-24,02,quantile,0.55,68.0
2026-01-10,wk inc flu hosp,2,2026-01-24,02,quantile,0.6,69.0
2026-01-10,wk inc flu hosp,2,2026-01-24,02,quantile,0.65,71.0
2026-01-10,wk inc flu hosp,2,2026-01-24,02,quantile,0.7,72.0
2026-01-10,wk inc flu hosp,2,2026-01-24,02,quantile,0.75,74.0
2026-01-10,wk inc flu hosp,2,2026-01-24,02,quantile,0.8,76.0
2026-01-10,wk inc flu hosp,2,2026-01-24,02,quantile,0.85,78.0
2026-01-10,wk inc flu hosp,2,2026-01-24,02,quantile,0.9,80.0
2026-01-10,wk inc flu hosp,2,2026-01-24,02,quantile,0.95,86.0
2026-01-10,wk inc flu hosp,2,2026-01-24,02,quantile,0.975,90.0
2026-01-10,wk inc flu hosp,2,2026-01-24,02,quantile,0.99,93.0
2026-01-10,wk inc flu hosp,2,2026-01-24,04,quantile,0.01,26.0
2026-01-10,wk inc flu hosp,2,2026-01-24,04,quantile,0.025,33.0
2026-01-10,wk inc flu hosp,2,2026-01-24,04,quantile,0.05,43.0
2026-01-10,wk inc flu hosp,2,2026-01-24,04,quantile,0.1,52.0
2026-01-10,wk inc flu hosp,2,2026-01-24,04,quantile,0.15,57.0
2026-01-10,wk inc flu hosp,2,2026-01-24,04,quantile,0.2,75.0
2026-01-10,wk inc flu hosp,2,2026-01-24,04,quantile,0.25,91.0
2026-01-10,wk inc flu hosp,2,2026-01-24,04,quantile,0.3,103.0
2026-01-10,wk inc flu hosp,2,2026-01-24,04,quantile,0.35,117.0
2026-01-10,wk inc flu hosp,2,2026-01-24,04,quantile,0.4,133.0
2026-01-10,wk inc flu hosp,2,2026-01-24,04,quantile,0.45,145.0
2026-01-10,wk inc flu hosp,2,2026-01-24,04,quantile,0.5,163.0
2026-01-10,wk inc flu hosp,2,2026-01-24,04,quantile,0.55,178.0
2026-01-10,wk inc flu hosp,2,2026-01-24,04,quantile,0.6,194.0
2026-01-10,wk inc flu hosp,2,2026-01-24,04,quantile,0.65,215.0
2026-01-10,wk inc flu hosp,2,2026-01-24,04,quantile,0.7,231.0
2026-01-10,wk inc flu hosp,2,2026-01-24,04,quantile,0.75,247.0
2026-01-10,wk inc flu hosp,2,2026-01-24,04,quantile,0.8,269.0
2026-01-10,wk inc flu hosp,2,2026-01-24,04,quantile,0.85,301.0
2026-01-10,wk inc flu hosp,2,2026-01-24,04,quantile,0.9,328.0
2026-01-10,wk inc flu hosp,2,2026-01-24,04,quantile,0.95,383.0
2026-01-10,wk inc flu hosp,2,2026-01-24,04,quantile,0.975,424.0
2026-01-10,wk inc flu hosp,2,2026-01-24,04,quantile,0.99,469.0
2026-01-10,wk inc flu hosp,2,2026-01-24,05,quantile,0.01,42.0
2026-01-10,wk inc flu hosp,2,2026-01-24,05,quantile,0.025,50.0
2026-01-10,wk inc flu hosp,2,2026-01-24,05,quantile,0.05,74.0
2026-01-10,wk inc flu hosp,2,2026-01-24,05,quantile,0.1,103.0
2026-01-10,wk inc flu hosp,2,2026-01-24,05,quantile,0.15,118.0
2026-01-10,wk inc flu hosp,2,2026-01-24,05,quantile,0.2,131.0
2026-01-10,wk inc flu hosp,2,2026-01-24,05,quantile,0.25,141.0
2026-01-10,wk inc flu hosp,2,2026-01-24,05,quantile,0.3,150.0
2026-01-10,wk inc flu hosp,2,2026-01-24,05,quantile,0.35,160.0
2026-01-10,wk inc flu hosp,2,2026-01-24,05,quantile,0.4,170.0
2026-01-10,wk inc flu hosp,2,2026-01-24,05,quantile,0.45,178.0
2026-01-10,wk inc flu hosp,2,2026-01-24,05,quantile,0.5,186.0
2026-01-10,wk inc flu hosp,2,2026-01-24,05,quantile,0.55,195.0
2026-01-10,wk inc flu hosp,2,2026-01-24,05,quantile,0.6,203.0
2026-01-10,wk inc flu hosp,2,2026-01-24,05,quantile,0.65,213.0
2026-01-10,wk inc flu hosp,2,2026-01-24,05,quantile,0.7,222.0
2026-01-10,wk inc flu hosp,2,2026-01-24,05,quantile,0.75,234.0
2026-01-10,wk inc flu hosp,2,2026-01-24,05,quantile,0.8,245.0
2026-01-10,wk inc flu hosp,2,2026-01-24,05,quantile,0.85,256.0
2026-01-10,wk inc flu hosp,2,2026-01-24,05,quantile,0.9,270.0
2026-01-10,wk inc flu hosp,2,2026-01-24,05,quantile,0.95,295.0
2026-01-10,wk inc flu hosp,2,2026-01-24,05,quantile,0.975,318.0
2026-01-10,wk inc flu hosp,2,2026-01-24,05,quantile,0.99,337.0
2026-01-10,wk inc flu hosp,2,2026-01-24,06,quantile,0.01,290.0
2026-01-10,wk inc flu hosp,2,2026-01-24,06,quantile,0.025,316.0
2026-01-10,wk inc flu hosp,2,2026-01-24,06,quantile,0.05,355.0
2026-01-10,wk inc flu hosp,2,2026-01-24,06,quantile,0.1,489.0
2026-01-10,wk inc flu hosp,2,2026-01-24,06,quantile,0.15,566.0
2026-01-10,wk inc flu hosp,2,2026-01-24,06,quantile,0.2,635.0
2026-01-10,wk inc flu hosp,2,2026-01-24,06,quantile,0.25,703.0
2026-01-10,wk inc flu hosp,2,2026-01-24,06,quantile,0.3,755.0
2026-01-10,wk inc flu hosp,2,2026-01-24,06,quantile,0.35,819.0
2026-01-10,wk inc flu hosp,2,2026-01-24,06,quantile,0.4,886.0
2026-01-10,wk inc flu hosp,2,2026-01-24,06,quantile,0.45,944.0
2026-01-10,wk inc flu hosp,2,2026-01-24,06,quantile,0.5,1004.0
2026-01-10,wk inc flu hosp,2,2026-01-24,06,quantile,0.55,1063.0
2026-01-10,wk inc flu hosp,2,2026-01-24,06,quantile,0.6,1115.0
2026-01-10,wk inc flu hosp,2,2026-01-24,06,quantile,0.65,1168.0
2026-01-10,wk inc flu hosp,2,2026-01-24,06,quantile,0.7,1214.0
2026-01-10,wk inc flu hosp,2,2026-01-24,06,quantile,0.75,1274.0
2026-01-10,wk inc flu hosp,2,2026-01-24,06,quantile,0.8,1341.0
2026-01-10,wk inc flu hosp,2,2026-01-24,06,quantile,0.85,1426.0
2026-01-10,wk inc flu hosp,2,2026-01-24,06,quantile,0.9,1551.0
2026-01-10,wk inc flu hosp,2,2026-01-24,06,quantile,0.95,1714.0
2026-01-10,wk inc flu hosp,2,2026-01-24,06,quantile,0.975,1837.0
2026-01-10,wk inc flu hosp,2,2026-01-24,06,quantile,0.99,1948.0
2026-01-10,wk inc flu hosp,2,2026-01-24,08,quantile,0.01,151.0
2026-01-10,wk inc flu hosp,2,2026-01-24,08,quantile,0.025,177.0
2026-01-10,wk inc flu hosp,2,2026-01-24,08,quantile,0.05,209.0
2026-01-10,wk inc flu hosp,2,2026-01-24,08,quantile,0.1,256.0
2026-01-10,wk inc flu hosp,2,2026-01-24,08,quantile,0.15,292.0
2026-01-10,wk inc flu hosp,2,2026-01-24,08,quantile,0.2,327.0
2026-01-10,wk inc flu hosp,2,2026-01-24,08,quantile,0.25,358.0
2026-01-10,wk inc flu hosp,2,2026-01-24,08,quantile,0.3,388.0
2026-01-10,wk inc flu hosp,2,2026-01-24,08,quantile,0.35,413.0
2026-01-10,wk inc flu hosp,2,2026-01-24,08,quantile,0.4,423.0
2026-01-10,wk inc flu hosp,2,2026-01-24,08,quantile,0.45,431.0
2026-01-10,wk inc flu hosp,2,2026-01-24,08,quantile,0.5,438.0
2026-01-10,wk inc flu hosp,2,2026-01-24,08,quantile,0.55,446.0
2026-01-10,wk inc flu hosp,2,2026-01-24,08,quantile,0.6,452.0
2026-01-10,wk inc flu hosp,2,2026-01-24,08,quantile,0.65,462.0
2026-01-10,wk inc flu hosp,2,2026-01-24,08,quantile,0.7,471.0
2026-01-10,wk inc flu hosp,2,2026-01-24,08,quantile,0.75,481.0
2026-01-10,wk inc flu hosp,2,2026-01-24,08,quantile,0.8,491.0
2026-01-10,wk inc flu hosp,2,2026-01-24,08,quantile,0.85,503.0
2026-01-10,wk inc flu hosp,2,2026-01-24,08,quantile,0.9,516.0
2026-01-10,wk inc flu hosp,2,2026-01-24,08,quantile,0.95,545.0
2026-01-10,wk inc flu hosp,2,2026-01-24,08,quantile,0.975,562.0
2026-01-10,wk inc flu hosp,2,2026-01-24,08,quantile,0.99,578.0
2026-01-10,wk inc flu hosp,2,2026-01-24,09,quantile,0.01,119.0
2026-01-10,wk inc flu hosp,2,2026-01-24,09,quantile,0.025,139.0
2026-01-10,wk inc flu hosp,2,2026-01-24,09,quantile,0.05,164.0
2026-01-10,wk inc flu hosp,2,2026-01-24,09,quantile,0.1,200.0
2026-01-10,wk inc flu hosp,2,2026-01-24,09,quantile,0.15,228.0
2026-01-10,wk inc flu hosp,2,2026-01-24,09,quantile,0.2,253.0
2026-01-10,wk inc flu hosp,2,2026-01-24,09,quantile,0.25,275.0
2026-01-10,wk inc flu hosp,2,2026-01-24,09,quantile,0.3,293.0
2026-01-10,wk inc flu hosp,2,2026-01-24,09,quantile,0.35,312.0
2026-01-10,wk inc flu hosp,2,2026-01-24,09,quantile,0.4,320.0
2026-01-10,wk inc flu hosp,2,2026-01-24,09,quantile,0.45,327.0
2026-01-10,wk inc flu hosp,2,2026-01-24,09,quantile,0.5,333.0
2026-01-10,wk inc flu hosp,2,2026-01-24,09,quantile,0.55,340.0
2026-01-10,wk inc flu hosp,2,2026-01-24,09,quantile,0.6,346.0
2026-01-10,wk inc flu hosp,2,2026-01-24,09,quantile,0.65,353.0
2026-01-10,wk inc flu hosp,2,2026-01-24,09,quantile,0.7,359.0
2026-01-10,wk inc flu hosp,2,2026-01-24,09,quantile,0.75,367.0
2026-01-10,wk inc flu hosp,2,2026-01-24,09,quantile,0.8,375.0
2026-01-10,wk inc flu hosp,2,2026-01-24,09,quantile,0.85,382.0
2026-01-10,wk inc flu hosp,2,2026-01-24,09,quantile,0.9,394.0
2026-01-10,wk inc flu hosp,2,2026-01-24,09,quantile,0.95,413.0
2026-01-10,wk inc flu hosp,2,2026-01-24,09,quantile,0.975,426.0
2026-01-10,wk inc flu hosp,2,2026-01-24,09,quantile,0.99,440.0
2026-01-10,wk inc flu hosp,2,2026-01-24,10,quantile,0.01,26.0
2026-01-10,wk inc flu hosp,2,2026-01-24,10,quantile,0.025,35.0
2026-01-10,wk inc flu hosp,2,2026-01-24,10,quantile,0.05,43.0
2026-01-10,wk inc flu hosp,2,2026-01-24,10,quantile,0.1,53.0
2026-01-10,wk inc flu hosp,2,2026-01-24,10,quantile,0.15,58.0
2026-01-10,wk inc flu hosp,2,2026-01-24,10,quantile,0.2,62.0
2026-01-10,wk inc flu hosp,2,2026-01-24,10,quantile,0.25,66.0
2026-01-10,wk inc flu hosp,2,2026-01-24,10,quantile,0.3,68.0
2026-01-10,wk inc flu hosp,2,2026-01-24,10,quantile,0.35,72.0
2026-01-10,wk inc flu hosp,2,2026-01-24,10,quantile,0.4,74.0
2026-01-10,wk inc flu hosp,2,2026-01-24,10,quantile,0.45,77.0
2026-01-10,wk inc flu hosp,2,2026-01-24,10,quantile,0.5,79.0
2026-01-10,wk inc flu hosp,2,2026-01-24,10,quantile,0.55,82.0
2026-01-10,wk inc flu hosp,2,2026-01-24,10,quantile,0.6,85.0
2026-01-10,wk inc flu hosp,2,2026-01-24,10,quantile,0.65,88.0
2026-01-10,wk inc flu hosp,2,2026-01-24,10,quantile,0.7,91.0
2026-01-10,wk inc flu hosp,2,2026-01-24,10,quantile,0.75,94.0
2026-01-10,wk inc flu hosp,2,2026-01-24,10,quantile,0.8,98.0
2026-01-10,wk inc flu hosp,2,2026-01-24,10,quantile,0.85,102.0
2026-01-10,wk inc flu hosp,2,2026-01-24,10,quantile,0.9,107.0
2026-01-10,wk inc flu hosp,2,2026-01-24,10,quantile,0.95,118.0
2026-01-10,wk inc flu hosp,2,2026-01-24,10,quantile,0.975,124.0
2026-01-10,wk inc flu hosp,2,2026-01-24,10,quantile,0.99,131.0
2026-01-10,wk inc flu hosp,2,2026-01-24,11,quantile,0.01,8.0
2026-01-10,wk inc flu hosp,2,2026-01-24,11,quantile,0.025,13.0
2026-01-10,wk inc flu hosp,2,2026-01-24,11,quantile,0.05,19.0
2026-01-10,wk inc flu hosp,2,2026-01-24,11,quantile,0.1,25.0
2026-01-10,wk inc flu hosp,2,2026-01-24,11,quantile,0.15,30.0
2026-01-10,wk inc flu hosp,2,2026-01-24,11,quantile,0.2,35.0
2026-01-10,wk inc flu hosp,2,2026-01-24,11,quantile,0.25,36.0
2026-01-10,wk inc flu hosp,2,2026-01-24,11,quantile,0.3,38.0
2026-01-10,wk inc flu hosp,2,2026-01-24,11,quantile,0.35,39.0
2026-01-10,wk inc flu hosp,2,2026-01-24,11,quantile,0.4,41.0
2026-01-10,wk inc flu hosp,2,2026-01-24,11,quantile,0.45,42.0
2026-01-10,wk inc flu hosp,2,2026-01-24,11,quantile,0.5,43.0
2026-01-10,wk inc flu hosp,2,2026-01-24,11,quantile,0.55,45.0
2026-01-10,wk inc flu hosp,2,2026-01-24,11,quantile,0.6,46.0
2026-01-10,wk inc flu hosp,2,2026-01-24,11,quantile,0.65,47.0
2026-01-10,wk inc flu hosp,2,2026-01-24,11,quantile,0.7,49.0
2026-01-10,wk inc flu hosp,2,2026-01-24,11,quantile,0.75,50.0
2026-01-10,wk inc flu hosp,2,2026-01-24,11,quantile,0.8,52.0
2026-01-10,wk inc flu hosp,2,2026-01-24,11,quantile,0.85,54.0
2026-01-10,wk inc flu hosp,2,2026-01-24,11,quantile,0.9,57.0
2026-01-10,wk inc flu hosp,2,2026-01-24,11,quantile,0.95,61.0
2026-01-10,wk inc flu hosp,2,2026-01-24,11,quantile,0.975,64.0
2026-01-10,wk inc flu hosp,2,2026-01-24,11,quantile,0.99,67.0
2026-01-10,wk inc flu hosp,2,2026-01-24,12,quantile,0.01,252.0
2026-01-10,wk inc flu hosp,2,2026-01-24,12,quantile,0.025,360.0
2026-01-10,wk inc flu hosp,2,2026-01-24,12,quantile,0.05,461.0
2026-01-10,wk inc flu hosp,2,2026-01-24,12,quantile,0.1,613.0
2026-01-10,wk inc flu hosp,2,2026-01-24,12,quantile,0.15,731.0
2026-01-10,wk inc flu hosp,2,2026-01-24,12,quantile,0.2,844.0
2026-01-10,wk inc flu hosp,2,2026-01-24,12,quantile,0.25,946.0
2026-01-10,wk inc flu hosp,2,2026-01-24,12,quantile,0.3,1032.0
2026-01-10,wk inc flu hosp,2,2026-01-24,12,quantile,0.35,1122.0
2026-01-10,wk inc flu hosp,2,2026-01-24,12,quantile,0.4,1171.0
2026-01-10,wk inc flu hosp,2,2026-01-24,12,quantile,0.45,1208.0
2026-01-10,wk inc flu hosp,2,2026-01-24,12,quantile,0.5,1246.0
2026-01-10,wk inc flu hosp,2,2026-01-24,12,quantile,0.55,1279.0
2026-01-10,wk inc flu hosp,2,2026-01-24,12,quantile,0.6,1312.0
2026-01-10,wk inc flu hosp,2,2026-01-24,12,quantile,0.65,1353.0
2026-01-10,wk inc flu hosp,2,2026-01-24,12,quantile,0.7,1385.0
2026-01-10,wk inc flu hosp,2,2026-01-24,12,quantile,0.75,1430.0
2026-01-10,wk inc flu hosp,2,2026-01-24,12,quantile,0.8,1473.0
2026-01-10,wk inc flu hosp,2,2026-01-24,12,quantile,0.85,1519.0
2026-01-10,wk inc flu hosp,2,2026-01-24,12,quantile,0.9,1583.0
2026-01-10,wk inc flu hosp,2,2026-01-24,12,quantile,0.95,1688.0
2026-01-10,wk inc flu hosp,2,2026-01-24,12,quantile,0.975,1801.0
2026-01-10,wk inc flu hosp,2,2026-01-24,12,quantile,0.99,1879.0
2026-01-10,wk inc flu hosp,2,2026-01-24,13,quantile,0.01,115.0
2026-01-10,wk inc flu hosp,2,2026-01-24,13,quantile,0.025,180.0
2026-01-10,wk inc flu hosp,2,2026-01-24,13,quantile,0.05,259.0
2026-01-10,wk inc flu hosp,2,2026-01-24,13,quantile,0.1,375.0
2026-01-10,wk inc flu hosp,2,2026-01-24,13,quantile,0.15,459.0
2026-01-10,wk inc flu hosp,2,2026-01-24,13,quantile,0.2,519.0
2026-01-10,wk inc flu hosp,2,2026-01-24,13,quantile,0.25,546.0
2026-01-10,wk inc flu hosp,2,2026-01-24,13,quantile,0.3,572.0
2026-01-10,wk inc flu hosp,2,2026-01-24,13,quantile,0.35,599.0
2026-01-10,wk inc flu hosp,2,2026-01-24,13,quantile,0.4,627.0
2026-01-10,wk inc flu hosp,2,2026-01-24,13,quantile,0.45,648.0
2026-01-10,wk inc flu hosp,2,2026-01-24,13,quantile,0.5,673.0
2026-01-10,wk inc flu hosp,2,2026-01-24,13,quantile,0.55,696.0
2026-01-10,wk inc flu hosp,2,2026-01-24,13,quantile,0.6,720.0
2026-01-10,wk inc flu hosp,2,2026-01-24,13,quantile,0.65,746.0
2026-01-10,wk inc flu hosp,2,2026-01-24,13,quantile,0.7,773.0
2026-01-10,wk inc flu hosp,2,2026-01-24,13,quantile,0.75,798.0
2026-01-10,wk inc flu hosp,2,2026-01-24,13,quantile,0.8,823.0
2026-01-10,wk inc flu hosp,2,2026-01-24,13,quantile,0.85,856.0
2026-01-10,wk inc flu hosp,2,2026-01-24,13,quantile,0.9,903.0
2026-01-10,wk inc flu hosp,2,2026-01-24,13,quantile,0.95,968.0
2026-01-10,wk inc flu hosp,2,2026-01-24,13,quantile,0.975,1011.0
2026-01-10,wk inc flu hosp,2,2026-01-24,13,quantile,0.99,1073.0
2026-01-10,wk inc flu hosp,2,2026-01-24,15,quantile,0.01,10.0
2026-01-10,wk inc flu hosp,2,2026-01-24,15,quantile,0.025,11.0
2026-01-10,wk inc flu hosp,2,2026-01-24,15,quantile,0.05,15.0
2026-01-10,wk inc flu hosp,2,2026-01-24,15,quantile,0.1,35.0
2026-01-10,wk inc flu hosp,2,2026-01-24,15,quantile,0.15,46.0
2026-01-10,wk inc flu hosp,2,2026-01-24,15,quantile,0.2,57.0
2026-01-10,wk inc flu hosp,2,2026-01-24,15,quantile,0.25,66.0
2026-01-10,wk inc flu hosp,2,2026-01-24,15,quantile,0.3,71.0
2026-01-10,wk inc flu hosp,2,2026-01-24,15,quantile,0.35,76.0
2026-01-10,wk inc flu hosp,2,2026-01-24,15,quantile,0.4,81.0
2026-01-10,wk inc flu hosp,2,2026-01-24,15,quantile,0.45,86.0
2026-01-10,wk inc flu hosp,2,2026-01-24,15,quantile,0.5,91.0
2026-01-10,wk inc flu hosp,2,2026-01-24,15,quantile,0.55,95.0
2026-01-10,wk inc flu hosp,2,2026-01-24,15,quantile,0.6,100.0
2026-01-10,wk inc flu hosp,2,2026-01-24,15,quantile,0.65,106.0
2026-01-10,wk inc flu hosp,2,2026-01-24,15,quantile,0.7,111.0
2026-01-10,wk inc flu hosp,2,2026-01-24,15,quantile,0.75,117.0
2026-01-10,wk inc flu hosp,2,2026-01-24,15,quantile,0.8,123.0
2026-01-10,wk inc flu hosp,2,2026-01-24,15,quantile,0.85,131.0
2026-01-10,wk inc flu hosp,2,2026-01-24,15,quantile,0.9,142.0
2026-01-10,wk inc flu hosp,2,2026-01-24,15,quantile,0.95,157.0
2026-01-10,wk inc flu hosp,2,2026-01-24,15,quantile,0.975,172.0
2026-01-10,wk inc flu hosp,2,2026-01-24,15,quantile,0.99,183.0
2026-01-10,wk inc flu hosp,2,2026-01-24,16,quantile,0.01,13.0
2026-01-10,wk inc flu hosp,2,2026-01-24,16,quantile,0.025,20.0
2026-01-10,wk inc flu hosp,2,2026-01-24,16,quantile,0.05,32.0
2026-01-10,wk inc flu hosp,2,2026-01-24,16,quantile,0.1,48.0
2026-01-10,wk inc flu hosp,2,2026-01-24,16,quantile,0.15,59.0
2026-01-10,wk inc flu hosp,2,2026-01-24,16,quantile,0.2,65.0
2026-01-10,wk inc flu hosp,2,2026-01-24,16,quantile,0.25,69.0
2026-01-10,wk inc flu hosp,2,2026-01-24,16,quantile,0.3,74.0
2026-01-10,wk inc flu hosp,2,2026-01-24,16,quantile,0.35,78.0
2026-01-10,wk inc flu hosp,2,2026-01-24,16,quantile,0.4,82.0
2026-01-10,wk inc flu hosp,2,2026-01-24,16,quantile,0.45,86.0
2026-01-10,wk inc flu hosp,2,2026-01-24,16,quantile,0.5,89.0
2026-01-10,wk inc flu hosp,2,2026-01-24,16,quantile,0.55,92.0
2026-01-10,wk inc flu hosp,2,2026-01-24,16,quantile,0.6,96.0
2026-01-10,wk inc flu hosp,2,2026-01-24,16,quantile,0.65,100.0
2026-01-10,wk inc flu hosp,2,2026-01-24,16,quantile,0.7,104.0
2026-01-10,wk inc flu hosp,2,2026-01-24,16,quantile,0.75,108.0
2026-01-10,wk inc flu hosp,2,2026-01-24,16,quantile,0.8,112.0
2026-01-10,wk inc flu hosp,2,2026-01-24,16,quantile,0.85,118.0
2026-01-10,wk inc flu hosp,2,2026-01-24,16,quantile,0.9,125.0
2026-01-10,wk inc flu hosp,2,2026-01-24,16,quantile,0.95,137.0
2026-01-10,wk inc flu hosp,2,2026-01-24,16,quantile,0.975,146.0
2026-01-10,wk inc flu hosp,2,2026-01-24,16,quantile,0.99,154.0
2026-01-10,wk inc flu hosp,2,2026-01-24,17,quantile,0.01,163.0
2026-01-10,wk inc flu hosp,2,2026-01-24,17,quantile,0.025,250.0
2026-01-10,wk inc flu hosp,2,2026-01-24,17,quantile,0.05,339.0
2026-01-10,wk inc flu hosp,2,2026-01-24,17,quantile,0.1,480.0
2026-01-10,wk inc flu hosp,2,2026-01-24,17,quantile,0.15,565.0
2026-01-10,wk inc flu hosp,2,2026-01-24,17,quantile,0.2,613.0
2026-01-10,wk inc flu hosp,2,2026-01-24,17,quantile,0.25,650.0
2026-01-10,wk inc flu hosp,2,2026-01-24,17,quantile,0.3,682.0
2026-01-10,wk inc flu hosp,2,2026-01-24,17,quantile,0.35,716.0
2026-01-10,wk inc flu hosp,2,2026-01-24,17,quantile,0.4,744.0
2026-01-10,wk inc flu hosp,2,2026-01-24,17,quantile,0.45,774.0
2026-01-10,wk inc flu hosp,2,2026-01-24,17,quantile,0.5,814.0
2026-01-10,wk inc flu hosp,2,2026-01-24,17,quantile,0.55,843.0
2026-01-10,wk inc flu hosp,2,2026-01-24,17,quantile,0.6,868.0
2026-01-10,wk inc flu hosp,2,2026-01-24,17,quantile,0.65,906.0
2026-01-10,wk inc flu hosp,2,2026-01-24,17,quantile,0.7,935.0
2026-01-10,wk inc flu hosp,2,2026-01-24,17,quantile,0.75,971.0
2026-01-10,wk inc flu hosp,2,2026-01-24,17,quantile,0.8,1010.0
2026-01-10,wk inc flu hosp,2,2026-01-24,17,quantile,0.85,1056.0
2026-01-10,wk inc flu hosp,2,2026-01-24,17,quantile,0.9,1109.0
2026-01-10,wk inc flu hosp,2,2026-01-24,17,quantile,0.95,1201.0
2026-01-10,wk inc flu hosp,2,2026-01-24,17,quantile,0.975,1276.0
2026-01-10,wk inc flu hosp,2,2026-01-24,17,quantile,0.99,1342.0
2026-01-10,wk inc flu hosp,2,2026-01-24,18,quantile,0.01,82.0
2026-01-10,wk inc flu hosp,2,2026-01-24,18,quantile,0.025,126.0
2026-01-10,wk inc flu hosp,2,2026-01-24,18,quantile,0.05,185.0
2026-01-10,wk inc flu hosp,2,2026-01-24,18,quantile,0.1,261.0
2026-01-10,wk inc flu hosp,2,2026-01-24,18,quantile,0.15,300.0
2026-01-10,wk inc flu hosp,2,2026-01-24,18,quantile,0.2,332.0
2026-01-10,wk inc flu hosp,2,2026-01-24,18,quantile,0.25,358.0
2026-01-10,wk inc flu hosp,2,2026-01-24,18,quantile,0.3,380.0
2026-01-10,wk inc flu hosp,2,2026-01-24,18,quantile,0.35,400.0
2026-01-10,wk inc flu hosp,2,2026-01-24,18,quantile,0.4,422.0
2026-01-10,wk inc flu hosp,2,2026-01-24,18,quantile,0.45,442.0
2026-01-10,wk inc flu hosp,2,2026-01-24,18,quantile,0.5,462.0
2026-01-10,wk inc flu hosp,2,2026-01-24,18,quantile,0.55,480.0
2026-01-10,wk inc flu hosp,2,2026-01-24,18,quantile,0.6,500.0
2026-01-10,wk inc flu hosp,2,2026-01-24,18,quantile,0.65,521.0
2026-01-10,wk inc flu hosp,2,2026-01-24,18,quantile,0.7,538.0
2026-01-10,wk inc flu hosp,2,2026-01-24,18,quantile,0.75,558.0
2026-01-10,wk inc flu hosp,2,2026-01-24,18,quantile,0.8,578.0
2026-01-10,wk inc flu hosp,2,2026-01-24,18,quantile,0.85,604.0
2026-01-10,wk inc flu hosp,2,2026-01-24,18,quantile,0.9,640.0
2026-01-10,wk inc flu hosp,2,2026-01-24,18,quantile,0.95,690.0
2026-01-10,wk inc flu hosp,2,2026-01-24,18,quantile,0.975,729.0
2026-01-10,wk inc flu hosp,2,2026-01-24,18,quantile,0.99,797.0
2026-01-10,wk inc flu hosp,2,2026-01-24,19,quantile,0.01,91.0
2026-01-10,wk inc flu hosp,2,2026-01-24,19,quantile,0.025,117.0
2026-01-10,wk inc flu hosp,2,2026-01-24,19,quantile,0.05,138.0
2026-01-10,wk inc flu hosp,2,2026-01-24,19,quantile,0.1,161.0
2026-01-10,wk inc flu hosp,2,2026-01-24,19,quantile,0.15,180.0
2026-01-10,wk inc flu hosp,2,2026-01-24,19,quantile,0.2,199.0
2026-01-10,wk inc flu hosp,2,2026-01-24,19,quantile,0.25,215.0
2026-01-10,wk inc flu hosp,2,2026-01-24,19,quantile,0.3,230.0
2026-01-10,wk inc flu hosp,2,2026-01-24,19,quantile,0.35,243.0
2026-01-10,wk inc flu hosp,2,2026-01-24,19,quantile,0.4,255.0
2026-01-10,wk inc flu hosp,2,2026-01-24,19,quantile,0.45,269.0
2026-01-10,wk inc flu hosp,2,2026-01-24,19,quantile,0.5,282.0
2026-01-10,wk inc flu hosp,2,2026-01-24,19,quantile,0.55,297.0
2026-01-10,wk inc flu hosp,2,2026-01-24,19,quantile,0.6,306.0
2026-01-10,wk inc flu hosp,2,2026-01-24,19,quantile,0.65,313.0
2026-01-10,wk inc flu hosp,2,2026-01-24,19,quantile,0.7,322.0
2026-01-10,wk inc flu hosp,2,2026-01-24,19,quantile,0.75,329.0
2026-01-10,wk inc flu hosp,2,2026-01-24,19,quantile,0.8,337.0
2026-01-10,wk inc flu hosp,2,2026-01-24,19,quantile,0.85,345.0
2026-01-10,wk inc flu hosp,2,2026-01-24,19,quantile,0.9,359.0
2026-01-10,wk inc flu hosp,2,2026-01-24,19,quantile,0.95,384.0
2026-01-10,wk inc flu hosp,2,2026-01-24,19,quantile,0.975,397.0
2026-01-10,wk inc flu hosp,2,2026-01-24,19,quantile,0.99,411.0
2026-01-10,wk inc flu hosp,2,2026-01-24,20,quantile,0.01,55.0
2026-01-10,wk inc flu hosp,2,2026-01-24,20,quantile,0.025,79.0
2026-01-10,wk inc flu hosp,2,2026-01-24,20,quantile,0.05,99.0
2026-01-10,wk inc flu hosp,2,2026-01-24,20,quantile,0.1,112.0
2026-01-10,wk inc flu hosp,2,2026-01-24,20,quantile,0.15,122.0
2026-01-10,wk inc flu hosp,2,2026-01-24,20,quantile,0.2,131.0
2026-01-10,wk inc flu hosp,2,2026-01-24,20,quantile,0.25,138.0
2026-01-10,wk inc flu hosp,2,2026-01-24,20,quantile,0.3,145.0
2026-01-10,wk inc flu hosp,2,2026-01-24,20,quantile,0.35,152.0
2026-01-10,wk inc flu hosp,2,2026-01-24,20,quantile,0.4,159.0
2026-01-10,wk inc flu hosp,2,2026-01-24,20,quantile,0.45,165.0
2026-01-10,wk inc flu hosp,2,2026-01-24,20,quantile,0.5,172.0
2026-01-10,wk inc flu hosp,2,2026-01-24,20,quantile,0.55,178.0
2026-01-10,wk inc flu hosp,2,2026-01-24,20,quantile,0.6,183.0
2026-01-10,wk inc flu hosp,2,2026-01-24,20,quantile,0.65,190.0
2026-01-10,wk inc flu hosp,2,2026-01-24,20,quantile,0.7,196.0
2026-01-10,wk inc flu hosp,2,2026-01-24,20,quantile,0.75,203.0
2026-01-10,wk inc flu hosp,2,2026-01-24,20,quantile,0.8,210.0
2026-01-10,wk inc flu hosp,2,2026-01-24,20,quantile,0.85,219.0
2026-01-10,wk inc flu hosp,2,2026-01-24,20,quantile,0.9,231.0
2026-01-10,wk inc flu hosp,2,2026-01-24,20,quantile,0.95,246.0
2026-01-10,wk inc flu hosp,2,2026-01-24,20,quantile,0.975,261.0
2026-01-10,wk inc flu hosp,2,2026-01-24,20,quantile,0.99,283.0
2026-01-10,wk inc flu hosp,2,2026-01-24,21,quantile,0.01,65.0
2026-01-10,wk inc flu hosp,2,2026-01-24,21,quantile,0.025,76.0
2026-01-10,wk inc flu hosp,2,2026-01-24,21,quantile,0.05,87.0
2026-01-10,wk inc flu hosp,2,2026-01-24,21,quantile,0.1,144.0
2026-01-10,wk inc flu hosp,2,2026-01-24,21,quantile,0.15,186.0
2026-01-10,wk inc flu hosp,2,2026-01-24,21,quantile,0.2,208.0
2026-01-10,wk inc flu hosp,2,2026-01-24,21,quantile,0.25,226.0
2026-01-10,wk inc flu hosp,2,2026-01-24,21,quantile,0.3,243.0
2026-01-10,wk inc flu hosp,2,2026-01-24,21,quantile,0.35,260.0
2026-01-10,wk inc flu hosp,2,2026-01-24,21,quantile,0.4,275.0
2026-01-10,wk inc flu hosp,2,2026-01-24,21,quantile,0.45,288.0
2026-01-10,wk inc flu hosp,2,2026-01-24,21,quantile,0.5,303.0
2026-01-10,wk inc flu hosp,2,2026-01-24,21,quantile,0.55,319.0
2026-01-10,wk inc flu hosp,2,2026-01-24,21,quantile,0.6,334.0
2026-01-10,wk inc flu hosp,2,2026-01-24,21,quantile,0.65,348.0
2026-01-10,wk inc flu hosp,2,2026-01-24,21,quantile,0.7,367.0
2026-01-10,wk inc flu hosp,2,2026-01-24,21,quantile,0.75,381.0
2026-01-10,wk inc flu hosp,2,2026-01-24,21,quantile,0.8,401.0
2026-01-10,wk inc flu hosp,2,2026-01-24,21,quantile,0.85,427.0
2026-01-10,wk inc flu hosp,2,2026-01-24,21,quantile,0.9,456.0
2026-01-10,wk inc flu hosp,2,2026-01-24,21,quantile,0.95,504.0
2026-01-10,wk inc flu hosp,2,2026-01-24,21,quantile,0.975,538.0
2026-01-10,wk inc flu hosp,2,2026-01-24,21,quantile,0.99,577.0
2026-01-10,wk inc flu hosp,2,2026-01-24,22,quantile,0.01,35.0
2026-01-10,wk inc flu hosp,2,2026-01-24,22,quantile,0.025,69.0
2026-01-10,wk inc flu hosp,2,2026-01-24,22,quantile,0.05,95.0
2026-01-10,wk inc flu hosp,2,2026-01-24,22,quantile,0.1,132.0
2026-01-10,wk inc flu hosp,2,2026-01-24,22,quantile,0.15,158.0
2026-01-10,wk inc flu hosp,2,2026-01-24,22,quantile,0.2,182.0
2026-01-10,wk inc flu hosp,2,2026-01-24,22,quantile,0.25,210.0
2026-01-10,wk inc flu hosp,2,2026-01-24,22,quantile,0.3,242.0
2026-01-10,wk inc flu hosp,2,2026-01-24,22,quantile,0.35,260.0
2026-01-10,wk inc flu hosp,2,2026-01-24,22,quantile,0.4,269.0
2026-01-10,wk inc flu hosp,2,2026-01-24,22,quantile,0.45,280.0
2026-01-10,wk inc flu hosp,2,2026-01-24,22,quantile,0.5,291.0
2026-01-10,wk inc flu hosp,2,2026-01-24,22,quantile,0.55,300.0
2026-01-10,wk inc flu hosp,2,2026-01-24,22,quantile,0.6,310.0
2026-01-10,wk inc flu hosp,2,2026-01-24,22,quantile,0.65,321.0
2026-01-10,wk inc flu hosp,2,2026-01-24,22,quantile,0.7,332.0
2026-01-10,wk inc flu hosp,2,2026-01-24,22,quantile,0.75,342.0
2026-01-10,wk inc flu hosp,2,2026-01-24,22,quantile,0.8,355.0
2026-01-10,wk inc flu hosp,2,2026-01-24,22,quantile,0.85,368.0
2026-01-10,wk inc flu hosp,2,2026-01-24,22,quantile,0.9,384.0
2026-01-10,wk inc flu hosp,2,2026-01-24,22,quantile,0.95,409.0
2026-01-10,wk inc flu hosp,2,2026-01-24,22,quantile,0.975,433.0
2026-01-10,wk inc flu hosp,2,2026-01-24,22,quantile,0.99,460.0
2026-01-10,wk inc flu hosp,2,2026-01-24,23,quantile,0.01,43.0
2026-01-10,wk inc flu hosp,2,2026-01-24,23,quantile,0.025,53.0
2026-01-10,wk inc flu hosp,2,2026-01-24,23,quantile,0.05,59.0
2026-01-10,wk inc flu hosp,2,2026-01-24,23,quantile,0.1,69.0
2026-01-10,wk inc flu hosp,2,2026-01-24,23,quantile,0.15,77.0
2026-01-10,wk inc flu hosp,2,2026-01-24,23,quantile,0.2,86.0
2026-01-10,wk inc flu hosp,2,2026-01-24,23,quantile,0.25,93.0
2026-01-10,wk inc flu hosp,2,2026-01-24,23,quantile,0.3,96.0
2026-01-10,wk inc flu hosp,2,2026-01-24,23,quantile,0.35,99.0
2026-01-10,wk inc flu hosp,2,2026-01-24,23,quantile,0.4,102.0
2026-01-10,wk inc flu hosp,2,2026-01-24,23,quantile,0.45,104.0
2026-01-10,wk inc flu hosp,2,2026-01-24,23,quantile,0.5,107.0
2026-01-10,wk inc flu hosp,2,2026-01-24,23,quantile,0.55,110.0
2026-01-10,wk inc flu hosp,2,2026-01-24,23,quantile,0.6,112.0
2026-01-10,wk inc flu hosp,2,2026-01-24,23,quantile,0.65,115.0
2026-01-10,wk inc flu hosp,2,2026-01-24,23,quantile,0.7,118.0
2026-01-10,wk inc flu hosp,2,2026-01-24,23,quantile,0.75,121.0
2026-01-10,wk inc flu hosp,2,2026-01-24,23,quantile,0.8,124.0
2026-01-10,wk inc flu hosp,2,2026-01-24,23,quantile,0.85,128.0
2026-01-10,wk inc flu hosp,2,2026-01-24,23,quantile,0.9,132.0
2026-01-10,wk inc flu hosp,2,2026-01-24,23,quantile,0.95,140.0
2026-01-10,wk inc flu hosp,2,2026-01-24,23,quantile,0.975,145.0
2026-01-10,wk inc flu hosp,2,2026-01-24,23,quantile,0.99,152.0
2026-01-10,wk inc flu hosp,2,2026-01-24,24,quantile,0.01,127.0
2026-01-10,wk inc flu hosp,2,2026-01-24,24,quantile,0.025,180.0
2026-01-10,wk inc flu hosp,2,2026-01-24,24,quantile,0.05,227.0
2026-01-10,wk inc flu hosp,2,2026-01-24,24,quantile,0.1,303.0
2026-01-10,wk inc flu hosp,2,2026-01-24,24,quantile,0.15,361.0
2026-01-10,wk inc flu hosp,2,2026-01-24,24,quantile,0.2,411.0
2026-01-10,wk inc flu hosp,2,2026-01-24,24,quantile,0.25,453.0
2026-01-10,wk inc flu hosp,2,2026-01-24,24,quantile,0.3,479.0
2026-01-10,wk inc flu hosp,2,2026-01-24,24,quantile,0.35,500.0
2026-01-10,wk inc flu hosp,2,2026-01-24,24,quantile,0.4,522.0
2026-01-10,wk inc flu hosp,2,2026-01-24,24,quantile,0.45,540.0
2026-01-10,wk inc flu hosp,2,2026-01-24,24,quantile,0.5,559.0
2026-01-10,wk inc flu hosp,2,2026-01-24,24,quantile,0.55,572.0
2026-01-10,wk inc flu hosp,2,2026-01-24,24,quantile,0.6,592.0
2026-01-10,wk inc flu hosp,2,2026-01-24,24,quantile,0.65,609.0
2026-01-10,wk inc flu hosp,2,2026-01-24,24,quantile,0.7,625.0
2026-01-10,wk inc flu hosp,2,2026-01-24,24,quantile,0.75,647.0
2026-01-10,wk inc flu hosp,2,2026-01-24,24,quantile,0.8,665.0
2026-01-10,wk inc flu hosp,2,2026-01-24,24,quantile,0.85,686.0
2026-01-10,wk inc flu hosp,2,2026-01-24,24,quantile,0.9,717.0
2026-01-10,wk inc flu hosp,2,2026-01-24,24,quantile,0.95,767.0
2026-01-10,wk inc flu hosp,2,2026-01-24,24,quantile,0.975,812.0
2026-01-10,wk inc flu hosp,2,2026-01-24,24,quantile,0.99,845.0
2026-01-10,wk inc flu hosp,2,2026-01-24,25,quantile,0.01,225.0
2026-01-10,wk inc flu hosp,2,2026-01-24,25,quantile,0.025,290.0
2026-01-10,wk inc flu hosp,2,2026-01-24,25,quantile,0.05,341.0
2026-01-10,wk inc flu hosp,2,2026-01-24,25,quantile,0.1,409.0
2026-01-10,wk inc flu hosp,2,2026-01-24,25,quantile,0.15,465.0
2026-01-10,wk inc flu hosp,2,2026-01-24,25,quantile,0.2,512.0
2026-01-10,wk inc flu hosp,2,2026-01-24,25,quantile,0.25,554.0
2026-01-10,wk inc flu hosp,2,2026-01-24,25,quantile,0.3,591.0
2026-01-10,wk inc flu hosp,2,2026-01-24,25,quantile,0.35,609.0
2026-01-10,wk inc flu hosp,2,2026-01-24,25,quantile,0.4,623.0
2026-01-10,wk inc flu hosp,2,2026-01-24,25,quantile,0.45,636.0
2026-01-10,wk inc flu hosp,2,2026-01-24,25,quantile,0.5,647.0
2026-01-10,wk inc flu hosp,2,2026-01-24,25,quantile,0.55,660.0
2026-01-10,wk inc flu hosp,2,2026-01-24,25,quantile,0.6,673.0
2026-01-10,wk inc flu hosp,2,2026-01-24,25,quantile,0.65,685.0
2026-01-10,wk inc flu hosp,2,2026-01-24,25,quantile,0.7,701.0
2026-01-10,wk inc flu hosp,2,2026-01-24,25,quantile,0.75,714.0
2026-01-10,wk inc flu hosp,2,2026-01-24,25,quantile,0.8,729.0
2026-01-10,wk inc flu hosp,2,2026-01-24,25,quantile,0.85,747.0
2026-01-10,wk inc flu hosp,2,2026-01-24,25,quantile,0.9,769.0
2026-01-10,wk inc flu hosp,2,2026-01-24,25,quantile,0.95,814.0
2026-01-10,wk inc flu hosp,2,2026-01-24,25,quantile,0.975,840.0
2026-01-10,wk inc flu hosp,2,2026-01-24,25,quantile,0.99,878.0
2026-01-10,wk inc flu hosp,2,2026-01-24,26,quantile,0.01,177.0
2026-01-10,wk inc flu hosp,2,2026-01-24,26,quantile,0.025,274.0
2026-01-10,wk inc flu hosp,2,2026-01-24,26,quantile,0.05,348.0
2026-01-10,wk inc flu hosp,2,2026-01-24,26,quantile,0.1,446.0
2026-01-10,wk inc flu hosp,2,2026-01-24,26,quantile,0.15,522.0
2026-01-10,wk inc flu hosp,2,2026-01-24,26,quantile,0.2,585.0
2026-01-10,wk inc flu hosp,2,2026-01-24,26,quantile,0.25,609.0
2026-01-10,wk inc flu hosp,2,2026-01-24,26,quantile,0.3,634.0
2026-01-10,wk inc flu hosp,2,2026-01-24,26,quantile,0.35,658.0
2026-01-10,wk inc flu hosp,2,2026-01-24,26,quantile,0.4,675.0
2026-01-10,wk inc flu hosp,2,2026-01-24,26,quantile,0.45,694.0
2026-01-10,wk inc flu hosp,2,2026-01-24,26,quantile,0.5,714.0
2026-01-10,wk inc flu hosp,2,2026-01-24,26,quantile,0.55,730.0
2026-01-10,wk inc flu hosp,2,2026-01-24,26,quantile,0.6,747.0
2026-01-10,wk inc flu hosp,2,2026-01-24,26,quantile,0.65,769.0
2026-01-10,wk inc flu hosp,2,2026-01-24,26,quantile,0.7,789.0
2026-01-10,wk inc flu hosp,2,2026-01-24,26,quantile,0.75,811.0
2026-01-10,wk inc flu hosp,2,2026-01-24,26,quantile,0.8,839.0
2026-01-10,wk inc flu hosp,2,2026-01-24,26,quantile,0.85,865.0
2026-01-10,wk inc flu hosp,2,2026-01-24,26,quantile,0.9,896.0
2026-01-10,wk inc flu hosp,2,2026-01-24,26,quantile,0.95,965.0
2026-01-10,wk inc flu hosp,2,2026-01-24,26,quantile,0.975,997.0
2026-01-10,wk inc flu hosp,2,2026-01-24,26,quantile,0.99,1035.0
2026-01-10,wk inc flu hosp,2,2026-01-24,27,quantile,0.01,140.0
2026-01-10,wk inc flu hosp,2,2026-01-24,27,quantile,0.025,207.0
2026-01-10,wk inc flu hosp,2,2026-01-24,27,quantile,0.05,267.0
2026-01-10,wk inc flu hosp,2,2026-01-24,27,quantile,0.1,342.0
2026-01-10,wk inc flu hosp,2,2026-01-24,27,quantile,0.15,396.0
2026-01-10,wk inc flu hosp,2,2026-01-24,27,quantile,0.2,456.0
2026-01-10,wk inc flu hosp,2,2026-01-24,27,quantile,0.25,494.0
2026-01-10,wk inc flu hosp,2,2026-01-24,27,quantile,0.3,519.0
2026-01-10,wk inc flu hosp,2,2026-01-24,27,quantile,0.35,543.0
2026-01-10,wk inc flu hosp,2,2026-01-24,27,quantile,0.4,559.0
2026-01-10,wk inc flu hosp,2,2026-01-24,27,quantile,0.45,578.0
2026-01-10,wk inc flu hosp,2,2026-01-24,27,quantile,0.5,596.0
2026-01-10,wk inc flu hosp,2,2026-01-24,27,quantile,0.55,617.0
2026-01-10,wk inc flu hosp,2,2026-01-24,27,quantile,0.6,633.0
2026-01-10,wk inc flu hosp,2,2026-01-24,27,quantile,0.65,651.0
2026-01-10,wk inc flu hosp,2,2026-01-24,27,quantile,0.7,668.0
2026-01-10,wk inc flu hosp,2,2026-01-24,27,quantile,0.75,689.0
2026-01-10,wk inc flu hosp,2,2026-01-24,27,quantile,0.8,710.0
2026-01-10,wk inc flu hosp,2,2026-01-24,27,quantile,0.85,733.0
2026-01-10,wk inc flu hosp,2,2026-01-24,27,quantile,0.9,767.0
2026-01-10,wk inc flu hosp,2,2026-01-24,27,quantile,0.95,825.0
2026-01-10,wk inc flu hosp,2,2026-01-24,27,quantile,0.975,861.0
2026-01-10,wk inc flu hosp,2,2026-01-24,27,quantile,0.99,893.0
2026-01-10,wk inc flu hosp,2,2026-01-24,28,quantile,0.01,12.0
2026-01-10,wk inc flu hosp,2,2026-01-24,28,quantile,0.025,17.0
2026-01-10,wk inc flu hosp,2,2026-01-24,28,quantile,0.05,24.0
2026-01-10,wk inc flu hosp,2,2026-01-24,28,quantile,0.1,31.0
2026-01-10,wk inc flu hosp,2,2026-01-24,28,quantile,0.15,35.0
2026-01-10,wk inc flu hosp,2,2026-01-24,28,quantile,0.2,39.0
2026-01-10,wk inc flu hosp,2,2026-01-24,28,quantile,0.25,45.0
2026-01-10,wk inc flu hosp,2,2026-01-24,28,quantile,0.3,52.0
2026-01-10,wk inc flu hosp,2,2026-01-24,28,quantile,0.35,60.0
2026-01-10,wk inc flu hosp,2,2026-01-24,28,quantile,0.4,67.0
2026-01-10,wk inc flu hosp,2,2026-01-24,28,quantile,0.45,74.0
2026-01-10,wk inc flu hosp,2,2026-01-24,28,quantile,0.5,81.0
2026-01-10,wk inc flu hosp,2,2026-01-24,28,quantile,0.55,88.0
2026-01-10,wk inc flu hosp,2,2026-01-24,28,quantile,0.6,96.0
2026-01-10,wk inc flu hosp,2,2026-01-24,28,quantile,0.65,103.0
2026-01-10,wk inc flu hosp,2,2026-01-24,28,quantile,0.7,111.0
2026-01-10,wk inc flu hosp,2,2026-01-24,28,quantile,0.75,123.0
2026-01-10,wk inc flu hosp,2,2026-01-24,28,quantile,0.8,137.0
2026-01-10,wk inc flu hosp,2,2026-01-24,28,quantile,0.85,152.0
2026-01-10,wk inc flu hosp,2,2026-01-24,28,quantile,0.9,167.0
2026-01-10,wk inc flu hosp,2,2026-01-24,28,quantile,0.95,193.0
2026-01-10,wk inc flu hosp,2,2026-01-24,28,quantile,0.975,213.0
2026-01-10,wk inc flu hosp,2,2026-01-24,28,quantile,0.99,238.0
2026-01-10,wk inc flu hosp,2,2026-01-24,30,quantile,0.01,10.0
2026-01-10,wk inc flu hosp,2,2026-01-24,30,quantile,0.025,13.0
2026-01-10,wk inc flu hosp,2,2026-01-24,30,quantile,0.05,16.0
2026-01-10,wk inc flu hosp,2,2026-01-24,30,quantile,0.1,26.0
2026-01-10,wk inc flu hosp,2,2026-01-24,30,quantile,0.15,31.0
2026-01-10,wk inc flu hosp,2,2026-01-24,30,quantile,0.2,35.0
2026-01-10,wk inc flu hosp,2,2026-01-24,30,quantile,0.25,38.0
2026-01-10,wk inc flu hosp,2,2026-01-24,30,quantile,0.3,41.0
2026-01-10,wk inc flu hosp,2,2026-01-24,30,quantile,0.35,44.0
2026-01-10,wk inc flu hosp,2,2026-01-24,30,quantile,0.4,46.0
2026-01-10,wk inc flu hosp,2,2026-01-24,30,quantile,0.45,49.0
2026-01-10,wk inc flu hosp,2,2026-01-24,30,quantile,0.5,51.0
2026-01-10,wk inc flu hosp,2,2026-01-24,30,quantile,0.55,55.0
2026-01-10,wk inc flu hosp,2,2026-01-24,30,quantile,0.6,57.0
2026-01-10,wk inc flu hosp,2,2026-01-24,30,quantile,0.65,60.0
2026-01-10,wk inc flu hosp,2,2026-01-24,30,quantile,0.7,63.0
2026-01-10,wk inc flu hosp,2,2026-01-24,30,quantile,0.75,66.0
2026-01-10,wk inc flu hosp,2,2026-01-24,30,quantile,0.8,69.0
2026-01-10,wk inc flu hosp,2,2026-01-24,30,quantile,0.85,73.0
2026-01-10,wk inc flu hosp,2,2026-01-24,30,quantile,0.9,78.0
2026-01-10,wk inc flu hosp,2,2026-01-24,30,quantile,0.95,85.0
2026-01-10,wk inc flu hosp,2,2026-01-24,30,quantile,0.975,91.0
2026-01-10,wk inc flu hosp,2,2026-01-24,30,quantile,0.99,97.0
2026-01-10,wk inc flu hosp,2,2026-01-24,31,quantile,0.01,26.0
2026-01-10,wk inc flu hosp,2,2026-01-24,31,quantile,0.025,35.0
2026-01-10,wk inc flu hosp,2,2026-01-24,31,quantile,0.05,42.0
2026-01-10,wk inc flu hosp,2,2026-01-24,31,quantile,0.1,50.0
2026-01-10,wk inc flu hosp,2,2026-01-24,31,quantile,0.15,55.0
2026-01-10,wk inc flu hosp,2,2026-01-24,31,quantile,0.2,59.0
2026-01-10,wk inc flu hosp,2,2026-01-24,31,quantile,0.25,63.0
2026-01-10,wk inc flu hosp,2,2026-01-24,31,quantile,0.3,66.0
2026-01-10,wk inc flu hosp,2,2026-01-24,31,quantile,0.35,70.0
2026-01-10,wk inc flu hosp,2,2026-01-24,31,quantile,0.4,73.0
2026-01-10,wk inc flu hosp,2,2026-01-24,31,quantile,0.45,76.0
2026-01-10,wk inc flu hosp,2,2026-01-24,31,quantile,0.5,78.0
2026-01-10,wk inc flu hosp,2,2026-01-24,31,quantile,0.55,81.0
2026-01-10,wk inc flu hosp,2,2026-01-24,31,quantile,0.6,83.0
2026-01-10,wk inc flu hosp,2,2026-01-24,31,quantile,0.65,86.0
2026-01-10,wk inc flu hosp,2,2026-01-24,31,quantile,0.7,89.0
2026-01-10,wk inc flu hosp,2,2026-01-24,31,quantile,0.75,93.0
2026-01-10,wk inc flu hosp,2,2026-01-24,31,quantile,0.8,96.0
2026-01-10,wk inc flu hosp,2,2026-01-24,31,quantile,0.85,100.0
2026-01-10,wk inc flu hosp,2,2026-01-24,31,quantile,0.9,105.0
2026-01-10,wk inc flu hosp,2,2026-01-24,31,quantile,0.95,113.0
2026-01-10,wk inc flu hosp,2,2026-01-24,31,quantile,0.975,119.0
2026-01-10,wk inc flu hosp,2,2026-01-24,31,quantile,0.99,123.0
2026-01-10,wk inc flu hosp,2,2026-01-24,32,quantile,0.01,33.0
2026-01-10,wk inc flu hosp,2,2026-01-24,32,quantile,0.025,42.0
2026-01-10,wk inc flu hosp,2,2026-01-24,32,quantile,0.05,52.0
2026-01-10,wk inc flu hosp,2,2026-01-24,32,quantile,0.1,63.0
2026-01-10,wk inc flu hosp,2,2026-01-24,32,quantile,0.15,69.0
2026-01-10,wk inc flu hosp,2,2026-01-24,32,quantile,0.2,74.0
2026-01-10,wk inc flu hosp,2,2026-01-24,32,quantile,0.25,79.0
2026-01-10,wk inc flu hosp,2,2026-01-24,32,quantile,0.3,84.0
2026-01-10,wk inc flu hosp,2,2026-01-24,32,quantile,0.35,88.0
2026-01-10,wk inc flu hosp,2,2026-01-24,32,quantile,0.4,93.0
2026-01-10,wk inc flu hosp,2,2026-01-24,32,quantile,0.45,97.0
2026-01-10,wk inc flu hosp,2,2026-01-24,32,quantile,0.5,101.0
2026-01-10,wk inc flu hosp,2,2026-01-24,32,quantile,0.55,105.0
2026-01-10,wk inc flu hosp,2,2026-01-24,32,quantile,0.6,109.0
2026-01-10,wk inc flu hosp,2,2026-01-24,32,quantile,0.65,114.0
2026-01-10,wk inc flu hosp,2,2026-01-24,32,quantile,0.7,118.0
2026-01-10,wk inc flu hosp,2,2026-01-24,32,quantile,0.75,122.0
2026-01-10,wk inc flu hosp,2,2026-01-24,32,quantile,0.8,126.0
2026-01-10,wk inc flu hosp,2,2026-01-24,32,quantile,0.85,132.0
2026-01-10,wk inc flu hosp,2,2026-01-24,32,quantile,0.9,141.0
2026-01-10,wk inc flu hosp,2,2026-01-24,32,quantile,0.95,151.0
2026-01-10,wk inc flu hosp,2,2026-01-24,32,quantile,0.975,162.0
2026-01-10,wk inc flu hosp,2,2026-01-24,32,quantile,0.99,172.0
2026-01-10,wk inc flu hosp,2,2026-01-24,33,quantile,0.01,56.0
2026-01-10,wk inc flu hosp,2,2026-01-24,33,quantile,0.025,66.0
2026-01-10,wk inc flu hosp,2,2026-01-24,33,quantile,0.05,76.0
2026-01-10,wk inc flu hosp,2,2026-01-24,33,quantile,0.1,90.0
2026-01-10,wk inc flu hosp,2,2026-01-24,33,quantile,0.15,101.0
2026-01-10,wk inc flu hosp,2,2026-01-24,33,quantile,0.2,106.0
2026-01-10,wk inc flu hosp,2,2026-01-24,33,quantile,0.25,109.0
2026-01-10,wk inc flu hosp,2,2026-01-24,33,quantile,0.3,112.0
2026-01-10,wk inc flu hosp,2,2026-01-24,33,quantile,0.35,115.0
2026-01-10,wk inc flu hosp,2,2026-01-24,33,quantile,0.4,118.0
2026-01-10,wk inc flu hosp,2,2026-01-24,33,quantile,0.45,120.0
2026-01-10,wk inc flu hosp,2,2026-01-24,33,quantile,0.5,122.0
2026-01-10,wk inc flu hosp,2,2026-01-24,33,quantile,0.55,125.0
2026-01-10,wk inc flu hosp,2,2026-01-24,33,quantile,0.6,127.0
2026-01-10,wk inc flu hosp,2,2026-01-24,33,quantile,0.65,130.0
2026-01-10,wk inc flu hosp,2,2026-01-24,33,quantile,0.7,133.0
2026-01-10,wk inc flu hosp,2,2026-01-24,33,quantile,0.75,137.0
2026-01-10,wk inc flu hosp,2,2026-01-24,33,quantile,0.8,140.0
2026-01-10,wk inc flu hosp,2,2026-01-24,33,quantile,0.85,144.0
2026-01-10,wk inc flu hosp,2,2026-01-24,33,quantile,0.9,148.0
2026-01-10,wk inc flu hosp,2,2026-01-24,33,quantile,0.95,155.0
2026-01-10,wk inc flu hosp,2,2026-01-24,33,quantile,0.975,161.0
2026-01-10,wk inc flu hosp,2,2026-01-24,33,quantile,0.99,167.0
2026-01-10,wk inc flu hosp,2,2026-01-24,34,quantile,0.01,262.0
2026-01-10,wk inc flu hosp,2,2026-01-24,34,quantile,0.025,330.0
2026-01-10,wk inc flu hosp,2,2026-01-24,34,quantile,0.05,394.0
2026-01-10,wk inc flu hosp,2,2026-01-24,34,quantile,0.1,489.0
2026-01-10,wk inc flu hosp,2,2026-01-24,34,quantile,0.15,561.0
2026-01-10,wk inc flu hosp,2,2026-01-24,34,quantile,0.2,630.0
2026-01-10,wk inc flu hosp,2,2026-01-24,34,quantile,0.25,688.0
2026-01-10,wk inc flu hosp,2,2026-01-24,34,quantile,0.3,747.0
2026-01-10,wk inc flu hosp,2,2026-01-24,34,quantile,0.35,779.0
2026-01-10,wk inc flu hosp,2,2026-01-24,34,quantile,0.4,798.0
2026-01-10,wk inc flu hosp,2,2026-01-24,34,quantile,0.45,814.0
2026-01-10,wk inc flu hosp,2,2026-01-24,34,quantile,0.5,833.0
2026-01-10,wk inc flu hosp,2,2026-01-24,34,quantile,0.55,852.0
2026-01-10,wk inc flu hosp,2,2026-01-24,34,quantile,0.6,869.0
2026-01-10,wk inc flu hosp,2,2026-01-24,34,quantile,0.65,893.0
2026-01-10,wk inc flu hosp,2,2026-01-24,34,quantile,0.7,911.0
2026-01-10,wk inc flu hosp,2,2026-01-24,34,quantile,0.75,932.0
2026-01-10,wk inc flu hosp,2,2026-01-24,34,quantile,0.8,952.0
2026-01-10,wk inc flu hosp,2,2026-01-24,34,quantile,0.85,979.0
2026-01-10,wk inc flu hosp,2,2026-01-24,34,quantile,0.9,1013.0
2026-01-10,wk inc flu hosp,2,2026-01-24,34,quantile,0.95,1065.0
2026-01-10,wk inc flu hosp,2,2026-01-24,34,quantile,0.975,1105.0
2026-01-10,wk inc flu hosp,2,2026-01-24,34,quantile,0.99,1154.0
2026-01-10,wk inc flu hosp,2,2026-01-24,35,quantile,0.01,41.0
2026-01-10,wk inc flu hosp,2,2026-01-24,35,quantile,0.025,56.0
2026-01-10,wk inc flu hosp,2,2026-01-24,35,quantile,0.05,68.0
2026-01-10,wk inc flu hosp,2,2026-01-24,35,quantile,0.1,93.0
2026-01-10,wk inc flu hosp,2,2026-01-24,35,quantile,0.15,101.0
2026-01-10,wk inc flu hosp,2,2026-01-24,35,quantile,0.2,108.0
2026-01-10,wk inc flu hosp,2,2026-01-24,35,quantile,0.25,114.0
2026-01-10,wk inc flu hosp,2,2026-01-24,35,quantile,0.3,120.0
2026-01-10,wk inc flu hosp,2,2026-01-24,35,quantile,0.35,125.0
2026-01-10,wk inc flu hosp,2,2026-01-24,35,quantile,0.4,130.0
2026-01-10,wk inc flu hosp,2,2026-01-24,35,quantile,0.45,134.0
2026-01-10,wk inc flu hosp,2,2026-01-24,35,quantile,0.5,138.0
2026-01-10,wk inc flu hosp,2,2026-01-24,35,quantile,0.55,143.0
2026-01-10,wk inc flu hosp,2,2026-01-24,35,quantile,0.6,148.0
2026-01-10,wk inc flu hosp,2,2026-01-24,35,quantile,0.65,153.0
2026-01-10,wk inc flu hosp,2,2026-01-24,35,quantile,0.7,158.0
2026-01-10,wk inc flu hosp,2,2026-01-24,35,quantile,0.75,163.0
2026-01-10,wk inc flu hosp,2,2026-01-24,35,quantile,0.8,168.0
2026-01-10,wk inc flu hosp,2,2026-01-24,35,quantile,0.85,174.0
2026-01-10,wk inc flu hosp,2,2026-01-24,35,quantile,0.9,187.0
2026-01-10,wk inc flu hosp,2,2026-01-24,35,quantile,0.95,199.0
2026-01-10,wk inc flu hosp,2,2026-01-24,35,quantile,0.975,208.0
2026-01-10,wk inc flu hosp,2,2026-01-24,35,quantile,0.99,217.0
2026-01-10,wk inc flu hosp,2,2026-01-24,36,quantile,0.01,348.0
2026-01-10,wk inc flu hosp,2,2026-01-24,36,quantile,0.025,409.0
2026-01-10,wk inc flu hosp,2,2026-01-24,36,quantile,0.05,481.0
2026-01-10,wk inc flu hosp,2,2026-01-24,36,quantile,0.1,598.0
2026-01-10,wk inc flu hosp,2,2026-01-24,36,quantile,0.15,696.0
2026-01-10,wk inc flu hosp,2,2026-01-24,36,quantile,0.2,790.0
2026-01-10,wk inc flu hosp,2,2026-01-24,36,quantile,0.25,858.0
2026-01-10,wk inc flu hosp,2,2026-01-24,36,quantile,0.3,889.0
2026-01-10,wk inc flu hosp,2,2026-01-24,36,quantile,0.35,919.0
2026-01-10,wk inc flu hosp,2,2026-01-24,36,quantile,0.4,951.0
2026-01-10,wk inc flu hosp,2,2026-01-24,36,quantile,0.45,980.0
2026-01-10,wk inc flu hosp,2,2026-01-24,36,quantile,0.5,1007.0
2026-01-10,wk inc flu hosp,2,2026-01-24,36,quantile,0.55,1036.0
2026-01-10,wk inc flu hosp,2,2026-01-24,36,quantile,0.6,1064.0
2026-01-10,wk inc flu hosp,2,2026-01-24,36,quantile,0.65,1091.0
2026-01-10,wk inc flu hosp,2,2026-01-24,36,quantile,0.7,1127.0
2026-01-10,wk inc flu hosp,2,2026-01-24,36,quantile,0.75,1160.0
2026-01-10,wk inc flu hosp,2,2026-01-24,36,quantile,0.8,1196.0
2026-01-10,wk inc flu hosp,2,2026-01-24,36,quantile,0.85,1233.0
2026-01-10,wk inc flu hosp,2,2026-01-24,36,quantile,0.9,1278.0
2026-01-10,wk inc flu hosp,2,2026-01-24,36,quantile,0.95,1374.0
2026-01-10,wk inc flu hosp,2,2026-01-24,36,quantile,0.975,1450.0
2026-01-10,wk inc flu hosp,2,2026-01-24,36,quantile,0.99,1502.0
2026-01-10,wk inc flu hosp,2,2026-01-24,37,quantile,0.01,398.0
2026-01-10,wk inc flu hosp,2,2026-01-24,37,quantile,0.025,499.0
2026-01-10,wk inc flu hosp,2,2026-01-24,37,quantile,0.05,606.0
2026-01-10,wk inc flu hosp,2,2026-01-24,37,quantile,0.1,776.0
2026-01-10,wk inc flu hosp,2,2026-01-24,37,quantile,0.15,895.0
2026-01-10,wk inc flu hosp,2,2026-01-24,37,quantile,0.2,1000.0
2026-01-10,wk inc flu hosp,2,2026-01-24,37,quantile,0.25,1110.0
2026-01-10,wk inc flu hosp,2,2026-01-24,37,quantile,0.3,1185.0
2026-01-10,wk inc flu hosp,2,2026-01-24,37,quantile,0.35,1223.0
2026-01-10,wk inc flu hosp,2,2026-01-24,37,quantile,0.4,1259.0
2026-01-10,wk inc flu hosp,2,2026-01-24,37,quantile,0.45,1302.0
2026-01-10,wk inc flu hosp,2,2026-01-24,37,quantile,0.5,1340.0
2026-01-10,wk inc flu hosp,2,2026-01-24,37,quantile,0.55,1372.0
2026-01-10,wk inc flu hosp,2,2026-01-24,37,quantile,0.6,1411.0
2026-01-10,wk inc flu hosp,2,2026-01-24,37,quantile,0.65,1449.0
2026-01-10,wk inc flu hosp,2,2026-01-24,37,quantile,0.7,1484.0
2026-01-10,wk inc flu hosp,2,2026-01-24,37,quantile,0.75,1529.0
2026-01-10,wk inc flu hosp,2,2026-01-24,37,quantile,0.8,1576.0
2026-01-10,wk inc flu hosp,2,2026-01-24,37,quantile,0.85,1642.0
2026-01-10,wk inc flu hosp,2,2026-01-24,37,quantile,0.9,1714.0
2026-01-10,wk inc flu hosp,2,2026-01-24,37,quantile,0.95,1819.0
2026-01-10,wk inc flu hosp,2,2026-01-24,37,quantile,0.975,1914.0
2026-01-10,wk inc flu hosp,2,2026-01-24,37,quantile,0.99,2017.0
2026-01-10,wk inc flu hosp,2,2026-01-24,38,quantile,0.01,22.0
2026-01-10,wk inc flu hosp,2,2026-01-24,38,quantile,0.025,29.0
2026-01-10,wk inc flu hosp,2,2026-01-24,38,quantile,0.05,35.0
2026-01-10,wk inc flu hosp,2,2026-01-24,38,quantile,0.1,43.0
2026-01-10,wk inc flu hosp,2,2026-01-24,38,quantile,0.15,45.0
2026-01-10,wk inc flu hosp,2,2026-01-24,38,quantile,0.2,48.0
2026-01-10,wk inc flu hosp,2,2026-01-24,38,quantile,0.25,50.0
2026-01-10,wk inc flu hosp,2,2026-01-24,38,quantile,0.3,51.0
2026-01-10,wk inc flu hosp,2,2026-01-24,38,quantile,0.35,53.0
2026-01-10,wk inc flu hosp,2,2026-01-24,38,quantile,0.4,55.0
2026-01-10,wk inc flu hosp,2,2026-01-24,38,quantile,0.45,56.0
2026-01-10,wk inc flu hosp,2,2026-01-24,38,quantile,0.5,58.0
2026-01-10,wk inc flu hosp,2,2026-01-24,38,quantile,0.55,59.0
2026-01-10,wk inc flu hosp,2,2026-01-24,38,quantile,0.6,61.0
2026-01-10,wk inc flu hosp,2,2026-01-24,38,quantile,0.65,63.0
2026-01-10,wk inc flu hosp,2,2026-01-24,38,quantile,0.7,64.0
2026-01-10,wk inc flu hosp,2,2026-01-24,38,quantile,0.75,66.0
2026-01-10,wk inc flu hosp,2,2026-01-24,38,quantile,0.8,68.0
2026-01-10,wk inc flu hosp,2,2026-01-24,38,quantile,0.85,70.0
2026-01-10,wk inc flu hosp,2,2026-01-24,38,quantile,0.9,73.0
2026-01-10,wk inc flu hosp,2,2026-01-24,38,quantile,0.95,78.0
2026-01-10,wk inc flu hosp,2,2026-01-24,38,quantile,0.975,82.0
2026-01-10,wk inc flu hosp,2,2026-01-24,38,quantile,0.99,86.0
2026-01-10,wk inc flu hosp,2,2026-01-24,39,quantile,0.01,338.0
2026-01-10,wk inc flu hosp,2,2026-01-24,39,quantile,0.025,402.0
2026-01-10,wk inc flu hosp,2,2026-01-24,39,quantile,0.05,473.0
2026-01-10,wk inc flu hosp,2,2026-01-24,39,quantile,0.1,571.0
2026-01-10,wk inc flu hosp,2,2026-01-24,39,quantile,0.15,647.0
2026-01-10,wk inc flu hosp,2,2026-01-24,39,quantile,0.2,672.0
2026-01-10,wk inc flu hosp,2,2026-01-24,39,quantile,0.25,697.0
2026-01-10,wk inc flu hosp,2,2026-01-24,39,quantile,0.3,715.0
2026-01-10,wk inc flu hosp,2,2026-01-24,39,quantile,0.35,737.0
2026-01-10,wk inc flu hosp,2,2026-01-24,39,quantile,0.4,756.0
2026-01-10,wk inc flu hosp,2,2026-01-24,39,quantile,0.45,771.0
2026-01-10,wk inc flu hosp,2,2026-01-24,39,quantile,0.5,787.0
2026-01-10,wk inc flu hosp,2,2026-01-24,39,quantile,0.55,806.0
2026-01-10,wk inc flu hosp,2,2026-01-24,39,quantile,0.6,826.0
2026-01-10,wk inc flu hosp,2,2026-01-24,39,quantile,0.65,848.0
2026-01-10,wk inc flu hosp,2,2026-01-24,39,quantile,0.7,864.0
2026-01-10,wk inc flu hosp,2,2026-01-24,39,quantile,0.75,883.0
2026-01-10,wk inc flu hosp,2,2026-01-24,39,quantile,0.8,907.0
2026-01-10,wk inc flu hosp,2,2026-01-24,39,quantile,0.85,933.0
2026-01-10,wk inc flu hosp,2,2026-01-24,39,quantile,0.9,968.0
2026-01-10,wk inc flu hosp,2,2026-01-24,39,quantile,0.95,1021.0
2026-01-10,wk inc flu hosp,2,2026-01-24,39,quantile,0.975,1070.0
2026-01-10,wk inc flu hosp,2,2026-01-24,39,quantile,0.99,1101.0
2026-01-10,wk inc flu hosp,2,2026-01-24,40,quantile,0.01,35.0
2026-01-10,wk inc flu hosp,2,2026-01-24,40,quantile,0.025,42.0
2026-01-10,wk inc flu hosp,2,2026-01-24,40,quantile,0.05,53.0
2026-01-10,wk inc flu hosp,2,2026-01-24,40,quantile,0.1,78.0
2026-01-10,wk inc flu hosp,2,2026-01-24,40,quantile,0.15,97.0
2026-01-10,wk inc flu hosp,2,2026-01-24,40,quantile,0.2,120.0
2026-01-10,wk inc flu hosp,2,2026-01-24,40,quantile,0.25,135.0
2026-01-10,wk inc flu hosp,2,2026-01-24,40,quantile,0.3,147.0
2026-01-10,wk inc flu hosp,2,2026-01-24,40,quantile,0.35,162.0
2026-01-10,wk inc flu hosp,2,2026-01-24,40,quantile,0.4,176.0
2026-01-10,wk inc flu hosp,2,2026-01-24,40,quantile,0.45,189.0
2026-01-10,wk inc flu hosp,2,2026-01-24,40,quantile,0.5,201.0
2026-01-10,wk inc flu hosp,2,2026-01-24,40,quantile,0.55,216.0
2026-01-10,wk inc flu hosp,2,2026-01-24,40,quantile,0.6,230.0
2026-01-10,wk inc flu hosp,2,2026-01-24,40,quantile,0.65,248.0
2026-01-10,wk inc flu hosp,2,2026-01-24,40,quantile,0.7,262.0
2026-01-10,wk inc flu hosp,2,2026-01-24,40,quantile,0.75,278.0
2026-01-10,wk inc flu hosp,2,2026-01-24,40,quantile,0.8,294.0
2026-01-10,wk inc flu hosp,2,2026-01-24,40,quantile,0.85,312.0
2026-01-10,wk inc flu hosp,2,2026-01-24,40,quantile,0.9,336.0
2026-01-10,wk inc flu hosp,2,2026-01-24,40,quantile,0.95,371.0
2026-01-10,wk inc flu hosp,2,2026-01-24,40,quantile,0.975,400.0
2026-01-10,wk inc flu hosp,2,2026-01-24,40,quantile,0.99,428.0
2026-01-10,wk inc flu hosp,2,2026-01-24,41,quantile,0.01,9.0
2026-01-10,wk inc flu hosp,2,2026-01-24,41,quantile,0.025,14.0
2026-01-10,wk inc flu hosp,2,2026-01-24,41,quantile,0.05,20.0
2026-01-10,wk inc flu hosp,2,2026-01-24,41,quantile,0.1,26.0
2026-01-10,wk inc flu hosp,2,2026-01-24,41,quantile,0.15,29.0
2026-01-10,wk inc flu hosp,2,2026-01-24,41,quantile,0.2,37.0
2026-01-10,wk inc flu hosp,2,2026-01-24,41,quantile,0.25,45.0
2026-01-10,wk inc flu hosp,2,2026-01-24,41,quantile,0.3,53.0
2026-01-10,wk inc flu hosp,2,2026-01-24,41,quantile,0.35,62.0
2026-01-10,wk inc flu hosp,2,2026-01-24,41,quantile,0.4,69.0
2026-01-10,wk inc flu hosp,2,2026-01-24,41,quantile,0.45,77.0
2026-01-10,wk inc flu hosp,2,2026-01-24,41,quantile,0.5,86.0
2026-01-10,wk inc flu hosp,2,2026-01-24,41,quantile,0.55,95.0
2026-01-10,wk inc flu hosp,2,2026-01-24,41,quantile,0.6,103.0
2026-01-10,wk inc flu hosp,2,2026-01-24,41,quantile,0.65,113.0
2026-01-10,wk inc flu hosp,2,2026-01-24,41,quantile,0.7,122.0
2026-01-10,wk inc flu hosp,2,2026-01-24,41,quantile,0.75,130.0
2026-01-10,wk inc flu hosp,2,2026-01-24,41,quantile,0.8,140.0
2026-01-10,wk inc flu hosp,2,2026-01-24,41,quantile,0.85,156.0
2026-01-10,wk inc flu hosp,2,2026-01-24,41,quantile,0.9,176.0
2026-01-10,wk inc flu hosp,2,2026-01-24,41,quantile,0.95,206.0
2026-01-10,wk inc flu hosp,2,2026-01-24,41,quantile,0.975,225.0
2026-01-10,wk inc flu hosp,2,2026-01-24,41,quantile,0.99,248.0
2026-01-10,wk inc flu hosp,2,2026-01-24,42,quantile,0.01,165.0
2026-01-10,wk inc flu hosp,2,2026-01-24,42,quantile,0.025,263.0
2026-01-10,wk inc flu hosp,2,2026-01-24,42,quantile,0.05,358.0
2026-01-10,wk inc flu hosp,2,2026-01-24,42,quantile,0.1,488.0
2026-01-10,wk inc flu hosp,2,2026-01-24,42,quantile,0.15,576.0
2026-01-10,wk inc flu hosp,2,2026-01-24,42,quantile,0.2,662.0
2026-01-10,wk inc flu hosp,2,2026-01-24,42,quantile,0.25,695.0
2026-01-10,wk inc flu hosp,2,2026-01-24,42,quantile,0.3,728.0
2026-01-10,wk inc flu hosp,2,2026-01-24,42,quantile,0.35,760.0
2026-01-10,wk inc flu hosp,2,2026-01-24,42,quantile,0.4,795.0
2026-01-10,wk inc flu hosp,2,2026-01-24,42,quantile,0.45,824.0
2026-01-10,wk inc flu hosp,2,2026-01-24,42,quantile,0.5,850.0
2026-01-10,wk inc flu hosp,2,2026-01-24,42,quantile,0.55,877.0
2026-01-10,wk inc flu hosp,2,2026-01-24,42,quantile,0.6,908.0
2026-01-10,wk inc flu hosp,2,2026-01-24,42,quantile,0.65,939.0
2026-01-10,wk inc flu hosp,2,2026-01-24,42,quantile,0.7,969.0
2026-01-10,wk inc flu hosp,2,2026-01-24,42,quantile,0.75,1008.0
2026-01-10,wk inc flu hosp,2,2026-01-24,42,quantile,0.8,1045.0
2026-01-10,wk inc flu hosp,2,2026-01-24,42,quantile,0.85,1087.0
2026-01-10,wk inc flu hosp,2,2026-01-24,42,quantile,0.9,1143.0
2026-01-10,wk inc flu hosp,2,2026-01-24,42,quantile,0.95,1219.0
2026-01-10,wk inc flu hosp,2,2026-01-24,42,quantile,0.975,1274.0
2026-01-10,wk inc flu hosp,2,2026-01-24,42,quantile,0.99,1346.0
2026-01-10,wk inc flu hosp,2,2026-01-24,44,quantile,0.01,33.0
2026-01-10,wk inc flu hosp,2,2026-01-24,44,quantile,0.025,40.0
2026-01-10,wk inc flu hosp,2,2026-01-24,44,quantile,0.05,48.0
2026-01-10,wk inc flu hosp,2,2026-01-24,44,quantile,0.1,58.0
2026-01-10,wk inc flu hosp,2,2026-01-24,44,quantile,0.15,66.0
2026-01-10,wk inc flu hosp,2,2026-01-24,44,quantile,0.2,72.0
2026-01-10,wk inc flu hosp,2,2026-01-24,44,quantile,0.25,77.0
2026-01-10,wk inc flu hosp,2,2026-01-24,44,quantile,0.3,80.0
2026-01-10,wk inc flu hosp,2,2026-01-24,44,quantile,0.35,82.0
2026-01-10,wk inc flu hosp,2,2026-01-24,44,quantile,0.4,85.0
2026-01-10,wk inc flu hosp,2,2026-01-24,44,quantile,0.45,87.0
2026-01-10,wk inc flu hosp,2,2026-01-24,44,quantile,0.5,88.0
2026-01-10,wk inc flu hosp,2,2026-01-24,44,quantile,0.55,90.0
2026-01-10,wk inc flu hosp,2,2026-01-24,44,quantile,0.6,92.0
2026-01-10,wk inc flu hosp,2,2026-01-24,44,quantile,0.65,94.0
2026-01-10,wk inc flu hosp,2,2026-01-24,44,quantile,0.7,96.0
2026-01-10,wk inc flu hosp,2,2026-01-24,44,quantile,0.75,98.0
2026-01-10,wk inc flu hosp,2,2026-01-24,44,quantile,0.8,100.0
2026-01-10,wk inc flu hosp,2,2026-01-24,44,quantile,0.85,103.0
2026-01-10,wk inc flu hosp,2,2026-01-24,44,quantile,0.9,107.0
2026-01-10,wk inc flu hosp,2,2026-01-24,44,quantile,0.95,113.0
2026-01-10,wk inc flu hosp,2,2026-01-24,44,quantile,0.975,117.0
2026-01-10,wk inc flu hosp,2,2026-01-24,44,quantile,0.99,121.0
2026-01-10,wk inc flu hosp,2,2026-01-24,45,quantile,0.01,87.0
2026-01-10,wk inc flu hosp,2,2026-01-24,45,quantile,0.025,129.0
2026-01-10,wk inc flu hosp,2,2026-01-24,45,quantile,0.05,164.0
2026-01-10,wk inc flu hosp,2,2026-01-24,45,quantile,0.1,229.0
2026-01-10,wk inc flu hosp,2,2026-01-24,45,quantile,0.15,275.0
2026-01-10,wk inc flu hosp,2,2026-01-24,45,quantile,0.2,312.0
2026-01-10,wk inc flu hosp,2,2026-01-24,45,quantile,0.25,343.0
2026-01-10,wk inc flu hosp,2,2026-01-24,45,quantile,0.3,358.0
2026-01-10,wk inc flu hosp,2,2026-01-24,45,quantile,0.35,373.0
2026-01-10,wk inc flu hosp,2,2026-01-24,45,quantile,0.4,389.0
2026-01-10,wk inc flu hosp,2,2026-01-24,45,quantile,0.45,406.0
2026-01-10,wk inc flu hosp,2,2026-01-24,45,quantile,0.5,421.0
2026-01-10,wk inc flu hosp,2,2026-01-24,45,quantile,0.55,436.0
2026-01-10,wk inc flu hosp,2,2026-01-24,45,quantile,0.6,448.0
2026-01-10,wk inc flu hosp,2,2026-01-24,45,quantile,0.65,461.0
2026-01-10,wk inc flu hosp,2,2026-01-24,45,quantile,0.7,473.0
2026-01-10,wk inc flu hosp,2,2026-01-24,45,quantile,0.75,490.0
2026-01-10,wk inc flu hosp,2,2026-01-24,45,quantile,0.8,508.0
2026-01-10,wk inc flu hosp,2,2026-01-24,45,quantile,0.85,530.0
2026-01-10,wk inc flu hosp,2,2026-01-24,45,quantile,0.9,555.0
2026-01-10,wk inc flu hosp,2,2026-01-24,45,quantile,0.95,596.0
2026-01-10,wk inc flu hosp,2,2026-01-24,45,quantile,0.975,628.0
2026-01-10,wk inc flu hosp,2,2026-01-24,45,quantile,0.99,668.0
2026-01-10,wk inc flu hosp,2,2026-01-24,46,quantile,0.01,23.0
2026-01-10,wk inc flu hosp,2,2026-01-24,46,quantile,0.025,29.0
2026-01-10,wk inc flu hosp,2,2026-01-24,46,quantile,0.05,33.0
2026-01-10,wk inc flu hosp,2,2026-01-24,46,quantile,0.1,40.0
2026-01-10,wk inc flu hosp,2,2026-01-24,46,quantile,0.15,44.0
2026-01-10,wk inc flu hosp,2,2026-01-24,46,quantile,0.2,49.0
2026-01-10,wk inc flu hosp,2,2026-01-24,46,quantile,0.25,51.0
2026-01-10,wk inc flu hosp,2,2026-01-24,46,quantile,0.3,53.0
2026-01-10,wk inc flu hosp,2,2026-01-24,46,quantile,0.35,55.0
2026-01-10,wk inc flu hosp,2,2026-01-24,46,quantile,0.4,56.0
2026-01-10,wk inc flu hosp,2,2026-01-24,46,quantile,0.45,58.0
2026-01-10,wk inc flu hosp,2,2026-01-24,46,quantile,0.5,60.0
2026-01-10,wk inc flu hosp,2,2026-01-24,46,quantile,0.55,62.0
2026-01-10,wk inc flu hosp,2,2026-01-24,46,quantile,0.6,63.0
2026-01-10,wk inc flu hosp,2,2026-01-24,46,quantile,0.65,65.0
2026-01-10,wk inc flu hosp,2,2026-01-24,46,quantile,0.7,66.0
2026-01-10,wk inc flu hosp,2,2026-01-24,46,quantile,0.75,68.0
2026-01-10,wk inc flu hosp,2,2026-01-24,46,quantile,0.8,71.0
2026-01-10,wk inc flu hosp,2,2026-01-24,46,quantile,0.85,73.0
2026-01-10,wk inc flu hosp,2,2026-01-24,46,quantile,0.9,75.0
2026-01-10,wk inc flu hosp,2,2026-01-24,46,quantile,0.95,81.0
2026-01-10,wk inc flu hosp,2,2026-01-24,46,quantile,0.975,84.0
2026-01-10,wk inc flu hosp,2,2026-01-24,46,quantile,0.99,88.0
2026-01-10,wk inc flu hosp,2,2026-01-24,47,quantile,0.01,106.0
2026-01-10,wk inc flu hosp,2,2026-01-24,47,quantile,0.025,131.0
2026-01-10,wk inc flu hosp,2,2026-01-24,47,quantile,0.05,145.0
2026-01-10,wk inc flu hosp,2,2026-01-24,47,quantile,0.1,187.0
2026-01-10,wk inc flu hosp,2,2026-01-24,47,quantile,0.15,217.0
2026-01-10,wk inc flu hosp,2,2026-01-24,47,quantile,0.2,243.0
2026-01-10,wk inc flu hosp,2,2026-01-24,47,quantile,0.25,264.0
2026-01-10,wk inc flu hosp,2,2026-01-24,47,quantile,0.3,282.0
2026-01-10,wk inc flu hosp,2,2026-01-24,47,quantile,0.35,299.0
2026-01-10,wk inc flu hosp,2,2026-01-24,47,quantile,0.4,320.0
2026-01-10,wk inc flu hosp,2,2026-01-24,47,quantile,0.45,339.0
2026-01-10,wk inc flu hosp,2,2026-01-24,47,quantile,0.5,359.0
2026-01-10,wk inc flu hosp,2,2026-01-24,47,quantile,0.55,374.0
2026-01-10,wk inc flu hosp,2,2026-01-24,47,quantile,0.6,388.0
2026-01-10,wk inc flu hosp,2,2026-01-24,47,quantile,0.65,407.0
2026-01-10,wk inc flu hosp,2,2026-01-24,47,quantile,0.7,423.0
2026-01-10,wk inc flu hosp,2,2026-01-24,47,quantile,0.75,440.0
2026-01-10,wk inc flu hosp,2,2026-01-24,47,quantile,0.8,464.0
2026-01-10,wk inc flu hosp,2,2026-01-24,47,quantile,0.85,486.0
2026-01-10,wk inc flu hosp,2,2026-01-24,47,quantile,0.9,518.0
2026-01-10,wk inc flu hosp,2,2026-01-24,47,quantile,0.95,561.0
2026-01-10,wk inc flu hosp,2,2026-01-24,47,quantile,0.975,594.0
2026-01-10,wk inc flu hosp,2,2026-01-24,47,quantile,0.99,636.0
2026-01-10,wk inc flu hosp,2,2026-01-24,48,quantile,0.01,191.0
2026-01-10,wk inc flu hosp,2,2026-01-24,48,quantile,0.025,240.0
2026-01-10,wk inc flu hosp,2,2026-01-24,48,quantile,0.05,312.0
2026-01-10,wk inc flu hosp,2,2026-01-24,48,quantile,0.1,531.0
2026-01-10,wk inc flu hosp,2,2026-01-24,48,quantile,0.15,757.0
2026-01-10,wk inc flu hosp,2,2026-01-24,48,quantile,0.2,975.0
2026-01-10,wk inc flu hosp,2,2026-01-24,48,quantile,0.25,1189.0
2026-01-10,wk inc flu hosp,2,2026-01-24,48,quantile,0.3,1390.0
2026-01-10,wk inc flu hosp,2,2026-01-24,48,quantile,0.35,1495.0
2026-01-10,wk inc flu hosp,2,2026-01-24,48,quantile,0.4,1596.0
2026-01-10,wk inc flu hosp,2,2026-01-24,48,quantile,0.45,1687.0
2026-01-10,wk inc flu hosp,2,2026-01-24,48,quantile,0.5,1792.0
2026-01-10,wk inc flu hosp,2,2026-01-24,48,quantile,0.55,1904.0
2026-01-10,wk inc flu hosp,2,2026-01-24,48,quantile,0.6,1997.0
2026-01-10,wk inc flu hosp,2,2026-01-24,48,quantile,0.65,2116.0
2026-01-10,wk inc flu hosp,2,2026-01-24,48,quantile,0.7,2217.0
2026-01-10,wk inc flu hosp,2,2026-01-24,48,quantile,0.75,2343.0
2026-01-10,wk inc flu hosp,2,2026-01-24,48,quantile,0.8,2454.0
2026-01-10,wk inc flu hosp,2,2026-01-24,48,quantile,0.85,2585.0
2026-01-10,wk inc flu hosp,2,2026-01-24,48,quantile,0.9,2757.0
2026-01-10,wk inc flu hosp,2,2026-01-24,48,quantile,0.95,3027.0
2026-01-10,wk inc flu hosp,2,2026-01-24,48,quantile,0.975,3233.0
2026-01-10,wk inc flu hosp,2,2026-01-24,48,quantile,0.99,3481.0
2026-01-10,wk inc flu hosp,2,2026-01-24,49,quantile,0.01,33.0
2026-01-10,wk inc flu hosp,2,2026-01-24,49,quantile,0.025,45.0
2026-01-10,wk inc flu hosp,2,2026-01-24,49,quantile,0.05,68.0
2026-01-10,wk inc flu hosp,2,2026-01-24,49,quantile,0.1,104.0
2026-01-10,wk inc flu hosp,2,2026-01-24,49,quantile,0.15,129.0
2026-01-10,wk inc flu hosp,2,2026-01-24,49,quantile,0.2,141.0
2026-01-10,wk inc flu hosp,2,2026-01-24,49,quantile,0.25,151.0
2026-01-10,wk inc flu hosp,2,2026-01-24,49,quantile,0.3,162.0
2026-01-10,wk inc flu hosp,2,2026-01-24,49,quantile,0.35,171.0
2026-01-10,wk inc flu hosp,2,2026-01-24,49,quantile,0.4,181.0
2026-01-10,wk inc flu hosp,2,2026-01-24,49,quantile,0.45,191.0
2026-01-10,wk inc flu hosp,2,2026-01-24,49,quantile,0.5,201.0
2026-01-10,wk inc flu hosp,2,2026-01-24,49,quantile,0.55,210.0
2026-01-10,wk inc flu hosp,2,2026-01-24,49,quantile,0.6,217.0
2026-01-10,wk inc flu hosp,2,2026-01-24,49,quantile,0.65,226.0
2026-01-10,wk inc flu hosp,2,2026-01-24,49,quantile,0.7,234.0
2026-01-10,wk inc flu hosp,2,2026-01-24,49,quantile,0.75,244.0
2026-01-10,wk inc flu hosp,2,2026-01-24,49,quantile,0.8,256.0
2026-01-10,wk inc flu hosp,2,2026-01-24,49,quantile,0.85,267.0
2026-01-10,wk inc flu hosp,2,2026-01-24,49,quantile,0.9,282.0
2026-01-10,wk inc flu hosp,2,2026-01-24,49,quantile,0.95,306.0
2026-01-10,wk inc flu hosp,2,2026-01-24,49,quantile,0.975,325.0
2026-01-10,wk inc flu hosp,2,2026-01-24,49,quantile,0.99,347.0
2026-01-10,wk inc flu hosp,2,2026-01-24,50,quantile,0.01,10.0
2026-01-10,wk inc flu hosp,2,2026-01-24,50,quantile,0.025,12.0
2026-01-10,wk inc flu hosp,2,2026-01-24,50,quantile,0.05,18.0
2026-01-10,wk inc flu hosp,2,2026-01-24,50,quantile,0.1,24.0
2026-01-10,wk inc flu hosp,2,2026-01-24,50,quantile,0.15,28.0
2026-01-10,wk inc flu hosp,2,2026-01-24,50,quantile,0.2,30.0
2026-01-10,wk inc flu hosp,2,2026-01-24,50,quantile,0.25,32.0
2026-01-10,wk inc flu hosp,2,2026-01-24,50,quantile,0.3,34.0
2026-01-10,wk inc flu hosp,2,2026-01-24,50,quantile,0.35,36.0
2026-01-10,wk inc flu hosp,2,2026-01-24,50,quantile,0.4,38.0
2026-01-10,wk inc flu hosp,2,2026-01-24,50,quantile,0.45,40.0
2026-01-10,wk inc flu hosp,2,2026-01-24,50,quantile,0.5,42.0
2026-01-10,wk inc flu hosp,2,2026-01-24,50,quantile,0.55,43.0
2026-01-10,wk inc flu hosp,2,2026-01-24,50,quantile,0.6,45.0
2026-01-10,wk inc flu hosp,2,2026-01-24,50,quantile,0.65,47.0
2026-01-10,wk inc flu hosp,2,2026-01-24,50,quantile,0.7,49.0
2026-01-10,wk inc flu hosp,2,2026-01-24,50,quantile,0.75,50.0
2026-01-10,wk inc flu hosp,2,2026-01-24,50,quantile,0.8,52.0
2026-01-10,wk inc flu hosp,2,2026-01-24,50,quantile,0.85,55.0
2026-01-10,wk inc flu hosp,2,2026-01-24,50,quantile,0.9,58.0
2026-01-10,wk inc flu hosp,2,2026-01-24,50,quantile,0.95,64.0
2026-01-10,wk inc flu hosp,2,2026-01-24,50,quantile,0.975,67.0
2026-01-10,wk inc flu hosp,2,2026-01-24,50,quantile,0.99,71.0
2026-01-10,wk inc flu hosp,2,2026-01-24,51,quantile,0.01,212.0
2026-01-10,wk inc flu hosp,2,2026-01-24,51,quantile,0.025,300.0
2026-01-10,wk inc flu hosp,2,2026-01-24,51,quantile,0.05,366.0
2026-01-10,wk inc flu hosp,2,2026-01-24,51,quantile,0.1,480.0
2026-01-10,wk inc flu hosp,2,2026-01-24,51,quantile,0.15,558.0
2026-01-10,wk inc flu hosp,2,2026-01-24,51,quantile,0.2,590.0
2026-01-10,wk inc flu hosp,2,2026-01-24,51,quantile,0.25,617.0
2026-01-10,wk inc flu hosp,2,2026-01-24,51,quantile,0.3,642.0
2026-01-10,wk inc flu hosp,2,2026-01-24,51,quantile,0.35,671.0
2026-01-10,wk inc flu hosp,2,2026-01-24,51,quantile,0.4,695.0
2026-01-10,wk inc flu hosp,2,2026-01-24,51,quantile,0.45,719.0
2026-01-10,wk inc flu hosp,2,2026-01-24,51,quantile,0.5,744.0
2026-01-10,wk inc flu hosp,2,2026-01-24,51,quantile,0.55,763.0
2026-01-10,wk inc flu hosp,2,2026-01-24,51,quantile,0.6,784.0
2026-01-10,wk inc flu hosp,2,2026-01-24,51,quantile,0.65,806.0
2026-01-10,wk inc flu hosp,2,2026-01-24,51,quantile,0.7,832.0
2026-01-10,wk inc flu hosp,2,2026-01-24,51,quantile,0.75,855.0
2026-01-10,wk inc flu hosp,2,2026-01-24,51,quantile,0.8,883.0
2026-01-10,wk inc flu hosp,2,2026-01-24,51,quantile,0.85,917.0
2026-01-10,wk inc flu hosp,2,2026-01-24,51,quantile,0.9,953.0
2026-01-10,wk inc flu hosp,2,2026-01-24,51,quantile,0.95,1027.0
2026-01-10,wk inc flu hosp,2,2026-01-24,51,quantile,0.975,1084.0
2026-01-10,wk inc flu hosp,2,2026-01-24,51,quantile,0.99,1146.0
2026-01-10,wk inc flu hosp,2,2026-01-24,53,quantile,0.01,64.0
2026-01-10,wk inc flu hosp,2,2026-01-24,53,quantile,0.025,74.0
2026-01-10,wk inc flu hosp,2,2026-01-24,53,quantile,0.05,107.0
2026-01-10,wk inc flu hosp,2,2026-01-24,53,quantile,0.1,138.0
2026-01-10,wk inc flu hosp,2,2026-01-24,53,quantile,0.15,162.0
2026-01-10,wk inc flu hosp,2,2026-01-24,53,quantile,0.2,179.0
2026-01-10,wk inc flu hosp,2,2026-01-24,53,quantile,0.25,195.0
2026-01-10,wk inc flu hosp,2,2026-01-24,53,quantile,0.3,212.0
2026-01-10,wk inc flu hosp,2,2026-01-24,53,quantile,0.35,228.0
2026-01-10,wk inc flu hosp,2,2026-01-24,53,quantile,0.4,240.0
2026-01-10,wk inc flu hosp,2,2026-01-24,53,quantile,0.45,253.0
2026-01-10,wk inc flu hosp,2,2026-01-24,53,quantile,0.5,267.0
2026-01-10,wk inc flu hosp,2,2026-01-24,53,quantile,0.55,282.0
2026-01-10,wk inc flu hosp,2,2026-01-24,53,quantile,0.6,295.0
2026-01-10,wk inc flu hosp,2,2026-01-24,53,quantile,0.65,308.0
2026-01-10,wk inc flu hosp,2,2026-01-24,53,quantile,0.7,320.0
2026-01-10,wk inc flu hosp,2,2026-01-24,53,quantile,0.75,336.0
2026-01-10,wk inc flu hosp,2,2026-01-24,53,quantile,0.8,352.0
2026-01-10,wk inc flu hosp,2,2026-01-24,53,quantile,0.85,370.0
2026-01-10,wk inc flu hosp,2,2026-01-24,53,quantile,0.9,391.0
2026-01-10,wk inc flu hosp,2,2026-01-24,53,quantile,0.95,432.0
2026-01-10,wk inc flu hosp,2,2026-01-24,53,quantile,0.975,468.0
2026-01-10,wk inc flu hosp,2,2026-01-24,53,quantile,0.99,503.0
2026-01-10,wk inc flu hosp,2,2026-01-24,54,quantile,0.01,20.0
2026-01-10,wk inc flu hosp,2,2026-01-24,54,quantile,0.025,24.0
2026-01-10,wk inc flu hosp,2,2026-01-24,54,quantile,0.05,32.0
2026-01-10,wk inc flu hosp,2,2026-01-24,54,quantile,0.1,45.0
2026-01-10,wk inc flu hosp,2,2026-01-24,54,quantile,0.15,55.0
2026-01-10,wk inc flu hosp,2,2026-01-24,54,quantile,0.2,62.0
2026-01-10,wk inc flu hosp,2,2026-01-24,54,quantile,0.25,69.0
2026-01-10,wk inc flu hosp,2,2026-01-24,54,quantile,0.3,74.0
2026-01-10,wk inc flu hosp,2,2026-01-24,54,quantile,0.35,79.0
2026-01-10,wk inc flu hosp,2,2026-01-24,54,quantile,0.4,84.0
2026-01-10,wk inc flu hosp,2,2026-01-24,54,quantile,0.45,89.0
2026-01-10,wk inc flu hosp,2,2026-01-24,54,quantile,0.5,94.0
2026-01-10,wk inc flu hosp,2,2026-01-24,54,quantile,0.55,99.0
2026-01-10,wk inc flu hosp,2,2026-01-24,54,quantile,0.6,103.0
2026-01-10,wk inc flu hosp,2,2026-01-24,54,quantile,0.65,108.0
2026-01-10,wk inc flu hosp,2,2026-01-24,54,quantile,0.7,114.0
2026-01-10,wk inc flu hosp,2,2026-01-24,54,quantile,0.75,120.0
2026-01-10,wk inc flu hosp,2,2026-01-24,54,quantile,0.8,127.0
2026-01-10,wk inc flu hosp,2,2026-01-24,54,quantile,0.85,133.0
2026-01-10,wk inc flu hosp,2,2026-01-24,54,quantile,0.9,142.0
2026-01-10,wk inc flu hosp,2,2026-01-24,54,quantile,0.95,156.0
2026-01-10,wk inc flu hosp,2,2026-01-24,54,quantile,0.975,168.0
2026-01-10,wk inc flu hosp,2,2026-01-24,54,quantile,0.99,184.0
2026-01-10,wk inc flu hosp,2,2026-01-24,55,quantile,0.01,194.0
2026-01-10,wk inc flu hosp,2,2026-01-24,55,quantile,0.025,238.0
2026-01-10,wk inc flu hosp,2,2026-01-24,55,quantile,0.05,276.0
2026-01-10,wk inc flu hosp,2,2026-01-24,55,quantile,0.1,340.0
2026-01-10,wk inc flu hosp,2,2026-01-24,55,quantile,0.15,390.0
2026-01-10,wk inc flu hosp,2,2026-01-24,55,quantile,0.2,426.0
2026-01-10,wk inc flu hosp,2,2026-01-24,55,quantile,0.25,442.0
2026-01-10,wk inc flu hosp,2,2026-01-24,55,quantile,0.3,456.0
2026-01-10,wk inc flu hosp,2,2026-01-24,55,quantile,0.35,471.0
2026-01-10,wk inc flu hosp,2,2026-01-24,55,quantile,0.4,483.0
2026-01-10,wk inc flu hosp,2,2026-01-24,55,quantile,0.45,495.0
2026-01-10,wk inc flu hosp,2,2026-01-24,55,quantile,0.5,508.0
2026-01-10,wk inc flu hosp,2,2026-01-24,55,quantile,0.55,518.0
2026-01-10,wk inc flu hosp,2,2026-01-24,55,quantile,0.6,531.0
2026-01-10,wk inc flu hosp,2,2026-01-24,55,quantile,0.65,546.0
2026-01-10,wk inc flu hosp,2,2026-01-24,55,quantile,0.7,557.0
2026-01-10,wk inc flu hosp,2,2026-01-24,55,quantile,0.75,573.0
2026-01-10,wk inc flu hosp,2,2026-01-24,55,quantile,0.8,588.0
2026-01-10,wk inc flu hosp,2,2026-01-24,55,quantile,0.85,604.0
2026-01-10,wk inc flu hosp,2,2026-01-24,55,quantile,0.9,626.0
2026-01-10,wk inc flu hosp,2,2026-01-24,55,quantile,0.95,661.0
2026-01-10,wk inc flu hosp,2,2026-01-24,55,quantile,0.975,696.0
2026-01-10,wk inc flu hosp,2,2026-01-24,55,quantile,0.99,726.0
2026-01-10,wk inc flu hosp,2,2026-01-24,56,quantile,0.01,0.0
2026-01-10,wk inc flu hosp,2,2026-01-24,56,quantile,0.025,0.0
2026-01-10,wk inc flu hosp,2,2026-01-24,56,quantile,0.05,0.0
2026-01-10,wk inc flu hosp,2,2026-01-24,56,quantile,0.1,0.0
2026-01-10,wk inc flu hosp,2,2026-01-24,56,quantile,0.15,0.0
2026-01-10,wk inc flu hosp,2,2026-01-24,56,quantile,0.2,0.0
2026-01-10,wk inc flu hosp,2,2026-01-24,56,quantile,0.25,0.0
2026-01-10,wk inc flu hosp,2,2026-01-24,56,quantile,0.3,0.0
2026-01-10,wk inc flu hosp,2,2026-01-24,56,quantile,0.35,0.0
2026-01-10,wk inc flu hosp,2,2026-01-24,56,quantile,0.4,0.0
2026-01-10,wk inc flu hosp,2,2026-01-24,56,quantile,0.45,0.0
2026-01-10,wk inc flu hosp,2,2026-01-24,56,quantile,0.5,0.0
2026-01-10,wk inc flu hosp,2,2026-01-24,56,quantile,0.55,0.0
2026-01-10,wk inc flu hosp,2,2026-01-24,56,quantile,0.6,0.0
2026-01-10,wk inc flu hosp,2,2026-01-24,56,quantile,0.65,0.0
2026-01-10,wk inc flu hosp,2,2026-01-24,56,quantile,0.7,0.0
2026-01-10,wk inc flu hosp,2,2026-01-24,56,quantile,0.75,1.0
2026-01-10,wk inc flu hosp,2,2026-01-24,56,quantile,0.8,1.0
2026-01-10,wk inc flu hosp,2,2026-01-24,56,quantile,0.85,1.0
2026-01-10,wk inc flu hosp,2,2026-01-24,56,quantile,0.9,2.0
2026-01-10,wk inc flu hosp,2,2026-01-24,56,quantile,0.95,6.0
2026-01-10,wk inc flu hosp,2,2026-01-24,56,quantile,0.975,9.0
2026-01-10,wk inc flu hosp,2,2026-01-24,56,quantile,0.99,10.0
2026-01-10,wk inc flu hosp,2,2026-01-24,US,quantile,0.01,5385.0
2026-01-10,wk inc flu hosp,2,2026-01-24,US,quantile,0.025,7425.0
2026-01-10,wk inc flu hosp,2,2026-01-24,US,quantile,0.05,9494.0
2026-01-10,wk inc flu hosp,2,2026-01-24,US,quantile,0.1,12478.0
2026-01-10,wk inc flu hosp,2,2026-01-24,US,quantile,0.15,14680.0
2026-01-10,wk inc flu hosp,2,2026-01-24,US,quantile,0.2,16911.0
2026-01-10,wk inc flu hosp,2,2026-01-24,US,quantile,0.25,18489.0
2026-01-10,wk inc flu hosp,2,2026-01-24,US,quantile,0.3,19154.0
2026-01-10,wk inc flu hosp,2,2026-01-24,US,quantile,0.35,19754.0
2026-01-10,wk inc flu hosp,2,2026-01-24,US,quantile,0.4,20418.0
2026-01-10,wk inc flu hosp,2,2026-01-24,US,quantile,0.45,21033.0
2026-01-10,wk inc flu hosp,2,2026-01-24,US,quantile,0.5,21609.0
2026-01-10,wk inc flu hosp,2,2026-01-24,US,quantile,0.55,22252.0
2026-01-10,wk inc flu hosp,2,2026-01-24,US,quantile,0.6,22754.0
2026-01-10,wk inc flu hosp,2,2026-01-24,US,quantile,0.65,23289.0
2026-01-10,wk inc flu hosp,2,2026-01-24,US,quantile,0.7,23880.0
2026-01-10,wk inc flu hosp,2,2026-01-24,US,quantile,0.75,24590.0
2026-01-10,wk inc flu hosp,2,2026-01-24,US,quantile,0.8,25229.0
2026-01-10,wk inc flu hosp,2,2026-01-24,US,quantile,0.85,25946.0
2026-01-10,wk inc flu hosp,2,2026-01-24,US,quantile,0.9,26802.0
2026-01-10,wk inc flu hosp,2,2026-01-24,US,quantile,0.95,28480.0
2026-01-10,wk inc flu hosp,2,2026-01-24,US,quantile,0.975,29635.0
2026-01-10,wk inc flu hosp,2,2026-01-24,US,quantile,0.99,31307.0
2026-01-10,wk inc flu hosp,3,2026-01-31,01,quantile,0.01,50.0
2026-01-10,wk inc flu hosp,3,2026-01-31,01,quantile,0.025,59.0
2026-01-10,wk inc flu hosp,3,2026-01-31,01,quantile,0.05,70.0
2026-01-10,wk inc flu hosp,3,2026-01-31,01,quantile,0.1,109.0
2026-01-10,wk inc flu hosp,3,2026-01-31,01,quantile,0.15,159.0
2026-01-10,wk inc flu hosp,3,2026-01-31,01,quantile,0.2,187.0
2026-01-10,wk inc flu hosp,3,2026-01-31,01,quantile,0.25,214.0
2026-01-10,wk inc flu hosp,3,2026-01-31,01,quantile,0.3,237.0
2026-01-10,wk inc flu hosp,3,2026-01-31,01,quantile,0.35,254.0
2026-01-10,wk inc flu hosp,3,2026-01-31,01,quantile,0.4,273.0
2026-01-10,wk inc flu hosp,3,2026-01-31,01,quantile,0.45,296.0
2026-01-10,wk inc flu hosp,3,2026-01-31,01,quantile,0.5,316.0
2026-01-10,wk inc flu hosp,3,2026-01-31,01,quantile,0.55,337.0
2026-01-10,wk inc flu hosp,3,2026-01-31,01,quantile,0.6,362.0
2026-01-10,wk inc flu hosp,3,2026-01-31,01,quantile,0.65,388.0
2026-01-10,wk inc flu hosp,3,2026-01-31,01,quantile,0.7,412.0
2026-01-10,wk inc flu hosp,3,2026-01-31,01,quantile,0.75,440.0
2026-01-10,wk inc flu hosp,3,2026-01-31,01,quantile,0.8,473.0
2026-01-10,wk inc flu hosp,3,2026-01-31,01,quantile,0.85,498.0
2026-01-10,wk inc flu hosp,3,2026-01-31,01,quantile,0.9,553.0
2026-01-10,wk inc flu hosp,3,2026-01-31,01,quantile,0.95,604.0
2026-01-10,wk inc flu hosp,3,2026-01-31,01,quantile,0.975,654.0
2026-01-10,wk inc flu hosp,3,2026-01-31,01,quantile,0.99,711.0
2026-01-10,wk inc flu hosp,3,2026-01-31,02,quantile,0.01,19.0
2026-01-10,wk inc flu hosp,3,2026-01-31,02,quantile,0.025,23.0
2026-01-10,wk inc flu hosp,3,2026-01-31,02,quantile,0.05,29.0
2026-01-10,wk inc flu hosp,3,2026-01-31,02,quantile,0.1,36.0
2026-01-10,wk inc flu hosp,3,2026-01-31,02,quantile,0.15,43.0
2026-01-10,wk inc flu hosp,3,2026-01-31,02,quantile,0.2,49.0
2026-01-10,wk inc flu hosp,3,2026-01-31,02,quantile,0.25,53.0
2026-01-10,wk inc flu hosp,3,2026-01-31,02,quantile,0.3,58.0
2026-01-10,wk inc flu hosp,3,2026-01-31,02,quantile,0.35,62.0
2026-01-10,wk inc flu hosp,3,2026-01-31,02,quantile,0.4,64.0
2026-01-10,wk inc flu hosp,3,2026-01-31,02,quantile,0.45,66.0
2026-01-10,wk inc flu hosp,3,2026-01-31,02,quantile,0.5,68.0
2026-01-10,wk inc flu hosp,3,2026-01-31,02,quantile,0.55,69.0
2026-01-10,wk inc flu hosp,3,2026-01-31,02,quantile,0.6,71.0
2026-01-10,wk inc flu hosp,3,2026-01-31,02,quantile,0.65,73.0
2026-01-10,wk inc flu hosp,3,2026-01-31,02,quantile,0.7,75.0
2026-01-10,wk inc flu hosp,3,2026-01-31,02,quantile,0.75,76.0
2026-01-10,wk inc flu hosp,3,2026-01-31,02,quantile,0.8,78.0
2026-01-10,wk inc flu hosp,3,2026-01-31,02,quantile,0.85,81.0
2026-01-10,wk inc flu hosp,3,2026-01-31,02,quantile,0.9,85.0
2026-01-10,wk inc flu hosp,3,2026-01-31,02,quantile,0.95,90.0
2026-01-10,wk inc flu hosp,3,2026-01-31,02,quantile,0.975,96.0
2026-01-10,wk inc flu hosp,3,2026-01-31,02,quantile,0.99,101.0
2026-01-10,wk inc flu hosp,3,2026-01-31,04,quantile,0.01,16.0
2026-01-10,wk inc flu hosp,3,2026-01-31,04,quantile,0.025,25.0
2026-01-10,wk inc flu hosp,3,2026-01-31,04,quantile,0.05,32.0
2026-01-10,wk inc flu hosp,3,2026-01-31,04,quantile,0.1,43.0
2026-01-10,wk inc flu hosp,3,2026-01-31,04,quantile,0.15,51.0
2026-01-10,wk inc flu hosp,3,2026-01-31,04,quantile,0.2,68.0
2026-01-10,wk inc flu hosp,3,2026-01-31,04,quantile,0.25,84.0
2026-01-10,wk inc flu hosp,3,2026-01-31,04,quantile,0.3,100.0
2026-01-10,wk inc flu hosp,3,2026-01-31,04,quantile,0.35,116.0
2026-01-10,wk inc flu hosp,3,2026-01-31,04,quantile,0.4,134.0
2026-01-10,wk inc flu hosp,3,2026-01-31,04,quantile,0.45,149.0
2026-01-10,wk inc flu hosp,3,2026-01-31,04,quantile,0.5,162.0
2026-01-10,wk inc flu hosp,3,2026-01-31,04,quantile,0.55,177.0
2026-01-10,wk inc flu hosp,3,2026-01-31,04,quantile,0.6,195.0
2026-01-10,wk inc flu hosp,3,2026-01-31,04,quantile,0.65,217.0
2026-01-10,wk inc flu hosp,3,2026-01-31,04,quantile,0.7,238.0
2026-01-10,wk inc flu hosp,3,2026-01-31,04,quantile,0.75,259.0
2026-01-10,wk inc flu hosp,3,2026-01-31,04,quantile,0.8,284.0
2026-01-10,wk inc flu hosp,3,2026-01-31,04,quantile,0.85,311.0
2026-01-10,wk inc flu hosp,3,2026-01-31,04,quantile,0.9,342.0
2026-01-10,wk inc flu hosp,3,2026-01-31,04,quantile,0.95,405.0
2026-01-10,wk inc flu hosp,3,2026-01-31,04,quantile,0.975,442.0
2026-01-10,wk inc flu hosp,3,2026-01-31,04,quantile,0.99,474.0
2026-01-10,wk inc flu hosp,3,2026-01-31,05,quantile,0.01,32.0
2026-01-10,wk inc flu hosp,3,2026-01-31,05,quantile,0.025,44.0
2026-01-10,wk inc flu hosp,3,2026-01-31,05,quantile,0.05,60.0
2026-01-10,wk inc flu hosp,3,2026-01-31,05,quantile,0.1,93.0
2026-01-10,wk inc flu hosp,3,2026-01-31,05,quantile,0.15,119.0
2026-01-10,wk inc flu hosp,3,2026-01-31,05,quantile,0.2,136.0
2026-01-10,wk inc flu hosp,3,2026-01-31,05,quantile,0.25,150.0
2026-01-10,wk inc flu hosp,3,2026-01-31,05,quantile,0.3,163.0
2026-01-10,wk inc flu hosp,3,2026-01-31,05,quantile,0.35,174.0
2026-01-10,wk inc flu hosp,3,2026-01-31,05,quantile,0.4,183.0
2026-01-10,wk inc flu hosp,3,2026-01-31,05,quantile,0.45,193.0
2026-01-10,wk inc flu hosp,3,2026-01-31,05,quantile,0.5,202.0
2026-01-10,wk inc flu hosp,3,2026-01-31,05,quantile,0.55,213.0
2026-01-10,wk inc flu hosp,3,2026-01-31,05,quantile,0.6,222.0
2026-01-10,wk inc flu hosp,3,2026-01-31,05,quantile,0.65,233.0
2026-01-10,wk inc flu hosp,3,2026-01-31,05,quantile,0.7,242.0
2026-01-10,wk inc flu hosp,3,2026-01-31,05,quantile,0.75,254.0
2026-01-10,wk inc flu hosp,3,2026-01-31,05,quantile,0.8,267.0
2026-01-10,wk inc flu hosp,3,2026-01-31,05,quantile,0.85,279.0
2026-01-10,wk inc flu hosp,3,2026-01-31,05,quantile,0.9,298.0
2026-01-10,wk inc flu hosp,3,2026-01-31,05,quantile,0.95,329.0
2026-01-10,wk inc flu hosp,3,2026-01-31,05,quantile,0.975,352.0
2026-01-10,wk inc flu hosp,3,2026-01-31,05,quantile,0.99,381.0
2026-01-10,wk inc flu hosp,3,2026-01-31,06,quantile,0.01,247.0
2026-01-10,wk inc flu hosp,3,2026-01-31,06,quantile,0.025,284.0
2026-01-10,wk inc flu hosp,3,2026-01-31,06,quantile,0.05,337.0
2026-01-10,wk inc flu hosp,3,2026-01-31,06,quantile,0.1,464.0
2026-01-10,wk inc flu hosp,3,2026-01-31,06,quantile,0.15,554.0
2026-01-10,wk inc flu hosp,3,2026-01-31,06,quantile,0.2,636.0
2026-01-10,wk inc flu hosp,3,2026-01-31,06,quantile,0.25,700.0
2026-01-10,wk inc flu hosp,3,2026-01-31,06,quantile,0.3,756.0
2026-01-10,wk inc flu hosp,3,2026-01-31,06,quantile,0.35,825.0
2026-01-10,wk inc flu hosp,3,2026-01-31,06,quantile,0.4,880.0
2026-01-10,wk inc flu hosp,3,2026-01-31,06,quantile,0.45,957.0
2026-01-10,wk inc flu hosp,3,2026-01-31,06,quantile,0.5,1017.0
2026-01-10,wk inc flu hosp,3,2026-01-31,06,quantile,0.55,1072.0
2026-01-10,wk inc flu hosp,3,2026-01-31,06,quantile,0.6,1137.0
2026-01-10,wk inc flu hosp,3,2026-01-31,06,quantile,0.65,1196.0
2026-01-10,wk inc flu hosp,3,2026-01-31,06,quantile,0.7,1267.0
2026-01-10,wk inc flu hosp,3,2026-01-31,06,quantile,0.75,1345.0
2026-01-10,wk inc flu hosp,3,2026-01-31,06,quantile,0.8,1417.0
2026-01-10,wk inc flu hosp,3,2026-01-31,06,quantile,0.85,1503.0
2026-01-10,wk inc flu hosp,3,2026-01-31,06,quantile,0.9,1614.0
2026-01-10,wk inc flu hosp,3,2026-01-31,06,quantile,0.95,1786.0
2026-01-10,wk inc flu hosp,3,2026-01-31,06,quantile,0.975,1910.0
2026-01-10,wk inc flu hosp,3,2026-01-31,06,quantile,0.99,2047.0
2026-01-10,wk inc flu hosp,3,2026-01-31,08,quantile,0.01,128.0
2026-01-10,wk inc flu hosp,3,2026-01-31,08,quantile,0.025,153.0
2026-01-10,wk inc flu hosp,3,2026-01-31,08,quantile,0.05,182.0
2026-01-10,wk inc flu hosp,3,2026-01-31,08,quantile,0.1,222.0
2026-01-10,wk inc flu hosp,3,2026-01-31,08,quantile,0.15,255.0
2026-01-10,wk inc flu hosp,3,2026-01-31,08,quantile,0.2,289.0
2026-01-10,wk inc flu hosp,3,2026-01-31,08,quantile,0.25,321.0
2026-01-10,wk inc flu hosp,3,2026-01-31,08,quantile,0.3,351.0
2026-01-10,wk inc flu hosp,3,2026-01-31,08,quantile,0.35,381.0
2026-01-10,wk inc flu hosp,3,2026-01-31,08,quantile,0.4,403.0
2026-01-10,wk inc flu hosp,3,2026-01-31,08,quantile,0.45,428.0
2026-01-10,wk inc flu hosp,3,2026-01-31,08,quantile,0.5,444.0
2026-01-10,wk inc flu hosp,3,2026-01-31,08,quantile,0.55,452.0
2026-01-10,wk inc flu hosp,3,2026-01-31,08,quantile,0.6,460.0
2026-01-10,wk inc flu hosp,3,2026-01-31,08,quantile,0.65,470.0
2026-01-10,wk inc flu hosp,3,2026-01-31,08,quantile,0.7,478.0
2026-01-10,wk inc flu hosp,3,2026-01-31,08,quantile,0.75,490.0
2026-01-10,wk inc flu hosp,3,2026-01-31,08,quantile,0.8,503.0
2026-01-10,wk inc flu hosp,3,2026-01-31,08,quantile,0.85,515.0
2026-01-10,wk inc flu hosp,3,2026-01-31,08,quantile,0.9,531.0
2026-01-10,wk inc flu hosp,3,2026-01-31,08,quantile,0.95,559.0
2026-01-10,wk inc flu hosp,3,2026-01-31,08,quantile,0.975,581.0
2026-01-10,wk inc flu hosp,3,2026-01-31,08,quantile,0.99,606.0
2026-01-10,wk inc flu hosp,3,2026-01-31,09,quantile,0.01,99.0
2026-01-10,wk inc flu hosp,3,2026-01-31,09,quantile,0.025,119.0
2026-01-10,wk inc flu hosp,3,2026-01-31,09,quantile,0.05,140.0
2026-01-10,wk inc flu hosp,3,2026-01-31,09,quantile,0.1,174.0
2026-01-10,wk inc flu hosp,3,2026-01-31,09,quantile,0.15,200.0
2026-01-10,wk inc flu hosp,3,2026-01-31,09,quantile,0.2,225.0
2026-01-10,wk inc flu hosp,3,2026-01-31,09,quantile,0.25,250.0
2026-01-10,wk inc flu hosp,3,2026-01-31,09,quantile,0.3,270.0
2026-01-10,wk inc flu hosp,3,2026-01-31,09,quantile,0.35,287.0
2026-01-10,wk inc flu hosp,3,2026-01-31,09,quantile,0.4,309.0
2026-01-10,wk inc flu hosp,3,2026-01-31,09,quantile,0.45,326.0
2026-01-10,wk inc flu hosp,3,2026-01-31,09,quantile,0.5,342.0
2026-01-10,wk inc flu hosp,3,2026-01-31,09,quantile,0.55,355.0
2026-01-10,wk inc flu hosp,3,2026-01-31,09,quantile,0.6,363.0
2026-01-10,wk inc flu hosp,3,2026-01-31,09,quantile,0.65,369.0
2026-01-10,wk inc flu hosp,3,2026-01-31,09,quantile,0.7,378.0
2026-01-10,wk inc flu hosp,3,2026-01-31,09,quantile,0.75,385.0
2026-01-10,wk inc flu hosp,3,2026-01-31,09,quantile,0.8,394.0
2026-01-10,wk inc flu hosp,3,2026-01-31,09,quantile,0.85,405.0
2026-01-10,wk inc flu hosp,3,2026-01-31,09,quantile,0.9,417.0
2026-01-10,wk inc flu hosp,3,2026-01-31,09,quantile,0.95,437.0
2026-01-10,wk inc flu hosp,3,2026-01-31,09,quantile,0.975,451.0
2026-01-10,wk inc flu hosp,3,2026-01-31,09,quantile,0.99,467.0
2026-01-10,wk inc flu hosp,3,2026-01-31,10,quantile,0.01,16.0
2026-01-10,wk inc flu hosp,3,2026-01-31,10,quantile,0.025,24.0
2026-01-10,wk inc flu hosp,3,2026-01-31,10,quantile,0.05,33.0
2026-01-10,wk inc flu hosp,3,2026-01-31,10,quantile,0.1,47.0
2026-01-10,wk inc flu hosp,3,2026-01-31,10,quantile,0.15,56.0
2026-01-10,wk inc flu hosp,3,2026-01-31,10,quantile,0.2,61.0
2026-01-10,wk inc flu hosp,3,2026-01-31,10,quantile,0.25,65.0
2026-01-10,wk inc flu hosp,3,2026-01-31,10,quantile,0.3,69.0
2026-01-10,wk inc flu hosp,3,2026-01-31,10,quantile,0.35,74.0
2026-01-10,wk inc flu hosp,3,2026-01-31,10,quantile,0.4,77.0
2026-01-10,wk inc flu hosp,3,2026-01-31,10,quantile,0.45,81.0
2026-01-10,wk inc flu hosp,3,2026-01-31,10,quantile,0.5,83.0
2026-01-10,wk inc flu hosp,3,2026-01-31,10,quantile,0.55,87.0
2026-01-10,wk inc flu hosp,3,2026-01-31,10,quantile,0.6,90.0
2026-01-10,wk inc flu hosp,3,2026-01-31,10,quantile,0.65,94.0
2026-01-10,wk inc flu hosp,3,2026-01-31,10,quantile,0.7,98.0
2026-01-10,wk inc flu hosp,3,2026-01-31,10,quantile,0.75,102.0
2026-01-10,wk inc flu hosp,3,2026-01-31,10,quantile,0.8,106.0
2026-01-10,wk inc flu hosp,3,2026-01-31,10,quantile,0.85,111.0
2026-01-10,wk inc flu hosp,3,2026-01-31,10,quantile,0.9,118.0
2026-01-10,wk inc flu hosp,3,2026-01-31,10,quantile,0.95,127.0
2026-01-10,wk inc flu hosp,3,2026-01-31,10,quantile,0.975,137.0
2026-01-10,wk inc flu hosp,3,2026-01-31,10,quantile,0.99,146.0
2026-01-10,wk inc flu hosp,3,2026-01-31,11,quantile,0.01,4.0
2026-01-10,wk inc flu hosp,3,2026-01-31,11,quantile,0.025,9.0
2026-01-10,wk inc flu hosp,3,2026-01-31,11,quantile,0.05,13.0
2026-01-10,wk inc flu hosp,3,2026-01-31,11,quantile,0.1,20.0
2026-01-10,wk inc flu hosp,3,2026-01-31,11,quantile,0.15,25.0
2026-01-10,wk inc flu hosp,3,2026-01-31,11,quantile,0.2,30.0
2026-01-10,wk inc flu hosp,3,2026-01-31,11,quantile,0.25,34.0
2026-01-10,wk inc flu hosp,3,2026-01-31,11,quantile,0.3,36.0
2026-01-10,wk inc flu hosp,3,2026-01-31,11,quantile,0.35,37.0
2026-01-10,wk inc flu hosp,3,2026-01-31,11,quantile,0.4,39.0
2026-01-10,wk inc flu hosp,3,2026-01-31,11,quantile,0.45,41.0
2026-01-10,wk inc flu hosp,3,2026-01-31,11,quantile,0.5,42.0
2026-01-10,wk inc flu hosp,3,2026-01-31,11,quantile,0.55,44.0
2026-01-10,wk inc flu hosp,3,2026-01-31,11,quantile,0.6,45.0
2026-01-10,wk inc flu hosp,3,2026-01-31,11,quantile,0.65,47.0
2026-01-10,wk inc flu hosp,3,2026-01-31,11,quantile,0.7,48.0
2026-01-10,wk inc flu hosp,3,2026-01-31,11,quantile,0.75,50.0
2026-01-10,wk inc flu hosp,3,2026-01-31,11,quantile,0.8,52.0
2026-01-10,wk inc flu hosp,3,2026-01-31,11,quantile,0.85,55.0
2026-01-10,wk inc flu hosp,3,2026-01-31,11,quantile,0.9,59.0
2026-01-10,wk inc flu hosp,3,2026-01-31,11,quantile,0.95,63.0
2026-01-10,wk inc flu hosp,3,2026-01-31,11,quantile,0.975,67.0
2026-01-10,wk inc flu hosp,3,2026-01-31,11,quantile,0.99,71.0
2026-01-10,wk inc flu hosp,3,2026-01-31,12,quantile,0.01,177.0
2026-01-10,wk inc flu hosp,3,2026-01-31,12,quantile,0.025,286.0
2026-01-10,wk inc flu hosp,3,2026-01-31,12,quantile,0.05,410.0
2026-01-10,wk inc flu hosp,3,2026-01-31,12,quantile,0.1,563.0
2026-01-10,wk inc flu hosp,3,2026-01-31,12,quantile,0.15,681.0
2026-01-10,wk inc flu hosp,3,2026-01-31,12,quantile,0.2,796.0
2026-01-10,wk inc flu hosp,3,2026-01-31,12,quantile,0.25,904.0
2026-01-10,wk inc flu hosp,3,2026-01-31,12,quantile,0.3,994.0
2026-01-10,wk inc flu hosp,3,2026-01-31,12,quantile,0.35,1100.0
2026-01-10,wk inc flu hosp,3,2026-01-31,12,quantile,0.4,1200.0
2026-01-10,wk inc flu hosp,3,2026-01-31,12,quantile,0.45,1235.0
2026-01-10,wk inc flu hosp,3,2026-01-31,12,quantile,0.5,1271.0
2026-01-10,wk inc flu hosp,3,2026-01-31,12,quantile,0.55,1304.0
2026-01-10,wk inc flu hosp,3,2026-01-31,12,quantile,0.6,1345.0
2026-01-10,wk inc flu hosp,3,2026-01-31,12,quantile,0.65,1386.0
2026-01-10,wk inc flu hosp,3,2026-01-31,12,quantile,0.7,1430.0
2026-01-10,wk inc flu hosp,3,2026-01-31,12,quantile,0.75,1476.0
2026-01-10,wk inc flu hosp,3,2026-01-31,12,quantile,0.8,1517.0
2026-01-10,wk inc flu hosp,3,2026-01-31,12,quantile,0.85,1571.0
2026-01-10,wk inc flu hosp,3,2026-01-31,12,quantile,0.9,1650.0
2026-01-10,wk inc flu hosp,3,2026-01-31,12,quantile,0.95,1768.0
2026-01-10,wk inc flu hosp,3,2026-01-31,12,quantile,0.975,1887.0
2026-01-10,wk inc flu hosp,3,2026-01-31,12,quantile,0.99,2031.0
2026-01-10,wk inc flu hosp,3,2026-01-31,13,quantile,0.01,74.0
2026-01-10,wk inc flu hosp,3,2026-01-31,13,quantile,0.025,127.0
2026-01-10,wk inc flu hosp,3,2026-01-31,13,quantile,0.05,221.0
2026-01-10,wk inc flu hosp,3,2026-01-31,13,quantile,0.1,318.0
2026-01-10,wk inc flu hosp,3,2026-01-31,13,quantile,0.15,412.0
2026-01-10,wk inc flu hosp,3,2026-01-31,13,quantile,0.2,493.0
2026-01-10,wk inc flu hosp,3,2026-01-31,13,quantile,0.25,545.0
2026-01-10,wk inc flu hosp,3,2026-01-31,13,quantile,0.3,576.0
2026-01-10,wk inc flu hosp,3,2026-01-31,13,quantile,0.35,602.0
2026-01-10,wk inc flu hosp,3,2026-01-31,13,quantile,0.4,624.0
2026-01-10,wk inc flu hosp,3,2026-01-31,13,quantile,0.45,651.0
2026-01-10,wk inc flu hosp,3,2026-01-31,13,quantile,0.5,674.0
2026-01-10,wk inc flu hosp,3,2026-01-31,13,quantile,0.55,700.0
2026-01-10,wk inc flu hosp,3,2026-01-31,13,quantile,0.6,726.0
2026-01-10,wk inc flu hosp,3,2026-01-31,13,quantile,0.65,750.0
2026-01-10,wk inc flu hosp,3,2026-01-31,13,quantile,0.7,781.0
2026-01-10,wk inc flu hosp,3,2026-01-31,13,quantile,0.75,811.0
2026-01-10,wk inc flu hosp,3,2026-01-31,13,quantile,0.8,839.0
2026-01-10,wk inc flu hosp,3,2026-01-31,13,quantile,0.85,874.0
2026-01-10,wk inc flu hosp,3,2026-01-31,13,quantile,0.9,924.0
2026-01-10,wk inc flu hosp,3,2026-01-31,13,quantile,0.95,986.0
2026-01-10,wk inc flu hosp,3,2026-01-31,13,quantile,0.975,1037.0
2026-01-10,wk inc flu hosp,3,2026-01-31,13,quantile,0.99,1100.0
2026-01-10,wk inc flu hosp,3,2026-01-31,15,quantile,0.01,6.0
2026-01-10,wk inc flu hosp,3,2026-01-31,15,quantile,0.025,8.0
2026-01-10,wk inc flu hosp,3,2026-01-31,15,quantile,0.05,9.0
2026-01-10,wk inc flu hosp,3,2026-01-31,15,quantile,0.1,24.0
2026-01-10,wk inc flu hosp,3,2026-01-31,15,quantile,0.15,35.0
2026-01-10,wk inc flu hosp,3,2026-01-31,15,quantile,0.2,47.0
2026-01-10,wk inc flu hosp,3,2026-01-31,15,quantile,0.25,54.0
2026-01-10,wk inc flu hosp,3,2026-01-31,15,quantile,0.3,59.0
2026-01-10,wk inc flu hosp,3,2026-01-31,15,quantile,0.35,65.0
2026-01-10,wk inc flu hosp,3,2026-01-31,15,quantile,0.4,70.0
2026-01-10,wk inc flu hosp,3,2026-01-31,15,quantile,0.45,75.0
2026-01-10,wk inc flu hosp,3,2026-01-31,15,quantile,0.5,79.0
2026-01-10,wk inc flu hosp,3,2026-01-31,15,quantile,0.55,83.0
2026-01-10,wk inc flu hosp,3,2026-01-31,15,quantile,0.6,89.0
2026-01-10,wk inc flu hosp,3,2026-01-31,15,quantile,0.65,95.0
2026-01-10,wk inc flu hosp,3,2026-01-31,15,quantile,0.7,101.0
2026-01-10,wk inc flu hosp,3,2026-01-31,15,quantile,0.75,108.0
2026-01-10,wk inc flu hosp,3,2026-01-31,15,quantile,0.8,115.0
2026-01-10,wk inc flu hosp,3,2026-01-31,15,quantile,0.85,123.0
2026-01-10,wk inc flu hosp,3,2026-01-31,15,quantile,0.9,136.0
2026-01-10,wk inc flu hosp,3,2026-01-31,15,quantile,0.95,153.0
2026-01-10,wk inc flu hosp,3,2026-01-31,15,quantile,0.975,168.0
2026-01-10,wk inc flu hosp,3,2026-01-31,15,quantile,0.99,184.0
2026-01-10,wk inc flu hosp,3,2026-01-31,16,quantile,0.01,8.0
2026-01-10,wk inc flu hosp,3,2026-01-31,16,quantile,0.025,14.0
2026-01-10,wk inc flu hosp,3,2026-01-31,16,quantile,0.05,23.0
2026-01-10,wk inc flu hosp,3,2026-01-31,16,quantile,0.1,38.0
2026-01-10,wk inc flu hosp,3,2026-01-31,16,quantile,0.15,53.0
2026-01-10,wk inc flu hosp,3,2026-01-31,16,quantile,0.2,62.0
2026-01-10,wk inc flu hosp,3,2026-01-31,16,quantile,0.25,67.0
2026-01-10,wk inc flu hosp,3,2026-01-31,16,quantile,0.3,71.0
2026-01-10,wk inc flu hosp,3,2026-01-31,16,quantile,0.35,76.0
2026-01-10,wk inc flu hosp,3,2026-01-31,16,quantile,0.4,81.0
2026-01-10,wk inc flu hosp,3,2026-01-31,16,quantile,0.45,85.0
2026-01-10,wk inc flu hosp,3,2026-01-31,16,quantile,0.5,88.0
2026-01-10,wk inc flu hosp,3,2026-01-31,16,quantile,0.55,92.0
2026-01-10,wk inc flu hosp,3,2026-01-31,16,quantile,0.6,96.0
2026-01-10,wk inc flu hosp,3,2026-01-31,16,quantile,0.65,100.0
2026-01-10,wk inc flu hosp,3,2026-01-31,16,quantile,0.7,104.0
2026-01-10,wk inc flu hosp,3,2026-01-31,16,quantile,0.75,108.0
2026-01-10,wk inc flu hosp,3,2026-01-31,16,quantile,0.8,113.0
2026-01-10,wk inc flu hosp,3,2026-01-31,16,quantile,0.85,119.0
2026-01-10,wk inc flu hosp,3,2026-01-31,16,quantile,0.9,126.0
2026-01-10,wk inc flu hosp,3,2026-01-31,16,quantile,0.95,138.0
2026-01-10,wk inc flu hosp,3,2026-01-31,16,quantile,0.975,148.0
2026-01-10,wk inc flu hosp,3,2026-01-31,16,quantile,0.99,162.0
2026-01-10,wk inc flu hosp,3,2026-01-31,17,quantile,0.01,124.0
2026-01-10,wk inc flu hosp,3,2026-01-31,17,quantile,0.025,215.0
2026-01-10,wk inc flu hosp,3,2026-01-31,17,quantile,0.05,291.0
2026-01-10,wk inc flu hosp,3,2026-01-31,17,quantile,0.1,416.0
2026-01-10,wk inc flu hosp,3,2026-01-31,17,quantile,0.15,528.0
2026-01-10,wk inc flu hosp,3,2026-01-31,17,quantile,0.2,609.0
2026-01-10,wk inc flu hosp,3,2026-01-31,17,quantile,0.25,663.0
2026-01-10,wk inc flu hosp,3,2026-01-31,17,quantile,0.3,705.0
2026-01-10,wk inc flu hosp,3,2026-01-31,17,quantile,0.35,740.0
2026-01-10,wk inc flu hosp,3,2026-01-31,17,quantile,0.4,775.0
2026-01-10,wk inc flu hosp,3,2026-01-31,17,quantile,0.45,809.0
2026-01-10,wk inc flu hosp,3,2026-01-31,17,quantile,0.5,841.0
2026-01-10,wk inc flu hosp,3,2026-01-31,17,quantile,0.55,871.0
2026-01-10,wk inc flu hosp,3,2026-01-31,17,quantile,0.6,909.0
2026-01-10,wk inc flu hosp,3,2026-01-31,17,quantile,0.65,942.0
2026-01-10,wk inc flu hosp,3,2026-01-31,17,quantile,0.7,980.0
2026-01-10,wk inc flu hosp,3,2026-01-31,17,quantile,0.75,1030.0
2026-01-10,wk inc flu hosp,3,2026-01-31,17,quantile,0.8,1070.0
2026-01-10,wk inc flu hosp,3,2026-01-31,17,quantile,0.85,1125.0
2026-01-10,wk inc flu hosp,3,2026-01-31,17,quantile,0.9,1184.0
2026-01-10,wk inc flu hosp,3,2026-01-31,17,quantile,0.95,1275.0
2026-01-10,wk inc flu hosp,3,2026-01-31,17,quantile,0.975,1352.0
2026-01-10,wk inc flu hosp,3,2026-01-31,17,quantile,0.99,1436.0
2026-01-10,wk inc flu hosp,3,2026-01-31,18,quantile,0.01,53.0
2026-01-10,wk inc flu hosp,3,2026-01-31,18,quantile,0.025,80.0
2026-01-10,wk inc flu hosp,3,2026-01-31,18,quantile,0.05,132.0
2026-01-10,wk inc flu hosp,3,2026-01-31,18,quantile,0.1,219.0
2026-01-10,wk inc flu hosp,3,2026-01-31,18,quantile,0.15,288.0
2026-01-10,wk inc flu hosp,3,2026-01-31,18,quantile,0.2,337.0
2026-01-10,wk inc flu hosp,3,2026-01-31,18,quantile,0.25,366.0
2026-01-10,wk inc flu hosp,3,2026-01-31,18,quantile,0.3,394.0
2026-01-10,wk inc flu hosp,3,2026-01-31,18,quantile,0.35,421.0
2026-01-10,wk inc flu hosp,3,2026-01-31,18,quantile,0.4,445.0
2026-01-10,wk inc flu hosp,3,2026-01-31,18,quantile,0.45,467.0
2026-01-10,wk inc flu hosp,3,2026-01-31,18,quantile,0.5,491.0
2026-01-10,wk inc flu hosp,3,2026-01-31,18,quantile,0.55,510.0
2026-01-10,wk inc flu hosp,3,2026-01-31,18,quantile,0.6,536.0
2026-01-10,wk inc flu hosp,3,2026-01-31,18,quantile,0.65,560.0
2026-01-10,wk inc flu hosp,3,2026-01-31,18,quantile,0.7,587.0
2026-01-10,wk inc flu hosp,3,2026-01-31,18,quantile,0.75,616.0
2026-01-10,wk inc flu hosp,3,2026-01-31,18,quantile,0.8,640.0
2026-01-10,wk inc flu hosp,3,2026-01-31,18,quantile,0.85,672.0
2026-01-10,wk inc flu hosp,3,2026-01-31,18,quantile,0.9,710.0
2026-01-10,wk inc flu hosp,3,2026-01-31,18,quantile,0.95,770.0
2026-01-10,wk inc flu hosp,3,2026-01-31,18,quantile,0.975,830.0
2026-01-10,wk inc flu hosp,3,2026-01-31,18,quantile,0.99,895.0
2026-01-10,wk inc flu hosp,3,2026-01-31,19,quantile,0.01,74.0
2026-01-10,wk inc flu hosp,3,2026-01-31,19,quantile,0.025,103.0
2026-01-10,wk inc flu hosp,3,2026-01-31,19,quantile,0.05,123.0
2026-01-10,wk inc flu hosp,3,2026-01-31,19,quantile,0.1,152.0
2026-01-10,wk inc flu hosp,3,2026-01-31,19,quantile,0.15,175.0
2026-01-10,wk inc flu hosp,3,2026-01-31,19,quantile,0.2,194.0
2026-01-10,wk inc flu hosp,3,2026-01-31,19,quantile,0.25,212.0
2026-01-10,wk inc flu hosp,3,2026-01-31,19,quantile,0.3,230.0
2026-01-10,wk inc flu hosp,3,2026-01-31,19,quantile,0.35,248.0
2026-01-10,wk inc flu hosp,3,2026-01-31,19,quantile,0.4,263.0
2026-01-10,wk inc flu hosp,3,2026-01-31,19,quantile,0.45,278.0
2026-01-10,wk inc flu hosp,3,2026-01-31,19,quantile,0.5,295.0
2026-01-10,wk inc flu hosp,3,2026-01-31,19,quantile,0.55,314.0
2026-01-10,wk inc flu hosp,3,2026-01-31,19,quantile,0.6,329.0
2026-01-10,wk inc flu hosp,3,2026-01-31,19,quantile,0.65,335.0
2026-01-10,wk inc flu hosp,3,2026-01-31,19,quantile,0.7,343.0
2026-01-10,wk inc flu hosp,3,2026-01-31,19,quantile,0.75,353.0
2026-01-10,wk inc flu hosp,3,2026-01-31,19,quantile,0.8,364.0
2026-01-10,wk inc flu hosp,3,2026-01-31,19,quantile,0.85,376.0
2026-01-10,wk inc flu hosp,3,2026-01-31,19,quantile,0.9,391.0
2026-01-10,wk inc flu hosp,3,2026-01-31,19,quantile,0.95,417.0
2026-01-10,wk inc flu hosp,3,2026-01-31,19,quantile,0.975,438.0
2026-01-10,wk inc flu hosp,3,2026-01-31,19,quantile,0.99,460.0
2026-01-10,wk inc flu hosp,3,2026-01-31,20,quantile,0.01,51.0
2026-01-10,wk inc flu hosp,3,2026-01-31,20,quantile,0.025,75.0
2026-01-10,wk inc flu hosp,3,2026-01-31,20,quantile,0.05,92.0
2026-01-10,wk inc flu hosp,3,2026-01-31,20,quantile,0.1,117.0
2026-01-10,wk inc flu hosp,3,2026-01-31,20,quantile,0.15,131.0
2026-01-10,wk inc flu hosp,3,2026-01-31,20,quantile,0.2,141.0
2026-01-10,wk inc flu hosp,3,2026-01-31,20,quantile,0.25,148.0
2026-01-10,wk inc flu hosp,3,2026-01-31,20,quantile,0.3,157.0
2026-01-10,wk inc flu hosp,3,2026-01-31,20,quantile,0.35,163.0
2026-01-10,wk inc flu hosp,3,2026-01-31,20,quantile,0.4,170.0
2026-01-10,wk inc flu hosp,3,2026-01-31,20,quantile,0.45,176.0
2026-01-10,wk inc flu hosp,3,2026-01-31,20,quantile,0.5,183.0
2026-01-10,wk inc flu hosp,3,2026-01-31,20,quantile,0.55,191.0
2026-01-10,wk inc flu hosp,3,2026-01-31,20,quantile,0.6,198.0
2026-01-10,wk inc flu hosp,3,2026-01-31,20,quantile,0.65,205.0
2026-01-10,wk inc flu hosp,3,2026-01-31,20,quantile,0.7,211.0
2026-01-10,wk inc flu hosp,3,2026-01-31,20,quantile,0.75,219.0
2026-01-10,wk inc flu hosp,3,2026-01-31,20,quantile,0.8,228.0
2026-01-10,wk inc flu hosp,3,2026-01-31,20,quantile,0.85,240.0
2026-01-10,wk inc flu hosp,3,2026-01-31,20,quantile,0.9,251.0
2026-01-10,wk inc flu hosp,3,2026-01-31,20,quantile,0.95,269.0
2026-01-10,wk inc flu hosp,3,2026-01-31,20,quantile,0.975,287.0
2026-01-10,wk inc flu hosp,3,2026-01-31,20,quantile,0.99,310.0
2026-01-10,wk inc flu hosp,3,2026-01-31,21,quantile,0.01,49.0
2026-01-10,wk inc flu hosp,3,2026-01-31,21,quantile,0.025,58.0
2026-01-10,wk inc flu hosp,3,2026-01-31,21,quantile,0.05,65.0
2026-01-10,wk inc flu hosp,3,2026-01-31,21,quantile,0.1,127.0
2026-01-10,wk inc flu hosp,3,2026-01-31,21,quantile,0.15,171.0
2026-01-10,wk inc flu hosp,3,2026-01-31,21,quantile,0.2,209.0
2026-01-10,wk inc flu hosp,3,2026-01-31,21,quantile,0.25,235.0
2026-01-10,wk inc flu hosp,3,2026-01-31,21,quantile,0.3,254.0
2026-01-10,wk inc flu hosp,3,2026-01-31,21,quantile,0.35,272.0
2026-01-10,wk inc flu hosp,3,2026-01-31,21,quantile,0.4,290.0
2026-01-10,wk inc flu hosp,3,2026-01-31,21,quantile,0.45,308.0
2026-01-10,wk inc flu hosp,3,2026-01-31,21,quantile,0.5,324.0
2026-01-10,wk inc flu hosp,3,2026-01-31,21,quantile,0.55,340.0
2026-01-10,wk inc flu hosp,3,2026-01-31,21,quantile,0.6,359.0
2026-01-10,wk inc flu hosp,3,2026-01-31,21,quantile,0.65,374.0
2026-01-10,wk inc flu hosp,3,2026-01-31,21,quantile,0.7,396.0
2026-01-10,wk inc flu hosp,3,2026-01-31,21,quantile,0.75,420.0
2026-01-10,wk inc flu hosp,3,2026-01-31,21,quantile,0.8,440.0
2026-01-10,wk inc flu hosp,3,2026-01-31,21,quantile,0.85,465.0
2026-01-10,wk inc flu hosp,3,2026-01-31,21,quantile,0.9,503.0
2026-01-10,wk inc flu hosp,3,2026-01-31,21,quantile,0.95,563.0
2026-01-10,wk inc flu hosp,3,2026-01-31,21,quantile,0.975,603.0
2026-01-10,wk inc flu hosp,3,2026-01-31,21,quantile,0.99,652.0
2026-01-10,wk inc flu hosp,3,2026-01-31,22,quantile,0.01,22.0
2026-01-10,wk inc flu hosp,3,2026-01-31,22,quantile,0.025,50.0
2026-01-10,wk inc flu hosp,3,2026-01-31,22,quantile,0.05,76.0
2026-01-10,wk inc flu hosp,3,2026-01-31,22,quantile,0.1,108.0
2026-01-10,wk inc flu hosp,3,2026-01-31,22,quantile,0.15,137.0
2026-01-10,wk inc flu hosp,3,2026-01-31,22,quantile,0.2,160.0
2026-01-10,wk inc flu hosp,3,2026-01-31,22,quantile,0.25,188.0
2026-01-10,wk inc flu hosp,3,2026-01-31,22,quantile,0.3,218.0
2026-01-10,wk inc flu hosp,3,2026-01-31,22,quantile,0.35,239.0
2026-01-10,wk inc flu hosp,3,2026-01-31,22,quantile,0.4,260.0
2026-01-10,wk inc flu hosp,3,2026-01-31,22,quantile,0.45,277.0
2026-01-10,wk inc flu hosp,3,2026-01-31,22,quantile,0.5,298.0
2026-01-10,wk inc flu hosp,3,2026-01-31,22,quantile,0.55,309.0
2026-01-10,wk inc flu hosp,3,2026-01-31,22,quantile,0.6,319.0
2026-01-10,wk inc flu hosp,3,2026-01-31,22,quantile,0.65,330.0
2026-01-10,wk inc flu hosp,3,2026-01-31,22,quantile,0.7,342.0
2026-01-10,wk inc flu hosp,3,2026-01-31,22,quantile,0.75,355.0
2026-01-10,wk inc flu hosp,3,2026-01-31,22,quantile,0.8,369.0
2026-01-10,wk inc flu hosp,3,2026-01-31,22,quantile,0.85,384.0
2026-01-10,wk inc flu hosp,3,2026-01-31,22,quantile,0.9,405.0
2026-01-10,wk inc flu hosp,3,2026-01-31,22,quantile,0.95,434.0
2026-01-10,wk inc flu hosp,3,2026-01-31,22,quantile,0.975,462.0
2026-01-10,wk inc flu hosp,3,2026-01-31,22,quantile,0.99,494.0
2026-01-10,wk inc flu hosp,3,2026-01-31,23,quantile,0.01,38.0
2026-01-10,wk inc flu hosp,3,2026-01-31,23,quantile,0.025,45.0
2026-01-10,wk inc flu hosp,3,2026-01-31,23,quantile,0.05,53.0
2026-01-10,wk inc flu hosp,3,2026-01-31,23,quantile,0.1,65.0
2026-01-10,wk inc flu hosp,3,2026-01-31,23,quantile,0.15,76.0
2026-01-10,wk inc flu hosp,3,2026-01-31,23,quantile,0.2,84.0
2026-01-10,wk inc flu hosp,3,2026-01-31,23,quantile,0.25,92.0
2026-01-10,wk inc flu hosp,3,2026-01-31,23,quantile,0.3,98.0
2026-01-10,wk inc flu hosp,3,2026-01-31,23,quantile,0.35,102.0
2026-01-10,wk inc flu hosp,3,2026-01-31,23,quantile,0.4,105.0
2026-01-10,wk inc flu hosp,3,2026-01-31,23,quantile,0.45,109.0
2026-01-10,wk inc flu hosp,3,2026-01-31,23,quantile,0.5,112.0
2026-01-10,wk inc flu hosp,3,2026-01-31,23,quantile,0.55,115.0
2026-01-10,wk inc flu hosp,3,2026-01-31,23,quantile,0.6,118.0
2026-01-10,wk inc flu hosp,3,2026-01-31,23,quantile,0.65,120.0
2026-01-10,wk inc flu hosp,3,2026-01-31,23,quantile,0.7,124.0
2026-01-10,wk inc flu hosp,3,2026-01-31,23,quantile,0.75,129.0
2026-01-10,wk inc flu hosp,3,2026-01-31,23,quantile,0.8,132.0
2026-01-10,wk inc flu hosp,3,2026-01-31,23,quantile,0.85,137.0
2026-01-10,wk inc flu hosp,3,2026-01-31,23,quantile,0.9,143.0
2026-01-10,wk inc flu hosp,3,2026-01-31,23,quantile,0.95,152.0
2026-01-10,wk inc flu hosp,3,2026-01-31,23,quantile,0.975,160.0
2026-01-10,wk inc flu hosp,3,2026-01-31,23,quantile,0.99,165.0
2026-01-10,wk inc flu hosp,3,2026-01-31,24,quantile,0.01,82.0
2026-01-10,wk inc flu hosp,3,2026-01-31,24,quantile,0.025,134.0
2026-01-10,wk inc flu hosp,3,2026-01-31,24,quantile,0.05,186.0
2026-01-10,wk inc flu hosp,3,2026-01-31,24,quantile,0.1,256.0
2026-01-10,wk inc flu hosp,3,2026-01-31,24,quantile,0.15,308.0
2026-01-10,wk inc flu hosp,3,2026-01-31,24,quantile,0.2,363.0
2026-01-10,wk inc flu hosp,3,2026-01-31,24,quantile,0.25,410.0
2026-01-10,wk inc flu hosp,3,2026-01-31,24,quantile,0.3,456.0
2026-01-10,wk inc flu hosp,3,2026-01-31,24,quantile,0.35,498.0
2026-01-10,wk inc flu hosp,3,2026-01-31,24,quantile,0.4,533.0
2026-01-10,wk inc flu hosp,3,2026-01-31,24,quantile,0.45,555.0
2026-01-10,wk inc flu hosp,3,2026-01-31,24,quantile,0.5,575.0
2026-01-10,wk inc flu hosp,3,2026-01-31,24,quantile,0.55,592.0
2026-01-10,wk inc flu hosp,3,2026-01-31,24,quantile,0.6,612.0
2026-01-10,wk inc flu hosp,3,2026-01-31,24,quantile,0.65,632.0
2026-01-10,wk inc flu hosp,3,2026-01-31,24,quantile,0.7,651.0
2026-01-10,wk inc flu hosp,3,2026-01-31,24,quantile,0.75,676.0
2026-01-10,wk inc flu hosp,3,2026-01-31,24,quantile,0.8,697.0
2026-01-10,wk inc flu hosp,3,2026-01-31,24,quantile,0.85,722.0
2026-01-10,wk inc flu hosp,3,2026-01-31,24,quantile,0.9,755.0
2026-01-10,wk inc flu hosp,3,2026-01-31,24,quantile,0.95,802.0
2026-01-10,wk inc flu hosp,3,2026-01-31,24,quantile,0.975,849.0
2026-01-10,wk inc flu hosp,3,2026-01-31,24,quantile,0.99,903.0
2026-01-10,wk inc flu hosp,3,2026-01-31,25,quantile,0.01,184.0
2026-01-10,wk inc flu hosp,3,2026-01-31,25,quantile,0.025,242.0
2026-01-10,wk inc flu hosp,3,2026-01-31,25,quantile,0.05,301.0
2026-01-10,wk inc flu hosp,3,2026-01-31,25,quantile,0.1,368.0
2026-01-10,wk inc flu hosp,3,2026-01-31,25,quantile,0.15,427.0
2026-01-10,wk inc flu hosp,3,2026-01-31,25,quantile,0.2,477.0
2026-01-10,wk inc flu hosp,3,2026-01-31,25,quantile,0.25,521.0
2026-01-10,wk inc flu hosp,3,2026-01-31,25,quantile,0.3,562.0
2026-01-10,wk inc flu hosp,3,2026-01-31,25,quantile,0.35,606.0
2026-01-10,wk inc flu hosp,3,2026-01-31,25,quantile,0.4,636.0
2026-01-10,wk inc flu hosp,3,2026-01-31,25,quantile,0.45,653.0
2026-01-10,wk inc flu hosp,3,2026-01-31,25,quantile,0.5,670.0
2026-01-10,wk inc flu hosp,3,2026-01-31,25,quantile,0.55,687.0
2026-01-10,wk inc flu hosp,3,2026-01-31,25,quantile,0.6,698.0
2026-01-10,wk inc flu hosp,3,2026-01-31,25,quantile,0.65,714.0
2026-01-10,wk inc flu hosp,3,2026-01-31,25,quantile,0.7,730.0
2026-01-10,wk inc flu hosp,3,2026-01-31,25,quantile,0.75,750.0
2026-01-10,wk inc flu hosp,3,2026-01-31,25,quantile,0.8,769.0
2026-01-10,wk inc flu hosp,3,2026-01-31,25,quantile,0.85,791.0
2026-01-10,wk inc flu hosp,3,2026-01-31,25,quantile,0.9,824.0
2026-01-10,wk inc flu hosp,3,2026-01-31,25,quantile,0.95,870.0
2026-01-10,wk inc flu hosp,3,2026-01-31,25,quantile,0.975,908.0
2026-01-10,wk inc flu hosp,3,2026-01-31,25,quantile,0.99,952.0
2026-01-10,wk inc flu hosp,3,2026-01-31,26,quantile,0.01,137.0
2026-01-10,wk inc flu hosp,3,2026-01-31,26,quantile,0.025,222.0
2026-01-10,wk inc flu hosp,3,2026-01-31,26,quantile,0.05,299.0
2026-01-10,wk inc flu hosp,3,2026-01-31,26,quantile,0.1,389.0
2026-01-10,wk inc flu hosp,3,2026-01-31,26,quantile,0.15,475.0
2026-01-10,wk inc flu hosp,3,2026-01-31,26,quantile,0.2,547.0
2026-01-10,wk inc flu hosp,3,2026-01-31,26,quantile,0.25,607.0
2026-01-10,wk inc flu hosp,3,2026-01-31,26,quantile,0.3,640.0
2026-01-10,wk inc flu hosp,3,2026-01-31,26,quantile,0.35,661.0
2026-01-10,wk inc flu hosp,3,2026-01-31,26,quantile,0.4,682.0
2026-01-10,wk inc flu hosp,3,2026-01-31,26,quantile,0.45,700.0
2026-01-10,wk inc flu hosp,3,2026-01-31,26,quantile,0.5,720.0
2026-01-10,wk inc flu hosp,3,2026-01-31,26,quantile,0.55,743.0
2026-01-10,wk inc flu hosp,3,2026-01-31,26,quantile,0.6,765.0
2026-01-10,wk inc flu hosp,3,2026-01-31,26,quantile,0.65,788.0
2026-01-10,wk inc flu hosp,3,2026-01-31,26,quantile,0.7,812.0
2026-01-10,wk inc flu hosp,3,2026-01-31,26,quantile,0.75,840.0
2026-01-10,wk inc flu hosp,3,2026-01-31,26,quantile,0.8,865.0
2026-01-10,wk inc flu hosp,3,2026-01-31,26,quantile,0.85,900.0
2026-01-10,wk inc flu hosp,3,2026-01-31,26,quantile,0.9,934.0
2026-01-10,wk inc flu hosp,3,2026-01-31,26,quantile,0.95,995.0
2026-01-10,wk inc flu hosp,3,2026-01-31,26,quantile,0.975,1038.0
2026-01-10,wk inc flu hosp,3,2026-01-31,26,quantile,0.99,1106.0
2026-01-10,wk inc flu hosp,3,2026-01-31,27,quantile,0.01,107.0
2026-01-10,wk inc flu hosp,3,2026-01-31,27,quantile,0.025,161.0
2026-01-10,wk inc flu hosp,3,2026-01-31,27,quantile,0.05,219.0
2026-01-10,wk inc flu hosp,3,2026-01-31,27,quantile,0.1,292.0
2026-01-10,wk inc flu hosp,3,2026-01-31,27,quantile,0.15,346.0
2026-01-10,wk inc flu hosp,3,2026-01-31,27,quantile,0.2,400.0
2026-01-10,wk inc flu hosp,3,2026-01-31,27,quantile,0.25,449.0
2026-01-10,wk inc flu hosp,3,2026-01-31,27,quantile,0.3,492.0
2026-01-10,wk inc flu hosp,3,2026-01-31,27,quantile,0.35,537.0
2026-01-10,wk inc flu hosp,3,2026-01-31,27,quantile,0.4,563.0
2026-01-10,wk inc flu hosp,3,2026-01-31,27,quantile,0.45,582.0
2026-01-10,wk inc flu hosp,3,2026-01-31,27,quantile,0.5,598.0
2026-01-10,wk inc flu hosp,3,2026-01-31,27,quantile,0.55,619.0
2026-01-10,wk inc flu hosp,3,2026-01-31,27,quantile,0.6,639.0
2026-01-10,wk inc flu hosp,3,2026-01-31,27,quantile,0.65,662.0
2026-01-10,wk inc flu hosp,3,2026-01-31,27,quantile,0.7,683.0
2026-01-10,wk inc flu hosp,3,2026-01-31,27,quantile,0.75,707.0
2026-01-10,wk inc flu hosp,3,2026-01-31,27,quantile,0.8,728.0
2026-01-10,wk inc flu hosp,3,2026-01-31,27,quantile,0.85,758.0
2026-01-10,wk inc flu hosp,3,2026-01-31,27,quantile,0.9,795.0
2026-01-10,wk inc flu hosp,3,2026-01-31,27,quantile,0.95,847.0
2026-01-10,wk inc flu hosp,3,2026-01-31,27,quantile,0.975,883.0
2026-01-10,wk inc flu hosp,3,2026-01-31,27,quantile,0.99,939.0
2026-01-10,wk inc flu hosp,3,2026-01-31,28,quantile,0.01,7.0
2026-01-10,wk inc flu hosp,3,2026-01-31,28,quantile,0.025,15.0
2026-01-10,wk inc flu hosp,3,2026-01-31,28,quantile,0.05,19.0
2026-01-10,wk inc flu hosp,3,2026-01-31,28,quantile,0.1,28.0
2026-01-10,wk inc flu hosp,3,2026-01-31,28,quantile,0.15,33.0
2026-01-10,wk inc flu hosp,3,2026-01-31,28,quantile,0.2,38.0
2026-01-10,wk inc flu hosp,3,2026-01-31,28,quantile,0.25,47.0
2026-01-10,wk inc flu hosp,3,2026-01-31,28,quantile,0.3,57.0
2026-01-10,wk inc flu hosp,3,2026-01-31,28,quantile,0.35,66.0
2026-01-10,wk inc flu hosp,3,2026-01-31,28,quantile,0.4,73.0
2026-01-10,wk inc flu hosp,3,2026-01-31,28,quantile,0.45,80.0
2026-01-10,wk inc flu hosp,3,2026-01-31,28,quantile,0.5,89.0
2026-01-10,wk inc flu hosp,3,2026-01-31,28,quantile,0.55,97.0
2026-01-10,wk inc flu hosp,3,2026-01-31,28,quantile,0.6,106.0
2026-01-10,wk inc flu hosp,3,2026-01-31,28,quantile,0.65,114.0
2026-01-10,wk inc flu hosp,3,2026-01-31,28,quantile,0.7,122.0
2026-01-10,wk inc flu hosp,3,2026-01-31,28,quantile,0.75,133.0
2026-01-10,wk inc flu hosp,3,2026-01-31,28,quantile,0.8,145.0
2026-01-10,wk inc flu hosp,3,2026-01-31,28,quantile,0.85,163.0
2026-01-10,wk inc flu hosp,3,2026-01-31,28,quantile,0.9,187.0
2026-01-10,wk inc flu hosp,3,2026-01-31,28,quantile,0.95,214.0
2026-01-10,wk inc flu hosp,3,2026-01-31,28,quantile,0.975,233.0
2026-01-10,wk inc flu hosp,3,2026-01-31,28,quantile,0.99,262.0
2026-01-10,wk inc flu hosp,3,2026-01-31,30,quantile,0.01,7.0
2026-01-10,wk inc flu hosp,3,2026-01-31,30,quantile,0.025,9.0
2026-01-10,wk inc flu hosp,3,2026-01-31,30,quantile,0.05,13.0
2026-01-10,wk inc flu hosp,3,2026-01-31,30,quantile,0.1,23.0
2026-01-10,wk inc flu hosp,3,2026-01-31,30,quantile,0.15,29.0
2026-01-10,wk inc flu hosp,3,2026-01-31,30,quantile,0.2,34.0
2026-01-10,wk inc flu hosp,3,2026-01-31,30,quantile,0.25,37.0
2026-01-10,wk inc flu hosp,3,2026-01-31,30,quantile,0.3,41.0
2026-01-10,wk inc flu hosp,3,2026-01-31,30,quantile,0.35,44.0
2026-01-10,wk inc flu hosp,3,2026-01-31,30,quantile,0.4,47.0
2026-01-10,wk inc flu hosp,3,2026-01-31,30,quantile,0.45,50.0
2026-01-10,wk inc flu hosp,3,2026-01-31,30,quantile,0.5,53.0
2026-01-10,wk inc flu hosp,3,2026-01-31,30,quantile,0.55,56.0
2026-01-10,wk inc flu hosp,3,2026-01-31,30,quantile,0.6,58.0
2026-01-10,wk inc flu hosp,3,2026-01-31,30,quantile,0.65,61.0
2026-01-10,wk inc flu hosp,3,2026-01-31,30,quantile,0.7,65.0
2026-01-10,wk inc flu hosp,3,2026-01-31,30,quantile,0.75,69.0
2026-01-10,wk inc flu hosp,3,2026-01-31,30,quantile,0.8,72.0
2026-01-10,wk inc flu hosp,3,2026-01-31,30,quantile,0.85,77.0
2026-01-10,wk inc flu hosp,3,2026-01-31,30,quantile,0.9,82.0
2026-01-10,wk inc flu hosp,3,2026-01-31,30,quantile,0.95,90.0
2026-01-10,wk inc flu hosp,3,2026-01-31,30,quantile,0.975,95.0
2026-01-10,wk inc flu hosp,3,2026-01-31,30,quantile,0.99,104.0
2026-01-10,wk inc flu hosp,3,2026-01-31,31,quantile,0.01,25.0
2026-01-10,wk inc flu hosp,3,2026-01-31,31,quantile,0.025,34.0
2026-01-10,wk inc flu hosp,3,2026-01-31,31,quantile,0.05,41.0
2026-01-10,wk inc flu hosp,3,2026-01-31,31,quantile,0.1,50.0
2026-01-10,wk inc flu hosp,3,2026-01-31,31,quantile,0.15,56.0
2026-01-10,wk inc flu hosp,3,2026-01-31,31,quantile,0.2,61.0
2026-01-10,wk inc flu hosp,3,2026-01-31,31,quantile,0.25,64.0
2026-01-10,wk inc flu hosp,3,2026-01-31,31,quantile,0.3,68.0
2026-01-10,wk inc flu hosp,3,2026-01-31,31,quantile,0.35,72.0
2026-01-10,wk inc flu hosp,3,2026-01-31,31,quantile,0.4,75.0
2026-01-10,wk inc flu hosp,3,2026-01-31,31,quantile,0.45,78.0
2026-01-10,wk inc flu hosp,3,2026-01-31,31,quantile,0.5,81.0
2026-01-10,wk inc flu hosp,3,2026-01-31,31,quantile,0.55,84.0
2026-01-10,wk inc flu hosp,3,2026-01-31,31,quantile,0.6,87.0
2026-01-10,wk inc flu hosp,3,2026-01-31,31,quantile,0.65,90.0
2026-01-10,wk inc flu hosp,3,2026-01-31,31,quantile,0.7,94.0
2026-01-10,wk inc flu hosp,3,2026-01-31,31,quantile,0.75,97.0
2026-01-10,wk inc flu hosp,3,2026-01-31,31,quantile,0.8,101.0
2026-01-10,wk inc flu hosp,3,2026-01-31,31,quantile,0.85,105.0
2026-01-10,wk inc flu hosp,3,2026-01-31,31,quantile,0.9,111.0
2026-01-10,wk inc flu hosp,3,2026-01-31,31,quantile,0.95,120.0
2026-01-10,wk inc flu hosp,3,2026-01-31,31,quantile,0.975,128.0
2026-01-10,wk inc flu hosp,3,2026-01-31,31,quantile,0.99,134.0
2026-01-10,wk inc flu hosp,3,2026-01-31,32,quantile,0.01,29.0
2026-01-10,wk inc flu hosp,3,2026-01-31,32,quantile,0.025,33.0
2026-01-10,wk inc flu hosp,3,2026-01-31,32,quantile,0.05,43.0
2026-01-10,wk inc flu hosp,3,2026-01-31,32,quantile,0.1,55.0
2026-01-10,wk inc flu hosp,3,2026-01-31,32,quantile,0.15,61.0
2026-01-10,wk inc flu hosp,3,2026-01-31,32,quantile,0.2,70.0
2026-01-10,wk inc flu hosp,3,2026-01-31,32,quantile,0.25,75.0
2026-01-10,wk inc flu hosp,3,2026-01-31,32,quantile,0.3,80.0
2026-01-10,wk inc flu hosp,3,2026-01-31,32,quantile,0.35,84.0
2026-01-10,wk inc flu hosp,3,2026-01-31,32,quantile,0.4,89.0
2026-01-10,wk inc flu hosp,3,2026-01-31,32,quantile,0.45,93.0
2026-01-10,wk inc flu hosp,3,2026-01-31,32,quantile,0.5,97.0
2026-01-10,wk inc flu hosp,3,2026-01-31,32,quantile,0.55,102.0
2026-01-10,wk inc flu hosp,3,2026-01-31,32,quantile,0.6,106.0
2026-01-10,wk inc flu hosp,3,2026-01-31,32,quantile,0.65,111.0
2026-01-10,wk inc flu hosp,3,2026-01-31,32,quantile,0.7,117.0
2026-01-10,wk inc flu hosp,3,2026-01-31,32,quantile,0.75,122.0
2026-01-10,wk inc flu hosp,3,2026-01-31,32,quantile,0.8,127.0
2026-01-10,wk inc flu hosp,3,2026-01-31,32,quantile,0.85,134.0
2026-01-10,wk inc flu hosp,3,2026-01-31,32,quantile,0.9,143.0
2026-01-10,wk inc flu hosp,3,2026-01-31,32,quantile,0.95,155.0
2026-01-10,wk inc flu hosp,3,2026-01-31,32,quantile,0.975,164.0
2026-01-10,wk inc flu hosp,3,2026-01-31,32,quantile,0.99,178.0
2026-01-10,wk inc flu hosp,3,2026-01-31,33,quantile,0.01,45.0
2026-01-10,wk inc flu hosp,3,2026-01-31,33,quantile,0.025,56.0
2026-01-10,wk inc flu hosp,3,2026-01-31,33,quantile,0.05,66.0
2026-01-10,wk inc flu hosp,3,2026-01-31,33,quantile,0.1,81.0
2026-01-10,wk inc flu hosp,3,2026-01-31,33,quantile,0.15,93.0
2026-01-10,wk inc flu hosp,3,2026-01-31,33,quantile,0.2,103.0
2026-01-10,wk inc flu hosp,3,2026-01-31,33,quantile,0.25,112.0
2026-01-10,wk inc flu hosp,3,2026-01-31,33,quantile,0.3,116.0
2026-01-10,wk inc flu hosp,3,2026-01-31,33,quantile,0.35,119.0
2026-01-10,wk inc flu hosp,3,2026-01-31,33,quantile,0.4,122.0
2026-01-10,wk inc flu hosp,3,2026-01-31,33,quantile,0.45,125.0
2026-01-10,wk inc flu hosp,3,2026-01-31,33,quantile,0.5,128.0
2026-01-10,wk inc flu hosp,3,2026-01-31,33,quantile,0.55,131.0
2026-01-10,wk inc flu hosp,3,2026-01-31,33,quantile,0.6,134.0
2026-01-10,wk inc flu hosp,3,2026-01-31,33,quantile,0.65,137.0
2026-01-10,wk inc flu hosp,3,2026-01-31,33,quantile,0.7,140.0
2026-01-10,wk inc flu hosp,3,2026-01-31,33,quantile,0.75,144.0
2026-01-10,wk inc flu hosp,3,2026-01-31,33,quantile,0.8,147.0
2026-01-10,wk inc flu hosp,3,2026-01-31,33,quantile,0.85,152.0
2026-01-10,wk inc flu hosp,3,2026-01-31,33,quantile,0.9,158.0
2026-01-10,wk inc flu hosp,3,2026-01-31,33,quantile,0.95,166.0
2026-01-10,wk inc flu hosp,3,2026-01-31,33,quantile,0.975,173.0
2026-01-10,wk inc flu hosp,3,2026-01-31,33,quantile,0.99,182.0
2026-01-10,wk inc flu hosp,3,2026-01-31,34,quantile,0.01,221.0
2026-01-10,wk inc flu hosp,3,2026-01-31,34,quantile,0.025,272.0
2026-01-10,wk inc flu hosp,3,2026-01-31,34,quantile,0.05,335.0
2026-01-10,wk inc flu hosp,3,2026-01-31,34,quantile,0.1,427.0
2026-01-10,wk inc flu hosp,3,2026-01-31,34,quantile,0.15,501.0
2026-01-10,wk inc flu hosp,3,2026-01-31,34,quantile,0.2,569.0
2026-01-10,wk inc flu hosp,3,2026-01-31,34,quantile,0.25,634.0
2026-01-10,wk inc flu hosp,3,2026-01-31,34,quantile,0.3,691.0
2026-01-10,wk inc flu hosp,3,2026-01-31,34,quantile,0.35,745.0
2026-01-10,wk inc flu hosp,3,2026-01-31,34,quantile,0.4,789.0
2026-01-10,wk inc flu hosp,3,2026-01-31,34,quantile,0.45,835.0
2026-01-10,wk inc flu hosp,3,2026-01-31,34,quantile,0.5,859.0
2026-01-10,wk inc flu hosp,3,2026-01-31,34,quantile,0.55,879.0
2026-01-10,wk inc flu hosp,3,2026-01-31,34,quantile,0.6,899.0
2026-01-10,wk inc flu hosp,3,2026-01-31,34,quantile,0.65,923.0
2026-01-10,wk inc flu hosp,3,2026-01-31,34,quantile,0.7,949.0
2026-01-10,wk inc flu hosp,3,2026-01-31,34,quantile,0.75,972.0
2026-01-10,wk inc flu hosp,3,2026-01-31,34,quantile,0.8,996.0
2026-01-10,wk inc flu hosp,3,2026-01-31,34,quantile,0.85,1024.0
2026-01-10,wk inc flu hosp,3,2026-01-31,34,quantile,0.9,1066.0
2026-01-10,wk inc flu hosp,3,2026-01-31,34,quantile,0.95,1115.0
2026-01-10,wk inc flu hosp,3,2026-01-31,34,quantile,0.975,1166.0
2026-01-10,wk inc flu hosp,3,2026-01-31,34,quantile,0.99,1221.0
2026-01-10,wk inc flu hosp,3,2026-01-31,35,quantile,0.01,26.0
2026-01-10,wk inc flu hosp,3,2026-01-31,35,quantile,0.025,41.0
2026-01-10,wk inc flu hosp,3,2026-01-31,35,quantile,0.05,54.0
2026-01-10,wk inc flu hosp,3,2026-01-31,35,quantile,0.1,81.0
2026-01-10,wk inc flu hosp,3,2026-01-31,35,quantile,0.15,99.0
2026-01-10,wk inc flu hosp,3,2026-01-31,35,quantile,0.2,107.0
2026-01-10,wk inc flu hosp,3,2026-01-31,35,quantile,0.25,114.0
2026-01-10,wk inc flu hosp,3,2026-01-31,35,quantile,0.3,121.0
2026-01-10,wk inc flu hosp,3,2026-01-31,35,quantile,0.35,125.0
2026-01-10,wk inc flu hosp,3,2026-01-31,35,quantile,0.4,131.0
2026-01-10,wk inc flu hosp,3,2026-01-31,35,quantile,0.45,136.0
2026-01-10,wk inc flu hosp,3,2026-01-31,35,quantile,0.5,140.0
2026-01-10,wk inc flu hosp,3,2026-01-31,35,quantile,0.55,145.0
2026-01-10,wk inc flu hosp,3,2026-01-31,35,quantile,0.6,150.0
2026-01-10,wk inc flu hosp,3,2026-01-31,35,quantile,0.65,155.0
2026-01-10,wk inc flu hosp,3,2026-01-31,35,quantile,0.7,160.0
2026-01-10,wk inc flu hosp,3,2026-01-31,35,quantile,0.75,166.0
2026-01-10,wk inc flu hosp,3,2026-01-31,35,quantile,0.8,172.0
2026-01-10,wk inc flu hosp,3,2026-01-31,35,quantile,0.85,179.0
2026-01-10,wk inc flu hosp,3,2026-01-31,35,quantile,0.9,190.0
2026-01-10,wk inc flu hosp,3,2026-01-31,35,quantile,0.95,204.0
2026-01-10,wk inc flu hosp,3,2026-01-31,35,quantile,0.975,214.0
2026-01-10,wk inc flu hosp,3,2026-01-31,35,quantile,0.99,226.0
2026-01-10,wk inc flu hosp,3,2026-01-31,36,quantile,0.01,121.0
2026-01-10,wk inc flu hosp,3,2026-01-31,36,quantile,0.025,189.0
2026-01-10,wk inc flu hosp,3,2026-01-31,36,quantile,0.05,252.0
2026-01-10,wk inc flu hosp,3,2026-01-31,36,quantile,0.1,360.0
2026-01-10,wk inc flu hosp,3,2026-01-31,36,quantile,0.15,442.0
2026-01-10,wk inc flu hosp,3,2026-01-31,36,quantile,0.2,543.0
2026-01-10,wk inc flu hosp,3,2026-01-31,36,quantile,0.25,622.0
2026-01-10,wk inc flu hosp,3,2026-01-31,36,quantile,0.3,702.0
2026-01-10,wk inc flu hosp,3,2026-01-31,36,quantile,0.35,775.0
2026-01-10,wk inc flu hosp,3,2026-01-31,36,quantile,0.4,840.0
2026-01-10,wk inc flu hosp,3,2026-01-31,36,quantile,0.45,877.0
2026-01-10,wk inc flu hosp,3,2026-01-31,36,quantile,0.5,910.0
2026-01-10,wk inc flu hosp,3,2026-01-31,36,quantile,0.55,941.0
2026-01-10,wk inc flu hosp,3,2026-01-31,36,quantile,0.6,977.0
2026-01-10,wk inc flu hosp,3,2026-01-31,36,quantile,0.65,1011.0
2026-01-10,wk inc flu hosp,3,2026-01-31,36,quantile,0.7,1048.0
2026-01-10,wk inc flu hosp,3,2026-01-31,36,quantile,0.75,1085.0
2026-01-10,wk inc flu hosp,3,2026-01-31,36,quantile,0.8,1123.0
2026-01-10,wk inc flu hosp,3,2026-01-31,36,quantile,0.85,1168.0
2026-01-10,wk inc flu hosp,3,2026-01-31,36,quantile,0.9,1227.0
2026-01-10,wk inc flu hosp,3,2026-01-31,36,quantile,0.95,1341.0
2026-01-10,wk inc flu hosp,3,2026-01-31,36,quantile,0.975,1430.0
2026-01-10,wk inc flu hosp,3,2026-01-31,36,quantile,0.99,1528.0
2026-01-10,wk inc flu hosp,3,2026-01-31,37,quantile,0.01,296.0
2026-01-10,wk inc flu hosp,3,2026-01-31,37,quantile,0.025,415.0
2026-01-10,wk inc flu hosp,3,2026-01-31,37,quantile,0.05,520.0
2026-01-10,wk inc flu hosp,3,2026-01-31,37,quantile,0.1,675.0
2026-01-10,wk inc flu hosp,3,2026-01-31,37,quantile,0.15,789.0
2026-01-10,wk inc flu hosp,3,2026-01-31,37,quantile,0.2,904.0
2026-01-10,wk inc flu hosp,3,2026-01-31,37,quantile,0.25,1010.0
2026-01-10,wk inc flu hosp,3,2026-01-31,37,quantile,0.3,1100.0
2026-01-10,wk inc flu hosp,3,2026-01-31,37,quantile,0.35,1187.0
2026-01-10,wk inc flu hosp,3,2026-01-31,37,quantile,0.4,1267.0
2026-01-10,wk inc flu hosp,3,2026-01-31,37,quantile,0.45,1352.0
2026-01-10,wk inc flu hosp,3,2026-01-31,37,quantile,0.5,1396.0
2026-01-10,wk inc flu hosp,3,2026-01-31,37,quantile,0.55,1437.0
2026-01-10,wk inc flu hosp,3,2026-01-31,37,quantile,0.6,1479.0
2026-01-10,wk inc flu hosp,3,2026-01-31,37,quantile,0.65,1516.0
2026-01-10,wk inc flu hosp,3,2026-01-31,37,quantile,0.7,1560.0
2026-01-10,wk inc flu hosp,3,2026-01-31,37,quantile,0.75,1602.0
2026-01-10,wk inc flu hosp,3,2026-01-31,37,quantile,0.8,1656.0
2026-01-10,wk inc flu hosp,3,2026-01-31,37,quantile,0.85,1725.0
2026-01-10,wk inc flu hosp,3,2026-01-31,37,quantile,0.9,1820.0
2026-01-10,wk inc flu hosp,3,2026-01-31,37,quantile,0.95,1929.0
2026-01-10,wk inc flu hosp,3,2026-01-31,37,quantile,0.975,2020.0
2026-01-10,wk inc flu hosp,3,2026-01-31,37,quantile,0.99,2169.0
2026-01-10,wk inc flu hosp,3,2026-01-31,38,quantile,0.01,17.0
2026-01-10,wk inc flu hosp,3,2026-01-31,38,quantile,0.025,23.0
2026-01-10,wk inc flu hosp,3,2026-01-31,38,quantile,0.05,29.0
2026-01-10,wk inc flu hosp,3,2026-01-31,38,quantile,0.1,37.0
2026-01-10,wk inc flu hosp,3,2026-01-31,38,quantile,0.15,44.0
2026-01-10,wk inc flu hosp,3,2026-01-31,38,quantile,0.2,47.0
2026-01-10,wk inc flu hosp,3,2026-01-31,38,quantile,0.25,49.0
2026-01-10,wk inc flu hosp,3,2026-01-31,38,quantile,0.3,51.0
2026-01-10,wk inc flu hosp,3,2026-01-31,38,quantile,0.35,53.0
2026-01-10,wk inc flu hosp,3,2026-01-31,38,quantile,0.4,54.0
2026-01-10,wk inc flu hosp,3,2026-01-31,38,quantile,0.45,56.0
2026-01-10,wk inc flu hosp,3,2026-01-31,38,quantile,0.5,58.0
2026-01-10,wk inc flu hosp,3,2026-01-31,38,quantile,0.55,59.0
2026-01-10,wk inc flu hosp,3,2026-01-31,38,quantile,0.6,61.0
2026-01-10,wk inc flu hosp,3,2026-01-31,38,quantile,0.65,63.0
2026-01-10,wk inc flu hosp,3,2026-01-31,38,quantile,0.7,65.0
2026-01-10,wk inc flu hosp,3,2026-01-31,38,quantile,0.75,67.0
2026-01-10,wk inc flu hosp,3,2026-01-31,38,quantile,0.8,70.0
2026-01-10,wk inc flu hosp,3,2026-01-31,38,quantile,0.85,72.0
2026-01-10,wk inc flu hosp,3,2026-01-31,38,quantile,0.9,76.0
2026-01-10,wk inc flu hosp,3,2026-01-31,38,quantile,0.95,80.0
2026-01-10,wk inc flu hosp,3,2026-01-31,38,quantile,0.975,86.0
2026-01-10,wk inc flu hosp,3,2026-01-31,38,quantile,0.99,91.0
2026-01-10,wk inc flu hosp,3,2026-01-31,39,quantile,0.01,250.0
2026-01-10,wk inc flu hosp,3,2026-01-31,39,quantile,0.025,332.0
2026-01-10,wk inc flu hosp,3,2026-01-31,39,quantile,0.05,420.0
2026-01-10,wk inc flu hosp,3,2026-01-31,39,quantile,0.1,523.0
2026-01-10,wk inc flu hosp,3,2026-01-31,39,quantile,0.15,618.0
2026-01-10,wk inc flu hosp,3,2026-01-31,39,quantile,0.2,689.0
2026-01-10,wk inc flu hosp,3,2026-01-31,39,quantile,0.25,731.0
2026-01-10,wk inc flu hosp,3,2026-01-31,39,quantile,0.3,753.0
2026-01-10,wk inc flu hosp,3,2026-01-31,39,quantile,0.35,774.0
2026-01-10,wk inc flu hosp,3,2026-01-31,39,quantile,0.4,794.0
2026-01-10,wk inc flu hosp,3,2026-01-31,39,quantile,0.45,813.0
2026-01-10,wk inc flu hosp,3,2026-01-31,39,quantile,0.5,832.0
2026-01-10,wk inc flu hosp,3,2026-01-31,39,quantile,0.55,851.0
2026-01-10,wk inc flu hosp,3,2026-01-31,39,quantile,0.6,869.0
2026-01-10,wk inc flu hosp,3,2026-01-31,39,quantile,0.65,894.0
2026-01-10,wk inc flu hosp,3,2026-01-31,39,quantile,0.7,917.0
2026-01-10,wk inc flu hosp,3,2026-01-31,39,quantile,0.75,944.0
2026-01-10,wk inc flu hosp,3,2026-01-31,39,quantile,0.8,969.0
2026-01-10,wk inc flu hosp,3,2026-01-31,39,quantile,0.85,995.0
2026-01-10,wk inc flu hosp,3,2026-01-31,39,quantile,0.9,1037.0
2026-01-10,wk inc flu hosp,3,2026-01-31,39,quantile,0.95,1094.0
2026-01-10,wk inc flu hosp,3,2026-01-31,39,quantile,0.975,1147.0
2026-01-10,wk inc flu hosp,3,2026-01-31,39,quantile,0.99,1209.0
2026-01-10,wk inc flu hosp,3,2026-01-31,40,quantile,0.01,32.0
2026-01-10,wk inc flu hosp,3,2026-01-31,40,quantile,0.025,43.0
2026-01-10,wk inc flu hosp,3,2026-01-31,40,quantile,0.05,57.0
2026-01-10,wk inc flu hosp,3,2026-01-31,40,quantile,0.1,93.0
2026-01-10,wk inc flu hosp,3,2026-01-31,40,quantile,0.15,116.0
2026-01-10,wk inc flu hosp,3,2026-01-31,40,quantile,0.2,136.0
2026-01-10,wk inc flu hosp,3,2026-01-31,40,quantile,0.25,155.0
2026-01-10,wk inc flu hosp,3,2026-01-31,40,quantile,0.3,171.0
2026-01-10,wk inc flu hosp,3,2026-01-31,40,quantile,0.35,188.0
2026-01-10,wk inc flu hosp,3,2026-01-31,40,quantile,0.4,201.0
2026-01-10,wk inc flu hosp,3,2026-01-31,40,quantile,0.45,219.0
2026-01-10,wk inc flu hosp,3,2026-01-31,40,quantile,0.5,234.0
2026-01-10,wk inc flu hosp,3,2026-01-31,40,quantile,0.55,245.0
2026-01-10,wk inc flu hosp,3,2026-01-31,40,quantile,0.6,259.0
2026-01-10,wk inc flu hosp,3,2026-01-31,40,quantile,0.65,277.0
2026-01-10,wk inc flu hosp,3,2026-01-31,40,quantile,0.7,295.0
2026-01-10,wk inc flu hosp,3,2026-01-31,40,quantile,0.75,316.0
2026-01-10,wk inc flu hosp,3,2026-01-31,40,quantile,0.8,340.0
2026-01-10,wk inc flu hosp,3,2026-01-31,40,quantile,0.85,361.0
2026-01-10,wk inc flu hosp,3,2026-01-31,40,quantile,0.9,388.0
2026-01-10,wk inc flu hosp,3,2026-01-31,40,quantile,0.95,436.0
2026-01-10,wk inc flu hosp,3,2026-01-31,40,quantile,0.975,486.0
2026-01-10,wk inc flu hosp,3,2026-01-31,40,quantile,0.99,537.0
2026-01-10,wk inc flu hosp,3,2026-01-31,41,quantile,0.01,4.0
2026-01-10,wk inc flu hosp,3,2026-01-31,41,quantile,0.025,10.0
2026-01-10,wk inc flu hosp,3,2026-01-31,41,quantile,0.05,14.0
2026-01-10,wk inc flu hosp,3,2026-01-31,41,quantile,0.1,21.0
2026-01-10,wk inc flu hosp,3,2026-01-31,41,quantile,0.15,25.0
2026-01-10,wk inc flu hosp,3,2026-01-31,41,quantile,0.2,34.0
2026-01-10,wk inc flu hosp,3,2026-01-31,41,quantile,0.25,43.0
2026-01-10,wk inc flu hosp,3,2026-01-31,41,quantile,0.3,51.0
2026-01-10,wk inc flu hosp,3,2026-01-31,41,quantile,0.35,60.0
2026-01-10,wk inc flu hosp,3,2026-01-31,41,quantile,0.4,68.0
2026-01-10,wk inc flu hosp,3,2026-01-31,41,quantile,0.45,77.0
2026-01-10,wk inc flu hosp,3,2026-01-31,41,quantile,0.5,85.0
2026-01-10,wk inc flu hosp,3,2026-01-31,41,quantile,0.55,94.0
2026-01-10,wk inc flu hosp,3,2026-01-31,41,quantile,0.6,104.0
2026-01-10,wk inc flu hosp,3,2026-01-31,41,quantile,0.65,112.0
2026-01-10,wk inc flu hosp,3,2026-01-31,41,quantile,0.7,123.0
2026-01-10,wk inc flu hosp,3,2026-01-31,41,quantile,0.75,134.0
2026-01-10,wk inc flu hosp,3,2026-01-31,41,quantile,0.8,146.0
2026-01-10,wk inc flu hosp,3,2026-01-31,41,quantile,0.85,162.0
2026-01-10,wk inc flu hosp,3,2026-01-31,41,quantile,0.9,184.0
2026-01-10,wk inc flu hosp,3,2026-01-31,41,quantile,0.95,212.0
2026-01-10,wk inc flu hosp,3,2026-01-31,41,quantile,0.975,236.0
2026-01-10,wk inc flu hosp,3,2026-01-31,41,quantile,0.99,263.0
2026-01-10,wk inc flu hosp,3,2026-01-31,42,quantile,0.01,122.0
2026-01-10,wk inc flu hosp,3,2026-01-31,42,quantile,0.025,217.0
2026-01-10,wk inc flu hosp,3,2026-01-31,42,quantile,0.05,293.0
2026-01-10,wk inc flu hosp,3,2026-01-31,42,quantile,0.1,426.0
2026-01-10,wk inc flu hosp,3,2026-01-31,42,quantile,0.15,533.0
2026-01-10,wk inc flu hosp,3,2026-01-31,42,quantile,0.2,633.0
2026-01-10,wk inc flu hosp,3,2026-01-31,42,quantile,0.25,709.0
2026-01-10,wk inc flu hosp,3,2026-01-31,42,quantile,0.3,756.0
2026-01-10,wk inc flu hosp,3,2026-01-31,42,quantile,0.35,792.0
2026-01-10,wk inc flu hosp,3,2026-01-31,42,quantile,0.4,826.0
2026-01-10,wk inc flu hosp,3,2026-01-31,42,quantile,0.45,860.0
2026-01-10,wk inc flu hosp,3,2026-01-31,42,quantile,0.5,901.0
2026-01-10,wk inc flu hosp,3,2026-01-31,42,quantile,0.55,934.0
2026-01-10,wk inc flu hosp,3,2026-01-31,42,quantile,0.6,964.0
2026-01-10,wk inc flu hosp,3,2026-01-31,42,quantile,0.65,997.0
2026-01-10,wk inc flu hosp,3,2026-01-31,42,quantile,0.7,1032.0
2026-01-10,wk inc flu hosp,3,2026-01-31,42,quantile,0.75,1068.0
2026-01-10,wk inc flu hosp,3,2026-01-31,42,quantile,0.8,1113.0
2026-01-10,wk inc flu hosp,3,2026-01-31,42,quantile,0.85,1157.0
2026-01-10,wk inc flu hosp,3,2026-01-31,42,quantile,0.9,1228.0
2026-01-10,wk inc flu hosp,3,2026-01-31,42,quantile,0.95,1332.0
2026-01-10,wk inc flu hosp,3,2026-01-31,42,quantile,0.975,1392.0
2026-01-10,wk inc flu hosp,3,2026-01-31,42,quantile,0.99,1475.0
2026-01-10,wk inc flu hosp,3,2026-01-31,44,quantile,0.01,25.0
2026-01-10,wk inc flu hosp,3,2026-01-31,44,quantile,0.025,34.0
2026-01-10,wk inc flu hosp,3,2026-01-31,44,quantile,0.05,42.0
2026-01-10,wk inc flu hosp,3,2026-01-31,44,quantile,0.1,51.0
2026-01-10,wk inc flu hosp,3,2026-01-31,44,quantile,0.15,60.0
2026-01-10,wk inc flu hosp,3,2026-01-31,44,quantile,0.2,67.0
2026-01-10,wk inc flu hosp,3,2026-01-31,44,quantile,0.25,74.0
2026-01-10,wk inc flu hosp,3,2026-01-31,44,quantile,0.3,79.0
2026-01-10,wk inc flu hosp,3,2026-01-31,44,quantile,0.35,86.0
2026-01-10,wk inc flu hosp,3,2026-01-31,44,quantile,0.4,88.0
2026-01-10,wk inc flu hosp,3,2026-01-31,44,quantile,0.45,91.0
2026-01-10,wk inc flu hosp,3,2026-01-31,44,quantile,0.5,93.0
2026-01-10,wk inc flu hosp,3,2026-01-31,44,quantile,0.55,95.0
2026-01-10,wk inc flu hosp,3,2026-01-31,44,quantile,0.6,98.0
2026-01-10,wk inc flu hosp,3,2026-01-31,44,quantile,0.65,100.0
2026-01-10,wk inc flu hosp,3,2026-01-31,44,quantile,0.7,102.0
2026-01-10,wk inc flu hosp,3,2026-01-31,44,quantile,0.75,105.0
2026-01-10,wk inc flu hosp,3,2026-01-31,44,quantile,0.8,108.0
2026-01-10,wk inc flu hosp,3,2026-01-31,44,quantile,0.85,112.0
2026-01-10,wk inc flu hosp,3,2026-01-31,44,quantile,0.9,116.0
2026-01-10,wk inc flu hosp,3,2026-01-31,44,quantile,0.95,123.0
2026-01-10,wk inc flu hosp,3,2026-01-31,44,quantile,0.975,130.0
2026-01-10,wk inc flu hosp,3,2026-01-31,44,quantile,0.99,137.0
2026-01-10,wk inc flu hosp,3,2026-01-31,45,quantile,0.01,66.0
2026-01-10,wk inc flu hosp,3,2026-01-31,45,quantile,0.025,87.0
2026-01-10,wk inc flu hosp,3,2026-01-31,45,quantile,0.05,134.0
2026-01-10,wk inc flu hosp,3,2026-01-31,45,quantile,0.1,204.0
2026-01-10,wk inc flu hosp,3,2026-01-31,45,quantile,0.15,252.0
2026-01-10,wk inc flu hosp,3,2026-01-31,45,quantile,0.2,294.0
2026-01-10,wk inc flu hosp,3,2026-01-31,45,quantile,0.25,330.0
2026-01-10,wk inc flu hosp,3,2026-01-31,45,quantile,0.3,368.0
2026-01-10,wk inc flu hosp,3,2026-01-31,45,quantile,0.35,394.0
2026-01-10,wk inc flu hosp,3,2026-01-31,45,quantile,0.4,409.0
2026-01-10,wk inc flu hosp,3,2026-01-31,45,quantile,0.45,424.0
2026-01-10,wk inc flu hosp,3,2026-01-31,45,quantile,0.5,440.0
2026-01-10,wk inc flu hosp,3,2026-01-31,45,quantile,0.55,456.0
2026-01-10,wk inc flu hosp,3,2026-01-31,45,quantile,0.6,471.0
2026-01-10,wk inc flu hosp,3,2026-01-31,45,quantile,0.65,487.0
2026-01-10,wk inc flu hosp,3,2026-01-31,45,quantile,0.7,501.0
2026-01-10,wk inc flu hosp,3,2026-01-31,45,quantile,0.75,520.0
2026-01-10,wk inc flu hosp,3,2026-01-31,45,quantile,0.8,538.0
2026-01-10,wk inc flu hosp,3,2026-01-31,45,quantile,0.85,564.0
2026-01-10,wk inc flu hosp,3,2026-01-31,45,quantile,0.9,595.0
2026-01-10,wk inc flu hosp,3,2026-01-31,45,quantile,0.95,647.0
2026-01-10,wk inc flu hosp,3,2026-01-31,45,quantile,0.975,686.0
2026-01-10,wk inc flu hosp,3,2026-01-31,45,quantile,0.99,726.0
2026-01-10,wk inc flu hosp,3,2026-01-31,46,quantile,0.01,20.0
2026-01-10,wk inc flu hosp,3,2026-01-31,46,quantile,0.025,29.0
2026-01-10,wk inc flu hosp,3,2026-01-31,46,quantile,0.05,35.0
2026-01-10,wk inc flu hosp,3,2026-01-31,46,quantile,0.1,42.0
2026-01-10,wk inc flu hosp,3,2026-01-31,46,quantile,0.15,47.0
2026-01-10,wk inc flu hosp,3,2026-01-31,46,quantile,0.2,52.0
2026-01-10,wk inc flu hosp,3,2026-01-31,46,quantile,0.25,55.0
2026-01-10,wk inc flu hosp,3,2026-01-31,46,quantile,0.3,57.0
2026-01-10,wk inc flu hosp,3,2026-01-31,46,quantile,0.35,59.0
2026-01-10,wk inc flu hosp,3,2026-01-31,46,quantile,0.4,61.0
2026-01-10,wk inc flu hosp,3,2026-01-31,46,quantile,0.45,63.0
2026-01-10,wk inc flu hosp,3,2026-01-31,46,quantile,0.5,65.0
2026-01-10,wk inc flu hosp,3,2026-01-31,46,quantile,0.55,67.0
2026-01-10,wk inc flu hosp,3,2026-01-31,46,quantile,0.6,69.0
2026-01-10,wk inc flu hosp,3,2026-01-31,46,quantile,0.65,71.0
2026-01-10,wk inc flu hosp,3,2026-01-31,46,quantile,0.7,73.0
2026-01-10,wk inc flu hosp,3,2026-01-31,46,quantile,0.75,75.0
2026-01-10,wk inc flu hosp,3,2026-01-31,46,quantile,0.8,77.0
2026-01-10,wk inc flu hosp,3,2026-01-31,46,quantile,0.85,80.0
2026-01-10,wk inc flu hosp,3,2026-01-31,46,quantile,0.9,84.0
2026-01-10,wk inc flu hosp,3,2026-01-31,46,quantile,0.95,88.0
2026-01-10,wk inc flu hosp,3,2026-01-31,46,quantile,0.975,92.0
2026-01-10,wk inc flu hosp,3,2026-01-31,46,quantile,0.99,98.0
2026-01-10,wk inc flu hosp,3,2026-01-31,47,quantile,0.01,87.0
2026-01-10,wk inc flu hosp,3,2026-01-31,47,quantile,0.025,104.0
2026-01-10,wk inc flu hosp,3,2026-01-31,47,quantile,0.05,138.0
2026-01-10,wk inc flu hosp,3,2026-01-31,47,quantile,0.1,186.0
2026-01-10,wk inc flu hosp,3,2026-01-31,47,quantile,0.15,216.0
2026-01-10,wk inc flu hosp,3,2026-01-31,47,quantile,0.2,248.0
2026-01-10,wk inc flu hosp,3,2026-01-31,47,quantile,0.25,272.0
2026-01-10,wk inc flu hosp,3,2026-01-31,47,quantile,0.3,295.0
2026-01-10,wk inc flu hosp,3,2026-01-31,47,quantile,0.35,314.0
2026-01-10,wk inc flu hosp,3,2026-01-31,47,quantile,0.4,334.0
2026-01-10,wk inc flu hosp,3,2026-01-31,47,quantile,0.45,353.0
2026-01-10,wk inc flu hosp,3,2026-01-31,47,quantile,0.5,369.0
2026-01-10,wk inc flu hosp,3,2026-01-31,47,quantile,0.55,387.0
2026-01-10,wk inc flu hosp,3,2026-01-31,47,quantile,0.6,405.0
2026-01-10,wk inc flu hosp,3,2026-01-31,47,quantile,0.65,428.0
2026-01-10,wk inc flu hosp,3,2026-01-31,47,quantile,0.7,449.0
2026-01-10,wk inc flu hosp,3,2026-01-31,47,quantile,0.75,467.0
2026-01-10,wk inc flu hosp,3,2026-01-31,47,quantile,0.8,486.0
2026-01-10,wk inc flu hosp,3,2026-01-31,47,quantile,0.85,509.0
2026-01-10,wk inc flu hosp,3,2026-01-31,47,quantile,0.9,541.0
2026-01-10,wk inc flu hosp,3,2026-01-31,47,quantile,0.95,588.0
2026-01-10,wk inc flu hosp,3,2026-01-31,47,quantile,0.975,629.0
2026-01-10,wk inc flu hosp,3,2026-01-31,47,quantile,0.99,671.0
2026-01-10,wk inc flu hosp,3,2026-01-31,48,quantile,0.01,123.0
2026-01-10,wk inc flu hosp,3,2026-01-31,48,quantile,0.025,154.0
2026-01-10,wk inc flu hosp,3,2026-01-31,48,quantile,0.05,207.0
2026-01-10,wk inc flu hosp,3,2026-01-31,48,quantile,0.1,410.0
2026-01-10,wk inc flu hosp,3,2026-01-31,48,quantile,0.15,636.0
2026-01-10,wk inc flu hosp,3,2026-01-31,48,quantile,0.2,818.0
2026-01-10,wk inc flu hosp,3,2026-01-31,48,quantile,0.25,1065.0
2026-01-10,wk inc flu hosp,3,2026-01-31,48,quantile,0.3,1272.0
2026-01-10,wk inc flu hosp,3,2026-01-31,48,quantile,0.35,1437.0
2026-01-10,wk inc flu hosp,3,2026-01-31,48,quantile,0.4,1620.0
2026-01-10,wk inc flu hosp,3,2026-01-31,48,quantile,0.45,1785.0
2026-01-10,wk inc flu hosp,3,2026-01-31,48,quantile,0.5,1897.0
2026-01-10,wk inc flu hosp,3,2026-01-31,48,quantile,0.55,2008.0
2026-01-10,wk inc flu hosp,3,2026-01-31,48,quantile,0.6,2111.0
2026-01-10,wk inc flu hosp,3,2026-01-31,48,quantile,0.65,2214.0
2026-01-10,wk inc flu hosp,3,2026-01-31,48,quantile,0.7,2320.0
2026-01-10,wk inc flu hosp,3,2026-01-31,48,quantile,0.75,2469.0
2026-01-10,wk inc flu hosp,3,2026-01-31,48,quantile,0.8,2586.0
2026-01-10,wk inc flu hosp,3,2026-01-31,48,quantile,0.85,2761.0
2026-01-10,wk inc flu hosp,3,2026-01-31,48,quantile,0.9,2944.0
2026-01-10,wk inc flu hosp,3,2026-01-31,48,quantile,0.95,3225.0
2026-01-10,wk inc flu hosp,3,2026-01-31,48,quantile,0.975,3508.0
2026-01-10,wk inc flu hosp,3,2026-01-31,48,quantile,0.99,3887.0
2026-01-10,wk inc flu hosp,3,2026-01-31,49,quantile,0.01,22.0
2026-01-10,wk inc flu hosp,3,2026-01-31,49,quantile,0.025,30.0
2026-01-10,wk inc flu hosp,3,2026-01-31,49,quantile,0.05,49.0
2026-01-10,wk inc flu hosp,3,2026-01-31,49,quantile,0.1,84.0
2026-01-10,wk inc flu hosp,3,2026-01-31,49,quantile,0.15,112.0
2026-01-10,wk inc flu hosp,3,2026-01-31,49,quantile,0.2,133.0
2026-01-10,wk inc flu hosp,3,2026-01-31,49,quantile,0.25,144.0
2026-01-10,wk inc flu hosp,3,2026-01-31,49,quantile,0.3,154.0
2026-01-10,wk inc flu hosp,3,2026-01-31,49,quantile,0.35,166.0
2026-01-10,wk inc flu hosp,3,2026-01-31,49,quantile,0.4,177.0
2026-01-10,wk inc flu hosp,3,2026-01-31,49,quantile,0.45,187.0
2026-01-10,wk inc flu hosp,3,2026-01-31,49,quantile,0.5,197.0
2026-01-10,wk inc flu hosp,3,2026-01-31,49,quantile,0.55,204.0
2026-01-10,wk inc flu hosp,3,2026-01-31,49,quantile,0.6,213.0
2026-01-10,wk inc flu hosp,3,2026-01-31,49,quantile,0.65,221.0
2026-01-10,wk inc flu hosp,3,2026-01-31,49,quantile,0.7,233.0
2026-01-10,wk inc flu hosp,3,2026-01-31,49,quantile,0.75,245.0
2026-01-10,wk inc flu hosp,3,2026-01-31,49,quantile,0.8,255.0
2026-01-10,wk inc flu hosp,3,2026-01-31,49,quantile,0.85,270.0
2026-01-10,wk inc flu hosp,3,2026-01-31,49,quantile,0.9,288.0
2026-01-10,wk inc flu hosp,3,2026-01-31,49,quantile,0.95,309.0
2026-01-10,wk inc flu hosp,3,2026-01-31,49,quantile,0.975,334.0
2026-01-10,wk inc flu hosp,3,2026-01-31,49,quantile,0.99,358.0
2026-01-10,wk inc flu hosp,3,2026-01-31,50,quantile,0.01,9.0
2026-01-10,wk inc flu hosp,3,2026-01-31,50,quantile,0.025,12.0
2026-01-10,wk inc flu hosp,3,2026-01-31,50,quantile,0.05,16.0
2026-01-10,wk inc flu hosp,3,2026-01-31,50,quantile,0.1,22.0
2026-01-10,wk inc flu hosp,3,2026-01-31,50,quantile,0.15,27.0
2026-01-10,wk inc flu hosp,3,2026-01-31,50,quantile,0.2,30.0
2026-01-10,wk inc flu hosp,3,2026-01-31,50,quantile,0.25,32.0
2026-01-10,wk inc flu hosp,3,2026-01-31,50,quantile,0.3,34.0
2026-01-10,wk inc flu hosp,3,2026-01-31,50,quantile,0.35,36.0
2026-01-10,wk inc flu hosp,3,2026-01-31,50,quantile,0.4,39.0
2026-01-10,wk inc flu hosp,3,2026-01-31,50,quantile,0.45,40.0
2026-01-10,wk inc flu hosp,3,2026-01-31,50,quantile,0.5,42.0
2026-01-10,wk inc flu hosp,3,2026-01-31,50,quantile,0.55,44.0
2026-01-10,wk inc flu hosp,3,2026-01-31,50,quantile,0.6,46.0
2026-01-10,wk inc flu hosp,3,2026-01-31,50,quantile,0.65,48.0
2026-01-10,wk inc flu hosp,3,2026-01-31,50,quantile,0.7,50.0
2026-01-10,wk inc flu hosp,3,2026-01-31,50,quantile,0.75,53.0
2026-01-10,wk inc flu hosp,3,2026-01-31,50,quantile,0.8,56.0
2026-01-10,wk inc flu hosp,3,2026-01-31,50,quantile,0.85,59.0
2026-01-10,wk inc flu hosp,3,2026-01-31,50,quantile,0.9,62.0
2026-01-10,wk inc flu hosp,3,2026-01-31,50,quantile,0.95,67.0
2026-01-10,wk inc flu hosp,3,2026-01-31,50,quantile,0.975,72.0
2026-01-10,wk inc flu hosp,3,2026-01-31,50,quantile,0.99,77.0
2026-01-10,wk inc flu hosp,3,2026-01-31,51,quantile,0.01,153.0
2026-01-10,wk inc flu hosp,3,2026-01-31,51,quantile,0.025,228.0
2026-01-10,wk inc flu hosp,3,2026-01-31,51,quantile,0.05,314.0
2026-01-10,wk inc flu hosp,3,2026-01-31,51,quantile,0.1,411.0
2026-01-10,wk inc flu hosp,3,2026-01-31,51,quantile,0.15,498.0
2026-01-10,wk inc flu hosp,3,2026-01-31,51,quantile,0.2,579.0
2026-01-10,wk inc flu hosp,3,2026-01-31,51,quantile,0.25,617.0
2026-01-10,wk inc flu hosp,3,2026-01-31,51,quantile,0.3,651.0
2026-01-10,wk inc flu hosp,3,2026-01-31,51,quantile,0.35,685.0
2026-01-10,wk inc flu hosp,3,2026-01-31,51,quantile,0.4,714.0
2026-01-10,wk inc flu hosp,3,2026-01-31,51,quantile,0.45,746.0
2026-01-10,wk inc flu hosp,3,2026-01-31,51,quantile,0.5,772.0
2026-01-10,wk inc flu hosp,3,2026-01-31,51,quantile,0.55,800.0
2026-01-10,wk inc flu hosp,3,2026-01-31,51,quantile,0.6,827.0
2026-01-10,wk inc flu hosp,3,2026-01-31,51,quantile,0.65,851.0
2026-01-10,wk inc flu hosp,3,2026-01-31,51,quantile,0.7,882.0
2026-01-10,wk inc flu hosp,3,2026-01-31,51,quantile,0.75,919.0
2026-01-10,wk inc flu hosp,3,2026-01-31,51,quantile,0.8,956.0
2026-01-10,wk inc flu hosp,3,2026-01-31,51,quantile,0.85,1000.0
2026-01-10,wk inc flu hosp,3,2026-01-31,51,quantile,0.9,1050.0
2026-01-10,wk inc flu hosp,3,2026-01-31,51,quantile,0.95,1135.0
2026-01-10,wk inc flu hosp,3,2026-01-31,51,quantile,0.975,1201.0
2026-01-10,wk inc flu hosp,3,2026-01-31,51,quantile,0.99,1271.0
2026-01-10,wk inc flu hosp,3,2026-01-31,53,quantile,0.01,52.0
2026-01-10,wk inc flu hosp,3,2026-01-31,53,quantile,0.025,71.0
2026-01-10,wk inc flu hosp,3,2026-01-31,53,quantile,0.05,83.0
2026-01-10,wk inc flu hosp,3,2026-01-31,53,quantile,0.1,124.0
2026-01-10,wk inc flu hosp,3,2026-01-31,53,quantile,0.15,149.0
2026-01-10,wk inc flu hosp,3,2026-01-31,53,quantile,0.2,175.0
2026-01-10,wk inc flu hosp,3,2026-01-31,53,quantile,0.25,193.0
2026-01-10,wk inc flu hosp,3,2026-01-31,53,quantile,0.3,211.0
2026-01-10,wk inc flu hosp,3,2026-01-31,53,quantile,0.35,227.0
2026-01-10,wk inc flu hosp,3,2026-01-31,53,quantile,0.4,241.0
2026-01-10,wk inc flu hosp,3,2026-01-31,53,quantile,0.45,256.0
2026-01-10,wk inc flu hosp,3,2026-01-31,53,quantile,0.5,270.0
2026-01-10,wk inc flu hosp,3,2026-01-31,53,quantile,0.55,284.0
2026-01-10,wk inc flu hosp,3,2026-01-31,53,quantile,0.6,301.0
2026-01-10,wk inc flu hosp,3,2026-01-31,53,quantile,0.65,315.0
2026-01-10,wk inc flu hosp,3,2026-01-31,53,quantile,0.7,331.0
2026-01-10,wk inc flu hosp,3,2026-01-31,53,quantile,0.75,348.0
2026-01-10,wk inc flu hosp,3,2026-01-31,53,quantile,0.8,369.0
2026-01-10,wk inc flu hosp,3,2026-01-31,53,quantile,0.85,388.0
2026-01-10,wk inc flu hosp,3,2026-01-31,53,quantile,0.9,420.0
2026-01-10,wk inc flu hosp,3,2026-01-31,53,quantile,0.95,453.0
2026-01-10,wk inc flu hosp,3,2026-01-31,53,quantile,0.975,497.0
2026-01-10,wk inc flu hosp,3,2026-01-31,53,quantile,0.99,564.0
2026-01-10,wk inc flu hosp,3,2026-01-31,54,quantile,0.01,17.0
2026-01-10,wk inc flu hosp,3,2026-01-31,54,quantile,0.025,21.0
2026-01-10,wk inc flu hosp,3,2026-01-31,54,quantile,0.05,25.0
2026-01-10,wk inc flu hosp,3,2026-01-31,54,quantile,0.1,40.0
2026-01-10,wk inc flu hosp,3,2026-01-31,54,quantile,0.15,49.0
2026-01-10,wk inc flu hosp,3,2026-01-31,54,quantile,0.2,59.0
2026-01-10,wk inc flu hosp,3,2026-01-31,54,quantile,0.25,67.0
2026-01-10,wk inc flu hosp,3,2026-01-31,54,quantile,0.3,73.0
2026-01-10,wk inc flu hosp,3,2026-01-31,54,quantile,0.35,79.0
2026-01-10,wk inc flu hosp,3,2026-01-31,54,quantile,0.4,86.0
2026-01-10,wk inc flu hosp,3,2026-01-31,54,quantile,0.45,92.0
2026-01-10,wk inc flu hosp,3,2026-01-31,54,quantile,0.5,98.0
2026-01-10,wk inc flu hosp,3,2026-01-31,54,quantile,0.55,103.0
2026-01-10,wk inc flu hosp,3,2026-01-31,54,quantile,0.6,109.0
2026-01-10,wk inc flu hosp,3,2026-01-31,54,quantile,0.65,115.0
2026-01-10,wk inc flu hosp,3,2026-01-31,54,quantile,0.7,122.0
2026-01-10,wk inc flu hosp,3,2026-01-31,54,quantile,0.75,130.0
2026-01-10,wk inc flu hosp,3,2026-01-31,54,quantile,0.8,137.0
2026-01-10,wk inc flu hosp,3,2026-01-31,54,quantile,0.85,145.0
2026-01-10,wk inc flu hosp,3,2026-01-31,54,quantile,0.9,156.0
2026-01-10,wk inc flu hosp,3,2026-01-31,54,quantile,0.95,173.0
2026-01-10,wk inc flu hosp,3,2026-01-31,54,quantile,0.975,188.0
2026-01-10,wk inc flu hosp,3,2026-01-31,54,quantile,0.99,208.0
2026-01-10,wk inc flu hosp,3,2026-01-31,55,quantile,0.01,157.0
2026-01-10,wk inc flu hosp,3,2026-01-31,55,quantile,0.025,201.0
2026-01-10,wk inc flu hosp,3,2026-01-31,55,quantile,0.05,241.0
2026-01-10,wk inc flu hosp,3,2026-01-31,55,quantile,0.1,309.0
2026-01-10,wk inc flu hosp,3,2026-01-31,55,quantile,0.15,366.0
2026-01-10,wk inc flu hosp,3,2026-01-31,55,quantile,0.2,404.0
2026-01-10,wk inc flu hosp,3,2026-01-31,55,quantile,0.25,443.0
2026-01-10,wk inc flu hosp,3,2026-01-31,55,quantile,0.3,462.0
2026-01-10,wk inc flu hosp,3,2026-01-31,55,quantile,0.35,476.0
2026-01-10,wk inc flu hosp,3,2026-01-31,55,quantile,0.4,492.0
2026-01-10,wk inc flu hosp,3,2026-01-31,55,quantile,0.45,506.0
2026-01-10,wk inc flu hosp,3,2026-01-31,55,quantile,0.5,518.0
2026-01-10,wk inc flu hosp,3,2026-01-31,55,quantile,0.55,530.0
2026-01-10,wk inc flu hosp,3,2026-01-31,55,quantile,0.6,543.0
2026-01-10,wk inc flu hosp,3,2026-01-31,55,quantile,0.65,558.0
2026-01-10,wk inc flu hosp,3,2026-01-31,55,quantile,0.7,576.0
2026-01-10,wk inc flu hosp,3,2026-01-31,55,quantile,0.75,595.0
2026-01-10,wk inc flu hosp,3,2026-01-31,55,quantile,0.8,614.0
2026-01-10,wk inc flu hosp,3,2026-01-31,55,quantile,0.85,636.0
2026-01-10,wk inc flu hosp,3,2026-01-31,55,quantile,0.9,661.0
2026-01-10,wk inc flu hosp,3,2026-01-31,55,quantile,0.95,698.0
2026-01-10,wk inc flu hosp,3,2026-01-31,55,quantile,0.975,727.0
2026-01-10,wk inc flu hosp,3,2026-01-31,55,quantile,0.99,772.0
2026-01-10,wk inc flu hosp,3,2026-01-31,56,quantile,0.01,0.0
2026-01-10,wk inc flu hosp,3,2026-01-31,56,quantile,0.025,0.0
2026-01-10,wk inc flu hosp,3,2026-01-31,56,quantile,0.05,0.0
2026-01-10,wk inc flu hosp,3,2026-01-31,56,quantile,0.1,0.0
2026-01-10,wk inc flu hosp,3,2026-01-31,56,quantile,0.15,0.0
2026-01-10,wk inc flu hosp,3,2026-01-31,56,quantile,0.2,0.0
2026-01-10,wk inc flu hosp,3,2026-01-31,56,quantile,0.25,0.0
2026-01-10,wk inc flu hosp,3,2026-01-31,56,quantile,0.3,0.0
2026-01-10,wk inc flu hosp,3,2026-01-31,56,quantile,0.35,0.0
2026-01-10,wk inc flu hosp,3,2026-01-31,56,quantile,0.4,0.0
2026-01-10,wk inc flu hosp,3,2026-01-31,56,quantile,0.45,0.0
2026-01-10,wk inc flu hosp,3,2026-01-31,56,quantile,0.5,0.0
2026-01-10,wk inc flu hosp,3,2026-01-31,56,quantile,0.55,0.0
2026-01-10,wk inc flu hosp,3,2026-01-31,56,quantile,0.6,0.0
2026-01-10,wk inc flu hosp,3,2026-01-31,56,quantile,0.65,1.0
2026-01-10,wk inc flu hosp,3,2026-01-31,56,quantile,0.7,1.0
2026-01-10,wk inc flu hosp,3,2026-01-31,56,quantile,0.75,1.0
2026-01-10,wk inc flu hosp,3,2026-01-31,56,quantile,0.8,1.0
2026-01-10,wk inc flu hosp,3,2026-01-31,56,quantile,0.85,1.0
2026-01-10,wk inc flu hosp,3,2026-01-31,56,quantile,0.9,3.0
2026-01-10,wk inc flu hosp,3,2026-01-31,56,quantile,0.95,8.0
2026-01-10,wk inc flu hosp,3,2026-01-31,56,quantile,0.975,11.0
2026-01-10,wk inc flu hosp,3,2026-01-31,56,quantile,0.99,13.0
2026-01-10,wk inc flu hosp,3,2026-01-31,US,quantile,0.01,4738.0
2026-01-10,wk inc flu hosp,3,2026-01-31,US,quantile,0.025,6145.0
2026-01-10,wk inc flu hosp,3,2026-01-31,US,quantile,0.05,8167.0
2026-01-10,wk inc flu hosp,3,2026-01-31,US,quantile,0.1,11101.0
2026-01-10,wk inc flu hosp,3,2026-01-31,US,quantile,0.15,13559.0
2026-01-10,wk inc flu hosp,3,2026-01-31,US,quantile,0.2,15575.0
2026-01-10,wk inc flu hosp,3,2026-01-31,US,quantile,0.25,17550.0
2026-01-10,wk inc flu hosp,3,2026-01-31,US,quantile,0.3,19396.0
2026-01-10,wk inc flu hosp,3,2026-01-31,US,quantile,0.35,20259.0
2026-01-10,wk inc flu hosp,3,2026-01-31,US,quantile,0.4,20962.0
2026-01-10,wk inc flu hosp,3,2026-01-31,US,quantile,0.45,21568.0
2026-01-10,wk inc flu hosp,3,2026-01-31,US,quantile,0.5,22223.0
2026-01-10,wk inc flu hosp,3,2026-01-31,US,quantile,0.55,22838.0
2026-01-10,wk inc flu hosp,3,2026-01-31,US,quantile,0.6,23449.0
2026-01-10,wk inc flu hosp,3,2026-01-31,US,quantile,0.65,24014.0
2026-01-10,wk inc flu hosp,3,2026-01-31,US,quantile,0.7,24612.0
2026-01-10,wk inc flu hosp,3,2026-01-31,US,quantile,0.75,25326.0
2026-01-10,wk inc flu hosp,3,2026-01-31,US,quantile,0.8,26044.0
2026-01-10,wk inc flu hosp,3,2026-01-31,US,quantile,0.85,26981.0
2026-01-10,wk inc flu hosp,3,2026-01-31,US,quantile,0.9,28061.0
2026-01-10,wk inc flu hosp,3,2026-01-31,US,quantile,0.95,29919.0
2026-01-10,wk inc flu hosp,3,2026-01-31,US,quantile,0.975,31224.0
2026-01-10,wk inc flu hosp,3,2026-01-31,US,quantile,0.99,33168.0
