reference_date,target,horizon,target_end_date,location,output_type,output_type_id,value
2026-02-07,wk flu hosp rate change,0,2026-02-07,01,pmf,decrease,0.164
2026-02-07,wk flu hosp rate change,0,2026-02-07,01,pmf,increase,0.038
2026-02-07,wk flu hosp rate change,0,2026-02-07,01,pmf,large_decrease,0.756
2026-02-07,wk flu hosp rate change,0,2026-02-07,01,pmf,large_increase,0.005
2026-02-07,wk flu hosp rate change,0,2026-02-07,01,pmf,stable,0.037
2026-02-07,wk flu hosp rate change,0,2026-02-07,02,pmf,decrease,0.216
2026-02-07,wk flu hosp rate change,0,2026-02-07,02,pmf,increase,0.17
2026-02-07,wk flu hosp rate change,0,2026-02-07,02,pmf,large_decrease,0.001
2026-02-07,wk flu hosp rate change,0,2026-02-07,02,pmf,large_increase,0.01
2026-02-07,wk flu hosp rate change,0,2026-02-07,02,pmf,stable,0.603
2026-02-07,wk flu hosp rate change,0,2026-02-07,04,pmf,decrease,0.31
2026-02-07,wk flu hosp rate change,0,2026-02-07,04,pmf,increase,0.348
2026-02-07,wk flu hosp rate change,0,2026-02-07,04,pmf,large_decrease,0.023
2026-02-07,wk flu hosp rate change,0,2026-02-07,04,pmf,large_increase,0.002
2026-02-07,wk flu hosp rate change,0,2026-02-07,04,pmf,stable,0.317
2026-02-07,wk flu hosp rate change,0,2026-02-07,05,pmf,decrease,0.054
2026-02-07,wk flu hosp rate change,0,2026-02-07,05,pmf,increase,0.063
2026-02-07,wk flu hosp rate change,0,2026-02-07,05,pmf,large_decrease,0.759
2026-02-07,wk flu hosp rate change,0,2026-02-07,05,pmf,large_increase,0.097
2026-02-07,wk flu hosp rate change,0,2026-02-07,05,pmf,stable,0.027
2026-02-07,wk flu hosp rate change,0,2026-02-07,06,pmf,decrease,0.19
2026-02-07,wk flu hosp rate change,0,2026-02-07,06,pmf,increase,0.387
2026-02-07,wk flu hosp rate change,0,2026-02-07,06,pmf,large_decrease,0.003
2026-02-07,wk flu hosp rate change,0,2026-02-07,06,pmf,large_increase,0.001
2026-02-07,wk flu hosp rate change,0,2026-02-07,06,pmf,stable,0.419
2026-02-07,wk flu hosp rate change,0,2026-02-07,08,pmf,decrease,0.32
2026-02-07,wk flu hosp rate change,0,2026-02-07,08,pmf,increase,0.13
2026-02-07,wk flu hosp rate change,0,2026-02-07,08,pmf,large_decrease,0.001
2026-02-07,wk flu hosp rate change,0,2026-02-07,08,pmf,large_increase,0.001
2026-02-07,wk flu hosp rate change,0,2026-02-07,08,pmf,stable,0.548
2026-02-07,wk flu hosp rate change,0,2026-02-07,09,pmf,decrease,0.9450549450549451
2026-02-07,wk flu hosp rate change,0,2026-02-07,09,pmf,increase,0.0019980019980019984
2026-02-07,wk flu hosp rate change,0,2026-02-07,09,pmf,large_decrease,0.0019980019980019984
2026-02-07,wk flu hosp rate change,0,2026-02-07,09,pmf,large_increase,0.0019980019980019984
2026-02-07,wk flu hosp rate change,0,2026-02-07,09,pmf,stable,0.04895104895104896
2026-02-07,wk flu hosp rate change,0,2026-02-07,10,pmf,decrease,0.292
2026-02-07,wk flu hosp rate change,0,2026-02-07,10,pmf,increase,0.132
2026-02-07,wk flu hosp rate change,0,2026-02-07,10,pmf,large_decrease,0.018
2026-02-07,wk flu hosp rate change,0,2026-02-07,10,pmf,large_increase,0.012
2026-02-07,wk flu hosp rate change,0,2026-02-07,10,pmf,stable,0.5459999999999999
2026-02-07,wk flu hosp rate change,0,2026-02-07,11,pmf,decrease,0.149
2026-02-07,wk flu hosp rate change,0,2026-02-07,11,pmf,increase,0.145
2026-02-07,wk flu hosp rate change,0,2026-02-07,11,pmf,large_decrease,0.001
2026-02-07,wk flu hosp rate change,0,2026-02-07,11,pmf,large_increase,0.004
2026-02-07,wk flu hosp rate change,0,2026-02-07,11,pmf,stable,0.7010000000000001
2026-02-07,wk flu hosp rate change,0,2026-02-07,12,pmf,decrease,0.554
2026-02-07,wk flu hosp rate change,0,2026-02-07,12,pmf,increase,0.118
2026-02-07,wk flu hosp rate change,0,2026-02-07,12,pmf,large_decrease,0.012
2026-02-07,wk flu hosp rate change,0,2026-02-07,12,pmf,large_increase,0.001
2026-02-07,wk flu hosp rate change,0,2026-02-07,12,pmf,stable,0.315
2026-02-07,wk flu hosp rate change,0,2026-02-07,13,pmf,decrease,0.45954045954045963
2026-02-07,wk flu hosp rate change,0,2026-02-07,13,pmf,increase,0.1328671328671329
2026-02-07,wk flu hosp rate change,0,2026-02-07,13,pmf,large_decrease,0.017982017982017984
2026-02-07,wk flu hosp rate change,0,2026-02-07,13,pmf,large_increase,0.0019980019980019984
2026-02-07,wk flu hosp rate change,0,2026-02-07,13,pmf,stable,0.38761238761238764
2026-02-07,wk flu hosp rate change,0,2026-02-07,15,pmf,decrease,0.31
2026-02-07,wk flu hosp rate change,0,2026-02-07,15,pmf,increase,0.224
2026-02-07,wk flu hosp rate change,0,2026-02-07,15,pmf,large_decrease,0.055
2026-02-07,wk flu hosp rate change,0,2026-02-07,15,pmf,large_increase,0.05
2026-02-07,wk flu hosp rate change,0,2026-02-07,15,pmf,stable,0.3609999999999999
2026-02-07,wk flu hosp rate change,0,2026-02-07,16,pmf,decrease,0.3616383616383616
2026-02-07,wk flu hosp rate change,0,2026-02-07,16,pmf,increase,0.17182817182817178
2026-02-07,wk flu hosp rate change,0,2026-02-07,16,pmf,large_decrease,0.009990009990009988
2026-02-07,wk flu hosp rate change,0,2026-02-07,16,pmf,large_increase,0.0029970029970029966
2026-02-07,wk flu hosp rate change,0,2026-02-07,16,pmf,stable,0.4535464535464535
2026-02-07,wk flu hosp rate change,0,2026-02-07,17,pmf,decrease,0.595
2026-02-07,wk flu hosp rate change,0,2026-02-07,17,pmf,increase,0.235
2026-02-07,wk flu hosp rate change,0,2026-02-07,17,pmf,large_decrease,0.028
2026-02-07,wk flu hosp rate change,0,2026-02-07,17,pmf,large_increase,0.009
2026-02-07,wk flu hosp rate change,0,2026-02-07,17,pmf,stable,0.133
2026-02-07,wk flu hosp rate change,0,2026-02-07,18,pmf,decrease,0.5559999999999999
2026-02-07,wk flu hosp rate change,0,2026-02-07,18,pmf,increase,0.20299999999999996
2026-02-07,wk flu hosp rate change,0,2026-02-07,18,pmf,large_decrease,0.10499999999999997
2026-02-07,wk flu hosp rate change,0,2026-02-07,18,pmf,large_increase,0.03699999999999999
2026-02-07,wk flu hosp rate change,0,2026-02-07,18,pmf,stable,0.09899999999999998
2026-02-07,wk flu hosp rate change,0,2026-02-07,19,pmf,decrease,0.276
2026-02-07,wk flu hosp rate change,0,2026-02-07,19,pmf,increase,0.34
2026-02-07,wk flu hosp rate change,0,2026-02-07,19,pmf,large_decrease,0.218
2026-02-07,wk flu hosp rate change,0,2026-02-07,19,pmf,large_increase,0.005
2026-02-07,wk flu hosp rate change,0,2026-02-07,19,pmf,stable,0.161
2026-02-07,wk flu hosp rate change,0,2026-02-07,20,pmf,decrease,0.305
2026-02-07,wk flu hosp rate change,0,2026-02-07,20,pmf,increase,0.407
2026-02-07,wk flu hosp rate change,0,2026-02-07,20,pmf,large_decrease,0.015
2026-02-07,wk flu hosp rate change,0,2026-02-07,20,pmf,large_increase,0.013
2026-02-07,wk flu hosp rate change,0,2026-02-07,20,pmf,stable,0.26
2026-02-07,wk flu hosp rate change,0,2026-02-07,21,pmf,decrease,0.47
2026-02-07,wk flu hosp rate change,0,2026-02-07,21,pmf,increase,0.19
2026-02-07,wk flu hosp rate change,0,2026-02-07,21,pmf,large_decrease,0.118
2026-02-07,wk flu hosp rate change,0,2026-02-07,21,pmf,large_increase,0.036
2026-02-07,wk flu hosp rate change,0,2026-02-07,21,pmf,stable,0.186
2026-02-07,wk flu hosp rate change,0,2026-02-07,22,pmf,decrease,0.366
2026-02-07,wk flu hosp rate change,0,2026-02-07,22,pmf,increase,0.241
2026-02-07,wk flu hosp rate change,0,2026-02-07,22,pmf,large_decrease,0.012
2026-02-07,wk flu hosp rate change,0,2026-02-07,22,pmf,large_increase,0.059
2026-02-07,wk flu hosp rate change,0,2026-02-07,22,pmf,stable,0.3220000000000001
2026-02-07,wk flu hosp rate change,0,2026-02-07,23,pmf,decrease,0.067
2026-02-07,wk flu hosp rate change,0,2026-02-07,23,pmf,increase,0.356
2026-02-07,wk flu hosp rate change,0,2026-02-07,23,pmf,large_decrease,0.001
2026-02-07,wk flu hosp rate change,0,2026-02-07,23,pmf,large_increase,0.001
2026-02-07,wk flu hosp rate change,0,2026-02-07,23,pmf,stable,0.575
2026-02-07,wk flu hosp rate change,0,2026-02-07,24,pmf,decrease,0.569
2026-02-07,wk flu hosp rate change,0,2026-02-07,24,pmf,increase,0.245
2026-02-07,wk flu hosp rate change,0,2026-02-07,24,pmf,large_decrease,0.002
2026-02-07,wk flu hosp rate change,0,2026-02-07,24,pmf,large_increase,0.003
2026-02-07,wk flu hosp rate change,0,2026-02-07,24,pmf,stable,0.181
2026-02-07,wk flu hosp rate change,0,2026-02-07,25,pmf,decrease,0.591
2026-02-07,wk flu hosp rate change,0,2026-02-07,25,pmf,increase,0.142
2026-02-07,wk flu hosp rate change,0,2026-02-07,25,pmf,large_decrease,0.002
2026-02-07,wk flu hosp rate change,0,2026-02-07,25,pmf,large_increase,0.002
2026-02-07,wk flu hosp rate change,0,2026-02-07,25,pmf,stable,0.263
2026-02-07,wk flu hosp rate change,0,2026-02-07,26,pmf,decrease,0.301
2026-02-07,wk flu hosp rate change,0,2026-02-07,26,pmf,increase,0.239
2026-02-07,wk flu hosp rate change,0,2026-02-07,26,pmf,large_decrease,0.001
2026-02-07,wk flu hosp rate change,0,2026-02-07,26,pmf,large_increase,0.001
2026-02-07,wk flu hosp rate change,0,2026-02-07,26,pmf,stable,0.4579999999999999
2026-02-07,wk flu hosp rate change,0,2026-02-07,27,pmf,decrease,0.427
2026-02-07,wk flu hosp rate change,0,2026-02-07,27,pmf,increase,0.29
2026-02-07,wk flu hosp rate change,0,2026-02-07,27,pmf,large_decrease,0.023
2026-02-07,wk flu hosp rate change,0,2026-02-07,27,pmf,large_increase,0.121
2026-02-07,wk flu hosp rate change,0,2026-02-07,27,pmf,stable,0.139
2026-02-07,wk flu hosp rate change,0,2026-02-07,28,pmf,decrease,0.523
2026-02-07,wk flu hosp rate change,0,2026-02-07,28,pmf,increase,0.156
2026-02-07,wk flu hosp rate change,0,2026-02-07,28,pmf,large_decrease,0.09
2026-02-07,wk flu hosp rate change,0,2026-02-07,28,pmf,large_increase,0.003
2026-02-07,wk flu hosp rate change,0,2026-02-07,28,pmf,stable,0.228
2026-02-07,wk flu hosp rate change,0,2026-02-07,30,pmf,decrease,0.404
2026-02-07,wk flu hosp rate change,0,2026-02-07,30,pmf,increase,0.159
2026-02-07,wk flu hosp rate change,0,2026-02-07,30,pmf,large_decrease,0.115
2026-02-07,wk flu hosp rate change,0,2026-02-07,30,pmf,large_increase,0.083
2026-02-07,wk flu hosp rate change,0,2026-02-07,30,pmf,stable,0.239
2026-02-07,wk flu hosp rate change,0,2026-02-07,31,pmf,decrease,0.112
2026-02-07,wk flu hosp rate change,0,2026-02-07,31,pmf,increase,0.355
2026-02-07,wk flu hosp rate change,0,2026-02-07,31,pmf,large_decrease,0.117
2026-02-07,wk flu hosp rate change,0,2026-02-07,31,pmf,large_increase,0.123
2026-02-07,wk flu hosp rate change,0,2026-02-07,31,pmf,stable,0.293
2026-02-07,wk flu hosp rate change,0,2026-02-07,32,pmf,decrease,0.3816183816183816
2026-02-07,wk flu hosp rate change,0,2026-02-07,32,pmf,increase,0.0779220779220779
2026-02-07,wk flu hosp rate change,0,2026-02-07,32,pmf,large_decrease,0.001998001998001998
2026-02-07,wk flu hosp rate change,0,2026-02-07,32,pmf,large_increase,0.001998001998001998
2026-02-07,wk flu hosp rate change,0,2026-02-07,32,pmf,stable,0.5364635364635364
2026-02-07,wk flu hosp rate change,0,2026-02-07,33,pmf,decrease,0.195
2026-02-07,wk flu hosp rate change,0,2026-02-07,33,pmf,increase,0.182
2026-02-07,wk flu hosp rate change,0,2026-02-07,33,pmf,large_decrease,0.003
2026-02-07,wk flu hosp rate change,0,2026-02-07,33,pmf,large_increase,0.001
2026-02-07,wk flu hosp rate change,0,2026-02-07,33,pmf,stable,0.619
2026-02-07,wk flu hosp rate change,0,2026-02-07,34,pmf,decrease,0.49350649350649356
2026-02-07,wk flu hosp rate change,0,2026-02-07,34,pmf,increase,0.1058941058941059
2026-02-07,wk flu hosp rate change,0,2026-02-07,34,pmf,large_decrease,0.0019980019980019984
2026-02-07,wk flu hosp rate change,0,2026-02-07,34,pmf,large_increase,0.0019980019980019984
2026-02-07,wk flu hosp rate change,0,2026-02-07,34,pmf,stable,0.39660339660339666
2026-02-07,wk flu hosp rate change,0,2026-02-07,35,pmf,decrease,0.654
2026-02-07,wk flu hosp rate change,0,2026-02-07,35,pmf,increase,0.097
2026-02-07,wk flu hosp rate change,0,2026-02-07,35,pmf,large_decrease,0.012
2026-02-07,wk flu hosp rate change,0,2026-02-07,35,pmf,large_increase,0.002
2026-02-07,wk flu hosp rate change,0,2026-02-07,35,pmf,stable,0.235
2026-02-07,wk flu hosp rate change,0,2026-02-07,36,pmf,decrease,0.434
2026-02-07,wk flu hosp rate change,0,2026-02-07,36,pmf,increase,0.004
2026-02-07,wk flu hosp rate change,0,2026-02-07,36,pmf,large_decrease,0.001
2026-02-07,wk flu hosp rate change,0,2026-02-07,36,pmf,large_increase,0.001
2026-02-07,wk flu hosp rate change,0,2026-02-07,36,pmf,stable,0.5599999999999999
2026-02-07,wk flu hosp rate change,0,2026-02-07,37,pmf,decrease,0.377
2026-02-07,wk flu hosp rate change,0,2026-02-07,37,pmf,increase,0.205
2026-02-07,wk flu hosp rate change,0,2026-02-07,37,pmf,large_decrease,0.103
2026-02-07,wk flu hosp rate change,0,2026-02-07,37,pmf,large_increase,0.024
2026-02-07,wk flu hosp rate change,0,2026-02-07,37,pmf,stable,0.291
2026-02-07,wk flu hosp rate change,0,2026-02-07,38,pmf,decrease,0.294
2026-02-07,wk flu hosp rate change,0,2026-02-07,38,pmf,increase,0.105
2026-02-07,wk flu hosp rate change,0,2026-02-07,38,pmf,large_decrease,0.024
2026-02-07,wk flu hosp rate change,0,2026-02-07,38,pmf,large_increase,0.008
2026-02-07,wk flu hosp rate change,0,2026-02-07,38,pmf,stable,0.569
2026-02-07,wk flu hosp rate change,0,2026-02-07,39,pmf,decrease,0.368
2026-02-07,wk flu hosp rate change,0,2026-02-07,39,pmf,increase,0.189
2026-02-07,wk flu hosp rate change,0,2026-02-07,39,pmf,large_decrease,0.007
2026-02-07,wk flu hosp rate change,0,2026-02-07,39,pmf,large_increase,0.001
2026-02-07,wk flu hosp rate change,0,2026-02-07,39,pmf,stable,0.435
2026-02-07,wk flu hosp rate change,0,2026-02-07,40,pmf,decrease,0.5144855144855146
2026-02-07,wk flu hosp rate change,0,2026-02-07,40,pmf,increase,0.19280719280719283
2026-02-07,wk flu hosp rate change,0,2026-02-07,40,pmf,large_decrease,0.14985014985014986
2026-02-07,wk flu hosp rate change,0,2026-02-07,40,pmf,large_increase,0.0019980019980019984
2026-02-07,wk flu hosp rate change,0,2026-02-07,40,pmf,stable,0.14085914085914086
2026-02-07,wk flu hosp rate change,0,2026-02-07,41,pmf,decrease,0.456
2026-02-07,wk flu hosp rate change,0,2026-02-07,41,pmf,increase,0.262
2026-02-07,wk flu hosp rate change,0,2026-02-07,41,pmf,large_decrease,0.035
2026-02-07,wk flu hosp rate change,0,2026-02-07,41,pmf,large_increase,0.004
2026-02-07,wk flu hosp rate change,0,2026-02-07,41,pmf,stable,0.243
2026-02-07,wk flu hosp rate change,0,2026-02-07,42,pmf,decrease,0.457
2026-02-07,wk flu hosp rate change,0,2026-02-07,42,pmf,increase,0.205
2026-02-07,wk flu hosp rate change,0,2026-02-07,42,pmf,large_decrease,0.008
2026-02-07,wk flu hosp rate change,0,2026-02-07,42,pmf,large_increase,0.004
2026-02-07,wk flu hosp rate change,0,2026-02-07,42,pmf,stable,0.326
2026-02-07,wk flu hosp rate change,0,2026-02-07,44,pmf,decrease,0.4345654345654345
2026-02-07,wk flu hosp rate change,0,2026-02-07,44,pmf,increase,0.001998001998001998
2026-02-07,wk flu hosp rate change,0,2026-02-07,44,pmf,large_decrease,0.001998001998001998
2026-02-07,wk flu hosp rate change,0,2026-02-07,44,pmf,large_increase,0.001998001998001998
2026-02-07,wk flu hosp rate change,0,2026-02-07,44,pmf,stable,0.5594405594405595
2026-02-07,wk flu hosp rate change,0,2026-02-07,45,pmf,decrease,0.573
2026-02-07,wk flu hosp rate change,0,2026-02-07,45,pmf,increase,0.092
2026-02-07,wk flu hosp rate change,0,2026-02-07,45,pmf,large_decrease,0.07
2026-02-07,wk flu hosp rate change,0,2026-02-07,45,pmf,large_increase,0.002
2026-02-07,wk flu hosp rate change,0,2026-02-07,45,pmf,stable,0.2630000000000001
2026-02-07,wk flu hosp rate change,0,2026-02-07,46,pmf,decrease,0.305
2026-02-07,wk flu hosp rate change,0,2026-02-07,46,pmf,increase,0.05
2026-02-07,wk flu hosp rate change,0,2026-02-07,46,pmf,large_decrease,0.005
2026-02-07,wk flu hosp rate change,0,2026-02-07,46,pmf,large_increase,0.001
2026-02-07,wk flu hosp rate change,0,2026-02-07,46,pmf,stable,0.639
2026-02-07,wk flu hosp rate change,0,2026-02-07,47,pmf,decrease,0.26073926073926074
2026-02-07,wk flu hosp rate change,0,2026-02-07,47,pmf,increase,0.3246753246753247
2026-02-07,wk flu hosp rate change,0,2026-02-07,47,pmf,large_decrease,0.06593406593406594
2026-02-07,wk flu hosp rate change,0,2026-02-07,47,pmf,large_increase,0.021978021978021973
2026-02-07,wk flu hosp rate change,0,2026-02-07,47,pmf,stable,0.32667332667332666
2026-02-07,wk flu hosp rate change,0,2026-02-07,48,pmf,decrease,0.421
2026-02-07,wk flu hosp rate change,0,2026-02-07,48,pmf,increase,0.179
2026-02-07,wk flu hosp rate change,0,2026-02-07,48,pmf,large_decrease,0.131
2026-02-07,wk flu hosp rate change,0,2026-02-07,48,pmf,large_increase,0.002
2026-02-07,wk flu hosp rate change,0,2026-02-07,48,pmf,stable,0.267
2026-02-07,wk flu hosp rate change,0,2026-02-07,49,pmf,decrease,0.362
2026-02-07,wk flu hosp rate change,0,2026-02-07,49,pmf,increase,0.256
2026-02-07,wk flu hosp rate change,0,2026-02-07,49,pmf,large_decrease,0.001
2026-02-07,wk flu hosp rate change,0,2026-02-07,49,pmf,large_increase,0.01
2026-02-07,wk flu hosp rate change,0,2026-02-07,49,pmf,stable,0.371
2026-02-07,wk flu hosp rate change,0,2026-02-07,50,pmf,decrease,0.326
2026-02-07,wk flu hosp rate change,0,2026-02-07,50,pmf,increase,0.047
2026-02-07,wk flu hosp rate change,0,2026-02-07,50,pmf,large_decrease,0.091
2026-02-07,wk flu hosp rate change,0,2026-02-07,50,pmf,large_increase,0.001
2026-02-07,wk flu hosp rate change,0,2026-02-07,50,pmf,stable,0.535
2026-02-07,wk flu hosp rate change,0,2026-02-07,51,pmf,decrease,0.637
2026-02-07,wk flu hosp rate change,0,2026-02-07,51,pmf,increase,0.104
2026-02-07,wk flu hosp rate change,0,2026-02-07,51,pmf,large_decrease,0.096
2026-02-07,wk flu hosp rate change,0,2026-02-07,51,pmf,large_increase,0.042
2026-02-07,wk flu hosp rate change,0,2026-02-07,51,pmf,stable,0.121
2026-02-07,wk flu hosp rate change,0,2026-02-07,53,pmf,decrease,0.566
2026-02-07,wk flu hosp rate change,0,2026-02-07,53,pmf,increase,0.2
2026-02-07,wk flu hosp rate change,0,2026-02-07,53,pmf,large_decrease,0.049
2026-02-07,wk flu hosp rate change,0,2026-02-07,53,pmf,large_increase,0.011
2026-02-07,wk flu hosp rate change,0,2026-02-07,53,pmf,stable,0.174
2026-02-07,wk flu hosp rate change,0,2026-02-07,54,pmf,decrease,0.3566433566433566
2026-02-07,wk flu hosp rate change,0,2026-02-07,54,pmf,increase,0.1748251748251748
2026-02-07,wk flu hosp rate change,0,2026-02-07,54,pmf,large_decrease,0.11088911088911088
2026-02-07,wk flu hosp rate change,0,2026-02-07,54,pmf,large_increase,0.05094905094905094
2026-02-07,wk flu hosp rate change,0,2026-02-07,54,pmf,stable,0.30669330669330663
2026-02-07,wk flu hosp rate change,0,2026-02-07,55,pmf,decrease,0.495
2026-02-07,wk flu hosp rate change,0,2026-02-07,55,pmf,increase,0.19
2026-02-07,wk flu hosp rate change,0,2026-02-07,55,pmf,large_decrease,0.039
2026-02-07,wk flu hosp rate change,0,2026-02-07,55,pmf,large_increase,0.016
2026-02-07,wk flu hosp rate change,0,2026-02-07,55,pmf,stable,0.26
2026-02-07,wk flu hosp rate change,0,2026-02-07,56,pmf,decrease,0.278
2026-02-07,wk flu hosp rate change,0,2026-02-07,56,pmf,increase,0.047
2026-02-07,wk flu hosp rate change,0,2026-02-07,56,pmf,large_decrease,0.001
2026-02-07,wk flu hosp rate change,0,2026-02-07,56,pmf,large_increase,0.001
2026-02-07,wk flu hosp rate change,0,2026-02-07,56,pmf,stable,0.673
2026-02-07,wk flu hosp rate change,0,2026-02-07,US,pmf,decrease,0.515
2026-02-07,wk flu hosp rate change,0,2026-02-07,US,pmf,increase,0.1
2026-02-07,wk flu hosp rate change,0,2026-02-07,US,pmf,large_decrease,0.004
2026-02-07,wk flu hosp rate change,0,2026-02-07,US,pmf,large_increase,0.001
2026-02-07,wk flu hosp rate change,0,2026-02-07,US,pmf,stable,0.38
2026-02-07,wk flu hosp rate change,1,2026-02-14,01,pmf,decrease,0.518
2026-02-07,wk flu hosp rate change,1,2026-02-14,01,pmf,increase,0.052
2026-02-07,wk flu hosp rate change,1,2026-02-14,01,pmf,large_decrease,0.384
2026-02-07,wk flu hosp rate change,1,2026-02-14,01,pmf,large_increase,0.002
2026-02-07,wk flu hosp rate change,1,2026-02-14,01,pmf,stable,0.044
2026-02-07,wk flu hosp rate change,1,2026-02-14,02,pmf,decrease,0.409
2026-02-07,wk flu hosp rate change,1,2026-02-14,02,pmf,increase,0.191
2026-02-07,wk flu hosp rate change,1,2026-02-14,02,pmf,large_decrease,0.002
2026-02-07,wk flu hosp rate change,1,2026-02-14,02,pmf,large_increase,0.002
2026-02-07,wk flu hosp rate change,1,2026-02-14,02,pmf,stable,0.396
2026-02-07,wk flu hosp rate change,1,2026-02-14,04,pmf,decrease,0.35364635364635366
2026-02-07,wk flu hosp rate change,1,2026-02-14,04,pmf,increase,0.34765234765234765
2026-02-07,wk flu hosp rate change,1,2026-02-14,04,pmf,large_decrease,0.0019980019980019984
2026-02-07,wk flu hosp rate change,1,2026-02-14,04,pmf,large_increase,0.0019980019980019984
2026-02-07,wk flu hosp rate change,1,2026-02-14,04,pmf,stable,0.2947052947052947
2026-02-07,wk flu hosp rate change,1,2026-02-14,05,pmf,decrease,0.074
2026-02-07,wk flu hosp rate change,1,2026-02-14,05,pmf,increase,0.08
2026-02-07,wk flu hosp rate change,1,2026-02-14,05,pmf,large_decrease,0.768
2026-02-07,wk flu hosp rate change,1,2026-02-14,05,pmf,large_increase,0.042
2026-02-07,wk flu hosp rate change,1,2026-02-14,05,pmf,stable,0.036
2026-02-07,wk flu hosp rate change,1,2026-02-14,06,pmf,decrease,0.233
2026-02-07,wk flu hosp rate change,1,2026-02-14,06,pmf,increase,0.351
2026-02-07,wk flu hosp rate change,1,2026-02-14,06,pmf,large_decrease,0.002
2026-02-07,wk flu hosp rate change,1,2026-02-14,06,pmf,large_increase,0.002
2026-02-07,wk flu hosp rate change,1,2026-02-14,06,pmf,stable,0.412
2026-02-07,wk flu hosp rate change,1,2026-02-14,08,pmf,decrease,0.341
2026-02-07,wk flu hosp rate change,1,2026-02-14,08,pmf,increase,0.109
2026-02-07,wk flu hosp rate change,1,2026-02-14,08,pmf,large_decrease,0.001
2026-02-07,wk flu hosp rate change,1,2026-02-14,08,pmf,large_increase,0.001
2026-02-07,wk flu hosp rate change,1,2026-02-14,08,pmf,stable,0.548
2026-02-07,wk flu hosp rate change,1,2026-02-14,09,pmf,decrease,0.9740259740259741
2026-02-07,wk flu hosp rate change,1,2026-02-14,09,pmf,increase,0.0019980019980019984
2026-02-07,wk flu hosp rate change,1,2026-02-14,09,pmf,large_decrease,0.0019980019980019984
2026-02-07,wk flu hosp rate change,1,2026-02-14,09,pmf,large_increase,0.0019980019980019984
2026-02-07,wk flu hosp rate change,1,2026-02-14,09,pmf,stable,0.019980019980019983
2026-02-07,wk flu hosp rate change,1,2026-02-14,10,pmf,decrease,0.454
2026-02-07,wk flu hosp rate change,1,2026-02-14,10,pmf,increase,0.116
2026-02-07,wk flu hosp rate change,1,2026-02-14,10,pmf,large_decrease,0.01
2026-02-07,wk flu hosp rate change,1,2026-02-14,10,pmf,large_increase,0.001
2026-02-07,wk flu hosp rate change,1,2026-02-14,10,pmf,stable,0.4189999999999999
2026-02-07,wk flu hosp rate change,1,2026-02-14,11,pmf,decrease,0.141
2026-02-07,wk flu hosp rate change,1,2026-02-14,11,pmf,increase,0.263
2026-02-07,wk flu hosp rate change,1,2026-02-14,11,pmf,large_decrease,0.001
2026-02-07,wk flu hosp rate change,1,2026-02-14,11,pmf,large_increase,0.001
2026-02-07,wk flu hosp rate change,1,2026-02-14,11,pmf,stable,0.594
2026-02-07,wk flu hosp rate change,1,2026-02-14,12,pmf,decrease,0.659
2026-02-07,wk flu hosp rate change,1,2026-02-14,12,pmf,increase,0.047
2026-02-07,wk flu hosp rate change,1,2026-02-14,12,pmf,large_decrease,0.003
2026-02-07,wk flu hosp rate change,1,2026-02-14,12,pmf,large_increase,0.002
2026-02-07,wk flu hosp rate change,1,2026-02-14,12,pmf,stable,0.289
2026-02-07,wk flu hosp rate change,1,2026-02-14,13,pmf,decrease,0.58
2026-02-07,wk flu hosp rate change,1,2026-02-14,13,pmf,increase,0.056
2026-02-07,wk flu hosp rate change,1,2026-02-14,13,pmf,large_decrease,0.002
2026-02-07,wk flu hosp rate change,1,2026-02-14,13,pmf,large_increase,0.002
2026-02-07,wk flu hosp rate change,1,2026-02-14,13,pmf,stable,0.36
2026-02-07,wk flu hosp rate change,1,2026-02-14,15,pmf,decrease,0.472
2026-02-07,wk flu hosp rate change,1,2026-02-14,15,pmf,increase,0.207
2026-02-07,wk flu hosp rate change,1,2026-02-14,15,pmf,large_decrease,0.001
2026-02-07,wk flu hosp rate change,1,2026-02-14,15,pmf,large_increase,0.018
2026-02-07,wk flu hosp rate change,1,2026-02-14,15,pmf,stable,0.302
2026-02-07,wk flu hosp rate change,1,2026-02-14,16,pmf,decrease,0.465
2026-02-07,wk flu hosp rate change,1,2026-02-14,16,pmf,increase,0.159
2026-02-07,wk flu hosp rate change,1,2026-02-14,16,pmf,large_decrease,0.001
2026-02-07,wk flu hosp rate change,1,2026-02-14,16,pmf,large_increase,0.001
2026-02-07,wk flu hosp rate change,1,2026-02-14,16,pmf,stable,0.374
2026-02-07,wk flu hosp rate change,1,2026-02-14,17,pmf,decrease,0.646
2026-02-07,wk flu hosp rate change,1,2026-02-14,17,pmf,increase,0.201
2026-02-07,wk flu hosp rate change,1,2026-02-14,17,pmf,large_decrease,0.002
2026-02-07,wk flu hosp rate change,1,2026-02-14,17,pmf,large_increase,0.002
2026-02-07,wk flu hosp rate change,1,2026-02-14,17,pmf,stable,0.149
2026-02-07,wk flu hosp rate change,1,2026-02-14,18,pmf,decrease,0.719
2026-02-07,wk flu hosp rate change,1,2026-02-14,18,pmf,increase,0.121
2026-02-07,wk flu hosp rate change,1,2026-02-14,18,pmf,large_decrease,0.049
2026-02-07,wk flu hosp rate change,1,2026-02-14,18,pmf,large_increase,0.002
2026-02-07,wk flu hosp rate change,1,2026-02-14,18,pmf,stable,0.109
2026-02-07,wk flu hosp rate change,1,2026-02-14,19,pmf,decrease,0.397
2026-02-07,wk flu hosp rate change,1,2026-02-14,19,pmf,increase,0.271
2026-02-07,wk flu hosp rate change,1,2026-02-14,19,pmf,large_decrease,0.128
2026-02-07,wk flu hosp rate change,1,2026-02-14,19,pmf,large_increase,0.002
2026-02-07,wk flu hosp rate change,1,2026-02-14,19,pmf,stable,0.202
2026-02-07,wk flu hosp rate change,1,2026-02-14,20,pmf,decrease,0.30769230769230765
2026-02-07,wk flu hosp rate change,1,2026-02-14,20,pmf,increase,0.37062937062937057
2026-02-07,wk flu hosp rate change,1,2026-02-14,20,pmf,large_decrease,0.01798201798201798
2026-02-07,wk flu hosp rate change,1,2026-02-14,20,pmf,large_increase,0.001998001998001998
2026-02-07,wk flu hosp rate change,1,2026-02-14,20,pmf,stable,0.30169830169830164
2026-02-07,wk flu hosp rate change,1,2026-02-14,21,pmf,decrease,0.585
2026-02-07,wk flu hosp rate change,1,2026-02-14,21,pmf,increase,0.108
2026-02-07,wk flu hosp rate change,1,2026-02-14,21,pmf,large_decrease,0.111
2026-02-07,wk flu hosp rate change,1,2026-02-14,21,pmf,large_increase,0.006
2026-02-07,wk flu hosp rate change,1,2026-02-14,21,pmf,stable,0.19
2026-02-07,wk flu hosp rate change,1,2026-02-14,22,pmf,decrease,0.458
2026-02-07,wk flu hosp rate change,1,2026-02-14,22,pmf,increase,0.193
2026-02-07,wk flu hosp rate change,1,2026-02-14,22,pmf,large_decrease,0.005
2026-02-07,wk flu hosp rate change,1,2026-02-14,22,pmf,large_increase,0.045
2026-02-07,wk flu hosp rate change,1,2026-02-14,22,pmf,stable,0.2989999999999999
2026-02-07,wk flu hosp rate change,1,2026-02-14,23,pmf,decrease,0.093
2026-02-07,wk flu hosp rate change,1,2026-02-14,23,pmf,increase,0.298
2026-02-07,wk flu hosp rate change,1,2026-02-14,23,pmf,large_decrease,0.001
2026-02-07,wk flu hosp rate change,1,2026-02-14,23,pmf,large_increase,0.001
2026-02-07,wk flu hosp rate change,1,2026-02-14,23,pmf,stable,0.607
2026-02-07,wk flu hosp rate change,1,2026-02-14,24,pmf,decrease,0.5724275724275725
2026-02-07,wk flu hosp rate change,1,2026-02-14,24,pmf,increase,0.2057942057942058
2026-02-07,wk flu hosp rate change,1,2026-02-14,24,pmf,large_decrease,0.0019980019980019984
2026-02-07,wk flu hosp rate change,1,2026-02-14,24,pmf,large_increase,0.0019980019980019984
2026-02-07,wk flu hosp rate change,1,2026-02-14,24,pmf,stable,0.21778221778221782
2026-02-07,wk flu hosp rate change,1,2026-02-14,25,pmf,decrease,0.602
2026-02-07,wk flu hosp rate change,1,2026-02-14,25,pmf,increase,0.057
2026-02-07,wk flu hosp rate change,1,2026-02-14,25,pmf,large_decrease,0.002
2026-02-07,wk flu hosp rate change,1,2026-02-14,25,pmf,large_increase,0.002
2026-02-07,wk flu hosp rate change,1,2026-02-14,25,pmf,stable,0.337
2026-02-07,wk flu hosp rate change,1,2026-02-14,26,pmf,decrease,0.314
2026-02-07,wk flu hosp rate change,1,2026-02-14,26,pmf,increase,0.128
2026-02-07,wk flu hosp rate change,1,2026-02-14,26,pmf,large_decrease,0.001
2026-02-07,wk flu hosp rate change,1,2026-02-14,26,pmf,large_increase,0.001
2026-02-07,wk flu hosp rate change,1,2026-02-14,26,pmf,stable,0.556
2026-02-07,wk flu hosp rate change,1,2026-02-14,27,pmf,decrease,0.355
2026-02-07,wk flu hosp rate change,1,2026-02-14,27,pmf,increase,0.355
2026-02-07,wk flu hosp rate change,1,2026-02-14,27,pmf,large_decrease,0.002
2026-02-07,wk flu hosp rate change,1,2026-02-14,27,pmf,large_increase,0.127
2026-02-07,wk flu hosp rate change,1,2026-02-14,27,pmf,stable,0.161
2026-02-07,wk flu hosp rate change,1,2026-02-14,28,pmf,decrease,0.667
2026-02-07,wk flu hosp rate change,1,2026-02-14,28,pmf,increase,0.086
2026-02-07,wk flu hosp rate change,1,2026-02-14,28,pmf,large_decrease,0.041
2026-02-07,wk flu hosp rate change,1,2026-02-14,28,pmf,large_increase,0.001
2026-02-07,wk flu hosp rate change,1,2026-02-14,28,pmf,stable,0.205
2026-02-07,wk flu hosp rate change,1,2026-02-14,30,pmf,decrease,0.46953046953046956
2026-02-07,wk flu hosp rate change,1,2026-02-14,30,pmf,increase,0.2577422577422578
2026-02-07,wk flu hosp rate change,1,2026-02-14,30,pmf,large_decrease,0.012987012987012988
2026-02-07,wk flu hosp rate change,1,2026-02-14,30,pmf,large_increase,0.07992007992007993
2026-02-07,wk flu hosp rate change,1,2026-02-14,30,pmf,stable,0.17982017982017984
2026-02-07,wk flu hosp rate change,1,2026-02-14,31,pmf,decrease,0.333
2026-02-07,wk flu hosp rate change,1,2026-02-14,31,pmf,increase,0.431
2026-02-07,wk flu hosp rate change,1,2026-02-14,31,pmf,large_decrease,0.002
2026-02-07,wk flu hosp rate change,1,2026-02-14,31,pmf,large_increase,0.068
2026-02-07,wk flu hosp rate change,1,2026-02-14,31,pmf,stable,0.166
2026-02-07,wk flu hosp rate change,1,2026-02-14,32,pmf,decrease,0.295
2026-02-07,wk flu hosp rate change,1,2026-02-14,32,pmf,increase,0.096
2026-02-07,wk flu hosp rate change,1,2026-02-14,32,pmf,large_decrease,0.001
2026-02-07,wk flu hosp rate change,1,2026-02-14,32,pmf,large_increase,0.001
2026-02-07,wk flu hosp rate change,1,2026-02-14,32,pmf,stable,0.607
2026-02-07,wk flu hosp rate change,1,2026-02-14,33,pmf,decrease,0.426
2026-02-07,wk flu hosp rate change,1,2026-02-14,33,pmf,increase,0.049
2026-02-07,wk flu hosp rate change,1,2026-02-14,33,pmf,large_decrease,0.001
2026-02-07,wk flu hosp rate change,1,2026-02-14,33,pmf,large_increase,0.001
2026-02-07,wk flu hosp rate change,1,2026-02-14,33,pmf,stable,0.523
2026-02-07,wk flu hosp rate change,1,2026-02-14,34,pmf,decrease,0.5354645354645354
2026-02-07,wk flu hosp rate change,1,2026-02-14,34,pmf,increase,0.03696303696303696
2026-02-07,wk flu hosp rate change,1,2026-02-14,34,pmf,large_decrease,0.001998001998001998
2026-02-07,wk flu hosp rate change,1,2026-02-14,34,pmf,large_increase,0.001998001998001998
2026-02-07,wk flu hosp rate change,1,2026-02-14,34,pmf,stable,0.4235764235764235
2026-02-07,wk flu hosp rate change,1,2026-02-14,35,pmf,decrease,0.7672327672327671
2026-02-07,wk flu hosp rate change,1,2026-02-14,35,pmf,increase,0.05594405594405594
2026-02-07,wk flu hosp rate change,1,2026-02-14,35,pmf,large_decrease,0.001998001998001998
2026-02-07,wk flu hosp rate change,1,2026-02-14,35,pmf,large_increase,0.001998001998001998
2026-02-07,wk flu hosp rate change,1,2026-02-14,35,pmf,stable,0.1728271728271728
2026-02-07,wk flu hosp rate change,1,2026-02-14,36,pmf,decrease,0.237
2026-02-07,wk flu hosp rate change,1,2026-02-14,36,pmf,increase,0.012
2026-02-07,wk flu hosp rate change,1,2026-02-14,36,pmf,large_decrease,0.001
2026-02-07,wk flu hosp rate change,1,2026-02-14,36,pmf,large_increase,0.001
2026-02-07,wk flu hosp rate change,1,2026-02-14,36,pmf,stable,0.749
2026-02-07,wk flu hosp rate change,1,2026-02-14,37,pmf,decrease,0.517
2026-02-07,wk flu hosp rate change,1,2026-02-14,37,pmf,increase,0.097
2026-02-07,wk flu hosp rate change,1,2026-02-14,37,pmf,large_decrease,0.093
2026-02-07,wk flu hosp rate change,1,2026-02-14,37,pmf,large_increase,0.002
2026-02-07,wk flu hosp rate change,1,2026-02-14,37,pmf,stable,0.291
2026-02-07,wk flu hosp rate change,1,2026-02-14,38,pmf,decrease,0.398
2026-02-07,wk flu hosp rate change,1,2026-02-14,38,pmf,increase,0.098
2026-02-07,wk flu hosp rate change,1,2026-02-14,38,pmf,large_decrease,0.007
2026-02-07,wk flu hosp rate change,1,2026-02-14,38,pmf,large_increase,0.001
2026-02-07,wk flu hosp rate change,1,2026-02-14,38,pmf,stable,0.496
2026-02-07,wk flu hosp rate change,1,2026-02-14,39,pmf,decrease,0.382
2026-02-07,wk flu hosp rate change,1,2026-02-14,39,pmf,increase,0.141
2026-02-07,wk flu hosp rate change,1,2026-02-14,39,pmf,large_decrease,0.005
2026-02-07,wk flu hosp rate change,1,2026-02-14,39,pmf,large_increase,0.001
2026-02-07,wk flu hosp rate change,1,2026-02-14,39,pmf,stable,0.471
2026-02-07,wk flu hosp rate change,1,2026-02-14,40,pmf,decrease,0.452
2026-02-07,wk flu hosp rate change,1,2026-02-14,40,pmf,increase,0.265
2026-02-07,wk flu hosp rate change,1,2026-02-14,40,pmf,large_decrease,0.103
2026-02-07,wk flu hosp rate change,1,2026-02-14,40,pmf,large_increase,0.002
2026-02-07,wk flu hosp rate change,1,2026-02-14,40,pmf,stable,0.178
2026-02-07,wk flu hosp rate change,1,2026-02-14,41,pmf,decrease,0.5334665334665334
2026-02-07,wk flu hosp rate change,1,2026-02-14,41,pmf,increase,0.13886113886113885
2026-02-07,wk flu hosp rate change,1,2026-02-14,41,pmf,large_decrease,0.011988011988011986
2026-02-07,wk flu hosp rate change,1,2026-02-14,41,pmf,large_increase,0.001998001998001998
2026-02-07,wk flu hosp rate change,1,2026-02-14,41,pmf,stable,0.31368631368631367
2026-02-07,wk flu hosp rate change,1,2026-02-14,42,pmf,decrease,0.469
2026-02-07,wk flu hosp rate change,1,2026-02-14,42,pmf,increase,0.198
2026-02-07,wk flu hosp rate change,1,2026-02-14,42,pmf,large_decrease,0.001
2026-02-07,wk flu hosp rate change,1,2026-02-14,42,pmf,large_increase,0.003
2026-02-07,wk flu hosp rate change,1,2026-02-14,42,pmf,stable,0.329
2026-02-07,wk flu hosp rate change,1,2026-02-14,44,pmf,decrease,0.537
2026-02-07,wk flu hosp rate change,1,2026-02-14,44,pmf,increase,0.002
2026-02-07,wk flu hosp rate change,1,2026-02-14,44,pmf,large_decrease,0.002
2026-02-07,wk flu hosp rate change,1,2026-02-14,44,pmf,large_increase,0.002
2026-02-07,wk flu hosp rate change,1,2026-02-14,44,pmf,stable,0.4569999999999999
2026-02-07,wk flu hosp rate change,1,2026-02-14,45,pmf,decrease,0.649
2026-02-07,wk flu hosp rate change,1,2026-02-14,45,pmf,increase,0.057
2026-02-07,wk flu hosp rate change,1,2026-02-14,45,pmf,large_decrease,0.068
2026-02-07,wk flu hosp rate change,1,2026-02-14,45,pmf,large_increase,0.002
2026-02-07,wk flu hosp rate change,1,2026-02-14,45,pmf,stable,0.224
2026-02-07,wk flu hosp rate change,1,2026-02-14,46,pmf,decrease,0.448
2026-02-07,wk flu hosp rate change,1,2026-02-14,46,pmf,increase,0.015
2026-02-07,wk flu hosp rate change,1,2026-02-14,46,pmf,large_decrease,0.001
2026-02-07,wk flu hosp rate change,1,2026-02-14,46,pmf,large_increase,0.001
2026-02-07,wk flu hosp rate change,1,2026-02-14,46,pmf,stable,0.535
2026-02-07,wk flu hosp rate change,1,2026-02-14,47,pmf,decrease,0.332
2026-02-07,wk flu hosp rate change,1,2026-02-14,47,pmf,increase,0.315
2026-02-07,wk flu hosp rate change,1,2026-02-14,47,pmf,large_decrease,0.054
2026-02-07,wk flu hosp rate change,1,2026-02-14,47,pmf,large_increase,0.025
2026-02-07,wk flu hosp rate change,1,2026-02-14,47,pmf,stable,0.274
2026-02-07,wk flu hosp rate change,1,2026-02-14,48,pmf,decrease,0.5884115884115885
2026-02-07,wk flu hosp rate change,1,2026-02-14,48,pmf,increase,0.09090909090909091
2026-02-07,wk flu hosp rate change,1,2026-02-14,48,pmf,large_decrease,0.1158841158841159
2026-02-07,wk flu hosp rate change,1,2026-02-14,48,pmf,large_increase,0.0019980019980019984
2026-02-07,wk flu hosp rate change,1,2026-02-14,48,pmf,stable,0.20279720279720284
2026-02-07,wk flu hosp rate change,1,2026-02-14,49,pmf,decrease,0.407
2026-02-07,wk flu hosp rate change,1,2026-02-14,49,pmf,increase,0.214
2026-02-07,wk flu hosp rate change,1,2026-02-14,49,pmf,large_decrease,0.001
2026-02-07,wk flu hosp rate change,1,2026-02-14,49,pmf,large_increase,0.002
2026-02-07,wk flu hosp rate change,1,2026-02-14,49,pmf,stable,0.376
2026-02-07,wk flu hosp rate change,1,2026-02-14,50,pmf,decrease,0.45454545454545453
2026-02-07,wk flu hosp rate change,1,2026-02-14,50,pmf,increase,0.046953046953046945
2026-02-07,wk flu hosp rate change,1,2026-02-14,50,pmf,large_decrease,0.05494505494505494
2026-02-07,wk flu hosp rate change,1,2026-02-14,50,pmf,large_increase,0.001998001998001998
2026-02-07,wk flu hosp rate change,1,2026-02-14,50,pmf,stable,0.44155844155844154
2026-02-07,wk flu hosp rate change,1,2026-02-14,51,pmf,decrease,0.692
2026-02-07,wk flu hosp rate change,1,2026-02-14,51,pmf,increase,0.092
2026-02-07,wk flu hosp rate change,1,2026-02-14,51,pmf,large_decrease,0.048
2026-02-07,wk flu hosp rate change,1,2026-02-14,51,pmf,large_increase,0.067
2026-02-07,wk flu hosp rate change,1,2026-02-14,51,pmf,stable,0.101
2026-02-07,wk flu hosp rate change,1,2026-02-14,53,pmf,decrease,0.6
2026-02-07,wk flu hosp rate change,1,2026-02-14,53,pmf,increase,0.175
2026-02-07,wk flu hosp rate change,1,2026-02-14,53,pmf,large_decrease,0.012
2026-02-07,wk flu hosp rate change,1,2026-02-14,53,pmf,large_increase,0.006
2026-02-07,wk flu hosp rate change,1,2026-02-14,53,pmf,stable,0.2070000000000001
2026-02-07,wk flu hosp rate change,1,2026-02-14,54,pmf,decrease,0.468
2026-02-07,wk flu hosp rate change,1,2026-02-14,54,pmf,increase,0.135
2026-02-07,wk flu hosp rate change,1,2026-02-14,54,pmf,large_decrease,0.185
2026-02-07,wk flu hosp rate change,1,2026-02-14,54,pmf,large_increase,0.007
2026-02-07,wk flu hosp rate change,1,2026-02-14,54,pmf,stable,0.205
2026-02-07,wk flu hosp rate change,1,2026-02-14,55,pmf,decrease,0.5164835164835164
2026-02-07,wk flu hosp rate change,1,2026-02-14,55,pmf,increase,0.26073926073926074
2026-02-07,wk flu hosp rate change,1,2026-02-14,55,pmf,large_decrease,0.00899100899100899
2026-02-07,wk flu hosp rate change,1,2026-02-14,55,pmf,large_increase,0.006993006993006992
2026-02-07,wk flu hosp rate change,1,2026-02-14,55,pmf,stable,0.20679320679320676
2026-02-07,wk flu hosp rate change,1,2026-02-14,56,pmf,decrease,0.322
2026-02-07,wk flu hosp rate change,1,2026-02-14,56,pmf,increase,0.024
2026-02-07,wk flu hosp rate change,1,2026-02-14,56,pmf,large_decrease,0.001
2026-02-07,wk flu hosp rate change,1,2026-02-14,56,pmf,large_increase,0.001
2026-02-07,wk flu hosp rate change,1,2026-02-14,56,pmf,stable,0.6519999999999999
2026-02-07,wk flu hosp rate change,1,2026-02-14,US,pmf,decrease,0.6213786213786214
2026-02-07,wk flu hosp rate change,1,2026-02-14,US,pmf,increase,0.025974025974025976
2026-02-07,wk flu hosp rate change,1,2026-02-14,US,pmf,large_decrease,0.0019980019980019984
2026-02-07,wk flu hosp rate change,1,2026-02-14,US,pmf,large_increase,0.0019980019980019984
2026-02-07,wk flu hosp rate change,1,2026-02-14,US,pmf,stable,0.34865134865134867
2026-02-07,wk flu hosp rate change,2,2026-02-21,01,pmf,decrease,0.646
2026-02-07,wk flu hosp rate change,2,2026-02-21,01,pmf,increase,0.037
2026-02-07,wk flu hosp rate change,2,2026-02-21,01,pmf,large_decrease,0.256
2026-02-07,wk flu hosp rate change,2,2026-02-21,01,pmf,large_increase,0.002
2026-02-07,wk flu hosp rate change,2,2026-02-21,01,pmf,stable,0.059
2026-02-07,wk flu hosp rate change,2,2026-02-21,02,pmf,decrease,0.383
2026-02-07,wk flu hosp rate change,2,2026-02-21,02,pmf,increase,0.212
2026-02-07,wk flu hosp rate change,2,2026-02-21,02,pmf,large_decrease,0.002
2026-02-07,wk flu hosp rate change,2,2026-02-21,02,pmf,large_increase,0.002
2026-02-07,wk flu hosp rate change,2,2026-02-21,02,pmf,stable,0.401
2026-02-07,wk flu hosp rate change,2,2026-02-21,04,pmf,decrease,0.311
2026-02-07,wk flu hosp rate change,2,2026-02-21,04,pmf,increase,0.313
2026-02-07,wk flu hosp rate change,2,2026-02-21,04,pmf,large_decrease,0.002
2026-02-07,wk flu hosp rate change,2,2026-02-21,04,pmf,large_increase,0.002
2026-02-07,wk flu hosp rate change,2,2026-02-21,04,pmf,stable,0.372
2026-02-07,wk flu hosp rate change,2,2026-02-21,05,pmf,decrease,0.11988011988011989
2026-02-07,wk flu hosp rate change,2,2026-02-21,05,pmf,increase,0.06493506493506494
2026-02-07,wk flu hosp rate change,2,2026-02-21,05,pmf,large_decrease,0.7442557442557444
2026-02-07,wk flu hosp rate change,2,2026-02-21,05,pmf,large_increase,0.020979020979020983
2026-02-07,wk flu hosp rate change,2,2026-02-21,05,pmf,stable,0.04995004995004996
2026-02-07,wk flu hosp rate change,2,2026-02-21,06,pmf,decrease,0.2757242757242757
2026-02-07,wk flu hosp rate change,2,2026-02-21,06,pmf,increase,0.26573426573426573
2026-02-07,wk flu hosp rate change,2,2026-02-21,06,pmf,large_decrease,0.001998001998001998
2026-02-07,wk flu hosp rate change,2,2026-02-21,06,pmf,large_increase,0.001998001998001998
2026-02-07,wk flu hosp rate change,2,2026-02-21,06,pmf,stable,0.45454545454545453
2026-02-07,wk flu hosp rate change,2,2026-02-21,08,pmf,decrease,0.378
2026-02-07,wk flu hosp rate change,2,2026-02-21,08,pmf,increase,0.077
2026-02-07,wk flu hosp rate change,2,2026-02-21,08,pmf,large_decrease,0.001
2026-02-07,wk flu hosp rate change,2,2026-02-21,08,pmf,large_increase,0.001
2026-02-07,wk flu hosp rate change,2,2026-02-21,08,pmf,stable,0.543
2026-02-07,wk flu hosp rate change,2,2026-02-21,09,pmf,decrease,0.9670329670329672
2026-02-07,wk flu hosp rate change,2,2026-02-21,09,pmf,increase,0.0019980019980019984
2026-02-07,wk flu hosp rate change,2,2026-02-21,09,pmf,large_decrease,0.0019980019980019984
2026-02-07,wk flu hosp rate change,2,2026-02-21,09,pmf,large_increase,0.0019980019980019984
2026-02-07,wk flu hosp rate change,2,2026-02-21,09,pmf,stable,0.026973026973026976
2026-02-07,wk flu hosp rate change,2,2026-02-21,10,pmf,decrease,0.67
2026-02-07,wk flu hosp rate change,2,2026-02-21,10,pmf,increase,0.057
2026-02-07,wk flu hosp rate change,2,2026-02-21,10,pmf,large_decrease,0.001
2026-02-07,wk flu hosp rate change,2,2026-02-21,10,pmf,large_increase,0.001
2026-02-07,wk flu hosp rate change,2,2026-02-21,10,pmf,stable,0.2709999999999999
2026-02-07,wk flu hosp rate change,2,2026-02-21,11,pmf,decrease,0.154
2026-02-07,wk flu hosp rate change,2,2026-02-21,11,pmf,increase,0.236
2026-02-07,wk flu hosp rate change,2,2026-02-21,11,pmf,large_decrease,0.001
2026-02-07,wk flu hosp rate change,2,2026-02-21,11,pmf,large_increase,0.001
2026-02-07,wk flu hosp rate change,2,2026-02-21,11,pmf,stable,0.608
2026-02-07,wk flu hosp rate change,2,2026-02-21,12,pmf,decrease,0.691
2026-02-07,wk flu hosp rate change,2,2026-02-21,12,pmf,increase,0.027
2026-02-07,wk flu hosp rate change,2,2026-02-21,12,pmf,large_decrease,0.001
2026-02-07,wk flu hosp rate change,2,2026-02-21,12,pmf,large_increase,0.001
2026-02-07,wk flu hosp rate change,2,2026-02-21,12,pmf,stable,0.28
2026-02-07,wk flu hosp rate change,2,2026-02-21,13,pmf,decrease,0.612
2026-02-07,wk flu hosp rate change,2,2026-02-21,13,pmf,increase,0.021
2026-02-07,wk flu hosp rate change,2,2026-02-21,13,pmf,large_decrease,0.002
2026-02-07,wk flu hosp rate change,2,2026-02-21,13,pmf,large_increase,0.002
2026-02-07,wk flu hosp rate change,2,2026-02-21,13,pmf,stable,0.363
2026-02-07,wk flu hosp rate change,2,2026-02-21,15,pmf,decrease,0.428
2026-02-07,wk flu hosp rate change,2,2026-02-21,15,pmf,increase,0.272
2026-02-07,wk flu hosp rate change,2,2026-02-21,15,pmf,large_decrease,0.001
2026-02-07,wk flu hosp rate change,2,2026-02-21,15,pmf,large_increase,0.024
2026-02-07,wk flu hosp rate change,2,2026-02-21,15,pmf,stable,0.275
2026-02-07,wk flu hosp rate change,2,2026-02-21,16,pmf,decrease,0.473
2026-02-07,wk flu hosp rate change,2,2026-02-21,16,pmf,increase,0.101
2026-02-07,wk flu hosp rate change,2,2026-02-21,16,pmf,large_decrease,0.001
2026-02-07,wk flu hosp rate change,2,2026-02-21,16,pmf,large_increase,0.001
2026-02-07,wk flu hosp rate change,2,2026-02-21,16,pmf,stable,0.424
2026-02-07,wk flu hosp rate change,2,2026-02-21,17,pmf,decrease,0.7112887112887113
2026-02-07,wk flu hosp rate change,2,2026-02-21,17,pmf,increase,0.08791208791208792
2026-02-07,wk flu hosp rate change,2,2026-02-21,17,pmf,large_decrease,0.0019980019980019984
2026-02-07,wk flu hosp rate change,2,2026-02-21,17,pmf,large_increase,0.0019980019980019984
2026-02-07,wk flu hosp rate change,2,2026-02-21,17,pmf,stable,0.19680319680319683
2026-02-07,wk flu hosp rate change,2,2026-02-21,18,pmf,decrease,0.806
2026-02-07,wk flu hosp rate change,2,2026-02-21,18,pmf,increase,0.069
2026-02-07,wk flu hosp rate change,2,2026-02-21,18,pmf,large_decrease,0.002
2026-02-07,wk flu hosp rate change,2,2026-02-21,18,pmf,large_increase,0.002
2026-02-07,wk flu hosp rate change,2,2026-02-21,18,pmf,stable,0.121
2026-02-07,wk flu hosp rate change,2,2026-02-21,19,pmf,decrease,0.538
2026-02-07,wk flu hosp rate change,2,2026-02-21,19,pmf,increase,0.104
2026-02-07,wk flu hosp rate change,2,2026-02-21,19,pmf,large_decrease,0.099
2026-02-07,wk flu hosp rate change,2,2026-02-21,19,pmf,large_increase,0.002
2026-02-07,wk flu hosp rate change,2,2026-02-21,19,pmf,stable,0.257
2026-02-07,wk flu hosp rate change,2,2026-02-21,20,pmf,decrease,0.34165834165834164
2026-02-07,wk flu hosp rate change,2,2026-02-21,20,pmf,increase,0.34165834165834164
2026-02-07,wk flu hosp rate change,2,2026-02-21,20,pmf,large_decrease,0.03596403596403596
2026-02-07,wk flu hosp rate change,2,2026-02-21,20,pmf,large_increase,0.001998001998001998
2026-02-07,wk flu hosp rate change,2,2026-02-21,20,pmf,stable,0.2787212787212787
2026-02-07,wk flu hosp rate change,2,2026-02-21,21,pmf,decrease,0.692
2026-02-07,wk flu hosp rate change,2,2026-02-21,21,pmf,increase,0.027
2026-02-07,wk flu hosp rate change,2,2026-02-21,21,pmf,large_decrease,0.116
2026-02-07,wk flu hosp rate change,2,2026-02-21,21,pmf,large_increase,0.002
2026-02-07,wk flu hosp rate change,2,2026-02-21,21,pmf,stable,0.163
2026-02-07,wk flu hosp rate change,2,2026-02-21,22,pmf,decrease,0.565
2026-02-07,wk flu hosp rate change,2,2026-02-21,22,pmf,increase,0.101
2026-02-07,wk flu hosp rate change,2,2026-02-21,22,pmf,large_decrease,0.001
2026-02-07,wk flu hosp rate change,2,2026-02-21,22,pmf,large_increase,0.007
2026-02-07,wk flu hosp rate change,2,2026-02-21,22,pmf,stable,0.3260000000000001
2026-02-07,wk flu hosp rate change,2,2026-02-21,23,pmf,decrease,0.149
2026-02-07,wk flu hosp rate change,2,2026-02-21,23,pmf,increase,0.195
2026-02-07,wk flu hosp rate change,2,2026-02-21,23,pmf,large_decrease,0.001
2026-02-07,wk flu hosp rate change,2,2026-02-21,23,pmf,large_increase,0.001
2026-02-07,wk flu hosp rate change,2,2026-02-21,23,pmf,stable,0.654
2026-02-07,wk flu hosp rate change,2,2026-02-21,24,pmf,decrease,0.6563436563436564
2026-02-07,wk flu hosp rate change,2,2026-02-21,24,pmf,increase,0.09090909090909091
2026-02-07,wk flu hosp rate change,2,2026-02-21,24,pmf,large_decrease,0.0019980019980019984
2026-02-07,wk flu hosp rate change,2,2026-02-21,24,pmf,large_increase,0.0019980019980019984
2026-02-07,wk flu hosp rate change,2,2026-02-21,24,pmf,stable,0.24875124875124877
2026-02-07,wk flu hosp rate change,2,2026-02-21,25,pmf,decrease,0.6806387225548902
2026-02-07,wk flu hosp rate change,2,2026-02-21,25,pmf,increase,0.00499001996007984
2026-02-07,wk flu hosp rate change,2,2026-02-21,25,pmf,large_decrease,0.001996007984031936
2026-02-07,wk flu hosp rate change,2,2026-02-21,25,pmf,large_increase,0.001996007984031936
2026-02-07,wk flu hosp rate change,2,2026-02-21,25,pmf,stable,0.31037924151696605
2026-02-07,wk flu hosp rate change,2,2026-02-21,26,pmf,decrease,0.4215784215784216
2026-02-07,wk flu hosp rate change,2,2026-02-21,26,pmf,increase,0.07992007992007993
2026-02-07,wk flu hosp rate change,2,2026-02-21,26,pmf,large_decrease,0.0019980019980019984
2026-02-07,wk flu hosp rate change,2,2026-02-21,26,pmf,large_increase,0.0019980019980019984
2026-02-07,wk flu hosp rate change,2,2026-02-21,26,pmf,stable,0.4945054945054946
2026-02-07,wk flu hosp rate change,2,2026-02-21,27,pmf,decrease,0.26
2026-02-07,wk flu hosp rate change,2,2026-02-21,27,pmf,increase,0.482
2026-02-07,wk flu hosp rate change,2,2026-02-21,27,pmf,large_decrease,0.002
2026-02-07,wk flu hosp rate change,2,2026-02-21,27,pmf,large_increase,0.106
2026-02-07,wk flu hosp rate change,2,2026-02-21,27,pmf,stable,0.15
2026-02-07,wk flu hosp rate change,2,2026-02-21,28,pmf,decrease,0.6883116883116882
2026-02-07,wk flu hosp rate change,2,2026-02-21,28,pmf,increase,0.05794205794205794
2026-02-07,wk flu hosp rate change,2,2026-02-21,28,pmf,large_decrease,0.03696303696303696
2026-02-07,wk flu hosp rate change,2,2026-02-21,28,pmf,large_increase,0.000999000999000999
2026-02-07,wk flu hosp rate change,2,2026-02-21,28,pmf,stable,0.21578421578421575
2026-02-07,wk flu hosp rate change,2,2026-02-21,30,pmf,decrease,0.5174825174825174
2026-02-07,wk flu hosp rate change,2,2026-02-21,30,pmf,increase,0.2407592407592407
2026-02-07,wk flu hosp rate change,2,2026-02-21,30,pmf,large_decrease,0.001998001998001998
2026-02-07,wk flu hosp rate change,2,2026-02-21,30,pmf,large_increase,0.06493506493506493
2026-02-07,wk flu hosp rate change,2,2026-02-21,30,pmf,stable,0.1748251748251748
2026-02-07,wk flu hosp rate change,2,2026-02-21,31,pmf,decrease,0.337
2026-02-07,wk flu hosp rate change,2,2026-02-21,31,pmf,increase,0.429
2026-02-07,wk flu hosp rate change,2,2026-02-21,31,pmf,large_decrease,0.002
2026-02-07,wk flu hosp rate change,2,2026-02-21,31,pmf,large_increase,0.032
2026-02-07,wk flu hosp rate change,2,2026-02-21,31,pmf,stable,0.2
2026-02-07,wk flu hosp rate change,2,2026-02-21,32,pmf,decrease,0.305
2026-02-07,wk flu hosp rate change,2,2026-02-21,32,pmf,increase,0.031
2026-02-07,wk flu hosp rate change,2,2026-02-21,32,pmf,large_decrease,0.001
2026-02-07,wk flu hosp rate change,2,2026-02-21,32,pmf,large_increase,0.001
2026-02-07,wk flu hosp rate change,2,2026-02-21,32,pmf,stable,0.662
2026-02-07,wk flu hosp rate change,2,2026-02-21,33,pmf,decrease,0.502
2026-02-07,wk flu hosp rate change,2,2026-02-21,33,pmf,increase,0.034
2026-02-07,wk flu hosp rate change,2,2026-02-21,33,pmf,large_decrease,0.001
2026-02-07,wk flu hosp rate change,2,2026-02-21,33,pmf,large_increase,0.001
2026-02-07,wk flu hosp rate change,2,2026-02-21,33,pmf,stable,0.4619999999999999
2026-02-07,wk flu hosp rate change,2,2026-02-21,34,pmf,decrease,0.572
2026-02-07,wk flu hosp rate change,2,2026-02-21,34,pmf,increase,0.009
2026-02-07,wk flu hosp rate change,2,2026-02-21,34,pmf,large_decrease,0.002
2026-02-07,wk flu hosp rate change,2,2026-02-21,34,pmf,large_increase,0.002
2026-02-07,wk flu hosp rate change,2,2026-02-21,34,pmf,stable,0.415
2026-02-07,wk flu hosp rate change,2,2026-02-21,35,pmf,decrease,0.7552447552447552
2026-02-07,wk flu hosp rate change,2,2026-02-21,35,pmf,increase,0.02597402597402597
2026-02-07,wk flu hosp rate change,2,2026-02-21,35,pmf,large_decrease,0.001998001998001998
2026-02-07,wk flu hosp rate change,2,2026-02-21,35,pmf,large_increase,0.001998001998001998
2026-02-07,wk flu hosp rate change,2,2026-02-21,35,pmf,stable,0.21478521478521476
2026-02-07,wk flu hosp rate change,2,2026-02-21,36,pmf,decrease,0.1188811188811189
2026-02-07,wk flu hosp rate change,2,2026-02-21,36,pmf,increase,0.006993006993006994
2026-02-07,wk flu hosp rate change,2,2026-02-21,36,pmf,large_decrease,0.0019980019980019984
2026-02-07,wk flu hosp rate change,2,2026-02-21,36,pmf,large_increase,0.0019980019980019984
2026-02-07,wk flu hosp rate change,2,2026-02-21,36,pmf,stable,0.8701298701298702
2026-02-07,wk flu hosp rate change,2,2026-02-21,37,pmf,decrease,0.71
2026-02-07,wk flu hosp rate change,2,2026-02-21,37,pmf,increase,0.031
2026-02-07,wk flu hosp rate change,2,2026-02-21,37,pmf,large_decrease,0.002
2026-02-07,wk flu hosp rate change,2,2026-02-21,37,pmf,large_increase,0.002
2026-02-07,wk flu hosp rate change,2,2026-02-21,37,pmf,stable,0.255
2026-02-07,wk flu hosp rate change,2,2026-02-21,38,pmf,decrease,0.566
2026-02-07,wk flu hosp rate change,2,2026-02-21,38,pmf,increase,0.096
2026-02-07,wk flu hosp rate change,2,2026-02-21,38,pmf,large_decrease,0.001
2026-02-07,wk flu hosp rate change,2,2026-02-21,38,pmf,large_increase,0.001
2026-02-07,wk flu hosp rate change,2,2026-02-21,38,pmf,stable,0.33600000000000013
2026-02-07,wk flu hosp rate change,2,2026-02-21,39,pmf,decrease,0.455
2026-02-07,wk flu hosp rate change,2,2026-02-21,39,pmf,increase,0.049
2026-02-07,wk flu hosp rate change,2,2026-02-21,39,pmf,large_decrease,0.001
2026-02-07,wk flu hosp rate change,2,2026-02-21,39,pmf,large_increase,0.001
2026-02-07,wk flu hosp rate change,2,2026-02-21,39,pmf,stable,0.494
2026-02-07,wk flu hosp rate change,2,2026-02-21,40,pmf,decrease,0.5074925074925075
2026-02-07,wk flu hosp rate change,2,2026-02-21,40,pmf,increase,0.2167832167832168
2026-02-07,wk flu hosp rate change,2,2026-02-21,40,pmf,large_decrease,0.09090909090909091
2026-02-07,wk flu hosp rate change,2,2026-02-21,40,pmf,large_increase,0.0019980019980019984
2026-02-07,wk flu hosp rate change,2,2026-02-21,40,pmf,stable,0.18281718281718284
2026-02-07,wk flu hosp rate change,2,2026-02-21,41,pmf,decrease,0.582
2026-02-07,wk flu hosp rate change,2,2026-02-21,41,pmf,increase,0.108
2026-02-07,wk flu hosp rate change,2,2026-02-21,41,pmf,large_decrease,0.011
2026-02-07,wk flu hosp rate change,2,2026-02-21,41,pmf,large_increase,0.002
2026-02-07,wk flu hosp rate change,2,2026-02-21,41,pmf,stable,0.297
2026-02-07,wk flu hosp rate change,2,2026-02-21,42,pmf,decrease,0.472
2026-02-07,wk flu hosp rate change,2,2026-02-21,42,pmf,increase,0.21
2026-02-07,wk flu hosp rate change,2,2026-02-21,42,pmf,large_decrease,0.001
2026-02-07,wk flu hosp rate change,2,2026-02-21,42,pmf,large_increase,0.016
2026-02-07,wk flu hosp rate change,2,2026-02-21,42,pmf,stable,0.301
2026-02-07,wk flu hosp rate change,2,2026-02-21,44,pmf,decrease,0.512
2026-02-07,wk flu hosp rate change,2,2026-02-21,44,pmf,increase,0.002
2026-02-07,wk flu hosp rate change,2,2026-02-21,44,pmf,large_decrease,0.002
2026-02-07,wk flu hosp rate change,2,2026-02-21,44,pmf,large_increase,0.002
2026-02-07,wk flu hosp rate change,2,2026-02-21,44,pmf,stable,0.482
2026-02-07,wk flu hosp rate change,2,2026-02-21,45,pmf,decrease,0.7162837162837163
2026-02-07,wk flu hosp rate change,2,2026-02-21,45,pmf,increase,0.033966033966033975
2026-02-07,wk flu hosp rate change,2,2026-02-21,45,pmf,large_decrease,0.0019980019980019984
2026-02-07,wk flu hosp rate change,2,2026-02-21,45,pmf,large_increase,0.0019980019980019984
2026-02-07,wk flu hosp rate change,2,2026-02-21,45,pmf,stable,0.2457542457542458
2026-02-07,wk flu hosp rate change,2,2026-02-21,46,pmf,decrease,0.72
2026-02-07,wk flu hosp rate change,2,2026-02-21,46,pmf,increase,0.001
2026-02-07,wk flu hosp rate change,2,2026-02-21,46,pmf,large_decrease,0.001
2026-02-07,wk flu hosp rate change,2,2026-02-21,46,pmf,large_increase,0.001
2026-02-07,wk flu hosp rate change,2,2026-02-21,46,pmf,stable,0.277
2026-02-07,wk flu hosp rate change,2,2026-02-21,47,pmf,decrease,0.428
2026-02-07,wk flu hosp rate change,2,2026-02-21,47,pmf,increase,0.217
2026-02-07,wk flu hosp rate change,2,2026-02-21,47,pmf,large_decrease,0.032
2026-02-07,wk flu hosp rate change,2,2026-02-21,47,pmf,large_increase,0.021
2026-02-07,wk flu hosp rate change,2,2026-02-21,47,pmf,stable,0.302
2026-02-07,wk flu hosp rate change,2,2026-02-21,48,pmf,decrease,0.66
2026-02-07,wk flu hosp rate change,2,2026-02-21,48,pmf,increase,0.056
2026-02-07,wk flu hosp rate change,2,2026-02-21,48,pmf,large_decrease,0.091
2026-02-07,wk flu hosp rate change,2,2026-02-21,48,pmf,large_increase,0.002
2026-02-07,wk flu hosp rate change,2,2026-02-21,48,pmf,stable,0.191
2026-02-07,wk flu hosp rate change,2,2026-02-21,49,pmf,decrease,0.435
2026-02-07,wk flu hosp rate change,2,2026-02-21,49,pmf,increase,0.13
2026-02-07,wk flu hosp rate change,2,2026-02-21,49,pmf,large_decrease,0.001
2026-02-07,wk flu hosp rate change,2,2026-02-21,49,pmf,large_increase,0.001
2026-02-07,wk flu hosp rate change,2,2026-02-21,49,pmf,stable,0.433
2026-02-07,wk flu hosp rate change,2,2026-02-21,50,pmf,decrease,0.734
2026-02-07,wk flu hosp rate change,2,2026-02-21,50,pmf,increase,0.039
2026-02-07,wk flu hosp rate change,2,2026-02-21,50,pmf,large_decrease,0.002
2026-02-07,wk flu hosp rate change,2,2026-02-21,50,pmf,large_increase,0.002
2026-02-07,wk flu hosp rate change,2,2026-02-21,50,pmf,stable,0.223
2026-02-07,wk flu hosp rate change,2,2026-02-21,51,pmf,decrease,0.822
2026-02-07,wk flu hosp rate change,2,2026-02-21,51,pmf,increase,0.049
2026-02-07,wk flu hosp rate change,2,2026-02-21,51,pmf,large_decrease,0.002
2026-02-07,wk flu hosp rate change,2,2026-02-21,51,pmf,large_increase,0.064
2026-02-07,wk flu hosp rate change,2,2026-02-21,51,pmf,stable,0.063
2026-02-07,wk flu hosp rate change,2,2026-02-21,53,pmf,decrease,0.649
2026-02-07,wk flu hosp rate change,2,2026-02-21,53,pmf,increase,0.132
2026-02-07,wk flu hosp rate change,2,2026-02-21,53,pmf,large_decrease,0.001
2026-02-07,wk flu hosp rate change,2,2026-02-21,53,pmf,large_increase,0.006
2026-02-07,wk flu hosp rate change,2,2026-02-21,53,pmf,stable,0.212
2026-02-07,wk flu hosp rate change,2,2026-02-21,54,pmf,decrease,0.513
2026-02-07,wk flu hosp rate change,2,2026-02-21,54,pmf,increase,0.095
2026-02-07,wk flu hosp rate change,2,2026-02-21,54,pmf,large_decrease,0.179
2026-02-07,wk flu hosp rate change,2,2026-02-21,54,pmf,large_increase,0.002
2026-02-07,wk flu hosp rate change,2,2026-02-21,54,pmf,stable,0.2110000000000001
2026-02-07,wk flu hosp rate change,2,2026-02-21,55,pmf,decrease,0.605
2026-02-07,wk flu hosp rate change,2,2026-02-21,55,pmf,increase,0.146
2026-02-07,wk flu hosp rate change,2,2026-02-21,55,pmf,large_decrease,0.002
2026-02-07,wk flu hosp rate change,2,2026-02-21,55,pmf,large_increase,0.002
2026-02-07,wk flu hosp rate change,2,2026-02-21,55,pmf,stable,0.245
2026-02-07,wk flu hosp rate change,2,2026-02-21,56,pmf,decrease,0.365
2026-02-07,wk flu hosp rate change,2,2026-02-21,56,pmf,increase,0.005
2026-02-07,wk flu hosp rate change,2,2026-02-21,56,pmf,large_decrease,0.001
2026-02-07,wk flu hosp rate change,2,2026-02-21,56,pmf,large_increase,0.001
2026-02-07,wk flu hosp rate change,2,2026-02-21,56,pmf,stable,0.628
2026-02-07,wk flu hosp rate change,2,2026-02-21,US,pmf,decrease,0.646
2026-02-07,wk flu hosp rate change,2,2026-02-21,US,pmf,increase,0.004
2026-02-07,wk flu hosp rate change,2,2026-02-21,US,pmf,large_decrease,0.001
2026-02-07,wk flu hosp rate change,2,2026-02-21,US,pmf,large_increase,0.001
2026-02-07,wk flu hosp rate change,2,2026-02-21,US,pmf,stable,0.348
2026-02-07,wk flu hosp rate change,3,2026-02-28,01,pmf,decrease,0.672
2026-02-07,wk flu hosp rate change,3,2026-02-28,01,pmf,increase,0.036
2026-02-07,wk flu hosp rate change,3,2026-02-28,01,pmf,large_decrease,0.211
2026-02-07,wk flu hosp rate change,3,2026-02-28,01,pmf,large_increase,0.002
2026-02-07,wk flu hosp rate change,3,2026-02-28,01,pmf,stable,0.079
2026-02-07,wk flu hosp rate change,3,2026-02-28,02,pmf,decrease,0.384
2026-02-07,wk flu hosp rate change,3,2026-02-28,02,pmf,increase,0.173
2026-02-07,wk flu hosp rate change,3,2026-02-28,02,pmf,large_decrease,0.002
2026-02-07,wk flu hosp rate change,3,2026-02-28,02,pmf,large_increase,0.002
2026-02-07,wk flu hosp rate change,3,2026-02-28,02,pmf,stable,0.439
2026-02-07,wk flu hosp rate change,3,2026-02-28,04,pmf,decrease,0.311
2026-02-07,wk flu hosp rate change,3,2026-02-28,04,pmf,increase,0.253
2026-02-07,wk flu hosp rate change,3,2026-02-28,04,pmf,large_decrease,0.002
2026-02-07,wk flu hosp rate change,3,2026-02-28,04,pmf,large_increase,0.002
2026-02-07,wk flu hosp rate change,3,2026-02-28,04,pmf,stable,0.432
2026-02-07,wk flu hosp rate change,3,2026-02-28,05,pmf,decrease,0.52
2026-02-07,wk flu hosp rate change,3,2026-02-28,05,pmf,increase,0.091
2026-02-07,wk flu hosp rate change,3,2026-02-28,05,pmf,large_decrease,0.274
2026-02-07,wk flu hosp rate change,3,2026-02-28,05,pmf,large_increase,0.03
2026-02-07,wk flu hosp rate change,3,2026-02-28,05,pmf,stable,0.085
2026-02-07,wk flu hosp rate change,3,2026-02-28,06,pmf,decrease,0.262
2026-02-07,wk flu hosp rate change,3,2026-02-28,06,pmf,increase,0.177
2026-02-07,wk flu hosp rate change,3,2026-02-28,06,pmf,large_decrease,0.001
2026-02-07,wk flu hosp rate change,3,2026-02-28,06,pmf,large_increase,0.001
2026-02-07,wk flu hosp rate change,3,2026-02-28,06,pmf,stable,0.5589999999999999
2026-02-07,wk flu hosp rate change,3,2026-02-28,08,pmf,decrease,0.2887112887112887
2026-02-07,wk flu hosp rate change,3,2026-02-28,08,pmf,increase,0.04295704295704296
2026-02-07,wk flu hosp rate change,3,2026-02-28,08,pmf,large_decrease,0.0009990009990009992
2026-02-07,wk flu hosp rate change,3,2026-02-28,08,pmf,large_increase,0.0009990009990009992
2026-02-07,wk flu hosp rate change,3,2026-02-28,08,pmf,stable,0.6663336663336664
2026-02-07,wk flu hosp rate change,3,2026-02-28,09,pmf,decrease,0.827
2026-02-07,wk flu hosp rate change,3,2026-02-28,09,pmf,increase,0.003
2026-02-07,wk flu hosp rate change,3,2026-02-28,09,pmf,large_decrease,0.002
2026-02-07,wk flu hosp rate change,3,2026-02-28,09,pmf,large_increase,0.002
2026-02-07,wk flu hosp rate change,3,2026-02-28,09,pmf,stable,0.166
2026-02-07,wk flu hosp rate change,3,2026-02-28,10,pmf,decrease,0.771
2026-02-07,wk flu hosp rate change,3,2026-02-28,10,pmf,increase,0.021
2026-02-07,wk flu hosp rate change,3,2026-02-28,10,pmf,large_decrease,0.001
2026-02-07,wk flu hosp rate change,3,2026-02-28,10,pmf,large_increase,0.001
2026-02-07,wk flu hosp rate change,3,2026-02-28,10,pmf,stable,0.206
2026-02-07,wk flu hosp rate change,3,2026-02-28,11,pmf,decrease,0.153
2026-02-07,wk flu hosp rate change,3,2026-02-28,11,pmf,increase,0.244
2026-02-07,wk flu hosp rate change,3,2026-02-28,11,pmf,large_decrease,0.001
2026-02-07,wk flu hosp rate change,3,2026-02-28,11,pmf,large_increase,0.001
2026-02-07,wk flu hosp rate change,3,2026-02-28,11,pmf,stable,0.601
2026-02-07,wk flu hosp rate change,3,2026-02-28,12,pmf,decrease,0.699
2026-02-07,wk flu hosp rate change,3,2026-02-28,12,pmf,increase,0.001
2026-02-07,wk flu hosp rate change,3,2026-02-28,12,pmf,large_decrease,0.001
2026-02-07,wk flu hosp rate change,3,2026-02-28,12,pmf,large_increase,0.001
2026-02-07,wk flu hosp rate change,3,2026-02-28,12,pmf,stable,0.2980000000000001
2026-02-07,wk flu hosp rate change,3,2026-02-28,13,pmf,decrease,0.495
2026-02-07,wk flu hosp rate change,3,2026-02-28,13,pmf,increase,0.011
2026-02-07,wk flu hosp rate change,3,2026-02-28,13,pmf,large_decrease,0.002
2026-02-07,wk flu hosp rate change,3,2026-02-28,13,pmf,large_increase,0.002
2026-02-07,wk flu hosp rate change,3,2026-02-28,13,pmf,stable,0.49
2026-02-07,wk flu hosp rate change,3,2026-02-28,15,pmf,decrease,0.313
2026-02-07,wk flu hosp rate change,3,2026-02-28,15,pmf,increase,0.307
2026-02-07,wk flu hosp rate change,3,2026-02-28,15,pmf,large_decrease,0.001
2026-02-07,wk flu hosp rate change,3,2026-02-28,15,pmf,large_increase,0.028
2026-02-07,wk flu hosp rate change,3,2026-02-28,15,pmf,stable,0.351
2026-02-07,wk flu hosp rate change,3,2026-02-28,16,pmf,decrease,0.451
2026-02-07,wk flu hosp rate change,3,2026-02-28,16,pmf,increase,0.074
2026-02-07,wk flu hosp rate change,3,2026-02-28,16,pmf,large_decrease,0.001
2026-02-07,wk flu hosp rate change,3,2026-02-28,16,pmf,large_increase,0.001
2026-02-07,wk flu hosp rate change,3,2026-02-28,16,pmf,stable,0.473
2026-02-07,wk flu hosp rate change,3,2026-02-28,17,pmf,decrease,0.642
2026-02-07,wk flu hosp rate change,3,2026-02-28,17,pmf,increase,0.097
2026-02-07,wk flu hosp rate change,3,2026-02-28,17,pmf,large_decrease,0.002
2026-02-07,wk flu hosp rate change,3,2026-02-28,17,pmf,large_increase,0.002
2026-02-07,wk flu hosp rate change,3,2026-02-28,17,pmf,stable,0.257
2026-02-07,wk flu hosp rate change,3,2026-02-28,18,pmf,decrease,0.7772227772227771
2026-02-07,wk flu hosp rate change,3,2026-02-28,18,pmf,increase,0.06393606393606394
2026-02-07,wk flu hosp rate change,3,2026-02-28,18,pmf,large_decrease,0.001998001998001998
2026-02-07,wk flu hosp rate change,3,2026-02-28,18,pmf,large_increase,0.001998001998001998
2026-02-07,wk flu hosp rate change,3,2026-02-28,18,pmf,stable,0.15484515484515482
2026-02-07,wk flu hosp rate change,3,2026-02-28,19,pmf,decrease,0.697
2026-02-07,wk flu hosp rate change,3,2026-02-28,19,pmf,increase,0.067
2026-02-07,wk flu hosp rate change,3,2026-02-28,19,pmf,large_decrease,0.002
2026-02-07,wk flu hosp rate change,3,2026-02-28,19,pmf,large_increase,0.002
2026-02-07,wk flu hosp rate change,3,2026-02-28,19,pmf,stable,0.232
2026-02-07,wk flu hosp rate change,3,2026-02-28,20,pmf,decrease,0.4085914085914085
2026-02-07,wk flu hosp rate change,3,2026-02-28,20,pmf,increase,0.2757242757242757
2026-02-07,wk flu hosp rate change,3,2026-02-28,20,pmf,large_decrease,0.001998001998001998
2026-02-07,wk flu hosp rate change,3,2026-02-28,20,pmf,large_increase,0.001998001998001998
2026-02-07,wk flu hosp rate change,3,2026-02-28,20,pmf,stable,0.3116883116883116
2026-02-07,wk flu hosp rate change,3,2026-02-28,21,pmf,decrease,0.834
2026-02-07,wk flu hosp rate change,3,2026-02-28,21,pmf,increase,0.019
2026-02-07,wk flu hosp rate change,3,2026-02-28,21,pmf,large_decrease,0.001
2026-02-07,wk flu hosp rate change,3,2026-02-28,21,pmf,large_increase,0.001
2026-02-07,wk flu hosp rate change,3,2026-02-28,21,pmf,stable,0.145
2026-02-07,wk flu hosp rate change,3,2026-02-28,22,pmf,decrease,0.577
2026-02-07,wk flu hosp rate change,3,2026-02-28,22,pmf,increase,0.066
2026-02-07,wk flu hosp rate change,3,2026-02-28,22,pmf,large_decrease,0.001
2026-02-07,wk flu hosp rate change,3,2026-02-28,22,pmf,large_increase,0.001
2026-02-07,wk flu hosp rate change,3,2026-02-28,22,pmf,stable,0.355
2026-02-07,wk flu hosp rate change,3,2026-02-28,23,pmf,decrease,0.126
2026-02-07,wk flu hosp rate change,3,2026-02-28,23,pmf,increase,0.102
2026-02-07,wk flu hosp rate change,3,2026-02-28,23,pmf,large_decrease,0.001
2026-02-07,wk flu hosp rate change,3,2026-02-28,23,pmf,large_increase,0.001
2026-02-07,wk flu hosp rate change,3,2026-02-28,23,pmf,stable,0.77
2026-02-07,wk flu hosp rate change,3,2026-02-28,24,pmf,decrease,0.562
2026-02-07,wk flu hosp rate change,3,2026-02-28,24,pmf,increase,0.064
2026-02-07,wk flu hosp rate change,3,2026-02-28,24,pmf,large_decrease,0.001
2026-02-07,wk flu hosp rate change,3,2026-02-28,24,pmf,large_increase,0.001
2026-02-07,wk flu hosp rate change,3,2026-02-28,24,pmf,stable,0.3719999999999999
2026-02-07,wk flu hosp rate change,3,2026-02-28,25,pmf,decrease,0.6463536463536464
2026-02-07,wk flu hosp rate change,3,2026-02-28,25,pmf,increase,0.0019980019980019984
2026-02-07,wk flu hosp rate change,3,2026-02-28,25,pmf,large_decrease,0.0019980019980019984
2026-02-07,wk flu hosp rate change,3,2026-02-28,25,pmf,large_increase,0.0019980019980019984
2026-02-07,wk flu hosp rate change,3,2026-02-28,25,pmf,stable,0.34765234765234765
2026-02-07,wk flu hosp rate change,3,2026-02-28,26,pmf,decrease,0.344
2026-02-07,wk flu hosp rate change,3,2026-02-28,26,pmf,increase,0.03
2026-02-07,wk flu hosp rate change,3,2026-02-28,26,pmf,large_decrease,0.001
2026-02-07,wk flu hosp rate change,3,2026-02-28,26,pmf,large_increase,0.001
2026-02-07,wk flu hosp rate change,3,2026-02-28,26,pmf,stable,0.624
2026-02-07,wk flu hosp rate change,3,2026-02-28,27,pmf,decrease,0.28
2026-02-07,wk flu hosp rate change,3,2026-02-28,27,pmf,increase,0.478
2026-02-07,wk flu hosp rate change,3,2026-02-28,27,pmf,large_decrease,0.002
2026-02-07,wk flu hosp rate change,3,2026-02-28,27,pmf,large_increase,0.062
2026-02-07,wk flu hosp rate change,3,2026-02-28,27,pmf,stable,0.17799999999999988
2026-02-07,wk flu hosp rate change,3,2026-02-28,28,pmf,decrease,0.715
2026-02-07,wk flu hosp rate change,3,2026-02-28,28,pmf,increase,0.042
2026-02-07,wk flu hosp rate change,3,2026-02-28,28,pmf,large_decrease,0.001
2026-02-07,wk flu hosp rate change,3,2026-02-28,28,pmf,large_increase,0.001
2026-02-07,wk flu hosp rate change,3,2026-02-28,28,pmf,stable,0.241
2026-02-07,wk flu hosp rate change,3,2026-02-28,30,pmf,decrease,0.48651348651348647
2026-02-07,wk flu hosp rate change,3,2026-02-28,30,pmf,increase,0.25574425574425574
2026-02-07,wk flu hosp rate change,3,2026-02-28,30,pmf,large_decrease,0.001998001998001998
2026-02-07,wk flu hosp rate change,3,2026-02-28,30,pmf,large_increase,0.04095904095904095
2026-02-07,wk flu hosp rate change,3,2026-02-28,30,pmf,stable,0.21478521478521476
2026-02-07,wk flu hosp rate change,3,2026-02-28,31,pmf,decrease,0.294
2026-02-07,wk flu hosp rate change,3,2026-02-28,31,pmf,increase,0.409
2026-02-07,wk flu hosp rate change,3,2026-02-28,31,pmf,large_decrease,0.002
2026-02-07,wk flu hosp rate change,3,2026-02-28,31,pmf,large_increase,0.029
2026-02-07,wk flu hosp rate change,3,2026-02-28,31,pmf,stable,0.266
2026-02-07,wk flu hosp rate change,3,2026-02-28,32,pmf,decrease,0.221
2026-02-07,wk flu hosp rate change,3,2026-02-28,32,pmf,increase,0.013
2026-02-07,wk flu hosp rate change,3,2026-02-28,32,pmf,large_decrease,0.001
2026-02-07,wk flu hosp rate change,3,2026-02-28,32,pmf,large_increase,0.001
2026-02-07,wk flu hosp rate change,3,2026-02-28,32,pmf,stable,0.764
2026-02-07,wk flu hosp rate change,3,2026-02-28,33,pmf,decrease,0.5594405594405595
2026-02-07,wk flu hosp rate change,3,2026-02-28,33,pmf,increase,0.004995004995004994
2026-02-07,wk flu hosp rate change,3,2026-02-28,33,pmf,large_decrease,0.001998001998001998
2026-02-07,wk flu hosp rate change,3,2026-02-28,33,pmf,large_increase,0.001998001998001998
2026-02-07,wk flu hosp rate change,3,2026-02-28,33,pmf,stable,0.4315684315684315
2026-02-07,wk flu hosp rate change,3,2026-02-28,34,pmf,decrease,0.4265734265734265
2026-02-07,wk flu hosp rate change,3,2026-02-28,34,pmf,increase,0.013986013986013984
2026-02-07,wk flu hosp rate change,3,2026-02-28,34,pmf,large_decrease,0.001998001998001998
2026-02-07,wk flu hosp rate change,3,2026-02-28,34,pmf,large_increase,0.001998001998001998
2026-02-07,wk flu hosp rate change,3,2026-02-28,34,pmf,stable,0.5554445554445554
2026-02-07,wk flu hosp rate change,3,2026-02-28,35,pmf,decrease,0.723
2026-02-07,wk flu hosp rate change,3,2026-02-28,35,pmf,increase,0.015
2026-02-07,wk flu hosp rate change,3,2026-02-28,35,pmf,large_decrease,0.001
2026-02-07,wk flu hosp rate change,3,2026-02-28,35,pmf,large_increase,0.001
2026-02-07,wk flu hosp rate change,3,2026-02-28,35,pmf,stable,0.26
2026-02-07,wk flu hosp rate change,3,2026-02-28,36,pmf,decrease,0.001
2026-02-07,wk flu hosp rate change,3,2026-02-28,36,pmf,increase,0.006
2026-02-07,wk flu hosp rate change,3,2026-02-28,36,pmf,large_decrease,0.001
2026-02-07,wk flu hosp rate change,3,2026-02-28,36,pmf,large_increase,0.001
2026-02-07,wk flu hosp rate change,3,2026-02-28,36,pmf,stable,0.991
2026-02-07,wk flu hosp rate change,3,2026-02-28,37,pmf,decrease,0.663
2026-02-07,wk flu hosp rate change,3,2026-02-28,37,pmf,increase,0.022
2026-02-07,wk flu hosp rate change,3,2026-02-28,37,pmf,large_decrease,0.002
2026-02-07,wk flu hosp rate change,3,2026-02-28,37,pmf,large_increase,0.002
2026-02-07,wk flu hosp rate change,3,2026-02-28,37,pmf,stable,0.311
2026-02-07,wk flu hosp rate change,3,2026-02-28,38,pmf,decrease,0.6926147704590818
2026-02-07,wk flu hosp rate change,3,2026-02-28,38,pmf,increase,0.05788423153692615
2026-02-07,wk flu hosp rate change,3,2026-02-28,38,pmf,large_decrease,0.001996007984031936
2026-02-07,wk flu hosp rate change,3,2026-02-28,38,pmf,large_increase,0.001996007984031936
2026-02-07,wk flu hosp rate change,3,2026-02-28,38,pmf,stable,0.24550898203592814
2026-02-07,wk flu hosp rate change,3,2026-02-28,39,pmf,decrease,0.455
2026-02-07,wk flu hosp rate change,3,2026-02-28,39,pmf,increase,0.023
2026-02-07,wk flu hosp rate change,3,2026-02-28,39,pmf,large_decrease,0.001
2026-02-07,wk flu hosp rate change,3,2026-02-28,39,pmf,large_increase,0.001
2026-02-07,wk flu hosp rate change,3,2026-02-28,39,pmf,stable,0.52
2026-02-07,wk flu hosp rate change,3,2026-02-28,40,pmf,decrease,0.675
2026-02-07,wk flu hosp rate change,3,2026-02-28,40,pmf,increase,0.042
2026-02-07,wk flu hosp rate change,3,2026-02-28,40,pmf,large_decrease,0.002
2026-02-07,wk flu hosp rate change,3,2026-02-28,40,pmf,large_increase,0.002
2026-02-07,wk flu hosp rate change,3,2026-02-28,40,pmf,stable,0.279
2026-02-07,wk flu hosp rate change,3,2026-02-28,41,pmf,decrease,0.602
2026-02-07,wk flu hosp rate change,3,2026-02-28,41,pmf,increase,0.051
2026-02-07,wk flu hosp rate change,3,2026-02-28,41,pmf,large_decrease,0.009
2026-02-07,wk flu hosp rate change,3,2026-02-28,41,pmf,large_increase,0.002
2026-02-07,wk flu hosp rate change,3,2026-02-28,41,pmf,stable,0.336
2026-02-07,wk flu hosp rate change,3,2026-02-28,42,pmf,decrease,0.433
2026-02-07,wk flu hosp rate change,3,2026-02-28,42,pmf,increase,0.219
2026-02-07,wk flu hosp rate change,3,2026-02-28,42,pmf,large_decrease,0.001
2026-02-07,wk flu hosp rate change,3,2026-02-28,42,pmf,large_increase,0.02
2026-02-07,wk flu hosp rate change,3,2026-02-28,42,pmf,stable,0.327
2026-02-07,wk flu hosp rate change,3,2026-02-28,44,pmf,decrease,0.251
2026-02-07,wk flu hosp rate change,3,2026-02-28,44,pmf,increase,0.003
2026-02-07,wk flu hosp rate change,3,2026-02-28,44,pmf,large_decrease,0.003
2026-02-07,wk flu hosp rate change,3,2026-02-28,44,pmf,large_increase,0.003
2026-02-07,wk flu hosp rate change,3,2026-02-28,44,pmf,stable,0.74
2026-02-07,wk flu hosp rate change,3,2026-02-28,45,pmf,decrease,0.734
2026-02-07,wk flu hosp rate change,3,2026-02-28,45,pmf,increase,0.003
2026-02-07,wk flu hosp rate change,3,2026-02-28,45,pmf,large_decrease,0.002
2026-02-07,wk flu hosp rate change,3,2026-02-28,45,pmf,large_increase,0.002
2026-02-07,wk flu hosp rate change,3,2026-02-28,45,pmf,stable,0.259
2026-02-07,wk flu hosp rate change,3,2026-02-28,46,pmf,decrease,0.843
2026-02-07,wk flu hosp rate change,3,2026-02-28,46,pmf,increase,0.001
2026-02-07,wk flu hosp rate change,3,2026-02-28,46,pmf,large_decrease,0.001
2026-02-07,wk flu hosp rate change,3,2026-02-28,46,pmf,large_increase,0.001
2026-02-07,wk flu hosp rate change,3,2026-02-28,46,pmf,stable,0.154
2026-02-07,wk flu hosp rate change,3,2026-02-28,47,pmf,decrease,0.4595404595404595
2026-02-07,wk flu hosp rate change,3,2026-02-28,47,pmf,increase,0.12987012987012986
2026-02-07,wk flu hosp rate change,3,2026-02-28,47,pmf,large_decrease,0.001998001998001998
2026-02-07,wk flu hosp rate change,3,2026-02-28,47,pmf,large_increase,0.001998001998001998
2026-02-07,wk flu hosp rate change,3,2026-02-28,47,pmf,stable,0.40659340659340654
2026-02-07,wk flu hosp rate change,3,2026-02-28,48,pmf,decrease,0.7292707292707293
2026-02-07,wk flu hosp rate change,3,2026-02-28,48,pmf,increase,0.01198801198801199
2026-02-07,wk flu hosp rate change,3,2026-02-28,48,pmf,large_decrease,0.0019980019980019984
2026-02-07,wk flu hosp rate change,3,2026-02-28,48,pmf,large_increase,0.0019980019980019984
2026-02-07,wk flu hosp rate change,3,2026-02-28,48,pmf,stable,0.2547452547452548
2026-02-07,wk flu hosp rate change,3,2026-02-28,49,pmf,decrease,0.447
2026-02-07,wk flu hosp rate change,3,2026-02-28,49,pmf,increase,0.065
2026-02-07,wk flu hosp rate change,3,2026-02-28,49,pmf,large_decrease,0.001
2026-02-07,wk flu hosp rate change,3,2026-02-28,49,pmf,large_increase,0.001
2026-02-07,wk flu hosp rate change,3,2026-02-28,49,pmf,stable,0.486
2026-02-07,wk flu hosp rate change,3,2026-02-28,50,pmf,decrease,0.7562437562437562
2026-02-07,wk flu hosp rate change,3,2026-02-28,50,pmf,increase,0.02597402597402597
2026-02-07,wk flu hosp rate change,3,2026-02-28,50,pmf,large_decrease,0.001998001998001998
2026-02-07,wk flu hosp rate change,3,2026-02-28,50,pmf,large_increase,0.001998001998001998
2026-02-07,wk flu hosp rate change,3,2026-02-28,50,pmf,stable,0.21378621378621376
2026-02-07,wk flu hosp rate change,3,2026-02-28,51,pmf,decrease,0.84
2026-02-07,wk flu hosp rate change,3,2026-02-28,51,pmf,increase,0.046
2026-02-07,wk flu hosp rate change,3,2026-02-28,51,pmf,large_decrease,0.001
2026-02-07,wk flu hosp rate change,3,2026-02-28,51,pmf,large_increase,0.046
2026-02-07,wk flu hosp rate change,3,2026-02-28,51,pmf,stable,0.067
2026-02-07,wk flu hosp rate change,3,2026-02-28,53,pmf,decrease,0.599
2026-02-07,wk flu hosp rate change,3,2026-02-28,53,pmf,increase,0.141
2026-02-07,wk flu hosp rate change,3,2026-02-28,53,pmf,large_decrease,0.001
2026-02-07,wk flu hosp rate change,3,2026-02-28,53,pmf,large_increase,0.004
2026-02-07,wk flu hosp rate change,3,2026-02-28,53,pmf,stable,0.255
2026-02-07,wk flu hosp rate change,3,2026-02-28,54,pmf,decrease,0.705
2026-02-07,wk flu hosp rate change,3,2026-02-28,54,pmf,increase,0.053
2026-02-07,wk flu hosp rate change,3,2026-02-28,54,pmf,large_decrease,0.002
2026-02-07,wk flu hosp rate change,3,2026-02-28,54,pmf,large_increase,0.002
2026-02-07,wk flu hosp rate change,3,2026-02-28,54,pmf,stable,0.238
2026-02-07,wk flu hosp rate change,3,2026-02-28,55,pmf,decrease,0.56
2026-02-07,wk flu hosp rate change,3,2026-02-28,55,pmf,increase,0.122
2026-02-07,wk flu hosp rate change,3,2026-02-28,55,pmf,large_decrease,0.002
2026-02-07,wk flu hosp rate change,3,2026-02-28,55,pmf,large_increase,0.002
2026-02-07,wk flu hosp rate change,3,2026-02-28,55,pmf,stable,0.314
2026-02-07,wk flu hosp rate change,3,2026-02-28,56,pmf,decrease,0.37
2026-02-07,wk flu hosp rate change,3,2026-02-28,56,pmf,increase,0.002
2026-02-07,wk flu hosp rate change,3,2026-02-28,56,pmf,large_decrease,0.001
2026-02-07,wk flu hosp rate change,3,2026-02-28,56,pmf,large_increase,0.001
2026-02-07,wk flu hosp rate change,3,2026-02-28,56,pmf,stable,0.626
2026-02-07,wk flu hosp rate change,3,2026-02-28,US,pmf,decrease,0.585
2026-02-07,wk flu hosp rate change,3,2026-02-28,US,pmf,increase,0.001
2026-02-07,wk flu hosp rate change,3,2026-02-28,US,pmf,large_decrease,0.001
2026-02-07,wk flu hosp rate change,3,2026-02-28,US,pmf,large_increase,0.001
2026-02-07,wk flu hosp rate change,3,2026-02-28,US,pmf,stable,0.4120000000000001
2026-02-07,wk inc flu hosp,0,2026-02-07,01,quantile,0.01,0.0
2026-02-07,wk inc flu hosp,0,2026-02-07,01,quantile,0.025,0.0
2026-02-07,wk inc flu hosp,0,2026-02-07,01,quantile,0.05,31.0
2026-02-07,wk inc flu hosp,0,2026-02-07,01,quantile,0.1,70.0
2026-02-07,wk inc flu hosp,0,2026-02-07,01,quantile,0.15,101.0
2026-02-07,wk inc flu hosp,0,2026-02-07,01,quantile,0.2,119.0
2026-02-07,wk inc flu hosp,0,2026-02-07,01,quantile,0.25,128.0
2026-02-07,wk inc flu hosp,0,2026-02-07,01,quantile,0.3,137.0
2026-02-07,wk inc flu hosp,0,2026-02-07,01,quantile,0.35,144.0
2026-02-07,wk inc flu hosp,0,2026-02-07,01,quantile,0.4,149.0
2026-02-07,wk inc flu hosp,0,2026-02-07,01,quantile,0.45,156.0
2026-02-07,wk inc flu hosp,0,2026-02-07,01,quantile,0.5,162.0
2026-02-07,wk inc flu hosp,0,2026-02-07,01,quantile,0.55,168.0
2026-02-07,wk inc flu hosp,0,2026-02-07,01,quantile,0.6,175.0
2026-02-07,wk inc flu hosp,0,2026-02-07,01,quantile,0.65,182.0
2026-02-07,wk inc flu hosp,0,2026-02-07,01,quantile,0.7,187.0
2026-02-07,wk inc flu hosp,0,2026-02-07,01,quantile,0.75,196.0
2026-02-07,wk inc flu hosp,0,2026-02-07,01,quantile,0.8,206.0
2026-02-07,wk inc flu hosp,0,2026-02-07,01,quantile,0.85,215.0
2026-02-07,wk inc flu hosp,0,2026-02-07,01,quantile,0.9,230.0
2026-02-07,wk inc flu hosp,0,2026-02-07,01,quantile,0.95,253.0
2026-02-07,wk inc flu hosp,0,2026-02-07,01,quantile,0.975,269.0
2026-02-07,wk inc flu hosp,0,2026-02-07,01,quantile,0.99,288.0
2026-02-07,wk inc flu hosp,0,2026-02-07,02,quantile,0.01,5.0
2026-02-07,wk inc flu hosp,0,2026-02-07,02,quantile,0.025,6.0
2026-02-07,wk inc flu hosp,0,2026-02-07,02,quantile,0.05,8.0
2026-02-07,wk inc flu hosp,0,2026-02-07,02,quantile,0.1,9.0
2026-02-07,wk inc flu hosp,0,2026-02-07,02,quantile,0.15,11.0
2026-02-07,wk inc flu hosp,0,2026-02-07,02,quantile,0.2,12.0
2026-02-07,wk inc flu hosp,0,2026-02-07,02,quantile,0.25,13.0
2026-02-07,wk inc flu hosp,0,2026-02-07,02,quantile,0.3,13.0
2026-02-07,wk inc flu hosp,0,2026-02-07,02,quantile,0.35,14.0
2026-02-07,wk inc flu hosp,0,2026-02-07,02,quantile,0.4,15.0
2026-02-07,wk inc flu hosp,0,2026-02-07,02,quantile,0.45,15.0
2026-02-07,wk inc flu hosp,0,2026-02-07,02,quantile,0.5,16.0
2026-02-07,wk inc flu hosp,0,2026-02-07,02,quantile,0.55,16.0
2026-02-07,wk inc flu hosp,0,2026-02-07,02,quantile,0.6,17.0
2026-02-07,wk inc flu hosp,0,2026-02-07,02,quantile,0.65,17.0
2026-02-07,wk inc flu hosp,0,2026-02-07,02,quantile,0.7,17.0
2026-02-07,wk inc flu hosp,0,2026-02-07,02,quantile,0.75,18.0
2026-02-07,wk inc flu hosp,0,2026-02-07,02,quantile,0.8,18.0
2026-02-07,wk inc flu hosp,0,2026-02-07,02,quantile,0.85,19.0
2026-02-07,wk inc flu hosp,0,2026-02-07,02,quantile,0.9,20.0
2026-02-07,wk inc flu hosp,0,2026-02-07,02,quantile,0.95,21.0
2026-02-07,wk inc flu hosp,0,2026-02-07,02,quantile,0.975,23.0
2026-02-07,wk inc flu hosp,0,2026-02-07,02,quantile,0.99,24.0
2026-02-07,wk inc flu hosp,0,2026-02-07,04,quantile,0.01,24.0
2026-02-07,wk inc flu hosp,0,2026-02-07,04,quantile,0.025,33.0
2026-02-07,wk inc flu hosp,0,2026-02-07,04,quantile,0.05,51.0
2026-02-07,wk inc flu hosp,0,2026-02-07,04,quantile,0.1,79.0
2026-02-07,wk inc flu hosp,0,2026-02-07,04,quantile,0.15,96.0
2026-02-07,wk inc flu hosp,0,2026-02-07,04,quantile,0.2,111.0
2026-02-07,wk inc flu hosp,0,2026-02-07,04,quantile,0.25,123.0
2026-02-07,wk inc flu hosp,0,2026-02-07,04,quantile,0.3,134.0
2026-02-07,wk inc flu hosp,0,2026-02-07,04,quantile,0.35,143.0
2026-02-07,wk inc flu hosp,0,2026-02-07,04,quantile,0.4,154.0
2026-02-07,wk inc flu hosp,0,2026-02-07,04,quantile,0.45,165.0
2026-02-07,wk inc flu hosp,0,2026-02-07,04,quantile,0.5,173.0
2026-02-07,wk inc flu hosp,0,2026-02-07,04,quantile,0.55,185.0
2026-02-07,wk inc flu hosp,0,2026-02-07,04,quantile,0.6,195.0
2026-02-07,wk inc flu hosp,0,2026-02-07,04,quantile,0.65,200.0
2026-02-07,wk inc flu hosp,0,2026-02-07,04,quantile,0.7,203.0
2026-02-07,wk inc flu hosp,0,2026-02-07,04,quantile,0.75,208.0
2026-02-07,wk inc flu hosp,0,2026-02-07,04,quantile,0.8,214.0
2026-02-07,wk inc flu hosp,0,2026-02-07,04,quantile,0.85,219.0
2026-02-07,wk inc flu hosp,0,2026-02-07,04,quantile,0.9,227.0
2026-02-07,wk inc flu hosp,0,2026-02-07,04,quantile,0.95,240.0
2026-02-07,wk inc flu hosp,0,2026-02-07,04,quantile,0.975,249.0
2026-02-07,wk inc flu hosp,0,2026-02-07,04,quantile,0.99,260.0
2026-02-07,wk inc flu hosp,0,2026-02-07,05,quantile,0.01,0.0
2026-02-07,wk inc flu hosp,0,2026-02-07,05,quantile,0.025,0.0
2026-02-07,wk inc flu hosp,0,2026-02-07,05,quantile,0.05,0.0
2026-02-07,wk inc flu hosp,0,2026-02-07,05,quantile,0.1,1.0
2026-02-07,wk inc flu hosp,0,2026-02-07,05,quantile,0.15,23.0
2026-02-07,wk inc flu hosp,0,2026-02-07,05,quantile,0.2,51.0
2026-02-07,wk inc flu hosp,0,2026-02-07,05,quantile,0.25,61.0
2026-02-07,wk inc flu hosp,0,2026-02-07,05,quantile,0.3,69.0
2026-02-07,wk inc flu hosp,0,2026-02-07,05,quantile,0.35,75.0
2026-02-07,wk inc flu hosp,0,2026-02-07,05,quantile,0.4,80.0
2026-02-07,wk inc flu hosp,0,2026-02-07,05,quantile,0.45,86.0
2026-02-07,wk inc flu hosp,0,2026-02-07,05,quantile,0.5,92.0
2026-02-07,wk inc flu hosp,0,2026-02-07,05,quantile,0.55,98.0
2026-02-07,wk inc flu hosp,0,2026-02-07,05,quantile,0.6,104.0
2026-02-07,wk inc flu hosp,0,2026-02-07,05,quantile,0.65,110.0
2026-02-07,wk inc flu hosp,0,2026-02-07,05,quantile,0.7,115.0
2026-02-07,wk inc flu hosp,0,2026-02-07,05,quantile,0.75,123.0
2026-02-07,wk inc flu hosp,0,2026-02-07,05,quantile,0.8,131.0
2026-02-07,wk inc flu hosp,0,2026-02-07,05,quantile,0.85,138.0
2026-02-07,wk inc flu hosp,0,2026-02-07,05,quantile,0.9,151.0
2026-02-07,wk inc flu hosp,0,2026-02-07,05,quantile,0.95,172.0
2026-02-07,wk inc flu hosp,0,2026-02-07,05,quantile,0.975,189.0
2026-02-07,wk inc flu hosp,0,2026-02-07,05,quantile,0.99,208.0
2026-02-07,wk inc flu hosp,0,2026-02-07,06,quantile,0.01,551.0
2026-02-07,wk inc flu hosp,0,2026-02-07,06,quantile,0.025,701.0
2026-02-07,wk inc flu hosp,0,2026-02-07,06,quantile,0.05,836.0
2026-02-07,wk inc flu hosp,0,2026-02-07,06,quantile,0.1,982.0
2026-02-07,wk inc flu hosp,0,2026-02-07,06,quantile,0.15,1094.0
2026-02-07,wk inc flu hosp,0,2026-02-07,06,quantile,0.2,1153.0
2026-02-07,wk inc flu hosp,0,2026-02-07,06,quantile,0.25,1210.0
2026-02-07,wk inc flu hosp,0,2026-02-07,06,quantile,0.3,1262.0
2026-02-07,wk inc flu hosp,0,2026-02-07,06,quantile,0.35,1321.0
2026-02-07,wk inc flu hosp,0,2026-02-07,06,quantile,0.4,1366.0
2026-02-07,wk inc flu hosp,0,2026-02-07,06,quantile,0.45,1412.0
2026-02-07,wk inc flu hosp,0,2026-02-07,06,quantile,0.5,1437.0
2026-02-07,wk inc flu hosp,0,2026-02-07,06,quantile,0.55,1459.0
2026-02-07,wk inc flu hosp,0,2026-02-07,06,quantile,0.6,1486.0
2026-02-07,wk inc flu hosp,0,2026-02-07,06,quantile,0.65,1510.0
2026-02-07,wk inc flu hosp,0,2026-02-07,06,quantile,0.7,1532.0
2026-02-07,wk inc flu hosp,0,2026-02-07,06,quantile,0.75,1566.0
2026-02-07,wk inc flu hosp,0,2026-02-07,06,quantile,0.8,1609.0
2026-02-07,wk inc flu hosp,0,2026-02-07,06,quantile,0.85,1648.0
2026-02-07,wk inc flu hosp,0,2026-02-07,06,quantile,0.9,1703.0
2026-02-07,wk inc flu hosp,0,2026-02-07,06,quantile,0.95,1778.0
2026-02-07,wk inc flu hosp,0,2026-02-07,06,quantile,0.975,1830.0
2026-02-07,wk inc flu hosp,0,2026-02-07,06,quantile,0.99,1888.0
2026-02-07,wk inc flu hosp,0,2026-02-07,08,quantile,0.01,36.0
2026-02-07,wk inc flu hosp,0,2026-02-07,08,quantile,0.025,47.0
2026-02-07,wk inc flu hosp,0,2026-02-07,08,quantile,0.05,53.0
2026-02-07,wk inc flu hosp,0,2026-02-07,08,quantile,0.1,64.0
2026-02-07,wk inc flu hosp,0,2026-02-07,08,quantile,0.15,72.0
2026-02-07,wk inc flu hosp,0,2026-02-07,08,quantile,0.2,77.0
2026-02-07,wk inc flu hosp,0,2026-02-07,08,quantile,0.25,82.0
2026-02-07,wk inc flu hosp,0,2026-02-07,08,quantile,0.3,85.0
2026-02-07,wk inc flu hosp,0,2026-02-07,08,quantile,0.35,88.0
2026-02-07,wk inc flu hosp,0,2026-02-07,08,quantile,0.4,90.0
2026-02-07,wk inc flu hosp,0,2026-02-07,08,quantile,0.45,92.0
2026-02-07,wk inc flu hosp,0,2026-02-07,08,quantile,0.5,94.0
2026-02-07,wk inc flu hosp,0,2026-02-07,08,quantile,0.55,97.0
2026-02-07,wk inc flu hosp,0,2026-02-07,08,quantile,0.6,100.0
2026-02-07,wk inc flu hosp,0,2026-02-07,08,quantile,0.65,102.0
2026-02-07,wk inc flu hosp,0,2026-02-07,08,quantile,0.7,105.0
2026-02-07,wk inc flu hosp,0,2026-02-07,08,quantile,0.75,109.0
2026-02-07,wk inc flu hosp,0,2026-02-07,08,quantile,0.8,113.0
2026-02-07,wk inc flu hosp,0,2026-02-07,08,quantile,0.85,118.0
2026-02-07,wk inc flu hosp,0,2026-02-07,08,quantile,0.9,122.0
2026-02-07,wk inc flu hosp,0,2026-02-07,08,quantile,0.95,127.0
2026-02-07,wk inc flu hosp,0,2026-02-07,08,quantile,0.975,131.0
2026-02-07,wk inc flu hosp,0,2026-02-07,08,quantile,0.99,135.0
2026-02-07,wk inc flu hosp,0,2026-02-07,09,quantile,0.01,0.0
2026-02-07,wk inc flu hosp,0,2026-02-07,09,quantile,0.025,0.0
2026-02-07,wk inc flu hosp,0,2026-02-07,09,quantile,0.05,3.0
2026-02-07,wk inc flu hosp,0,2026-02-07,09,quantile,0.1,9.0
2026-02-07,wk inc flu hosp,0,2026-02-07,09,quantile,0.15,10.0
2026-02-07,wk inc flu hosp,0,2026-02-07,09,quantile,0.2,10.0
2026-02-07,wk inc flu hosp,0,2026-02-07,09,quantile,0.25,10.0
2026-02-07,wk inc flu hosp,0,2026-02-07,09,quantile,0.3,10.0
2026-02-07,wk inc flu hosp,0,2026-02-07,09,quantile,0.35,10.0
2026-02-07,wk inc flu hosp,0,2026-02-07,09,quantile,0.4,10.0
2026-02-07,wk inc flu hosp,0,2026-02-07,09,quantile,0.45,11.0
2026-02-07,wk inc flu hosp,0,2026-02-07,09,quantile,0.5,12.0
2026-02-07,wk inc flu hosp,0,2026-02-07,09,quantile,0.55,13.0
2026-02-07,wk inc flu hosp,0,2026-02-07,09,quantile,0.6,14.0
2026-02-07,wk inc flu hosp,0,2026-02-07,09,quantile,0.65,16.0
2026-02-07,wk inc flu hosp,0,2026-02-07,09,quantile,0.7,17.0
2026-02-07,wk inc flu hosp,0,2026-02-07,09,quantile,0.75,18.0
2026-02-07,wk inc flu hosp,0,2026-02-07,09,quantile,0.8,20.0
2026-02-07,wk inc flu hosp,0,2026-02-07,09,quantile,0.85,22.0
2026-02-07,wk inc flu hosp,0,2026-02-07,09,quantile,0.9,24.0
2026-02-07,wk inc flu hosp,0,2026-02-07,09,quantile,0.95,29.0
2026-02-07,wk inc flu hosp,0,2026-02-07,09,quantile,0.975,32.0
2026-02-07,wk inc flu hosp,0,2026-02-07,09,quantile,0.99,35.0
2026-02-07,wk inc flu hosp,0,2026-02-07,10,quantile,0.01,8.0
2026-02-07,wk inc flu hosp,0,2026-02-07,10,quantile,0.025,10.0
2026-02-07,wk inc flu hosp,0,2026-02-07,10,quantile,0.05,11.0
2026-02-07,wk inc flu hosp,0,2026-02-07,10,quantile,0.1,13.0
2026-02-07,wk inc flu hosp,0,2026-02-07,10,quantile,0.15,18.0
2026-02-07,wk inc flu hosp,0,2026-02-07,10,quantile,0.2,22.0
2026-02-07,wk inc flu hosp,0,2026-02-07,10,quantile,0.25,26.0
2026-02-07,wk inc flu hosp,0,2026-02-07,10,quantile,0.3,28.0
2026-02-07,wk inc flu hosp,0,2026-02-07,10,quantile,0.35,31.0
2026-02-07,wk inc flu hosp,0,2026-02-07,10,quantile,0.4,33.0
2026-02-07,wk inc flu hosp,0,2026-02-07,10,quantile,0.45,34.0
2026-02-07,wk inc flu hosp,0,2026-02-07,10,quantile,0.5,35.0
2026-02-07,wk inc flu hosp,0,2026-02-07,10,quantile,0.55,35.0
2026-02-07,wk inc flu hosp,0,2026-02-07,10,quantile,0.6,36.0
2026-02-07,wk inc flu hosp,0,2026-02-07,10,quantile,0.65,37.0
2026-02-07,wk inc flu hosp,0,2026-02-07,10,quantile,0.7,38.0
2026-02-07,wk inc flu hosp,0,2026-02-07,10,quantile,0.75,39.0
2026-02-07,wk inc flu hosp,0,2026-02-07,10,quantile,0.8,40.0
2026-02-07,wk inc flu hosp,0,2026-02-07,10,quantile,0.85,41.0
2026-02-07,wk inc flu hosp,0,2026-02-07,10,quantile,0.9,42.0
2026-02-07,wk inc flu hosp,0,2026-02-07,10,quantile,0.95,45.0
2026-02-07,wk inc flu hosp,0,2026-02-07,10,quantile,0.975,47.0
2026-02-07,wk inc flu hosp,0,2026-02-07,10,quantile,0.99,50.0
2026-02-07,wk inc flu hosp,0,2026-02-07,11,quantile,0.01,0.0
2026-02-07,wk inc flu hosp,0,2026-02-07,11,quantile,0.025,0.0
2026-02-07,wk inc flu hosp,0,2026-02-07,11,quantile,0.05,1.0
2026-02-07,wk inc flu hosp,0,2026-02-07,11,quantile,0.1,2.0
2026-02-07,wk inc flu hosp,0,2026-02-07,11,quantile,0.15,3.0
2026-02-07,wk inc flu hosp,0,2026-02-07,11,quantile,0.2,4.0
2026-02-07,wk inc flu hosp,0,2026-02-07,11,quantile,0.25,5.0
2026-02-07,wk inc flu hosp,0,2026-02-07,11,quantile,0.3,7.0
2026-02-07,wk inc flu hosp,0,2026-02-07,11,quantile,0.35,8.0
2026-02-07,wk inc flu hosp,0,2026-02-07,11,quantile,0.4,9.0
2026-02-07,wk inc flu hosp,0,2026-02-07,11,quantile,0.45,10.0
2026-02-07,wk inc flu hosp,0,2026-02-07,11,quantile,0.5,11.0
2026-02-07,wk inc flu hosp,0,2026-02-07,11,quantile,0.55,11.0
2026-02-07,wk inc flu hosp,0,2026-02-07,11,quantile,0.6,11.0
2026-02-07,wk inc flu hosp,0,2026-02-07,11,quantile,0.65,12.0
2026-02-07,wk inc flu hosp,0,2026-02-07,11,quantile,0.7,12.0
2026-02-07,wk inc flu hosp,0,2026-02-07,11,quantile,0.75,12.0
2026-02-07,wk inc flu hosp,0,2026-02-07,11,quantile,0.8,13.0
2026-02-07,wk inc flu hosp,0,2026-02-07,11,quantile,0.85,13.0
2026-02-07,wk inc flu hosp,0,2026-02-07,11,quantile,0.9,14.0
2026-02-07,wk inc flu hosp,0,2026-02-07,11,quantile,0.95,15.0
2026-02-07,wk inc flu hosp,0,2026-02-07,11,quantile,0.975,16.0
2026-02-07,wk inc flu hosp,0,2026-02-07,11,quantile,0.99,17.0
2026-02-07,wk inc flu hosp,0,2026-02-07,12,quantile,0.01,444.0
2026-02-07,wk inc flu hosp,0,2026-02-07,12,quantile,0.025,512.0
2026-02-07,wk inc flu hosp,0,2026-02-07,12,quantile,0.05,568.0
2026-02-07,wk inc flu hosp,0,2026-02-07,12,quantile,0.1,637.0
2026-02-07,wk inc flu hosp,0,2026-02-07,12,quantile,0.15,686.0
2026-02-07,wk inc flu hosp,0,2026-02-07,12,quantile,0.2,702.0
2026-02-07,wk inc flu hosp,0,2026-02-07,12,quantile,0.25,721.0
2026-02-07,wk inc flu hosp,0,2026-02-07,12,quantile,0.3,736.0
2026-02-07,wk inc flu hosp,0,2026-02-07,12,quantile,0.35,750.0
2026-02-07,wk inc flu hosp,0,2026-02-07,12,quantile,0.4,762.0
2026-02-07,wk inc flu hosp,0,2026-02-07,12,quantile,0.45,776.0
2026-02-07,wk inc flu hosp,0,2026-02-07,12,quantile,0.5,788.0
2026-02-07,wk inc flu hosp,0,2026-02-07,12,quantile,0.55,804.0
2026-02-07,wk inc flu hosp,0,2026-02-07,12,quantile,0.6,823.0
2026-02-07,wk inc flu hosp,0,2026-02-07,12,quantile,0.65,839.0
2026-02-07,wk inc flu hosp,0,2026-02-07,12,quantile,0.7,854.0
2026-02-07,wk inc flu hosp,0,2026-02-07,12,quantile,0.75,871.0
2026-02-07,wk inc flu hosp,0,2026-02-07,12,quantile,0.8,890.0
2026-02-07,wk inc flu hosp,0,2026-02-07,12,quantile,0.85,909.0
2026-02-07,wk inc flu hosp,0,2026-02-07,12,quantile,0.9,936.0
2026-02-07,wk inc flu hosp,0,2026-02-07,12,quantile,0.95,986.0
2026-02-07,wk inc flu hosp,0,2026-02-07,12,quantile,0.975,1024.0
2026-02-07,wk inc flu hosp,0,2026-02-07,12,quantile,0.99,1044.0
2026-02-07,wk inc flu hosp,0,2026-02-07,13,quantile,0.01,13.0
2026-02-07,wk inc flu hosp,0,2026-02-07,13,quantile,0.025,47.0
2026-02-07,wk inc flu hosp,0,2026-02-07,13,quantile,0.05,76.0
2026-02-07,wk inc flu hosp,0,2026-02-07,13,quantile,0.1,107.0
2026-02-07,wk inc flu hosp,0,2026-02-07,13,quantile,0.15,131.0
2026-02-07,wk inc flu hosp,0,2026-02-07,13,quantile,0.2,148.0
2026-02-07,wk inc flu hosp,0,2026-02-07,13,quantile,0.25,161.0
2026-02-07,wk inc flu hosp,0,2026-02-07,13,quantile,0.3,175.0
2026-02-07,wk inc flu hosp,0,2026-02-07,13,quantile,0.35,184.0
2026-02-07,wk inc flu hosp,0,2026-02-07,13,quantile,0.4,190.0
2026-02-07,wk inc flu hosp,0,2026-02-07,13,quantile,0.45,196.0
2026-02-07,wk inc flu hosp,0,2026-02-07,13,quantile,0.5,202.0
2026-02-07,wk inc flu hosp,0,2026-02-07,13,quantile,0.55,207.0
2026-02-07,wk inc flu hosp,0,2026-02-07,13,quantile,0.6,214.0
2026-02-07,wk inc flu hosp,0,2026-02-07,13,quantile,0.65,220.0
2026-02-07,wk inc flu hosp,0,2026-02-07,13,quantile,0.7,227.0
2026-02-07,wk inc flu hosp,0,2026-02-07,13,quantile,0.75,235.0
2026-02-07,wk inc flu hosp,0,2026-02-07,13,quantile,0.8,245.0
2026-02-07,wk inc flu hosp,0,2026-02-07,13,quantile,0.85,254.0
2026-02-07,wk inc flu hosp,0,2026-02-07,13,quantile,0.9,269.0
2026-02-07,wk inc flu hosp,0,2026-02-07,13,quantile,0.95,290.0
2026-02-07,wk inc flu hosp,0,2026-02-07,13,quantile,0.975,303.0
2026-02-07,wk inc flu hosp,0,2026-02-07,13,quantile,0.99,316.0
2026-02-07,wk inc flu hosp,0,2026-02-07,15,quantile,0.01,0.0
2026-02-07,wk inc flu hosp,0,2026-02-07,15,quantile,0.025,0.0
2026-02-07,wk inc flu hosp,0,2026-02-07,15,quantile,0.05,0.0
2026-02-07,wk inc flu hosp,0,2026-02-07,15,quantile,0.1,3.0
2026-02-07,wk inc flu hosp,0,2026-02-07,15,quantile,0.15,6.0
2026-02-07,wk inc flu hosp,0,2026-02-07,15,quantile,0.2,10.0
2026-02-07,wk inc flu hosp,0,2026-02-07,15,quantile,0.25,14.0
2026-02-07,wk inc flu hosp,0,2026-02-07,15,quantile,0.3,18.0
2026-02-07,wk inc flu hosp,0,2026-02-07,15,quantile,0.35,21.0
2026-02-07,wk inc flu hosp,0,2026-02-07,15,quantile,0.4,24.0
2026-02-07,wk inc flu hosp,0,2026-02-07,15,quantile,0.45,25.0
2026-02-07,wk inc flu hosp,0,2026-02-07,15,quantile,0.5,27.0
2026-02-07,wk inc flu hosp,0,2026-02-07,15,quantile,0.55,29.0
2026-02-07,wk inc flu hosp,0,2026-02-07,15,quantile,0.6,30.0
2026-02-07,wk inc flu hosp,0,2026-02-07,15,quantile,0.65,32.0
2026-02-07,wk inc flu hosp,0,2026-02-07,15,quantile,0.7,34.0
2026-02-07,wk inc flu hosp,0,2026-02-07,15,quantile,0.75,37.0
2026-02-07,wk inc flu hosp,0,2026-02-07,15,quantile,0.8,40.0
2026-02-07,wk inc flu hosp,0,2026-02-07,15,quantile,0.85,43.0
2026-02-07,wk inc flu hosp,0,2026-02-07,15,quantile,0.9,46.0
2026-02-07,wk inc flu hosp,0,2026-02-07,15,quantile,0.95,52.0
2026-02-07,wk inc flu hosp,0,2026-02-07,15,quantile,0.975,56.0
2026-02-07,wk inc flu hosp,0,2026-02-07,15,quantile,0.99,67.0
2026-02-07,wk inc flu hosp,0,2026-02-07,16,quantile,0.01,10.0
2026-02-07,wk inc flu hosp,0,2026-02-07,16,quantile,0.025,17.0
2026-02-07,wk inc flu hosp,0,2026-02-07,16,quantile,0.05,24.0
2026-02-07,wk inc flu hosp,0,2026-02-07,16,quantile,0.1,30.0
2026-02-07,wk inc flu hosp,0,2026-02-07,16,quantile,0.15,36.0
2026-02-07,wk inc flu hosp,0,2026-02-07,16,quantile,0.2,40.0
2026-02-07,wk inc flu hosp,0,2026-02-07,16,quantile,0.25,43.0
2026-02-07,wk inc flu hosp,0,2026-02-07,16,quantile,0.3,46.0
2026-02-07,wk inc flu hosp,0,2026-02-07,16,quantile,0.35,48.0
2026-02-07,wk inc flu hosp,0,2026-02-07,16,quantile,0.4,50.0
2026-02-07,wk inc flu hosp,0,2026-02-07,16,quantile,0.45,51.0
2026-02-07,wk inc flu hosp,0,2026-02-07,16,quantile,0.5,52.0
2026-02-07,wk inc flu hosp,0,2026-02-07,16,quantile,0.55,53.0
2026-02-07,wk inc flu hosp,0,2026-02-07,16,quantile,0.6,54.0
2026-02-07,wk inc flu hosp,0,2026-02-07,16,quantile,0.65,55.0
2026-02-07,wk inc flu hosp,0,2026-02-07,16,quantile,0.7,56.0
2026-02-07,wk inc flu hosp,0,2026-02-07,16,quantile,0.75,58.0
2026-02-07,wk inc flu hosp,0,2026-02-07,16,quantile,0.8,59.0
2026-02-07,wk inc flu hosp,0,2026-02-07,16,quantile,0.85,61.0
2026-02-07,wk inc flu hosp,0,2026-02-07,16,quantile,0.9,63.0
2026-02-07,wk inc flu hosp,0,2026-02-07,16,quantile,0.95,72.0
2026-02-07,wk inc flu hosp,0,2026-02-07,16,quantile,0.975,77.0
2026-02-07,wk inc flu hosp,0,2026-02-07,16,quantile,0.99,83.0
2026-02-07,wk inc flu hosp,0,2026-02-07,17,quantile,0.01,42.0
2026-02-07,wk inc flu hosp,0,2026-02-07,17,quantile,0.025,65.0
2026-02-07,wk inc flu hosp,0,2026-02-07,17,quantile,0.05,129.0
2026-02-07,wk inc flu hosp,0,2026-02-07,17,quantile,0.1,175.0
2026-02-07,wk inc flu hosp,0,2026-02-07,17,quantile,0.15,210.0
2026-02-07,wk inc flu hosp,0,2026-02-07,17,quantile,0.2,237.0
2026-02-07,wk inc flu hosp,0,2026-02-07,17,quantile,0.25,247.0
2026-02-07,wk inc flu hosp,0,2026-02-07,17,quantile,0.3,256.0
2026-02-07,wk inc flu hosp,0,2026-02-07,17,quantile,0.35,263.0
2026-02-07,wk inc flu hosp,0,2026-02-07,17,quantile,0.4,270.0
2026-02-07,wk inc flu hosp,0,2026-02-07,17,quantile,0.45,278.0
2026-02-07,wk inc flu hosp,0,2026-02-07,17,quantile,0.5,287.0
2026-02-07,wk inc flu hosp,0,2026-02-07,17,quantile,0.55,295.0
2026-02-07,wk inc flu hosp,0,2026-02-07,17,quantile,0.6,305.0
2026-02-07,wk inc flu hosp,0,2026-02-07,17,quantile,0.65,315.0
2026-02-07,wk inc flu hosp,0,2026-02-07,17,quantile,0.7,321.0
2026-02-07,wk inc flu hosp,0,2026-02-07,17,quantile,0.75,332.0
2026-02-07,wk inc flu hosp,0,2026-02-07,17,quantile,0.8,343.0
2026-02-07,wk inc flu hosp,0,2026-02-07,17,quantile,0.85,353.0
2026-02-07,wk inc flu hosp,0,2026-02-07,17,quantile,0.9,371.0
2026-02-07,wk inc flu hosp,0,2026-02-07,17,quantile,0.95,398.0
2026-02-07,wk inc flu hosp,0,2026-02-07,17,quantile,0.975,415.0
2026-02-07,wk inc flu hosp,0,2026-02-07,17,quantile,0.99,434.0
2026-02-07,wk inc flu hosp,0,2026-02-07,18,quantile,0.01,15.0
2026-02-07,wk inc flu hosp,0,2026-02-07,18,quantile,0.025,29.0
2026-02-07,wk inc flu hosp,0,2026-02-07,18,quantile,0.05,50.0
2026-02-07,wk inc flu hosp,0,2026-02-07,18,quantile,0.1,97.0
2026-02-07,wk inc flu hosp,0,2026-02-07,18,quantile,0.15,128.0
2026-02-07,wk inc flu hosp,0,2026-02-07,18,quantile,0.2,145.0
2026-02-07,wk inc flu hosp,0,2026-02-07,18,quantile,0.25,153.0
2026-02-07,wk inc flu hosp,0,2026-02-07,18,quantile,0.3,160.0
2026-02-07,wk inc flu hosp,0,2026-02-07,18,quantile,0.35,167.0
2026-02-07,wk inc flu hosp,0,2026-02-07,18,quantile,0.4,173.0
2026-02-07,wk inc flu hosp,0,2026-02-07,18,quantile,0.45,179.0
2026-02-07,wk inc flu hosp,0,2026-02-07,18,quantile,0.5,184.0
2026-02-07,wk inc flu hosp,0,2026-02-07,18,quantile,0.55,189.0
2026-02-07,wk inc flu hosp,0,2026-02-07,18,quantile,0.6,195.0
2026-02-07,wk inc flu hosp,0,2026-02-07,18,quantile,0.65,201.0
2026-02-07,wk inc flu hosp,0,2026-02-07,18,quantile,0.7,206.0
2026-02-07,wk inc flu hosp,0,2026-02-07,18,quantile,0.75,214.0
2026-02-07,wk inc flu hosp,0,2026-02-07,18,quantile,0.8,222.0
2026-02-07,wk inc flu hosp,0,2026-02-07,18,quantile,0.85,231.0
2026-02-07,wk inc flu hosp,0,2026-02-07,18,quantile,0.9,245.0
2026-02-07,wk inc flu hosp,0,2026-02-07,18,quantile,0.95,262.0
2026-02-07,wk inc flu hosp,0,2026-02-07,18,quantile,0.975,278.0
2026-02-07,wk inc flu hosp,0,2026-02-07,18,quantile,0.99,297.0
2026-02-07,wk inc flu hosp,0,2026-02-07,19,quantile,0.01,49.0
2026-02-07,wk inc flu hosp,0,2026-02-07,19,quantile,0.025,58.0
2026-02-07,wk inc flu hosp,0,2026-02-07,19,quantile,0.05,66.0
2026-02-07,wk inc flu hosp,0,2026-02-07,19,quantile,0.1,81.0
2026-02-07,wk inc flu hosp,0,2026-02-07,19,quantile,0.15,90.0
2026-02-07,wk inc flu hosp,0,2026-02-07,19,quantile,0.2,98.0
2026-02-07,wk inc flu hosp,0,2026-02-07,19,quantile,0.25,104.0
2026-02-07,wk inc flu hosp,0,2026-02-07,19,quantile,0.3,109.0
2026-02-07,wk inc flu hosp,0,2026-02-07,19,quantile,0.35,115.0
2026-02-07,wk inc flu hosp,0,2026-02-07,19,quantile,0.4,120.0
2026-02-07,wk inc flu hosp,0,2026-02-07,19,quantile,0.45,122.0
2026-02-07,wk inc flu hosp,0,2026-02-07,19,quantile,0.5,124.0
2026-02-07,wk inc flu hosp,0,2026-02-07,19,quantile,0.55,125.0
2026-02-07,wk inc flu hosp,0,2026-02-07,19,quantile,0.6,127.0
2026-02-07,wk inc flu hosp,0,2026-02-07,19,quantile,0.65,129.0
2026-02-07,wk inc flu hosp,0,2026-02-07,19,quantile,0.7,131.0
2026-02-07,wk inc flu hosp,0,2026-02-07,19,quantile,0.75,133.0
2026-02-07,wk inc flu hosp,0,2026-02-07,19,quantile,0.8,136.0
2026-02-07,wk inc flu hosp,0,2026-02-07,19,quantile,0.85,138.0
2026-02-07,wk inc flu hosp,0,2026-02-07,19,quantile,0.9,142.0
2026-02-07,wk inc flu hosp,0,2026-02-07,19,quantile,0.95,149.0
2026-02-07,wk inc flu hosp,0,2026-02-07,19,quantile,0.975,153.0
2026-02-07,wk inc flu hosp,0,2026-02-07,19,quantile,0.99,160.0
2026-02-07,wk inc flu hosp,0,2026-02-07,20,quantile,0.01,57.0
2026-02-07,wk inc flu hosp,0,2026-02-07,20,quantile,0.025,70.0
2026-02-07,wk inc flu hosp,0,2026-02-07,20,quantile,0.05,82.0
2026-02-07,wk inc flu hosp,0,2026-02-07,20,quantile,0.1,96.0
2026-02-07,wk inc flu hosp,0,2026-02-07,20,quantile,0.15,105.0
2026-02-07,wk inc flu hosp,0,2026-02-07,20,quantile,0.2,112.0
2026-02-07,wk inc flu hosp,0,2026-02-07,20,quantile,0.25,119.0
2026-02-07,wk inc flu hosp,0,2026-02-07,20,quantile,0.3,125.0
2026-02-07,wk inc flu hosp,0,2026-02-07,20,quantile,0.35,130.0
2026-02-07,wk inc flu hosp,0,2026-02-07,20,quantile,0.4,135.0
2026-02-07,wk inc flu hosp,0,2026-02-07,20,quantile,0.45,141.0
2026-02-07,wk inc flu hosp,0,2026-02-07,20,quantile,0.5,147.0
2026-02-07,wk inc flu hosp,0,2026-02-07,20,quantile,0.55,150.0
2026-02-07,wk inc flu hosp,0,2026-02-07,20,quantile,0.6,152.0
2026-02-07,wk inc flu hosp,0,2026-02-07,20,quantile,0.65,153.0
2026-02-07,wk inc flu hosp,0,2026-02-07,20,quantile,0.7,154.0
2026-02-07,wk inc flu hosp,0,2026-02-07,20,quantile,0.75,156.0
2026-02-07,wk inc flu hosp,0,2026-02-07,20,quantile,0.8,159.0
2026-02-07,wk inc flu hosp,0,2026-02-07,20,quantile,0.85,160.0
2026-02-07,wk inc flu hosp,0,2026-02-07,20,quantile,0.9,164.0
2026-02-07,wk inc flu hosp,0,2026-02-07,20,quantile,0.95,169.0
2026-02-07,wk inc flu hosp,0,2026-02-07,20,quantile,0.975,173.0
2026-02-07,wk inc flu hosp,0,2026-02-07,20,quantile,0.99,177.0
2026-02-07,wk inc flu hosp,0,2026-02-07,21,quantile,0.01,20.0
2026-02-07,wk inc flu hosp,0,2026-02-07,21,quantile,0.025,31.0
2026-02-07,wk inc flu hosp,0,2026-02-07,21,quantile,0.05,40.0
2026-02-07,wk inc flu hosp,0,2026-02-07,21,quantile,0.1,64.0
2026-02-07,wk inc flu hosp,0,2026-02-07,21,quantile,0.15,90.0
2026-02-07,wk inc flu hosp,0,2026-02-07,21,quantile,0.2,113.0
2026-02-07,wk inc flu hosp,0,2026-02-07,21,quantile,0.25,131.0
2026-02-07,wk inc flu hosp,0,2026-02-07,21,quantile,0.3,143.0
2026-02-07,wk inc flu hosp,0,2026-02-07,21,quantile,0.35,154.0
2026-02-07,wk inc flu hosp,0,2026-02-07,21,quantile,0.4,157.0
2026-02-07,wk inc flu hosp,0,2026-02-07,21,quantile,0.45,161.0
2026-02-07,wk inc flu hosp,0,2026-02-07,21,quantile,0.5,165.0
2026-02-07,wk inc flu hosp,0,2026-02-07,21,quantile,0.55,168.0
2026-02-07,wk inc flu hosp,0,2026-02-07,21,quantile,0.6,173.0
2026-02-07,wk inc flu hosp,0,2026-02-07,21,quantile,0.65,178.0
2026-02-07,wk inc flu hosp,0,2026-02-07,21,quantile,0.7,182.0
2026-02-07,wk inc flu hosp,0,2026-02-07,21,quantile,0.75,188.0
2026-02-07,wk inc flu hosp,0,2026-02-07,21,quantile,0.8,194.0
2026-02-07,wk inc flu hosp,0,2026-02-07,21,quantile,0.85,200.0
2026-02-07,wk inc flu hosp,0,2026-02-07,21,quantile,0.9,212.0
2026-02-07,wk inc flu hosp,0,2026-02-07,21,quantile,0.95,232.0
2026-02-07,wk inc flu hosp,0,2026-02-07,21,quantile,0.975,241.0
2026-02-07,wk inc flu hosp,0,2026-02-07,21,quantile,0.99,251.0
2026-02-07,wk inc flu hosp,0,2026-02-07,22,quantile,0.01,87.0
2026-02-07,wk inc flu hosp,0,2026-02-07,22,quantile,0.025,102.0
2026-02-07,wk inc flu hosp,0,2026-02-07,22,quantile,0.05,117.0
2026-02-07,wk inc flu hosp,0,2026-02-07,22,quantile,0.1,133.0
2026-02-07,wk inc flu hosp,0,2026-02-07,22,quantile,0.15,145.0
2026-02-07,wk inc flu hosp,0,2026-02-07,22,quantile,0.2,155.0
2026-02-07,wk inc flu hosp,0,2026-02-07,22,quantile,0.25,164.0
2026-02-07,wk inc flu hosp,0,2026-02-07,22,quantile,0.3,171.0
2026-02-07,wk inc flu hosp,0,2026-02-07,22,quantile,0.35,177.0
2026-02-07,wk inc flu hosp,0,2026-02-07,22,quantile,0.4,184.0
2026-02-07,wk inc flu hosp,0,2026-02-07,22,quantile,0.45,190.0
2026-02-07,wk inc flu hosp,0,2026-02-07,22,quantile,0.5,193.0
2026-02-07,wk inc flu hosp,0,2026-02-07,22,quantile,0.55,196.0
2026-02-07,wk inc flu hosp,0,2026-02-07,22,quantile,0.6,199.0
2026-02-07,wk inc flu hosp,0,2026-02-07,22,quantile,0.65,203.0
2026-02-07,wk inc flu hosp,0,2026-02-07,22,quantile,0.7,207.0
2026-02-07,wk inc flu hosp,0,2026-02-07,22,quantile,0.75,210.0
2026-02-07,wk inc flu hosp,0,2026-02-07,22,quantile,0.8,215.0
2026-02-07,wk inc flu hosp,0,2026-02-07,22,quantile,0.85,228.0
2026-02-07,wk inc flu hosp,0,2026-02-07,22,quantile,0.9,243.0
2026-02-07,wk inc flu hosp,0,2026-02-07,22,quantile,0.95,270.0
2026-02-07,wk inc flu hosp,0,2026-02-07,22,quantile,0.975,284.0
2026-02-07,wk inc flu hosp,0,2026-02-07,22,quantile,0.99,294.0
2026-02-07,wk inc flu hosp,0,2026-02-07,23,quantile,0.01,12.0
2026-02-07,wk inc flu hosp,0,2026-02-07,23,quantile,0.025,15.0
2026-02-07,wk inc flu hosp,0,2026-02-07,23,quantile,0.05,18.0
2026-02-07,wk inc flu hosp,0,2026-02-07,23,quantile,0.1,22.0
2026-02-07,wk inc flu hosp,0,2026-02-07,23,quantile,0.15,25.0
2026-02-07,wk inc flu hosp,0,2026-02-07,23,quantile,0.2,28.0
2026-02-07,wk inc flu hosp,0,2026-02-07,23,quantile,0.25,30.0
2026-02-07,wk inc flu hosp,0,2026-02-07,23,quantile,0.3,31.0
2026-02-07,wk inc flu hosp,0,2026-02-07,23,quantile,0.35,33.0
2026-02-07,wk inc flu hosp,0,2026-02-07,23,quantile,0.4,34.0
2026-02-07,wk inc flu hosp,0,2026-02-07,23,quantile,0.45,36.0
2026-02-07,wk inc flu hosp,0,2026-02-07,23,quantile,0.5,37.0
2026-02-07,wk inc flu hosp,0,2026-02-07,23,quantile,0.55,39.0
2026-02-07,wk inc flu hosp,0,2026-02-07,23,quantile,0.6,40.0
2026-02-07,wk inc flu hosp,0,2026-02-07,23,quantile,0.65,40.0
2026-02-07,wk inc flu hosp,0,2026-02-07,23,quantile,0.7,41.0
2026-02-07,wk inc flu hosp,0,2026-02-07,23,quantile,0.75,42.0
2026-02-07,wk inc flu hosp,0,2026-02-07,23,quantile,0.8,43.0
2026-02-07,wk inc flu hosp,0,2026-02-07,23,quantile,0.85,44.0
2026-02-07,wk inc flu hosp,0,2026-02-07,23,quantile,0.9,45.0
2026-02-07,wk inc flu hosp,0,2026-02-07,23,quantile,0.95,47.0
2026-02-07,wk inc flu hosp,0,2026-02-07,23,quantile,0.975,49.0
2026-02-07,wk inc flu hosp,0,2026-02-07,23,quantile,0.99,51.0
2026-02-07,wk inc flu hosp,0,2026-02-07,24,quantile,0.01,0.0
2026-02-07,wk inc flu hosp,0,2026-02-07,24,quantile,0.025,1.0
2026-02-07,wk inc flu hosp,0,2026-02-07,24,quantile,0.05,8.0
2026-02-07,wk inc flu hosp,0,2026-02-07,24,quantile,0.1,16.0
2026-02-07,wk inc flu hosp,0,2026-02-07,24,quantile,0.15,28.0
2026-02-07,wk inc flu hosp,0,2026-02-07,24,quantile,0.2,41.0
2026-02-07,wk inc flu hosp,0,2026-02-07,24,quantile,0.25,54.0
2026-02-07,wk inc flu hosp,0,2026-02-07,24,quantile,0.3,61.0
2026-02-07,wk inc flu hosp,0,2026-02-07,24,quantile,0.35,64.0
2026-02-07,wk inc flu hosp,0,2026-02-07,24,quantile,0.4,67.0
2026-02-07,wk inc flu hosp,0,2026-02-07,24,quantile,0.45,70.0
2026-02-07,wk inc flu hosp,0,2026-02-07,24,quantile,0.5,73.0
2026-02-07,wk inc flu hosp,0,2026-02-07,24,quantile,0.55,76.0
2026-02-07,wk inc flu hosp,0,2026-02-07,24,quantile,0.6,79.0
2026-02-07,wk inc flu hosp,0,2026-02-07,24,quantile,0.65,83.0
2026-02-07,wk inc flu hosp,0,2026-02-07,24,quantile,0.7,85.0
2026-02-07,wk inc flu hosp,0,2026-02-07,24,quantile,0.75,90.0
2026-02-07,wk inc flu hosp,0,2026-02-07,24,quantile,0.8,95.0
2026-02-07,wk inc flu hosp,0,2026-02-07,24,quantile,0.85,99.0
2026-02-07,wk inc flu hosp,0,2026-02-07,24,quantile,0.9,108.0
2026-02-07,wk inc flu hosp,0,2026-02-07,24,quantile,0.95,133.0
2026-02-07,wk inc flu hosp,0,2026-02-07,24,quantile,0.975,146.0
2026-02-07,wk inc flu hosp,0,2026-02-07,24,quantile,0.99,153.0
2026-02-07,wk inc flu hosp,0,2026-02-07,25,quantile,0.01,14.0
2026-02-07,wk inc flu hosp,0,2026-02-07,25,quantile,0.025,34.0
2026-02-07,wk inc flu hosp,0,2026-02-07,25,quantile,0.05,49.0
2026-02-07,wk inc flu hosp,0,2026-02-07,25,quantile,0.1,61.0
2026-02-07,wk inc flu hosp,0,2026-02-07,25,quantile,0.15,67.0
2026-02-07,wk inc flu hosp,0,2026-02-07,25,quantile,0.2,73.0
2026-02-07,wk inc flu hosp,0,2026-02-07,25,quantile,0.25,77.0
2026-02-07,wk inc flu hosp,0,2026-02-07,25,quantile,0.3,79.0
2026-02-07,wk inc flu hosp,0,2026-02-07,25,quantile,0.35,81.0
2026-02-07,wk inc flu hosp,0,2026-02-07,25,quantile,0.4,83.0
2026-02-07,wk inc flu hosp,0,2026-02-07,25,quantile,0.45,85.0
2026-02-07,wk inc flu hosp,0,2026-02-07,25,quantile,0.5,87.0
2026-02-07,wk inc flu hosp,0,2026-02-07,25,quantile,0.55,89.0
2026-02-07,wk inc flu hosp,0,2026-02-07,25,quantile,0.6,92.0
2026-02-07,wk inc flu hosp,0,2026-02-07,25,quantile,0.65,94.0
2026-02-07,wk inc flu hosp,0,2026-02-07,25,quantile,0.7,96.0
2026-02-07,wk inc flu hosp,0,2026-02-07,25,quantile,0.75,98.0
2026-02-07,wk inc flu hosp,0,2026-02-07,25,quantile,0.8,101.0
2026-02-07,wk inc flu hosp,0,2026-02-07,25,quantile,0.85,105.0
2026-02-07,wk inc flu hosp,0,2026-02-07,25,quantile,0.9,112.0
2026-02-07,wk inc flu hosp,0,2026-02-07,25,quantile,0.95,120.0
2026-02-07,wk inc flu hosp,0,2026-02-07,25,quantile,0.975,125.0
2026-02-07,wk inc flu hosp,0,2026-02-07,25,quantile,0.99,130.0
2026-02-07,wk inc flu hosp,0,2026-02-07,26,quantile,0.01,79.0
2026-02-07,wk inc flu hosp,0,2026-02-07,26,quantile,0.025,106.0
2026-02-07,wk inc flu hosp,0,2026-02-07,26,quantile,0.05,130.0
2026-02-07,wk inc flu hosp,0,2026-02-07,26,quantile,0.1,153.0
2026-02-07,wk inc flu hosp,0,2026-02-07,26,quantile,0.15,169.0
2026-02-07,wk inc flu hosp,0,2026-02-07,26,quantile,0.2,180.0
2026-02-07,wk inc flu hosp,0,2026-02-07,26,quantile,0.25,193.0
2026-02-07,wk inc flu hosp,0,2026-02-07,26,quantile,0.3,204.0
2026-02-07,wk inc flu hosp,0,2026-02-07,26,quantile,0.35,214.0
2026-02-07,wk inc flu hosp,0,2026-02-07,26,quantile,0.4,222.0
2026-02-07,wk inc flu hosp,0,2026-02-07,26,quantile,0.45,228.0
2026-02-07,wk inc flu hosp,0,2026-02-07,26,quantile,0.5,232.0
2026-02-07,wk inc flu hosp,0,2026-02-07,26,quantile,0.55,236.0
2026-02-07,wk inc flu hosp,0,2026-02-07,26,quantile,0.6,241.0
2026-02-07,wk inc flu hosp,0,2026-02-07,26,quantile,0.65,246.0
2026-02-07,wk inc flu hosp,0,2026-02-07,26,quantile,0.7,250.0
2026-02-07,wk inc flu hosp,0,2026-02-07,26,quantile,0.75,257.0
2026-02-07,wk inc flu hosp,0,2026-02-07,26,quantile,0.8,262.0
2026-02-07,wk inc flu hosp,0,2026-02-07,26,quantile,0.85,268.0
2026-02-07,wk inc flu hosp,0,2026-02-07,26,quantile,0.9,278.0
2026-02-07,wk inc flu hosp,0,2026-02-07,26,quantile,0.95,292.0
2026-02-07,wk inc flu hosp,0,2026-02-07,26,quantile,0.975,303.0
2026-02-07,wk inc flu hosp,0,2026-02-07,26,quantile,0.99,317.0
2026-02-07,wk inc flu hosp,0,2026-02-07,27,quantile,0.01,12.0
2026-02-07,wk inc flu hosp,0,2026-02-07,27,quantile,0.025,25.0
2026-02-07,wk inc flu hosp,0,2026-02-07,27,quantile,0.05,43.0
2026-02-07,wk inc flu hosp,0,2026-02-07,27,quantile,0.1,73.0
2026-02-07,wk inc flu hosp,0,2026-02-07,27,quantile,0.15,87.0
2026-02-07,wk inc flu hosp,0,2026-02-07,27,quantile,0.2,96.0
2026-02-07,wk inc flu hosp,0,2026-02-07,27,quantile,0.25,103.0
2026-02-07,wk inc flu hosp,0,2026-02-07,27,quantile,0.3,111.0
2026-02-07,wk inc flu hosp,0,2026-02-07,27,quantile,0.35,117.0
2026-02-07,wk inc flu hosp,0,2026-02-07,27,quantile,0.4,124.0
2026-02-07,wk inc flu hosp,0,2026-02-07,27,quantile,0.45,133.0
2026-02-07,wk inc flu hosp,0,2026-02-07,27,quantile,0.5,138.0
2026-02-07,wk inc flu hosp,0,2026-02-07,27,quantile,0.55,142.0
2026-02-07,wk inc flu hosp,0,2026-02-07,27,quantile,0.6,148.0
2026-02-07,wk inc flu hosp,0,2026-02-07,27,quantile,0.65,153.0
2026-02-07,wk inc flu hosp,0,2026-02-07,27,quantile,0.7,157.0
2026-02-07,wk inc flu hosp,0,2026-02-07,27,quantile,0.75,163.0
2026-02-07,wk inc flu hosp,0,2026-02-07,27,quantile,0.8,169.0
2026-02-07,wk inc flu hosp,0,2026-02-07,27,quantile,0.85,175.0
2026-02-07,wk inc flu hosp,0,2026-02-07,27,quantile,0.9,186.0
2026-02-07,wk inc flu hosp,0,2026-02-07,27,quantile,0.95,200.0
2026-02-07,wk inc flu hosp,0,2026-02-07,27,quantile,0.975,210.0
2026-02-07,wk inc flu hosp,0,2026-02-07,27,quantile,0.99,230.0
2026-02-07,wk inc flu hosp,0,2026-02-07,28,quantile,0.01,25.0
2026-02-07,wk inc flu hosp,0,2026-02-07,28,quantile,0.025,42.0
2026-02-07,wk inc flu hosp,0,2026-02-07,28,quantile,0.05,55.0
2026-02-07,wk inc flu hosp,0,2026-02-07,28,quantile,0.1,72.0
2026-02-07,wk inc flu hosp,0,2026-02-07,28,quantile,0.15,81.0
2026-02-07,wk inc flu hosp,0,2026-02-07,28,quantile,0.2,89.0
2026-02-07,wk inc flu hosp,0,2026-02-07,28,quantile,0.25,96.0
2026-02-07,wk inc flu hosp,0,2026-02-07,28,quantile,0.3,99.0
2026-02-07,wk inc flu hosp,0,2026-02-07,28,quantile,0.35,102.0
2026-02-07,wk inc flu hosp,0,2026-02-07,28,quantile,0.4,104.0
2026-02-07,wk inc flu hosp,0,2026-02-07,28,quantile,0.45,107.0
2026-02-07,wk inc flu hosp,0,2026-02-07,28,quantile,0.5,109.0
2026-02-07,wk inc flu hosp,0,2026-02-07,28,quantile,0.55,112.0
2026-02-07,wk inc flu hosp,0,2026-02-07,28,quantile,0.6,115.0
2026-02-07,wk inc flu hosp,0,2026-02-07,28,quantile,0.65,118.0
2026-02-07,wk inc flu hosp,0,2026-02-07,28,quantile,0.7,121.0
2026-02-07,wk inc flu hosp,0,2026-02-07,28,quantile,0.75,125.0
2026-02-07,wk inc flu hosp,0,2026-02-07,28,quantile,0.8,129.0
2026-02-07,wk inc flu hosp,0,2026-02-07,28,quantile,0.85,134.0
2026-02-07,wk inc flu hosp,0,2026-02-07,28,quantile,0.9,141.0
2026-02-07,wk inc flu hosp,0,2026-02-07,28,quantile,0.95,152.0
2026-02-07,wk inc flu hosp,0,2026-02-07,28,quantile,0.975,160.0
2026-02-07,wk inc flu hosp,0,2026-02-07,28,quantile,0.99,171.0
2026-02-07,wk inc flu hosp,0,2026-02-07,30,quantile,0.01,4.0
2026-02-07,wk inc flu hosp,0,2026-02-07,30,quantile,0.025,7.0
2026-02-07,wk inc flu hosp,0,2026-02-07,30,quantile,0.05,9.0
2026-02-07,wk inc flu hosp,0,2026-02-07,30,quantile,0.1,10.0
2026-02-07,wk inc flu hosp,0,2026-02-07,30,quantile,0.15,15.0
2026-02-07,wk inc flu hosp,0,2026-02-07,30,quantile,0.2,18.0
2026-02-07,wk inc flu hosp,0,2026-02-07,30,quantile,0.25,21.0
2026-02-07,wk inc flu hosp,0,2026-02-07,30,quantile,0.3,24.0
2026-02-07,wk inc flu hosp,0,2026-02-07,30,quantile,0.35,26.0
2026-02-07,wk inc flu hosp,0,2026-02-07,30,quantile,0.4,29.0
2026-02-07,wk inc flu hosp,0,2026-02-07,30,quantile,0.45,30.0
2026-02-07,wk inc flu hosp,0,2026-02-07,30,quantile,0.5,33.0
2026-02-07,wk inc flu hosp,0,2026-02-07,30,quantile,0.55,33.0
2026-02-07,wk inc flu hosp,0,2026-02-07,30,quantile,0.6,34.0
2026-02-07,wk inc flu hosp,0,2026-02-07,30,quantile,0.65,35.0
2026-02-07,wk inc flu hosp,0,2026-02-07,30,quantile,0.7,36.0
2026-02-07,wk inc flu hosp,0,2026-02-07,30,quantile,0.75,38.0
2026-02-07,wk inc flu hosp,0,2026-02-07,30,quantile,0.8,39.0
2026-02-07,wk inc flu hosp,0,2026-02-07,30,quantile,0.85,40.0
2026-02-07,wk inc flu hosp,0,2026-02-07,30,quantile,0.9,42.0
2026-02-07,wk inc flu hosp,0,2026-02-07,30,quantile,0.95,46.0
2026-02-07,wk inc flu hosp,0,2026-02-07,30,quantile,0.975,48.0
2026-02-07,wk inc flu hosp,0,2026-02-07,30,quantile,0.99,51.0
2026-02-07,wk inc flu hosp,0,2026-02-07,31,quantile,0.01,0.0
2026-02-07,wk inc flu hosp,0,2026-02-07,31,quantile,0.025,0.0
2026-02-07,wk inc flu hosp,0,2026-02-07,31,quantile,0.05,3.0
2026-02-07,wk inc flu hosp,0,2026-02-07,31,quantile,0.1,8.0
2026-02-07,wk inc flu hosp,0,2026-02-07,31,quantile,0.15,12.0
2026-02-07,wk inc flu hosp,0,2026-02-07,31,quantile,0.2,20.0
2026-02-07,wk inc flu hosp,0,2026-02-07,31,quantile,0.25,29.0
2026-02-07,wk inc flu hosp,0,2026-02-07,31,quantile,0.3,38.0
2026-02-07,wk inc flu hosp,0,2026-02-07,31,quantile,0.35,46.0
2026-02-07,wk inc flu hosp,0,2026-02-07,31,quantile,0.4,52.0
2026-02-07,wk inc flu hosp,0,2026-02-07,31,quantile,0.45,59.0
2026-02-07,wk inc flu hosp,0,2026-02-07,31,quantile,0.5,62.0
2026-02-07,wk inc flu hosp,0,2026-02-07,31,quantile,0.55,64.0
2026-02-07,wk inc flu hosp,0,2026-02-07,31,quantile,0.6,67.0
2026-02-07,wk inc flu hosp,0,2026-02-07,31,quantile,0.65,69.0
2026-02-07,wk inc flu hosp,0,2026-02-07,31,quantile,0.7,71.0
2026-02-07,wk inc flu hosp,0,2026-02-07,31,quantile,0.75,75.0
2026-02-07,wk inc flu hosp,0,2026-02-07,31,quantile,0.8,78.0
2026-02-07,wk inc flu hosp,0,2026-02-07,31,quantile,0.85,81.0
2026-02-07,wk inc flu hosp,0,2026-02-07,31,quantile,0.9,87.0
2026-02-07,wk inc flu hosp,0,2026-02-07,31,quantile,0.95,95.0
2026-02-07,wk inc flu hosp,0,2026-02-07,31,quantile,0.975,100.0
2026-02-07,wk inc flu hosp,0,2026-02-07,31,quantile,0.99,109.0
2026-02-07,wk inc flu hosp,0,2026-02-07,32,quantile,0.01,12.0
2026-02-07,wk inc flu hosp,0,2026-02-07,32,quantile,0.025,20.0
2026-02-07,wk inc flu hosp,0,2026-02-07,32,quantile,0.05,27.0
2026-02-07,wk inc flu hosp,0,2026-02-07,32,quantile,0.1,34.0
2026-02-07,wk inc flu hosp,0,2026-02-07,32,quantile,0.15,39.0
2026-02-07,wk inc flu hosp,0,2026-02-07,32,quantile,0.2,44.0
2026-02-07,wk inc flu hosp,0,2026-02-07,32,quantile,0.25,47.0
2026-02-07,wk inc flu hosp,0,2026-02-07,32,quantile,0.3,50.0
2026-02-07,wk inc flu hosp,0,2026-02-07,32,quantile,0.35,53.0
2026-02-07,wk inc flu hosp,0,2026-02-07,32,quantile,0.4,55.0
2026-02-07,wk inc flu hosp,0,2026-02-07,32,quantile,0.45,58.0
2026-02-07,wk inc flu hosp,0,2026-02-07,32,quantile,0.5,59.0
2026-02-07,wk inc flu hosp,0,2026-02-07,32,quantile,0.55,60.0
2026-02-07,wk inc flu hosp,0,2026-02-07,32,quantile,0.6,61.0
2026-02-07,wk inc flu hosp,0,2026-02-07,32,quantile,0.65,62.0
2026-02-07,wk inc flu hosp,0,2026-02-07,32,quantile,0.7,63.0
2026-02-07,wk inc flu hosp,0,2026-02-07,32,quantile,0.75,65.0
2026-02-07,wk inc flu hosp,0,2026-02-07,32,quantile,0.8,67.0
2026-02-07,wk inc flu hosp,0,2026-02-07,32,quantile,0.85,68.0
2026-02-07,wk inc flu hosp,0,2026-02-07,32,quantile,0.9,70.0
2026-02-07,wk inc flu hosp,0,2026-02-07,32,quantile,0.95,74.0
2026-02-07,wk inc flu hosp,0,2026-02-07,32,quantile,0.975,76.0
2026-02-07,wk inc flu hosp,0,2026-02-07,32,quantile,0.99,78.0
2026-02-07,wk inc flu hosp,0,2026-02-07,33,quantile,0.01,13.0
2026-02-07,wk inc flu hosp,0,2026-02-07,33,quantile,0.025,14.0
2026-02-07,wk inc flu hosp,0,2026-02-07,33,quantile,0.05,18.0
2026-02-07,wk inc flu hosp,0,2026-02-07,33,quantile,0.1,23.0
2026-02-07,wk inc flu hosp,0,2026-02-07,33,quantile,0.15,26.0
2026-02-07,wk inc flu hosp,0,2026-02-07,33,quantile,0.2,29.0
2026-02-07,wk inc flu hosp,0,2026-02-07,33,quantile,0.25,32.0
2026-02-07,wk inc flu hosp,0,2026-02-07,33,quantile,0.3,34.0
2026-02-07,wk inc flu hosp,0,2026-02-07,33,quantile,0.35,36.0
2026-02-07,wk inc flu hosp,0,2026-02-07,33,quantile,0.4,38.0
2026-02-07,wk inc flu hosp,0,2026-02-07,33,quantile,0.45,39.0
2026-02-07,wk inc flu hosp,0,2026-02-07,33,quantile,0.5,41.0
2026-02-07,wk inc flu hosp,0,2026-02-07,33,quantile,0.55,42.0
2026-02-07,wk inc flu hosp,0,2026-02-07,33,quantile,0.6,43.0
2026-02-07,wk inc flu hosp,0,2026-02-07,33,quantile,0.65,43.0
2026-02-07,wk inc flu hosp,0,2026-02-07,33,quantile,0.7,44.0
2026-02-07,wk inc flu hosp,0,2026-02-07,33,quantile,0.75,45.0
2026-02-07,wk inc flu hosp,0,2026-02-07,33,quantile,0.8,46.0
2026-02-07,wk inc flu hosp,0,2026-02-07,33,quantile,0.85,47.0
2026-02-07,wk inc flu hosp,0,2026-02-07,33,quantile,0.9,48.0
2026-02-07,wk inc flu hosp,0,2026-02-07,33,quantile,0.95,50.0
2026-02-07,wk inc flu hosp,0,2026-02-07,33,quantile,0.975,51.0
2026-02-07,wk inc flu hosp,0,2026-02-07,33,quantile,0.99,53.0
2026-02-07,wk inc flu hosp,0,2026-02-07,34,quantile,0.01,0.0
2026-02-07,wk inc flu hosp,0,2026-02-07,34,quantile,0.025,11.0
2026-02-07,wk inc flu hosp,0,2026-02-07,34,quantile,0.05,31.0
2026-02-07,wk inc flu hosp,0,2026-02-07,34,quantile,0.1,59.0
2026-02-07,wk inc flu hosp,0,2026-02-07,34,quantile,0.15,78.0
2026-02-07,wk inc flu hosp,0,2026-02-07,34,quantile,0.2,93.0
2026-02-07,wk inc flu hosp,0,2026-02-07,34,quantile,0.25,100.0
2026-02-07,wk inc flu hosp,0,2026-02-07,34,quantile,0.3,105.0
2026-02-07,wk inc flu hosp,0,2026-02-07,34,quantile,0.35,110.0
2026-02-07,wk inc flu hosp,0,2026-02-07,34,quantile,0.4,114.0
2026-02-07,wk inc flu hosp,0,2026-02-07,34,quantile,0.45,119.0
2026-02-07,wk inc flu hosp,0,2026-02-07,34,quantile,0.5,124.0
2026-02-07,wk inc flu hosp,0,2026-02-07,34,quantile,0.55,129.0
2026-02-07,wk inc flu hosp,0,2026-02-07,34,quantile,0.6,135.0
2026-02-07,wk inc flu hosp,0,2026-02-07,34,quantile,0.65,142.0
2026-02-07,wk inc flu hosp,0,2026-02-07,34,quantile,0.7,147.0
2026-02-07,wk inc flu hosp,0,2026-02-07,34,quantile,0.75,153.0
2026-02-07,wk inc flu hosp,0,2026-02-07,34,quantile,0.8,158.0
2026-02-07,wk inc flu hosp,0,2026-02-07,34,quantile,0.85,163.0
2026-02-07,wk inc flu hosp,0,2026-02-07,34,quantile,0.9,171.0
2026-02-07,wk inc flu hosp,0,2026-02-07,34,quantile,0.95,185.0
2026-02-07,wk inc flu hosp,0,2026-02-07,34,quantile,0.975,201.0
2026-02-07,wk inc flu hosp,0,2026-02-07,34,quantile,0.99,215.0
2026-02-07,wk inc flu hosp,0,2026-02-07,35,quantile,0.01,11.0
2026-02-07,wk inc flu hosp,0,2026-02-07,35,quantile,0.025,16.0
2026-02-07,wk inc flu hosp,0,2026-02-07,35,quantile,0.05,21.0
2026-02-07,wk inc flu hosp,0,2026-02-07,35,quantile,0.1,27.0
2026-02-07,wk inc flu hosp,0,2026-02-07,35,quantile,0.15,32.0
2026-02-07,wk inc flu hosp,0,2026-02-07,35,quantile,0.2,35.0
2026-02-07,wk inc flu hosp,0,2026-02-07,35,quantile,0.25,38.0
2026-02-07,wk inc flu hosp,0,2026-02-07,35,quantile,0.3,39.0
2026-02-07,wk inc flu hosp,0,2026-02-07,35,quantile,0.35,40.0
2026-02-07,wk inc flu hosp,0,2026-02-07,35,quantile,0.4,41.0
2026-02-07,wk inc flu hosp,0,2026-02-07,35,quantile,0.45,42.0
2026-02-07,wk inc flu hosp,0,2026-02-07,35,quantile,0.5,43.0
2026-02-07,wk inc flu hosp,0,2026-02-07,35,quantile,0.55,44.0
2026-02-07,wk inc flu hosp,0,2026-02-07,35,quantile,0.6,45.0
2026-02-07,wk inc flu hosp,0,2026-02-07,35,quantile,0.65,46.0
2026-02-07,wk inc flu hosp,0,2026-02-07,35,quantile,0.7,47.0
2026-02-07,wk inc flu hosp,0,2026-02-07,35,quantile,0.75,48.0
2026-02-07,wk inc flu hosp,0,2026-02-07,35,quantile,0.8,50.0
2026-02-07,wk inc flu hosp,0,2026-02-07,35,quantile,0.85,51.0
2026-02-07,wk inc flu hosp,0,2026-02-07,35,quantile,0.9,53.0
2026-02-07,wk inc flu hosp,0,2026-02-07,35,quantile,0.95,57.0
2026-02-07,wk inc flu hosp,0,2026-02-07,35,quantile,0.975,60.0
2026-02-07,wk inc flu hosp,0,2026-02-07,35,quantile,0.99,63.0
2026-02-07,wk inc flu hosp,0,2026-02-07,36,quantile,0.01,0.0
2026-02-07,wk inc flu hosp,0,2026-02-07,36,quantile,0.025,12.0
2026-02-07,wk inc flu hosp,0,2026-02-07,36,quantile,0.05,19.0
2026-02-07,wk inc flu hosp,0,2026-02-07,36,quantile,0.1,37.0
2026-02-07,wk inc flu hosp,0,2026-02-07,36,quantile,0.15,52.0
2026-02-07,wk inc flu hosp,0,2026-02-07,36,quantile,0.2,62.0
2026-02-07,wk inc flu hosp,0,2026-02-07,36,quantile,0.25,67.0
2026-02-07,wk inc flu hosp,0,2026-02-07,36,quantile,0.3,73.0
2026-02-07,wk inc flu hosp,0,2026-02-07,36,quantile,0.35,77.0
2026-02-07,wk inc flu hosp,0,2026-02-07,36,quantile,0.4,81.0
2026-02-07,wk inc flu hosp,0,2026-02-07,36,quantile,0.45,85.0
2026-02-07,wk inc flu hosp,0,2026-02-07,36,quantile,0.5,89.0
2026-02-07,wk inc flu hosp,0,2026-02-07,36,quantile,0.55,92.0
2026-02-07,wk inc flu hosp,0,2026-02-07,36,quantile,0.6,97.0
2026-02-07,wk inc flu hosp,0,2026-02-07,36,quantile,0.65,102.0
2026-02-07,wk inc flu hosp,0,2026-02-07,36,quantile,0.7,105.0
2026-02-07,wk inc flu hosp,0,2026-02-07,36,quantile,0.75,111.0
2026-02-07,wk inc flu hosp,0,2026-02-07,36,quantile,0.8,117.0
2026-02-07,wk inc flu hosp,0,2026-02-07,36,quantile,0.85,123.0
2026-02-07,wk inc flu hosp,0,2026-02-07,36,quantile,0.9,133.0
2026-02-07,wk inc flu hosp,0,2026-02-07,36,quantile,0.95,148.0
2026-02-07,wk inc flu hosp,0,2026-02-07,36,quantile,0.975,160.0
2026-02-07,wk inc flu hosp,0,2026-02-07,36,quantile,0.99,177.0
2026-02-07,wk inc flu hosp,0,2026-02-07,37,quantile,0.01,47.0
2026-02-07,wk inc flu hosp,0,2026-02-07,37,quantile,0.025,87.0
2026-02-07,wk inc flu hosp,0,2026-02-07,37,quantile,0.05,144.0
2026-02-07,wk inc flu hosp,0,2026-02-07,37,quantile,0.1,199.0
2026-02-07,wk inc flu hosp,0,2026-02-07,37,quantile,0.15,247.0
2026-02-07,wk inc flu hosp,0,2026-02-07,37,quantile,0.2,282.0
2026-02-07,wk inc flu hosp,0,2026-02-07,37,quantile,0.25,306.0
2026-02-07,wk inc flu hosp,0,2026-02-07,37,quantile,0.3,333.0
2026-02-07,wk inc flu hosp,0,2026-02-07,37,quantile,0.35,344.0
2026-02-07,wk inc flu hosp,0,2026-02-07,37,quantile,0.4,351.0
2026-02-07,wk inc flu hosp,0,2026-02-07,37,quantile,0.45,359.0
2026-02-07,wk inc flu hosp,0,2026-02-07,37,quantile,0.5,368.0
2026-02-07,wk inc flu hosp,0,2026-02-07,37,quantile,0.55,375.0
2026-02-07,wk inc flu hosp,0,2026-02-07,37,quantile,0.6,384.0
2026-02-07,wk inc flu hosp,0,2026-02-07,37,quantile,0.65,392.0
2026-02-07,wk inc flu hosp,0,2026-02-07,37,quantile,0.7,399.0
2026-02-07,wk inc flu hosp,0,2026-02-07,37,quantile,0.75,410.0
2026-02-07,wk inc flu hosp,0,2026-02-07,37,quantile,0.8,422.0
2026-02-07,wk inc flu hosp,0,2026-02-07,37,quantile,0.85,433.0
2026-02-07,wk inc flu hosp,0,2026-02-07,37,quantile,0.9,452.0
2026-02-07,wk inc flu hosp,0,2026-02-07,37,quantile,0.95,483.0
2026-02-07,wk inc flu hosp,0,2026-02-07,37,quantile,0.975,505.0
2026-02-07,wk inc flu hosp,0,2026-02-07,37,quantile,0.99,552.0
2026-02-07,wk inc flu hosp,0,2026-02-07,38,quantile,0.01,3.0
2026-02-07,wk inc flu hosp,0,2026-02-07,38,quantile,0.025,5.0
2026-02-07,wk inc flu hosp,0,2026-02-07,38,quantile,0.05,6.0
2026-02-07,wk inc flu hosp,0,2026-02-07,38,quantile,0.1,9.0
2026-02-07,wk inc flu hosp,0,2026-02-07,38,quantile,0.15,13.0
2026-02-07,wk inc flu hosp,0,2026-02-07,38,quantile,0.2,15.0
2026-02-07,wk inc flu hosp,0,2026-02-07,38,quantile,0.25,17.0
2026-02-07,wk inc flu hosp,0,2026-02-07,38,quantile,0.3,18.0
2026-02-07,wk inc flu hosp,0,2026-02-07,38,quantile,0.35,19.0
2026-02-07,wk inc flu hosp,0,2026-02-07,38,quantile,0.4,20.0
2026-02-07,wk inc flu hosp,0,2026-02-07,38,quantile,0.45,21.0
2026-02-07,wk inc flu hosp,0,2026-02-07,38,quantile,0.5,21.0
2026-02-07,wk inc flu hosp,0,2026-02-07,38,quantile,0.55,22.0
2026-02-07,wk inc flu hosp,0,2026-02-07,38,quantile,0.6,22.0
2026-02-07,wk inc flu hosp,0,2026-02-07,38,quantile,0.65,23.0
2026-02-07,wk inc flu hosp,0,2026-02-07,38,quantile,0.7,24.0
2026-02-07,wk inc flu hosp,0,2026-02-07,38,quantile,0.75,24.0
2026-02-07,wk inc flu hosp,0,2026-02-07,38,quantile,0.8,25.0
2026-02-07,wk inc flu hosp,0,2026-02-07,38,quantile,0.85,26.0
2026-02-07,wk inc flu hosp,0,2026-02-07,38,quantile,0.9,28.0
2026-02-07,wk inc flu hosp,0,2026-02-07,38,quantile,0.95,30.0
2026-02-07,wk inc flu hosp,0,2026-02-07,38,quantile,0.975,32.0
2026-02-07,wk inc flu hosp,0,2026-02-07,38,quantile,0.99,33.0
2026-02-07,wk inc flu hosp,0,2026-02-07,39,quantile,0.01,137.0
2026-02-07,wk inc flu hosp,0,2026-02-07,39,quantile,0.025,185.0
2026-02-07,wk inc flu hosp,0,2026-02-07,39,quantile,0.05,224.0
2026-02-07,wk inc flu hosp,0,2026-02-07,39,quantile,0.1,270.0
2026-02-07,wk inc flu hosp,0,2026-02-07,39,quantile,0.15,301.0
2026-02-07,wk inc flu hosp,0,2026-02-07,39,quantile,0.2,325.0
2026-02-07,wk inc flu hosp,0,2026-02-07,39,quantile,0.25,344.0
2026-02-07,wk inc flu hosp,0,2026-02-07,39,quantile,0.3,359.0
2026-02-07,wk inc flu hosp,0,2026-02-07,39,quantile,0.35,373.0
2026-02-07,wk inc flu hosp,0,2026-02-07,39,quantile,0.4,385.0
2026-02-07,wk inc flu hosp,0,2026-02-07,39,quantile,0.45,389.0
2026-02-07,wk inc flu hosp,0,2026-02-07,39,quantile,0.5,393.0
2026-02-07,wk inc flu hosp,0,2026-02-07,39,quantile,0.55,397.0
2026-02-07,wk inc flu hosp,0,2026-02-07,39,quantile,0.6,402.0
2026-02-07,wk inc flu hosp,0,2026-02-07,39,quantile,0.65,406.0
2026-02-07,wk inc flu hosp,0,2026-02-07,39,quantile,0.7,410.0
2026-02-07,wk inc flu hosp,0,2026-02-07,39,quantile,0.75,416.0
2026-02-07,wk inc flu hosp,0,2026-02-07,39,quantile,0.8,422.0
2026-02-07,wk inc flu hosp,0,2026-02-07,39,quantile,0.85,427.0
2026-02-07,wk inc flu hosp,0,2026-02-07,39,quantile,0.9,436.0
2026-02-07,wk inc flu hosp,0,2026-02-07,39,quantile,0.95,451.0
2026-02-07,wk inc flu hosp,0,2026-02-07,39,quantile,0.975,481.0
2026-02-07,wk inc flu hosp,0,2026-02-07,39,quantile,0.99,514.0
2026-02-07,wk inc flu hosp,0,2026-02-07,40,quantile,0.01,28.0
2026-02-07,wk inc flu hosp,0,2026-02-07,40,quantile,0.025,35.0
2026-02-07,wk inc flu hosp,0,2026-02-07,40,quantile,0.05,56.0
2026-02-07,wk inc flu hosp,0,2026-02-07,40,quantile,0.1,81.0
2026-02-07,wk inc flu hosp,0,2026-02-07,40,quantile,0.15,100.0
2026-02-07,wk inc flu hosp,0,2026-02-07,40,quantile,0.2,116.0
2026-02-07,wk inc flu hosp,0,2026-02-07,40,quantile,0.25,128.0
2026-02-07,wk inc flu hosp,0,2026-02-07,40,quantile,0.3,138.0
2026-02-07,wk inc flu hosp,0,2026-02-07,40,quantile,0.35,142.0
2026-02-07,wk inc flu hosp,0,2026-02-07,40,quantile,0.4,145.0
2026-02-07,wk inc flu hosp,0,2026-02-07,40,quantile,0.45,150.0
2026-02-07,wk inc flu hosp,0,2026-02-07,40,quantile,0.5,153.0
2026-02-07,wk inc flu hosp,0,2026-02-07,40,quantile,0.55,156.0
2026-02-07,wk inc flu hosp,0,2026-02-07,40,quantile,0.6,160.0
2026-02-07,wk inc flu hosp,0,2026-02-07,40,quantile,0.65,165.0
2026-02-07,wk inc flu hosp,0,2026-02-07,40,quantile,0.7,169.0
2026-02-07,wk inc flu hosp,0,2026-02-07,40,quantile,0.75,173.0
2026-02-07,wk inc flu hosp,0,2026-02-07,40,quantile,0.8,176.0
2026-02-07,wk inc flu hosp,0,2026-02-07,40,quantile,0.85,179.0
2026-02-07,wk inc flu hosp,0,2026-02-07,40,quantile,0.9,184.0
2026-02-07,wk inc flu hosp,0,2026-02-07,40,quantile,0.95,193.0
2026-02-07,wk inc flu hosp,0,2026-02-07,40,quantile,0.975,199.0
2026-02-07,wk inc flu hosp,0,2026-02-07,40,quantile,0.99,205.0
2026-02-07,wk inc flu hosp,0,2026-02-07,41,quantile,0.01,171.0
2026-02-07,wk inc flu hosp,0,2026-02-07,41,quantile,0.025,192.0
2026-02-07,wk inc flu hosp,0,2026-02-07,41,quantile,0.05,210.0
2026-02-07,wk inc flu hosp,0,2026-02-07,41,quantile,0.1,224.0
2026-02-07,wk inc flu hosp,0,2026-02-07,41,quantile,0.15,234.0
2026-02-07,wk inc flu hosp,0,2026-02-07,41,quantile,0.2,241.0
2026-02-07,wk inc flu hosp,0,2026-02-07,41,quantile,0.25,246.0
2026-02-07,wk inc flu hosp,0,2026-02-07,41,quantile,0.3,251.0
2026-02-07,wk inc flu hosp,0,2026-02-07,41,quantile,0.35,256.0
2026-02-07,wk inc flu hosp,0,2026-02-07,41,quantile,0.4,261.0
2026-02-07,wk inc flu hosp,0,2026-02-07,41,quantile,0.45,267.0
2026-02-07,wk inc flu hosp,0,2026-02-07,41,quantile,0.5,273.0
2026-02-07,wk inc flu hosp,0,2026-02-07,41,quantile,0.55,278.0
2026-02-07,wk inc flu hosp,0,2026-02-07,41,quantile,0.6,284.0
2026-02-07,wk inc flu hosp,0,2026-02-07,41,quantile,0.65,290.0
2026-02-07,wk inc flu hosp,0,2026-02-07,41,quantile,0.7,296.0
2026-02-07,wk inc flu hosp,0,2026-02-07,41,quantile,0.75,303.0
2026-02-07,wk inc flu hosp,0,2026-02-07,41,quantile,0.8,310.0
2026-02-07,wk inc flu hosp,0,2026-02-07,41,quantile,0.85,314.0
2026-02-07,wk inc flu hosp,0,2026-02-07,41,quantile,0.9,319.0
2026-02-07,wk inc flu hosp,0,2026-02-07,41,quantile,0.95,330.0
2026-02-07,wk inc flu hosp,0,2026-02-07,41,quantile,0.975,340.0
2026-02-07,wk inc flu hosp,0,2026-02-07,41,quantile,0.99,348.0
2026-02-07,wk inc flu hosp,0,2026-02-07,42,quantile,0.01,24.0
2026-02-07,wk inc flu hosp,0,2026-02-07,42,quantile,0.025,40.0
2026-02-07,wk inc flu hosp,0,2026-02-07,42,quantile,0.05,54.0
2026-02-07,wk inc flu hosp,0,2026-02-07,42,quantile,0.1,104.0
2026-02-07,wk inc flu hosp,0,2026-02-07,42,quantile,0.15,142.0
2026-02-07,wk inc flu hosp,0,2026-02-07,42,quantile,0.2,168.0
2026-02-07,wk inc flu hosp,0,2026-02-07,42,quantile,0.25,179.0
2026-02-07,wk inc flu hosp,0,2026-02-07,42,quantile,0.3,189.0
2026-02-07,wk inc flu hosp,0,2026-02-07,42,quantile,0.35,199.0
2026-02-07,wk inc flu hosp,0,2026-02-07,42,quantile,0.4,208.0
2026-02-07,wk inc flu hosp,0,2026-02-07,42,quantile,0.45,219.0
2026-02-07,wk inc flu hosp,0,2026-02-07,42,quantile,0.5,231.0
2026-02-07,wk inc flu hosp,0,2026-02-07,42,quantile,0.55,242.0
2026-02-07,wk inc flu hosp,0,2026-02-07,42,quantile,0.6,253.0
2026-02-07,wk inc flu hosp,0,2026-02-07,42,quantile,0.65,265.0
2026-02-07,wk inc flu hosp,0,2026-02-07,42,quantile,0.7,274.0
2026-02-07,wk inc flu hosp,0,2026-02-07,42,quantile,0.75,285.0
2026-02-07,wk inc flu hosp,0,2026-02-07,42,quantile,0.8,298.0
2026-02-07,wk inc flu hosp,0,2026-02-07,42,quantile,0.85,310.0
2026-02-07,wk inc flu hosp,0,2026-02-07,42,quantile,0.9,329.0
2026-02-07,wk inc flu hosp,0,2026-02-07,42,quantile,0.95,363.0
2026-02-07,wk inc flu hosp,0,2026-02-07,42,quantile,0.975,391.0
2026-02-07,wk inc flu hosp,0,2026-02-07,42,quantile,0.99,430.0
2026-02-07,wk inc flu hosp,0,2026-02-07,44,quantile,0.01,0.0
2026-02-07,wk inc flu hosp,0,2026-02-07,44,quantile,0.025,0.0
2026-02-07,wk inc flu hosp,0,2026-02-07,44,quantile,0.05,0.0
2026-02-07,wk inc flu hosp,0,2026-02-07,44,quantile,0.1,1.0
2026-02-07,wk inc flu hosp,0,2026-02-07,44,quantile,0.15,3.0
2026-02-07,wk inc flu hosp,0,2026-02-07,44,quantile,0.2,4.0
2026-02-07,wk inc flu hosp,0,2026-02-07,44,quantile,0.25,4.0
2026-02-07,wk inc flu hosp,0,2026-02-07,44,quantile,0.3,5.0
2026-02-07,wk inc flu hosp,0,2026-02-07,44,quantile,0.35,5.0
2026-02-07,wk inc flu hosp,0,2026-02-07,44,quantile,0.4,5.0
2026-02-07,wk inc flu hosp,0,2026-02-07,44,quantile,0.45,5.0
2026-02-07,wk inc flu hosp,0,2026-02-07,44,quantile,0.5,5.0
2026-02-07,wk inc flu hosp,0,2026-02-07,44,quantile,0.55,6.0
2026-02-07,wk inc flu hosp,0,2026-02-07,44,quantile,0.6,6.0
2026-02-07,wk inc flu hosp,0,2026-02-07,44,quantile,0.65,6.0
2026-02-07,wk inc flu hosp,0,2026-02-07,44,quantile,0.7,7.0
2026-02-07,wk inc flu hosp,0,2026-02-07,44,quantile,0.75,7.0
2026-02-07,wk inc flu hosp,0,2026-02-07,44,quantile,0.8,8.0
2026-02-07,wk inc flu hosp,0,2026-02-07,44,quantile,0.85,8.0
2026-02-07,wk inc flu hosp,0,2026-02-07,44,quantile,0.9,9.0
2026-02-07,wk inc flu hosp,0,2026-02-07,44,quantile,0.95,10.0
2026-02-07,wk inc flu hosp,0,2026-02-07,44,quantile,0.975,10.0
2026-02-07,wk inc flu hosp,0,2026-02-07,44,quantile,0.99,11.0
2026-02-07,wk inc flu hosp,0,2026-02-07,45,quantile,0.01,32.0
2026-02-07,wk inc flu hosp,0,2026-02-07,45,quantile,0.025,46.0
2026-02-07,wk inc flu hosp,0,2026-02-07,45,quantile,0.05,69.0
2026-02-07,wk inc flu hosp,0,2026-02-07,45,quantile,0.1,95.0
2026-02-07,wk inc flu hosp,0,2026-02-07,45,quantile,0.15,110.0
2026-02-07,wk inc flu hosp,0,2026-02-07,45,quantile,0.2,122.0
2026-02-07,wk inc flu hosp,0,2026-02-07,45,quantile,0.25,138.0
2026-02-07,wk inc flu hosp,0,2026-02-07,45,quantile,0.3,146.0
2026-02-07,wk inc flu hosp,0,2026-02-07,45,quantile,0.35,150.0
2026-02-07,wk inc flu hosp,0,2026-02-07,45,quantile,0.4,153.0
2026-02-07,wk inc flu hosp,0,2026-02-07,45,quantile,0.45,157.0
2026-02-07,wk inc flu hosp,0,2026-02-07,45,quantile,0.5,161.0
2026-02-07,wk inc flu hosp,0,2026-02-07,45,quantile,0.55,164.0
2026-02-07,wk inc flu hosp,0,2026-02-07,45,quantile,0.6,168.0
2026-02-07,wk inc flu hosp,0,2026-02-07,45,quantile,0.65,171.0
2026-02-07,wk inc flu hosp,0,2026-02-07,45,quantile,0.7,175.0
2026-02-07,wk inc flu hosp,0,2026-02-07,45,quantile,0.75,180.0
2026-02-07,wk inc flu hosp,0,2026-02-07,45,quantile,0.8,185.0
2026-02-07,wk inc flu hosp,0,2026-02-07,45,quantile,0.85,190.0
2026-02-07,wk inc flu hosp,0,2026-02-07,45,quantile,0.9,198.0
2026-02-07,wk inc flu hosp,0,2026-02-07,45,quantile,0.95,208.0
2026-02-07,wk inc flu hosp,0,2026-02-07,45,quantile,0.975,217.0
2026-02-07,wk inc flu hosp,0,2026-02-07,45,quantile,0.99,228.0
2026-02-07,wk inc flu hosp,0,2026-02-07,46,quantile,0.01,22.0
2026-02-07,wk inc flu hosp,0,2026-02-07,46,quantile,0.025,25.0
2026-02-07,wk inc flu hosp,0,2026-02-07,46,quantile,0.05,27.0
2026-02-07,wk inc flu hosp,0,2026-02-07,46,quantile,0.1,30.0
2026-02-07,wk inc flu hosp,0,2026-02-07,46,quantile,0.15,32.0
2026-02-07,wk inc flu hosp,0,2026-02-07,46,quantile,0.2,33.0
2026-02-07,wk inc flu hosp,0,2026-02-07,46,quantile,0.25,34.0
2026-02-07,wk inc flu hosp,0,2026-02-07,46,quantile,0.3,35.0
2026-02-07,wk inc flu hosp,0,2026-02-07,46,quantile,0.35,35.0
2026-02-07,wk inc flu hosp,0,2026-02-07,46,quantile,0.4,36.0
2026-02-07,wk inc flu hosp,0,2026-02-07,46,quantile,0.45,36.0
2026-02-07,wk inc flu hosp,0,2026-02-07,46,quantile,0.5,37.0
2026-02-07,wk inc flu hosp,0,2026-02-07,46,quantile,0.55,37.0
2026-02-07,wk inc flu hosp,0,2026-02-07,46,quantile,0.6,38.0
2026-02-07,wk inc flu hosp,0,2026-02-07,46,quantile,0.65,38.0
2026-02-07,wk inc flu hosp,0,2026-02-07,46,quantile,0.7,38.0
2026-02-07,wk inc flu hosp,0,2026-02-07,46,quantile,0.75,39.0
2026-02-07,wk inc flu hosp,0,2026-02-07,46,quantile,0.8,40.0
2026-02-07,wk inc flu hosp,0,2026-02-07,46,quantile,0.85,40.0
2026-02-07,wk inc flu hosp,0,2026-02-07,46,quantile,0.9,41.0
2026-02-07,wk inc flu hosp,0,2026-02-07,46,quantile,0.95,43.0
2026-02-07,wk inc flu hosp,0,2026-02-07,46,quantile,0.975,45.0
2026-02-07,wk inc flu hosp,0,2026-02-07,46,quantile,0.99,46.0
2026-02-07,wk inc flu hosp,0,2026-02-07,47,quantile,0.01,88.0
2026-02-07,wk inc flu hosp,0,2026-02-07,47,quantile,0.025,115.0
2026-02-07,wk inc flu hosp,0,2026-02-07,47,quantile,0.05,140.0
2026-02-07,wk inc flu hosp,0,2026-02-07,47,quantile,0.1,170.0
2026-02-07,wk inc flu hosp,0,2026-02-07,47,quantile,0.15,193.0
2026-02-07,wk inc flu hosp,0,2026-02-07,47,quantile,0.2,211.0
2026-02-07,wk inc flu hosp,0,2026-02-07,47,quantile,0.25,224.0
2026-02-07,wk inc flu hosp,0,2026-02-07,47,quantile,0.3,236.0
2026-02-07,wk inc flu hosp,0,2026-02-07,47,quantile,0.35,249.0
2026-02-07,wk inc flu hosp,0,2026-02-07,47,quantile,0.4,257.0
2026-02-07,wk inc flu hosp,0,2026-02-07,47,quantile,0.45,267.0
2026-02-07,wk inc flu hosp,0,2026-02-07,47,quantile,0.5,275.0
2026-02-07,wk inc flu hosp,0,2026-02-07,47,quantile,0.55,285.0
2026-02-07,wk inc flu hosp,0,2026-02-07,47,quantile,0.6,297.0
2026-02-07,wk inc flu hosp,0,2026-02-07,47,quantile,0.65,307.0
2026-02-07,wk inc flu hosp,0,2026-02-07,47,quantile,0.7,316.0
2026-02-07,wk inc flu hosp,0,2026-02-07,47,quantile,0.75,324.0
2026-02-07,wk inc flu hosp,0,2026-02-07,47,quantile,0.8,332.0
2026-02-07,wk inc flu hosp,0,2026-02-07,47,quantile,0.85,340.0
2026-02-07,wk inc flu hosp,0,2026-02-07,47,quantile,0.9,352.0
2026-02-07,wk inc flu hosp,0,2026-02-07,47,quantile,0.95,368.0
2026-02-07,wk inc flu hosp,0,2026-02-07,47,quantile,0.975,381.0
2026-02-07,wk inc flu hosp,0,2026-02-07,47,quantile,0.99,398.0
2026-02-07,wk inc flu hosp,0,2026-02-07,48,quantile,0.01,212.0
2026-02-07,wk inc flu hosp,0,2026-02-07,48,quantile,0.025,353.0
2026-02-07,wk inc flu hosp,0,2026-02-07,48,quantile,0.05,494.0
2026-02-07,wk inc flu hosp,0,2026-02-07,48,quantile,0.1,642.0
2026-02-07,wk inc flu hosp,0,2026-02-07,48,quantile,0.15,759.0
2026-02-07,wk inc flu hosp,0,2026-02-07,48,quantile,0.2,848.0
2026-02-07,wk inc flu hosp,0,2026-02-07,48,quantile,0.25,920.0
2026-02-07,wk inc flu hosp,0,2026-02-07,48,quantile,0.3,988.0
2026-02-07,wk inc flu hosp,0,2026-02-07,48,quantile,0.35,1040.0
2026-02-07,wk inc flu hosp,0,2026-02-07,48,quantile,0.4,1093.0
2026-02-07,wk inc flu hosp,0,2026-02-07,48,quantile,0.45,1117.0
2026-02-07,wk inc flu hosp,0,2026-02-07,48,quantile,0.5,1136.0
2026-02-07,wk inc flu hosp,0,2026-02-07,48,quantile,0.55,1153.0
2026-02-07,wk inc flu hosp,0,2026-02-07,48,quantile,0.6,1173.0
2026-02-07,wk inc flu hosp,0,2026-02-07,48,quantile,0.65,1194.0
2026-02-07,wk inc flu hosp,0,2026-02-07,48,quantile,0.7,1215.0
2026-02-07,wk inc flu hosp,0,2026-02-07,48,quantile,0.75,1243.0
2026-02-07,wk inc flu hosp,0,2026-02-07,48,quantile,0.8,1273.0
2026-02-07,wk inc flu hosp,0,2026-02-07,48,quantile,0.85,1305.0
2026-02-07,wk inc flu hosp,0,2026-02-07,48,quantile,0.9,1354.0
2026-02-07,wk inc flu hosp,0,2026-02-07,48,quantile,0.95,1406.0
2026-02-07,wk inc flu hosp,0,2026-02-07,48,quantile,0.975,1459.0
2026-02-07,wk inc flu hosp,0,2026-02-07,48,quantile,0.99,1518.0
2026-02-07,wk inc flu hosp,0,2026-02-07,49,quantile,0.01,41.0
2026-02-07,wk inc flu hosp,0,2026-02-07,49,quantile,0.025,49.0
2026-02-07,wk inc flu hosp,0,2026-02-07,49,quantile,0.05,56.0
2026-02-07,wk inc flu hosp,0,2026-02-07,49,quantile,0.1,65.0
2026-02-07,wk inc flu hosp,0,2026-02-07,49,quantile,0.15,71.0
2026-02-07,wk inc flu hosp,0,2026-02-07,49,quantile,0.2,76.0
2026-02-07,wk inc flu hosp,0,2026-02-07,49,quantile,0.25,80.0
2026-02-07,wk inc flu hosp,0,2026-02-07,49,quantile,0.3,84.0
2026-02-07,wk inc flu hosp,0,2026-02-07,49,quantile,0.35,87.0
2026-02-07,wk inc flu hosp,0,2026-02-07,49,quantile,0.4,90.0
2026-02-07,wk inc flu hosp,0,2026-02-07,49,quantile,0.45,93.0
2026-02-07,wk inc flu hosp,0,2026-02-07,49,quantile,0.5,97.0
2026-02-07,wk inc flu hosp,0,2026-02-07,49,quantile,0.55,100.0
2026-02-07,wk inc flu hosp,0,2026-02-07,49,quantile,0.6,103.0
2026-02-07,wk inc flu hosp,0,2026-02-07,49,quantile,0.65,106.0
2026-02-07,wk inc flu hosp,0,2026-02-07,49,quantile,0.7,109.0
2026-02-07,wk inc flu hosp,0,2026-02-07,49,quantile,0.75,112.0
2026-02-07,wk inc flu hosp,0,2026-02-07,49,quantile,0.8,115.0
2026-02-07,wk inc flu hosp,0,2026-02-07,49,quantile,0.85,119.0
2026-02-07,wk inc flu hosp,0,2026-02-07,49,quantile,0.9,125.0
2026-02-07,wk inc flu hosp,0,2026-02-07,49,quantile,0.95,135.0
2026-02-07,wk inc flu hosp,0,2026-02-07,49,quantile,0.975,143.0
2026-02-07,wk inc flu hosp,0,2026-02-07,49,quantile,0.99,151.0
2026-02-07,wk inc flu hosp,0,2026-02-07,50,quantile,0.01,0.0
2026-02-07,wk inc flu hosp,0,2026-02-07,50,quantile,0.025,1.0
2026-02-07,wk inc flu hosp,0,2026-02-07,50,quantile,0.05,2.0
2026-02-07,wk inc flu hosp,0,2026-02-07,50,quantile,0.1,4.0
2026-02-07,wk inc flu hosp,0,2026-02-07,50,quantile,0.15,7.0
2026-02-07,wk inc flu hosp,0,2026-02-07,50,quantile,0.2,10.0
2026-02-07,wk inc flu hosp,0,2026-02-07,50,quantile,0.25,12.0
2026-02-07,wk inc flu hosp,0,2026-02-07,50,quantile,0.3,13.0
2026-02-07,wk inc flu hosp,0,2026-02-07,50,quantile,0.35,13.0
2026-02-07,wk inc flu hosp,0,2026-02-07,50,quantile,0.4,14.0
2026-02-07,wk inc flu hosp,0,2026-02-07,50,quantile,0.45,14.0
2026-02-07,wk inc flu hosp,0,2026-02-07,50,quantile,0.5,14.0
2026-02-07,wk inc flu hosp,0,2026-02-07,50,quantile,0.55,15.0
2026-02-07,wk inc flu hosp,0,2026-02-07,50,quantile,0.6,15.0
2026-02-07,wk inc flu hosp,0,2026-02-07,50,quantile,0.65,16.0
2026-02-07,wk inc flu hosp,0,2026-02-07,50,quantile,0.7,16.0
2026-02-07,wk inc flu hosp,0,2026-02-07,50,quantile,0.75,17.0
2026-02-07,wk inc flu hosp,0,2026-02-07,50,quantile,0.8,18.0
2026-02-07,wk inc flu hosp,0,2026-02-07,50,quantile,0.85,18.0
2026-02-07,wk inc flu hosp,0,2026-02-07,50,quantile,0.9,19.0
2026-02-07,wk inc flu hosp,0,2026-02-07,50,quantile,0.95,21.0
2026-02-07,wk inc flu hosp,0,2026-02-07,50,quantile,0.975,22.0
2026-02-07,wk inc flu hosp,0,2026-02-07,50,quantile,0.99,23.0
2026-02-07,wk inc flu hosp,0,2026-02-07,51,quantile,0.01,23.0
2026-02-07,wk inc flu hosp,0,2026-02-07,51,quantile,0.025,36.0
2026-02-07,wk inc flu hosp,0,2026-02-07,51,quantile,0.05,67.0
2026-02-07,wk inc flu hosp,0,2026-02-07,51,quantile,0.1,119.0
2026-02-07,wk inc flu hosp,0,2026-02-07,51,quantile,0.15,155.0
2026-02-07,wk inc flu hosp,0,2026-02-07,51,quantile,0.2,183.0
2026-02-07,wk inc flu hosp,0,2026-02-07,51,quantile,0.25,193.0
2026-02-07,wk inc flu hosp,0,2026-02-07,51,quantile,0.3,199.0
2026-02-07,wk inc flu hosp,0,2026-02-07,51,quantile,0.35,205.0
2026-02-07,wk inc flu hosp,0,2026-02-07,51,quantile,0.4,209.0
2026-02-07,wk inc flu hosp,0,2026-02-07,51,quantile,0.45,215.0
2026-02-07,wk inc flu hosp,0,2026-02-07,51,quantile,0.5,220.0
2026-02-07,wk inc flu hosp,0,2026-02-07,51,quantile,0.55,224.0
2026-02-07,wk inc flu hosp,0,2026-02-07,51,quantile,0.6,230.0
2026-02-07,wk inc flu hosp,0,2026-02-07,51,quantile,0.65,235.0
2026-02-07,wk inc flu hosp,0,2026-02-07,51,quantile,0.7,241.0
2026-02-07,wk inc flu hosp,0,2026-02-07,51,quantile,0.75,249.0
2026-02-07,wk inc flu hosp,0,2026-02-07,51,quantile,0.8,263.0
2026-02-07,wk inc flu hosp,0,2026-02-07,51,quantile,0.85,294.0
2026-02-07,wk inc flu hosp,0,2026-02-07,51,quantile,0.9,339.0
2026-02-07,wk inc flu hosp,0,2026-02-07,51,quantile,0.95,382.0
2026-02-07,wk inc flu hosp,0,2026-02-07,51,quantile,0.975,397.0
2026-02-07,wk inc flu hosp,0,2026-02-07,51,quantile,0.99,412.0
2026-02-07,wk inc flu hosp,0,2026-02-07,53,quantile,0.01,157.0
2026-02-07,wk inc flu hosp,0,2026-02-07,53,quantile,0.025,202.0
2026-02-07,wk inc flu hosp,0,2026-02-07,53,quantile,0.05,237.0
2026-02-07,wk inc flu hosp,0,2026-02-07,53,quantile,0.1,275.0
2026-02-07,wk inc flu hosp,0,2026-02-07,53,quantile,0.15,298.0
2026-02-07,wk inc flu hosp,0,2026-02-07,53,quantile,0.2,315.0
2026-02-07,wk inc flu hosp,0,2026-02-07,53,quantile,0.25,327.0
2026-02-07,wk inc flu hosp,0,2026-02-07,53,quantile,0.3,338.0
2026-02-07,wk inc flu hosp,0,2026-02-07,53,quantile,0.35,351.0
2026-02-07,wk inc flu hosp,0,2026-02-07,53,quantile,0.4,357.0
2026-02-07,wk inc flu hosp,0,2026-02-07,53,quantile,0.45,362.0
2026-02-07,wk inc flu hosp,0,2026-02-07,53,quantile,0.5,367.0
2026-02-07,wk inc flu hosp,0,2026-02-07,53,quantile,0.55,371.0
2026-02-07,wk inc flu hosp,0,2026-02-07,53,quantile,0.6,377.0
2026-02-07,wk inc flu hosp,0,2026-02-07,53,quantile,0.65,382.0
2026-02-07,wk inc flu hosp,0,2026-02-07,53,quantile,0.7,388.0
2026-02-07,wk inc flu hosp,0,2026-02-07,53,quantile,0.75,396.0
2026-02-07,wk inc flu hosp,0,2026-02-07,53,quantile,0.8,405.0
2026-02-07,wk inc flu hosp,0,2026-02-07,53,quantile,0.85,415.0
2026-02-07,wk inc flu hosp,0,2026-02-07,53,quantile,0.9,433.0
2026-02-07,wk inc flu hosp,0,2026-02-07,53,quantile,0.95,466.0
2026-02-07,wk inc flu hosp,0,2026-02-07,53,quantile,0.975,496.0
2026-02-07,wk inc flu hosp,0,2026-02-07,53,quantile,0.99,527.0
2026-02-07,wk inc flu hosp,0,2026-02-07,54,quantile,0.01,9.0
2026-02-07,wk inc flu hosp,0,2026-02-07,54,quantile,0.025,14.0
2026-02-07,wk inc flu hosp,0,2026-02-07,54,quantile,0.05,18.0
2026-02-07,wk inc flu hosp,0,2026-02-07,54,quantile,0.1,22.0
2026-02-07,wk inc flu hosp,0,2026-02-07,54,quantile,0.15,25.0
2026-02-07,wk inc flu hosp,0,2026-02-07,54,quantile,0.2,35.0
2026-02-07,wk inc flu hosp,0,2026-02-07,54,quantile,0.25,43.0
2026-02-07,wk inc flu hosp,0,2026-02-07,54,quantile,0.3,54.0
2026-02-07,wk inc flu hosp,0,2026-02-07,54,quantile,0.35,60.0
2026-02-07,wk inc flu hosp,0,2026-02-07,54,quantile,0.4,66.0
2026-02-07,wk inc flu hosp,0,2026-02-07,54,quantile,0.45,74.0
2026-02-07,wk inc flu hosp,0,2026-02-07,54,quantile,0.5,76.0
2026-02-07,wk inc flu hosp,0,2026-02-07,54,quantile,0.55,78.0
2026-02-07,wk inc flu hosp,0,2026-02-07,54,quantile,0.6,80.0
2026-02-07,wk inc flu hosp,0,2026-02-07,54,quantile,0.65,82.0
2026-02-07,wk inc flu hosp,0,2026-02-07,54,quantile,0.7,84.0
2026-02-07,wk inc flu hosp,0,2026-02-07,54,quantile,0.75,86.0
2026-02-07,wk inc flu hosp,0,2026-02-07,54,quantile,0.8,89.0
2026-02-07,wk inc flu hosp,0,2026-02-07,54,quantile,0.85,91.0
2026-02-07,wk inc flu hosp,0,2026-02-07,54,quantile,0.9,95.0
2026-02-07,wk inc flu hosp,0,2026-02-07,54,quantile,0.95,101.0
2026-02-07,wk inc flu hosp,0,2026-02-07,54,quantile,0.975,105.0
2026-02-07,wk inc flu hosp,0,2026-02-07,54,quantile,0.99,110.0
2026-02-07,wk inc flu hosp,0,2026-02-07,55,quantile,0.01,27.0
2026-02-07,wk inc flu hosp,0,2026-02-07,55,quantile,0.025,43.0
2026-02-07,wk inc flu hosp,0,2026-02-07,55,quantile,0.05,66.0
2026-02-07,wk inc flu hosp,0,2026-02-07,55,quantile,0.1,98.0
2026-02-07,wk inc flu hosp,0,2026-02-07,55,quantile,0.15,116.0
2026-02-07,wk inc flu hosp,0,2026-02-07,55,quantile,0.2,132.0
2026-02-07,wk inc flu hosp,0,2026-02-07,55,quantile,0.25,144.0
2026-02-07,wk inc flu hosp,0,2026-02-07,55,quantile,0.3,150.0
2026-02-07,wk inc flu hosp,0,2026-02-07,55,quantile,0.35,156.0
2026-02-07,wk inc flu hosp,0,2026-02-07,55,quantile,0.4,161.0
2026-02-07,wk inc flu hosp,0,2026-02-07,55,quantile,0.45,166.0
2026-02-07,wk inc flu hosp,0,2026-02-07,55,quantile,0.5,172.0
2026-02-07,wk inc flu hosp,0,2026-02-07,55,quantile,0.55,176.0
2026-02-07,wk inc flu hosp,0,2026-02-07,55,quantile,0.6,180.0
2026-02-07,wk inc flu hosp,0,2026-02-07,55,quantile,0.65,183.0
2026-02-07,wk inc flu hosp,0,2026-02-07,55,quantile,0.7,187.0
2026-02-07,wk inc flu hosp,0,2026-02-07,55,quantile,0.75,193.0
2026-02-07,wk inc flu hosp,0,2026-02-07,55,quantile,0.8,199.0
2026-02-07,wk inc flu hosp,0,2026-02-07,55,quantile,0.85,205.0
2026-02-07,wk inc flu hosp,0,2026-02-07,55,quantile,0.9,214.0
2026-02-07,wk inc flu hosp,0,2026-02-07,55,quantile,0.95,227.0
2026-02-07,wk inc flu hosp,0,2026-02-07,55,quantile,0.975,237.0
2026-02-07,wk inc flu hosp,0,2026-02-07,55,quantile,0.99,246.0
2026-02-07,wk inc flu hosp,0,2026-02-07,56,quantile,0.01,1.0
2026-02-07,wk inc flu hosp,0,2026-02-07,56,quantile,0.025,2.0
2026-02-07,wk inc flu hosp,0,2026-02-07,56,quantile,0.05,2.0
2026-02-07,wk inc flu hosp,0,2026-02-07,56,quantile,0.1,4.0
2026-02-07,wk inc flu hosp,0,2026-02-07,56,quantile,0.15,5.0
2026-02-07,wk inc flu hosp,0,2026-02-07,56,quantile,0.2,6.0
2026-02-07,wk inc flu hosp,0,2026-02-07,56,quantile,0.25,7.0
2026-02-07,wk inc flu hosp,0,2026-02-07,56,quantile,0.3,7.0
2026-02-07,wk inc flu hosp,0,2026-02-07,56,quantile,0.35,7.0
2026-02-07,wk inc flu hosp,0,2026-02-07,56,quantile,0.4,7.0
2026-02-07,wk inc flu hosp,0,2026-02-07,56,quantile,0.45,8.0
2026-02-07,wk inc flu hosp,0,2026-02-07,56,quantile,0.5,8.0
2026-02-07,wk inc flu hosp,0,2026-02-07,56,quantile,0.55,8.0
2026-02-07,wk inc flu hosp,0,2026-02-07,56,quantile,0.6,9.0
2026-02-07,wk inc flu hosp,0,2026-02-07,56,quantile,0.65,9.0
2026-02-07,wk inc flu hosp,0,2026-02-07,56,quantile,0.7,9.0
2026-02-07,wk inc flu hosp,0,2026-02-07,56,quantile,0.75,9.0
2026-02-07,wk inc flu hosp,0,2026-02-07,56,quantile,0.8,10.0
2026-02-07,wk inc flu hosp,0,2026-02-07,56,quantile,0.85,10.0
2026-02-07,wk inc flu hosp,0,2026-02-07,56,quantile,0.9,11.0
2026-02-07,wk inc flu hosp,0,2026-02-07,56,quantile,0.95,11.0
2026-02-07,wk inc flu hosp,0,2026-02-07,56,quantile,0.975,12.0
2026-02-07,wk inc flu hosp,0,2026-02-07,56,quantile,0.99,13.0
2026-02-07,wk inc flu hosp,0,2026-02-07,US,quantile,0.01,4829.0
2026-02-07,wk inc flu hosp,0,2026-02-07,US,quantile,0.025,5621.0
2026-02-07,wk inc flu hosp,0,2026-02-07,US,quantile,0.05,6622.0
2026-02-07,wk inc flu hosp,0,2026-02-07,US,quantile,0.1,7512.0
2026-02-07,wk inc flu hosp,0,2026-02-07,US,quantile,0.15,8272.0
2026-02-07,wk inc flu hosp,0,2026-02-07,US,quantile,0.2,8738.0
2026-02-07,wk inc flu hosp,0,2026-02-07,US,quantile,0.25,8937.0
2026-02-07,wk inc flu hosp,0,2026-02-07,US,quantile,0.3,9112.0
2026-02-07,wk inc flu hosp,0,2026-02-07,US,quantile,0.35,9258.0
2026-02-07,wk inc flu hosp,0,2026-02-07,US,quantile,0.4,9387.0
2026-02-07,wk inc flu hosp,0,2026-02-07,US,quantile,0.45,9555.0
2026-02-07,wk inc flu hosp,0,2026-02-07,US,quantile,0.5,9715.0
2026-02-07,wk inc flu hosp,0,2026-02-07,US,quantile,0.55,9892.0
2026-02-07,wk inc flu hosp,0,2026-02-07,US,quantile,0.6,10101.0
2026-02-07,wk inc flu hosp,0,2026-02-07,US,quantile,0.65,10325.0
2026-02-07,wk inc flu hosp,0,2026-02-07,US,quantile,0.7,10526.0
2026-02-07,wk inc flu hosp,0,2026-02-07,US,quantile,0.75,10785.0
2026-02-07,wk inc flu hosp,0,2026-02-07,US,quantile,0.8,11074.0
2026-02-07,wk inc flu hosp,0,2026-02-07,US,quantile,0.85,11322.0
2026-02-07,wk inc flu hosp,0,2026-02-07,US,quantile,0.9,11683.0
2026-02-07,wk inc flu hosp,0,2026-02-07,US,quantile,0.95,12273.0
2026-02-07,wk inc flu hosp,0,2026-02-07,US,quantile,0.975,12768.0
2026-02-07,wk inc flu hosp,0,2026-02-07,US,quantile,0.99,13310.0
2026-02-07,wk inc flu hosp,1,2026-02-14,01,quantile,0.01,0.0
2026-02-07,wk inc flu hosp,1,2026-02-14,01,quantile,0.025,0.0
2026-02-07,wk inc flu hosp,1,2026-02-14,01,quantile,0.05,0.0
2026-02-07,wk inc flu hosp,1,2026-02-14,01,quantile,0.1,13.0
2026-02-07,wk inc flu hosp,1,2026-02-14,01,quantile,0.15,44.0
2026-02-07,wk inc flu hosp,1,2026-02-14,01,quantile,0.2,66.0
2026-02-07,wk inc flu hosp,1,2026-02-14,01,quantile,0.25,77.0
2026-02-07,wk inc flu hosp,1,2026-02-14,01,quantile,0.3,89.0
2026-02-07,wk inc flu hosp,1,2026-02-14,01,quantile,0.35,99.0
2026-02-07,wk inc flu hosp,1,2026-02-14,01,quantile,0.4,109.0
2026-02-07,wk inc flu hosp,1,2026-02-14,01,quantile,0.45,118.0
2026-02-07,wk inc flu hosp,1,2026-02-14,01,quantile,0.5,128.0
2026-02-07,wk inc flu hosp,1,2026-02-14,01,quantile,0.55,136.0
2026-02-07,wk inc flu hosp,1,2026-02-14,01,quantile,0.6,144.0
2026-02-07,wk inc flu hosp,1,2026-02-14,01,quantile,0.65,152.0
2026-02-07,wk inc flu hosp,1,2026-02-14,01,quantile,0.7,160.0
2026-02-07,wk inc flu hosp,1,2026-02-14,01,quantile,0.75,172.0
2026-02-07,wk inc flu hosp,1,2026-02-14,01,quantile,0.8,181.0
2026-02-07,wk inc flu hosp,1,2026-02-14,01,quantile,0.85,194.0
2026-02-07,wk inc flu hosp,1,2026-02-14,01,quantile,0.9,216.0
2026-02-07,wk inc flu hosp,1,2026-02-14,01,quantile,0.95,248.0
2026-02-07,wk inc flu hosp,1,2026-02-14,01,quantile,0.975,270.0
2026-02-07,wk inc flu hosp,1,2026-02-14,01,quantile,0.99,296.0
2026-02-07,wk inc flu hosp,1,2026-02-14,02,quantile,0.01,2.0
2026-02-07,wk inc flu hosp,1,2026-02-14,02,quantile,0.025,3.0
2026-02-07,wk inc flu hosp,1,2026-02-14,02,quantile,0.05,4.0
2026-02-07,wk inc flu hosp,1,2026-02-14,02,quantile,0.1,6.0
2026-02-07,wk inc flu hosp,1,2026-02-14,02,quantile,0.15,7.0
2026-02-07,wk inc flu hosp,1,2026-02-14,02,quantile,0.2,8.0
2026-02-07,wk inc flu hosp,1,2026-02-14,02,quantile,0.25,9.0
2026-02-07,wk inc flu hosp,1,2026-02-14,02,quantile,0.3,10.0
2026-02-07,wk inc flu hosp,1,2026-02-14,02,quantile,0.35,11.0
2026-02-07,wk inc flu hosp,1,2026-02-14,02,quantile,0.4,12.0
2026-02-07,wk inc flu hosp,1,2026-02-14,02,quantile,0.45,13.0
2026-02-07,wk inc flu hosp,1,2026-02-14,02,quantile,0.5,13.0
2026-02-07,wk inc flu hosp,1,2026-02-14,02,quantile,0.55,14.0
2026-02-07,wk inc flu hosp,1,2026-02-14,02,quantile,0.6,14.0
2026-02-07,wk inc flu hosp,1,2026-02-14,02,quantile,0.65,15.0
2026-02-07,wk inc flu hosp,1,2026-02-14,02,quantile,0.7,15.0
2026-02-07,wk inc flu hosp,1,2026-02-14,02,quantile,0.75,16.0
2026-02-07,wk inc flu hosp,1,2026-02-14,02,quantile,0.8,16.0
2026-02-07,wk inc flu hosp,1,2026-02-14,02,quantile,0.85,17.0
2026-02-07,wk inc flu hosp,1,2026-02-14,02,quantile,0.9,18.0
2026-02-07,wk inc flu hosp,1,2026-02-14,02,quantile,0.95,20.0
2026-02-07,wk inc flu hosp,1,2026-02-14,02,quantile,0.975,21.0
2026-02-07,wk inc flu hosp,1,2026-02-14,02,quantile,0.99,23.0
2026-02-07,wk inc flu hosp,1,2026-02-14,04,quantile,0.01,5.0
2026-02-07,wk inc flu hosp,1,2026-02-14,04,quantile,0.025,19.0
2026-02-07,wk inc flu hosp,1,2026-02-14,04,quantile,0.05,29.0
2026-02-07,wk inc flu hosp,1,2026-02-14,04,quantile,0.1,50.0
2026-02-07,wk inc flu hosp,1,2026-02-14,04,quantile,0.15,70.0
2026-02-07,wk inc flu hosp,1,2026-02-14,04,quantile,0.2,90.0
2026-02-07,wk inc flu hosp,1,2026-02-14,04,quantile,0.25,106.0
2026-02-07,wk inc flu hosp,1,2026-02-14,04,quantile,0.3,119.0
2026-02-07,wk inc flu hosp,1,2026-02-14,04,quantile,0.35,131.0
2026-02-07,wk inc flu hosp,1,2026-02-14,04,quantile,0.4,143.0
2026-02-07,wk inc flu hosp,1,2026-02-14,04,quantile,0.45,156.0
2026-02-07,wk inc flu hosp,1,2026-02-14,04,quantile,0.5,170.0
2026-02-07,wk inc flu hosp,1,2026-02-14,04,quantile,0.55,182.0
2026-02-07,wk inc flu hosp,1,2026-02-14,04,quantile,0.6,194.0
2026-02-07,wk inc flu hosp,1,2026-02-14,04,quantile,0.65,208.0
2026-02-07,wk inc flu hosp,1,2026-02-14,04,quantile,0.7,222.0
2026-02-07,wk inc flu hosp,1,2026-02-14,04,quantile,0.75,238.0
2026-02-07,wk inc flu hosp,1,2026-02-14,04,quantile,0.8,246.0
2026-02-07,wk inc flu hosp,1,2026-02-14,04,quantile,0.85,253.0
2026-02-07,wk inc flu hosp,1,2026-02-14,04,quantile,0.9,265.0
2026-02-07,wk inc flu hosp,1,2026-02-14,04,quantile,0.95,285.0
2026-02-07,wk inc flu hosp,1,2026-02-14,04,quantile,0.975,299.0
2026-02-07,wk inc flu hosp,1,2026-02-14,04,quantile,0.99,314.0
2026-02-07,wk inc flu hosp,1,2026-02-14,05,quantile,0.01,0.0
2026-02-07,wk inc flu hosp,1,2026-02-14,05,quantile,0.025,0.0
2026-02-07,wk inc flu hosp,1,2026-02-14,05,quantile,0.05,0.0
2026-02-07,wk inc flu hosp,1,2026-02-14,05,quantile,0.1,3.0
2026-02-07,wk inc flu hosp,1,2026-02-14,05,quantile,0.15,23.0
2026-02-07,wk inc flu hosp,1,2026-02-14,05,quantile,0.2,24.0
2026-02-07,wk inc flu hosp,1,2026-02-14,05,quantile,0.25,24.0
2026-02-07,wk inc flu hosp,1,2026-02-14,05,quantile,0.3,25.0
2026-02-07,wk inc flu hosp,1,2026-02-14,05,quantile,0.35,26.0
2026-02-07,wk inc flu hosp,1,2026-02-14,05,quantile,0.4,34.0
2026-02-07,wk inc flu hosp,1,2026-02-14,05,quantile,0.45,44.0
2026-02-07,wk inc flu hosp,1,2026-02-14,05,quantile,0.5,53.0
2026-02-07,wk inc flu hosp,1,2026-02-14,05,quantile,0.55,60.0
2026-02-07,wk inc flu hosp,1,2026-02-14,05,quantile,0.6,67.0
2026-02-07,wk inc flu hosp,1,2026-02-14,05,quantile,0.65,75.0
2026-02-07,wk inc flu hosp,1,2026-02-14,05,quantile,0.7,82.0
2026-02-07,wk inc flu hosp,1,2026-02-14,05,quantile,0.75,93.0
2026-02-07,wk inc flu hosp,1,2026-02-14,05,quantile,0.8,101.0
2026-02-07,wk inc flu hosp,1,2026-02-14,05,quantile,0.85,111.0
2026-02-07,wk inc flu hosp,1,2026-02-14,05,quantile,0.9,129.0
2026-02-07,wk inc flu hosp,1,2026-02-14,05,quantile,0.95,158.0
2026-02-07,wk inc flu hosp,1,2026-02-14,05,quantile,0.975,181.0
2026-02-07,wk inc flu hosp,1,2026-02-14,05,quantile,0.99,207.0
2026-02-07,wk inc flu hosp,1,2026-02-14,06,quantile,0.01,283.0
2026-02-07,wk inc flu hosp,1,2026-02-14,06,quantile,0.025,448.0
2026-02-07,wk inc flu hosp,1,2026-02-14,06,quantile,0.05,587.0
2026-02-07,wk inc flu hosp,1,2026-02-14,06,quantile,0.1,747.0
2026-02-07,wk inc flu hosp,1,2026-02-14,06,quantile,0.15,847.0
2026-02-07,wk inc flu hosp,1,2026-02-14,06,quantile,0.2,925.0
2026-02-07,wk inc flu hosp,1,2026-02-14,06,quantile,0.25,1009.0
2026-02-07,wk inc flu hosp,1,2026-02-14,06,quantile,0.3,1086.0
2026-02-07,wk inc flu hosp,1,2026-02-14,06,quantile,0.35,1156.0
2026-02-07,wk inc flu hosp,1,2026-02-14,06,quantile,0.4,1216.0
2026-02-07,wk inc flu hosp,1,2026-02-14,06,quantile,0.45,1269.0
2026-02-07,wk inc flu hosp,1,2026-02-14,06,quantile,0.5,1327.0
2026-02-07,wk inc flu hosp,1,2026-02-14,06,quantile,0.55,1373.0
2026-02-07,wk inc flu hosp,1,2026-02-14,06,quantile,0.6,1437.0
2026-02-07,wk inc flu hosp,1,2026-02-14,06,quantile,0.65,1471.0
2026-02-07,wk inc flu hosp,1,2026-02-14,06,quantile,0.7,1508.0
2026-02-07,wk inc flu hosp,1,2026-02-14,06,quantile,0.75,1552.0
2026-02-07,wk inc flu hosp,1,2026-02-14,06,quantile,0.8,1608.0
2026-02-07,wk inc flu hosp,1,2026-02-14,06,quantile,0.85,1669.0
2026-02-07,wk inc flu hosp,1,2026-02-14,06,quantile,0.9,1743.0
2026-02-07,wk inc flu hosp,1,2026-02-14,06,quantile,0.95,1855.0
2026-02-07,wk inc flu hosp,1,2026-02-14,06,quantile,0.975,1910.0
2026-02-07,wk inc flu hosp,1,2026-02-14,06,quantile,0.99,1985.0
2026-02-07,wk inc flu hosp,1,2026-02-14,08,quantile,0.01,12.0
2026-02-07,wk inc flu hosp,1,2026-02-14,08,quantile,0.025,20.0
2026-02-07,wk inc flu hosp,1,2026-02-14,08,quantile,0.05,31.0
2026-02-07,wk inc flu hosp,1,2026-02-14,08,quantile,0.1,43.0
2026-02-07,wk inc flu hosp,1,2026-02-14,08,quantile,0.15,52.0
2026-02-07,wk inc flu hosp,1,2026-02-14,08,quantile,0.2,59.0
2026-02-07,wk inc flu hosp,1,2026-02-14,08,quantile,0.25,66.0
2026-02-07,wk inc flu hosp,1,2026-02-14,08,quantile,0.3,70.0
2026-02-07,wk inc flu hosp,1,2026-02-14,08,quantile,0.35,74.0
2026-02-07,wk inc flu hosp,1,2026-02-14,08,quantile,0.4,78.0
2026-02-07,wk inc flu hosp,1,2026-02-14,08,quantile,0.45,81.0
2026-02-07,wk inc flu hosp,1,2026-02-14,08,quantile,0.5,84.0
2026-02-07,wk inc flu hosp,1,2026-02-14,08,quantile,0.55,88.0
2026-02-07,wk inc flu hosp,1,2026-02-14,08,quantile,0.6,92.0
2026-02-07,wk inc flu hosp,1,2026-02-14,08,quantile,0.65,97.0
2026-02-07,wk inc flu hosp,1,2026-02-14,08,quantile,0.7,101.0
2026-02-07,wk inc flu hosp,1,2026-02-14,08,quantile,0.75,107.0
2026-02-07,wk inc flu hosp,1,2026-02-14,08,quantile,0.8,113.0
2026-02-07,wk inc flu hosp,1,2026-02-14,08,quantile,0.85,121.0
2026-02-07,wk inc flu hosp,1,2026-02-14,08,quantile,0.9,130.0
2026-02-07,wk inc flu hosp,1,2026-02-14,08,quantile,0.95,138.0
2026-02-07,wk inc flu hosp,1,2026-02-14,08,quantile,0.975,143.0
2026-02-07,wk inc flu hosp,1,2026-02-14,08,quantile,0.99,149.0
2026-02-07,wk inc flu hosp,1,2026-02-14,09,quantile,0.01,0.0
2026-02-07,wk inc flu hosp,1,2026-02-14,09,quantile,0.025,0.0
2026-02-07,wk inc flu hosp,1,2026-02-14,09,quantile,0.05,3.0
2026-02-07,wk inc flu hosp,1,2026-02-14,09,quantile,0.1,5.0
2026-02-07,wk inc flu hosp,1,2026-02-14,09,quantile,0.15,5.0
2026-02-07,wk inc flu hosp,1,2026-02-14,09,quantile,0.2,6.0
2026-02-07,wk inc flu hosp,1,2026-02-14,09,quantile,0.25,6.0
2026-02-07,wk inc flu hosp,1,2026-02-14,09,quantile,0.3,6.0
2026-02-07,wk inc flu hosp,1,2026-02-14,09,quantile,0.35,6.0
2026-02-07,wk inc flu hosp,1,2026-02-14,09,quantile,0.4,6.0
2026-02-07,wk inc flu hosp,1,2026-02-14,09,quantile,0.45,6.0
2026-02-07,wk inc flu hosp,1,2026-02-14,09,quantile,0.5,6.0
2026-02-07,wk inc flu hosp,1,2026-02-14,09,quantile,0.55,6.0
2026-02-07,wk inc flu hosp,1,2026-02-14,09,quantile,0.6,6.0
2026-02-07,wk inc flu hosp,1,2026-02-14,09,quantile,0.65,6.0
2026-02-07,wk inc flu hosp,1,2026-02-14,09,quantile,0.7,7.0
2026-02-07,wk inc flu hosp,1,2026-02-14,09,quantile,0.75,7.0
2026-02-07,wk inc flu hosp,1,2026-02-14,09,quantile,0.8,7.0
2026-02-07,wk inc flu hosp,1,2026-02-14,09,quantile,0.85,7.0
2026-02-07,wk inc flu hosp,1,2026-02-14,09,quantile,0.9,7.0
2026-02-07,wk inc flu hosp,1,2026-02-14,09,quantile,0.95,14.0
2026-02-07,wk inc flu hosp,1,2026-02-14,09,quantile,0.975,19.0
2026-02-07,wk inc flu hosp,1,2026-02-14,09,quantile,0.99,26.0
2026-02-07,wk inc flu hosp,1,2026-02-14,10,quantile,0.01,2.0
2026-02-07,wk inc flu hosp,1,2026-02-14,10,quantile,0.025,5.0
2026-02-07,wk inc flu hosp,1,2026-02-14,10,quantile,0.05,6.0
2026-02-07,wk inc flu hosp,1,2026-02-14,10,quantile,0.1,8.0
2026-02-07,wk inc flu hosp,1,2026-02-14,10,quantile,0.15,13.0
2026-02-07,wk inc flu hosp,1,2026-02-14,10,quantile,0.2,17.0
2026-02-07,wk inc flu hosp,1,2026-02-14,10,quantile,0.25,21.0
2026-02-07,wk inc flu hosp,1,2026-02-14,10,quantile,0.3,24.0
2026-02-07,wk inc flu hosp,1,2026-02-14,10,quantile,0.35,26.0
2026-02-07,wk inc flu hosp,1,2026-02-14,10,quantile,0.4,27.0
2026-02-07,wk inc flu hosp,1,2026-02-14,10,quantile,0.45,28.0
2026-02-07,wk inc flu hosp,1,2026-02-14,10,quantile,0.5,29.0
2026-02-07,wk inc flu hosp,1,2026-02-14,10,quantile,0.55,30.0
2026-02-07,wk inc flu hosp,1,2026-02-14,10,quantile,0.6,31.0
2026-02-07,wk inc flu hosp,1,2026-02-14,10,quantile,0.65,32.0
2026-02-07,wk inc flu hosp,1,2026-02-14,10,quantile,0.7,34.0
2026-02-07,wk inc flu hosp,1,2026-02-14,10,quantile,0.75,35.0
2026-02-07,wk inc flu hosp,1,2026-02-14,10,quantile,0.8,36.0
2026-02-07,wk inc flu hosp,1,2026-02-14,10,quantile,0.85,38.0
2026-02-07,wk inc flu hosp,1,2026-02-14,10,quantile,0.9,40.0
2026-02-07,wk inc flu hosp,1,2026-02-14,10,quantile,0.95,44.0
2026-02-07,wk inc flu hosp,1,2026-02-14,10,quantile,0.975,47.0
2026-02-07,wk inc flu hosp,1,2026-02-14,10,quantile,0.99,51.0
2026-02-07,wk inc flu hosp,1,2026-02-14,11,quantile,0.01,0.0
2026-02-07,wk inc flu hosp,1,2026-02-14,11,quantile,0.025,0.0
2026-02-07,wk inc flu hosp,1,2026-02-14,11,quantile,0.05,0.0
2026-02-07,wk inc flu hosp,1,2026-02-14,11,quantile,0.1,0.0
2026-02-07,wk inc flu hosp,1,2026-02-14,11,quantile,0.15,1.0
2026-02-07,wk inc flu hosp,1,2026-02-14,11,quantile,0.2,2.0
2026-02-07,wk inc flu hosp,1,2026-02-14,11,quantile,0.25,4.0
2026-02-07,wk inc flu hosp,1,2026-02-14,11,quantile,0.3,5.0
2026-02-07,wk inc flu hosp,1,2026-02-14,11,quantile,0.35,7.0
2026-02-07,wk inc flu hosp,1,2026-02-14,11,quantile,0.4,8.0
2026-02-07,wk inc flu hosp,1,2026-02-14,11,quantile,0.45,9.0
2026-02-07,wk inc flu hosp,1,2026-02-14,11,quantile,0.5,11.0
2026-02-07,wk inc flu hosp,1,2026-02-14,11,quantile,0.55,12.0
2026-02-07,wk inc flu hosp,1,2026-02-14,11,quantile,0.6,12.0
2026-02-07,wk inc flu hosp,1,2026-02-14,11,quantile,0.65,13.0
2026-02-07,wk inc flu hosp,1,2026-02-14,11,quantile,0.7,13.0
2026-02-07,wk inc flu hosp,1,2026-02-14,11,quantile,0.75,14.0
2026-02-07,wk inc flu hosp,1,2026-02-14,11,quantile,0.8,14.0
2026-02-07,wk inc flu hosp,1,2026-02-14,11,quantile,0.85,15.0
2026-02-07,wk inc flu hosp,1,2026-02-14,11,quantile,0.9,16.0
2026-02-07,wk inc flu hosp,1,2026-02-14,11,quantile,0.95,17.0
2026-02-07,wk inc flu hosp,1,2026-02-14,11,quantile,0.975,18.0
2026-02-07,wk inc flu hosp,1,2026-02-14,11,quantile,0.99,20.0
2026-02-07,wk inc flu hosp,1,2026-02-14,12,quantile,0.01,229.0
2026-02-07,wk inc flu hosp,1,2026-02-14,12,quantile,0.025,336.0
2026-02-07,wk inc flu hosp,1,2026-02-14,12,quantile,0.05,409.0
2026-02-07,wk inc flu hosp,1,2026-02-14,12,quantile,0.1,487.0
2026-02-07,wk inc flu hosp,1,2026-02-14,12,quantile,0.15,537.0
2026-02-07,wk inc flu hosp,1,2026-02-14,12,quantile,0.2,560.0
2026-02-07,wk inc flu hosp,1,2026-02-14,12,quantile,0.25,582.0
2026-02-07,wk inc flu hosp,1,2026-02-14,12,quantile,0.3,601.0
2026-02-07,wk inc flu hosp,1,2026-02-14,12,quantile,0.35,621.0
2026-02-07,wk inc flu hosp,1,2026-02-14,12,quantile,0.4,642.0
2026-02-07,wk inc flu hosp,1,2026-02-14,12,quantile,0.45,661.0
2026-02-07,wk inc flu hosp,1,2026-02-14,12,quantile,0.5,679.0
2026-02-07,wk inc flu hosp,1,2026-02-14,12,quantile,0.55,699.0
2026-02-07,wk inc flu hosp,1,2026-02-14,12,quantile,0.6,720.0
2026-02-07,wk inc flu hosp,1,2026-02-14,12,quantile,0.65,741.0
2026-02-07,wk inc flu hosp,1,2026-02-14,12,quantile,0.7,762.0
2026-02-07,wk inc flu hosp,1,2026-02-14,12,quantile,0.75,783.0
2026-02-07,wk inc flu hosp,1,2026-02-14,12,quantile,0.8,806.0
2026-02-07,wk inc flu hosp,1,2026-02-14,12,quantile,0.85,833.0
2026-02-07,wk inc flu hosp,1,2026-02-14,12,quantile,0.9,870.0
2026-02-07,wk inc flu hosp,1,2026-02-14,12,quantile,0.95,945.0
2026-02-07,wk inc flu hosp,1,2026-02-14,12,quantile,0.975,997.0
2026-02-07,wk inc flu hosp,1,2026-02-14,12,quantile,0.99,1026.0
2026-02-07,wk inc flu hosp,1,2026-02-14,13,quantile,0.01,0.0
2026-02-07,wk inc flu hosp,1,2026-02-14,13,quantile,0.025,0.0
2026-02-07,wk inc flu hosp,1,2026-02-14,13,quantile,0.05,0.0
2026-02-07,wk inc flu hosp,1,2026-02-14,13,quantile,0.1,17.0
2026-02-07,wk inc flu hosp,1,2026-02-14,13,quantile,0.15,40.0
2026-02-07,wk inc flu hosp,1,2026-02-14,13,quantile,0.2,57.0
2026-02-07,wk inc flu hosp,1,2026-02-14,13,quantile,0.25,79.0
2026-02-07,wk inc flu hosp,1,2026-02-14,13,quantile,0.3,97.0
2026-02-07,wk inc flu hosp,1,2026-02-14,13,quantile,0.35,116.0
2026-02-07,wk inc flu hosp,1,2026-02-14,13,quantile,0.4,131.0
2026-02-07,wk inc flu hosp,1,2026-02-14,13,quantile,0.45,141.0
2026-02-07,wk inc flu hosp,1,2026-02-14,13,quantile,0.5,150.0
2026-02-07,wk inc flu hosp,1,2026-02-14,13,quantile,0.55,157.0
2026-02-07,wk inc flu hosp,1,2026-02-14,13,quantile,0.6,165.0
2026-02-07,wk inc flu hosp,1,2026-02-14,13,quantile,0.65,173.0
2026-02-07,wk inc flu hosp,1,2026-02-14,13,quantile,0.7,183.0
2026-02-07,wk inc flu hosp,1,2026-02-14,13,quantile,0.75,194.0
2026-02-07,wk inc flu hosp,1,2026-02-14,13,quantile,0.8,206.0
2026-02-07,wk inc flu hosp,1,2026-02-14,13,quantile,0.85,219.0
2026-02-07,wk inc flu hosp,1,2026-02-14,13,quantile,0.9,238.0
2026-02-07,wk inc flu hosp,1,2026-02-14,13,quantile,0.95,267.0
2026-02-07,wk inc flu hosp,1,2026-02-14,13,quantile,0.975,286.0
2026-02-07,wk inc flu hosp,1,2026-02-14,13,quantile,0.99,306.0
2026-02-07,wk inc flu hosp,1,2026-02-14,15,quantile,0.01,0.0
2026-02-07,wk inc flu hosp,1,2026-02-14,15,quantile,0.025,0.0
2026-02-07,wk inc flu hosp,1,2026-02-14,15,quantile,0.05,0.0
2026-02-07,wk inc flu hosp,1,2026-02-14,15,quantile,0.1,0.0
2026-02-07,wk inc flu hosp,1,2026-02-14,15,quantile,0.15,1.0
2026-02-07,wk inc flu hosp,1,2026-02-14,15,quantile,0.2,6.0
2026-02-07,wk inc flu hosp,1,2026-02-14,15,quantile,0.25,11.0
2026-02-07,wk inc flu hosp,1,2026-02-14,15,quantile,0.3,14.0
2026-02-07,wk inc flu hosp,1,2026-02-14,15,quantile,0.35,16.0
2026-02-07,wk inc flu hosp,1,2026-02-14,15,quantile,0.4,18.0
2026-02-07,wk inc flu hosp,1,2026-02-14,15,quantile,0.45,20.0
2026-02-07,wk inc flu hosp,1,2026-02-14,15,quantile,0.5,22.0
2026-02-07,wk inc flu hosp,1,2026-02-14,15,quantile,0.55,25.0
2026-02-07,wk inc flu hosp,1,2026-02-14,15,quantile,0.6,27.0
2026-02-07,wk inc flu hosp,1,2026-02-14,15,quantile,0.65,29.0
2026-02-07,wk inc flu hosp,1,2026-02-14,15,quantile,0.7,31.0
2026-02-07,wk inc flu hosp,1,2026-02-14,15,quantile,0.75,35.0
2026-02-07,wk inc flu hosp,1,2026-02-14,15,quantile,0.8,38.0
2026-02-07,wk inc flu hosp,1,2026-02-14,15,quantile,0.85,42.0
2026-02-07,wk inc flu hosp,1,2026-02-14,15,quantile,0.9,47.0
2026-02-07,wk inc flu hosp,1,2026-02-14,15,quantile,0.95,55.0
2026-02-07,wk inc flu hosp,1,2026-02-14,15,quantile,0.975,60.0
2026-02-07,wk inc flu hosp,1,2026-02-14,15,quantile,0.99,71.0
2026-02-07,wk inc flu hosp,1,2026-02-14,16,quantile,0.01,3.0
2026-02-07,wk inc flu hosp,1,2026-02-14,16,quantile,0.025,7.0
2026-02-07,wk inc flu hosp,1,2026-02-14,16,quantile,0.05,13.0
2026-02-07,wk inc flu hosp,1,2026-02-14,16,quantile,0.1,21.0
2026-02-07,wk inc flu hosp,1,2026-02-14,16,quantile,0.15,27.0
2026-02-07,wk inc flu hosp,1,2026-02-14,16,quantile,0.2,33.0
2026-02-07,wk inc flu hosp,1,2026-02-14,16,quantile,0.25,37.0
2026-02-07,wk inc flu hosp,1,2026-02-14,16,quantile,0.3,41.0
2026-02-07,wk inc flu hosp,1,2026-02-14,16,quantile,0.35,44.0
2026-02-07,wk inc flu hosp,1,2026-02-14,16,quantile,0.4,46.0
2026-02-07,wk inc flu hosp,1,2026-02-14,16,quantile,0.45,47.0
2026-02-07,wk inc flu hosp,1,2026-02-14,16,quantile,0.5,49.0
2026-02-07,wk inc flu hosp,1,2026-02-14,16,quantile,0.55,50.0
2026-02-07,wk inc flu hosp,1,2026-02-14,16,quantile,0.6,51.0
2026-02-07,wk inc flu hosp,1,2026-02-14,16,quantile,0.65,53.0
2026-02-07,wk inc flu hosp,1,2026-02-14,16,quantile,0.7,54.0
2026-02-07,wk inc flu hosp,1,2026-02-14,16,quantile,0.75,56.0
2026-02-07,wk inc flu hosp,1,2026-02-14,16,quantile,0.8,58.0
2026-02-07,wk inc flu hosp,1,2026-02-14,16,quantile,0.85,60.0
2026-02-07,wk inc flu hosp,1,2026-02-14,16,quantile,0.9,64.0
2026-02-07,wk inc flu hosp,1,2026-02-14,16,quantile,0.95,75.0
2026-02-07,wk inc flu hosp,1,2026-02-14,16,quantile,0.975,83.0
2026-02-07,wk inc flu hosp,1,2026-02-14,16,quantile,0.99,91.0
2026-02-07,wk inc flu hosp,1,2026-02-14,17,quantile,0.01,0.0
2026-02-07,wk inc flu hosp,1,2026-02-14,17,quantile,0.025,20.0
2026-02-07,wk inc flu hosp,1,2026-02-14,17,quantile,0.05,66.0
2026-02-07,wk inc flu hosp,1,2026-02-14,17,quantile,0.1,130.0
2026-02-07,wk inc flu hosp,1,2026-02-14,17,quantile,0.15,160.0
2026-02-07,wk inc flu hosp,1,2026-02-14,17,quantile,0.2,176.0
2026-02-07,wk inc flu hosp,1,2026-02-14,17,quantile,0.25,188.0
2026-02-07,wk inc flu hosp,1,2026-02-14,17,quantile,0.3,200.0
2026-02-07,wk inc flu hosp,1,2026-02-14,17,quantile,0.35,211.0
2026-02-07,wk inc flu hosp,1,2026-02-14,17,quantile,0.4,222.0
2026-02-07,wk inc flu hosp,1,2026-02-14,17,quantile,0.45,233.0
2026-02-07,wk inc flu hosp,1,2026-02-14,17,quantile,0.5,246.0
2026-02-07,wk inc flu hosp,1,2026-02-14,17,quantile,0.55,257.0
2026-02-07,wk inc flu hosp,1,2026-02-14,17,quantile,0.6,268.0
2026-02-07,wk inc flu hosp,1,2026-02-14,17,quantile,0.65,279.0
2026-02-07,wk inc flu hosp,1,2026-02-14,17,quantile,0.7,289.0
2026-02-07,wk inc flu hosp,1,2026-02-14,17,quantile,0.75,303.0
2026-02-07,wk inc flu hosp,1,2026-02-14,17,quantile,0.8,315.0
2026-02-07,wk inc flu hosp,1,2026-02-14,17,quantile,0.85,329.0
2026-02-07,wk inc flu hosp,1,2026-02-14,17,quantile,0.9,352.0
2026-02-07,wk inc flu hosp,1,2026-02-14,17,quantile,0.95,391.0
2026-02-07,wk inc flu hosp,1,2026-02-14,17,quantile,0.975,413.0
2026-02-07,wk inc flu hosp,1,2026-02-14,17,quantile,0.99,439.0
2026-02-07,wk inc flu hosp,1,2026-02-14,18,quantile,0.01,0.0
2026-02-07,wk inc flu hosp,1,2026-02-14,18,quantile,0.025,0.0
2026-02-07,wk inc flu hosp,1,2026-02-14,18,quantile,0.05,5.0
2026-02-07,wk inc flu hosp,1,2026-02-14,18,quantile,0.1,58.0
2026-02-07,wk inc flu hosp,1,2026-02-14,18,quantile,0.15,72.0
2026-02-07,wk inc flu hosp,1,2026-02-14,18,quantile,0.2,84.0
2026-02-07,wk inc flu hosp,1,2026-02-14,18,quantile,0.25,94.0
2026-02-07,wk inc flu hosp,1,2026-02-14,18,quantile,0.3,104.0
2026-02-07,wk inc flu hosp,1,2026-02-14,18,quantile,0.35,113.0
2026-02-07,wk inc flu hosp,1,2026-02-14,18,quantile,0.4,122.0
2026-02-07,wk inc flu hosp,1,2026-02-14,18,quantile,0.45,130.0
2026-02-07,wk inc flu hosp,1,2026-02-14,18,quantile,0.5,139.0
2026-02-07,wk inc flu hosp,1,2026-02-14,18,quantile,0.55,145.0
2026-02-07,wk inc flu hosp,1,2026-02-14,18,quantile,0.6,152.0
2026-02-07,wk inc flu hosp,1,2026-02-14,18,quantile,0.65,160.0
2026-02-07,wk inc flu hosp,1,2026-02-14,18,quantile,0.7,167.0
2026-02-07,wk inc flu hosp,1,2026-02-14,18,quantile,0.75,177.0
2026-02-07,wk inc flu hosp,1,2026-02-14,18,quantile,0.8,186.0
2026-02-07,wk inc flu hosp,1,2026-02-14,18,quantile,0.85,198.0
2026-02-07,wk inc flu hosp,1,2026-02-14,18,quantile,0.9,216.0
2026-02-07,wk inc flu hosp,1,2026-02-14,18,quantile,0.95,241.0
2026-02-07,wk inc flu hosp,1,2026-02-14,18,quantile,0.975,259.0
2026-02-07,wk inc flu hosp,1,2026-02-14,18,quantile,0.99,282.0
2026-02-07,wk inc flu hosp,1,2026-02-14,19,quantile,0.01,16.0
2026-02-07,wk inc flu hosp,1,2026-02-14,19,quantile,0.025,20.0
2026-02-07,wk inc flu hosp,1,2026-02-14,19,quantile,0.05,35.0
2026-02-07,wk inc flu hosp,1,2026-02-14,19,quantile,0.1,52.0
2026-02-07,wk inc flu hosp,1,2026-02-14,19,quantile,0.15,60.0
2026-02-07,wk inc flu hosp,1,2026-02-14,19,quantile,0.2,69.0
2026-02-07,wk inc flu hosp,1,2026-02-14,19,quantile,0.25,78.0
2026-02-07,wk inc flu hosp,1,2026-02-14,19,quantile,0.3,85.0
2026-02-07,wk inc flu hosp,1,2026-02-14,19,quantile,0.35,90.0
2026-02-07,wk inc flu hosp,1,2026-02-14,19,quantile,0.4,97.0
2026-02-07,wk inc flu hosp,1,2026-02-14,19,quantile,0.45,100.0
2026-02-07,wk inc flu hosp,1,2026-02-14,19,quantile,0.5,103.0
2026-02-07,wk inc flu hosp,1,2026-02-14,19,quantile,0.55,105.0
2026-02-07,wk inc flu hosp,1,2026-02-14,19,quantile,0.6,107.0
2026-02-07,wk inc flu hosp,1,2026-02-14,19,quantile,0.65,109.0
2026-02-07,wk inc flu hosp,1,2026-02-14,19,quantile,0.7,111.0
2026-02-07,wk inc flu hosp,1,2026-02-14,19,quantile,0.75,114.0
2026-02-07,wk inc flu hosp,1,2026-02-14,19,quantile,0.8,117.0
2026-02-07,wk inc flu hosp,1,2026-02-14,19,quantile,0.85,120.0
2026-02-07,wk inc flu hosp,1,2026-02-14,19,quantile,0.9,125.0
2026-02-07,wk inc flu hosp,1,2026-02-14,19,quantile,0.95,134.0
2026-02-07,wk inc flu hosp,1,2026-02-14,19,quantile,0.975,140.0
2026-02-07,wk inc flu hosp,1,2026-02-14,19,quantile,0.99,148.0
2026-02-07,wk inc flu hosp,1,2026-02-14,20,quantile,0.01,20.0
2026-02-07,wk inc flu hosp,1,2026-02-14,20,quantile,0.025,34.0
2026-02-07,wk inc flu hosp,1,2026-02-14,20,quantile,0.05,53.0
2026-02-07,wk inc flu hosp,1,2026-02-14,20,quantile,0.1,72.0
2026-02-07,wk inc flu hosp,1,2026-02-14,20,quantile,0.15,87.0
2026-02-07,wk inc flu hosp,1,2026-02-14,20,quantile,0.2,97.0
2026-02-07,wk inc flu hosp,1,2026-02-14,20,quantile,0.25,106.0
2026-02-07,wk inc flu hosp,1,2026-02-14,20,quantile,0.3,115.0
2026-02-07,wk inc flu hosp,1,2026-02-14,20,quantile,0.35,122.0
2026-02-07,wk inc flu hosp,1,2026-02-14,20,quantile,0.4,129.0
2026-02-07,wk inc flu hosp,1,2026-02-14,20,quantile,0.45,136.0
2026-02-07,wk inc flu hosp,1,2026-02-14,20,quantile,0.5,140.0
2026-02-07,wk inc flu hosp,1,2026-02-14,20,quantile,0.55,142.0
2026-02-07,wk inc flu hosp,1,2026-02-14,20,quantile,0.6,144.0
2026-02-07,wk inc flu hosp,1,2026-02-14,20,quantile,0.65,146.0
2026-02-07,wk inc flu hosp,1,2026-02-14,20,quantile,0.7,148.0
2026-02-07,wk inc flu hosp,1,2026-02-14,20,quantile,0.75,151.0
2026-02-07,wk inc flu hosp,1,2026-02-14,20,quantile,0.8,153.0
2026-02-07,wk inc flu hosp,1,2026-02-14,20,quantile,0.85,155.0
2026-02-07,wk inc flu hosp,1,2026-02-14,20,quantile,0.9,160.0
2026-02-07,wk inc flu hosp,1,2026-02-14,20,quantile,0.95,167.0
2026-02-07,wk inc flu hosp,1,2026-02-14,20,quantile,0.975,172.0
2026-02-07,wk inc flu hosp,1,2026-02-14,20,quantile,0.99,178.0
2026-02-07,wk inc flu hosp,1,2026-02-14,21,quantile,0.01,0.0
2026-02-07,wk inc flu hosp,1,2026-02-14,21,quantile,0.025,0.0
2026-02-07,wk inc flu hosp,1,2026-02-14,21,quantile,0.05,8.0
2026-02-07,wk inc flu hosp,1,2026-02-14,21,quantile,0.1,20.0
2026-02-07,wk inc flu hosp,1,2026-02-14,21,quantile,0.15,45.0
2026-02-07,wk inc flu hosp,1,2026-02-14,21,quantile,0.2,69.0
2026-02-07,wk inc flu hosp,1,2026-02-14,21,quantile,0.25,90.0
2026-02-07,wk inc flu hosp,1,2026-02-14,21,quantile,0.3,109.0
2026-02-07,wk inc flu hosp,1,2026-02-14,21,quantile,0.35,121.0
2026-02-07,wk inc flu hosp,1,2026-02-14,21,quantile,0.4,126.0
2026-02-07,wk inc flu hosp,1,2026-02-14,21,quantile,0.45,132.0
2026-02-07,wk inc flu hosp,1,2026-02-14,21,quantile,0.5,138.0
2026-02-07,wk inc flu hosp,1,2026-02-14,21,quantile,0.55,143.0
2026-02-07,wk inc flu hosp,1,2026-02-14,21,quantile,0.6,148.0
2026-02-07,wk inc flu hosp,1,2026-02-14,21,quantile,0.65,155.0
2026-02-07,wk inc flu hosp,1,2026-02-14,21,quantile,0.7,161.0
2026-02-07,wk inc flu hosp,1,2026-02-14,21,quantile,0.75,168.0
2026-02-07,wk inc flu hosp,1,2026-02-14,21,quantile,0.8,176.0
2026-02-07,wk inc flu hosp,1,2026-02-14,21,quantile,0.85,185.0
2026-02-07,wk inc flu hosp,1,2026-02-14,21,quantile,0.9,200.0
2026-02-07,wk inc flu hosp,1,2026-02-14,21,quantile,0.95,227.0
2026-02-07,wk inc flu hosp,1,2026-02-14,21,quantile,0.975,240.0
2026-02-07,wk inc flu hosp,1,2026-02-14,21,quantile,0.99,254.0
2026-02-07,wk inc flu hosp,1,2026-02-14,22,quantile,0.01,35.0
2026-02-07,wk inc flu hosp,1,2026-02-14,22,quantile,0.025,58.0
2026-02-07,wk inc flu hosp,1,2026-02-14,22,quantile,0.05,76.0
2026-02-07,wk inc flu hosp,1,2026-02-14,22,quantile,0.1,98.0
2026-02-07,wk inc flu hosp,1,2026-02-14,22,quantile,0.15,115.0
2026-02-07,wk inc flu hosp,1,2026-02-14,22,quantile,0.2,128.0
2026-02-07,wk inc flu hosp,1,2026-02-14,22,quantile,0.25,138.0
2026-02-07,wk inc flu hosp,1,2026-02-14,22,quantile,0.3,147.0
2026-02-07,wk inc flu hosp,1,2026-02-14,22,quantile,0.35,156.0
2026-02-07,wk inc flu hosp,1,2026-02-14,22,quantile,0.4,165.0
2026-02-07,wk inc flu hosp,1,2026-02-14,22,quantile,0.45,171.0
2026-02-07,wk inc flu hosp,1,2026-02-14,22,quantile,0.5,177.0
2026-02-07,wk inc flu hosp,1,2026-02-14,22,quantile,0.55,182.0
2026-02-07,wk inc flu hosp,1,2026-02-14,22,quantile,0.6,187.0
2026-02-07,wk inc flu hosp,1,2026-02-14,22,quantile,0.65,194.0
2026-02-07,wk inc flu hosp,1,2026-02-14,22,quantile,0.7,201.0
2026-02-07,wk inc flu hosp,1,2026-02-14,22,quantile,0.75,208.0
2026-02-07,wk inc flu hosp,1,2026-02-14,22,quantile,0.8,213.0
2026-02-07,wk inc flu hosp,1,2026-02-14,22,quantile,0.85,225.0
2026-02-07,wk inc flu hosp,1,2026-02-14,22,quantile,0.9,251.0
2026-02-07,wk inc flu hosp,1,2026-02-14,22,quantile,0.95,289.0
2026-02-07,wk inc flu hosp,1,2026-02-14,22,quantile,0.975,309.0
2026-02-07,wk inc flu hosp,1,2026-02-14,22,quantile,0.99,331.0
2026-02-07,wk inc flu hosp,1,2026-02-14,23,quantile,0.01,8.0
2026-02-07,wk inc flu hosp,1,2026-02-14,23,quantile,0.025,11.0
2026-02-07,wk inc flu hosp,1,2026-02-14,23,quantile,0.05,16.0
2026-02-07,wk inc flu hosp,1,2026-02-14,23,quantile,0.1,20.0
2026-02-07,wk inc flu hosp,1,2026-02-14,23,quantile,0.15,24.0
2026-02-07,wk inc flu hosp,1,2026-02-14,23,quantile,0.2,27.0
2026-02-07,wk inc flu hosp,1,2026-02-14,23,quantile,0.25,29.0
2026-02-07,wk inc flu hosp,1,2026-02-14,23,quantile,0.3,31.0
2026-02-07,wk inc flu hosp,1,2026-02-14,23,quantile,0.35,33.0
2026-02-07,wk inc flu hosp,1,2026-02-14,23,quantile,0.4,35.0
2026-02-07,wk inc flu hosp,1,2026-02-14,23,quantile,0.45,37.0
2026-02-07,wk inc flu hosp,1,2026-02-14,23,quantile,0.5,39.0
2026-02-07,wk inc flu hosp,1,2026-02-14,23,quantile,0.55,39.0
2026-02-07,wk inc flu hosp,1,2026-02-14,23,quantile,0.6,40.0
2026-02-07,wk inc flu hosp,1,2026-02-14,23,quantile,0.65,41.0
2026-02-07,wk inc flu hosp,1,2026-02-14,23,quantile,0.7,42.0
2026-02-07,wk inc flu hosp,1,2026-02-14,23,quantile,0.75,43.0
2026-02-07,wk inc flu hosp,1,2026-02-14,23,quantile,0.8,44.0
2026-02-07,wk inc flu hosp,1,2026-02-14,23,quantile,0.85,45.0
2026-02-07,wk inc flu hosp,1,2026-02-14,23,quantile,0.9,47.0
2026-02-07,wk inc flu hosp,1,2026-02-14,23,quantile,0.95,51.0
2026-02-07,wk inc flu hosp,1,2026-02-14,23,quantile,0.975,53.0
2026-02-07,wk inc flu hosp,1,2026-02-14,23,quantile,0.99,56.0
2026-02-07,wk inc flu hosp,1,2026-02-14,24,quantile,0.01,0.0
2026-02-07,wk inc flu hosp,1,2026-02-14,24,quantile,0.025,0.0
2026-02-07,wk inc flu hosp,1,2026-02-14,24,quantile,0.05,0.0
2026-02-07,wk inc flu hosp,1,2026-02-14,24,quantile,0.1,1.0
2026-02-07,wk inc flu hosp,1,2026-02-14,24,quantile,0.15,12.0
2026-02-07,wk inc flu hosp,1,2026-02-14,24,quantile,0.2,28.0
2026-02-07,wk inc flu hosp,1,2026-02-14,24,quantile,0.25,35.0
2026-02-07,wk inc flu hosp,1,2026-02-14,24,quantile,0.3,40.0
2026-02-07,wk inc flu hosp,1,2026-02-14,24,quantile,0.35,45.0
2026-02-07,wk inc flu hosp,1,2026-02-14,24,quantile,0.4,49.0
2026-02-07,wk inc flu hosp,1,2026-02-14,24,quantile,0.45,54.0
2026-02-07,wk inc flu hosp,1,2026-02-14,24,quantile,0.5,59.0
2026-02-07,wk inc flu hosp,1,2026-02-14,24,quantile,0.55,63.0
2026-02-07,wk inc flu hosp,1,2026-02-14,24,quantile,0.6,67.0
2026-02-07,wk inc flu hosp,1,2026-02-14,24,quantile,0.65,71.0
2026-02-07,wk inc flu hosp,1,2026-02-14,24,quantile,0.7,76.0
2026-02-07,wk inc flu hosp,1,2026-02-14,24,quantile,0.75,81.0
2026-02-07,wk inc flu hosp,1,2026-02-14,24,quantile,0.8,87.0
2026-02-07,wk inc flu hosp,1,2026-02-14,24,quantile,0.85,94.0
2026-02-07,wk inc flu hosp,1,2026-02-14,24,quantile,0.9,105.0
2026-02-07,wk inc flu hosp,1,2026-02-14,24,quantile,0.95,144.0
2026-02-07,wk inc flu hosp,1,2026-02-14,24,quantile,0.975,173.0
2026-02-07,wk inc flu hosp,1,2026-02-14,24,quantile,0.99,186.0
2026-02-07,wk inc flu hosp,1,2026-02-14,25,quantile,0.01,0.0
2026-02-07,wk inc flu hosp,1,2026-02-14,25,quantile,0.025,7.0
2026-02-07,wk inc flu hosp,1,2026-02-14,25,quantile,0.05,18.0
2026-02-07,wk inc flu hosp,1,2026-02-14,25,quantile,0.1,34.0
2026-02-07,wk inc flu hosp,1,2026-02-14,25,quantile,0.15,43.0
2026-02-07,wk inc flu hosp,1,2026-02-14,25,quantile,0.2,46.0
2026-02-07,wk inc flu hosp,1,2026-02-14,25,quantile,0.25,50.0
2026-02-07,wk inc flu hosp,1,2026-02-14,25,quantile,0.3,53.0
2026-02-07,wk inc flu hosp,1,2026-02-14,25,quantile,0.35,56.0
2026-02-07,wk inc flu hosp,1,2026-02-14,25,quantile,0.4,59.0
2026-02-07,wk inc flu hosp,1,2026-02-14,25,quantile,0.45,62.0
2026-02-07,wk inc flu hosp,1,2026-02-14,25,quantile,0.5,66.0
2026-02-07,wk inc flu hosp,1,2026-02-14,25,quantile,0.55,68.0
2026-02-07,wk inc flu hosp,1,2026-02-14,25,quantile,0.6,71.0
2026-02-07,wk inc flu hosp,1,2026-02-14,25,quantile,0.65,74.0
2026-02-07,wk inc flu hosp,1,2026-02-14,25,quantile,0.7,76.0
2026-02-07,wk inc flu hosp,1,2026-02-14,25,quantile,0.75,80.0
2026-02-07,wk inc flu hosp,1,2026-02-14,25,quantile,0.8,83.0
2026-02-07,wk inc flu hosp,1,2026-02-14,25,quantile,0.85,87.0
2026-02-07,wk inc flu hosp,1,2026-02-14,25,quantile,0.9,94.0
2026-02-07,wk inc flu hosp,1,2026-02-14,25,quantile,0.95,103.0
2026-02-07,wk inc flu hosp,1,2026-02-14,25,quantile,0.975,109.0
2026-02-07,wk inc flu hosp,1,2026-02-14,25,quantile,0.99,116.0
2026-02-07,wk inc flu hosp,1,2026-02-14,26,quantile,0.01,34.0
2026-02-07,wk inc flu hosp,1,2026-02-14,26,quantile,0.025,67.0
2026-02-07,wk inc flu hosp,1,2026-02-14,26,quantile,0.05,97.0
2026-02-07,wk inc flu hosp,1,2026-02-14,26,quantile,0.1,127.0
2026-02-07,wk inc flu hosp,1,2026-02-14,26,quantile,0.15,151.0
2026-02-07,wk inc flu hosp,1,2026-02-14,26,quantile,0.2,164.0
2026-02-07,wk inc flu hosp,1,2026-02-14,26,quantile,0.25,174.0
2026-02-07,wk inc flu hosp,1,2026-02-14,26,quantile,0.3,184.0
2026-02-07,wk inc flu hosp,1,2026-02-14,26,quantile,0.35,192.0
2026-02-07,wk inc flu hosp,1,2026-02-14,26,quantile,0.4,199.0
2026-02-07,wk inc flu hosp,1,2026-02-14,26,quantile,0.45,205.0
2026-02-07,wk inc flu hosp,1,2026-02-14,26,quantile,0.5,211.0
2026-02-07,wk inc flu hosp,1,2026-02-14,26,quantile,0.55,216.0
2026-02-07,wk inc flu hosp,1,2026-02-14,26,quantile,0.6,221.0
2026-02-07,wk inc flu hosp,1,2026-02-14,26,quantile,0.65,226.0
2026-02-07,wk inc flu hosp,1,2026-02-14,26,quantile,0.7,231.0
2026-02-07,wk inc flu hosp,1,2026-02-14,26,quantile,0.75,237.0
2026-02-07,wk inc flu hosp,1,2026-02-14,26,quantile,0.8,242.0
2026-02-07,wk inc flu hosp,1,2026-02-14,26,quantile,0.85,249.0
2026-02-07,wk inc flu hosp,1,2026-02-14,26,quantile,0.9,259.0
2026-02-07,wk inc flu hosp,1,2026-02-14,26,quantile,0.95,276.0
2026-02-07,wk inc flu hosp,1,2026-02-14,26,quantile,0.975,287.0
2026-02-07,wk inc flu hosp,1,2026-02-14,26,quantile,0.99,301.0
2026-02-07,wk inc flu hosp,1,2026-02-14,27,quantile,0.01,6.0
2026-02-07,wk inc flu hosp,1,2026-02-14,27,quantile,0.025,26.0
2026-02-07,wk inc flu hosp,1,2026-02-14,27,quantile,0.05,31.0
2026-02-07,wk inc flu hosp,1,2026-02-14,27,quantile,0.1,55.0
2026-02-07,wk inc flu hosp,1,2026-02-14,27,quantile,0.15,72.0
2026-02-07,wk inc flu hosp,1,2026-02-14,27,quantile,0.2,86.0
2026-02-07,wk inc flu hosp,1,2026-02-14,27,quantile,0.25,98.0
2026-02-07,wk inc flu hosp,1,2026-02-14,27,quantile,0.3,110.0
2026-02-07,wk inc flu hosp,1,2026-02-14,27,quantile,0.35,118.0
2026-02-07,wk inc flu hosp,1,2026-02-14,27,quantile,0.4,129.0
2026-02-07,wk inc flu hosp,1,2026-02-14,27,quantile,0.45,140.0
2026-02-07,wk inc flu hosp,1,2026-02-14,27,quantile,0.5,147.0
2026-02-07,wk inc flu hosp,1,2026-02-14,27,quantile,0.55,154.0
2026-02-07,wk inc flu hosp,1,2026-02-14,27,quantile,0.6,160.0
2026-02-07,wk inc flu hosp,1,2026-02-14,27,quantile,0.65,167.0
2026-02-07,wk inc flu hosp,1,2026-02-14,27,quantile,0.7,173.0
2026-02-07,wk inc flu hosp,1,2026-02-14,27,quantile,0.75,181.0
2026-02-07,wk inc flu hosp,1,2026-02-14,27,quantile,0.8,189.0
2026-02-07,wk inc flu hosp,1,2026-02-14,27,quantile,0.85,196.0
2026-02-07,wk inc flu hosp,1,2026-02-14,27,quantile,0.9,211.0
2026-02-07,wk inc flu hosp,1,2026-02-14,27,quantile,0.95,232.0
2026-02-07,wk inc flu hosp,1,2026-02-14,27,quantile,0.975,245.0
2026-02-07,wk inc flu hosp,1,2026-02-14,27,quantile,0.99,272.0
2026-02-07,wk inc flu hosp,1,2026-02-14,28,quantile,0.01,0.0
2026-02-07,wk inc flu hosp,1,2026-02-14,28,quantile,0.025,19.0
2026-02-07,wk inc flu hosp,1,2026-02-14,28,quantile,0.05,33.0
2026-02-07,wk inc flu hosp,1,2026-02-14,28,quantile,0.1,49.0
2026-02-07,wk inc flu hosp,1,2026-02-14,28,quantile,0.15,61.0
2026-02-07,wk inc flu hosp,1,2026-02-14,28,quantile,0.2,69.0
2026-02-07,wk inc flu hosp,1,2026-02-14,28,quantile,0.25,75.0
2026-02-07,wk inc flu hosp,1,2026-02-14,28,quantile,0.3,79.0
2026-02-07,wk inc flu hosp,1,2026-02-14,28,quantile,0.35,82.0
2026-02-07,wk inc flu hosp,1,2026-02-14,28,quantile,0.4,85.0
2026-02-07,wk inc flu hosp,1,2026-02-14,28,quantile,0.45,89.0
2026-02-07,wk inc flu hosp,1,2026-02-14,28,quantile,0.5,93.0
2026-02-07,wk inc flu hosp,1,2026-02-14,28,quantile,0.55,96.0
2026-02-07,wk inc flu hosp,1,2026-02-14,28,quantile,0.6,98.0
2026-02-07,wk inc flu hosp,1,2026-02-14,28,quantile,0.65,102.0
2026-02-07,wk inc flu hosp,1,2026-02-14,28,quantile,0.7,106.0
2026-02-07,wk inc flu hosp,1,2026-02-14,28,quantile,0.75,110.0
2026-02-07,wk inc flu hosp,1,2026-02-14,28,quantile,0.8,116.0
2026-02-07,wk inc flu hosp,1,2026-02-14,28,quantile,0.85,123.0
2026-02-07,wk inc flu hosp,1,2026-02-14,28,quantile,0.9,133.0
2026-02-07,wk inc flu hosp,1,2026-02-14,28,quantile,0.95,148.0
2026-02-07,wk inc flu hosp,1,2026-02-14,28,quantile,0.975,161.0
2026-02-07,wk inc flu hosp,1,2026-02-14,28,quantile,0.99,176.0
2026-02-07,wk inc flu hosp,1,2026-02-14,30,quantile,0.01,1.0
2026-02-07,wk inc flu hosp,1,2026-02-14,30,quantile,0.025,6.0
2026-02-07,wk inc flu hosp,1,2026-02-14,30,quantile,0.05,6.0
2026-02-07,wk inc flu hosp,1,2026-02-14,30,quantile,0.1,7.0
2026-02-07,wk inc flu hosp,1,2026-02-14,30,quantile,0.15,8.0
2026-02-07,wk inc flu hosp,1,2026-02-14,30,quantile,0.2,10.0
2026-02-07,wk inc flu hosp,1,2026-02-14,30,quantile,0.25,14.0
2026-02-07,wk inc flu hosp,1,2026-02-14,30,quantile,0.3,17.0
2026-02-07,wk inc flu hosp,1,2026-02-14,30,quantile,0.35,20.0
2026-02-07,wk inc flu hosp,1,2026-02-14,30,quantile,0.4,22.0
2026-02-07,wk inc flu hosp,1,2026-02-14,30,quantile,0.45,25.0
2026-02-07,wk inc flu hosp,1,2026-02-14,30,quantile,0.5,28.0
2026-02-07,wk inc flu hosp,1,2026-02-14,30,quantile,0.55,31.0
2026-02-07,wk inc flu hosp,1,2026-02-14,30,quantile,0.6,34.0
2026-02-07,wk inc flu hosp,1,2026-02-14,30,quantile,0.65,36.0
2026-02-07,wk inc flu hosp,1,2026-02-14,30,quantile,0.7,37.0
2026-02-07,wk inc flu hosp,1,2026-02-14,30,quantile,0.75,39.0
2026-02-07,wk inc flu hosp,1,2026-02-14,30,quantile,0.8,41.0
2026-02-07,wk inc flu hosp,1,2026-02-14,30,quantile,0.85,42.0
2026-02-07,wk inc flu hosp,1,2026-02-14,30,quantile,0.9,45.0
2026-02-07,wk inc flu hosp,1,2026-02-14,30,quantile,0.95,50.0
2026-02-07,wk inc flu hosp,1,2026-02-14,30,quantile,0.975,53.0
2026-02-07,wk inc flu hosp,1,2026-02-14,30,quantile,0.99,57.0
2026-02-07,wk inc flu hosp,1,2026-02-14,31,quantile,0.01,0.0
2026-02-07,wk inc flu hosp,1,2026-02-14,31,quantile,0.025,0.0
2026-02-07,wk inc flu hosp,1,2026-02-14,31,quantile,0.05,0.0
2026-02-07,wk inc flu hosp,1,2026-02-14,31,quantile,0.1,0.0
2026-02-07,wk inc flu hosp,1,2026-02-14,31,quantile,0.15,1.0
2026-02-07,wk inc flu hosp,1,2026-02-14,31,quantile,0.2,10.0
2026-02-07,wk inc flu hosp,1,2026-02-14,31,quantile,0.25,21.0
2026-02-07,wk inc flu hosp,1,2026-02-14,31,quantile,0.3,29.0
2026-02-07,wk inc flu hosp,1,2026-02-14,31,quantile,0.35,39.0
2026-02-07,wk inc flu hosp,1,2026-02-14,31,quantile,0.4,48.0
2026-02-07,wk inc flu hosp,1,2026-02-14,31,quantile,0.45,58.0
2026-02-07,wk inc flu hosp,1,2026-02-14,31,quantile,0.5,62.0
2026-02-07,wk inc flu hosp,1,2026-02-14,31,quantile,0.55,65.0
2026-02-07,wk inc flu hosp,1,2026-02-14,31,quantile,0.6,68.0
2026-02-07,wk inc flu hosp,1,2026-02-14,31,quantile,0.65,71.0
2026-02-07,wk inc flu hosp,1,2026-02-14,31,quantile,0.7,74.0
2026-02-07,wk inc flu hosp,1,2026-02-14,31,quantile,0.75,78.0
2026-02-07,wk inc flu hosp,1,2026-02-14,31,quantile,0.8,83.0
2026-02-07,wk inc flu hosp,1,2026-02-14,31,quantile,0.85,88.0
2026-02-07,wk inc flu hosp,1,2026-02-14,31,quantile,0.9,96.0
2026-02-07,wk inc flu hosp,1,2026-02-14,31,quantile,0.95,108.0
2026-02-07,wk inc flu hosp,1,2026-02-14,31,quantile,0.975,117.0
2026-02-07,wk inc flu hosp,1,2026-02-14,31,quantile,0.99,131.0
2026-02-07,wk inc flu hosp,1,2026-02-14,32,quantile,0.01,8.0
2026-02-07,wk inc flu hosp,1,2026-02-14,32,quantile,0.025,12.0
2026-02-07,wk inc flu hosp,1,2026-02-14,32,quantile,0.05,18.0
2026-02-07,wk inc flu hosp,1,2026-02-14,32,quantile,0.1,28.0
2026-02-07,wk inc flu hosp,1,2026-02-14,32,quantile,0.15,35.0
2026-02-07,wk inc flu hosp,1,2026-02-14,32,quantile,0.2,40.0
2026-02-07,wk inc flu hosp,1,2026-02-14,32,quantile,0.25,44.0
2026-02-07,wk inc flu hosp,1,2026-02-14,32,quantile,0.3,48.0
2026-02-07,wk inc flu hosp,1,2026-02-14,32,quantile,0.35,52.0
2026-02-07,wk inc flu hosp,1,2026-02-14,32,quantile,0.4,56.0
2026-02-07,wk inc flu hosp,1,2026-02-14,32,quantile,0.45,57.0
2026-02-07,wk inc flu hosp,1,2026-02-14,32,quantile,0.5,59.0
2026-02-07,wk inc flu hosp,1,2026-02-14,32,quantile,0.55,60.0
2026-02-07,wk inc flu hosp,1,2026-02-14,32,quantile,0.6,62.0
2026-02-07,wk inc flu hosp,1,2026-02-14,32,quantile,0.65,63.0
2026-02-07,wk inc flu hosp,1,2026-02-14,32,quantile,0.7,65.0
2026-02-07,wk inc flu hosp,1,2026-02-14,32,quantile,0.75,67.0
2026-02-07,wk inc flu hosp,1,2026-02-14,32,quantile,0.8,69.0
2026-02-07,wk inc flu hosp,1,2026-02-14,32,quantile,0.85,71.0
2026-02-07,wk inc flu hosp,1,2026-02-14,32,quantile,0.9,74.0
2026-02-07,wk inc flu hosp,1,2026-02-14,32,quantile,0.95,79.0
2026-02-07,wk inc flu hosp,1,2026-02-14,32,quantile,0.975,82.0
2026-02-07,wk inc flu hosp,1,2026-02-14,32,quantile,0.99,85.0
2026-02-07,wk inc flu hosp,1,2026-02-14,33,quantile,0.01,4.0
2026-02-07,wk inc flu hosp,1,2026-02-14,33,quantile,0.025,6.0
2026-02-07,wk inc flu hosp,1,2026-02-14,33,quantile,0.05,8.0
2026-02-07,wk inc flu hosp,1,2026-02-14,33,quantile,0.1,12.0
2026-02-07,wk inc flu hosp,1,2026-02-14,33,quantile,0.15,17.0
2026-02-07,wk inc flu hosp,1,2026-02-14,33,quantile,0.2,20.0
2026-02-07,wk inc flu hosp,1,2026-02-14,33,quantile,0.25,24.0
2026-02-07,wk inc flu hosp,1,2026-02-14,33,quantile,0.3,27.0
2026-02-07,wk inc flu hosp,1,2026-02-14,33,quantile,0.35,29.0
2026-02-07,wk inc flu hosp,1,2026-02-14,33,quantile,0.4,32.0
2026-02-07,wk inc flu hosp,1,2026-02-14,33,quantile,0.45,34.0
2026-02-07,wk inc flu hosp,1,2026-02-14,33,quantile,0.5,34.0
2026-02-07,wk inc flu hosp,1,2026-02-14,33,quantile,0.55,35.0
2026-02-07,wk inc flu hosp,1,2026-02-14,33,quantile,0.6,36.0
2026-02-07,wk inc flu hosp,1,2026-02-14,33,quantile,0.65,37.0
2026-02-07,wk inc flu hosp,1,2026-02-14,33,quantile,0.7,37.0
2026-02-07,wk inc flu hosp,1,2026-02-14,33,quantile,0.75,38.0
2026-02-07,wk inc flu hosp,1,2026-02-14,33,quantile,0.8,39.0
2026-02-07,wk inc flu hosp,1,2026-02-14,33,quantile,0.85,40.0
2026-02-07,wk inc flu hosp,1,2026-02-14,33,quantile,0.9,42.0
2026-02-07,wk inc flu hosp,1,2026-02-14,33,quantile,0.95,44.0
2026-02-07,wk inc flu hosp,1,2026-02-14,33,quantile,0.975,46.0
2026-02-07,wk inc flu hosp,1,2026-02-14,33,quantile,0.99,49.0
2026-02-07,wk inc flu hosp,1,2026-02-14,34,quantile,0.01,0.0
2026-02-07,wk inc flu hosp,1,2026-02-14,34,quantile,0.025,0.0
2026-02-07,wk inc flu hosp,1,2026-02-14,34,quantile,0.05,10.0
2026-02-07,wk inc flu hosp,1,2026-02-14,34,quantile,0.1,33.0
2026-02-07,wk inc flu hosp,1,2026-02-14,34,quantile,0.15,44.0
2026-02-07,wk inc flu hosp,1,2026-02-14,34,quantile,0.2,46.0
2026-02-07,wk inc flu hosp,1,2026-02-14,34,quantile,0.25,51.0
2026-02-07,wk inc flu hosp,1,2026-02-14,34,quantile,0.3,58.0
2026-02-07,wk inc flu hosp,1,2026-02-14,34,quantile,0.35,65.0
2026-02-07,wk inc flu hosp,1,2026-02-14,34,quantile,0.4,72.0
2026-02-07,wk inc flu hosp,1,2026-02-14,34,quantile,0.45,79.0
2026-02-07,wk inc flu hosp,1,2026-02-14,34,quantile,0.5,87.0
2026-02-07,wk inc flu hosp,1,2026-02-14,34,quantile,0.55,94.0
2026-02-07,wk inc flu hosp,1,2026-02-14,34,quantile,0.6,102.0
2026-02-07,wk inc flu hosp,1,2026-02-14,34,quantile,0.65,110.0
2026-02-07,wk inc flu hosp,1,2026-02-14,34,quantile,0.7,117.0
2026-02-07,wk inc flu hosp,1,2026-02-14,34,quantile,0.75,125.0
2026-02-07,wk inc flu hosp,1,2026-02-14,34,quantile,0.8,132.0
2026-02-07,wk inc flu hosp,1,2026-02-14,34,quantile,0.85,139.0
2026-02-07,wk inc flu hosp,1,2026-02-14,34,quantile,0.9,151.0
2026-02-07,wk inc flu hosp,1,2026-02-14,34,quantile,0.95,169.0
2026-02-07,wk inc flu hosp,1,2026-02-14,34,quantile,0.975,191.0
2026-02-07,wk inc flu hosp,1,2026-02-14,34,quantile,0.99,209.0
2026-02-07,wk inc flu hosp,1,2026-02-14,35,quantile,0.01,1.0
2026-02-07,wk inc flu hosp,1,2026-02-14,35,quantile,0.025,5.0
2026-02-07,wk inc flu hosp,1,2026-02-14,35,quantile,0.05,8.0
2026-02-07,wk inc flu hosp,1,2026-02-14,35,quantile,0.1,14.0
2026-02-07,wk inc flu hosp,1,2026-02-14,35,quantile,0.15,20.0
2026-02-07,wk inc flu hosp,1,2026-02-14,35,quantile,0.2,24.0
2026-02-07,wk inc flu hosp,1,2026-02-14,35,quantile,0.25,27.0
2026-02-07,wk inc flu hosp,1,2026-02-14,35,quantile,0.3,28.0
2026-02-07,wk inc flu hosp,1,2026-02-14,35,quantile,0.35,30.0
2026-02-07,wk inc flu hosp,1,2026-02-14,35,quantile,0.4,31.0
2026-02-07,wk inc flu hosp,1,2026-02-14,35,quantile,0.45,32.0
2026-02-07,wk inc flu hosp,1,2026-02-14,35,quantile,0.5,34.0
2026-02-07,wk inc flu hosp,1,2026-02-14,35,quantile,0.55,35.0
2026-02-07,wk inc flu hosp,1,2026-02-14,35,quantile,0.6,36.0
2026-02-07,wk inc flu hosp,1,2026-02-14,35,quantile,0.65,37.0
2026-02-07,wk inc flu hosp,1,2026-02-14,35,quantile,0.7,38.0
2026-02-07,wk inc flu hosp,1,2026-02-14,35,quantile,0.75,40.0
2026-02-07,wk inc flu hosp,1,2026-02-14,35,quantile,0.8,41.0
2026-02-07,wk inc flu hosp,1,2026-02-14,35,quantile,0.85,43.0
2026-02-07,wk inc flu hosp,1,2026-02-14,35,quantile,0.9,46.0
2026-02-07,wk inc flu hosp,1,2026-02-14,35,quantile,0.95,51.0
2026-02-07,wk inc flu hosp,1,2026-02-14,35,quantile,0.975,54.0
2026-02-07,wk inc flu hosp,1,2026-02-14,35,quantile,0.99,57.0
2026-02-07,wk inc flu hosp,1,2026-02-14,36,quantile,0.01,0.0
2026-02-07,wk inc flu hosp,1,2026-02-14,36,quantile,0.025,0.0
2026-02-07,wk inc flu hosp,1,2026-02-14,36,quantile,0.05,11.0
2026-02-07,wk inc flu hosp,1,2026-02-14,36,quantile,0.1,26.0
2026-02-07,wk inc flu hosp,1,2026-02-14,36,quantile,0.15,28.0
2026-02-07,wk inc flu hosp,1,2026-02-14,36,quantile,0.2,30.0
2026-02-07,wk inc flu hosp,1,2026-02-14,36,quantile,0.25,31.0
2026-02-07,wk inc flu hosp,1,2026-02-14,36,quantile,0.3,32.0
2026-02-07,wk inc flu hosp,1,2026-02-14,36,quantile,0.35,32.0
2026-02-07,wk inc flu hosp,1,2026-02-14,36,quantile,0.4,36.0
2026-02-07,wk inc flu hosp,1,2026-02-14,36,quantile,0.45,43.0
2026-02-07,wk inc flu hosp,1,2026-02-14,36,quantile,0.5,48.0
2026-02-07,wk inc flu hosp,1,2026-02-14,36,quantile,0.55,56.0
2026-02-07,wk inc flu hosp,1,2026-02-14,36,quantile,0.6,64.0
2026-02-07,wk inc flu hosp,1,2026-02-14,36,quantile,0.65,72.0
2026-02-07,wk inc flu hosp,1,2026-02-14,36,quantile,0.7,80.0
2026-02-07,wk inc flu hosp,1,2026-02-14,36,quantile,0.75,88.0
2026-02-07,wk inc flu hosp,1,2026-02-14,36,quantile,0.8,95.0
2026-02-07,wk inc flu hosp,1,2026-02-14,36,quantile,0.85,106.0
2026-02-07,wk inc flu hosp,1,2026-02-14,36,quantile,0.9,121.0
2026-02-07,wk inc flu hosp,1,2026-02-14,36,quantile,0.95,148.0
2026-02-07,wk inc flu hosp,1,2026-02-14,36,quantile,0.975,169.0
2026-02-07,wk inc flu hosp,1,2026-02-14,36,quantile,0.99,201.0
2026-02-07,wk inc flu hosp,1,2026-02-14,37,quantile,0.01,0.0
2026-02-07,wk inc flu hosp,1,2026-02-14,37,quantile,0.025,0.0
2026-02-07,wk inc flu hosp,1,2026-02-14,37,quantile,0.05,14.0
2026-02-07,wk inc flu hosp,1,2026-02-14,37,quantile,0.1,80.0
2026-02-07,wk inc flu hosp,1,2026-02-14,37,quantile,0.15,136.0
2026-02-07,wk inc flu hosp,1,2026-02-14,37,quantile,0.2,182.0
2026-02-07,wk inc flu hosp,1,2026-02-14,37,quantile,0.25,221.0
2026-02-07,wk inc flu hosp,1,2026-02-14,37,quantile,0.3,259.0
2026-02-07,wk inc flu hosp,1,2026-02-14,37,quantile,0.35,275.0
2026-02-07,wk inc flu hosp,1,2026-02-14,37,quantile,0.4,287.0
2026-02-07,wk inc flu hosp,1,2026-02-14,37,quantile,0.45,299.0
2026-02-07,wk inc flu hosp,1,2026-02-14,37,quantile,0.5,312.0
2026-02-07,wk inc flu hosp,1,2026-02-14,37,quantile,0.55,322.0
2026-02-07,wk inc flu hosp,1,2026-02-14,37,quantile,0.6,333.0
2026-02-07,wk inc flu hosp,1,2026-02-14,37,quantile,0.65,343.0
2026-02-07,wk inc flu hosp,1,2026-02-14,37,quantile,0.7,354.0
2026-02-07,wk inc flu hosp,1,2026-02-14,37,quantile,0.75,368.0
2026-02-07,wk inc flu hosp,1,2026-02-14,37,quantile,0.8,381.0
2026-02-07,wk inc flu hosp,1,2026-02-14,37,quantile,0.85,398.0
2026-02-07,wk inc flu hosp,1,2026-02-14,37,quantile,0.9,423.0
2026-02-07,wk inc flu hosp,1,2026-02-14,37,quantile,0.95,466.0
2026-02-07,wk inc flu hosp,1,2026-02-14,37,quantile,0.975,493.0
2026-02-07,wk inc flu hosp,1,2026-02-14,37,quantile,0.99,544.0
2026-02-07,wk inc flu hosp,1,2026-02-14,38,quantile,0.01,0.0
2026-02-07,wk inc flu hosp,1,2026-02-14,38,quantile,0.025,2.0
2026-02-07,wk inc flu hosp,1,2026-02-14,38,quantile,0.05,4.0
2026-02-07,wk inc flu hosp,1,2026-02-14,38,quantile,0.1,5.0
2026-02-07,wk inc flu hosp,1,2026-02-14,38,quantile,0.15,7.0
2026-02-07,wk inc flu hosp,1,2026-02-14,38,quantile,0.2,10.0
2026-02-07,wk inc flu hosp,1,2026-02-14,38,quantile,0.25,13.0
2026-02-07,wk inc flu hosp,1,2026-02-14,38,quantile,0.3,14.0
2026-02-07,wk inc flu hosp,1,2026-02-14,38,quantile,0.35,16.0
2026-02-07,wk inc flu hosp,1,2026-02-14,38,quantile,0.4,17.0
2026-02-07,wk inc flu hosp,1,2026-02-14,38,quantile,0.45,18.0
2026-02-07,wk inc flu hosp,1,2026-02-14,38,quantile,0.5,19.0
2026-02-07,wk inc flu hosp,1,2026-02-14,38,quantile,0.55,19.0
2026-02-07,wk inc flu hosp,1,2026-02-14,38,quantile,0.6,20.0
2026-02-07,wk inc flu hosp,1,2026-02-14,38,quantile,0.65,21.0
2026-02-07,wk inc flu hosp,1,2026-02-14,38,quantile,0.7,22.0
2026-02-07,wk inc flu hosp,1,2026-02-14,38,quantile,0.75,22.0
2026-02-07,wk inc flu hosp,1,2026-02-14,38,quantile,0.8,24.0
2026-02-07,wk inc flu hosp,1,2026-02-14,38,quantile,0.85,25.0
2026-02-07,wk inc flu hosp,1,2026-02-14,38,quantile,0.9,26.0
2026-02-07,wk inc flu hosp,1,2026-02-14,38,quantile,0.95,29.0
2026-02-07,wk inc flu hosp,1,2026-02-14,38,quantile,0.975,31.0
2026-02-07,wk inc flu hosp,1,2026-02-14,38,quantile,0.99,33.0
2026-02-07,wk inc flu hosp,1,2026-02-14,39,quantile,0.01,63.0
2026-02-07,wk inc flu hosp,1,2026-02-14,39,quantile,0.025,99.0
2026-02-07,wk inc flu hosp,1,2026-02-14,39,quantile,0.05,139.0
2026-02-07,wk inc flu hosp,1,2026-02-14,39,quantile,0.1,198.0
2026-02-07,wk inc flu hosp,1,2026-02-14,39,quantile,0.15,240.0
2026-02-07,wk inc flu hosp,1,2026-02-14,39,quantile,0.2,276.0
2026-02-07,wk inc flu hosp,1,2026-02-14,39,quantile,0.25,298.0
2026-02-07,wk inc flu hosp,1,2026-02-14,39,quantile,0.3,323.0
2026-02-07,wk inc flu hosp,1,2026-02-14,39,quantile,0.35,347.0
2026-02-07,wk inc flu hosp,1,2026-02-14,39,quantile,0.4,369.0
2026-02-07,wk inc flu hosp,1,2026-02-14,39,quantile,0.45,376.0
2026-02-07,wk inc flu hosp,1,2026-02-14,39,quantile,0.5,383.0
2026-02-07,wk inc flu hosp,1,2026-02-14,39,quantile,0.55,388.0
2026-02-07,wk inc flu hosp,1,2026-02-14,39,quantile,0.6,394.0
2026-02-07,wk inc flu hosp,1,2026-02-14,39,quantile,0.65,399.0
2026-02-07,wk inc flu hosp,1,2026-02-14,39,quantile,0.7,405.0
2026-02-07,wk inc flu hosp,1,2026-02-14,39,quantile,0.75,413.0
2026-02-07,wk inc flu hosp,1,2026-02-14,39,quantile,0.8,419.0
2026-02-07,wk inc flu hosp,1,2026-02-14,39,quantile,0.85,427.0
2026-02-07,wk inc flu hosp,1,2026-02-14,39,quantile,0.9,440.0
2026-02-07,wk inc flu hosp,1,2026-02-14,39,quantile,0.95,460.0
2026-02-07,wk inc flu hosp,1,2026-02-14,39,quantile,0.975,504.0
2026-02-07,wk inc flu hosp,1,2026-02-14,39,quantile,0.99,563.0
2026-02-07,wk inc flu hosp,1,2026-02-14,40,quantile,0.01,4.0
2026-02-07,wk inc flu hosp,1,2026-02-14,40,quantile,0.025,14.0
2026-02-07,wk inc flu hosp,1,2026-02-14,40,quantile,0.05,21.0
2026-02-07,wk inc flu hosp,1,2026-02-14,40,quantile,0.1,46.0
2026-02-07,wk inc flu hosp,1,2026-02-14,40,quantile,0.15,68.0
2026-02-07,wk inc flu hosp,1,2026-02-14,40,quantile,0.2,89.0
2026-02-07,wk inc flu hosp,1,2026-02-14,40,quantile,0.25,104.0
2026-02-07,wk inc flu hosp,1,2026-02-14,40,quantile,0.3,119.0
2026-02-07,wk inc flu hosp,1,2026-02-14,40,quantile,0.35,127.0
2026-02-07,wk inc flu hosp,1,2026-02-14,40,quantile,0.4,133.0
2026-02-07,wk inc flu hosp,1,2026-02-14,40,quantile,0.45,139.0
2026-02-07,wk inc flu hosp,1,2026-02-14,40,quantile,0.5,144.0
2026-02-07,wk inc flu hosp,1,2026-02-14,40,quantile,0.55,149.0
2026-02-07,wk inc flu hosp,1,2026-02-14,40,quantile,0.6,154.0
2026-02-07,wk inc flu hosp,1,2026-02-14,40,quantile,0.65,160.0
2026-02-07,wk inc flu hosp,1,2026-02-14,40,quantile,0.7,166.0
2026-02-07,wk inc flu hosp,1,2026-02-14,40,quantile,0.75,173.0
2026-02-07,wk inc flu hosp,1,2026-02-14,40,quantile,0.8,178.0
2026-02-07,wk inc flu hosp,1,2026-02-14,40,quantile,0.85,182.0
2026-02-07,wk inc flu hosp,1,2026-02-14,40,quantile,0.9,189.0
2026-02-07,wk inc flu hosp,1,2026-02-14,40,quantile,0.95,202.0
2026-02-07,wk inc flu hosp,1,2026-02-14,40,quantile,0.975,209.0
2026-02-07,wk inc flu hosp,1,2026-02-14,40,quantile,0.99,218.0
2026-02-07,wk inc flu hosp,1,2026-02-14,41,quantile,0.01,140.0
2026-02-07,wk inc flu hosp,1,2026-02-14,41,quantile,0.025,167.0
2026-02-07,wk inc flu hosp,1,2026-02-14,41,quantile,0.05,183.0
2026-02-07,wk inc flu hosp,1,2026-02-14,41,quantile,0.1,199.0
2026-02-07,wk inc flu hosp,1,2026-02-14,41,quantile,0.15,212.0
2026-02-07,wk inc flu hosp,1,2026-02-14,41,quantile,0.2,220.0
2026-02-07,wk inc flu hosp,1,2026-02-14,41,quantile,0.25,228.0
2026-02-07,wk inc flu hosp,1,2026-02-14,41,quantile,0.3,235.0
2026-02-07,wk inc flu hosp,1,2026-02-14,41,quantile,0.35,240.0
2026-02-07,wk inc flu hosp,1,2026-02-14,41,quantile,0.4,249.0
2026-02-07,wk inc flu hosp,1,2026-02-14,41,quantile,0.45,254.0
2026-02-07,wk inc flu hosp,1,2026-02-14,41,quantile,0.5,260.0
2026-02-07,wk inc flu hosp,1,2026-02-14,41,quantile,0.55,266.0
2026-02-07,wk inc flu hosp,1,2026-02-14,41,quantile,0.6,270.0
2026-02-07,wk inc flu hosp,1,2026-02-14,41,quantile,0.65,275.0
2026-02-07,wk inc flu hosp,1,2026-02-14,41,quantile,0.7,280.0
2026-02-07,wk inc flu hosp,1,2026-02-14,41,quantile,0.75,287.0
2026-02-07,wk inc flu hosp,1,2026-02-14,41,quantile,0.8,292.0
2026-02-07,wk inc flu hosp,1,2026-02-14,41,quantile,0.85,299.0
2026-02-07,wk inc flu hosp,1,2026-02-14,41,quantile,0.9,308.0
2026-02-07,wk inc flu hosp,1,2026-02-14,41,quantile,0.95,323.0
2026-02-07,wk inc flu hosp,1,2026-02-14,41,quantile,0.975,333.0
2026-02-07,wk inc flu hosp,1,2026-02-14,41,quantile,0.99,347.0
2026-02-07,wk inc flu hosp,1,2026-02-14,42,quantile,0.01,0.0
2026-02-07,wk inc flu hosp,1,2026-02-14,42,quantile,0.025,0.0
2026-02-07,wk inc flu hosp,1,2026-02-14,42,quantile,0.05,4.0
2026-02-07,wk inc flu hosp,1,2026-02-14,42,quantile,0.1,43.0
2026-02-07,wk inc flu hosp,1,2026-02-14,42,quantile,0.15,84.0
2026-02-07,wk inc flu hosp,1,2026-02-14,42,quantile,0.2,98.0
2026-02-07,wk inc flu hosp,1,2026-02-14,42,quantile,0.25,110.0
2026-02-07,wk inc flu hosp,1,2026-02-14,42,quantile,0.3,124.0
2026-02-07,wk inc flu hosp,1,2026-02-14,42,quantile,0.35,141.0
2026-02-07,wk inc flu hosp,1,2026-02-14,42,quantile,0.4,160.0
2026-02-07,wk inc flu hosp,1,2026-02-14,42,quantile,0.45,179.0
2026-02-07,wk inc flu hosp,1,2026-02-14,42,quantile,0.5,202.0
2026-02-07,wk inc flu hosp,1,2026-02-14,42,quantile,0.55,221.0
2026-02-07,wk inc flu hosp,1,2026-02-14,42,quantile,0.6,242.0
2026-02-07,wk inc flu hosp,1,2026-02-14,42,quantile,0.65,259.0
2026-02-07,wk inc flu hosp,1,2026-02-14,42,quantile,0.7,275.0
2026-02-07,wk inc flu hosp,1,2026-02-14,42,quantile,0.75,292.0
2026-02-07,wk inc flu hosp,1,2026-02-14,42,quantile,0.8,310.0
2026-02-07,wk inc flu hosp,1,2026-02-14,42,quantile,0.85,329.0
2026-02-07,wk inc flu hosp,1,2026-02-14,42,quantile,0.9,359.0
2026-02-07,wk inc flu hosp,1,2026-02-14,42,quantile,0.95,417.0
2026-02-07,wk inc flu hosp,1,2026-02-14,42,quantile,0.975,475.0
2026-02-07,wk inc flu hosp,1,2026-02-14,42,quantile,0.99,528.0
2026-02-07,wk inc flu hosp,1,2026-02-14,44,quantile,0.01,0.0
2026-02-07,wk inc flu hosp,1,2026-02-14,44,quantile,0.025,0.0
2026-02-07,wk inc flu hosp,1,2026-02-14,44,quantile,0.05,0.0
2026-02-07,wk inc flu hosp,1,2026-02-14,44,quantile,0.1,2.0
2026-02-07,wk inc flu hosp,1,2026-02-14,44,quantile,0.15,3.0
2026-02-07,wk inc flu hosp,1,2026-02-14,44,quantile,0.2,3.0
2026-02-07,wk inc flu hosp,1,2026-02-14,44,quantile,0.25,3.0
2026-02-07,wk inc flu hosp,1,2026-02-14,44,quantile,0.3,3.0
2026-02-07,wk inc flu hosp,1,2026-02-14,44,quantile,0.35,3.0
2026-02-07,wk inc flu hosp,1,2026-02-14,44,quantile,0.4,4.0
2026-02-07,wk inc flu hosp,1,2026-02-14,44,quantile,0.45,4.0
2026-02-07,wk inc flu hosp,1,2026-02-14,44,quantile,0.5,4.0
2026-02-07,wk inc flu hosp,1,2026-02-14,44,quantile,0.55,4.0
2026-02-07,wk inc flu hosp,1,2026-02-14,44,quantile,0.6,4.0
2026-02-07,wk inc flu hosp,1,2026-02-14,44,quantile,0.65,4.0
2026-02-07,wk inc flu hosp,1,2026-02-14,44,quantile,0.7,4.0
2026-02-07,wk inc flu hosp,1,2026-02-14,44,quantile,0.75,4.0
2026-02-07,wk inc flu hosp,1,2026-02-14,44,quantile,0.8,4.0
2026-02-07,wk inc flu hosp,1,2026-02-14,44,quantile,0.85,4.0
2026-02-07,wk inc flu hosp,1,2026-02-14,44,quantile,0.9,4.0
2026-02-07,wk inc flu hosp,1,2026-02-14,44,quantile,0.95,5.0
2026-02-07,wk inc flu hosp,1,2026-02-14,44,quantile,0.975,6.0
2026-02-07,wk inc flu hosp,1,2026-02-14,44,quantile,0.99,8.0
2026-02-07,wk inc flu hosp,1,2026-02-14,45,quantile,0.01,0.0
2026-02-07,wk inc flu hosp,1,2026-02-14,45,quantile,0.025,4.0
2026-02-07,wk inc flu hosp,1,2026-02-14,45,quantile,0.05,10.0
2026-02-07,wk inc flu hosp,1,2026-02-14,45,quantile,0.1,36.0
2026-02-07,wk inc flu hosp,1,2026-02-14,45,quantile,0.15,55.0
2026-02-07,wk inc flu hosp,1,2026-02-14,45,quantile,0.2,70.0
2026-02-07,wk inc flu hosp,1,2026-02-14,45,quantile,0.25,85.0
2026-02-07,wk inc flu hosp,1,2026-02-14,45,quantile,0.3,97.0
2026-02-07,wk inc flu hosp,1,2026-02-14,45,quantile,0.35,110.0
2026-02-07,wk inc flu hosp,1,2026-02-14,45,quantile,0.4,122.0
2026-02-07,wk inc flu hosp,1,2026-02-14,45,quantile,0.45,129.0
2026-02-07,wk inc flu hosp,1,2026-02-14,45,quantile,0.5,134.0
2026-02-07,wk inc flu hosp,1,2026-02-14,45,quantile,0.55,139.0
2026-02-07,wk inc flu hosp,1,2026-02-14,45,quantile,0.6,143.0
2026-02-07,wk inc flu hosp,1,2026-02-14,45,quantile,0.65,149.0
2026-02-07,wk inc flu hosp,1,2026-02-14,45,quantile,0.7,154.0
2026-02-07,wk inc flu hosp,1,2026-02-14,45,quantile,0.75,160.0
2026-02-07,wk inc flu hosp,1,2026-02-14,45,quantile,0.8,166.0
2026-02-07,wk inc flu hosp,1,2026-02-14,45,quantile,0.85,173.0
2026-02-07,wk inc flu hosp,1,2026-02-14,45,quantile,0.9,182.0
2026-02-07,wk inc flu hosp,1,2026-02-14,45,quantile,0.95,199.0
2026-02-07,wk inc flu hosp,1,2026-02-14,45,quantile,0.975,209.0
2026-02-07,wk inc flu hosp,1,2026-02-14,45,quantile,0.99,221.0
2026-02-07,wk inc flu hosp,1,2026-02-14,46,quantile,0.01,14.0
2026-02-07,wk inc flu hosp,1,2026-02-14,46,quantile,0.025,20.0
2026-02-07,wk inc flu hosp,1,2026-02-14,46,quantile,0.05,22.0
2026-02-07,wk inc flu hosp,1,2026-02-14,46,quantile,0.1,25.0
2026-02-07,wk inc flu hosp,1,2026-02-14,46,quantile,0.15,26.0
2026-02-07,wk inc flu hosp,1,2026-02-14,46,quantile,0.2,27.0
2026-02-07,wk inc flu hosp,1,2026-02-14,46,quantile,0.25,28.0
2026-02-07,wk inc flu hosp,1,2026-02-14,46,quantile,0.3,29.0
2026-02-07,wk inc flu hosp,1,2026-02-14,46,quantile,0.35,30.0
2026-02-07,wk inc flu hosp,1,2026-02-14,46,quantile,0.4,31.0
2026-02-07,wk inc flu hosp,1,2026-02-14,46,quantile,0.45,31.0
2026-02-07,wk inc flu hosp,1,2026-02-14,46,quantile,0.5,32.0
2026-02-07,wk inc flu hosp,1,2026-02-14,46,quantile,0.55,33.0
2026-02-07,wk inc flu hosp,1,2026-02-14,46,quantile,0.6,33.0
2026-02-07,wk inc flu hosp,1,2026-02-14,46,quantile,0.65,34.0
2026-02-07,wk inc flu hosp,1,2026-02-14,46,quantile,0.7,34.0
2026-02-07,wk inc flu hosp,1,2026-02-14,46,quantile,0.75,35.0
2026-02-07,wk inc flu hosp,1,2026-02-14,46,quantile,0.8,35.0
2026-02-07,wk inc flu hosp,1,2026-02-14,46,quantile,0.85,36.0
2026-02-07,wk inc flu hosp,1,2026-02-14,46,quantile,0.9,38.0
2026-02-07,wk inc flu hosp,1,2026-02-14,46,quantile,0.95,40.0
2026-02-07,wk inc flu hosp,1,2026-02-14,46,quantile,0.975,42.0
2026-02-07,wk inc flu hosp,1,2026-02-14,46,quantile,0.99,44.0
2026-02-07,wk inc flu hosp,1,2026-02-14,47,quantile,0.01,16.0
2026-02-07,wk inc flu hosp,1,2026-02-14,47,quantile,0.025,32.0
2026-02-07,wk inc flu hosp,1,2026-02-14,47,quantile,0.05,56.0
2026-02-07,wk inc flu hosp,1,2026-02-14,47,quantile,0.1,95.0
2026-02-07,wk inc flu hosp,1,2026-02-14,47,quantile,0.15,123.0
2026-02-07,wk inc flu hosp,1,2026-02-14,47,quantile,0.2,144.0
2026-02-07,wk inc flu hosp,1,2026-02-14,47,quantile,0.25,162.0
2026-02-07,wk inc flu hosp,1,2026-02-14,47,quantile,0.3,179.0
2026-02-07,wk inc flu hosp,1,2026-02-14,47,quantile,0.35,193.0
2026-02-07,wk inc flu hosp,1,2026-02-14,47,quantile,0.4,208.0
2026-02-07,wk inc flu hosp,1,2026-02-14,47,quantile,0.45,224.0
2026-02-07,wk inc flu hosp,1,2026-02-14,47,quantile,0.5,236.0
2026-02-07,wk inc flu hosp,1,2026-02-14,47,quantile,0.55,249.0
2026-02-07,wk inc flu hosp,1,2026-02-14,47,quantile,0.6,263.0
2026-02-07,wk inc flu hosp,1,2026-02-14,47,quantile,0.65,275.0
2026-02-07,wk inc flu hosp,1,2026-02-14,47,quantile,0.7,290.0
2026-02-07,wk inc flu hosp,1,2026-02-14,47,quantile,0.75,309.0
2026-02-07,wk inc flu hosp,1,2026-02-14,47,quantile,0.8,325.0
2026-02-07,wk inc flu hosp,1,2026-02-14,47,quantile,0.85,344.0
2026-02-07,wk inc flu hosp,1,2026-02-14,47,quantile,0.9,365.0
2026-02-07,wk inc flu hosp,1,2026-02-14,47,quantile,0.95,387.0
2026-02-07,wk inc flu hosp,1,2026-02-14,47,quantile,0.975,413.0
2026-02-07,wk inc flu hosp,1,2026-02-14,47,quantile,0.99,444.0
2026-02-07,wk inc flu hosp,1,2026-02-14,48,quantile,0.01,4.0
2026-02-07,wk inc flu hosp,1,2026-02-14,48,quantile,0.025,77.0
2026-02-07,wk inc flu hosp,1,2026-02-14,48,quantile,0.05,173.0
2026-02-07,wk inc flu hosp,1,2026-02-14,48,quantile,0.1,344.0
2026-02-07,wk inc flu hosp,1,2026-02-14,48,quantile,0.15,438.0
2026-02-07,wk inc flu hosp,1,2026-02-14,48,quantile,0.2,535.0
2026-02-07,wk inc flu hosp,1,2026-02-14,48,quantile,0.25,628.0
2026-02-07,wk inc flu hosp,1,2026-02-14,48,quantile,0.3,717.0
2026-02-07,wk inc flu hosp,1,2026-02-14,48,quantile,0.35,787.0
2026-02-07,wk inc flu hosp,1,2026-02-14,48,quantile,0.4,864.0
2026-02-07,wk inc flu hosp,1,2026-02-14,48,quantile,0.45,919.0
2026-02-07,wk inc flu hosp,1,2026-02-14,48,quantile,0.5,945.0
2026-02-07,wk inc flu hosp,1,2026-02-14,48,quantile,0.55,969.0
2026-02-07,wk inc flu hosp,1,2026-02-14,48,quantile,0.6,993.0
2026-02-07,wk inc flu hosp,1,2026-02-14,48,quantile,0.65,1019.0
2026-02-07,wk inc flu hosp,1,2026-02-14,48,quantile,0.7,1056.0
2026-02-07,wk inc flu hosp,1,2026-02-14,48,quantile,0.75,1095.0
2026-02-07,wk inc flu hosp,1,2026-02-14,48,quantile,0.8,1129.0
2026-02-07,wk inc flu hosp,1,2026-02-14,48,quantile,0.85,1170.0
2026-02-07,wk inc flu hosp,1,2026-02-14,48,quantile,0.9,1245.0
2026-02-07,wk inc flu hosp,1,2026-02-14,48,quantile,0.95,1342.0
2026-02-07,wk inc flu hosp,1,2026-02-14,48,quantile,0.975,1391.0
2026-02-07,wk inc flu hosp,1,2026-02-14,48,quantile,0.99,1464.0
2026-02-07,wk inc flu hosp,1,2026-02-14,49,quantile,0.01,17.0
2026-02-07,wk inc flu hosp,1,2026-02-14,49,quantile,0.025,28.0
2026-02-07,wk inc flu hosp,1,2026-02-14,49,quantile,0.05,38.0
2026-02-07,wk inc flu hosp,1,2026-02-14,49,quantile,0.1,49.0
2026-02-07,wk inc flu hosp,1,2026-02-14,49,quantile,0.15,57.0
2026-02-07,wk inc flu hosp,1,2026-02-14,49,quantile,0.2,63.0
2026-02-07,wk inc flu hosp,1,2026-02-14,49,quantile,0.25,69.0
2026-02-07,wk inc flu hosp,1,2026-02-14,49,quantile,0.3,73.0
2026-02-07,wk inc flu hosp,1,2026-02-14,49,quantile,0.35,78.0
2026-02-07,wk inc flu hosp,1,2026-02-14,49,quantile,0.4,83.0
2026-02-07,wk inc flu hosp,1,2026-02-14,49,quantile,0.45,87.0
2026-02-07,wk inc flu hosp,1,2026-02-14,49,quantile,0.5,92.0
2026-02-07,wk inc flu hosp,1,2026-02-14,49,quantile,0.55,95.0
2026-02-07,wk inc flu hosp,1,2026-02-14,49,quantile,0.6,100.0
2026-02-07,wk inc flu hosp,1,2026-02-14,49,quantile,0.65,105.0
2026-02-07,wk inc flu hosp,1,2026-02-14,49,quantile,0.7,110.0
2026-02-07,wk inc flu hosp,1,2026-02-14,49,quantile,0.75,115.0
2026-02-07,wk inc flu hosp,1,2026-02-14,49,quantile,0.8,120.0
2026-02-07,wk inc flu hosp,1,2026-02-14,49,quantile,0.85,126.0
2026-02-07,wk inc flu hosp,1,2026-02-14,49,quantile,0.9,135.0
2026-02-07,wk inc flu hosp,1,2026-02-14,49,quantile,0.95,147.0
2026-02-07,wk inc flu hosp,1,2026-02-14,49,quantile,0.975,157.0
2026-02-07,wk inc flu hosp,1,2026-02-14,49,quantile,0.99,170.0
2026-02-07,wk inc flu hosp,1,2026-02-14,50,quantile,0.01,0.0
2026-02-07,wk inc flu hosp,1,2026-02-14,50,quantile,0.025,0.0
2026-02-07,wk inc flu hosp,1,2026-02-14,50,quantile,0.05,0.0
2026-02-07,wk inc flu hosp,1,2026-02-14,50,quantile,0.1,2.0
2026-02-07,wk inc flu hosp,1,2026-02-14,50,quantile,0.15,5.0
2026-02-07,wk inc flu hosp,1,2026-02-14,50,quantile,0.2,6.0
2026-02-07,wk inc flu hosp,1,2026-02-14,50,quantile,0.25,7.0
2026-02-07,wk inc flu hosp,1,2026-02-14,50,quantile,0.3,8.0
2026-02-07,wk inc flu hosp,1,2026-02-14,50,quantile,0.35,9.0
2026-02-07,wk inc flu hosp,1,2026-02-14,50,quantile,0.4,9.0
2026-02-07,wk inc flu hosp,1,2026-02-14,50,quantile,0.45,10.0
2026-02-07,wk inc flu hosp,1,2026-02-14,50,quantile,0.5,11.0
2026-02-07,wk inc flu hosp,1,2026-02-14,50,quantile,0.55,11.0
2026-02-07,wk inc flu hosp,1,2026-02-14,50,quantile,0.6,12.0
2026-02-07,wk inc flu hosp,1,2026-02-14,50,quantile,0.65,12.0
2026-02-07,wk inc flu hosp,1,2026-02-14,50,quantile,0.7,13.0
2026-02-07,wk inc flu hosp,1,2026-02-14,50,quantile,0.75,14.0
2026-02-07,wk inc flu hosp,1,2026-02-14,50,quantile,0.8,15.0
2026-02-07,wk inc flu hosp,1,2026-02-14,50,quantile,0.85,15.0
2026-02-07,wk inc flu hosp,1,2026-02-14,50,quantile,0.9,17.0
2026-02-07,wk inc flu hosp,1,2026-02-14,50,quantile,0.95,19.0
2026-02-07,wk inc flu hosp,1,2026-02-14,50,quantile,0.975,20.0
2026-02-07,wk inc flu hosp,1,2026-02-14,50,quantile,0.99,22.0
2026-02-07,wk inc flu hosp,1,2026-02-14,51,quantile,0.01,0.0
2026-02-07,wk inc flu hosp,1,2026-02-14,51,quantile,0.025,0.0
2026-02-07,wk inc flu hosp,1,2026-02-14,51,quantile,0.05,17.0
2026-02-07,wk inc flu hosp,1,2026-02-14,51,quantile,0.1,66.0
2026-02-07,wk inc flu hosp,1,2026-02-14,51,quantile,0.15,82.0
2026-02-07,wk inc flu hosp,1,2026-02-14,51,quantile,0.2,87.0
2026-02-07,wk inc flu hosp,1,2026-02-14,51,quantile,0.25,90.0
2026-02-07,wk inc flu hosp,1,2026-02-14,51,quantile,0.3,99.0
2026-02-07,wk inc flu hosp,1,2026-02-14,51,quantile,0.35,110.0
2026-02-07,wk inc flu hosp,1,2026-02-14,51,quantile,0.4,121.0
2026-02-07,wk inc flu hosp,1,2026-02-14,51,quantile,0.45,131.0
2026-02-07,wk inc flu hosp,1,2026-02-14,51,quantile,0.5,137.0
2026-02-07,wk inc flu hosp,1,2026-02-14,51,quantile,0.55,147.0
2026-02-07,wk inc flu hosp,1,2026-02-14,51,quantile,0.6,157.0
2026-02-07,wk inc flu hosp,1,2026-02-14,51,quantile,0.65,167.0
2026-02-07,wk inc flu hosp,1,2026-02-14,51,quantile,0.7,179.0
2026-02-07,wk inc flu hosp,1,2026-02-14,51,quantile,0.75,191.0
2026-02-07,wk inc flu hosp,1,2026-02-14,51,quantile,0.8,210.0
2026-02-07,wk inc flu hosp,1,2026-02-14,51,quantile,0.85,255.0
2026-02-07,wk inc flu hosp,1,2026-02-14,51,quantile,0.9,357.0
2026-02-07,wk inc flu hosp,1,2026-02-14,51,quantile,0.95,444.0
2026-02-07,wk inc flu hosp,1,2026-02-14,51,quantile,0.975,478.0
2026-02-07,wk inc flu hosp,1,2026-02-14,51,quantile,0.99,523.0
2026-02-07,wk inc flu hosp,1,2026-02-14,53,quantile,0.01,87.0
2026-02-07,wk inc flu hosp,1,2026-02-14,53,quantile,0.025,131.0
2026-02-07,wk inc flu hosp,1,2026-02-14,53,quantile,0.05,165.0
2026-02-07,wk inc flu hosp,1,2026-02-14,53,quantile,0.1,205.0
2026-02-07,wk inc flu hosp,1,2026-02-14,53,quantile,0.15,237.0
2026-02-07,wk inc flu hosp,1,2026-02-14,53,quantile,0.2,259.0
2026-02-07,wk inc flu hosp,1,2026-02-14,53,quantile,0.25,277.0
2026-02-07,wk inc flu hosp,1,2026-02-14,53,quantile,0.3,299.0
2026-02-07,wk inc flu hosp,1,2026-02-14,53,quantile,0.35,316.0
2026-02-07,wk inc flu hosp,1,2026-02-14,53,quantile,0.4,334.0
2026-02-07,wk inc flu hosp,1,2026-02-14,53,quantile,0.45,346.0
2026-02-07,wk inc flu hosp,1,2026-02-14,53,quantile,0.5,356.0
2026-02-07,wk inc flu hosp,1,2026-02-14,53,quantile,0.55,363.0
2026-02-07,wk inc flu hosp,1,2026-02-14,53,quantile,0.6,369.0
2026-02-07,wk inc flu hosp,1,2026-02-14,53,quantile,0.65,375.0
2026-02-07,wk inc flu hosp,1,2026-02-14,53,quantile,0.7,382.0
2026-02-07,wk inc flu hosp,1,2026-02-14,53,quantile,0.75,392.0
2026-02-07,wk inc flu hosp,1,2026-02-14,53,quantile,0.8,402.0
2026-02-07,wk inc flu hosp,1,2026-02-14,53,quantile,0.85,413.0
2026-02-07,wk inc flu hosp,1,2026-02-14,53,quantile,0.9,439.0
2026-02-07,wk inc flu hosp,1,2026-02-14,53,quantile,0.95,482.0
2026-02-07,wk inc flu hosp,1,2026-02-14,53,quantile,0.975,532.0
2026-02-07,wk inc flu hosp,1,2026-02-14,53,quantile,0.99,581.0
2026-02-07,wk inc flu hosp,1,2026-02-14,54,quantile,0.01,0.0
2026-02-07,wk inc flu hosp,1,2026-02-14,54,quantile,0.025,0.0
2026-02-07,wk inc flu hosp,1,2026-02-14,54,quantile,0.05,1.0
2026-02-07,wk inc flu hosp,1,2026-02-14,54,quantile,0.1,6.0
2026-02-07,wk inc flu hosp,1,2026-02-14,54,quantile,0.15,9.0
2026-02-07,wk inc flu hosp,1,2026-02-14,54,quantile,0.2,19.0
2026-02-07,wk inc flu hosp,1,2026-02-14,54,quantile,0.25,29.0
2026-02-07,wk inc flu hosp,1,2026-02-14,54,quantile,0.3,39.0
2026-02-07,wk inc flu hosp,1,2026-02-14,54,quantile,0.35,50.0
2026-02-07,wk inc flu hosp,1,2026-02-14,54,quantile,0.4,56.0
2026-02-07,wk inc flu hosp,1,2026-02-14,54,quantile,0.45,61.0
2026-02-07,wk inc flu hosp,1,2026-02-14,54,quantile,0.5,64.0
2026-02-07,wk inc flu hosp,1,2026-02-14,54,quantile,0.55,67.0
2026-02-07,wk inc flu hosp,1,2026-02-14,54,quantile,0.6,69.0
2026-02-07,wk inc flu hosp,1,2026-02-14,54,quantile,0.65,72.0
2026-02-07,wk inc flu hosp,1,2026-02-14,54,quantile,0.7,74.0
2026-02-07,wk inc flu hosp,1,2026-02-14,54,quantile,0.75,78.0
2026-02-07,wk inc flu hosp,1,2026-02-14,54,quantile,0.8,80.0
2026-02-07,wk inc flu hosp,1,2026-02-14,54,quantile,0.85,84.0
2026-02-07,wk inc flu hosp,1,2026-02-14,54,quantile,0.9,89.0
2026-02-07,wk inc flu hosp,1,2026-02-14,54,quantile,0.95,98.0
2026-02-07,wk inc flu hosp,1,2026-02-14,54,quantile,0.975,104.0
2026-02-07,wk inc flu hosp,1,2026-02-14,54,quantile,0.99,112.0
2026-02-07,wk inc flu hosp,1,2026-02-14,55,quantile,0.01,8.0
2026-02-07,wk inc flu hosp,1,2026-02-14,55,quantile,0.025,27.0
2026-02-07,wk inc flu hosp,1,2026-02-14,55,quantile,0.05,55.0
2026-02-07,wk inc flu hosp,1,2026-02-14,55,quantile,0.1,85.0
2026-02-07,wk inc flu hosp,1,2026-02-14,55,quantile,0.15,106.0
2026-02-07,wk inc flu hosp,1,2026-02-14,55,quantile,0.2,115.0
2026-02-07,wk inc flu hosp,1,2026-02-14,55,quantile,0.25,122.0
2026-02-07,wk inc flu hosp,1,2026-02-14,55,quantile,0.3,131.0
2026-02-07,wk inc flu hosp,1,2026-02-14,55,quantile,0.35,139.0
2026-02-07,wk inc flu hosp,1,2026-02-14,55,quantile,0.4,147.0
2026-02-07,wk inc flu hosp,1,2026-02-14,55,quantile,0.45,154.0
2026-02-07,wk inc flu hosp,1,2026-02-14,55,quantile,0.5,161.0
2026-02-07,wk inc flu hosp,1,2026-02-14,55,quantile,0.55,167.0
2026-02-07,wk inc flu hosp,1,2026-02-14,55,quantile,0.6,171.0
2026-02-07,wk inc flu hosp,1,2026-02-14,55,quantile,0.65,177.0
2026-02-07,wk inc flu hosp,1,2026-02-14,55,quantile,0.7,183.0
2026-02-07,wk inc flu hosp,1,2026-02-14,55,quantile,0.75,191.0
2026-02-07,wk inc flu hosp,1,2026-02-14,55,quantile,0.8,198.0
2026-02-07,wk inc flu hosp,1,2026-02-14,55,quantile,0.85,206.0
2026-02-07,wk inc flu hosp,1,2026-02-14,55,quantile,0.9,220.0
2026-02-07,wk inc flu hosp,1,2026-02-14,55,quantile,0.95,239.0
2026-02-07,wk inc flu hosp,1,2026-02-14,55,quantile,0.975,252.0
2026-02-07,wk inc flu hosp,1,2026-02-14,55,quantile,0.99,266.0
2026-02-07,wk inc flu hosp,1,2026-02-14,56,quantile,0.01,0.0
2026-02-07,wk inc flu hosp,1,2026-02-14,56,quantile,0.025,0.0
2026-02-07,wk inc flu hosp,1,2026-02-14,56,quantile,0.05,0.0
2026-02-07,wk inc flu hosp,1,2026-02-14,56,quantile,0.1,2.0
2026-02-07,wk inc flu hosp,1,2026-02-14,56,quantile,0.15,4.0
2026-02-07,wk inc flu hosp,1,2026-02-14,56,quantile,0.2,4.0
2026-02-07,wk inc flu hosp,1,2026-02-14,56,quantile,0.25,4.0
2026-02-07,wk inc flu hosp,1,2026-02-14,56,quantile,0.3,5.0
2026-02-07,wk inc flu hosp,1,2026-02-14,56,quantile,0.35,5.0
2026-02-07,wk inc flu hosp,1,2026-02-14,56,quantile,0.4,5.0
2026-02-07,wk inc flu hosp,1,2026-02-14,56,quantile,0.45,6.0
2026-02-07,wk inc flu hosp,1,2026-02-14,56,quantile,0.5,6.0
2026-02-07,wk inc flu hosp,1,2026-02-14,56,quantile,0.55,6.0
2026-02-07,wk inc flu hosp,1,2026-02-14,56,quantile,0.6,7.0
2026-02-07,wk inc flu hosp,1,2026-02-14,56,quantile,0.65,7.0
2026-02-07,wk inc flu hosp,1,2026-02-14,56,quantile,0.7,7.0
2026-02-07,wk inc flu hosp,1,2026-02-14,56,quantile,0.75,8.0
2026-02-07,wk inc flu hosp,1,2026-02-14,56,quantile,0.8,8.0
2026-02-07,wk inc flu hosp,1,2026-02-14,56,quantile,0.85,9.0
2026-02-07,wk inc flu hosp,1,2026-02-14,56,quantile,0.9,9.0
2026-02-07,wk inc flu hosp,1,2026-02-14,56,quantile,0.95,11.0
2026-02-07,wk inc flu hosp,1,2026-02-14,56,quantile,0.975,12.0
2026-02-07,wk inc flu hosp,1,2026-02-14,56,quantile,0.99,12.0
2026-02-07,wk inc flu hosp,1,2026-02-14,US,quantile,0.01,2094.0
2026-02-07,wk inc flu hosp,1,2026-02-14,US,quantile,0.025,3376.0
2026-02-07,wk inc flu hosp,1,2026-02-14,US,quantile,0.05,4709.0
2026-02-07,wk inc flu hosp,1,2026-02-14,US,quantile,0.1,5950.0
2026-02-07,wk inc flu hosp,1,2026-02-14,US,quantile,0.15,6633.0
2026-02-07,wk inc flu hosp,1,2026-02-14,US,quantile,0.2,6946.0
2026-02-07,wk inc flu hosp,1,2026-02-14,US,quantile,0.25,7189.0
2026-02-07,wk inc flu hosp,1,2026-02-14,US,quantile,0.3,7411.0
2026-02-07,wk inc flu hosp,1,2026-02-14,US,quantile,0.35,7610.0
2026-02-07,wk inc flu hosp,1,2026-02-14,US,quantile,0.4,7831.0
2026-02-07,wk inc flu hosp,1,2026-02-14,US,quantile,0.45,8064.0
2026-02-07,wk inc flu hosp,1,2026-02-14,US,quantile,0.5,8308.0
2026-02-07,wk inc flu hosp,1,2026-02-14,US,quantile,0.55,8546.0
2026-02-07,wk inc flu hosp,1,2026-02-14,US,quantile,0.6,8814.0
2026-02-07,wk inc flu hosp,1,2026-02-14,US,quantile,0.65,9059.0
2026-02-07,wk inc flu hosp,1,2026-02-14,US,quantile,0.7,9359.0
2026-02-07,wk inc flu hosp,1,2026-02-14,US,quantile,0.75,9676.0
2026-02-07,wk inc flu hosp,1,2026-02-14,US,quantile,0.8,9996.0
2026-02-07,wk inc flu hosp,1,2026-02-14,US,quantile,0.85,10314.0
2026-02-07,wk inc flu hosp,1,2026-02-14,US,quantile,0.9,10782.0
2026-02-07,wk inc flu hosp,1,2026-02-14,US,quantile,0.95,11536.0
2026-02-07,wk inc flu hosp,1,2026-02-14,US,quantile,0.975,12207.0
2026-02-07,wk inc flu hosp,1,2026-02-14,US,quantile,0.99,12997.0
2026-02-07,wk inc flu hosp,2,2026-02-21,01,quantile,0.01,0.0
2026-02-07,wk inc flu hosp,2,2026-02-21,01,quantile,0.025,0.0
2026-02-07,wk inc flu hosp,2,2026-02-21,01,quantile,0.05,0.0
2026-02-07,wk inc flu hosp,2,2026-02-21,01,quantile,0.1,0.0
2026-02-07,wk inc flu hosp,2,2026-02-21,01,quantile,0.15,29.0
2026-02-07,wk inc flu hosp,2,2026-02-21,01,quantile,0.2,54.0
2026-02-07,wk inc flu hosp,2,2026-02-21,01,quantile,0.25,58.0
2026-02-07,wk inc flu hosp,2,2026-02-21,01,quantile,0.3,60.0
2026-02-07,wk inc flu hosp,2,2026-02-21,01,quantile,0.35,61.0
2026-02-07,wk inc flu hosp,2,2026-02-21,01,quantile,0.4,63.0
2026-02-07,wk inc flu hosp,2,2026-02-21,01,quantile,0.45,74.0
2026-02-07,wk inc flu hosp,2,2026-02-21,01,quantile,0.5,85.0
2026-02-07,wk inc flu hosp,2,2026-02-21,01,quantile,0.55,96.0
2026-02-07,wk inc flu hosp,2,2026-02-21,01,quantile,0.6,105.0
2026-02-07,wk inc flu hosp,2,2026-02-21,01,quantile,0.65,119.0
2026-02-07,wk inc flu hosp,2,2026-02-21,01,quantile,0.7,127.0
2026-02-07,wk inc flu hosp,2,2026-02-21,01,quantile,0.75,140.0
2026-02-07,wk inc flu hosp,2,2026-02-21,01,quantile,0.8,151.0
2026-02-07,wk inc flu hosp,2,2026-02-21,01,quantile,0.85,168.0
2026-02-07,wk inc flu hosp,2,2026-02-21,01,quantile,0.9,189.0
2026-02-07,wk inc flu hosp,2,2026-02-21,01,quantile,0.95,223.0
2026-02-07,wk inc flu hosp,2,2026-02-21,01,quantile,0.975,253.0
2026-02-07,wk inc flu hosp,2,2026-02-21,01,quantile,0.99,276.0
2026-02-07,wk inc flu hosp,2,2026-02-21,02,quantile,0.01,1.0
2026-02-07,wk inc flu hosp,2,2026-02-21,02,quantile,0.025,2.0
2026-02-07,wk inc flu hosp,2,2026-02-21,02,quantile,0.05,2.0
2026-02-07,wk inc flu hosp,2,2026-02-21,02,quantile,0.1,4.0
2026-02-07,wk inc flu hosp,2,2026-02-21,02,quantile,0.15,6.0
2026-02-07,wk inc flu hosp,2,2026-02-21,02,quantile,0.2,7.0
2026-02-07,wk inc flu hosp,2,2026-02-21,02,quantile,0.25,8.0
2026-02-07,wk inc flu hosp,2,2026-02-21,02,quantile,0.3,9.0
2026-02-07,wk inc flu hosp,2,2026-02-21,02,quantile,0.35,10.0
2026-02-07,wk inc flu hosp,2,2026-02-21,02,quantile,0.4,11.0
2026-02-07,wk inc flu hosp,2,2026-02-21,02,quantile,0.45,12.0
2026-02-07,wk inc flu hosp,2,2026-02-21,02,quantile,0.5,12.0
2026-02-07,wk inc flu hosp,2,2026-02-21,02,quantile,0.55,13.0
2026-02-07,wk inc flu hosp,2,2026-02-21,02,quantile,0.6,13.0
2026-02-07,wk inc flu hosp,2,2026-02-21,02,quantile,0.65,14.0
2026-02-07,wk inc flu hosp,2,2026-02-21,02,quantile,0.7,14.0
2026-02-07,wk inc flu hosp,2,2026-02-21,02,quantile,0.75,15.0
2026-02-07,wk inc flu hosp,2,2026-02-21,02,quantile,0.8,16.0
2026-02-07,wk inc flu hosp,2,2026-02-21,02,quantile,0.85,17.0
2026-02-07,wk inc flu hosp,2,2026-02-21,02,quantile,0.9,18.0
2026-02-07,wk inc flu hosp,2,2026-02-21,02,quantile,0.95,19.0
2026-02-07,wk inc flu hosp,2,2026-02-21,02,quantile,0.975,21.0
2026-02-07,wk inc flu hosp,2,2026-02-21,02,quantile,0.99,23.0
2026-02-07,wk inc flu hosp,2,2026-02-21,04,quantile,0.01,0.0
2026-02-07,wk inc flu hosp,2,2026-02-21,04,quantile,0.025,0.0
2026-02-07,wk inc flu hosp,2,2026-02-21,04,quantile,0.05,0.0
2026-02-07,wk inc flu hosp,2,2026-02-21,04,quantile,0.1,30.0
2026-02-07,wk inc flu hosp,2,2026-02-21,04,quantile,0.15,49.0
2026-02-07,wk inc flu hosp,2,2026-02-21,04,quantile,0.2,70.0
2026-02-07,wk inc flu hosp,2,2026-02-21,04,quantile,0.25,87.0
2026-02-07,wk inc flu hosp,2,2026-02-21,04,quantile,0.3,99.0
2026-02-07,wk inc flu hosp,2,2026-02-21,04,quantile,0.35,112.0
2026-02-07,wk inc flu hosp,2,2026-02-21,04,quantile,0.4,126.0
2026-02-07,wk inc flu hosp,2,2026-02-21,04,quantile,0.45,141.0
2026-02-07,wk inc flu hosp,2,2026-02-21,04,quantile,0.5,154.0
2026-02-07,wk inc flu hosp,2,2026-02-21,04,quantile,0.55,166.0
2026-02-07,wk inc flu hosp,2,2026-02-21,04,quantile,0.6,181.0
2026-02-07,wk inc flu hosp,2,2026-02-21,04,quantile,0.65,196.0
2026-02-07,wk inc flu hosp,2,2026-02-21,04,quantile,0.7,208.0
2026-02-07,wk inc flu hosp,2,2026-02-21,04,quantile,0.75,225.0
2026-02-07,wk inc flu hosp,2,2026-02-21,04,quantile,0.8,242.0
2026-02-07,wk inc flu hosp,2,2026-02-21,04,quantile,0.85,263.0
2026-02-07,wk inc flu hosp,2,2026-02-21,04,quantile,0.9,283.0
2026-02-07,wk inc flu hosp,2,2026-02-21,04,quantile,0.95,307.0
2026-02-07,wk inc flu hosp,2,2026-02-21,04,quantile,0.975,327.0
2026-02-07,wk inc flu hosp,2,2026-02-21,04,quantile,0.99,344.0
2026-02-07,wk inc flu hosp,2,2026-02-21,05,quantile,0.01,0.0
2026-02-07,wk inc flu hosp,2,2026-02-21,05,quantile,0.025,0.0
2026-02-07,wk inc flu hosp,2,2026-02-21,05,quantile,0.05,0.0
2026-02-07,wk inc flu hosp,2,2026-02-21,05,quantile,0.1,0.0
2026-02-07,wk inc flu hosp,2,2026-02-21,05,quantile,0.15,12.0
2026-02-07,wk inc flu hosp,2,2026-02-21,05,quantile,0.2,17.0
2026-02-07,wk inc flu hosp,2,2026-02-21,05,quantile,0.25,17.0
2026-02-07,wk inc flu hosp,2,2026-02-21,05,quantile,0.3,18.0
2026-02-07,wk inc flu hosp,2,2026-02-21,05,quantile,0.35,18.0
2026-02-07,wk inc flu hosp,2,2026-02-21,05,quantile,0.4,19.0
2026-02-07,wk inc flu hosp,2,2026-02-21,05,quantile,0.45,19.0
2026-02-07,wk inc flu hosp,2,2026-02-21,05,quantile,0.5,23.0
2026-02-07,wk inc flu hosp,2,2026-02-21,05,quantile,0.55,33.0
2026-02-07,wk inc flu hosp,2,2026-02-21,05,quantile,0.6,41.0
2026-02-07,wk inc flu hosp,2,2026-02-21,05,quantile,0.65,54.0
2026-02-07,wk inc flu hosp,2,2026-02-21,05,quantile,0.7,61.0
2026-02-07,wk inc flu hosp,2,2026-02-21,05,quantile,0.75,73.0
2026-02-07,wk inc flu hosp,2,2026-02-21,05,quantile,0.8,82.0
2026-02-07,wk inc flu hosp,2,2026-02-21,05,quantile,0.85,96.0
2026-02-07,wk inc flu hosp,2,2026-02-21,05,quantile,0.9,114.0
2026-02-07,wk inc flu hosp,2,2026-02-21,05,quantile,0.95,143.0
2026-02-07,wk inc flu hosp,2,2026-02-21,05,quantile,0.975,174.0
2026-02-07,wk inc flu hosp,2,2026-02-21,05,quantile,0.99,197.0
2026-02-07,wk inc flu hosp,2,2026-02-21,06,quantile,0.01,103.0
2026-02-07,wk inc flu hosp,2,2026-02-21,06,quantile,0.025,260.0
2026-02-07,wk inc flu hosp,2,2026-02-21,06,quantile,0.05,427.0
2026-02-07,wk inc flu hosp,2,2026-02-21,06,quantile,0.1,586.0
2026-02-07,wk inc flu hosp,2,2026-02-21,06,quantile,0.15,682.0
2026-02-07,wk inc flu hosp,2,2026-02-21,06,quantile,0.2,778.0
2026-02-07,wk inc flu hosp,2,2026-02-21,06,quantile,0.25,846.0
2026-02-07,wk inc flu hosp,2,2026-02-21,06,quantile,0.3,918.0
2026-02-07,wk inc flu hosp,2,2026-02-21,06,quantile,0.35,997.0
2026-02-07,wk inc flu hosp,2,2026-02-21,06,quantile,0.4,1066.0
2026-02-07,wk inc flu hosp,2,2026-02-21,06,quantile,0.45,1133.0
2026-02-07,wk inc flu hosp,2,2026-02-21,06,quantile,0.5,1209.0
2026-02-07,wk inc flu hosp,2,2026-02-21,06,quantile,0.55,1276.0
2026-02-07,wk inc flu hosp,2,2026-02-21,06,quantile,0.6,1329.0
2026-02-07,wk inc flu hosp,2,2026-02-21,06,quantile,0.65,1398.0
2026-02-07,wk inc flu hosp,2,2026-02-21,06,quantile,0.7,1462.0
2026-02-07,wk inc flu hosp,2,2026-02-21,06,quantile,0.75,1525.0
2026-02-07,wk inc flu hosp,2,2026-02-21,06,quantile,0.8,1609.0
2026-02-07,wk inc flu hosp,2,2026-02-21,06,quantile,0.85,1705.0
2026-02-07,wk inc flu hosp,2,2026-02-21,06,quantile,0.9,1807.0
2026-02-07,wk inc flu hosp,2,2026-02-21,06,quantile,0.95,1925.0
2026-02-07,wk inc flu hosp,2,2026-02-21,06,quantile,0.975,2013.0
2026-02-07,wk inc flu hosp,2,2026-02-21,06,quantile,0.99,2081.0
2026-02-07,wk inc flu hosp,2,2026-02-21,08,quantile,0.01,0.0
2026-02-07,wk inc flu hosp,2,2026-02-21,08,quantile,0.025,3.0
2026-02-07,wk inc flu hosp,2,2026-02-21,08,quantile,0.05,10.0
2026-02-07,wk inc flu hosp,2,2026-02-21,08,quantile,0.1,25.0
2026-02-07,wk inc flu hosp,2,2026-02-21,08,quantile,0.15,37.0
2026-02-07,wk inc flu hosp,2,2026-02-21,08,quantile,0.2,45.0
2026-02-07,wk inc flu hosp,2,2026-02-21,08,quantile,0.25,49.0
2026-02-07,wk inc flu hosp,2,2026-02-21,08,quantile,0.3,54.0
2026-02-07,wk inc flu hosp,2,2026-02-21,08,quantile,0.35,58.0
2026-02-07,wk inc flu hosp,2,2026-02-21,08,quantile,0.4,62.0
2026-02-07,wk inc flu hosp,2,2026-02-21,08,quantile,0.45,66.0
2026-02-07,wk inc flu hosp,2,2026-02-21,08,quantile,0.5,70.0
2026-02-07,wk inc flu hosp,2,2026-02-21,08,quantile,0.55,75.0
2026-02-07,wk inc flu hosp,2,2026-02-21,08,quantile,0.6,80.0
2026-02-07,wk inc flu hosp,2,2026-02-21,08,quantile,0.65,87.0
2026-02-07,wk inc flu hosp,2,2026-02-21,08,quantile,0.7,92.0
2026-02-07,wk inc flu hosp,2,2026-02-21,08,quantile,0.75,100.0
2026-02-07,wk inc flu hosp,2,2026-02-21,08,quantile,0.8,108.0
2026-02-07,wk inc flu hosp,2,2026-02-21,08,quantile,0.85,120.0
2026-02-07,wk inc flu hosp,2,2026-02-21,08,quantile,0.9,131.0
2026-02-07,wk inc flu hosp,2,2026-02-21,08,quantile,0.95,140.0
2026-02-07,wk inc flu hosp,2,2026-02-21,08,quantile,0.975,147.0
2026-02-07,wk inc flu hosp,2,2026-02-21,08,quantile,0.99,154.0
2026-02-07,wk inc flu hosp,2,2026-02-21,09,quantile,0.01,0.0
2026-02-07,wk inc flu hosp,2,2026-02-21,09,quantile,0.025,0.0
2026-02-07,wk inc flu hosp,2,2026-02-21,09,quantile,0.05,0.0
2026-02-07,wk inc flu hosp,2,2026-02-21,09,quantile,0.1,3.0
2026-02-07,wk inc flu hosp,2,2026-02-21,09,quantile,0.15,3.0
2026-02-07,wk inc flu hosp,2,2026-02-21,09,quantile,0.2,3.0
2026-02-07,wk inc flu hosp,2,2026-02-21,09,quantile,0.25,3.0
2026-02-07,wk inc flu hosp,2,2026-02-21,09,quantile,0.3,3.0
2026-02-07,wk inc flu hosp,2,2026-02-21,09,quantile,0.35,3.0
2026-02-07,wk inc flu hosp,2,2026-02-21,09,quantile,0.4,3.0
2026-02-07,wk inc flu hosp,2,2026-02-21,09,quantile,0.45,3.0
2026-02-07,wk inc flu hosp,2,2026-02-21,09,quantile,0.5,3.0
2026-02-07,wk inc flu hosp,2,2026-02-21,09,quantile,0.55,4.0
2026-02-07,wk inc flu hosp,2,2026-02-21,09,quantile,0.6,4.0
2026-02-07,wk inc flu hosp,2,2026-02-21,09,quantile,0.65,4.0
2026-02-07,wk inc flu hosp,2,2026-02-21,09,quantile,0.7,4.0
2026-02-07,wk inc flu hosp,2,2026-02-21,09,quantile,0.75,4.0
2026-02-07,wk inc flu hosp,2,2026-02-21,09,quantile,0.8,4.0
2026-02-07,wk inc flu hosp,2,2026-02-21,09,quantile,0.85,4.0
2026-02-07,wk inc flu hosp,2,2026-02-21,09,quantile,0.9,4.0
2026-02-07,wk inc flu hosp,2,2026-02-21,09,quantile,0.95,7.0
2026-02-07,wk inc flu hosp,2,2026-02-21,09,quantile,0.975,14.0
2026-02-07,wk inc flu hosp,2,2026-02-21,09,quantile,0.99,19.0
2026-02-07,wk inc flu hosp,2,2026-02-21,10,quantile,0.01,0.0
2026-02-07,wk inc flu hosp,2,2026-02-21,10,quantile,0.025,0.0
2026-02-07,wk inc flu hosp,2,2026-02-21,10,quantile,0.05,1.0
2026-02-07,wk inc flu hosp,2,2026-02-21,10,quantile,0.1,3.0
2026-02-07,wk inc flu hosp,2,2026-02-21,10,quantile,0.15,7.0
2026-02-07,wk inc flu hosp,2,2026-02-21,10,quantile,0.2,11.0
2026-02-07,wk inc flu hosp,2,2026-02-21,10,quantile,0.25,16.0
2026-02-07,wk inc flu hosp,2,2026-02-21,10,quantile,0.3,18.0
2026-02-07,wk inc flu hosp,2,2026-02-21,10,quantile,0.35,19.0
2026-02-07,wk inc flu hosp,2,2026-02-21,10,quantile,0.4,21.0
2026-02-07,wk inc flu hosp,2,2026-02-21,10,quantile,0.45,22.0
2026-02-07,wk inc flu hosp,2,2026-02-21,10,quantile,0.5,23.0
2026-02-07,wk inc flu hosp,2,2026-02-21,10,quantile,0.55,24.0
2026-02-07,wk inc flu hosp,2,2026-02-21,10,quantile,0.6,26.0
2026-02-07,wk inc flu hosp,2,2026-02-21,10,quantile,0.65,27.0
2026-02-07,wk inc flu hosp,2,2026-02-21,10,quantile,0.7,29.0
2026-02-07,wk inc flu hosp,2,2026-02-21,10,quantile,0.75,30.0
2026-02-07,wk inc flu hosp,2,2026-02-21,10,quantile,0.8,32.0
2026-02-07,wk inc flu hosp,2,2026-02-21,10,quantile,0.85,34.0
2026-02-07,wk inc flu hosp,2,2026-02-21,10,quantile,0.9,36.0
2026-02-07,wk inc flu hosp,2,2026-02-21,10,quantile,0.95,41.0
2026-02-07,wk inc flu hosp,2,2026-02-21,10,quantile,0.975,45.0
2026-02-07,wk inc flu hosp,2,2026-02-21,10,quantile,0.99,49.0
2026-02-07,wk inc flu hosp,2,2026-02-21,11,quantile,0.01,0.0
2026-02-07,wk inc flu hosp,2,2026-02-21,11,quantile,0.025,0.0
2026-02-07,wk inc flu hosp,2,2026-02-21,11,quantile,0.05,0.0
2026-02-07,wk inc flu hosp,2,2026-02-21,11,quantile,0.1,0.0
2026-02-07,wk inc flu hosp,2,2026-02-21,11,quantile,0.15,0.0
2026-02-07,wk inc flu hosp,2,2026-02-21,11,quantile,0.2,0.0
2026-02-07,wk inc flu hosp,2,2026-02-21,11,quantile,0.25,2.0
2026-02-07,wk inc flu hosp,2,2026-02-21,11,quantile,0.3,3.0
2026-02-07,wk inc flu hosp,2,2026-02-21,11,quantile,0.35,5.0
2026-02-07,wk inc flu hosp,2,2026-02-21,11,quantile,0.4,6.0
2026-02-07,wk inc flu hosp,2,2026-02-21,11,quantile,0.45,8.0
2026-02-07,wk inc flu hosp,2,2026-02-21,11,quantile,0.5,9.0
2026-02-07,wk inc flu hosp,2,2026-02-21,11,quantile,0.55,10.0
2026-02-07,wk inc flu hosp,2,2026-02-21,11,quantile,0.6,12.0
2026-02-07,wk inc flu hosp,2,2026-02-21,11,quantile,0.65,13.0
2026-02-07,wk inc flu hosp,2,2026-02-21,11,quantile,0.7,14.0
2026-02-07,wk inc flu hosp,2,2026-02-21,11,quantile,0.75,15.0
2026-02-07,wk inc flu hosp,2,2026-02-21,11,quantile,0.8,15.0
2026-02-07,wk inc flu hosp,2,2026-02-21,11,quantile,0.85,16.0
2026-02-07,wk inc flu hosp,2,2026-02-21,11,quantile,0.9,17.0
2026-02-07,wk inc flu hosp,2,2026-02-21,11,quantile,0.95,19.0
2026-02-07,wk inc flu hosp,2,2026-02-21,11,quantile,0.975,20.0
2026-02-07,wk inc flu hosp,2,2026-02-21,11,quantile,0.99,21.0
2026-02-07,wk inc flu hosp,2,2026-02-21,12,quantile,0.01,63.0
2026-02-07,wk inc flu hosp,2,2026-02-21,12,quantile,0.025,158.0
2026-02-07,wk inc flu hosp,2,2026-02-21,12,quantile,0.05,245.0
2026-02-07,wk inc flu hosp,2,2026-02-21,12,quantile,0.1,337.0
2026-02-07,wk inc flu hosp,2,2026-02-21,12,quantile,0.15,389.0
2026-02-07,wk inc flu hosp,2,2026-02-21,12,quantile,0.2,436.0
2026-02-07,wk inc flu hosp,2,2026-02-21,12,quantile,0.25,459.0
2026-02-07,wk inc flu hosp,2,2026-02-21,12,quantile,0.3,480.0
2026-02-07,wk inc flu hosp,2,2026-02-21,12,quantile,0.35,504.0
2026-02-07,wk inc flu hosp,2,2026-02-21,12,quantile,0.4,528.0
2026-02-07,wk inc flu hosp,2,2026-02-21,12,quantile,0.45,551.0
2026-02-07,wk inc flu hosp,2,2026-02-21,12,quantile,0.5,571.0
2026-02-07,wk inc flu hosp,2,2026-02-21,12,quantile,0.55,596.0
2026-02-07,wk inc flu hosp,2,2026-02-21,12,quantile,0.6,618.0
2026-02-07,wk inc flu hosp,2,2026-02-21,12,quantile,0.65,647.0
2026-02-07,wk inc flu hosp,2,2026-02-21,12,quantile,0.7,668.0
2026-02-07,wk inc flu hosp,2,2026-02-21,12,quantile,0.75,695.0
2026-02-07,wk inc flu hosp,2,2026-02-21,12,quantile,0.8,721.0
2026-02-07,wk inc flu hosp,2,2026-02-21,12,quantile,0.85,757.0
2026-02-07,wk inc flu hosp,2,2026-02-21,12,quantile,0.9,796.0
2026-02-07,wk inc flu hosp,2,2026-02-21,12,quantile,0.95,885.0
2026-02-07,wk inc flu hosp,2,2026-02-21,12,quantile,0.975,957.0
2026-02-07,wk inc flu hosp,2,2026-02-21,12,quantile,0.99,984.0
2026-02-07,wk inc flu hosp,2,2026-02-21,13,quantile,0.01,0.0
2026-02-07,wk inc flu hosp,2,2026-02-21,13,quantile,0.025,0.0
2026-02-07,wk inc flu hosp,2,2026-02-21,13,quantile,0.05,0.0
2026-02-07,wk inc flu hosp,2,2026-02-21,13,quantile,0.1,0.0
2026-02-07,wk inc flu hosp,2,2026-02-21,13,quantile,0.15,0.0
2026-02-07,wk inc flu hosp,2,2026-02-21,13,quantile,0.2,0.0
2026-02-07,wk inc flu hosp,2,2026-02-21,13,quantile,0.25,14.0
2026-02-07,wk inc flu hosp,2,2026-02-21,13,quantile,0.3,37.0
2026-02-07,wk inc flu hosp,2,2026-02-21,13,quantile,0.35,53.0
2026-02-07,wk inc flu hosp,2,2026-02-21,13,quantile,0.4,72.0
2026-02-07,wk inc flu hosp,2,2026-02-21,13,quantile,0.45,97.0
2026-02-07,wk inc flu hosp,2,2026-02-21,13,quantile,0.5,117.0
2026-02-07,wk inc flu hosp,2,2026-02-21,13,quantile,0.55,128.0
2026-02-07,wk inc flu hosp,2,2026-02-21,13,quantile,0.6,137.0
2026-02-07,wk inc flu hosp,2,2026-02-21,13,quantile,0.65,149.0
2026-02-07,wk inc flu hosp,2,2026-02-21,13,quantile,0.7,160.0
2026-02-07,wk inc flu hosp,2,2026-02-21,13,quantile,0.75,174.0
2026-02-07,wk inc flu hosp,2,2026-02-21,13,quantile,0.8,188.0
2026-02-07,wk inc flu hosp,2,2026-02-21,13,quantile,0.85,205.0
2026-02-07,wk inc flu hosp,2,2026-02-21,13,quantile,0.9,228.0
2026-02-07,wk inc flu hosp,2,2026-02-21,13,quantile,0.95,257.0
2026-02-07,wk inc flu hosp,2,2026-02-21,13,quantile,0.975,282.0
2026-02-07,wk inc flu hosp,2,2026-02-21,13,quantile,0.99,305.0
2026-02-07,wk inc flu hosp,2,2026-02-21,15,quantile,0.01,0.0
2026-02-07,wk inc flu hosp,2,2026-02-21,15,quantile,0.025,0.0
2026-02-07,wk inc flu hosp,2,2026-02-21,15,quantile,0.05,0.0
2026-02-07,wk inc flu hosp,2,2026-02-21,15,quantile,0.1,1.0
2026-02-07,wk inc flu hosp,2,2026-02-21,15,quantile,0.15,5.0
2026-02-07,wk inc flu hosp,2,2026-02-21,15,quantile,0.2,7.0
2026-02-07,wk inc flu hosp,2,2026-02-21,15,quantile,0.25,10.0
2026-02-07,wk inc flu hosp,2,2026-02-21,15,quantile,0.3,12.0
2026-02-07,wk inc flu hosp,2,2026-02-21,15,quantile,0.35,15.0
2026-02-07,wk inc flu hosp,2,2026-02-21,15,quantile,0.4,17.0
2026-02-07,wk inc flu hosp,2,2026-02-21,15,quantile,0.45,20.0
2026-02-07,wk inc flu hosp,2,2026-02-21,15,quantile,0.5,23.0
2026-02-07,wk inc flu hosp,2,2026-02-21,15,quantile,0.55,25.0
2026-02-07,wk inc flu hosp,2,2026-02-21,15,quantile,0.6,28.0
2026-02-07,wk inc flu hosp,2,2026-02-21,15,quantile,0.65,31.0
2026-02-07,wk inc flu hosp,2,2026-02-21,15,quantile,0.7,33.0
2026-02-07,wk inc flu hosp,2,2026-02-21,15,quantile,0.75,37.0
2026-02-07,wk inc flu hosp,2,2026-02-21,15,quantile,0.8,41.0
2026-02-07,wk inc flu hosp,2,2026-02-21,15,quantile,0.85,46.0
2026-02-07,wk inc flu hosp,2,2026-02-21,15,quantile,0.9,50.0
2026-02-07,wk inc flu hosp,2,2026-02-21,15,quantile,0.95,60.0
2026-02-07,wk inc flu hosp,2,2026-02-21,15,quantile,0.975,67.0
2026-02-07,wk inc flu hosp,2,2026-02-21,15,quantile,0.99,76.0
2026-02-07,wk inc flu hosp,2,2026-02-21,16,quantile,0.01,0.0
2026-02-07,wk inc flu hosp,2,2026-02-21,16,quantile,0.025,0.0
2026-02-07,wk inc flu hosp,2,2026-02-21,16,quantile,0.05,3.0
2026-02-07,wk inc flu hosp,2,2026-02-21,16,quantile,0.1,14.0
2026-02-07,wk inc flu hosp,2,2026-02-21,16,quantile,0.15,21.0
2026-02-07,wk inc flu hosp,2,2026-02-21,16,quantile,0.2,26.0
2026-02-07,wk inc flu hosp,2,2026-02-21,16,quantile,0.25,31.0
2026-02-07,wk inc flu hosp,2,2026-02-21,16,quantile,0.3,35.0
2026-02-07,wk inc flu hosp,2,2026-02-21,16,quantile,0.35,37.0
2026-02-07,wk inc flu hosp,2,2026-02-21,16,quantile,0.4,39.0
2026-02-07,wk inc flu hosp,2,2026-02-21,16,quantile,0.45,41.0
2026-02-07,wk inc flu hosp,2,2026-02-21,16,quantile,0.5,43.0
2026-02-07,wk inc flu hosp,2,2026-02-21,16,quantile,0.55,45.0
2026-02-07,wk inc flu hosp,2,2026-02-21,16,quantile,0.6,46.0
2026-02-07,wk inc flu hosp,2,2026-02-21,16,quantile,0.65,49.0
2026-02-07,wk inc flu hosp,2,2026-02-21,16,quantile,0.7,50.0
2026-02-07,wk inc flu hosp,2,2026-02-21,16,quantile,0.75,53.0
2026-02-07,wk inc flu hosp,2,2026-02-21,16,quantile,0.8,54.0
2026-02-07,wk inc flu hosp,2,2026-02-21,16,quantile,0.85,57.0
2026-02-07,wk inc flu hosp,2,2026-02-21,16,quantile,0.9,61.0
2026-02-07,wk inc flu hosp,2,2026-02-21,16,quantile,0.95,73.0
2026-02-07,wk inc flu hosp,2,2026-02-21,16,quantile,0.975,85.0
2026-02-07,wk inc flu hosp,2,2026-02-21,16,quantile,0.99,94.0
2026-02-07,wk inc flu hosp,2,2026-02-21,17,quantile,0.01,0.0
2026-02-07,wk inc flu hosp,2,2026-02-21,17,quantile,0.025,0.0
2026-02-07,wk inc flu hosp,2,2026-02-21,17,quantile,0.05,16.0
2026-02-07,wk inc flu hosp,2,2026-02-21,17,quantile,0.1,64.0
2026-02-07,wk inc flu hosp,2,2026-02-21,17,quantile,0.15,86.0
2026-02-07,wk inc flu hosp,2,2026-02-21,17,quantile,0.2,102.0
2026-02-07,wk inc flu hosp,2,2026-02-21,17,quantile,0.25,117.0
2026-02-07,wk inc flu hosp,2,2026-02-21,17,quantile,0.3,129.0
2026-02-07,wk inc flu hosp,2,2026-02-21,17,quantile,0.35,142.0
2026-02-07,wk inc flu hosp,2,2026-02-21,17,quantile,0.4,155.0
2026-02-07,wk inc flu hosp,2,2026-02-21,17,quantile,0.45,169.0
2026-02-07,wk inc flu hosp,2,2026-02-21,17,quantile,0.5,184.0
2026-02-07,wk inc flu hosp,2,2026-02-21,17,quantile,0.55,197.0
2026-02-07,wk inc flu hosp,2,2026-02-21,17,quantile,0.6,208.0
2026-02-07,wk inc flu hosp,2,2026-02-21,17,quantile,0.65,225.0
2026-02-07,wk inc flu hosp,2,2026-02-21,17,quantile,0.7,235.0
2026-02-07,wk inc flu hosp,2,2026-02-21,17,quantile,0.75,252.0
2026-02-07,wk inc flu hosp,2,2026-02-21,17,quantile,0.8,264.0
2026-02-07,wk inc flu hosp,2,2026-02-21,17,quantile,0.85,283.0
2026-02-07,wk inc flu hosp,2,2026-02-21,17,quantile,0.9,305.0
2026-02-07,wk inc flu hosp,2,2026-02-21,17,quantile,0.95,343.0
2026-02-07,wk inc flu hosp,2,2026-02-21,17,quantile,0.975,376.0
2026-02-07,wk inc flu hosp,2,2026-02-21,17,quantile,0.99,397.0
2026-02-07,wk inc flu hosp,2,2026-02-21,18,quantile,0.01,0.0
2026-02-07,wk inc flu hosp,2,2026-02-21,18,quantile,0.025,0.0
2026-02-07,wk inc flu hosp,2,2026-02-21,18,quantile,0.05,0.0
2026-02-07,wk inc flu hosp,2,2026-02-21,18,quantile,0.1,21.0
2026-02-07,wk inc flu hosp,2,2026-02-21,18,quantile,0.15,34.0
2026-02-07,wk inc flu hosp,2,2026-02-21,18,quantile,0.2,36.0
2026-02-07,wk inc flu hosp,2,2026-02-21,18,quantile,0.25,47.0
2026-02-07,wk inc flu hosp,2,2026-02-21,18,quantile,0.3,57.0
2026-02-07,wk inc flu hosp,2,2026-02-21,18,quantile,0.35,68.0
2026-02-07,wk inc flu hosp,2,2026-02-21,18,quantile,0.4,78.0
2026-02-07,wk inc flu hosp,2,2026-02-21,18,quantile,0.45,89.0
2026-02-07,wk inc flu hosp,2,2026-02-21,18,quantile,0.5,99.0
2026-02-07,wk inc flu hosp,2,2026-02-21,18,quantile,0.55,108.0
2026-02-07,wk inc flu hosp,2,2026-02-21,18,quantile,0.6,115.0
2026-02-07,wk inc flu hosp,2,2026-02-21,18,quantile,0.65,127.0
2026-02-07,wk inc flu hosp,2,2026-02-21,18,quantile,0.7,135.0
2026-02-07,wk inc flu hosp,2,2026-02-21,18,quantile,0.75,146.0
2026-02-07,wk inc flu hosp,2,2026-02-21,18,quantile,0.8,155.0
2026-02-07,wk inc flu hosp,2,2026-02-21,18,quantile,0.85,170.0
2026-02-07,wk inc flu hosp,2,2026-02-21,18,quantile,0.9,188.0
2026-02-07,wk inc flu hosp,2,2026-02-21,18,quantile,0.95,213.0
2026-02-07,wk inc flu hosp,2,2026-02-21,18,quantile,0.975,237.0
2026-02-07,wk inc flu hosp,2,2026-02-21,18,quantile,0.99,256.0
2026-02-07,wk inc flu hosp,2,2026-02-21,19,quantile,0.01,8.0
2026-02-07,wk inc flu hosp,2,2026-02-21,19,quantile,0.025,9.0
2026-02-07,wk inc flu hosp,2,2026-02-21,19,quantile,0.05,18.0
2026-02-07,wk inc flu hosp,2,2026-02-21,19,quantile,0.1,32.0
2026-02-07,wk inc flu hosp,2,2026-02-21,19,quantile,0.15,45.0
2026-02-07,wk inc flu hosp,2,2026-02-21,19,quantile,0.2,52.0
2026-02-07,wk inc flu hosp,2,2026-02-21,19,quantile,0.25,62.0
2026-02-07,wk inc flu hosp,2,2026-02-21,19,quantile,0.3,67.0
2026-02-07,wk inc flu hosp,2,2026-02-21,19,quantile,0.35,73.0
2026-02-07,wk inc flu hosp,2,2026-02-21,19,quantile,0.4,76.0
2026-02-07,wk inc flu hosp,2,2026-02-21,19,quantile,0.45,79.0
2026-02-07,wk inc flu hosp,2,2026-02-21,19,quantile,0.5,82.0
2026-02-07,wk inc flu hosp,2,2026-02-21,19,quantile,0.55,85.0
2026-02-07,wk inc flu hosp,2,2026-02-21,19,quantile,0.6,87.0
2026-02-07,wk inc flu hosp,2,2026-02-21,19,quantile,0.65,90.0
2026-02-07,wk inc flu hosp,2,2026-02-21,19,quantile,0.7,92.0
2026-02-07,wk inc flu hosp,2,2026-02-21,19,quantile,0.75,96.0
2026-02-07,wk inc flu hosp,2,2026-02-21,19,quantile,0.8,98.0
2026-02-07,wk inc flu hosp,2,2026-02-21,19,quantile,0.85,102.0
2026-02-07,wk inc flu hosp,2,2026-02-21,19,quantile,0.9,107.0
2026-02-07,wk inc flu hosp,2,2026-02-21,19,quantile,0.95,115.0
2026-02-07,wk inc flu hosp,2,2026-02-21,19,quantile,0.975,123.0
2026-02-07,wk inc flu hosp,2,2026-02-21,19,quantile,0.99,130.0
2026-02-07,wk inc flu hosp,2,2026-02-21,20,quantile,0.01,1.0
2026-02-07,wk inc flu hosp,2,2026-02-21,20,quantile,0.025,6.0
2026-02-07,wk inc flu hosp,2,2026-02-21,20,quantile,0.05,25.0
2026-02-07,wk inc flu hosp,2,2026-02-21,20,quantile,0.1,48.0
2026-02-07,wk inc flu hosp,2,2026-02-21,20,quantile,0.15,61.0
2026-02-07,wk inc flu hosp,2,2026-02-21,20,quantile,0.2,74.0
2026-02-07,wk inc flu hosp,2,2026-02-21,20,quantile,0.25,82.0
2026-02-07,wk inc flu hosp,2,2026-02-21,20,quantile,0.3,92.0
2026-02-07,wk inc flu hosp,2,2026-02-21,20,quantile,0.35,100.0
2026-02-07,wk inc flu hosp,2,2026-02-21,20,quantile,0.4,109.0
2026-02-07,wk inc flu hosp,2,2026-02-21,20,quantile,0.45,117.0
2026-02-07,wk inc flu hosp,2,2026-02-21,20,quantile,0.5,127.0
2026-02-07,wk inc flu hosp,2,2026-02-21,20,quantile,0.55,131.0
2026-02-07,wk inc flu hosp,2,2026-02-21,20,quantile,0.6,133.0
2026-02-07,wk inc flu hosp,2,2026-02-21,20,quantile,0.65,136.0
2026-02-07,wk inc flu hosp,2,2026-02-21,20,quantile,0.7,138.0
2026-02-07,wk inc flu hosp,2,2026-02-21,20,quantile,0.75,141.0
2026-02-07,wk inc flu hosp,2,2026-02-21,20,quantile,0.8,143.0
2026-02-07,wk inc flu hosp,2,2026-02-21,20,quantile,0.85,147.0
2026-02-07,wk inc flu hosp,2,2026-02-21,20,quantile,0.9,152.0
2026-02-07,wk inc flu hosp,2,2026-02-21,20,quantile,0.95,159.0
2026-02-07,wk inc flu hosp,2,2026-02-21,20,quantile,0.975,166.0
2026-02-07,wk inc flu hosp,2,2026-02-21,20,quantile,0.99,172.0
2026-02-07,wk inc flu hosp,2,2026-02-21,21,quantile,0.01,0.0
2026-02-07,wk inc flu hosp,2,2026-02-21,21,quantile,0.025,0.0
2026-02-07,wk inc flu hosp,2,2026-02-21,21,quantile,0.05,0.0
2026-02-07,wk inc flu hosp,2,2026-02-21,21,quantile,0.1,0.0
2026-02-07,wk inc flu hosp,2,2026-02-21,21,quantile,0.15,7.0
2026-02-07,wk inc flu hosp,2,2026-02-21,21,quantile,0.2,24.0
2026-02-07,wk inc flu hosp,2,2026-02-21,21,quantile,0.25,42.0
2026-02-07,wk inc flu hosp,2,2026-02-21,21,quantile,0.3,55.0
2026-02-07,wk inc flu hosp,2,2026-02-21,21,quantile,0.35,66.0
2026-02-07,wk inc flu hosp,2,2026-02-21,21,quantile,0.4,73.0
2026-02-07,wk inc flu hosp,2,2026-02-21,21,quantile,0.45,80.0
2026-02-07,wk inc flu hosp,2,2026-02-21,21,quantile,0.5,87.0
2026-02-07,wk inc flu hosp,2,2026-02-21,21,quantile,0.55,94.0
2026-02-07,wk inc flu hosp,2,2026-02-21,21,quantile,0.6,100.0
2026-02-07,wk inc flu hosp,2,2026-02-21,21,quantile,0.65,109.0
2026-02-07,wk inc flu hosp,2,2026-02-21,21,quantile,0.7,116.0
2026-02-07,wk inc flu hosp,2,2026-02-21,21,quantile,0.75,124.0
2026-02-07,wk inc flu hosp,2,2026-02-21,21,quantile,0.8,132.0
2026-02-07,wk inc flu hosp,2,2026-02-21,21,quantile,0.85,144.0
2026-02-07,wk inc flu hosp,2,2026-02-21,21,quantile,0.9,160.0
2026-02-07,wk inc flu hosp,2,2026-02-21,21,quantile,0.95,187.0
2026-02-07,wk inc flu hosp,2,2026-02-21,21,quantile,0.975,206.0
2026-02-07,wk inc flu hosp,2,2026-02-21,21,quantile,0.99,218.0
2026-02-07,wk inc flu hosp,2,2026-02-21,22,quantile,0.01,18.0
2026-02-07,wk inc flu hosp,2,2026-02-21,22,quantile,0.025,25.0
2026-02-07,wk inc flu hosp,2,2026-02-21,22,quantile,0.05,44.0
2026-02-07,wk inc flu hosp,2,2026-02-21,22,quantile,0.1,68.0
2026-02-07,wk inc flu hosp,2,2026-02-21,22,quantile,0.15,85.0
2026-02-07,wk inc flu hosp,2,2026-02-21,22,quantile,0.2,98.0
2026-02-07,wk inc flu hosp,2,2026-02-21,22,quantile,0.25,110.0
2026-02-07,wk inc flu hosp,2,2026-02-21,22,quantile,0.3,121.0
2026-02-07,wk inc flu hosp,2,2026-02-21,22,quantile,0.35,132.0
2026-02-07,wk inc flu hosp,2,2026-02-21,22,quantile,0.4,141.0
2026-02-07,wk inc flu hosp,2,2026-02-21,22,quantile,0.45,150.0
2026-02-07,wk inc flu hosp,2,2026-02-21,22,quantile,0.5,157.0
2026-02-07,wk inc flu hosp,2,2026-02-21,22,quantile,0.55,164.0
2026-02-07,wk inc flu hosp,2,2026-02-21,22,quantile,0.6,171.0
2026-02-07,wk inc flu hosp,2,2026-02-21,22,quantile,0.65,180.0
2026-02-07,wk inc flu hosp,2,2026-02-21,22,quantile,0.7,188.0
2026-02-07,wk inc flu hosp,2,2026-02-21,22,quantile,0.75,198.0
2026-02-07,wk inc flu hosp,2,2026-02-21,22,quantile,0.8,204.0
2026-02-07,wk inc flu hosp,2,2026-02-21,22,quantile,0.85,213.0
2026-02-07,wk inc flu hosp,2,2026-02-21,22,quantile,0.9,243.0
2026-02-07,wk inc flu hosp,2,2026-02-21,22,quantile,0.95,273.0
2026-02-07,wk inc flu hosp,2,2026-02-21,22,quantile,0.975,291.0
2026-02-07,wk inc flu hosp,2,2026-02-21,22,quantile,0.99,312.0
2026-02-07,wk inc flu hosp,2,2026-02-21,23,quantile,0.01,4.0
2026-02-07,wk inc flu hosp,2,2026-02-21,23,quantile,0.025,8.0
2026-02-07,wk inc flu hosp,2,2026-02-21,23,quantile,0.05,12.0
2026-02-07,wk inc flu hosp,2,2026-02-21,23,quantile,0.1,18.0
2026-02-07,wk inc flu hosp,2,2026-02-21,23,quantile,0.15,21.0
2026-02-07,wk inc flu hosp,2,2026-02-21,23,quantile,0.2,24.0
2026-02-07,wk inc flu hosp,2,2026-02-21,23,quantile,0.25,27.0
2026-02-07,wk inc flu hosp,2,2026-02-21,23,quantile,0.3,29.0
2026-02-07,wk inc flu hosp,2,2026-02-21,23,quantile,0.35,31.0
2026-02-07,wk inc flu hosp,2,2026-02-21,23,quantile,0.4,33.0
2026-02-07,wk inc flu hosp,2,2026-02-21,23,quantile,0.45,36.0
2026-02-07,wk inc flu hosp,2,2026-02-21,23,quantile,0.5,37.0
2026-02-07,wk inc flu hosp,2,2026-02-21,23,quantile,0.55,38.0
2026-02-07,wk inc flu hosp,2,2026-02-21,23,quantile,0.6,39.0
2026-02-07,wk inc flu hosp,2,2026-02-21,23,quantile,0.65,40.0
2026-02-07,wk inc flu hosp,2,2026-02-21,23,quantile,0.7,41.0
2026-02-07,wk inc flu hosp,2,2026-02-21,23,quantile,0.75,42.0
2026-02-07,wk inc flu hosp,2,2026-02-21,23,quantile,0.8,43.0
2026-02-07,wk inc flu hosp,2,2026-02-21,23,quantile,0.85,45.0
2026-02-07,wk inc flu hosp,2,2026-02-21,23,quantile,0.9,47.0
2026-02-07,wk inc flu hosp,2,2026-02-21,23,quantile,0.95,52.0
2026-02-07,wk inc flu hosp,2,2026-02-21,23,quantile,0.975,55.0
2026-02-07,wk inc flu hosp,2,2026-02-21,23,quantile,0.99,58.0
2026-02-07,wk inc flu hosp,2,2026-02-21,24,quantile,0.01,0.0
2026-02-07,wk inc flu hosp,2,2026-02-21,24,quantile,0.025,0.0
2026-02-07,wk inc flu hosp,2,2026-02-21,24,quantile,0.05,0.0
2026-02-07,wk inc flu hosp,2,2026-02-21,24,quantile,0.1,0.0
2026-02-07,wk inc flu hosp,2,2026-02-21,24,quantile,0.15,4.0
2026-02-07,wk inc flu hosp,2,2026-02-21,24,quantile,0.2,11.0
2026-02-07,wk inc flu hosp,2,2026-02-21,24,quantile,0.25,12.0
2026-02-07,wk inc flu hosp,2,2026-02-21,24,quantile,0.3,12.0
2026-02-07,wk inc flu hosp,2,2026-02-21,24,quantile,0.35,13.0
2026-02-07,wk inc flu hosp,2,2026-02-21,24,quantile,0.4,18.0
2026-02-07,wk inc flu hosp,2,2026-02-21,24,quantile,0.45,24.0
2026-02-07,wk inc flu hosp,2,2026-02-21,24,quantile,0.5,29.0
2026-02-07,wk inc flu hosp,2,2026-02-21,24,quantile,0.55,35.0
2026-02-07,wk inc flu hosp,2,2026-02-21,24,quantile,0.6,39.0
2026-02-07,wk inc flu hosp,2,2026-02-21,24,quantile,0.65,46.0
2026-02-07,wk inc flu hosp,2,2026-02-21,24,quantile,0.7,51.0
2026-02-07,wk inc flu hosp,2,2026-02-21,24,quantile,0.75,57.0
2026-02-07,wk inc flu hosp,2,2026-02-21,24,quantile,0.8,63.0
2026-02-07,wk inc flu hosp,2,2026-02-21,24,quantile,0.85,72.0
2026-02-07,wk inc flu hosp,2,2026-02-21,24,quantile,0.9,83.0
2026-02-07,wk inc flu hosp,2,2026-02-21,24,quantile,0.95,128.0
2026-02-07,wk inc flu hosp,2,2026-02-21,24,quantile,0.975,180.0
2026-02-07,wk inc flu hosp,2,2026-02-21,24,quantile,0.99,196.0
2026-02-07,wk inc flu hosp,2,2026-02-21,25,quantile,0.01,0.0
2026-02-07,wk inc flu hosp,2,2026-02-21,25,quantile,0.025,0.0
2026-02-07,wk inc flu hosp,2,2026-02-21,25,quantile,0.05,0.0
2026-02-07,wk inc flu hosp,2,2026-02-21,25,quantile,0.1,8.0
2026-02-07,wk inc flu hosp,2,2026-02-21,25,quantile,0.15,14.0
2026-02-07,wk inc flu hosp,2,2026-02-21,25,quantile,0.2,18.0
2026-02-07,wk inc flu hosp,2,2026-02-21,25,quantile,0.25,22.0
2026-02-07,wk inc flu hosp,2,2026-02-21,25,quantile,0.3,25.0
2026-02-07,wk inc flu hosp,2,2026-02-21,25,quantile,0.35,29.0
2026-02-07,wk inc flu hosp,2,2026-02-21,25,quantile,0.4,33.0
2026-02-07,wk inc flu hosp,2,2026-02-21,25,quantile,0.45,37.0
2026-02-07,wk inc flu hosp,2,2026-02-21,25,quantile,0.5,40.0
2026-02-07,wk inc flu hosp,2,2026-02-21,25,quantile,0.55,44.0
2026-02-07,wk inc flu hosp,2,2026-02-21,25,quantile,0.6,46.0
2026-02-07,wk inc flu hosp,2,2026-02-21,25,quantile,0.65,51.0
2026-02-07,wk inc flu hosp,2,2026-02-21,25,quantile,0.7,53.0
2026-02-07,wk inc flu hosp,2,2026-02-21,25,quantile,0.75,57.0
2026-02-07,wk inc flu hosp,2,2026-02-21,25,quantile,0.8,60.0
2026-02-07,wk inc flu hosp,2,2026-02-21,25,quantile,0.85,65.0
2026-02-07,wk inc flu hosp,2,2026-02-21,25,quantile,0.9,71.0
2026-02-07,wk inc flu hosp,2,2026-02-21,25,quantile,0.95,80.0
2026-02-07,wk inc flu hosp,2,2026-02-21,25,quantile,0.975,89.0
2026-02-07,wk inc flu hosp,2,2026-02-21,25,quantile,0.99,95.0
2026-02-07,wk inc flu hosp,2,2026-02-21,26,quantile,0.01,17.0
2026-02-07,wk inc flu hosp,2,2026-02-21,26,quantile,0.025,33.0
2026-02-07,wk inc flu hosp,2,2026-02-21,26,quantile,0.05,68.0
2026-02-07,wk inc flu hosp,2,2026-02-21,26,quantile,0.1,103.0
2026-02-07,wk inc flu hosp,2,2026-02-21,26,quantile,0.15,118.0
2026-02-07,wk inc flu hosp,2,2026-02-21,26,quantile,0.2,131.0
2026-02-07,wk inc flu hosp,2,2026-02-21,26,quantile,0.25,143.0
2026-02-07,wk inc flu hosp,2,2026-02-21,26,quantile,0.3,155.0
2026-02-07,wk inc flu hosp,2,2026-02-21,26,quantile,0.35,165.0
2026-02-07,wk inc flu hosp,2,2026-02-21,26,quantile,0.4,173.0
2026-02-07,wk inc flu hosp,2,2026-02-21,26,quantile,0.45,180.0
2026-02-07,wk inc flu hosp,2,2026-02-21,26,quantile,0.5,186.0
2026-02-07,wk inc flu hosp,2,2026-02-21,26,quantile,0.55,192.0
2026-02-07,wk inc flu hosp,2,2026-02-21,26,quantile,0.6,197.0
2026-02-07,wk inc flu hosp,2,2026-02-21,26,quantile,0.65,204.0
2026-02-07,wk inc flu hosp,2,2026-02-21,26,quantile,0.7,208.0
2026-02-07,wk inc flu hosp,2,2026-02-21,26,quantile,0.75,215.0
2026-02-07,wk inc flu hosp,2,2026-02-21,26,quantile,0.8,220.0
2026-02-07,wk inc flu hosp,2,2026-02-21,26,quantile,0.85,228.0
2026-02-07,wk inc flu hosp,2,2026-02-21,26,quantile,0.9,237.0
2026-02-07,wk inc flu hosp,2,2026-02-21,26,quantile,0.95,253.0
2026-02-07,wk inc flu hosp,2,2026-02-21,26,quantile,0.975,267.0
2026-02-07,wk inc flu hosp,2,2026-02-21,26,quantile,0.99,285.0
2026-02-07,wk inc flu hosp,2,2026-02-21,27,quantile,0.01,0.0
2026-02-07,wk inc flu hosp,2,2026-02-21,27,quantile,0.025,12.0
2026-02-07,wk inc flu hosp,2,2026-02-21,27,quantile,0.05,21.0
2026-02-07,wk inc flu hosp,2,2026-02-21,27,quantile,0.1,57.0
2026-02-07,wk inc flu hosp,2,2026-02-21,27,quantile,0.15,78.0
2026-02-07,wk inc flu hosp,2,2026-02-21,27,quantile,0.2,96.0
2026-02-07,wk inc flu hosp,2,2026-02-21,27,quantile,0.25,104.0
2026-02-07,wk inc flu hosp,2,2026-02-21,27,quantile,0.3,112.0
2026-02-07,wk inc flu hosp,2,2026-02-21,27,quantile,0.35,120.0
2026-02-07,wk inc flu hosp,2,2026-02-21,27,quantile,0.4,130.0
2026-02-07,wk inc flu hosp,2,2026-02-21,27,quantile,0.45,138.0
2026-02-07,wk inc flu hosp,2,2026-02-21,27,quantile,0.5,147.0
2026-02-07,wk inc flu hosp,2,2026-02-21,27,quantile,0.55,155.0
2026-02-07,wk inc flu hosp,2,2026-02-21,27,quantile,0.6,162.0
2026-02-07,wk inc flu hosp,2,2026-02-21,27,quantile,0.65,172.0
2026-02-07,wk inc flu hosp,2,2026-02-21,27,quantile,0.7,179.0
2026-02-07,wk inc flu hosp,2,2026-02-21,27,quantile,0.75,190.0
2026-02-07,wk inc flu hosp,2,2026-02-21,27,quantile,0.8,197.0
2026-02-07,wk inc flu hosp,2,2026-02-21,27,quantile,0.85,207.0
2026-02-07,wk inc flu hosp,2,2026-02-21,27,quantile,0.9,220.0
2026-02-07,wk inc flu hosp,2,2026-02-21,27,quantile,0.95,245.0
2026-02-07,wk inc flu hosp,2,2026-02-21,27,quantile,0.975,263.0
2026-02-07,wk inc flu hosp,2,2026-02-21,27,quantile,0.99,287.0
2026-02-07,wk inc flu hosp,2,2026-02-21,28,quantile,0.01,0.0
2026-02-07,wk inc flu hosp,2,2026-02-21,28,quantile,0.025,0.0
2026-02-07,wk inc flu hosp,2,2026-02-21,28,quantile,0.05,6.0
2026-02-07,wk inc flu hosp,2,2026-02-21,28,quantile,0.1,25.0
2026-02-07,wk inc flu hosp,2,2026-02-21,28,quantile,0.15,41.0
2026-02-07,wk inc flu hosp,2,2026-02-21,28,quantile,0.2,52.0
2026-02-07,wk inc flu hosp,2,2026-02-21,28,quantile,0.25,61.0
2026-02-07,wk inc flu hosp,2,2026-02-21,28,quantile,0.3,65.0
2026-02-07,wk inc flu hosp,2,2026-02-21,28,quantile,0.35,69.0
2026-02-07,wk inc flu hosp,2,2026-02-21,28,quantile,0.4,73.0
2026-02-07,wk inc flu hosp,2,2026-02-21,28,quantile,0.45,78.0
2026-02-07,wk inc flu hosp,2,2026-02-21,28,quantile,0.5,82.0
2026-02-07,wk inc flu hosp,2,2026-02-21,28,quantile,0.55,85.0
2026-02-07,wk inc flu hosp,2,2026-02-21,28,quantile,0.6,89.0
2026-02-07,wk inc flu hosp,2,2026-02-21,28,quantile,0.65,94.0
2026-02-07,wk inc flu hosp,2,2026-02-21,28,quantile,0.7,99.0
2026-02-07,wk inc flu hosp,2,2026-02-21,28,quantile,0.75,103.0
2026-02-07,wk inc flu hosp,2,2026-02-21,28,quantile,0.8,109.0
2026-02-07,wk inc flu hosp,2,2026-02-21,28,quantile,0.85,118.0
2026-02-07,wk inc flu hosp,2,2026-02-21,28,quantile,0.9,130.0
2026-02-07,wk inc flu hosp,2,2026-02-21,28,quantile,0.95,146.0
2026-02-07,wk inc flu hosp,2,2026-02-21,28,quantile,0.975,164.0
2026-02-07,wk inc flu hosp,2,2026-02-21,28,quantile,0.99,183.0
2026-02-07,wk inc flu hosp,2,2026-02-21,30,quantile,0.01,0.0
2026-02-07,wk inc flu hosp,2,2026-02-21,30,quantile,0.025,2.0
2026-02-07,wk inc flu hosp,2,2026-02-21,30,quantile,0.05,4.0
2026-02-07,wk inc flu hosp,2,2026-02-21,30,quantile,0.1,5.0
2026-02-07,wk inc flu hosp,2,2026-02-21,30,quantile,0.15,5.0
2026-02-07,wk inc flu hosp,2,2026-02-21,30,quantile,0.2,8.0
2026-02-07,wk inc flu hosp,2,2026-02-21,30,quantile,0.25,12.0
2026-02-07,wk inc flu hosp,2,2026-02-21,30,quantile,0.3,15.0
2026-02-07,wk inc flu hosp,2,2026-02-21,30,quantile,0.35,18.0
2026-02-07,wk inc flu hosp,2,2026-02-21,30,quantile,0.4,21.0
2026-02-07,wk inc flu hosp,2,2026-02-21,30,quantile,0.45,23.0
2026-02-07,wk inc flu hosp,2,2026-02-21,30,quantile,0.5,26.0
2026-02-07,wk inc flu hosp,2,2026-02-21,30,quantile,0.55,28.0
2026-02-07,wk inc flu hosp,2,2026-02-21,30,quantile,0.6,31.0
2026-02-07,wk inc flu hosp,2,2026-02-21,30,quantile,0.65,34.0
2026-02-07,wk inc flu hosp,2,2026-02-21,30,quantile,0.7,37.0
2026-02-07,wk inc flu hosp,2,2026-02-21,30,quantile,0.75,39.0
2026-02-07,wk inc flu hosp,2,2026-02-21,30,quantile,0.8,41.0
2026-02-07,wk inc flu hosp,2,2026-02-21,30,quantile,0.85,44.0
2026-02-07,wk inc flu hosp,2,2026-02-21,30,quantile,0.9,46.0
2026-02-07,wk inc flu hosp,2,2026-02-21,30,quantile,0.95,52.0
2026-02-07,wk inc flu hosp,2,2026-02-21,30,quantile,0.975,56.0
2026-02-07,wk inc flu hosp,2,2026-02-21,30,quantile,0.99,59.0
2026-02-07,wk inc flu hosp,2,2026-02-21,31,quantile,0.01,0.0
2026-02-07,wk inc flu hosp,2,2026-02-21,31,quantile,0.025,0.0
2026-02-07,wk inc flu hosp,2,2026-02-21,31,quantile,0.05,0.0
2026-02-07,wk inc flu hosp,2,2026-02-21,31,quantile,0.1,0.0
2026-02-07,wk inc flu hosp,2,2026-02-21,31,quantile,0.15,0.0
2026-02-07,wk inc flu hosp,2,2026-02-21,31,quantile,0.2,0.0
2026-02-07,wk inc flu hosp,2,2026-02-21,31,quantile,0.25,11.0
2026-02-07,wk inc flu hosp,2,2026-02-21,31,quantile,0.3,20.0
2026-02-07,wk inc flu hosp,2,2026-02-21,31,quantile,0.35,28.0
2026-02-07,wk inc flu hosp,2,2026-02-21,31,quantile,0.4,39.0
2026-02-07,wk inc flu hosp,2,2026-02-21,31,quantile,0.45,51.0
2026-02-07,wk inc flu hosp,2,2026-02-21,31,quantile,0.5,55.0
2026-02-07,wk inc flu hosp,2,2026-02-21,31,quantile,0.55,59.0
2026-02-07,wk inc flu hosp,2,2026-02-21,31,quantile,0.6,63.0
2026-02-07,wk inc flu hosp,2,2026-02-21,31,quantile,0.65,68.0
2026-02-07,wk inc flu hosp,2,2026-02-21,31,quantile,0.7,71.0
2026-02-07,wk inc flu hosp,2,2026-02-21,31,quantile,0.75,76.0
2026-02-07,wk inc flu hosp,2,2026-02-21,31,quantile,0.8,81.0
2026-02-07,wk inc flu hosp,2,2026-02-21,31,quantile,0.85,89.0
2026-02-07,wk inc flu hosp,2,2026-02-21,31,quantile,0.9,98.0
2026-02-07,wk inc flu hosp,2,2026-02-21,31,quantile,0.95,112.0
2026-02-07,wk inc flu hosp,2,2026-02-21,31,quantile,0.975,125.0
2026-02-07,wk inc flu hosp,2,2026-02-21,31,quantile,0.99,142.0
2026-02-07,wk inc flu hosp,2,2026-02-21,32,quantile,0.01,0.0
2026-02-07,wk inc flu hosp,2,2026-02-21,32,quantile,0.025,1.0
2026-02-07,wk inc flu hosp,2,2026-02-21,32,quantile,0.05,7.0
2026-02-07,wk inc flu hosp,2,2026-02-21,32,quantile,0.1,17.0
2026-02-07,wk inc flu hosp,2,2026-02-21,32,quantile,0.15,25.0
2026-02-07,wk inc flu hosp,2,2026-02-21,32,quantile,0.2,31.0
2026-02-07,wk inc flu hosp,2,2026-02-21,32,quantile,0.25,36.0
2026-02-07,wk inc flu hosp,2,2026-02-21,32,quantile,0.3,39.0
2026-02-07,wk inc flu hosp,2,2026-02-21,32,quantile,0.35,44.0
2026-02-07,wk inc flu hosp,2,2026-02-21,32,quantile,0.4,46.0
2026-02-07,wk inc flu hosp,2,2026-02-21,32,quantile,0.45,48.0
2026-02-07,wk inc flu hosp,2,2026-02-21,32,quantile,0.5,50.0
2026-02-07,wk inc flu hosp,2,2026-02-21,32,quantile,0.55,52.0
2026-02-07,wk inc flu hosp,2,2026-02-21,32,quantile,0.6,54.0
2026-02-07,wk inc flu hosp,2,2026-02-21,32,quantile,0.65,56.0
2026-02-07,wk inc flu hosp,2,2026-02-21,32,quantile,0.7,58.0
2026-02-07,wk inc flu hosp,2,2026-02-21,32,quantile,0.75,60.0
2026-02-07,wk inc flu hosp,2,2026-02-21,32,quantile,0.8,62.0
2026-02-07,wk inc flu hosp,2,2026-02-21,32,quantile,0.85,64.0
2026-02-07,wk inc flu hosp,2,2026-02-21,32,quantile,0.9,68.0
2026-02-07,wk inc flu hosp,2,2026-02-21,32,quantile,0.95,72.0
2026-02-07,wk inc flu hosp,2,2026-02-21,32,quantile,0.975,77.0
2026-02-07,wk inc flu hosp,2,2026-02-21,32,quantile,0.99,80.0
2026-02-07,wk inc flu hosp,2,2026-02-21,33,quantile,0.01,0.0
2026-02-07,wk inc flu hosp,2,2026-02-21,33,quantile,0.025,2.0
2026-02-07,wk inc flu hosp,2,2026-02-21,33,quantile,0.05,4.0
2026-02-07,wk inc flu hosp,2,2026-02-21,33,quantile,0.1,7.0
2026-02-07,wk inc flu hosp,2,2026-02-21,33,quantile,0.15,9.0
2026-02-07,wk inc flu hosp,2,2026-02-21,33,quantile,0.2,13.0
2026-02-07,wk inc flu hosp,2,2026-02-21,33,quantile,0.25,17.0
2026-02-07,wk inc flu hosp,2,2026-02-21,33,quantile,0.3,20.0
2026-02-07,wk inc flu hosp,2,2026-02-21,33,quantile,0.35,24.0
2026-02-07,wk inc flu hosp,2,2026-02-21,33,quantile,0.4,27.0
2026-02-07,wk inc flu hosp,2,2026-02-21,33,quantile,0.45,31.0
2026-02-07,wk inc flu hosp,2,2026-02-21,33,quantile,0.5,32.0
2026-02-07,wk inc flu hosp,2,2026-02-21,33,quantile,0.55,33.0
2026-02-07,wk inc flu hosp,2,2026-02-21,33,quantile,0.6,33.0
2026-02-07,wk inc flu hosp,2,2026-02-21,33,quantile,0.65,34.0
2026-02-07,wk inc flu hosp,2,2026-02-21,33,quantile,0.7,35.0
2026-02-07,wk inc flu hosp,2,2026-02-21,33,quantile,0.75,36.0
2026-02-07,wk inc flu hosp,2,2026-02-21,33,quantile,0.8,37.0
2026-02-07,wk inc flu hosp,2,2026-02-21,33,quantile,0.85,38.0
2026-02-07,wk inc flu hosp,2,2026-02-21,33,quantile,0.9,40.0
2026-02-07,wk inc flu hosp,2,2026-02-21,33,quantile,0.95,42.0
2026-02-07,wk inc flu hosp,2,2026-02-21,33,quantile,0.975,45.0
2026-02-07,wk inc flu hosp,2,2026-02-21,33,quantile,0.99,49.0
2026-02-07,wk inc flu hosp,2,2026-02-21,34,quantile,0.01,0.0
2026-02-07,wk inc flu hosp,2,2026-02-21,34,quantile,0.025,0.0
2026-02-07,wk inc flu hosp,2,2026-02-21,34,quantile,0.05,0.0
2026-02-07,wk inc flu hosp,2,2026-02-21,34,quantile,0.1,15.0
2026-02-07,wk inc flu hosp,2,2026-02-21,34,quantile,0.15,32.0
2026-02-07,wk inc flu hosp,2,2026-02-21,34,quantile,0.2,36.0
2026-02-07,wk inc flu hosp,2,2026-02-21,34,quantile,0.25,37.0
2026-02-07,wk inc flu hosp,2,2026-02-21,34,quantile,0.3,39.0
2026-02-07,wk inc flu hosp,2,2026-02-21,34,quantile,0.35,40.0
2026-02-07,wk inc flu hosp,2,2026-02-21,34,quantile,0.4,42.0
2026-02-07,wk inc flu hosp,2,2026-02-21,34,quantile,0.45,44.0
2026-02-07,wk inc flu hosp,2,2026-02-21,34,quantile,0.5,52.0
2026-02-07,wk inc flu hosp,2,2026-02-21,34,quantile,0.55,62.0
2026-02-07,wk inc flu hosp,2,2026-02-21,34,quantile,0.6,71.0
2026-02-07,wk inc flu hosp,2,2026-02-21,34,quantile,0.65,82.0
2026-02-07,wk inc flu hosp,2,2026-02-21,34,quantile,0.7,90.0
2026-02-07,wk inc flu hosp,2,2026-02-21,34,quantile,0.75,100.0
2026-02-07,wk inc flu hosp,2,2026-02-21,34,quantile,0.8,107.0
2026-02-07,wk inc flu hosp,2,2026-02-21,34,quantile,0.85,118.0
2026-02-07,wk inc flu hosp,2,2026-02-21,34,quantile,0.9,131.0
2026-02-07,wk inc flu hosp,2,2026-02-21,34,quantile,0.95,149.0
2026-02-07,wk inc flu hosp,2,2026-02-21,34,quantile,0.975,177.0
2026-02-07,wk inc flu hosp,2,2026-02-21,34,quantile,0.99,194.0
2026-02-07,wk inc flu hosp,2,2026-02-21,35,quantile,0.01,0.0
2026-02-07,wk inc flu hosp,2,2026-02-21,35,quantile,0.025,0.0
2026-02-07,wk inc flu hosp,2,2026-02-21,35,quantile,0.05,1.0
2026-02-07,wk inc flu hosp,2,2026-02-21,35,quantile,0.1,9.0
2026-02-07,wk inc flu hosp,2,2026-02-21,35,quantile,0.15,13.0
2026-02-07,wk inc flu hosp,2,2026-02-21,35,quantile,0.2,15.0
2026-02-07,wk inc flu hosp,2,2026-02-21,35,quantile,0.25,17.0
2026-02-07,wk inc flu hosp,2,2026-02-21,35,quantile,0.3,18.0
2026-02-07,wk inc flu hosp,2,2026-02-21,35,quantile,0.35,20.0
2026-02-07,wk inc flu hosp,2,2026-02-21,35,quantile,0.4,22.0
2026-02-07,wk inc flu hosp,2,2026-02-21,35,quantile,0.45,24.0
2026-02-07,wk inc flu hosp,2,2026-02-21,35,quantile,0.5,25.0
2026-02-07,wk inc flu hosp,2,2026-02-21,35,quantile,0.55,27.0
2026-02-07,wk inc flu hosp,2,2026-02-21,35,quantile,0.6,28.0
2026-02-07,wk inc flu hosp,2,2026-02-21,35,quantile,0.65,30.0
2026-02-07,wk inc flu hosp,2,2026-02-21,35,quantile,0.7,31.0
2026-02-07,wk inc flu hosp,2,2026-02-21,35,quantile,0.75,33.0
2026-02-07,wk inc flu hosp,2,2026-02-21,35,quantile,0.8,34.0
2026-02-07,wk inc flu hosp,2,2026-02-21,35,quantile,0.85,36.0
2026-02-07,wk inc flu hosp,2,2026-02-21,35,quantile,0.9,39.0
2026-02-07,wk inc flu hosp,2,2026-02-21,35,quantile,0.95,44.0
2026-02-07,wk inc flu hosp,2,2026-02-21,35,quantile,0.975,48.0
2026-02-07,wk inc flu hosp,2,2026-02-21,35,quantile,0.99,51.0
2026-02-07,wk inc flu hosp,2,2026-02-21,36,quantile,0.01,0.0
2026-02-07,wk inc flu hosp,2,2026-02-21,36,quantile,0.025,0.0
2026-02-07,wk inc flu hosp,2,2026-02-21,36,quantile,0.05,0.0
2026-02-07,wk inc flu hosp,2,2026-02-21,36,quantile,0.1,7.0
2026-02-07,wk inc flu hosp,2,2026-02-21,36,quantile,0.15,18.0
2026-02-07,wk inc flu hosp,2,2026-02-21,36,quantile,0.2,19.0
2026-02-07,wk inc flu hosp,2,2026-02-21,36,quantile,0.25,20.0
2026-02-07,wk inc flu hosp,2,2026-02-21,36,quantile,0.3,21.0
2026-02-07,wk inc flu hosp,2,2026-02-21,36,quantile,0.35,21.0
2026-02-07,wk inc flu hosp,2,2026-02-21,36,quantile,0.4,22.0
2026-02-07,wk inc flu hosp,2,2026-02-21,36,quantile,0.45,22.0
2026-02-07,wk inc flu hosp,2,2026-02-21,36,quantile,0.5,22.0
2026-02-07,wk inc flu hosp,2,2026-02-21,36,quantile,0.55,23.0
2026-02-07,wk inc flu hosp,2,2026-02-21,36,quantile,0.6,23.0
2026-02-07,wk inc flu hosp,2,2026-02-21,36,quantile,0.65,24.0
2026-02-07,wk inc flu hosp,2,2026-02-21,36,quantile,0.7,36.0
2026-02-07,wk inc flu hosp,2,2026-02-21,36,quantile,0.75,46.0
2026-02-07,wk inc flu hosp,2,2026-02-21,36,quantile,0.8,59.0
2026-02-07,wk inc flu hosp,2,2026-02-21,36,quantile,0.85,72.0
2026-02-07,wk inc flu hosp,2,2026-02-21,36,quantile,0.9,91.0
2026-02-07,wk inc flu hosp,2,2026-02-21,36,quantile,0.95,137.0
2026-02-07,wk inc flu hosp,2,2026-02-21,36,quantile,0.975,164.0
2026-02-07,wk inc flu hosp,2,2026-02-21,36,quantile,0.99,185.0
2026-02-07,wk inc flu hosp,2,2026-02-21,37,quantile,0.01,0.0
2026-02-07,wk inc flu hosp,2,2026-02-21,37,quantile,0.025,0.0
2026-02-07,wk inc flu hosp,2,2026-02-21,37,quantile,0.05,0.0
2026-02-07,wk inc flu hosp,2,2026-02-21,37,quantile,0.1,4.0
2026-02-07,wk inc flu hosp,2,2026-02-21,37,quantile,0.15,44.0
2026-02-07,wk inc flu hosp,2,2026-02-21,37,quantile,0.2,78.0
2026-02-07,wk inc flu hosp,2,2026-02-21,37,quantile,0.25,110.0
2026-02-07,wk inc flu hosp,2,2026-02-21,37,quantile,0.3,150.0
2026-02-07,wk inc flu hosp,2,2026-02-21,37,quantile,0.35,190.0
2026-02-07,wk inc flu hosp,2,2026-02-21,37,quantile,0.4,204.0
2026-02-07,wk inc flu hosp,2,2026-02-21,37,quantile,0.45,220.0
2026-02-07,wk inc flu hosp,2,2026-02-21,37,quantile,0.5,234.0
2026-02-07,wk inc flu hosp,2,2026-02-21,37,quantile,0.55,248.0
2026-02-07,wk inc flu hosp,2,2026-02-21,37,quantile,0.6,259.0
2026-02-07,wk inc flu hosp,2,2026-02-21,37,quantile,0.65,277.0
2026-02-07,wk inc flu hosp,2,2026-02-21,37,quantile,0.7,289.0
2026-02-07,wk inc flu hosp,2,2026-02-21,37,quantile,0.75,304.0
2026-02-07,wk inc flu hosp,2,2026-02-21,37,quantile,0.8,317.0
2026-02-07,wk inc flu hosp,2,2026-02-21,37,quantile,0.85,342.0
2026-02-07,wk inc flu hosp,2,2026-02-21,37,quantile,0.9,369.0
2026-02-07,wk inc flu hosp,2,2026-02-21,37,quantile,0.95,411.0
2026-02-07,wk inc flu hosp,2,2026-02-21,37,quantile,0.975,448.0
2026-02-07,wk inc flu hosp,2,2026-02-21,37,quantile,0.99,495.0
2026-02-07,wk inc flu hosp,2,2026-02-21,38,quantile,0.01,0.0
2026-02-07,wk inc flu hosp,2,2026-02-21,38,quantile,0.025,0.0
2026-02-07,wk inc flu hosp,2,2026-02-21,38,quantile,0.05,2.0
2026-02-07,wk inc flu hosp,2,2026-02-21,38,quantile,0.1,3.0
2026-02-07,wk inc flu hosp,2,2026-02-21,38,quantile,0.15,5.0
2026-02-07,wk inc flu hosp,2,2026-02-21,38,quantile,0.2,8.0
2026-02-07,wk inc flu hosp,2,2026-02-21,38,quantile,0.25,10.0
2026-02-07,wk inc flu hosp,2,2026-02-21,38,quantile,0.3,12.0
2026-02-07,wk inc flu hosp,2,2026-02-21,38,quantile,0.35,13.0
2026-02-07,wk inc flu hosp,2,2026-02-21,38,quantile,0.4,14.0
2026-02-07,wk inc flu hosp,2,2026-02-21,38,quantile,0.45,15.0
2026-02-07,wk inc flu hosp,2,2026-02-21,38,quantile,0.5,16.0
2026-02-07,wk inc flu hosp,2,2026-02-21,38,quantile,0.55,17.0
2026-02-07,wk inc flu hosp,2,2026-02-21,38,quantile,0.6,18.0
2026-02-07,wk inc flu hosp,2,2026-02-21,38,quantile,0.65,19.0
2026-02-07,wk inc flu hosp,2,2026-02-21,38,quantile,0.7,20.0
2026-02-07,wk inc flu hosp,2,2026-02-21,38,quantile,0.75,21.0
2026-02-07,wk inc flu hosp,2,2026-02-21,38,quantile,0.8,22.0
2026-02-07,wk inc flu hosp,2,2026-02-21,38,quantile,0.85,23.0
2026-02-07,wk inc flu hosp,2,2026-02-21,38,quantile,0.9,25.0
2026-02-07,wk inc flu hosp,2,2026-02-21,38,quantile,0.95,28.0
2026-02-07,wk inc flu hosp,2,2026-02-21,38,quantile,0.975,30.0
2026-02-07,wk inc flu hosp,2,2026-02-21,38,quantile,0.99,32.0
2026-02-07,wk inc flu hosp,2,2026-02-21,39,quantile,0.01,37.0
2026-02-07,wk inc flu hosp,2,2026-02-21,39,quantile,0.025,59.0
2026-02-07,wk inc flu hosp,2,2026-02-21,39,quantile,0.05,74.0
2026-02-07,wk inc flu hosp,2,2026-02-21,39,quantile,0.1,137.0
2026-02-07,wk inc flu hosp,2,2026-02-21,39,quantile,0.15,180.0
2026-02-07,wk inc flu hosp,2,2026-02-21,39,quantile,0.2,213.0
2026-02-07,wk inc flu hosp,2,2026-02-21,39,quantile,0.25,236.0
2026-02-07,wk inc flu hosp,2,2026-02-21,39,quantile,0.3,261.0
2026-02-07,wk inc flu hosp,2,2026-02-21,39,quantile,0.35,288.0
2026-02-07,wk inc flu hosp,2,2026-02-21,39,quantile,0.4,312.0
2026-02-07,wk inc flu hosp,2,2026-02-21,39,quantile,0.45,330.0
2026-02-07,wk inc flu hosp,2,2026-02-21,39,quantile,0.5,339.0
2026-02-07,wk inc flu hosp,2,2026-02-21,39,quantile,0.55,346.0
2026-02-07,wk inc flu hosp,2,2026-02-21,39,quantile,0.6,352.0
2026-02-07,wk inc flu hosp,2,2026-02-21,39,quantile,0.65,361.0
2026-02-07,wk inc flu hosp,2,2026-02-21,39,quantile,0.7,366.0
2026-02-07,wk inc flu hosp,2,2026-02-21,39,quantile,0.75,375.0
2026-02-07,wk inc flu hosp,2,2026-02-21,39,quantile,0.8,382.0
2026-02-07,wk inc flu hosp,2,2026-02-21,39,quantile,0.85,392.0
2026-02-07,wk inc flu hosp,2,2026-02-21,39,quantile,0.9,404.0
2026-02-07,wk inc flu hosp,2,2026-02-21,39,quantile,0.95,425.0
2026-02-07,wk inc flu hosp,2,2026-02-21,39,quantile,0.975,483.0
2026-02-07,wk inc flu hosp,2,2026-02-21,39,quantile,0.99,558.0
2026-02-07,wk inc flu hosp,2,2026-02-21,40,quantile,0.01,0.0
2026-02-07,wk inc flu hosp,2,2026-02-21,40,quantile,0.025,0.0
2026-02-07,wk inc flu hosp,2,2026-02-21,40,quantile,0.05,0.0
2026-02-07,wk inc flu hosp,2,2026-02-21,40,quantile,0.1,10.0
2026-02-07,wk inc flu hosp,2,2026-02-21,40,quantile,0.15,30.0
2026-02-07,wk inc flu hosp,2,2026-02-21,40,quantile,0.2,52.0
2026-02-07,wk inc flu hosp,2,2026-02-21,40,quantile,0.25,67.0
2026-02-07,wk inc flu hosp,2,2026-02-21,40,quantile,0.3,78.0
2026-02-07,wk inc flu hosp,2,2026-02-21,40,quantile,0.35,93.0
2026-02-07,wk inc flu hosp,2,2026-02-21,40,quantile,0.4,106.0
2026-02-07,wk inc flu hosp,2,2026-02-21,40,quantile,0.45,115.0
2026-02-07,wk inc flu hosp,2,2026-02-21,40,quantile,0.5,121.0
2026-02-07,wk inc flu hosp,2,2026-02-21,40,quantile,0.55,127.0
2026-02-07,wk inc flu hosp,2,2026-02-21,40,quantile,0.6,133.0
2026-02-07,wk inc flu hosp,2,2026-02-21,40,quantile,0.65,141.0
2026-02-07,wk inc flu hosp,2,2026-02-21,40,quantile,0.7,149.0
2026-02-07,wk inc flu hosp,2,2026-02-21,40,quantile,0.75,158.0
2026-02-07,wk inc flu hosp,2,2026-02-21,40,quantile,0.8,163.0
2026-02-07,wk inc flu hosp,2,2026-02-21,40,quantile,0.85,170.0
2026-02-07,wk inc flu hosp,2,2026-02-21,40,quantile,0.9,176.0
2026-02-07,wk inc flu hosp,2,2026-02-21,40,quantile,0.95,190.0
2026-02-07,wk inc flu hosp,2,2026-02-21,40,quantile,0.975,200.0
2026-02-07,wk inc flu hosp,2,2026-02-21,40,quantile,0.99,207.0
2026-02-07,wk inc flu hosp,2,2026-02-21,41,quantile,0.01,107.0
2026-02-07,wk inc flu hosp,2,2026-02-21,41,quantile,0.025,144.0
2026-02-07,wk inc flu hosp,2,2026-02-21,41,quantile,0.05,158.0
2026-02-07,wk inc flu hosp,2,2026-02-21,41,quantile,0.1,180.0
2026-02-07,wk inc flu hosp,2,2026-02-21,41,quantile,0.15,195.0
2026-02-07,wk inc flu hosp,2,2026-02-21,41,quantile,0.2,203.0
2026-02-07,wk inc flu hosp,2,2026-02-21,41,quantile,0.25,212.0
2026-02-07,wk inc flu hosp,2,2026-02-21,41,quantile,0.3,219.0
2026-02-07,wk inc flu hosp,2,2026-02-21,41,quantile,0.35,226.0
2026-02-07,wk inc flu hosp,2,2026-02-21,41,quantile,0.4,233.0
2026-02-07,wk inc flu hosp,2,2026-02-21,41,quantile,0.45,238.0
2026-02-07,wk inc flu hosp,2,2026-02-21,41,quantile,0.5,243.0
2026-02-07,wk inc flu hosp,2,2026-02-21,41,quantile,0.55,249.0
2026-02-07,wk inc flu hosp,2,2026-02-21,41,quantile,0.6,254.0
2026-02-07,wk inc flu hosp,2,2026-02-21,41,quantile,0.65,259.0
2026-02-07,wk inc flu hosp,2,2026-02-21,41,quantile,0.7,264.0
2026-02-07,wk inc flu hosp,2,2026-02-21,41,quantile,0.75,270.0
2026-02-07,wk inc flu hosp,2,2026-02-21,41,quantile,0.8,275.0
2026-02-07,wk inc flu hosp,2,2026-02-21,41,quantile,0.85,283.0
2026-02-07,wk inc flu hosp,2,2026-02-21,41,quantile,0.9,294.0
2026-02-07,wk inc flu hosp,2,2026-02-21,41,quantile,0.95,310.0
2026-02-07,wk inc flu hosp,2,2026-02-21,41,quantile,0.975,323.0
2026-02-07,wk inc flu hosp,2,2026-02-21,41,quantile,0.99,334.0
2026-02-07,wk inc flu hosp,2,2026-02-21,42,quantile,0.01,0.0
2026-02-07,wk inc flu hosp,2,2026-02-21,42,quantile,0.025,0.0
2026-02-07,wk inc flu hosp,2,2026-02-21,42,quantile,0.05,0.0
2026-02-07,wk inc flu hosp,2,2026-02-21,42,quantile,0.1,0.0
2026-02-07,wk inc flu hosp,2,2026-02-21,42,quantile,0.15,32.0
2026-02-07,wk inc flu hosp,2,2026-02-21,42,quantile,0.2,36.0
2026-02-07,wk inc flu hosp,2,2026-02-21,42,quantile,0.25,44.0
2026-02-07,wk inc flu hosp,2,2026-02-21,42,quantile,0.3,59.0
2026-02-07,wk inc flu hosp,2,2026-02-21,42,quantile,0.35,80.0
2026-02-07,wk inc flu hosp,2,2026-02-21,42,quantile,0.4,103.0
2026-02-07,wk inc flu hosp,2,2026-02-21,42,quantile,0.45,128.0
2026-02-07,wk inc flu hosp,2,2026-02-21,42,quantile,0.5,161.0
2026-02-07,wk inc flu hosp,2,2026-02-21,42,quantile,0.55,195.0
2026-02-07,wk inc flu hosp,2,2026-02-21,42,quantile,0.6,227.0
2026-02-07,wk inc flu hosp,2,2026-02-21,42,quantile,0.65,253.0
2026-02-07,wk inc flu hosp,2,2026-02-21,42,quantile,0.7,273.0
2026-02-07,wk inc flu hosp,2,2026-02-21,42,quantile,0.75,292.0
2026-02-07,wk inc flu hosp,2,2026-02-21,42,quantile,0.8,314.0
2026-02-07,wk inc flu hosp,2,2026-02-21,42,quantile,0.85,342.0
2026-02-07,wk inc flu hosp,2,2026-02-21,42,quantile,0.9,381.0
2026-02-07,wk inc flu hosp,2,2026-02-21,42,quantile,0.95,456.0
2026-02-07,wk inc flu hosp,2,2026-02-21,42,quantile,0.975,569.0
2026-02-07,wk inc flu hosp,2,2026-02-21,42,quantile,0.99,648.0
2026-02-07,wk inc flu hosp,2,2026-02-21,44,quantile,0.01,0.0
2026-02-07,wk inc flu hosp,2,2026-02-21,44,quantile,0.025,0.0
2026-02-07,wk inc flu hosp,2,2026-02-21,44,quantile,0.05,0.0
2026-02-07,wk inc flu hosp,2,2026-02-21,44,quantile,0.1,1.0
2026-02-07,wk inc flu hosp,2,2026-02-21,44,quantile,0.15,2.0
2026-02-07,wk inc flu hosp,2,2026-02-21,44,quantile,0.2,2.0
2026-02-07,wk inc flu hosp,2,2026-02-21,44,quantile,0.25,2.0
2026-02-07,wk inc flu hosp,2,2026-02-21,44,quantile,0.3,2.0
2026-02-07,wk inc flu hosp,2,2026-02-21,44,quantile,0.35,3.0
2026-02-07,wk inc flu hosp,2,2026-02-21,44,quantile,0.4,3.0
2026-02-07,wk inc flu hosp,2,2026-02-21,44,quantile,0.45,3.0
2026-02-07,wk inc flu hosp,2,2026-02-21,44,quantile,0.5,3.0
2026-02-07,wk inc flu hosp,2,2026-02-21,44,quantile,0.55,3.0
2026-02-07,wk inc flu hosp,2,2026-02-21,44,quantile,0.6,3.0
2026-02-07,wk inc flu hosp,2,2026-02-21,44,quantile,0.65,3.0
2026-02-07,wk inc flu hosp,2,2026-02-21,44,quantile,0.7,3.0
2026-02-07,wk inc flu hosp,2,2026-02-21,44,quantile,0.75,3.0
2026-02-07,wk inc flu hosp,2,2026-02-21,44,quantile,0.8,3.0
2026-02-07,wk inc flu hosp,2,2026-02-21,44,quantile,0.85,3.0
2026-02-07,wk inc flu hosp,2,2026-02-21,44,quantile,0.9,4.0
2026-02-07,wk inc flu hosp,2,2026-02-21,44,quantile,0.95,4.0
2026-02-07,wk inc flu hosp,2,2026-02-21,44,quantile,0.975,4.0
2026-02-07,wk inc flu hosp,2,2026-02-21,44,quantile,0.99,4.0
2026-02-07,wk inc flu hosp,2,2026-02-21,45,quantile,0.01,0.0
2026-02-07,wk inc flu hosp,2,2026-02-21,45,quantile,0.025,0.0
2026-02-07,wk inc flu hosp,2,2026-02-21,45,quantile,0.05,0.0
2026-02-07,wk inc flu hosp,2,2026-02-21,45,quantile,0.1,0.0
2026-02-07,wk inc flu hosp,2,2026-02-21,45,quantile,0.15,13.0
2026-02-07,wk inc flu hosp,2,2026-02-21,45,quantile,0.2,31.0
2026-02-07,wk inc flu hosp,2,2026-02-21,45,quantile,0.25,44.0
2026-02-07,wk inc flu hosp,2,2026-02-21,45,quantile,0.3,58.0
2026-02-07,wk inc flu hosp,2,2026-02-21,45,quantile,0.35,71.0
2026-02-07,wk inc flu hosp,2,2026-02-21,45,quantile,0.4,86.0
2026-02-07,wk inc flu hosp,2,2026-02-21,45,quantile,0.45,102.0
2026-02-07,wk inc flu hosp,2,2026-02-21,45,quantile,0.5,112.0
2026-02-07,wk inc flu hosp,2,2026-02-21,45,quantile,0.55,119.0
2026-02-07,wk inc flu hosp,2,2026-02-21,45,quantile,0.6,125.0
2026-02-07,wk inc flu hosp,2,2026-02-21,45,quantile,0.65,132.0
2026-02-07,wk inc flu hosp,2,2026-02-21,45,quantile,0.7,138.0
2026-02-07,wk inc flu hosp,2,2026-02-21,45,quantile,0.75,145.0
2026-02-07,wk inc flu hosp,2,2026-02-21,45,quantile,0.8,152.0
2026-02-07,wk inc flu hosp,2,2026-02-21,45,quantile,0.85,162.0
2026-02-07,wk inc flu hosp,2,2026-02-21,45,quantile,0.9,173.0
2026-02-07,wk inc flu hosp,2,2026-02-21,45,quantile,0.95,189.0
2026-02-07,wk inc flu hosp,2,2026-02-21,45,quantile,0.975,204.0
2026-02-07,wk inc flu hosp,2,2026-02-21,45,quantile,0.99,213.0
2026-02-07,wk inc flu hosp,2,2026-02-21,46,quantile,0.01,8.0
2026-02-07,wk inc flu hosp,2,2026-02-21,46,quantile,0.025,12.0
2026-02-07,wk inc flu hosp,2,2026-02-21,46,quantile,0.05,15.0
2026-02-07,wk inc flu hosp,2,2026-02-21,46,quantile,0.1,18.0
2026-02-07,wk inc flu hosp,2,2026-02-21,46,quantile,0.15,20.0
2026-02-07,wk inc flu hosp,2,2026-02-21,46,quantile,0.2,21.0
2026-02-07,wk inc flu hosp,2,2026-02-21,46,quantile,0.25,22.0
2026-02-07,wk inc flu hosp,2,2026-02-21,46,quantile,0.3,23.0
2026-02-07,wk inc flu hosp,2,2026-02-21,46,quantile,0.35,24.0
2026-02-07,wk inc flu hosp,2,2026-02-21,46,quantile,0.4,25.0
2026-02-07,wk inc flu hosp,2,2026-02-21,46,quantile,0.45,26.0
2026-02-07,wk inc flu hosp,2,2026-02-21,46,quantile,0.5,26.0
2026-02-07,wk inc flu hosp,2,2026-02-21,46,quantile,0.55,27.0
2026-02-07,wk inc flu hosp,2,2026-02-21,46,quantile,0.6,28.0
2026-02-07,wk inc flu hosp,2,2026-02-21,46,quantile,0.65,29.0
2026-02-07,wk inc flu hosp,2,2026-02-21,46,quantile,0.7,29.0
2026-02-07,wk inc flu hosp,2,2026-02-21,46,quantile,0.75,30.0
2026-02-07,wk inc flu hosp,2,2026-02-21,46,quantile,0.8,30.0
2026-02-07,wk inc flu hosp,2,2026-02-21,46,quantile,0.85,32.0
2026-02-07,wk inc flu hosp,2,2026-02-21,46,quantile,0.9,33.0
2026-02-07,wk inc flu hosp,2,2026-02-21,46,quantile,0.95,35.0
2026-02-07,wk inc flu hosp,2,2026-02-21,46,quantile,0.975,38.0
2026-02-07,wk inc flu hosp,2,2026-02-21,46,quantile,0.99,41.0
2026-02-07,wk inc flu hosp,2,2026-02-21,47,quantile,0.01,0.0
2026-02-07,wk inc flu hosp,2,2026-02-21,47,quantile,0.025,1.0
2026-02-07,wk inc flu hosp,2,2026-02-21,47,quantile,0.05,16.0
2026-02-07,wk inc flu hosp,2,2026-02-21,47,quantile,0.1,34.0
2026-02-07,wk inc flu hosp,2,2026-02-21,47,quantile,0.15,59.0
2026-02-07,wk inc flu hosp,2,2026-02-21,47,quantile,0.2,82.0
2026-02-07,wk inc flu hosp,2,2026-02-21,47,quantile,0.25,102.0
2026-02-07,wk inc flu hosp,2,2026-02-21,47,quantile,0.3,127.0
2026-02-07,wk inc flu hosp,2,2026-02-21,47,quantile,0.35,145.0
2026-02-07,wk inc flu hosp,2,2026-02-21,47,quantile,0.4,161.0
2026-02-07,wk inc flu hosp,2,2026-02-21,47,quantile,0.45,177.0
2026-02-07,wk inc flu hosp,2,2026-02-21,47,quantile,0.5,193.0
2026-02-07,wk inc flu hosp,2,2026-02-21,47,quantile,0.55,208.0
2026-02-07,wk inc flu hosp,2,2026-02-21,47,quantile,0.6,223.0
2026-02-07,wk inc flu hosp,2,2026-02-21,47,quantile,0.65,242.0
2026-02-07,wk inc flu hosp,2,2026-02-21,47,quantile,0.7,258.0
2026-02-07,wk inc flu hosp,2,2026-02-21,47,quantile,0.75,278.0
2026-02-07,wk inc flu hosp,2,2026-02-21,47,quantile,0.8,300.0
2026-02-07,wk inc flu hosp,2,2026-02-21,47,quantile,0.85,323.0
2026-02-07,wk inc flu hosp,2,2026-02-21,47,quantile,0.9,354.0
2026-02-07,wk inc flu hosp,2,2026-02-21,47,quantile,0.95,397.0
2026-02-07,wk inc flu hosp,2,2026-02-21,47,quantile,0.975,432.0
2026-02-07,wk inc flu hosp,2,2026-02-21,47,quantile,0.99,470.0
2026-02-07,wk inc flu hosp,2,2026-02-21,48,quantile,0.01,0.0
2026-02-07,wk inc flu hosp,2,2026-02-21,48,quantile,0.025,0.0
2026-02-07,wk inc flu hosp,2,2026-02-21,48,quantile,0.05,0.0
2026-02-07,wk inc flu hosp,2,2026-02-21,48,quantile,0.1,58.0
2026-02-07,wk inc flu hosp,2,2026-02-21,48,quantile,0.15,189.0
2026-02-07,wk inc flu hosp,2,2026-02-21,48,quantile,0.2,299.0
2026-02-07,wk inc flu hosp,2,2026-02-21,48,quantile,0.25,389.0
2026-02-07,wk inc flu hosp,2,2026-02-21,48,quantile,0.3,474.0
2026-02-07,wk inc flu hosp,2,2026-02-21,48,quantile,0.35,556.0
2026-02-07,wk inc flu hosp,2,2026-02-21,48,quantile,0.4,628.0
2026-02-07,wk inc flu hosp,2,2026-02-21,48,quantile,0.45,711.0
2026-02-07,wk inc flu hosp,2,2026-02-21,48,quantile,0.5,785.0
2026-02-07,wk inc flu hosp,2,2026-02-21,48,quantile,0.55,839.0
2026-02-07,wk inc flu hosp,2,2026-02-21,48,quantile,0.6,865.0
2026-02-07,wk inc flu hosp,2,2026-02-21,48,quantile,0.65,903.0
2026-02-07,wk inc flu hosp,2,2026-02-21,48,quantile,0.7,945.0
2026-02-07,wk inc flu hosp,2,2026-02-21,48,quantile,0.75,992.0
2026-02-07,wk inc flu hosp,2,2026-02-21,48,quantile,0.8,1040.0
2026-02-07,wk inc flu hosp,2,2026-02-21,48,quantile,0.85,1095.0
2026-02-07,wk inc flu hosp,2,2026-02-21,48,quantile,0.9,1175.0
2026-02-07,wk inc flu hosp,2,2026-02-21,48,quantile,0.95,1302.0
2026-02-07,wk inc flu hosp,2,2026-02-21,48,quantile,0.975,1378.0
2026-02-07,wk inc flu hosp,2,2026-02-21,48,quantile,0.99,1429.0
2026-02-07,wk inc flu hosp,2,2026-02-21,49,quantile,0.01,5.0
2026-02-07,wk inc flu hosp,2,2026-02-21,49,quantile,0.025,9.0
2026-02-07,wk inc flu hosp,2,2026-02-21,49,quantile,0.05,22.0
2026-02-07,wk inc flu hosp,2,2026-02-21,49,quantile,0.1,35.0
2026-02-07,wk inc flu hosp,2,2026-02-21,49,quantile,0.15,43.0
2026-02-07,wk inc flu hosp,2,2026-02-21,49,quantile,0.2,50.0
2026-02-07,wk inc flu hosp,2,2026-02-21,49,quantile,0.25,55.0
2026-02-07,wk inc flu hosp,2,2026-02-21,49,quantile,0.3,61.0
2026-02-07,wk inc flu hosp,2,2026-02-21,49,quantile,0.35,66.0
2026-02-07,wk inc flu hosp,2,2026-02-21,49,quantile,0.4,71.0
2026-02-07,wk inc flu hosp,2,2026-02-21,49,quantile,0.45,76.0
2026-02-07,wk inc flu hosp,2,2026-02-21,49,quantile,0.5,81.0
2026-02-07,wk inc flu hosp,2,2026-02-21,49,quantile,0.55,86.0
2026-02-07,wk inc flu hosp,2,2026-02-21,49,quantile,0.6,91.0
2026-02-07,wk inc flu hosp,2,2026-02-21,49,quantile,0.65,96.0
2026-02-07,wk inc flu hosp,2,2026-02-21,49,quantile,0.7,101.0
2026-02-07,wk inc flu hosp,2,2026-02-21,49,quantile,0.75,106.0
2026-02-07,wk inc flu hosp,2,2026-02-21,49,quantile,0.8,112.0
2026-02-07,wk inc flu hosp,2,2026-02-21,49,quantile,0.85,119.0
2026-02-07,wk inc flu hosp,2,2026-02-21,49,quantile,0.9,126.0
2026-02-07,wk inc flu hosp,2,2026-02-21,49,quantile,0.95,138.0
2026-02-07,wk inc flu hosp,2,2026-02-21,49,quantile,0.975,152.0
2026-02-07,wk inc flu hosp,2,2026-02-21,49,quantile,0.99,163.0
2026-02-07,wk inc flu hosp,2,2026-02-21,50,quantile,0.01,0.0
2026-02-07,wk inc flu hosp,2,2026-02-21,50,quantile,0.025,0.0
2026-02-07,wk inc flu hosp,2,2026-02-21,50,quantile,0.05,0.0
2026-02-07,wk inc flu hosp,2,2026-02-21,50,quantile,0.1,1.0
2026-02-07,wk inc flu hosp,2,2026-02-21,50,quantile,0.15,3.0
2026-02-07,wk inc flu hosp,2,2026-02-21,50,quantile,0.2,3.0
2026-02-07,wk inc flu hosp,2,2026-02-21,50,quantile,0.25,3.0
2026-02-07,wk inc flu hosp,2,2026-02-21,50,quantile,0.3,4.0
2026-02-07,wk inc flu hosp,2,2026-02-21,50,quantile,0.35,5.0
2026-02-07,wk inc flu hosp,2,2026-02-21,50,quantile,0.4,6.0
2026-02-07,wk inc flu hosp,2,2026-02-21,50,quantile,0.45,7.0
2026-02-07,wk inc flu hosp,2,2026-02-21,50,quantile,0.5,7.0
2026-02-07,wk inc flu hosp,2,2026-02-21,50,quantile,0.55,8.0
2026-02-07,wk inc flu hosp,2,2026-02-21,50,quantile,0.6,9.0
2026-02-07,wk inc flu hosp,2,2026-02-21,50,quantile,0.65,10.0
2026-02-07,wk inc flu hosp,2,2026-02-21,50,quantile,0.7,10.0
2026-02-07,wk inc flu hosp,2,2026-02-21,50,quantile,0.75,11.0
2026-02-07,wk inc flu hosp,2,2026-02-21,50,quantile,0.8,12.0
2026-02-07,wk inc flu hosp,2,2026-02-21,50,quantile,0.85,13.0
2026-02-07,wk inc flu hosp,2,2026-02-21,50,quantile,0.9,14.0
2026-02-07,wk inc flu hosp,2,2026-02-21,50,quantile,0.95,16.0
2026-02-07,wk inc flu hosp,2,2026-02-21,50,quantile,0.975,18.0
2026-02-07,wk inc flu hosp,2,2026-02-21,50,quantile,0.99,20.0
2026-02-07,wk inc flu hosp,2,2026-02-21,51,quantile,0.01,0.0
2026-02-07,wk inc flu hosp,2,2026-02-21,51,quantile,0.025,0.0
2026-02-07,wk inc flu hosp,2,2026-02-21,51,quantile,0.05,0.0
2026-02-07,wk inc flu hosp,2,2026-02-21,51,quantile,0.1,40.0
2026-02-07,wk inc flu hosp,2,2026-02-21,51,quantile,0.15,61.0
2026-02-07,wk inc flu hosp,2,2026-02-21,51,quantile,0.2,66.0
2026-02-07,wk inc flu hosp,2,2026-02-21,51,quantile,0.25,70.0
2026-02-07,wk inc flu hosp,2,2026-02-21,51,quantile,0.3,73.0
2026-02-07,wk inc flu hosp,2,2026-02-21,51,quantile,0.35,75.0
2026-02-07,wk inc flu hosp,2,2026-02-21,51,quantile,0.4,77.0
2026-02-07,wk inc flu hosp,2,2026-02-21,51,quantile,0.45,79.0
2026-02-07,wk inc flu hosp,2,2026-02-21,51,quantile,0.5,81.0
2026-02-07,wk inc flu hosp,2,2026-02-21,51,quantile,0.55,82.0
2026-02-07,wk inc flu hosp,2,2026-02-21,51,quantile,0.6,84.0
2026-02-07,wk inc flu hosp,2,2026-02-21,51,quantile,0.65,85.0
2026-02-07,wk inc flu hosp,2,2026-02-21,51,quantile,0.7,99.0
2026-02-07,wk inc flu hosp,2,2026-02-21,51,quantile,0.75,114.0
2026-02-07,wk inc flu hosp,2,2026-02-21,51,quantile,0.8,142.0
2026-02-07,wk inc flu hosp,2,2026-02-21,51,quantile,0.85,203.0
2026-02-07,wk inc flu hosp,2,2026-02-21,51,quantile,0.9,354.0
2026-02-07,wk inc flu hosp,2,2026-02-21,51,quantile,0.95,499.0
2026-02-07,wk inc flu hosp,2,2026-02-21,51,quantile,0.975,564.0
2026-02-07,wk inc flu hosp,2,2026-02-21,51,quantile,0.99,613.0
2026-02-07,wk inc flu hosp,2,2026-02-21,53,quantile,0.01,60.0
2026-02-07,wk inc flu hosp,2,2026-02-21,53,quantile,0.025,74.0
2026-02-07,wk inc flu hosp,2,2026-02-21,53,quantile,0.05,114.0
2026-02-07,wk inc flu hosp,2,2026-02-21,53,quantile,0.1,167.0
2026-02-07,wk inc flu hosp,2,2026-02-21,53,quantile,0.15,199.0
2026-02-07,wk inc flu hosp,2,2026-02-21,53,quantile,0.2,221.0
2026-02-07,wk inc flu hosp,2,2026-02-21,53,quantile,0.25,241.0
2026-02-07,wk inc flu hosp,2,2026-02-21,53,quantile,0.3,264.0
2026-02-07,wk inc flu hosp,2,2026-02-21,53,quantile,0.35,286.0
2026-02-07,wk inc flu hosp,2,2026-02-21,53,quantile,0.4,304.0
2026-02-07,wk inc flu hosp,2,2026-02-21,53,quantile,0.45,320.0
2026-02-07,wk inc flu hosp,2,2026-02-21,53,quantile,0.5,332.0
2026-02-07,wk inc flu hosp,2,2026-02-21,53,quantile,0.55,344.0
2026-02-07,wk inc flu hosp,2,2026-02-21,53,quantile,0.6,351.0
2026-02-07,wk inc flu hosp,2,2026-02-21,53,quantile,0.65,361.0
2026-02-07,wk inc flu hosp,2,2026-02-21,53,quantile,0.7,368.0
2026-02-07,wk inc flu hosp,2,2026-02-21,53,quantile,0.75,379.0
2026-02-07,wk inc flu hosp,2,2026-02-21,53,quantile,0.8,389.0
2026-02-07,wk inc flu hosp,2,2026-02-21,53,quantile,0.85,402.0
2026-02-07,wk inc flu hosp,2,2026-02-21,53,quantile,0.9,427.0
2026-02-07,wk inc flu hosp,2,2026-02-21,53,quantile,0.95,478.0
2026-02-07,wk inc flu hosp,2,2026-02-21,53,quantile,0.975,543.0
2026-02-07,wk inc flu hosp,2,2026-02-21,53,quantile,0.99,615.0
2026-02-07,wk inc flu hosp,2,2026-02-21,54,quantile,0.01,0.0
2026-02-07,wk inc flu hosp,2,2026-02-21,54,quantile,0.025,0.0
2026-02-07,wk inc flu hosp,2,2026-02-21,54,quantile,0.05,0.0
2026-02-07,wk inc flu hosp,2,2026-02-21,54,quantile,0.1,0.0
2026-02-07,wk inc flu hosp,2,2026-02-21,54,quantile,0.15,0.0
2026-02-07,wk inc flu hosp,2,2026-02-21,54,quantile,0.2,6.0
2026-02-07,wk inc flu hosp,2,2026-02-21,54,quantile,0.25,17.0
2026-02-07,wk inc flu hosp,2,2026-02-21,54,quantile,0.3,28.0
2026-02-07,wk inc flu hosp,2,2026-02-21,54,quantile,0.35,40.0
2026-02-07,wk inc flu hosp,2,2026-02-21,54,quantile,0.4,46.0
2026-02-07,wk inc flu hosp,2,2026-02-21,54,quantile,0.45,52.0
2026-02-07,wk inc flu hosp,2,2026-02-21,54,quantile,0.5,56.0
2026-02-07,wk inc flu hosp,2,2026-02-21,54,quantile,0.55,60.0
2026-02-07,wk inc flu hosp,2,2026-02-21,54,quantile,0.6,62.0
2026-02-07,wk inc flu hosp,2,2026-02-21,54,quantile,0.65,67.0
2026-02-07,wk inc flu hosp,2,2026-02-21,54,quantile,0.7,70.0
2026-02-07,wk inc flu hosp,2,2026-02-21,54,quantile,0.75,73.0
2026-02-07,wk inc flu hosp,2,2026-02-21,54,quantile,0.8,77.0
2026-02-07,wk inc flu hosp,2,2026-02-21,54,quantile,0.85,81.0
2026-02-07,wk inc flu hosp,2,2026-02-21,54,quantile,0.9,87.0
2026-02-07,wk inc flu hosp,2,2026-02-21,54,quantile,0.95,96.0
2026-02-07,wk inc flu hosp,2,2026-02-21,54,quantile,0.975,106.0
2026-02-07,wk inc flu hosp,2,2026-02-21,54,quantile,0.99,114.0
2026-02-07,wk inc flu hosp,2,2026-02-21,55,quantile,0.01,0.0
2026-02-07,wk inc flu hosp,2,2026-02-21,55,quantile,0.025,3.0
2026-02-07,wk inc flu hosp,2,2026-02-21,55,quantile,0.05,27.0
2026-02-07,wk inc flu hosp,2,2026-02-21,55,quantile,0.1,56.0
2026-02-07,wk inc flu hosp,2,2026-02-21,55,quantile,0.15,67.0
2026-02-07,wk inc flu hosp,2,2026-02-21,55,quantile,0.2,77.0
2026-02-07,wk inc flu hosp,2,2026-02-21,55,quantile,0.25,86.0
2026-02-07,wk inc flu hosp,2,2026-02-21,55,quantile,0.3,94.0
2026-02-07,wk inc flu hosp,2,2026-02-21,55,quantile,0.35,103.0
2026-02-07,wk inc flu hosp,2,2026-02-21,55,quantile,0.4,113.0
2026-02-07,wk inc flu hosp,2,2026-02-21,55,quantile,0.45,122.0
2026-02-07,wk inc flu hosp,2,2026-02-21,55,quantile,0.5,130.0
2026-02-07,wk inc flu hosp,2,2026-02-21,55,quantile,0.55,136.0
2026-02-07,wk inc flu hosp,2,2026-02-21,55,quantile,0.6,141.0
2026-02-07,wk inc flu hosp,2,2026-02-21,55,quantile,0.65,151.0
2026-02-07,wk inc flu hosp,2,2026-02-21,55,quantile,0.7,157.0
2026-02-07,wk inc flu hosp,2,2026-02-21,55,quantile,0.75,166.0
2026-02-07,wk inc flu hosp,2,2026-02-21,55,quantile,0.8,173.0
2026-02-07,wk inc flu hosp,2,2026-02-21,55,quantile,0.85,184.0
2026-02-07,wk inc flu hosp,2,2026-02-21,55,quantile,0.9,198.0
2026-02-07,wk inc flu hosp,2,2026-02-21,55,quantile,0.95,219.0
2026-02-07,wk inc flu hosp,2,2026-02-21,55,quantile,0.975,238.0
2026-02-07,wk inc flu hosp,2,2026-02-21,55,quantile,0.99,250.0
2026-02-07,wk inc flu hosp,2,2026-02-21,56,quantile,0.01,0.0
2026-02-07,wk inc flu hosp,2,2026-02-21,56,quantile,0.025,0.0
2026-02-07,wk inc flu hosp,2,2026-02-21,56,quantile,0.05,0.0
2026-02-07,wk inc flu hosp,2,2026-02-21,56,quantile,0.1,0.0
2026-02-07,wk inc flu hosp,2,2026-02-21,56,quantile,0.15,1.0
2026-02-07,wk inc flu hosp,2,2026-02-21,56,quantile,0.2,2.0
2026-02-07,wk inc flu hosp,2,2026-02-21,56,quantile,0.25,2.0
2026-02-07,wk inc flu hosp,2,2026-02-21,56,quantile,0.3,3.0
2026-02-07,wk inc flu hosp,2,2026-02-21,56,quantile,0.35,3.0
2026-02-07,wk inc flu hosp,2,2026-02-21,56,quantile,0.4,3.0
2026-02-07,wk inc flu hosp,2,2026-02-21,56,quantile,0.45,4.0
2026-02-07,wk inc flu hosp,2,2026-02-21,56,quantile,0.5,4.0
2026-02-07,wk inc flu hosp,2,2026-02-21,56,quantile,0.55,5.0
2026-02-07,wk inc flu hosp,2,2026-02-21,56,quantile,0.6,5.0
2026-02-07,wk inc flu hosp,2,2026-02-21,56,quantile,0.65,5.0
2026-02-07,wk inc flu hosp,2,2026-02-21,56,quantile,0.7,6.0
2026-02-07,wk inc flu hosp,2,2026-02-21,56,quantile,0.75,6.0
2026-02-07,wk inc flu hosp,2,2026-02-21,56,quantile,0.8,7.0
2026-02-07,wk inc flu hosp,2,2026-02-21,56,quantile,0.85,7.0
2026-02-07,wk inc flu hosp,2,2026-02-21,56,quantile,0.9,8.0
2026-02-07,wk inc flu hosp,2,2026-02-21,56,quantile,0.95,9.0
2026-02-07,wk inc flu hosp,2,2026-02-21,56,quantile,0.975,10.0
2026-02-07,wk inc flu hosp,2,2026-02-21,56,quantile,0.99,11.0
2026-02-07,wk inc flu hosp,2,2026-02-21,US,quantile,0.01,0.0
2026-02-07,wk inc flu hosp,2,2026-02-21,US,quantile,0.025,692.0
2026-02-07,wk inc flu hosp,2,2026-02-21,US,quantile,0.05,2530.0
2026-02-07,wk inc flu hosp,2,2026-02-21,US,quantile,0.1,3865.0
2026-02-07,wk inc flu hosp,2,2026-02-21,US,quantile,0.15,4688.0
2026-02-07,wk inc flu hosp,2,2026-02-21,US,quantile,0.2,5363.0
2026-02-07,wk inc flu hosp,2,2026-02-21,US,quantile,0.25,5617.0
2026-02-07,wk inc flu hosp,2,2026-02-21,US,quantile,0.3,5869.0
2026-02-07,wk inc flu hosp,2,2026-02-21,US,quantile,0.35,6121.0
2026-02-07,wk inc flu hosp,2,2026-02-21,US,quantile,0.4,6365.0
2026-02-07,wk inc flu hosp,2,2026-02-21,US,quantile,0.45,6662.0
2026-02-07,wk inc flu hosp,2,2026-02-21,US,quantile,0.5,6956.0
2026-02-07,wk inc flu hosp,2,2026-02-21,US,quantile,0.55,7253.0
2026-02-07,wk inc flu hosp,2,2026-02-21,US,quantile,0.6,7525.0
2026-02-07,wk inc flu hosp,2,2026-02-21,US,quantile,0.65,7897.0
2026-02-07,wk inc flu hosp,2,2026-02-21,US,quantile,0.7,8211.0
2026-02-07,wk inc flu hosp,2,2026-02-21,US,quantile,0.75,8589.0
2026-02-07,wk inc flu hosp,2,2026-02-21,US,quantile,0.8,8909.0
2026-02-07,wk inc flu hosp,2,2026-02-21,US,quantile,0.85,9339.0
2026-02-07,wk inc flu hosp,2,2026-02-21,US,quantile,0.9,9803.0
2026-02-07,wk inc flu hosp,2,2026-02-21,US,quantile,0.95,10566.0
2026-02-07,wk inc flu hosp,2,2026-02-21,US,quantile,0.975,11476.0
2026-02-07,wk inc flu hosp,2,2026-02-21,US,quantile,0.99,12313.0
2026-02-07,wk inc flu hosp,3,2026-02-28,01,quantile,0.01,0.0
2026-02-07,wk inc flu hosp,3,2026-02-28,01,quantile,0.025,0.0
2026-02-07,wk inc flu hosp,3,2026-02-28,01,quantile,0.05,0.0
2026-02-07,wk inc flu hosp,3,2026-02-28,01,quantile,0.1,0.0
2026-02-07,wk inc flu hosp,3,2026-02-28,01,quantile,0.15,0.0
2026-02-07,wk inc flu hosp,3,2026-02-28,01,quantile,0.2,23.0
2026-02-07,wk inc flu hosp,3,2026-02-28,01,quantile,0.25,47.0
2026-02-07,wk inc flu hosp,3,2026-02-28,01,quantile,0.3,49.0
2026-02-07,wk inc flu hosp,3,2026-02-28,01,quantile,0.35,51.0
2026-02-07,wk inc flu hosp,3,2026-02-28,01,quantile,0.4,53.0
2026-02-07,wk inc flu hosp,3,2026-02-28,01,quantile,0.45,54.0
2026-02-07,wk inc flu hosp,3,2026-02-28,01,quantile,0.5,60.0
2026-02-07,wk inc flu hosp,3,2026-02-28,01,quantile,0.55,73.0
2026-02-07,wk inc flu hosp,3,2026-02-28,01,quantile,0.6,85.0
2026-02-07,wk inc flu hosp,3,2026-02-28,01,quantile,0.65,99.0
2026-02-07,wk inc flu hosp,3,2026-02-28,01,quantile,0.7,112.0
2026-02-07,wk inc flu hosp,3,2026-02-28,01,quantile,0.75,128.0
2026-02-07,wk inc flu hosp,3,2026-02-28,01,quantile,0.8,143.0
2026-02-07,wk inc flu hosp,3,2026-02-28,01,quantile,0.85,162.0
2026-02-07,wk inc flu hosp,3,2026-02-28,01,quantile,0.9,186.0
2026-02-07,wk inc flu hosp,3,2026-02-28,01,quantile,0.95,222.0
2026-02-07,wk inc flu hosp,3,2026-02-28,01,quantile,0.975,258.0
2026-02-07,wk inc flu hosp,3,2026-02-28,01,quantile,0.99,297.0
2026-02-07,wk inc flu hosp,3,2026-02-28,02,quantile,0.01,0.0
2026-02-07,wk inc flu hosp,3,2026-02-28,02,quantile,0.025,1.0
2026-02-07,wk inc flu hosp,3,2026-02-28,02,quantile,0.05,1.0
2026-02-07,wk inc flu hosp,3,2026-02-28,02,quantile,0.1,3.0
2026-02-07,wk inc flu hosp,3,2026-02-28,02,quantile,0.15,5.0
2026-02-07,wk inc flu hosp,3,2026-02-28,02,quantile,0.2,6.0
2026-02-07,wk inc flu hosp,3,2026-02-28,02,quantile,0.25,7.0
2026-02-07,wk inc flu hosp,3,2026-02-28,02,quantile,0.3,8.0
2026-02-07,wk inc flu hosp,3,2026-02-28,02,quantile,0.35,9.0
2026-02-07,wk inc flu hosp,3,2026-02-28,02,quantile,0.4,10.0
2026-02-07,wk inc flu hosp,3,2026-02-28,02,quantile,0.45,10.0
2026-02-07,wk inc flu hosp,3,2026-02-28,02,quantile,0.5,11.0
2026-02-07,wk inc flu hosp,3,2026-02-28,02,quantile,0.55,12.0
2026-02-07,wk inc flu hosp,3,2026-02-28,02,quantile,0.6,12.0
2026-02-07,wk inc flu hosp,3,2026-02-28,02,quantile,0.65,13.0
2026-02-07,wk inc flu hosp,3,2026-02-28,02,quantile,0.7,14.0
2026-02-07,wk inc flu hosp,3,2026-02-28,02,quantile,0.75,14.0
2026-02-07,wk inc flu hosp,3,2026-02-28,02,quantile,0.8,15.0
2026-02-07,wk inc flu hosp,3,2026-02-28,02,quantile,0.85,16.0
2026-02-07,wk inc flu hosp,3,2026-02-28,02,quantile,0.9,17.0
2026-02-07,wk inc flu hosp,3,2026-02-28,02,quantile,0.95,19.0
2026-02-07,wk inc flu hosp,3,2026-02-28,02,quantile,0.975,21.0
2026-02-07,wk inc flu hosp,3,2026-02-28,02,quantile,0.99,23.0
2026-02-07,wk inc flu hosp,3,2026-02-28,04,quantile,0.01,0.0
2026-02-07,wk inc flu hosp,3,2026-02-28,04,quantile,0.025,0.0
2026-02-07,wk inc flu hosp,3,2026-02-28,04,quantile,0.05,0.0
2026-02-07,wk inc flu hosp,3,2026-02-28,04,quantile,0.1,9.0
2026-02-07,wk inc flu hosp,3,2026-02-28,04,quantile,0.15,22.0
2026-02-07,wk inc flu hosp,3,2026-02-28,04,quantile,0.2,36.0
2026-02-07,wk inc flu hosp,3,2026-02-28,04,quantile,0.25,53.0
2026-02-07,wk inc flu hosp,3,2026-02-28,04,quantile,0.3,70.0
2026-02-07,wk inc flu hosp,3,2026-02-28,04,quantile,0.35,84.0
2026-02-07,wk inc flu hosp,3,2026-02-28,04,quantile,0.4,98.0
2026-02-07,wk inc flu hosp,3,2026-02-28,04,quantile,0.45,111.0
2026-02-07,wk inc flu hosp,3,2026-02-28,04,quantile,0.5,125.0
2026-02-07,wk inc flu hosp,3,2026-02-28,04,quantile,0.55,140.0
2026-02-07,wk inc flu hosp,3,2026-02-28,04,quantile,0.6,154.0
2026-02-07,wk inc flu hosp,3,2026-02-28,04,quantile,0.65,170.0
2026-02-07,wk inc flu hosp,3,2026-02-28,04,quantile,0.7,184.0
2026-02-07,wk inc flu hosp,3,2026-02-28,04,quantile,0.75,203.0
2026-02-07,wk inc flu hosp,3,2026-02-28,04,quantile,0.8,221.0
2026-02-07,wk inc flu hosp,3,2026-02-28,04,quantile,0.85,244.0
2026-02-07,wk inc flu hosp,3,2026-02-28,04,quantile,0.9,273.0
2026-02-07,wk inc flu hosp,3,2026-02-28,04,quantile,0.95,311.0
2026-02-07,wk inc flu hosp,3,2026-02-28,04,quantile,0.975,348.0
2026-02-07,wk inc flu hosp,3,2026-02-28,04,quantile,0.99,379.0
2026-02-07,wk inc flu hosp,3,2026-02-28,05,quantile,0.01,0.0
2026-02-07,wk inc flu hosp,3,2026-02-28,05,quantile,0.025,0.0
2026-02-07,wk inc flu hosp,3,2026-02-28,05,quantile,0.05,0.0
2026-02-07,wk inc flu hosp,3,2026-02-28,05,quantile,0.1,0.0
2026-02-07,wk inc flu hosp,3,2026-02-28,05,quantile,0.15,6.0
2026-02-07,wk inc flu hosp,3,2026-02-28,05,quantile,0.2,12.0
2026-02-07,wk inc flu hosp,3,2026-02-28,05,quantile,0.25,12.0
2026-02-07,wk inc flu hosp,3,2026-02-28,05,quantile,0.3,13.0
2026-02-07,wk inc flu hosp,3,2026-02-28,05,quantile,0.35,13.0
2026-02-07,wk inc flu hosp,3,2026-02-28,05,quantile,0.4,13.0
2026-02-07,wk inc flu hosp,3,2026-02-28,05,quantile,0.45,14.0
2026-02-07,wk inc flu hosp,3,2026-02-28,05,quantile,0.5,14.0
2026-02-07,wk inc flu hosp,3,2026-02-28,05,quantile,0.55,14.0
2026-02-07,wk inc flu hosp,3,2026-02-28,05,quantile,0.6,15.0
2026-02-07,wk inc flu hosp,3,2026-02-28,05,quantile,0.65,29.0
2026-02-07,wk inc flu hosp,3,2026-02-28,05,quantile,0.7,40.0
2026-02-07,wk inc flu hosp,3,2026-02-28,05,quantile,0.75,55.0
2026-02-07,wk inc flu hosp,3,2026-02-28,05,quantile,0.8,67.0
2026-02-07,wk inc flu hosp,3,2026-02-28,05,quantile,0.85,83.0
2026-02-07,wk inc flu hosp,3,2026-02-28,05,quantile,0.9,104.0
2026-02-07,wk inc flu hosp,3,2026-02-28,05,quantile,0.95,135.0
2026-02-07,wk inc flu hosp,3,2026-02-28,05,quantile,0.975,169.0
2026-02-07,wk inc flu hosp,3,2026-02-28,05,quantile,0.99,207.0
2026-02-07,wk inc flu hosp,3,2026-02-28,06,quantile,0.01,14.0
2026-02-07,wk inc flu hosp,3,2026-02-28,06,quantile,0.025,115.0
2026-02-07,wk inc flu hosp,3,2026-02-28,06,quantile,0.05,273.0
2026-02-07,wk inc flu hosp,3,2026-02-28,06,quantile,0.1,451.0
2026-02-07,wk inc flu hosp,3,2026-02-28,06,quantile,0.15,564.0
2026-02-07,wk inc flu hosp,3,2026-02-28,06,quantile,0.2,648.0
2026-02-07,wk inc flu hosp,3,2026-02-28,06,quantile,0.25,735.0
2026-02-07,wk inc flu hosp,3,2026-02-28,06,quantile,0.3,806.0
2026-02-07,wk inc flu hosp,3,2026-02-28,06,quantile,0.35,883.0
2026-02-07,wk inc flu hosp,3,2026-02-28,06,quantile,0.4,955.0
2026-02-07,wk inc flu hosp,3,2026-02-28,06,quantile,0.45,1027.0
2026-02-07,wk inc flu hosp,3,2026-02-28,06,quantile,0.5,1095.0
2026-02-07,wk inc flu hosp,3,2026-02-28,06,quantile,0.55,1162.0
2026-02-07,wk inc flu hosp,3,2026-02-28,06,quantile,0.6,1233.0
2026-02-07,wk inc flu hosp,3,2026-02-28,06,quantile,0.65,1306.0
2026-02-07,wk inc flu hosp,3,2026-02-28,06,quantile,0.7,1368.0
2026-02-07,wk inc flu hosp,3,2026-02-28,06,quantile,0.75,1453.0
2026-02-07,wk inc flu hosp,3,2026-02-28,06,quantile,0.8,1547.0
2026-02-07,wk inc flu hosp,3,2026-02-28,06,quantile,0.85,1652.0
2026-02-07,wk inc flu hosp,3,2026-02-28,06,quantile,0.9,1772.0
2026-02-07,wk inc flu hosp,3,2026-02-28,06,quantile,0.95,1925.0
2026-02-07,wk inc flu hosp,3,2026-02-28,06,quantile,0.975,2081.0
2026-02-07,wk inc flu hosp,3,2026-02-28,06,quantile,0.99,2200.0
2026-02-07,wk inc flu hosp,3,2026-02-28,08,quantile,0.01,0.0
2026-02-07,wk inc flu hosp,3,2026-02-28,08,quantile,0.025,0.0
2026-02-07,wk inc flu hosp,3,2026-02-28,08,quantile,0.05,2.0
2026-02-07,wk inc flu hosp,3,2026-02-28,08,quantile,0.1,14.0
2026-02-07,wk inc flu hosp,3,2026-02-28,08,quantile,0.15,25.0
2026-02-07,wk inc flu hosp,3,2026-02-28,08,quantile,0.2,32.0
2026-02-07,wk inc flu hosp,3,2026-02-28,08,quantile,0.25,39.0
2026-02-07,wk inc flu hosp,3,2026-02-28,08,quantile,0.3,45.0
2026-02-07,wk inc flu hosp,3,2026-02-28,08,quantile,0.35,50.0
2026-02-07,wk inc flu hosp,3,2026-02-28,08,quantile,0.4,54.0
2026-02-07,wk inc flu hosp,3,2026-02-28,08,quantile,0.45,58.0
2026-02-07,wk inc flu hosp,3,2026-02-28,08,quantile,0.5,62.0
2026-02-07,wk inc flu hosp,3,2026-02-28,08,quantile,0.55,68.0
2026-02-07,wk inc flu hosp,3,2026-02-28,08,quantile,0.6,74.0
2026-02-07,wk inc flu hosp,3,2026-02-28,08,quantile,0.65,82.0
2026-02-07,wk inc flu hosp,3,2026-02-28,08,quantile,0.7,89.0
2026-02-07,wk inc flu hosp,3,2026-02-28,08,quantile,0.75,99.0
2026-02-07,wk inc flu hosp,3,2026-02-28,08,quantile,0.8,109.0
2026-02-07,wk inc flu hosp,3,2026-02-28,08,quantile,0.85,124.0
2026-02-07,wk inc flu hosp,3,2026-02-28,08,quantile,0.9,135.0
2026-02-07,wk inc flu hosp,3,2026-02-28,08,quantile,0.95,150.0
2026-02-07,wk inc flu hosp,3,2026-02-28,08,quantile,0.975,158.0
2026-02-07,wk inc flu hosp,3,2026-02-28,08,quantile,0.99,171.0
2026-02-07,wk inc flu hosp,3,2026-02-28,09,quantile,0.01,0.0
2026-02-07,wk inc flu hosp,3,2026-02-28,09,quantile,0.025,0.0
2026-02-07,wk inc flu hosp,3,2026-02-28,09,quantile,0.05,0.0
2026-02-07,wk inc flu hosp,3,2026-02-28,09,quantile,0.1,1.0
2026-02-07,wk inc flu hosp,3,2026-02-28,09,quantile,0.15,2.0
2026-02-07,wk inc flu hosp,3,2026-02-28,09,quantile,0.2,2.0
2026-02-07,wk inc flu hosp,3,2026-02-28,09,quantile,0.25,2.0
2026-02-07,wk inc flu hosp,3,2026-02-28,09,quantile,0.3,2.0
2026-02-07,wk inc flu hosp,3,2026-02-28,09,quantile,0.35,2.0
2026-02-07,wk inc flu hosp,3,2026-02-28,09,quantile,0.4,2.0
2026-02-07,wk inc flu hosp,3,2026-02-28,09,quantile,0.45,2.0
2026-02-07,wk inc flu hosp,3,2026-02-28,09,quantile,0.5,2.0
2026-02-07,wk inc flu hosp,3,2026-02-28,09,quantile,0.55,2.0
2026-02-07,wk inc flu hosp,3,2026-02-28,09,quantile,0.6,2.0
2026-02-07,wk inc flu hosp,3,2026-02-28,09,quantile,0.65,2.0
2026-02-07,wk inc flu hosp,3,2026-02-28,09,quantile,0.7,2.0
2026-02-07,wk inc flu hosp,3,2026-02-28,09,quantile,0.75,2.0
2026-02-07,wk inc flu hosp,3,2026-02-28,09,quantile,0.8,2.0
2026-02-07,wk inc flu hosp,3,2026-02-28,09,quantile,0.85,2.0
2026-02-07,wk inc flu hosp,3,2026-02-28,09,quantile,0.9,3.0
2026-02-07,wk inc flu hosp,3,2026-02-28,09,quantile,0.95,3.0
2026-02-07,wk inc flu hosp,3,2026-02-28,09,quantile,0.975,16.0
2026-02-07,wk inc flu hosp,3,2026-02-28,09,quantile,0.99,26.0
2026-02-07,wk inc flu hosp,3,2026-02-28,10,quantile,0.01,0.0
2026-02-07,wk inc flu hosp,3,2026-02-28,10,quantile,0.025,0.0
2026-02-07,wk inc flu hosp,3,2026-02-28,10,quantile,0.05,0.0
2026-02-07,wk inc flu hosp,3,2026-02-28,10,quantile,0.1,0.0
2026-02-07,wk inc flu hosp,3,2026-02-28,10,quantile,0.15,2.0
2026-02-07,wk inc flu hosp,3,2026-02-28,10,quantile,0.2,5.0
2026-02-07,wk inc flu hosp,3,2026-02-28,10,quantile,0.25,9.0
2026-02-07,wk inc flu hosp,3,2026-02-28,10,quantile,0.3,11.0
2026-02-07,wk inc flu hosp,3,2026-02-28,10,quantile,0.35,13.0
2026-02-07,wk inc flu hosp,3,2026-02-28,10,quantile,0.4,14.0
2026-02-07,wk inc flu hosp,3,2026-02-28,10,quantile,0.45,15.0
2026-02-07,wk inc flu hosp,3,2026-02-28,10,quantile,0.5,16.0
2026-02-07,wk inc flu hosp,3,2026-02-28,10,quantile,0.55,18.0
2026-02-07,wk inc flu hosp,3,2026-02-28,10,quantile,0.6,20.0
2026-02-07,wk inc flu hosp,3,2026-02-28,10,quantile,0.65,21.0
2026-02-07,wk inc flu hosp,3,2026-02-28,10,quantile,0.7,23.0
2026-02-07,wk inc flu hosp,3,2026-02-28,10,quantile,0.75,25.0
2026-02-07,wk inc flu hosp,3,2026-02-28,10,quantile,0.8,27.0
2026-02-07,wk inc flu hosp,3,2026-02-28,10,quantile,0.85,29.0
2026-02-07,wk inc flu hosp,3,2026-02-28,10,quantile,0.9,32.0
2026-02-07,wk inc flu hosp,3,2026-02-28,10,quantile,0.95,37.0
2026-02-07,wk inc flu hosp,3,2026-02-28,10,quantile,0.975,42.0
2026-02-07,wk inc flu hosp,3,2026-02-28,10,quantile,0.99,48.0
2026-02-07,wk inc flu hosp,3,2026-02-28,11,quantile,0.01,0.0
2026-02-07,wk inc flu hosp,3,2026-02-28,11,quantile,0.025,0.0
2026-02-07,wk inc flu hosp,3,2026-02-28,11,quantile,0.05,0.0
2026-02-07,wk inc flu hosp,3,2026-02-28,11,quantile,0.1,0.0
2026-02-07,wk inc flu hosp,3,2026-02-28,11,quantile,0.15,0.0
2026-02-07,wk inc flu hosp,3,2026-02-28,11,quantile,0.2,1.0
2026-02-07,wk inc flu hosp,3,2026-02-28,11,quantile,0.25,2.0
2026-02-07,wk inc flu hosp,3,2026-02-28,11,quantile,0.3,3.0
2026-02-07,wk inc flu hosp,3,2026-02-28,11,quantile,0.35,4.0
2026-02-07,wk inc flu hosp,3,2026-02-28,11,quantile,0.4,6.0
2026-02-07,wk inc flu hosp,3,2026-02-28,11,quantile,0.45,7.0
2026-02-07,wk inc flu hosp,3,2026-02-28,11,quantile,0.5,8.0
2026-02-07,wk inc flu hosp,3,2026-02-28,11,quantile,0.55,10.0
2026-02-07,wk inc flu hosp,3,2026-02-28,11,quantile,0.6,11.0
2026-02-07,wk inc flu hosp,3,2026-02-28,11,quantile,0.65,13.0
2026-02-07,wk inc flu hosp,3,2026-02-28,11,quantile,0.7,14.0
2026-02-07,wk inc flu hosp,3,2026-02-28,11,quantile,0.75,16.0
2026-02-07,wk inc flu hosp,3,2026-02-28,11,quantile,0.8,18.0
2026-02-07,wk inc flu hosp,3,2026-02-28,11,quantile,0.85,18.0
2026-02-07,wk inc flu hosp,3,2026-02-28,11,quantile,0.9,20.0
2026-02-07,wk inc flu hosp,3,2026-02-28,11,quantile,0.95,22.0
2026-02-07,wk inc flu hosp,3,2026-02-28,11,quantile,0.975,24.0
2026-02-07,wk inc flu hosp,3,2026-02-28,11,quantile,0.99,26.0
2026-02-07,wk inc flu hosp,3,2026-02-28,12,quantile,0.01,0.0
2026-02-07,wk inc flu hosp,3,2026-02-28,12,quantile,0.025,33.0
2026-02-07,wk inc flu hosp,3,2026-02-28,12,quantile,0.05,98.0
2026-02-07,wk inc flu hosp,3,2026-02-28,12,quantile,0.1,211.0
2026-02-07,wk inc flu hosp,3,2026-02-28,12,quantile,0.15,281.0
2026-02-07,wk inc flu hosp,3,2026-02-28,12,quantile,0.2,334.0
2026-02-07,wk inc flu hosp,3,2026-02-28,12,quantile,0.25,385.0
2026-02-07,wk inc flu hosp,3,2026-02-28,12,quantile,0.3,412.0
2026-02-07,wk inc flu hosp,3,2026-02-28,12,quantile,0.35,436.0
2026-02-07,wk inc flu hosp,3,2026-02-28,12,quantile,0.4,461.0
2026-02-07,wk inc flu hosp,3,2026-02-28,12,quantile,0.45,482.0
2026-02-07,wk inc flu hosp,3,2026-02-28,12,quantile,0.5,504.0
2026-02-07,wk inc flu hosp,3,2026-02-28,12,quantile,0.55,528.0
2026-02-07,wk inc flu hosp,3,2026-02-28,12,quantile,0.6,554.0
2026-02-07,wk inc flu hosp,3,2026-02-28,12,quantile,0.65,586.0
2026-02-07,wk inc flu hosp,3,2026-02-28,12,quantile,0.7,614.0
2026-02-07,wk inc flu hosp,3,2026-02-28,12,quantile,0.75,645.0
2026-02-07,wk inc flu hosp,3,2026-02-28,12,quantile,0.8,680.0
2026-02-07,wk inc flu hosp,3,2026-02-28,12,quantile,0.85,716.0
2026-02-07,wk inc flu hosp,3,2026-02-28,12,quantile,0.9,765.0
2026-02-07,wk inc flu hosp,3,2026-02-28,12,quantile,0.95,868.0
2026-02-07,wk inc flu hosp,3,2026-02-28,12,quantile,0.975,952.0
2026-02-07,wk inc flu hosp,3,2026-02-28,12,quantile,0.99,1000.0
2026-02-07,wk inc flu hosp,3,2026-02-28,13,quantile,0.01,0.0
2026-02-07,wk inc flu hosp,3,2026-02-28,13,quantile,0.025,0.0
2026-02-07,wk inc flu hosp,3,2026-02-28,13,quantile,0.05,0.0
2026-02-07,wk inc flu hosp,3,2026-02-28,13,quantile,0.1,0.0
2026-02-07,wk inc flu hosp,3,2026-02-28,13,quantile,0.15,0.0
2026-02-07,wk inc flu hosp,3,2026-02-28,13,quantile,0.2,0.0
2026-02-07,wk inc flu hosp,3,2026-02-28,13,quantile,0.25,0.0
2026-02-07,wk inc flu hosp,3,2026-02-28,13,quantile,0.3,10.0
2026-02-07,wk inc flu hosp,3,2026-02-28,13,quantile,0.35,28.0
2026-02-07,wk inc flu hosp,3,2026-02-28,13,quantile,0.4,42.0
2026-02-07,wk inc flu hosp,3,2026-02-28,13,quantile,0.45,61.0
2026-02-07,wk inc flu hosp,3,2026-02-28,13,quantile,0.5,87.0
2026-02-07,wk inc flu hosp,3,2026-02-28,13,quantile,0.55,114.0
2026-02-07,wk inc flu hosp,3,2026-02-28,13,quantile,0.6,127.0
2026-02-07,wk inc flu hosp,3,2026-02-28,13,quantile,0.65,142.0
2026-02-07,wk inc flu hosp,3,2026-02-28,13,quantile,0.7,155.0
2026-02-07,wk inc flu hosp,3,2026-02-28,13,quantile,0.75,172.0
2026-02-07,wk inc flu hosp,3,2026-02-28,13,quantile,0.8,190.0
2026-02-07,wk inc flu hosp,3,2026-02-28,13,quantile,0.85,209.0
2026-02-07,wk inc flu hosp,3,2026-02-28,13,quantile,0.9,236.0
2026-02-07,wk inc flu hosp,3,2026-02-28,13,quantile,0.95,268.0
2026-02-07,wk inc flu hosp,3,2026-02-28,13,quantile,0.975,298.0
2026-02-07,wk inc flu hosp,3,2026-02-28,13,quantile,0.99,337.0
2026-02-07,wk inc flu hosp,3,2026-02-28,15,quantile,0.01,0.0
2026-02-07,wk inc flu hosp,3,2026-02-28,15,quantile,0.025,0.0
2026-02-07,wk inc flu hosp,3,2026-02-28,15,quantile,0.05,0.0
2026-02-07,wk inc flu hosp,3,2026-02-28,15,quantile,0.1,3.0
2026-02-07,wk inc flu hosp,3,2026-02-28,15,quantile,0.15,4.0
2026-02-07,wk inc flu hosp,3,2026-02-28,15,quantile,0.2,7.0
2026-02-07,wk inc flu hosp,3,2026-02-28,15,quantile,0.25,10.0
2026-02-07,wk inc flu hosp,3,2026-02-28,15,quantile,0.3,14.0
2026-02-07,wk inc flu hosp,3,2026-02-28,15,quantile,0.35,16.0
2026-02-07,wk inc flu hosp,3,2026-02-28,15,quantile,0.4,19.0
2026-02-07,wk inc flu hosp,3,2026-02-28,15,quantile,0.45,22.0
2026-02-07,wk inc flu hosp,3,2026-02-28,15,quantile,0.5,24.0
2026-02-07,wk inc flu hosp,3,2026-02-28,15,quantile,0.55,27.0
2026-02-07,wk inc flu hosp,3,2026-02-28,15,quantile,0.6,30.0
2026-02-07,wk inc flu hosp,3,2026-02-28,15,quantile,0.65,33.0
2026-02-07,wk inc flu hosp,3,2026-02-28,15,quantile,0.7,37.0
2026-02-07,wk inc flu hosp,3,2026-02-28,15,quantile,0.75,41.0
2026-02-07,wk inc flu hosp,3,2026-02-28,15,quantile,0.8,46.0
2026-02-07,wk inc flu hosp,3,2026-02-28,15,quantile,0.85,51.0
2026-02-07,wk inc flu hosp,3,2026-02-28,15,quantile,0.9,57.0
2026-02-07,wk inc flu hosp,3,2026-02-28,15,quantile,0.95,66.0
2026-02-07,wk inc flu hosp,3,2026-02-28,15,quantile,0.975,74.0
2026-02-07,wk inc flu hosp,3,2026-02-28,15,quantile,0.99,88.0
2026-02-07,wk inc flu hosp,3,2026-02-28,16,quantile,0.01,0.0
2026-02-07,wk inc flu hosp,3,2026-02-28,16,quantile,0.025,0.0
2026-02-07,wk inc flu hosp,3,2026-02-28,16,quantile,0.05,0.0
2026-02-07,wk inc flu hosp,3,2026-02-28,16,quantile,0.1,3.0
2026-02-07,wk inc flu hosp,3,2026-02-28,16,quantile,0.15,12.0
2026-02-07,wk inc flu hosp,3,2026-02-28,16,quantile,0.2,18.0
2026-02-07,wk inc flu hosp,3,2026-02-28,16,quantile,0.25,24.0
2026-02-07,wk inc flu hosp,3,2026-02-28,16,quantile,0.3,29.0
2026-02-07,wk inc flu hosp,3,2026-02-28,16,quantile,0.35,32.0
2026-02-07,wk inc flu hosp,3,2026-02-28,16,quantile,0.4,34.0
2026-02-07,wk inc flu hosp,3,2026-02-28,16,quantile,0.45,36.0
2026-02-07,wk inc flu hosp,3,2026-02-28,16,quantile,0.5,38.0
2026-02-07,wk inc flu hosp,3,2026-02-28,16,quantile,0.55,40.0
2026-02-07,wk inc flu hosp,3,2026-02-28,16,quantile,0.6,42.0
2026-02-07,wk inc flu hosp,3,2026-02-28,16,quantile,0.65,45.0
2026-02-07,wk inc flu hosp,3,2026-02-28,16,quantile,0.7,47.0
2026-02-07,wk inc flu hosp,3,2026-02-28,16,quantile,0.75,50.0
2026-02-07,wk inc flu hosp,3,2026-02-28,16,quantile,0.8,52.0
2026-02-07,wk inc flu hosp,3,2026-02-28,16,quantile,0.85,55.0
2026-02-07,wk inc flu hosp,3,2026-02-28,16,quantile,0.9,59.0
2026-02-07,wk inc flu hosp,3,2026-02-28,16,quantile,0.95,72.0
2026-02-07,wk inc flu hosp,3,2026-02-28,16,quantile,0.975,87.0
2026-02-07,wk inc flu hosp,3,2026-02-28,16,quantile,0.99,99.0
2026-02-07,wk inc flu hosp,3,2026-02-28,17,quantile,0.01,0.0
2026-02-07,wk inc flu hosp,3,2026-02-28,17,quantile,0.025,0.0
2026-02-07,wk inc flu hosp,3,2026-02-28,17,quantile,0.05,1.0
2026-02-07,wk inc flu hosp,3,2026-02-28,17,quantile,0.1,39.0
2026-02-07,wk inc flu hosp,3,2026-02-28,17,quantile,0.15,52.0
2026-02-07,wk inc flu hosp,3,2026-02-28,17,quantile,0.2,71.0
2026-02-07,wk inc flu hosp,3,2026-02-28,17,quantile,0.25,90.0
2026-02-07,wk inc flu hosp,3,2026-02-28,17,quantile,0.3,106.0
2026-02-07,wk inc flu hosp,3,2026-02-28,17,quantile,0.35,121.0
2026-02-07,wk inc flu hosp,3,2026-02-28,17,quantile,0.4,134.0
2026-02-07,wk inc flu hosp,3,2026-02-28,17,quantile,0.45,149.0
2026-02-07,wk inc flu hosp,3,2026-02-28,17,quantile,0.5,161.0
2026-02-07,wk inc flu hosp,3,2026-02-28,17,quantile,0.55,177.0
2026-02-07,wk inc flu hosp,3,2026-02-28,17,quantile,0.6,191.0
2026-02-07,wk inc flu hosp,3,2026-02-28,17,quantile,0.65,209.0
2026-02-07,wk inc flu hosp,3,2026-02-28,17,quantile,0.7,225.0
2026-02-07,wk inc flu hosp,3,2026-02-28,17,quantile,0.75,243.0
2026-02-07,wk inc flu hosp,3,2026-02-28,17,quantile,0.8,262.0
2026-02-07,wk inc flu hosp,3,2026-02-28,17,quantile,0.85,281.0
2026-02-07,wk inc flu hosp,3,2026-02-28,17,quantile,0.9,309.0
2026-02-07,wk inc flu hosp,3,2026-02-28,17,quantile,0.95,348.0
2026-02-07,wk inc flu hosp,3,2026-02-28,17,quantile,0.975,387.0
2026-02-07,wk inc flu hosp,3,2026-02-28,17,quantile,0.99,428.0
2026-02-07,wk inc flu hosp,3,2026-02-28,18,quantile,0.01,0.0
2026-02-07,wk inc flu hosp,3,2026-02-28,18,quantile,0.025,0.0
2026-02-07,wk inc flu hosp,3,2026-02-28,18,quantile,0.05,0.0
2026-02-07,wk inc flu hosp,3,2026-02-28,18,quantile,0.1,0.0
2026-02-07,wk inc flu hosp,3,2026-02-28,18,quantile,0.15,15.0
2026-02-07,wk inc flu hosp,3,2026-02-28,18,quantile,0.2,24.0
2026-02-07,wk inc flu hosp,3,2026-02-28,18,quantile,0.25,26.0
2026-02-07,wk inc flu hosp,3,2026-02-28,18,quantile,0.3,33.0
2026-02-07,wk inc flu hosp,3,2026-02-28,18,quantile,0.35,44.0
2026-02-07,wk inc flu hosp,3,2026-02-28,18,quantile,0.4,55.0
2026-02-07,wk inc flu hosp,3,2026-02-28,18,quantile,0.45,65.0
2026-02-07,wk inc flu hosp,3,2026-02-28,18,quantile,0.5,74.0
2026-02-07,wk inc flu hosp,3,2026-02-28,18,quantile,0.55,85.0
2026-02-07,wk inc flu hosp,3,2026-02-28,18,quantile,0.6,95.0
2026-02-07,wk inc flu hosp,3,2026-02-28,18,quantile,0.65,108.0
2026-02-07,wk inc flu hosp,3,2026-02-28,18,quantile,0.7,118.0
2026-02-07,wk inc flu hosp,3,2026-02-28,18,quantile,0.75,131.0
2026-02-07,wk inc flu hosp,3,2026-02-28,18,quantile,0.8,144.0
2026-02-07,wk inc flu hosp,3,2026-02-28,18,quantile,0.85,159.0
2026-02-07,wk inc flu hosp,3,2026-02-28,18,quantile,0.9,180.0
2026-02-07,wk inc flu hosp,3,2026-02-28,18,quantile,0.95,206.0
2026-02-07,wk inc flu hosp,3,2026-02-28,18,quantile,0.975,233.0
2026-02-07,wk inc flu hosp,3,2026-02-28,18,quantile,0.99,266.0
2026-02-07,wk inc flu hosp,3,2026-02-28,19,quantile,0.01,4.0
2026-02-07,wk inc flu hosp,3,2026-02-28,19,quantile,0.025,4.0
2026-02-07,wk inc flu hosp,3,2026-02-28,19,quantile,0.05,7.0
2026-02-07,wk inc flu hosp,3,2026-02-28,19,quantile,0.1,21.0
2026-02-07,wk inc flu hosp,3,2026-02-28,19,quantile,0.15,32.0
2026-02-07,wk inc flu hosp,3,2026-02-28,19,quantile,0.2,40.0
2026-02-07,wk inc flu hosp,3,2026-02-28,19,quantile,0.25,49.0
2026-02-07,wk inc flu hosp,3,2026-02-28,19,quantile,0.3,57.0
2026-02-07,wk inc flu hosp,3,2026-02-28,19,quantile,0.35,63.0
2026-02-07,wk inc flu hosp,3,2026-02-28,19,quantile,0.4,68.0
2026-02-07,wk inc flu hosp,3,2026-02-28,19,quantile,0.45,71.0
2026-02-07,wk inc flu hosp,3,2026-02-28,19,quantile,0.5,73.0
2026-02-07,wk inc flu hosp,3,2026-02-28,19,quantile,0.55,76.0
2026-02-07,wk inc flu hosp,3,2026-02-28,19,quantile,0.6,79.0
2026-02-07,wk inc flu hosp,3,2026-02-28,19,quantile,0.65,83.0
2026-02-07,wk inc flu hosp,3,2026-02-28,19,quantile,0.7,86.0
2026-02-07,wk inc flu hosp,3,2026-02-28,19,quantile,0.75,90.0
2026-02-07,wk inc flu hosp,3,2026-02-28,19,quantile,0.8,94.0
2026-02-07,wk inc flu hosp,3,2026-02-28,19,quantile,0.85,98.0
2026-02-07,wk inc flu hosp,3,2026-02-28,19,quantile,0.9,104.0
2026-02-07,wk inc flu hosp,3,2026-02-28,19,quantile,0.95,112.0
2026-02-07,wk inc flu hosp,3,2026-02-28,19,quantile,0.975,120.0
2026-02-07,wk inc flu hosp,3,2026-02-28,19,quantile,0.99,131.0
2026-02-07,wk inc flu hosp,3,2026-02-28,20,quantile,0.01,0.0
2026-02-07,wk inc flu hosp,3,2026-02-28,20,quantile,0.025,0.0
2026-02-07,wk inc flu hosp,3,2026-02-28,20,quantile,0.05,0.0
2026-02-07,wk inc flu hosp,3,2026-02-28,20,quantile,0.1,19.0
2026-02-07,wk inc flu hosp,3,2026-02-28,20,quantile,0.15,35.0
2026-02-07,wk inc flu hosp,3,2026-02-28,20,quantile,0.2,47.0
2026-02-07,wk inc flu hosp,3,2026-02-28,20,quantile,0.25,60.0
2026-02-07,wk inc flu hosp,3,2026-02-28,20,quantile,0.3,69.0
2026-02-07,wk inc flu hosp,3,2026-02-28,20,quantile,0.35,79.0
2026-02-07,wk inc flu hosp,3,2026-02-28,20,quantile,0.4,87.0
2026-02-07,wk inc flu hosp,3,2026-02-28,20,quantile,0.45,95.0
2026-02-07,wk inc flu hosp,3,2026-02-28,20,quantile,0.5,104.0
2026-02-07,wk inc flu hosp,3,2026-02-28,20,quantile,0.55,112.0
2026-02-07,wk inc flu hosp,3,2026-02-28,20,quantile,0.6,122.0
2026-02-07,wk inc flu hosp,3,2026-02-28,20,quantile,0.65,128.0
2026-02-07,wk inc flu hosp,3,2026-02-28,20,quantile,0.7,130.0
2026-02-07,wk inc flu hosp,3,2026-02-28,20,quantile,0.75,134.0
2026-02-07,wk inc flu hosp,3,2026-02-28,20,quantile,0.8,138.0
2026-02-07,wk inc flu hosp,3,2026-02-28,20,quantile,0.85,142.0
2026-02-07,wk inc flu hosp,3,2026-02-28,20,quantile,0.9,147.0
2026-02-07,wk inc flu hosp,3,2026-02-28,20,quantile,0.95,155.0
2026-02-07,wk inc flu hosp,3,2026-02-28,20,quantile,0.975,163.0
2026-02-07,wk inc flu hosp,3,2026-02-28,20,quantile,0.99,173.0
2026-02-07,wk inc flu hosp,3,2026-02-28,21,quantile,0.01,0.0
2026-02-07,wk inc flu hosp,3,2026-02-28,21,quantile,0.025,0.0
2026-02-07,wk inc flu hosp,3,2026-02-28,21,quantile,0.05,0.0
2026-02-07,wk inc flu hosp,3,2026-02-28,21,quantile,0.1,0.0
2026-02-07,wk inc flu hosp,3,2026-02-28,21,quantile,0.15,0.0
2026-02-07,wk inc flu hosp,3,2026-02-28,21,quantile,0.2,0.0
2026-02-07,wk inc flu hosp,3,2026-02-28,21,quantile,0.25,15.0
2026-02-07,wk inc flu hosp,3,2026-02-28,21,quantile,0.3,29.0
2026-02-07,wk inc flu hosp,3,2026-02-28,21,quantile,0.35,42.0
2026-02-07,wk inc flu hosp,3,2026-02-28,21,quantile,0.4,55.0
2026-02-07,wk inc flu hosp,3,2026-02-28,21,quantile,0.45,62.0
2026-02-07,wk inc flu hosp,3,2026-02-28,21,quantile,0.5,69.0
2026-02-07,wk inc flu hosp,3,2026-02-28,21,quantile,0.55,76.0
2026-02-07,wk inc flu hosp,3,2026-02-28,21,quantile,0.6,84.0
2026-02-07,wk inc flu hosp,3,2026-02-28,21,quantile,0.65,94.0
2026-02-07,wk inc flu hosp,3,2026-02-28,21,quantile,0.7,103.0
2026-02-07,wk inc flu hosp,3,2026-02-28,21,quantile,0.75,114.0
2026-02-07,wk inc flu hosp,3,2026-02-28,21,quantile,0.8,124.0
2026-02-07,wk inc flu hosp,3,2026-02-28,21,quantile,0.85,138.0
2026-02-07,wk inc flu hosp,3,2026-02-28,21,quantile,0.9,154.0
2026-02-07,wk inc flu hosp,3,2026-02-28,21,quantile,0.95,185.0
2026-02-07,wk inc flu hosp,3,2026-02-28,21,quantile,0.975,207.0
2026-02-07,wk inc flu hosp,3,2026-02-28,21,quantile,0.99,229.0
2026-02-07,wk inc flu hosp,3,2026-02-28,22,quantile,0.01,7.0
2026-02-07,wk inc flu hosp,3,2026-02-28,22,quantile,0.025,15.0
2026-02-07,wk inc flu hosp,3,2026-02-28,22,quantile,0.05,26.0
2026-02-07,wk inc flu hosp,3,2026-02-28,22,quantile,0.1,48.0
2026-02-07,wk inc flu hosp,3,2026-02-28,22,quantile,0.15,65.0
2026-02-07,wk inc flu hosp,3,2026-02-28,22,quantile,0.2,77.0
2026-02-07,wk inc flu hosp,3,2026-02-28,22,quantile,0.25,90.0
2026-02-07,wk inc flu hosp,3,2026-02-28,22,quantile,0.3,102.0
2026-02-07,wk inc flu hosp,3,2026-02-28,22,quantile,0.35,113.0
2026-02-07,wk inc flu hosp,3,2026-02-28,22,quantile,0.4,123.0
2026-02-07,wk inc flu hosp,3,2026-02-28,22,quantile,0.45,132.0
2026-02-07,wk inc flu hosp,3,2026-02-28,22,quantile,0.5,140.0
2026-02-07,wk inc flu hosp,3,2026-02-28,22,quantile,0.55,147.0
2026-02-07,wk inc flu hosp,3,2026-02-28,22,quantile,0.6,154.0
2026-02-07,wk inc flu hosp,3,2026-02-28,22,quantile,0.65,163.0
2026-02-07,wk inc flu hosp,3,2026-02-28,22,quantile,0.7,174.0
2026-02-07,wk inc flu hosp,3,2026-02-28,22,quantile,0.75,185.0
2026-02-07,wk inc flu hosp,3,2026-02-28,22,quantile,0.8,192.0
2026-02-07,wk inc flu hosp,3,2026-02-28,22,quantile,0.85,200.0
2026-02-07,wk inc flu hosp,3,2026-02-28,22,quantile,0.9,227.0
2026-02-07,wk inc flu hosp,3,2026-02-28,22,quantile,0.95,259.0
2026-02-07,wk inc flu hosp,3,2026-02-28,22,quantile,0.975,278.0
2026-02-07,wk inc flu hosp,3,2026-02-28,22,quantile,0.99,307.0
2026-02-07,wk inc flu hosp,3,2026-02-28,23,quantile,0.01,1.0
2026-02-07,wk inc flu hosp,3,2026-02-28,23,quantile,0.025,4.0
2026-02-07,wk inc flu hosp,3,2026-02-28,23,quantile,0.05,8.0
2026-02-07,wk inc flu hosp,3,2026-02-28,23,quantile,0.1,14.0
2026-02-07,wk inc flu hosp,3,2026-02-28,23,quantile,0.15,17.0
2026-02-07,wk inc flu hosp,3,2026-02-28,23,quantile,0.2,20.0
2026-02-07,wk inc flu hosp,3,2026-02-28,23,quantile,0.25,23.0
2026-02-07,wk inc flu hosp,3,2026-02-28,23,quantile,0.3,25.0
2026-02-07,wk inc flu hosp,3,2026-02-28,23,quantile,0.35,27.0
2026-02-07,wk inc flu hosp,3,2026-02-28,23,quantile,0.4,30.0
2026-02-07,wk inc flu hosp,3,2026-02-28,23,quantile,0.45,32.0
2026-02-07,wk inc flu hosp,3,2026-02-28,23,quantile,0.5,34.0
2026-02-07,wk inc flu hosp,3,2026-02-28,23,quantile,0.55,36.0
2026-02-07,wk inc flu hosp,3,2026-02-28,23,quantile,0.6,37.0
2026-02-07,wk inc flu hosp,3,2026-02-28,23,quantile,0.65,38.0
2026-02-07,wk inc flu hosp,3,2026-02-28,23,quantile,0.7,39.0
2026-02-07,wk inc flu hosp,3,2026-02-28,23,quantile,0.75,41.0
2026-02-07,wk inc flu hosp,3,2026-02-28,23,quantile,0.8,42.0
2026-02-07,wk inc flu hosp,3,2026-02-28,23,quantile,0.85,44.0
2026-02-07,wk inc flu hosp,3,2026-02-28,23,quantile,0.9,47.0
2026-02-07,wk inc flu hosp,3,2026-02-28,23,quantile,0.95,52.0
2026-02-07,wk inc flu hosp,3,2026-02-28,23,quantile,0.975,57.0
2026-02-07,wk inc flu hosp,3,2026-02-28,23,quantile,0.99,62.0
2026-02-07,wk inc flu hosp,3,2026-02-28,24,quantile,0.01,0.0
2026-02-07,wk inc flu hosp,3,2026-02-28,24,quantile,0.025,0.0
2026-02-07,wk inc flu hosp,3,2026-02-28,24,quantile,0.05,0.0
2026-02-07,wk inc flu hosp,3,2026-02-28,24,quantile,0.1,0.0
2026-02-07,wk inc flu hosp,3,2026-02-28,24,quantile,0.15,0.0
2026-02-07,wk inc flu hosp,3,2026-02-28,24,quantile,0.2,6.0
2026-02-07,wk inc flu hosp,3,2026-02-28,24,quantile,0.25,8.0
2026-02-07,wk inc flu hosp,3,2026-02-28,24,quantile,0.3,8.0
2026-02-07,wk inc flu hosp,3,2026-02-28,24,quantile,0.35,8.0
2026-02-07,wk inc flu hosp,3,2026-02-28,24,quantile,0.4,9.0
2026-02-07,wk inc flu hosp,3,2026-02-28,24,quantile,0.45,12.0
2026-02-07,wk inc flu hosp,3,2026-02-28,24,quantile,0.5,17.0
2026-02-07,wk inc flu hosp,3,2026-02-28,24,quantile,0.55,23.0
2026-02-07,wk inc flu hosp,3,2026-02-28,24,quantile,0.6,29.0
2026-02-07,wk inc flu hosp,3,2026-02-28,24,quantile,0.65,36.0
2026-02-07,wk inc flu hosp,3,2026-02-28,24,quantile,0.7,43.0
2026-02-07,wk inc flu hosp,3,2026-02-28,24,quantile,0.75,51.0
2026-02-07,wk inc flu hosp,3,2026-02-28,24,quantile,0.8,59.0
2026-02-07,wk inc flu hosp,3,2026-02-28,24,quantile,0.85,68.0
2026-02-07,wk inc flu hosp,3,2026-02-28,24,quantile,0.9,80.0
2026-02-07,wk inc flu hosp,3,2026-02-28,24,quantile,0.95,134.0
2026-02-07,wk inc flu hosp,3,2026-02-28,24,quantile,0.975,208.0
2026-02-07,wk inc flu hosp,3,2026-02-28,24,quantile,0.99,240.0
2026-02-07,wk inc flu hosp,3,2026-02-28,25,quantile,0.01,0.0
2026-02-07,wk inc flu hosp,3,2026-02-28,25,quantile,0.025,0.0
2026-02-07,wk inc flu hosp,3,2026-02-28,25,quantile,0.05,0.0
2026-02-07,wk inc flu hosp,3,2026-02-28,25,quantile,0.1,0.0
2026-02-07,wk inc flu hosp,3,2026-02-28,25,quantile,0.15,2.0
2026-02-07,wk inc flu hosp,3,2026-02-28,25,quantile,0.2,7.0
2026-02-07,wk inc flu hosp,3,2026-02-28,25,quantile,0.25,7.0
2026-02-07,wk inc flu hosp,3,2026-02-28,25,quantile,0.3,11.0
2026-02-07,wk inc flu hosp,3,2026-02-28,25,quantile,0.35,15.0
2026-02-07,wk inc flu hosp,3,2026-02-28,25,quantile,0.4,19.0
2026-02-07,wk inc flu hosp,3,2026-02-28,25,quantile,0.45,23.0
2026-02-07,wk inc flu hosp,3,2026-02-28,25,quantile,0.5,27.0
2026-02-07,wk inc flu hosp,3,2026-02-28,25,quantile,0.55,30.0
2026-02-07,wk inc flu hosp,3,2026-02-28,25,quantile,0.6,34.0
2026-02-07,wk inc flu hosp,3,2026-02-28,25,quantile,0.65,39.0
2026-02-07,wk inc flu hosp,3,2026-02-28,25,quantile,0.7,42.0
2026-02-07,wk inc flu hosp,3,2026-02-28,25,quantile,0.75,47.0
2026-02-07,wk inc flu hosp,3,2026-02-28,25,quantile,0.8,51.0
2026-02-07,wk inc flu hosp,3,2026-02-28,25,quantile,0.85,56.0
2026-02-07,wk inc flu hosp,3,2026-02-28,25,quantile,0.9,63.0
2026-02-07,wk inc flu hosp,3,2026-02-28,25,quantile,0.95,73.0
2026-02-07,wk inc flu hosp,3,2026-02-28,25,quantile,0.975,83.0
2026-02-07,wk inc flu hosp,3,2026-02-28,25,quantile,0.99,94.0
2026-02-07,wk inc flu hosp,3,2026-02-28,26,quantile,0.01,0.0
2026-02-07,wk inc flu hosp,3,2026-02-28,26,quantile,0.025,8.0
2026-02-07,wk inc flu hosp,3,2026-02-28,26,quantile,0.05,31.0
2026-02-07,wk inc flu hosp,3,2026-02-28,26,quantile,0.1,71.0
2026-02-07,wk inc flu hosp,3,2026-02-28,26,quantile,0.15,87.0
2026-02-07,wk inc flu hosp,3,2026-02-28,26,quantile,0.2,100.0
2026-02-07,wk inc flu hosp,3,2026-02-28,26,quantile,0.25,116.0
2026-02-07,wk inc flu hosp,3,2026-02-28,26,quantile,0.3,130.0
2026-02-07,wk inc flu hosp,3,2026-02-28,26,quantile,0.35,140.0
2026-02-07,wk inc flu hosp,3,2026-02-28,26,quantile,0.4,147.0
2026-02-07,wk inc flu hosp,3,2026-02-28,26,quantile,0.45,154.0
2026-02-07,wk inc flu hosp,3,2026-02-28,26,quantile,0.5,160.0
2026-02-07,wk inc flu hosp,3,2026-02-28,26,quantile,0.55,167.0
2026-02-07,wk inc flu hosp,3,2026-02-28,26,quantile,0.6,173.0
2026-02-07,wk inc flu hosp,3,2026-02-28,26,quantile,0.65,181.0
2026-02-07,wk inc flu hosp,3,2026-02-28,26,quantile,0.7,188.0
2026-02-07,wk inc flu hosp,3,2026-02-28,26,quantile,0.75,195.0
2026-02-07,wk inc flu hosp,3,2026-02-28,26,quantile,0.8,203.0
2026-02-07,wk inc flu hosp,3,2026-02-28,26,quantile,0.85,211.0
2026-02-07,wk inc flu hosp,3,2026-02-28,26,quantile,0.9,223.0
2026-02-07,wk inc flu hosp,3,2026-02-28,26,quantile,0.95,239.0
2026-02-07,wk inc flu hosp,3,2026-02-28,26,quantile,0.975,255.0
2026-02-07,wk inc flu hosp,3,2026-02-28,26,quantile,0.99,292.0
2026-02-07,wk inc flu hosp,3,2026-02-28,27,quantile,0.01,0.0
2026-02-07,wk inc flu hosp,3,2026-02-28,27,quantile,0.025,0.0
2026-02-07,wk inc flu hosp,3,2026-02-28,27,quantile,0.05,11.0
2026-02-07,wk inc flu hosp,3,2026-02-28,27,quantile,0.1,50.0
2026-02-07,wk inc flu hosp,3,2026-02-28,27,quantile,0.15,63.0
2026-02-07,wk inc flu hosp,3,2026-02-28,27,quantile,0.2,75.0
2026-02-07,wk inc flu hosp,3,2026-02-28,27,quantile,0.25,86.0
2026-02-07,wk inc flu hosp,3,2026-02-28,27,quantile,0.3,97.0
2026-02-07,wk inc flu hosp,3,2026-02-28,27,quantile,0.35,106.0
2026-02-07,wk inc flu hosp,3,2026-02-28,27,quantile,0.4,115.0
2026-02-07,wk inc flu hosp,3,2026-02-28,27,quantile,0.45,124.0
2026-02-07,wk inc flu hosp,3,2026-02-28,27,quantile,0.5,132.0
2026-02-07,wk inc flu hosp,3,2026-02-28,27,quantile,0.55,141.0
2026-02-07,wk inc flu hosp,3,2026-02-28,27,quantile,0.6,150.0
2026-02-07,wk inc flu hosp,3,2026-02-28,27,quantile,0.65,160.0
2026-02-07,wk inc flu hosp,3,2026-02-28,27,quantile,0.7,171.0
2026-02-07,wk inc flu hosp,3,2026-02-28,27,quantile,0.75,182.0
2026-02-07,wk inc flu hosp,3,2026-02-28,27,quantile,0.8,193.0
2026-02-07,wk inc flu hosp,3,2026-02-28,27,quantile,0.85,205.0
2026-02-07,wk inc flu hosp,3,2026-02-28,27,quantile,0.9,222.0
2026-02-07,wk inc flu hosp,3,2026-02-28,27,quantile,0.95,245.0
2026-02-07,wk inc flu hosp,3,2026-02-28,27,quantile,0.975,265.0
2026-02-07,wk inc flu hosp,3,2026-02-28,27,quantile,0.99,305.0
2026-02-07,wk inc flu hosp,3,2026-02-28,28,quantile,0.01,0.0
2026-02-07,wk inc flu hosp,3,2026-02-28,28,quantile,0.025,0.0
2026-02-07,wk inc flu hosp,3,2026-02-28,28,quantile,0.05,0.0
2026-02-07,wk inc flu hosp,3,2026-02-28,28,quantile,0.1,6.0
2026-02-07,wk inc flu hosp,3,2026-02-28,28,quantile,0.15,21.0
2026-02-07,wk inc flu hosp,3,2026-02-28,28,quantile,0.2,34.0
2026-02-07,wk inc flu hosp,3,2026-02-28,28,quantile,0.25,44.0
2026-02-07,wk inc flu hosp,3,2026-02-28,28,quantile,0.3,53.0
2026-02-07,wk inc flu hosp,3,2026-02-28,28,quantile,0.35,60.0
2026-02-07,wk inc flu hosp,3,2026-02-28,28,quantile,0.4,64.0
2026-02-07,wk inc flu hosp,3,2026-02-28,28,quantile,0.45,68.0
2026-02-07,wk inc flu hosp,3,2026-02-28,28,quantile,0.5,72.0
2026-02-07,wk inc flu hosp,3,2026-02-28,28,quantile,0.55,76.0
2026-02-07,wk inc flu hosp,3,2026-02-28,28,quantile,0.6,81.0
2026-02-07,wk inc flu hosp,3,2026-02-28,28,quantile,0.65,86.0
2026-02-07,wk inc flu hosp,3,2026-02-28,28,quantile,0.7,92.0
2026-02-07,wk inc flu hosp,3,2026-02-28,28,quantile,0.75,98.0
2026-02-07,wk inc flu hosp,3,2026-02-28,28,quantile,0.8,105.0
2026-02-07,wk inc flu hosp,3,2026-02-28,28,quantile,0.85,114.0
2026-02-07,wk inc flu hosp,3,2026-02-28,28,quantile,0.9,127.0
2026-02-07,wk inc flu hosp,3,2026-02-28,28,quantile,0.95,147.0
2026-02-07,wk inc flu hosp,3,2026-02-28,28,quantile,0.975,171.0
2026-02-07,wk inc flu hosp,3,2026-02-28,28,quantile,0.99,196.0
2026-02-07,wk inc flu hosp,3,2026-02-28,30,quantile,0.01,0.0
2026-02-07,wk inc flu hosp,3,2026-02-28,30,quantile,0.025,0.0
2026-02-07,wk inc flu hosp,3,2026-02-28,30,quantile,0.05,2.0
2026-02-07,wk inc flu hosp,3,2026-02-28,30,quantile,0.1,3.0
2026-02-07,wk inc flu hosp,3,2026-02-28,30,quantile,0.15,6.0
2026-02-07,wk inc flu hosp,3,2026-02-28,30,quantile,0.2,9.0
2026-02-07,wk inc flu hosp,3,2026-02-28,30,quantile,0.25,12.0
2026-02-07,wk inc flu hosp,3,2026-02-28,30,quantile,0.3,15.0
2026-02-07,wk inc flu hosp,3,2026-02-28,30,quantile,0.35,17.0
2026-02-07,wk inc flu hosp,3,2026-02-28,30,quantile,0.4,20.0
2026-02-07,wk inc flu hosp,3,2026-02-28,30,quantile,0.45,22.0
2026-02-07,wk inc flu hosp,3,2026-02-28,30,quantile,0.5,24.0
2026-02-07,wk inc flu hosp,3,2026-02-28,30,quantile,0.55,26.0
2026-02-07,wk inc flu hosp,3,2026-02-28,30,quantile,0.6,29.0
2026-02-07,wk inc flu hosp,3,2026-02-28,30,quantile,0.65,31.0
2026-02-07,wk inc flu hosp,3,2026-02-28,30,quantile,0.7,34.0
2026-02-07,wk inc flu hosp,3,2026-02-28,30,quantile,0.75,37.0
2026-02-07,wk inc flu hosp,3,2026-02-28,30,quantile,0.8,41.0
2026-02-07,wk inc flu hosp,3,2026-02-28,30,quantile,0.85,43.0
2026-02-07,wk inc flu hosp,3,2026-02-28,30,quantile,0.9,47.0
2026-02-07,wk inc flu hosp,3,2026-02-28,30,quantile,0.95,52.0
2026-02-07,wk inc flu hosp,3,2026-02-28,30,quantile,0.975,57.0
2026-02-07,wk inc flu hosp,3,2026-02-28,30,quantile,0.99,63.0
2026-02-07,wk inc flu hosp,3,2026-02-28,31,quantile,0.01,0.0
2026-02-07,wk inc flu hosp,3,2026-02-28,31,quantile,0.025,0.0
2026-02-07,wk inc flu hosp,3,2026-02-28,31,quantile,0.05,0.0
2026-02-07,wk inc flu hosp,3,2026-02-28,31,quantile,0.1,0.0
2026-02-07,wk inc flu hosp,3,2026-02-28,31,quantile,0.15,0.0
2026-02-07,wk inc flu hosp,3,2026-02-28,31,quantile,0.2,6.0
2026-02-07,wk inc flu hosp,3,2026-02-28,31,quantile,0.25,15.0
2026-02-07,wk inc flu hosp,3,2026-02-28,31,quantile,0.3,22.0
2026-02-07,wk inc flu hosp,3,2026-02-28,31,quantile,0.35,30.0
2026-02-07,wk inc flu hosp,3,2026-02-28,31,quantile,0.4,36.0
2026-02-07,wk inc flu hosp,3,2026-02-28,31,quantile,0.45,44.0
2026-02-07,wk inc flu hosp,3,2026-02-28,31,quantile,0.5,51.0
2026-02-07,wk inc flu hosp,3,2026-02-28,31,quantile,0.55,56.0
2026-02-07,wk inc flu hosp,3,2026-02-28,31,quantile,0.6,60.0
2026-02-07,wk inc flu hosp,3,2026-02-28,31,quantile,0.65,66.0
2026-02-07,wk inc flu hosp,3,2026-02-28,31,quantile,0.7,70.0
2026-02-07,wk inc flu hosp,3,2026-02-28,31,quantile,0.75,77.0
2026-02-07,wk inc flu hosp,3,2026-02-28,31,quantile,0.8,84.0
2026-02-07,wk inc flu hosp,3,2026-02-28,31,quantile,0.85,94.0
2026-02-07,wk inc flu hosp,3,2026-02-28,31,quantile,0.9,105.0
2026-02-07,wk inc flu hosp,3,2026-02-28,31,quantile,0.95,121.0
2026-02-07,wk inc flu hosp,3,2026-02-28,31,quantile,0.975,139.0
2026-02-07,wk inc flu hosp,3,2026-02-28,31,quantile,0.99,165.0
2026-02-07,wk inc flu hosp,3,2026-02-28,32,quantile,0.01,0.0
2026-02-07,wk inc flu hosp,3,2026-02-28,32,quantile,0.025,0.0
2026-02-07,wk inc flu hosp,3,2026-02-28,32,quantile,0.05,0.0
2026-02-07,wk inc flu hosp,3,2026-02-28,32,quantile,0.1,10.0
2026-02-07,wk inc flu hosp,3,2026-02-28,32,quantile,0.15,18.0
2026-02-07,wk inc flu hosp,3,2026-02-28,32,quantile,0.2,24.0
2026-02-07,wk inc flu hosp,3,2026-02-28,32,quantile,0.25,29.0
2026-02-07,wk inc flu hosp,3,2026-02-28,32,quantile,0.3,35.0
2026-02-07,wk inc flu hosp,3,2026-02-28,32,quantile,0.35,39.0
2026-02-07,wk inc flu hosp,3,2026-02-28,32,quantile,0.4,41.0
2026-02-07,wk inc flu hosp,3,2026-02-28,32,quantile,0.45,43.0
2026-02-07,wk inc flu hosp,3,2026-02-28,32,quantile,0.5,45.0
2026-02-07,wk inc flu hosp,3,2026-02-28,32,quantile,0.55,47.0
2026-02-07,wk inc flu hosp,3,2026-02-28,32,quantile,0.6,49.0
2026-02-07,wk inc flu hosp,3,2026-02-28,32,quantile,0.65,51.0
2026-02-07,wk inc flu hosp,3,2026-02-28,32,quantile,0.7,54.0
2026-02-07,wk inc flu hosp,3,2026-02-28,32,quantile,0.75,56.0
2026-02-07,wk inc flu hosp,3,2026-02-28,32,quantile,0.8,59.0
2026-02-07,wk inc flu hosp,3,2026-02-28,32,quantile,0.85,62.0
2026-02-07,wk inc flu hosp,3,2026-02-28,32,quantile,0.9,65.0
2026-02-07,wk inc flu hosp,3,2026-02-28,32,quantile,0.95,71.0
2026-02-07,wk inc flu hosp,3,2026-02-28,32,quantile,0.975,76.0
2026-02-07,wk inc flu hosp,3,2026-02-28,32,quantile,0.99,81.0
2026-02-07,wk inc flu hosp,3,2026-02-28,33,quantile,0.01,0.0
2026-02-07,wk inc flu hosp,3,2026-02-28,33,quantile,0.025,0.0
2026-02-07,wk inc flu hosp,3,2026-02-28,33,quantile,0.05,0.0
2026-02-07,wk inc flu hosp,3,2026-02-28,33,quantile,0.1,0.0
2026-02-07,wk inc flu hosp,3,2026-02-28,33,quantile,0.15,1.0
2026-02-07,wk inc flu hosp,3,2026-02-28,33,quantile,0.2,3.0
2026-02-07,wk inc flu hosp,3,2026-02-28,33,quantile,0.25,7.0
2026-02-07,wk inc flu hosp,3,2026-02-28,33,quantile,0.3,10.0
2026-02-07,wk inc flu hosp,3,2026-02-28,33,quantile,0.35,13.0
2026-02-07,wk inc flu hosp,3,2026-02-28,33,quantile,0.4,17.0
2026-02-07,wk inc flu hosp,3,2026-02-28,33,quantile,0.45,20.0
2026-02-07,wk inc flu hosp,3,2026-02-28,33,quantile,0.5,23.0
2026-02-07,wk inc flu hosp,3,2026-02-28,33,quantile,0.55,25.0
2026-02-07,wk inc flu hosp,3,2026-02-28,33,quantile,0.6,26.0
2026-02-07,wk inc flu hosp,3,2026-02-28,33,quantile,0.65,27.0
2026-02-07,wk inc flu hosp,3,2026-02-28,33,quantile,0.7,28.0
2026-02-07,wk inc flu hosp,3,2026-02-28,33,quantile,0.75,29.0
2026-02-07,wk inc flu hosp,3,2026-02-28,33,quantile,0.8,30.0
2026-02-07,wk inc flu hosp,3,2026-02-28,33,quantile,0.85,32.0
2026-02-07,wk inc flu hosp,3,2026-02-28,33,quantile,0.9,34.0
2026-02-07,wk inc flu hosp,3,2026-02-28,33,quantile,0.95,36.0
2026-02-07,wk inc flu hosp,3,2026-02-28,33,quantile,0.975,40.0
2026-02-07,wk inc flu hosp,3,2026-02-28,33,quantile,0.99,45.0
2026-02-07,wk inc flu hosp,3,2026-02-28,34,quantile,0.01,0.0
2026-02-07,wk inc flu hosp,3,2026-02-28,34,quantile,0.025,0.0
2026-02-07,wk inc flu hosp,3,2026-02-28,34,quantile,0.05,0.0
2026-02-07,wk inc flu hosp,3,2026-02-28,34,quantile,0.1,0.0
2026-02-07,wk inc flu hosp,3,2026-02-28,34,quantile,0.15,0.0
2026-02-07,wk inc flu hosp,3,2026-02-28,34,quantile,0.2,13.0
2026-02-07,wk inc flu hosp,3,2026-02-28,34,quantile,0.25,29.0
2026-02-07,wk inc flu hosp,3,2026-02-28,34,quantile,0.3,31.0
2026-02-07,wk inc flu hosp,3,2026-02-28,34,quantile,0.35,33.0
2026-02-07,wk inc flu hosp,3,2026-02-28,34,quantile,0.4,35.0
2026-02-07,wk inc flu hosp,3,2026-02-28,34,quantile,0.45,37.0
2026-02-07,wk inc flu hosp,3,2026-02-28,34,quantile,0.5,39.0
2026-02-07,wk inc flu hosp,3,2026-02-28,34,quantile,0.55,49.0
2026-02-07,wk inc flu hosp,3,2026-02-28,34,quantile,0.6,59.0
2026-02-07,wk inc flu hosp,3,2026-02-28,34,quantile,0.65,72.0
2026-02-07,wk inc flu hosp,3,2026-02-28,34,quantile,0.7,83.0
2026-02-07,wk inc flu hosp,3,2026-02-28,34,quantile,0.75,95.0
2026-02-07,wk inc flu hosp,3,2026-02-28,34,quantile,0.8,106.0
2026-02-07,wk inc flu hosp,3,2026-02-28,34,quantile,0.85,119.0
2026-02-07,wk inc flu hosp,3,2026-02-28,34,quantile,0.9,134.0
2026-02-07,wk inc flu hosp,3,2026-02-28,34,quantile,0.95,153.0
2026-02-07,wk inc flu hosp,3,2026-02-28,34,quantile,0.975,186.0
2026-02-07,wk inc flu hosp,3,2026-02-28,34,quantile,0.99,212.0
2026-02-07,wk inc flu hosp,3,2026-02-28,35,quantile,0.01,0.0
2026-02-07,wk inc flu hosp,3,2026-02-28,35,quantile,0.025,0.0
2026-02-07,wk inc flu hosp,3,2026-02-28,35,quantile,0.05,0.0
2026-02-07,wk inc flu hosp,3,2026-02-28,35,quantile,0.1,3.0
2026-02-07,wk inc flu hosp,3,2026-02-28,35,quantile,0.15,6.0
2026-02-07,wk inc flu hosp,3,2026-02-28,35,quantile,0.2,8.0
2026-02-07,wk inc flu hosp,3,2026-02-28,35,quantile,0.25,10.0
2026-02-07,wk inc flu hosp,3,2026-02-28,35,quantile,0.3,12.0
2026-02-07,wk inc flu hosp,3,2026-02-28,35,quantile,0.35,14.0
2026-02-07,wk inc flu hosp,3,2026-02-28,35,quantile,0.4,16.0
2026-02-07,wk inc flu hosp,3,2026-02-28,35,quantile,0.45,17.0
2026-02-07,wk inc flu hosp,3,2026-02-28,35,quantile,0.5,19.0
2026-02-07,wk inc flu hosp,3,2026-02-28,35,quantile,0.55,21.0
2026-02-07,wk inc flu hosp,3,2026-02-28,35,quantile,0.6,22.0
2026-02-07,wk inc flu hosp,3,2026-02-28,35,quantile,0.65,24.0
2026-02-07,wk inc flu hosp,3,2026-02-28,35,quantile,0.7,26.0
2026-02-07,wk inc flu hosp,3,2026-02-28,35,quantile,0.75,28.0
2026-02-07,wk inc flu hosp,3,2026-02-28,35,quantile,0.8,30.0
2026-02-07,wk inc flu hosp,3,2026-02-28,35,quantile,0.85,33.0
2026-02-07,wk inc flu hosp,3,2026-02-28,35,quantile,0.9,36.0
2026-02-07,wk inc flu hosp,3,2026-02-28,35,quantile,0.95,40.0
2026-02-07,wk inc flu hosp,3,2026-02-28,35,quantile,0.975,45.0
2026-02-07,wk inc flu hosp,3,2026-02-28,35,quantile,0.99,50.0
2026-02-07,wk inc flu hosp,3,2026-02-28,36,quantile,0.01,0.0
2026-02-07,wk inc flu hosp,3,2026-02-28,36,quantile,0.025,0.0
2026-02-07,wk inc flu hosp,3,2026-02-28,36,quantile,0.05,0.0
2026-02-07,wk inc flu hosp,3,2026-02-28,36,quantile,0.1,0.0
2026-02-07,wk inc flu hosp,3,2026-02-28,36,quantile,0.15,0.0
2026-02-07,wk inc flu hosp,3,2026-02-28,36,quantile,0.2,11.0
2026-02-07,wk inc flu hosp,3,2026-02-28,36,quantile,0.25,13.0
2026-02-07,wk inc flu hosp,3,2026-02-28,36,quantile,0.3,13.0
2026-02-07,wk inc flu hosp,3,2026-02-28,36,quantile,0.35,14.0
2026-02-07,wk inc flu hosp,3,2026-02-28,36,quantile,0.4,14.0
2026-02-07,wk inc flu hosp,3,2026-02-28,36,quantile,0.45,14.0
2026-02-07,wk inc flu hosp,3,2026-02-28,36,quantile,0.5,15.0
2026-02-07,wk inc flu hosp,3,2026-02-28,36,quantile,0.55,15.0
2026-02-07,wk inc flu hosp,3,2026-02-28,36,quantile,0.6,15.0
2026-02-07,wk inc flu hosp,3,2026-02-28,36,quantile,0.65,16.0
2026-02-07,wk inc flu hosp,3,2026-02-28,36,quantile,0.7,16.0
2026-02-07,wk inc flu hosp,3,2026-02-28,36,quantile,0.75,19.0
2026-02-07,wk inc flu hosp,3,2026-02-28,36,quantile,0.8,36.0
2026-02-07,wk inc flu hosp,3,2026-02-28,36,quantile,0.85,57.0
2026-02-07,wk inc flu hosp,3,2026-02-28,36,quantile,0.9,84.0
2026-02-07,wk inc flu hosp,3,2026-02-28,36,quantile,0.95,133.0
2026-02-07,wk inc flu hosp,3,2026-02-28,36,quantile,0.975,178.0
2026-02-07,wk inc flu hosp,3,2026-02-28,36,quantile,0.99,213.0
2026-02-07,wk inc flu hosp,3,2026-02-28,37,quantile,0.01,0.0
2026-02-07,wk inc flu hosp,3,2026-02-28,37,quantile,0.025,0.0
2026-02-07,wk inc flu hosp,3,2026-02-28,37,quantile,0.05,0.0
2026-02-07,wk inc flu hosp,3,2026-02-28,37,quantile,0.1,0.0
2026-02-07,wk inc flu hosp,3,2026-02-28,37,quantile,0.15,2.0
2026-02-07,wk inc flu hosp,3,2026-02-28,37,quantile,0.2,44.0
2026-02-07,wk inc flu hosp,3,2026-02-28,37,quantile,0.25,78.0
2026-02-07,wk inc flu hosp,3,2026-02-28,37,quantile,0.3,103.0
2026-02-07,wk inc flu hosp,3,2026-02-28,37,quantile,0.35,122.0
2026-02-07,wk inc flu hosp,3,2026-02-28,37,quantile,0.4,156.0
2026-02-07,wk inc flu hosp,3,2026-02-28,37,quantile,0.45,173.0
2026-02-07,wk inc flu hosp,3,2026-02-28,37,quantile,0.5,188.0
2026-02-07,wk inc flu hosp,3,2026-02-28,37,quantile,0.55,205.0
2026-02-07,wk inc flu hosp,3,2026-02-28,37,quantile,0.6,221.0
2026-02-07,wk inc flu hosp,3,2026-02-28,37,quantile,0.65,239.0
2026-02-07,wk inc flu hosp,3,2026-02-28,37,quantile,0.7,255.0
2026-02-07,wk inc flu hosp,3,2026-02-28,37,quantile,0.75,274.0
2026-02-07,wk inc flu hosp,3,2026-02-28,37,quantile,0.8,294.0
2026-02-07,wk inc flu hosp,3,2026-02-28,37,quantile,0.85,322.0
2026-02-07,wk inc flu hosp,3,2026-02-28,37,quantile,0.9,351.0
2026-02-07,wk inc flu hosp,3,2026-02-28,37,quantile,0.95,398.0
2026-02-07,wk inc flu hosp,3,2026-02-28,37,quantile,0.975,439.0
2026-02-07,wk inc flu hosp,3,2026-02-28,37,quantile,0.99,508.0
2026-02-07,wk inc flu hosp,3,2026-02-28,38,quantile,0.01,0.0
2026-02-07,wk inc flu hosp,3,2026-02-28,38,quantile,0.025,0.0
2026-02-07,wk inc flu hosp,3,2026-02-28,38,quantile,0.05,0.0
2026-02-07,wk inc flu hosp,3,2026-02-28,38,quantile,0.1,0.0
2026-02-07,wk inc flu hosp,3,2026-02-28,38,quantile,0.15,2.0
2026-02-07,wk inc flu hosp,3,2026-02-28,38,quantile,0.2,4.0
2026-02-07,wk inc flu hosp,3,2026-02-28,38,quantile,0.25,7.0
2026-02-07,wk inc flu hosp,3,2026-02-28,38,quantile,0.3,9.0
2026-02-07,wk inc flu hosp,3,2026-02-28,38,quantile,0.35,10.0
2026-02-07,wk inc flu hosp,3,2026-02-28,38,quantile,0.4,11.0
2026-02-07,wk inc flu hosp,3,2026-02-28,38,quantile,0.45,12.0
2026-02-07,wk inc flu hosp,3,2026-02-28,38,quantile,0.5,13.0
2026-02-07,wk inc flu hosp,3,2026-02-28,38,quantile,0.55,13.0
2026-02-07,wk inc flu hosp,3,2026-02-28,38,quantile,0.6,14.0
2026-02-07,wk inc flu hosp,3,2026-02-28,38,quantile,0.65,15.0
2026-02-07,wk inc flu hosp,3,2026-02-28,38,quantile,0.7,17.0
2026-02-07,wk inc flu hosp,3,2026-02-28,38,quantile,0.75,18.0
2026-02-07,wk inc flu hosp,3,2026-02-28,38,quantile,0.8,19.0
2026-02-07,wk inc flu hosp,3,2026-02-28,38,quantile,0.85,21.0
2026-02-07,wk inc flu hosp,3,2026-02-28,38,quantile,0.9,23.0
2026-02-07,wk inc flu hosp,3,2026-02-28,38,quantile,0.95,25.0
2026-02-07,wk inc flu hosp,3,2026-02-28,38,quantile,0.975,28.0
2026-02-07,wk inc flu hosp,3,2026-02-28,38,quantile,0.99,31.0
2026-02-07,wk inc flu hosp,3,2026-02-28,39,quantile,0.01,11.0
2026-02-07,wk inc flu hosp,3,2026-02-28,39,quantile,0.025,28.0
2026-02-07,wk inc flu hosp,3,2026-02-28,39,quantile,0.05,43.0
2026-02-07,wk inc flu hosp,3,2026-02-28,39,quantile,0.1,85.0
2026-02-07,wk inc flu hosp,3,2026-02-28,39,quantile,0.15,129.0
2026-02-07,wk inc flu hosp,3,2026-02-28,39,quantile,0.2,160.0
2026-02-07,wk inc flu hosp,3,2026-02-28,39,quantile,0.25,189.0
2026-02-07,wk inc flu hosp,3,2026-02-28,39,quantile,0.3,211.0
2026-02-07,wk inc flu hosp,3,2026-02-28,39,quantile,0.35,232.0
2026-02-07,wk inc flu hosp,3,2026-02-28,39,quantile,0.4,254.0
2026-02-07,wk inc flu hosp,3,2026-02-28,39,quantile,0.45,277.0
2026-02-07,wk inc flu hosp,3,2026-02-28,39,quantile,0.5,296.0
2026-02-07,wk inc flu hosp,3,2026-02-28,39,quantile,0.55,312.0
2026-02-07,wk inc flu hosp,3,2026-02-28,39,quantile,0.6,319.0
2026-02-07,wk inc flu hosp,3,2026-02-28,39,quantile,0.65,329.0
2026-02-07,wk inc flu hosp,3,2026-02-28,39,quantile,0.7,338.0
2026-02-07,wk inc flu hosp,3,2026-02-28,39,quantile,0.75,348.0
2026-02-07,wk inc flu hosp,3,2026-02-28,39,quantile,0.8,358.0
2026-02-07,wk inc flu hosp,3,2026-02-28,39,quantile,0.85,369.0
2026-02-07,wk inc flu hosp,3,2026-02-28,39,quantile,0.9,384.0
2026-02-07,wk inc flu hosp,3,2026-02-28,39,quantile,0.95,405.0
2026-02-07,wk inc flu hosp,3,2026-02-28,39,quantile,0.975,467.0
2026-02-07,wk inc flu hosp,3,2026-02-28,39,quantile,0.99,575.0
2026-02-07,wk inc flu hosp,3,2026-02-28,40,quantile,0.01,0.0
2026-02-07,wk inc flu hosp,3,2026-02-28,40,quantile,0.025,0.0
2026-02-07,wk inc flu hosp,3,2026-02-28,40,quantile,0.05,0.0
2026-02-07,wk inc flu hosp,3,2026-02-28,40,quantile,0.1,2.0
2026-02-07,wk inc flu hosp,3,2026-02-28,40,quantile,0.15,14.0
2026-02-07,wk inc flu hosp,3,2026-02-28,40,quantile,0.2,24.0
2026-02-07,wk inc flu hosp,3,2026-02-28,40,quantile,0.25,41.0
2026-02-07,wk inc flu hosp,3,2026-02-28,40,quantile,0.3,55.0
2026-02-07,wk inc flu hosp,3,2026-02-28,40,quantile,0.35,68.0
2026-02-07,wk inc flu hosp,3,2026-02-28,40,quantile,0.4,81.0
2026-02-07,wk inc flu hosp,3,2026-02-28,40,quantile,0.45,95.0
2026-02-07,wk inc flu hosp,3,2026-02-28,40,quantile,0.5,105.0
2026-02-07,wk inc flu hosp,3,2026-02-28,40,quantile,0.55,113.0
2026-02-07,wk inc flu hosp,3,2026-02-28,40,quantile,0.6,120.0
2026-02-07,wk inc flu hosp,3,2026-02-28,40,quantile,0.65,129.0
2026-02-07,wk inc flu hosp,3,2026-02-28,40,quantile,0.7,139.0
2026-02-07,wk inc flu hosp,3,2026-02-28,40,quantile,0.75,149.0
2026-02-07,wk inc flu hosp,3,2026-02-28,40,quantile,0.8,157.0
2026-02-07,wk inc flu hosp,3,2026-02-28,40,quantile,0.85,165.0
2026-02-07,wk inc flu hosp,3,2026-02-28,40,quantile,0.9,172.0
2026-02-07,wk inc flu hosp,3,2026-02-28,40,quantile,0.95,187.0
2026-02-07,wk inc flu hosp,3,2026-02-28,40,quantile,0.975,200.0
2026-02-07,wk inc flu hosp,3,2026-02-28,40,quantile,0.99,212.0
2026-02-07,wk inc flu hosp,3,2026-02-28,41,quantile,0.01,76.0
2026-02-07,wk inc flu hosp,3,2026-02-28,41,quantile,0.025,114.0
2026-02-07,wk inc flu hosp,3,2026-02-28,41,quantile,0.05,133.0
2026-02-07,wk inc flu hosp,3,2026-02-28,41,quantile,0.1,157.0
2026-02-07,wk inc flu hosp,3,2026-02-28,41,quantile,0.15,173.0
2026-02-07,wk inc flu hosp,3,2026-02-28,41,quantile,0.2,182.0
2026-02-07,wk inc flu hosp,3,2026-02-28,41,quantile,0.25,190.0
2026-02-07,wk inc flu hosp,3,2026-02-28,41,quantile,0.3,197.0
2026-02-07,wk inc flu hosp,3,2026-02-28,41,quantile,0.35,205.0
2026-02-07,wk inc flu hosp,3,2026-02-28,41,quantile,0.4,214.0
2026-02-07,wk inc flu hosp,3,2026-02-28,41,quantile,0.45,221.0
2026-02-07,wk inc flu hosp,3,2026-02-28,41,quantile,0.5,225.0
2026-02-07,wk inc flu hosp,3,2026-02-28,41,quantile,0.55,232.0
2026-02-07,wk inc flu hosp,3,2026-02-28,41,quantile,0.6,238.0
2026-02-07,wk inc flu hosp,3,2026-02-28,41,quantile,0.65,243.0
2026-02-07,wk inc flu hosp,3,2026-02-28,41,quantile,0.7,249.0
2026-02-07,wk inc flu hosp,3,2026-02-28,41,quantile,0.75,256.0
2026-02-07,wk inc flu hosp,3,2026-02-28,41,quantile,0.8,263.0
2026-02-07,wk inc flu hosp,3,2026-02-28,41,quantile,0.85,270.0
2026-02-07,wk inc flu hosp,3,2026-02-28,41,quantile,0.9,281.0
2026-02-07,wk inc flu hosp,3,2026-02-28,41,quantile,0.95,297.0
2026-02-07,wk inc flu hosp,3,2026-02-28,41,quantile,0.975,311.0
2026-02-07,wk inc flu hosp,3,2026-02-28,41,quantile,0.99,328.0
2026-02-07,wk inc flu hosp,3,2026-02-28,42,quantile,0.01,0.0
2026-02-07,wk inc flu hosp,3,2026-02-28,42,quantile,0.025,0.0
2026-02-07,wk inc flu hosp,3,2026-02-28,42,quantile,0.05,0.0
2026-02-07,wk inc flu hosp,3,2026-02-28,42,quantile,0.1,0.0
2026-02-07,wk inc flu hosp,3,2026-02-28,42,quantile,0.15,20.0
2026-02-07,wk inc flu hosp,3,2026-02-28,42,quantile,0.2,23.0
2026-02-07,wk inc flu hosp,3,2026-02-28,42,quantile,0.25,26.0
2026-02-07,wk inc flu hosp,3,2026-02-28,42,quantile,0.3,33.0
2026-02-07,wk inc flu hosp,3,2026-02-28,42,quantile,0.35,51.0
2026-02-07,wk inc flu hosp,3,2026-02-28,42,quantile,0.4,77.0
2026-02-07,wk inc flu hosp,3,2026-02-28,42,quantile,0.45,104.0
2026-02-07,wk inc flu hosp,3,2026-02-28,42,quantile,0.5,141.0
2026-02-07,wk inc flu hosp,3,2026-02-28,42,quantile,0.55,187.0
2026-02-07,wk inc flu hosp,3,2026-02-28,42,quantile,0.6,239.0
2026-02-07,wk inc flu hosp,3,2026-02-28,42,quantile,0.65,276.0
2026-02-07,wk inc flu hosp,3,2026-02-28,42,quantile,0.7,296.0
2026-02-07,wk inc flu hosp,3,2026-02-28,42,quantile,0.75,319.0
2026-02-07,wk inc flu hosp,3,2026-02-28,42,quantile,0.8,352.0
2026-02-07,wk inc flu hosp,3,2026-02-28,42,quantile,0.85,386.0
2026-02-07,wk inc flu hosp,3,2026-02-28,42,quantile,0.9,435.0
2026-02-07,wk inc flu hosp,3,2026-02-28,42,quantile,0.95,555.0
2026-02-07,wk inc flu hosp,3,2026-02-28,42,quantile,0.975,679.0
2026-02-07,wk inc flu hosp,3,2026-02-28,42,quantile,0.99,764.0
2026-02-07,wk inc flu hosp,3,2026-02-28,44,quantile,0.01,0.0
2026-02-07,wk inc flu hosp,3,2026-02-28,44,quantile,0.025,0.0
2026-02-07,wk inc flu hosp,3,2026-02-28,44,quantile,0.05,0.0
2026-02-07,wk inc flu hosp,3,2026-02-28,44,quantile,0.1,0.0
2026-02-07,wk inc flu hosp,3,2026-02-28,44,quantile,0.15,1.0
2026-02-07,wk inc flu hosp,3,2026-02-28,44,quantile,0.2,2.0
2026-02-07,wk inc flu hosp,3,2026-02-28,44,quantile,0.25,2.0
2026-02-07,wk inc flu hosp,3,2026-02-28,44,quantile,0.3,2.0
2026-02-07,wk inc flu hosp,3,2026-02-28,44,quantile,0.35,2.0
2026-02-07,wk inc flu hosp,3,2026-02-28,44,quantile,0.4,2.0
2026-02-07,wk inc flu hosp,3,2026-02-28,44,quantile,0.45,2.0
2026-02-07,wk inc flu hosp,3,2026-02-28,44,quantile,0.5,2.0
2026-02-07,wk inc flu hosp,3,2026-02-28,44,quantile,0.55,2.0
2026-02-07,wk inc flu hosp,3,2026-02-28,44,quantile,0.6,2.0
2026-02-07,wk inc flu hosp,3,2026-02-28,44,quantile,0.65,2.0
2026-02-07,wk inc flu hosp,3,2026-02-28,44,quantile,0.7,2.0
2026-02-07,wk inc flu hosp,3,2026-02-28,44,quantile,0.75,2.0
2026-02-07,wk inc flu hosp,3,2026-02-28,44,quantile,0.8,3.0
2026-02-07,wk inc flu hosp,3,2026-02-28,44,quantile,0.85,3.0
2026-02-07,wk inc flu hosp,3,2026-02-28,44,quantile,0.9,3.0
2026-02-07,wk inc flu hosp,3,2026-02-28,44,quantile,0.95,3.0
2026-02-07,wk inc flu hosp,3,2026-02-28,44,quantile,0.975,3.0
2026-02-07,wk inc flu hosp,3,2026-02-28,44,quantile,0.99,4.0
2026-02-07,wk inc flu hosp,3,2026-02-28,45,quantile,0.01,0.0
2026-02-07,wk inc flu hosp,3,2026-02-28,45,quantile,0.025,0.0
2026-02-07,wk inc flu hosp,3,2026-02-28,45,quantile,0.05,0.0
2026-02-07,wk inc flu hosp,3,2026-02-28,45,quantile,0.1,0.0
2026-02-07,wk inc flu hosp,3,2026-02-28,45,quantile,0.15,0.0
2026-02-07,wk inc flu hosp,3,2026-02-28,45,quantile,0.2,1.0
2026-02-07,wk inc flu hosp,3,2026-02-28,45,quantile,0.25,12.0
2026-02-07,wk inc flu hosp,3,2026-02-28,45,quantile,0.3,26.0
2026-02-07,wk inc flu hosp,3,2026-02-28,45,quantile,0.35,39.0
2026-02-07,wk inc flu hosp,3,2026-02-28,45,quantile,0.4,52.0
2026-02-07,wk inc flu hosp,3,2026-02-28,45,quantile,0.45,64.0
2026-02-07,wk inc flu hosp,3,2026-02-28,45,quantile,0.5,75.0
2026-02-07,wk inc flu hosp,3,2026-02-28,45,quantile,0.55,88.0
2026-02-07,wk inc flu hosp,3,2026-02-28,45,quantile,0.6,101.0
2026-02-07,wk inc flu hosp,3,2026-02-28,45,quantile,0.65,116.0
2026-02-07,wk inc flu hosp,3,2026-02-28,45,quantile,0.7,129.0
2026-02-07,wk inc flu hosp,3,2026-02-28,45,quantile,0.75,138.0
2026-02-07,wk inc flu hosp,3,2026-02-28,45,quantile,0.8,147.0
2026-02-07,wk inc flu hosp,3,2026-02-28,45,quantile,0.85,158.0
2026-02-07,wk inc flu hosp,3,2026-02-28,45,quantile,0.9,171.0
2026-02-07,wk inc flu hosp,3,2026-02-28,45,quantile,0.95,188.0
2026-02-07,wk inc flu hosp,3,2026-02-28,45,quantile,0.975,205.0
2026-02-07,wk inc flu hosp,3,2026-02-28,45,quantile,0.99,222.0
2026-02-07,wk inc flu hosp,3,2026-02-28,46,quantile,0.01,3.0
2026-02-07,wk inc flu hosp,3,2026-02-28,46,quantile,0.025,4.0
2026-02-07,wk inc flu hosp,3,2026-02-28,46,quantile,0.05,9.0
2026-02-07,wk inc flu hosp,3,2026-02-28,46,quantile,0.1,13.0
2026-02-07,wk inc flu hosp,3,2026-02-28,46,quantile,0.15,15.0
2026-02-07,wk inc flu hosp,3,2026-02-28,46,quantile,0.2,16.0
2026-02-07,wk inc flu hosp,3,2026-02-28,46,quantile,0.25,18.0
2026-02-07,wk inc flu hosp,3,2026-02-28,46,quantile,0.3,19.0
2026-02-07,wk inc flu hosp,3,2026-02-28,46,quantile,0.35,20.0
2026-02-07,wk inc flu hosp,3,2026-02-28,46,quantile,0.4,20.0
2026-02-07,wk inc flu hosp,3,2026-02-28,46,quantile,0.45,21.0
2026-02-07,wk inc flu hosp,3,2026-02-28,46,quantile,0.5,22.0
2026-02-07,wk inc flu hosp,3,2026-02-28,46,quantile,0.55,23.0
2026-02-07,wk inc flu hosp,3,2026-02-28,46,quantile,0.6,24.0
2026-02-07,wk inc flu hosp,3,2026-02-28,46,quantile,0.65,25.0
2026-02-07,wk inc flu hosp,3,2026-02-28,46,quantile,0.7,25.0
2026-02-07,wk inc flu hosp,3,2026-02-28,46,quantile,0.75,26.0
2026-02-07,wk inc flu hosp,3,2026-02-28,46,quantile,0.8,27.0
2026-02-07,wk inc flu hosp,3,2026-02-28,46,quantile,0.85,28.0
2026-02-07,wk inc flu hosp,3,2026-02-28,46,quantile,0.9,30.0
2026-02-07,wk inc flu hosp,3,2026-02-28,46,quantile,0.95,32.0
2026-02-07,wk inc flu hosp,3,2026-02-28,46,quantile,0.975,35.0
2026-02-07,wk inc flu hosp,3,2026-02-28,46,quantile,0.99,39.0
2026-02-07,wk inc flu hosp,3,2026-02-28,47,quantile,0.01,0.0
2026-02-07,wk inc flu hosp,3,2026-02-28,47,quantile,0.025,0.0
2026-02-07,wk inc flu hosp,3,2026-02-28,47,quantile,0.05,5.0
2026-02-07,wk inc flu hosp,3,2026-02-28,47,quantile,0.1,21.0
2026-02-07,wk inc flu hosp,3,2026-02-28,47,quantile,0.15,40.0
2026-02-07,wk inc flu hosp,3,2026-02-28,47,quantile,0.2,65.0
2026-02-07,wk inc flu hosp,3,2026-02-28,47,quantile,0.25,88.0
2026-02-07,wk inc flu hosp,3,2026-02-28,47,quantile,0.3,109.0
2026-02-07,wk inc flu hosp,3,2026-02-28,47,quantile,0.35,129.0
2026-02-07,wk inc flu hosp,3,2026-02-28,47,quantile,0.4,147.0
2026-02-07,wk inc flu hosp,3,2026-02-28,47,quantile,0.45,162.0
2026-02-07,wk inc flu hosp,3,2026-02-28,47,quantile,0.5,180.0
2026-02-07,wk inc flu hosp,3,2026-02-28,47,quantile,0.55,196.0
2026-02-07,wk inc flu hosp,3,2026-02-28,47,quantile,0.6,210.0
2026-02-07,wk inc flu hosp,3,2026-02-28,47,quantile,0.65,228.0
2026-02-07,wk inc flu hosp,3,2026-02-28,47,quantile,0.7,244.0
2026-02-07,wk inc flu hosp,3,2026-02-28,47,quantile,0.75,266.0
2026-02-07,wk inc flu hosp,3,2026-02-28,47,quantile,0.8,289.0
2026-02-07,wk inc flu hosp,3,2026-02-28,47,quantile,0.85,312.0
2026-02-07,wk inc flu hosp,3,2026-02-28,47,quantile,0.9,343.0
2026-02-07,wk inc flu hosp,3,2026-02-28,47,quantile,0.95,383.0
2026-02-07,wk inc flu hosp,3,2026-02-28,47,quantile,0.975,424.0
2026-02-07,wk inc flu hosp,3,2026-02-28,47,quantile,0.99,456.0
2026-02-07,wk inc flu hosp,3,2026-02-28,48,quantile,0.01,0.0
2026-02-07,wk inc flu hosp,3,2026-02-28,48,quantile,0.025,0.0
2026-02-07,wk inc flu hosp,3,2026-02-28,48,quantile,0.05,0.0
2026-02-07,wk inc flu hosp,3,2026-02-28,48,quantile,0.1,0.0
2026-02-07,wk inc flu hosp,3,2026-02-28,48,quantile,0.15,11.0
2026-02-07,wk inc flu hosp,3,2026-02-28,48,quantile,0.2,79.0
2026-02-07,wk inc flu hosp,3,2026-02-28,48,quantile,0.25,166.0
2026-02-07,wk inc flu hosp,3,2026-02-28,48,quantile,0.3,268.0
2026-02-07,wk inc flu hosp,3,2026-02-28,48,quantile,0.35,370.0
2026-02-07,wk inc flu hosp,3,2026-02-28,48,quantile,0.4,453.0
2026-02-07,wk inc flu hosp,3,2026-02-28,48,quantile,0.45,537.0
2026-02-07,wk inc flu hosp,3,2026-02-28,48,quantile,0.5,609.0
2026-02-07,wk inc flu hosp,3,2026-02-28,48,quantile,0.55,693.0
2026-02-07,wk inc flu hosp,3,2026-02-28,48,quantile,0.6,756.0
2026-02-07,wk inc flu hosp,3,2026-02-28,48,quantile,0.65,799.0
2026-02-07,wk inc flu hosp,3,2026-02-28,48,quantile,0.7,845.0
2026-02-07,wk inc flu hosp,3,2026-02-28,48,quantile,0.75,904.0
2026-02-07,wk inc flu hosp,3,2026-02-28,48,quantile,0.8,966.0
2026-02-07,wk inc flu hosp,3,2026-02-28,48,quantile,0.85,1042.0
2026-02-07,wk inc flu hosp,3,2026-02-28,48,quantile,0.9,1129.0
2026-02-07,wk inc flu hosp,3,2026-02-28,48,quantile,0.95,1286.0
2026-02-07,wk inc flu hosp,3,2026-02-28,48,quantile,0.975,1379.0
2026-02-07,wk inc flu hosp,3,2026-02-28,48,quantile,0.99,1472.0
2026-02-07,wk inc flu hosp,3,2026-02-28,49,quantile,0.01,0.0
2026-02-07,wk inc flu hosp,3,2026-02-28,49,quantile,0.025,2.0
2026-02-07,wk inc flu hosp,3,2026-02-28,49,quantile,0.05,6.0
2026-02-07,wk inc flu hosp,3,2026-02-28,49,quantile,0.1,18.0
2026-02-07,wk inc flu hosp,3,2026-02-28,49,quantile,0.15,28.0
2026-02-07,wk inc flu hosp,3,2026-02-28,49,quantile,0.2,35.0
2026-02-07,wk inc flu hosp,3,2026-02-28,49,quantile,0.25,42.0
2026-02-07,wk inc flu hosp,3,2026-02-28,49,quantile,0.3,48.0
2026-02-07,wk inc flu hosp,3,2026-02-28,49,quantile,0.35,53.0
2026-02-07,wk inc flu hosp,3,2026-02-28,49,quantile,0.4,58.0
2026-02-07,wk inc flu hosp,3,2026-02-28,49,quantile,0.45,63.0
2026-02-07,wk inc flu hosp,3,2026-02-28,49,quantile,0.5,68.0
2026-02-07,wk inc flu hosp,3,2026-02-28,49,quantile,0.55,73.0
2026-02-07,wk inc flu hosp,3,2026-02-28,49,quantile,0.6,78.0
2026-02-07,wk inc flu hosp,3,2026-02-28,49,quantile,0.65,84.0
2026-02-07,wk inc flu hosp,3,2026-02-28,49,quantile,0.7,90.0
2026-02-07,wk inc flu hosp,3,2026-02-28,49,quantile,0.75,96.0
2026-02-07,wk inc flu hosp,3,2026-02-28,49,quantile,0.8,102.0
2026-02-07,wk inc flu hosp,3,2026-02-28,49,quantile,0.85,110.0
2026-02-07,wk inc flu hosp,3,2026-02-28,49,quantile,0.9,122.0
2026-02-07,wk inc flu hosp,3,2026-02-28,49,quantile,0.95,136.0
2026-02-07,wk inc flu hosp,3,2026-02-28,49,quantile,0.975,147.0
2026-02-07,wk inc flu hosp,3,2026-02-28,49,quantile,0.99,161.0
2026-02-07,wk inc flu hosp,3,2026-02-28,50,quantile,0.01,0.0
2026-02-07,wk inc flu hosp,3,2026-02-28,50,quantile,0.025,0.0
2026-02-07,wk inc flu hosp,3,2026-02-28,50,quantile,0.05,0.0
2026-02-07,wk inc flu hosp,3,2026-02-28,50,quantile,0.1,0.0
2026-02-07,wk inc flu hosp,3,2026-02-28,50,quantile,0.15,2.0
2026-02-07,wk inc flu hosp,3,2026-02-28,50,quantile,0.2,2.0
2026-02-07,wk inc flu hosp,3,2026-02-28,50,quantile,0.25,2.0
2026-02-07,wk inc flu hosp,3,2026-02-28,50,quantile,0.3,2.0
2026-02-07,wk inc flu hosp,3,2026-02-28,50,quantile,0.35,2.0
2026-02-07,wk inc flu hosp,3,2026-02-28,50,quantile,0.4,3.0
2026-02-07,wk inc flu hosp,3,2026-02-28,50,quantile,0.45,4.0
2026-02-07,wk inc flu hosp,3,2026-02-28,50,quantile,0.5,4.0
2026-02-07,wk inc flu hosp,3,2026-02-28,50,quantile,0.55,5.0
2026-02-07,wk inc flu hosp,3,2026-02-28,50,quantile,0.6,6.0
2026-02-07,wk inc flu hosp,3,2026-02-28,50,quantile,0.65,7.0
2026-02-07,wk inc flu hosp,3,2026-02-28,50,quantile,0.7,8.0
2026-02-07,wk inc flu hosp,3,2026-02-28,50,quantile,0.75,9.0
2026-02-07,wk inc flu hosp,3,2026-02-28,50,quantile,0.8,10.0
2026-02-07,wk inc flu hosp,3,2026-02-28,50,quantile,0.85,11.0
2026-02-07,wk inc flu hosp,3,2026-02-28,50,quantile,0.9,13.0
2026-02-07,wk inc flu hosp,3,2026-02-28,50,quantile,0.95,15.0
2026-02-07,wk inc flu hosp,3,2026-02-28,50,quantile,0.975,17.0
2026-02-07,wk inc flu hosp,3,2026-02-28,50,quantile,0.99,20.0
2026-02-07,wk inc flu hosp,3,2026-02-28,51,quantile,0.01,0.0
2026-02-07,wk inc flu hosp,3,2026-02-28,51,quantile,0.025,0.0
2026-02-07,wk inc flu hosp,3,2026-02-28,51,quantile,0.05,0.0
2026-02-07,wk inc flu hosp,3,2026-02-28,51,quantile,0.1,0.0
2026-02-07,wk inc flu hosp,3,2026-02-28,51,quantile,0.15,28.0
2026-02-07,wk inc flu hosp,3,2026-02-28,51,quantile,0.2,48.0
2026-02-07,wk inc flu hosp,3,2026-02-28,51,quantile,0.25,54.0
2026-02-07,wk inc flu hosp,3,2026-02-28,51,quantile,0.3,57.0
2026-02-07,wk inc flu hosp,3,2026-02-28,51,quantile,0.35,60.0
2026-02-07,wk inc flu hosp,3,2026-02-28,51,quantile,0.4,62.0
2026-02-07,wk inc flu hosp,3,2026-02-28,51,quantile,0.45,63.0
2026-02-07,wk inc flu hosp,3,2026-02-28,51,quantile,0.5,65.0
2026-02-07,wk inc flu hosp,3,2026-02-28,51,quantile,0.55,67.0
2026-02-07,wk inc flu hosp,3,2026-02-28,51,quantile,0.6,68.0
2026-02-07,wk inc flu hosp,3,2026-02-28,51,quantile,0.65,70.0
2026-02-07,wk inc flu hosp,3,2026-02-28,51,quantile,0.7,74.0
2026-02-07,wk inc flu hosp,3,2026-02-28,51,quantile,0.75,79.0
2026-02-07,wk inc flu hosp,3,2026-02-28,51,quantile,0.8,110.0
2026-02-07,wk inc flu hosp,3,2026-02-28,51,quantile,0.85,196.0
2026-02-07,wk inc flu hosp,3,2026-02-28,51,quantile,0.9,398.0
2026-02-07,wk inc flu hosp,3,2026-02-28,51,quantile,0.95,487.0
2026-02-07,wk inc flu hosp,3,2026-02-28,51,quantile,0.975,578.0
2026-02-07,wk inc flu hosp,3,2026-02-28,51,quantile,0.99,652.0
2026-02-07,wk inc flu hosp,3,2026-02-28,53,quantile,0.01,54.0
2026-02-07,wk inc flu hosp,3,2026-02-28,53,quantile,0.025,67.0
2026-02-07,wk inc flu hosp,3,2026-02-28,53,quantile,0.05,85.0
2026-02-07,wk inc flu hosp,3,2026-02-28,53,quantile,0.1,130.0
2026-02-07,wk inc flu hosp,3,2026-02-28,53,quantile,0.15,157.0
2026-02-07,wk inc flu hosp,3,2026-02-28,53,quantile,0.2,183.0
2026-02-07,wk inc flu hosp,3,2026-02-28,53,quantile,0.25,207.0
2026-02-07,wk inc flu hosp,3,2026-02-28,53,quantile,0.3,224.0
2026-02-07,wk inc flu hosp,3,2026-02-28,53,quantile,0.35,243.0
2026-02-07,wk inc flu hosp,3,2026-02-28,53,quantile,0.4,263.0
2026-02-07,wk inc flu hosp,3,2026-02-28,53,quantile,0.45,276.0
2026-02-07,wk inc flu hosp,3,2026-02-28,53,quantile,0.5,291.0
2026-02-07,wk inc flu hosp,3,2026-02-28,53,quantile,0.55,307.0
2026-02-07,wk inc flu hosp,3,2026-02-28,53,quantile,0.6,320.0
2026-02-07,wk inc flu hosp,3,2026-02-28,53,quantile,0.65,334.0
2026-02-07,wk inc flu hosp,3,2026-02-28,53,quantile,0.7,353.0
2026-02-07,wk inc flu hosp,3,2026-02-28,53,quantile,0.75,368.0
2026-02-07,wk inc flu hosp,3,2026-02-28,53,quantile,0.8,388.0
2026-02-07,wk inc flu hosp,3,2026-02-28,53,quantile,0.85,408.0
2026-02-07,wk inc flu hosp,3,2026-02-28,53,quantile,0.9,439.0
2026-02-07,wk inc flu hosp,3,2026-02-28,53,quantile,0.95,498.0
2026-02-07,wk inc flu hosp,3,2026-02-28,53,quantile,0.975,571.0
2026-02-07,wk inc flu hosp,3,2026-02-28,53,quantile,0.99,663.0
2026-02-07,wk inc flu hosp,3,2026-02-28,54,quantile,0.01,0.0
2026-02-07,wk inc flu hosp,3,2026-02-28,54,quantile,0.025,0.0
2026-02-07,wk inc flu hosp,3,2026-02-28,54,quantile,0.05,0.0
2026-02-07,wk inc flu hosp,3,2026-02-28,54,quantile,0.1,0.0
2026-02-07,wk inc flu hosp,3,2026-02-28,54,quantile,0.15,0.0
2026-02-07,wk inc flu hosp,3,2026-02-28,54,quantile,0.2,6.0
2026-02-07,wk inc flu hosp,3,2026-02-28,54,quantile,0.25,13.0
2026-02-07,wk inc flu hosp,3,2026-02-28,54,quantile,0.3,21.0
2026-02-07,wk inc flu hosp,3,2026-02-28,54,quantile,0.35,28.0
2026-02-07,wk inc flu hosp,3,2026-02-28,54,quantile,0.4,32.0
2026-02-07,wk inc flu hosp,3,2026-02-28,54,quantile,0.45,38.0
2026-02-07,wk inc flu hosp,3,2026-02-28,54,quantile,0.5,43.0
2026-02-07,wk inc flu hosp,3,2026-02-28,54,quantile,0.55,47.0
2026-02-07,wk inc flu hosp,3,2026-02-28,54,quantile,0.6,51.0
2026-02-07,wk inc flu hosp,3,2026-02-28,54,quantile,0.65,55.0
2026-02-07,wk inc flu hosp,3,2026-02-28,54,quantile,0.7,60.0
2026-02-07,wk inc flu hosp,3,2026-02-28,54,quantile,0.75,64.0
2026-02-07,wk inc flu hosp,3,2026-02-28,54,quantile,0.8,69.0
2026-02-07,wk inc flu hosp,3,2026-02-28,54,quantile,0.85,74.0
2026-02-07,wk inc flu hosp,3,2026-02-28,54,quantile,0.9,81.0
2026-02-07,wk inc flu hosp,3,2026-02-28,54,quantile,0.95,91.0
2026-02-07,wk inc flu hosp,3,2026-02-28,54,quantile,0.975,103.0
2026-02-07,wk inc flu hosp,3,2026-02-28,54,quantile,0.99,115.0
2026-02-07,wk inc flu hosp,3,2026-02-28,55,quantile,0.01,0.0
2026-02-07,wk inc flu hosp,3,2026-02-28,55,quantile,0.025,8.0
2026-02-07,wk inc flu hosp,3,2026-02-28,55,quantile,0.05,23.0
2026-02-07,wk inc flu hosp,3,2026-02-28,55,quantile,0.1,29.0
2026-02-07,wk inc flu hosp,3,2026-02-28,55,quantile,0.15,43.0
2026-02-07,wk inc flu hosp,3,2026-02-28,55,quantile,0.2,54.0
2026-02-07,wk inc flu hosp,3,2026-02-28,55,quantile,0.25,65.0
2026-02-07,wk inc flu hosp,3,2026-02-28,55,quantile,0.3,75.0
2026-02-07,wk inc flu hosp,3,2026-02-28,55,quantile,0.35,85.0
2026-02-07,wk inc flu hosp,3,2026-02-28,55,quantile,0.4,94.0
2026-02-07,wk inc flu hosp,3,2026-02-28,55,quantile,0.45,104.0
2026-02-07,wk inc flu hosp,3,2026-02-28,55,quantile,0.5,110.0
2026-02-07,wk inc flu hosp,3,2026-02-28,55,quantile,0.55,118.0
2026-02-07,wk inc flu hosp,3,2026-02-28,55,quantile,0.6,125.0
2026-02-07,wk inc flu hosp,3,2026-02-28,55,quantile,0.65,135.0
2026-02-07,wk inc flu hosp,3,2026-02-28,55,quantile,0.7,144.0
2026-02-07,wk inc flu hosp,3,2026-02-28,55,quantile,0.75,155.0
2026-02-07,wk inc flu hosp,3,2026-02-28,55,quantile,0.8,165.0
2026-02-07,wk inc flu hosp,3,2026-02-28,55,quantile,0.85,177.0
2026-02-07,wk inc flu hosp,3,2026-02-28,55,quantile,0.9,194.0
2026-02-07,wk inc flu hosp,3,2026-02-28,55,quantile,0.95,216.0
2026-02-07,wk inc flu hosp,3,2026-02-28,55,quantile,0.975,239.0
2026-02-07,wk inc flu hosp,3,2026-02-28,55,quantile,0.99,263.0
2026-02-07,wk inc flu hosp,3,2026-02-28,56,quantile,0.01,0.0
2026-02-07,wk inc flu hosp,3,2026-02-28,56,quantile,0.025,0.0
2026-02-07,wk inc flu hosp,3,2026-02-28,56,quantile,0.05,0.0
2026-02-07,wk inc flu hosp,3,2026-02-28,56,quantile,0.1,0.0
2026-02-07,wk inc flu hosp,3,2026-02-28,56,quantile,0.15,1.0
2026-02-07,wk inc flu hosp,3,2026-02-28,56,quantile,0.2,1.0
2026-02-07,wk inc flu hosp,3,2026-02-28,56,quantile,0.25,1.0
2026-02-07,wk inc flu hosp,3,2026-02-28,56,quantile,0.3,1.0
2026-02-07,wk inc flu hosp,3,2026-02-28,56,quantile,0.35,2.0
2026-02-07,wk inc flu hosp,3,2026-02-28,56,quantile,0.4,2.0
2026-02-07,wk inc flu hosp,3,2026-02-28,56,quantile,0.45,2.0
2026-02-07,wk inc flu hosp,3,2026-02-28,56,quantile,0.5,3.0
2026-02-07,wk inc flu hosp,3,2026-02-28,56,quantile,0.55,3.0
2026-02-07,wk inc flu hosp,3,2026-02-28,56,quantile,0.6,4.0
2026-02-07,wk inc flu hosp,3,2026-02-28,56,quantile,0.65,4.0
2026-02-07,wk inc flu hosp,3,2026-02-28,56,quantile,0.7,5.0
2026-02-07,wk inc flu hosp,3,2026-02-28,56,quantile,0.75,5.0
2026-02-07,wk inc flu hosp,3,2026-02-28,56,quantile,0.8,6.0
2026-02-07,wk inc flu hosp,3,2026-02-28,56,quantile,0.85,6.0
2026-02-07,wk inc flu hosp,3,2026-02-28,56,quantile,0.9,7.0
2026-02-07,wk inc flu hosp,3,2026-02-28,56,quantile,0.95,8.0
2026-02-07,wk inc flu hosp,3,2026-02-28,56,quantile,0.975,10.0
2026-02-07,wk inc flu hosp,3,2026-02-28,56,quantile,0.99,11.0
2026-02-07,wk inc flu hosp,3,2026-02-28,US,quantile,0.01,0.0
2026-02-07,wk inc flu hosp,3,2026-02-28,US,quantile,0.025,8.0
2026-02-07,wk inc flu hosp,3,2026-02-28,US,quantile,0.05,854.0
2026-02-07,wk inc flu hosp,3,2026-02-28,US,quantile,0.1,2204.0
2026-02-07,wk inc flu hosp,3,2026-02-28,US,quantile,0.15,3139.0
2026-02-07,wk inc flu hosp,3,2026-02-28,US,quantile,0.2,4021.0
2026-02-07,wk inc flu hosp,3,2026-02-28,US,quantile,0.25,4651.0
2026-02-07,wk inc flu hosp,3,2026-02-28,US,quantile,0.3,4967.0
2026-02-07,wk inc flu hosp,3,2026-02-28,US,quantile,0.35,5251.0
2026-02-07,wk inc flu hosp,3,2026-02-28,US,quantile,0.4,5524.0
2026-02-07,wk inc flu hosp,3,2026-02-28,US,quantile,0.45,5794.0
2026-02-07,wk inc flu hosp,3,2026-02-28,US,quantile,0.5,6085.0
2026-02-07,wk inc flu hosp,3,2026-02-28,US,quantile,0.55,6422.0
2026-02-07,wk inc flu hosp,3,2026-02-28,US,quantile,0.6,6754.0
2026-02-07,wk inc flu hosp,3,2026-02-28,US,quantile,0.65,7163.0
2026-02-07,wk inc flu hosp,3,2026-02-28,US,quantile,0.7,7537.0
2026-02-07,wk inc flu hosp,3,2026-02-28,US,quantile,0.75,7927.0
2026-02-07,wk inc flu hosp,3,2026-02-28,US,quantile,0.8,8372.0
2026-02-07,wk inc flu hosp,3,2026-02-28,US,quantile,0.85,8843.0
2026-02-07,wk inc flu hosp,3,2026-02-28,US,quantile,0.9,9374.0
2026-02-07,wk inc flu hosp,3,2026-02-28,US,quantile,0.95,10195.0
2026-02-07,wk inc flu hosp,3,2026-02-28,US,quantile,0.975,11253.0
2026-02-07,wk inc flu hosp,3,2026-02-28,US,quantile,0.99,12445.0
