reference_date,target,horizon,target_end_date,location,output_type,output_type_id,value
2026-01-31,wk flu hosp rate change,0,2026-01-31,01,pmf,decrease,0.174
2026-01-31,wk flu hosp rate change,0,2026-01-31,01,pmf,increase,0.198
2026-01-31,wk flu hosp rate change,0,2026-01-31,01,pmf,large_decrease,0.384
2026-01-31,wk flu hosp rate change,0,2026-01-31,01,pmf,large_increase,0.165
2026-01-31,wk flu hosp rate change,0,2026-01-31,01,pmf,stable,0.079
2026-01-31,wk flu hosp rate change,0,2026-01-31,02,pmf,decrease,0.199
2026-01-31,wk flu hosp rate change,0,2026-01-31,02,pmf,increase,0.206
2026-01-31,wk flu hosp rate change,0,2026-01-31,02,pmf,large_decrease,0.04
2026-01-31,wk flu hosp rate change,0,2026-01-31,02,pmf,large_increase,0.006
2026-01-31,wk flu hosp rate change,0,2026-01-31,02,pmf,stable,0.549
2026-01-31,wk flu hosp rate change,0,2026-01-31,04,pmf,decrease,0.385
2026-01-31,wk flu hosp rate change,0,2026-01-31,04,pmf,increase,0.106
2026-01-31,wk flu hosp rate change,0,2026-01-31,04,pmf,large_decrease,0.152
2026-01-31,wk flu hosp rate change,0,2026-01-31,04,pmf,large_increase,0.184
2026-01-31,wk flu hosp rate change,0,2026-01-31,04,pmf,stable,0.1730000000000001
2026-01-31,wk flu hosp rate change,0,2026-01-31,05,pmf,decrease,0.014
2026-01-31,wk flu hosp rate change,0,2026-01-31,05,pmf,increase,0.017
2026-01-31,wk flu hosp rate change,0,2026-01-31,05,pmf,large_decrease,0.598
2026-01-31,wk flu hosp rate change,0,2026-01-31,05,pmf,large_increase,0.364
2026-01-31,wk flu hosp rate change,0,2026-01-31,05,pmf,stable,0.007
2026-01-31,wk flu hosp rate change,0,2026-01-31,06,pmf,decrease,0.267
2026-01-31,wk flu hosp rate change,0,2026-01-31,06,pmf,increase,0.299
2026-01-31,wk flu hosp rate change,0,2026-01-31,06,pmf,large_decrease,0.004
2026-01-31,wk flu hosp rate change,0,2026-01-31,06,pmf,large_increase,0.001
2026-01-31,wk flu hosp rate change,0,2026-01-31,06,pmf,stable,0.4289999999999999
2026-01-31,wk flu hosp rate change,0,2026-01-31,08,pmf,decrease,0.224
2026-01-31,wk flu hosp rate change,0,2026-01-31,08,pmf,increase,0.207
2026-01-31,wk flu hosp rate change,0,2026-01-31,08,pmf,large_decrease,0.004
2026-01-31,wk flu hosp rate change,0,2026-01-31,08,pmf,large_increase,0.001
2026-01-31,wk flu hosp rate change,0,2026-01-31,08,pmf,stable,0.564
2026-01-31,wk flu hosp rate change,0,2026-01-31,09,pmf,decrease,0.9920159680638723
2026-01-31,wk flu hosp rate change,0,2026-01-31,09,pmf,increase,0.001996007984031936
2026-01-31,wk flu hosp rate change,0,2026-01-31,09,pmf,large_decrease,0.001996007984031936
2026-01-31,wk flu hosp rate change,0,2026-01-31,09,pmf,large_increase,0.001996007984031936
2026-01-31,wk flu hosp rate change,0,2026-01-31,09,pmf,stable,0.001996007984031936
2026-01-31,wk flu hosp rate change,0,2026-01-31,10,pmf,decrease,0.244
2026-01-31,wk flu hosp rate change,0,2026-01-31,10,pmf,increase,0.147
2026-01-31,wk flu hosp rate change,0,2026-01-31,10,pmf,large_decrease,0.039
2026-01-31,wk flu hosp rate change,0,2026-01-31,10,pmf,large_increase,0.071
2026-01-31,wk flu hosp rate change,0,2026-01-31,10,pmf,stable,0.499
2026-01-31,wk flu hosp rate change,0,2026-01-31,11,pmf,decrease,0.221
2026-01-31,wk flu hosp rate change,0,2026-01-31,11,pmf,increase,0.091
2026-01-31,wk flu hosp rate change,0,2026-01-31,11,pmf,large_decrease,0.188
2026-01-31,wk flu hosp rate change,0,2026-01-31,11,pmf,large_increase,0.06
2026-01-31,wk flu hosp rate change,0,2026-01-31,11,pmf,stable,0.44
2026-01-31,wk flu hosp rate change,0,2026-01-31,12,pmf,decrease,0.311
2026-01-31,wk flu hosp rate change,0,2026-01-31,12,pmf,increase,0.361
2026-01-31,wk flu hosp rate change,0,2026-01-31,12,pmf,large_decrease,0.007
2026-01-31,wk flu hosp rate change,0,2026-01-31,12,pmf,large_increase,0.001
2026-01-31,wk flu hosp rate change,0,2026-01-31,12,pmf,stable,0.3200000000000001
2026-01-31,wk flu hosp rate change,0,2026-01-31,13,pmf,decrease,0.45
2026-01-31,wk flu hosp rate change,0,2026-01-31,13,pmf,increase,0.177
2026-01-31,wk flu hosp rate change,0,2026-01-31,13,pmf,large_decrease,0.007
2026-01-31,wk flu hosp rate change,0,2026-01-31,13,pmf,large_increase,0.001
2026-01-31,wk flu hosp rate change,0,2026-01-31,13,pmf,stable,0.365
2026-01-31,wk flu hosp rate change,0,2026-01-31,15,pmf,decrease,0.3656343656343657
2026-01-31,wk flu hosp rate change,0,2026-01-31,15,pmf,increase,0.18681318681318684
2026-01-31,wk flu hosp rate change,0,2026-01-31,15,pmf,large_decrease,0.09590409590409592
2026-01-31,wk flu hosp rate change,0,2026-01-31,15,pmf,large_increase,0.034965034965034975
2026-01-31,wk flu hosp rate change,0,2026-01-31,15,pmf,stable,0.31668331668331673
2026-01-31,wk flu hosp rate change,0,2026-01-31,16,pmf,decrease,0.4105894105894106
2026-01-31,wk flu hosp rate change,0,2026-01-31,16,pmf,increase,0.17182817182817184
2026-01-31,wk flu hosp rate change,0,2026-01-31,16,pmf,large_decrease,0.027972027972027975
2026-01-31,wk flu hosp rate change,0,2026-01-31,16,pmf,large_increase,0.01098901098901099
2026-01-31,wk flu hosp rate change,0,2026-01-31,16,pmf,stable,0.3786213786213787
2026-01-31,wk flu hosp rate change,0,2026-01-31,17,pmf,decrease,0.435
2026-01-31,wk flu hosp rate change,0,2026-01-31,17,pmf,increase,0.209
2026-01-31,wk flu hosp rate change,0,2026-01-31,17,pmf,large_decrease,0.097
2026-01-31,wk flu hosp rate change,0,2026-01-31,17,pmf,large_increase,0.155
2026-01-31,wk flu hosp rate change,0,2026-01-31,17,pmf,stable,0.104
2026-01-31,wk flu hosp rate change,0,2026-01-31,18,pmf,decrease,0.476
2026-01-31,wk flu hosp rate change,0,2026-01-31,18,pmf,increase,0.232
2026-01-31,wk flu hosp rate change,0,2026-01-31,18,pmf,large_decrease,0.055
2026-01-31,wk flu hosp rate change,0,2026-01-31,18,pmf,large_increase,0.117
2026-01-31,wk flu hosp rate change,0,2026-01-31,18,pmf,stable,0.12
2026-01-31,wk flu hosp rate change,0,2026-01-31,19,pmf,decrease,0.176
2026-01-31,wk flu hosp rate change,0,2026-01-31,19,pmf,increase,0.417
2026-01-31,wk flu hosp rate change,0,2026-01-31,19,pmf,large_decrease,0.155
2026-01-31,wk flu hosp rate change,0,2026-01-31,19,pmf,large_increase,0.048
2026-01-31,wk flu hosp rate change,0,2026-01-31,19,pmf,stable,0.2039999999999999
2026-01-31,wk flu hosp rate change,0,2026-01-31,20,pmf,decrease,0.333
2026-01-31,wk flu hosp rate change,0,2026-01-31,20,pmf,increase,0.19
2026-01-31,wk flu hosp rate change,0,2026-01-31,20,pmf,large_decrease,0.056
2026-01-31,wk flu hosp rate change,0,2026-01-31,20,pmf,large_increase,0.132
2026-01-31,wk flu hosp rate change,0,2026-01-31,20,pmf,stable,0.289
2026-01-31,wk flu hosp rate change,0,2026-01-31,21,pmf,decrease,0.277
2026-01-31,wk flu hosp rate change,0,2026-01-31,21,pmf,increase,0.114
2026-01-31,wk flu hosp rate change,0,2026-01-31,21,pmf,large_decrease,0.299
2026-01-31,wk flu hosp rate change,0,2026-01-31,21,pmf,large_increase,0.2
2026-01-31,wk flu hosp rate change,0,2026-01-31,21,pmf,stable,0.11000000000000011
2026-01-31,wk flu hosp rate change,0,2026-01-31,22,pmf,decrease,0.371
2026-01-31,wk flu hosp rate change,0,2026-01-31,22,pmf,increase,0.333
2026-01-31,wk flu hosp rate change,0,2026-01-31,22,pmf,large_decrease,0.063
2026-01-31,wk flu hosp rate change,0,2026-01-31,22,pmf,large_increase,0.046
2026-01-31,wk flu hosp rate change,0,2026-01-31,22,pmf,stable,0.187
2026-01-31,wk flu hosp rate change,0,2026-01-31,23,pmf,decrease,0.12
2026-01-31,wk flu hosp rate change,0,2026-01-31,23,pmf,increase,0.372
2026-01-31,wk flu hosp rate change,0,2026-01-31,23,pmf,large_decrease,0.011
2026-01-31,wk flu hosp rate change,0,2026-01-31,23,pmf,large_increase,0.033
2026-01-31,wk flu hosp rate change,0,2026-01-31,23,pmf,stable,0.464
2026-01-31,wk flu hosp rate change,0,2026-01-31,24,pmf,decrease,0.373
2026-01-31,wk flu hosp rate change,0,2026-01-31,24,pmf,increase,0.339
2026-01-31,wk flu hosp rate change,0,2026-01-31,24,pmf,large_decrease,0.017
2026-01-31,wk flu hosp rate change,0,2026-01-31,24,pmf,large_increase,0.032
2026-01-31,wk flu hosp rate change,0,2026-01-31,24,pmf,stable,0.239
2026-01-31,wk flu hosp rate change,0,2026-01-31,25,pmf,decrease,0.3626373626373627
2026-01-31,wk flu hosp rate change,0,2026-01-31,25,pmf,increase,0.3576423576423577
2026-01-31,wk flu hosp rate change,0,2026-01-31,25,pmf,large_decrease,0.0019980019980019984
2026-01-31,wk flu hosp rate change,0,2026-01-31,25,pmf,large_increase,0.0019980019980019984
2026-01-31,wk flu hosp rate change,0,2026-01-31,25,pmf,stable,0.27572427572427577
2026-01-31,wk flu hosp rate change,0,2026-01-31,26,pmf,decrease,0.305
2026-01-31,wk flu hosp rate change,0,2026-01-31,26,pmf,increase,0.285
2026-01-31,wk flu hosp rate change,0,2026-01-31,26,pmf,large_decrease,0.004
2026-01-31,wk flu hosp rate change,0,2026-01-31,26,pmf,large_increase,0.001
2026-01-31,wk flu hosp rate change,0,2026-01-31,26,pmf,stable,0.405
2026-01-31,wk flu hosp rate change,0,2026-01-31,27,pmf,decrease,0.416
2026-01-31,wk flu hosp rate change,0,2026-01-31,27,pmf,increase,0.266
2026-01-31,wk flu hosp rate change,0,2026-01-31,27,pmf,large_decrease,0.056
2026-01-31,wk flu hosp rate change,0,2026-01-31,27,pmf,large_increase,0.134
2026-01-31,wk flu hosp rate change,0,2026-01-31,27,pmf,stable,0.128
2026-01-31,wk flu hosp rate change,0,2026-01-31,28,pmf,decrease,0.227
2026-01-31,wk flu hosp rate change,0,2026-01-31,28,pmf,increase,0.389
2026-01-31,wk flu hosp rate change,0,2026-01-31,28,pmf,large_decrease,0.053
2026-01-31,wk flu hosp rate change,0,2026-01-31,28,pmf,large_increase,0.076
2026-01-31,wk flu hosp rate change,0,2026-01-31,28,pmf,stable,0.255
2026-01-31,wk flu hosp rate change,0,2026-01-31,30,pmf,decrease,0.061
2026-01-31,wk flu hosp rate change,0,2026-01-31,30,pmf,increase,0.023
2026-01-31,wk flu hosp rate change,0,2026-01-31,30,pmf,large_decrease,0.376
2026-01-31,wk flu hosp rate change,0,2026-01-31,30,pmf,large_increase,0.454
2026-01-31,wk flu hosp rate change,0,2026-01-31,30,pmf,stable,0.0860000000000001
2026-01-31,wk flu hosp rate change,0,2026-01-31,31,pmf,decrease,0.037
2026-01-31,wk flu hosp rate change,0,2026-01-31,31,pmf,increase,0.127
2026-01-31,wk flu hosp rate change,0,2026-01-31,31,pmf,large_decrease,0.287
2026-01-31,wk flu hosp rate change,0,2026-01-31,31,pmf,large_increase,0.469
2026-01-31,wk flu hosp rate change,0,2026-01-31,31,pmf,stable,0.08000000000000011
2026-01-31,wk flu hosp rate change,0,2026-01-31,32,pmf,decrease,0.414
2026-01-31,wk flu hosp rate change,0,2026-01-31,32,pmf,increase,0.142
2026-01-31,wk flu hosp rate change,0,2026-01-31,32,pmf,large_decrease,0.001
2026-01-31,wk flu hosp rate change,0,2026-01-31,32,pmf,large_increase,0.001
2026-01-31,wk flu hosp rate change,0,2026-01-31,32,pmf,stable,0.442
2026-01-31,wk flu hosp rate change,0,2026-01-31,33,pmf,decrease,0.184
2026-01-31,wk flu hosp rate change,0,2026-01-31,33,pmf,increase,0.162
2026-01-31,wk flu hosp rate change,0,2026-01-31,33,pmf,large_decrease,0.009
2026-01-31,wk flu hosp rate change,0,2026-01-31,33,pmf,large_increase,0.269
2026-01-31,wk flu hosp rate change,0,2026-01-31,33,pmf,stable,0.376
2026-01-31,wk flu hosp rate change,0,2026-01-31,34,pmf,decrease,0.303
2026-01-31,wk flu hosp rate change,0,2026-01-31,34,pmf,increase,0.311
2026-01-31,wk flu hosp rate change,0,2026-01-31,34,pmf,large_decrease,0.003
2026-01-31,wk flu hosp rate change,0,2026-01-31,34,pmf,large_increase,0.01
2026-01-31,wk flu hosp rate change,0,2026-01-31,34,pmf,stable,0.373
2026-01-31,wk flu hosp rate change,0,2026-01-31,35,pmf,decrease,0.466
2026-01-31,wk flu hosp rate change,0,2026-01-31,35,pmf,increase,0.259
2026-01-31,wk flu hosp rate change,0,2026-01-31,35,pmf,large_decrease,0.002
2026-01-31,wk flu hosp rate change,0,2026-01-31,35,pmf,large_increase,0.002
2026-01-31,wk flu hosp rate change,0,2026-01-31,35,pmf,stable,0.271
2026-01-31,wk flu hosp rate change,0,2026-01-31,36,pmf,decrease,0.856
2026-01-31,wk flu hosp rate change,0,2026-01-31,36,pmf,increase,0.005
2026-01-31,wk flu hosp rate change,0,2026-01-31,36,pmf,large_decrease,0.002
2026-01-31,wk flu hosp rate change,0,2026-01-31,36,pmf,large_increase,0.002
2026-01-31,wk flu hosp rate change,0,2026-01-31,36,pmf,stable,0.135
2026-01-31,wk flu hosp rate change,0,2026-01-31,37,pmf,decrease,0.341
2026-01-31,wk flu hosp rate change,0,2026-01-31,37,pmf,increase,0.23
2026-01-31,wk flu hosp rate change,0,2026-01-31,37,pmf,large_decrease,0.019
2026-01-31,wk flu hosp rate change,0,2026-01-31,37,pmf,large_increase,0.129
2026-01-31,wk flu hosp rate change,0,2026-01-31,37,pmf,stable,0.281
2026-01-31,wk flu hosp rate change,0,2026-01-31,38,pmf,decrease,0.237
2026-01-31,wk flu hosp rate change,0,2026-01-31,38,pmf,increase,0.133
2026-01-31,wk flu hosp rate change,0,2026-01-31,38,pmf,large_decrease,0.01
2026-01-31,wk flu hosp rate change,0,2026-01-31,38,pmf,large_increase,0.032
2026-01-31,wk flu hosp rate change,0,2026-01-31,38,pmf,stable,0.588
2026-01-31,wk flu hosp rate change,0,2026-01-31,39,pmf,decrease,0.203
2026-01-31,wk flu hosp rate change,0,2026-01-31,39,pmf,increase,0.352
2026-01-31,wk flu hosp rate change,0,2026-01-31,39,pmf,large_decrease,0.009
2026-01-31,wk flu hosp rate change,0,2026-01-31,39,pmf,large_increase,0.039
2026-01-31,wk flu hosp rate change,0,2026-01-31,39,pmf,stable,0.397
2026-01-31,wk flu hosp rate change,0,2026-01-31,40,pmf,decrease,0.46
2026-01-31,wk flu hosp rate change,0,2026-01-31,40,pmf,increase,0.305
2026-01-31,wk flu hosp rate change,0,2026-01-31,40,pmf,large_decrease,0.052
2026-01-31,wk flu hosp rate change,0,2026-01-31,40,pmf,large_increase,0.063
2026-01-31,wk flu hosp rate change,0,2026-01-31,40,pmf,stable,0.12
2026-01-31,wk flu hosp rate change,0,2026-01-31,41,pmf,decrease,0.358
2026-01-31,wk flu hosp rate change,0,2026-01-31,41,pmf,increase,0.264
2026-01-31,wk flu hosp rate change,0,2026-01-31,41,pmf,large_decrease,0.007
2026-01-31,wk flu hosp rate change,0,2026-01-31,41,pmf,large_increase,0.001
2026-01-31,wk flu hosp rate change,0,2026-01-31,41,pmf,stable,0.37
2026-01-31,wk flu hosp rate change,0,2026-01-31,42,pmf,decrease,0.287
2026-01-31,wk flu hosp rate change,0,2026-01-31,42,pmf,increase,0.338
2026-01-31,wk flu hosp rate change,0,2026-01-31,42,pmf,large_decrease,0.015
2026-01-31,wk flu hosp rate change,0,2026-01-31,42,pmf,large_increase,0.069
2026-01-31,wk flu hosp rate change,0,2026-01-31,42,pmf,stable,0.29099999999999987
2026-01-31,wk flu hosp rate change,0,2026-01-31,44,pmf,decrease,0.5714285714285714
2026-01-31,wk flu hosp rate change,0,2026-01-31,44,pmf,increase,0.0019980019980019984
2026-01-31,wk flu hosp rate change,0,2026-01-31,44,pmf,large_decrease,0.0019980019980019984
2026-01-31,wk flu hosp rate change,0,2026-01-31,44,pmf,large_increase,0.0019980019980019984
2026-01-31,wk flu hosp rate change,0,2026-01-31,44,pmf,stable,0.4225774225774226
2026-01-31,wk flu hosp rate change,0,2026-01-31,45,pmf,decrease,0.423
2026-01-31,wk flu hosp rate change,0,2026-01-31,45,pmf,increase,0.319
2026-01-31,wk flu hosp rate change,0,2026-01-31,45,pmf,large_decrease,0.026
2026-01-31,wk flu hosp rate change,0,2026-01-31,45,pmf,large_increase,0.021
2026-01-31,wk flu hosp rate change,0,2026-01-31,45,pmf,stable,0.211
2026-01-31,wk flu hosp rate change,0,2026-01-31,46,pmf,decrease,0.101
2026-01-31,wk flu hosp rate change,0,2026-01-31,46,pmf,increase,0.304
2026-01-31,wk flu hosp rate change,0,2026-01-31,46,pmf,large_decrease,0.01
2026-01-31,wk flu hosp rate change,0,2026-01-31,46,pmf,large_increase,0.005
2026-01-31,wk flu hosp rate change,0,2026-01-31,46,pmf,stable,0.58
2026-01-31,wk flu hosp rate change,0,2026-01-31,47,pmf,decrease,0.199
2026-01-31,wk flu hosp rate change,0,2026-01-31,47,pmf,increase,0.451
2026-01-31,wk flu hosp rate change,0,2026-01-31,47,pmf,large_decrease,0.001
2026-01-31,wk flu hosp rate change,0,2026-01-31,47,pmf,large_increase,0.032
2026-01-31,wk flu hosp rate change,0,2026-01-31,47,pmf,stable,0.317
2026-01-31,wk flu hosp rate change,0,2026-01-31,48,pmf,decrease,0.308
2026-01-31,wk flu hosp rate change,0,2026-01-31,48,pmf,increase,0.308
2026-01-31,wk flu hosp rate change,0,2026-01-31,48,pmf,large_decrease,0.076
2026-01-31,wk flu hosp rate change,0,2026-01-31,48,pmf,large_increase,0.076
2026-01-31,wk flu hosp rate change,0,2026-01-31,48,pmf,stable,0.23200000000000012
2026-01-31,wk flu hosp rate change,0,2026-01-31,49,pmf,decrease,0.346
2026-01-31,wk flu hosp rate change,0,2026-01-31,49,pmf,increase,0.298
2026-01-31,wk flu hosp rate change,0,2026-01-31,49,pmf,large_decrease,0.001
2026-01-31,wk flu hosp rate change,0,2026-01-31,49,pmf,large_increase,0.014
2026-01-31,wk flu hosp rate change,0,2026-01-31,49,pmf,stable,0.341
2026-01-31,wk flu hosp rate change,0,2026-01-31,50,pmf,decrease,0.225
2026-01-31,wk flu hosp rate change,0,2026-01-31,50,pmf,increase,0.197
2026-01-31,wk flu hosp rate change,0,2026-01-31,50,pmf,large_decrease,0.012
2026-01-31,wk flu hosp rate change,0,2026-01-31,50,pmf,large_increase,0.007
2026-01-31,wk flu hosp rate change,0,2026-01-31,50,pmf,stable,0.5589999999999999
2026-01-31,wk flu hosp rate change,0,2026-01-31,51,pmf,decrease,0.398
2026-01-31,wk flu hosp rate change,0,2026-01-31,51,pmf,increase,0.225
2026-01-31,wk flu hosp rate change,0,2026-01-31,51,pmf,large_decrease,0.039
2026-01-31,wk flu hosp rate change,0,2026-01-31,51,pmf,large_increase,0.079
2026-01-31,wk flu hosp rate change,0,2026-01-31,51,pmf,stable,0.259
2026-01-31,wk flu hosp rate change,0,2026-01-31,53,pmf,decrease,0.015
2026-01-31,wk flu hosp rate change,0,2026-01-31,53,pmf,increase,0.01
2026-01-31,wk flu hosp rate change,0,2026-01-31,53,pmf,large_decrease,0.433
2026-01-31,wk flu hosp rate change,0,2026-01-31,53,pmf,large_increase,0.539
2026-01-31,wk flu hosp rate change,0,2026-01-31,53,pmf,stable,0.003
2026-01-31,wk flu hosp rate change,0,2026-01-31,54,pmf,decrease,0.33466533466533466
2026-01-31,wk flu hosp rate change,0,2026-01-31,54,pmf,increase,0.16283716283716282
2026-01-31,wk flu hosp rate change,0,2026-01-31,54,pmf,large_decrease,0.11488511488511488
2026-01-31,wk flu hosp rate change,0,2026-01-31,54,pmf,large_increase,0.045954045954045945
2026-01-31,wk flu hosp rate change,0,2026-01-31,54,pmf,stable,0.34165834165834164
2026-01-31,wk flu hosp rate change,0,2026-01-31,55,pmf,decrease,0.397
2026-01-31,wk flu hosp rate change,0,2026-01-31,55,pmf,increase,0.234
2026-01-31,wk flu hosp rate change,0,2026-01-31,55,pmf,large_decrease,0.06
2026-01-31,wk flu hosp rate change,0,2026-01-31,55,pmf,large_increase,0.07
2026-01-31,wk flu hosp rate change,0,2026-01-31,55,pmf,stable,0.239
2026-01-31,wk flu hosp rate change,0,2026-01-31,56,pmf,decrease,0.199
2026-01-31,wk flu hosp rate change,0,2026-01-31,56,pmf,increase,0.085
2026-01-31,wk flu hosp rate change,0,2026-01-31,56,pmf,large_decrease,0.082
2026-01-31,wk flu hosp rate change,0,2026-01-31,56,pmf,large_increase,0.097
2026-01-31,wk flu hosp rate change,0,2026-01-31,56,pmf,stable,0.537
2026-01-31,wk flu hosp rate change,0,2026-01-31,US,pmf,decrease,0.3096903096903097
2026-01-31,wk flu hosp rate change,0,2026-01-31,US,pmf,increase,0.33366633366633375
2026-01-31,wk flu hosp rate change,0,2026-01-31,US,pmf,large_decrease,0.0019980019980019984
2026-01-31,wk flu hosp rate change,0,2026-01-31,US,pmf,large_increase,0.0019980019980019984
2026-01-31,wk flu hosp rate change,0,2026-01-31,US,pmf,stable,0.35264735264735264
2026-01-31,wk flu hosp rate change,1,2026-02-07,01,pmf,decrease,0.515
2026-01-31,wk flu hosp rate change,1,2026-02-07,01,pmf,increase,0.08
2026-01-31,wk flu hosp rate change,1,2026-02-07,01,pmf,large_decrease,0.311
2026-01-31,wk flu hosp rate change,1,2026-02-07,01,pmf,large_increase,0.007
2026-01-31,wk flu hosp rate change,1,2026-02-07,01,pmf,stable,0.0870000000000001
2026-01-31,wk flu hosp rate change,1,2026-02-07,02,pmf,decrease,0.162
2026-01-31,wk flu hosp rate change,1,2026-02-07,02,pmf,increase,0.301
2026-01-31,wk flu hosp rate change,1,2026-02-07,02,pmf,large_decrease,0.025
2026-01-31,wk flu hosp rate change,1,2026-02-07,02,pmf,large_increase,0.002
2026-01-31,wk flu hosp rate change,1,2026-02-07,02,pmf,stable,0.51
2026-01-31,wk flu hosp rate change,1,2026-02-07,04,pmf,decrease,0.512
2026-01-31,wk flu hosp rate change,1,2026-02-07,04,pmf,increase,0.185
2026-01-31,wk flu hosp rate change,1,2026-02-07,04,pmf,large_decrease,0.002
2026-01-31,wk flu hosp rate change,1,2026-02-07,04,pmf,large_increase,0.053
2026-01-31,wk flu hosp rate change,1,2026-02-07,04,pmf,stable,0.248
2026-01-31,wk flu hosp rate change,1,2026-02-07,05,pmf,decrease,0.027972027972027975
2026-01-31,wk flu hosp rate change,1,2026-02-07,05,pmf,increase,0.018981018981018984
2026-01-31,wk flu hosp rate change,1,2026-02-07,05,pmf,large_decrease,0.7042957042957043
2026-01-31,wk flu hosp rate change,1,2026-02-07,05,pmf,large_increase,0.24275724275724278
2026-01-31,wk flu hosp rate change,1,2026-02-07,05,pmf,stable,0.005994005994005995
2026-01-31,wk flu hosp rate change,1,2026-02-07,06,pmf,decrease,0.185
2026-01-31,wk flu hosp rate change,1,2026-02-07,06,pmf,increase,0.333
2026-01-31,wk flu hosp rate change,1,2026-02-07,06,pmf,large_decrease,0.001
2026-01-31,wk flu hosp rate change,1,2026-02-07,06,pmf,large_increase,0.001
2026-01-31,wk flu hosp rate change,1,2026-02-07,06,pmf,stable,0.48
2026-01-31,wk flu hosp rate change,1,2026-02-07,08,pmf,decrease,0.22
2026-01-31,wk flu hosp rate change,1,2026-02-07,08,pmf,increase,0.206
2026-01-31,wk flu hosp rate change,1,2026-02-07,08,pmf,large_decrease,0.001
2026-01-31,wk flu hosp rate change,1,2026-02-07,08,pmf,large_increase,0.001
2026-01-31,wk flu hosp rate change,1,2026-02-07,08,pmf,stable,0.572
2026-01-31,wk flu hosp rate change,1,2026-02-07,09,pmf,decrease,0.9920079920079921
2026-01-31,wk flu hosp rate change,1,2026-02-07,09,pmf,increase,0.0019980019980019984
2026-01-31,wk flu hosp rate change,1,2026-02-07,09,pmf,large_decrease,0.0019980019980019984
2026-01-31,wk flu hosp rate change,1,2026-02-07,09,pmf,large_increase,0.0019980019980019984
2026-01-31,wk flu hosp rate change,1,2026-02-07,09,pmf,stable,0.0019980019980019984
2026-01-31,wk flu hosp rate change,1,2026-02-07,10,pmf,decrease,0.3476523476523476
2026-01-31,wk flu hosp rate change,1,2026-02-07,10,pmf,increase,0.17982017982017978
2026-01-31,wk flu hosp rate change,1,2026-02-07,10,pmf,large_decrease,0.015984015984015984
2026-01-31,wk flu hosp rate change,1,2026-02-07,10,pmf,large_increase,0.04195804195804195
2026-01-31,wk flu hosp rate change,1,2026-02-07,10,pmf,stable,0.41458541458541454
2026-01-31,wk flu hosp rate change,1,2026-02-07,11,pmf,decrease,0.323
2026-01-31,wk flu hosp rate change,1,2026-02-07,11,pmf,increase,0.149
2026-01-31,wk flu hosp rate change,1,2026-02-07,11,pmf,large_decrease,0.002
2026-01-31,wk flu hosp rate change,1,2026-02-07,11,pmf,large_increase,0.055
2026-01-31,wk flu hosp rate change,1,2026-02-07,11,pmf,stable,0.471
2026-01-31,wk flu hosp rate change,1,2026-02-07,12,pmf,decrease,0.479
2026-01-31,wk flu hosp rate change,1,2026-02-07,12,pmf,increase,0.218
2026-01-31,wk flu hosp rate change,1,2026-02-07,12,pmf,large_decrease,0.001
2026-01-31,wk flu hosp rate change,1,2026-02-07,12,pmf,large_increase,0.001
2026-01-31,wk flu hosp rate change,1,2026-02-07,12,pmf,stable,0.3010000000000001
2026-01-31,wk flu hosp rate change,1,2026-02-07,13,pmf,decrease,0.512
2026-01-31,wk flu hosp rate change,1,2026-02-07,13,pmf,increase,0.078
2026-01-31,wk flu hosp rate change,1,2026-02-07,13,pmf,large_decrease,0.001
2026-01-31,wk flu hosp rate change,1,2026-02-07,13,pmf,large_increase,0.001
2026-01-31,wk flu hosp rate change,1,2026-02-07,13,pmf,stable,0.4080000000000001
2026-01-31,wk flu hosp rate change,1,2026-02-07,15,pmf,decrease,0.563
2026-01-31,wk flu hosp rate change,1,2026-02-07,15,pmf,increase,0.207
2026-01-31,wk flu hosp rate change,1,2026-02-07,15,pmf,large_decrease,0.001
2026-01-31,wk flu hosp rate change,1,2026-02-07,15,pmf,large_increase,0.017
2026-01-31,wk flu hosp rate change,1,2026-02-07,15,pmf,stable,0.2120000000000001
2026-01-31,wk flu hosp rate change,1,2026-02-07,16,pmf,decrease,0.6113886113886114
2026-01-31,wk flu hosp rate change,1,2026-02-07,16,pmf,increase,0.2247752247752248
2026-01-31,wk flu hosp rate change,1,2026-02-07,16,pmf,large_decrease,0.0019980019980019984
2026-01-31,wk flu hosp rate change,1,2026-02-07,16,pmf,large_increase,0.0019980019980019984
2026-01-31,wk flu hosp rate change,1,2026-02-07,16,pmf,stable,0.15984015984015987
2026-01-31,wk flu hosp rate change,1,2026-02-07,17,pmf,decrease,0.519
2026-01-31,wk flu hosp rate change,1,2026-02-07,17,pmf,increase,0.274
2026-01-31,wk flu hosp rate change,1,2026-02-07,17,pmf,large_decrease,0.054
2026-01-31,wk flu hosp rate change,1,2026-02-07,17,pmf,large_increase,0.071
2026-01-31,wk flu hosp rate change,1,2026-02-07,17,pmf,stable,0.082
2026-01-31,wk flu hosp rate change,1,2026-02-07,18,pmf,decrease,0.5624375624375623
2026-01-31,wk flu hosp rate change,1,2026-02-07,18,pmf,increase,0.2727272727272727
2026-01-31,wk flu hosp rate change,1,2026-02-07,18,pmf,large_decrease,0.021978021978021973
2026-01-31,wk flu hosp rate change,1,2026-02-07,18,pmf,large_increase,0.030969030969030965
2026-01-31,wk flu hosp rate change,1,2026-02-07,18,pmf,stable,0.11188811188811187
2026-01-31,wk flu hosp rate change,1,2026-02-07,19,pmf,decrease,0.21
2026-01-31,wk flu hosp rate change,1,2026-02-07,19,pmf,increase,0.474
2026-01-31,wk flu hosp rate change,1,2026-02-07,19,pmf,large_decrease,0.109
2026-01-31,wk flu hosp rate change,1,2026-02-07,19,pmf,large_increase,0.003
2026-01-31,wk flu hosp rate change,1,2026-02-07,19,pmf,stable,0.2040000000000001
2026-01-31,wk flu hosp rate change,1,2026-02-07,20,pmf,decrease,0.24
2026-01-31,wk flu hosp rate change,1,2026-02-07,20,pmf,increase,0.484
2026-01-31,wk flu hosp rate change,1,2026-02-07,20,pmf,large_decrease,0.023
2026-01-31,wk flu hosp rate change,1,2026-02-07,20,pmf,large_increase,0.052
2026-01-31,wk flu hosp rate change,1,2026-02-07,20,pmf,stable,0.201
2026-01-31,wk flu hosp rate change,1,2026-02-07,21,pmf,decrease,0.403
2026-01-31,wk flu hosp rate change,1,2026-02-07,21,pmf,increase,0.147
2026-01-31,wk flu hosp rate change,1,2026-02-07,21,pmf,large_decrease,0.218
2026-01-31,wk flu hosp rate change,1,2026-02-07,21,pmf,large_increase,0.105
2026-01-31,wk flu hosp rate change,1,2026-02-07,21,pmf,stable,0.127
2026-01-31,wk flu hosp rate change,1,2026-02-07,22,pmf,decrease,0.48
2026-01-31,wk flu hosp rate change,1,2026-02-07,22,pmf,increase,0.25
2026-01-31,wk flu hosp rate change,1,2026-02-07,22,pmf,large_decrease,0.001
2026-01-31,wk flu hosp rate change,1,2026-02-07,22,pmf,large_increase,0.055
2026-01-31,wk flu hosp rate change,1,2026-02-07,22,pmf,stable,0.214
2026-01-31,wk flu hosp rate change,1,2026-02-07,23,pmf,decrease,0.124
2026-01-31,wk flu hosp rate change,1,2026-02-07,23,pmf,increase,0.499
2026-01-31,wk flu hosp rate change,1,2026-02-07,23,pmf,large_decrease,0.003
2026-01-31,wk flu hosp rate change,1,2026-02-07,23,pmf,large_increase,0.02
2026-01-31,wk flu hosp rate change,1,2026-02-07,23,pmf,stable,0.354
2026-01-31,wk flu hosp rate change,1,2026-02-07,24,pmf,decrease,0.425
2026-01-31,wk flu hosp rate change,1,2026-02-07,24,pmf,increase,0.359
2026-01-31,wk flu hosp rate change,1,2026-02-07,24,pmf,large_decrease,0.001
2026-01-31,wk flu hosp rate change,1,2026-02-07,24,pmf,large_increase,0.006
2026-01-31,wk flu hosp rate change,1,2026-02-07,24,pmf,stable,0.209
2026-01-31,wk flu hosp rate change,1,2026-02-07,25,pmf,decrease,0.46
2026-01-31,wk flu hosp rate change,1,2026-02-07,25,pmf,increase,0.219
2026-01-31,wk flu hosp rate change,1,2026-02-07,25,pmf,large_decrease,0.002
2026-01-31,wk flu hosp rate change,1,2026-02-07,25,pmf,large_increase,0.002
2026-01-31,wk flu hosp rate change,1,2026-02-07,25,pmf,stable,0.317
2026-01-31,wk flu hosp rate change,1,2026-02-07,26,pmf,decrease,0.271
2026-01-31,wk flu hosp rate change,1,2026-02-07,26,pmf,increase,0.237
2026-01-31,wk flu hosp rate change,1,2026-02-07,26,pmf,large_decrease,0.001
2026-01-31,wk flu hosp rate change,1,2026-02-07,26,pmf,large_increase,0.001
2026-01-31,wk flu hosp rate change,1,2026-02-07,26,pmf,stable,0.49
2026-01-31,wk flu hosp rate change,1,2026-02-07,27,pmf,decrease,0.381
2026-01-31,wk flu hosp rate change,1,2026-02-07,27,pmf,increase,0.345
2026-01-31,wk flu hosp rate change,1,2026-02-07,27,pmf,large_decrease,0.014
2026-01-31,wk flu hosp rate change,1,2026-02-07,27,pmf,large_increase,0.131
2026-01-31,wk flu hosp rate change,1,2026-02-07,27,pmf,stable,0.129
2026-01-31,wk flu hosp rate change,1,2026-02-07,28,pmf,decrease,0.3576423576423576
2026-01-31,wk flu hosp rate change,1,2026-02-07,28,pmf,increase,0.34265734265734266
2026-01-31,wk flu hosp rate change,1,2026-02-07,28,pmf,large_decrease,0.03596403596403596
2026-01-31,wk flu hosp rate change,1,2026-02-07,28,pmf,large_increase,0.022977022977022973
2026-01-31,wk flu hosp rate change,1,2026-02-07,28,pmf,stable,0.2407592407592407
2026-01-31,wk flu hosp rate change,1,2026-02-07,30,pmf,decrease,0.09290709290709291
2026-01-31,wk flu hosp rate change,1,2026-02-07,30,pmf,increase,0.015984015984015987
2026-01-31,wk flu hosp rate change,1,2026-02-07,30,pmf,large_decrease,0.35864135864135865
2026-01-31,wk flu hosp rate change,1,2026-02-07,30,pmf,large_increase,0.5164835164835165
2026-01-31,wk flu hosp rate change,1,2026-02-07,30,pmf,stable,0.015984015984015987
2026-01-31,wk flu hosp rate change,1,2026-02-07,31,pmf,decrease,0.04
2026-01-31,wk flu hosp rate change,1,2026-02-07,31,pmf,increase,0.166
2026-01-31,wk flu hosp rate change,1,2026-02-07,31,pmf,large_decrease,0.24
2026-01-31,wk flu hosp rate change,1,2026-02-07,31,pmf,large_increase,0.504
2026-01-31,wk flu hosp rate change,1,2026-02-07,31,pmf,stable,0.05
2026-01-31,wk flu hosp rate change,1,2026-02-07,32,pmf,decrease,0.467
2026-01-31,wk flu hosp rate change,1,2026-02-07,32,pmf,increase,0.066
2026-01-31,wk flu hosp rate change,1,2026-02-07,32,pmf,large_decrease,0.001
2026-01-31,wk flu hosp rate change,1,2026-02-07,32,pmf,large_increase,0.001
2026-01-31,wk flu hosp rate change,1,2026-02-07,32,pmf,stable,0.4649999999999999
2026-01-31,wk flu hosp rate change,1,2026-02-07,33,pmf,decrease,0.2377622377622378
2026-01-31,wk flu hosp rate change,1,2026-02-07,33,pmf,increase,0.18981018981018982
2026-01-31,wk flu hosp rate change,1,2026-02-07,33,pmf,large_decrease,0.003996003996003997
2026-01-31,wk flu hosp rate change,1,2026-02-07,33,pmf,large_increase,0.23976023976023977
2026-01-31,wk flu hosp rate change,1,2026-02-07,33,pmf,stable,0.3286713286713287
2026-01-31,wk flu hosp rate change,1,2026-02-07,34,pmf,decrease,0.373
2026-01-31,wk flu hosp rate change,1,2026-02-07,34,pmf,increase,0.18
2026-01-31,wk flu hosp rate change,1,2026-02-07,34,pmf,large_decrease,0.001
2026-01-31,wk flu hosp rate change,1,2026-02-07,34,pmf,large_increase,0.001
2026-01-31,wk flu hosp rate change,1,2026-02-07,34,pmf,stable,0.4450000000000001
2026-01-31,wk flu hosp rate change,1,2026-02-07,35,pmf,decrease,0.652
2026-01-31,wk flu hosp rate change,1,2026-02-07,35,pmf,increase,0.137
2026-01-31,wk flu hosp rate change,1,2026-02-07,35,pmf,large_decrease,0.002
2026-01-31,wk flu hosp rate change,1,2026-02-07,35,pmf,large_increase,0.002
2026-01-31,wk flu hosp rate change,1,2026-02-07,35,pmf,stable,0.207
2026-01-31,wk flu hosp rate change,1,2026-02-07,36,pmf,decrease,0.907
2026-01-31,wk flu hosp rate change,1,2026-02-07,36,pmf,increase,0.003
2026-01-31,wk flu hosp rate change,1,2026-02-07,36,pmf,large_decrease,0.002
2026-01-31,wk flu hosp rate change,1,2026-02-07,36,pmf,large_increase,0.002
2026-01-31,wk flu hosp rate change,1,2026-02-07,36,pmf,stable,0.086
2026-01-31,wk flu hosp rate change,1,2026-02-07,37,pmf,decrease,0.4085914085914085
2026-01-31,wk flu hosp rate change,1,2026-02-07,37,pmf,increase,0.26573426573426573
2026-01-31,wk flu hosp rate change,1,2026-02-07,37,pmf,large_decrease,0.013986013986013984
2026-01-31,wk flu hosp rate change,1,2026-02-07,37,pmf,large_increase,0.023976023976023973
2026-01-31,wk flu hosp rate change,1,2026-02-07,37,pmf,stable,0.2877122877122877
2026-01-31,wk flu hosp rate change,1,2026-02-07,38,pmf,decrease,0.409
2026-01-31,wk flu hosp rate change,1,2026-02-07,38,pmf,increase,0.187
2026-01-31,wk flu hosp rate change,1,2026-02-07,38,pmf,large_decrease,0.005
2026-01-31,wk flu hosp rate change,1,2026-02-07,38,pmf,large_increase,0.003
2026-01-31,wk flu hosp rate change,1,2026-02-07,38,pmf,stable,0.396
2026-01-31,wk flu hosp rate change,1,2026-02-07,39,pmf,decrease,0.226
2026-01-31,wk flu hosp rate change,1,2026-02-07,39,pmf,increase,0.335
2026-01-31,wk flu hosp rate change,1,2026-02-07,39,pmf,large_decrease,0.006
2026-01-31,wk flu hosp rate change,1,2026-02-07,39,pmf,large_increase,0.011
2026-01-31,wk flu hosp rate change,1,2026-02-07,39,pmf,stable,0.422
2026-01-31,wk flu hosp rate change,1,2026-02-07,40,pmf,decrease,0.742
2026-01-31,wk flu hosp rate change,1,2026-02-07,40,pmf,increase,0.099
2026-01-31,wk flu hosp rate change,1,2026-02-07,40,pmf,large_decrease,0.02
2026-01-31,wk flu hosp rate change,1,2026-02-07,40,pmf,large_increase,0.002
2026-01-31,wk flu hosp rate change,1,2026-02-07,40,pmf,stable,0.137
2026-01-31,wk flu hosp rate change,1,2026-02-07,41,pmf,decrease,0.378
2026-01-31,wk flu hosp rate change,1,2026-02-07,41,pmf,increase,0.213
2026-01-31,wk flu hosp rate change,1,2026-02-07,41,pmf,large_decrease,0.001
2026-01-31,wk flu hosp rate change,1,2026-02-07,41,pmf,large_increase,0.001
2026-01-31,wk flu hosp rate change,1,2026-02-07,41,pmf,stable,0.407
2026-01-31,wk flu hosp rate change,1,2026-02-07,42,pmf,decrease,0.409
2026-01-31,wk flu hosp rate change,1,2026-02-07,42,pmf,increase,0.405
2026-01-31,wk flu hosp rate change,1,2026-02-07,42,pmf,large_decrease,0.001
2026-01-31,wk flu hosp rate change,1,2026-02-07,42,pmf,large_increase,0.027
2026-01-31,wk flu hosp rate change,1,2026-02-07,42,pmf,stable,0.158
2026-01-31,wk flu hosp rate change,1,2026-02-07,44,pmf,decrease,0.658
2026-01-31,wk flu hosp rate change,1,2026-02-07,44,pmf,increase,0.002
2026-01-31,wk flu hosp rate change,1,2026-02-07,44,pmf,large_decrease,0.002
2026-01-31,wk flu hosp rate change,1,2026-02-07,44,pmf,large_increase,0.002
2026-01-31,wk flu hosp rate change,1,2026-02-07,44,pmf,stable,0.336
2026-01-31,wk flu hosp rate change,1,2026-02-07,45,pmf,decrease,0.6553446553446552
2026-01-31,wk flu hosp rate change,1,2026-02-07,45,pmf,increase,0.12387612387612386
2026-01-31,wk flu hosp rate change,1,2026-02-07,45,pmf,large_decrease,0.003996003996003996
2026-01-31,wk flu hosp rate change,1,2026-02-07,45,pmf,large_increase,0.001998001998001998
2026-01-31,wk flu hosp rate change,1,2026-02-07,45,pmf,stable,0.21478521478521476
2026-01-31,wk flu hosp rate change,1,2026-02-07,46,pmf,decrease,0.17
2026-01-31,wk flu hosp rate change,1,2026-02-07,46,pmf,increase,0.268
2026-01-31,wk flu hosp rate change,1,2026-02-07,46,pmf,large_decrease,0.004
2026-01-31,wk flu hosp rate change,1,2026-02-07,46,pmf,large_increase,0.005
2026-01-31,wk flu hosp rate change,1,2026-02-07,46,pmf,stable,0.553
2026-01-31,wk flu hosp rate change,1,2026-02-07,47,pmf,decrease,0.236
2026-01-31,wk flu hosp rate change,1,2026-02-07,47,pmf,increase,0.38
2026-01-31,wk flu hosp rate change,1,2026-02-07,47,pmf,large_decrease,0.001
2026-01-31,wk flu hosp rate change,1,2026-02-07,47,pmf,large_increase,0.045
2026-01-31,wk flu hosp rate change,1,2026-02-07,47,pmf,stable,0.338
2026-01-31,wk flu hosp rate change,1,2026-02-07,48,pmf,decrease,0.32567432567432575
2026-01-31,wk flu hosp rate change,1,2026-02-07,48,pmf,increase,0.30669330669330674
2026-01-31,wk flu hosp rate change,1,2026-02-07,48,pmf,large_decrease,0.09490509490509491
2026-01-31,wk flu hosp rate change,1,2026-02-07,48,pmf,large_increase,0.014985014985014986
2026-01-31,wk flu hosp rate change,1,2026-02-07,48,pmf,stable,0.2577422577422578
2026-01-31,wk flu hosp rate change,1,2026-02-07,49,pmf,decrease,0.397
2026-01-31,wk flu hosp rate change,1,2026-02-07,49,pmf,increase,0.246
2026-01-31,wk flu hosp rate change,1,2026-02-07,49,pmf,large_decrease,0.001
2026-01-31,wk flu hosp rate change,1,2026-02-07,49,pmf,large_increase,0.006
2026-01-31,wk flu hosp rate change,1,2026-02-07,49,pmf,stable,0.35
2026-01-31,wk flu hosp rate change,1,2026-02-07,50,pmf,decrease,0.3316683316683317
2026-01-31,wk flu hosp rate change,1,2026-02-07,50,pmf,increase,0.14885114885114886
2026-01-31,wk flu hosp rate change,1,2026-02-07,50,pmf,large_decrease,0.01098901098901099
2026-01-31,wk flu hosp rate change,1,2026-02-07,50,pmf,large_increase,0.0009990009990009992
2026-01-31,wk flu hosp rate change,1,2026-02-07,50,pmf,stable,0.5074925074925075
2026-01-31,wk flu hosp rate change,1,2026-02-07,51,pmf,decrease,0.455
2026-01-31,wk flu hosp rate change,1,2026-02-07,51,pmf,increase,0.187
2026-01-31,wk flu hosp rate change,1,2026-02-07,51,pmf,large_decrease,0.057
2026-01-31,wk flu hosp rate change,1,2026-02-07,51,pmf,large_increase,0.102
2026-01-31,wk flu hosp rate change,1,2026-02-07,51,pmf,stable,0.199
2026-01-31,wk flu hosp rate change,1,2026-02-07,53,pmf,decrease,0.019
2026-01-31,wk flu hosp rate change,1,2026-02-07,53,pmf,increase,0.038
2026-01-31,wk flu hosp rate change,1,2026-02-07,53,pmf,large_decrease,0.385
2026-01-31,wk flu hosp rate change,1,2026-02-07,53,pmf,large_increase,0.548
2026-01-31,wk flu hosp rate change,1,2026-02-07,53,pmf,stable,0.01
2026-01-31,wk flu hosp rate change,1,2026-02-07,54,pmf,decrease,0.444
2026-01-31,wk flu hosp rate change,1,2026-02-07,54,pmf,increase,0.19
2026-01-31,wk flu hosp rate change,1,2026-02-07,54,pmf,large_decrease,0.065
2026-01-31,wk flu hosp rate change,1,2026-02-07,54,pmf,large_increase,0.023
2026-01-31,wk flu hosp rate change,1,2026-02-07,54,pmf,stable,0.278
2026-01-31,wk flu hosp rate change,1,2026-02-07,55,pmf,decrease,0.501
2026-01-31,wk flu hosp rate change,1,2026-02-07,55,pmf,increase,0.274
2026-01-31,wk flu hosp rate change,1,2026-02-07,55,pmf,large_decrease,0.034
2026-01-31,wk flu hosp rate change,1,2026-02-07,55,pmf,large_increase,0.025
2026-01-31,wk flu hosp rate change,1,2026-02-07,55,pmf,stable,0.166
2026-01-31,wk flu hosp rate change,1,2026-02-07,56,pmf,decrease,0.471
2026-01-31,wk flu hosp rate change,1,2026-02-07,56,pmf,increase,0.106
2026-01-31,wk flu hosp rate change,1,2026-02-07,56,pmf,large_decrease,0.001
2026-01-31,wk flu hosp rate change,1,2026-02-07,56,pmf,large_increase,0.03
2026-01-31,wk flu hosp rate change,1,2026-02-07,56,pmf,stable,0.392
2026-01-31,wk flu hosp rate change,1,2026-02-07,US,pmf,decrease,0.44355644355644364
2026-01-31,wk flu hosp rate change,1,2026-02-07,US,pmf,increase,0.16183816183816185
2026-01-31,wk flu hosp rate change,1,2026-02-07,US,pmf,large_decrease,0.0019980019980019984
2026-01-31,wk flu hosp rate change,1,2026-02-07,US,pmf,large_increase,0.0019980019980019984
2026-01-31,wk flu hosp rate change,1,2026-02-07,US,pmf,stable,0.39060939060939065
2026-01-31,wk flu hosp rate change,2,2026-02-14,01,pmf,decrease,0.692
2026-01-31,wk flu hosp rate change,2,2026-02-14,01,pmf,increase,0.076
2026-01-31,wk flu hosp rate change,2,2026-02-14,01,pmf,large_decrease,0.129
2026-01-31,wk flu hosp rate change,2,2026-02-14,01,pmf,large_increase,0.002
2026-01-31,wk flu hosp rate change,2,2026-02-14,01,pmf,stable,0.10100000000000012
2026-01-31,wk flu hosp rate change,2,2026-02-14,02,pmf,decrease,0.4095904095904096
2026-01-31,wk flu hosp rate change,2,2026-02-14,02,pmf,increase,0.2047952047952048
2026-01-31,wk flu hosp rate change,2,2026-02-14,02,pmf,large_decrease,0.0019980019980019984
2026-01-31,wk flu hosp rate change,2,2026-02-14,02,pmf,large_increase,0.0019980019980019984
2026-01-31,wk flu hosp rate change,2,2026-02-14,02,pmf,stable,0.3816183816183817
2026-01-31,wk flu hosp rate change,2,2026-02-14,04,pmf,decrease,0.367
2026-01-31,wk flu hosp rate change,2,2026-02-14,04,pmf,increase,0.293
2026-01-31,wk flu hosp rate change,2,2026-02-14,04,pmf,large_decrease,0.002
2026-01-31,wk flu hosp rate change,2,2026-02-14,04,pmf,large_increase,0.043
2026-01-31,wk flu hosp rate change,2,2026-02-14,04,pmf,stable,0.295
2026-01-31,wk flu hosp rate change,2,2026-02-14,05,pmf,decrease,0.065
2026-01-31,wk flu hosp rate change,2,2026-02-14,05,pmf,increase,0.019
2026-01-31,wk flu hosp rate change,2,2026-02-14,05,pmf,large_decrease,0.767
2026-01-31,wk flu hosp rate change,2,2026-02-14,05,pmf,large_increase,0.139
2026-01-31,wk flu hosp rate change,2,2026-02-14,05,pmf,stable,0.01
2026-01-31,wk flu hosp rate change,2,2026-02-14,06,pmf,decrease,0.18
2026-01-31,wk flu hosp rate change,2,2026-02-14,06,pmf,increase,0.314
2026-01-31,wk flu hosp rate change,2,2026-02-14,06,pmf,large_decrease,0.002
2026-01-31,wk flu hosp rate change,2,2026-02-14,06,pmf,large_increase,0.006
2026-01-31,wk flu hosp rate change,2,2026-02-14,06,pmf,stable,0.498
2026-01-31,wk flu hosp rate change,2,2026-02-14,08,pmf,decrease,0.232
2026-01-31,wk flu hosp rate change,2,2026-02-14,08,pmf,increase,0.152
2026-01-31,wk flu hosp rate change,2,2026-02-14,08,pmf,large_decrease,0.001
2026-01-31,wk flu hosp rate change,2,2026-02-14,08,pmf,large_increase,0.001
2026-01-31,wk flu hosp rate change,2,2026-02-14,08,pmf,stable,0.614
2026-01-31,wk flu hosp rate change,2,2026-02-14,09,pmf,decrease,0.9920079920079921
2026-01-31,wk flu hosp rate change,2,2026-02-14,09,pmf,increase,0.0019980019980019984
2026-01-31,wk flu hosp rate change,2,2026-02-14,09,pmf,large_decrease,0.0019980019980019984
2026-01-31,wk flu hosp rate change,2,2026-02-14,09,pmf,large_increase,0.0019980019980019984
2026-01-31,wk flu hosp rate change,2,2026-02-14,09,pmf,stable,0.0019980019980019984
2026-01-31,wk flu hosp rate change,2,2026-02-14,10,pmf,decrease,0.452
2026-01-31,wk flu hosp rate change,2,2026-02-14,10,pmf,increase,0.167
2026-01-31,wk flu hosp rate change,2,2026-02-14,10,pmf,large_decrease,0.026
2026-01-31,wk flu hosp rate change,2,2026-02-14,10,pmf,large_increase,0.008
2026-01-31,wk flu hosp rate change,2,2026-02-14,10,pmf,stable,0.347
2026-01-31,wk flu hosp rate change,2,2026-02-14,11,pmf,decrease,0.228
2026-01-31,wk flu hosp rate change,2,2026-02-14,11,pmf,increase,0.203
2026-01-31,wk flu hosp rate change,2,2026-02-14,11,pmf,large_decrease,0.002
2026-01-31,wk flu hosp rate change,2,2026-02-14,11,pmf,large_increase,0.034
2026-01-31,wk flu hosp rate change,2,2026-02-14,11,pmf,stable,0.5329999999999999
2026-01-31,wk flu hosp rate change,2,2026-02-14,12,pmf,decrease,0.53
2026-01-31,wk flu hosp rate change,2,2026-02-14,12,pmf,increase,0.108
2026-01-31,wk flu hosp rate change,2,2026-02-14,12,pmf,large_decrease,0.001
2026-01-31,wk flu hosp rate change,2,2026-02-14,12,pmf,large_increase,0.001
2026-01-31,wk flu hosp rate change,2,2026-02-14,12,pmf,stable,0.36
2026-01-31,wk flu hosp rate change,2,2026-02-14,13,pmf,decrease,0.627
2026-01-31,wk flu hosp rate change,2,2026-02-14,13,pmf,increase,0.022
2026-01-31,wk flu hosp rate change,2,2026-02-14,13,pmf,large_decrease,0.001
2026-01-31,wk flu hosp rate change,2,2026-02-14,13,pmf,large_increase,0.001
2026-01-31,wk flu hosp rate change,2,2026-02-14,13,pmf,stable,0.349
2026-01-31,wk flu hosp rate change,2,2026-02-14,15,pmf,decrease,0.596
2026-01-31,wk flu hosp rate change,2,2026-02-14,15,pmf,increase,0.189
2026-01-31,wk flu hosp rate change,2,2026-02-14,15,pmf,large_decrease,0.001
2026-01-31,wk flu hosp rate change,2,2026-02-14,15,pmf,large_increase,0.007
2026-01-31,wk flu hosp rate change,2,2026-02-14,15,pmf,stable,0.2070000000000001
2026-01-31,wk flu hosp rate change,2,2026-02-14,16,pmf,decrease,0.61
2026-01-31,wk flu hosp rate change,2,2026-02-14,16,pmf,increase,0.177
2026-01-31,wk flu hosp rate change,2,2026-02-14,16,pmf,large_decrease,0.002
2026-01-31,wk flu hosp rate change,2,2026-02-14,16,pmf,large_increase,0.003
2026-01-31,wk flu hosp rate change,2,2026-02-14,16,pmf,stable,0.2080000000000001
2026-01-31,wk flu hosp rate change,2,2026-02-14,17,pmf,decrease,0.568
2026-01-31,wk flu hosp rate change,2,2026-02-14,17,pmf,increase,0.303
2026-01-31,wk flu hosp rate change,2,2026-02-14,17,pmf,large_decrease,0.002
2026-01-31,wk flu hosp rate change,2,2026-02-14,17,pmf,large_increase,0.034
2026-01-31,wk flu hosp rate change,2,2026-02-14,17,pmf,stable,0.093
2026-01-31,wk flu hosp rate change,2,2026-02-14,18,pmf,decrease,0.694
2026-01-31,wk flu hosp rate change,2,2026-02-14,18,pmf,increase,0.19
2026-01-31,wk flu hosp rate change,2,2026-02-14,18,pmf,large_decrease,0.002
2026-01-31,wk flu hosp rate change,2,2026-02-14,18,pmf,large_increase,0.002
2026-01-31,wk flu hosp rate change,2,2026-02-14,18,pmf,stable,0.11200000000000011
2026-01-31,wk flu hosp rate change,2,2026-02-14,19,pmf,decrease,0.254
2026-01-31,wk flu hosp rate change,2,2026-02-14,19,pmf,increase,0.425
2026-01-31,wk flu hosp rate change,2,2026-02-14,19,pmf,large_decrease,0.067
2026-01-31,wk flu hosp rate change,2,2026-02-14,19,pmf,large_increase,0.002
2026-01-31,wk flu hosp rate change,2,2026-02-14,19,pmf,stable,0.252
2026-01-31,wk flu hosp rate change,2,2026-02-14,20,pmf,decrease,0.269
2026-01-31,wk flu hosp rate change,2,2026-02-14,20,pmf,increase,0.406
2026-01-31,wk flu hosp rate change,2,2026-02-14,20,pmf,large_decrease,0.048
2026-01-31,wk flu hosp rate change,2,2026-02-14,20,pmf,large_increase,0.002
2026-01-31,wk flu hosp rate change,2,2026-02-14,20,pmf,stable,0.275
2026-01-31,wk flu hosp rate change,2,2026-02-14,21,pmf,decrease,0.456
2026-01-31,wk flu hosp rate change,2,2026-02-14,21,pmf,increase,0.154
2026-01-31,wk flu hosp rate change,2,2026-02-14,21,pmf,large_decrease,0.181
2026-01-31,wk flu hosp rate change,2,2026-02-14,21,pmf,large_increase,0.049
2026-01-31,wk flu hosp rate change,2,2026-02-14,21,pmf,stable,0.16
2026-01-31,wk flu hosp rate change,2,2026-02-14,22,pmf,decrease,0.603
2026-01-31,wk flu hosp rate change,2,2026-02-14,22,pmf,increase,0.119
2026-01-31,wk flu hosp rate change,2,2026-02-14,22,pmf,large_decrease,0.001
2026-01-31,wk flu hosp rate change,2,2026-02-14,22,pmf,large_increase,0.026
2026-01-31,wk flu hosp rate change,2,2026-02-14,22,pmf,stable,0.251
2026-01-31,wk flu hosp rate change,2,2026-02-14,23,pmf,decrease,0.13872255489021956
2026-01-31,wk flu hosp rate change,2,2026-02-14,23,pmf,increase,0.5678642714570857
2026-01-31,wk flu hosp rate change,2,2026-02-14,23,pmf,large_decrease,0.001996007984031936
2026-01-31,wk flu hosp rate change,2,2026-02-14,23,pmf,large_increase,0.001996007984031936
2026-01-31,wk flu hosp rate change,2,2026-02-14,23,pmf,stable,0.2894211576846307
2026-01-31,wk flu hosp rate change,2,2026-02-14,24,pmf,decrease,0.447
2026-01-31,wk flu hosp rate change,2,2026-02-14,24,pmf,increase,0.299
2026-01-31,wk flu hosp rate change,2,2026-02-14,24,pmf,large_decrease,0.001
2026-01-31,wk flu hosp rate change,2,2026-02-14,24,pmf,large_increase,0.012
2026-01-31,wk flu hosp rate change,2,2026-02-14,24,pmf,stable,0.241
2026-01-31,wk flu hosp rate change,2,2026-02-14,25,pmf,decrease,0.537
2026-01-31,wk flu hosp rate change,2,2026-02-14,25,pmf,increase,0.081
2026-01-31,wk flu hosp rate change,2,2026-02-14,25,pmf,large_decrease,0.002
2026-01-31,wk flu hosp rate change,2,2026-02-14,25,pmf,large_increase,0.002
2026-01-31,wk flu hosp rate change,2,2026-02-14,25,pmf,stable,0.378
2026-01-31,wk flu hosp rate change,2,2026-02-14,26,pmf,decrease,0.301
2026-01-31,wk flu hosp rate change,2,2026-02-14,26,pmf,increase,0.132
2026-01-31,wk flu hosp rate change,2,2026-02-14,26,pmf,large_decrease,0.001
2026-01-31,wk flu hosp rate change,2,2026-02-14,26,pmf,large_increase,0.001
2026-01-31,wk flu hosp rate change,2,2026-02-14,26,pmf,stable,0.565
2026-01-31,wk flu hosp rate change,2,2026-02-14,27,pmf,decrease,0.2567432567432567
2026-01-31,wk flu hosp rate change,2,2026-02-14,27,pmf,increase,0.4015984015984016
2026-01-31,wk flu hosp rate change,2,2026-02-14,27,pmf,large_decrease,0.001998001998001998
2026-01-31,wk flu hosp rate change,2,2026-02-14,27,pmf,large_increase,0.1988011988011988
2026-01-31,wk flu hosp rate change,2,2026-02-14,27,pmf,stable,0.14085914085914084
2026-01-31,wk flu hosp rate change,2,2026-02-14,28,pmf,decrease,0.458
2026-01-31,wk flu hosp rate change,2,2026-02-14,28,pmf,increase,0.262
2026-01-31,wk flu hosp rate change,2,2026-02-14,28,pmf,large_decrease,0.002
2026-01-31,wk flu hosp rate change,2,2026-02-14,28,pmf,large_increase,0.012
2026-01-31,wk flu hosp rate change,2,2026-02-14,28,pmf,stable,0.266
2026-01-31,wk flu hosp rate change,2,2026-02-14,30,pmf,decrease,0.4945054945054946
2026-01-31,wk flu hosp rate change,2,2026-02-14,30,pmf,increase,0.029970029970029972
2026-01-31,wk flu hosp rate change,2,2026-02-14,30,pmf,large_decrease,0.0019980019980019984
2026-01-31,wk flu hosp rate change,2,2026-02-14,30,pmf,large_increase,0.4585414585414586
2026-01-31,wk flu hosp rate change,2,2026-02-14,30,pmf,stable,0.014985014985014986
2026-01-31,wk flu hosp rate change,2,2026-02-14,31,pmf,decrease,0.2587412587412587
2026-01-31,wk flu hosp rate change,2,2026-02-14,31,pmf,increase,0.1858141858141858
2026-01-31,wk flu hosp rate change,2,2026-02-14,31,pmf,large_decrease,0.0029970029970029966
2026-01-31,wk flu hosp rate change,2,2026-02-14,31,pmf,large_increase,0.49450549450549447
2026-01-31,wk flu hosp rate change,2,2026-02-14,31,pmf,stable,0.05794205794205794
2026-01-31,wk flu hosp rate change,2,2026-02-14,32,pmf,decrease,0.364
2026-01-31,wk flu hosp rate change,2,2026-02-14,32,pmf,increase,0.081
2026-01-31,wk flu hosp rate change,2,2026-02-14,32,pmf,large_decrease,0.001
2026-01-31,wk flu hosp rate change,2,2026-02-14,32,pmf,large_increase,0.001
2026-01-31,wk flu hosp rate change,2,2026-02-14,32,pmf,stable,0.553
2026-01-31,wk flu hosp rate change,2,2026-02-14,33,pmf,decrease,0.42
2026-01-31,wk flu hosp rate change,2,2026-02-14,33,pmf,increase,0.225
2026-01-31,wk flu hosp rate change,2,2026-02-14,33,pmf,large_decrease,0.027
2026-01-31,wk flu hosp rate change,2,2026-02-14,33,pmf,large_increase,0.009
2026-01-31,wk flu hosp rate change,2,2026-02-14,33,pmf,stable,0.319
2026-01-31,wk flu hosp rate change,2,2026-02-14,34,pmf,decrease,0.462
2026-01-31,wk flu hosp rate change,2,2026-02-14,34,pmf,increase,0.083
2026-01-31,wk flu hosp rate change,2,2026-02-14,34,pmf,large_decrease,0.001
2026-01-31,wk flu hosp rate change,2,2026-02-14,34,pmf,large_increase,0.001
2026-01-31,wk flu hosp rate change,2,2026-02-14,34,pmf,stable,0.4529999999999999
2026-01-31,wk flu hosp rate change,2,2026-02-14,35,pmf,decrease,0.705
2026-01-31,wk flu hosp rate change,2,2026-02-14,35,pmf,increase,0.067
2026-01-31,wk flu hosp rate change,2,2026-02-14,35,pmf,large_decrease,0.002
2026-01-31,wk flu hosp rate change,2,2026-02-14,35,pmf,large_increase,0.002
2026-01-31,wk flu hosp rate change,2,2026-02-14,35,pmf,stable,0.224
2026-01-31,wk flu hosp rate change,2,2026-02-14,36,pmf,decrease,0.891108891108891
2026-01-31,wk flu hosp rate change,2,2026-02-14,36,pmf,increase,0.001998001998001998
2026-01-31,wk flu hosp rate change,2,2026-02-14,36,pmf,large_decrease,0.001998001998001998
2026-01-31,wk flu hosp rate change,2,2026-02-14,36,pmf,large_increase,0.001998001998001998
2026-01-31,wk flu hosp rate change,2,2026-02-14,36,pmf,stable,0.10289710289710288
2026-01-31,wk flu hosp rate change,2,2026-02-14,37,pmf,decrease,0.509
2026-01-31,wk flu hosp rate change,2,2026-02-14,37,pmf,increase,0.149
2026-01-31,wk flu hosp rate change,2,2026-02-14,37,pmf,large_decrease,0.002
2026-01-31,wk flu hosp rate change,2,2026-02-14,37,pmf,large_increase,0.003
2026-01-31,wk flu hosp rate change,2,2026-02-14,37,pmf,stable,0.337
2026-01-31,wk flu hosp rate change,2,2026-02-14,38,pmf,decrease,0.5644355644355644
2026-01-31,wk flu hosp rate change,2,2026-02-14,38,pmf,increase,0.1358641358641359
2026-01-31,wk flu hosp rate change,2,2026-02-14,38,pmf,large_decrease,0.0019980019980019984
2026-01-31,wk flu hosp rate change,2,2026-02-14,38,pmf,large_increase,0.0019980019980019984
2026-01-31,wk flu hosp rate change,2,2026-02-14,38,pmf,stable,0.29570429570429574
2026-01-31,wk flu hosp rate change,2,2026-02-14,39,pmf,decrease,0.229
2026-01-31,wk flu hosp rate change,2,2026-02-14,39,pmf,increase,0.264
2026-01-31,wk flu hosp rate change,2,2026-02-14,39,pmf,large_decrease,0.001
2026-01-31,wk flu hosp rate change,2,2026-02-14,39,pmf,large_increase,0.012
2026-01-31,wk flu hosp rate change,2,2026-02-14,39,pmf,stable,0.494
2026-01-31,wk flu hosp rate change,2,2026-02-14,40,pmf,decrease,0.652
2026-01-31,wk flu hosp rate change,2,2026-02-14,40,pmf,increase,0.037
2026-01-31,wk flu hosp rate change,2,2026-02-14,40,pmf,large_decrease,0.02
2026-01-31,wk flu hosp rate change,2,2026-02-14,40,pmf,large_increase,0.002
2026-01-31,wk flu hosp rate change,2,2026-02-14,40,pmf,stable,0.289
2026-01-31,wk flu hosp rate change,2,2026-02-14,41,pmf,decrease,0.457
2026-01-31,wk flu hosp rate change,2,2026-02-14,41,pmf,increase,0.114
2026-01-31,wk flu hosp rate change,2,2026-02-14,41,pmf,large_decrease,0.001
2026-01-31,wk flu hosp rate change,2,2026-02-14,41,pmf,large_increase,0.001
2026-01-31,wk flu hosp rate change,2,2026-02-14,41,pmf,stable,0.427
2026-01-31,wk flu hosp rate change,2,2026-02-14,42,pmf,decrease,0.463
2026-01-31,wk flu hosp rate change,2,2026-02-14,42,pmf,increase,0.333
2026-01-31,wk flu hosp rate change,2,2026-02-14,42,pmf,large_decrease,0.001
2026-01-31,wk flu hosp rate change,2,2026-02-14,42,pmf,large_increase,0.027
2026-01-31,wk flu hosp rate change,2,2026-02-14,42,pmf,stable,0.17599999999999988
2026-01-31,wk flu hosp rate change,2,2026-02-14,44,pmf,decrease,0.7282717282717284
2026-01-31,wk flu hosp rate change,2,2026-02-14,44,pmf,increase,0.0019980019980019984
2026-01-31,wk flu hosp rate change,2,2026-02-14,44,pmf,large_decrease,0.0019980019980019984
2026-01-31,wk flu hosp rate change,2,2026-02-14,44,pmf,large_increase,0.0019980019980019984
2026-01-31,wk flu hosp rate change,2,2026-02-14,44,pmf,stable,0.2657342657342658
2026-01-31,wk flu hosp rate change,2,2026-02-14,45,pmf,decrease,0.788
2026-01-31,wk flu hosp rate change,2,2026-02-14,45,pmf,increase,0.016
2026-01-31,wk flu hosp rate change,2,2026-02-14,45,pmf,large_decrease,0.001
2026-01-31,wk flu hosp rate change,2,2026-02-14,45,pmf,large_increase,0.001
2026-01-31,wk flu hosp rate change,2,2026-02-14,45,pmf,stable,0.194
2026-01-31,wk flu hosp rate change,2,2026-02-14,46,pmf,decrease,0.315
2026-01-31,wk flu hosp rate change,2,2026-02-14,46,pmf,increase,0.158
2026-01-31,wk flu hosp rate change,2,2026-02-14,46,pmf,large_decrease,0.003
2026-01-31,wk flu hosp rate change,2,2026-02-14,46,pmf,large_increase,0.006
2026-01-31,wk flu hosp rate change,2,2026-02-14,46,pmf,stable,0.518
2026-01-31,wk flu hosp rate change,2,2026-02-14,47,pmf,decrease,0.3056943056943057
2026-01-31,wk flu hosp rate change,2,2026-02-14,47,pmf,increase,0.2837162837162837
2026-01-31,wk flu hosp rate change,2,2026-02-14,47,pmf,large_decrease,0.0019980019980019984
2026-01-31,wk flu hosp rate change,2,2026-02-14,47,pmf,large_increase,0.02497502497502498
2026-01-31,wk flu hosp rate change,2,2026-02-14,47,pmf,stable,0.38361638361638367
2026-01-31,wk flu hosp rate change,2,2026-02-14,48,pmf,decrease,0.433
2026-01-31,wk flu hosp rate change,2,2026-02-14,48,pmf,increase,0.218
2026-01-31,wk flu hosp rate change,2,2026-02-14,48,pmf,large_decrease,0.104
2026-01-31,wk flu hosp rate change,2,2026-02-14,48,pmf,large_increase,0.009
2026-01-31,wk flu hosp rate change,2,2026-02-14,48,pmf,stable,0.236
2026-01-31,wk flu hosp rate change,2,2026-02-14,49,pmf,decrease,0.424
2026-01-31,wk flu hosp rate change,2,2026-02-14,49,pmf,increase,0.178
2026-01-31,wk flu hosp rate change,2,2026-02-14,49,pmf,large_decrease,0.001
2026-01-31,wk flu hosp rate change,2,2026-02-14,49,pmf,large_increase,0.001
2026-01-31,wk flu hosp rate change,2,2026-02-14,49,pmf,stable,0.396
2026-01-31,wk flu hosp rate change,2,2026-02-14,50,pmf,decrease,0.387
2026-01-31,wk flu hosp rate change,2,2026-02-14,50,pmf,increase,0.117
2026-01-31,wk flu hosp rate change,2,2026-02-14,50,pmf,large_decrease,0.015
2026-01-31,wk flu hosp rate change,2,2026-02-14,50,pmf,large_increase,0.001
2026-01-31,wk flu hosp rate change,2,2026-02-14,50,pmf,stable,0.48
2026-01-31,wk flu hosp rate change,2,2026-02-14,51,pmf,decrease,0.518
2026-01-31,wk flu hosp rate change,2,2026-02-14,51,pmf,increase,0.149
2026-01-31,wk flu hosp rate change,2,2026-02-14,51,pmf,large_decrease,0.002
2026-01-31,wk flu hosp rate change,2,2026-02-14,51,pmf,large_increase,0.126
2026-01-31,wk flu hosp rate change,2,2026-02-14,51,pmf,stable,0.205
2026-01-31,wk flu hosp rate change,2,2026-02-14,53,pmf,decrease,0.663
2026-01-31,wk flu hosp rate change,2,2026-02-14,53,pmf,increase,0.014
2026-01-31,wk flu hosp rate change,2,2026-02-14,53,pmf,large_decrease,0.002
2026-01-31,wk flu hosp rate change,2,2026-02-14,53,pmf,large_increase,0.319
2026-01-31,wk flu hosp rate change,2,2026-02-14,53,pmf,stable,0.002
2026-01-31,wk flu hosp rate change,2,2026-02-14,54,pmf,decrease,0.498
2026-01-31,wk flu hosp rate change,2,2026-02-14,54,pmf,increase,0.123
2026-01-31,wk flu hosp rate change,2,2026-02-14,54,pmf,large_decrease,0.12
2026-01-31,wk flu hosp rate change,2,2026-02-14,54,pmf,large_increase,0.002
2026-01-31,wk flu hosp rate change,2,2026-02-14,54,pmf,stable,0.257
2026-01-31,wk flu hosp rate change,2,2026-02-14,55,pmf,decrease,0.515
2026-01-31,wk flu hosp rate change,2,2026-02-14,55,pmf,increase,0.299
2026-01-31,wk flu hosp rate change,2,2026-02-14,55,pmf,large_decrease,0.002
2026-01-31,wk flu hosp rate change,2,2026-02-14,55,pmf,large_increase,0.016
2026-01-31,wk flu hosp rate change,2,2026-02-14,55,pmf,stable,0.168
2026-01-31,wk flu hosp rate change,2,2026-02-14,56,pmf,decrease,0.5714285714285714
2026-01-31,wk flu hosp rate change,2,2026-02-14,56,pmf,increase,0.07192807192807193
2026-01-31,wk flu hosp rate change,2,2026-02-14,56,pmf,large_decrease,0.0019980019980019984
2026-01-31,wk flu hosp rate change,2,2026-02-14,56,pmf,large_increase,0.003996003996003997
2026-01-31,wk flu hosp rate change,2,2026-02-14,56,pmf,stable,0.35064935064935066
2026-01-31,wk flu hosp rate change,2,2026-02-14,US,pmf,decrease,0.555
2026-01-31,wk flu hosp rate change,2,2026-02-14,US,pmf,increase,0.059
2026-01-31,wk flu hosp rate change,2,2026-02-14,US,pmf,large_decrease,0.001
2026-01-31,wk flu hosp rate change,2,2026-02-14,US,pmf,large_increase,0.001
2026-01-31,wk flu hosp rate change,2,2026-02-14,US,pmf,stable,0.3839999999999999
2026-01-31,wk flu hosp rate change,3,2026-02-21,01,pmf,decrease,0.888111888111888
2026-01-31,wk flu hosp rate change,3,2026-02-21,01,pmf,increase,0.030969030969030965
2026-01-31,wk flu hosp rate change,3,2026-02-21,01,pmf,large_decrease,0.001998001998001998
2026-01-31,wk flu hosp rate change,3,2026-02-21,01,pmf,large_increase,0.001998001998001998
2026-01-31,wk flu hosp rate change,3,2026-02-21,01,pmf,stable,0.07692307692307691
2026-01-31,wk flu hosp rate change,3,2026-02-21,02,pmf,decrease,0.441
2026-01-31,wk flu hosp rate change,3,2026-02-21,02,pmf,increase,0.172
2026-01-31,wk flu hosp rate change,3,2026-02-21,02,pmf,large_decrease,0.002
2026-01-31,wk flu hosp rate change,3,2026-02-21,02,pmf,large_increase,0.002
2026-01-31,wk flu hosp rate change,3,2026-02-21,02,pmf,stable,0.383
2026-01-31,wk flu hosp rate change,3,2026-02-21,04,pmf,decrease,0.321
2026-01-31,wk flu hosp rate change,3,2026-02-21,04,pmf,increase,0.247
2026-01-31,wk flu hosp rate change,3,2026-02-21,04,pmf,large_decrease,0.003
2026-01-31,wk flu hosp rate change,3,2026-02-21,04,pmf,large_increase,0.025
2026-01-31,wk flu hosp rate change,3,2026-02-21,04,pmf,stable,0.404
2026-01-31,wk flu hosp rate change,3,2026-02-21,05,pmf,decrease,0.2187812187812188
2026-01-31,wk flu hosp rate change,3,2026-02-21,05,pmf,increase,0.07892107892107893
2026-01-31,wk flu hosp rate change,3,2026-02-21,05,pmf,large_decrease,0.2977022977022977
2026-01-31,wk flu hosp rate change,3,2026-02-21,05,pmf,large_increase,0.3706293706293707
2026-01-31,wk flu hosp rate change,3,2026-02-21,05,pmf,stable,0.033966033966033975
2026-01-31,wk flu hosp rate change,3,2026-02-21,06,pmf,decrease,0.171
2026-01-31,wk flu hosp rate change,3,2026-02-21,06,pmf,increase,0.255
2026-01-31,wk flu hosp rate change,3,2026-02-21,06,pmf,large_decrease,0.001
2026-01-31,wk flu hosp rate change,3,2026-02-21,06,pmf,large_increase,0.003
2026-01-31,wk flu hosp rate change,3,2026-02-21,06,pmf,stable,0.57
2026-01-31,wk flu hosp rate change,3,2026-02-21,08,pmf,decrease,0.203
2026-01-31,wk flu hosp rate change,3,2026-02-21,08,pmf,increase,0.08
2026-01-31,wk flu hosp rate change,3,2026-02-21,08,pmf,large_decrease,0.001
2026-01-31,wk flu hosp rate change,3,2026-02-21,08,pmf,large_increase,0.001
2026-01-31,wk flu hosp rate change,3,2026-02-21,08,pmf,stable,0.715
2026-01-31,wk flu hosp rate change,3,2026-02-21,09,pmf,decrease,0.9920079920079921
2026-01-31,wk flu hosp rate change,3,2026-02-21,09,pmf,increase,0.0019980019980019984
2026-01-31,wk flu hosp rate change,3,2026-02-21,09,pmf,large_decrease,0.0019980019980019984
2026-01-31,wk flu hosp rate change,3,2026-02-21,09,pmf,large_increase,0.0019980019980019984
2026-01-31,wk flu hosp rate change,3,2026-02-21,09,pmf,stable,0.0019980019980019984
2026-01-31,wk flu hosp rate change,3,2026-02-21,10,pmf,decrease,0.626
2026-01-31,wk flu hosp rate change,3,2026-02-21,10,pmf,increase,0.123
2026-01-31,wk flu hosp rate change,3,2026-02-21,10,pmf,large_decrease,0.001
2026-01-31,wk flu hosp rate change,3,2026-02-21,10,pmf,large_increase,0.001
2026-01-31,wk flu hosp rate change,3,2026-02-21,10,pmf,stable,0.249
2026-01-31,wk flu hosp rate change,3,2026-02-21,11,pmf,decrease,0.206
2026-01-31,wk flu hosp rate change,3,2026-02-21,11,pmf,increase,0.255
2026-01-31,wk flu hosp rate change,3,2026-02-21,11,pmf,large_decrease,0.003
2026-01-31,wk flu hosp rate change,3,2026-02-21,11,pmf,large_increase,0.026
2026-01-31,wk flu hosp rate change,3,2026-02-21,11,pmf,stable,0.51
2026-01-31,wk flu hosp rate change,3,2026-02-21,12,pmf,decrease,0.563
2026-01-31,wk flu hosp rate change,3,2026-02-21,12,pmf,increase,0.065
2026-01-31,wk flu hosp rate change,3,2026-02-21,12,pmf,large_decrease,0.001
2026-01-31,wk flu hosp rate change,3,2026-02-21,12,pmf,large_increase,0.001
2026-01-31,wk flu hosp rate change,3,2026-02-21,12,pmf,stable,0.3700000000000001
2026-01-31,wk flu hosp rate change,3,2026-02-21,13,pmf,decrease,0.584
2026-01-31,wk flu hosp rate change,3,2026-02-21,13,pmf,increase,0.007
2026-01-31,wk flu hosp rate change,3,2026-02-21,13,pmf,large_decrease,0.001
2026-01-31,wk flu hosp rate change,3,2026-02-21,13,pmf,large_increase,0.001
2026-01-31,wk flu hosp rate change,3,2026-02-21,13,pmf,stable,0.40700000000000003
2026-01-31,wk flu hosp rate change,3,2026-02-21,15,pmf,decrease,0.48251748251748255
2026-01-31,wk flu hosp rate change,3,2026-02-21,15,pmf,increase,0.2167832167832168
2026-01-31,wk flu hosp rate change,3,2026-02-21,15,pmf,large_decrease,0.0019980019980019984
2026-01-31,wk flu hosp rate change,3,2026-02-21,15,pmf,large_increase,0.015984015984015987
2026-01-31,wk flu hosp rate change,3,2026-02-21,15,pmf,stable,0.28271728271728275
2026-01-31,wk flu hosp rate change,3,2026-02-21,16,pmf,decrease,0.5914085914085915
2026-01-31,wk flu hosp rate change,3,2026-02-21,16,pmf,increase,0.12687312687312688
2026-01-31,wk flu hosp rate change,3,2026-02-21,16,pmf,large_decrease,0.0019980019980019984
2026-01-31,wk flu hosp rate change,3,2026-02-21,16,pmf,large_increase,0.004995004995004996
2026-01-31,wk flu hosp rate change,3,2026-02-21,16,pmf,stable,0.2747252747252748
2026-01-31,wk flu hosp rate change,3,2026-02-21,17,pmf,decrease,0.669
2026-01-31,wk flu hosp rate change,3,2026-02-21,17,pmf,increase,0.198
2026-01-31,wk flu hosp rate change,3,2026-02-21,17,pmf,large_decrease,0.002
2026-01-31,wk flu hosp rate change,3,2026-02-21,17,pmf,large_increase,0.014
2026-01-31,wk flu hosp rate change,3,2026-02-21,17,pmf,stable,0.117
2026-01-31,wk flu hosp rate change,3,2026-02-21,18,pmf,decrease,0.74
2026-01-31,wk flu hosp rate change,3,2026-02-21,18,pmf,increase,0.109
2026-01-31,wk flu hosp rate change,3,2026-02-21,18,pmf,large_decrease,0.002
2026-01-31,wk flu hosp rate change,3,2026-02-21,18,pmf,large_increase,0.002
2026-01-31,wk flu hosp rate change,3,2026-02-21,18,pmf,stable,0.147
2026-01-31,wk flu hosp rate change,3,2026-02-21,19,pmf,decrease,0.409
2026-01-31,wk flu hosp rate change,3,2026-02-21,19,pmf,increase,0.185
2026-01-31,wk flu hosp rate change,3,2026-02-21,19,pmf,large_decrease,0.043
2026-01-31,wk flu hosp rate change,3,2026-02-21,19,pmf,large_increase,0.003
2026-01-31,wk flu hosp rate change,3,2026-02-21,19,pmf,stable,0.36
2026-01-31,wk flu hosp rate change,3,2026-02-21,20,pmf,decrease,0.273
2026-01-31,wk flu hosp rate change,3,2026-02-21,20,pmf,increase,0.358
2026-01-31,wk flu hosp rate change,3,2026-02-21,20,pmf,large_decrease,0.053
2026-01-31,wk flu hosp rate change,3,2026-02-21,20,pmf,large_increase,0.002
2026-01-31,wk flu hosp rate change,3,2026-02-21,20,pmf,stable,0.314
2026-01-31,wk flu hosp rate change,3,2026-02-21,21,pmf,decrease,0.853
2026-01-31,wk flu hosp rate change,3,2026-02-21,21,pmf,increase,0.035
2026-01-31,wk flu hosp rate change,3,2026-02-21,21,pmf,large_decrease,0.001
2026-01-31,wk flu hosp rate change,3,2026-02-21,21,pmf,large_increase,0.006
2026-01-31,wk flu hosp rate change,3,2026-02-21,21,pmf,stable,0.105
2026-01-31,wk flu hosp rate change,3,2026-02-21,22,pmf,decrease,0.618
2026-01-31,wk flu hosp rate change,3,2026-02-21,22,pmf,increase,0.087
2026-01-31,wk flu hosp rate change,3,2026-02-21,22,pmf,large_decrease,0.001
2026-01-31,wk flu hosp rate change,3,2026-02-21,22,pmf,large_increase,0.004
2026-01-31,wk flu hosp rate change,3,2026-02-21,22,pmf,stable,0.29
2026-01-31,wk flu hosp rate change,3,2026-02-21,23,pmf,decrease,0.077
2026-01-31,wk flu hosp rate change,3,2026-02-21,23,pmf,increase,0.496
2026-01-31,wk flu hosp rate change,3,2026-02-21,23,pmf,large_decrease,0.001
2026-01-31,wk flu hosp rate change,3,2026-02-21,23,pmf,large_increase,0.001
2026-01-31,wk flu hosp rate change,3,2026-02-21,23,pmf,stable,0.425
2026-01-31,wk flu hosp rate change,3,2026-02-21,24,pmf,decrease,0.528
2026-01-31,wk flu hosp rate change,3,2026-02-21,24,pmf,increase,0.157
2026-01-31,wk flu hosp rate change,3,2026-02-21,24,pmf,large_decrease,0.001
2026-01-31,wk flu hosp rate change,3,2026-02-21,24,pmf,large_increase,0.019
2026-01-31,wk flu hosp rate change,3,2026-02-21,24,pmf,stable,0.295
2026-01-31,wk flu hosp rate change,3,2026-02-21,25,pmf,decrease,0.5374625374625375
2026-01-31,wk flu hosp rate change,3,2026-02-21,25,pmf,increase,0.011988011988011986
2026-01-31,wk flu hosp rate change,3,2026-02-21,25,pmf,large_decrease,0.001998001998001998
2026-01-31,wk flu hosp rate change,3,2026-02-21,25,pmf,large_increase,0.001998001998001998
2026-01-31,wk flu hosp rate change,3,2026-02-21,25,pmf,stable,0.44655344655344653
2026-01-31,wk flu hosp rate change,3,2026-02-21,26,pmf,decrease,0.267
2026-01-31,wk flu hosp rate change,3,2026-02-21,26,pmf,increase,0.07
2026-01-31,wk flu hosp rate change,3,2026-02-21,26,pmf,large_decrease,0.001
2026-01-31,wk flu hosp rate change,3,2026-02-21,26,pmf,large_increase,0.001
2026-01-31,wk flu hosp rate change,3,2026-02-21,26,pmf,stable,0.661
2026-01-31,wk flu hosp rate change,3,2026-02-21,27,pmf,decrease,0.21
2026-01-31,wk flu hosp rate change,3,2026-02-21,27,pmf,increase,0.419
2026-01-31,wk flu hosp rate change,3,2026-02-21,27,pmf,large_decrease,0.002
2026-01-31,wk flu hosp rate change,3,2026-02-21,27,pmf,large_increase,0.201
2026-01-31,wk flu hosp rate change,3,2026-02-21,27,pmf,stable,0.168
2026-01-31,wk flu hosp rate change,3,2026-02-21,28,pmf,decrease,0.461
2026-01-31,wk flu hosp rate change,3,2026-02-21,28,pmf,increase,0.195
2026-01-31,wk flu hosp rate change,3,2026-02-21,28,pmf,large_decrease,0.002
2026-01-31,wk flu hosp rate change,3,2026-02-21,28,pmf,large_increase,0.015
2026-01-31,wk flu hosp rate change,3,2026-02-21,28,pmf,stable,0.327
2026-01-31,wk flu hosp rate change,3,2026-02-21,30,pmf,decrease,0.45
2026-01-31,wk flu hosp rate change,3,2026-02-21,30,pmf,increase,0.034
2026-01-31,wk flu hosp rate change,3,2026-02-21,30,pmf,large_decrease,0.002
2026-01-31,wk flu hosp rate change,3,2026-02-21,30,pmf,large_increase,0.5
2026-01-31,wk flu hosp rate change,3,2026-02-21,30,pmf,stable,0.014
2026-01-31,wk flu hosp rate change,3,2026-02-21,31,pmf,decrease,0.2617382617382617
2026-01-31,wk flu hosp rate change,3,2026-02-21,31,pmf,increase,0.19580419580419578
2026-01-31,wk flu hosp rate change,3,2026-02-21,31,pmf,large_decrease,0.0029970029970029966
2026-01-31,wk flu hosp rate change,3,2026-02-21,31,pmf,large_increase,0.45754245754245754
2026-01-31,wk flu hosp rate change,3,2026-02-21,31,pmf,stable,0.0819180819180819
2026-01-31,wk flu hosp rate change,3,2026-02-21,32,pmf,decrease,0.32
2026-01-31,wk flu hosp rate change,3,2026-02-21,32,pmf,increase,0.025
2026-01-31,wk flu hosp rate change,3,2026-02-21,32,pmf,large_decrease,0.001
2026-01-31,wk flu hosp rate change,3,2026-02-21,32,pmf,large_increase,0.001
2026-01-31,wk flu hosp rate change,3,2026-02-21,32,pmf,stable,0.6529999999999999
2026-01-31,wk flu hosp rate change,3,2026-02-21,33,pmf,decrease,0.48251748251748255
2026-01-31,wk flu hosp rate change,3,2026-02-21,33,pmf,increase,0.17682317682317683
2026-01-31,wk flu hosp rate change,3,2026-02-21,33,pmf,large_decrease,0.0019980019980019984
2026-01-31,wk flu hosp rate change,3,2026-02-21,33,pmf,large_increase,0.004995004995004996
2026-01-31,wk flu hosp rate change,3,2026-02-21,33,pmf,stable,0.33366633366633375
2026-01-31,wk flu hosp rate change,3,2026-02-21,34,pmf,decrease,0.4335664335664336
2026-01-31,wk flu hosp rate change,3,2026-02-21,34,pmf,increase,0.04295704295704296
2026-01-31,wk flu hosp rate change,3,2026-02-21,34,pmf,large_decrease,0.0019980019980019984
2026-01-31,wk flu hosp rate change,3,2026-02-21,34,pmf,large_increase,0.004995004995004996
2026-01-31,wk flu hosp rate change,3,2026-02-21,34,pmf,stable,0.5164835164835165
2026-01-31,wk flu hosp rate change,3,2026-02-21,35,pmf,decrease,0.676
2026-01-31,wk flu hosp rate change,3,2026-02-21,35,pmf,increase,0.026
2026-01-31,wk flu hosp rate change,3,2026-02-21,35,pmf,large_decrease,0.002
2026-01-31,wk flu hosp rate change,3,2026-02-21,35,pmf,large_increase,0.002
2026-01-31,wk flu hosp rate change,3,2026-02-21,35,pmf,stable,0.294
2026-01-31,wk flu hosp rate change,3,2026-02-21,36,pmf,decrease,0.252
2026-01-31,wk flu hosp rate change,3,2026-02-21,36,pmf,increase,0.002
2026-01-31,wk flu hosp rate change,3,2026-02-21,36,pmf,large_decrease,0.002
2026-01-31,wk flu hosp rate change,3,2026-02-21,36,pmf,large_increase,0.002
2026-01-31,wk flu hosp rate change,3,2026-02-21,36,pmf,stable,0.742
2026-01-31,wk flu hosp rate change,3,2026-02-21,37,pmf,decrease,0.5214785214785215
2026-01-31,wk flu hosp rate change,3,2026-02-21,37,pmf,increase,0.05694305694305694
2026-01-31,wk flu hosp rate change,3,2026-02-21,37,pmf,large_decrease,0.001998001998001998
2026-01-31,wk flu hosp rate change,3,2026-02-21,37,pmf,large_increase,0.001998001998001998
2026-01-31,wk flu hosp rate change,3,2026-02-21,37,pmf,stable,0.41758241758241754
2026-01-31,wk flu hosp rate change,3,2026-02-21,38,pmf,decrease,0.6183816183816184
2026-01-31,wk flu hosp rate change,3,2026-02-21,38,pmf,increase,0.1328671328671329
2026-01-31,wk flu hosp rate change,3,2026-02-21,38,pmf,large_decrease,0.0019980019980019984
2026-01-31,wk flu hosp rate change,3,2026-02-21,38,pmf,large_increase,0.0019980019980019984
2026-01-31,wk flu hosp rate change,3,2026-02-21,38,pmf,stable,0.24475524475524477
2026-01-31,wk flu hosp rate change,3,2026-02-21,39,pmf,decrease,0.294
2026-01-31,wk flu hosp rate change,3,2026-02-21,39,pmf,increase,0.096
2026-01-31,wk flu hosp rate change,3,2026-02-21,39,pmf,large_decrease,0.001
2026-01-31,wk flu hosp rate change,3,2026-02-21,39,pmf,large_increase,0.01
2026-01-31,wk flu hosp rate change,3,2026-02-21,39,pmf,stable,0.599
2026-01-31,wk flu hosp rate change,3,2026-02-21,40,pmf,decrease,0.714
2026-01-31,wk flu hosp rate change,3,2026-02-21,40,pmf,increase,0.01
2026-01-31,wk flu hosp rate change,3,2026-02-21,40,pmf,large_decrease,0.001
2026-01-31,wk flu hosp rate change,3,2026-02-21,40,pmf,large_increase,0.001
2026-01-31,wk flu hosp rate change,3,2026-02-21,40,pmf,stable,0.274
2026-01-31,wk flu hosp rate change,3,2026-02-21,41,pmf,decrease,0.462
2026-01-31,wk flu hosp rate change,3,2026-02-21,41,pmf,increase,0.05
2026-01-31,wk flu hosp rate change,3,2026-02-21,41,pmf,large_decrease,0.001
2026-01-31,wk flu hosp rate change,3,2026-02-21,41,pmf,large_increase,0.001
2026-01-31,wk flu hosp rate change,3,2026-02-21,41,pmf,stable,0.486
2026-01-31,wk flu hosp rate change,3,2026-02-21,42,pmf,decrease,0.453
2026-01-31,wk flu hosp rate change,3,2026-02-21,42,pmf,increase,0.271
2026-01-31,wk flu hosp rate change,3,2026-02-21,42,pmf,large_decrease,0.001
2026-01-31,wk flu hosp rate change,3,2026-02-21,42,pmf,large_increase,0.042
2026-01-31,wk flu hosp rate change,3,2026-02-21,42,pmf,stable,0.233
2026-01-31,wk flu hosp rate change,3,2026-02-21,44,pmf,decrease,0.815
2026-01-31,wk flu hosp rate change,3,2026-02-21,44,pmf,increase,0.002
2026-01-31,wk flu hosp rate change,3,2026-02-21,44,pmf,large_decrease,0.002
2026-01-31,wk flu hosp rate change,3,2026-02-21,44,pmf,large_increase,0.002
2026-01-31,wk flu hosp rate change,3,2026-02-21,44,pmf,stable,0.179
2026-01-31,wk flu hosp rate change,3,2026-02-21,45,pmf,decrease,0.801
2026-01-31,wk flu hosp rate change,3,2026-02-21,45,pmf,increase,0.004
2026-01-31,wk flu hosp rate change,3,2026-02-21,45,pmf,large_decrease,0.001
2026-01-31,wk flu hosp rate change,3,2026-02-21,45,pmf,large_increase,0.001
2026-01-31,wk flu hosp rate change,3,2026-02-21,45,pmf,stable,0.193
2026-01-31,wk flu hosp rate change,3,2026-02-21,46,pmf,decrease,0.417
2026-01-31,wk flu hosp rate change,3,2026-02-21,46,pmf,increase,0.075
2026-01-31,wk flu hosp rate change,3,2026-02-21,46,pmf,large_decrease,0.001
2026-01-31,wk flu hosp rate change,3,2026-02-21,46,pmf,large_increase,0.005
2026-01-31,wk flu hosp rate change,3,2026-02-21,46,pmf,stable,0.502
2026-01-31,wk flu hosp rate change,3,2026-02-21,47,pmf,decrease,0.3246753246753247
2026-01-31,wk flu hosp rate change,3,2026-02-21,47,pmf,increase,0.21678321678321677
2026-01-31,wk flu hosp rate change,3,2026-02-21,47,pmf,large_decrease,0.001998001998001998
2026-01-31,wk flu hosp rate change,3,2026-02-21,47,pmf,large_increase,0.0029970029970029966
2026-01-31,wk flu hosp rate change,3,2026-02-21,47,pmf,stable,0.4535464535464535
2026-01-31,wk flu hosp rate change,3,2026-02-21,48,pmf,decrease,0.584
2026-01-31,wk flu hosp rate change,3,2026-02-21,48,pmf,increase,0.143
2026-01-31,wk flu hosp rate change,3,2026-02-21,48,pmf,large_decrease,0.002
2026-01-31,wk flu hosp rate change,3,2026-02-21,48,pmf,large_increase,0.007
2026-01-31,wk flu hosp rate change,3,2026-02-21,48,pmf,stable,0.264
2026-01-31,wk flu hosp rate change,3,2026-02-21,49,pmf,decrease,0.405
2026-01-31,wk flu hosp rate change,3,2026-02-21,49,pmf,increase,0.098
2026-01-31,wk flu hosp rate change,3,2026-02-21,49,pmf,large_decrease,0.001
2026-01-31,wk flu hosp rate change,3,2026-02-21,49,pmf,large_increase,0.001
2026-01-31,wk flu hosp rate change,3,2026-02-21,49,pmf,stable,0.495
2026-01-31,wk flu hosp rate change,3,2026-02-21,50,pmf,decrease,0.49
2026-01-31,wk flu hosp rate change,3,2026-02-21,50,pmf,increase,0.061
2026-01-31,wk flu hosp rate change,3,2026-02-21,50,pmf,large_decrease,0.001
2026-01-31,wk flu hosp rate change,3,2026-02-21,50,pmf,large_increase,0.001
2026-01-31,wk flu hosp rate change,3,2026-02-21,50,pmf,stable,0.447
2026-01-31,wk flu hosp rate change,3,2026-02-21,51,pmf,decrease,0.546
2026-01-31,wk flu hosp rate change,3,2026-02-21,51,pmf,increase,0.113
2026-01-31,wk flu hosp rate change,3,2026-02-21,51,pmf,large_decrease,0.002
2026-01-31,wk flu hosp rate change,3,2026-02-21,51,pmf,large_increase,0.091
2026-01-31,wk flu hosp rate change,3,2026-02-21,51,pmf,stable,0.248
2026-01-31,wk flu hosp rate change,3,2026-02-21,53,pmf,decrease,0.6763236763236764
2026-01-31,wk flu hosp rate change,3,2026-02-21,53,pmf,increase,0.014985014985014986
2026-01-31,wk flu hosp rate change,3,2026-02-21,53,pmf,large_decrease,0.0019980019980019984
2026-01-31,wk flu hosp rate change,3,2026-02-21,53,pmf,large_increase,0.2977022977022977
2026-01-31,wk flu hosp rate change,3,2026-02-21,53,pmf,stable,0.008991008991008992
2026-01-31,wk flu hosp rate change,3,2026-02-21,54,pmf,decrease,0.627
2026-01-31,wk flu hosp rate change,3,2026-02-21,54,pmf,increase,0.077
2026-01-31,wk flu hosp rate change,3,2026-02-21,54,pmf,large_decrease,0.002
2026-01-31,wk flu hosp rate change,3,2026-02-21,54,pmf,large_increase,0.002
2026-01-31,wk flu hosp rate change,3,2026-02-21,54,pmf,stable,0.292
2026-01-31,wk flu hosp rate change,3,2026-02-21,55,pmf,decrease,0.5584415584415584
2026-01-31,wk flu hosp rate change,3,2026-02-21,55,pmf,increase,0.20479520479520477
2026-01-31,wk flu hosp rate change,3,2026-02-21,55,pmf,large_decrease,0.001998001998001998
2026-01-31,wk flu hosp rate change,3,2026-02-21,55,pmf,large_increase,0.005994005994005993
2026-01-31,wk flu hosp rate change,3,2026-02-21,55,pmf,stable,0.22877122877122877
2026-01-31,wk flu hosp rate change,3,2026-02-21,56,pmf,decrease,0.6813186813186813
2026-01-31,wk flu hosp rate change,3,2026-02-21,56,pmf,increase,0.042957042957042946
2026-01-31,wk flu hosp rate change,3,2026-02-21,56,pmf,large_decrease,0.001998001998001998
2026-01-31,wk flu hosp rate change,3,2026-02-21,56,pmf,large_increase,0.001998001998001998
2026-01-31,wk flu hosp rate change,3,2026-02-21,56,pmf,stable,0.27172827172827174
2026-01-31,wk flu hosp rate change,3,2026-02-21,US,pmf,decrease,0.571
2026-01-31,wk flu hosp rate change,3,2026-02-21,US,pmf,increase,0.03
2026-01-31,wk flu hosp rate change,3,2026-02-21,US,pmf,large_decrease,0.001
2026-01-31,wk flu hosp rate change,3,2026-02-21,US,pmf,large_increase,0.001
2026-01-31,wk flu hosp rate change,3,2026-02-21,US,pmf,stable,0.397
2026-01-31,wk inc flu hosp,0,2026-01-31,01,quantile,0.01,23.0
2026-01-31,wk inc flu hosp,0,2026-01-31,01,quantile,0.025,39.0
2026-01-31,wk inc flu hosp,0,2026-01-31,01,quantile,0.05,65.0
2026-01-31,wk inc flu hosp,0,2026-01-31,01,quantile,0.1,95.0
2026-01-31,wk inc flu hosp,0,2026-01-31,01,quantile,0.15,116.0
2026-01-31,wk inc flu hosp,0,2026-01-31,01,quantile,0.2,132.0
2026-01-31,wk inc flu hosp,0,2026-01-31,01,quantile,0.25,146.0
2026-01-31,wk inc flu hosp,0,2026-01-31,01,quantile,0.3,154.0
2026-01-31,wk inc flu hosp,0,2026-01-31,01,quantile,0.35,160.0
2026-01-31,wk inc flu hosp,0,2026-01-31,01,quantile,0.4,165.0
2026-01-31,wk inc flu hosp,0,2026-01-31,01,quantile,0.45,171.0
2026-01-31,wk inc flu hosp,0,2026-01-31,01,quantile,0.5,176.0
2026-01-31,wk inc flu hosp,0,2026-01-31,01,quantile,0.55,182.0
2026-01-31,wk inc flu hosp,0,2026-01-31,01,quantile,0.6,189.0
2026-01-31,wk inc flu hosp,0,2026-01-31,01,quantile,0.65,195.0
2026-01-31,wk inc flu hosp,0,2026-01-31,01,quantile,0.7,200.0
2026-01-31,wk inc flu hosp,0,2026-01-31,01,quantile,0.75,208.0
2026-01-31,wk inc flu hosp,0,2026-01-31,01,quantile,0.8,217.0
2026-01-31,wk inc flu hosp,0,2026-01-31,01,quantile,0.85,225.0
2026-01-31,wk inc flu hosp,0,2026-01-31,01,quantile,0.9,237.0
2026-01-31,wk inc flu hosp,0,2026-01-31,01,quantile,0.95,256.0
2026-01-31,wk inc flu hosp,0,2026-01-31,01,quantile,0.975,271.0
2026-01-31,wk inc flu hosp,0,2026-01-31,01,quantile,0.99,285.0
2026-01-31,wk inc flu hosp,0,2026-01-31,02,quantile,0.01,13.0
2026-01-31,wk inc flu hosp,0,2026-01-31,02,quantile,0.025,14.0
2026-01-31,wk inc flu hosp,0,2026-01-31,02,quantile,0.05,16.0
2026-01-31,wk inc flu hosp,0,2026-01-31,02,quantile,0.1,17.0
2026-01-31,wk inc flu hosp,0,2026-01-31,02,quantile,0.15,18.0
2026-01-31,wk inc flu hosp,0,2026-01-31,02,quantile,0.2,19.0
2026-01-31,wk inc flu hosp,0,2026-01-31,02,quantile,0.25,20.0
2026-01-31,wk inc flu hosp,0,2026-01-31,02,quantile,0.3,20.0
2026-01-31,wk inc flu hosp,0,2026-01-31,02,quantile,0.35,21.0
2026-01-31,wk inc flu hosp,0,2026-01-31,02,quantile,0.4,21.0
2026-01-31,wk inc flu hosp,0,2026-01-31,02,quantile,0.45,22.0
2026-01-31,wk inc flu hosp,0,2026-01-31,02,quantile,0.5,22.0
2026-01-31,wk inc flu hosp,0,2026-01-31,02,quantile,0.55,23.0
2026-01-31,wk inc flu hosp,0,2026-01-31,02,quantile,0.6,24.0
2026-01-31,wk inc flu hosp,0,2026-01-31,02,quantile,0.65,24.0
2026-01-31,wk inc flu hosp,0,2026-01-31,02,quantile,0.7,24.0
2026-01-31,wk inc flu hosp,0,2026-01-31,02,quantile,0.75,25.0
2026-01-31,wk inc flu hosp,0,2026-01-31,02,quantile,0.8,25.0
2026-01-31,wk inc flu hosp,0,2026-01-31,02,quantile,0.85,26.0
2026-01-31,wk inc flu hosp,0,2026-01-31,02,quantile,0.9,27.0
2026-01-31,wk inc flu hosp,0,2026-01-31,02,quantile,0.95,28.0
2026-01-31,wk inc flu hosp,0,2026-01-31,02,quantile,0.975,30.0
2026-01-31,wk inc flu hosp,0,2026-01-31,02,quantile,0.99,32.0
2026-01-31,wk inc flu hosp,0,2026-01-31,04,quantile,0.01,0.0
2026-01-31,wk inc flu hosp,0,2026-01-31,04,quantile,0.025,0.0
2026-01-31,wk inc flu hosp,0,2026-01-31,04,quantile,0.05,0.0
2026-01-31,wk inc flu hosp,0,2026-01-31,04,quantile,0.1,5.0
2026-01-31,wk inc flu hosp,0,2026-01-31,04,quantile,0.15,22.0
2026-01-31,wk inc flu hosp,0,2026-01-31,04,quantile,0.2,34.0
2026-01-31,wk inc flu hosp,0,2026-01-31,04,quantile,0.25,61.0
2026-01-31,wk inc flu hosp,0,2026-01-31,04,quantile,0.3,99.0
2026-01-31,wk inc flu hosp,0,2026-01-31,04,quantile,0.35,128.0
2026-01-31,wk inc flu hosp,0,2026-01-31,04,quantile,0.4,143.0
2026-01-31,wk inc flu hosp,0,2026-01-31,04,quantile,0.45,153.0
2026-01-31,wk inc flu hosp,0,2026-01-31,04,quantile,0.5,162.0
2026-01-31,wk inc flu hosp,0,2026-01-31,04,quantile,0.55,170.0
2026-01-31,wk inc flu hosp,0,2026-01-31,04,quantile,0.6,180.0
2026-01-31,wk inc flu hosp,0,2026-01-31,04,quantile,0.65,189.0
2026-01-31,wk inc flu hosp,0,2026-01-31,04,quantile,0.7,197.0
2026-01-31,wk inc flu hosp,0,2026-01-31,04,quantile,0.75,210.0
2026-01-31,wk inc flu hosp,0,2026-01-31,04,quantile,0.8,222.0
2026-01-31,wk inc flu hosp,0,2026-01-31,04,quantile,0.85,234.0
2026-01-31,wk inc flu hosp,0,2026-01-31,04,quantile,0.9,254.0
2026-01-31,wk inc flu hosp,0,2026-01-31,04,quantile,0.95,285.0
2026-01-31,wk inc flu hosp,0,2026-01-31,04,quantile,0.975,306.0
2026-01-31,wk inc flu hosp,0,2026-01-31,04,quantile,0.99,333.0
2026-01-31,wk inc flu hosp,0,2026-01-31,05,quantile,0.01,0.0
2026-01-31,wk inc flu hosp,0,2026-01-31,05,quantile,0.025,0.0
2026-01-31,wk inc flu hosp,0,2026-01-31,05,quantile,0.05,0.0
2026-01-31,wk inc flu hosp,0,2026-01-31,05,quantile,0.1,0.0
2026-01-31,wk inc flu hosp,0,2026-01-31,05,quantile,0.15,0.0
2026-01-31,wk inc flu hosp,0,2026-01-31,05,quantile,0.2,0.0
2026-01-31,wk inc flu hosp,0,2026-01-31,05,quantile,0.25,30.0
2026-01-31,wk inc flu hosp,0,2026-01-31,05,quantile,0.3,31.0
2026-01-31,wk inc flu hosp,0,2026-01-31,05,quantile,0.35,46.0
2026-01-31,wk inc flu hosp,0,2026-01-31,05,quantile,0.4,64.0
2026-01-31,wk inc flu hosp,0,2026-01-31,05,quantile,0.45,86.0
2026-01-31,wk inc flu hosp,0,2026-01-31,05,quantile,0.5,107.0
2026-01-31,wk inc flu hosp,0,2026-01-31,05,quantile,0.55,125.0
2026-01-31,wk inc flu hosp,0,2026-01-31,05,quantile,0.6,150.0
2026-01-31,wk inc flu hosp,0,2026-01-31,05,quantile,0.65,170.0
2026-01-31,wk inc flu hosp,0,2026-01-31,05,quantile,0.7,189.0
2026-01-31,wk inc flu hosp,0,2026-01-31,05,quantile,0.75,218.0
2026-01-31,wk inc flu hosp,0,2026-01-31,05,quantile,0.8,249.0
2026-01-31,wk inc flu hosp,0,2026-01-31,05,quantile,0.85,276.0
2026-01-31,wk inc flu hosp,0,2026-01-31,05,quantile,0.9,323.0
2026-01-31,wk inc flu hosp,0,2026-01-31,05,quantile,0.95,395.0
2026-01-31,wk inc flu hosp,0,2026-01-31,05,quantile,0.975,446.0
2026-01-31,wk inc flu hosp,0,2026-01-31,05,quantile,0.99,505.0
2026-01-31,wk inc flu hosp,0,2026-01-31,06,quantile,0.01,599.0
2026-01-31,wk inc flu hosp,0,2026-01-31,06,quantile,0.025,733.0
2026-01-31,wk inc flu hosp,0,2026-01-31,06,quantile,0.05,852.0
2026-01-31,wk inc flu hosp,0,2026-01-31,06,quantile,0.1,985.0
2026-01-31,wk inc flu hosp,0,2026-01-31,06,quantile,0.15,1083.0
2026-01-31,wk inc flu hosp,0,2026-01-31,06,quantile,0.2,1136.0
2026-01-31,wk inc flu hosp,0,2026-01-31,06,quantile,0.25,1171.0
2026-01-31,wk inc flu hosp,0,2026-01-31,06,quantile,0.3,1191.0
2026-01-31,wk inc flu hosp,0,2026-01-31,06,quantile,0.35,1210.0
2026-01-31,wk inc flu hosp,0,2026-01-31,06,quantile,0.4,1228.0
2026-01-31,wk inc flu hosp,0,2026-01-31,06,quantile,0.45,1251.0
2026-01-31,wk inc flu hosp,0,2026-01-31,06,quantile,0.5,1273.0
2026-01-31,wk inc flu hosp,0,2026-01-31,06,quantile,0.55,1295.0
2026-01-31,wk inc flu hosp,0,2026-01-31,06,quantile,0.6,1320.0
2026-01-31,wk inc flu hosp,0,2026-01-31,06,quantile,0.65,1349.0
2026-01-31,wk inc flu hosp,0,2026-01-31,06,quantile,0.7,1374.0
2026-01-31,wk inc flu hosp,0,2026-01-31,06,quantile,0.75,1406.0
2026-01-31,wk inc flu hosp,0,2026-01-31,06,quantile,0.8,1441.0
2026-01-31,wk inc flu hosp,0,2026-01-31,06,quantile,0.85,1479.0
2026-01-31,wk inc flu hosp,0,2026-01-31,06,quantile,0.9,1532.0
2026-01-31,wk inc flu hosp,0,2026-01-31,06,quantile,0.95,1640.0
2026-01-31,wk inc flu hosp,0,2026-01-31,06,quantile,0.975,1704.0
2026-01-31,wk inc flu hosp,0,2026-01-31,06,quantile,0.99,1784.0
2026-01-31,wk inc flu hosp,0,2026-01-31,08,quantile,0.01,38.0
2026-01-31,wk inc flu hosp,0,2026-01-31,08,quantile,0.025,58.0
2026-01-31,wk inc flu hosp,0,2026-01-31,08,quantile,0.05,72.0
2026-01-31,wk inc flu hosp,0,2026-01-31,08,quantile,0.1,83.0
2026-01-31,wk inc flu hosp,0,2026-01-31,08,quantile,0.15,92.0
2026-01-31,wk inc flu hosp,0,2026-01-31,08,quantile,0.2,98.0
2026-01-31,wk inc flu hosp,0,2026-01-31,08,quantile,0.25,103.0
2026-01-31,wk inc flu hosp,0,2026-01-31,08,quantile,0.3,107.0
2026-01-31,wk inc flu hosp,0,2026-01-31,08,quantile,0.35,111.0
2026-01-31,wk inc flu hosp,0,2026-01-31,08,quantile,0.4,115.0
2026-01-31,wk inc flu hosp,0,2026-01-31,08,quantile,0.45,118.0
2026-01-31,wk inc flu hosp,0,2026-01-31,08,quantile,0.5,122.0
2026-01-31,wk inc flu hosp,0,2026-01-31,08,quantile,0.55,125.0
2026-01-31,wk inc flu hosp,0,2026-01-31,08,quantile,0.6,129.0
2026-01-31,wk inc flu hosp,0,2026-01-31,08,quantile,0.65,131.0
2026-01-31,wk inc flu hosp,0,2026-01-31,08,quantile,0.7,134.0
2026-01-31,wk inc flu hosp,0,2026-01-31,08,quantile,0.75,136.0
2026-01-31,wk inc flu hosp,0,2026-01-31,08,quantile,0.8,139.0
2026-01-31,wk inc flu hosp,0,2026-01-31,08,quantile,0.85,142.0
2026-01-31,wk inc flu hosp,0,2026-01-31,08,quantile,0.9,146.0
2026-01-31,wk inc flu hosp,0,2026-01-31,08,quantile,0.95,153.0
2026-01-31,wk inc flu hosp,0,2026-01-31,08,quantile,0.975,159.0
2026-01-31,wk inc flu hosp,0,2026-01-31,08,quantile,0.99,168.0
2026-01-31,wk inc flu hosp,0,2026-01-31,09,quantile,0.01,0.0
2026-01-31,wk inc flu hosp,0,2026-01-31,09,quantile,0.025,1.0
2026-01-31,wk inc flu hosp,0,2026-01-31,09,quantile,0.05,6.0
2026-01-31,wk inc flu hosp,0,2026-01-31,09,quantile,0.1,14.0
2026-01-31,wk inc flu hosp,0,2026-01-31,09,quantile,0.15,15.0
2026-01-31,wk inc flu hosp,0,2026-01-31,09,quantile,0.2,15.0
2026-01-31,wk inc flu hosp,0,2026-01-31,09,quantile,0.25,15.0
2026-01-31,wk inc flu hosp,0,2026-01-31,09,quantile,0.3,15.0
2026-01-31,wk inc flu hosp,0,2026-01-31,09,quantile,0.35,16.0
2026-01-31,wk inc flu hosp,0,2026-01-31,09,quantile,0.4,16.0
2026-01-31,wk inc flu hosp,0,2026-01-31,09,quantile,0.45,16.0
2026-01-31,wk inc flu hosp,0,2026-01-31,09,quantile,0.5,16.0
2026-01-31,wk inc flu hosp,0,2026-01-31,09,quantile,0.55,16.0
2026-01-31,wk inc flu hosp,0,2026-01-31,09,quantile,0.6,17.0
2026-01-31,wk inc flu hosp,0,2026-01-31,09,quantile,0.65,17.0
2026-01-31,wk inc flu hosp,0,2026-01-31,09,quantile,0.7,18.0
2026-01-31,wk inc flu hosp,0,2026-01-31,09,quantile,0.75,20.0
2026-01-31,wk inc flu hosp,0,2026-01-31,09,quantile,0.8,22.0
2026-01-31,wk inc flu hosp,0,2026-01-31,09,quantile,0.85,24.0
2026-01-31,wk inc flu hosp,0,2026-01-31,09,quantile,0.9,27.0
2026-01-31,wk inc flu hosp,0,2026-01-31,09,quantile,0.95,31.0
2026-01-31,wk inc flu hosp,0,2026-01-31,09,quantile,0.975,35.0
2026-01-31,wk inc flu hosp,0,2026-01-31,09,quantile,0.99,38.0
2026-01-31,wk inc flu hosp,0,2026-01-31,10,quantile,0.01,8.0
2026-01-31,wk inc flu hosp,0,2026-01-31,10,quantile,0.025,11.0
2026-01-31,wk inc flu hosp,0,2026-01-31,10,quantile,0.05,13.0
2026-01-31,wk inc flu hosp,0,2026-01-31,10,quantile,0.1,15.0
2026-01-31,wk inc flu hosp,0,2026-01-31,10,quantile,0.15,19.0
2026-01-31,wk inc flu hosp,0,2026-01-31,10,quantile,0.2,26.0
2026-01-31,wk inc flu hosp,0,2026-01-31,10,quantile,0.25,30.0
2026-01-31,wk inc flu hosp,0,2026-01-31,10,quantile,0.3,33.0
2026-01-31,wk inc flu hosp,0,2026-01-31,10,quantile,0.35,37.0
2026-01-31,wk inc flu hosp,0,2026-01-31,10,quantile,0.4,40.0
2026-01-31,wk inc flu hosp,0,2026-01-31,10,quantile,0.45,41.0
2026-01-31,wk inc flu hosp,0,2026-01-31,10,quantile,0.5,42.0
2026-01-31,wk inc flu hosp,0,2026-01-31,10,quantile,0.55,43.0
2026-01-31,wk inc flu hosp,0,2026-01-31,10,quantile,0.6,44.0
2026-01-31,wk inc flu hosp,0,2026-01-31,10,quantile,0.65,45.0
2026-01-31,wk inc flu hosp,0,2026-01-31,10,quantile,0.7,46.0
2026-01-31,wk inc flu hosp,0,2026-01-31,10,quantile,0.75,48.0
2026-01-31,wk inc flu hosp,0,2026-01-31,10,quantile,0.8,49.0
2026-01-31,wk inc flu hosp,0,2026-01-31,10,quantile,0.85,50.0
2026-01-31,wk inc flu hosp,0,2026-01-31,10,quantile,0.9,52.0
2026-01-31,wk inc flu hosp,0,2026-01-31,10,quantile,0.95,56.0
2026-01-31,wk inc flu hosp,0,2026-01-31,10,quantile,0.975,58.0
2026-01-31,wk inc flu hosp,0,2026-01-31,10,quantile,0.99,61.0
2026-01-31,wk inc flu hosp,0,2026-01-31,11,quantile,0.01,0.0
2026-01-31,wk inc flu hosp,0,2026-01-31,11,quantile,0.025,0.0
2026-01-31,wk inc flu hosp,0,2026-01-31,11,quantile,0.05,0.0
2026-01-31,wk inc flu hosp,0,2026-01-31,11,quantile,0.1,0.0
2026-01-31,wk inc flu hosp,0,2026-01-31,11,quantile,0.15,0.0
2026-01-31,wk inc flu hosp,0,2026-01-31,11,quantile,0.2,0.0
2026-01-31,wk inc flu hosp,0,2026-01-31,11,quantile,0.25,0.0
2026-01-31,wk inc flu hosp,0,2026-01-31,11,quantile,0.3,1.0
2026-01-31,wk inc flu hosp,0,2026-01-31,11,quantile,0.35,4.0
2026-01-31,wk inc flu hosp,0,2026-01-31,11,quantile,0.4,6.0
2026-01-31,wk inc flu hosp,0,2026-01-31,11,quantile,0.45,7.0
2026-01-31,wk inc flu hosp,0,2026-01-31,11,quantile,0.5,8.0
2026-01-31,wk inc flu hosp,0,2026-01-31,11,quantile,0.55,9.0
2026-01-31,wk inc flu hosp,0,2026-01-31,11,quantile,0.6,10.0
2026-01-31,wk inc flu hosp,0,2026-01-31,11,quantile,0.65,11.0
2026-01-31,wk inc flu hosp,0,2026-01-31,11,quantile,0.7,11.0
2026-01-31,wk inc flu hosp,0,2026-01-31,11,quantile,0.75,13.0
2026-01-31,wk inc flu hosp,0,2026-01-31,11,quantile,0.8,14.0
2026-01-31,wk inc flu hosp,0,2026-01-31,11,quantile,0.85,15.0
2026-01-31,wk inc flu hosp,0,2026-01-31,11,quantile,0.9,17.0
2026-01-31,wk inc flu hosp,0,2026-01-31,11,quantile,0.95,20.0
2026-01-31,wk inc flu hosp,0,2026-01-31,11,quantile,0.975,24.0
2026-01-31,wk inc flu hosp,0,2026-01-31,11,quantile,0.99,29.0
2026-01-31,wk inc flu hosp,0,2026-01-31,12,quantile,0.01,514.0
2026-01-31,wk inc flu hosp,0,2026-01-31,12,quantile,0.025,587.0
2026-01-31,wk inc flu hosp,0,2026-01-31,12,quantile,0.05,644.0
2026-01-31,wk inc flu hosp,0,2026-01-31,12,quantile,0.1,708.0
2026-01-31,wk inc flu hosp,0,2026-01-31,12,quantile,0.15,747.0
2026-01-31,wk inc flu hosp,0,2026-01-31,12,quantile,0.2,770.0
2026-01-31,wk inc flu hosp,0,2026-01-31,12,quantile,0.25,793.0
2026-01-31,wk inc flu hosp,0,2026-01-31,12,quantile,0.3,814.0
2026-01-31,wk inc flu hosp,0,2026-01-31,12,quantile,0.35,830.0
2026-01-31,wk inc flu hosp,0,2026-01-31,12,quantile,0.4,845.0
2026-01-31,wk inc flu hosp,0,2026-01-31,12,quantile,0.45,863.0
2026-01-31,wk inc flu hosp,0,2026-01-31,12,quantile,0.5,880.0
2026-01-31,wk inc flu hosp,0,2026-01-31,12,quantile,0.55,892.0
2026-01-31,wk inc flu hosp,0,2026-01-31,12,quantile,0.6,912.0
2026-01-31,wk inc flu hosp,0,2026-01-31,12,quantile,0.65,930.0
2026-01-31,wk inc flu hosp,0,2026-01-31,12,quantile,0.7,956.0
2026-01-31,wk inc flu hosp,0,2026-01-31,12,quantile,0.75,985.0
2026-01-31,wk inc flu hosp,0,2026-01-31,12,quantile,0.8,1008.0
2026-01-31,wk inc flu hosp,0,2026-01-31,12,quantile,0.85,1028.0
2026-01-31,wk inc flu hosp,0,2026-01-31,12,quantile,0.9,1062.0
2026-01-31,wk inc flu hosp,0,2026-01-31,12,quantile,0.95,1101.0
2026-01-31,wk inc flu hosp,0,2026-01-31,12,quantile,0.975,1127.0
2026-01-31,wk inc flu hosp,0,2026-01-31,12,quantile,0.99,1171.0
2026-01-31,wk inc flu hosp,0,2026-01-31,13,quantile,0.01,28.0
2026-01-31,wk inc flu hosp,0,2026-01-31,13,quantile,0.025,42.0
2026-01-31,wk inc flu hosp,0,2026-01-31,13,quantile,0.05,72.0
2026-01-31,wk inc flu hosp,0,2026-01-31,13,quantile,0.1,108.0
2026-01-31,wk inc flu hosp,0,2026-01-31,13,quantile,0.15,136.0
2026-01-31,wk inc flu hosp,0,2026-01-31,13,quantile,0.2,156.0
2026-01-31,wk inc flu hosp,0,2026-01-31,13,quantile,0.25,171.0
2026-01-31,wk inc flu hosp,0,2026-01-31,13,quantile,0.3,181.0
2026-01-31,wk inc flu hosp,0,2026-01-31,13,quantile,0.35,186.0
2026-01-31,wk inc flu hosp,0,2026-01-31,13,quantile,0.4,191.0
2026-01-31,wk inc flu hosp,0,2026-01-31,13,quantile,0.45,197.0
2026-01-31,wk inc flu hosp,0,2026-01-31,13,quantile,0.5,204.0
2026-01-31,wk inc flu hosp,0,2026-01-31,13,quantile,0.55,209.0
2026-01-31,wk inc flu hosp,0,2026-01-31,13,quantile,0.6,216.0
2026-01-31,wk inc flu hosp,0,2026-01-31,13,quantile,0.65,222.0
2026-01-31,wk inc flu hosp,0,2026-01-31,13,quantile,0.7,229.0
2026-01-31,wk inc flu hosp,0,2026-01-31,13,quantile,0.75,238.0
2026-01-31,wk inc flu hosp,0,2026-01-31,13,quantile,0.8,248.0
2026-01-31,wk inc flu hosp,0,2026-01-31,13,quantile,0.85,258.0
2026-01-31,wk inc flu hosp,0,2026-01-31,13,quantile,0.9,272.0
2026-01-31,wk inc flu hosp,0,2026-01-31,13,quantile,0.95,295.0
2026-01-31,wk inc flu hosp,0,2026-01-31,13,quantile,0.975,310.0
2026-01-31,wk inc flu hosp,0,2026-01-31,13,quantile,0.99,326.0
2026-01-31,wk inc flu hosp,0,2026-01-31,15,quantile,0.01,0.0
2026-01-31,wk inc flu hosp,0,2026-01-31,15,quantile,0.025,0.0
2026-01-31,wk inc flu hosp,0,2026-01-31,15,quantile,0.05,1.0
2026-01-31,wk inc flu hosp,0,2026-01-31,15,quantile,0.1,4.0
2026-01-31,wk inc flu hosp,0,2026-01-31,15,quantile,0.15,7.0
2026-01-31,wk inc flu hosp,0,2026-01-31,15,quantile,0.2,12.0
2026-01-31,wk inc flu hosp,0,2026-01-31,15,quantile,0.25,16.0
2026-01-31,wk inc flu hosp,0,2026-01-31,15,quantile,0.3,20.0
2026-01-31,wk inc flu hosp,0,2026-01-31,15,quantile,0.35,22.0
2026-01-31,wk inc flu hosp,0,2026-01-31,15,quantile,0.4,24.0
2026-01-31,wk inc flu hosp,0,2026-01-31,15,quantile,0.45,25.0
2026-01-31,wk inc flu hosp,0,2026-01-31,15,quantile,0.5,27.0
2026-01-31,wk inc flu hosp,0,2026-01-31,15,quantile,0.55,28.0
2026-01-31,wk inc flu hosp,0,2026-01-31,15,quantile,0.6,30.0
2026-01-31,wk inc flu hosp,0,2026-01-31,15,quantile,0.65,31.0
2026-01-31,wk inc flu hosp,0,2026-01-31,15,quantile,0.7,33.0
2026-01-31,wk inc flu hosp,0,2026-01-31,15,quantile,0.75,35.0
2026-01-31,wk inc flu hosp,0,2026-01-31,15,quantile,0.8,39.0
2026-01-31,wk inc flu hosp,0,2026-01-31,15,quantile,0.85,42.0
2026-01-31,wk inc flu hosp,0,2026-01-31,15,quantile,0.9,46.0
2026-01-31,wk inc flu hosp,0,2026-01-31,15,quantile,0.95,52.0
2026-01-31,wk inc flu hosp,0,2026-01-31,15,quantile,0.975,56.0
2026-01-31,wk inc flu hosp,0,2026-01-31,15,quantile,0.99,59.0
2026-01-31,wk inc flu hosp,0,2026-01-31,16,quantile,0.01,3.0
2026-01-31,wk inc flu hosp,0,2026-01-31,16,quantile,0.025,7.0
2026-01-31,wk inc flu hosp,0,2026-01-31,16,quantile,0.05,10.0
2026-01-31,wk inc flu hosp,0,2026-01-31,16,quantile,0.1,15.0
2026-01-31,wk inc flu hosp,0,2026-01-31,16,quantile,0.15,24.0
2026-01-31,wk inc flu hosp,0,2026-01-31,16,quantile,0.2,29.0
2026-01-31,wk inc flu hosp,0,2026-01-31,16,quantile,0.25,34.0
2026-01-31,wk inc flu hosp,0,2026-01-31,16,quantile,0.3,38.0
2026-01-31,wk inc flu hosp,0,2026-01-31,16,quantile,0.35,41.0
2026-01-31,wk inc flu hosp,0,2026-01-31,16,quantile,0.4,43.0
2026-01-31,wk inc flu hosp,0,2026-01-31,16,quantile,0.45,44.0
2026-01-31,wk inc flu hosp,0,2026-01-31,16,quantile,0.5,45.0
2026-01-31,wk inc flu hosp,0,2026-01-31,16,quantile,0.55,46.0
2026-01-31,wk inc flu hosp,0,2026-01-31,16,quantile,0.6,48.0
2026-01-31,wk inc flu hosp,0,2026-01-31,16,quantile,0.65,49.0
2026-01-31,wk inc flu hosp,0,2026-01-31,16,quantile,0.7,50.0
2026-01-31,wk inc flu hosp,0,2026-01-31,16,quantile,0.75,52.0
2026-01-31,wk inc flu hosp,0,2026-01-31,16,quantile,0.8,53.0
2026-01-31,wk inc flu hosp,0,2026-01-31,16,quantile,0.85,55.0
2026-01-31,wk inc flu hosp,0,2026-01-31,16,quantile,0.9,59.0
2026-01-31,wk inc flu hosp,0,2026-01-31,16,quantile,0.95,69.0
2026-01-31,wk inc flu hosp,0,2026-01-31,16,quantile,0.975,75.0
2026-01-31,wk inc flu hosp,0,2026-01-31,16,quantile,0.99,80.0
2026-01-31,wk inc flu hosp,0,2026-01-31,17,quantile,0.01,18.0
2026-01-31,wk inc flu hosp,0,2026-01-31,17,quantile,0.025,53.0
2026-01-31,wk inc flu hosp,0,2026-01-31,17,quantile,0.05,140.0
2026-01-31,wk inc flu hosp,0,2026-01-31,17,quantile,0.1,214.0
2026-01-31,wk inc flu hosp,0,2026-01-31,17,quantile,0.15,259.0
2026-01-31,wk inc flu hosp,0,2026-01-31,17,quantile,0.2,280.0
2026-01-31,wk inc flu hosp,0,2026-01-31,17,quantile,0.25,297.0
2026-01-31,wk inc flu hosp,0,2026-01-31,17,quantile,0.3,313.0
2026-01-31,wk inc flu hosp,0,2026-01-31,17,quantile,0.35,326.0
2026-01-31,wk inc flu hosp,0,2026-01-31,17,quantile,0.4,337.0
2026-01-31,wk inc flu hosp,0,2026-01-31,17,quantile,0.45,351.0
2026-01-31,wk inc flu hosp,0,2026-01-31,17,quantile,0.5,363.0
2026-01-31,wk inc flu hosp,0,2026-01-31,17,quantile,0.55,376.0
2026-01-31,wk inc flu hosp,0,2026-01-31,17,quantile,0.6,392.0
2026-01-31,wk inc flu hosp,0,2026-01-31,17,quantile,0.65,406.0
2026-01-31,wk inc flu hosp,0,2026-01-31,17,quantile,0.7,418.0
2026-01-31,wk inc flu hosp,0,2026-01-31,17,quantile,0.75,436.0
2026-01-31,wk inc flu hosp,0,2026-01-31,17,quantile,0.8,454.0
2026-01-31,wk inc flu hosp,0,2026-01-31,17,quantile,0.85,472.0
2026-01-31,wk inc flu hosp,0,2026-01-31,17,quantile,0.9,503.0
2026-01-31,wk inc flu hosp,0,2026-01-31,17,quantile,0.95,546.0
2026-01-31,wk inc flu hosp,0,2026-01-31,17,quantile,0.975,588.0
2026-01-31,wk inc flu hosp,0,2026-01-31,17,quantile,0.99,636.0
2026-01-31,wk inc flu hosp,0,2026-01-31,18,quantile,0.01,37.0
2026-01-31,wk inc flu hosp,0,2026-01-31,18,quantile,0.025,52.0
2026-01-31,wk inc flu hosp,0,2026-01-31,18,quantile,0.05,61.0
2026-01-31,wk inc flu hosp,0,2026-01-31,18,quantile,0.1,101.0
2026-01-31,wk inc flu hosp,0,2026-01-31,18,quantile,0.15,129.0
2026-01-31,wk inc flu hosp,0,2026-01-31,18,quantile,0.2,151.0
2026-01-31,wk inc flu hosp,0,2026-01-31,18,quantile,0.25,167.0
2026-01-31,wk inc flu hosp,0,2026-01-31,18,quantile,0.3,183.0
2026-01-31,wk inc flu hosp,0,2026-01-31,18,quantile,0.35,188.0
2026-01-31,wk inc flu hosp,0,2026-01-31,18,quantile,0.4,193.0
2026-01-31,wk inc flu hosp,0,2026-01-31,18,quantile,0.45,199.0
2026-01-31,wk inc flu hosp,0,2026-01-31,18,quantile,0.5,204.0
2026-01-31,wk inc flu hosp,0,2026-01-31,18,quantile,0.55,208.0
2026-01-31,wk inc flu hosp,0,2026-01-31,18,quantile,0.6,214.0
2026-01-31,wk inc flu hosp,0,2026-01-31,18,quantile,0.65,219.0
2026-01-31,wk inc flu hosp,0,2026-01-31,18,quantile,0.7,224.0
2026-01-31,wk inc flu hosp,0,2026-01-31,18,quantile,0.75,232.0
2026-01-31,wk inc flu hosp,0,2026-01-31,18,quantile,0.8,241.0
2026-01-31,wk inc flu hosp,0,2026-01-31,18,quantile,0.85,249.0
2026-01-31,wk inc flu hosp,0,2026-01-31,18,quantile,0.9,263.0
2026-01-31,wk inc flu hosp,0,2026-01-31,18,quantile,0.95,290.0
2026-01-31,wk inc flu hosp,0,2026-01-31,18,quantile,0.975,312.0
2026-01-31,wk inc flu hosp,0,2026-01-31,18,quantile,0.99,334.0
2026-01-31,wk inc flu hosp,0,2026-01-31,19,quantile,0.01,73.0
2026-01-31,wk inc flu hosp,0,2026-01-31,19,quantile,0.025,81.0
2026-01-31,wk inc flu hosp,0,2026-01-31,19,quantile,0.05,90.0
2026-01-31,wk inc flu hosp,0,2026-01-31,19,quantile,0.1,103.0
2026-01-31,wk inc flu hosp,0,2026-01-31,19,quantile,0.15,111.0
2026-01-31,wk inc flu hosp,0,2026-01-31,19,quantile,0.2,119.0
2026-01-31,wk inc flu hosp,0,2026-01-31,19,quantile,0.25,124.0
2026-01-31,wk inc flu hosp,0,2026-01-31,19,quantile,0.3,129.0
2026-01-31,wk inc flu hosp,0,2026-01-31,19,quantile,0.35,135.0
2026-01-31,wk inc flu hosp,0,2026-01-31,19,quantile,0.4,139.0
2026-01-31,wk inc flu hosp,0,2026-01-31,19,quantile,0.45,143.0
2026-01-31,wk inc flu hosp,0,2026-01-31,19,quantile,0.5,146.0
2026-01-31,wk inc flu hosp,0,2026-01-31,19,quantile,0.55,150.0
2026-01-31,wk inc flu hosp,0,2026-01-31,19,quantile,0.6,152.0
2026-01-31,wk inc flu hosp,0,2026-01-31,19,quantile,0.65,153.0
2026-01-31,wk inc flu hosp,0,2026-01-31,19,quantile,0.7,155.0
2026-01-31,wk inc flu hosp,0,2026-01-31,19,quantile,0.75,158.0
2026-01-31,wk inc flu hosp,0,2026-01-31,19,quantile,0.8,161.0
2026-01-31,wk inc flu hosp,0,2026-01-31,19,quantile,0.85,163.0
2026-01-31,wk inc flu hosp,0,2026-01-31,19,quantile,0.9,167.0
2026-01-31,wk inc flu hosp,0,2026-01-31,19,quantile,0.95,174.0
2026-01-31,wk inc flu hosp,0,2026-01-31,19,quantile,0.975,181.0
2026-01-31,wk inc flu hosp,0,2026-01-31,19,quantile,0.99,188.0
2026-01-31,wk inc flu hosp,0,2026-01-31,20,quantile,0.01,50.0
2026-01-31,wk inc flu hosp,0,2026-01-31,20,quantile,0.025,69.0
2026-01-31,wk inc flu hosp,0,2026-01-31,20,quantile,0.05,88.0
2026-01-31,wk inc flu hosp,0,2026-01-31,20,quantile,0.1,109.0
2026-01-31,wk inc flu hosp,0,2026-01-31,20,quantile,0.15,123.0
2026-01-31,wk inc flu hosp,0,2026-01-31,20,quantile,0.2,134.0
2026-01-31,wk inc flu hosp,0,2026-01-31,20,quantile,0.25,144.0
2026-01-31,wk inc flu hosp,0,2026-01-31,20,quantile,0.3,152.0
2026-01-31,wk inc flu hosp,0,2026-01-31,20,quantile,0.35,156.0
2026-01-31,wk inc flu hosp,0,2026-01-31,20,quantile,0.4,159.0
2026-01-31,wk inc flu hosp,0,2026-01-31,20,quantile,0.45,162.0
2026-01-31,wk inc flu hosp,0,2026-01-31,20,quantile,0.5,165.0
2026-01-31,wk inc flu hosp,0,2026-01-31,20,quantile,0.55,167.0
2026-01-31,wk inc flu hosp,0,2026-01-31,20,quantile,0.6,169.0
2026-01-31,wk inc flu hosp,0,2026-01-31,20,quantile,0.65,172.0
2026-01-31,wk inc flu hosp,0,2026-01-31,20,quantile,0.7,174.0
2026-01-31,wk inc flu hosp,0,2026-01-31,20,quantile,0.75,177.0
2026-01-31,wk inc flu hosp,0,2026-01-31,20,quantile,0.8,181.0
2026-01-31,wk inc flu hosp,0,2026-01-31,20,quantile,0.85,184.0
2026-01-31,wk inc flu hosp,0,2026-01-31,20,quantile,0.9,189.0
2026-01-31,wk inc flu hosp,0,2026-01-31,20,quantile,0.95,198.0
2026-01-31,wk inc flu hosp,0,2026-01-31,20,quantile,0.975,204.0
2026-01-31,wk inc flu hosp,0,2026-01-31,20,quantile,0.99,229.0
2026-01-31,wk inc flu hosp,0,2026-01-31,21,quantile,0.01,0.0
2026-01-31,wk inc flu hosp,0,2026-01-31,21,quantile,0.025,0.0
2026-01-31,wk inc flu hosp,0,2026-01-31,21,quantile,0.05,0.0
2026-01-31,wk inc flu hosp,0,2026-01-31,21,quantile,0.1,15.0
2026-01-31,wk inc flu hosp,0,2026-01-31,21,quantile,0.15,29.0
2026-01-31,wk inc flu hosp,0,2026-01-31,21,quantile,0.2,52.0
2026-01-31,wk inc flu hosp,0,2026-01-31,21,quantile,0.25,93.0
2026-01-31,wk inc flu hosp,0,2026-01-31,21,quantile,0.3,121.0
2026-01-31,wk inc flu hosp,0,2026-01-31,21,quantile,0.35,139.0
2026-01-31,wk inc flu hosp,0,2026-01-31,21,quantile,0.4,146.0
2026-01-31,wk inc flu hosp,0,2026-01-31,21,quantile,0.45,154.0
2026-01-31,wk inc flu hosp,0,2026-01-31,21,quantile,0.5,162.0
2026-01-31,wk inc flu hosp,0,2026-01-31,21,quantile,0.55,169.0
2026-01-31,wk inc flu hosp,0,2026-01-31,21,quantile,0.6,178.0
2026-01-31,wk inc flu hosp,0,2026-01-31,21,quantile,0.65,186.0
2026-01-31,wk inc flu hosp,0,2026-01-31,21,quantile,0.7,193.0
2026-01-31,wk inc flu hosp,0,2026-01-31,21,quantile,0.75,205.0
2026-01-31,wk inc flu hosp,0,2026-01-31,21,quantile,0.8,217.0
2026-01-31,wk inc flu hosp,0,2026-01-31,21,quantile,0.85,231.0
2026-01-31,wk inc flu hosp,0,2026-01-31,21,quantile,0.9,253.0
2026-01-31,wk inc flu hosp,0,2026-01-31,21,quantile,0.95,287.0
2026-01-31,wk inc flu hosp,0,2026-01-31,21,quantile,0.975,308.0
2026-01-31,wk inc flu hosp,0,2026-01-31,21,quantile,0.99,327.0
2026-01-31,wk inc flu hosp,0,2026-01-31,22,quantile,0.01,114.0
2026-01-31,wk inc flu hosp,0,2026-01-31,22,quantile,0.025,124.0
2026-01-31,wk inc flu hosp,0,2026-01-31,22,quantile,0.05,135.0
2026-01-31,wk inc flu hosp,0,2026-01-31,22,quantile,0.1,148.0
2026-01-31,wk inc flu hosp,0,2026-01-31,22,quantile,0.15,158.0
2026-01-31,wk inc flu hosp,0,2026-01-31,22,quantile,0.2,166.0
2026-01-31,wk inc flu hosp,0,2026-01-31,22,quantile,0.25,173.0
2026-01-31,wk inc flu hosp,0,2026-01-31,22,quantile,0.3,181.0
2026-01-31,wk inc flu hosp,0,2026-01-31,22,quantile,0.35,186.0
2026-01-31,wk inc flu hosp,0,2026-01-31,22,quantile,0.4,193.0
2026-01-31,wk inc flu hosp,0,2026-01-31,22,quantile,0.45,199.0
2026-01-31,wk inc flu hosp,0,2026-01-31,22,quantile,0.5,205.0
2026-01-31,wk inc flu hosp,0,2026-01-31,22,quantile,0.55,209.0
2026-01-31,wk inc flu hosp,0,2026-01-31,22,quantile,0.6,213.0
2026-01-31,wk inc flu hosp,0,2026-01-31,22,quantile,0.65,218.0
2026-01-31,wk inc flu hosp,0,2026-01-31,22,quantile,0.7,225.0
2026-01-31,wk inc flu hosp,0,2026-01-31,22,quantile,0.75,234.0
2026-01-31,wk inc flu hosp,0,2026-01-31,22,quantile,0.8,244.0
2026-01-31,wk inc flu hosp,0,2026-01-31,22,quantile,0.85,253.0
2026-01-31,wk inc flu hosp,0,2026-01-31,22,quantile,0.9,268.0
2026-01-31,wk inc flu hosp,0,2026-01-31,22,quantile,0.95,294.0
2026-01-31,wk inc flu hosp,0,2026-01-31,22,quantile,0.975,312.0
2026-01-31,wk inc flu hosp,0,2026-01-31,22,quantile,0.99,326.0
2026-01-31,wk inc flu hosp,0,2026-01-31,23,quantile,0.01,9.0
2026-01-31,wk inc flu hosp,0,2026-01-31,23,quantile,0.025,11.0
2026-01-31,wk inc flu hosp,0,2026-01-31,23,quantile,0.05,13.0
2026-01-31,wk inc flu hosp,0,2026-01-31,23,quantile,0.1,19.0
2026-01-31,wk inc flu hosp,0,2026-01-31,23,quantile,0.15,25.0
2026-01-31,wk inc flu hosp,0,2026-01-31,23,quantile,0.2,30.0
2026-01-31,wk inc flu hosp,0,2026-01-31,23,quantile,0.25,34.0
2026-01-31,wk inc flu hosp,0,2026-01-31,23,quantile,0.3,38.0
2026-01-31,wk inc flu hosp,0,2026-01-31,23,quantile,0.35,41.0
2026-01-31,wk inc flu hosp,0,2026-01-31,23,quantile,0.4,45.0
2026-01-31,wk inc flu hosp,0,2026-01-31,23,quantile,0.45,47.0
2026-01-31,wk inc flu hosp,0,2026-01-31,23,quantile,0.5,48.0
2026-01-31,wk inc flu hosp,0,2026-01-31,23,quantile,0.55,49.0
2026-01-31,wk inc flu hosp,0,2026-01-31,23,quantile,0.6,50.0
2026-01-31,wk inc flu hosp,0,2026-01-31,23,quantile,0.65,51.0
2026-01-31,wk inc flu hosp,0,2026-01-31,23,quantile,0.7,52.0
2026-01-31,wk inc flu hosp,0,2026-01-31,23,quantile,0.75,54.0
2026-01-31,wk inc flu hosp,0,2026-01-31,23,quantile,0.8,55.0
2026-01-31,wk inc flu hosp,0,2026-01-31,23,quantile,0.85,57.0
2026-01-31,wk inc flu hosp,0,2026-01-31,23,quantile,0.9,59.0
2026-01-31,wk inc flu hosp,0,2026-01-31,23,quantile,0.95,63.0
2026-01-31,wk inc flu hosp,0,2026-01-31,23,quantile,0.975,66.0
2026-01-31,wk inc flu hosp,0,2026-01-31,23,quantile,0.99,69.0
2026-01-31,wk inc flu hosp,0,2026-01-31,24,quantile,0.01,11.0
2026-01-31,wk inc flu hosp,0,2026-01-31,24,quantile,0.025,20.0
2026-01-31,wk inc flu hosp,0,2026-01-31,24,quantile,0.05,29.0
2026-01-31,wk inc flu hosp,0,2026-01-31,24,quantile,0.1,47.0
2026-01-31,wk inc flu hosp,0,2026-01-31,24,quantile,0.15,62.0
2026-01-31,wk inc flu hosp,0,2026-01-31,24,quantile,0.2,72.0
2026-01-31,wk inc flu hosp,0,2026-01-31,24,quantile,0.25,83.0
2026-01-31,wk inc flu hosp,0,2026-01-31,24,quantile,0.3,91.0
2026-01-31,wk inc flu hosp,0,2026-01-31,24,quantile,0.35,99.0
2026-01-31,wk inc flu hosp,0,2026-01-31,24,quantile,0.4,105.0
2026-01-31,wk inc flu hosp,0,2026-01-31,24,quantile,0.45,111.0
2026-01-31,wk inc flu hosp,0,2026-01-31,24,quantile,0.5,116.0
2026-01-31,wk inc flu hosp,0,2026-01-31,24,quantile,0.55,121.0
2026-01-31,wk inc flu hosp,0,2026-01-31,24,quantile,0.6,127.0
2026-01-31,wk inc flu hosp,0,2026-01-31,24,quantile,0.65,133.0
2026-01-31,wk inc flu hosp,0,2026-01-31,24,quantile,0.7,140.0
2026-01-31,wk inc flu hosp,0,2026-01-31,24,quantile,0.75,148.0
2026-01-31,wk inc flu hosp,0,2026-01-31,24,quantile,0.8,159.0
2026-01-31,wk inc flu hosp,0,2026-01-31,24,quantile,0.85,170.0
2026-01-31,wk inc flu hosp,0,2026-01-31,24,quantile,0.9,185.0
2026-01-31,wk inc flu hosp,0,2026-01-31,24,quantile,0.95,202.0
2026-01-31,wk inc flu hosp,0,2026-01-31,24,quantile,0.975,214.0
2026-01-31,wk inc flu hosp,0,2026-01-31,24,quantile,0.99,225.0
2026-01-31,wk inc flu hosp,0,2026-01-31,25,quantile,0.01,47.0
2026-01-31,wk inc flu hosp,0,2026-01-31,25,quantile,0.025,60.0
2026-01-31,wk inc flu hosp,0,2026-01-31,25,quantile,0.05,75.0
2026-01-31,wk inc flu hosp,0,2026-01-31,25,quantile,0.1,89.0
2026-01-31,wk inc flu hosp,0,2026-01-31,25,quantile,0.15,96.0
2026-01-31,wk inc flu hosp,0,2026-01-31,25,quantile,0.2,104.0
2026-01-31,wk inc flu hosp,0,2026-01-31,25,quantile,0.25,111.0
2026-01-31,wk inc flu hosp,0,2026-01-31,25,quantile,0.3,118.0
2026-01-31,wk inc flu hosp,0,2026-01-31,25,quantile,0.35,124.0
2026-01-31,wk inc flu hosp,0,2026-01-31,25,quantile,0.4,131.0
2026-01-31,wk inc flu hosp,0,2026-01-31,25,quantile,0.45,135.0
2026-01-31,wk inc flu hosp,0,2026-01-31,25,quantile,0.5,139.0
2026-01-31,wk inc flu hosp,0,2026-01-31,25,quantile,0.55,142.0
2026-01-31,wk inc flu hosp,0,2026-01-31,25,quantile,0.6,145.0
2026-01-31,wk inc flu hosp,0,2026-01-31,25,quantile,0.65,149.0
2026-01-31,wk inc flu hosp,0,2026-01-31,25,quantile,0.7,152.0
2026-01-31,wk inc flu hosp,0,2026-01-31,25,quantile,0.75,157.0
2026-01-31,wk inc flu hosp,0,2026-01-31,25,quantile,0.8,161.0
2026-01-31,wk inc flu hosp,0,2026-01-31,25,quantile,0.85,167.0
2026-01-31,wk inc flu hosp,0,2026-01-31,25,quantile,0.9,176.0
2026-01-31,wk inc flu hosp,0,2026-01-31,25,quantile,0.95,189.0
2026-01-31,wk inc flu hosp,0,2026-01-31,25,quantile,0.975,200.0
2026-01-31,wk inc flu hosp,0,2026-01-31,25,quantile,0.99,211.0
2026-01-31,wk inc flu hosp,0,2026-01-31,26,quantile,0.01,105.0
2026-01-31,wk inc flu hosp,0,2026-01-31,26,quantile,0.025,140.0
2026-01-31,wk inc flu hosp,0,2026-01-31,26,quantile,0.05,172.0
2026-01-31,wk inc flu hosp,0,2026-01-31,26,quantile,0.1,205.0
2026-01-31,wk inc flu hosp,0,2026-01-31,26,quantile,0.15,228.0
2026-01-31,wk inc flu hosp,0,2026-01-31,26,quantile,0.2,245.0
2026-01-31,wk inc flu hosp,0,2026-01-31,26,quantile,0.25,261.0
2026-01-31,wk inc flu hosp,0,2026-01-31,26,quantile,0.3,273.0
2026-01-31,wk inc flu hosp,0,2026-01-31,26,quantile,0.35,284.0
2026-01-31,wk inc flu hosp,0,2026-01-31,26,quantile,0.4,291.0
2026-01-31,wk inc flu hosp,0,2026-01-31,26,quantile,0.45,297.0
2026-01-31,wk inc flu hosp,0,2026-01-31,26,quantile,0.5,302.0
2026-01-31,wk inc flu hosp,0,2026-01-31,26,quantile,0.55,307.0
2026-01-31,wk inc flu hosp,0,2026-01-31,26,quantile,0.6,312.0
2026-01-31,wk inc flu hosp,0,2026-01-31,26,quantile,0.65,317.0
2026-01-31,wk inc flu hosp,0,2026-01-31,26,quantile,0.7,322.0
2026-01-31,wk inc flu hosp,0,2026-01-31,26,quantile,0.75,329.0
2026-01-31,wk inc flu hosp,0,2026-01-31,26,quantile,0.8,338.0
2026-01-31,wk inc flu hosp,0,2026-01-31,26,quantile,0.85,345.0
2026-01-31,wk inc flu hosp,0,2026-01-31,26,quantile,0.9,356.0
2026-01-31,wk inc flu hosp,0,2026-01-31,26,quantile,0.95,375.0
2026-01-31,wk inc flu hosp,0,2026-01-31,26,quantile,0.975,388.0
2026-01-31,wk inc flu hosp,0,2026-01-31,26,quantile,0.99,405.0
2026-01-31,wk inc flu hosp,0,2026-01-31,27,quantile,0.01,24.0
2026-01-31,wk inc flu hosp,0,2026-01-31,27,quantile,0.025,47.0
2026-01-31,wk inc flu hosp,0,2026-01-31,27,quantile,0.05,80.0
2026-01-31,wk inc flu hosp,0,2026-01-31,27,quantile,0.1,116.0
2026-01-31,wk inc flu hosp,0,2026-01-31,27,quantile,0.15,133.0
2026-01-31,wk inc flu hosp,0,2026-01-31,27,quantile,0.2,145.0
2026-01-31,wk inc flu hosp,0,2026-01-31,27,quantile,0.25,154.0
2026-01-31,wk inc flu hosp,0,2026-01-31,27,quantile,0.3,163.0
2026-01-31,wk inc flu hosp,0,2026-01-31,27,quantile,0.35,169.0
2026-01-31,wk inc flu hosp,0,2026-01-31,27,quantile,0.4,175.0
2026-01-31,wk inc flu hosp,0,2026-01-31,27,quantile,0.45,181.0
2026-01-31,wk inc flu hosp,0,2026-01-31,27,quantile,0.5,186.0
2026-01-31,wk inc flu hosp,0,2026-01-31,27,quantile,0.55,192.0
2026-01-31,wk inc flu hosp,0,2026-01-31,27,quantile,0.6,198.0
2026-01-31,wk inc flu hosp,0,2026-01-31,27,quantile,0.65,204.0
2026-01-31,wk inc flu hosp,0,2026-01-31,27,quantile,0.7,209.0
2026-01-31,wk inc flu hosp,0,2026-01-31,27,quantile,0.75,217.0
2026-01-31,wk inc flu hosp,0,2026-01-31,27,quantile,0.8,226.0
2026-01-31,wk inc flu hosp,0,2026-01-31,27,quantile,0.85,236.0
2026-01-31,wk inc flu hosp,0,2026-01-31,27,quantile,0.9,249.0
2026-01-31,wk inc flu hosp,0,2026-01-31,27,quantile,0.95,268.0
2026-01-31,wk inc flu hosp,0,2026-01-31,27,quantile,0.975,287.0
2026-01-31,wk inc flu hosp,0,2026-01-31,27,quantile,0.99,324.0
2026-01-31,wk inc flu hosp,0,2026-01-31,28,quantile,0.01,10.0
2026-01-31,wk inc flu hosp,0,2026-01-31,28,quantile,0.025,17.0
2026-01-31,wk inc flu hosp,0,2026-01-31,28,quantile,0.05,28.0
2026-01-31,wk inc flu hosp,0,2026-01-31,28,quantile,0.1,49.0
2026-01-31,wk inc flu hosp,0,2026-01-31,28,quantile,0.15,61.0
2026-01-31,wk inc flu hosp,0,2026-01-31,28,quantile,0.2,71.0
2026-01-31,wk inc flu hosp,0,2026-01-31,28,quantile,0.25,81.0
2026-01-31,wk inc flu hosp,0,2026-01-31,28,quantile,0.3,88.0
2026-01-31,wk inc flu hosp,0,2026-01-31,28,quantile,0.35,92.0
2026-01-31,wk inc flu hosp,0,2026-01-31,28,quantile,0.4,95.0
2026-01-31,wk inc flu hosp,0,2026-01-31,28,quantile,0.45,98.0
2026-01-31,wk inc flu hosp,0,2026-01-31,28,quantile,0.5,101.0
2026-01-31,wk inc flu hosp,0,2026-01-31,28,quantile,0.55,104.0
2026-01-31,wk inc flu hosp,0,2026-01-31,28,quantile,0.6,107.0
2026-01-31,wk inc flu hosp,0,2026-01-31,28,quantile,0.65,111.0
2026-01-31,wk inc flu hosp,0,2026-01-31,28,quantile,0.7,114.0
2026-01-31,wk inc flu hosp,0,2026-01-31,28,quantile,0.75,118.0
2026-01-31,wk inc flu hosp,0,2026-01-31,28,quantile,0.8,124.0
2026-01-31,wk inc flu hosp,0,2026-01-31,28,quantile,0.85,129.0
2026-01-31,wk inc flu hosp,0,2026-01-31,28,quantile,0.9,137.0
2026-01-31,wk inc flu hosp,0,2026-01-31,28,quantile,0.95,149.0
2026-01-31,wk inc flu hosp,0,2026-01-31,28,quantile,0.975,159.0
2026-01-31,wk inc flu hosp,0,2026-01-31,28,quantile,0.99,167.0
2026-01-31,wk inc flu hosp,0,2026-01-31,30,quantile,0.01,0.0
2026-01-31,wk inc flu hosp,0,2026-01-31,30,quantile,0.025,0.0
2026-01-31,wk inc flu hosp,0,2026-01-31,30,quantile,0.05,0.0
2026-01-31,wk inc flu hosp,0,2026-01-31,30,quantile,0.1,0.0
2026-01-31,wk inc flu hosp,0,2026-01-31,30,quantile,0.15,0.0
2026-01-31,wk inc flu hosp,0,2026-01-31,30,quantile,0.2,0.0
2026-01-31,wk inc flu hosp,0,2026-01-31,30,quantile,0.25,0.0
2026-01-31,wk inc flu hosp,0,2026-01-31,30,quantile,0.3,0.0
2026-01-31,wk inc flu hosp,0,2026-01-31,30,quantile,0.35,8.0
2026-01-31,wk inc flu hosp,0,2026-01-31,30,quantile,0.4,12.0
2026-01-31,wk inc flu hosp,0,2026-01-31,30,quantile,0.45,21.0
2026-01-31,wk inc flu hosp,0,2026-01-31,30,quantile,0.5,31.0
2026-01-31,wk inc flu hosp,0,2026-01-31,30,quantile,0.55,39.0
2026-01-31,wk inc flu hosp,0,2026-01-31,30,quantile,0.6,51.0
2026-01-31,wk inc flu hosp,0,2026-01-31,30,quantile,0.65,60.0
2026-01-31,wk inc flu hosp,0,2026-01-31,30,quantile,0.7,69.0
2026-01-31,wk inc flu hosp,0,2026-01-31,30,quantile,0.75,83.0
2026-01-31,wk inc flu hosp,0,2026-01-31,30,quantile,0.8,97.0
2026-01-31,wk inc flu hosp,0,2026-01-31,30,quantile,0.85,109.0
2026-01-31,wk inc flu hosp,0,2026-01-31,30,quantile,0.9,131.0
2026-01-31,wk inc flu hosp,0,2026-01-31,30,quantile,0.95,164.0
2026-01-31,wk inc flu hosp,0,2026-01-31,30,quantile,0.975,187.0
2026-01-31,wk inc flu hosp,0,2026-01-31,30,quantile,0.99,213.0
2026-01-31,wk inc flu hosp,0,2026-01-31,31,quantile,0.01,0.0
2026-01-31,wk inc flu hosp,0,2026-01-31,31,quantile,0.025,0.0
2026-01-31,wk inc flu hosp,0,2026-01-31,31,quantile,0.05,0.0
2026-01-31,wk inc flu hosp,0,2026-01-31,31,quantile,0.1,0.0
2026-01-31,wk inc flu hosp,0,2026-01-31,31,quantile,0.15,0.0
2026-01-31,wk inc flu hosp,0,2026-01-31,31,quantile,0.2,0.0
2026-01-31,wk inc flu hosp,0,2026-01-31,31,quantile,0.25,6.0
2026-01-31,wk inc flu hosp,0,2026-01-31,31,quantile,0.3,34.0
2026-01-31,wk inc flu hosp,0,2026-01-31,31,quantile,0.35,47.0
2026-01-31,wk inc flu hosp,0,2026-01-31,31,quantile,0.4,55.0
2026-01-31,wk inc flu hosp,0,2026-01-31,31,quantile,0.45,65.0
2026-01-31,wk inc flu hosp,0,2026-01-31,31,quantile,0.5,74.0
2026-01-31,wk inc flu hosp,0,2026-01-31,31,quantile,0.55,83.0
2026-01-31,wk inc flu hosp,0,2026-01-31,31,quantile,0.6,94.0
2026-01-31,wk inc flu hosp,0,2026-01-31,31,quantile,0.65,104.0
2026-01-31,wk inc flu hosp,0,2026-01-31,31,quantile,0.7,112.0
2026-01-31,wk inc flu hosp,0,2026-01-31,31,quantile,0.75,125.0
2026-01-31,wk inc flu hosp,0,2026-01-31,31,quantile,0.8,139.0
2026-01-31,wk inc flu hosp,0,2026-01-31,31,quantile,0.85,151.0
2026-01-31,wk inc flu hosp,0,2026-01-31,31,quantile,0.9,172.0
2026-01-31,wk inc flu hosp,0,2026-01-31,31,quantile,0.95,204.0
2026-01-31,wk inc flu hosp,0,2026-01-31,31,quantile,0.975,226.0
2026-01-31,wk inc flu hosp,0,2026-01-31,31,quantile,0.99,250.0
2026-01-31,wk inc flu hosp,0,2026-01-31,32,quantile,0.01,17.0
2026-01-31,wk inc flu hosp,0,2026-01-31,32,quantile,0.025,23.0
2026-01-31,wk inc flu hosp,0,2026-01-31,32,quantile,0.05,32.0
2026-01-31,wk inc flu hosp,0,2026-01-31,32,quantile,0.1,40.0
2026-01-31,wk inc flu hosp,0,2026-01-31,32,quantile,0.15,46.0
2026-01-31,wk inc flu hosp,0,2026-01-31,32,quantile,0.2,51.0
2026-01-31,wk inc flu hosp,0,2026-01-31,32,quantile,0.25,54.0
2026-01-31,wk inc flu hosp,0,2026-01-31,32,quantile,0.3,57.0
2026-01-31,wk inc flu hosp,0,2026-01-31,32,quantile,0.35,60.0
2026-01-31,wk inc flu hosp,0,2026-01-31,32,quantile,0.4,63.0
2026-01-31,wk inc flu hosp,0,2026-01-31,32,quantile,0.45,65.0
2026-01-31,wk inc flu hosp,0,2026-01-31,32,quantile,0.5,66.0
2026-01-31,wk inc flu hosp,0,2026-01-31,32,quantile,0.55,68.0
2026-01-31,wk inc flu hosp,0,2026-01-31,32,quantile,0.6,69.0
2026-01-31,wk inc flu hosp,0,2026-01-31,32,quantile,0.65,71.0
2026-01-31,wk inc flu hosp,0,2026-01-31,32,quantile,0.7,72.0
2026-01-31,wk inc flu hosp,0,2026-01-31,32,quantile,0.75,74.0
2026-01-31,wk inc flu hosp,0,2026-01-31,32,quantile,0.8,76.0
2026-01-31,wk inc flu hosp,0,2026-01-31,32,quantile,0.85,78.0
2026-01-31,wk inc flu hosp,0,2026-01-31,32,quantile,0.9,80.0
2026-01-31,wk inc flu hosp,0,2026-01-31,32,quantile,0.95,84.0
2026-01-31,wk inc flu hosp,0,2026-01-31,32,quantile,0.975,87.0
2026-01-31,wk inc flu hosp,0,2026-01-31,32,quantile,0.99,90.0
2026-01-31,wk inc flu hosp,0,2026-01-31,33,quantile,0.01,18.0
2026-01-31,wk inc flu hosp,0,2026-01-31,33,quantile,0.025,21.0
2026-01-31,wk inc flu hosp,0,2026-01-31,33,quantile,0.05,24.0
2026-01-31,wk inc flu hosp,0,2026-01-31,33,quantile,0.1,28.0
2026-01-31,wk inc flu hosp,0,2026-01-31,33,quantile,0.15,34.0
2026-01-31,wk inc flu hosp,0,2026-01-31,33,quantile,0.2,39.0
2026-01-31,wk inc flu hosp,0,2026-01-31,33,quantile,0.25,45.0
2026-01-31,wk inc flu hosp,0,2026-01-31,33,quantile,0.3,49.0
2026-01-31,wk inc flu hosp,0,2026-01-31,33,quantile,0.35,53.0
2026-01-31,wk inc flu hosp,0,2026-01-31,33,quantile,0.4,56.0
2026-01-31,wk inc flu hosp,0,2026-01-31,33,quantile,0.45,59.0
2026-01-31,wk inc flu hosp,0,2026-01-31,33,quantile,0.5,62.0
2026-01-31,wk inc flu hosp,0,2026-01-31,33,quantile,0.55,65.0
2026-01-31,wk inc flu hosp,0,2026-01-31,33,quantile,0.6,67.0
2026-01-31,wk inc flu hosp,0,2026-01-31,33,quantile,0.65,68.0
2026-01-31,wk inc flu hosp,0,2026-01-31,33,quantile,0.7,69.0
2026-01-31,wk inc flu hosp,0,2026-01-31,33,quantile,0.75,71.0
2026-01-31,wk inc flu hosp,0,2026-01-31,33,quantile,0.8,73.0
2026-01-31,wk inc flu hosp,0,2026-01-31,33,quantile,0.85,74.0
2026-01-31,wk inc flu hosp,0,2026-01-31,33,quantile,0.9,77.0
2026-01-31,wk inc flu hosp,0,2026-01-31,33,quantile,0.95,81.0
2026-01-31,wk inc flu hosp,0,2026-01-31,33,quantile,0.975,84.0
2026-01-31,wk inc flu hosp,0,2026-01-31,33,quantile,0.99,87.0
2026-01-31,wk inc flu hosp,0,2026-01-31,34,quantile,0.01,35.0
2026-01-31,wk inc flu hosp,0,2026-01-31,34,quantile,0.025,52.0
2026-01-31,wk inc flu hosp,0,2026-01-31,34,quantile,0.05,75.0
2026-01-31,wk inc flu hosp,0,2026-01-31,34,quantile,0.1,109.0
2026-01-31,wk inc flu hosp,0,2026-01-31,34,quantile,0.15,129.0
2026-01-31,wk inc flu hosp,0,2026-01-31,34,quantile,0.2,143.0
2026-01-31,wk inc flu hosp,0,2026-01-31,34,quantile,0.25,154.0
2026-01-31,wk inc flu hosp,0,2026-01-31,34,quantile,0.3,164.0
2026-01-31,wk inc flu hosp,0,2026-01-31,34,quantile,0.35,171.0
2026-01-31,wk inc flu hosp,0,2026-01-31,34,quantile,0.4,176.0
2026-01-31,wk inc flu hosp,0,2026-01-31,34,quantile,0.45,182.0
2026-01-31,wk inc flu hosp,0,2026-01-31,34,quantile,0.5,187.0
2026-01-31,wk inc flu hosp,0,2026-01-31,34,quantile,0.55,193.0
2026-01-31,wk inc flu hosp,0,2026-01-31,34,quantile,0.6,200.0
2026-01-31,wk inc flu hosp,0,2026-01-31,34,quantile,0.65,206.0
2026-01-31,wk inc flu hosp,0,2026-01-31,34,quantile,0.7,210.0
2026-01-31,wk inc flu hosp,0,2026-01-31,34,quantile,0.75,217.0
2026-01-31,wk inc flu hosp,0,2026-01-31,34,quantile,0.8,224.0
2026-01-31,wk inc flu hosp,0,2026-01-31,34,quantile,0.85,230.0
2026-01-31,wk inc flu hosp,0,2026-01-31,34,quantile,0.9,241.0
2026-01-31,wk inc flu hosp,0,2026-01-31,34,quantile,0.95,260.0
2026-01-31,wk inc flu hosp,0,2026-01-31,34,quantile,0.975,281.0
2026-01-31,wk inc flu hosp,0,2026-01-31,34,quantile,0.99,302.0
2026-01-31,wk inc flu hosp,0,2026-01-31,35,quantile,0.01,29.0
2026-01-31,wk inc flu hosp,0,2026-01-31,35,quantile,0.025,31.0
2026-01-31,wk inc flu hosp,0,2026-01-31,35,quantile,0.05,35.0
2026-01-31,wk inc flu hosp,0,2026-01-31,35,quantile,0.1,39.0
2026-01-31,wk inc flu hosp,0,2026-01-31,35,quantile,0.15,43.0
2026-01-31,wk inc flu hosp,0,2026-01-31,35,quantile,0.2,46.0
2026-01-31,wk inc flu hosp,0,2026-01-31,35,quantile,0.25,48.0
2026-01-31,wk inc flu hosp,0,2026-01-31,35,quantile,0.3,50.0
2026-01-31,wk inc flu hosp,0,2026-01-31,35,quantile,0.35,52.0
2026-01-31,wk inc flu hosp,0,2026-01-31,35,quantile,0.4,54.0
2026-01-31,wk inc flu hosp,0,2026-01-31,35,quantile,0.45,55.0
2026-01-31,wk inc flu hosp,0,2026-01-31,35,quantile,0.5,56.0
2026-01-31,wk inc flu hosp,0,2026-01-31,35,quantile,0.55,57.0
2026-01-31,wk inc flu hosp,0,2026-01-31,35,quantile,0.6,58.0
2026-01-31,wk inc flu hosp,0,2026-01-31,35,quantile,0.65,59.0
2026-01-31,wk inc flu hosp,0,2026-01-31,35,quantile,0.7,60.0
2026-01-31,wk inc flu hosp,0,2026-01-31,35,quantile,0.75,62.0
2026-01-31,wk inc flu hosp,0,2026-01-31,35,quantile,0.8,63.0
2026-01-31,wk inc flu hosp,0,2026-01-31,35,quantile,0.85,65.0
2026-01-31,wk inc flu hosp,0,2026-01-31,35,quantile,0.9,68.0
2026-01-31,wk inc flu hosp,0,2026-01-31,35,quantile,0.95,73.0
2026-01-31,wk inc flu hosp,0,2026-01-31,35,quantile,0.975,77.0
2026-01-31,wk inc flu hosp,0,2026-01-31,35,quantile,0.99,80.0
2026-01-31,wk inc flu hosp,0,2026-01-31,36,quantile,0.01,6.0
2026-01-31,wk inc flu hosp,0,2026-01-31,36,quantile,0.025,28.0
2026-01-31,wk inc flu hosp,0,2026-01-31,36,quantile,0.05,36.0
2026-01-31,wk inc flu hosp,0,2026-01-31,36,quantile,0.1,54.0
2026-01-31,wk inc flu hosp,0,2026-01-31,36,quantile,0.15,57.0
2026-01-31,wk inc flu hosp,0,2026-01-31,36,quantile,0.2,60.0
2026-01-31,wk inc flu hosp,0,2026-01-31,36,quantile,0.25,62.0
2026-01-31,wk inc flu hosp,0,2026-01-31,36,quantile,0.3,64.0
2026-01-31,wk inc flu hosp,0,2026-01-31,36,quantile,0.35,65.0
2026-01-31,wk inc flu hosp,0,2026-01-31,36,quantile,0.4,66.0
2026-01-31,wk inc flu hosp,0,2026-01-31,36,quantile,0.45,67.0
2026-01-31,wk inc flu hosp,0,2026-01-31,36,quantile,0.5,68.0
2026-01-31,wk inc flu hosp,0,2026-01-31,36,quantile,0.55,69.0
2026-01-31,wk inc flu hosp,0,2026-01-31,36,quantile,0.6,70.0
2026-01-31,wk inc flu hosp,0,2026-01-31,36,quantile,0.65,71.0
2026-01-31,wk inc flu hosp,0,2026-01-31,36,quantile,0.7,74.0
2026-01-31,wk inc flu hosp,0,2026-01-31,36,quantile,0.75,75.0
2026-01-31,wk inc flu hosp,0,2026-01-31,36,quantile,0.8,78.0
2026-01-31,wk inc flu hosp,0,2026-01-31,36,quantile,0.85,81.0
2026-01-31,wk inc flu hosp,0,2026-01-31,36,quantile,0.9,85.0
2026-01-31,wk inc flu hosp,0,2026-01-31,36,quantile,0.95,101.0
2026-01-31,wk inc flu hosp,0,2026-01-31,36,quantile,0.975,116.0
2026-01-31,wk inc flu hosp,0,2026-01-31,36,quantile,0.99,141.0
2026-01-31,wk inc flu hosp,0,2026-01-31,37,quantile,0.01,102.0
2026-01-31,wk inc flu hosp,0,2026-01-31,37,quantile,0.025,147.0
2026-01-31,wk inc flu hosp,0,2026-01-31,37,quantile,0.05,207.0
2026-01-31,wk inc flu hosp,0,2026-01-31,37,quantile,0.1,266.0
2026-01-31,wk inc flu hosp,0,2026-01-31,37,quantile,0.15,320.0
2026-01-31,wk inc flu hosp,0,2026-01-31,37,quantile,0.2,358.0
2026-01-31,wk inc flu hosp,0,2026-01-31,37,quantile,0.25,382.0
2026-01-31,wk inc flu hosp,0,2026-01-31,37,quantile,0.3,400.0
2026-01-31,wk inc flu hosp,0,2026-01-31,37,quantile,0.35,414.0
2026-01-31,wk inc flu hosp,0,2026-01-31,37,quantile,0.4,421.0
2026-01-31,wk inc flu hosp,0,2026-01-31,37,quantile,0.45,429.0
2026-01-31,wk inc flu hosp,0,2026-01-31,37,quantile,0.5,438.0
2026-01-31,wk inc flu hosp,0,2026-01-31,37,quantile,0.55,446.0
2026-01-31,wk inc flu hosp,0,2026-01-31,37,quantile,0.6,455.0
2026-01-31,wk inc flu hosp,0,2026-01-31,37,quantile,0.65,463.0
2026-01-31,wk inc flu hosp,0,2026-01-31,37,quantile,0.7,470.0
2026-01-31,wk inc flu hosp,0,2026-01-31,37,quantile,0.75,481.0
2026-01-31,wk inc flu hosp,0,2026-01-31,37,quantile,0.8,493.0
2026-01-31,wk inc flu hosp,0,2026-01-31,37,quantile,0.85,505.0
2026-01-31,wk inc flu hosp,0,2026-01-31,37,quantile,0.9,524.0
2026-01-31,wk inc flu hosp,0,2026-01-31,37,quantile,0.95,557.0
2026-01-31,wk inc flu hosp,0,2026-01-31,37,quantile,0.975,585.0
2026-01-31,wk inc flu hosp,0,2026-01-31,37,quantile,0.99,645.0
2026-01-31,wk inc flu hosp,0,2026-01-31,38,quantile,0.01,6.0
2026-01-31,wk inc flu hosp,0,2026-01-31,38,quantile,0.025,8.0
2026-01-31,wk inc flu hosp,0,2026-01-31,38,quantile,0.05,9.0
2026-01-31,wk inc flu hosp,0,2026-01-31,38,quantile,0.1,13.0
2026-01-31,wk inc flu hosp,0,2026-01-31,38,quantile,0.15,15.0
2026-01-31,wk inc flu hosp,0,2026-01-31,38,quantile,0.2,17.0
2026-01-31,wk inc flu hosp,0,2026-01-31,38,quantile,0.25,18.0
2026-01-31,wk inc flu hosp,0,2026-01-31,38,quantile,0.3,19.0
2026-01-31,wk inc flu hosp,0,2026-01-31,38,quantile,0.35,21.0
2026-01-31,wk inc flu hosp,0,2026-01-31,38,quantile,0.4,22.0
2026-01-31,wk inc flu hosp,0,2026-01-31,38,quantile,0.45,23.0
2026-01-31,wk inc flu hosp,0,2026-01-31,38,quantile,0.5,24.0
2026-01-31,wk inc flu hosp,0,2026-01-31,38,quantile,0.55,25.0
2026-01-31,wk inc flu hosp,0,2026-01-31,38,quantile,0.6,26.0
2026-01-31,wk inc flu hosp,0,2026-01-31,38,quantile,0.65,27.0
2026-01-31,wk inc flu hosp,0,2026-01-31,38,quantile,0.7,27.0
2026-01-31,wk inc flu hosp,0,2026-01-31,38,quantile,0.75,28.0
2026-01-31,wk inc flu hosp,0,2026-01-31,38,quantile,0.8,29.0
2026-01-31,wk inc flu hosp,0,2026-01-31,38,quantile,0.85,30.0
2026-01-31,wk inc flu hosp,0,2026-01-31,38,quantile,0.9,32.0
2026-01-31,wk inc flu hosp,0,2026-01-31,38,quantile,0.95,35.0
2026-01-31,wk inc flu hosp,0,2026-01-31,38,quantile,0.975,38.0
2026-01-31,wk inc flu hosp,0,2026-01-31,38,quantile,0.99,40.0
2026-01-31,wk inc flu hosp,0,2026-01-31,39,quantile,0.01,186.0
2026-01-31,wk inc flu hosp,0,2026-01-31,39,quantile,0.025,230.0
2026-01-31,wk inc flu hosp,0,2026-01-31,39,quantile,0.05,278.0
2026-01-31,wk inc flu hosp,0,2026-01-31,39,quantile,0.1,320.0
2026-01-31,wk inc flu hosp,0,2026-01-31,39,quantile,0.15,353.0
2026-01-31,wk inc flu hosp,0,2026-01-31,39,quantile,0.2,383.0
2026-01-31,wk inc flu hosp,0,2026-01-31,39,quantile,0.25,399.0
2026-01-31,wk inc flu hosp,0,2026-01-31,39,quantile,0.3,410.0
2026-01-31,wk inc flu hosp,0,2026-01-31,39,quantile,0.35,420.0
2026-01-31,wk inc flu hosp,0,2026-01-31,39,quantile,0.4,430.0
2026-01-31,wk inc flu hosp,0,2026-01-31,39,quantile,0.45,442.0
2026-01-31,wk inc flu hosp,0,2026-01-31,39,quantile,0.5,454.0
2026-01-31,wk inc flu hosp,0,2026-01-31,39,quantile,0.55,463.0
2026-01-31,wk inc flu hosp,0,2026-01-31,39,quantile,0.6,476.0
2026-01-31,wk inc flu hosp,0,2026-01-31,39,quantile,0.65,489.0
2026-01-31,wk inc flu hosp,0,2026-01-31,39,quantile,0.7,495.0
2026-01-31,wk inc flu hosp,0,2026-01-31,39,quantile,0.75,503.0
2026-01-31,wk inc flu hosp,0,2026-01-31,39,quantile,0.8,511.0
2026-01-31,wk inc flu hosp,0,2026-01-31,39,quantile,0.85,517.0
2026-01-31,wk inc flu hosp,0,2026-01-31,39,quantile,0.9,526.0
2026-01-31,wk inc flu hosp,0,2026-01-31,39,quantile,0.95,560.0
2026-01-31,wk inc flu hosp,0,2026-01-31,39,quantile,0.975,615.0
2026-01-31,wk inc flu hosp,0,2026-01-31,39,quantile,0.99,700.0
2026-01-31,wk inc flu hosp,0,2026-01-31,40,quantile,0.01,63.0
2026-01-31,wk inc flu hosp,0,2026-01-31,40,quantile,0.025,83.0
2026-01-31,wk inc flu hosp,0,2026-01-31,40,quantile,0.05,104.0
2026-01-31,wk inc flu hosp,0,2026-01-31,40,quantile,0.1,121.0
2026-01-31,wk inc flu hosp,0,2026-01-31,40,quantile,0.15,134.0
2026-01-31,wk inc flu hosp,0,2026-01-31,40,quantile,0.2,138.0
2026-01-31,wk inc flu hosp,0,2026-01-31,40,quantile,0.25,142.0
2026-01-31,wk inc flu hosp,0,2026-01-31,40,quantile,0.3,146.0
2026-01-31,wk inc flu hosp,0,2026-01-31,40,quantile,0.35,149.0
2026-01-31,wk inc flu hosp,0,2026-01-31,40,quantile,0.4,153.0
2026-01-31,wk inc flu hosp,0,2026-01-31,40,quantile,0.45,156.0
2026-01-31,wk inc flu hosp,0,2026-01-31,40,quantile,0.5,160.0
2026-01-31,wk inc flu hosp,0,2026-01-31,40,quantile,0.55,163.0
2026-01-31,wk inc flu hosp,0,2026-01-31,40,quantile,0.6,168.0
2026-01-31,wk inc flu hosp,0,2026-01-31,40,quantile,0.65,172.0
2026-01-31,wk inc flu hosp,0,2026-01-31,40,quantile,0.7,174.0
2026-01-31,wk inc flu hosp,0,2026-01-31,40,quantile,0.75,177.0
2026-01-31,wk inc flu hosp,0,2026-01-31,40,quantile,0.8,180.0
2026-01-31,wk inc flu hosp,0,2026-01-31,40,quantile,0.85,183.0
2026-01-31,wk inc flu hosp,0,2026-01-31,40,quantile,0.9,188.0
2026-01-31,wk inc flu hosp,0,2026-01-31,40,quantile,0.95,197.0
2026-01-31,wk inc flu hosp,0,2026-01-31,40,quantile,0.975,206.0
2026-01-31,wk inc flu hosp,0,2026-01-31,40,quantile,0.99,217.0
2026-01-31,wk inc flu hosp,0,2026-01-31,41,quantile,0.01,94.0
2026-01-31,wk inc flu hosp,0,2026-01-31,41,quantile,0.025,106.0
2026-01-31,wk inc flu hosp,0,2026-01-31,41,quantile,0.05,118.0
2026-01-31,wk inc flu hosp,0,2026-01-31,41,quantile,0.1,132.0
2026-01-31,wk inc flu hosp,0,2026-01-31,41,quantile,0.15,141.0
2026-01-31,wk inc flu hosp,0,2026-01-31,41,quantile,0.2,147.0
2026-01-31,wk inc flu hosp,0,2026-01-31,41,quantile,0.25,152.0
2026-01-31,wk inc flu hosp,0,2026-01-31,41,quantile,0.3,156.0
2026-01-31,wk inc flu hosp,0,2026-01-31,41,quantile,0.35,160.0
2026-01-31,wk inc flu hosp,0,2026-01-31,41,quantile,0.4,164.0
2026-01-31,wk inc flu hosp,0,2026-01-31,41,quantile,0.45,167.0
2026-01-31,wk inc flu hosp,0,2026-01-31,41,quantile,0.5,170.0
2026-01-31,wk inc flu hosp,0,2026-01-31,41,quantile,0.55,174.0
2026-01-31,wk inc flu hosp,0,2026-01-31,41,quantile,0.6,178.0
2026-01-31,wk inc flu hosp,0,2026-01-31,41,quantile,0.65,182.0
2026-01-31,wk inc flu hosp,0,2026-01-31,41,quantile,0.7,186.0
2026-01-31,wk inc flu hosp,0,2026-01-31,41,quantile,0.75,190.0
2026-01-31,wk inc flu hosp,0,2026-01-31,41,quantile,0.8,194.0
2026-01-31,wk inc flu hosp,0,2026-01-31,41,quantile,0.85,198.0
2026-01-31,wk inc flu hosp,0,2026-01-31,41,quantile,0.9,202.0
2026-01-31,wk inc flu hosp,0,2026-01-31,41,quantile,0.95,210.0
2026-01-31,wk inc flu hosp,0,2026-01-31,41,quantile,0.975,217.0
2026-01-31,wk inc flu hosp,0,2026-01-31,41,quantile,0.99,222.0
2026-01-31,wk inc flu hosp,0,2026-01-31,42,quantile,0.01,63.0
2026-01-31,wk inc flu hosp,0,2026-01-31,42,quantile,0.025,83.0
2026-01-31,wk inc flu hosp,0,2026-01-31,42,quantile,0.05,112.0
2026-01-31,wk inc flu hosp,0,2026-01-31,42,quantile,0.1,177.0
2026-01-31,wk inc flu hosp,0,2026-01-31,42,quantile,0.15,220.0
2026-01-31,wk inc flu hosp,0,2026-01-31,42,quantile,0.2,251.0
2026-01-31,wk inc flu hosp,0,2026-01-31,42,quantile,0.25,277.0
2026-01-31,wk inc flu hosp,0,2026-01-31,42,quantile,0.3,292.0
2026-01-31,wk inc flu hosp,0,2026-01-31,42,quantile,0.35,306.0
2026-01-31,wk inc flu hosp,0,2026-01-31,42,quantile,0.4,322.0
2026-01-31,wk inc flu hosp,0,2026-01-31,42,quantile,0.45,338.0
2026-01-31,wk inc flu hosp,0,2026-01-31,42,quantile,0.5,355.0
2026-01-31,wk inc flu hosp,0,2026-01-31,42,quantile,0.55,369.0
2026-01-31,wk inc flu hosp,0,2026-01-31,42,quantile,0.6,384.0
2026-01-31,wk inc flu hosp,0,2026-01-31,42,quantile,0.65,393.0
2026-01-31,wk inc flu hosp,0,2026-01-31,42,quantile,0.7,403.0
2026-01-31,wk inc flu hosp,0,2026-01-31,42,quantile,0.75,418.0
2026-01-31,wk inc flu hosp,0,2026-01-31,42,quantile,0.8,435.0
2026-01-31,wk inc flu hosp,0,2026-01-31,42,quantile,0.85,454.0
2026-01-31,wk inc flu hosp,0,2026-01-31,42,quantile,0.9,481.0
2026-01-31,wk inc flu hosp,0,2026-01-31,42,quantile,0.95,558.0
2026-01-31,wk inc flu hosp,0,2026-01-31,42,quantile,0.975,644.0
2026-01-31,wk inc flu hosp,0,2026-01-31,42,quantile,0.99,782.0
2026-01-31,wk inc flu hosp,0,2026-01-31,44,quantile,0.01,0.0
2026-01-31,wk inc flu hosp,0,2026-01-31,44,quantile,0.025,0.0
2026-01-31,wk inc flu hosp,0,2026-01-31,44,quantile,0.05,0.0
2026-01-31,wk inc flu hosp,0,2026-01-31,44,quantile,0.1,2.0
2026-01-31,wk inc flu hosp,0,2026-01-31,44,quantile,0.15,4.0
2026-01-31,wk inc flu hosp,0,2026-01-31,44,quantile,0.2,5.0
2026-01-31,wk inc flu hosp,0,2026-01-31,44,quantile,0.25,5.0
2026-01-31,wk inc flu hosp,0,2026-01-31,44,quantile,0.3,5.0
2026-01-31,wk inc flu hosp,0,2026-01-31,44,quantile,0.35,5.0
2026-01-31,wk inc flu hosp,0,2026-01-31,44,quantile,0.4,5.0
2026-01-31,wk inc flu hosp,0,2026-01-31,44,quantile,0.45,5.0
2026-01-31,wk inc flu hosp,0,2026-01-31,44,quantile,0.5,5.0
2026-01-31,wk inc flu hosp,0,2026-01-31,44,quantile,0.55,6.0
2026-01-31,wk inc flu hosp,0,2026-01-31,44,quantile,0.6,6.0
2026-01-31,wk inc flu hosp,0,2026-01-31,44,quantile,0.65,7.0
2026-01-31,wk inc flu hosp,0,2026-01-31,44,quantile,0.7,7.0
2026-01-31,wk inc flu hosp,0,2026-01-31,44,quantile,0.75,8.0
2026-01-31,wk inc flu hosp,0,2026-01-31,44,quantile,0.8,8.0
2026-01-31,wk inc flu hosp,0,2026-01-31,44,quantile,0.85,9.0
2026-01-31,wk inc flu hosp,0,2026-01-31,44,quantile,0.9,10.0
2026-01-31,wk inc flu hosp,0,2026-01-31,44,quantile,0.95,11.0
2026-01-31,wk inc flu hosp,0,2026-01-31,44,quantile,0.975,12.0
2026-01-31,wk inc flu hosp,0,2026-01-31,44,quantile,0.99,12.0
2026-01-31,wk inc flu hosp,0,2026-01-31,45,quantile,0.01,33.0
2026-01-31,wk inc flu hosp,0,2026-01-31,45,quantile,0.025,49.0
2026-01-31,wk inc flu hosp,0,2026-01-31,45,quantile,0.05,73.0
2026-01-31,wk inc flu hosp,0,2026-01-31,45,quantile,0.1,96.0
2026-01-31,wk inc flu hosp,0,2026-01-31,45,quantile,0.15,108.0
2026-01-31,wk inc flu hosp,0,2026-01-31,45,quantile,0.2,118.0
2026-01-31,wk inc flu hosp,0,2026-01-31,45,quantile,0.25,133.0
2026-01-31,wk inc flu hosp,0,2026-01-31,45,quantile,0.3,141.0
2026-01-31,wk inc flu hosp,0,2026-01-31,45,quantile,0.35,149.0
2026-01-31,wk inc flu hosp,0,2026-01-31,45,quantile,0.4,155.0
2026-01-31,wk inc flu hosp,0,2026-01-31,45,quantile,0.45,158.0
2026-01-31,wk inc flu hosp,0,2026-01-31,45,quantile,0.5,161.0
2026-01-31,wk inc flu hosp,0,2026-01-31,45,quantile,0.55,164.0
2026-01-31,wk inc flu hosp,0,2026-01-31,45,quantile,0.6,168.0
2026-01-31,wk inc flu hosp,0,2026-01-31,45,quantile,0.65,171.0
2026-01-31,wk inc flu hosp,0,2026-01-31,45,quantile,0.7,174.0
2026-01-31,wk inc flu hosp,0,2026-01-31,45,quantile,0.75,179.0
2026-01-31,wk inc flu hosp,0,2026-01-31,45,quantile,0.8,184.0
2026-01-31,wk inc flu hosp,0,2026-01-31,45,quantile,0.85,190.0
2026-01-31,wk inc flu hosp,0,2026-01-31,45,quantile,0.9,199.0
2026-01-31,wk inc flu hosp,0,2026-01-31,45,quantile,0.95,212.0
2026-01-31,wk inc flu hosp,0,2026-01-31,45,quantile,0.975,222.0
2026-01-31,wk inc flu hosp,0,2026-01-31,45,quantile,0.99,235.0
2026-01-31,wk inc flu hosp,0,2026-01-31,46,quantile,0.01,28.0
2026-01-31,wk inc flu hosp,0,2026-01-31,46,quantile,0.025,31.0
2026-01-31,wk inc flu hosp,0,2026-01-31,46,quantile,0.05,34.0
2026-01-31,wk inc flu hosp,0,2026-01-31,46,quantile,0.1,38.0
2026-01-31,wk inc flu hosp,0,2026-01-31,46,quantile,0.15,40.0
2026-01-31,wk inc flu hosp,0,2026-01-31,46,quantile,0.2,42.0
2026-01-31,wk inc flu hosp,0,2026-01-31,46,quantile,0.25,43.0
2026-01-31,wk inc flu hosp,0,2026-01-31,46,quantile,0.3,44.0
2026-01-31,wk inc flu hosp,0,2026-01-31,46,quantile,0.35,46.0
2026-01-31,wk inc flu hosp,0,2026-01-31,46,quantile,0.4,47.0
2026-01-31,wk inc flu hosp,0,2026-01-31,46,quantile,0.45,48.0
2026-01-31,wk inc flu hosp,0,2026-01-31,46,quantile,0.5,49.0
2026-01-31,wk inc flu hosp,0,2026-01-31,46,quantile,0.55,49.0
2026-01-31,wk inc flu hosp,0,2026-01-31,46,quantile,0.6,50.0
2026-01-31,wk inc flu hosp,0,2026-01-31,46,quantile,0.65,51.0
2026-01-31,wk inc flu hosp,0,2026-01-31,46,quantile,0.7,52.0
2026-01-31,wk inc flu hosp,0,2026-01-31,46,quantile,0.75,53.0
2026-01-31,wk inc flu hosp,0,2026-01-31,46,quantile,0.8,54.0
2026-01-31,wk inc flu hosp,0,2026-01-31,46,quantile,0.85,55.0
2026-01-31,wk inc flu hosp,0,2026-01-31,46,quantile,0.9,56.0
2026-01-31,wk inc flu hosp,0,2026-01-31,46,quantile,0.95,58.0
2026-01-31,wk inc flu hosp,0,2026-01-31,46,quantile,0.975,60.0
2026-01-31,wk inc flu hosp,0,2026-01-31,46,quantile,0.99,62.0
2026-01-31,wk inc flu hosp,0,2026-01-31,47,quantile,0.01,97.0
2026-01-31,wk inc flu hosp,0,2026-01-31,47,quantile,0.025,122.0
2026-01-31,wk inc flu hosp,0,2026-01-31,47,quantile,0.05,144.0
2026-01-31,wk inc flu hosp,0,2026-01-31,47,quantile,0.1,170.0
2026-01-31,wk inc flu hosp,0,2026-01-31,47,quantile,0.15,191.0
2026-01-31,wk inc flu hosp,0,2026-01-31,47,quantile,0.2,206.0
2026-01-31,wk inc flu hosp,0,2026-01-31,47,quantile,0.25,217.0
2026-01-31,wk inc flu hosp,0,2026-01-31,47,quantile,0.3,228.0
2026-01-31,wk inc flu hosp,0,2026-01-31,47,quantile,0.35,239.0
2026-01-31,wk inc flu hosp,0,2026-01-31,47,quantile,0.4,247.0
2026-01-31,wk inc flu hosp,0,2026-01-31,47,quantile,0.45,255.0
2026-01-31,wk inc flu hosp,0,2026-01-31,47,quantile,0.5,263.0
2026-01-31,wk inc flu hosp,0,2026-01-31,47,quantile,0.55,272.0
2026-01-31,wk inc flu hosp,0,2026-01-31,47,quantile,0.6,282.0
2026-01-31,wk inc flu hosp,0,2026-01-31,47,quantile,0.65,287.0
2026-01-31,wk inc flu hosp,0,2026-01-31,47,quantile,0.7,294.0
2026-01-31,wk inc flu hosp,0,2026-01-31,47,quantile,0.75,301.0
2026-01-31,wk inc flu hosp,0,2026-01-31,47,quantile,0.8,310.0
2026-01-31,wk inc flu hosp,0,2026-01-31,47,quantile,0.85,320.0
2026-01-31,wk inc flu hosp,0,2026-01-31,47,quantile,0.9,334.0
2026-01-31,wk inc flu hosp,0,2026-01-31,47,quantile,0.95,355.0
2026-01-31,wk inc flu hosp,0,2026-01-31,47,quantile,0.975,367.0
2026-01-31,wk inc flu hosp,0,2026-01-31,47,quantile,0.99,377.0
2026-01-31,wk inc flu hosp,0,2026-01-31,48,quantile,0.01,170.0
2026-01-31,wk inc flu hosp,0,2026-01-31,48,quantile,0.025,350.0
2026-01-31,wk inc flu hosp,0,2026-01-31,48,quantile,0.05,540.0
2026-01-31,wk inc flu hosp,0,2026-01-31,48,quantile,0.1,751.0
2026-01-31,wk inc flu hosp,0,2026-01-31,48,quantile,0.15,920.0
2026-01-31,wk inc flu hosp,0,2026-01-31,48,quantile,0.2,1045.0
2026-01-31,wk inc flu hosp,0,2026-01-31,48,quantile,0.25,1148.0
2026-01-31,wk inc flu hosp,0,2026-01-31,48,quantile,0.3,1245.0
2026-01-31,wk inc flu hosp,0,2026-01-31,48,quantile,0.35,1321.0
2026-01-31,wk inc flu hosp,0,2026-01-31,48,quantile,0.4,1354.0
2026-01-31,wk inc flu hosp,0,2026-01-31,48,quantile,0.45,1384.0
2026-01-31,wk inc flu hosp,0,2026-01-31,48,quantile,0.5,1413.0
2026-01-31,wk inc flu hosp,0,2026-01-31,48,quantile,0.55,1441.0
2026-01-31,wk inc flu hosp,0,2026-01-31,48,quantile,0.6,1478.0
2026-01-31,wk inc flu hosp,0,2026-01-31,48,quantile,0.65,1509.0
2026-01-31,wk inc flu hosp,0,2026-01-31,48,quantile,0.7,1536.0
2026-01-31,wk inc flu hosp,0,2026-01-31,48,quantile,0.75,1574.0
2026-01-31,wk inc flu hosp,0,2026-01-31,48,quantile,0.8,1622.0
2026-01-31,wk inc flu hosp,0,2026-01-31,48,quantile,0.85,1679.0
2026-01-31,wk inc flu hosp,0,2026-01-31,48,quantile,0.9,1766.0
2026-01-31,wk inc flu hosp,0,2026-01-31,48,quantile,0.95,1903.0
2026-01-31,wk inc flu hosp,0,2026-01-31,48,quantile,0.975,2001.0
2026-01-31,wk inc flu hosp,0,2026-01-31,48,quantile,0.99,2095.0
2026-01-31,wk inc flu hosp,0,2026-01-31,49,quantile,0.01,42.0
2026-01-31,wk inc flu hosp,0,2026-01-31,49,quantile,0.025,51.0
2026-01-31,wk inc flu hosp,0,2026-01-31,49,quantile,0.05,59.0
2026-01-31,wk inc flu hosp,0,2026-01-31,49,quantile,0.1,70.0
2026-01-31,wk inc flu hosp,0,2026-01-31,49,quantile,0.15,76.0
2026-01-31,wk inc flu hosp,0,2026-01-31,49,quantile,0.2,81.0
2026-01-31,wk inc flu hosp,0,2026-01-31,49,quantile,0.25,85.0
2026-01-31,wk inc flu hosp,0,2026-01-31,49,quantile,0.3,89.0
2026-01-31,wk inc flu hosp,0,2026-01-31,49,quantile,0.35,92.0
2026-01-31,wk inc flu hosp,0,2026-01-31,49,quantile,0.4,96.0
2026-01-31,wk inc flu hosp,0,2026-01-31,49,quantile,0.45,99.0
2026-01-31,wk inc flu hosp,0,2026-01-31,49,quantile,0.5,103.0
2026-01-31,wk inc flu hosp,0,2026-01-31,49,quantile,0.55,106.0
2026-01-31,wk inc flu hosp,0,2026-01-31,49,quantile,0.6,110.0
2026-01-31,wk inc flu hosp,0,2026-01-31,49,quantile,0.65,113.0
2026-01-31,wk inc flu hosp,0,2026-01-31,49,quantile,0.7,116.0
2026-01-31,wk inc flu hosp,0,2026-01-31,49,quantile,0.75,119.0
2026-01-31,wk inc flu hosp,0,2026-01-31,49,quantile,0.8,123.0
2026-01-31,wk inc flu hosp,0,2026-01-31,49,quantile,0.85,126.0
2026-01-31,wk inc flu hosp,0,2026-01-31,49,quantile,0.9,133.0
2026-01-31,wk inc flu hosp,0,2026-01-31,49,quantile,0.95,142.0
2026-01-31,wk inc flu hosp,0,2026-01-31,49,quantile,0.975,151.0
2026-01-31,wk inc flu hosp,0,2026-01-31,49,quantile,0.99,163.0
2026-01-31,wk inc flu hosp,0,2026-01-31,50,quantile,0.01,9.0
2026-01-31,wk inc flu hosp,0,2026-01-31,50,quantile,0.025,12.0
2026-01-31,wk inc flu hosp,0,2026-01-31,50,quantile,0.05,15.0
2026-01-31,wk inc flu hosp,0,2026-01-31,50,quantile,0.1,19.0
2026-01-31,wk inc flu hosp,0,2026-01-31,50,quantile,0.15,21.0
2026-01-31,wk inc flu hosp,0,2026-01-31,50,quantile,0.2,23.0
2026-01-31,wk inc flu hosp,0,2026-01-31,50,quantile,0.25,24.0
2026-01-31,wk inc flu hosp,0,2026-01-31,50,quantile,0.3,25.0
2026-01-31,wk inc flu hosp,0,2026-01-31,50,quantile,0.35,26.0
2026-01-31,wk inc flu hosp,0,2026-01-31,50,quantile,0.4,27.0
2026-01-31,wk inc flu hosp,0,2026-01-31,50,quantile,0.45,27.0
2026-01-31,wk inc flu hosp,0,2026-01-31,50,quantile,0.5,28.0
2026-01-31,wk inc flu hosp,0,2026-01-31,50,quantile,0.55,29.0
2026-01-31,wk inc flu hosp,0,2026-01-31,50,quantile,0.6,29.0
2026-01-31,wk inc flu hosp,0,2026-01-31,50,quantile,0.65,30.0
2026-01-31,wk inc flu hosp,0,2026-01-31,50,quantile,0.7,31.0
2026-01-31,wk inc flu hosp,0,2026-01-31,50,quantile,0.75,32.0
2026-01-31,wk inc flu hosp,0,2026-01-31,50,quantile,0.8,32.0
2026-01-31,wk inc flu hosp,0,2026-01-31,50,quantile,0.85,33.0
2026-01-31,wk inc flu hosp,0,2026-01-31,50,quantile,0.9,34.0
2026-01-31,wk inc flu hosp,0,2026-01-31,50,quantile,0.95,36.0
2026-01-31,wk inc flu hosp,0,2026-01-31,50,quantile,0.975,37.0
2026-01-31,wk inc flu hosp,0,2026-01-31,50,quantile,0.99,39.0
2026-01-31,wk inc flu hosp,0,2026-01-31,51,quantile,0.01,70.0
2026-01-31,wk inc flu hosp,0,2026-01-31,51,quantile,0.025,99.0
2026-01-31,wk inc flu hosp,0,2026-01-31,51,quantile,0.05,138.0
2026-01-31,wk inc flu hosp,0,2026-01-31,51,quantile,0.1,187.0
2026-01-31,wk inc flu hosp,0,2026-01-31,51,quantile,0.15,221.0
2026-01-31,wk inc flu hosp,0,2026-01-31,51,quantile,0.2,247.0
2026-01-31,wk inc flu hosp,0,2026-01-31,51,quantile,0.25,266.0
2026-01-31,wk inc flu hosp,0,2026-01-31,51,quantile,0.3,280.0
2026-01-31,wk inc flu hosp,0,2026-01-31,51,quantile,0.35,287.0
2026-01-31,wk inc flu hosp,0,2026-01-31,51,quantile,0.4,294.0
2026-01-31,wk inc flu hosp,0,2026-01-31,51,quantile,0.45,301.0
2026-01-31,wk inc flu hosp,0,2026-01-31,51,quantile,0.5,307.0
2026-01-31,wk inc flu hosp,0,2026-01-31,51,quantile,0.55,313.0
2026-01-31,wk inc flu hosp,0,2026-01-31,51,quantile,0.6,320.0
2026-01-31,wk inc flu hosp,0,2026-01-31,51,quantile,0.65,329.0
2026-01-31,wk inc flu hosp,0,2026-01-31,51,quantile,0.7,342.0
2026-01-31,wk inc flu hosp,0,2026-01-31,51,quantile,0.75,358.0
2026-01-31,wk inc flu hosp,0,2026-01-31,51,quantile,0.8,384.0
2026-01-31,wk inc flu hosp,0,2026-01-31,51,quantile,0.85,405.0
2026-01-31,wk inc flu hosp,0,2026-01-31,51,quantile,0.9,440.0
2026-01-31,wk inc flu hosp,0,2026-01-31,51,quantile,0.95,483.0
2026-01-31,wk inc flu hosp,0,2026-01-31,51,quantile,0.975,509.0
2026-01-31,wk inc flu hosp,0,2026-01-31,51,quantile,0.99,531.0
2026-01-31,wk inc flu hosp,0,2026-01-31,53,quantile,0.01,0.0
2026-01-31,wk inc flu hosp,0,2026-01-31,53,quantile,0.025,0.0
2026-01-31,wk inc flu hosp,0,2026-01-31,53,quantile,0.05,0.0
2026-01-31,wk inc flu hosp,0,2026-01-31,53,quantile,0.1,0.0
2026-01-31,wk inc flu hosp,0,2026-01-31,53,quantile,0.15,0.0
2026-01-31,wk inc flu hosp,0,2026-01-31,53,quantile,0.2,0.0
2026-01-31,wk inc flu hosp,0,2026-01-31,53,quantile,0.25,0.0
2026-01-31,wk inc flu hosp,0,2026-01-31,53,quantile,0.3,0.0
2026-01-31,wk inc flu hosp,0,2026-01-31,53,quantile,0.35,144.0
2026-01-31,wk inc flu hosp,0,2026-01-31,53,quantile,0.4,145.0
2026-01-31,wk inc flu hosp,0,2026-01-31,53,quantile,0.45,146.0
2026-01-31,wk inc flu hosp,0,2026-01-31,53,quantile,0.5,147.0
2026-01-31,wk inc flu hosp,0,2026-01-31,53,quantile,0.55,149.0
2026-01-31,wk inc flu hosp,0,2026-01-31,53,quantile,0.6,555.0
2026-01-31,wk inc flu hosp,0,2026-01-31,53,quantile,0.65,931.0
2026-01-31,wk inc flu hosp,0,2026-01-31,53,quantile,0.7,1262.0
2026-01-31,wk inc flu hosp,0,2026-01-31,53,quantile,0.75,1800.0
2026-01-31,wk inc flu hosp,0,2026-01-31,53,quantile,0.8,2350.0
2026-01-31,wk inc flu hosp,0,2026-01-31,53,quantile,0.85,2846.0
2026-01-31,wk inc flu hosp,0,2026-01-31,53,quantile,0.9,3696.0
2026-01-31,wk inc flu hosp,0,2026-01-31,53,quantile,0.95,4998.0
2026-01-31,wk inc flu hosp,0,2026-01-31,53,quantile,0.975,5890.0
2026-01-31,wk inc flu hosp,0,2026-01-31,53,quantile,0.99,6862.0
2026-01-31,wk inc flu hosp,0,2026-01-31,54,quantile,0.01,7.0
2026-01-31,wk inc flu hosp,0,2026-01-31,54,quantile,0.025,12.0
2026-01-31,wk inc flu hosp,0,2026-01-31,54,quantile,0.05,16.0
2026-01-31,wk inc flu hosp,0,2026-01-31,54,quantile,0.1,19.0
2026-01-31,wk inc flu hosp,0,2026-01-31,54,quantile,0.15,24.0
2026-01-31,wk inc flu hosp,0,2026-01-31,54,quantile,0.2,36.0
2026-01-31,wk inc flu hosp,0,2026-01-31,54,quantile,0.25,44.0
2026-01-31,wk inc flu hosp,0,2026-01-31,54,quantile,0.3,55.0
2026-01-31,wk inc flu hosp,0,2026-01-31,54,quantile,0.35,61.0
2026-01-31,wk inc flu hosp,0,2026-01-31,54,quantile,0.4,66.0
2026-01-31,wk inc flu hosp,0,2026-01-31,54,quantile,0.45,69.0
2026-01-31,wk inc flu hosp,0,2026-01-31,54,quantile,0.5,70.0
2026-01-31,wk inc flu hosp,0,2026-01-31,54,quantile,0.55,72.0
2026-01-31,wk inc flu hosp,0,2026-01-31,54,quantile,0.6,74.0
2026-01-31,wk inc flu hosp,0,2026-01-31,54,quantile,0.65,75.0
2026-01-31,wk inc flu hosp,0,2026-01-31,54,quantile,0.7,77.0
2026-01-31,wk inc flu hosp,0,2026-01-31,54,quantile,0.75,79.0
2026-01-31,wk inc flu hosp,0,2026-01-31,54,quantile,0.8,81.0
2026-01-31,wk inc flu hosp,0,2026-01-31,54,quantile,0.85,83.0
2026-01-31,wk inc flu hosp,0,2026-01-31,54,quantile,0.9,87.0
2026-01-31,wk inc flu hosp,0,2026-01-31,54,quantile,0.95,92.0
2026-01-31,wk inc flu hosp,0,2026-01-31,54,quantile,0.975,96.0
2026-01-31,wk inc flu hosp,0,2026-01-31,54,quantile,0.99,102.0
2026-01-31,wk inc flu hosp,0,2026-01-31,55,quantile,0.01,38.0
2026-01-31,wk inc flu hosp,0,2026-01-31,55,quantile,0.025,74.0
2026-01-31,wk inc flu hosp,0,2026-01-31,55,quantile,0.05,102.0
2026-01-31,wk inc flu hosp,0,2026-01-31,55,quantile,0.1,139.0
2026-01-31,wk inc flu hosp,0,2026-01-31,55,quantile,0.15,161.0
2026-01-31,wk inc flu hosp,0,2026-01-31,55,quantile,0.2,175.0
2026-01-31,wk inc flu hosp,0,2026-01-31,55,quantile,0.25,185.0
2026-01-31,wk inc flu hosp,0,2026-01-31,55,quantile,0.3,193.0
2026-01-31,wk inc flu hosp,0,2026-01-31,55,quantile,0.35,201.0
2026-01-31,wk inc flu hosp,0,2026-01-31,55,quantile,0.4,209.0
2026-01-31,wk inc flu hosp,0,2026-01-31,55,quantile,0.45,217.0
2026-01-31,wk inc flu hosp,0,2026-01-31,55,quantile,0.5,224.0
2026-01-31,wk inc flu hosp,0,2026-01-31,55,quantile,0.55,229.0
2026-01-31,wk inc flu hosp,0,2026-01-31,55,quantile,0.6,234.0
2026-01-31,wk inc flu hosp,0,2026-01-31,55,quantile,0.65,238.0
2026-01-31,wk inc flu hosp,0,2026-01-31,55,quantile,0.7,242.0
2026-01-31,wk inc flu hosp,0,2026-01-31,55,quantile,0.75,248.0
2026-01-31,wk inc flu hosp,0,2026-01-31,55,quantile,0.8,255.0
2026-01-31,wk inc flu hosp,0,2026-01-31,55,quantile,0.85,261.0
2026-01-31,wk inc flu hosp,0,2026-01-31,55,quantile,0.9,271.0
2026-01-31,wk inc flu hosp,0,2026-01-31,55,quantile,0.95,286.0
2026-01-31,wk inc flu hosp,0,2026-01-31,55,quantile,0.975,299.0
2026-01-31,wk inc flu hosp,0,2026-01-31,55,quantile,0.99,315.0
2026-01-31,wk inc flu hosp,0,2026-01-31,56,quantile,0.01,0.0
2026-01-31,wk inc flu hosp,0,2026-01-31,56,quantile,0.025,0.0
2026-01-31,wk inc flu hosp,0,2026-01-31,56,quantile,0.05,0.0
2026-01-31,wk inc flu hosp,0,2026-01-31,56,quantile,0.1,0.0
2026-01-31,wk inc flu hosp,0,2026-01-31,56,quantile,0.15,2.0
2026-01-31,wk inc flu hosp,0,2026-01-31,56,quantile,0.2,5.0
2026-01-31,wk inc flu hosp,0,2026-01-31,56,quantile,0.25,8.0
2026-01-31,wk inc flu hosp,0,2026-01-31,56,quantile,0.3,9.0
2026-01-31,wk inc flu hosp,0,2026-01-31,56,quantile,0.35,9.0
2026-01-31,wk inc flu hosp,0,2026-01-31,56,quantile,0.4,10.0
2026-01-31,wk inc flu hosp,0,2026-01-31,56,quantile,0.45,11.0
2026-01-31,wk inc flu hosp,0,2026-01-31,56,quantile,0.5,12.0
2026-01-31,wk inc flu hosp,0,2026-01-31,56,quantile,0.55,12.0
2026-01-31,wk inc flu hosp,0,2026-01-31,56,quantile,0.6,13.0
2026-01-31,wk inc flu hosp,0,2026-01-31,56,quantile,0.65,14.0
2026-01-31,wk inc flu hosp,0,2026-01-31,56,quantile,0.7,14.0
2026-01-31,wk inc flu hosp,0,2026-01-31,56,quantile,0.75,16.0
2026-01-31,wk inc flu hosp,0,2026-01-31,56,quantile,0.8,17.0
2026-01-31,wk inc flu hosp,0,2026-01-31,56,quantile,0.85,18.0
2026-01-31,wk inc flu hosp,0,2026-01-31,56,quantile,0.9,20.0
2026-01-31,wk inc flu hosp,0,2026-01-31,56,quantile,0.95,22.0
2026-01-31,wk inc flu hosp,0,2026-01-31,56,quantile,0.975,24.0
2026-01-31,wk inc flu hosp,0,2026-01-31,56,quantile,0.99,26.0
2026-01-31,wk inc flu hosp,0,2026-01-31,US,quantile,0.01,6636.0
2026-01-31,wk inc flu hosp,0,2026-01-31,US,quantile,0.025,7368.0
2026-01-31,wk inc flu hosp,0,2026-01-31,US,quantile,0.05,8121.0
2026-01-31,wk inc flu hosp,0,2026-01-31,US,quantile,0.1,8679.0
2026-01-31,wk inc flu hosp,0,2026-01-31,US,quantile,0.15,9237.0
2026-01-31,wk inc flu hosp,0,2026-01-31,US,quantile,0.2,9520.0
2026-01-31,wk inc flu hosp,0,2026-01-31,US,quantile,0.25,9716.0
2026-01-31,wk inc flu hosp,0,2026-01-31,US,quantile,0.3,9907.0
2026-01-31,wk inc flu hosp,0,2026-01-31,US,quantile,0.35,10072.0
2026-01-31,wk inc flu hosp,0,2026-01-31,US,quantile,0.4,10219.0
2026-01-31,wk inc flu hosp,0,2026-01-31,US,quantile,0.45,10425.0
2026-01-31,wk inc flu hosp,0,2026-01-31,US,quantile,0.5,10609.0
2026-01-31,wk inc flu hosp,0,2026-01-31,US,quantile,0.55,10802.0
2026-01-31,wk inc flu hosp,0,2026-01-31,US,quantile,0.6,11017.0
2026-01-31,wk inc flu hosp,0,2026-01-31,US,quantile,0.65,11247.0
2026-01-31,wk inc flu hosp,0,2026-01-31,US,quantile,0.7,11457.0
2026-01-31,wk inc flu hosp,0,2026-01-31,US,quantile,0.75,11755.0
2026-01-31,wk inc flu hosp,0,2026-01-31,US,quantile,0.8,12091.0
2026-01-31,wk inc flu hosp,0,2026-01-31,US,quantile,0.85,12420.0
2026-01-31,wk inc flu hosp,0,2026-01-31,US,quantile,0.9,12981.0
2026-01-31,wk inc flu hosp,0,2026-01-31,US,quantile,0.95,13814.0
2026-01-31,wk inc flu hosp,0,2026-01-31,US,quantile,0.975,14490.0
2026-01-31,wk inc flu hosp,0,2026-01-31,US,quantile,0.99,15056.0
2026-01-31,wk inc flu hosp,1,2026-02-07,01,quantile,0.01,0.0
2026-01-31,wk inc flu hosp,1,2026-02-07,01,quantile,0.025,0.0
2026-01-31,wk inc flu hosp,1,2026-02-07,01,quantile,0.05,0.0
2026-01-31,wk inc flu hosp,1,2026-02-07,01,quantile,0.1,29.0
2026-01-31,wk inc flu hosp,1,2026-02-07,01,quantile,0.15,46.0
2026-01-31,wk inc flu hosp,1,2026-02-07,01,quantile,0.2,55.0
2026-01-31,wk inc flu hosp,1,2026-02-07,01,quantile,0.25,65.0
2026-01-31,wk inc flu hosp,1,2026-02-07,01,quantile,0.3,74.0
2026-01-31,wk inc flu hosp,1,2026-02-07,01,quantile,0.35,83.0
2026-01-31,wk inc flu hosp,1,2026-02-07,01,quantile,0.4,91.0
2026-01-31,wk inc flu hosp,1,2026-02-07,01,quantile,0.45,100.0
2026-01-31,wk inc flu hosp,1,2026-02-07,01,quantile,0.5,108.0
2026-01-31,wk inc flu hosp,1,2026-02-07,01,quantile,0.55,115.0
2026-01-31,wk inc flu hosp,1,2026-02-07,01,quantile,0.6,122.0
2026-01-31,wk inc flu hosp,1,2026-02-07,01,quantile,0.65,130.0
2026-01-31,wk inc flu hosp,1,2026-02-07,01,quantile,0.7,138.0
2026-01-31,wk inc flu hosp,1,2026-02-07,01,quantile,0.75,148.0
2026-01-31,wk inc flu hosp,1,2026-02-07,01,quantile,0.8,156.0
2026-01-31,wk inc flu hosp,1,2026-02-07,01,quantile,0.85,167.0
2026-01-31,wk inc flu hosp,1,2026-02-07,01,quantile,0.9,183.0
2026-01-31,wk inc flu hosp,1,2026-02-07,01,quantile,0.95,211.0
2026-01-31,wk inc flu hosp,1,2026-02-07,01,quantile,0.975,229.0
2026-01-31,wk inc flu hosp,1,2026-02-07,01,quantile,0.99,250.0
2026-01-31,wk inc flu hosp,1,2026-02-07,02,quantile,0.01,7.0
2026-01-31,wk inc flu hosp,1,2026-02-07,02,quantile,0.025,8.0
2026-01-31,wk inc flu hosp,1,2026-02-07,02,quantile,0.05,10.0
2026-01-31,wk inc flu hosp,1,2026-02-07,02,quantile,0.1,12.0
2026-01-31,wk inc flu hosp,1,2026-02-07,02,quantile,0.15,13.0
2026-01-31,wk inc flu hosp,1,2026-02-07,02,quantile,0.2,15.0
2026-01-31,wk inc flu hosp,1,2026-02-07,02,quantile,0.25,16.0
2026-01-31,wk inc flu hosp,1,2026-02-07,02,quantile,0.3,17.0
2026-01-31,wk inc flu hosp,1,2026-02-07,02,quantile,0.35,17.0
2026-01-31,wk inc flu hosp,1,2026-02-07,02,quantile,0.4,18.0
2026-01-31,wk inc flu hosp,1,2026-02-07,02,quantile,0.45,19.0
2026-01-31,wk inc flu hosp,1,2026-02-07,02,quantile,0.5,20.0
2026-01-31,wk inc flu hosp,1,2026-02-07,02,quantile,0.55,21.0
2026-01-31,wk inc flu hosp,1,2026-02-07,02,quantile,0.6,21.0
2026-01-31,wk inc flu hosp,1,2026-02-07,02,quantile,0.65,22.0
2026-01-31,wk inc flu hosp,1,2026-02-07,02,quantile,0.7,23.0
2026-01-31,wk inc flu hosp,1,2026-02-07,02,quantile,0.75,24.0
2026-01-31,wk inc flu hosp,1,2026-02-07,02,quantile,0.8,24.0
2026-01-31,wk inc flu hosp,1,2026-02-07,02,quantile,0.85,25.0
2026-01-31,wk inc flu hosp,1,2026-02-07,02,quantile,0.9,26.0
2026-01-31,wk inc flu hosp,1,2026-02-07,02,quantile,0.95,28.0
2026-01-31,wk inc flu hosp,1,2026-02-07,02,quantile,0.975,30.0
2026-01-31,wk inc flu hosp,1,2026-02-07,02,quantile,0.99,32.0
2026-01-31,wk inc flu hosp,1,2026-02-07,04,quantile,0.01,0.0
2026-01-31,wk inc flu hosp,1,2026-02-07,04,quantile,0.025,0.0
2026-01-31,wk inc flu hosp,1,2026-02-07,04,quantile,0.05,0.0
2026-01-31,wk inc flu hosp,1,2026-02-07,04,quantile,0.1,0.0
2026-01-31,wk inc flu hosp,1,2026-02-07,04,quantile,0.15,0.0
2026-01-31,wk inc flu hosp,1,2026-02-07,04,quantile,0.2,1.0
2026-01-31,wk inc flu hosp,1,2026-02-07,04,quantile,0.25,33.0
2026-01-31,wk inc flu hosp,1,2026-02-07,04,quantile,0.3,63.0
2026-01-31,wk inc flu hosp,1,2026-02-07,04,quantile,0.35,81.0
2026-01-31,wk inc flu hosp,1,2026-02-07,04,quantile,0.4,95.0
2026-01-31,wk inc flu hosp,1,2026-02-07,04,quantile,0.45,109.0
2026-01-31,wk inc flu hosp,1,2026-02-07,04,quantile,0.5,123.0
2026-01-31,wk inc flu hosp,1,2026-02-07,04,quantile,0.55,135.0
2026-01-31,wk inc flu hosp,1,2026-02-07,04,quantile,0.6,146.0
2026-01-31,wk inc flu hosp,1,2026-02-07,04,quantile,0.65,158.0
2026-01-31,wk inc flu hosp,1,2026-02-07,04,quantile,0.7,170.0
2026-01-31,wk inc flu hosp,1,2026-02-07,04,quantile,0.75,187.0
2026-01-31,wk inc flu hosp,1,2026-02-07,04,quantile,0.8,200.0
2026-01-31,wk inc flu hosp,1,2026-02-07,04,quantile,0.85,218.0
2026-01-31,wk inc flu hosp,1,2026-02-07,04,quantile,0.9,247.0
2026-01-31,wk inc flu hosp,1,2026-02-07,04,quantile,0.95,292.0
2026-01-31,wk inc flu hosp,1,2026-02-07,04,quantile,0.975,322.0
2026-01-31,wk inc flu hosp,1,2026-02-07,04,quantile,0.99,362.0
2026-01-31,wk inc flu hosp,1,2026-02-07,05,quantile,0.01,0.0
2026-01-31,wk inc flu hosp,1,2026-02-07,05,quantile,0.025,0.0
2026-01-31,wk inc flu hosp,1,2026-02-07,05,quantile,0.05,0.0
2026-01-31,wk inc flu hosp,1,2026-02-07,05,quantile,0.1,0.0
2026-01-31,wk inc flu hosp,1,2026-02-07,05,quantile,0.15,0.0
2026-01-31,wk inc flu hosp,1,2026-02-07,05,quantile,0.2,20.0
2026-01-31,wk inc flu hosp,1,2026-02-07,05,quantile,0.25,21.0
2026-01-31,wk inc flu hosp,1,2026-02-07,05,quantile,0.3,21.0
2026-01-31,wk inc flu hosp,1,2026-02-07,05,quantile,0.35,22.0
2026-01-31,wk inc flu hosp,1,2026-02-07,05,quantile,0.4,22.0
2026-01-31,wk inc flu hosp,1,2026-02-07,05,quantile,0.45,22.0
2026-01-31,wk inc flu hosp,1,2026-02-07,05,quantile,0.5,22.0
2026-01-31,wk inc flu hosp,1,2026-02-07,05,quantile,0.55,34.0
2026-01-31,wk inc flu hosp,1,2026-02-07,05,quantile,0.6,62.0
2026-01-31,wk inc flu hosp,1,2026-02-07,05,quantile,0.65,89.0
2026-01-31,wk inc flu hosp,1,2026-02-07,05,quantile,0.7,118.0
2026-01-31,wk inc flu hosp,1,2026-02-07,05,quantile,0.75,156.0
2026-01-31,wk inc flu hosp,1,2026-02-07,05,quantile,0.8,186.0
2026-01-31,wk inc flu hosp,1,2026-02-07,05,quantile,0.85,225.0
2026-01-31,wk inc flu hosp,1,2026-02-07,05,quantile,0.9,291.0
2026-01-31,wk inc flu hosp,1,2026-02-07,05,quantile,0.95,394.0
2026-01-31,wk inc flu hosp,1,2026-02-07,05,quantile,0.975,462.0
2026-01-31,wk inc flu hosp,1,2026-02-07,05,quantile,0.99,543.0
2026-01-31,wk inc flu hosp,1,2026-02-07,06,quantile,0.01,367.0
2026-01-31,wk inc flu hosp,1,2026-02-07,06,quantile,0.025,528.0
2026-01-31,wk inc flu hosp,1,2026-02-07,06,quantile,0.05,671.0
2026-01-31,wk inc flu hosp,1,2026-02-07,06,quantile,0.1,833.0
2026-01-31,wk inc flu hosp,1,2026-02-07,06,quantile,0.15,939.0
2026-01-31,wk inc flu hosp,1,2026-02-07,06,quantile,0.2,1019.0
2026-01-31,wk inc flu hosp,1,2026-02-07,06,quantile,0.25,1096.0
2026-01-31,wk inc flu hosp,1,2026-02-07,06,quantile,0.3,1156.0
2026-01-31,wk inc flu hosp,1,2026-02-07,06,quantile,0.35,1185.0
2026-01-31,wk inc flu hosp,1,2026-02-07,06,quantile,0.4,1220.0
2026-01-31,wk inc flu hosp,1,2026-02-07,06,quantile,0.45,1252.0
2026-01-31,wk inc flu hosp,1,2026-02-07,06,quantile,0.5,1287.0
2026-01-31,wk inc flu hosp,1,2026-02-07,06,quantile,0.55,1321.0
2026-01-31,wk inc flu hosp,1,2026-02-07,06,quantile,0.6,1359.0
2026-01-31,wk inc flu hosp,1,2026-02-07,06,quantile,0.65,1396.0
2026-01-31,wk inc flu hosp,1,2026-02-07,06,quantile,0.7,1432.0
2026-01-31,wk inc flu hosp,1,2026-02-07,06,quantile,0.75,1485.0
2026-01-31,wk inc flu hosp,1,2026-02-07,06,quantile,0.8,1539.0
2026-01-31,wk inc flu hosp,1,2026-02-07,06,quantile,0.85,1601.0
2026-01-31,wk inc flu hosp,1,2026-02-07,06,quantile,0.9,1685.0
2026-01-31,wk inc flu hosp,1,2026-02-07,06,quantile,0.95,1838.0
2026-01-31,wk inc flu hosp,1,2026-02-07,06,quantile,0.975,1938.0
2026-01-31,wk inc flu hosp,1,2026-02-07,06,quantile,0.99,2065.0
2026-01-31,wk inc flu hosp,1,2026-02-07,08,quantile,0.01,12.0
2026-01-31,wk inc flu hosp,1,2026-02-07,08,quantile,0.025,28.0
2026-01-31,wk inc flu hosp,1,2026-02-07,08,quantile,0.05,49.0
2026-01-31,wk inc flu hosp,1,2026-02-07,08,quantile,0.1,66.0
2026-01-31,wk inc flu hosp,1,2026-02-07,08,quantile,0.15,75.0
2026-01-31,wk inc flu hosp,1,2026-02-07,08,quantile,0.2,83.0
2026-01-31,wk inc flu hosp,1,2026-02-07,08,quantile,0.25,90.0
2026-01-31,wk inc flu hosp,1,2026-02-07,08,quantile,0.3,96.0
2026-01-31,wk inc flu hosp,1,2026-02-07,08,quantile,0.35,101.0
2026-01-31,wk inc flu hosp,1,2026-02-07,08,quantile,0.4,106.0
2026-01-31,wk inc flu hosp,1,2026-02-07,08,quantile,0.45,112.0
2026-01-31,wk inc flu hosp,1,2026-02-07,08,quantile,0.5,117.0
2026-01-31,wk inc flu hosp,1,2026-02-07,08,quantile,0.55,122.0
2026-01-31,wk inc flu hosp,1,2026-02-07,08,quantile,0.6,128.0
2026-01-31,wk inc flu hosp,1,2026-02-07,08,quantile,0.65,134.0
2026-01-31,wk inc flu hosp,1,2026-02-07,08,quantile,0.7,139.0
2026-01-31,wk inc flu hosp,1,2026-02-07,08,quantile,0.75,145.0
2026-01-31,wk inc flu hosp,1,2026-02-07,08,quantile,0.8,149.0
2026-01-31,wk inc flu hosp,1,2026-02-07,08,quantile,0.85,153.0
2026-01-31,wk inc flu hosp,1,2026-02-07,08,quantile,0.9,160.0
2026-01-31,wk inc flu hosp,1,2026-02-07,08,quantile,0.95,172.0
2026-01-31,wk inc flu hosp,1,2026-02-07,08,quantile,0.975,183.0
2026-01-31,wk inc flu hosp,1,2026-02-07,08,quantile,0.99,198.0
2026-01-31,wk inc flu hosp,1,2026-02-07,09,quantile,0.01,0.0
2026-01-31,wk inc flu hosp,1,2026-02-07,09,quantile,0.025,2.0
2026-01-31,wk inc flu hosp,1,2026-02-07,09,quantile,0.05,7.0
2026-01-31,wk inc flu hosp,1,2026-02-07,09,quantile,0.1,8.0
2026-01-31,wk inc flu hosp,1,2026-02-07,09,quantile,0.15,8.0
2026-01-31,wk inc flu hosp,1,2026-02-07,09,quantile,0.2,8.0
2026-01-31,wk inc flu hosp,1,2026-02-07,09,quantile,0.25,8.0
2026-01-31,wk inc flu hosp,1,2026-02-07,09,quantile,0.3,8.0
2026-01-31,wk inc flu hosp,1,2026-02-07,09,quantile,0.35,8.0
2026-01-31,wk inc flu hosp,1,2026-02-07,09,quantile,0.4,8.0
2026-01-31,wk inc flu hosp,1,2026-02-07,09,quantile,0.45,9.0
2026-01-31,wk inc flu hosp,1,2026-02-07,09,quantile,0.5,9.0
2026-01-31,wk inc flu hosp,1,2026-02-07,09,quantile,0.55,9.0
2026-01-31,wk inc flu hosp,1,2026-02-07,09,quantile,0.6,9.0
2026-01-31,wk inc flu hosp,1,2026-02-07,09,quantile,0.65,9.0
2026-01-31,wk inc flu hosp,1,2026-02-07,09,quantile,0.7,9.0
2026-01-31,wk inc flu hosp,1,2026-02-07,09,quantile,0.75,10.0
2026-01-31,wk inc flu hosp,1,2026-02-07,09,quantile,0.8,10.0
2026-01-31,wk inc flu hosp,1,2026-02-07,09,quantile,0.85,10.0
2026-01-31,wk inc flu hosp,1,2026-02-07,09,quantile,0.9,11.0
2026-01-31,wk inc flu hosp,1,2026-02-07,09,quantile,0.95,11.0
2026-01-31,wk inc flu hosp,1,2026-02-07,09,quantile,0.975,12.0
2026-01-31,wk inc flu hosp,1,2026-02-07,09,quantile,0.99,18.0
2026-01-31,wk inc flu hosp,1,2026-02-07,10,quantile,0.01,3.0
2026-01-31,wk inc flu hosp,1,2026-02-07,10,quantile,0.025,7.0
2026-01-31,wk inc flu hosp,1,2026-02-07,10,quantile,0.05,9.0
2026-01-31,wk inc flu hosp,1,2026-02-07,10,quantile,0.1,12.0
2026-01-31,wk inc flu hosp,1,2026-02-07,10,quantile,0.15,14.0
2026-01-31,wk inc flu hosp,1,2026-02-07,10,quantile,0.2,21.0
2026-01-31,wk inc flu hosp,1,2026-02-07,10,quantile,0.25,25.0
2026-01-31,wk inc flu hosp,1,2026-02-07,10,quantile,0.3,30.0
2026-01-31,wk inc flu hosp,1,2026-02-07,10,quantile,0.35,35.0
2026-01-31,wk inc flu hosp,1,2026-02-07,10,quantile,0.4,37.0
2026-01-31,wk inc flu hosp,1,2026-02-07,10,quantile,0.45,39.0
2026-01-31,wk inc flu hosp,1,2026-02-07,10,quantile,0.5,40.0
2026-01-31,wk inc flu hosp,1,2026-02-07,10,quantile,0.55,42.0
2026-01-31,wk inc flu hosp,1,2026-02-07,10,quantile,0.6,43.0
2026-01-31,wk inc flu hosp,1,2026-02-07,10,quantile,0.65,44.0
2026-01-31,wk inc flu hosp,1,2026-02-07,10,quantile,0.7,46.0
2026-01-31,wk inc flu hosp,1,2026-02-07,10,quantile,0.75,48.0
2026-01-31,wk inc flu hosp,1,2026-02-07,10,quantile,0.8,49.0
2026-01-31,wk inc flu hosp,1,2026-02-07,10,quantile,0.85,51.0
2026-01-31,wk inc flu hosp,1,2026-02-07,10,quantile,0.9,54.0
2026-01-31,wk inc flu hosp,1,2026-02-07,10,quantile,0.95,60.0
2026-01-31,wk inc flu hosp,1,2026-02-07,10,quantile,0.975,63.0
2026-01-31,wk inc flu hosp,1,2026-02-07,10,quantile,0.99,66.0
2026-01-31,wk inc flu hosp,1,2026-02-07,11,quantile,0.01,0.0
2026-01-31,wk inc flu hosp,1,2026-02-07,11,quantile,0.025,0.0
2026-01-31,wk inc flu hosp,1,2026-02-07,11,quantile,0.05,0.0
2026-01-31,wk inc flu hosp,1,2026-02-07,11,quantile,0.1,0.0
2026-01-31,wk inc flu hosp,1,2026-02-07,11,quantile,0.15,0.0
2026-01-31,wk inc flu hosp,1,2026-02-07,11,quantile,0.2,1.0
2026-01-31,wk inc flu hosp,1,2026-02-07,11,quantile,0.25,4.0
2026-01-31,wk inc flu hosp,1,2026-02-07,11,quantile,0.3,5.0
2026-01-31,wk inc flu hosp,1,2026-02-07,11,quantile,0.35,6.0
2026-01-31,wk inc flu hosp,1,2026-02-07,11,quantile,0.4,6.0
2026-01-31,wk inc flu hosp,1,2026-02-07,11,quantile,0.45,7.0
2026-01-31,wk inc flu hosp,1,2026-02-07,11,quantile,0.5,9.0
2026-01-31,wk inc flu hosp,1,2026-02-07,11,quantile,0.55,10.0
2026-01-31,wk inc flu hosp,1,2026-02-07,11,quantile,0.6,11.0
2026-01-31,wk inc flu hosp,1,2026-02-07,11,quantile,0.65,12.0
2026-01-31,wk inc flu hosp,1,2026-02-07,11,quantile,0.7,13.0
2026-01-31,wk inc flu hosp,1,2026-02-07,11,quantile,0.75,15.0
2026-01-31,wk inc flu hosp,1,2026-02-07,11,quantile,0.8,16.0
2026-01-31,wk inc flu hosp,1,2026-02-07,11,quantile,0.85,18.0
2026-01-31,wk inc flu hosp,1,2026-02-07,11,quantile,0.9,20.0
2026-01-31,wk inc flu hosp,1,2026-02-07,11,quantile,0.95,24.0
2026-01-31,wk inc flu hosp,1,2026-02-07,11,quantile,0.975,28.0
2026-01-31,wk inc flu hosp,1,2026-02-07,11,quantile,0.99,33.0
2026-01-31,wk inc flu hosp,1,2026-02-07,12,quantile,0.01,341.0
2026-01-31,wk inc flu hosp,1,2026-02-07,12,quantile,0.025,450.0
2026-01-31,wk inc flu hosp,1,2026-02-07,12,quantile,0.05,506.0
2026-01-31,wk inc flu hosp,1,2026-02-07,12,quantile,0.1,561.0
2026-01-31,wk inc flu hosp,1,2026-02-07,12,quantile,0.15,607.0
2026-01-31,wk inc flu hosp,1,2026-02-07,12,quantile,0.2,634.0
2026-01-31,wk inc flu hosp,1,2026-02-07,12,quantile,0.25,663.0
2026-01-31,wk inc flu hosp,1,2026-02-07,12,quantile,0.3,689.0
2026-01-31,wk inc flu hosp,1,2026-02-07,12,quantile,0.35,714.0
2026-01-31,wk inc flu hosp,1,2026-02-07,12,quantile,0.4,738.0
2026-01-31,wk inc flu hosp,1,2026-02-07,12,quantile,0.45,760.0
2026-01-31,wk inc flu hosp,1,2026-02-07,12,quantile,0.5,782.0
2026-01-31,wk inc flu hosp,1,2026-02-07,12,quantile,0.55,806.0
2026-01-31,wk inc flu hosp,1,2026-02-07,12,quantile,0.6,835.0
2026-01-31,wk inc flu hosp,1,2026-02-07,12,quantile,0.65,864.0
2026-01-31,wk inc flu hosp,1,2026-02-07,12,quantile,0.7,909.0
2026-01-31,wk inc flu hosp,1,2026-02-07,12,quantile,0.75,952.0
2026-01-31,wk inc flu hosp,1,2026-02-07,12,quantile,0.8,972.0
2026-01-31,wk inc flu hosp,1,2026-02-07,12,quantile,0.85,1000.0
2026-01-31,wk inc flu hosp,1,2026-02-07,12,quantile,0.9,1044.0
2026-01-31,wk inc flu hosp,1,2026-02-07,12,quantile,0.95,1124.0
2026-01-31,wk inc flu hosp,1,2026-02-07,12,quantile,0.975,1160.0
2026-01-31,wk inc flu hosp,1,2026-02-07,12,quantile,0.99,1191.0
2026-01-31,wk inc flu hosp,1,2026-02-07,13,quantile,0.01,0.0
2026-01-31,wk inc flu hosp,1,2026-02-07,13,quantile,0.025,0.0
2026-01-31,wk inc flu hosp,1,2026-02-07,13,quantile,0.05,14.0
2026-01-31,wk inc flu hosp,1,2026-02-07,13,quantile,0.1,64.0
2026-01-31,wk inc flu hosp,1,2026-02-07,13,quantile,0.15,92.0
2026-01-31,wk inc flu hosp,1,2026-02-07,13,quantile,0.2,115.0
2026-01-31,wk inc flu hosp,1,2026-02-07,13,quantile,0.25,124.0
2026-01-31,wk inc flu hosp,1,2026-02-07,13,quantile,0.3,134.0
2026-01-31,wk inc flu hosp,1,2026-02-07,13,quantile,0.35,144.0
2026-01-31,wk inc flu hosp,1,2026-02-07,13,quantile,0.4,152.0
2026-01-31,wk inc flu hosp,1,2026-02-07,13,quantile,0.45,161.0
2026-01-31,wk inc flu hosp,1,2026-02-07,13,quantile,0.5,169.0
2026-01-31,wk inc flu hosp,1,2026-02-07,13,quantile,0.55,177.0
2026-01-31,wk inc flu hosp,1,2026-02-07,13,quantile,0.6,185.0
2026-01-31,wk inc flu hosp,1,2026-02-07,13,quantile,0.65,195.0
2026-01-31,wk inc flu hosp,1,2026-02-07,13,quantile,0.7,204.0
2026-01-31,wk inc flu hosp,1,2026-02-07,13,quantile,0.75,216.0
2026-01-31,wk inc flu hosp,1,2026-02-07,13,quantile,0.8,229.0
2026-01-31,wk inc flu hosp,1,2026-02-07,13,quantile,0.85,244.0
2026-01-31,wk inc flu hosp,1,2026-02-07,13,quantile,0.9,265.0
2026-01-31,wk inc flu hosp,1,2026-02-07,13,quantile,0.95,300.0
2026-01-31,wk inc flu hosp,1,2026-02-07,13,quantile,0.975,320.0
2026-01-31,wk inc flu hosp,1,2026-02-07,13,quantile,0.99,344.0
2026-01-31,wk inc flu hosp,1,2026-02-07,15,quantile,0.01,0.0
2026-01-31,wk inc flu hosp,1,2026-02-07,15,quantile,0.025,0.0
2026-01-31,wk inc flu hosp,1,2026-02-07,15,quantile,0.05,0.0
2026-01-31,wk inc flu hosp,1,2026-02-07,15,quantile,0.1,0.0
2026-01-31,wk inc flu hosp,1,2026-02-07,15,quantile,0.15,2.0
2026-01-31,wk inc flu hosp,1,2026-02-07,15,quantile,0.2,5.0
2026-01-31,wk inc flu hosp,1,2026-02-07,15,quantile,0.25,11.0
2026-01-31,wk inc flu hosp,1,2026-02-07,15,quantile,0.3,14.0
2026-01-31,wk inc flu hosp,1,2026-02-07,15,quantile,0.35,16.0
2026-01-31,wk inc flu hosp,1,2026-02-07,15,quantile,0.4,18.0
2026-01-31,wk inc flu hosp,1,2026-02-07,15,quantile,0.45,20.0
2026-01-31,wk inc flu hosp,1,2026-02-07,15,quantile,0.5,23.0
2026-01-31,wk inc flu hosp,1,2026-02-07,15,quantile,0.55,24.0
2026-01-31,wk inc flu hosp,1,2026-02-07,15,quantile,0.6,26.0
2026-01-31,wk inc flu hosp,1,2026-02-07,15,quantile,0.65,28.0
2026-01-31,wk inc flu hosp,1,2026-02-07,15,quantile,0.7,30.0
2026-01-31,wk inc flu hosp,1,2026-02-07,15,quantile,0.75,33.0
2026-01-31,wk inc flu hosp,1,2026-02-07,15,quantile,0.8,37.0
2026-01-31,wk inc flu hosp,1,2026-02-07,15,quantile,0.85,42.0
2026-01-31,wk inc flu hosp,1,2026-02-07,15,quantile,0.9,49.0
2026-01-31,wk inc flu hosp,1,2026-02-07,15,quantile,0.95,58.0
2026-01-31,wk inc flu hosp,1,2026-02-07,15,quantile,0.975,63.0
2026-01-31,wk inc flu hosp,1,2026-02-07,15,quantile,0.99,67.0
2026-01-31,wk inc flu hosp,1,2026-02-07,16,quantile,0.01,0.0
2026-01-31,wk inc flu hosp,1,2026-02-07,16,quantile,0.025,1.0
2026-01-31,wk inc flu hosp,1,2026-02-07,16,quantile,0.05,4.0
2026-01-31,wk inc flu hosp,1,2026-02-07,16,quantile,0.1,8.0
2026-01-31,wk inc flu hosp,1,2026-02-07,16,quantile,0.15,14.0
2026-01-31,wk inc flu hosp,1,2026-02-07,16,quantile,0.2,21.0
2026-01-31,wk inc flu hosp,1,2026-02-07,16,quantile,0.25,27.0
2026-01-31,wk inc flu hosp,1,2026-02-07,16,quantile,0.3,32.0
2026-01-31,wk inc flu hosp,1,2026-02-07,16,quantile,0.35,35.0
2026-01-31,wk inc flu hosp,1,2026-02-07,16,quantile,0.4,37.0
2026-01-31,wk inc flu hosp,1,2026-02-07,16,quantile,0.45,39.0
2026-01-31,wk inc flu hosp,1,2026-02-07,16,quantile,0.5,41.0
2026-01-31,wk inc flu hosp,1,2026-02-07,16,quantile,0.55,43.0
2026-01-31,wk inc flu hosp,1,2026-02-07,16,quantile,0.6,44.0
2026-01-31,wk inc flu hosp,1,2026-02-07,16,quantile,0.65,46.0
2026-01-31,wk inc flu hosp,1,2026-02-07,16,quantile,0.7,47.0
2026-01-31,wk inc flu hosp,1,2026-02-07,16,quantile,0.75,50.0
2026-01-31,wk inc flu hosp,1,2026-02-07,16,quantile,0.8,52.0
2026-01-31,wk inc flu hosp,1,2026-02-07,16,quantile,0.85,54.0
2026-01-31,wk inc flu hosp,1,2026-02-07,16,quantile,0.9,59.0
2026-01-31,wk inc flu hosp,1,2026-02-07,16,quantile,0.95,75.0
2026-01-31,wk inc flu hosp,1,2026-02-07,16,quantile,0.975,85.0
2026-01-31,wk inc flu hosp,1,2026-02-07,16,quantile,0.99,95.0
2026-01-31,wk inc flu hosp,1,2026-02-07,17,quantile,0.01,0.0
2026-01-31,wk inc flu hosp,1,2026-02-07,17,quantile,0.025,0.0
2026-01-31,wk inc flu hosp,1,2026-02-07,17,quantile,0.05,21.0
2026-01-31,wk inc flu hosp,1,2026-02-07,17,quantile,0.1,129.0
2026-01-31,wk inc flu hosp,1,2026-02-07,17,quantile,0.15,167.0
2026-01-31,wk inc flu hosp,1,2026-02-07,17,quantile,0.2,196.0
2026-01-31,wk inc flu hosp,1,2026-02-07,17,quantile,0.25,215.0
2026-01-31,wk inc flu hosp,1,2026-02-07,17,quantile,0.3,236.0
2026-01-31,wk inc flu hosp,1,2026-02-07,17,quantile,0.35,255.0
2026-01-31,wk inc flu hosp,1,2026-02-07,17,quantile,0.4,274.0
2026-01-31,wk inc flu hosp,1,2026-02-07,17,quantile,0.45,292.0
2026-01-31,wk inc flu hosp,1,2026-02-07,17,quantile,0.5,312.0
2026-01-31,wk inc flu hosp,1,2026-02-07,17,quantile,0.55,330.0
2026-01-31,wk inc flu hosp,1,2026-02-07,17,quantile,0.6,348.0
2026-01-31,wk inc flu hosp,1,2026-02-07,17,quantile,0.65,368.0
2026-01-31,wk inc flu hosp,1,2026-02-07,17,quantile,0.7,385.0
2026-01-31,wk inc flu hosp,1,2026-02-07,17,quantile,0.75,408.0
2026-01-31,wk inc flu hosp,1,2026-02-07,17,quantile,0.8,428.0
2026-01-31,wk inc flu hosp,1,2026-02-07,17,quantile,0.85,451.0
2026-01-31,wk inc flu hosp,1,2026-02-07,17,quantile,0.9,492.0
2026-01-31,wk inc flu hosp,1,2026-02-07,17,quantile,0.95,555.0
2026-01-31,wk inc flu hosp,1,2026-02-07,17,quantile,0.975,596.0
2026-01-31,wk inc flu hosp,1,2026-02-07,17,quantile,0.99,654.0
2026-01-31,wk inc flu hosp,1,2026-02-07,18,quantile,0.01,0.0
2026-01-31,wk inc flu hosp,1,2026-02-07,18,quantile,0.025,20.0
2026-01-31,wk inc flu hosp,1,2026-02-07,18,quantile,0.05,32.0
2026-01-31,wk inc flu hosp,1,2026-02-07,18,quantile,0.1,73.0
2026-01-31,wk inc flu hosp,1,2026-02-07,18,quantile,0.15,100.0
2026-01-31,wk inc flu hosp,1,2026-02-07,18,quantile,0.2,117.0
2026-01-31,wk inc flu hosp,1,2026-02-07,18,quantile,0.25,126.0
2026-01-31,wk inc flu hosp,1,2026-02-07,18,quantile,0.3,136.0
2026-01-31,wk inc flu hosp,1,2026-02-07,18,quantile,0.35,145.0
2026-01-31,wk inc flu hosp,1,2026-02-07,18,quantile,0.4,154.0
2026-01-31,wk inc flu hosp,1,2026-02-07,18,quantile,0.45,162.0
2026-01-31,wk inc flu hosp,1,2026-02-07,18,quantile,0.5,170.0
2026-01-31,wk inc flu hosp,1,2026-02-07,18,quantile,0.55,177.0
2026-01-31,wk inc flu hosp,1,2026-02-07,18,quantile,0.6,183.0
2026-01-31,wk inc flu hosp,1,2026-02-07,18,quantile,0.65,190.0
2026-01-31,wk inc flu hosp,1,2026-02-07,18,quantile,0.7,197.0
2026-01-31,wk inc flu hosp,1,2026-02-07,18,quantile,0.75,207.0
2026-01-31,wk inc flu hosp,1,2026-02-07,18,quantile,0.8,217.0
2026-01-31,wk inc flu hosp,1,2026-02-07,18,quantile,0.85,228.0
2026-01-31,wk inc flu hosp,1,2026-02-07,18,quantile,0.9,246.0
2026-01-31,wk inc flu hosp,1,2026-02-07,18,quantile,0.95,281.0
2026-01-31,wk inc flu hosp,1,2026-02-07,18,quantile,0.975,307.0
2026-01-31,wk inc flu hosp,1,2026-02-07,18,quantile,0.99,339.0
2026-01-31,wk inc flu hosp,1,2026-02-07,19,quantile,0.01,23.0
2026-01-31,wk inc flu hosp,1,2026-02-07,19,quantile,0.025,38.0
2026-01-31,wk inc flu hosp,1,2026-02-07,19,quantile,0.05,52.0
2026-01-31,wk inc flu hosp,1,2026-02-07,19,quantile,0.1,69.0
2026-01-31,wk inc flu hosp,1,2026-02-07,19,quantile,0.15,78.0
2026-01-31,wk inc flu hosp,1,2026-02-07,19,quantile,0.2,86.0
2026-01-31,wk inc flu hosp,1,2026-02-07,19,quantile,0.25,96.0
2026-01-31,wk inc flu hosp,1,2026-02-07,19,quantile,0.3,103.0
2026-01-31,wk inc flu hosp,1,2026-02-07,19,quantile,0.35,108.0
2026-01-31,wk inc flu hosp,1,2026-02-07,19,quantile,0.4,115.0
2026-01-31,wk inc flu hosp,1,2026-02-07,19,quantile,0.45,120.0
2026-01-31,wk inc flu hosp,1,2026-02-07,19,quantile,0.5,125.0
2026-01-31,wk inc flu hosp,1,2026-02-07,19,quantile,0.55,127.0
2026-01-31,wk inc flu hosp,1,2026-02-07,19,quantile,0.6,130.0
2026-01-31,wk inc flu hosp,1,2026-02-07,19,quantile,0.65,132.0
2026-01-31,wk inc flu hosp,1,2026-02-07,19,quantile,0.7,134.0
2026-01-31,wk inc flu hosp,1,2026-02-07,19,quantile,0.75,137.0
2026-01-31,wk inc flu hosp,1,2026-02-07,19,quantile,0.8,139.0
2026-01-31,wk inc flu hosp,1,2026-02-07,19,quantile,0.85,142.0
2026-01-31,wk inc flu hosp,1,2026-02-07,19,quantile,0.9,148.0
2026-01-31,wk inc flu hosp,1,2026-02-07,19,quantile,0.95,157.0
2026-01-31,wk inc flu hosp,1,2026-02-07,19,quantile,0.975,163.0
2026-01-31,wk inc flu hosp,1,2026-02-07,19,quantile,0.99,171.0
2026-01-31,wk inc flu hosp,1,2026-02-07,20,quantile,0.01,21.0
2026-01-31,wk inc flu hosp,1,2026-02-07,20,quantile,0.025,33.0
2026-01-31,wk inc flu hosp,1,2026-02-07,20,quantile,0.05,62.0
2026-01-31,wk inc flu hosp,1,2026-02-07,20,quantile,0.1,93.0
2026-01-31,wk inc flu hosp,1,2026-02-07,20,quantile,0.15,116.0
2026-01-31,wk inc flu hosp,1,2026-02-07,20,quantile,0.2,130.0
2026-01-31,wk inc flu hosp,1,2026-02-07,20,quantile,0.25,143.0
2026-01-31,wk inc flu hosp,1,2026-02-07,20,quantile,0.3,149.0
2026-01-31,wk inc flu hosp,1,2026-02-07,20,quantile,0.35,156.0
2026-01-31,wk inc flu hosp,1,2026-02-07,20,quantile,0.4,162.0
2026-01-31,wk inc flu hosp,1,2026-02-07,20,quantile,0.45,167.0
2026-01-31,wk inc flu hosp,1,2026-02-07,20,quantile,0.5,172.0
2026-01-31,wk inc flu hosp,1,2026-02-07,20,quantile,0.55,175.0
2026-01-31,wk inc flu hosp,1,2026-02-07,20,quantile,0.6,178.0
2026-01-31,wk inc flu hosp,1,2026-02-07,20,quantile,0.65,181.0
2026-01-31,wk inc flu hosp,1,2026-02-07,20,quantile,0.7,184.0
2026-01-31,wk inc flu hosp,1,2026-02-07,20,quantile,0.75,189.0
2026-01-31,wk inc flu hosp,1,2026-02-07,20,quantile,0.8,192.0
2026-01-31,wk inc flu hosp,1,2026-02-07,20,quantile,0.85,197.0
2026-01-31,wk inc flu hosp,1,2026-02-07,20,quantile,0.9,204.0
2026-01-31,wk inc flu hosp,1,2026-02-07,20,quantile,0.95,217.0
2026-01-31,wk inc flu hosp,1,2026-02-07,20,quantile,0.975,225.0
2026-01-31,wk inc flu hosp,1,2026-02-07,20,quantile,0.99,250.0
2026-01-31,wk inc flu hosp,1,2026-02-07,21,quantile,0.01,0.0
2026-01-31,wk inc flu hosp,1,2026-02-07,21,quantile,0.025,0.0
2026-01-31,wk inc flu hosp,1,2026-02-07,21,quantile,0.05,0.0
2026-01-31,wk inc flu hosp,1,2026-02-07,21,quantile,0.1,0.0
2026-01-31,wk inc flu hosp,1,2026-02-07,21,quantile,0.15,0.0
2026-01-31,wk inc flu hosp,1,2026-02-07,21,quantile,0.2,28.0
2026-01-31,wk inc flu hosp,1,2026-02-07,21,quantile,0.25,63.0
2026-01-31,wk inc flu hosp,1,2026-02-07,21,quantile,0.3,77.0
2026-01-31,wk inc flu hosp,1,2026-02-07,21,quantile,0.35,89.0
2026-01-31,wk inc flu hosp,1,2026-02-07,21,quantile,0.4,102.0
2026-01-31,wk inc flu hosp,1,2026-02-07,21,quantile,0.45,113.0
2026-01-31,wk inc flu hosp,1,2026-02-07,21,quantile,0.5,125.0
2026-01-31,wk inc flu hosp,1,2026-02-07,21,quantile,0.55,136.0
2026-01-31,wk inc flu hosp,1,2026-02-07,21,quantile,0.6,146.0
2026-01-31,wk inc flu hosp,1,2026-02-07,21,quantile,0.65,156.0
2026-01-31,wk inc flu hosp,1,2026-02-07,21,quantile,0.7,168.0
2026-01-31,wk inc flu hosp,1,2026-02-07,21,quantile,0.75,183.0
2026-01-31,wk inc flu hosp,1,2026-02-07,21,quantile,0.8,196.0
2026-01-31,wk inc flu hosp,1,2026-02-07,21,quantile,0.85,214.0
2026-01-31,wk inc flu hosp,1,2026-02-07,21,quantile,0.9,246.0
2026-01-31,wk inc flu hosp,1,2026-02-07,21,quantile,0.95,296.0
2026-01-31,wk inc flu hosp,1,2026-02-07,21,quantile,0.975,323.0
2026-01-31,wk inc flu hosp,1,2026-02-07,21,quantile,0.99,351.0
2026-01-31,wk inc flu hosp,1,2026-02-07,22,quantile,0.01,61.0
2026-01-31,wk inc flu hosp,1,2026-02-07,22,quantile,0.025,81.0
2026-01-31,wk inc flu hosp,1,2026-02-07,22,quantile,0.05,97.0
2026-01-31,wk inc flu hosp,1,2026-02-07,22,quantile,0.1,119.0
2026-01-31,wk inc flu hosp,1,2026-02-07,22,quantile,0.15,137.0
2026-01-31,wk inc flu hosp,1,2026-02-07,22,quantile,0.2,150.0
2026-01-31,wk inc flu hosp,1,2026-02-07,22,quantile,0.25,159.0
2026-01-31,wk inc flu hosp,1,2026-02-07,22,quantile,0.3,167.0
2026-01-31,wk inc flu hosp,1,2026-02-07,22,quantile,0.35,177.0
2026-01-31,wk inc flu hosp,1,2026-02-07,22,quantile,0.4,182.0
2026-01-31,wk inc flu hosp,1,2026-02-07,22,quantile,0.45,186.0
2026-01-31,wk inc flu hosp,1,2026-02-07,22,quantile,0.5,191.0
2026-01-31,wk inc flu hosp,1,2026-02-07,22,quantile,0.55,196.0
2026-01-31,wk inc flu hosp,1,2026-02-07,22,quantile,0.6,201.0
2026-01-31,wk inc flu hosp,1,2026-02-07,22,quantile,0.65,208.0
2026-01-31,wk inc flu hosp,1,2026-02-07,22,quantile,0.7,221.0
2026-01-31,wk inc flu hosp,1,2026-02-07,22,quantile,0.75,236.0
2026-01-31,wk inc flu hosp,1,2026-02-07,22,quantile,0.8,250.0
2026-01-31,wk inc flu hosp,1,2026-02-07,22,quantile,0.85,271.0
2026-01-31,wk inc flu hosp,1,2026-02-07,22,quantile,0.9,307.0
2026-01-31,wk inc flu hosp,1,2026-02-07,22,quantile,0.95,333.0
2026-01-31,wk inc flu hosp,1,2026-02-07,22,quantile,0.975,353.0
2026-01-31,wk inc flu hosp,1,2026-02-07,22,quantile,0.99,373.0
2026-01-31,wk inc flu hosp,1,2026-02-07,23,quantile,0.01,5.0
2026-01-31,wk inc flu hosp,1,2026-02-07,23,quantile,0.025,9.0
2026-01-31,wk inc flu hosp,1,2026-02-07,23,quantile,0.05,12.0
2026-01-31,wk inc flu hosp,1,2026-02-07,23,quantile,0.1,19.0
2026-01-31,wk inc flu hosp,1,2026-02-07,23,quantile,0.15,25.0
2026-01-31,wk inc flu hosp,1,2026-02-07,23,quantile,0.2,32.0
2026-01-31,wk inc flu hosp,1,2026-02-07,23,quantile,0.25,37.0
2026-01-31,wk inc flu hosp,1,2026-02-07,23,quantile,0.3,42.0
2026-01-31,wk inc flu hosp,1,2026-02-07,23,quantile,0.35,47.0
2026-01-31,wk inc flu hosp,1,2026-02-07,23,quantile,0.4,49.0
2026-01-31,wk inc flu hosp,1,2026-02-07,23,quantile,0.45,51.0
2026-01-31,wk inc flu hosp,1,2026-02-07,23,quantile,0.5,52.0
2026-01-31,wk inc flu hosp,1,2026-02-07,23,quantile,0.55,54.0
2026-01-31,wk inc flu hosp,1,2026-02-07,23,quantile,0.6,55.0
2026-01-31,wk inc flu hosp,1,2026-02-07,23,quantile,0.65,56.0
2026-01-31,wk inc flu hosp,1,2026-02-07,23,quantile,0.7,58.0
2026-01-31,wk inc flu hosp,1,2026-02-07,23,quantile,0.75,60.0
2026-01-31,wk inc flu hosp,1,2026-02-07,23,quantile,0.8,61.0
2026-01-31,wk inc flu hosp,1,2026-02-07,23,quantile,0.85,63.0
2026-01-31,wk inc flu hosp,1,2026-02-07,23,quantile,0.9,67.0
2026-01-31,wk inc flu hosp,1,2026-02-07,23,quantile,0.95,73.0
2026-01-31,wk inc flu hosp,1,2026-02-07,23,quantile,0.975,77.0
2026-01-31,wk inc flu hosp,1,2026-02-07,23,quantile,0.99,82.0
2026-01-31,wk inc flu hosp,1,2026-02-07,24,quantile,0.01,0.0
2026-01-31,wk inc flu hosp,1,2026-02-07,24,quantile,0.025,5.0
2026-01-31,wk inc flu hosp,1,2026-02-07,24,quantile,0.05,12.0
2026-01-31,wk inc flu hosp,1,2026-02-07,24,quantile,0.1,26.0
2026-01-31,wk inc flu hosp,1,2026-02-07,24,quantile,0.15,42.0
2026-01-31,wk inc flu hosp,1,2026-02-07,24,quantile,0.2,55.0
2026-01-31,wk inc flu hosp,1,2026-02-07,24,quantile,0.25,66.0
2026-01-31,wk inc flu hosp,1,2026-02-07,24,quantile,0.3,73.0
2026-01-31,wk inc flu hosp,1,2026-02-07,24,quantile,0.35,79.0
2026-01-31,wk inc flu hosp,1,2026-02-07,24,quantile,0.4,85.0
2026-01-31,wk inc flu hosp,1,2026-02-07,24,quantile,0.45,91.0
2026-01-31,wk inc flu hosp,1,2026-02-07,24,quantile,0.5,99.0
2026-01-31,wk inc flu hosp,1,2026-02-07,24,quantile,0.55,106.0
2026-01-31,wk inc flu hosp,1,2026-02-07,24,quantile,0.6,113.0
2026-01-31,wk inc flu hosp,1,2026-02-07,24,quantile,0.65,121.0
2026-01-31,wk inc flu hosp,1,2026-02-07,24,quantile,0.7,132.0
2026-01-31,wk inc flu hosp,1,2026-02-07,24,quantile,0.75,144.0
2026-01-31,wk inc flu hosp,1,2026-02-07,24,quantile,0.8,160.0
2026-01-31,wk inc flu hosp,1,2026-02-07,24,quantile,0.85,183.0
2026-01-31,wk inc flu hosp,1,2026-02-07,24,quantile,0.9,218.0
2026-01-31,wk inc flu hosp,1,2026-02-07,24,quantile,0.95,246.0
2026-01-31,wk inc flu hosp,1,2026-02-07,24,quantile,0.975,262.0
2026-01-31,wk inc flu hosp,1,2026-02-07,24,quantile,0.99,289.0
2026-01-31,wk inc flu hosp,1,2026-02-07,25,quantile,0.01,20.0
2026-01-31,wk inc flu hosp,1,2026-02-07,25,quantile,0.025,33.0
2026-01-31,wk inc flu hosp,1,2026-02-07,25,quantile,0.05,48.0
2026-01-31,wk inc flu hosp,1,2026-02-07,25,quantile,0.1,64.0
2026-01-31,wk inc flu hosp,1,2026-02-07,25,quantile,0.15,77.0
2026-01-31,wk inc flu hosp,1,2026-02-07,25,quantile,0.2,89.0
2026-01-31,wk inc flu hosp,1,2026-02-07,25,quantile,0.25,94.0
2026-01-31,wk inc flu hosp,1,2026-02-07,25,quantile,0.3,98.0
2026-01-31,wk inc flu hosp,1,2026-02-07,25,quantile,0.35,102.0
2026-01-31,wk inc flu hosp,1,2026-02-07,25,quantile,0.4,106.0
2026-01-31,wk inc flu hosp,1,2026-02-07,25,quantile,0.45,109.0
2026-01-31,wk inc flu hosp,1,2026-02-07,25,quantile,0.5,113.0
2026-01-31,wk inc flu hosp,1,2026-02-07,25,quantile,0.55,117.0
2026-01-31,wk inc flu hosp,1,2026-02-07,25,quantile,0.6,120.0
2026-01-31,wk inc flu hosp,1,2026-02-07,25,quantile,0.65,124.0
2026-01-31,wk inc flu hosp,1,2026-02-07,25,quantile,0.7,128.0
2026-01-31,wk inc flu hosp,1,2026-02-07,25,quantile,0.75,133.0
2026-01-31,wk inc flu hosp,1,2026-02-07,25,quantile,0.8,137.0
2026-01-31,wk inc flu hosp,1,2026-02-07,25,quantile,0.85,144.0
2026-01-31,wk inc flu hosp,1,2026-02-07,25,quantile,0.9,153.0
2026-01-31,wk inc flu hosp,1,2026-02-07,25,quantile,0.95,166.0
2026-01-31,wk inc flu hosp,1,2026-02-07,25,quantile,0.975,174.0
2026-01-31,wk inc flu hosp,1,2026-02-07,25,quantile,0.99,190.0
2026-01-31,wk inc flu hosp,1,2026-02-07,26,quantile,0.01,52.0
2026-01-31,wk inc flu hosp,1,2026-02-07,26,quantile,0.025,88.0
2026-01-31,wk inc flu hosp,1,2026-02-07,26,quantile,0.05,130.0
2026-01-31,wk inc flu hosp,1,2026-02-07,26,quantile,0.1,173.0
2026-01-31,wk inc flu hosp,1,2026-02-07,26,quantile,0.15,208.0
2026-01-31,wk inc flu hosp,1,2026-02-07,26,quantile,0.2,234.0
2026-01-31,wk inc flu hosp,1,2026-02-07,26,quantile,0.25,256.0
2026-01-31,wk inc flu hosp,1,2026-02-07,26,quantile,0.3,274.0
2026-01-31,wk inc flu hosp,1,2026-02-07,26,quantile,0.35,281.0
2026-01-31,wk inc flu hosp,1,2026-02-07,26,quantile,0.4,289.0
2026-01-31,wk inc flu hosp,1,2026-02-07,26,quantile,0.45,297.0
2026-01-31,wk inc flu hosp,1,2026-02-07,26,quantile,0.5,304.0
2026-01-31,wk inc flu hosp,1,2026-02-07,26,quantile,0.55,311.0
2026-01-31,wk inc flu hosp,1,2026-02-07,26,quantile,0.6,317.0
2026-01-31,wk inc flu hosp,1,2026-02-07,26,quantile,0.65,323.0
2026-01-31,wk inc flu hosp,1,2026-02-07,26,quantile,0.7,329.0
2026-01-31,wk inc flu hosp,1,2026-02-07,26,quantile,0.75,337.0
2026-01-31,wk inc flu hosp,1,2026-02-07,26,quantile,0.8,346.0
2026-01-31,wk inc flu hosp,1,2026-02-07,26,quantile,0.85,355.0
2026-01-31,wk inc flu hosp,1,2026-02-07,26,quantile,0.9,370.0
2026-01-31,wk inc flu hosp,1,2026-02-07,26,quantile,0.95,393.0
2026-01-31,wk inc flu hosp,1,2026-02-07,26,quantile,0.975,410.0
2026-01-31,wk inc flu hosp,1,2026-02-07,26,quantile,0.99,453.0
2026-01-31,wk inc flu hosp,1,2026-02-07,27,quantile,0.01,11.0
2026-01-31,wk inc flu hosp,1,2026-02-07,27,quantile,0.025,34.0
2026-01-31,wk inc flu hosp,1,2026-02-07,27,quantile,0.05,65.0
2026-01-31,wk inc flu hosp,1,2026-02-07,27,quantile,0.1,92.0
2026-01-31,wk inc flu hosp,1,2026-02-07,27,quantile,0.15,109.0
2026-01-31,wk inc flu hosp,1,2026-02-07,27,quantile,0.2,127.0
2026-01-31,wk inc flu hosp,1,2026-02-07,27,quantile,0.25,141.0
2026-01-31,wk inc flu hosp,1,2026-02-07,27,quantile,0.3,154.0
2026-01-31,wk inc flu hosp,1,2026-02-07,27,quantile,0.35,164.0
2026-01-31,wk inc flu hosp,1,2026-02-07,27,quantile,0.4,174.0
2026-01-31,wk inc flu hosp,1,2026-02-07,27,quantile,0.45,182.0
2026-01-31,wk inc flu hosp,1,2026-02-07,27,quantile,0.5,191.0
2026-01-31,wk inc flu hosp,1,2026-02-07,27,quantile,0.55,199.0
2026-01-31,wk inc flu hosp,1,2026-02-07,27,quantile,0.6,206.0
2026-01-31,wk inc flu hosp,1,2026-02-07,27,quantile,0.65,213.0
2026-01-31,wk inc flu hosp,1,2026-02-07,27,quantile,0.7,220.0
2026-01-31,wk inc flu hosp,1,2026-02-07,27,quantile,0.75,231.0
2026-01-31,wk inc flu hosp,1,2026-02-07,27,quantile,0.8,241.0
2026-01-31,wk inc flu hosp,1,2026-02-07,27,quantile,0.85,253.0
2026-01-31,wk inc flu hosp,1,2026-02-07,27,quantile,0.9,273.0
2026-01-31,wk inc flu hosp,1,2026-02-07,27,quantile,0.95,299.0
2026-01-31,wk inc flu hosp,1,2026-02-07,27,quantile,0.975,320.0
2026-01-31,wk inc flu hosp,1,2026-02-07,27,quantile,0.99,380.0
2026-01-31,wk inc flu hosp,1,2026-02-07,28,quantile,0.01,0.0
2026-01-31,wk inc flu hosp,1,2026-02-07,28,quantile,0.025,0.0
2026-01-31,wk inc flu hosp,1,2026-02-07,28,quantile,0.05,10.0
2026-01-31,wk inc flu hosp,1,2026-02-07,28,quantile,0.1,32.0
2026-01-31,wk inc flu hosp,1,2026-02-07,28,quantile,0.15,49.0
2026-01-31,wk inc flu hosp,1,2026-02-07,28,quantile,0.2,61.0
2026-01-31,wk inc flu hosp,1,2026-02-07,28,quantile,0.25,68.0
2026-01-31,wk inc flu hosp,1,2026-02-07,28,quantile,0.3,72.0
2026-01-31,wk inc flu hosp,1,2026-02-07,28,quantile,0.35,77.0
2026-01-31,wk inc flu hosp,1,2026-02-07,28,quantile,0.4,82.0
2026-01-31,wk inc flu hosp,1,2026-02-07,28,quantile,0.45,86.0
2026-01-31,wk inc flu hosp,1,2026-02-07,28,quantile,0.5,91.0
2026-01-31,wk inc flu hosp,1,2026-02-07,28,quantile,0.55,95.0
2026-01-31,wk inc flu hosp,1,2026-02-07,28,quantile,0.6,100.0
2026-01-31,wk inc flu hosp,1,2026-02-07,28,quantile,0.65,104.0
2026-01-31,wk inc flu hosp,1,2026-02-07,28,quantile,0.7,110.0
2026-01-31,wk inc flu hosp,1,2026-02-07,28,quantile,0.75,116.0
2026-01-31,wk inc flu hosp,1,2026-02-07,28,quantile,0.8,123.0
2026-01-31,wk inc flu hosp,1,2026-02-07,28,quantile,0.85,131.0
2026-01-31,wk inc flu hosp,1,2026-02-07,28,quantile,0.9,144.0
2026-01-31,wk inc flu hosp,1,2026-02-07,28,quantile,0.95,164.0
2026-01-31,wk inc flu hosp,1,2026-02-07,28,quantile,0.975,180.0
2026-01-31,wk inc flu hosp,1,2026-02-07,28,quantile,0.99,195.0
2026-01-31,wk inc flu hosp,1,2026-02-07,30,quantile,0.01,0.0
2026-01-31,wk inc flu hosp,1,2026-02-07,30,quantile,0.025,0.0
2026-01-31,wk inc flu hosp,1,2026-02-07,30,quantile,0.05,0.0
2026-01-31,wk inc flu hosp,1,2026-02-07,30,quantile,0.1,0.0
2026-01-31,wk inc flu hosp,1,2026-02-07,30,quantile,0.15,0.0
2026-01-31,wk inc flu hosp,1,2026-02-07,30,quantile,0.2,0.0
2026-01-31,wk inc flu hosp,1,2026-02-07,30,quantile,0.25,0.0
2026-01-31,wk inc flu hosp,1,2026-02-07,30,quantile,0.3,0.0
2026-01-31,wk inc flu hosp,1,2026-02-07,30,quantile,0.35,8.0
2026-01-31,wk inc flu hosp,1,2026-02-07,30,quantile,0.4,8.0
2026-01-31,wk inc flu hosp,1,2026-02-07,30,quantile,0.45,17.0
2026-01-31,wk inc flu hosp,1,2026-02-07,30,quantile,0.5,33.0
2026-01-31,wk inc flu hosp,1,2026-02-07,30,quantile,0.55,46.0
2026-01-31,wk inc flu hosp,1,2026-02-07,30,quantile,0.6,59.0
2026-01-31,wk inc flu hosp,1,2026-02-07,30,quantile,0.65,72.0
2026-01-31,wk inc flu hosp,1,2026-02-07,30,quantile,0.7,84.0
2026-01-31,wk inc flu hosp,1,2026-02-07,30,quantile,0.75,103.0
2026-01-31,wk inc flu hosp,1,2026-02-07,30,quantile,0.8,118.0
2026-01-31,wk inc flu hosp,1,2026-02-07,30,quantile,0.85,135.0
2026-01-31,wk inc flu hosp,1,2026-02-07,30,quantile,0.9,167.0
2026-01-31,wk inc flu hosp,1,2026-02-07,30,quantile,0.95,215.0
2026-01-31,wk inc flu hosp,1,2026-02-07,30,quantile,0.975,245.0
2026-01-31,wk inc flu hosp,1,2026-02-07,30,quantile,0.99,279.0
2026-01-31,wk inc flu hosp,1,2026-02-07,31,quantile,0.01,0.0
2026-01-31,wk inc flu hosp,1,2026-02-07,31,quantile,0.025,0.0
2026-01-31,wk inc flu hosp,1,2026-02-07,31,quantile,0.05,0.0
2026-01-31,wk inc flu hosp,1,2026-02-07,31,quantile,0.1,0.0
2026-01-31,wk inc flu hosp,1,2026-02-07,31,quantile,0.15,0.0
2026-01-31,wk inc flu hosp,1,2026-02-07,31,quantile,0.2,0.0
2026-01-31,wk inc flu hosp,1,2026-02-07,31,quantile,0.25,30.0
2026-01-31,wk inc flu hosp,1,2026-02-07,31,quantile,0.3,41.0
2026-01-31,wk inc flu hosp,1,2026-02-07,31,quantile,0.35,44.0
2026-01-31,wk inc flu hosp,1,2026-02-07,31,quantile,0.4,58.0
2026-01-31,wk inc flu hosp,1,2026-02-07,31,quantile,0.45,72.0
2026-01-31,wk inc flu hosp,1,2026-02-07,31,quantile,0.5,88.0
2026-01-31,wk inc flu hosp,1,2026-02-07,31,quantile,0.55,101.0
2026-01-31,wk inc flu hosp,1,2026-02-07,31,quantile,0.6,114.0
2026-01-31,wk inc flu hosp,1,2026-02-07,31,quantile,0.65,127.0
2026-01-31,wk inc flu hosp,1,2026-02-07,31,quantile,0.7,139.0
2026-01-31,wk inc flu hosp,1,2026-02-07,31,quantile,0.75,157.0
2026-01-31,wk inc flu hosp,1,2026-02-07,31,quantile,0.8,172.0
2026-01-31,wk inc flu hosp,1,2026-02-07,31,quantile,0.85,189.0
2026-01-31,wk inc flu hosp,1,2026-02-07,31,quantile,0.9,220.0
2026-01-31,wk inc flu hosp,1,2026-02-07,31,quantile,0.95,267.0
2026-01-31,wk inc flu hosp,1,2026-02-07,31,quantile,0.975,296.0
2026-01-31,wk inc flu hosp,1,2026-02-07,31,quantile,0.99,331.0
2026-01-31,wk inc flu hosp,1,2026-02-07,32,quantile,0.01,6.0
2026-01-31,wk inc flu hosp,1,2026-02-07,32,quantile,0.025,11.0
2026-01-31,wk inc flu hosp,1,2026-02-07,32,quantile,0.05,15.0
2026-01-31,wk inc flu hosp,1,2026-02-07,32,quantile,0.1,26.0
2026-01-31,wk inc flu hosp,1,2026-02-07,32,quantile,0.15,35.0
2026-01-31,wk inc flu hosp,1,2026-02-07,32,quantile,0.2,41.0
2026-01-31,wk inc flu hosp,1,2026-02-07,32,quantile,0.25,46.0
2026-01-31,wk inc flu hosp,1,2026-02-07,32,quantile,0.3,51.0
2026-01-31,wk inc flu hosp,1,2026-02-07,32,quantile,0.35,54.0
2026-01-31,wk inc flu hosp,1,2026-02-07,32,quantile,0.4,56.0
2026-01-31,wk inc flu hosp,1,2026-02-07,32,quantile,0.45,58.0
2026-01-31,wk inc flu hosp,1,2026-02-07,32,quantile,0.5,60.0
2026-01-31,wk inc flu hosp,1,2026-02-07,32,quantile,0.55,62.0
2026-01-31,wk inc flu hosp,1,2026-02-07,32,quantile,0.6,64.0
2026-01-31,wk inc flu hosp,1,2026-02-07,32,quantile,0.65,66.0
2026-01-31,wk inc flu hosp,1,2026-02-07,32,quantile,0.7,68.0
2026-01-31,wk inc flu hosp,1,2026-02-07,32,quantile,0.75,70.0
2026-01-31,wk inc flu hosp,1,2026-02-07,32,quantile,0.8,72.0
2026-01-31,wk inc flu hosp,1,2026-02-07,32,quantile,0.85,75.0
2026-01-31,wk inc flu hosp,1,2026-02-07,32,quantile,0.9,78.0
2026-01-31,wk inc flu hosp,1,2026-02-07,32,quantile,0.95,84.0
2026-01-31,wk inc flu hosp,1,2026-02-07,32,quantile,0.975,88.0
2026-01-31,wk inc flu hosp,1,2026-02-07,32,quantile,0.99,92.0
2026-01-31,wk inc flu hosp,1,2026-02-07,33,quantile,0.01,15.0
2026-01-31,wk inc flu hosp,1,2026-02-07,33,quantile,0.025,20.0
2026-01-31,wk inc flu hosp,1,2026-02-07,33,quantile,0.05,21.0
2026-01-31,wk inc flu hosp,1,2026-02-07,33,quantile,0.1,22.0
2026-01-31,wk inc flu hosp,1,2026-02-07,33,quantile,0.15,25.0
2026-01-31,wk inc flu hosp,1,2026-02-07,33,quantile,0.2,32.0
2026-01-31,wk inc flu hosp,1,2026-02-07,33,quantile,0.25,40.0
2026-01-31,wk inc flu hosp,1,2026-02-07,33,quantile,0.3,47.0
2026-01-31,wk inc flu hosp,1,2026-02-07,33,quantile,0.35,51.0
2026-01-31,wk inc flu hosp,1,2026-02-07,33,quantile,0.4,56.0
2026-01-31,wk inc flu hosp,1,2026-02-07,33,quantile,0.45,59.0
2026-01-31,wk inc flu hosp,1,2026-02-07,33,quantile,0.5,64.0
2026-01-31,wk inc flu hosp,1,2026-02-07,33,quantile,0.55,69.0
2026-01-31,wk inc flu hosp,1,2026-02-07,33,quantile,0.6,72.0
2026-01-31,wk inc flu hosp,1,2026-02-07,33,quantile,0.65,73.0
2026-01-31,wk inc flu hosp,1,2026-02-07,33,quantile,0.7,74.0
2026-01-31,wk inc flu hosp,1,2026-02-07,33,quantile,0.75,77.0
2026-01-31,wk inc flu hosp,1,2026-02-07,33,quantile,0.8,78.0
2026-01-31,wk inc flu hosp,1,2026-02-07,33,quantile,0.85,80.0
2026-01-31,wk inc flu hosp,1,2026-02-07,33,quantile,0.9,84.0
2026-01-31,wk inc flu hosp,1,2026-02-07,33,quantile,0.95,90.0
2026-01-31,wk inc flu hosp,1,2026-02-07,33,quantile,0.975,94.0
2026-01-31,wk inc flu hosp,1,2026-02-07,33,quantile,0.99,99.0
2026-01-31,wk inc flu hosp,1,2026-02-07,34,quantile,0.01,0.0
2026-01-31,wk inc flu hosp,1,2026-02-07,34,quantile,0.025,12.0
2026-01-31,wk inc flu hosp,1,2026-02-07,34,quantile,0.05,34.0
2026-01-31,wk inc flu hosp,1,2026-02-07,34,quantile,0.1,79.0
2026-01-31,wk inc flu hosp,1,2026-02-07,34,quantile,0.15,102.0
2026-01-31,wk inc flu hosp,1,2026-02-07,34,quantile,0.2,111.0
2026-01-31,wk inc flu hosp,1,2026-02-07,34,quantile,0.25,118.0
2026-01-31,wk inc flu hosp,1,2026-02-07,34,quantile,0.3,126.0
2026-01-31,wk inc flu hosp,1,2026-02-07,34,quantile,0.35,134.0
2026-01-31,wk inc flu hosp,1,2026-02-07,34,quantile,0.4,144.0
2026-01-31,wk inc flu hosp,1,2026-02-07,34,quantile,0.45,152.0
2026-01-31,wk inc flu hosp,1,2026-02-07,34,quantile,0.5,160.0
2026-01-31,wk inc flu hosp,1,2026-02-07,34,quantile,0.55,169.0
2026-01-31,wk inc flu hosp,1,2026-02-07,34,quantile,0.6,179.0
2026-01-31,wk inc flu hosp,1,2026-02-07,34,quantile,0.65,190.0
2026-01-31,wk inc flu hosp,1,2026-02-07,34,quantile,0.7,196.0
2026-01-31,wk inc flu hosp,1,2026-02-07,34,quantile,0.75,204.0
2026-01-31,wk inc flu hosp,1,2026-02-07,34,quantile,0.8,210.0
2026-01-31,wk inc flu hosp,1,2026-02-07,34,quantile,0.85,218.0
2026-01-31,wk inc flu hosp,1,2026-02-07,34,quantile,0.9,232.0
2026-01-31,wk inc flu hosp,1,2026-02-07,34,quantile,0.95,261.0
2026-01-31,wk inc flu hosp,1,2026-02-07,34,quantile,0.975,309.0
2026-01-31,wk inc flu hosp,1,2026-02-07,34,quantile,0.99,346.0
2026-01-31,wk inc flu hosp,1,2026-02-07,35,quantile,0.01,11.0
2026-01-31,wk inc flu hosp,1,2026-02-07,35,quantile,0.025,11.0
2026-01-31,wk inc flu hosp,1,2026-02-07,35,quantile,0.05,16.0
2026-01-31,wk inc flu hosp,1,2026-02-07,35,quantile,0.1,23.0
2026-01-31,wk inc flu hosp,1,2026-02-07,35,quantile,0.15,29.0
2026-01-31,wk inc flu hosp,1,2026-02-07,35,quantile,0.2,32.0
2026-01-31,wk inc flu hosp,1,2026-02-07,35,quantile,0.25,37.0
2026-01-31,wk inc flu hosp,1,2026-02-07,35,quantile,0.3,39.0
2026-01-31,wk inc flu hosp,1,2026-02-07,35,quantile,0.35,41.0
2026-01-31,wk inc flu hosp,1,2026-02-07,35,quantile,0.4,42.0
2026-01-31,wk inc flu hosp,1,2026-02-07,35,quantile,0.45,44.0
2026-01-31,wk inc flu hosp,1,2026-02-07,35,quantile,0.5,45.0
2026-01-31,wk inc flu hosp,1,2026-02-07,35,quantile,0.55,46.0
2026-01-31,wk inc flu hosp,1,2026-02-07,35,quantile,0.6,47.0
2026-01-31,wk inc flu hosp,1,2026-02-07,35,quantile,0.65,49.0
2026-01-31,wk inc flu hosp,1,2026-02-07,35,quantile,0.7,50.0
2026-01-31,wk inc flu hosp,1,2026-02-07,35,quantile,0.75,52.0
2026-01-31,wk inc flu hosp,1,2026-02-07,35,quantile,0.8,53.0
2026-01-31,wk inc flu hosp,1,2026-02-07,35,quantile,0.85,55.0
2026-01-31,wk inc flu hosp,1,2026-02-07,35,quantile,0.9,59.0
2026-01-31,wk inc flu hosp,1,2026-02-07,35,quantile,0.95,65.0
2026-01-31,wk inc flu hosp,1,2026-02-07,35,quantile,0.975,69.0
2026-01-31,wk inc flu hosp,1,2026-02-07,35,quantile,0.99,72.0
2026-01-31,wk inc flu hosp,1,2026-02-07,36,quantile,0.01,0.0
2026-01-31,wk inc flu hosp,1,2026-02-07,36,quantile,0.025,9.0
2026-01-31,wk inc flu hosp,1,2026-02-07,36,quantile,0.05,23.0
2026-01-31,wk inc flu hosp,1,2026-02-07,36,quantile,0.1,28.0
2026-01-31,wk inc flu hosp,1,2026-02-07,36,quantile,0.15,31.0
2026-01-31,wk inc flu hosp,1,2026-02-07,36,quantile,0.2,34.0
2026-01-31,wk inc flu hosp,1,2026-02-07,36,quantile,0.25,36.0
2026-01-31,wk inc flu hosp,1,2026-02-07,36,quantile,0.3,37.0
2026-01-31,wk inc flu hosp,1,2026-02-07,36,quantile,0.35,39.0
2026-01-31,wk inc flu hosp,1,2026-02-07,36,quantile,0.4,40.0
2026-01-31,wk inc flu hosp,1,2026-02-07,36,quantile,0.45,41.0
2026-01-31,wk inc flu hosp,1,2026-02-07,36,quantile,0.5,42.0
2026-01-31,wk inc flu hosp,1,2026-02-07,36,quantile,0.55,42.0
2026-01-31,wk inc flu hosp,1,2026-02-07,36,quantile,0.6,44.0
2026-01-31,wk inc flu hosp,1,2026-02-07,36,quantile,0.65,45.0
2026-01-31,wk inc flu hosp,1,2026-02-07,36,quantile,0.7,47.0
2026-01-31,wk inc flu hosp,1,2026-02-07,36,quantile,0.75,49.0
2026-01-31,wk inc flu hosp,1,2026-02-07,36,quantile,0.8,52.0
2026-01-31,wk inc flu hosp,1,2026-02-07,36,quantile,0.85,55.0
2026-01-31,wk inc flu hosp,1,2026-02-07,36,quantile,0.9,60.0
2026-01-31,wk inc flu hosp,1,2026-02-07,36,quantile,0.95,66.0
2026-01-31,wk inc flu hosp,1,2026-02-07,36,quantile,0.975,77.0
2026-01-31,wk inc flu hosp,1,2026-02-07,36,quantile,0.99,97.0
2026-01-31,wk inc flu hosp,1,2026-02-07,37,quantile,0.01,28.0
2026-01-31,wk inc flu hosp,1,2026-02-07,37,quantile,0.025,66.0
2026-01-31,wk inc flu hosp,1,2026-02-07,37,quantile,0.05,110.0
2026-01-31,wk inc flu hosp,1,2026-02-07,37,quantile,0.1,191.0
2026-01-31,wk inc flu hosp,1,2026-02-07,37,quantile,0.15,249.0
2026-01-31,wk inc flu hosp,1,2026-02-07,37,quantile,0.2,295.0
2026-01-31,wk inc flu hosp,1,2026-02-07,37,quantile,0.25,340.0
2026-01-31,wk inc flu hosp,1,2026-02-07,37,quantile,0.3,354.0
2026-01-31,wk inc flu hosp,1,2026-02-07,37,quantile,0.35,366.0
2026-01-31,wk inc flu hosp,1,2026-02-07,37,quantile,0.4,379.0
2026-01-31,wk inc flu hosp,1,2026-02-07,37,quantile,0.45,392.0
2026-01-31,wk inc flu hosp,1,2026-02-07,37,quantile,0.5,406.0
2026-01-31,wk inc flu hosp,1,2026-02-07,37,quantile,0.55,416.0
2026-01-31,wk inc flu hosp,1,2026-02-07,37,quantile,0.6,427.0
2026-01-31,wk inc flu hosp,1,2026-02-07,37,quantile,0.65,438.0
2026-01-31,wk inc flu hosp,1,2026-02-07,37,quantile,0.7,450.0
2026-01-31,wk inc flu hosp,1,2026-02-07,37,quantile,0.75,464.0
2026-01-31,wk inc flu hosp,1,2026-02-07,37,quantile,0.8,477.0
2026-01-31,wk inc flu hosp,1,2026-02-07,37,quantile,0.85,494.0
2026-01-31,wk inc flu hosp,1,2026-02-07,37,quantile,0.9,521.0
2026-01-31,wk inc flu hosp,1,2026-02-07,37,quantile,0.95,564.0
2026-01-31,wk inc flu hosp,1,2026-02-07,37,quantile,0.975,597.0
2026-01-31,wk inc flu hosp,1,2026-02-07,37,quantile,0.99,667.0
2026-01-31,wk inc flu hosp,1,2026-02-07,38,quantile,0.01,3.0
2026-01-31,wk inc flu hosp,1,2026-02-07,38,quantile,0.025,5.0
2026-01-31,wk inc flu hosp,1,2026-02-07,38,quantile,0.05,6.0
2026-01-31,wk inc flu hosp,1,2026-02-07,38,quantile,0.1,7.0
2026-01-31,wk inc flu hosp,1,2026-02-07,38,quantile,0.15,10.0
2026-01-31,wk inc flu hosp,1,2026-02-07,38,quantile,0.2,13.0
2026-01-31,wk inc flu hosp,1,2026-02-07,38,quantile,0.25,15.0
2026-01-31,wk inc flu hosp,1,2026-02-07,38,quantile,0.3,16.0
2026-01-31,wk inc flu hosp,1,2026-02-07,38,quantile,0.35,18.0
2026-01-31,wk inc flu hosp,1,2026-02-07,38,quantile,0.4,20.0
2026-01-31,wk inc flu hosp,1,2026-02-07,38,quantile,0.45,20.0
2026-01-31,wk inc flu hosp,1,2026-02-07,38,quantile,0.5,21.0
2026-01-31,wk inc flu hosp,1,2026-02-07,38,quantile,0.55,22.0
2026-01-31,wk inc flu hosp,1,2026-02-07,38,quantile,0.6,23.0
2026-01-31,wk inc flu hosp,1,2026-02-07,38,quantile,0.65,23.0
2026-01-31,wk inc flu hosp,1,2026-02-07,38,quantile,0.7,24.0
2026-01-31,wk inc flu hosp,1,2026-02-07,38,quantile,0.75,25.0
2026-01-31,wk inc flu hosp,1,2026-02-07,38,quantile,0.8,27.0
2026-01-31,wk inc flu hosp,1,2026-02-07,38,quantile,0.85,28.0
2026-01-31,wk inc flu hosp,1,2026-02-07,38,quantile,0.9,30.0
2026-01-31,wk inc flu hosp,1,2026-02-07,38,quantile,0.95,34.0
2026-01-31,wk inc flu hosp,1,2026-02-07,38,quantile,0.975,37.0
2026-01-31,wk inc flu hosp,1,2026-02-07,38,quantile,0.99,40.0
2026-01-31,wk inc flu hosp,1,2026-02-07,39,quantile,0.01,92.0
2026-01-31,wk inc flu hosp,1,2026-02-07,39,quantile,0.025,149.0
2026-01-31,wk inc flu hosp,1,2026-02-07,39,quantile,0.05,198.0
2026-01-31,wk inc flu hosp,1,2026-02-07,39,quantile,0.1,258.0
2026-01-31,wk inc flu hosp,1,2026-02-07,39,quantile,0.15,306.0
2026-01-31,wk inc flu hosp,1,2026-02-07,39,quantile,0.2,349.0
2026-01-31,wk inc flu hosp,1,2026-02-07,39,quantile,0.25,381.0
2026-01-31,wk inc flu hosp,1,2026-02-07,39,quantile,0.3,400.0
2026-01-31,wk inc flu hosp,1,2026-02-07,39,quantile,0.35,420.0
2026-01-31,wk inc flu hosp,1,2026-02-07,39,quantile,0.4,438.0
2026-01-31,wk inc flu hosp,1,2026-02-07,39,quantile,0.45,448.0
2026-01-31,wk inc flu hosp,1,2026-02-07,39,quantile,0.5,458.0
2026-01-31,wk inc flu hosp,1,2026-02-07,39,quantile,0.55,467.0
2026-01-31,wk inc flu hosp,1,2026-02-07,39,quantile,0.6,475.0
2026-01-31,wk inc flu hosp,1,2026-02-07,39,quantile,0.65,483.0
2026-01-31,wk inc flu hosp,1,2026-02-07,39,quantile,0.7,491.0
2026-01-31,wk inc flu hosp,1,2026-02-07,39,quantile,0.75,500.0
2026-01-31,wk inc flu hosp,1,2026-02-07,39,quantile,0.8,508.0
2026-01-31,wk inc flu hosp,1,2026-02-07,39,quantile,0.85,517.0
2026-01-31,wk inc flu hosp,1,2026-02-07,39,quantile,0.9,531.0
2026-01-31,wk inc flu hosp,1,2026-02-07,39,quantile,0.95,584.0
2026-01-31,wk inc flu hosp,1,2026-02-07,39,quantile,0.975,682.0
2026-01-31,wk inc flu hosp,1,2026-02-07,39,quantile,0.99,818.0
2026-01-31,wk inc flu hosp,1,2026-02-07,40,quantile,0.01,20.0
2026-01-31,wk inc flu hosp,1,2026-02-07,40,quantile,0.025,30.0
2026-01-31,wk inc flu hosp,1,2026-02-07,40,quantile,0.05,49.0
2026-01-31,wk inc flu hosp,1,2026-02-07,40,quantile,0.1,85.0
2026-01-31,wk inc flu hosp,1,2026-02-07,40,quantile,0.15,99.0
2026-01-31,wk inc flu hosp,1,2026-02-07,40,quantile,0.2,103.0
2026-01-31,wk inc flu hosp,1,2026-02-07,40,quantile,0.25,108.0
2026-01-31,wk inc flu hosp,1,2026-02-07,40,quantile,0.3,113.0
2026-01-31,wk inc flu hosp,1,2026-02-07,40,quantile,0.35,118.0
2026-01-31,wk inc flu hosp,1,2026-02-07,40,quantile,0.4,124.0
2026-01-31,wk inc flu hosp,1,2026-02-07,40,quantile,0.45,130.0
2026-01-31,wk inc flu hosp,1,2026-02-07,40,quantile,0.5,134.0
2026-01-31,wk inc flu hosp,1,2026-02-07,40,quantile,0.55,139.0
2026-01-31,wk inc flu hosp,1,2026-02-07,40,quantile,0.6,145.0
2026-01-31,wk inc flu hosp,1,2026-02-07,40,quantile,0.65,151.0
2026-01-31,wk inc flu hosp,1,2026-02-07,40,quantile,0.7,157.0
2026-01-31,wk inc flu hosp,1,2026-02-07,40,quantile,0.75,161.0
2026-01-31,wk inc flu hosp,1,2026-02-07,40,quantile,0.8,164.0
2026-01-31,wk inc flu hosp,1,2026-02-07,40,quantile,0.85,168.0
2026-01-31,wk inc flu hosp,1,2026-02-07,40,quantile,0.9,174.0
2026-01-31,wk inc flu hosp,1,2026-02-07,40,quantile,0.95,186.0
2026-01-31,wk inc flu hosp,1,2026-02-07,40,quantile,0.975,194.0
2026-01-31,wk inc flu hosp,1,2026-02-07,40,quantile,0.99,205.0
2026-01-31,wk inc flu hosp,1,2026-02-07,41,quantile,0.01,65.0
2026-01-31,wk inc flu hosp,1,2026-02-07,41,quantile,0.025,79.0
2026-01-31,wk inc flu hosp,1,2026-02-07,41,quantile,0.05,89.0
2026-01-31,wk inc flu hosp,1,2026-02-07,41,quantile,0.1,105.0
2026-01-31,wk inc flu hosp,1,2026-02-07,41,quantile,0.15,118.0
2026-01-31,wk inc flu hosp,1,2026-02-07,41,quantile,0.2,127.0
2026-01-31,wk inc flu hosp,1,2026-02-07,41,quantile,0.25,134.0
2026-01-31,wk inc flu hosp,1,2026-02-07,41,quantile,0.3,140.0
2026-01-31,wk inc flu hosp,1,2026-02-07,41,quantile,0.35,146.0
2026-01-31,wk inc flu hosp,1,2026-02-07,41,quantile,0.4,152.0
2026-01-31,wk inc flu hosp,1,2026-02-07,41,quantile,0.45,156.0
2026-01-31,wk inc flu hosp,1,2026-02-07,41,quantile,0.5,161.0
2026-01-31,wk inc flu hosp,1,2026-02-07,41,quantile,0.55,167.0
2026-01-31,wk inc flu hosp,1,2026-02-07,41,quantile,0.6,171.0
2026-01-31,wk inc flu hosp,1,2026-02-07,41,quantile,0.65,177.0
2026-01-31,wk inc flu hosp,1,2026-02-07,41,quantile,0.7,184.0
2026-01-31,wk inc flu hosp,1,2026-02-07,41,quantile,0.75,192.0
2026-01-31,wk inc flu hosp,1,2026-02-07,41,quantile,0.8,199.0
2026-01-31,wk inc flu hosp,1,2026-02-07,41,quantile,0.85,203.0
2026-01-31,wk inc flu hosp,1,2026-02-07,41,quantile,0.9,211.0
2026-01-31,wk inc flu hosp,1,2026-02-07,41,quantile,0.95,225.0
2026-01-31,wk inc flu hosp,1,2026-02-07,41,quantile,0.975,237.0
2026-01-31,wk inc flu hosp,1,2026-02-07,41,quantile,0.99,246.0
2026-01-31,wk inc flu hosp,1,2026-02-07,42,quantile,0.01,0.0
2026-01-31,wk inc flu hosp,1,2026-02-07,42,quantile,0.025,29.0
2026-01-31,wk inc flu hosp,1,2026-02-07,42,quantile,0.05,51.0
2026-01-31,wk inc flu hosp,1,2026-02-07,42,quantile,0.1,99.0
2026-01-31,wk inc flu hosp,1,2026-02-07,42,quantile,0.15,156.0
2026-01-31,wk inc flu hosp,1,2026-02-07,42,quantile,0.2,181.0
2026-01-31,wk inc flu hosp,1,2026-02-07,42,quantile,0.25,198.0
2026-01-31,wk inc flu hosp,1,2026-02-07,42,quantile,0.3,217.0
2026-01-31,wk inc flu hosp,1,2026-02-07,42,quantile,0.35,241.0
2026-01-31,wk inc flu hosp,1,2026-02-07,42,quantile,0.4,265.0
2026-01-31,wk inc flu hosp,1,2026-02-07,42,quantile,0.45,292.0
2026-01-31,wk inc flu hosp,1,2026-02-07,42,quantile,0.5,322.0
2026-01-31,wk inc flu hosp,1,2026-02-07,42,quantile,0.55,355.0
2026-01-31,wk inc flu hosp,1,2026-02-07,42,quantile,0.6,392.0
2026-01-31,wk inc flu hosp,1,2026-02-07,42,quantile,0.65,432.0
2026-01-31,wk inc flu hosp,1,2026-02-07,42,quantile,0.7,445.0
2026-01-31,wk inc flu hosp,1,2026-02-07,42,quantile,0.75,461.0
2026-01-31,wk inc flu hosp,1,2026-02-07,42,quantile,0.8,479.0
2026-01-31,wk inc flu hosp,1,2026-02-07,42,quantile,0.85,502.0
2026-01-31,wk inc flu hosp,1,2026-02-07,42,quantile,0.9,542.0
2026-01-31,wk inc flu hosp,1,2026-02-07,42,quantile,0.95,615.0
2026-01-31,wk inc flu hosp,1,2026-02-07,42,quantile,0.975,736.0
2026-01-31,wk inc flu hosp,1,2026-02-07,42,quantile,0.99,882.0
2026-01-31,wk inc flu hosp,1,2026-02-07,44,quantile,0.01,0.0
2026-01-31,wk inc flu hosp,1,2026-02-07,44,quantile,0.025,0.0
2026-01-31,wk inc flu hosp,1,2026-02-07,44,quantile,0.05,0.0
2026-01-31,wk inc flu hosp,1,2026-02-07,44,quantile,0.1,2.0
2026-01-31,wk inc flu hosp,1,2026-02-07,44,quantile,0.15,3.0
2026-01-31,wk inc flu hosp,1,2026-02-07,44,quantile,0.2,3.0
2026-01-31,wk inc flu hosp,1,2026-02-07,44,quantile,0.25,3.0
2026-01-31,wk inc flu hosp,1,2026-02-07,44,quantile,0.3,3.0
2026-01-31,wk inc flu hosp,1,2026-02-07,44,quantile,0.35,3.0
2026-01-31,wk inc flu hosp,1,2026-02-07,44,quantile,0.4,4.0
2026-01-31,wk inc flu hosp,1,2026-02-07,44,quantile,0.45,4.0
2026-01-31,wk inc flu hosp,1,2026-02-07,44,quantile,0.5,4.0
2026-01-31,wk inc flu hosp,1,2026-02-07,44,quantile,0.55,4.0
2026-01-31,wk inc flu hosp,1,2026-02-07,44,quantile,0.6,4.0
2026-01-31,wk inc flu hosp,1,2026-02-07,44,quantile,0.65,4.0
2026-01-31,wk inc flu hosp,1,2026-02-07,44,quantile,0.7,4.0
2026-01-31,wk inc flu hosp,1,2026-02-07,44,quantile,0.75,5.0
2026-01-31,wk inc flu hosp,1,2026-02-07,44,quantile,0.8,5.0
2026-01-31,wk inc flu hosp,1,2026-02-07,44,quantile,0.85,5.0
2026-01-31,wk inc flu hosp,1,2026-02-07,44,quantile,0.9,5.0
2026-01-31,wk inc flu hosp,1,2026-02-07,44,quantile,0.95,5.0
2026-01-31,wk inc flu hosp,1,2026-02-07,44,quantile,0.975,5.0
2026-01-31,wk inc flu hosp,1,2026-02-07,44,quantile,0.99,6.0
2026-01-31,wk inc flu hosp,1,2026-02-07,45,quantile,0.01,17.0
2026-01-31,wk inc flu hosp,1,2026-02-07,45,quantile,0.025,29.0
2026-01-31,wk inc flu hosp,1,2026-02-07,45,quantile,0.05,40.0
2026-01-31,wk inc flu hosp,1,2026-02-07,45,quantile,0.1,75.0
2026-01-31,wk inc flu hosp,1,2026-02-07,45,quantile,0.15,94.0
2026-01-31,wk inc flu hosp,1,2026-02-07,45,quantile,0.2,102.0
2026-01-31,wk inc flu hosp,1,2026-02-07,45,quantile,0.25,108.0
2026-01-31,wk inc flu hosp,1,2026-02-07,45,quantile,0.3,113.0
2026-01-31,wk inc flu hosp,1,2026-02-07,45,quantile,0.35,118.0
2026-01-31,wk inc flu hosp,1,2026-02-07,45,quantile,0.4,123.0
2026-01-31,wk inc flu hosp,1,2026-02-07,45,quantile,0.45,128.0
2026-01-31,wk inc flu hosp,1,2026-02-07,45,quantile,0.5,134.0
2026-01-31,wk inc flu hosp,1,2026-02-07,45,quantile,0.55,137.0
2026-01-31,wk inc flu hosp,1,2026-02-07,45,quantile,0.6,142.0
2026-01-31,wk inc flu hosp,1,2026-02-07,45,quantile,0.65,146.0
2026-01-31,wk inc flu hosp,1,2026-02-07,45,quantile,0.7,151.0
2026-01-31,wk inc flu hosp,1,2026-02-07,45,quantile,0.75,157.0
2026-01-31,wk inc flu hosp,1,2026-02-07,45,quantile,0.8,162.0
2026-01-31,wk inc flu hosp,1,2026-02-07,45,quantile,0.85,170.0
2026-01-31,wk inc flu hosp,1,2026-02-07,45,quantile,0.9,183.0
2026-01-31,wk inc flu hosp,1,2026-02-07,45,quantile,0.95,199.0
2026-01-31,wk inc flu hosp,1,2026-02-07,45,quantile,0.975,213.0
2026-01-31,wk inc flu hosp,1,2026-02-07,45,quantile,0.99,231.0
2026-01-31,wk inc flu hosp,1,2026-02-07,46,quantile,0.01,20.0
2026-01-31,wk inc flu hosp,1,2026-02-07,46,quantile,0.025,26.0
2026-01-31,wk inc flu hosp,1,2026-02-07,46,quantile,0.05,30.0
2026-01-31,wk inc flu hosp,1,2026-02-07,46,quantile,0.1,34.0
2026-01-31,wk inc flu hosp,1,2026-02-07,46,quantile,0.15,37.0
2026-01-31,wk inc flu hosp,1,2026-02-07,46,quantile,0.2,39.0
2026-01-31,wk inc flu hosp,1,2026-02-07,46,quantile,0.25,41.0
2026-01-31,wk inc flu hosp,1,2026-02-07,46,quantile,0.3,42.0
2026-01-31,wk inc flu hosp,1,2026-02-07,46,quantile,0.35,43.0
2026-01-31,wk inc flu hosp,1,2026-02-07,46,quantile,0.4,44.0
2026-01-31,wk inc flu hosp,1,2026-02-07,46,quantile,0.45,46.0
2026-01-31,wk inc flu hosp,1,2026-02-07,46,quantile,0.5,47.0
2026-01-31,wk inc flu hosp,1,2026-02-07,46,quantile,0.55,48.0
2026-01-31,wk inc flu hosp,1,2026-02-07,46,quantile,0.6,49.0
2026-01-31,wk inc flu hosp,1,2026-02-07,46,quantile,0.65,50.0
2026-01-31,wk inc flu hosp,1,2026-02-07,46,quantile,0.7,51.0
2026-01-31,wk inc flu hosp,1,2026-02-07,46,quantile,0.75,53.0
2026-01-31,wk inc flu hosp,1,2026-02-07,46,quantile,0.8,54.0
2026-01-31,wk inc flu hosp,1,2026-02-07,46,quantile,0.85,55.0
2026-01-31,wk inc flu hosp,1,2026-02-07,46,quantile,0.9,57.0
2026-01-31,wk inc flu hosp,1,2026-02-07,46,quantile,0.95,60.0
2026-01-31,wk inc flu hosp,1,2026-02-07,46,quantile,0.975,64.0
2026-01-31,wk inc flu hosp,1,2026-02-07,46,quantile,0.99,68.0
2026-01-31,wk inc flu hosp,1,2026-02-07,47,quantile,0.01,36.0
2026-01-31,wk inc flu hosp,1,2026-02-07,47,quantile,0.025,52.0
2026-01-31,wk inc flu hosp,1,2026-02-07,47,quantile,0.05,81.0
2026-01-31,wk inc flu hosp,1,2026-02-07,47,quantile,0.1,117.0
2026-01-31,wk inc flu hosp,1,2026-02-07,47,quantile,0.15,141.0
2026-01-31,wk inc flu hosp,1,2026-02-07,47,quantile,0.2,160.0
2026-01-31,wk inc flu hosp,1,2026-02-07,47,quantile,0.25,177.0
2026-01-31,wk inc flu hosp,1,2026-02-07,47,quantile,0.3,193.0
2026-01-31,wk inc flu hosp,1,2026-02-07,47,quantile,0.35,207.0
2026-01-31,wk inc flu hosp,1,2026-02-07,47,quantile,0.4,220.0
2026-01-31,wk inc flu hosp,1,2026-02-07,47,quantile,0.45,234.0
2026-01-31,wk inc flu hosp,1,2026-02-07,47,quantile,0.5,246.0
2026-01-31,wk inc flu hosp,1,2026-02-07,47,quantile,0.55,259.0
2026-01-31,wk inc flu hosp,1,2026-02-07,47,quantile,0.6,272.0
2026-01-31,wk inc flu hosp,1,2026-02-07,47,quantile,0.65,282.0
2026-01-31,wk inc flu hosp,1,2026-02-07,47,quantile,0.7,297.0
2026-01-31,wk inc flu hosp,1,2026-02-07,47,quantile,0.75,313.0
2026-01-31,wk inc flu hosp,1,2026-02-07,47,quantile,0.8,327.0
2026-01-31,wk inc flu hosp,1,2026-02-07,47,quantile,0.85,344.0
2026-01-31,wk inc flu hosp,1,2026-02-07,47,quantile,0.9,368.0
2026-01-31,wk inc flu hosp,1,2026-02-07,47,quantile,0.95,401.0
2026-01-31,wk inc flu hosp,1,2026-02-07,47,quantile,0.975,419.0
2026-01-31,wk inc flu hosp,1,2026-02-07,47,quantile,0.99,436.0
2026-01-31,wk inc flu hosp,1,2026-02-07,48,quantile,0.01,7.0
2026-01-31,wk inc flu hosp,1,2026-02-07,48,quantile,0.025,120.0
2026-01-31,wk inc flu hosp,1,2026-02-07,48,quantile,0.05,206.0
2026-01-31,wk inc flu hosp,1,2026-02-07,48,quantile,0.1,472.0
2026-01-31,wk inc flu hosp,1,2026-02-07,48,quantile,0.15,607.0
2026-01-31,wk inc flu hosp,1,2026-02-07,48,quantile,0.2,758.0
2026-01-31,wk inc flu hosp,1,2026-02-07,48,quantile,0.25,916.0
2026-01-31,wk inc flu hosp,1,2026-02-07,48,quantile,0.3,1050.0
2026-01-31,wk inc flu hosp,1,2026-02-07,48,quantile,0.35,1120.0
2026-01-31,wk inc flu hosp,1,2026-02-07,48,quantile,0.4,1162.0
2026-01-31,wk inc flu hosp,1,2026-02-07,48,quantile,0.45,1211.0
2026-01-31,wk inc flu hosp,1,2026-02-07,48,quantile,0.5,1256.0
2026-01-31,wk inc flu hosp,1,2026-02-07,48,quantile,0.55,1293.0
2026-01-31,wk inc flu hosp,1,2026-02-07,48,quantile,0.6,1342.0
2026-01-31,wk inc flu hosp,1,2026-02-07,48,quantile,0.65,1388.0
2026-01-31,wk inc flu hosp,1,2026-02-07,48,quantile,0.7,1430.0
2026-01-31,wk inc flu hosp,1,2026-02-07,48,quantile,0.75,1491.0
2026-01-31,wk inc flu hosp,1,2026-02-07,48,quantile,0.8,1543.0
2026-01-31,wk inc flu hosp,1,2026-02-07,48,quantile,0.85,1616.0
2026-01-31,wk inc flu hosp,1,2026-02-07,48,quantile,0.9,1749.0
2026-01-31,wk inc flu hosp,1,2026-02-07,48,quantile,0.95,1971.0
2026-01-31,wk inc flu hosp,1,2026-02-07,48,quantile,0.975,2126.0
2026-01-31,wk inc flu hosp,1,2026-02-07,48,quantile,0.99,2273.0
2026-01-31,wk inc flu hosp,1,2026-02-07,49,quantile,0.01,17.0
2026-01-31,wk inc flu hosp,1,2026-02-07,49,quantile,0.025,25.0
2026-01-31,wk inc flu hosp,1,2026-02-07,49,quantile,0.05,37.0
2026-01-31,wk inc flu hosp,1,2026-02-07,49,quantile,0.1,51.0
2026-01-31,wk inc flu hosp,1,2026-02-07,49,quantile,0.15,60.0
2026-01-31,wk inc flu hosp,1,2026-02-07,49,quantile,0.2,67.0
2026-01-31,wk inc flu hosp,1,2026-02-07,49,quantile,0.25,73.0
2026-01-31,wk inc flu hosp,1,2026-02-07,49,quantile,0.3,78.0
2026-01-31,wk inc flu hosp,1,2026-02-07,49,quantile,0.35,83.0
2026-01-31,wk inc flu hosp,1,2026-02-07,49,quantile,0.4,88.0
2026-01-31,wk inc flu hosp,1,2026-02-07,49,quantile,0.45,92.0
2026-01-31,wk inc flu hosp,1,2026-02-07,49,quantile,0.5,97.0
2026-01-31,wk inc flu hosp,1,2026-02-07,49,quantile,0.55,101.0
2026-01-31,wk inc flu hosp,1,2026-02-07,49,quantile,0.6,106.0
2026-01-31,wk inc flu hosp,1,2026-02-07,49,quantile,0.65,111.0
2026-01-31,wk inc flu hosp,1,2026-02-07,49,quantile,0.7,116.0
2026-01-31,wk inc flu hosp,1,2026-02-07,49,quantile,0.75,122.0
2026-01-31,wk inc flu hosp,1,2026-02-07,49,quantile,0.8,128.0
2026-01-31,wk inc flu hosp,1,2026-02-07,49,quantile,0.85,134.0
2026-01-31,wk inc flu hosp,1,2026-02-07,49,quantile,0.9,143.0
2026-01-31,wk inc flu hosp,1,2026-02-07,49,quantile,0.95,155.0
2026-01-31,wk inc flu hosp,1,2026-02-07,49,quantile,0.975,165.0
2026-01-31,wk inc flu hosp,1,2026-02-07,49,quantile,0.99,178.0
2026-01-31,wk inc flu hosp,1,2026-02-07,50,quantile,0.01,3.0
2026-01-31,wk inc flu hosp,1,2026-02-07,50,quantile,0.025,5.0
2026-01-31,wk inc flu hosp,1,2026-02-07,50,quantile,0.05,8.0
2026-01-31,wk inc flu hosp,1,2026-02-07,50,quantile,0.1,13.0
2026-01-31,wk inc flu hosp,1,2026-02-07,50,quantile,0.15,16.0
2026-01-31,wk inc flu hosp,1,2026-02-07,50,quantile,0.2,18.0
2026-01-31,wk inc flu hosp,1,2026-02-07,50,quantile,0.25,19.0
2026-01-31,wk inc flu hosp,1,2026-02-07,50,quantile,0.3,20.0
2026-01-31,wk inc flu hosp,1,2026-02-07,50,quantile,0.35,21.0
2026-01-31,wk inc flu hosp,1,2026-02-07,50,quantile,0.4,23.0
2026-01-31,wk inc flu hosp,1,2026-02-07,50,quantile,0.45,24.0
2026-01-31,wk inc flu hosp,1,2026-02-07,50,quantile,0.5,25.0
2026-01-31,wk inc flu hosp,1,2026-02-07,50,quantile,0.55,26.0
2026-01-31,wk inc flu hosp,1,2026-02-07,50,quantile,0.6,27.0
2026-01-31,wk inc flu hosp,1,2026-02-07,50,quantile,0.65,28.0
2026-01-31,wk inc flu hosp,1,2026-02-07,50,quantile,0.7,29.0
2026-01-31,wk inc flu hosp,1,2026-02-07,50,quantile,0.75,30.0
2026-01-31,wk inc flu hosp,1,2026-02-07,50,quantile,0.8,31.0
2026-01-31,wk inc flu hosp,1,2026-02-07,50,quantile,0.85,32.0
2026-01-31,wk inc flu hosp,1,2026-02-07,50,quantile,0.9,34.0
2026-01-31,wk inc flu hosp,1,2026-02-07,50,quantile,0.95,36.0
2026-01-31,wk inc flu hosp,1,2026-02-07,50,quantile,0.975,39.0
2026-01-31,wk inc flu hosp,1,2026-02-07,50,quantile,0.99,41.0
2026-01-31,wk inc flu hosp,1,2026-02-07,51,quantile,0.01,0.0
2026-01-31,wk inc flu hosp,1,2026-02-07,51,quantile,0.025,0.0
2026-01-31,wk inc flu hosp,1,2026-02-07,51,quantile,0.05,18.0
2026-01-31,wk inc flu hosp,1,2026-02-07,51,quantile,0.1,94.0
2026-01-31,wk inc flu hosp,1,2026-02-07,51,quantile,0.15,136.0
2026-01-31,wk inc flu hosp,1,2026-02-07,51,quantile,0.2,174.0
2026-01-31,wk inc flu hosp,1,2026-02-07,51,quantile,0.25,191.0
2026-01-31,wk inc flu hosp,1,2026-02-07,51,quantile,0.3,204.0
2026-01-31,wk inc flu hosp,1,2026-02-07,51,quantile,0.35,219.0
2026-01-31,wk inc flu hosp,1,2026-02-07,51,quantile,0.4,233.0
2026-01-31,wk inc flu hosp,1,2026-02-07,51,quantile,0.45,248.0
2026-01-31,wk inc flu hosp,1,2026-02-07,51,quantile,0.5,257.0
2026-01-31,wk inc flu hosp,1,2026-02-07,51,quantile,0.55,268.0
2026-01-31,wk inc flu hosp,1,2026-02-07,51,quantile,0.6,282.0
2026-01-31,wk inc flu hosp,1,2026-02-07,51,quantile,0.65,295.0
2026-01-31,wk inc flu hosp,1,2026-02-07,51,quantile,0.7,323.0
2026-01-31,wk inc flu hosp,1,2026-02-07,51,quantile,0.75,356.0
2026-01-31,wk inc flu hosp,1,2026-02-07,51,quantile,0.8,400.0
2026-01-31,wk inc flu hosp,1,2026-02-07,51,quantile,0.85,449.0
2026-01-31,wk inc flu hosp,1,2026-02-07,51,quantile,0.9,526.0
2026-01-31,wk inc flu hosp,1,2026-02-07,51,quantile,0.95,635.0
2026-01-31,wk inc flu hosp,1,2026-02-07,51,quantile,0.975,705.0
2026-01-31,wk inc flu hosp,1,2026-02-07,51,quantile,0.99,764.0
2026-01-31,wk inc flu hosp,1,2026-02-07,53,quantile,0.01,0.0
2026-01-31,wk inc flu hosp,1,2026-02-07,53,quantile,0.025,0.0
2026-01-31,wk inc flu hosp,1,2026-02-07,53,quantile,0.05,0.0
2026-01-31,wk inc flu hosp,1,2026-02-07,53,quantile,0.1,0.0
2026-01-31,wk inc flu hosp,1,2026-02-07,53,quantile,0.15,0.0
2026-01-31,wk inc flu hosp,1,2026-02-07,53,quantile,0.2,0.0
2026-01-31,wk inc flu hosp,1,2026-02-07,53,quantile,0.25,130.0
2026-01-31,wk inc flu hosp,1,2026-02-07,53,quantile,0.3,132.0
2026-01-31,wk inc flu hosp,1,2026-02-07,53,quantile,0.35,134.0
2026-01-31,wk inc flu hosp,1,2026-02-07,53,quantile,0.4,135.0
2026-01-31,wk inc flu hosp,1,2026-02-07,53,quantile,0.45,137.0
2026-01-31,wk inc flu hosp,1,2026-02-07,53,quantile,0.5,138.0
2026-01-31,wk inc flu hosp,1,2026-02-07,53,quantile,0.55,140.0
2026-01-31,wk inc flu hosp,1,2026-02-07,53,quantile,0.6,142.0
2026-01-31,wk inc flu hosp,1,2026-02-07,53,quantile,0.65,350.0
2026-01-31,wk inc flu hosp,1,2026-02-07,53,quantile,0.7,874.0
2026-01-31,wk inc flu hosp,1,2026-02-07,53,quantile,0.75,1557.0
2026-01-31,wk inc flu hosp,1,2026-02-07,53,quantile,0.8,2152.0
2026-01-31,wk inc flu hosp,1,2026-02-07,53,quantile,0.85,2841.0
2026-01-31,wk inc flu hosp,1,2026-02-07,53,quantile,0.9,4051.0
2026-01-31,wk inc flu hosp,1,2026-02-07,53,quantile,0.95,5935.0
2026-01-31,wk inc flu hosp,1,2026-02-07,53,quantile,0.975,7110.0
2026-01-31,wk inc flu hosp,1,2026-02-07,53,quantile,0.99,8477.0
2026-01-31,wk inc flu hosp,1,2026-02-07,54,quantile,0.01,0.0
2026-01-31,wk inc flu hosp,1,2026-02-07,54,quantile,0.025,3.0
2026-01-31,wk inc flu hosp,1,2026-02-07,54,quantile,0.05,8.0
2026-01-31,wk inc flu hosp,1,2026-02-07,54,quantile,0.1,12.0
2026-01-31,wk inc flu hosp,1,2026-02-07,54,quantile,0.15,16.0
2026-01-31,wk inc flu hosp,1,2026-02-07,54,quantile,0.2,28.0
2026-01-31,wk inc flu hosp,1,2026-02-07,54,quantile,0.25,38.0
2026-01-31,wk inc flu hosp,1,2026-02-07,54,quantile,0.3,48.0
2026-01-31,wk inc flu hosp,1,2026-02-07,54,quantile,0.35,56.0
2026-01-31,wk inc flu hosp,1,2026-02-07,54,quantile,0.4,61.0
2026-01-31,wk inc flu hosp,1,2026-02-07,54,quantile,0.45,65.0
2026-01-31,wk inc flu hosp,1,2026-02-07,54,quantile,0.5,68.0
2026-01-31,wk inc flu hosp,1,2026-02-07,54,quantile,0.55,70.0
2026-01-31,wk inc flu hosp,1,2026-02-07,54,quantile,0.6,72.0
2026-01-31,wk inc flu hosp,1,2026-02-07,54,quantile,0.65,75.0
2026-01-31,wk inc flu hosp,1,2026-02-07,54,quantile,0.7,77.0
2026-01-31,wk inc flu hosp,1,2026-02-07,54,quantile,0.75,80.0
2026-01-31,wk inc flu hosp,1,2026-02-07,54,quantile,0.8,82.0
2026-01-31,wk inc flu hosp,1,2026-02-07,54,quantile,0.85,85.0
2026-01-31,wk inc flu hosp,1,2026-02-07,54,quantile,0.9,90.0
2026-01-31,wk inc flu hosp,1,2026-02-07,54,quantile,0.95,98.0
2026-01-31,wk inc flu hosp,1,2026-02-07,54,quantile,0.975,104.0
2026-01-31,wk inc flu hosp,1,2026-02-07,54,quantile,0.99,110.0
2026-01-31,wk inc flu hosp,1,2026-02-07,55,quantile,0.01,0.0
2026-01-31,wk inc flu hosp,1,2026-02-07,55,quantile,0.025,22.0
2026-01-31,wk inc flu hosp,1,2026-02-07,55,quantile,0.05,61.0
2026-01-31,wk inc flu hosp,1,2026-02-07,55,quantile,0.1,104.0
2026-01-31,wk inc flu hosp,1,2026-02-07,55,quantile,0.15,122.0
2026-01-31,wk inc flu hosp,1,2026-02-07,55,quantile,0.2,136.0
2026-01-31,wk inc flu hosp,1,2026-02-07,55,quantile,0.25,147.0
2026-01-31,wk inc flu hosp,1,2026-02-07,55,quantile,0.3,159.0
2026-01-31,wk inc flu hosp,1,2026-02-07,55,quantile,0.35,169.0
2026-01-31,wk inc flu hosp,1,2026-02-07,55,quantile,0.4,179.0
2026-01-31,wk inc flu hosp,1,2026-02-07,55,quantile,0.45,190.0
2026-01-31,wk inc flu hosp,1,2026-02-07,55,quantile,0.5,202.0
2026-01-31,wk inc flu hosp,1,2026-02-07,55,quantile,0.55,210.0
2026-01-31,wk inc flu hosp,1,2026-02-07,55,quantile,0.6,215.0
2026-01-31,wk inc flu hosp,1,2026-02-07,55,quantile,0.65,222.0
2026-01-31,wk inc flu hosp,1,2026-02-07,55,quantile,0.7,228.0
2026-01-31,wk inc flu hosp,1,2026-02-07,55,quantile,0.75,237.0
2026-01-31,wk inc flu hosp,1,2026-02-07,55,quantile,0.8,245.0
2026-01-31,wk inc flu hosp,1,2026-02-07,55,quantile,0.85,254.0
2026-01-31,wk inc flu hosp,1,2026-02-07,55,quantile,0.9,270.0
2026-01-31,wk inc flu hosp,1,2026-02-07,55,quantile,0.95,295.0
2026-01-31,wk inc flu hosp,1,2026-02-07,55,quantile,0.975,313.0
2026-01-31,wk inc flu hosp,1,2026-02-07,55,quantile,0.99,332.0
2026-01-31,wk inc flu hosp,1,2026-02-07,56,quantile,0.01,0.0
2026-01-31,wk inc flu hosp,1,2026-02-07,56,quantile,0.025,0.0
2026-01-31,wk inc flu hosp,1,2026-02-07,56,quantile,0.05,0.0
2026-01-31,wk inc flu hosp,1,2026-02-07,56,quantile,0.1,0.0
2026-01-31,wk inc flu hosp,1,2026-02-07,56,quantile,0.15,1.0
2026-01-31,wk inc flu hosp,1,2026-02-07,56,quantile,0.2,3.0
2026-01-31,wk inc flu hosp,1,2026-02-07,56,quantile,0.25,3.0
2026-01-31,wk inc flu hosp,1,2026-02-07,56,quantile,0.3,3.0
2026-01-31,wk inc flu hosp,1,2026-02-07,56,quantile,0.35,4.0
2026-01-31,wk inc flu hosp,1,2026-02-07,56,quantile,0.4,5.0
2026-01-31,wk inc flu hosp,1,2026-02-07,56,quantile,0.45,6.0
2026-01-31,wk inc flu hosp,1,2026-02-07,56,quantile,0.5,7.0
2026-01-31,wk inc flu hosp,1,2026-02-07,56,quantile,0.55,8.0
2026-01-31,wk inc flu hosp,1,2026-02-07,56,quantile,0.6,9.0
2026-01-31,wk inc flu hosp,1,2026-02-07,56,quantile,0.65,10.0
2026-01-31,wk inc flu hosp,1,2026-02-07,56,quantile,0.7,11.0
2026-01-31,wk inc flu hosp,1,2026-02-07,56,quantile,0.75,13.0
2026-01-31,wk inc flu hosp,1,2026-02-07,56,quantile,0.8,14.0
2026-01-31,wk inc flu hosp,1,2026-02-07,56,quantile,0.85,15.0
2026-01-31,wk inc flu hosp,1,2026-02-07,56,quantile,0.9,18.0
2026-01-31,wk inc flu hosp,1,2026-02-07,56,quantile,0.95,22.0
2026-01-31,wk inc flu hosp,1,2026-02-07,56,quantile,0.975,24.0
2026-01-31,wk inc flu hosp,1,2026-02-07,56,quantile,0.99,27.0
2026-01-31,wk inc flu hosp,1,2026-02-07,US,quantile,0.01,4327.0
2026-01-31,wk inc flu hosp,1,2026-02-07,US,quantile,0.025,5508.0
2026-01-31,wk inc flu hosp,1,2026-02-07,US,quantile,0.05,6867.0
2026-01-31,wk inc flu hosp,1,2026-02-07,US,quantile,0.1,7384.0
2026-01-31,wk inc flu hosp,1,2026-02-07,US,quantile,0.15,7676.0
2026-01-31,wk inc flu hosp,1,2026-02-07,US,quantile,0.2,7949.0
2026-01-31,wk inc flu hosp,1,2026-02-07,US,quantile,0.25,8163.0
2026-01-31,wk inc flu hosp,1,2026-02-07,US,quantile,0.3,8413.0
2026-01-31,wk inc flu hosp,1,2026-02-07,US,quantile,0.35,8648.0
2026-01-31,wk inc flu hosp,1,2026-02-07,US,quantile,0.4,8888.0
2026-01-31,wk inc flu hosp,1,2026-02-07,US,quantile,0.45,9158.0
2026-01-31,wk inc flu hosp,1,2026-02-07,US,quantile,0.5,9462.0
2026-01-31,wk inc flu hosp,1,2026-02-07,US,quantile,0.55,9716.0
2026-01-31,wk inc flu hosp,1,2026-02-07,US,quantile,0.6,10024.0
2026-01-31,wk inc flu hosp,1,2026-02-07,US,quantile,0.65,10331.0
2026-01-31,wk inc flu hosp,1,2026-02-07,US,quantile,0.7,10684.0
2026-01-31,wk inc flu hosp,1,2026-02-07,US,quantile,0.75,11122.0
2026-01-31,wk inc flu hosp,1,2026-02-07,US,quantile,0.8,11525.0
2026-01-31,wk inc flu hosp,1,2026-02-07,US,quantile,0.85,11966.0
2026-01-31,wk inc flu hosp,1,2026-02-07,US,quantile,0.9,12788.0
2026-01-31,wk inc flu hosp,1,2026-02-07,US,quantile,0.95,13981.0
2026-01-31,wk inc flu hosp,1,2026-02-07,US,quantile,0.975,14939.0
2026-01-31,wk inc flu hosp,1,2026-02-07,US,quantile,0.99,15945.0
2026-01-31,wk inc flu hosp,2,2026-02-14,01,quantile,0.01,0.0
2026-01-31,wk inc flu hosp,2,2026-02-14,01,quantile,0.025,0.0
2026-01-31,wk inc flu hosp,2,2026-02-14,01,quantile,0.05,0.0
2026-01-31,wk inc flu hosp,2,2026-02-14,01,quantile,0.1,16.0
2026-01-31,wk inc flu hosp,2,2026-02-14,01,quantile,0.15,27.0
2026-01-31,wk inc flu hosp,2,2026-02-14,01,quantile,0.2,28.0
2026-01-31,wk inc flu hosp,2,2026-02-14,01,quantile,0.25,29.0
2026-01-31,wk inc flu hosp,2,2026-02-14,01,quantile,0.3,30.0
2026-01-31,wk inc flu hosp,2,2026-02-14,01,quantile,0.35,39.0
2026-01-31,wk inc flu hosp,2,2026-02-14,01,quantile,0.4,49.0
2026-01-31,wk inc flu hosp,2,2026-02-14,01,quantile,0.45,61.0
2026-01-31,wk inc flu hosp,2,2026-02-14,01,quantile,0.5,70.0
2026-01-31,wk inc flu hosp,2,2026-02-14,01,quantile,0.55,80.0
2026-01-31,wk inc flu hosp,2,2026-02-14,01,quantile,0.6,88.0
2026-01-31,wk inc flu hosp,2,2026-02-14,01,quantile,0.65,99.0
2026-01-31,wk inc flu hosp,2,2026-02-14,01,quantile,0.7,108.0
2026-01-31,wk inc flu hosp,2,2026-02-14,01,quantile,0.75,118.0
2026-01-31,wk inc flu hosp,2,2026-02-14,01,quantile,0.8,127.0
2026-01-31,wk inc flu hosp,2,2026-02-14,01,quantile,0.85,142.0
2026-01-31,wk inc flu hosp,2,2026-02-14,01,quantile,0.9,160.0
2026-01-31,wk inc flu hosp,2,2026-02-14,01,quantile,0.95,187.0
2026-01-31,wk inc flu hosp,2,2026-02-14,01,quantile,0.975,212.0
2026-01-31,wk inc flu hosp,2,2026-02-14,01,quantile,0.99,233.0
2026-01-31,wk inc flu hosp,2,2026-02-14,02,quantile,0.01,2.0
2026-01-31,wk inc flu hosp,2,2026-02-14,02,quantile,0.025,4.0
2026-01-31,wk inc flu hosp,2,2026-02-14,02,quantile,0.05,6.0
2026-01-31,wk inc flu hosp,2,2026-02-14,02,quantile,0.1,8.0
2026-01-31,wk inc flu hosp,2,2026-02-14,02,quantile,0.15,10.0
2026-01-31,wk inc flu hosp,2,2026-02-14,02,quantile,0.2,11.0
2026-01-31,wk inc flu hosp,2,2026-02-14,02,quantile,0.25,12.0
2026-01-31,wk inc flu hosp,2,2026-02-14,02,quantile,0.3,13.0
2026-01-31,wk inc flu hosp,2,2026-02-14,02,quantile,0.35,14.0
2026-01-31,wk inc flu hosp,2,2026-02-14,02,quantile,0.4,15.0
2026-01-31,wk inc flu hosp,2,2026-02-14,02,quantile,0.45,16.0
2026-01-31,wk inc flu hosp,2,2026-02-14,02,quantile,0.5,17.0
2026-01-31,wk inc flu hosp,2,2026-02-14,02,quantile,0.55,18.0
2026-01-31,wk inc flu hosp,2,2026-02-14,02,quantile,0.6,19.0
2026-01-31,wk inc flu hosp,2,2026-02-14,02,quantile,0.65,20.0
2026-01-31,wk inc flu hosp,2,2026-02-14,02,quantile,0.7,21.0
2026-01-31,wk inc flu hosp,2,2026-02-14,02,quantile,0.75,22.0
2026-01-31,wk inc flu hosp,2,2026-02-14,02,quantile,0.8,22.0
2026-01-31,wk inc flu hosp,2,2026-02-14,02,quantile,0.85,23.0
2026-01-31,wk inc flu hosp,2,2026-02-14,02,quantile,0.9,24.0
2026-01-31,wk inc flu hosp,2,2026-02-14,02,quantile,0.95,26.0
2026-01-31,wk inc flu hosp,2,2026-02-14,02,quantile,0.975,28.0
2026-01-31,wk inc flu hosp,2,2026-02-14,02,quantile,0.99,29.0
2026-01-31,wk inc flu hosp,2,2026-02-14,04,quantile,0.01,0.0
2026-01-31,wk inc flu hosp,2,2026-02-14,04,quantile,0.025,0.0
2026-01-31,wk inc flu hosp,2,2026-02-14,04,quantile,0.05,0.0
2026-01-31,wk inc flu hosp,2,2026-02-14,04,quantile,0.1,0.0
2026-01-31,wk inc flu hosp,2,2026-02-14,04,quantile,0.15,25.0
2026-01-31,wk inc flu hosp,2,2026-02-14,04,quantile,0.2,57.0
2026-01-31,wk inc flu hosp,2,2026-02-14,04,quantile,0.25,72.0
2026-01-31,wk inc flu hosp,2,2026-02-14,04,quantile,0.3,76.0
2026-01-31,wk inc flu hosp,2,2026-02-14,04,quantile,0.35,79.0
2026-01-31,wk inc flu hosp,2,2026-02-14,04,quantile,0.4,91.0
2026-01-31,wk inc flu hosp,2,2026-02-14,04,quantile,0.45,108.0
2026-01-31,wk inc flu hosp,2,2026-02-14,04,quantile,0.5,126.0
2026-01-31,wk inc flu hosp,2,2026-02-14,04,quantile,0.55,142.0
2026-01-31,wk inc flu hosp,2,2026-02-14,04,quantile,0.6,154.0
2026-01-31,wk inc flu hosp,2,2026-02-14,04,quantile,0.65,175.0
2026-01-31,wk inc flu hosp,2,2026-02-14,04,quantile,0.7,188.0
2026-01-31,wk inc flu hosp,2,2026-02-14,04,quantile,0.75,208.0
2026-01-31,wk inc flu hosp,2,2026-02-14,04,quantile,0.8,225.0
2026-01-31,wk inc flu hosp,2,2026-02-14,04,quantile,0.85,248.0
2026-01-31,wk inc flu hosp,2,2026-02-14,04,quantile,0.9,278.0
2026-01-31,wk inc flu hosp,2,2026-02-14,04,quantile,0.95,329.0
2026-01-31,wk inc flu hosp,2,2026-02-14,04,quantile,0.975,373.0
2026-01-31,wk inc flu hosp,2,2026-02-14,04,quantile,0.99,412.0
2026-01-31,wk inc flu hosp,2,2026-02-14,05,quantile,0.01,0.0
2026-01-31,wk inc flu hosp,2,2026-02-14,05,quantile,0.025,0.0
2026-01-31,wk inc flu hosp,2,2026-02-14,05,quantile,0.05,0.0
2026-01-31,wk inc flu hosp,2,2026-02-14,05,quantile,0.1,12.0
2026-01-31,wk inc flu hosp,2,2026-02-14,05,quantile,0.15,12.0
2026-01-31,wk inc flu hosp,2,2026-02-14,05,quantile,0.2,13.0
2026-01-31,wk inc flu hosp,2,2026-02-14,05,quantile,0.25,14.0
2026-01-31,wk inc flu hosp,2,2026-02-14,05,quantile,0.3,14.0
2026-01-31,wk inc flu hosp,2,2026-02-14,05,quantile,0.35,14.0
2026-01-31,wk inc flu hosp,2,2026-02-14,05,quantile,0.4,15.0
2026-01-31,wk inc flu hosp,2,2026-02-14,05,quantile,0.45,15.0
2026-01-31,wk inc flu hosp,2,2026-02-14,05,quantile,0.5,15.0
2026-01-31,wk inc flu hosp,2,2026-02-14,05,quantile,0.55,15.0
2026-01-31,wk inc flu hosp,2,2026-02-14,05,quantile,0.6,15.0
2026-01-31,wk inc flu hosp,2,2026-02-14,05,quantile,0.65,16.0
2026-01-31,wk inc flu hosp,2,2026-02-14,05,quantile,0.7,22.0
2026-01-31,wk inc flu hosp,2,2026-02-14,05,quantile,0.75,66.0
2026-01-31,wk inc flu hosp,2,2026-02-14,05,quantile,0.8,99.0
2026-01-31,wk inc flu hosp,2,2026-02-14,05,quantile,0.85,151.0
2026-01-31,wk inc flu hosp,2,2026-02-14,05,quantile,0.9,217.0
2026-01-31,wk inc flu hosp,2,2026-02-14,05,quantile,0.95,319.0
2026-01-31,wk inc flu hosp,2,2026-02-14,05,quantile,0.975,416.0
2026-01-31,wk inc flu hosp,2,2026-02-14,05,quantile,0.99,484.0
2026-01-31,wk inc flu hosp,2,2026-02-14,06,quantile,0.01,123.0
2026-01-31,wk inc flu hosp,2,2026-02-14,06,quantile,0.025,316.0
2026-01-31,wk inc flu hosp,2,2026-02-14,06,quantile,0.05,480.0
2026-01-31,wk inc flu hosp,2,2026-02-14,06,quantile,0.1,642.0
2026-01-31,wk inc flu hosp,2,2026-02-14,06,quantile,0.15,746.0
2026-01-31,wk inc flu hosp,2,2026-02-14,06,quantile,0.2,846.0
2026-01-31,wk inc flu hosp,2,2026-02-14,06,quantile,0.25,914.0
2026-01-31,wk inc flu hosp,2,2026-02-14,06,quantile,0.3,982.0
2026-01-31,wk inc flu hosp,2,2026-02-14,06,quantile,0.35,1057.0
2026-01-31,wk inc flu hosp,2,2026-02-14,06,quantile,0.4,1107.0
2026-01-31,wk inc flu hosp,2,2026-02-14,06,quantile,0.45,1153.0
2026-01-31,wk inc flu hosp,2,2026-02-14,06,quantile,0.5,1196.0
2026-01-31,wk inc flu hosp,2,2026-02-14,06,quantile,0.55,1243.0
2026-01-31,wk inc flu hosp,2,2026-02-14,06,quantile,0.6,1289.0
2026-01-31,wk inc flu hosp,2,2026-02-14,06,quantile,0.65,1348.0
2026-01-31,wk inc flu hosp,2,2026-02-14,06,quantile,0.7,1390.0
2026-01-31,wk inc flu hosp,2,2026-02-14,06,quantile,0.75,1458.0
2026-01-31,wk inc flu hosp,2,2026-02-14,06,quantile,0.8,1534.0
2026-01-31,wk inc flu hosp,2,2026-02-14,06,quantile,0.85,1620.0
2026-01-31,wk inc flu hosp,2,2026-02-14,06,quantile,0.9,1729.0
2026-01-31,wk inc flu hosp,2,2026-02-14,06,quantile,0.95,1907.0
2026-01-31,wk inc flu hosp,2,2026-02-14,06,quantile,0.975,2051.0
2026-01-31,wk inc flu hosp,2,2026-02-14,06,quantile,0.99,2219.0
2026-01-31,wk inc flu hosp,2,2026-02-14,08,quantile,0.01,4.0
2026-01-31,wk inc flu hosp,2,2026-02-14,08,quantile,0.025,11.0
2026-01-31,wk inc flu hosp,2,2026-02-14,08,quantile,0.05,30.0
2026-01-31,wk inc flu hosp,2,2026-02-14,08,quantile,0.1,49.0
2026-01-31,wk inc flu hosp,2,2026-02-14,08,quantile,0.15,61.0
2026-01-31,wk inc flu hosp,2,2026-02-14,08,quantile,0.2,71.0
2026-01-31,wk inc flu hosp,2,2026-02-14,08,quantile,0.25,77.0
2026-01-31,wk inc flu hosp,2,2026-02-14,08,quantile,0.3,84.0
2026-01-31,wk inc flu hosp,2,2026-02-14,08,quantile,0.35,90.0
2026-01-31,wk inc flu hosp,2,2026-02-14,08,quantile,0.4,97.0
2026-01-31,wk inc flu hosp,2,2026-02-14,08,quantile,0.45,103.0
2026-01-31,wk inc flu hosp,2,2026-02-14,08,quantile,0.5,110.0
2026-01-31,wk inc flu hosp,2,2026-02-14,08,quantile,0.55,117.0
2026-01-31,wk inc flu hosp,2,2026-02-14,08,quantile,0.6,122.0
2026-01-31,wk inc flu hosp,2,2026-02-14,08,quantile,0.65,129.0
2026-01-31,wk inc flu hosp,2,2026-02-14,08,quantile,0.7,136.0
2026-01-31,wk inc flu hosp,2,2026-02-14,08,quantile,0.75,143.0
2026-01-31,wk inc flu hosp,2,2026-02-14,08,quantile,0.8,151.0
2026-01-31,wk inc flu hosp,2,2026-02-14,08,quantile,0.85,159.0
2026-01-31,wk inc flu hosp,2,2026-02-14,08,quantile,0.9,170.0
2026-01-31,wk inc flu hosp,2,2026-02-14,08,quantile,0.95,189.0
2026-01-31,wk inc flu hosp,2,2026-02-14,08,quantile,0.975,204.0
2026-01-31,wk inc flu hosp,2,2026-02-14,08,quantile,0.99,214.0
2026-01-31,wk inc flu hosp,2,2026-02-14,09,quantile,0.01,0.0
2026-01-31,wk inc flu hosp,2,2026-02-14,09,quantile,0.025,4.0
2026-01-31,wk inc flu hosp,2,2026-02-14,09,quantile,0.05,4.0
2026-01-31,wk inc flu hosp,2,2026-02-14,09,quantile,0.1,4.0
2026-01-31,wk inc flu hosp,2,2026-02-14,09,quantile,0.15,4.0
2026-01-31,wk inc flu hosp,2,2026-02-14,09,quantile,0.2,4.0
2026-01-31,wk inc flu hosp,2,2026-02-14,09,quantile,0.25,4.0
2026-01-31,wk inc flu hosp,2,2026-02-14,09,quantile,0.3,4.0
2026-01-31,wk inc flu hosp,2,2026-02-14,09,quantile,0.35,4.0
2026-01-31,wk inc flu hosp,2,2026-02-14,09,quantile,0.4,5.0
2026-01-31,wk inc flu hosp,2,2026-02-14,09,quantile,0.45,5.0
2026-01-31,wk inc flu hosp,2,2026-02-14,09,quantile,0.5,5.0
2026-01-31,wk inc flu hosp,2,2026-02-14,09,quantile,0.55,5.0
2026-01-31,wk inc flu hosp,2,2026-02-14,09,quantile,0.6,5.0
2026-01-31,wk inc flu hosp,2,2026-02-14,09,quantile,0.65,5.0
2026-01-31,wk inc flu hosp,2,2026-02-14,09,quantile,0.7,5.0
2026-01-31,wk inc flu hosp,2,2026-02-14,09,quantile,0.75,5.0
2026-01-31,wk inc flu hosp,2,2026-02-14,09,quantile,0.8,5.0
2026-01-31,wk inc flu hosp,2,2026-02-14,09,quantile,0.85,6.0
2026-01-31,wk inc flu hosp,2,2026-02-14,09,quantile,0.9,6.0
2026-01-31,wk inc flu hosp,2,2026-02-14,09,quantile,0.95,7.0
2026-01-31,wk inc flu hosp,2,2026-02-14,09,quantile,0.975,7.0
2026-01-31,wk inc flu hosp,2,2026-02-14,09,quantile,0.99,8.0
2026-01-31,wk inc flu hosp,2,2026-02-14,10,quantile,0.01,0.0
2026-01-31,wk inc flu hosp,2,2026-02-14,10,quantile,0.025,0.0
2026-01-31,wk inc flu hosp,2,2026-02-14,10,quantile,0.05,3.0
2026-01-31,wk inc flu hosp,2,2026-02-14,10,quantile,0.1,6.0
2026-01-31,wk inc flu hosp,2,2026-02-14,10,quantile,0.15,9.0
2026-01-31,wk inc flu hosp,2,2026-02-14,10,quantile,0.2,15.0
2026-01-31,wk inc flu hosp,2,2026-02-14,10,quantile,0.25,22.0
2026-01-31,wk inc flu hosp,2,2026-02-14,10,quantile,0.3,27.0
2026-01-31,wk inc flu hosp,2,2026-02-14,10,quantile,0.35,29.0
2026-01-31,wk inc flu hosp,2,2026-02-14,10,quantile,0.4,30.0
2026-01-31,wk inc flu hosp,2,2026-02-14,10,quantile,0.45,32.0
2026-01-31,wk inc flu hosp,2,2026-02-14,10,quantile,0.5,34.0
2026-01-31,wk inc flu hosp,2,2026-02-14,10,quantile,0.55,36.0
2026-01-31,wk inc flu hosp,2,2026-02-14,10,quantile,0.6,37.0
2026-01-31,wk inc flu hosp,2,2026-02-14,10,quantile,0.65,39.0
2026-01-31,wk inc flu hosp,2,2026-02-14,10,quantile,0.7,41.0
2026-01-31,wk inc flu hosp,2,2026-02-14,10,quantile,0.75,43.0
2026-01-31,wk inc flu hosp,2,2026-02-14,10,quantile,0.8,45.0
2026-01-31,wk inc flu hosp,2,2026-02-14,10,quantile,0.85,47.0
2026-01-31,wk inc flu hosp,2,2026-02-14,10,quantile,0.9,51.0
2026-01-31,wk inc flu hosp,2,2026-02-14,10,quantile,0.95,56.0
2026-01-31,wk inc flu hosp,2,2026-02-14,10,quantile,0.975,61.0
2026-01-31,wk inc flu hosp,2,2026-02-14,10,quantile,0.99,65.0
2026-01-31,wk inc flu hosp,2,2026-02-14,11,quantile,0.01,0.0
2026-01-31,wk inc flu hosp,2,2026-02-14,11,quantile,0.025,0.0
2026-01-31,wk inc flu hosp,2,2026-02-14,11,quantile,0.05,0.0
2026-01-31,wk inc flu hosp,2,2026-02-14,11,quantile,0.1,0.0
2026-01-31,wk inc flu hosp,2,2026-02-14,11,quantile,0.15,2.0
2026-01-31,wk inc flu hosp,2,2026-02-14,11,quantile,0.2,5.0
2026-01-31,wk inc flu hosp,2,2026-02-14,11,quantile,0.25,6.0
2026-01-31,wk inc flu hosp,2,2026-02-14,11,quantile,0.3,6.0
2026-01-31,wk inc flu hosp,2,2026-02-14,11,quantile,0.35,6.0
2026-01-31,wk inc flu hosp,2,2026-02-14,11,quantile,0.4,7.0
2026-01-31,wk inc flu hosp,2,2026-02-14,11,quantile,0.45,7.0
2026-01-31,wk inc flu hosp,2,2026-02-14,11,quantile,0.5,7.0
2026-01-31,wk inc flu hosp,2,2026-02-14,11,quantile,0.55,8.0
2026-01-31,wk inc flu hosp,2,2026-02-14,11,quantile,0.6,10.0
2026-01-31,wk inc flu hosp,2,2026-02-14,11,quantile,0.65,12.0
2026-01-31,wk inc flu hosp,2,2026-02-14,11,quantile,0.7,13.0
2026-01-31,wk inc flu hosp,2,2026-02-14,11,quantile,0.75,14.0
2026-01-31,wk inc flu hosp,2,2026-02-14,11,quantile,0.8,16.0
2026-01-31,wk inc flu hosp,2,2026-02-14,11,quantile,0.85,18.0
2026-01-31,wk inc flu hosp,2,2026-02-14,11,quantile,0.9,21.0
2026-01-31,wk inc flu hosp,2,2026-02-14,11,quantile,0.95,25.0
2026-01-31,wk inc flu hosp,2,2026-02-14,11,quantile,0.975,29.0
2026-01-31,wk inc flu hosp,2,2026-02-14,11,quantile,0.99,33.0
2026-01-31,wk inc flu hosp,2,2026-02-14,12,quantile,0.01,223.0
2026-01-31,wk inc flu hosp,2,2026-02-14,12,quantile,0.025,275.0
2026-01-31,wk inc flu hosp,2,2026-02-14,12,quantile,0.05,341.0
2026-01-31,wk inc flu hosp,2,2026-02-14,12,quantile,0.1,406.0
2026-01-31,wk inc flu hosp,2,2026-02-14,12,quantile,0.15,459.0
2026-01-31,wk inc flu hosp,2,2026-02-14,12,quantile,0.2,489.0
2026-01-31,wk inc flu hosp,2,2026-02-14,12,quantile,0.25,522.0
2026-01-31,wk inc flu hosp,2,2026-02-14,12,quantile,0.3,550.0
2026-01-31,wk inc flu hosp,2,2026-02-14,12,quantile,0.35,582.0
2026-01-31,wk inc flu hosp,2,2026-02-14,12,quantile,0.4,608.0
2026-01-31,wk inc flu hosp,2,2026-02-14,12,quantile,0.45,634.0
2026-01-31,wk inc flu hosp,2,2026-02-14,12,quantile,0.5,662.0
2026-01-31,wk inc flu hosp,2,2026-02-14,12,quantile,0.55,693.0
2026-01-31,wk inc flu hosp,2,2026-02-14,12,quantile,0.6,729.0
2026-01-31,wk inc flu hosp,2,2026-02-14,12,quantile,0.65,775.0
2026-01-31,wk inc flu hosp,2,2026-02-14,12,quantile,0.7,829.0
2026-01-31,wk inc flu hosp,2,2026-02-14,12,quantile,0.75,877.0
2026-01-31,wk inc flu hosp,2,2026-02-14,12,quantile,0.8,897.0
2026-01-31,wk inc flu hosp,2,2026-02-14,12,quantile,0.85,934.0
2026-01-31,wk inc flu hosp,2,2026-02-14,12,quantile,0.9,986.0
2026-01-31,wk inc flu hosp,2,2026-02-14,12,quantile,0.95,1086.0
2026-01-31,wk inc flu hosp,2,2026-02-14,12,quantile,0.975,1156.0
2026-01-31,wk inc flu hosp,2,2026-02-14,12,quantile,0.99,1186.0
2026-01-31,wk inc flu hosp,2,2026-02-14,13,quantile,0.01,0.0
2026-01-31,wk inc flu hosp,2,2026-02-14,13,quantile,0.025,0.0
2026-01-31,wk inc flu hosp,2,2026-02-14,13,quantile,0.05,0.0
2026-01-31,wk inc flu hosp,2,2026-02-14,13,quantile,0.1,10.0
2026-01-31,wk inc flu hosp,2,2026-02-14,13,quantile,0.15,33.0
2026-01-31,wk inc flu hosp,2,2026-02-14,13,quantile,0.2,52.0
2026-01-31,wk inc flu hosp,2,2026-02-14,13,quantile,0.25,60.0
2026-01-31,wk inc flu hosp,2,2026-02-14,13,quantile,0.3,64.0
2026-01-31,wk inc flu hosp,2,2026-02-14,13,quantile,0.35,75.0
2026-01-31,wk inc flu hosp,2,2026-02-14,13,quantile,0.4,86.0
2026-01-31,wk inc flu hosp,2,2026-02-14,13,quantile,0.45,97.0
2026-01-31,wk inc flu hosp,2,2026-02-14,13,quantile,0.5,107.0
2026-01-31,wk inc flu hosp,2,2026-02-14,13,quantile,0.55,117.0
2026-01-31,wk inc flu hosp,2,2026-02-14,13,quantile,0.6,126.0
2026-01-31,wk inc flu hosp,2,2026-02-14,13,quantile,0.65,140.0
2026-01-31,wk inc flu hosp,2,2026-02-14,13,quantile,0.7,151.0
2026-01-31,wk inc flu hosp,2,2026-02-14,13,quantile,0.75,165.0
2026-01-31,wk inc flu hosp,2,2026-02-14,13,quantile,0.8,179.0
2026-01-31,wk inc flu hosp,2,2026-02-14,13,quantile,0.85,199.0
2026-01-31,wk inc flu hosp,2,2026-02-14,13,quantile,0.9,224.0
2026-01-31,wk inc flu hosp,2,2026-02-14,13,quantile,0.95,263.0
2026-01-31,wk inc flu hosp,2,2026-02-14,13,quantile,0.975,290.0
2026-01-31,wk inc flu hosp,2,2026-02-14,13,quantile,0.99,315.0
2026-01-31,wk inc flu hosp,2,2026-02-14,15,quantile,0.01,0.0
2026-01-31,wk inc flu hosp,2,2026-02-14,15,quantile,0.025,0.0
2026-01-31,wk inc flu hosp,2,2026-02-14,15,quantile,0.05,0.0
2026-01-31,wk inc flu hosp,2,2026-02-14,15,quantile,0.1,0.0
2026-01-31,wk inc flu hosp,2,2026-02-14,15,quantile,0.15,3.0
2026-01-31,wk inc flu hosp,2,2026-02-14,15,quantile,0.2,3.0
2026-01-31,wk inc flu hosp,2,2026-02-14,15,quantile,0.25,5.0
2026-01-31,wk inc flu hosp,2,2026-02-14,15,quantile,0.3,8.0
2026-01-31,wk inc flu hosp,2,2026-02-14,15,quantile,0.35,10.0
2026-01-31,wk inc flu hosp,2,2026-02-14,15,quantile,0.4,13.0
2026-01-31,wk inc flu hosp,2,2026-02-14,15,quantile,0.45,15.0
2026-01-31,wk inc flu hosp,2,2026-02-14,15,quantile,0.5,18.0
2026-01-31,wk inc flu hosp,2,2026-02-14,15,quantile,0.55,20.0
2026-01-31,wk inc flu hosp,2,2026-02-14,15,quantile,0.6,22.0
2026-01-31,wk inc flu hosp,2,2026-02-14,15,quantile,0.65,25.0
2026-01-31,wk inc flu hosp,2,2026-02-14,15,quantile,0.7,27.0
2026-01-31,wk inc flu hosp,2,2026-02-14,15,quantile,0.75,30.0
2026-01-31,wk inc flu hosp,2,2026-02-14,15,quantile,0.8,34.0
2026-01-31,wk inc flu hosp,2,2026-02-14,15,quantile,0.85,40.0
2026-01-31,wk inc flu hosp,2,2026-02-14,15,quantile,0.9,48.0
2026-01-31,wk inc flu hosp,2,2026-02-14,15,quantile,0.95,58.0
2026-01-31,wk inc flu hosp,2,2026-02-14,15,quantile,0.975,65.0
2026-01-31,wk inc flu hosp,2,2026-02-14,15,quantile,0.99,69.0
2026-01-31,wk inc flu hosp,2,2026-02-14,16,quantile,0.01,0.0
2026-01-31,wk inc flu hosp,2,2026-02-14,16,quantile,0.025,0.0
2026-01-31,wk inc flu hosp,2,2026-02-14,16,quantile,0.05,0.0
2026-01-31,wk inc flu hosp,2,2026-02-14,16,quantile,0.1,3.0
2026-01-31,wk inc flu hosp,2,2026-02-14,16,quantile,0.15,10.0
2026-01-31,wk inc flu hosp,2,2026-02-14,16,quantile,0.2,17.0
2026-01-31,wk inc flu hosp,2,2026-02-14,16,quantile,0.25,23.0
2026-01-31,wk inc flu hosp,2,2026-02-14,16,quantile,0.3,25.0
2026-01-31,wk inc flu hosp,2,2026-02-14,16,quantile,0.35,28.0
2026-01-31,wk inc flu hosp,2,2026-02-14,16,quantile,0.4,30.0
2026-01-31,wk inc flu hosp,2,2026-02-14,16,quantile,0.45,33.0
2026-01-31,wk inc flu hosp,2,2026-02-14,16,quantile,0.5,35.0
2026-01-31,wk inc flu hosp,2,2026-02-14,16,quantile,0.55,37.0
2026-01-31,wk inc flu hosp,2,2026-02-14,16,quantile,0.6,39.0
2026-01-31,wk inc flu hosp,2,2026-02-14,16,quantile,0.65,42.0
2026-01-31,wk inc flu hosp,2,2026-02-14,16,quantile,0.7,43.0
2026-01-31,wk inc flu hosp,2,2026-02-14,16,quantile,0.75,46.0
2026-01-31,wk inc flu hosp,2,2026-02-14,16,quantile,0.8,48.0
2026-01-31,wk inc flu hosp,2,2026-02-14,16,quantile,0.85,51.0
2026-01-31,wk inc flu hosp,2,2026-02-14,16,quantile,0.9,56.0
2026-01-31,wk inc flu hosp,2,2026-02-14,16,quantile,0.95,76.0
2026-01-31,wk inc flu hosp,2,2026-02-14,16,quantile,0.975,91.0
2026-01-31,wk inc flu hosp,2,2026-02-14,16,quantile,0.99,104.0
2026-01-31,wk inc flu hosp,2,2026-02-14,17,quantile,0.01,0.0
2026-01-31,wk inc flu hosp,2,2026-02-14,17,quantile,0.025,0.0
2026-01-31,wk inc flu hosp,2,2026-02-14,17,quantile,0.05,19.0
2026-01-31,wk inc flu hosp,2,2026-02-14,17,quantile,0.1,62.0
2026-01-31,wk inc flu hosp,2,2026-02-14,17,quantile,0.15,95.0
2026-01-31,wk inc flu hosp,2,2026-02-14,17,quantile,0.2,124.0
2026-01-31,wk inc flu hosp,2,2026-02-14,17,quantile,0.25,149.0
2026-01-31,wk inc flu hosp,2,2026-02-14,17,quantile,0.3,170.0
2026-01-31,wk inc flu hosp,2,2026-02-14,17,quantile,0.35,192.0
2026-01-31,wk inc flu hosp,2,2026-02-14,17,quantile,0.4,216.0
2026-01-31,wk inc flu hosp,2,2026-02-14,17,quantile,0.45,240.0
2026-01-31,wk inc flu hosp,2,2026-02-14,17,quantile,0.5,264.0
2026-01-31,wk inc flu hosp,2,2026-02-14,17,quantile,0.55,286.0
2026-01-31,wk inc flu hosp,2,2026-02-14,17,quantile,0.6,305.0
2026-01-31,wk inc flu hosp,2,2026-02-14,17,quantile,0.65,336.0
2026-01-31,wk inc flu hosp,2,2026-02-14,17,quantile,0.7,353.0
2026-01-31,wk inc flu hosp,2,2026-02-14,17,quantile,0.75,379.0
2026-01-31,wk inc flu hosp,2,2026-02-14,17,quantile,0.8,400.0
2026-01-31,wk inc flu hosp,2,2026-02-14,17,quantile,0.85,431.0
2026-01-31,wk inc flu hosp,2,2026-02-14,17,quantile,0.9,472.0
2026-01-31,wk inc flu hosp,2,2026-02-14,17,quantile,0.95,538.0
2026-01-31,wk inc flu hosp,2,2026-02-14,17,quantile,0.975,592.0
2026-01-31,wk inc flu hosp,2,2026-02-14,17,quantile,0.99,637.0
2026-01-31,wk inc flu hosp,2,2026-02-14,18,quantile,0.01,0.0
2026-01-31,wk inc flu hosp,2,2026-02-14,18,quantile,0.025,0.0
2026-01-31,wk inc flu hosp,2,2026-02-14,18,quantile,0.05,17.0
2026-01-31,wk inc flu hosp,2,2026-02-14,18,quantile,0.1,31.0
2026-01-31,wk inc flu hosp,2,2026-02-14,18,quantile,0.15,47.0
2026-01-31,wk inc flu hosp,2,2026-02-14,18,quantile,0.2,60.0
2026-01-31,wk inc flu hosp,2,2026-02-14,18,quantile,0.25,71.0
2026-01-31,wk inc flu hosp,2,2026-02-14,18,quantile,0.3,81.0
2026-01-31,wk inc flu hosp,2,2026-02-14,18,quantile,0.35,91.0
2026-01-31,wk inc flu hosp,2,2026-02-14,18,quantile,0.4,102.0
2026-01-31,wk inc flu hosp,2,2026-02-14,18,quantile,0.45,112.0
2026-01-31,wk inc flu hosp,2,2026-02-14,18,quantile,0.5,122.0
2026-01-31,wk inc flu hosp,2,2026-02-14,18,quantile,0.55,131.0
2026-01-31,wk inc flu hosp,2,2026-02-14,18,quantile,0.6,138.0
2026-01-31,wk inc flu hosp,2,2026-02-14,18,quantile,0.65,149.0
2026-01-31,wk inc flu hosp,2,2026-02-14,18,quantile,0.7,156.0
2026-01-31,wk inc flu hosp,2,2026-02-14,18,quantile,0.75,167.0
2026-01-31,wk inc flu hosp,2,2026-02-14,18,quantile,0.8,177.0
2026-01-31,wk inc flu hosp,2,2026-02-14,18,quantile,0.85,190.0
2026-01-31,wk inc flu hosp,2,2026-02-14,18,quantile,0.9,208.0
2026-01-31,wk inc flu hosp,2,2026-02-14,18,quantile,0.95,241.0
2026-01-31,wk inc flu hosp,2,2026-02-14,18,quantile,0.975,273.0
2026-01-31,wk inc flu hosp,2,2026-02-14,18,quantile,0.99,302.0
2026-01-31,wk inc flu hosp,2,2026-02-14,19,quantile,0.01,10.0
2026-01-31,wk inc flu hosp,2,2026-02-14,19,quantile,0.025,23.0
2026-01-31,wk inc flu hosp,2,2026-02-14,19,quantile,0.05,34.0
2026-01-31,wk inc flu hosp,2,2026-02-14,19,quantile,0.1,49.0
2026-01-31,wk inc flu hosp,2,2026-02-14,19,quantile,0.15,61.0
2026-01-31,wk inc flu hosp,2,2026-02-14,19,quantile,0.2,68.0
2026-01-31,wk inc flu hosp,2,2026-02-14,19,quantile,0.25,77.0
2026-01-31,wk inc flu hosp,2,2026-02-14,19,quantile,0.3,84.0
2026-01-31,wk inc flu hosp,2,2026-02-14,19,quantile,0.35,90.0
2026-01-31,wk inc flu hosp,2,2026-02-14,19,quantile,0.4,98.0
2026-01-31,wk inc flu hosp,2,2026-02-14,19,quantile,0.45,102.0
2026-01-31,wk inc flu hosp,2,2026-02-14,19,quantile,0.5,108.0
2026-01-31,wk inc flu hosp,2,2026-02-14,19,quantile,0.55,112.0
2026-01-31,wk inc flu hosp,2,2026-02-14,19,quantile,0.6,114.0
2026-01-31,wk inc flu hosp,2,2026-02-14,19,quantile,0.65,117.0
2026-01-31,wk inc flu hosp,2,2026-02-14,19,quantile,0.7,119.0
2026-01-31,wk inc flu hosp,2,2026-02-14,19,quantile,0.75,122.0
2026-01-31,wk inc flu hosp,2,2026-02-14,19,quantile,0.8,125.0
2026-01-31,wk inc flu hosp,2,2026-02-14,19,quantile,0.85,129.0
2026-01-31,wk inc flu hosp,2,2026-02-14,19,quantile,0.9,134.0
2026-01-31,wk inc flu hosp,2,2026-02-14,19,quantile,0.95,142.0
2026-01-31,wk inc flu hosp,2,2026-02-14,19,quantile,0.975,150.0
2026-01-31,wk inc flu hosp,2,2026-02-14,19,quantile,0.99,156.0
2026-01-31,wk inc flu hosp,2,2026-02-14,20,quantile,0.01,0.0
2026-01-31,wk inc flu hosp,2,2026-02-14,20,quantile,0.025,0.0
2026-01-31,wk inc flu hosp,2,2026-02-14,20,quantile,0.05,33.0
2026-01-31,wk inc flu hosp,2,2026-02-14,20,quantile,0.1,68.0
2026-01-31,wk inc flu hosp,2,2026-02-14,20,quantile,0.15,91.0
2026-01-31,wk inc flu hosp,2,2026-02-14,20,quantile,0.2,108.0
2026-01-31,wk inc flu hosp,2,2026-02-14,20,quantile,0.25,120.0
2026-01-31,wk inc flu hosp,2,2026-02-14,20,quantile,0.3,126.0
2026-01-31,wk inc flu hosp,2,2026-02-14,20,quantile,0.35,137.0
2026-01-31,wk inc flu hosp,2,2026-02-14,20,quantile,0.4,145.0
2026-01-31,wk inc flu hosp,2,2026-02-14,20,quantile,0.45,151.0
2026-01-31,wk inc flu hosp,2,2026-02-14,20,quantile,0.5,158.0
2026-01-31,wk inc flu hosp,2,2026-02-14,20,quantile,0.55,162.0
2026-01-31,wk inc flu hosp,2,2026-02-14,20,quantile,0.6,165.0
2026-01-31,wk inc flu hosp,2,2026-02-14,20,quantile,0.65,171.0
2026-01-31,wk inc flu hosp,2,2026-02-14,20,quantile,0.7,174.0
2026-01-31,wk inc flu hosp,2,2026-02-14,20,quantile,0.75,179.0
2026-01-31,wk inc flu hosp,2,2026-02-14,20,quantile,0.8,182.0
2026-01-31,wk inc flu hosp,2,2026-02-14,20,quantile,0.85,188.0
2026-01-31,wk inc flu hosp,2,2026-02-14,20,quantile,0.9,196.0
2026-01-31,wk inc flu hosp,2,2026-02-14,20,quantile,0.95,208.0
2026-01-31,wk inc flu hosp,2,2026-02-14,20,quantile,0.975,220.0
2026-01-31,wk inc flu hosp,2,2026-02-14,20,quantile,0.99,238.0
2026-01-31,wk inc flu hosp,2,2026-02-14,21,quantile,0.01,0.0
2026-01-31,wk inc flu hosp,2,2026-02-14,21,quantile,0.025,0.0
2026-01-31,wk inc flu hosp,2,2026-02-14,21,quantile,0.05,0.0
2026-01-31,wk inc flu hosp,2,2026-02-14,21,quantile,0.1,0.0
2026-01-31,wk inc flu hosp,2,2026-02-14,21,quantile,0.15,0.0
2026-01-31,wk inc flu hosp,2,2026-02-14,21,quantile,0.2,29.0
2026-01-31,wk inc flu hosp,2,2026-02-14,21,quantile,0.25,45.0
2026-01-31,wk inc flu hosp,2,2026-02-14,21,quantile,0.3,47.0
2026-01-31,wk inc flu hosp,2,2026-02-14,21,quantile,0.35,48.0
2026-01-31,wk inc flu hosp,2,2026-02-14,21,quantile,0.4,50.0
2026-01-31,wk inc flu hosp,2,2026-02-14,21,quantile,0.45,65.0
2026-01-31,wk inc flu hosp,2,2026-02-14,21,quantile,0.5,79.0
2026-01-31,wk inc flu hosp,2,2026-02-14,21,quantile,0.55,93.0
2026-01-31,wk inc flu hosp,2,2026-02-14,21,quantile,0.6,104.0
2026-01-31,wk inc flu hosp,2,2026-02-14,21,quantile,0.65,122.0
2026-01-31,wk inc flu hosp,2,2026-02-14,21,quantile,0.7,134.0
2026-01-31,wk inc flu hosp,2,2026-02-14,21,quantile,0.75,152.0
2026-01-31,wk inc flu hosp,2,2026-02-14,21,quantile,0.8,166.0
2026-01-31,wk inc flu hosp,2,2026-02-14,21,quantile,0.85,189.0
2026-01-31,wk inc flu hosp,2,2026-02-14,21,quantile,0.9,222.0
2026-01-31,wk inc flu hosp,2,2026-02-14,21,quantile,0.95,277.0
2026-01-31,wk inc flu hosp,2,2026-02-14,21,quantile,0.975,315.0
2026-01-31,wk inc flu hosp,2,2026-02-14,21,quantile,0.99,340.0
2026-01-31,wk inc flu hosp,2,2026-02-14,22,quantile,0.01,37.0
2026-01-31,wk inc flu hosp,2,2026-02-14,22,quantile,0.025,53.0
2026-01-31,wk inc flu hosp,2,2026-02-14,22,quantile,0.05,69.0
2026-01-31,wk inc flu hosp,2,2026-02-14,22,quantile,0.1,92.0
2026-01-31,wk inc flu hosp,2,2026-02-14,22,quantile,0.15,111.0
2026-01-31,wk inc flu hosp,2,2026-02-14,22,quantile,0.2,129.0
2026-01-31,wk inc flu hosp,2,2026-02-14,22,quantile,0.25,140.0
2026-01-31,wk inc flu hosp,2,2026-02-14,22,quantile,0.3,145.0
2026-01-31,wk inc flu hosp,2,2026-02-14,22,quantile,0.35,151.0
2026-01-31,wk inc flu hosp,2,2026-02-14,22,quantile,0.4,157.0
2026-01-31,wk inc flu hosp,2,2026-02-14,22,quantile,0.45,162.0
2026-01-31,wk inc flu hosp,2,2026-02-14,22,quantile,0.5,167.0
2026-01-31,wk inc flu hosp,2,2026-02-14,22,quantile,0.55,172.0
2026-01-31,wk inc flu hosp,2,2026-02-14,22,quantile,0.6,178.0
2026-01-31,wk inc flu hosp,2,2026-02-14,22,quantile,0.65,189.0
2026-01-31,wk inc flu hosp,2,2026-02-14,22,quantile,0.7,202.0
2026-01-31,wk inc flu hosp,2,2026-02-14,22,quantile,0.75,220.0
2026-01-31,wk inc flu hosp,2,2026-02-14,22,quantile,0.8,233.0
2026-01-31,wk inc flu hosp,2,2026-02-14,22,quantile,0.85,270.0
2026-01-31,wk inc flu hosp,2,2026-02-14,22,quantile,0.9,300.0
2026-01-31,wk inc flu hosp,2,2026-02-14,22,quantile,0.95,329.0
2026-01-31,wk inc flu hosp,2,2026-02-14,22,quantile,0.975,348.0
2026-01-31,wk inc flu hosp,2,2026-02-14,22,quantile,0.99,369.0
2026-01-31,wk inc flu hosp,2,2026-02-14,23,quantile,0.01,0.0
2026-01-31,wk inc flu hosp,2,2026-02-14,23,quantile,0.025,2.0
2026-01-31,wk inc flu hosp,2,2026-02-14,23,quantile,0.05,8.0
2026-01-31,wk inc flu hosp,2,2026-02-14,23,quantile,0.1,19.0
2026-01-31,wk inc flu hosp,2,2026-02-14,23,quantile,0.15,26.0
2026-01-31,wk inc flu hosp,2,2026-02-14,23,quantile,0.2,33.0
2026-01-31,wk inc flu hosp,2,2026-02-14,23,quantile,0.25,38.0
2026-01-31,wk inc flu hosp,2,2026-02-14,23,quantile,0.3,42.0
2026-01-31,wk inc flu hosp,2,2026-02-14,23,quantile,0.35,46.0
2026-01-31,wk inc flu hosp,2,2026-02-14,23,quantile,0.4,48.0
2026-01-31,wk inc flu hosp,2,2026-02-14,23,quantile,0.45,49.0
2026-01-31,wk inc flu hosp,2,2026-02-14,23,quantile,0.5,51.0
2026-01-31,wk inc flu hosp,2,2026-02-14,23,quantile,0.55,53.0
2026-01-31,wk inc flu hosp,2,2026-02-14,23,quantile,0.6,55.0
2026-01-31,wk inc flu hosp,2,2026-02-14,23,quantile,0.65,57.0
2026-01-31,wk inc flu hosp,2,2026-02-14,23,quantile,0.7,58.0
2026-01-31,wk inc flu hosp,2,2026-02-14,23,quantile,0.75,60.0
2026-01-31,wk inc flu hosp,2,2026-02-14,23,quantile,0.8,62.0
2026-01-31,wk inc flu hosp,2,2026-02-14,23,quantile,0.85,65.0
2026-01-31,wk inc flu hosp,2,2026-02-14,23,quantile,0.9,69.0
2026-01-31,wk inc flu hosp,2,2026-02-14,23,quantile,0.95,77.0
2026-01-31,wk inc flu hosp,2,2026-02-14,23,quantile,0.975,83.0
2026-01-31,wk inc flu hosp,2,2026-02-14,23,quantile,0.99,88.0
2026-01-31,wk inc flu hosp,2,2026-02-14,24,quantile,0.01,0.0
2026-01-31,wk inc flu hosp,2,2026-02-14,24,quantile,0.025,0.0
2026-01-31,wk inc flu hosp,2,2026-02-14,24,quantile,0.05,0.0
2026-01-31,wk inc flu hosp,2,2026-02-14,24,quantile,0.1,11.0
2026-01-31,wk inc flu hosp,2,2026-02-14,24,quantile,0.15,29.0
2026-01-31,wk inc flu hosp,2,2026-02-14,24,quantile,0.2,39.0
2026-01-31,wk inc flu hosp,2,2026-02-14,24,quantile,0.25,46.0
2026-01-31,wk inc flu hosp,2,2026-02-14,24,quantile,0.3,52.0
2026-01-31,wk inc flu hosp,2,2026-02-14,24,quantile,0.35,59.0
2026-01-31,wk inc flu hosp,2,2026-02-14,24,quantile,0.4,66.0
2026-01-31,wk inc flu hosp,2,2026-02-14,24,quantile,0.45,73.0
2026-01-31,wk inc flu hosp,2,2026-02-14,24,quantile,0.5,82.0
2026-01-31,wk inc flu hosp,2,2026-02-14,24,quantile,0.55,90.0
2026-01-31,wk inc flu hosp,2,2026-02-14,24,quantile,0.6,97.0
2026-01-31,wk inc flu hosp,2,2026-02-14,24,quantile,0.65,109.0
2026-01-31,wk inc flu hosp,2,2026-02-14,24,quantile,0.7,120.0
2026-01-31,wk inc flu hosp,2,2026-02-14,24,quantile,0.75,136.0
2026-01-31,wk inc flu hosp,2,2026-02-14,24,quantile,0.8,156.0
2026-01-31,wk inc flu hosp,2,2026-02-14,24,quantile,0.85,191.0
2026-01-31,wk inc flu hosp,2,2026-02-14,24,quantile,0.9,249.0
2026-01-31,wk inc flu hosp,2,2026-02-14,24,quantile,0.95,283.0
2026-01-31,wk inc flu hosp,2,2026-02-14,24,quantile,0.975,308.0
2026-01-31,wk inc flu hosp,2,2026-02-14,24,quantile,0.99,361.0
2026-01-31,wk inc flu hosp,2,2026-02-14,25,quantile,0.01,11.0
2026-01-31,wk inc flu hosp,2,2026-02-14,25,quantile,0.025,13.0
2026-01-31,wk inc flu hosp,2,2026-02-14,25,quantile,0.05,30.0
2026-01-31,wk inc flu hosp,2,2026-02-14,25,quantile,0.1,48.0
2026-01-31,wk inc flu hosp,2,2026-02-14,25,quantile,0.15,59.0
2026-01-31,wk inc flu hosp,2,2026-02-14,25,quantile,0.2,64.0
2026-01-31,wk inc flu hosp,2,2026-02-14,25,quantile,0.25,68.0
2026-01-31,wk inc flu hosp,2,2026-02-14,25,quantile,0.3,72.0
2026-01-31,wk inc flu hosp,2,2026-02-14,25,quantile,0.35,76.0
2026-01-31,wk inc flu hosp,2,2026-02-14,25,quantile,0.4,81.0
2026-01-31,wk inc flu hosp,2,2026-02-14,25,quantile,0.45,85.0
2026-01-31,wk inc flu hosp,2,2026-02-14,25,quantile,0.5,90.0
2026-01-31,wk inc flu hosp,2,2026-02-14,25,quantile,0.55,94.0
2026-01-31,wk inc flu hosp,2,2026-02-14,25,quantile,0.6,97.0
2026-01-31,wk inc flu hosp,2,2026-02-14,25,quantile,0.65,102.0
2026-01-31,wk inc flu hosp,2,2026-02-14,25,quantile,0.7,106.0
2026-01-31,wk inc flu hosp,2,2026-02-14,25,quantile,0.75,111.0
2026-01-31,wk inc flu hosp,2,2026-02-14,25,quantile,0.8,115.0
2026-01-31,wk inc flu hosp,2,2026-02-14,25,quantile,0.85,122.0
2026-01-31,wk inc flu hosp,2,2026-02-14,25,quantile,0.9,130.0
2026-01-31,wk inc flu hosp,2,2026-02-14,25,quantile,0.95,140.0
2026-01-31,wk inc flu hosp,2,2026-02-14,25,quantile,0.975,150.0
2026-01-31,wk inc flu hosp,2,2026-02-14,25,quantile,0.99,166.0
2026-01-31,wk inc flu hosp,2,2026-02-14,26,quantile,0.01,32.0
2026-01-31,wk inc flu hosp,2,2026-02-14,26,quantile,0.025,73.0
2026-01-31,wk inc flu hosp,2,2026-02-14,26,quantile,0.05,103.0
2026-01-31,wk inc flu hosp,2,2026-02-14,26,quantile,0.1,150.0
2026-01-31,wk inc flu hosp,2,2026-02-14,26,quantile,0.15,184.0
2026-01-31,wk inc flu hosp,2,2026-02-14,26,quantile,0.2,209.0
2026-01-31,wk inc flu hosp,2,2026-02-14,26,quantile,0.25,229.0
2026-01-31,wk inc flu hosp,2,2026-02-14,26,quantile,0.3,248.0
2026-01-31,wk inc flu hosp,2,2026-02-14,26,quantile,0.35,256.0
2026-01-31,wk inc flu hosp,2,2026-02-14,26,quantile,0.4,266.0
2026-01-31,wk inc flu hosp,2,2026-02-14,26,quantile,0.45,275.0
2026-01-31,wk inc flu hosp,2,2026-02-14,26,quantile,0.5,284.0
2026-01-31,wk inc flu hosp,2,2026-02-14,26,quantile,0.55,291.0
2026-01-31,wk inc flu hosp,2,2026-02-14,26,quantile,0.6,298.0
2026-01-31,wk inc flu hosp,2,2026-02-14,26,quantile,0.65,306.0
2026-01-31,wk inc flu hosp,2,2026-02-14,26,quantile,0.7,312.0
2026-01-31,wk inc flu hosp,2,2026-02-14,26,quantile,0.75,322.0
2026-01-31,wk inc flu hosp,2,2026-02-14,26,quantile,0.8,330.0
2026-01-31,wk inc flu hosp,2,2026-02-14,26,quantile,0.85,340.0
2026-01-31,wk inc flu hosp,2,2026-02-14,26,quantile,0.9,354.0
2026-01-31,wk inc flu hosp,2,2026-02-14,26,quantile,0.95,377.0
2026-01-31,wk inc flu hosp,2,2026-02-14,26,quantile,0.975,398.0
2026-01-31,wk inc flu hosp,2,2026-02-14,26,quantile,0.99,478.0
2026-01-31,wk inc flu hosp,2,2026-02-14,27,quantile,0.01,16.0
2026-01-31,wk inc flu hosp,2,2026-02-14,27,quantile,0.025,26.0
2026-01-31,wk inc flu hosp,2,2026-02-14,27,quantile,0.05,46.0
2026-01-31,wk inc flu hosp,2,2026-02-14,27,quantile,0.1,82.0
2026-01-31,wk inc flu hosp,2,2026-02-14,27,quantile,0.15,109.0
2026-01-31,wk inc flu hosp,2,2026-02-14,27,quantile,0.2,131.0
2026-01-31,wk inc flu hosp,2,2026-02-14,27,quantile,0.25,148.0
2026-01-31,wk inc flu hosp,2,2026-02-14,27,quantile,0.3,161.0
2026-01-31,wk inc flu hosp,2,2026-02-14,27,quantile,0.35,173.0
2026-01-31,wk inc flu hosp,2,2026-02-14,27,quantile,0.4,185.0
2026-01-31,wk inc flu hosp,2,2026-02-14,27,quantile,0.45,196.0
2026-01-31,wk inc flu hosp,2,2026-02-14,27,quantile,0.5,207.0
2026-01-31,wk inc flu hosp,2,2026-02-14,27,quantile,0.55,218.0
2026-01-31,wk inc flu hosp,2,2026-02-14,27,quantile,0.6,226.0
2026-01-31,wk inc flu hosp,2,2026-02-14,27,quantile,0.65,237.0
2026-01-31,wk inc flu hosp,2,2026-02-14,27,quantile,0.7,246.0
2026-01-31,wk inc flu hosp,2,2026-02-14,27,quantile,0.75,259.0
2026-01-31,wk inc flu hosp,2,2026-02-14,27,quantile,0.8,270.0
2026-01-31,wk inc flu hosp,2,2026-02-14,27,quantile,0.85,283.0
2026-01-31,wk inc flu hosp,2,2026-02-14,27,quantile,0.9,302.0
2026-01-31,wk inc flu hosp,2,2026-02-14,27,quantile,0.95,335.0
2026-01-31,wk inc flu hosp,2,2026-02-14,27,quantile,0.975,359.0
2026-01-31,wk inc flu hosp,2,2026-02-14,27,quantile,0.99,427.0
2026-01-31,wk inc flu hosp,2,2026-02-14,28,quantile,0.01,0.0
2026-01-31,wk inc flu hosp,2,2026-02-14,28,quantile,0.025,0.0
2026-01-31,wk inc flu hosp,2,2026-02-14,28,quantile,0.05,4.0
2026-01-31,wk inc flu hosp,2,2026-02-14,28,quantile,0.1,19.0
2026-01-31,wk inc flu hosp,2,2026-02-14,28,quantile,0.15,33.0
2026-01-31,wk inc flu hosp,2,2026-02-14,28,quantile,0.2,40.0
2026-01-31,wk inc flu hosp,2,2026-02-14,28,quantile,0.25,45.0
2026-01-31,wk inc flu hosp,2,2026-02-14,28,quantile,0.3,50.0
2026-01-31,wk inc flu hosp,2,2026-02-14,28,quantile,0.35,56.0
2026-01-31,wk inc flu hosp,2,2026-02-14,28,quantile,0.4,61.0
2026-01-31,wk inc flu hosp,2,2026-02-14,28,quantile,0.45,67.0
2026-01-31,wk inc flu hosp,2,2026-02-14,28,quantile,0.5,73.0
2026-01-31,wk inc flu hosp,2,2026-02-14,28,quantile,0.55,79.0
2026-01-31,wk inc flu hosp,2,2026-02-14,28,quantile,0.6,85.0
2026-01-31,wk inc flu hosp,2,2026-02-14,28,quantile,0.65,92.0
2026-01-31,wk inc flu hosp,2,2026-02-14,28,quantile,0.7,98.0
2026-01-31,wk inc flu hosp,2,2026-02-14,28,quantile,0.75,105.0
2026-01-31,wk inc flu hosp,2,2026-02-14,28,quantile,0.8,114.0
2026-01-31,wk inc flu hosp,2,2026-02-14,28,quantile,0.85,126.0
2026-01-31,wk inc flu hosp,2,2026-02-14,28,quantile,0.9,142.0
2026-01-31,wk inc flu hosp,2,2026-02-14,28,quantile,0.95,167.0
2026-01-31,wk inc flu hosp,2,2026-02-14,28,quantile,0.975,191.0
2026-01-31,wk inc flu hosp,2,2026-02-14,28,quantile,0.99,210.0
2026-01-31,wk inc flu hosp,2,2026-02-14,30,quantile,0.01,0.0
2026-01-31,wk inc flu hosp,2,2026-02-14,30,quantile,0.025,0.0
2026-01-31,wk inc flu hosp,2,2026-02-14,30,quantile,0.05,0.0
2026-01-31,wk inc flu hosp,2,2026-02-14,30,quantile,0.1,0.0
2026-01-31,wk inc flu hosp,2,2026-02-14,30,quantile,0.15,0.0
2026-01-31,wk inc flu hosp,2,2026-02-14,30,quantile,0.2,0.0
2026-01-31,wk inc flu hosp,2,2026-02-14,30,quantile,0.25,5.0
2026-01-31,wk inc flu hosp,2,2026-02-14,30,quantile,0.3,5.0
2026-01-31,wk inc flu hosp,2,2026-02-14,30,quantile,0.35,10.0
2026-01-31,wk inc flu hosp,2,2026-02-14,30,quantile,0.4,30.0
2026-01-31,wk inc flu hosp,2,2026-02-14,30,quantile,0.45,49.0
2026-01-31,wk inc flu hosp,2,2026-02-14,30,quantile,0.5,68.0
2026-01-31,wk inc flu hosp,2,2026-02-14,30,quantile,0.55,87.0
2026-01-31,wk inc flu hosp,2,2026-02-14,30,quantile,0.6,100.0
2026-01-31,wk inc flu hosp,2,2026-02-14,30,quantile,0.65,123.0
2026-01-31,wk inc flu hosp,2,2026-02-14,30,quantile,0.7,136.0
2026-01-31,wk inc flu hosp,2,2026-02-14,30,quantile,0.75,159.0
2026-01-31,wk inc flu hosp,2,2026-02-14,30,quantile,0.8,176.0
2026-01-31,wk inc flu hosp,2,2026-02-14,30,quantile,0.85,198.0
2026-01-31,wk inc flu hosp,2,2026-02-14,30,quantile,0.9,228.0
2026-01-31,wk inc flu hosp,2,2026-02-14,30,quantile,0.95,285.0
2026-01-31,wk inc flu hosp,2,2026-02-14,30,quantile,0.975,328.0
2026-01-31,wk inc flu hosp,2,2026-02-14,30,quantile,0.99,356.0
2026-01-31,wk inc flu hosp,2,2026-02-14,31,quantile,0.01,0.0
2026-01-31,wk inc flu hosp,2,2026-02-14,31,quantile,0.025,0.0
2026-01-31,wk inc flu hosp,2,2026-02-14,31,quantile,0.05,0.0
2026-01-31,wk inc flu hosp,2,2026-02-14,31,quantile,0.1,0.0
2026-01-31,wk inc flu hosp,2,2026-02-14,31,quantile,0.15,0.0
2026-01-31,wk inc flu hosp,2,2026-02-14,31,quantile,0.2,24.0
2026-01-31,wk inc flu hosp,2,2026-02-14,31,quantile,0.25,47.0
2026-01-31,wk inc flu hosp,2,2026-02-14,31,quantile,0.3,48.0
2026-01-31,wk inc flu hosp,2,2026-02-14,31,quantile,0.35,49.0
2026-01-31,wk inc flu hosp,2,2026-02-14,31,quantile,0.4,50.0
2026-01-31,wk inc flu hosp,2,2026-02-14,31,quantile,0.45,56.0
2026-01-31,wk inc flu hosp,2,2026-02-14,31,quantile,0.5,75.0
2026-01-31,wk inc flu hosp,2,2026-02-14,31,quantile,0.55,92.0
2026-01-31,wk inc flu hosp,2,2026-02-14,31,quantile,0.6,105.0
2026-01-31,wk inc flu hosp,2,2026-02-14,31,quantile,0.65,127.0
2026-01-31,wk inc flu hosp,2,2026-02-14,31,quantile,0.7,141.0
2026-01-31,wk inc flu hosp,2,2026-02-14,31,quantile,0.75,162.0
2026-01-31,wk inc flu hosp,2,2026-02-14,31,quantile,0.8,178.0
2026-01-31,wk inc flu hosp,2,2026-02-14,31,quantile,0.85,201.0
2026-01-31,wk inc flu hosp,2,2026-02-14,31,quantile,0.9,233.0
2026-01-31,wk inc flu hosp,2,2026-02-14,31,quantile,0.95,284.0
2026-01-31,wk inc flu hosp,2,2026-02-14,31,quantile,0.975,328.0
2026-01-31,wk inc flu hosp,2,2026-02-14,31,quantile,0.99,364.0
2026-01-31,wk inc flu hosp,2,2026-02-14,32,quantile,0.01,3.0
2026-01-31,wk inc flu hosp,2,2026-02-14,32,quantile,0.025,7.0
2026-01-31,wk inc flu hosp,2,2026-02-14,32,quantile,0.05,12.0
2026-01-31,wk inc flu hosp,2,2026-02-14,32,quantile,0.1,23.0
2026-01-31,wk inc flu hosp,2,2026-02-14,32,quantile,0.15,32.0
2026-01-31,wk inc flu hosp,2,2026-02-14,32,quantile,0.2,39.0
2026-01-31,wk inc flu hosp,2,2026-02-14,32,quantile,0.25,44.0
2026-01-31,wk inc flu hosp,2,2026-02-14,32,quantile,0.3,48.0
2026-01-31,wk inc flu hosp,2,2026-02-14,32,quantile,0.35,52.0
2026-01-31,wk inc flu hosp,2,2026-02-14,32,quantile,0.4,55.0
2026-01-31,wk inc flu hosp,2,2026-02-14,32,quantile,0.45,57.0
2026-01-31,wk inc flu hosp,2,2026-02-14,32,quantile,0.5,59.0
2026-01-31,wk inc flu hosp,2,2026-02-14,32,quantile,0.55,62.0
2026-01-31,wk inc flu hosp,2,2026-02-14,32,quantile,0.6,64.0
2026-01-31,wk inc flu hosp,2,2026-02-14,32,quantile,0.65,67.0
2026-01-31,wk inc flu hosp,2,2026-02-14,32,quantile,0.7,69.0
2026-01-31,wk inc flu hosp,2,2026-02-14,32,quantile,0.75,72.0
2026-01-31,wk inc flu hosp,2,2026-02-14,32,quantile,0.8,75.0
2026-01-31,wk inc flu hosp,2,2026-02-14,32,quantile,0.85,78.0
2026-01-31,wk inc flu hosp,2,2026-02-14,32,quantile,0.9,82.0
2026-01-31,wk inc flu hosp,2,2026-02-14,32,quantile,0.95,88.0
2026-01-31,wk inc flu hosp,2,2026-02-14,32,quantile,0.975,93.0
2026-01-31,wk inc flu hosp,2,2026-02-14,32,quantile,0.99,97.0
2026-01-31,wk inc flu hosp,2,2026-02-14,33,quantile,0.01,0.0
2026-01-31,wk inc flu hosp,2,2026-02-14,33,quantile,0.025,0.0
2026-01-31,wk inc flu hosp,2,2026-02-14,33,quantile,0.05,5.0
2026-01-31,wk inc flu hosp,2,2026-02-14,33,quantile,0.1,10.0
2026-01-31,wk inc flu hosp,2,2026-02-14,33,quantile,0.15,17.0
2026-01-31,wk inc flu hosp,2,2026-02-14,33,quantile,0.2,25.0
2026-01-31,wk inc flu hosp,2,2026-02-14,33,quantile,0.25,34.0
2026-01-31,wk inc flu hosp,2,2026-02-14,33,quantile,0.3,41.0
2026-01-31,wk inc flu hosp,2,2026-02-14,33,quantile,0.35,45.0
2026-01-31,wk inc flu hosp,2,2026-02-14,33,quantile,0.4,48.0
2026-01-31,wk inc flu hosp,2,2026-02-14,33,quantile,0.45,50.0
2026-01-31,wk inc flu hosp,2,2026-02-14,33,quantile,0.5,52.0
2026-01-31,wk inc flu hosp,2,2026-02-14,33,quantile,0.55,54.0
2026-01-31,wk inc flu hosp,2,2026-02-14,33,quantile,0.6,56.0
2026-01-31,wk inc flu hosp,2,2026-02-14,33,quantile,0.65,58.0
2026-01-31,wk inc flu hosp,2,2026-02-14,33,quantile,0.7,59.0
2026-01-31,wk inc flu hosp,2,2026-02-14,33,quantile,0.75,62.0
2026-01-31,wk inc flu hosp,2,2026-02-14,33,quantile,0.8,63.0
2026-01-31,wk inc flu hosp,2,2026-02-14,33,quantile,0.85,66.0
2026-01-31,wk inc flu hosp,2,2026-02-14,33,quantile,0.9,69.0
2026-01-31,wk inc flu hosp,2,2026-02-14,33,quantile,0.95,74.0
2026-01-31,wk inc flu hosp,2,2026-02-14,33,quantile,0.975,81.0
2026-01-31,wk inc flu hosp,2,2026-02-14,33,quantile,0.99,87.0
2026-01-31,wk inc flu hosp,2,2026-02-14,34,quantile,0.01,0.0
2026-01-31,wk inc flu hosp,2,2026-02-14,34,quantile,0.025,0.0
2026-01-31,wk inc flu hosp,2,2026-02-14,34,quantile,0.05,22.0
2026-01-31,wk inc flu hosp,2,2026-02-14,34,quantile,0.1,42.0
2026-01-31,wk inc flu hosp,2,2026-02-14,34,quantile,0.15,49.0
2026-01-31,wk inc flu hosp,2,2026-02-14,34,quantile,0.2,59.0
2026-01-31,wk inc flu hosp,2,2026-02-14,34,quantile,0.25,68.0
2026-01-31,wk inc flu hosp,2,2026-02-14,34,quantile,0.3,76.0
2026-01-31,wk inc flu hosp,2,2026-02-14,34,quantile,0.35,86.0
2026-01-31,wk inc flu hosp,2,2026-02-14,34,quantile,0.4,96.0
2026-01-31,wk inc flu hosp,2,2026-02-14,34,quantile,0.45,107.0
2026-01-31,wk inc flu hosp,2,2026-02-14,34,quantile,0.5,118.0
2026-01-31,wk inc flu hosp,2,2026-02-14,34,quantile,0.55,130.0
2026-01-31,wk inc flu hosp,2,2026-02-14,34,quantile,0.6,141.0
2026-01-31,wk inc flu hosp,2,2026-02-14,34,quantile,0.65,159.0
2026-01-31,wk inc flu hosp,2,2026-02-14,34,quantile,0.7,165.0
2026-01-31,wk inc flu hosp,2,2026-02-14,34,quantile,0.75,174.0
2026-01-31,wk inc flu hosp,2,2026-02-14,34,quantile,0.8,180.0
2026-01-31,wk inc flu hosp,2,2026-02-14,34,quantile,0.85,189.0
2026-01-31,wk inc flu hosp,2,2026-02-14,34,quantile,0.9,202.0
2026-01-31,wk inc flu hosp,2,2026-02-14,34,quantile,0.95,243.0
2026-01-31,wk inc flu hosp,2,2026-02-14,34,quantile,0.975,315.0
2026-01-31,wk inc flu hosp,2,2026-02-14,34,quantile,0.99,366.0
2026-01-31,wk inc flu hosp,2,2026-02-14,35,quantile,0.01,4.0
2026-01-31,wk inc flu hosp,2,2026-02-14,35,quantile,0.025,6.0
2026-01-31,wk inc flu hosp,2,2026-02-14,35,quantile,0.05,8.0
2026-01-31,wk inc flu hosp,2,2026-02-14,35,quantile,0.1,16.0
2026-01-31,wk inc flu hosp,2,2026-02-14,35,quantile,0.15,22.0
2026-01-31,wk inc flu hosp,2,2026-02-14,35,quantile,0.2,26.0
2026-01-31,wk inc flu hosp,2,2026-02-14,35,quantile,0.25,28.0
2026-01-31,wk inc flu hosp,2,2026-02-14,35,quantile,0.3,29.0
2026-01-31,wk inc flu hosp,2,2026-02-14,35,quantile,0.35,31.0
2026-01-31,wk inc flu hosp,2,2026-02-14,35,quantile,0.4,33.0
2026-01-31,wk inc flu hosp,2,2026-02-14,35,quantile,0.45,34.0
2026-01-31,wk inc flu hosp,2,2026-02-14,35,quantile,0.5,36.0
2026-01-31,wk inc flu hosp,2,2026-02-14,35,quantile,0.55,38.0
2026-01-31,wk inc flu hosp,2,2026-02-14,35,quantile,0.6,39.0
2026-01-31,wk inc flu hosp,2,2026-02-14,35,quantile,0.65,41.0
2026-01-31,wk inc flu hosp,2,2026-02-14,35,quantile,0.7,42.0
2026-01-31,wk inc flu hosp,2,2026-02-14,35,quantile,0.75,44.0
2026-01-31,wk inc flu hosp,2,2026-02-14,35,quantile,0.8,46.0
2026-01-31,wk inc flu hosp,2,2026-02-14,35,quantile,0.85,48.0
2026-01-31,wk inc flu hosp,2,2026-02-14,35,quantile,0.9,51.0
2026-01-31,wk inc flu hosp,2,2026-02-14,35,quantile,0.95,56.0
2026-01-31,wk inc flu hosp,2,2026-02-14,35,quantile,0.975,61.0
2026-01-31,wk inc flu hosp,2,2026-02-14,35,quantile,0.99,64.0
2026-01-31,wk inc flu hosp,2,2026-02-14,36,quantile,0.01,0.0
2026-01-31,wk inc flu hosp,2,2026-02-14,36,quantile,0.025,3.0
2026-01-31,wk inc flu hosp,2,2026-02-14,36,quantile,0.05,12.0
2026-01-31,wk inc flu hosp,2,2026-02-14,36,quantile,0.1,15.0
2026-01-31,wk inc flu hosp,2,2026-02-14,36,quantile,0.15,17.0
2026-01-31,wk inc flu hosp,2,2026-02-14,36,quantile,0.2,19.0
2026-01-31,wk inc flu hosp,2,2026-02-14,36,quantile,0.25,20.0
2026-01-31,wk inc flu hosp,2,2026-02-14,36,quantile,0.3,22.0
2026-01-31,wk inc flu hosp,2,2026-02-14,36,quantile,0.35,23.0
2026-01-31,wk inc flu hosp,2,2026-02-14,36,quantile,0.4,24.0
2026-01-31,wk inc flu hosp,2,2026-02-14,36,quantile,0.45,25.0
2026-01-31,wk inc flu hosp,2,2026-02-14,36,quantile,0.5,25.0
2026-01-31,wk inc flu hosp,2,2026-02-14,36,quantile,0.55,26.0
2026-01-31,wk inc flu hosp,2,2026-02-14,36,quantile,0.6,27.0
2026-01-31,wk inc flu hosp,2,2026-02-14,36,quantile,0.65,28.0
2026-01-31,wk inc flu hosp,2,2026-02-14,36,quantile,0.7,30.0
2026-01-31,wk inc flu hosp,2,2026-02-14,36,quantile,0.75,32.0
2026-01-31,wk inc flu hosp,2,2026-02-14,36,quantile,0.8,34.0
2026-01-31,wk inc flu hosp,2,2026-02-14,36,quantile,0.85,37.0
2026-01-31,wk inc flu hosp,2,2026-02-14,36,quantile,0.9,42.0
2026-01-31,wk inc flu hosp,2,2026-02-14,36,quantile,0.95,48.0
2026-01-31,wk inc flu hosp,2,2026-02-14,36,quantile,0.975,58.0
2026-01-31,wk inc flu hosp,2,2026-02-14,36,quantile,0.99,85.0
2026-01-31,wk inc flu hosp,2,2026-02-14,37,quantile,0.01,0.0
2026-01-31,wk inc flu hosp,2,2026-02-14,37,quantile,0.025,0.0
2026-01-31,wk inc flu hosp,2,2026-02-14,37,quantile,0.05,16.0
2026-01-31,wk inc flu hosp,2,2026-02-14,37,quantile,0.1,102.0
2026-01-31,wk inc flu hosp,2,2026-02-14,37,quantile,0.15,165.0
2026-01-31,wk inc flu hosp,2,2026-02-14,37,quantile,0.2,224.0
2026-01-31,wk inc flu hosp,2,2026-02-14,37,quantile,0.25,263.0
2026-01-31,wk inc flu hosp,2,2026-02-14,37,quantile,0.3,277.0
2026-01-31,wk inc flu hosp,2,2026-02-14,37,quantile,0.35,293.0
2026-01-31,wk inc flu hosp,2,2026-02-14,37,quantile,0.4,308.0
2026-01-31,wk inc flu hosp,2,2026-02-14,37,quantile,0.45,326.0
2026-01-31,wk inc flu hosp,2,2026-02-14,37,quantile,0.5,341.0
2026-01-31,wk inc flu hosp,2,2026-02-14,37,quantile,0.55,356.0
2026-01-31,wk inc flu hosp,2,2026-02-14,37,quantile,0.6,368.0
2026-01-31,wk inc flu hosp,2,2026-02-14,37,quantile,0.65,386.0
2026-01-31,wk inc flu hosp,2,2026-02-14,37,quantile,0.7,398.0
2026-01-31,wk inc flu hosp,2,2026-02-14,37,quantile,0.75,415.0
2026-01-31,wk inc flu hosp,2,2026-02-14,37,quantile,0.8,429.0
2026-01-31,wk inc flu hosp,2,2026-02-14,37,quantile,0.85,452.0
2026-01-31,wk inc flu hosp,2,2026-02-14,37,quantile,0.9,480.0
2026-01-31,wk inc flu hosp,2,2026-02-14,37,quantile,0.95,524.0
2026-01-31,wk inc flu hosp,2,2026-02-14,37,quantile,0.975,564.0
2026-01-31,wk inc flu hosp,2,2026-02-14,37,quantile,0.99,628.0
2026-01-31,wk inc flu hosp,2,2026-02-14,38,quantile,0.01,1.0
2026-01-31,wk inc flu hosp,2,2026-02-14,38,quantile,0.025,2.0
2026-01-31,wk inc flu hosp,2,2026-02-14,38,quantile,0.05,4.0
2026-01-31,wk inc flu hosp,2,2026-02-14,38,quantile,0.1,5.0
2026-01-31,wk inc flu hosp,2,2026-02-14,38,quantile,0.15,6.0
2026-01-31,wk inc flu hosp,2,2026-02-14,38,quantile,0.2,9.0
2026-01-31,wk inc flu hosp,2,2026-02-14,38,quantile,0.25,11.0
2026-01-31,wk inc flu hosp,2,2026-02-14,38,quantile,0.3,13.0
2026-01-31,wk inc flu hosp,2,2026-02-14,38,quantile,0.35,15.0
2026-01-31,wk inc flu hosp,2,2026-02-14,38,quantile,0.4,16.0
2026-01-31,wk inc flu hosp,2,2026-02-14,38,quantile,0.45,17.0
2026-01-31,wk inc flu hosp,2,2026-02-14,38,quantile,0.5,18.0
2026-01-31,wk inc flu hosp,2,2026-02-14,38,quantile,0.55,19.0
2026-01-31,wk inc flu hosp,2,2026-02-14,38,quantile,0.6,20.0
2026-01-31,wk inc flu hosp,2,2026-02-14,38,quantile,0.65,21.0
2026-01-31,wk inc flu hosp,2,2026-02-14,38,quantile,0.7,22.0
2026-01-31,wk inc flu hosp,2,2026-02-14,38,quantile,0.75,23.0
2026-01-31,wk inc flu hosp,2,2026-02-14,38,quantile,0.8,24.0
2026-01-31,wk inc flu hosp,2,2026-02-14,38,quantile,0.85,26.0
2026-01-31,wk inc flu hosp,2,2026-02-14,38,quantile,0.9,28.0
2026-01-31,wk inc flu hosp,2,2026-02-14,38,quantile,0.95,32.0
2026-01-31,wk inc flu hosp,2,2026-02-14,38,quantile,0.975,36.0
2026-01-31,wk inc flu hosp,2,2026-02-14,38,quantile,0.99,39.0
2026-01-31,wk inc flu hosp,2,2026-02-14,39,quantile,0.01,53.0
2026-01-31,wk inc flu hosp,2,2026-02-14,39,quantile,0.025,72.0
2026-01-31,wk inc flu hosp,2,2026-02-14,39,quantile,0.05,117.0
2026-01-31,wk inc flu hosp,2,2026-02-14,39,quantile,0.1,187.0
2026-01-31,wk inc flu hosp,2,2026-02-14,39,quantile,0.15,245.0
2026-01-31,wk inc flu hosp,2,2026-02-14,39,quantile,0.2,302.0
2026-01-31,wk inc flu hosp,2,2026-02-14,39,quantile,0.25,344.0
2026-01-31,wk inc flu hosp,2,2026-02-14,39,quantile,0.3,366.0
2026-01-31,wk inc flu hosp,2,2026-02-14,39,quantile,0.35,388.0
2026-01-31,wk inc flu hosp,2,2026-02-14,39,quantile,0.4,405.0
2026-01-31,wk inc flu hosp,2,2026-02-14,39,quantile,0.45,423.0
2026-01-31,wk inc flu hosp,2,2026-02-14,39,quantile,0.5,443.0
2026-01-31,wk inc flu hosp,2,2026-02-14,39,quantile,0.55,457.0
2026-01-31,wk inc flu hosp,2,2026-02-14,39,quantile,0.6,466.0
2026-01-31,wk inc flu hosp,2,2026-02-14,39,quantile,0.65,478.0
2026-01-31,wk inc flu hosp,2,2026-02-14,39,quantile,0.7,487.0
2026-01-31,wk inc flu hosp,2,2026-02-14,39,quantile,0.75,498.0
2026-01-31,wk inc flu hosp,2,2026-02-14,39,quantile,0.8,507.0
2026-01-31,wk inc flu hosp,2,2026-02-14,39,quantile,0.85,518.0
2026-01-31,wk inc flu hosp,2,2026-02-14,39,quantile,0.9,532.0
2026-01-31,wk inc flu hosp,2,2026-02-14,39,quantile,0.95,588.0
2026-01-31,wk inc flu hosp,2,2026-02-14,39,quantile,0.975,736.0
2026-01-31,wk inc flu hosp,2,2026-02-14,39,quantile,0.99,889.0
2026-01-31,wk inc flu hosp,2,2026-02-14,40,quantile,0.01,0.0
2026-01-31,wk inc flu hosp,2,2026-02-14,40,quantile,0.025,7.0
2026-01-31,wk inc flu hosp,2,2026-02-14,40,quantile,0.05,17.0
2026-01-31,wk inc flu hosp,2,2026-02-14,40,quantile,0.1,56.0
2026-01-31,wk inc flu hosp,2,2026-02-14,40,quantile,0.15,76.0
2026-01-31,wk inc flu hosp,2,2026-02-14,40,quantile,0.2,82.0
2026-01-31,wk inc flu hosp,2,2026-02-14,40,quantile,0.25,86.0
2026-01-31,wk inc flu hosp,2,2026-02-14,40,quantile,0.3,92.0
2026-01-31,wk inc flu hosp,2,2026-02-14,40,quantile,0.35,98.0
2026-01-31,wk inc flu hosp,2,2026-02-14,40,quantile,0.4,105.0
2026-01-31,wk inc flu hosp,2,2026-02-14,40,quantile,0.45,112.0
2026-01-31,wk inc flu hosp,2,2026-02-14,40,quantile,0.5,117.0
2026-01-31,wk inc flu hosp,2,2026-02-14,40,quantile,0.55,123.0
2026-01-31,wk inc flu hosp,2,2026-02-14,40,quantile,0.6,130.0
2026-01-31,wk inc flu hosp,2,2026-02-14,40,quantile,0.65,139.0
2026-01-31,wk inc flu hosp,2,2026-02-14,40,quantile,0.7,147.0
2026-01-31,wk inc flu hosp,2,2026-02-14,40,quantile,0.75,153.0
2026-01-31,wk inc flu hosp,2,2026-02-14,40,quantile,0.8,157.0
2026-01-31,wk inc flu hosp,2,2026-02-14,40,quantile,0.85,162.0
2026-01-31,wk inc flu hosp,2,2026-02-14,40,quantile,0.9,169.0
2026-01-31,wk inc flu hosp,2,2026-02-14,40,quantile,0.95,181.0
2026-01-31,wk inc flu hosp,2,2026-02-14,40,quantile,0.975,192.0
2026-01-31,wk inc flu hosp,2,2026-02-14,40,quantile,0.99,200.0
2026-01-31,wk inc flu hosp,2,2026-02-14,41,quantile,0.01,42.0
2026-01-31,wk inc flu hosp,2,2026-02-14,41,quantile,0.025,56.0
2026-01-31,wk inc flu hosp,2,2026-02-14,41,quantile,0.05,67.0
2026-01-31,wk inc flu hosp,2,2026-02-14,41,quantile,0.1,85.0
2026-01-31,wk inc flu hosp,2,2026-02-14,41,quantile,0.15,100.0
2026-01-31,wk inc flu hosp,2,2026-02-14,41,quantile,0.2,110.0
2026-01-31,wk inc flu hosp,2,2026-02-14,41,quantile,0.25,117.0
2026-01-31,wk inc flu hosp,2,2026-02-14,41,quantile,0.3,124.0
2026-01-31,wk inc flu hosp,2,2026-02-14,41,quantile,0.35,130.0
2026-01-31,wk inc flu hosp,2,2026-02-14,41,quantile,0.4,136.0
2026-01-31,wk inc flu hosp,2,2026-02-14,41,quantile,0.45,141.0
2026-01-31,wk inc flu hosp,2,2026-02-14,41,quantile,0.5,146.0
2026-01-31,wk inc flu hosp,2,2026-02-14,41,quantile,0.55,151.0
2026-01-31,wk inc flu hosp,2,2026-02-14,41,quantile,0.6,157.0
2026-01-31,wk inc flu hosp,2,2026-02-14,41,quantile,0.65,163.0
2026-01-31,wk inc flu hosp,2,2026-02-14,41,quantile,0.7,171.0
2026-01-31,wk inc flu hosp,2,2026-02-14,41,quantile,0.75,180.0
2026-01-31,wk inc flu hosp,2,2026-02-14,41,quantile,0.8,188.0
2026-01-31,wk inc flu hosp,2,2026-02-14,41,quantile,0.85,196.0
2026-01-31,wk inc flu hosp,2,2026-02-14,41,quantile,0.9,208.0
2026-01-31,wk inc flu hosp,2,2026-02-14,41,quantile,0.95,227.0
2026-01-31,wk inc flu hosp,2,2026-02-14,41,quantile,0.975,240.0
2026-01-31,wk inc flu hosp,2,2026-02-14,41,quantile,0.99,253.0
2026-01-31,wk inc flu hosp,2,2026-02-14,42,quantile,0.01,0.0
2026-01-31,wk inc flu hosp,2,2026-02-14,42,quantile,0.025,0.0
2026-01-31,wk inc flu hosp,2,2026-02-14,42,quantile,0.05,0.0
2026-01-31,wk inc flu hosp,2,2026-02-14,42,quantile,0.1,50.0
2026-01-31,wk inc flu hosp,2,2026-02-14,42,quantile,0.15,76.0
2026-01-31,wk inc flu hosp,2,2026-02-14,42,quantile,0.2,98.0
2026-01-31,wk inc flu hosp,2,2026-02-14,42,quantile,0.25,117.0
2026-01-31,wk inc flu hosp,2,2026-02-14,42,quantile,0.3,134.0
2026-01-31,wk inc flu hosp,2,2026-02-14,42,quantile,0.35,161.0
2026-01-31,wk inc flu hosp,2,2026-02-14,42,quantile,0.4,190.0
2026-01-31,wk inc flu hosp,2,2026-02-14,42,quantile,0.45,224.0
2026-01-31,wk inc flu hosp,2,2026-02-14,42,quantile,0.5,262.0
2026-01-31,wk inc flu hosp,2,2026-02-14,42,quantile,0.55,308.0
2026-01-31,wk inc flu hosp,2,2026-02-14,42,quantile,0.6,365.0
2026-01-31,wk inc flu hosp,2,2026-02-14,42,quantile,0.65,454.0
2026-01-31,wk inc flu hosp,2,2026-02-14,42,quantile,0.7,474.0
2026-01-31,wk inc flu hosp,2,2026-02-14,42,quantile,0.75,496.0
2026-01-31,wk inc flu hosp,2,2026-02-14,42,quantile,0.8,518.0
2026-01-31,wk inc flu hosp,2,2026-02-14,42,quantile,0.85,552.0
2026-01-31,wk inc flu hosp,2,2026-02-14,42,quantile,0.9,595.0
2026-01-31,wk inc flu hosp,2,2026-02-14,42,quantile,0.95,669.0
2026-01-31,wk inc flu hosp,2,2026-02-14,42,quantile,0.975,839.0
2026-01-31,wk inc flu hosp,2,2026-02-14,42,quantile,0.99,988.0
2026-01-31,wk inc flu hosp,2,2026-02-14,44,quantile,0.01,0.0
2026-01-31,wk inc flu hosp,2,2026-02-14,44,quantile,0.025,0.0
2026-01-31,wk inc flu hosp,2,2026-02-14,44,quantile,0.05,0.0
2026-01-31,wk inc flu hosp,2,2026-02-14,44,quantile,0.1,2.0
2026-01-31,wk inc flu hosp,2,2026-02-14,44,quantile,0.15,2.0
2026-01-31,wk inc flu hosp,2,2026-02-14,44,quantile,0.2,2.0
2026-01-31,wk inc flu hosp,2,2026-02-14,44,quantile,0.25,2.0
2026-01-31,wk inc flu hosp,2,2026-02-14,44,quantile,0.3,2.0
2026-01-31,wk inc flu hosp,2,2026-02-14,44,quantile,0.35,2.0
2026-01-31,wk inc flu hosp,2,2026-02-14,44,quantile,0.4,3.0
2026-01-31,wk inc flu hosp,2,2026-02-14,44,quantile,0.45,3.0
2026-01-31,wk inc flu hosp,2,2026-02-14,44,quantile,0.5,3.0
2026-01-31,wk inc flu hosp,2,2026-02-14,44,quantile,0.55,3.0
2026-01-31,wk inc flu hosp,2,2026-02-14,44,quantile,0.6,3.0
2026-01-31,wk inc flu hosp,2,2026-02-14,44,quantile,0.65,3.0
2026-01-31,wk inc flu hosp,2,2026-02-14,44,quantile,0.7,3.0
2026-01-31,wk inc flu hosp,2,2026-02-14,44,quantile,0.75,3.0
2026-01-31,wk inc flu hosp,2,2026-02-14,44,quantile,0.8,3.0
2026-01-31,wk inc flu hosp,2,2026-02-14,44,quantile,0.85,3.0
2026-01-31,wk inc flu hosp,2,2026-02-14,44,quantile,0.9,3.0
2026-01-31,wk inc flu hosp,2,2026-02-14,44,quantile,0.95,4.0
2026-01-31,wk inc flu hosp,2,2026-02-14,44,quantile,0.975,4.0
2026-01-31,wk inc flu hosp,2,2026-02-14,44,quantile,0.99,4.0
2026-01-31,wk inc flu hosp,2,2026-02-14,45,quantile,0.01,0.0
2026-01-31,wk inc flu hosp,2,2026-02-14,45,quantile,0.025,0.0
2026-01-31,wk inc flu hosp,2,2026-02-14,45,quantile,0.05,1.0
2026-01-31,wk inc flu hosp,2,2026-02-14,45,quantile,0.1,33.0
2026-01-31,wk inc flu hosp,2,2026-02-14,45,quantile,0.15,52.0
2026-01-31,wk inc flu hosp,2,2026-02-14,45,quantile,0.2,62.0
2026-01-31,wk inc flu hosp,2,2026-02-14,45,quantile,0.25,67.0
2026-01-31,wk inc flu hosp,2,2026-02-14,45,quantile,0.3,73.0
2026-01-31,wk inc flu hosp,2,2026-02-14,45,quantile,0.35,79.0
2026-01-31,wk inc flu hosp,2,2026-02-14,45,quantile,0.4,85.0
2026-01-31,wk inc flu hosp,2,2026-02-14,45,quantile,0.45,92.0
2026-01-31,wk inc flu hosp,2,2026-02-14,45,quantile,0.5,97.0
2026-01-31,wk inc flu hosp,2,2026-02-14,45,quantile,0.55,103.0
2026-01-31,wk inc flu hosp,2,2026-02-14,45,quantile,0.6,107.0
2026-01-31,wk inc flu hosp,2,2026-02-14,45,quantile,0.65,114.0
2026-01-31,wk inc flu hosp,2,2026-02-14,45,quantile,0.7,120.0
2026-01-31,wk inc flu hosp,2,2026-02-14,45,quantile,0.75,126.0
2026-01-31,wk inc flu hosp,2,2026-02-14,45,quantile,0.8,133.0
2026-01-31,wk inc flu hosp,2,2026-02-14,45,quantile,0.85,142.0
2026-01-31,wk inc flu hosp,2,2026-02-14,45,quantile,0.9,156.0
2026-01-31,wk inc flu hosp,2,2026-02-14,45,quantile,0.95,171.0
2026-01-31,wk inc flu hosp,2,2026-02-14,45,quantile,0.975,190.0
2026-01-31,wk inc flu hosp,2,2026-02-14,45,quantile,0.99,210.0
2026-01-31,wk inc flu hosp,2,2026-02-14,46,quantile,0.01,16.0
2026-01-31,wk inc flu hosp,2,2026-02-14,46,quantile,0.025,22.0
2026-01-31,wk inc flu hosp,2,2026-02-14,46,quantile,0.05,25.0
2026-01-31,wk inc flu hosp,2,2026-02-14,46,quantile,0.1,29.0
2026-01-31,wk inc flu hosp,2,2026-02-14,46,quantile,0.15,32.0
2026-01-31,wk inc flu hosp,2,2026-02-14,46,quantile,0.2,34.0
2026-01-31,wk inc flu hosp,2,2026-02-14,46,quantile,0.25,35.0
2026-01-31,wk inc flu hosp,2,2026-02-14,46,quantile,0.3,37.0
2026-01-31,wk inc flu hosp,2,2026-02-14,46,quantile,0.35,39.0
2026-01-31,wk inc flu hosp,2,2026-02-14,46,quantile,0.4,40.0
2026-01-31,wk inc flu hosp,2,2026-02-14,46,quantile,0.45,42.0
2026-01-31,wk inc flu hosp,2,2026-02-14,46,quantile,0.5,43.0
2026-01-31,wk inc flu hosp,2,2026-02-14,46,quantile,0.55,45.0
2026-01-31,wk inc flu hosp,2,2026-02-14,46,quantile,0.6,46.0
2026-01-31,wk inc flu hosp,2,2026-02-14,46,quantile,0.65,47.0
2026-01-31,wk inc flu hosp,2,2026-02-14,46,quantile,0.7,49.0
2026-01-31,wk inc flu hosp,2,2026-02-14,46,quantile,0.75,50.0
2026-01-31,wk inc flu hosp,2,2026-02-14,46,quantile,0.8,52.0
2026-01-31,wk inc flu hosp,2,2026-02-14,46,quantile,0.85,53.0
2026-01-31,wk inc flu hosp,2,2026-02-14,46,quantile,0.9,55.0
2026-01-31,wk inc flu hosp,2,2026-02-14,46,quantile,0.95,59.0
2026-01-31,wk inc flu hosp,2,2026-02-14,46,quantile,0.975,65.0
2026-01-31,wk inc flu hosp,2,2026-02-14,46,quantile,0.99,71.0
2026-01-31,wk inc flu hosp,2,2026-02-14,47,quantile,0.01,0.0
2026-01-31,wk inc flu hosp,2,2026-02-14,47,quantile,0.025,4.0
2026-01-31,wk inc flu hosp,2,2026-02-14,47,quantile,0.05,19.0
2026-01-31,wk inc flu hosp,2,2026-02-14,47,quantile,0.1,54.0
2026-01-31,wk inc flu hosp,2,2026-02-14,47,quantile,0.15,79.0
2026-01-31,wk inc flu hosp,2,2026-02-14,47,quantile,0.2,101.0
2026-01-31,wk inc flu hosp,2,2026-02-14,47,quantile,0.25,121.0
2026-01-31,wk inc flu hosp,2,2026-02-14,47,quantile,0.3,142.0
2026-01-31,wk inc flu hosp,2,2026-02-14,47,quantile,0.35,160.0
2026-01-31,wk inc flu hosp,2,2026-02-14,47,quantile,0.4,175.0
2026-01-31,wk inc flu hosp,2,2026-02-14,47,quantile,0.45,189.0
2026-01-31,wk inc flu hosp,2,2026-02-14,47,quantile,0.5,204.0
2026-01-31,wk inc flu hosp,2,2026-02-14,47,quantile,0.55,218.0
2026-01-31,wk inc flu hosp,2,2026-02-14,47,quantile,0.6,233.0
2026-01-31,wk inc flu hosp,2,2026-02-14,47,quantile,0.65,250.0
2026-01-31,wk inc flu hosp,2,2026-02-14,47,quantile,0.7,265.0
2026-01-31,wk inc flu hosp,2,2026-02-14,47,quantile,0.75,284.0
2026-01-31,wk inc flu hosp,2,2026-02-14,47,quantile,0.8,303.0
2026-01-31,wk inc flu hosp,2,2026-02-14,47,quantile,0.85,326.0
2026-01-31,wk inc flu hosp,2,2026-02-14,47,quantile,0.9,355.0
2026-01-31,wk inc flu hosp,2,2026-02-14,47,quantile,0.95,396.0
2026-01-31,wk inc flu hosp,2,2026-02-14,47,quantile,0.975,427.0
2026-01-31,wk inc flu hosp,2,2026-02-14,47,quantile,0.99,461.0
2026-01-31,wk inc flu hosp,2,2026-02-14,48,quantile,0.01,0.0
2026-01-31,wk inc flu hosp,2,2026-02-14,48,quantile,0.025,0.0
2026-01-31,wk inc flu hosp,2,2026-02-14,48,quantile,0.05,0.0
2026-01-31,wk inc flu hosp,2,2026-02-14,48,quantile,0.1,122.0
2026-01-31,wk inc flu hosp,2,2026-02-14,48,quantile,0.15,306.0
2026-01-31,wk inc flu hosp,2,2026-02-14,48,quantile,0.2,463.0
2026-01-31,wk inc flu hosp,2,2026-02-14,48,quantile,0.25,599.0
2026-01-31,wk inc flu hosp,2,2026-02-14,48,quantile,0.3,726.0
2026-01-31,wk inc flu hosp,2,2026-02-14,48,quantile,0.35,834.0
2026-01-31,wk inc flu hosp,2,2026-02-14,48,quantile,0.4,887.0
2026-01-31,wk inc flu hosp,2,2026-02-14,48,quantile,0.45,948.0
2026-01-31,wk inc flu hosp,2,2026-02-14,48,quantile,0.5,999.0
2026-01-31,wk inc flu hosp,2,2026-02-14,48,quantile,0.55,1054.0
2026-01-31,wk inc flu hosp,2,2026-02-14,48,quantile,0.6,1105.0
2026-01-31,wk inc flu hosp,2,2026-02-14,48,quantile,0.65,1178.0
2026-01-31,wk inc flu hosp,2,2026-02-14,48,quantile,0.7,1232.0
2026-01-31,wk inc flu hosp,2,2026-02-14,48,quantile,0.75,1303.0
2026-01-31,wk inc flu hosp,2,2026-02-14,48,quantile,0.8,1371.0
2026-01-31,wk inc flu hosp,2,2026-02-14,48,quantile,0.85,1454.0
2026-01-31,wk inc flu hosp,2,2026-02-14,48,quantile,0.9,1611.0
2026-01-31,wk inc flu hosp,2,2026-02-14,48,quantile,0.95,1872.0
2026-01-31,wk inc flu hosp,2,2026-02-14,48,quantile,0.975,2111.0
2026-01-31,wk inc flu hosp,2,2026-02-14,48,quantile,0.99,2265.0
2026-01-31,wk inc flu hosp,2,2026-02-14,49,quantile,0.01,10.0
2026-01-31,wk inc flu hosp,2,2026-02-14,49,quantile,0.025,13.0
2026-01-31,wk inc flu hosp,2,2026-02-14,49,quantile,0.05,24.0
2026-01-31,wk inc flu hosp,2,2026-02-14,49,quantile,0.1,39.0
2026-01-31,wk inc flu hosp,2,2026-02-14,49,quantile,0.15,50.0
2026-01-31,wk inc flu hosp,2,2026-02-14,49,quantile,0.2,58.0
2026-01-31,wk inc flu hosp,2,2026-02-14,49,quantile,0.25,65.0
2026-01-31,wk inc flu hosp,2,2026-02-14,49,quantile,0.3,70.0
2026-01-31,wk inc flu hosp,2,2026-02-14,49,quantile,0.35,75.0
2026-01-31,wk inc flu hosp,2,2026-02-14,49,quantile,0.4,80.0
2026-01-31,wk inc flu hosp,2,2026-02-14,49,quantile,0.45,86.0
2026-01-31,wk inc flu hosp,2,2026-02-14,49,quantile,0.5,91.0
2026-01-31,wk inc flu hosp,2,2026-02-14,49,quantile,0.55,97.0
2026-01-31,wk inc flu hosp,2,2026-02-14,49,quantile,0.6,102.0
2026-01-31,wk inc flu hosp,2,2026-02-14,49,quantile,0.65,108.0
2026-01-31,wk inc flu hosp,2,2026-02-14,49,quantile,0.7,113.0
2026-01-31,wk inc flu hosp,2,2026-02-14,49,quantile,0.75,118.0
2026-01-31,wk inc flu hosp,2,2026-02-14,49,quantile,0.8,124.0
2026-01-31,wk inc flu hosp,2,2026-02-14,49,quantile,0.85,132.0
2026-01-31,wk inc flu hosp,2,2026-02-14,49,quantile,0.9,140.0
2026-01-31,wk inc flu hosp,2,2026-02-14,49,quantile,0.95,154.0
2026-01-31,wk inc flu hosp,2,2026-02-14,49,quantile,0.975,167.0
2026-01-31,wk inc flu hosp,2,2026-02-14,49,quantile,0.99,178.0
2026-01-31,wk inc flu hosp,2,2026-02-14,50,quantile,0.01,0.0
2026-01-31,wk inc flu hosp,2,2026-02-14,50,quantile,0.025,2.0
2026-01-31,wk inc flu hosp,2,2026-02-14,50,quantile,0.05,7.0
2026-01-31,wk inc flu hosp,2,2026-02-14,50,quantile,0.1,11.0
2026-01-31,wk inc flu hosp,2,2026-02-14,50,quantile,0.15,13.0
2026-01-31,wk inc flu hosp,2,2026-02-14,50,quantile,0.2,14.0
2026-01-31,wk inc flu hosp,2,2026-02-14,50,quantile,0.25,16.0
2026-01-31,wk inc flu hosp,2,2026-02-14,50,quantile,0.3,17.0
2026-01-31,wk inc flu hosp,2,2026-02-14,50,quantile,0.35,18.0
2026-01-31,wk inc flu hosp,2,2026-02-14,50,quantile,0.4,19.0
2026-01-31,wk inc flu hosp,2,2026-02-14,50,quantile,0.45,21.0
2026-01-31,wk inc flu hosp,2,2026-02-14,50,quantile,0.5,22.0
2026-01-31,wk inc flu hosp,2,2026-02-14,50,quantile,0.55,23.0
2026-01-31,wk inc flu hosp,2,2026-02-14,50,quantile,0.6,24.0
2026-01-31,wk inc flu hosp,2,2026-02-14,50,quantile,0.65,26.0
2026-01-31,wk inc flu hosp,2,2026-02-14,50,quantile,0.7,27.0
2026-01-31,wk inc flu hosp,2,2026-02-14,50,quantile,0.75,28.0
2026-01-31,wk inc flu hosp,2,2026-02-14,50,quantile,0.8,30.0
2026-01-31,wk inc flu hosp,2,2026-02-14,50,quantile,0.85,31.0
2026-01-31,wk inc flu hosp,2,2026-02-14,50,quantile,0.9,33.0
2026-01-31,wk inc flu hosp,2,2026-02-14,50,quantile,0.95,36.0
2026-01-31,wk inc flu hosp,2,2026-02-14,50,quantile,0.975,39.0
2026-01-31,wk inc flu hosp,2,2026-02-14,50,quantile,0.99,42.0
2026-01-31,wk inc flu hosp,2,2026-02-14,51,quantile,0.01,0.0
2026-01-31,wk inc flu hosp,2,2026-02-14,51,quantile,0.025,0.0
2026-01-31,wk inc flu hosp,2,2026-02-14,51,quantile,0.05,27.0
2026-01-31,wk inc flu hosp,2,2026-02-14,51,quantile,0.1,80.0
2026-01-31,wk inc flu hosp,2,2026-02-14,51,quantile,0.15,94.0
2026-01-31,wk inc flu hosp,2,2026-02-14,51,quantile,0.2,103.0
2026-01-31,wk inc flu hosp,2,2026-02-14,51,quantile,0.25,111.0
2026-01-31,wk inc flu hosp,2,2026-02-14,51,quantile,0.3,118.0
2026-01-31,wk inc flu hosp,2,2026-02-14,51,quantile,0.35,132.0
2026-01-31,wk inc flu hosp,2,2026-02-14,51,quantile,0.4,154.0
2026-01-31,wk inc flu hosp,2,2026-02-14,51,quantile,0.45,174.0
2026-01-31,wk inc flu hosp,2,2026-02-14,51,quantile,0.5,191.0
2026-01-31,wk inc flu hosp,2,2026-02-14,51,quantile,0.55,206.0
2026-01-31,wk inc flu hosp,2,2026-02-14,51,quantile,0.6,225.0
2026-01-31,wk inc flu hosp,2,2026-02-14,51,quantile,0.65,243.0
2026-01-31,wk inc flu hosp,2,2026-02-14,51,quantile,0.7,284.0
2026-01-31,wk inc flu hosp,2,2026-02-14,51,quantile,0.75,333.0
2026-01-31,wk inc flu hosp,2,2026-02-14,51,quantile,0.8,406.0
2026-01-31,wk inc flu hosp,2,2026-02-14,51,quantile,0.85,484.0
2026-01-31,wk inc flu hosp,2,2026-02-14,51,quantile,0.9,559.0
2026-01-31,wk inc flu hosp,2,2026-02-14,51,quantile,0.95,651.0
2026-01-31,wk inc flu hosp,2,2026-02-14,51,quantile,0.975,717.0
2026-01-31,wk inc flu hosp,2,2026-02-14,51,quantile,0.99,800.0
2026-01-31,wk inc flu hosp,2,2026-02-14,53,quantile,0.01,0.0
2026-01-31,wk inc flu hosp,2,2026-02-14,53,quantile,0.025,0.0
2026-01-31,wk inc flu hosp,2,2026-02-14,53,quantile,0.05,0.0
2026-01-31,wk inc flu hosp,2,2026-02-14,53,quantile,0.1,0.0
2026-01-31,wk inc flu hosp,2,2026-02-14,53,quantile,0.15,0.0
2026-01-31,wk inc flu hosp,2,2026-02-14,53,quantile,0.2,0.0
2026-01-31,wk inc flu hosp,2,2026-02-14,53,quantile,0.25,116.0
2026-01-31,wk inc flu hosp,2,2026-02-14,53,quantile,0.3,118.0
2026-01-31,wk inc flu hosp,2,2026-02-14,53,quantile,0.35,120.0
2026-01-31,wk inc flu hosp,2,2026-02-14,53,quantile,0.4,122.0
2026-01-31,wk inc flu hosp,2,2026-02-14,53,quantile,0.45,125.0
2026-01-31,wk inc flu hosp,2,2026-02-14,53,quantile,0.5,126.0
2026-01-31,wk inc flu hosp,2,2026-02-14,53,quantile,0.55,128.0
2026-01-31,wk inc flu hosp,2,2026-02-14,53,quantile,0.6,130.0
2026-01-31,wk inc flu hosp,2,2026-02-14,53,quantile,0.65,523.0
2026-01-31,wk inc flu hosp,2,2026-02-14,53,quantile,0.7,1036.0
2026-01-31,wk inc flu hosp,2,2026-02-14,53,quantile,0.75,1865.0
2026-01-31,wk inc flu hosp,2,2026-02-14,53,quantile,0.8,2503.0
2026-01-31,wk inc flu hosp,2,2026-02-14,53,quantile,0.85,3457.0
2026-01-31,wk inc flu hosp,2,2026-02-14,53,quantile,0.9,4655.0
2026-01-31,wk inc flu hosp,2,2026-02-14,53,quantile,0.95,6644.0
2026-01-31,wk inc flu hosp,2,2026-02-14,53,quantile,0.975,8358.0
2026-01-31,wk inc flu hosp,2,2026-02-14,53,quantile,0.99,9520.0
2026-01-31,wk inc flu hosp,2,2026-02-14,54,quantile,0.01,0.0
2026-01-31,wk inc flu hosp,2,2026-02-14,54,quantile,0.025,0.0
2026-01-31,wk inc flu hosp,2,2026-02-14,54,quantile,0.05,0.0
2026-01-31,wk inc flu hosp,2,2026-02-14,54,quantile,0.1,0.0
2026-01-31,wk inc flu hosp,2,2026-02-14,54,quantile,0.15,5.0
2026-01-31,wk inc flu hosp,2,2026-02-14,54,quantile,0.2,16.0
2026-01-31,wk inc flu hosp,2,2026-02-14,54,quantile,0.25,28.0
2026-01-31,wk inc flu hosp,2,2026-02-14,54,quantile,0.3,37.0
2026-01-31,wk inc flu hosp,2,2026-02-14,54,quantile,0.35,42.0
2026-01-31,wk inc flu hosp,2,2026-02-14,54,quantile,0.4,47.0
2026-01-31,wk inc flu hosp,2,2026-02-14,54,quantile,0.45,52.0
2026-01-31,wk inc flu hosp,2,2026-02-14,54,quantile,0.5,56.0
2026-01-31,wk inc flu hosp,2,2026-02-14,54,quantile,0.55,59.0
2026-01-31,wk inc flu hosp,2,2026-02-14,54,quantile,0.6,61.0
2026-01-31,wk inc flu hosp,2,2026-02-14,54,quantile,0.65,65.0
2026-01-31,wk inc flu hosp,2,2026-02-14,54,quantile,0.7,68.0
2026-01-31,wk inc flu hosp,2,2026-02-14,54,quantile,0.75,71.0
2026-01-31,wk inc flu hosp,2,2026-02-14,54,quantile,0.8,74.0
2026-01-31,wk inc flu hosp,2,2026-02-14,54,quantile,0.85,78.0
2026-01-31,wk inc flu hosp,2,2026-02-14,54,quantile,0.9,83.0
2026-01-31,wk inc flu hosp,2,2026-02-14,54,quantile,0.95,91.0
2026-01-31,wk inc flu hosp,2,2026-02-14,54,quantile,0.975,99.0
2026-01-31,wk inc flu hosp,2,2026-02-14,54,quantile,0.99,105.0
2026-01-31,wk inc flu hosp,2,2026-02-14,55,quantile,0.01,0.0
2026-01-31,wk inc flu hosp,2,2026-02-14,55,quantile,0.025,2.0
2026-01-31,wk inc flu hosp,2,2026-02-14,55,quantile,0.05,52.0
2026-01-31,wk inc flu hosp,2,2026-02-14,55,quantile,0.1,82.0
2026-01-31,wk inc flu hosp,2,2026-02-14,55,quantile,0.15,97.0
2026-01-31,wk inc flu hosp,2,2026-02-14,55,quantile,0.2,111.0
2026-01-31,wk inc flu hosp,2,2026-02-14,55,quantile,0.25,124.0
2026-01-31,wk inc flu hosp,2,2026-02-14,55,quantile,0.3,136.0
2026-01-31,wk inc flu hosp,2,2026-02-14,55,quantile,0.35,148.0
2026-01-31,wk inc flu hosp,2,2026-02-14,55,quantile,0.4,161.0
2026-01-31,wk inc flu hosp,2,2026-02-14,55,quantile,0.45,174.0
2026-01-31,wk inc flu hosp,2,2026-02-14,55,quantile,0.5,189.0
2026-01-31,wk inc flu hosp,2,2026-02-14,55,quantile,0.55,198.0
2026-01-31,wk inc flu hosp,2,2026-02-14,55,quantile,0.6,204.0
2026-01-31,wk inc flu hosp,2,2026-02-14,55,quantile,0.65,215.0
2026-01-31,wk inc flu hosp,2,2026-02-14,55,quantile,0.7,223.0
2026-01-31,wk inc flu hosp,2,2026-02-14,55,quantile,0.75,234.0
2026-01-31,wk inc flu hosp,2,2026-02-14,55,quantile,0.8,244.0
2026-01-31,wk inc flu hosp,2,2026-02-14,55,quantile,0.85,257.0
2026-01-31,wk inc flu hosp,2,2026-02-14,55,quantile,0.9,274.0
2026-01-31,wk inc flu hosp,2,2026-02-14,55,quantile,0.95,302.0
2026-01-31,wk inc flu hosp,2,2026-02-14,55,quantile,0.975,327.0
2026-01-31,wk inc flu hosp,2,2026-02-14,55,quantile,0.99,345.0
2026-01-31,wk inc flu hosp,2,2026-02-14,56,quantile,0.01,0.0
2026-01-31,wk inc flu hosp,2,2026-02-14,56,quantile,0.025,0.0
2026-01-31,wk inc flu hosp,2,2026-02-14,56,quantile,0.05,0.0
2026-01-31,wk inc flu hosp,2,2026-02-14,56,quantile,0.1,0.0
2026-01-31,wk inc flu hosp,2,2026-02-14,56,quantile,0.15,2.0
2026-01-31,wk inc flu hosp,2,2026-02-14,56,quantile,0.2,2.0
2026-01-31,wk inc flu hosp,2,2026-02-14,56,quantile,0.25,2.0
2026-01-31,wk inc flu hosp,2,2026-02-14,56,quantile,0.3,2.0
2026-01-31,wk inc flu hosp,2,2026-02-14,56,quantile,0.35,2.0
2026-01-31,wk inc flu hosp,2,2026-02-14,56,quantile,0.4,2.0
2026-01-31,wk inc flu hosp,2,2026-02-14,56,quantile,0.45,2.0
2026-01-31,wk inc flu hosp,2,2026-02-14,56,quantile,0.5,3.0
2026-01-31,wk inc flu hosp,2,2026-02-14,56,quantile,0.55,3.0
2026-01-31,wk inc flu hosp,2,2026-02-14,56,quantile,0.6,3.0
2026-01-31,wk inc flu hosp,2,2026-02-14,56,quantile,0.65,5.0
2026-01-31,wk inc flu hosp,2,2026-02-14,56,quantile,0.7,6.0
2026-01-31,wk inc flu hosp,2,2026-02-14,56,quantile,0.75,7.0
2026-01-31,wk inc flu hosp,2,2026-02-14,56,quantile,0.8,9.0
2026-01-31,wk inc flu hosp,2,2026-02-14,56,quantile,0.85,11.0
2026-01-31,wk inc flu hosp,2,2026-02-14,56,quantile,0.9,13.0
2026-01-31,wk inc flu hosp,2,2026-02-14,56,quantile,0.95,18.0
2026-01-31,wk inc flu hosp,2,2026-02-14,56,quantile,0.975,21.0
2026-01-31,wk inc flu hosp,2,2026-02-14,56,quantile,0.99,24.0
2026-01-31,wk inc flu hosp,2,2026-02-14,US,quantile,0.01,2169.0
2026-01-31,wk inc flu hosp,2,2026-02-14,US,quantile,0.025,3303.0
2026-01-31,wk inc flu hosp,2,2026-02-14,US,quantile,0.05,4806.0
2026-01-31,wk inc flu hosp,2,2026-02-14,US,quantile,0.1,5396.0
2026-01-31,wk inc flu hosp,2,2026-02-14,US,quantile,0.15,5758.0
2026-01-31,wk inc flu hosp,2,2026-02-14,US,quantile,0.2,6046.0
2026-01-31,wk inc flu hosp,2,2026-02-14,US,quantile,0.25,6311.0
2026-01-31,wk inc flu hosp,2,2026-02-14,US,quantile,0.3,6575.0
2026-01-31,wk inc flu hosp,2,2026-02-14,US,quantile,0.35,6866.0
2026-01-31,wk inc flu hosp,2,2026-02-14,US,quantile,0.4,7147.0
2026-01-31,wk inc flu hosp,2,2026-02-14,US,quantile,0.45,7481.0
2026-01-31,wk inc flu hosp,2,2026-02-14,US,quantile,0.5,7827.0
2026-01-31,wk inc flu hosp,2,2026-02-14,US,quantile,0.55,8148.0
2026-01-31,wk inc flu hosp,2,2026-02-14,US,quantile,0.6,8489.0
2026-01-31,wk inc flu hosp,2,2026-02-14,US,quantile,0.65,8971.0
2026-01-31,wk inc flu hosp,2,2026-02-14,US,quantile,0.7,9345.0
2026-01-31,wk inc flu hosp,2,2026-02-14,US,quantile,0.75,9896.0
2026-01-31,wk inc flu hosp,2,2026-02-14,US,quantile,0.8,10343.0
2026-01-31,wk inc flu hosp,2,2026-02-14,US,quantile,0.85,10928.0
2026-01-31,wk inc flu hosp,2,2026-02-14,US,quantile,0.9,11706.0
2026-01-31,wk inc flu hosp,2,2026-02-14,US,quantile,0.95,13234.0
2026-01-31,wk inc flu hosp,2,2026-02-14,US,quantile,0.975,14539.0
2026-01-31,wk inc flu hosp,2,2026-02-14,US,quantile,0.99,15725.0
2026-01-31,wk inc flu hosp,3,2026-02-21,01,quantile,0.01,0.0
2026-01-31,wk inc flu hosp,3,2026-02-21,01,quantile,0.025,0.0
2026-01-31,wk inc flu hosp,3,2026-02-21,01,quantile,0.05,0.0
2026-01-31,wk inc flu hosp,3,2026-02-21,01,quantile,0.1,0.0
2026-01-31,wk inc flu hosp,3,2026-02-21,01,quantile,0.15,19.0
2026-01-31,wk inc flu hosp,3,2026-02-21,01,quantile,0.2,20.0
2026-01-31,wk inc flu hosp,3,2026-02-21,01,quantile,0.25,21.0
2026-01-31,wk inc flu hosp,3,2026-02-21,01,quantile,0.3,22.0
2026-01-31,wk inc flu hosp,3,2026-02-21,01,quantile,0.35,22.0
2026-01-31,wk inc flu hosp,3,2026-02-21,01,quantile,0.4,23.0
2026-01-31,wk inc flu hosp,3,2026-02-21,01,quantile,0.45,24.0
2026-01-31,wk inc flu hosp,3,2026-02-21,01,quantile,0.5,32.0
2026-01-31,wk inc flu hosp,3,2026-02-21,01,quantile,0.55,43.0
2026-01-31,wk inc flu hosp,3,2026-02-21,01,quantile,0.6,54.0
2026-01-31,wk inc flu hosp,3,2026-02-21,01,quantile,0.65,66.0
2026-01-31,wk inc flu hosp,3,2026-02-21,01,quantile,0.7,77.0
2026-01-31,wk inc flu hosp,3,2026-02-21,01,quantile,0.75,90.0
2026-01-31,wk inc flu hosp,3,2026-02-21,01,quantile,0.8,103.0
2026-01-31,wk inc flu hosp,3,2026-02-21,01,quantile,0.85,118.0
2026-01-31,wk inc flu hosp,3,2026-02-21,01,quantile,0.9,139.0
2026-01-31,wk inc flu hosp,3,2026-02-21,01,quantile,0.95,167.0
2026-01-31,wk inc flu hosp,3,2026-02-21,01,quantile,0.975,196.0
2026-01-31,wk inc flu hosp,3,2026-02-21,01,quantile,0.99,230.0
2026-01-31,wk inc flu hosp,3,2026-02-21,02,quantile,0.01,1.0
2026-01-31,wk inc flu hosp,3,2026-02-21,02,quantile,0.025,1.0
2026-01-31,wk inc flu hosp,3,2026-02-21,02,quantile,0.05,3.0
2026-01-31,wk inc flu hosp,3,2026-02-21,02,quantile,0.1,6.0
2026-01-31,wk inc flu hosp,3,2026-02-21,02,quantile,0.15,7.0
2026-01-31,wk inc flu hosp,3,2026-02-21,02,quantile,0.2,9.0
2026-01-31,wk inc flu hosp,3,2026-02-21,02,quantile,0.25,10.0
2026-01-31,wk inc flu hosp,3,2026-02-21,02,quantile,0.3,11.0
2026-01-31,wk inc flu hosp,3,2026-02-21,02,quantile,0.35,12.0
2026-01-31,wk inc flu hosp,3,2026-02-21,02,quantile,0.4,13.0
2026-01-31,wk inc flu hosp,3,2026-02-21,02,quantile,0.45,14.0
2026-01-31,wk inc flu hosp,3,2026-02-21,02,quantile,0.5,15.0
2026-01-31,wk inc flu hosp,3,2026-02-21,02,quantile,0.55,16.0
2026-01-31,wk inc flu hosp,3,2026-02-21,02,quantile,0.6,17.0
2026-01-31,wk inc flu hosp,3,2026-02-21,02,quantile,0.65,18.0
2026-01-31,wk inc flu hosp,3,2026-02-21,02,quantile,0.7,19.0
2026-01-31,wk inc flu hosp,3,2026-02-21,02,quantile,0.75,20.0
2026-01-31,wk inc flu hosp,3,2026-02-21,02,quantile,0.8,21.0
2026-01-31,wk inc flu hosp,3,2026-02-21,02,quantile,0.85,23.0
2026-01-31,wk inc flu hosp,3,2026-02-21,02,quantile,0.9,25.0
2026-01-31,wk inc flu hosp,3,2026-02-21,02,quantile,0.95,27.0
2026-01-31,wk inc flu hosp,3,2026-02-21,02,quantile,0.975,29.0
2026-01-31,wk inc flu hosp,3,2026-02-21,02,quantile,0.99,31.0
2026-01-31,wk inc flu hosp,3,2026-02-21,04,quantile,0.01,0.0
2026-01-31,wk inc flu hosp,3,2026-02-21,04,quantile,0.025,0.0
2026-01-31,wk inc flu hosp,3,2026-02-21,04,quantile,0.05,0.0
2026-01-31,wk inc flu hosp,3,2026-02-21,04,quantile,0.1,21.0
2026-01-31,wk inc flu hosp,3,2026-02-21,04,quantile,0.15,59.0
2026-01-31,wk inc flu hosp,3,2026-02-21,04,quantile,0.2,67.0
2026-01-31,wk inc flu hosp,3,2026-02-21,04,quantile,0.25,72.0
2026-01-31,wk inc flu hosp,3,2026-02-21,04,quantile,0.3,78.0
2026-01-31,wk inc flu hosp,3,2026-02-21,04,quantile,0.35,81.0
2026-01-31,wk inc flu hosp,3,2026-02-21,04,quantile,0.4,83.0
2026-01-31,wk inc flu hosp,3,2026-02-21,04,quantile,0.45,86.0
2026-01-31,wk inc flu hosp,3,2026-02-21,04,quantile,0.5,88.0
2026-01-31,wk inc flu hosp,3,2026-02-21,04,quantile,0.55,94.0
2026-01-31,wk inc flu hosp,3,2026-02-21,04,quantile,0.6,111.0
2026-01-31,wk inc flu hosp,3,2026-02-21,04,quantile,0.65,133.0
2026-01-31,wk inc flu hosp,3,2026-02-21,04,quantile,0.7,152.0
2026-01-31,wk inc flu hosp,3,2026-02-21,04,quantile,0.75,176.0
2026-01-31,wk inc flu hosp,3,2026-02-21,04,quantile,0.8,200.0
2026-01-31,wk inc flu hosp,3,2026-02-21,04,quantile,0.85,225.0
2026-01-31,wk inc flu hosp,3,2026-02-21,04,quantile,0.9,264.0
2026-01-31,wk inc flu hosp,3,2026-02-21,04,quantile,0.95,318.0
2026-01-31,wk inc flu hosp,3,2026-02-21,04,quantile,0.975,373.0
2026-01-31,wk inc flu hosp,3,2026-02-21,04,quantile,0.99,441.0
2026-01-31,wk inc flu hosp,3,2026-02-21,05,quantile,0.01,0.0
2026-01-31,wk inc flu hosp,3,2026-02-21,05,quantile,0.025,0.0
2026-01-31,wk inc flu hosp,3,2026-02-21,05,quantile,0.05,0.0
2026-01-31,wk inc flu hosp,3,2026-02-21,05,quantile,0.1,0.0
2026-01-31,wk inc flu hosp,3,2026-02-21,05,quantile,0.15,8.0
2026-01-31,wk inc flu hosp,3,2026-02-21,05,quantile,0.2,8.0
2026-01-31,wk inc flu hosp,3,2026-02-21,05,quantile,0.25,9.0
2026-01-31,wk inc flu hosp,3,2026-02-21,05,quantile,0.3,9.0
2026-01-31,wk inc flu hosp,3,2026-02-21,05,quantile,0.35,9.0
2026-01-31,wk inc flu hosp,3,2026-02-21,05,quantile,0.4,10.0
2026-01-31,wk inc flu hosp,3,2026-02-21,05,quantile,0.45,10.0
2026-01-31,wk inc flu hosp,3,2026-02-21,05,quantile,0.5,10.0
2026-01-31,wk inc flu hosp,3,2026-02-21,05,quantile,0.55,10.0
2026-01-31,wk inc flu hosp,3,2026-02-21,05,quantile,0.6,10.0
2026-01-31,wk inc flu hosp,3,2026-02-21,05,quantile,0.65,10.0
2026-01-31,wk inc flu hosp,3,2026-02-21,05,quantile,0.7,10.0
2026-01-31,wk inc flu hosp,3,2026-02-21,05,quantile,0.75,23.0
2026-01-31,wk inc flu hosp,3,2026-02-21,05,quantile,0.8,72.0
2026-01-31,wk inc flu hosp,3,2026-02-21,05,quantile,0.85,130.0
2026-01-31,wk inc flu hosp,3,2026-02-21,05,quantile,0.9,208.0
2026-01-31,wk inc flu hosp,3,2026-02-21,05,quantile,0.95,318.0
2026-01-31,wk inc flu hosp,3,2026-02-21,05,quantile,0.975,430.0
2026-01-31,wk inc flu hosp,3,2026-02-21,05,quantile,0.99,557.0
2026-01-31,wk inc flu hosp,3,2026-02-21,06,quantile,0.01,0.0
2026-01-31,wk inc flu hosp,3,2026-02-21,06,quantile,0.025,128.0
2026-01-31,wk inc flu hosp,3,2026-02-21,06,quantile,0.05,303.0
2026-01-31,wk inc flu hosp,3,2026-02-21,06,quantile,0.1,485.0
2026-01-31,wk inc flu hosp,3,2026-02-21,06,quantile,0.15,608.0
2026-01-31,wk inc flu hosp,3,2026-02-21,06,quantile,0.2,694.0
2026-01-31,wk inc flu hosp,3,2026-02-21,06,quantile,0.25,787.0
2026-01-31,wk inc flu hosp,3,2026-02-21,06,quantile,0.3,858.0
2026-01-31,wk inc flu hosp,3,2026-02-21,06,quantile,0.35,931.0
2026-01-31,wk inc flu hosp,3,2026-02-21,06,quantile,0.4,1013.0
2026-01-31,wk inc flu hosp,3,2026-02-21,06,quantile,0.45,1085.0
2026-01-31,wk inc flu hosp,3,2026-02-21,06,quantile,0.5,1146.0
2026-01-31,wk inc flu hosp,3,2026-02-21,06,quantile,0.55,1200.0
2026-01-31,wk inc flu hosp,3,2026-02-21,06,quantile,0.6,1263.0
2026-01-31,wk inc flu hosp,3,2026-02-21,06,quantile,0.65,1328.0
2026-01-31,wk inc flu hosp,3,2026-02-21,06,quantile,0.7,1389.0
2026-01-31,wk inc flu hosp,3,2026-02-21,06,quantile,0.75,1472.0
2026-01-31,wk inc flu hosp,3,2026-02-21,06,quantile,0.8,1570.0
2026-01-31,wk inc flu hosp,3,2026-02-21,06,quantile,0.85,1673.0
2026-01-31,wk inc flu hosp,3,2026-02-21,06,quantile,0.9,1818.0
2026-01-31,wk inc flu hosp,3,2026-02-21,06,quantile,0.95,2018.0
2026-01-31,wk inc flu hosp,3,2026-02-21,06,quantile,0.975,2177.0
2026-01-31,wk inc flu hosp,3,2026-02-21,06,quantile,0.99,2300.0
2026-01-31,wk inc flu hosp,3,2026-02-21,08,quantile,0.01,0.0
2026-01-31,wk inc flu hosp,3,2026-02-21,08,quantile,0.025,2.0
2026-01-31,wk inc flu hosp,3,2026-02-21,08,quantile,0.05,12.0
2026-01-31,wk inc flu hosp,3,2026-02-21,08,quantile,0.1,32.0
2026-01-31,wk inc flu hosp,3,2026-02-21,08,quantile,0.15,44.0
2026-01-31,wk inc flu hosp,3,2026-02-21,08,quantile,0.2,53.0
2026-01-31,wk inc flu hosp,3,2026-02-21,08,quantile,0.25,63.0
2026-01-31,wk inc flu hosp,3,2026-02-21,08,quantile,0.3,70.0
2026-01-31,wk inc flu hosp,3,2026-02-21,08,quantile,0.35,77.0
2026-01-31,wk inc flu hosp,3,2026-02-21,08,quantile,0.4,84.0
2026-01-31,wk inc flu hosp,3,2026-02-21,08,quantile,0.45,90.0
2026-01-31,wk inc flu hosp,3,2026-02-21,08,quantile,0.5,97.0
2026-01-31,wk inc flu hosp,3,2026-02-21,08,quantile,0.55,104.0
2026-01-31,wk inc flu hosp,3,2026-02-21,08,quantile,0.6,111.0
2026-01-31,wk inc flu hosp,3,2026-02-21,08,quantile,0.65,118.0
2026-01-31,wk inc flu hosp,3,2026-02-21,08,quantile,0.7,126.0
2026-01-31,wk inc flu hosp,3,2026-02-21,08,quantile,0.75,134.0
2026-01-31,wk inc flu hosp,3,2026-02-21,08,quantile,0.8,143.0
2026-01-31,wk inc flu hosp,3,2026-02-21,08,quantile,0.85,153.0
2026-01-31,wk inc flu hosp,3,2026-02-21,08,quantile,0.9,164.0
2026-01-31,wk inc flu hosp,3,2026-02-21,08,quantile,0.95,183.0
2026-01-31,wk inc flu hosp,3,2026-02-21,08,quantile,0.975,201.0
2026-01-31,wk inc flu hosp,3,2026-02-21,08,quantile,0.99,221.0
2026-01-31,wk inc flu hosp,3,2026-02-21,09,quantile,0.01,0.0
2026-01-31,wk inc flu hosp,3,2026-02-21,09,quantile,0.025,0.0
2026-01-31,wk inc flu hosp,3,2026-02-21,09,quantile,0.05,2.0
2026-01-31,wk inc flu hosp,3,2026-02-21,09,quantile,0.1,2.0
2026-01-31,wk inc flu hosp,3,2026-02-21,09,quantile,0.15,2.0
2026-01-31,wk inc flu hosp,3,2026-02-21,09,quantile,0.2,2.0
2026-01-31,wk inc flu hosp,3,2026-02-21,09,quantile,0.25,2.0
2026-01-31,wk inc flu hosp,3,2026-02-21,09,quantile,0.3,2.0
2026-01-31,wk inc flu hosp,3,2026-02-21,09,quantile,0.35,2.0
2026-01-31,wk inc flu hosp,3,2026-02-21,09,quantile,0.4,2.0
2026-01-31,wk inc flu hosp,3,2026-02-21,09,quantile,0.45,2.0
2026-01-31,wk inc flu hosp,3,2026-02-21,09,quantile,0.5,3.0
2026-01-31,wk inc flu hosp,3,2026-02-21,09,quantile,0.55,3.0
2026-01-31,wk inc flu hosp,3,2026-02-21,09,quantile,0.6,3.0
2026-01-31,wk inc flu hosp,3,2026-02-21,09,quantile,0.65,3.0
2026-01-31,wk inc flu hosp,3,2026-02-21,09,quantile,0.7,3.0
2026-01-31,wk inc flu hosp,3,2026-02-21,09,quantile,0.75,3.0
2026-01-31,wk inc flu hosp,3,2026-02-21,09,quantile,0.8,3.0
2026-01-31,wk inc flu hosp,3,2026-02-21,09,quantile,0.85,3.0
2026-01-31,wk inc flu hosp,3,2026-02-21,09,quantile,0.9,3.0
2026-01-31,wk inc flu hosp,3,2026-02-21,09,quantile,0.95,4.0
2026-01-31,wk inc flu hosp,3,2026-02-21,09,quantile,0.975,4.0
2026-01-31,wk inc flu hosp,3,2026-02-21,09,quantile,0.99,5.0
2026-01-31,wk inc flu hosp,3,2026-02-21,10,quantile,0.01,0.0
2026-01-31,wk inc flu hosp,3,2026-02-21,10,quantile,0.025,0.0
2026-01-31,wk inc flu hosp,3,2026-02-21,10,quantile,0.05,0.0
2026-01-31,wk inc flu hosp,3,2026-02-21,10,quantile,0.1,0.0
2026-01-31,wk inc flu hosp,3,2026-02-21,10,quantile,0.15,6.0
2026-01-31,wk inc flu hosp,3,2026-02-21,10,quantile,0.2,12.0
2026-01-31,wk inc flu hosp,3,2026-02-21,10,quantile,0.25,18.0
2026-01-31,wk inc flu hosp,3,2026-02-21,10,quantile,0.3,20.0
2026-01-31,wk inc flu hosp,3,2026-02-21,10,quantile,0.35,22.0
2026-01-31,wk inc flu hosp,3,2026-02-21,10,quantile,0.4,24.0
2026-01-31,wk inc flu hosp,3,2026-02-21,10,quantile,0.45,26.0
2026-01-31,wk inc flu hosp,3,2026-02-21,10,quantile,0.5,27.0
2026-01-31,wk inc flu hosp,3,2026-02-21,10,quantile,0.55,29.0
2026-01-31,wk inc flu hosp,3,2026-02-21,10,quantile,0.6,31.0
2026-01-31,wk inc flu hosp,3,2026-02-21,10,quantile,0.65,34.0
2026-01-31,wk inc flu hosp,3,2026-02-21,10,quantile,0.7,36.0
2026-01-31,wk inc flu hosp,3,2026-02-21,10,quantile,0.75,38.0
2026-01-31,wk inc flu hosp,3,2026-02-21,10,quantile,0.8,41.0
2026-01-31,wk inc flu hosp,3,2026-02-21,10,quantile,0.85,43.0
2026-01-31,wk inc flu hosp,3,2026-02-21,10,quantile,0.9,47.0
2026-01-31,wk inc flu hosp,3,2026-02-21,10,quantile,0.95,53.0
2026-01-31,wk inc flu hosp,3,2026-02-21,10,quantile,0.975,59.0
2026-01-31,wk inc flu hosp,3,2026-02-21,10,quantile,0.99,67.0
2026-01-31,wk inc flu hosp,3,2026-02-21,11,quantile,0.01,0.0
2026-01-31,wk inc flu hosp,3,2026-02-21,11,quantile,0.025,0.0
2026-01-31,wk inc flu hosp,3,2026-02-21,11,quantile,0.05,0.0
2026-01-31,wk inc flu hosp,3,2026-02-21,11,quantile,0.1,0.0
2026-01-31,wk inc flu hosp,3,2026-02-21,11,quantile,0.15,2.0
2026-01-31,wk inc flu hosp,3,2026-02-21,11,quantile,0.2,6.0
2026-01-31,wk inc flu hosp,3,2026-02-21,11,quantile,0.25,7.0
2026-01-31,wk inc flu hosp,3,2026-02-21,11,quantile,0.3,7.0
2026-01-31,wk inc flu hosp,3,2026-02-21,11,quantile,0.35,8.0
2026-01-31,wk inc flu hosp,3,2026-02-21,11,quantile,0.4,8.0
2026-01-31,wk inc flu hosp,3,2026-02-21,11,quantile,0.45,8.0
2026-01-31,wk inc flu hosp,3,2026-02-21,11,quantile,0.5,8.0
2026-01-31,wk inc flu hosp,3,2026-02-21,11,quantile,0.55,8.0
2026-01-31,wk inc flu hosp,3,2026-02-21,11,quantile,0.6,10.0
2026-01-31,wk inc flu hosp,3,2026-02-21,11,quantile,0.65,12.0
2026-01-31,wk inc flu hosp,3,2026-02-21,11,quantile,0.7,13.0
2026-01-31,wk inc flu hosp,3,2026-02-21,11,quantile,0.75,16.0
2026-01-31,wk inc flu hosp,3,2026-02-21,11,quantile,0.8,18.0
2026-01-31,wk inc flu hosp,3,2026-02-21,11,quantile,0.85,20.0
2026-01-31,wk inc flu hosp,3,2026-02-21,11,quantile,0.9,23.0
2026-01-31,wk inc flu hosp,3,2026-02-21,11,quantile,0.95,27.0
2026-01-31,wk inc flu hosp,3,2026-02-21,11,quantile,0.975,32.0
2026-01-31,wk inc flu hosp,3,2026-02-21,11,quantile,0.99,38.0
2026-01-31,wk inc flu hosp,3,2026-02-21,12,quantile,0.01,72.0
2026-01-31,wk inc flu hosp,3,2026-02-21,12,quantile,0.025,146.0
2026-01-31,wk inc flu hosp,3,2026-02-21,12,quantile,0.05,203.0
2026-01-31,wk inc flu hosp,3,2026-02-21,12,quantile,0.1,270.0
2026-01-31,wk inc flu hosp,3,2026-02-21,12,quantile,0.15,330.0
2026-01-31,wk inc flu hosp,3,2026-02-21,12,quantile,0.2,362.0
2026-01-31,wk inc flu hosp,3,2026-02-21,12,quantile,0.25,404.0
2026-01-31,wk inc flu hosp,3,2026-02-21,12,quantile,0.3,435.0
2026-01-31,wk inc flu hosp,3,2026-02-21,12,quantile,0.35,469.0
2026-01-31,wk inc flu hosp,3,2026-02-21,12,quantile,0.4,497.0
2026-01-31,wk inc flu hosp,3,2026-02-21,12,quantile,0.45,522.0
2026-01-31,wk inc flu hosp,3,2026-02-21,12,quantile,0.5,553.0
2026-01-31,wk inc flu hosp,3,2026-02-21,12,quantile,0.55,586.0
2026-01-31,wk inc flu hosp,3,2026-02-21,12,quantile,0.6,632.0
2026-01-31,wk inc flu hosp,3,2026-02-21,12,quantile,0.65,684.0
2026-01-31,wk inc flu hosp,3,2026-02-21,12,quantile,0.7,748.0
2026-01-31,wk inc flu hosp,3,2026-02-21,12,quantile,0.75,797.0
2026-01-31,wk inc flu hosp,3,2026-02-21,12,quantile,0.8,825.0
2026-01-31,wk inc flu hosp,3,2026-02-21,12,quantile,0.85,870.0
2026-01-31,wk inc flu hosp,3,2026-02-21,12,quantile,0.9,933.0
2026-01-31,wk inc flu hosp,3,2026-02-21,12,quantile,0.95,1040.0
2026-01-31,wk inc flu hosp,3,2026-02-21,12,quantile,0.975,1158.0
2026-01-31,wk inc flu hosp,3,2026-02-21,12,quantile,0.99,1210.0
2026-01-31,wk inc flu hosp,3,2026-02-21,13,quantile,0.01,0.0
2026-01-31,wk inc flu hosp,3,2026-02-21,13,quantile,0.025,0.0
2026-01-31,wk inc flu hosp,3,2026-02-21,13,quantile,0.05,0.0
2026-01-31,wk inc flu hosp,3,2026-02-21,13,quantile,0.1,0.0
2026-01-31,wk inc flu hosp,3,2026-02-21,13,quantile,0.15,0.0
2026-01-31,wk inc flu hosp,3,2026-02-21,13,quantile,0.2,17.0
2026-01-31,wk inc flu hosp,3,2026-02-21,13,quantile,0.25,33.0
2026-01-31,wk inc flu hosp,3,2026-02-21,13,quantile,0.3,52.0
2026-01-31,wk inc flu hosp,3,2026-02-21,13,quantile,0.35,55.0
2026-01-31,wk inc flu hosp,3,2026-02-21,13,quantile,0.4,58.0
2026-01-31,wk inc flu hosp,3,2026-02-21,13,quantile,0.45,61.0
2026-01-31,wk inc flu hosp,3,2026-02-21,13,quantile,0.5,69.0
2026-01-31,wk inc flu hosp,3,2026-02-21,13,quantile,0.55,81.0
2026-01-31,wk inc flu hosp,3,2026-02-21,13,quantile,0.6,93.0
2026-01-31,wk inc flu hosp,3,2026-02-21,13,quantile,0.65,108.0
2026-01-31,wk inc flu hosp,3,2026-02-21,13,quantile,0.7,123.0
2026-01-31,wk inc flu hosp,3,2026-02-21,13,quantile,0.75,139.0
2026-01-31,wk inc flu hosp,3,2026-02-21,13,quantile,0.8,158.0
2026-01-31,wk inc flu hosp,3,2026-02-21,13,quantile,0.85,181.0
2026-01-31,wk inc flu hosp,3,2026-02-21,13,quantile,0.9,209.0
2026-01-31,wk inc flu hosp,3,2026-02-21,13,quantile,0.95,255.0
2026-01-31,wk inc flu hosp,3,2026-02-21,13,quantile,0.975,287.0
2026-01-31,wk inc flu hosp,3,2026-02-21,13,quantile,0.99,326.0
2026-01-31,wk inc flu hosp,3,2026-02-21,15,quantile,0.01,0.0
2026-01-31,wk inc flu hosp,3,2026-02-21,15,quantile,0.025,0.0
2026-01-31,wk inc flu hosp,3,2026-02-21,15,quantile,0.05,0.0
2026-01-31,wk inc flu hosp,3,2026-02-21,15,quantile,0.1,1.0
2026-01-31,wk inc flu hosp,3,2026-02-21,15,quantile,0.15,1.0
2026-01-31,wk inc flu hosp,3,2026-02-21,15,quantile,0.2,2.0
2026-01-31,wk inc flu hosp,3,2026-02-21,15,quantile,0.25,5.0
2026-01-31,wk inc flu hosp,3,2026-02-21,15,quantile,0.3,8.0
2026-01-31,wk inc flu hosp,3,2026-02-21,15,quantile,0.35,11.0
2026-01-31,wk inc flu hosp,3,2026-02-21,15,quantile,0.4,13.0
2026-01-31,wk inc flu hosp,3,2026-02-21,15,quantile,0.45,16.0
2026-01-31,wk inc flu hosp,3,2026-02-21,15,quantile,0.5,18.0
2026-01-31,wk inc flu hosp,3,2026-02-21,15,quantile,0.55,21.0
2026-01-31,wk inc flu hosp,3,2026-02-21,15,quantile,0.6,23.0
2026-01-31,wk inc flu hosp,3,2026-02-21,15,quantile,0.65,26.0
2026-01-31,wk inc flu hosp,3,2026-02-21,15,quantile,0.7,29.0
2026-01-31,wk inc flu hosp,3,2026-02-21,15,quantile,0.75,33.0
2026-01-31,wk inc flu hosp,3,2026-02-21,15,quantile,0.8,38.0
2026-01-31,wk inc flu hosp,3,2026-02-21,15,quantile,0.85,44.0
2026-01-31,wk inc flu hosp,3,2026-02-21,15,quantile,0.9,53.0
2026-01-31,wk inc flu hosp,3,2026-02-21,15,quantile,0.95,64.0
2026-01-31,wk inc flu hosp,3,2026-02-21,15,quantile,0.975,72.0
2026-01-31,wk inc flu hosp,3,2026-02-21,15,quantile,0.99,80.0
2026-01-31,wk inc flu hosp,3,2026-02-21,16,quantile,0.01,0.0
2026-01-31,wk inc flu hosp,3,2026-02-21,16,quantile,0.025,0.0
2026-01-31,wk inc flu hosp,3,2026-02-21,16,quantile,0.05,0.0
2026-01-31,wk inc flu hosp,3,2026-02-21,16,quantile,0.1,0.0
2026-01-31,wk inc flu hosp,3,2026-02-21,16,quantile,0.15,5.0
2026-01-31,wk inc flu hosp,3,2026-02-21,16,quantile,0.2,11.0
2026-01-31,wk inc flu hosp,3,2026-02-21,16,quantile,0.25,15.0
2026-01-31,wk inc flu hosp,3,2026-02-21,16,quantile,0.3,18.0
2026-01-31,wk inc flu hosp,3,2026-02-21,16,quantile,0.35,21.0
2026-01-31,wk inc flu hosp,3,2026-02-21,16,quantile,0.4,23.0
2026-01-31,wk inc flu hosp,3,2026-02-21,16,quantile,0.45,26.0
2026-01-31,wk inc flu hosp,3,2026-02-21,16,quantile,0.5,28.0
2026-01-31,wk inc flu hosp,3,2026-02-21,16,quantile,0.55,30.0
2026-01-31,wk inc flu hosp,3,2026-02-21,16,quantile,0.6,33.0
2026-01-31,wk inc flu hosp,3,2026-02-21,16,quantile,0.65,35.0
2026-01-31,wk inc flu hosp,3,2026-02-21,16,quantile,0.7,38.0
2026-01-31,wk inc flu hosp,3,2026-02-21,16,quantile,0.75,41.0
2026-01-31,wk inc flu hosp,3,2026-02-21,16,quantile,0.8,44.0
2026-01-31,wk inc flu hosp,3,2026-02-21,16,quantile,0.85,48.0
2026-01-31,wk inc flu hosp,3,2026-02-21,16,quantile,0.9,53.0
2026-01-31,wk inc flu hosp,3,2026-02-21,16,quantile,0.95,75.0
2026-01-31,wk inc flu hosp,3,2026-02-21,16,quantile,0.975,94.0
2026-01-31,wk inc flu hosp,3,2026-02-21,16,quantile,0.99,115.0
2026-01-31,wk inc flu hosp,3,2026-02-21,17,quantile,0.01,0.0
2026-01-31,wk inc flu hosp,3,2026-02-21,17,quantile,0.025,0.0
2026-01-31,wk inc flu hosp,3,2026-02-21,17,quantile,0.05,25.0
2026-01-31,wk inc flu hosp,3,2026-02-21,17,quantile,0.1,34.0
2026-01-31,wk inc flu hosp,3,2026-02-21,17,quantile,0.15,38.0
2026-01-31,wk inc flu hosp,3,2026-02-21,17,quantile,0.2,42.0
2026-01-31,wk inc flu hosp,3,2026-02-21,17,quantile,0.25,56.0
2026-01-31,wk inc flu hosp,3,2026-02-21,17,quantile,0.3,82.0
2026-01-31,wk inc flu hosp,3,2026-02-21,17,quantile,0.35,108.0
2026-01-31,wk inc flu hosp,3,2026-02-21,17,quantile,0.4,131.0
2026-01-31,wk inc flu hosp,3,2026-02-21,17,quantile,0.45,156.0
2026-01-31,wk inc flu hosp,3,2026-02-21,17,quantile,0.5,176.0
2026-01-31,wk inc flu hosp,3,2026-02-21,17,quantile,0.55,202.0
2026-01-31,wk inc flu hosp,3,2026-02-21,17,quantile,0.6,226.0
2026-01-31,wk inc flu hosp,3,2026-02-21,17,quantile,0.65,257.0
2026-01-31,wk inc flu hosp,3,2026-02-21,17,quantile,0.7,284.0
2026-01-31,wk inc flu hosp,3,2026-02-21,17,quantile,0.75,314.0
2026-01-31,wk inc flu hosp,3,2026-02-21,17,quantile,0.8,343.0
2026-01-31,wk inc flu hosp,3,2026-02-21,17,quantile,0.85,375.0
2026-01-31,wk inc flu hosp,3,2026-02-21,17,quantile,0.9,422.0
2026-01-31,wk inc flu hosp,3,2026-02-21,17,quantile,0.95,490.0
2026-01-31,wk inc flu hosp,3,2026-02-21,17,quantile,0.975,554.0
2026-01-31,wk inc flu hosp,3,2026-02-21,17,quantile,0.99,631.0
2026-01-31,wk inc flu hosp,3,2026-02-21,18,quantile,0.01,0.0
2026-01-31,wk inc flu hosp,3,2026-02-21,18,quantile,0.025,0.0
2026-01-31,wk inc flu hosp,3,2026-02-21,18,quantile,0.05,0.0
2026-01-31,wk inc flu hosp,3,2026-02-21,18,quantile,0.1,11.0
2026-01-31,wk inc flu hosp,3,2026-02-21,18,quantile,0.15,14.0
2026-01-31,wk inc flu hosp,3,2026-02-21,18,quantile,0.2,17.0
2026-01-31,wk inc flu hosp,3,2026-02-21,18,quantile,0.25,32.0
2026-01-31,wk inc flu hosp,3,2026-02-21,18,quantile,0.3,44.0
2026-01-31,wk inc flu hosp,3,2026-02-21,18,quantile,0.35,55.0
2026-01-31,wk inc flu hosp,3,2026-02-21,18,quantile,0.4,66.0
2026-01-31,wk inc flu hosp,3,2026-02-21,18,quantile,0.45,75.0
2026-01-31,wk inc flu hosp,3,2026-02-21,18,quantile,0.5,84.0
2026-01-31,wk inc flu hosp,3,2026-02-21,18,quantile,0.55,95.0
2026-01-31,wk inc flu hosp,3,2026-02-21,18,quantile,0.6,105.0
2026-01-31,wk inc flu hosp,3,2026-02-21,18,quantile,0.65,117.0
2026-01-31,wk inc flu hosp,3,2026-02-21,18,quantile,0.7,126.0
2026-01-31,wk inc flu hosp,3,2026-02-21,18,quantile,0.75,139.0
2026-01-31,wk inc flu hosp,3,2026-02-21,18,quantile,0.8,152.0
2026-01-31,wk inc flu hosp,3,2026-02-21,18,quantile,0.85,166.0
2026-01-31,wk inc flu hosp,3,2026-02-21,18,quantile,0.9,186.0
2026-01-31,wk inc flu hosp,3,2026-02-21,18,quantile,0.95,219.0
2026-01-31,wk inc flu hosp,3,2026-02-21,18,quantile,0.975,253.0
2026-01-31,wk inc flu hosp,3,2026-02-21,18,quantile,0.99,293.0
2026-01-31,wk inc flu hosp,3,2026-02-21,19,quantile,0.01,3.0
2026-01-31,wk inc flu hosp,3,2026-02-21,19,quantile,0.025,10.0
2026-01-31,wk inc flu hosp,3,2026-02-21,19,quantile,0.05,20.0
2026-01-31,wk inc flu hosp,3,2026-02-21,19,quantile,0.1,35.0
2026-01-31,wk inc flu hosp,3,2026-02-21,19,quantile,0.15,47.0
2026-01-31,wk inc flu hosp,3,2026-02-21,19,quantile,0.2,55.0
2026-01-31,wk inc flu hosp,3,2026-02-21,19,quantile,0.25,63.0
2026-01-31,wk inc flu hosp,3,2026-02-21,19,quantile,0.3,71.0
2026-01-31,wk inc flu hosp,3,2026-02-21,19,quantile,0.35,78.0
2026-01-31,wk inc flu hosp,3,2026-02-21,19,quantile,0.4,84.0
2026-01-31,wk inc flu hosp,3,2026-02-21,19,quantile,0.45,90.0
2026-01-31,wk inc flu hosp,3,2026-02-21,19,quantile,0.5,92.0
2026-01-31,wk inc flu hosp,3,2026-02-21,19,quantile,0.55,95.0
2026-01-31,wk inc flu hosp,3,2026-02-21,19,quantile,0.6,98.0
2026-01-31,wk inc flu hosp,3,2026-02-21,19,quantile,0.65,101.0
2026-01-31,wk inc flu hosp,3,2026-02-21,19,quantile,0.7,104.0
2026-01-31,wk inc flu hosp,3,2026-02-21,19,quantile,0.75,108.0
2026-01-31,wk inc flu hosp,3,2026-02-21,19,quantile,0.8,111.0
2026-01-31,wk inc flu hosp,3,2026-02-21,19,quantile,0.85,115.0
2026-01-31,wk inc flu hosp,3,2026-02-21,19,quantile,0.9,120.0
2026-01-31,wk inc flu hosp,3,2026-02-21,19,quantile,0.95,129.0
2026-01-31,wk inc flu hosp,3,2026-02-21,19,quantile,0.975,137.0
2026-01-31,wk inc flu hosp,3,2026-02-21,19,quantile,0.99,147.0
2026-01-31,wk inc flu hosp,3,2026-02-21,20,quantile,0.01,0.0
2026-01-31,wk inc flu hosp,3,2026-02-21,20,quantile,0.025,0.0
2026-01-31,wk inc flu hosp,3,2026-02-21,20,quantile,0.05,3.0
2026-01-31,wk inc flu hosp,3,2026-02-21,20,quantile,0.1,33.0
2026-01-31,wk inc flu hosp,3,2026-02-21,20,quantile,0.15,52.0
2026-01-31,wk inc flu hosp,3,2026-02-21,20,quantile,0.2,74.0
2026-01-31,wk inc flu hosp,3,2026-02-21,20,quantile,0.25,94.0
2026-01-31,wk inc flu hosp,3,2026-02-21,20,quantile,0.3,105.0
2026-01-31,wk inc flu hosp,3,2026-02-21,20,quantile,0.35,118.0
2026-01-31,wk inc flu hosp,3,2026-02-21,20,quantile,0.4,126.0
2026-01-31,wk inc flu hosp,3,2026-02-21,20,quantile,0.45,133.0
2026-01-31,wk inc flu hosp,3,2026-02-21,20,quantile,0.5,140.0
2026-01-31,wk inc flu hosp,3,2026-02-21,20,quantile,0.55,145.0
2026-01-31,wk inc flu hosp,3,2026-02-21,20,quantile,0.6,149.0
2026-01-31,wk inc flu hosp,3,2026-02-21,20,quantile,0.65,155.0
2026-01-31,wk inc flu hosp,3,2026-02-21,20,quantile,0.7,160.0
2026-01-31,wk inc flu hosp,3,2026-02-21,20,quantile,0.75,166.0
2026-01-31,wk inc flu hosp,3,2026-02-21,20,quantile,0.8,171.0
2026-01-31,wk inc flu hosp,3,2026-02-21,20,quantile,0.85,178.0
2026-01-31,wk inc flu hosp,3,2026-02-21,20,quantile,0.9,186.0
2026-01-31,wk inc flu hosp,3,2026-02-21,20,quantile,0.95,199.0
2026-01-31,wk inc flu hosp,3,2026-02-21,20,quantile,0.975,214.0
2026-01-31,wk inc flu hosp,3,2026-02-21,20,quantile,0.99,229.0
2026-01-31,wk inc flu hosp,3,2026-02-21,21,quantile,0.01,0.0
2026-01-31,wk inc flu hosp,3,2026-02-21,21,quantile,0.025,0.0
2026-01-31,wk inc flu hosp,3,2026-02-21,21,quantile,0.05,0.0
2026-01-31,wk inc flu hosp,3,2026-02-21,21,quantile,0.1,0.0
2026-01-31,wk inc flu hosp,3,2026-02-21,21,quantile,0.15,0.0
2026-01-31,wk inc flu hosp,3,2026-02-21,21,quantile,0.2,6.0
2026-01-31,wk inc flu hosp,3,2026-02-21,21,quantile,0.25,35.0
2026-01-31,wk inc flu hosp,3,2026-02-21,21,quantile,0.3,37.0
2026-01-31,wk inc flu hosp,3,2026-02-21,21,quantile,0.35,38.0
2026-01-31,wk inc flu hosp,3,2026-02-21,21,quantile,0.4,39.0
2026-01-31,wk inc flu hosp,3,2026-02-21,21,quantile,0.45,40.0
2026-01-31,wk inc flu hosp,3,2026-02-21,21,quantile,0.5,41.0
2026-01-31,wk inc flu hosp,3,2026-02-21,21,quantile,0.55,42.0
2026-01-31,wk inc flu hosp,3,2026-02-21,21,quantile,0.6,43.0
2026-01-31,wk inc flu hosp,3,2026-02-21,21,quantile,0.65,45.0
2026-01-31,wk inc flu hosp,3,2026-02-21,21,quantile,0.7,50.0
2026-01-31,wk inc flu hosp,3,2026-02-21,21,quantile,0.75,72.0
2026-01-31,wk inc flu hosp,3,2026-02-21,21,quantile,0.8,90.0
2026-01-31,wk inc flu hosp,3,2026-02-21,21,quantile,0.85,115.0
2026-01-31,wk inc flu hosp,3,2026-02-21,21,quantile,0.9,152.0
2026-01-31,wk inc flu hosp,3,2026-02-21,21,quantile,0.95,212.0
2026-01-31,wk inc flu hosp,3,2026-02-21,21,quantile,0.975,256.0
2026-01-31,wk inc flu hosp,3,2026-02-21,21,quantile,0.99,301.0
2026-01-31,wk inc flu hosp,3,2026-02-21,22,quantile,0.01,25.0
2026-01-31,wk inc flu hosp,3,2026-02-21,22,quantile,0.025,35.0
2026-01-31,wk inc flu hosp,3,2026-02-21,22,quantile,0.05,47.0
2026-01-31,wk inc flu hosp,3,2026-02-21,22,quantile,0.1,66.0
2026-01-31,wk inc flu hosp,3,2026-02-21,22,quantile,0.15,86.0
2026-01-31,wk inc flu hosp,3,2026-02-21,22,quantile,0.2,104.0
2026-01-31,wk inc flu hosp,3,2026-02-21,22,quantile,0.25,117.0
2026-01-31,wk inc flu hosp,3,2026-02-21,22,quantile,0.3,124.0
2026-01-31,wk inc flu hosp,3,2026-02-21,22,quantile,0.35,130.0
2026-01-31,wk inc flu hosp,3,2026-02-21,22,quantile,0.4,135.0
2026-01-31,wk inc flu hosp,3,2026-02-21,22,quantile,0.45,140.0
2026-01-31,wk inc flu hosp,3,2026-02-21,22,quantile,0.5,145.0
2026-01-31,wk inc flu hosp,3,2026-02-21,22,quantile,0.55,150.0
2026-01-31,wk inc flu hosp,3,2026-02-21,22,quantile,0.6,156.0
2026-01-31,wk inc flu hosp,3,2026-02-21,22,quantile,0.65,168.0
2026-01-31,wk inc flu hosp,3,2026-02-21,22,quantile,0.7,182.0
2026-01-31,wk inc flu hosp,3,2026-02-21,22,quantile,0.75,202.0
2026-01-31,wk inc flu hosp,3,2026-02-21,22,quantile,0.8,216.0
2026-01-31,wk inc flu hosp,3,2026-02-21,22,quantile,0.85,255.0
2026-01-31,wk inc flu hosp,3,2026-02-21,22,quantile,0.9,284.0
2026-01-31,wk inc flu hosp,3,2026-02-21,22,quantile,0.95,314.0
2026-01-31,wk inc flu hosp,3,2026-02-21,22,quantile,0.975,336.0
2026-01-31,wk inc flu hosp,3,2026-02-21,22,quantile,0.99,361.0
2026-01-31,wk inc flu hosp,3,2026-02-21,23,quantile,0.01,0.0
2026-01-31,wk inc flu hosp,3,2026-02-21,23,quantile,0.025,2.0
2026-01-31,wk inc flu hosp,3,2026-02-21,23,quantile,0.05,7.0
2026-01-31,wk inc flu hosp,3,2026-02-21,23,quantile,0.1,19.0
2026-01-31,wk inc flu hosp,3,2026-02-21,23,quantile,0.15,26.0
2026-01-31,wk inc flu hosp,3,2026-02-21,23,quantile,0.2,32.0
2026-01-31,wk inc flu hosp,3,2026-02-21,23,quantile,0.25,37.0
2026-01-31,wk inc flu hosp,3,2026-02-21,23,quantile,0.3,42.0
2026-01-31,wk inc flu hosp,3,2026-02-21,23,quantile,0.35,44.0
2026-01-31,wk inc flu hosp,3,2026-02-21,23,quantile,0.4,46.0
2026-01-31,wk inc flu hosp,3,2026-02-21,23,quantile,0.45,48.0
2026-01-31,wk inc flu hosp,3,2026-02-21,23,quantile,0.5,49.0
2026-01-31,wk inc flu hosp,3,2026-02-21,23,quantile,0.55,51.0
2026-01-31,wk inc flu hosp,3,2026-02-21,23,quantile,0.6,53.0
2026-01-31,wk inc flu hosp,3,2026-02-21,23,quantile,0.65,56.0
2026-01-31,wk inc flu hosp,3,2026-02-21,23,quantile,0.7,58.0
2026-01-31,wk inc flu hosp,3,2026-02-21,23,quantile,0.75,61.0
2026-01-31,wk inc flu hosp,3,2026-02-21,23,quantile,0.8,63.0
2026-01-31,wk inc flu hosp,3,2026-02-21,23,quantile,0.85,66.0
2026-01-31,wk inc flu hosp,3,2026-02-21,23,quantile,0.9,72.0
2026-01-31,wk inc flu hosp,3,2026-02-21,23,quantile,0.95,81.0
2026-01-31,wk inc flu hosp,3,2026-02-21,23,quantile,0.975,89.0
2026-01-31,wk inc flu hosp,3,2026-02-21,23,quantile,0.99,98.0
2026-01-31,wk inc flu hosp,3,2026-02-21,24,quantile,0.01,0.0
2026-01-31,wk inc flu hosp,3,2026-02-21,24,quantile,0.025,0.0
2026-01-31,wk inc flu hosp,3,2026-02-21,24,quantile,0.05,0.0
2026-01-31,wk inc flu hosp,3,2026-02-21,24,quantile,0.1,0.0
2026-01-31,wk inc flu hosp,3,2026-02-21,24,quantile,0.15,7.0
2026-01-31,wk inc flu hosp,3,2026-02-21,24,quantile,0.2,8.0
2026-01-31,wk inc flu hosp,3,2026-02-21,24,quantile,0.25,12.0
2026-01-31,wk inc flu hosp,3,2026-02-21,24,quantile,0.3,20.0
2026-01-31,wk inc flu hosp,3,2026-02-21,24,quantile,0.35,27.0
2026-01-31,wk inc flu hosp,3,2026-02-21,24,quantile,0.4,33.0
2026-01-31,wk inc flu hosp,3,2026-02-21,24,quantile,0.45,40.0
2026-01-31,wk inc flu hosp,3,2026-02-21,24,quantile,0.5,48.0
2026-01-31,wk inc flu hosp,3,2026-02-21,24,quantile,0.55,56.0
2026-01-31,wk inc flu hosp,3,2026-02-21,24,quantile,0.6,65.0
2026-01-31,wk inc flu hosp,3,2026-02-21,24,quantile,0.65,77.0
2026-01-31,wk inc flu hosp,3,2026-02-21,24,quantile,0.7,91.0
2026-01-31,wk inc flu hosp,3,2026-02-21,24,quantile,0.75,109.0
2026-01-31,wk inc flu hosp,3,2026-02-21,24,quantile,0.8,134.0
2026-01-31,wk inc flu hosp,3,2026-02-21,24,quantile,0.85,179.0
2026-01-31,wk inc flu hosp,3,2026-02-21,24,quantile,0.9,266.0
2026-01-31,wk inc flu hosp,3,2026-02-21,24,quantile,0.95,306.0
2026-01-31,wk inc flu hosp,3,2026-02-21,24,quantile,0.975,348.0
2026-01-31,wk inc flu hosp,3,2026-02-21,24,quantile,0.99,434.0
2026-01-31,wk inc flu hosp,3,2026-02-21,25,quantile,0.01,0.0
2026-01-31,wk inc flu hosp,3,2026-02-21,25,quantile,0.025,0.0
2026-01-31,wk inc flu hosp,3,2026-02-21,25,quantile,0.05,11.0
2026-01-31,wk inc flu hosp,3,2026-02-21,25,quantile,0.1,21.0
2026-01-31,wk inc flu hosp,3,2026-02-21,25,quantile,0.15,28.0
2026-01-31,wk inc flu hosp,3,2026-02-21,25,quantile,0.2,34.0
2026-01-31,wk inc flu hosp,3,2026-02-21,25,quantile,0.25,39.0
2026-01-31,wk inc flu hosp,3,2026-02-21,25,quantile,0.3,44.0
2026-01-31,wk inc flu hosp,3,2026-02-21,25,quantile,0.35,49.0
2026-01-31,wk inc flu hosp,3,2026-02-21,25,quantile,0.4,53.0
2026-01-31,wk inc flu hosp,3,2026-02-21,25,quantile,0.45,57.0
2026-01-31,wk inc flu hosp,3,2026-02-21,25,quantile,0.5,61.0
2026-01-31,wk inc flu hosp,3,2026-02-21,25,quantile,0.55,66.0
2026-01-31,wk inc flu hosp,3,2026-02-21,25,quantile,0.6,70.0
2026-01-31,wk inc flu hosp,3,2026-02-21,25,quantile,0.65,75.0
2026-01-31,wk inc flu hosp,3,2026-02-21,25,quantile,0.7,79.0
2026-01-31,wk inc flu hosp,3,2026-02-21,25,quantile,0.75,85.0
2026-01-31,wk inc flu hosp,3,2026-02-21,25,quantile,0.8,90.0
2026-01-31,wk inc flu hosp,3,2026-02-21,25,quantile,0.85,96.0
2026-01-31,wk inc flu hosp,3,2026-02-21,25,quantile,0.9,104.0
2026-01-31,wk inc flu hosp,3,2026-02-21,25,quantile,0.95,115.0
2026-01-31,wk inc flu hosp,3,2026-02-21,25,quantile,0.975,126.0
2026-01-31,wk inc flu hosp,3,2026-02-21,25,quantile,0.99,147.0
2026-01-31,wk inc flu hosp,3,2026-02-21,26,quantile,0.01,19.0
2026-01-31,wk inc flu hosp,3,2026-02-21,26,quantile,0.025,57.0
2026-01-31,wk inc flu hosp,3,2026-02-21,26,quantile,0.05,90.0
2026-01-31,wk inc flu hosp,3,2026-02-21,26,quantile,0.1,128.0
2026-01-31,wk inc flu hosp,3,2026-02-21,26,quantile,0.15,152.0
2026-01-31,wk inc flu hosp,3,2026-02-21,26,quantile,0.2,174.0
2026-01-31,wk inc flu hosp,3,2026-02-21,26,quantile,0.25,198.0
2026-01-31,wk inc flu hosp,3,2026-02-21,26,quantile,0.3,221.0
2026-01-31,wk inc flu hosp,3,2026-02-21,26,quantile,0.35,233.0
2026-01-31,wk inc flu hosp,3,2026-02-21,26,quantile,0.4,243.0
2026-01-31,wk inc flu hosp,3,2026-02-21,26,quantile,0.45,252.0
2026-01-31,wk inc flu hosp,3,2026-02-21,26,quantile,0.5,261.0
2026-01-31,wk inc flu hosp,3,2026-02-21,26,quantile,0.55,269.0
2026-01-31,wk inc flu hosp,3,2026-02-21,26,quantile,0.6,276.0
2026-01-31,wk inc flu hosp,3,2026-02-21,26,quantile,0.65,285.0
2026-01-31,wk inc flu hosp,3,2026-02-21,26,quantile,0.7,294.0
2026-01-31,wk inc flu hosp,3,2026-02-21,26,quantile,0.75,304.0
2026-01-31,wk inc flu hosp,3,2026-02-21,26,quantile,0.8,313.0
2026-01-31,wk inc flu hosp,3,2026-02-21,26,quantile,0.85,324.0
2026-01-31,wk inc flu hosp,3,2026-02-21,26,quantile,0.9,339.0
2026-01-31,wk inc flu hosp,3,2026-02-21,26,quantile,0.95,361.0
2026-01-31,wk inc flu hosp,3,2026-02-21,26,quantile,0.975,401.0
2026-01-31,wk inc flu hosp,3,2026-02-21,26,quantile,0.99,501.0
2026-01-31,wk inc flu hosp,3,2026-02-21,27,quantile,0.01,11.0
2026-01-31,wk inc flu hosp,3,2026-02-21,27,quantile,0.025,17.0
2026-01-31,wk inc flu hosp,3,2026-02-21,27,quantile,0.05,38.0
2026-01-31,wk inc flu hosp,3,2026-02-21,27,quantile,0.1,81.0
2026-01-31,wk inc flu hosp,3,2026-02-21,27,quantile,0.15,111.0
2026-01-31,wk inc flu hosp,3,2026-02-21,27,quantile,0.2,134.0
2026-01-31,wk inc flu hosp,3,2026-02-21,27,quantile,0.25,149.0
2026-01-31,wk inc flu hosp,3,2026-02-21,27,quantile,0.3,163.0
2026-01-31,wk inc flu hosp,3,2026-02-21,27,quantile,0.35,175.0
2026-01-31,wk inc flu hosp,3,2026-02-21,27,quantile,0.4,187.0
2026-01-31,wk inc flu hosp,3,2026-02-21,27,quantile,0.45,199.0
2026-01-31,wk inc flu hosp,3,2026-02-21,27,quantile,0.5,209.0
2026-01-31,wk inc flu hosp,3,2026-02-21,27,quantile,0.55,221.0
2026-01-31,wk inc flu hosp,3,2026-02-21,27,quantile,0.6,233.0
2026-01-31,wk inc flu hosp,3,2026-02-21,27,quantile,0.65,244.0
2026-01-31,wk inc flu hosp,3,2026-02-21,27,quantile,0.7,257.0
2026-01-31,wk inc flu hosp,3,2026-02-21,27,quantile,0.75,271.0
2026-01-31,wk inc flu hosp,3,2026-02-21,27,quantile,0.8,285.0
2026-01-31,wk inc flu hosp,3,2026-02-21,27,quantile,0.85,302.0
2026-01-31,wk inc flu hosp,3,2026-02-21,27,quantile,0.9,326.0
2026-01-31,wk inc flu hosp,3,2026-02-21,27,quantile,0.95,356.0
2026-01-31,wk inc flu hosp,3,2026-02-21,27,quantile,0.975,383.0
2026-01-31,wk inc flu hosp,3,2026-02-21,27,quantile,0.99,477.0
2026-01-31,wk inc flu hosp,3,2026-02-21,28,quantile,0.01,0.0
2026-01-31,wk inc flu hosp,3,2026-02-21,28,quantile,0.025,0.0
2026-01-31,wk inc flu hosp,3,2026-02-21,28,quantile,0.05,0.0
2026-01-31,wk inc flu hosp,3,2026-02-21,28,quantile,0.1,11.0
2026-01-31,wk inc flu hosp,3,2026-02-21,28,quantile,0.15,23.0
2026-01-31,wk inc flu hosp,3,2026-02-21,28,quantile,0.2,29.0
2026-01-31,wk inc flu hosp,3,2026-02-21,28,quantile,0.25,30.0
2026-01-31,wk inc flu hosp,3,2026-02-21,28,quantile,0.3,36.0
2026-01-31,wk inc flu hosp,3,2026-02-21,28,quantile,0.35,42.0
2026-01-31,wk inc flu hosp,3,2026-02-21,28,quantile,0.4,48.0
2026-01-31,wk inc flu hosp,3,2026-02-21,28,quantile,0.45,53.0
2026-01-31,wk inc flu hosp,3,2026-02-21,28,quantile,0.5,60.0
2026-01-31,wk inc flu hosp,3,2026-02-21,28,quantile,0.55,67.0
2026-01-31,wk inc flu hosp,3,2026-02-21,28,quantile,0.6,73.0
2026-01-31,wk inc flu hosp,3,2026-02-21,28,quantile,0.65,81.0
2026-01-31,wk inc flu hosp,3,2026-02-21,28,quantile,0.7,90.0
2026-01-31,wk inc flu hosp,3,2026-02-21,28,quantile,0.75,98.0
2026-01-31,wk inc flu hosp,3,2026-02-21,28,quantile,0.8,111.0
2026-01-31,wk inc flu hosp,3,2026-02-21,28,quantile,0.85,126.0
2026-01-31,wk inc flu hosp,3,2026-02-21,28,quantile,0.9,145.0
2026-01-31,wk inc flu hosp,3,2026-02-21,28,quantile,0.95,177.0
2026-01-31,wk inc flu hosp,3,2026-02-21,28,quantile,0.975,208.0
2026-01-31,wk inc flu hosp,3,2026-02-21,28,quantile,0.99,240.0
2026-01-31,wk inc flu hosp,3,2026-02-21,30,quantile,0.01,0.0
2026-01-31,wk inc flu hosp,3,2026-02-21,30,quantile,0.025,0.0
2026-01-31,wk inc flu hosp,3,2026-02-21,30,quantile,0.05,0.0
2026-01-31,wk inc flu hosp,3,2026-02-21,30,quantile,0.1,0.0
2026-01-31,wk inc flu hosp,3,2026-02-21,30,quantile,0.15,0.0
2026-01-31,wk inc flu hosp,3,2026-02-21,30,quantile,0.2,3.0
2026-01-31,wk inc flu hosp,3,2026-02-21,30,quantile,0.25,3.0
2026-01-31,wk inc flu hosp,3,2026-02-21,30,quantile,0.3,3.0
2026-01-31,wk inc flu hosp,3,2026-02-21,30,quantile,0.35,22.0
2026-01-31,wk inc flu hosp,3,2026-02-21,30,quantile,0.4,42.0
2026-01-31,wk inc flu hosp,3,2026-02-21,30,quantile,0.45,64.0
2026-01-31,wk inc flu hosp,3,2026-02-21,30,quantile,0.5,81.0
2026-01-31,wk inc flu hosp,3,2026-02-21,30,quantile,0.55,102.0
2026-01-31,wk inc flu hosp,3,2026-02-21,30,quantile,0.6,122.0
2026-01-31,wk inc flu hosp,3,2026-02-21,30,quantile,0.65,145.0
2026-01-31,wk inc flu hosp,3,2026-02-21,30,quantile,0.7,166.0
2026-01-31,wk inc flu hosp,3,2026-02-21,30,quantile,0.75,192.0
2026-01-31,wk inc flu hosp,3,2026-02-21,30,quantile,0.8,215.0
2026-01-31,wk inc flu hosp,3,2026-02-21,30,quantile,0.85,244.0
2026-01-31,wk inc flu hosp,3,2026-02-21,30,quantile,0.9,284.0
2026-01-31,wk inc flu hosp,3,2026-02-21,30,quantile,0.95,336.0
2026-01-31,wk inc flu hosp,3,2026-02-21,30,quantile,0.975,386.0
2026-01-31,wk inc flu hosp,3,2026-02-21,30,quantile,0.99,455.0
2026-01-31,wk inc flu hosp,3,2026-02-21,31,quantile,0.01,0.0
2026-01-31,wk inc flu hosp,3,2026-02-21,31,quantile,0.025,0.0
2026-01-31,wk inc flu hosp,3,2026-02-21,31,quantile,0.05,0.0
2026-01-31,wk inc flu hosp,3,2026-02-21,31,quantile,0.1,0.0
2026-01-31,wk inc flu hosp,3,2026-02-21,31,quantile,0.15,0.0
2026-01-31,wk inc flu hosp,3,2026-02-21,31,quantile,0.2,33.0
2026-01-31,wk inc flu hosp,3,2026-02-21,31,quantile,0.25,55.0
2026-01-31,wk inc flu hosp,3,2026-02-21,31,quantile,0.3,55.0
2026-01-31,wk inc flu hosp,3,2026-02-21,31,quantile,0.35,56.0
2026-01-31,wk inc flu hosp,3,2026-02-21,31,quantile,0.4,58.0
2026-01-31,wk inc flu hosp,3,2026-02-21,31,quantile,0.45,59.0
2026-01-31,wk inc flu hosp,3,2026-02-21,31,quantile,0.5,60.0
2026-01-31,wk inc flu hosp,3,2026-02-21,31,quantile,0.55,61.0
2026-01-31,wk inc flu hosp,3,2026-02-21,31,quantile,0.6,73.0
2026-01-31,wk inc flu hosp,3,2026-02-21,31,quantile,0.65,97.0
2026-01-31,wk inc flu hosp,3,2026-02-21,31,quantile,0.7,119.0
2026-01-31,wk inc flu hosp,3,2026-02-21,31,quantile,0.75,143.0
2026-01-31,wk inc flu hosp,3,2026-02-21,31,quantile,0.8,167.0
2026-01-31,wk inc flu hosp,3,2026-02-21,31,quantile,0.85,194.0
2026-01-31,wk inc flu hosp,3,2026-02-21,31,quantile,0.9,232.0
2026-01-31,wk inc flu hosp,3,2026-02-21,31,quantile,0.95,288.0
2026-01-31,wk inc flu hosp,3,2026-02-21,31,quantile,0.975,343.0
2026-01-31,wk inc flu hosp,3,2026-02-21,31,quantile,0.99,414.0
2026-01-31,wk inc flu hosp,3,2026-02-21,32,quantile,0.01,0.0
2026-01-31,wk inc flu hosp,3,2026-02-21,32,quantile,0.025,0.0
2026-01-31,wk inc flu hosp,3,2026-02-21,32,quantile,0.05,2.0
2026-01-31,wk inc flu hosp,3,2026-02-21,32,quantile,0.1,14.0
2026-01-31,wk inc flu hosp,3,2026-02-21,32,quantile,0.15,22.0
2026-01-31,wk inc flu hosp,3,2026-02-21,32,quantile,0.2,30.0
2026-01-31,wk inc flu hosp,3,2026-02-21,32,quantile,0.25,36.0
2026-01-31,wk inc flu hosp,3,2026-02-21,32,quantile,0.3,39.0
2026-01-31,wk inc flu hosp,3,2026-02-21,32,quantile,0.35,42.0
2026-01-31,wk inc flu hosp,3,2026-02-21,32,quantile,0.4,45.0
2026-01-31,wk inc flu hosp,3,2026-02-21,32,quantile,0.45,47.0
2026-01-31,wk inc flu hosp,3,2026-02-21,32,quantile,0.5,49.0
2026-01-31,wk inc flu hosp,3,2026-02-21,32,quantile,0.55,52.0
2026-01-31,wk inc flu hosp,3,2026-02-21,32,quantile,0.6,55.0
2026-01-31,wk inc flu hosp,3,2026-02-21,32,quantile,0.65,58.0
2026-01-31,wk inc flu hosp,3,2026-02-21,32,quantile,0.7,61.0
2026-01-31,wk inc flu hosp,3,2026-02-21,32,quantile,0.75,65.0
2026-01-31,wk inc flu hosp,3,2026-02-21,32,quantile,0.8,68.0
2026-01-31,wk inc flu hosp,3,2026-02-21,32,quantile,0.85,71.0
2026-01-31,wk inc flu hosp,3,2026-02-21,32,quantile,0.9,76.0
2026-01-31,wk inc flu hosp,3,2026-02-21,32,quantile,0.95,82.0
2026-01-31,wk inc flu hosp,3,2026-02-21,32,quantile,0.975,88.0
2026-01-31,wk inc flu hosp,3,2026-02-21,32,quantile,0.99,95.0
2026-01-31,wk inc flu hosp,3,2026-02-21,33,quantile,0.01,0.0
2026-01-31,wk inc flu hosp,3,2026-02-21,33,quantile,0.025,0.0
2026-01-31,wk inc flu hosp,3,2026-02-21,33,quantile,0.05,0.0
2026-01-31,wk inc flu hosp,3,2026-02-21,33,quantile,0.1,4.0
2026-01-31,wk inc flu hosp,3,2026-02-21,33,quantile,0.15,7.0
2026-01-31,wk inc flu hosp,3,2026-02-21,33,quantile,0.2,14.0
2026-01-31,wk inc flu hosp,3,2026-02-21,33,quantile,0.25,24.0
2026-01-31,wk inc flu hosp,3,2026-02-21,33,quantile,0.3,32.0
2026-01-31,wk inc flu hosp,3,2026-02-21,33,quantile,0.35,40.0
2026-01-31,wk inc flu hosp,3,2026-02-21,33,quantile,0.4,43.0
2026-01-31,wk inc flu hosp,3,2026-02-21,33,quantile,0.45,45.0
2026-01-31,wk inc flu hosp,3,2026-02-21,33,quantile,0.5,47.0
2026-01-31,wk inc flu hosp,3,2026-02-21,33,quantile,0.55,49.0
2026-01-31,wk inc flu hosp,3,2026-02-21,33,quantile,0.6,51.0
2026-01-31,wk inc flu hosp,3,2026-02-21,33,quantile,0.65,54.0
2026-01-31,wk inc flu hosp,3,2026-02-21,33,quantile,0.7,56.0
2026-01-31,wk inc flu hosp,3,2026-02-21,33,quantile,0.75,59.0
2026-01-31,wk inc flu hosp,3,2026-02-21,33,quantile,0.8,62.0
2026-01-31,wk inc flu hosp,3,2026-02-21,33,quantile,0.85,65.0
2026-01-31,wk inc flu hosp,3,2026-02-21,33,quantile,0.9,69.0
2026-01-31,wk inc flu hosp,3,2026-02-21,33,quantile,0.95,74.0
2026-01-31,wk inc flu hosp,3,2026-02-21,33,quantile,0.975,83.0
2026-01-31,wk inc flu hosp,3,2026-02-21,33,quantile,0.99,92.0
2026-01-31,wk inc flu hosp,3,2026-02-21,34,quantile,0.01,0.0
2026-01-31,wk inc flu hosp,3,2026-02-21,34,quantile,0.025,0.0
2026-01-31,wk inc flu hosp,3,2026-02-21,34,quantile,0.05,0.0
2026-01-31,wk inc flu hosp,3,2026-02-21,34,quantile,0.1,29.0
2026-01-31,wk inc flu hosp,3,2026-02-21,34,quantile,0.15,34.0
2026-01-31,wk inc flu hosp,3,2026-02-21,34,quantile,0.2,36.0
2026-01-31,wk inc flu hosp,3,2026-02-21,34,quantile,0.25,38.0
2026-01-31,wk inc flu hosp,3,2026-02-21,34,quantile,0.3,40.0
2026-01-31,wk inc flu hosp,3,2026-02-21,34,quantile,0.35,48.0
2026-01-31,wk inc flu hosp,3,2026-02-21,34,quantile,0.4,59.0
2026-01-31,wk inc flu hosp,3,2026-02-21,34,quantile,0.45,69.0
2026-01-31,wk inc flu hosp,3,2026-02-21,34,quantile,0.5,81.0
2026-01-31,wk inc flu hosp,3,2026-02-21,34,quantile,0.55,95.0
2026-01-31,wk inc flu hosp,3,2026-02-21,34,quantile,0.6,109.0
2026-01-31,wk inc flu hosp,3,2026-02-21,34,quantile,0.65,127.0
2026-01-31,wk inc flu hosp,3,2026-02-21,34,quantile,0.7,136.0
2026-01-31,wk inc flu hosp,3,2026-02-21,34,quantile,0.75,147.0
2026-01-31,wk inc flu hosp,3,2026-02-21,34,quantile,0.8,157.0
2026-01-31,wk inc flu hosp,3,2026-02-21,34,quantile,0.85,168.0
2026-01-31,wk inc flu hosp,3,2026-02-21,34,quantile,0.9,182.0
2026-01-31,wk inc flu hosp,3,2026-02-21,34,quantile,0.95,235.0
2026-01-31,wk inc flu hosp,3,2026-02-21,34,quantile,0.975,331.0
2026-01-31,wk inc flu hosp,3,2026-02-21,34,quantile,0.99,412.0
2026-01-31,wk inc flu hosp,3,2026-02-21,35,quantile,0.01,0.0
2026-01-31,wk inc flu hosp,3,2026-02-21,35,quantile,0.025,1.0
2026-01-31,wk inc flu hosp,3,2026-02-21,35,quantile,0.05,4.0
2026-01-31,wk inc flu hosp,3,2026-02-21,35,quantile,0.1,11.0
2026-01-31,wk inc flu hosp,3,2026-02-21,35,quantile,0.15,15.0
2026-01-31,wk inc flu hosp,3,2026-02-21,35,quantile,0.2,17.0
2026-01-31,wk inc flu hosp,3,2026-02-21,35,quantile,0.25,19.0
2026-01-31,wk inc flu hosp,3,2026-02-21,35,quantile,0.3,21.0
2026-01-31,wk inc flu hosp,3,2026-02-21,35,quantile,0.35,23.0
2026-01-31,wk inc flu hosp,3,2026-02-21,35,quantile,0.4,25.0
2026-01-31,wk inc flu hosp,3,2026-02-21,35,quantile,0.45,26.0
2026-01-31,wk inc flu hosp,3,2026-02-21,35,quantile,0.5,28.0
2026-01-31,wk inc flu hosp,3,2026-02-21,35,quantile,0.55,30.0
2026-01-31,wk inc flu hosp,3,2026-02-21,35,quantile,0.6,32.0
2026-01-31,wk inc flu hosp,3,2026-02-21,35,quantile,0.65,34.0
2026-01-31,wk inc flu hosp,3,2026-02-21,35,quantile,0.7,35.0
2026-01-31,wk inc flu hosp,3,2026-02-21,35,quantile,0.75,38.0
2026-01-31,wk inc flu hosp,3,2026-02-21,35,quantile,0.8,40.0
2026-01-31,wk inc flu hosp,3,2026-02-21,35,quantile,0.85,42.0
2026-01-31,wk inc flu hosp,3,2026-02-21,35,quantile,0.9,46.0
2026-01-31,wk inc flu hosp,3,2026-02-21,35,quantile,0.95,51.0
2026-01-31,wk inc flu hosp,3,2026-02-21,35,quantile,0.975,56.0
2026-01-31,wk inc flu hosp,3,2026-02-21,35,quantile,0.99,61.0
2026-01-31,wk inc flu hosp,3,2026-02-21,36,quantile,0.01,0.0
2026-01-31,wk inc flu hosp,3,2026-02-21,36,quantile,0.025,0.0
2026-01-31,wk inc flu hosp,3,2026-02-21,36,quantile,0.05,1.0
2026-01-31,wk inc flu hosp,3,2026-02-21,36,quantile,0.1,8.0
2026-01-31,wk inc flu hosp,3,2026-02-21,36,quantile,0.15,9.0
2026-01-31,wk inc flu hosp,3,2026-02-21,36,quantile,0.2,10.0
2026-01-31,wk inc flu hosp,3,2026-02-21,36,quantile,0.25,12.0
2026-01-31,wk inc flu hosp,3,2026-02-21,36,quantile,0.3,13.0
2026-01-31,wk inc flu hosp,3,2026-02-21,36,quantile,0.35,14.0
2026-01-31,wk inc flu hosp,3,2026-02-21,36,quantile,0.4,14.0
2026-01-31,wk inc flu hosp,3,2026-02-21,36,quantile,0.45,15.0
2026-01-31,wk inc flu hosp,3,2026-02-21,36,quantile,0.5,15.0
2026-01-31,wk inc flu hosp,3,2026-02-21,36,quantile,0.55,16.0
2026-01-31,wk inc flu hosp,3,2026-02-21,36,quantile,0.6,17.0
2026-01-31,wk inc flu hosp,3,2026-02-21,36,quantile,0.65,18.0
2026-01-31,wk inc flu hosp,3,2026-02-21,36,quantile,0.7,19.0
2026-01-31,wk inc flu hosp,3,2026-02-21,36,quantile,0.75,20.0
2026-01-31,wk inc flu hosp,3,2026-02-21,36,quantile,0.8,22.0
2026-01-31,wk inc flu hosp,3,2026-02-21,36,quantile,0.85,25.0
2026-01-31,wk inc flu hosp,3,2026-02-21,36,quantile,0.9,30.0
2026-01-31,wk inc flu hosp,3,2026-02-21,36,quantile,0.95,35.0
2026-01-31,wk inc flu hosp,3,2026-02-21,36,quantile,0.975,45.0
2026-01-31,wk inc flu hosp,3,2026-02-21,36,quantile,0.99,74.0
2026-01-31,wk inc flu hosp,3,2026-02-21,37,quantile,0.01,0.0
2026-01-31,wk inc flu hosp,3,2026-02-21,37,quantile,0.025,0.0
2026-01-31,wk inc flu hosp,3,2026-02-21,37,quantile,0.05,0.0
2026-01-31,wk inc flu hosp,3,2026-02-21,37,quantile,0.1,26.0
2026-01-31,wk inc flu hosp,3,2026-02-21,37,quantile,0.15,80.0
2026-01-31,wk inc flu hosp,3,2026-02-21,37,quantile,0.2,128.0
2026-01-31,wk inc flu hosp,3,2026-02-21,37,quantile,0.25,174.0
2026-01-31,wk inc flu hosp,3,2026-02-21,37,quantile,0.3,192.0
2026-01-31,wk inc flu hosp,3,2026-02-21,37,quantile,0.35,210.0
2026-01-31,wk inc flu hosp,3,2026-02-21,37,quantile,0.4,226.0
2026-01-31,wk inc flu hosp,3,2026-02-21,37,quantile,0.45,241.0
2026-01-31,wk inc flu hosp,3,2026-02-21,37,quantile,0.5,257.0
2026-01-31,wk inc flu hosp,3,2026-02-21,37,quantile,0.55,274.0
2026-01-31,wk inc flu hosp,3,2026-02-21,37,quantile,0.6,290.0
2026-01-31,wk inc flu hosp,3,2026-02-21,37,quantile,0.65,310.0
2026-01-31,wk inc flu hosp,3,2026-02-21,37,quantile,0.7,326.0
2026-01-31,wk inc flu hosp,3,2026-02-21,37,quantile,0.75,347.0
2026-01-31,wk inc flu hosp,3,2026-02-21,37,quantile,0.8,367.0
2026-01-31,wk inc flu hosp,3,2026-02-21,37,quantile,0.85,393.0
2026-01-31,wk inc flu hosp,3,2026-02-21,37,quantile,0.9,424.0
2026-01-31,wk inc flu hosp,3,2026-02-21,37,quantile,0.95,470.0
2026-01-31,wk inc flu hosp,3,2026-02-21,37,quantile,0.975,516.0
2026-01-31,wk inc flu hosp,3,2026-02-21,37,quantile,0.99,596.0
2026-01-31,wk inc flu hosp,3,2026-02-21,38,quantile,0.01,0.0
2026-01-31,wk inc flu hosp,3,2026-02-21,38,quantile,0.025,0.0
2026-01-31,wk inc flu hosp,3,2026-02-21,38,quantile,0.05,2.0
2026-01-31,wk inc flu hosp,3,2026-02-21,38,quantile,0.1,3.0
2026-01-31,wk inc flu hosp,3,2026-02-21,38,quantile,0.15,3.0
2026-01-31,wk inc flu hosp,3,2026-02-21,38,quantile,0.2,5.0
2026-01-31,wk inc flu hosp,3,2026-02-21,38,quantile,0.25,7.0
2026-01-31,wk inc flu hosp,3,2026-02-21,38,quantile,0.3,9.0
2026-01-31,wk inc flu hosp,3,2026-02-21,38,quantile,0.35,11.0
2026-01-31,wk inc flu hosp,3,2026-02-21,38,quantile,0.4,13.0
2026-01-31,wk inc flu hosp,3,2026-02-21,38,quantile,0.45,15.0
2026-01-31,wk inc flu hosp,3,2026-02-21,38,quantile,0.5,16.0
2026-01-31,wk inc flu hosp,3,2026-02-21,38,quantile,0.55,17.0
2026-01-31,wk inc flu hosp,3,2026-02-21,38,quantile,0.6,18.0
2026-01-31,wk inc flu hosp,3,2026-02-21,38,quantile,0.65,19.0
2026-01-31,wk inc flu hosp,3,2026-02-21,38,quantile,0.7,20.0
2026-01-31,wk inc flu hosp,3,2026-02-21,38,quantile,0.75,21.0
2026-01-31,wk inc flu hosp,3,2026-02-21,38,quantile,0.8,23.0
2026-01-31,wk inc flu hosp,3,2026-02-21,38,quantile,0.85,25.0
2026-01-31,wk inc flu hosp,3,2026-02-21,38,quantile,0.9,27.0
2026-01-31,wk inc flu hosp,3,2026-02-21,38,quantile,0.95,31.0
2026-01-31,wk inc flu hosp,3,2026-02-21,38,quantile,0.975,35.0
2026-01-31,wk inc flu hosp,3,2026-02-21,38,quantile,0.99,39.0
2026-01-31,wk inc flu hosp,3,2026-02-21,39,quantile,0.01,35.0
2026-01-31,wk inc flu hosp,3,2026-02-21,39,quantile,0.025,50.0
2026-01-31,wk inc flu hosp,3,2026-02-21,39,quantile,0.05,82.0
2026-01-31,wk inc flu hosp,3,2026-02-21,39,quantile,0.1,151.0
2026-01-31,wk inc flu hosp,3,2026-02-21,39,quantile,0.15,219.0
2026-01-31,wk inc flu hosp,3,2026-02-21,39,quantile,0.2,266.0
2026-01-31,wk inc flu hosp,3,2026-02-21,39,quantile,0.25,298.0
2026-01-31,wk inc flu hosp,3,2026-02-21,39,quantile,0.3,325.0
2026-01-31,wk inc flu hosp,3,2026-02-21,39,quantile,0.35,352.0
2026-01-31,wk inc flu hosp,3,2026-02-21,39,quantile,0.4,374.0
2026-01-31,wk inc flu hosp,3,2026-02-21,39,quantile,0.45,387.0
2026-01-31,wk inc flu hosp,3,2026-02-21,39,quantile,0.5,398.0
2026-01-31,wk inc flu hosp,3,2026-02-21,39,quantile,0.55,410.0
2026-01-31,wk inc flu hosp,3,2026-02-21,39,quantile,0.6,421.0
2026-01-31,wk inc flu hosp,3,2026-02-21,39,quantile,0.65,435.0
2026-01-31,wk inc flu hosp,3,2026-02-21,39,quantile,0.7,447.0
2026-01-31,wk inc flu hosp,3,2026-02-21,39,quantile,0.75,459.0
2026-01-31,wk inc flu hosp,3,2026-02-21,39,quantile,0.8,471.0
2026-01-31,wk inc flu hosp,3,2026-02-21,39,quantile,0.85,483.0
2026-01-31,wk inc flu hosp,3,2026-02-21,39,quantile,0.9,500.0
2026-01-31,wk inc flu hosp,3,2026-02-21,39,quantile,0.95,554.0
2026-01-31,wk inc flu hosp,3,2026-02-21,39,quantile,0.975,744.0
2026-01-31,wk inc flu hosp,3,2026-02-21,39,quantile,0.99,885.0
2026-01-31,wk inc flu hosp,3,2026-02-21,40,quantile,0.01,0.0
2026-01-31,wk inc flu hosp,3,2026-02-21,40,quantile,0.025,0.0
2026-01-31,wk inc flu hosp,3,2026-02-21,40,quantile,0.05,0.0
2026-01-31,wk inc flu hosp,3,2026-02-21,40,quantile,0.1,18.0
2026-01-31,wk inc flu hosp,3,2026-02-21,40,quantile,0.15,39.0
2026-01-31,wk inc flu hosp,3,2026-02-21,40,quantile,0.2,51.0
2026-01-31,wk inc flu hosp,3,2026-02-21,40,quantile,0.25,58.0
2026-01-31,wk inc flu hosp,3,2026-02-21,40,quantile,0.3,65.0
2026-01-31,wk inc flu hosp,3,2026-02-21,40,quantile,0.35,71.0
2026-01-31,wk inc flu hosp,3,2026-02-21,40,quantile,0.4,78.0
2026-01-31,wk inc flu hosp,3,2026-02-21,40,quantile,0.45,85.0
2026-01-31,wk inc flu hosp,3,2026-02-21,40,quantile,0.5,91.0
2026-01-31,wk inc flu hosp,3,2026-02-21,40,quantile,0.55,97.0
2026-01-31,wk inc flu hosp,3,2026-02-21,40,quantile,0.6,105.0
2026-01-31,wk inc flu hosp,3,2026-02-21,40,quantile,0.65,115.0
2026-01-31,wk inc flu hosp,3,2026-02-21,40,quantile,0.7,124.0
2026-01-31,wk inc flu hosp,3,2026-02-21,40,quantile,0.75,132.0
2026-01-31,wk inc flu hosp,3,2026-02-21,40,quantile,0.8,138.0
2026-01-31,wk inc flu hosp,3,2026-02-21,40,quantile,0.85,145.0
2026-01-31,wk inc flu hosp,3,2026-02-21,40,quantile,0.9,152.0
2026-01-31,wk inc flu hosp,3,2026-02-21,40,quantile,0.95,165.0
2026-01-31,wk inc flu hosp,3,2026-02-21,40,quantile,0.975,177.0
2026-01-31,wk inc flu hosp,3,2026-02-21,40,quantile,0.99,191.0
2026-01-31,wk inc flu hosp,3,2026-02-21,41,quantile,0.01,25.0
2026-01-31,wk inc flu hosp,3,2026-02-21,41,quantile,0.025,40.0
2026-01-31,wk inc flu hosp,3,2026-02-21,41,quantile,0.05,53.0
2026-01-31,wk inc flu hosp,3,2026-02-21,41,quantile,0.1,70.0
2026-01-31,wk inc flu hosp,3,2026-02-21,41,quantile,0.15,84.0
2026-01-31,wk inc flu hosp,3,2026-02-21,41,quantile,0.2,93.0
2026-01-31,wk inc flu hosp,3,2026-02-21,41,quantile,0.25,100.0
2026-01-31,wk inc flu hosp,3,2026-02-21,41,quantile,0.3,108.0
2026-01-31,wk inc flu hosp,3,2026-02-21,41,quantile,0.35,113.0
2026-01-31,wk inc flu hosp,3,2026-02-21,41,quantile,0.4,119.0
2026-01-31,wk inc flu hosp,3,2026-02-21,41,quantile,0.45,124.0
2026-01-31,wk inc flu hosp,3,2026-02-21,41,quantile,0.5,129.0
2026-01-31,wk inc flu hosp,3,2026-02-21,41,quantile,0.55,136.0
2026-01-31,wk inc flu hosp,3,2026-02-21,41,quantile,0.6,142.0
2026-01-31,wk inc flu hosp,3,2026-02-21,41,quantile,0.65,148.0
2026-01-31,wk inc flu hosp,3,2026-02-21,41,quantile,0.7,156.0
2026-01-31,wk inc flu hosp,3,2026-02-21,41,quantile,0.75,166.0
2026-01-31,wk inc flu hosp,3,2026-02-21,41,quantile,0.8,174.0
2026-01-31,wk inc flu hosp,3,2026-02-21,41,quantile,0.85,182.0
2026-01-31,wk inc flu hosp,3,2026-02-21,41,quantile,0.9,192.0
2026-01-31,wk inc flu hosp,3,2026-02-21,41,quantile,0.95,216.0
2026-01-31,wk inc flu hosp,3,2026-02-21,41,quantile,0.975,235.0
2026-01-31,wk inc flu hosp,3,2026-02-21,41,quantile,0.99,251.0
2026-01-31,wk inc flu hosp,3,2026-02-21,42,quantile,0.01,0.0
2026-01-31,wk inc flu hosp,3,2026-02-21,42,quantile,0.025,0.0
2026-01-31,wk inc flu hosp,3,2026-02-21,42,quantile,0.05,0.0
2026-01-31,wk inc flu hosp,3,2026-02-21,42,quantile,0.1,22.0
2026-01-31,wk inc flu hosp,3,2026-02-21,42,quantile,0.15,28.0
2026-01-31,wk inc flu hosp,3,2026-02-21,42,quantile,0.2,33.0
2026-01-31,wk inc flu hosp,3,2026-02-21,42,quantile,0.25,41.0
2026-01-31,wk inc flu hosp,3,2026-02-21,42,quantile,0.3,62.0
2026-01-31,wk inc flu hosp,3,2026-02-21,42,quantile,0.35,88.0
2026-01-31,wk inc flu hosp,3,2026-02-21,42,quantile,0.4,116.0
2026-01-31,wk inc flu hosp,3,2026-02-21,42,quantile,0.45,150.0
2026-01-31,wk inc flu hosp,3,2026-02-21,42,quantile,0.5,190.0
2026-01-31,wk inc flu hosp,3,2026-02-21,42,quantile,0.55,246.0
2026-01-31,wk inc flu hosp,3,2026-02-21,42,quantile,0.6,328.0
2026-01-31,wk inc flu hosp,3,2026-02-21,42,quantile,0.65,450.0
2026-01-31,wk inc flu hosp,3,2026-02-21,42,quantile,0.7,498.0
2026-01-31,wk inc flu hosp,3,2026-02-21,42,quantile,0.75,531.0
2026-01-31,wk inc flu hosp,3,2026-02-21,42,quantile,0.8,564.0
2026-01-31,wk inc flu hosp,3,2026-02-21,42,quantile,0.85,607.0
2026-01-31,wk inc flu hosp,3,2026-02-21,42,quantile,0.9,659.0
2026-01-31,wk inc flu hosp,3,2026-02-21,42,quantile,0.95,766.0
2026-01-31,wk inc flu hosp,3,2026-02-21,42,quantile,0.975,951.0
2026-01-31,wk inc flu hosp,3,2026-02-21,42,quantile,0.99,1074.0
2026-01-31,wk inc flu hosp,3,2026-02-21,44,quantile,0.01,0.0
2026-01-31,wk inc flu hosp,3,2026-02-21,44,quantile,0.025,0.0
2026-01-31,wk inc flu hosp,3,2026-02-21,44,quantile,0.05,0.0
2026-01-31,wk inc flu hosp,3,2026-02-21,44,quantile,0.1,1.0
2026-01-31,wk inc flu hosp,3,2026-02-21,44,quantile,0.15,2.0
2026-01-31,wk inc flu hosp,3,2026-02-21,44,quantile,0.2,2.0
2026-01-31,wk inc flu hosp,3,2026-02-21,44,quantile,0.25,2.0
2026-01-31,wk inc flu hosp,3,2026-02-21,44,quantile,0.3,2.0
2026-01-31,wk inc flu hosp,3,2026-02-21,44,quantile,0.35,2.0
2026-01-31,wk inc flu hosp,3,2026-02-21,44,quantile,0.4,2.0
2026-01-31,wk inc flu hosp,3,2026-02-21,44,quantile,0.45,2.0
2026-01-31,wk inc flu hosp,3,2026-02-21,44,quantile,0.5,2.0
2026-01-31,wk inc flu hosp,3,2026-02-21,44,quantile,0.55,2.0
2026-01-31,wk inc flu hosp,3,2026-02-21,44,quantile,0.6,2.0
2026-01-31,wk inc flu hosp,3,2026-02-21,44,quantile,0.65,2.0
2026-01-31,wk inc flu hosp,3,2026-02-21,44,quantile,0.7,2.0
2026-01-31,wk inc flu hosp,3,2026-02-21,44,quantile,0.75,2.0
2026-01-31,wk inc flu hosp,3,2026-02-21,44,quantile,0.8,3.0
2026-01-31,wk inc flu hosp,3,2026-02-21,44,quantile,0.85,3.0
2026-01-31,wk inc flu hosp,3,2026-02-21,44,quantile,0.9,3.0
2026-01-31,wk inc flu hosp,3,2026-02-21,44,quantile,0.95,3.0
2026-01-31,wk inc flu hosp,3,2026-02-21,44,quantile,0.975,3.0
2026-01-31,wk inc flu hosp,3,2026-02-21,44,quantile,0.99,3.0
2026-01-31,wk inc flu hosp,3,2026-02-21,45,quantile,0.01,0.0
2026-01-31,wk inc flu hosp,3,2026-02-21,45,quantile,0.025,0.0
2026-01-31,wk inc flu hosp,3,2026-02-21,45,quantile,0.05,0.0
2026-01-31,wk inc flu hosp,3,2026-02-21,45,quantile,0.1,0.0
2026-01-31,wk inc flu hosp,3,2026-02-21,45,quantile,0.15,8.0
2026-01-31,wk inc flu hosp,3,2026-02-21,45,quantile,0.2,25.0
2026-01-31,wk inc flu hosp,3,2026-02-21,45,quantile,0.25,39.0
2026-01-31,wk inc flu hosp,3,2026-02-21,45,quantile,0.3,46.0
2026-01-31,wk inc flu hosp,3,2026-02-21,45,quantile,0.35,53.0
2026-01-31,wk inc flu hosp,3,2026-02-21,45,quantile,0.4,59.0
2026-01-31,wk inc flu hosp,3,2026-02-21,45,quantile,0.45,65.0
2026-01-31,wk inc flu hosp,3,2026-02-21,45,quantile,0.5,71.0
2026-01-31,wk inc flu hosp,3,2026-02-21,45,quantile,0.55,77.0
2026-01-31,wk inc flu hosp,3,2026-02-21,45,quantile,0.6,84.0
2026-01-31,wk inc flu hosp,3,2026-02-21,45,quantile,0.65,91.0
2026-01-31,wk inc flu hosp,3,2026-02-21,45,quantile,0.7,98.0
2026-01-31,wk inc flu hosp,3,2026-02-21,45,quantile,0.75,106.0
2026-01-31,wk inc flu hosp,3,2026-02-21,45,quantile,0.8,114.0
2026-01-31,wk inc flu hosp,3,2026-02-21,45,quantile,0.85,124.0
2026-01-31,wk inc flu hosp,3,2026-02-21,45,quantile,0.9,139.0
2026-01-31,wk inc flu hosp,3,2026-02-21,45,quantile,0.95,154.0
2026-01-31,wk inc flu hosp,3,2026-02-21,45,quantile,0.975,177.0
2026-01-31,wk inc flu hosp,3,2026-02-21,45,quantile,0.99,204.0
2026-01-31,wk inc flu hosp,3,2026-02-21,46,quantile,0.01,9.0
2026-01-31,wk inc flu hosp,3,2026-02-21,46,quantile,0.025,14.0
2026-01-31,wk inc flu hosp,3,2026-02-21,46,quantile,0.05,19.0
2026-01-31,wk inc flu hosp,3,2026-02-21,46,quantile,0.1,23.0
2026-01-31,wk inc flu hosp,3,2026-02-21,46,quantile,0.15,25.0
2026-01-31,wk inc flu hosp,3,2026-02-21,46,quantile,0.2,28.0
2026-01-31,wk inc flu hosp,3,2026-02-21,46,quantile,0.25,30.0
2026-01-31,wk inc flu hosp,3,2026-02-21,46,quantile,0.3,31.0
2026-01-31,wk inc flu hosp,3,2026-02-21,46,quantile,0.35,33.0
2026-01-31,wk inc flu hosp,3,2026-02-21,46,quantile,0.4,35.0
2026-01-31,wk inc flu hosp,3,2026-02-21,46,quantile,0.45,36.0
2026-01-31,wk inc flu hosp,3,2026-02-21,46,quantile,0.5,38.0
2026-01-31,wk inc flu hosp,3,2026-02-21,46,quantile,0.55,40.0
2026-01-31,wk inc flu hosp,3,2026-02-21,46,quantile,0.6,41.0
2026-01-31,wk inc flu hosp,3,2026-02-21,46,quantile,0.65,42.0
2026-01-31,wk inc flu hosp,3,2026-02-21,46,quantile,0.7,44.0
2026-01-31,wk inc flu hosp,3,2026-02-21,46,quantile,0.75,46.0
2026-01-31,wk inc flu hosp,3,2026-02-21,46,quantile,0.8,48.0
2026-01-31,wk inc flu hosp,3,2026-02-21,46,quantile,0.85,50.0
2026-01-31,wk inc flu hosp,3,2026-02-21,46,quantile,0.9,52.0
2026-01-31,wk inc flu hosp,3,2026-02-21,46,quantile,0.95,57.0
2026-01-31,wk inc flu hosp,3,2026-02-21,46,quantile,0.975,64.0
2026-01-31,wk inc flu hosp,3,2026-02-21,46,quantile,0.99,71.0
2026-01-31,wk inc flu hosp,3,2026-02-21,47,quantile,0.01,0.0
2026-01-31,wk inc flu hosp,3,2026-02-21,47,quantile,0.025,0.0
2026-01-31,wk inc flu hosp,3,2026-02-21,47,quantile,0.05,0.0
2026-01-31,wk inc flu hosp,3,2026-02-21,47,quantile,0.1,10.0
2026-01-31,wk inc flu hosp,3,2026-02-21,47,quantile,0.15,40.0
2026-01-31,wk inc flu hosp,3,2026-02-21,47,quantile,0.2,63.0
2026-01-31,wk inc flu hosp,3,2026-02-21,47,quantile,0.25,85.0
2026-01-31,wk inc flu hosp,3,2026-02-21,47,quantile,0.3,108.0
2026-01-31,wk inc flu hosp,3,2026-02-21,47,quantile,0.35,128.0
2026-01-31,wk inc flu hosp,3,2026-02-21,47,quantile,0.4,144.0
2026-01-31,wk inc flu hosp,3,2026-02-21,47,quantile,0.45,159.0
2026-01-31,wk inc flu hosp,3,2026-02-21,47,quantile,0.5,177.0
2026-01-31,wk inc flu hosp,3,2026-02-21,47,quantile,0.55,194.0
2026-01-31,wk inc flu hosp,3,2026-02-21,47,quantile,0.6,208.0
2026-01-31,wk inc flu hosp,3,2026-02-21,47,quantile,0.65,226.0
2026-01-31,wk inc flu hosp,3,2026-02-21,47,quantile,0.7,243.0
2026-01-31,wk inc flu hosp,3,2026-02-21,47,quantile,0.75,261.0
2026-01-31,wk inc flu hosp,3,2026-02-21,47,quantile,0.8,285.0
2026-01-31,wk inc flu hosp,3,2026-02-21,47,quantile,0.85,308.0
2026-01-31,wk inc flu hosp,3,2026-02-21,47,quantile,0.9,337.0
2026-01-31,wk inc flu hosp,3,2026-02-21,47,quantile,0.95,374.0
2026-01-31,wk inc flu hosp,3,2026-02-21,47,quantile,0.975,415.0
2026-01-31,wk inc flu hosp,3,2026-02-21,47,quantile,0.99,454.0
2026-01-31,wk inc flu hosp,3,2026-02-21,48,quantile,0.01,0.0
2026-01-31,wk inc flu hosp,3,2026-02-21,48,quantile,0.025,0.0
2026-01-31,wk inc flu hosp,3,2026-02-21,48,quantile,0.05,0.0
2026-01-31,wk inc flu hosp,3,2026-02-21,48,quantile,0.1,0.0
2026-01-31,wk inc flu hosp,3,2026-02-21,48,quantile,0.15,111.0
2026-01-31,wk inc flu hosp,3,2026-02-21,48,quantile,0.2,217.0
2026-01-31,wk inc flu hosp,3,2026-02-21,48,quantile,0.25,301.0
2026-01-31,wk inc flu hosp,3,2026-02-21,48,quantile,0.3,419.0
2026-01-31,wk inc flu hosp,3,2026-02-21,48,quantile,0.35,582.0
2026-01-31,wk inc flu hosp,3,2026-02-21,48,quantile,0.4,704.0
2026-01-31,wk inc flu hosp,3,2026-02-21,48,quantile,0.45,760.0
2026-01-31,wk inc flu hosp,3,2026-02-21,48,quantile,0.5,818.0
2026-01-31,wk inc flu hosp,3,2026-02-21,48,quantile,0.55,880.0
2026-01-31,wk inc flu hosp,3,2026-02-21,48,quantile,0.6,949.0
2026-01-31,wk inc flu hosp,3,2026-02-21,48,quantile,0.65,1027.0
2026-01-31,wk inc flu hosp,3,2026-02-21,48,quantile,0.7,1104.0
2026-01-31,wk inc flu hosp,3,2026-02-21,48,quantile,0.75,1189.0
2026-01-31,wk inc flu hosp,3,2026-02-21,48,quantile,0.8,1288.0
2026-01-31,wk inc flu hosp,3,2026-02-21,48,quantile,0.85,1388.0
2026-01-31,wk inc flu hosp,3,2026-02-21,48,quantile,0.9,1540.0
2026-01-31,wk inc flu hosp,3,2026-02-21,48,quantile,0.95,1858.0
2026-01-31,wk inc flu hosp,3,2026-02-21,48,quantile,0.975,2142.0
2026-01-31,wk inc flu hosp,3,2026-02-21,48,quantile,0.99,2364.0
2026-01-31,wk inc flu hosp,3,2026-02-21,49,quantile,0.01,2.0
2026-01-31,wk inc flu hosp,3,2026-02-21,49,quantile,0.025,6.0
2026-01-31,wk inc flu hosp,3,2026-02-21,49,quantile,0.05,17.0
2026-01-31,wk inc flu hosp,3,2026-02-21,49,quantile,0.1,30.0
2026-01-31,wk inc flu hosp,3,2026-02-21,49,quantile,0.15,39.0
2026-01-31,wk inc flu hosp,3,2026-02-21,49,quantile,0.2,46.0
2026-01-31,wk inc flu hosp,3,2026-02-21,49,quantile,0.25,53.0
2026-01-31,wk inc flu hosp,3,2026-02-21,49,quantile,0.3,60.0
2026-01-31,wk inc flu hosp,3,2026-02-21,49,quantile,0.35,65.0
2026-01-31,wk inc flu hosp,3,2026-02-21,49,quantile,0.4,70.0
2026-01-31,wk inc flu hosp,3,2026-02-21,49,quantile,0.45,75.0
2026-01-31,wk inc flu hosp,3,2026-02-21,49,quantile,0.5,80.0
2026-01-31,wk inc flu hosp,3,2026-02-21,49,quantile,0.55,85.0
2026-01-31,wk inc flu hosp,3,2026-02-21,49,quantile,0.6,90.0
2026-01-31,wk inc flu hosp,3,2026-02-21,49,quantile,0.65,97.0
2026-01-31,wk inc flu hosp,3,2026-02-21,49,quantile,0.7,101.0
2026-01-31,wk inc flu hosp,3,2026-02-21,49,quantile,0.75,108.0
2026-01-31,wk inc flu hosp,3,2026-02-21,49,quantile,0.8,115.0
2026-01-31,wk inc flu hosp,3,2026-02-21,49,quantile,0.85,124.0
2026-01-31,wk inc flu hosp,3,2026-02-21,49,quantile,0.9,135.0
2026-01-31,wk inc flu hosp,3,2026-02-21,49,quantile,0.95,148.0
2026-01-31,wk inc flu hosp,3,2026-02-21,49,quantile,0.975,161.0
2026-01-31,wk inc flu hosp,3,2026-02-21,49,quantile,0.99,174.0
2026-01-31,wk inc flu hosp,3,2026-02-21,50,quantile,0.01,0.0
2026-01-31,wk inc flu hosp,3,2026-02-21,50,quantile,0.025,0.0
2026-01-31,wk inc flu hosp,3,2026-02-21,50,quantile,0.05,2.0
2026-01-31,wk inc flu hosp,3,2026-02-21,50,quantile,0.1,7.0
2026-01-31,wk inc flu hosp,3,2026-02-21,50,quantile,0.15,9.0
2026-01-31,wk inc flu hosp,3,2026-02-21,50,quantile,0.2,10.0
2026-01-31,wk inc flu hosp,3,2026-02-21,50,quantile,0.25,12.0
2026-01-31,wk inc flu hosp,3,2026-02-21,50,quantile,0.3,13.0
2026-01-31,wk inc flu hosp,3,2026-02-21,50,quantile,0.35,14.0
2026-01-31,wk inc flu hosp,3,2026-02-21,50,quantile,0.4,16.0
2026-01-31,wk inc flu hosp,3,2026-02-21,50,quantile,0.45,17.0
2026-01-31,wk inc flu hosp,3,2026-02-21,50,quantile,0.5,18.0
2026-01-31,wk inc flu hosp,3,2026-02-21,50,quantile,0.55,20.0
2026-01-31,wk inc flu hosp,3,2026-02-21,50,quantile,0.6,21.0
2026-01-31,wk inc flu hosp,3,2026-02-21,50,quantile,0.65,23.0
2026-01-31,wk inc flu hosp,3,2026-02-21,50,quantile,0.7,25.0
2026-01-31,wk inc flu hosp,3,2026-02-21,50,quantile,0.75,26.0
2026-01-31,wk inc flu hosp,3,2026-02-21,50,quantile,0.8,28.0
2026-01-31,wk inc flu hosp,3,2026-02-21,50,quantile,0.85,30.0
2026-01-31,wk inc flu hosp,3,2026-02-21,50,quantile,0.9,32.0
2026-01-31,wk inc flu hosp,3,2026-02-21,50,quantile,0.95,35.0
2026-01-31,wk inc flu hosp,3,2026-02-21,50,quantile,0.975,39.0
2026-01-31,wk inc flu hosp,3,2026-02-21,50,quantile,0.99,44.0
2026-01-31,wk inc flu hosp,3,2026-02-21,51,quantile,0.01,0.0
2026-01-31,wk inc flu hosp,3,2026-02-21,51,quantile,0.025,0.0
2026-01-31,wk inc flu hosp,3,2026-02-21,51,quantile,0.05,15.0
2026-01-31,wk inc flu hosp,3,2026-02-21,51,quantile,0.1,55.0
2026-01-31,wk inc flu hosp,3,2026-02-21,51,quantile,0.15,75.0
2026-01-31,wk inc flu hosp,3,2026-02-21,51,quantile,0.2,87.0
2026-01-31,wk inc flu hosp,3,2026-02-21,51,quantile,0.25,95.0
2026-01-31,wk inc flu hosp,3,2026-02-21,51,quantile,0.3,103.0
2026-01-31,wk inc flu hosp,3,2026-02-21,51,quantile,0.35,112.0
2026-01-31,wk inc flu hosp,3,2026-02-21,51,quantile,0.4,120.0
2026-01-31,wk inc flu hosp,3,2026-02-21,51,quantile,0.45,128.0
2026-01-31,wk inc flu hosp,3,2026-02-21,51,quantile,0.5,135.0
2026-01-31,wk inc flu hosp,3,2026-02-21,51,quantile,0.55,140.0
2026-01-31,wk inc flu hosp,3,2026-02-21,51,quantile,0.6,147.0
2026-01-31,wk inc flu hosp,3,2026-02-21,51,quantile,0.65,164.0
2026-01-31,wk inc flu hosp,3,2026-02-21,51,quantile,0.7,210.0
2026-01-31,wk inc flu hosp,3,2026-02-21,51,quantile,0.75,287.0
2026-01-31,wk inc flu hosp,3,2026-02-21,51,quantile,0.8,390.0
2026-01-31,wk inc flu hosp,3,2026-02-21,51,quantile,0.85,444.0
2026-01-31,wk inc flu hosp,3,2026-02-21,51,quantile,0.9,508.0
2026-01-31,wk inc flu hosp,3,2026-02-21,51,quantile,0.95,602.0
2026-01-31,wk inc flu hosp,3,2026-02-21,51,quantile,0.975,685.0
2026-01-31,wk inc flu hosp,3,2026-02-21,51,quantile,0.99,770.0
2026-01-31,wk inc flu hosp,3,2026-02-21,53,quantile,0.01,0.0
2026-01-31,wk inc flu hosp,3,2026-02-21,53,quantile,0.025,0.0
2026-01-31,wk inc flu hosp,3,2026-02-21,53,quantile,0.05,0.0
2026-01-31,wk inc flu hosp,3,2026-02-21,53,quantile,0.1,0.0
2026-01-31,wk inc flu hosp,3,2026-02-21,53,quantile,0.15,0.0
2026-01-31,wk inc flu hosp,3,2026-02-21,53,quantile,0.2,97.0
2026-01-31,wk inc flu hosp,3,2026-02-21,53,quantile,0.25,101.0
2026-01-31,wk inc flu hosp,3,2026-02-21,53,quantile,0.3,103.0
2026-01-31,wk inc flu hosp,3,2026-02-21,53,quantile,0.35,105.0
2026-01-31,wk inc flu hosp,3,2026-02-21,53,quantile,0.4,108.0
2026-01-31,wk inc flu hosp,3,2026-02-21,53,quantile,0.45,110.0
2026-01-31,wk inc flu hosp,3,2026-02-21,53,quantile,0.5,112.0
2026-01-31,wk inc flu hosp,3,2026-02-21,53,quantile,0.55,114.0
2026-01-31,wk inc flu hosp,3,2026-02-21,53,quantile,0.6,116.0
2026-01-31,wk inc flu hosp,3,2026-02-21,53,quantile,0.65,119.0
2026-01-31,wk inc flu hosp,3,2026-02-21,53,quantile,0.7,841.0
2026-01-31,wk inc flu hosp,3,2026-02-21,53,quantile,0.75,1869.0
2026-01-31,wk inc flu hosp,3,2026-02-21,53,quantile,0.8,2762.0
2026-01-31,wk inc flu hosp,3,2026-02-21,53,quantile,0.85,3781.0
2026-01-31,wk inc flu hosp,3,2026-02-21,53,quantile,0.9,5290.0
2026-01-31,wk inc flu hosp,3,2026-02-21,53,quantile,0.95,7349.0
2026-01-31,wk inc flu hosp,3,2026-02-21,53,quantile,0.975,9459.0
2026-01-31,wk inc flu hosp,3,2026-02-21,53,quantile,0.99,11834.0
2026-01-31,wk inc flu hosp,3,2026-02-21,54,quantile,0.01,0.0
2026-01-31,wk inc flu hosp,3,2026-02-21,54,quantile,0.025,0.0
2026-01-31,wk inc flu hosp,3,2026-02-21,54,quantile,0.05,0.0
2026-01-31,wk inc flu hosp,3,2026-02-21,54,quantile,0.1,0.0
2026-01-31,wk inc flu hosp,3,2026-02-21,54,quantile,0.15,3.0
2026-01-31,wk inc flu hosp,3,2026-02-21,54,quantile,0.2,11.0
2026-01-31,wk inc flu hosp,3,2026-02-21,54,quantile,0.25,20.0
2026-01-31,wk inc flu hosp,3,2026-02-21,54,quantile,0.3,28.0
2026-01-31,wk inc flu hosp,3,2026-02-21,54,quantile,0.35,33.0
2026-01-31,wk inc flu hosp,3,2026-02-21,54,quantile,0.4,38.0
2026-01-31,wk inc flu hosp,3,2026-02-21,54,quantile,0.45,43.0
2026-01-31,wk inc flu hosp,3,2026-02-21,54,quantile,0.5,48.0
2026-01-31,wk inc flu hosp,3,2026-02-21,54,quantile,0.55,52.0
2026-01-31,wk inc flu hosp,3,2026-02-21,54,quantile,0.6,55.0
2026-01-31,wk inc flu hosp,3,2026-02-21,54,quantile,0.65,59.0
2026-01-31,wk inc flu hosp,3,2026-02-21,54,quantile,0.7,63.0
2026-01-31,wk inc flu hosp,3,2026-02-21,54,quantile,0.75,67.0
2026-01-31,wk inc flu hosp,3,2026-02-21,54,quantile,0.8,71.0
2026-01-31,wk inc flu hosp,3,2026-02-21,54,quantile,0.85,75.0
2026-01-31,wk inc flu hosp,3,2026-02-21,54,quantile,0.9,82.0
2026-01-31,wk inc flu hosp,3,2026-02-21,54,quantile,0.95,91.0
2026-01-31,wk inc flu hosp,3,2026-02-21,54,quantile,0.975,101.0
2026-01-31,wk inc flu hosp,3,2026-02-21,54,quantile,0.99,111.0
2026-01-31,wk inc flu hosp,3,2026-02-21,55,quantile,0.01,9.0
2026-01-31,wk inc flu hosp,3,2026-02-21,55,quantile,0.025,23.0
2026-01-31,wk inc flu hosp,3,2026-02-21,55,quantile,0.05,26.0
2026-01-31,wk inc flu hosp,3,2026-02-21,55,quantile,0.1,36.0
2026-01-31,wk inc flu hosp,3,2026-02-21,55,quantile,0.15,55.0
2026-01-31,wk inc flu hosp,3,2026-02-21,55,quantile,0.2,70.0
2026-01-31,wk inc flu hosp,3,2026-02-21,55,quantile,0.25,86.0
2026-01-31,wk inc flu hosp,3,2026-02-21,55,quantile,0.3,101.0
2026-01-31,wk inc flu hosp,3,2026-02-21,55,quantile,0.35,114.0
2026-01-31,wk inc flu hosp,3,2026-02-21,55,quantile,0.4,127.0
2026-01-31,wk inc flu hosp,3,2026-02-21,55,quantile,0.45,142.0
2026-01-31,wk inc flu hosp,3,2026-02-21,55,quantile,0.5,153.0
2026-01-31,wk inc flu hosp,3,2026-02-21,55,quantile,0.55,164.0
2026-01-31,wk inc flu hosp,3,2026-02-21,55,quantile,0.6,173.0
2026-01-31,wk inc flu hosp,3,2026-02-21,55,quantile,0.65,185.0
2026-01-31,wk inc flu hosp,3,2026-02-21,55,quantile,0.7,196.0
2026-01-31,wk inc flu hosp,3,2026-02-21,55,quantile,0.75,210.0
2026-01-31,wk inc flu hosp,3,2026-02-21,55,quantile,0.8,223.0
2026-01-31,wk inc flu hosp,3,2026-02-21,55,quantile,0.85,238.0
2026-01-31,wk inc flu hosp,3,2026-02-21,55,quantile,0.9,258.0
2026-01-31,wk inc flu hosp,3,2026-02-21,55,quantile,0.95,288.0
2026-01-31,wk inc flu hosp,3,2026-02-21,55,quantile,0.975,319.0
2026-01-31,wk inc flu hosp,3,2026-02-21,55,quantile,0.99,352.0
2026-01-31,wk inc flu hosp,3,2026-02-21,56,quantile,0.01,0.0
2026-01-31,wk inc flu hosp,3,2026-02-21,56,quantile,0.025,0.0
2026-01-31,wk inc flu hosp,3,2026-02-21,56,quantile,0.05,0.0
2026-01-31,wk inc flu hosp,3,2026-02-21,56,quantile,0.1,0.0
2026-01-31,wk inc flu hosp,3,2026-02-21,56,quantile,0.15,1.0
2026-01-31,wk inc flu hosp,3,2026-02-21,56,quantile,0.2,1.0
2026-01-31,wk inc flu hosp,3,2026-02-21,56,quantile,0.25,1.0
2026-01-31,wk inc flu hosp,3,2026-02-21,56,quantile,0.3,1.0
2026-01-31,wk inc flu hosp,3,2026-02-21,56,quantile,0.35,1.0
2026-01-31,wk inc flu hosp,3,2026-02-21,56,quantile,0.4,2.0
2026-01-31,wk inc flu hosp,3,2026-02-21,56,quantile,0.45,2.0
2026-01-31,wk inc flu hosp,3,2026-02-21,56,quantile,0.5,2.0
2026-01-31,wk inc flu hosp,3,2026-02-21,56,quantile,0.55,2.0
2026-01-31,wk inc flu hosp,3,2026-02-21,56,quantile,0.6,2.0
2026-01-31,wk inc flu hosp,3,2026-02-21,56,quantile,0.65,2.0
2026-01-31,wk inc flu hosp,3,2026-02-21,56,quantile,0.7,3.0
2026-01-31,wk inc flu hosp,3,2026-02-21,56,quantile,0.75,3.0
2026-01-31,wk inc flu hosp,3,2026-02-21,56,quantile,0.8,5.0
2026-01-31,wk inc flu hosp,3,2026-02-21,56,quantile,0.85,7.0
2026-01-31,wk inc flu hosp,3,2026-02-21,56,quantile,0.9,10.0
2026-01-31,wk inc flu hosp,3,2026-02-21,56,quantile,0.95,15.0
2026-01-31,wk inc flu hosp,3,2026-02-21,56,quantile,0.975,19.0
2026-01-31,wk inc flu hosp,3,2026-02-21,56,quantile,0.99,24.0
2026-01-31,wk inc flu hosp,3,2026-02-21,US,quantile,0.01,412.0
2026-01-31,wk inc flu hosp,3,2026-02-21,US,quantile,0.025,1594.0
2026-01-31,wk inc flu hosp,3,2026-02-21,US,quantile,0.05,2837.0
2026-01-31,wk inc flu hosp,3,2026-02-21,US,quantile,0.1,3583.0
2026-01-31,wk inc flu hosp,3,2026-02-21,US,quantile,0.15,4060.0
2026-01-31,wk inc flu hosp,3,2026-02-21,US,quantile,0.2,4420.0
2026-01-31,wk inc flu hosp,3,2026-02-21,US,quantile,0.25,4779.0
2026-01-31,wk inc flu hosp,3,2026-02-21,US,quantile,0.3,5117.0
2026-01-31,wk inc flu hosp,3,2026-02-21,US,quantile,0.35,5422.0
2026-01-31,wk inc flu hosp,3,2026-02-21,US,quantile,0.4,5711.0
2026-01-31,wk inc flu hosp,3,2026-02-21,US,quantile,0.45,6020.0
2026-01-31,wk inc flu hosp,3,2026-02-21,US,quantile,0.5,6350.0
2026-01-31,wk inc flu hosp,3,2026-02-21,US,quantile,0.55,6735.0
2026-01-31,wk inc flu hosp,3,2026-02-21,US,quantile,0.6,7156.0
2026-01-31,wk inc flu hosp,3,2026-02-21,US,quantile,0.65,7692.0
2026-01-31,wk inc flu hosp,3,2026-02-21,US,quantile,0.7,8121.0
2026-01-31,wk inc flu hosp,3,2026-02-21,US,quantile,0.75,8750.0
2026-01-31,wk inc flu hosp,3,2026-02-21,US,quantile,0.8,9331.0
2026-01-31,wk inc flu hosp,3,2026-02-21,US,quantile,0.85,9987.0
2026-01-31,wk inc flu hosp,3,2026-02-21,US,quantile,0.9,10770.0
2026-01-31,wk inc flu hosp,3,2026-02-21,US,quantile,0.95,12562.0
2026-01-31,wk inc flu hosp,3,2026-02-21,US,quantile,0.975,14156.0
2026-01-31,wk inc flu hosp,3,2026-02-21,US,quantile,0.99,16002.0
