reference_date,target,horizon,target_end_date,location,output_type,output_type_id,value
2026-01-17,wk flu hosp rate change,0,2026-01-17,01,pmf,decrease,0.254
2026-01-17,wk flu hosp rate change,0,2026-01-17,01,pmf,increase,0.291
2026-01-17,wk flu hosp rate change,0,2026-01-17,01,pmf,large_decrease,0.1
2026-01-17,wk flu hosp rate change,0,2026-01-17,01,pmf,large_increase,0.227
2026-01-17,wk flu hosp rate change,0,2026-01-17,01,pmf,stable,0.1280000000000001
2026-01-17,wk flu hosp rate change,0,2026-01-17,02,pmf,decrease,0.3479999999999999
2026-01-17,wk flu hosp rate change,0,2026-01-17,02,pmf,increase,0.31899999999999995
2026-01-17,wk flu hosp rate change,0,2026-01-17,02,pmf,large_decrease,0.05699999999999999
2026-01-17,wk flu hosp rate change,0,2026-01-17,02,pmf,large_increase,0.04599999999999999
2026-01-17,wk flu hosp rate change,0,2026-01-17,02,pmf,stable,0.22999999999999995
2026-01-17,wk flu hosp rate change,0,2026-01-17,04,pmf,decrease,0.369
2026-01-17,wk flu hosp rate change,0,2026-01-17,04,pmf,increase,0.327
2026-01-17,wk flu hosp rate change,0,2026-01-17,04,pmf,large_decrease,0.002
2026-01-17,wk flu hosp rate change,0,2026-01-17,04,pmf,large_increase,0.101
2026-01-17,wk flu hosp rate change,0,2026-01-17,04,pmf,stable,0.20100000000000012
2026-01-17,wk flu hosp rate change,0,2026-01-17,05,pmf,decrease,0.229
2026-01-17,wk flu hosp rate change,0,2026-01-17,05,pmf,increase,0.397
2026-01-17,wk flu hosp rate change,0,2026-01-17,05,pmf,large_decrease,0.008
2026-01-17,wk flu hosp rate change,0,2026-01-17,05,pmf,large_increase,0.195
2026-01-17,wk flu hosp rate change,0,2026-01-17,05,pmf,stable,0.171
2026-01-17,wk flu hosp rate change,0,2026-01-17,06,pmf,decrease,0.149
2026-01-17,wk flu hosp rate change,0,2026-01-17,06,pmf,increase,0.486
2026-01-17,wk flu hosp rate change,0,2026-01-17,06,pmf,large_decrease,0.002
2026-01-17,wk flu hosp rate change,0,2026-01-17,06,pmf,large_increase,0.006
2026-01-17,wk flu hosp rate change,0,2026-01-17,06,pmf,stable,0.357
2026-01-17,wk flu hosp rate change,0,2026-01-17,08,pmf,decrease,0.346
2026-01-17,wk flu hosp rate change,0,2026-01-17,08,pmf,increase,0.317
2026-01-17,wk flu hosp rate change,0,2026-01-17,08,pmf,large_decrease,0.057
2026-01-17,wk flu hosp rate change,0,2026-01-17,08,pmf,large_increase,0.007
2026-01-17,wk flu hosp rate change,0,2026-01-17,08,pmf,stable,0.273
2026-01-17,wk flu hosp rate change,0,2026-01-17,09,pmf,decrease,0.435
2026-01-17,wk flu hosp rate change,0,2026-01-17,09,pmf,increase,0.159
2026-01-17,wk flu hosp rate change,0,2026-01-17,09,pmf,large_decrease,0.247
2026-01-17,wk flu hosp rate change,0,2026-01-17,09,pmf,large_increase,0.101
2026-01-17,wk flu hosp rate change,0,2026-01-17,09,pmf,stable,0.058
2026-01-17,wk flu hosp rate change,0,2026-01-17,10,pmf,decrease,0.331
2026-01-17,wk flu hosp rate change,0,2026-01-17,10,pmf,increase,0.231
2026-01-17,wk flu hosp rate change,0,2026-01-17,10,pmf,large_decrease,0.089
2026-01-17,wk flu hosp rate change,0,2026-01-17,10,pmf,large_increase,0.17
2026-01-17,wk flu hosp rate change,0,2026-01-17,10,pmf,stable,0.17899999999999988
2026-01-17,wk flu hosp rate change,0,2026-01-17,11,pmf,decrease,0.351
2026-01-17,wk flu hosp rate change,0,2026-01-17,11,pmf,increase,0.353
2026-01-17,wk flu hosp rate change,0,2026-01-17,11,pmf,large_decrease,0.036
2026-01-17,wk flu hosp rate change,0,2026-01-17,11,pmf,large_increase,0.031
2026-01-17,wk flu hosp rate change,0,2026-01-17,11,pmf,stable,0.229
2026-01-17,wk flu hosp rate change,0,2026-01-17,12,pmf,decrease,0.178
2026-01-17,wk flu hosp rate change,0,2026-01-17,12,pmf,increase,0.532
2026-01-17,wk flu hosp rate change,0,2026-01-17,12,pmf,large_decrease,0.088
2026-01-17,wk flu hosp rate change,0,2026-01-17,12,pmf,large_increase,0.035
2026-01-17,wk flu hosp rate change,0,2026-01-17,12,pmf,stable,0.167
2026-01-17,wk flu hosp rate change,0,2026-01-17,13,pmf,decrease,0.22177822177822182
2026-01-17,wk flu hosp rate change,0,2026-01-17,13,pmf,increase,0.4375624375624376
2026-01-17,wk flu hosp rate change,0,2026-01-17,13,pmf,large_decrease,0.0029970029970029974
2026-01-17,wk flu hosp rate change,0,2026-01-17,13,pmf,large_increase,0.07592407592407593
2026-01-17,wk flu hosp rate change,0,2026-01-17,13,pmf,stable,0.26173826173826176
2026-01-17,wk flu hosp rate change,0,2026-01-17,15,pmf,decrease,0.229
2026-01-17,wk flu hosp rate change,0,2026-01-17,15,pmf,increase,0.26
2026-01-17,wk flu hosp rate change,0,2026-01-17,15,pmf,large_decrease,0.155
2026-01-17,wk flu hosp rate change,0,2026-01-17,15,pmf,large_increase,0.224
2026-01-17,wk flu hosp rate change,0,2026-01-17,15,pmf,stable,0.132
2026-01-17,wk flu hosp rate change,0,2026-01-17,16,pmf,decrease,0.431
2026-01-17,wk flu hosp rate change,0,2026-01-17,16,pmf,increase,0.292
2026-01-17,wk flu hosp rate change,0,2026-01-17,16,pmf,large_decrease,0.019
2026-01-17,wk flu hosp rate change,0,2026-01-17,16,pmf,large_increase,0.033
2026-01-17,wk flu hosp rate change,0,2026-01-17,16,pmf,stable,0.225
2026-01-17,wk flu hosp rate change,0,2026-01-17,17,pmf,decrease,0.287
2026-01-17,wk flu hosp rate change,0,2026-01-17,17,pmf,increase,0.419
2026-01-17,wk flu hosp rate change,0,2026-01-17,17,pmf,large_decrease,0.002
2026-01-17,wk flu hosp rate change,0,2026-01-17,17,pmf,large_increase,0.062
2026-01-17,wk flu hosp rate change,0,2026-01-17,17,pmf,stable,0.23
2026-01-17,wk flu hosp rate change,0,2026-01-17,18,pmf,decrease,0.208
2026-01-17,wk flu hosp rate change,0,2026-01-17,18,pmf,increase,0.406
2026-01-17,wk flu hosp rate change,0,2026-01-17,18,pmf,large_decrease,0.004
2026-01-17,wk flu hosp rate change,0,2026-01-17,18,pmf,large_increase,0.198
2026-01-17,wk flu hosp rate change,0,2026-01-17,18,pmf,stable,0.184
2026-01-17,wk flu hosp rate change,0,2026-01-17,19,pmf,decrease,0.23176823176823175
2026-01-17,wk flu hosp rate change,0,2026-01-17,19,pmf,increase,0.4435564435564435
2026-01-17,wk flu hosp rate change,0,2026-01-17,19,pmf,large_decrease,0.006993006993006992
2026-01-17,wk flu hosp rate change,0,2026-01-17,19,pmf,large_increase,0.05494505494505494
2026-01-17,wk flu hosp rate change,0,2026-01-17,19,pmf,stable,0.2627372627372627
2026-01-17,wk flu hosp rate change,0,2026-01-17,20,pmf,decrease,0.202
2026-01-17,wk flu hosp rate change,0,2026-01-17,20,pmf,increase,0.531
2026-01-17,wk flu hosp rate change,0,2026-01-17,20,pmf,large_decrease,0.002
2026-01-17,wk flu hosp rate change,0,2026-01-17,20,pmf,large_increase,0.074
2026-01-17,wk flu hosp rate change,0,2026-01-17,20,pmf,stable,0.191
2026-01-17,wk flu hosp rate change,0,2026-01-17,21,pmf,decrease,0.222
2026-01-17,wk flu hosp rate change,0,2026-01-17,21,pmf,increase,0.344
2026-01-17,wk flu hosp rate change,0,2026-01-17,21,pmf,large_decrease,0.008
2026-01-17,wk flu hosp rate change,0,2026-01-17,21,pmf,large_increase,0.252
2026-01-17,wk flu hosp rate change,0,2026-01-17,21,pmf,stable,0.174
2026-01-17,wk flu hosp rate change,0,2026-01-17,22,pmf,decrease,0.392
2026-01-17,wk flu hosp rate change,0,2026-01-17,22,pmf,increase,0.363
2026-01-17,wk flu hosp rate change,0,2026-01-17,22,pmf,large_decrease,0.043
2026-01-17,wk flu hosp rate change,0,2026-01-17,22,pmf,large_increase,0.027
2026-01-17,wk flu hosp rate change,0,2026-01-17,22,pmf,stable,0.175
2026-01-17,wk flu hosp rate change,0,2026-01-17,23,pmf,decrease,0.423
2026-01-17,wk flu hosp rate change,0,2026-01-17,23,pmf,increase,0.236
2026-01-17,wk flu hosp rate change,0,2026-01-17,23,pmf,large_decrease,0.254
2026-01-17,wk flu hosp rate change,0,2026-01-17,23,pmf,large_increase,0.06
2026-01-17,wk flu hosp rate change,0,2026-01-17,23,pmf,stable,0.027
2026-01-17,wk flu hosp rate change,0,2026-01-17,24,pmf,decrease,0.334
2026-01-17,wk flu hosp rate change,0,2026-01-17,24,pmf,increase,0.326
2026-01-17,wk flu hosp rate change,0,2026-01-17,24,pmf,large_decrease,0.05
2026-01-17,wk flu hosp rate change,0,2026-01-17,24,pmf,large_increase,0.162
2026-01-17,wk flu hosp rate change,0,2026-01-17,24,pmf,stable,0.1279999999999999
2026-01-17,wk flu hosp rate change,0,2026-01-17,25,pmf,decrease,0.605
2026-01-17,wk flu hosp rate change,0,2026-01-17,25,pmf,increase,0.164
2026-01-17,wk flu hosp rate change,0,2026-01-17,25,pmf,large_decrease,0.14
2026-01-17,wk flu hosp rate change,0,2026-01-17,25,pmf,large_increase,0.047
2026-01-17,wk flu hosp rate change,0,2026-01-17,25,pmf,stable,0.044
2026-01-17,wk flu hosp rate change,0,2026-01-17,26,pmf,decrease,0.257
2026-01-17,wk flu hosp rate change,0,2026-01-17,26,pmf,increase,0.43
2026-01-17,wk flu hosp rate change,0,2026-01-17,26,pmf,large_decrease,0.007
2026-01-17,wk flu hosp rate change,0,2026-01-17,26,pmf,large_increase,0.075
2026-01-17,wk flu hosp rate change,0,2026-01-17,26,pmf,stable,0.231
2026-01-17,wk flu hosp rate change,0,2026-01-17,27,pmf,decrease,0.322
2026-01-17,wk flu hosp rate change,0,2026-01-17,27,pmf,increase,0.286
2026-01-17,wk flu hosp rate change,0,2026-01-17,27,pmf,large_decrease,0.053
2026-01-17,wk flu hosp rate change,0,2026-01-17,27,pmf,large_increase,0.189
2026-01-17,wk flu hosp rate change,0,2026-01-17,27,pmf,stable,0.15
2026-01-17,wk flu hosp rate change,0,2026-01-17,28,pmf,decrease,0.27
2026-01-17,wk flu hosp rate change,0,2026-01-17,28,pmf,increase,0.421
2026-01-17,wk flu hosp rate change,0,2026-01-17,28,pmf,large_decrease,0.009
2026-01-17,wk flu hosp rate change,0,2026-01-17,28,pmf,large_increase,0.127
2026-01-17,wk flu hosp rate change,0,2026-01-17,28,pmf,stable,0.17299999999999988
2026-01-17,wk flu hosp rate change,0,2026-01-17,30,pmf,decrease,0.31699999999999995
2026-01-17,wk flu hosp rate change,0,2026-01-17,30,pmf,increase,0.3979999999999999
2026-01-17,wk flu hosp rate change,0,2026-01-17,30,pmf,large_decrease,0.0019999999999999996
2026-01-17,wk flu hosp rate change,0,2026-01-17,30,pmf,large_increase,0.05799999999999999
2026-01-17,wk flu hosp rate change,0,2026-01-17,30,pmf,stable,0.22499999999999995
2026-01-17,wk flu hosp rate change,0,2026-01-17,31,pmf,decrease,0.172
2026-01-17,wk flu hosp rate change,0,2026-01-17,31,pmf,increase,0.481
2026-01-17,wk flu hosp rate change,0,2026-01-17,31,pmf,large_decrease,0.002
2026-01-17,wk flu hosp rate change,0,2026-01-17,31,pmf,large_increase,0.014
2026-01-17,wk flu hosp rate change,0,2026-01-17,31,pmf,stable,0.331
2026-01-17,wk flu hosp rate change,0,2026-01-17,32,pmf,decrease,0.432
2026-01-17,wk flu hosp rate change,0,2026-01-17,32,pmf,increase,0.25
2026-01-17,wk flu hosp rate change,0,2026-01-17,32,pmf,large_decrease,0.002
2026-01-17,wk flu hosp rate change,0,2026-01-17,32,pmf,large_increase,0.002
2026-01-17,wk flu hosp rate change,0,2026-01-17,32,pmf,stable,0.3140000000000001
2026-01-17,wk flu hosp rate change,0,2026-01-17,33,pmf,decrease,0.36899999999999994
2026-01-17,wk flu hosp rate change,0,2026-01-17,33,pmf,increase,0.33999999999999997
2026-01-17,wk flu hosp rate change,0,2026-01-17,33,pmf,large_decrease,0.011999999999999997
2026-01-17,wk flu hosp rate change,0,2026-01-17,33,pmf,large_increase,0.06399999999999999
2026-01-17,wk flu hosp rate change,0,2026-01-17,33,pmf,stable,0.21499999999999994
2026-01-17,wk flu hosp rate change,0,2026-01-17,34,pmf,decrease,0.194
2026-01-17,wk flu hosp rate change,0,2026-01-17,34,pmf,increase,0.434
2026-01-17,wk flu hosp rate change,0,2026-01-17,34,pmf,large_decrease,0.047
2026-01-17,wk flu hosp rate change,0,2026-01-17,34,pmf,large_increase,0.084
2026-01-17,wk flu hosp rate change,0,2026-01-17,34,pmf,stable,0.241
2026-01-17,wk flu hosp rate change,0,2026-01-17,35,pmf,decrease,0.47
2026-01-17,wk flu hosp rate change,0,2026-01-17,35,pmf,increase,0.301
2026-01-17,wk flu hosp rate change,0,2026-01-17,35,pmf,large_decrease,0.002
2026-01-17,wk flu hosp rate change,0,2026-01-17,35,pmf,large_increase,0.038
2026-01-17,wk flu hosp rate change,0,2026-01-17,35,pmf,stable,0.189
2026-01-17,wk flu hosp rate change,0,2026-01-17,36,pmf,decrease,0.605
2026-01-17,wk flu hosp rate change,0,2026-01-17,36,pmf,increase,0.196
2026-01-17,wk flu hosp rate change,0,2026-01-17,36,pmf,large_decrease,0.112
2026-01-17,wk flu hosp rate change,0,2026-01-17,36,pmf,large_increase,0.016
2026-01-17,wk flu hosp rate change,0,2026-01-17,36,pmf,stable,0.0710000000000001
2026-01-17,wk flu hosp rate change,0,2026-01-17,37,pmf,decrease,0.2997002997002997
2026-01-17,wk flu hosp rate change,0,2026-01-17,37,pmf,increase,0.2977022977022977
2026-01-17,wk flu hosp rate change,0,2026-01-17,37,pmf,large_decrease,0.04195804195804197
2026-01-17,wk flu hosp rate change,0,2026-01-17,37,pmf,large_increase,0.2307692307692308
2026-01-17,wk flu hosp rate change,0,2026-01-17,37,pmf,stable,0.12987012987012989
2026-01-17,wk flu hosp rate change,0,2026-01-17,38,pmf,decrease,0.32
2026-01-17,wk flu hosp rate change,0,2026-01-17,38,pmf,increase,0.39
2026-01-17,wk flu hosp rate change,0,2026-01-17,38,pmf,large_decrease,0.002
2026-01-17,wk flu hosp rate change,0,2026-01-17,38,pmf,large_increase,0.073
2026-01-17,wk flu hosp rate change,0,2026-01-17,38,pmf,stable,0.2150000000000001
2026-01-17,wk flu hosp rate change,0,2026-01-17,39,pmf,decrease,0.2697302697302697
2026-01-17,wk flu hosp rate change,0,2026-01-17,39,pmf,increase,0.3876123876123876
2026-01-17,wk flu hosp rate change,0,2026-01-17,39,pmf,large_decrease,0.0029970029970029966
2026-01-17,wk flu hosp rate change,0,2026-01-17,39,pmf,large_increase,0.01898101898101898
2026-01-17,wk flu hosp rate change,0,2026-01-17,39,pmf,stable,0.32067932067932065
2026-01-17,wk flu hosp rate change,0,2026-01-17,40,pmf,decrease,0.11488511488511488
2026-01-17,wk flu hosp rate change,0,2026-01-17,40,pmf,increase,0.4205794205794205
2026-01-17,wk flu hosp rate change,0,2026-01-17,40,pmf,large_decrease,0.001998001998001998
2026-01-17,wk flu hosp rate change,0,2026-01-17,40,pmf,large_increase,0.35464535464535457
2026-01-17,wk flu hosp rate change,0,2026-01-17,40,pmf,stable,0.10789210789210787
2026-01-17,wk flu hosp rate change,0,2026-01-17,41,pmf,decrease,0.407
2026-01-17,wk flu hosp rate change,0,2026-01-17,41,pmf,increase,0.307
2026-01-17,wk flu hosp rate change,0,2026-01-17,41,pmf,large_decrease,0.002
2026-01-17,wk flu hosp rate change,0,2026-01-17,41,pmf,large_increase,0.067
2026-01-17,wk flu hosp rate change,0,2026-01-17,41,pmf,stable,0.2170000000000001
2026-01-17,wk flu hosp rate change,0,2026-01-17,42,pmf,decrease,0.241
2026-01-17,wk flu hosp rate change,0,2026-01-17,42,pmf,increase,0.451
2026-01-17,wk flu hosp rate change,0,2026-01-17,42,pmf,large_decrease,0.008
2026-01-17,wk flu hosp rate change,0,2026-01-17,42,pmf,large_increase,0.07
2026-01-17,wk flu hosp rate change,0,2026-01-17,42,pmf,stable,0.23
2026-01-17,wk flu hosp rate change,0,2026-01-17,44,pmf,decrease,0.17482517482517484
2026-01-17,wk flu hosp rate change,0,2026-01-17,44,pmf,increase,0.4535464535464536
2026-01-17,wk flu hosp rate change,0,2026-01-17,44,pmf,large_decrease,0.006993006993006994
2026-01-17,wk flu hosp rate change,0,2026-01-17,44,pmf,large_increase,0.09490509490509491
2026-01-17,wk flu hosp rate change,0,2026-01-17,44,pmf,stable,0.26973026973026976
2026-01-17,wk flu hosp rate change,0,2026-01-17,45,pmf,decrease,0.119
2026-01-17,wk flu hosp rate change,0,2026-01-17,45,pmf,increase,0.446
2026-01-17,wk flu hosp rate change,0,2026-01-17,45,pmf,large_decrease,0.003
2026-01-17,wk flu hosp rate change,0,2026-01-17,45,pmf,large_increase,0.208
2026-01-17,wk flu hosp rate change,0,2026-01-17,45,pmf,stable,0.22400000000000012
2026-01-17,wk flu hosp rate change,0,2026-01-17,46,pmf,decrease,0.091
2026-01-17,wk flu hosp rate change,0,2026-01-17,46,pmf,increase,0.556
2026-01-17,wk flu hosp rate change,0,2026-01-17,46,pmf,large_decrease,0.002
2026-01-17,wk flu hosp rate change,0,2026-01-17,46,pmf,large_increase,0.083
2026-01-17,wk flu hosp rate change,0,2026-01-17,46,pmf,stable,0.268
2026-01-17,wk flu hosp rate change,0,2026-01-17,47,pmf,decrease,0.324
2026-01-17,wk flu hosp rate change,0,2026-01-17,47,pmf,increase,0.425
2026-01-17,wk flu hosp rate change,0,2026-01-17,47,pmf,large_decrease,0.002
2026-01-17,wk flu hosp rate change,0,2026-01-17,47,pmf,large_increase,0.061
2026-01-17,wk flu hosp rate change,0,2026-01-17,47,pmf,stable,0.188
2026-01-17,wk flu hosp rate change,0,2026-01-17,48,pmf,decrease,0.3236763236763237
2026-01-17,wk flu hosp rate change,0,2026-01-17,48,pmf,increase,0.35564435564435565
2026-01-17,wk flu hosp rate change,0,2026-01-17,48,pmf,large_decrease,0.03796203796203797
2026-01-17,wk flu hosp rate change,0,2026-01-17,48,pmf,large_increase,0.14485514485514486
2026-01-17,wk flu hosp rate change,0,2026-01-17,48,pmf,stable,0.13786213786213788
2026-01-17,wk flu hosp rate change,0,2026-01-17,49,pmf,decrease,0.436
2026-01-17,wk flu hosp rate change,0,2026-01-17,49,pmf,increase,0.282
2026-01-17,wk flu hosp rate change,0,2026-01-17,49,pmf,large_decrease,0.02
2026-01-17,wk flu hosp rate change,0,2026-01-17,49,pmf,large_increase,0.067
2026-01-17,wk flu hosp rate change,0,2026-01-17,49,pmf,stable,0.195
2026-01-17,wk flu hosp rate change,0,2026-01-17,50,pmf,decrease,0.272
2026-01-17,wk flu hosp rate change,0,2026-01-17,50,pmf,increase,0.398
2026-01-17,wk flu hosp rate change,0,2026-01-17,50,pmf,large_decrease,0.006
2026-01-17,wk flu hosp rate change,0,2026-01-17,50,pmf,large_increase,0.191
2026-01-17,wk flu hosp rate change,0,2026-01-17,50,pmf,stable,0.133
2026-01-17,wk flu hosp rate change,0,2026-01-17,51,pmf,decrease,0.511
2026-01-17,wk flu hosp rate change,0,2026-01-17,51,pmf,increase,0.145
2026-01-17,wk flu hosp rate change,0,2026-01-17,51,pmf,large_decrease,0.219
2026-01-17,wk flu hosp rate change,0,2026-01-17,51,pmf,large_increase,0.072
2026-01-17,wk flu hosp rate change,0,2026-01-17,51,pmf,stable,0.053
2026-01-17,wk flu hosp rate change,0,2026-01-17,53,pmf,decrease,0.329
2026-01-17,wk flu hosp rate change,0,2026-01-17,53,pmf,increase,0.362
2026-01-17,wk flu hosp rate change,0,2026-01-17,53,pmf,large_decrease,0.009
2026-01-17,wk flu hosp rate change,0,2026-01-17,53,pmf,large_increase,0.012
2026-01-17,wk flu hosp rate change,0,2026-01-17,53,pmf,stable,0.288
2026-01-17,wk flu hosp rate change,0,2026-01-17,54,pmf,decrease,0.229
2026-01-17,wk flu hosp rate change,0,2026-01-17,54,pmf,increase,0.377
2026-01-17,wk flu hosp rate change,0,2026-01-17,54,pmf,large_decrease,0.026
2026-01-17,wk flu hosp rate change,0,2026-01-17,54,pmf,large_increase,0.204
2026-01-17,wk flu hosp rate change,0,2026-01-17,54,pmf,stable,0.164
2026-01-17,wk flu hosp rate change,0,2026-01-17,55,pmf,decrease,0.246
2026-01-17,wk flu hosp rate change,0,2026-01-17,55,pmf,increase,0.423
2026-01-17,wk flu hosp rate change,0,2026-01-17,55,pmf,large_decrease,0.007
2026-01-17,wk flu hosp rate change,0,2026-01-17,55,pmf,large_increase,0.075
2026-01-17,wk flu hosp rate change,0,2026-01-17,55,pmf,stable,0.249
2026-01-17,wk flu hosp rate change,0,2026-01-17,56,pmf,decrease,0.4135864135864135
2026-01-17,wk flu hosp rate change,0,2026-01-17,56,pmf,increase,0.29970029970029965
2026-01-17,wk flu hosp rate change,0,2026-01-17,56,pmf,large_decrease,0.01798201798201798
2026-01-17,wk flu hosp rate change,0,2026-01-17,56,pmf,large_increase,0.03796203796203796
2026-01-17,wk flu hosp rate change,0,2026-01-17,56,pmf,stable,0.23076923076923075
2026-01-17,wk flu hosp rate change,0,2026-01-17,US,pmf,decrease,0.205
2026-01-17,wk flu hosp rate change,0,2026-01-17,US,pmf,increase,0.477
2026-01-17,wk flu hosp rate change,0,2026-01-17,US,pmf,large_decrease,0.014
2026-01-17,wk flu hosp rate change,0,2026-01-17,US,pmf,large_increase,0.021
2026-01-17,wk flu hosp rate change,0,2026-01-17,US,pmf,stable,0.283
2026-01-17,wk flu hosp rate change,1,2026-01-24,01,pmf,decrease,0.287
2026-01-17,wk flu hosp rate change,1,2026-01-24,01,pmf,increase,0.401
2026-01-17,wk flu hosp rate change,1,2026-01-24,01,pmf,large_decrease,0.012
2026-01-17,wk flu hosp rate change,1,2026-01-24,01,pmf,large_increase,0.137
2026-01-17,wk flu hosp rate change,1,2026-01-24,01,pmf,stable,0.163
2026-01-17,wk flu hosp rate change,1,2026-01-24,02,pmf,decrease,0.235
2026-01-17,wk flu hosp rate change,1,2026-01-24,02,pmf,increase,0.371
2026-01-17,wk flu hosp rate change,1,2026-01-24,02,pmf,large_decrease,0.059
2026-01-17,wk flu hosp rate change,1,2026-01-24,02,pmf,large_increase,0.016
2026-01-17,wk flu hosp rate change,1,2026-01-24,02,pmf,stable,0.3189999999999999
2026-01-17,wk flu hosp rate change,1,2026-01-24,04,pmf,decrease,0.409
2026-01-17,wk flu hosp rate change,1,2026-01-24,04,pmf,increase,0.285
2026-01-17,wk flu hosp rate change,1,2026-01-24,04,pmf,large_decrease,0.002
2026-01-17,wk flu hosp rate change,1,2026-01-24,04,pmf,large_increase,0.037
2026-01-17,wk flu hosp rate change,1,2026-01-24,04,pmf,stable,0.267
2026-01-17,wk flu hosp rate change,1,2026-01-24,05,pmf,decrease,0.13
2026-01-17,wk flu hosp rate change,1,2026-01-24,05,pmf,increase,0.519
2026-01-17,wk flu hosp rate change,1,2026-01-24,05,pmf,large_decrease,0.001
2026-01-17,wk flu hosp rate change,1,2026-01-24,05,pmf,large_increase,0.176
2026-01-17,wk flu hosp rate change,1,2026-01-24,05,pmf,stable,0.17399999999999988
2026-01-17,wk flu hosp rate change,1,2026-01-24,06,pmf,decrease,0.094
2026-01-17,wk flu hosp rate change,1,2026-01-24,06,pmf,increase,0.441
2026-01-17,wk flu hosp rate change,1,2026-01-24,06,pmf,large_decrease,0.002
2026-01-17,wk flu hosp rate change,1,2026-01-24,06,pmf,large_increase,0.002
2026-01-17,wk flu hosp rate change,1,2026-01-24,06,pmf,stable,0.461
2026-01-17,wk flu hosp rate change,1,2026-01-24,08,pmf,decrease,0.375
2026-01-17,wk flu hosp rate change,1,2026-01-24,08,pmf,increase,0.225
2026-01-17,wk flu hosp rate change,1,2026-01-24,08,pmf,large_decrease,0.021
2026-01-17,wk flu hosp rate change,1,2026-01-24,08,pmf,large_increase,0.002
2026-01-17,wk flu hosp rate change,1,2026-01-24,08,pmf,stable,0.377
2026-01-17,wk flu hosp rate change,1,2026-01-24,09,pmf,decrease,0.342
2026-01-17,wk flu hosp rate change,1,2026-01-24,09,pmf,increase,0.405
2026-01-17,wk flu hosp rate change,1,2026-01-24,09,pmf,large_decrease,0.078
2026-01-17,wk flu hosp rate change,1,2026-01-24,09,pmf,large_increase,0.027
2026-01-17,wk flu hosp rate change,1,2026-01-24,09,pmf,stable,0.14799999999999988
2026-01-17,wk flu hosp rate change,1,2026-01-24,10,pmf,decrease,0.363
2026-01-17,wk flu hosp rate change,1,2026-01-24,10,pmf,increase,0.316
2026-01-17,wk flu hosp rate change,1,2026-01-24,10,pmf,large_decrease,0.01
2026-01-17,wk flu hosp rate change,1,2026-01-24,10,pmf,large_increase,0.085
2026-01-17,wk flu hosp rate change,1,2026-01-24,10,pmf,stable,0.226
2026-01-17,wk flu hosp rate change,1,2026-01-24,11,pmf,decrease,0.221
2026-01-17,wk flu hosp rate change,1,2026-01-24,11,pmf,increase,0.444
2026-01-17,wk flu hosp rate change,1,2026-01-24,11,pmf,large_decrease,0.015
2026-01-17,wk flu hosp rate change,1,2026-01-24,11,pmf,large_increase,0.011
2026-01-17,wk flu hosp rate change,1,2026-01-24,11,pmf,stable,0.309
2026-01-17,wk flu hosp rate change,1,2026-01-24,12,pmf,decrease,0.239
2026-01-17,wk flu hosp rate change,1,2026-01-24,12,pmf,increase,0.581
2026-01-17,wk flu hosp rate change,1,2026-01-24,12,pmf,large_decrease,0.015
2026-01-17,wk flu hosp rate change,1,2026-01-24,12,pmf,large_increase,0.004
2026-01-17,wk flu hosp rate change,1,2026-01-24,12,pmf,stable,0.161
2026-01-17,wk flu hosp rate change,1,2026-01-24,13,pmf,decrease,0.156
2026-01-17,wk flu hosp rate change,1,2026-01-24,13,pmf,increase,0.526
2026-01-17,wk flu hosp rate change,1,2026-01-24,13,pmf,large_decrease,0.002
2026-01-17,wk flu hosp rate change,1,2026-01-24,13,pmf,large_increase,0.011
2026-01-17,wk flu hosp rate change,1,2026-01-24,13,pmf,stable,0.305
2026-01-17,wk flu hosp rate change,1,2026-01-24,15,pmf,decrease,0.3846153846153847
2026-01-17,wk flu hosp rate change,1,2026-01-24,15,pmf,increase,0.26973026973026976
2026-01-17,wk flu hosp rate change,1,2026-01-24,15,pmf,large_decrease,0.12387612387612389
2026-01-17,wk flu hosp rate change,1,2026-01-24,15,pmf,large_increase,0.06393606393606395
2026-01-17,wk flu hosp rate change,1,2026-01-24,15,pmf,stable,0.15784215784215785
2026-01-17,wk flu hosp rate change,1,2026-01-24,16,pmf,decrease,0.44
2026-01-17,wk flu hosp rate change,1,2026-01-24,16,pmf,increase,0.242
2026-01-17,wk flu hosp rate change,1,2026-01-24,16,pmf,large_decrease,0.002
2026-01-17,wk flu hosp rate change,1,2026-01-24,16,pmf,large_increase,0.006
2026-01-17,wk flu hosp rate change,1,2026-01-24,16,pmf,stable,0.31
2026-01-17,wk flu hosp rate change,1,2026-01-24,17,pmf,decrease,0.201
2026-01-17,wk flu hosp rate change,1,2026-01-24,17,pmf,increase,0.491
2026-01-17,wk flu hosp rate change,1,2026-01-24,17,pmf,large_decrease,0.002
2026-01-17,wk flu hosp rate change,1,2026-01-24,17,pmf,large_increase,0.012
2026-01-17,wk flu hosp rate change,1,2026-01-24,17,pmf,stable,0.294
2026-01-17,wk flu hosp rate change,1,2026-01-24,18,pmf,decrease,0.208
2026-01-17,wk flu hosp rate change,1,2026-01-24,18,pmf,increase,0.486
2026-01-17,wk flu hosp rate change,1,2026-01-24,18,pmf,large_decrease,0.002
2026-01-17,wk flu hosp rate change,1,2026-01-24,18,pmf,large_increase,0.129
2026-01-17,wk flu hosp rate change,1,2026-01-24,18,pmf,stable,0.175
2026-01-17,wk flu hosp rate change,1,2026-01-24,19,pmf,decrease,0.18
2026-01-17,wk flu hosp rate change,1,2026-01-24,19,pmf,increase,0.48
2026-01-17,wk flu hosp rate change,1,2026-01-24,19,pmf,large_decrease,0.002
2026-01-17,wk flu hosp rate change,1,2026-01-24,19,pmf,large_increase,0.01
2026-01-17,wk flu hosp rate change,1,2026-01-24,19,pmf,stable,0.328
2026-01-17,wk flu hosp rate change,1,2026-01-24,20,pmf,decrease,0.066
2026-01-17,wk flu hosp rate change,1,2026-01-24,20,pmf,increase,0.593
2026-01-17,wk flu hosp rate change,1,2026-01-24,20,pmf,large_decrease,0.002
2026-01-17,wk flu hosp rate change,1,2026-01-24,20,pmf,large_increase,0.025
2026-01-17,wk flu hosp rate change,1,2026-01-24,20,pmf,stable,0.314
2026-01-17,wk flu hosp rate change,1,2026-01-24,21,pmf,decrease,0.1968031968031968
2026-01-17,wk flu hosp rate change,1,2026-01-24,21,pmf,increase,0.46253746253746253
2026-01-17,wk flu hosp rate change,1,2026-01-24,21,pmf,large_decrease,0.001998001998001998
2026-01-17,wk flu hosp rate change,1,2026-01-24,21,pmf,large_increase,0.1598401598401598
2026-01-17,wk flu hosp rate change,1,2026-01-24,21,pmf,stable,0.1788211788211788
2026-01-17,wk flu hosp rate change,1,2026-01-24,22,pmf,decrease,0.278
2026-01-17,wk flu hosp rate change,1,2026-01-24,22,pmf,increase,0.421
2026-01-17,wk flu hosp rate change,1,2026-01-24,22,pmf,large_decrease,0.013
2026-01-17,wk flu hosp rate change,1,2026-01-24,22,pmf,large_increase,0.005
2026-01-17,wk flu hosp rate change,1,2026-01-24,22,pmf,stable,0.283
2026-01-17,wk flu hosp rate change,1,2026-01-24,23,pmf,decrease,0.349
2026-01-17,wk flu hosp rate change,1,2026-01-24,23,pmf,increase,0.412
2026-01-17,wk flu hosp rate change,1,2026-01-24,23,pmf,large_decrease,0.107
2026-01-17,wk flu hosp rate change,1,2026-01-24,23,pmf,large_increase,0.011
2026-01-17,wk flu hosp rate change,1,2026-01-24,23,pmf,stable,0.12100000000000011
2026-01-17,wk flu hosp rate change,1,2026-01-24,24,pmf,decrease,0.324
2026-01-17,wk flu hosp rate change,1,2026-01-24,24,pmf,increase,0.411
2026-01-17,wk flu hosp rate change,1,2026-01-24,24,pmf,large_decrease,0.034
2026-01-17,wk flu hosp rate change,1,2026-01-24,24,pmf,large_increase,0.055
2026-01-17,wk flu hosp rate change,1,2026-01-24,24,pmf,stable,0.176
2026-01-17,wk flu hosp rate change,1,2026-01-24,25,pmf,decrease,0.673
2026-01-17,wk flu hosp rate change,1,2026-01-24,25,pmf,increase,0.168
2026-01-17,wk flu hosp rate change,1,2026-01-24,25,pmf,large_decrease,0.081
2026-01-17,wk flu hosp rate change,1,2026-01-24,25,pmf,large_increase,0.008
2026-01-17,wk flu hosp rate change,1,2026-01-24,25,pmf,stable,0.07
2026-01-17,wk flu hosp rate change,1,2026-01-24,26,pmf,decrease,0.143
2026-01-17,wk flu hosp rate change,1,2026-01-24,26,pmf,increase,0.537
2026-01-17,wk flu hosp rate change,1,2026-01-24,26,pmf,large_decrease,0.002
2026-01-17,wk flu hosp rate change,1,2026-01-24,26,pmf,large_increase,0.029
2026-01-17,wk flu hosp rate change,1,2026-01-24,26,pmf,stable,0.289
2026-01-17,wk flu hosp rate change,1,2026-01-24,27,pmf,decrease,0.29270729270729273
2026-01-17,wk flu hosp rate change,1,2026-01-24,27,pmf,increase,0.40459540459540466
2026-01-17,wk flu hosp rate change,1,2026-01-24,27,pmf,large_decrease,0.03996003996003997
2026-01-17,wk flu hosp rate change,1,2026-01-24,27,pmf,large_increase,0.07392607392607393
2026-01-17,wk flu hosp rate change,1,2026-01-24,27,pmf,stable,0.18881118881118883
2026-01-17,wk flu hosp rate change,1,2026-01-24,28,pmf,decrease,0.1978021978021978
2026-01-17,wk flu hosp rate change,1,2026-01-24,28,pmf,increase,0.5054945054945055
2026-01-17,wk flu hosp rate change,1,2026-01-24,28,pmf,large_decrease,0.001998001998001998
2026-01-17,wk flu hosp rate change,1,2026-01-24,28,pmf,large_increase,0.06193806193806193
2026-01-17,wk flu hosp rate change,1,2026-01-24,28,pmf,stable,0.23276723276723274
2026-01-17,wk flu hosp rate change,1,2026-01-24,30,pmf,decrease,0.266
2026-01-17,wk flu hosp rate change,1,2026-01-24,30,pmf,increase,0.439
2026-01-17,wk flu hosp rate change,1,2026-01-24,30,pmf,large_decrease,0.002
2026-01-17,wk flu hosp rate change,1,2026-01-24,30,pmf,large_increase,0.013
2026-01-17,wk flu hosp rate change,1,2026-01-24,30,pmf,stable,0.2799999999999999
2026-01-17,wk flu hosp rate change,1,2026-01-24,31,pmf,decrease,0.254
2026-01-17,wk flu hosp rate change,1,2026-01-24,31,pmf,increase,0.344
2026-01-17,wk flu hosp rate change,1,2026-01-24,31,pmf,large_decrease,0.002
2026-01-17,wk flu hosp rate change,1,2026-01-24,31,pmf,large_increase,0.002
2026-01-17,wk flu hosp rate change,1,2026-01-24,31,pmf,stable,0.398
2026-01-17,wk flu hosp rate change,1,2026-01-24,32,pmf,decrease,0.354
2026-01-17,wk flu hosp rate change,1,2026-01-24,32,pmf,increase,0.197
2026-01-17,wk flu hosp rate change,1,2026-01-24,32,pmf,large_decrease,0.002
2026-01-17,wk flu hosp rate change,1,2026-01-24,32,pmf,large_increase,0.002
2026-01-17,wk flu hosp rate change,1,2026-01-24,32,pmf,stable,0.445
2026-01-17,wk flu hosp rate change,1,2026-01-24,33,pmf,decrease,0.1808191808191808
2026-01-17,wk flu hosp rate change,1,2026-01-24,33,pmf,increase,0.49950049950049946
2026-01-17,wk flu hosp rate change,1,2026-01-24,33,pmf,large_decrease,0.005994005994005993
2026-01-17,wk flu hosp rate change,1,2026-01-24,33,pmf,large_increase,0.010989010989010986
2026-01-17,wk flu hosp rate change,1,2026-01-24,33,pmf,stable,0.30269730269730266
2026-01-17,wk flu hosp rate change,1,2026-01-24,34,pmf,decrease,0.2007992007992008
2026-01-17,wk flu hosp rate change,1,2026-01-24,34,pmf,increase,0.5054945054945055
2026-01-17,wk flu hosp rate change,1,2026-01-24,34,pmf,large_decrease,0.029970029970029965
2026-01-17,wk flu hosp rate change,1,2026-01-24,34,pmf,large_increase,0.021978021978021973
2026-01-17,wk flu hosp rate change,1,2026-01-24,34,pmf,stable,0.24175824175824173
2026-01-17,wk flu hosp rate change,1,2026-01-24,35,pmf,decrease,0.428
2026-01-17,wk flu hosp rate change,1,2026-01-24,35,pmf,increase,0.303
2026-01-17,wk flu hosp rate change,1,2026-01-24,35,pmf,large_decrease,0.002
2026-01-17,wk flu hosp rate change,1,2026-01-24,35,pmf,large_increase,0.004
2026-01-17,wk flu hosp rate change,1,2026-01-24,35,pmf,stable,0.263
2026-01-17,wk flu hosp rate change,1,2026-01-24,36,pmf,decrease,0.506
2026-01-17,wk flu hosp rate change,1,2026-01-24,36,pmf,increase,0.262
2026-01-17,wk flu hosp rate change,1,2026-01-24,36,pmf,large_decrease,0.006
2026-01-17,wk flu hosp rate change,1,2026-01-24,36,pmf,large_increase,0.006
2026-01-17,wk flu hosp rate change,1,2026-01-24,36,pmf,stable,0.22
2026-01-17,wk flu hosp rate change,1,2026-01-24,37,pmf,decrease,0.241
2026-01-17,wk flu hosp rate change,1,2026-01-24,37,pmf,increase,0.387
2026-01-17,wk flu hosp rate change,1,2026-01-24,37,pmf,large_decrease,0.042
2026-01-17,wk flu hosp rate change,1,2026-01-24,37,pmf,large_increase,0.133
2026-01-17,wk flu hosp rate change,1,2026-01-24,37,pmf,stable,0.197
2026-01-17,wk flu hosp rate change,1,2026-01-24,38,pmf,decrease,0.324
2026-01-17,wk flu hosp rate change,1,2026-01-24,38,pmf,increase,0.4
2026-01-17,wk flu hosp rate change,1,2026-01-24,38,pmf,large_decrease,0.002
2026-01-17,wk flu hosp rate change,1,2026-01-24,38,pmf,large_increase,0.017
2026-01-17,wk flu hosp rate change,1,2026-01-24,38,pmf,stable,0.257
2026-01-17,wk flu hosp rate change,1,2026-01-24,39,pmf,decrease,0.155
2026-01-17,wk flu hosp rate change,1,2026-01-24,39,pmf,increase,0.475
2026-01-17,wk flu hosp rate change,1,2026-01-24,39,pmf,large_decrease,0.002
2026-01-17,wk flu hosp rate change,1,2026-01-24,39,pmf,large_increase,0.002
2026-01-17,wk flu hosp rate change,1,2026-01-24,39,pmf,stable,0.366
2026-01-17,wk flu hosp rate change,1,2026-01-24,40,pmf,decrease,0.114
2026-01-17,wk flu hosp rate change,1,2026-01-24,40,pmf,increase,0.503
2026-01-17,wk flu hosp rate change,1,2026-01-24,40,pmf,large_decrease,0.001
2026-01-17,wk flu hosp rate change,1,2026-01-24,40,pmf,large_increase,0.285
2026-01-17,wk flu hosp rate change,1,2026-01-24,40,pmf,stable,0.097
2026-01-17,wk flu hosp rate change,1,2026-01-24,41,pmf,decrease,0.379
2026-01-17,wk flu hosp rate change,1,2026-01-24,41,pmf,increase,0.321
2026-01-17,wk flu hosp rate change,1,2026-01-24,41,pmf,large_decrease,0.002
2026-01-17,wk flu hosp rate change,1,2026-01-24,41,pmf,large_increase,0.016
2026-01-17,wk flu hosp rate change,1,2026-01-24,41,pmf,stable,0.282
2026-01-17,wk flu hosp rate change,1,2026-01-24,42,pmf,decrease,0.199
2026-01-17,wk flu hosp rate change,1,2026-01-24,42,pmf,increase,0.508
2026-01-17,wk flu hosp rate change,1,2026-01-24,42,pmf,large_decrease,0.002
2026-01-17,wk flu hosp rate change,1,2026-01-24,42,pmf,large_increase,0.039
2026-01-17,wk flu hosp rate change,1,2026-01-24,42,pmf,stable,0.252
2026-01-17,wk flu hosp rate change,1,2026-01-24,44,pmf,decrease,0.115
2026-01-17,wk flu hosp rate change,1,2026-01-24,44,pmf,increase,0.524
2026-01-17,wk flu hosp rate change,1,2026-01-24,44,pmf,large_decrease,0.002
2026-01-17,wk flu hosp rate change,1,2026-01-24,44,pmf,large_increase,0.015
2026-01-17,wk flu hosp rate change,1,2026-01-24,44,pmf,stable,0.344
2026-01-17,wk flu hosp rate change,1,2026-01-24,45,pmf,decrease,0.116
2026-01-17,wk flu hosp rate change,1,2026-01-24,45,pmf,increase,0.552
2026-01-17,wk flu hosp rate change,1,2026-01-24,45,pmf,large_decrease,0.002
2026-01-17,wk flu hosp rate change,1,2026-01-24,45,pmf,large_increase,0.111
2026-01-17,wk flu hosp rate change,1,2026-01-24,45,pmf,stable,0.219
2026-01-17,wk flu hosp rate change,1,2026-01-24,46,pmf,decrease,0.026
2026-01-17,wk flu hosp rate change,1,2026-01-24,46,pmf,increase,0.703
2026-01-17,wk flu hosp rate change,1,2026-01-24,46,pmf,large_decrease,0.002
2026-01-17,wk flu hosp rate change,1,2026-01-24,46,pmf,large_increase,0.051
2026-01-17,wk flu hosp rate change,1,2026-01-24,46,pmf,stable,0.218
2026-01-17,wk flu hosp rate change,1,2026-01-24,47,pmf,decrease,0.199
2026-01-17,wk flu hosp rate change,1,2026-01-24,47,pmf,increase,0.486
2026-01-17,wk flu hosp rate change,1,2026-01-24,47,pmf,large_decrease,0.002
2026-01-17,wk flu hosp rate change,1,2026-01-24,47,pmf,large_increase,0.009
2026-01-17,wk flu hosp rate change,1,2026-01-24,47,pmf,stable,0.304
2026-01-17,wk flu hosp rate change,1,2026-01-24,48,pmf,decrease,0.2817182817182817
2026-01-17,wk flu hosp rate change,1,2026-01-24,48,pmf,increase,0.4365634365634366
2026-01-17,wk flu hosp rate change,1,2026-01-24,48,pmf,large_decrease,0.0029970029970029974
2026-01-17,wk flu hosp rate change,1,2026-01-24,48,pmf,large_increase,0.08691308691308691
2026-01-17,wk flu hosp rate change,1,2026-01-24,48,pmf,stable,0.19180819180819184
2026-01-17,wk flu hosp rate change,1,2026-01-24,49,pmf,decrease,0.4565434565434565
2026-01-17,wk flu hosp rate change,1,2026-01-24,49,pmf,increase,0.29870129870129863
2026-01-17,wk flu hosp rate change,1,2026-01-24,49,pmf,large_decrease,0.003996003996003996
2026-01-17,wk flu hosp rate change,1,2026-01-24,49,pmf,large_increase,0.01798201798201798
2026-01-17,wk flu hosp rate change,1,2026-01-24,49,pmf,stable,0.22277722277722276
2026-01-17,wk flu hosp rate change,1,2026-01-24,50,pmf,decrease,0.119
2026-01-17,wk flu hosp rate change,1,2026-01-24,50,pmf,increase,0.568
2026-01-17,wk flu hosp rate change,1,2026-01-24,50,pmf,large_decrease,0.002
2026-01-17,wk flu hosp rate change,1,2026-01-24,50,pmf,large_increase,0.117
2026-01-17,wk flu hosp rate change,1,2026-01-24,50,pmf,stable,0.194
2026-01-17,wk flu hosp rate change,1,2026-01-24,51,pmf,decrease,0.554
2026-01-17,wk flu hosp rate change,1,2026-01-24,51,pmf,increase,0.222
2026-01-17,wk flu hosp rate change,1,2026-01-24,51,pmf,large_decrease,0.108
2026-01-17,wk flu hosp rate change,1,2026-01-24,51,pmf,large_increase,0.027
2026-01-17,wk flu hosp rate change,1,2026-01-24,51,pmf,stable,0.089
2026-01-17,wk flu hosp rate change,1,2026-01-24,53,pmf,decrease,0.3206793206793207
2026-01-17,wk flu hosp rate change,1,2026-01-24,53,pmf,increase,0.2817182817182817
2026-01-17,wk flu hosp rate change,1,2026-01-24,53,pmf,large_decrease,0.0019980019980019984
2026-01-17,wk flu hosp rate change,1,2026-01-24,53,pmf,large_increase,0.003996003996003997
2026-01-17,wk flu hosp rate change,1,2026-01-24,53,pmf,stable,0.39160839160839167
2026-01-17,wk flu hosp rate change,1,2026-01-24,54,pmf,decrease,0.211
2026-01-17,wk flu hosp rate change,1,2026-01-24,54,pmf,increase,0.426
2026-01-17,wk flu hosp rate change,1,2026-01-24,54,pmf,large_decrease,0.003
2026-01-17,wk flu hosp rate change,1,2026-01-24,54,pmf,large_increase,0.145
2026-01-17,wk flu hosp rate change,1,2026-01-24,54,pmf,stable,0.215
2026-01-17,wk flu hosp rate change,1,2026-01-24,55,pmf,decrease,0.14285714285714282
2026-01-17,wk flu hosp rate change,1,2026-01-24,55,pmf,increase,0.5364635364635364
2026-01-17,wk flu hosp rate change,1,2026-01-24,55,pmf,large_decrease,0.001998001998001998
2026-01-17,wk flu hosp rate change,1,2026-01-24,55,pmf,large_increase,0.021978021978021973
2026-01-17,wk flu hosp rate change,1,2026-01-24,55,pmf,stable,0.29670329670329665
2026-01-17,wk flu hosp rate change,1,2026-01-24,56,pmf,decrease,0.315
2026-01-17,wk flu hosp rate change,1,2026-01-24,56,pmf,increase,0.39
2026-01-17,wk flu hosp rate change,1,2026-01-24,56,pmf,large_decrease,0.004
2026-01-17,wk flu hosp rate change,1,2026-01-24,56,pmf,large_increase,0.004
2026-01-17,wk flu hosp rate change,1,2026-01-24,56,pmf,stable,0.287
2026-01-17,wk flu hosp rate change,1,2026-01-24,US,pmf,decrease,0.16
2026-01-17,wk flu hosp rate change,1,2026-01-24,US,pmf,increase,0.47
2026-01-17,wk flu hosp rate change,1,2026-01-24,US,pmf,large_decrease,0.002
2026-01-17,wk flu hosp rate change,1,2026-01-24,US,pmf,large_increase,0.004
2026-01-17,wk flu hosp rate change,1,2026-01-24,US,pmf,stable,0.364
2026-01-17,wk flu hosp rate change,2,2026-01-31,01,pmf,decrease,0.312
2026-01-17,wk flu hosp rate change,2,2026-01-31,01,pmf,increase,0.391
2026-01-17,wk flu hosp rate change,2,2026-01-31,01,pmf,large_decrease,0.001
2026-01-17,wk flu hosp rate change,2,2026-01-31,01,pmf,large_increase,0.109
2026-01-17,wk flu hosp rate change,2,2026-01-31,01,pmf,stable,0.187
2026-01-17,wk flu hosp rate change,2,2026-01-31,02,pmf,decrease,0.2717282717282718
2026-01-17,wk flu hosp rate change,2,2026-01-31,02,pmf,increase,0.3436563436563437
2026-01-17,wk flu hosp rate change,2,2026-01-31,02,pmf,large_decrease,0.031968031968031975
2026-01-17,wk flu hosp rate change,2,2026-01-31,02,pmf,large_increase,0.0019980019980019984
2026-01-17,wk flu hosp rate change,2,2026-01-31,02,pmf,stable,0.35064935064935066
2026-01-17,wk flu hosp rate change,2,2026-01-31,04,pmf,decrease,0.3156843156843157
2026-01-17,wk flu hosp rate change,2,2026-01-31,04,pmf,increase,0.2897102897102897
2026-01-17,wk flu hosp rate change,2,2026-01-31,04,pmf,large_decrease,0.0019980019980019984
2026-01-17,wk flu hosp rate change,2,2026-01-31,04,pmf,large_increase,0.02297702297702298
2026-01-17,wk flu hosp rate change,2,2026-01-31,04,pmf,stable,0.36963036963036966
2026-01-17,wk flu hosp rate change,2,2026-01-31,05,pmf,decrease,0.109
2026-01-17,wk flu hosp rate change,2,2026-01-31,05,pmf,increase,0.529
2026-01-17,wk flu hosp rate change,2,2026-01-31,05,pmf,large_decrease,0.001
2026-01-17,wk flu hosp rate change,2,2026-01-31,05,pmf,large_increase,0.182
2026-01-17,wk flu hosp rate change,2,2026-01-31,05,pmf,stable,0.1790000000000001
2026-01-17,wk flu hosp rate change,2,2026-01-31,06,pmf,decrease,0.081
2026-01-17,wk flu hosp rate change,2,2026-01-31,06,pmf,increase,0.352
2026-01-17,wk flu hosp rate change,2,2026-01-31,06,pmf,large_decrease,0.002
2026-01-17,wk flu hosp rate change,2,2026-01-31,06,pmf,large_increase,0.002
2026-01-17,wk flu hosp rate change,2,2026-01-31,06,pmf,stable,0.563
2026-01-17,wk flu hosp rate change,2,2026-01-31,08,pmf,decrease,0.466
2026-01-17,wk flu hosp rate change,2,2026-01-31,08,pmf,increase,0.081
2026-01-17,wk flu hosp rate change,2,2026-01-31,08,pmf,large_decrease,0.002
2026-01-17,wk flu hosp rate change,2,2026-01-31,08,pmf,large_increase,0.002
2026-01-17,wk flu hosp rate change,2,2026-01-31,08,pmf,stable,0.449
2026-01-17,wk flu hosp rate change,2,2026-01-31,09,pmf,decrease,0.45454545454545453
2026-01-17,wk flu hosp rate change,2,2026-01-31,09,pmf,increase,0.33766233766233766
2026-01-17,wk flu hosp rate change,2,2026-01-31,09,pmf,large_decrease,0.004995004995004994
2026-01-17,wk flu hosp rate change,2,2026-01-31,09,pmf,large_increase,0.012987012987012984
2026-01-17,wk flu hosp rate change,2,2026-01-31,09,pmf,stable,0.1898101898101898
2026-01-17,wk flu hosp rate change,2,2026-01-31,10,pmf,decrease,0.343
2026-01-17,wk flu hosp rate change,2,2026-01-31,10,pmf,increase,0.365
2026-01-17,wk flu hosp rate change,2,2026-01-31,10,pmf,large_decrease,0.004
2026-01-17,wk flu hosp rate change,2,2026-01-31,10,pmf,large_increase,0.08
2026-01-17,wk flu hosp rate change,2,2026-01-31,10,pmf,stable,0.2080000000000001
2026-01-17,wk flu hosp rate change,2,2026-01-31,11,pmf,decrease,0.3
2026-01-17,wk flu hosp rate change,2,2026-01-31,11,pmf,increase,0.427
2026-01-17,wk flu hosp rate change,2,2026-01-31,11,pmf,large_decrease,0.002
2026-01-17,wk flu hosp rate change,2,2026-01-31,11,pmf,large_increase,0.005
2026-01-17,wk flu hosp rate change,2,2026-01-31,11,pmf,stable,0.266
2026-01-17,wk flu hosp rate change,2,2026-01-31,12,pmf,decrease,0.243
2026-01-17,wk flu hosp rate change,2,2026-01-31,12,pmf,increase,0.471
2026-01-17,wk flu hosp rate change,2,2026-01-31,12,pmf,large_decrease,0.002
2026-01-17,wk flu hosp rate change,2,2026-01-31,12,pmf,large_increase,0.002
2026-01-17,wk flu hosp rate change,2,2026-01-31,12,pmf,stable,0.282
2026-01-17,wk flu hosp rate change,2,2026-01-31,13,pmf,decrease,0.181
2026-01-17,wk flu hosp rate change,2,2026-01-31,13,pmf,increase,0.458
2026-01-17,wk flu hosp rate change,2,2026-01-31,13,pmf,large_decrease,0.002
2026-01-17,wk flu hosp rate change,2,2026-01-31,13,pmf,large_increase,0.003
2026-01-17,wk flu hosp rate change,2,2026-01-31,13,pmf,stable,0.356
2026-01-17,wk flu hosp rate change,2,2026-01-31,15,pmf,decrease,0.493
2026-01-17,wk flu hosp rate change,2,2026-01-31,15,pmf,increase,0.215
2026-01-17,wk flu hosp rate change,2,2026-01-31,15,pmf,large_decrease,0.093
2026-01-17,wk flu hosp rate change,2,2026-01-31,15,pmf,large_increase,0.021
2026-01-17,wk flu hosp rate change,2,2026-01-31,15,pmf,stable,0.178
2026-01-17,wk flu hosp rate change,2,2026-01-31,16,pmf,decrease,0.429
2026-01-17,wk flu hosp rate change,2,2026-01-31,16,pmf,increase,0.171
2026-01-17,wk flu hosp rate change,2,2026-01-31,16,pmf,large_decrease,0.002
2026-01-17,wk flu hosp rate change,2,2026-01-31,16,pmf,large_increase,0.002
2026-01-17,wk flu hosp rate change,2,2026-01-31,16,pmf,stable,0.396
2026-01-17,wk flu hosp rate change,2,2026-01-31,17,pmf,decrease,0.165
2026-01-17,wk flu hosp rate change,2,2026-01-31,17,pmf,increase,0.481
2026-01-17,wk flu hosp rate change,2,2026-01-31,17,pmf,large_decrease,0.002
2026-01-17,wk flu hosp rate change,2,2026-01-31,17,pmf,large_increase,0.01
2026-01-17,wk flu hosp rate change,2,2026-01-31,17,pmf,stable,0.342
2026-01-17,wk flu hosp rate change,2,2026-01-31,18,pmf,decrease,0.165
2026-01-17,wk flu hosp rate change,2,2026-01-31,18,pmf,increase,0.513
2026-01-17,wk flu hosp rate change,2,2026-01-31,18,pmf,large_decrease,0.001
2026-01-17,wk flu hosp rate change,2,2026-01-31,18,pmf,large_increase,0.105
2026-01-17,wk flu hosp rate change,2,2026-01-31,18,pmf,stable,0.216
2026-01-17,wk flu hosp rate change,2,2026-01-31,19,pmf,decrease,0.124
2026-01-17,wk flu hosp rate change,2,2026-01-31,19,pmf,increase,0.49
2026-01-17,wk flu hosp rate change,2,2026-01-31,19,pmf,large_decrease,0.002
2026-01-17,wk flu hosp rate change,2,2026-01-31,19,pmf,large_increase,0.006
2026-01-17,wk flu hosp rate change,2,2026-01-31,19,pmf,stable,0.378
2026-01-17,wk flu hosp rate change,2,2026-01-31,20,pmf,decrease,0.06093906093906093
2026-01-17,wk flu hosp rate change,2,2026-01-31,20,pmf,increase,0.6193806193806193
2026-01-17,wk flu hosp rate change,2,2026-01-31,20,pmf,large_decrease,0.001998001998001998
2026-01-17,wk flu hosp rate change,2,2026-01-31,20,pmf,large_increase,0.01798201798201798
2026-01-17,wk flu hosp rate change,2,2026-01-31,20,pmf,stable,0.29970029970029965
2026-01-17,wk flu hosp rate change,2,2026-01-31,21,pmf,decrease,0.165
2026-01-17,wk flu hosp rate change,2,2026-01-31,21,pmf,increase,0.479
2026-01-17,wk flu hosp rate change,2,2026-01-31,21,pmf,large_decrease,0.001
2026-01-17,wk flu hosp rate change,2,2026-01-31,21,pmf,large_increase,0.138
2026-01-17,wk flu hosp rate change,2,2026-01-31,21,pmf,stable,0.217
2026-01-17,wk flu hosp rate change,2,2026-01-31,22,pmf,decrease,0.312
2026-01-17,wk flu hosp rate change,2,2026-01-31,22,pmf,increase,0.359
2026-01-17,wk flu hosp rate change,2,2026-01-31,22,pmf,large_decrease,0.001
2026-01-17,wk flu hosp rate change,2,2026-01-31,22,pmf,large_increase,0.006
2026-01-17,wk flu hosp rate change,2,2026-01-31,22,pmf,stable,0.322
2026-01-17,wk flu hosp rate change,2,2026-01-31,23,pmf,decrease,0.368
2026-01-17,wk flu hosp rate change,2,2026-01-31,23,pmf,increase,0.418
2026-01-17,wk flu hosp rate change,2,2026-01-31,23,pmf,large_decrease,0.021
2026-01-17,wk flu hosp rate change,2,2026-01-31,23,pmf,large_increase,0.004
2026-01-17,wk flu hosp rate change,2,2026-01-31,23,pmf,stable,0.1889999999999999
2026-01-17,wk flu hosp rate change,2,2026-01-31,24,pmf,decrease,0.28771228771228774
2026-01-17,wk flu hosp rate change,2,2026-01-31,24,pmf,increase,0.40859140859140863
2026-01-17,wk flu hosp rate change,2,2026-01-31,24,pmf,large_decrease,0.018981018981018984
2026-01-17,wk flu hosp rate change,2,2026-01-31,24,pmf,large_increase,0.026973026973026976
2026-01-17,wk flu hosp rate change,2,2026-01-31,24,pmf,stable,0.2577422577422578
2026-01-17,wk flu hosp rate change,2,2026-01-31,25,pmf,decrease,0.607
2026-01-17,wk flu hosp rate change,2,2026-01-31,25,pmf,increase,0.204
2026-01-17,wk flu hosp rate change,2,2026-01-31,25,pmf,large_decrease,0.041
2026-01-17,wk flu hosp rate change,2,2026-01-31,25,pmf,large_increase,0.005
2026-01-17,wk flu hosp rate change,2,2026-01-31,25,pmf,stable,0.143
2026-01-17,wk flu hosp rate change,2,2026-01-31,26,pmf,decrease,0.15084915084915085
2026-01-17,wk flu hosp rate change,2,2026-01-31,26,pmf,increase,0.49050949050949055
2026-01-17,wk flu hosp rate change,2,2026-01-31,26,pmf,large_decrease,0.0019980019980019984
2026-01-17,wk flu hosp rate change,2,2026-01-31,26,pmf,large_increase,0.006993006993006994
2026-01-17,wk flu hosp rate change,2,2026-01-31,26,pmf,stable,0.3496503496503497
2026-01-17,wk flu hosp rate change,2,2026-01-31,27,pmf,decrease,0.31199999999999994
2026-01-17,wk flu hosp rate change,2,2026-01-31,27,pmf,increase,0.3929999999999999
2026-01-17,wk flu hosp rate change,2,2026-01-31,27,pmf,large_decrease,0.039999999999999994
2026-01-17,wk flu hosp rate change,2,2026-01-31,27,pmf,large_increase,0.025999999999999992
2026-01-17,wk flu hosp rate change,2,2026-01-31,27,pmf,stable,0.22899999999999995
2026-01-17,wk flu hosp rate change,2,2026-01-31,28,pmf,decrease,0.172
2026-01-17,wk flu hosp rate change,2,2026-01-31,28,pmf,increase,0.513
2026-01-17,wk flu hosp rate change,2,2026-01-31,28,pmf,large_decrease,0.001
2026-01-17,wk flu hosp rate change,2,2026-01-31,28,pmf,large_increase,0.042
2026-01-17,wk flu hosp rate change,2,2026-01-31,28,pmf,stable,0.272
2026-01-17,wk flu hosp rate change,2,2026-01-31,30,pmf,decrease,0.244
2026-01-17,wk flu hosp rate change,2,2026-01-31,30,pmf,increase,0.431
2026-01-17,wk flu hosp rate change,2,2026-01-31,30,pmf,large_decrease,0.002
2026-01-17,wk flu hosp rate change,2,2026-01-31,30,pmf,large_increase,0.005
2026-01-17,wk flu hosp rate change,2,2026-01-31,30,pmf,stable,0.318
2026-01-17,wk flu hosp rate change,2,2026-01-31,31,pmf,decrease,0.116
2026-01-17,wk flu hosp rate change,2,2026-01-31,31,pmf,increase,0.347
2026-01-17,wk flu hosp rate change,2,2026-01-31,31,pmf,large_decrease,0.002
2026-01-17,wk flu hosp rate change,2,2026-01-31,31,pmf,large_increase,0.002
2026-01-17,wk flu hosp rate change,2,2026-01-31,31,pmf,stable,0.533
2026-01-17,wk flu hosp rate change,2,2026-01-31,32,pmf,decrease,0.31
2026-01-17,wk flu hosp rate change,2,2026-01-31,32,pmf,increase,0.151
2026-01-17,wk flu hosp rate change,2,2026-01-31,32,pmf,large_decrease,0.002
2026-01-17,wk flu hosp rate change,2,2026-01-31,32,pmf,large_increase,0.002
2026-01-17,wk flu hosp rate change,2,2026-01-31,32,pmf,stable,0.535
2026-01-17,wk flu hosp rate change,2,2026-01-31,33,pmf,decrease,0.16
2026-01-17,wk flu hosp rate change,2,2026-01-31,33,pmf,increase,0.479
2026-01-17,wk flu hosp rate change,2,2026-01-31,33,pmf,large_decrease,0.004
2026-01-17,wk flu hosp rate change,2,2026-01-31,33,pmf,large_increase,0.004
2026-01-17,wk flu hosp rate change,2,2026-01-31,33,pmf,stable,0.353
2026-01-17,wk flu hosp rate change,2,2026-01-31,34,pmf,decrease,0.241
2026-01-17,wk flu hosp rate change,2,2026-01-31,34,pmf,increase,0.421
2026-01-17,wk flu hosp rate change,2,2026-01-31,34,pmf,large_decrease,0.008
2026-01-17,wk flu hosp rate change,2,2026-01-31,34,pmf,large_increase,0.01
2026-01-17,wk flu hosp rate change,2,2026-01-31,34,pmf,stable,0.32
2026-01-17,wk flu hosp rate change,2,2026-01-31,35,pmf,decrease,0.366
2026-01-17,wk flu hosp rate change,2,2026-01-31,35,pmf,increase,0.281
2026-01-17,wk flu hosp rate change,2,2026-01-31,35,pmf,large_decrease,0.002
2026-01-17,wk flu hosp rate change,2,2026-01-31,35,pmf,large_increase,0.002
2026-01-17,wk flu hosp rate change,2,2026-01-31,35,pmf,stable,0.349
2026-01-17,wk flu hosp rate change,2,2026-01-31,36,pmf,decrease,0.718
2026-01-17,wk flu hosp rate change,2,2026-01-31,36,pmf,increase,0.104
2026-01-17,wk flu hosp rate change,2,2026-01-31,36,pmf,large_decrease,0.002
2026-01-17,wk flu hosp rate change,2,2026-01-31,36,pmf,large_increase,0.002
2026-01-17,wk flu hosp rate change,2,2026-01-31,36,pmf,stable,0.174
2026-01-17,wk flu hosp rate change,2,2026-01-31,37,pmf,decrease,0.264
2026-01-17,wk flu hosp rate change,2,2026-01-31,37,pmf,increase,0.35
2026-01-17,wk flu hosp rate change,2,2026-01-31,37,pmf,large_decrease,0.05
2026-01-17,wk flu hosp rate change,2,2026-01-31,37,pmf,large_increase,0.097
2026-01-17,wk flu hosp rate change,2,2026-01-31,37,pmf,stable,0.239
2026-01-17,wk flu hosp rate change,2,2026-01-31,38,pmf,decrease,0.274
2026-01-17,wk flu hosp rate change,2,2026-01-31,38,pmf,increase,0.387
2026-01-17,wk flu hosp rate change,2,2026-01-31,38,pmf,large_decrease,0.002
2026-01-17,wk flu hosp rate change,2,2026-01-31,38,pmf,large_increase,0.006
2026-01-17,wk flu hosp rate change,2,2026-01-31,38,pmf,stable,0.331
2026-01-17,wk flu hosp rate change,2,2026-01-31,39,pmf,decrease,0.13
2026-01-17,wk flu hosp rate change,2,2026-01-31,39,pmf,increase,0.434
2026-01-17,wk flu hosp rate change,2,2026-01-31,39,pmf,large_decrease,0.002
2026-01-17,wk flu hosp rate change,2,2026-01-31,39,pmf,large_increase,0.002
2026-01-17,wk flu hosp rate change,2,2026-01-31,39,pmf,stable,0.432
2026-01-17,wk flu hosp rate change,2,2026-01-31,40,pmf,decrease,0.059999999999999984
2026-01-17,wk flu hosp rate change,2,2026-01-31,40,pmf,increase,0.5379999999999999
2026-01-17,wk flu hosp rate change,2,2026-01-31,40,pmf,large_decrease,0.0009999999999999998
2026-01-17,wk flu hosp rate change,2,2026-01-31,40,pmf,large_increase,0.2849999999999999
2026-01-17,wk flu hosp rate change,2,2026-01-31,40,pmf,stable,0.11599999999999998
2026-01-17,wk flu hosp rate change,2,2026-01-31,41,pmf,decrease,0.327
2026-01-17,wk flu hosp rate change,2,2026-01-31,41,pmf,increase,0.264
2026-01-17,wk flu hosp rate change,2,2026-01-31,41,pmf,large_decrease,0.002
2026-01-17,wk flu hosp rate change,2,2026-01-31,41,pmf,large_increase,0.005
2026-01-17,wk flu hosp rate change,2,2026-01-31,41,pmf,stable,0.402
2026-01-17,wk flu hosp rate change,2,2026-01-31,42,pmf,decrease,0.157
2026-01-17,wk flu hosp rate change,2,2026-01-31,42,pmf,increase,0.514
2026-01-17,wk flu hosp rate change,2,2026-01-31,42,pmf,large_decrease,0.002
2026-01-17,wk flu hosp rate change,2,2026-01-31,42,pmf,large_increase,0.028
2026-01-17,wk flu hosp rate change,2,2026-01-31,42,pmf,stable,0.299
2026-01-17,wk flu hosp rate change,2,2026-01-31,44,pmf,decrease,0.1258741258741259
2026-01-17,wk flu hosp rate change,2,2026-01-31,44,pmf,increase,0.49350649350649356
2026-01-17,wk flu hosp rate change,2,2026-01-31,44,pmf,large_decrease,0.0019980019980019984
2026-01-17,wk flu hosp rate change,2,2026-01-31,44,pmf,large_increase,0.004995004995004996
2026-01-17,wk flu hosp rate change,2,2026-01-31,44,pmf,stable,0.3736263736263737
2026-01-17,wk flu hosp rate change,2,2026-01-31,45,pmf,decrease,0.12487512487512487
2026-01-17,wk flu hosp rate change,2,2026-01-31,45,pmf,increase,0.5524475524475524
2026-01-17,wk flu hosp rate change,2,2026-01-31,45,pmf,large_decrease,0.001998001998001998
2026-01-17,wk flu hosp rate change,2,2026-01-31,45,pmf,large_increase,0.047952047952047945
2026-01-17,wk flu hosp rate change,2,2026-01-31,45,pmf,stable,0.2727272727272727
2026-01-17,wk flu hosp rate change,2,2026-01-31,46,pmf,decrease,0.015
2026-01-17,wk flu hosp rate change,2,2026-01-31,46,pmf,increase,0.762
2026-01-17,wk flu hosp rate change,2,2026-01-31,46,pmf,large_decrease,0.002
2026-01-17,wk flu hosp rate change,2,2026-01-31,46,pmf,large_increase,0.046
2026-01-17,wk flu hosp rate change,2,2026-01-31,46,pmf,stable,0.175
2026-01-17,wk flu hosp rate change,2,2026-01-31,47,pmf,decrease,0.156
2026-01-17,wk flu hosp rate change,2,2026-01-31,47,pmf,increase,0.484
2026-01-17,wk flu hosp rate change,2,2026-01-31,47,pmf,large_decrease,0.002
2026-01-17,wk flu hosp rate change,2,2026-01-31,47,pmf,large_increase,0.004
2026-01-17,wk flu hosp rate change,2,2026-01-31,47,pmf,stable,0.354
2026-01-17,wk flu hosp rate change,2,2026-01-31,48,pmf,decrease,0.285
2026-01-17,wk flu hosp rate change,2,2026-01-31,48,pmf,increase,0.396
2026-01-17,wk flu hosp rate change,2,2026-01-31,48,pmf,large_decrease,0.001
2026-01-17,wk flu hosp rate change,2,2026-01-31,48,pmf,large_increase,0.077
2026-01-17,wk flu hosp rate change,2,2026-01-31,48,pmf,stable,0.241
2026-01-17,wk flu hosp rate change,2,2026-01-31,49,pmf,decrease,0.477
2026-01-17,wk flu hosp rate change,2,2026-01-31,49,pmf,increase,0.223
2026-01-17,wk flu hosp rate change,2,2026-01-31,49,pmf,large_decrease,0.002
2026-01-17,wk flu hosp rate change,2,2026-01-31,49,pmf,large_increase,0.005
2026-01-17,wk flu hosp rate change,2,2026-01-31,49,pmf,stable,0.293
2026-01-17,wk flu hosp rate change,2,2026-01-31,50,pmf,decrease,0.107
2026-01-17,wk flu hosp rate change,2,2026-01-31,50,pmf,increase,0.576
2026-01-17,wk flu hosp rate change,2,2026-01-31,50,pmf,large_decrease,0.002
2026-01-17,wk flu hosp rate change,2,2026-01-31,50,pmf,large_increase,0.078
2026-01-17,wk flu hosp rate change,2,2026-01-31,50,pmf,stable,0.2370000000000001
2026-01-17,wk flu hosp rate change,2,2026-01-31,51,pmf,decrease,0.525
2026-01-17,wk flu hosp rate change,2,2026-01-31,51,pmf,increase,0.261
2026-01-17,wk flu hosp rate change,2,2026-01-31,51,pmf,large_decrease,0.073
2026-01-17,wk flu hosp rate change,2,2026-01-31,51,pmf,large_increase,0.031
2026-01-17,wk flu hosp rate change,2,2026-01-31,51,pmf,stable,0.11
2026-01-17,wk flu hosp rate change,2,2026-01-31,53,pmf,decrease,0.264
2026-01-17,wk flu hosp rate change,2,2026-01-31,53,pmf,increase,0.261
2026-01-17,wk flu hosp rate change,2,2026-01-31,53,pmf,large_decrease,0.002
2026-01-17,wk flu hosp rate change,2,2026-01-31,53,pmf,large_increase,0.002
2026-01-17,wk flu hosp rate change,2,2026-01-31,53,pmf,stable,0.471
2026-01-17,wk flu hosp rate change,2,2026-01-31,54,pmf,decrease,0.23476523476523473
2026-01-17,wk flu hosp rate change,2,2026-01-31,54,pmf,increase,0.40259740259740256
2026-01-17,wk flu hosp rate change,2,2026-01-31,54,pmf,large_decrease,0.001998001998001998
2026-01-17,wk flu hosp rate change,2,2026-01-31,54,pmf,large_increase,0.14085914085914084
2026-01-17,wk flu hosp rate change,2,2026-01-31,54,pmf,stable,0.21978021978021975
2026-01-17,wk flu hosp rate change,2,2026-01-31,55,pmf,decrease,0.14385614385614384
2026-01-17,wk flu hosp rate change,2,2026-01-31,55,pmf,increase,0.5034965034965034
2026-01-17,wk flu hosp rate change,2,2026-01-31,55,pmf,large_decrease,0.001998001998001998
2026-01-17,wk flu hosp rate change,2,2026-01-31,55,pmf,large_increase,0.011988011988011986
2026-01-17,wk flu hosp rate change,2,2026-01-31,55,pmf,stable,0.33866133866133863
2026-01-17,wk flu hosp rate change,2,2026-01-31,56,pmf,decrease,0.32767232767232773
2026-01-17,wk flu hosp rate change,2,2026-01-31,56,pmf,increase,0.3096903096903097
2026-01-17,wk flu hosp rate change,2,2026-01-31,56,pmf,large_decrease,0.0019980019980019984
2026-01-17,wk flu hosp rate change,2,2026-01-31,56,pmf,large_increase,0.0019980019980019984
2026-01-17,wk flu hosp rate change,2,2026-01-31,56,pmf,stable,0.35864135864135865
2026-01-17,wk flu hosp rate change,2,2026-01-31,US,pmf,decrease,0.171
2026-01-17,wk flu hosp rate change,2,2026-01-31,US,pmf,increase,0.451
2026-01-17,wk flu hosp rate change,2,2026-01-31,US,pmf,large_decrease,0.001
2026-01-17,wk flu hosp rate change,2,2026-01-31,US,pmf,large_increase,0.001
2026-01-17,wk flu hosp rate change,2,2026-01-31,US,pmf,stable,0.376
2026-01-17,wk flu hosp rate change,3,2026-02-07,01,pmf,decrease,0.331
2026-01-17,wk flu hosp rate change,3,2026-02-07,01,pmf,increase,0.277
2026-01-17,wk flu hosp rate change,3,2026-02-07,01,pmf,large_decrease,0.001
2026-01-17,wk flu hosp rate change,3,2026-02-07,01,pmf,large_increase,0.095
2026-01-17,wk flu hosp rate change,3,2026-02-07,01,pmf,stable,0.296
2026-01-17,wk flu hosp rate change,3,2026-02-07,02,pmf,decrease,0.2917082917082917
2026-01-17,wk flu hosp rate change,3,2026-02-07,02,pmf,increase,0.2857142857142857
2026-01-17,wk flu hosp rate change,3,2026-02-07,02,pmf,large_decrease,0.017982017982017984
2026-01-17,wk flu hosp rate change,3,2026-02-07,02,pmf,large_increase,0.0029970029970029974
2026-01-17,wk flu hosp rate change,3,2026-02-07,02,pmf,stable,0.40159840159840166
2026-01-17,wk flu hosp rate change,3,2026-02-07,04,pmf,decrease,0.2417582417582418
2026-01-17,wk flu hosp rate change,3,2026-02-07,04,pmf,increase,0.2457542457542458
2026-01-17,wk flu hosp rate change,3,2026-02-07,04,pmf,large_decrease,0.0019980019980019984
2026-01-17,wk flu hosp rate change,3,2026-02-07,04,pmf,large_increase,0.004995004995004996
2026-01-17,wk flu hosp rate change,3,2026-02-07,04,pmf,stable,0.5054945054945056
2026-01-17,wk flu hosp rate change,3,2026-02-07,05,pmf,decrease,0.14585414585414583
2026-01-17,wk flu hosp rate change,3,2026-02-07,05,pmf,increase,0.49350649350649345
2026-01-17,wk flu hosp rate change,3,2026-02-07,05,pmf,large_decrease,0.000999000999000999
2026-01-17,wk flu hosp rate change,3,2026-02-07,05,pmf,large_increase,0.13986013986013987
2026-01-17,wk flu hosp rate change,3,2026-02-07,05,pmf,stable,0.21978021978021975
2026-01-17,wk flu hosp rate change,3,2026-02-07,06,pmf,decrease,0.076
2026-01-17,wk flu hosp rate change,3,2026-02-07,06,pmf,increase,0.235
2026-01-17,wk flu hosp rate change,3,2026-02-07,06,pmf,large_decrease,0.002
2026-01-17,wk flu hosp rate change,3,2026-02-07,06,pmf,large_increase,0.002
2026-01-17,wk flu hosp rate change,3,2026-02-07,06,pmf,stable,0.685
2026-01-17,wk flu hosp rate change,3,2026-02-07,08,pmf,decrease,0.454
2026-01-17,wk flu hosp rate change,3,2026-02-07,08,pmf,increase,0.022
2026-01-17,wk flu hosp rate change,3,2026-02-07,08,pmf,large_decrease,0.002
2026-01-17,wk flu hosp rate change,3,2026-02-07,08,pmf,large_increase,0.002
2026-01-17,wk flu hosp rate change,3,2026-02-07,08,pmf,stable,0.52
2026-01-17,wk flu hosp rate change,3,2026-02-07,09,pmf,decrease,0.6197604790419161
2026-01-17,wk flu hosp rate change,3,2026-02-07,09,pmf,increase,0.17564870259481036
2026-01-17,wk flu hosp rate change,3,2026-02-07,09,pmf,large_decrease,0.001996007984031936
2026-01-17,wk flu hosp rate change,3,2026-02-07,09,pmf,large_increase,0.003992015968063872
2026-01-17,wk flu hosp rate change,3,2026-02-07,09,pmf,stable,0.19860279441117765
2026-01-17,wk flu hosp rate change,3,2026-02-07,10,pmf,decrease,0.335
2026-01-17,wk flu hosp rate change,3,2026-02-07,10,pmf,increase,0.34
2026-01-17,wk flu hosp rate change,3,2026-02-07,10,pmf,large_decrease,0.001
2026-01-17,wk flu hosp rate change,3,2026-02-07,10,pmf,large_increase,0.066
2026-01-17,wk flu hosp rate change,3,2026-02-07,10,pmf,stable,0.258
2026-01-17,wk flu hosp rate change,3,2026-02-07,11,pmf,decrease,0.299
2026-01-17,wk flu hosp rate change,3,2026-02-07,11,pmf,increase,0.318
2026-01-17,wk flu hosp rate change,3,2026-02-07,11,pmf,large_decrease,0.002
2026-01-17,wk flu hosp rate change,3,2026-02-07,11,pmf,large_increase,0.003
2026-01-17,wk flu hosp rate change,3,2026-02-07,11,pmf,stable,0.378
2026-01-17,wk flu hosp rate change,3,2026-02-07,12,pmf,decrease,0.185
2026-01-17,wk flu hosp rate change,3,2026-02-07,12,pmf,increase,0.286
2026-01-17,wk flu hosp rate change,3,2026-02-07,12,pmf,large_decrease,0.001
2026-01-17,wk flu hosp rate change,3,2026-02-07,12,pmf,large_increase,0.001
2026-01-17,wk flu hosp rate change,3,2026-02-07,12,pmf,stable,0.527
2026-01-17,wk flu hosp rate change,3,2026-02-07,13,pmf,decrease,0.2637362637362638
2026-01-17,wk flu hosp rate change,3,2026-02-07,13,pmf,increase,0.2547452547452548
2026-01-17,wk flu hosp rate change,3,2026-02-07,13,pmf,large_decrease,0.0019980019980019984
2026-01-17,wk flu hosp rate change,3,2026-02-07,13,pmf,large_increase,0.0019980019980019984
2026-01-17,wk flu hosp rate change,3,2026-02-07,13,pmf,stable,0.47752247752247756
2026-01-17,wk flu hosp rate change,3,2026-02-07,15,pmf,decrease,0.536
2026-01-17,wk flu hosp rate change,3,2026-02-07,15,pmf,increase,0.202
2026-01-17,wk flu hosp rate change,3,2026-02-07,15,pmf,large_decrease,0.041
2026-01-17,wk flu hosp rate change,3,2026-02-07,15,pmf,large_increase,0.007
2026-01-17,wk flu hosp rate change,3,2026-02-07,15,pmf,stable,0.214
2026-01-17,wk flu hosp rate change,3,2026-02-07,16,pmf,decrease,0.39560439560439564
2026-01-17,wk flu hosp rate change,3,2026-02-07,16,pmf,increase,0.09090909090909091
2026-01-17,wk flu hosp rate change,3,2026-02-07,16,pmf,large_decrease,0.0019980019980019984
2026-01-17,wk flu hosp rate change,3,2026-02-07,16,pmf,large_increase,0.0019980019980019984
2026-01-17,wk flu hosp rate change,3,2026-02-07,16,pmf,stable,0.5094905094905096
2026-01-17,wk flu hosp rate change,3,2026-02-07,17,pmf,decrease,0.173
2026-01-17,wk flu hosp rate change,3,2026-02-07,17,pmf,increase,0.429
2026-01-17,wk flu hosp rate change,3,2026-02-07,17,pmf,large_decrease,0.001
2026-01-17,wk flu hosp rate change,3,2026-02-07,17,pmf,large_increase,0.003
2026-01-17,wk flu hosp rate change,3,2026-02-07,17,pmf,stable,0.394
2026-01-17,wk flu hosp rate change,3,2026-02-07,18,pmf,decrease,0.175
2026-01-17,wk flu hosp rate change,3,2026-02-07,18,pmf,increase,0.484
2026-01-17,wk flu hosp rate change,3,2026-02-07,18,pmf,large_decrease,0.001
2026-01-17,wk flu hosp rate change,3,2026-02-07,18,pmf,large_increase,0.088
2026-01-17,wk flu hosp rate change,3,2026-02-07,18,pmf,stable,0.252
2026-01-17,wk flu hosp rate change,3,2026-02-07,19,pmf,decrease,0.11
2026-01-17,wk flu hosp rate change,3,2026-02-07,19,pmf,increase,0.416
2026-01-17,wk flu hosp rate change,3,2026-02-07,19,pmf,large_decrease,0.002
2026-01-17,wk flu hosp rate change,3,2026-02-07,19,pmf,large_increase,0.005
2026-01-17,wk flu hosp rate change,3,2026-02-07,19,pmf,stable,0.467
2026-01-17,wk flu hosp rate change,3,2026-02-07,20,pmf,decrease,0.063
2026-01-17,wk flu hosp rate change,3,2026-02-07,20,pmf,increase,0.575
2026-01-17,wk flu hosp rate change,3,2026-02-07,20,pmf,large_decrease,0.001
2026-01-17,wk flu hosp rate change,3,2026-02-07,20,pmf,large_increase,0.017
2026-01-17,wk flu hosp rate change,3,2026-02-07,20,pmf,stable,0.3440000000000001
2026-01-17,wk flu hosp rate change,3,2026-02-07,21,pmf,decrease,0.166
2026-01-17,wk flu hosp rate change,3,2026-02-07,21,pmf,increase,0.475
2026-01-17,wk flu hosp rate change,3,2026-02-07,21,pmf,large_decrease,0.001
2026-01-17,wk flu hosp rate change,3,2026-02-07,21,pmf,large_increase,0.102
2026-01-17,wk flu hosp rate change,3,2026-02-07,21,pmf,stable,0.256
2026-01-17,wk flu hosp rate change,3,2026-02-07,22,pmf,decrease,0.313
2026-01-17,wk flu hosp rate change,3,2026-02-07,22,pmf,increase,0.299
2026-01-17,wk flu hosp rate change,3,2026-02-07,22,pmf,large_decrease,0.001
2026-01-17,wk flu hosp rate change,3,2026-02-07,22,pmf,large_increase,0.003
2026-01-17,wk flu hosp rate change,3,2026-02-07,22,pmf,stable,0.384
2026-01-17,wk flu hosp rate change,3,2026-02-07,23,pmf,decrease,0.631
2026-01-17,wk flu hosp rate change,3,2026-02-07,23,pmf,increase,0.197
2026-01-17,wk flu hosp rate change,3,2026-02-07,23,pmf,large_decrease,0.002
2026-01-17,wk flu hosp rate change,3,2026-02-07,23,pmf,large_increase,0.002
2026-01-17,wk flu hosp rate change,3,2026-02-07,23,pmf,stable,0.1679999999999999
2026-01-17,wk flu hosp rate change,3,2026-02-07,24,pmf,decrease,0.334
2026-01-17,wk flu hosp rate change,3,2026-02-07,24,pmf,increase,0.327
2026-01-17,wk flu hosp rate change,3,2026-02-07,24,pmf,large_decrease,0.001
2026-01-17,wk flu hosp rate change,3,2026-02-07,24,pmf,large_increase,0.011
2026-01-17,wk flu hosp rate change,3,2026-02-07,24,pmf,stable,0.327
2026-01-17,wk flu hosp rate change,3,2026-02-07,25,pmf,decrease,0.603
2026-01-17,wk flu hosp rate change,3,2026-02-07,25,pmf,increase,0.15
2026-01-17,wk flu hosp rate change,3,2026-02-07,25,pmf,large_decrease,0.013
2026-01-17,wk flu hosp rate change,3,2026-02-07,25,pmf,large_increase,0.003
2026-01-17,wk flu hosp rate change,3,2026-02-07,25,pmf,stable,0.231
2026-01-17,wk flu hosp rate change,3,2026-02-07,26,pmf,decrease,0.148
2026-01-17,wk flu hosp rate change,3,2026-02-07,26,pmf,increase,0.449
2026-01-17,wk flu hosp rate change,3,2026-02-07,26,pmf,large_decrease,0.001
2026-01-17,wk flu hosp rate change,3,2026-02-07,26,pmf,large_increase,0.003
2026-01-17,wk flu hosp rate change,3,2026-02-07,26,pmf,stable,0.399
2026-01-17,wk flu hosp rate change,3,2026-02-07,27,pmf,decrease,0.36063936063936064
2026-01-17,wk flu hosp rate change,3,2026-02-07,27,pmf,increase,0.30869130869130873
2026-01-17,wk flu hosp rate change,3,2026-02-07,27,pmf,large_decrease,0.016983016983016987
2026-01-17,wk flu hosp rate change,3,2026-02-07,27,pmf,large_increase,0.007992007992007994
2026-01-17,wk flu hosp rate change,3,2026-02-07,27,pmf,stable,0.3056943056943057
2026-01-17,wk flu hosp rate change,3,2026-02-07,28,pmf,decrease,0.202
2026-01-17,wk flu hosp rate change,3,2026-02-07,28,pmf,increase,0.423
2026-01-17,wk flu hosp rate change,3,2026-02-07,28,pmf,large_decrease,0.001
2026-01-17,wk flu hosp rate change,3,2026-02-07,28,pmf,large_increase,0.034
2026-01-17,wk flu hosp rate change,3,2026-02-07,28,pmf,stable,0.3399999999999999
2026-01-17,wk flu hosp rate change,3,2026-02-07,30,pmf,decrease,0.187
2026-01-17,wk flu hosp rate change,3,2026-02-07,30,pmf,increase,0.399
2026-01-17,wk flu hosp rate change,3,2026-02-07,30,pmf,large_decrease,0.002
2026-01-17,wk flu hosp rate change,3,2026-02-07,30,pmf,large_increase,0.003
2026-01-17,wk flu hosp rate change,3,2026-02-07,30,pmf,stable,0.409
2026-01-17,wk flu hosp rate change,3,2026-02-07,31,pmf,decrease,0.08691308691308691
2026-01-17,wk flu hosp rate change,3,2026-02-07,31,pmf,increase,0.2377622377622378
2026-01-17,wk flu hosp rate change,3,2026-02-07,31,pmf,large_decrease,0.0019980019980019984
2026-01-17,wk flu hosp rate change,3,2026-02-07,31,pmf,large_increase,0.0019980019980019984
2026-01-17,wk flu hosp rate change,3,2026-02-07,31,pmf,stable,0.6713286713286715
2026-01-17,wk flu hosp rate change,3,2026-02-07,32,pmf,decrease,0.26173826173826176
2026-01-17,wk flu hosp rate change,3,2026-02-07,32,pmf,increase,0.08691308691308691
2026-01-17,wk flu hosp rate change,3,2026-02-07,32,pmf,large_decrease,0.0019980019980019984
2026-01-17,wk flu hosp rate change,3,2026-02-07,32,pmf,large_increase,0.0019980019980019984
2026-01-17,wk flu hosp rate change,3,2026-02-07,32,pmf,stable,0.6473526473526474
2026-01-17,wk flu hosp rate change,3,2026-02-07,33,pmf,decrease,0.18181818181818182
2026-01-17,wk flu hosp rate change,3,2026-02-07,33,pmf,increase,0.3946053946053947
2026-01-17,wk flu hosp rate change,3,2026-02-07,33,pmf,large_decrease,0.0019980019980019984
2026-01-17,wk flu hosp rate change,3,2026-02-07,33,pmf,large_increase,0.003996003996003997
2026-01-17,wk flu hosp rate change,3,2026-02-07,33,pmf,stable,0.4175824175824176
2026-01-17,wk flu hosp rate change,3,2026-02-07,34,pmf,decrease,0.251
2026-01-17,wk flu hosp rate change,3,2026-02-07,34,pmf,increase,0.332
2026-01-17,wk flu hosp rate change,3,2026-02-07,34,pmf,large_decrease,0.001
2026-01-17,wk flu hosp rate change,3,2026-02-07,34,pmf,large_increase,0.001
2026-01-17,wk flu hosp rate change,3,2026-02-07,34,pmf,stable,0.4150000000000001
2026-01-17,wk flu hosp rate change,3,2026-02-07,35,pmf,decrease,0.3926073926073926
2026-01-17,wk flu hosp rate change,3,2026-02-07,35,pmf,increase,0.13786213786213786
2026-01-17,wk flu hosp rate change,3,2026-02-07,35,pmf,large_decrease,0.001998001998001998
2026-01-17,wk flu hosp rate change,3,2026-02-07,35,pmf,large_increase,0.001998001998001998
2026-01-17,wk flu hosp rate change,3,2026-02-07,35,pmf,stable,0.4655344655344655
2026-01-17,wk flu hosp rate change,3,2026-02-07,36,pmf,decrease,0.717
2026-01-17,wk flu hosp rate change,3,2026-02-07,36,pmf,increase,0.043
2026-01-17,wk flu hosp rate change,3,2026-02-07,36,pmf,large_decrease,0.002
2026-01-17,wk flu hosp rate change,3,2026-02-07,36,pmf,large_increase,0.002
2026-01-17,wk flu hosp rate change,3,2026-02-07,36,pmf,stable,0.236
2026-01-17,wk flu hosp rate change,3,2026-02-07,37,pmf,decrease,0.311
2026-01-17,wk flu hosp rate change,3,2026-02-07,37,pmf,increase,0.317
2026-01-17,wk flu hosp rate change,3,2026-02-07,37,pmf,large_decrease,0.044
2026-01-17,wk flu hosp rate change,3,2026-02-07,37,pmf,large_increase,0.044
2026-01-17,wk flu hosp rate change,3,2026-02-07,37,pmf,stable,0.284
2026-01-17,wk flu hosp rate change,3,2026-02-07,38,pmf,decrease,0.354
2026-01-17,wk flu hosp rate change,3,2026-02-07,38,pmf,increase,0.205
2026-01-17,wk flu hosp rate change,3,2026-02-07,38,pmf,large_decrease,0.002
2026-01-17,wk flu hosp rate change,3,2026-02-07,38,pmf,large_increase,0.002
2026-01-17,wk flu hosp rate change,3,2026-02-07,38,pmf,stable,0.437
2026-01-17,wk flu hosp rate change,3,2026-02-07,39,pmf,decrease,0.12687312687312688
2026-01-17,wk flu hosp rate change,3,2026-02-07,39,pmf,increase,0.37162837162837165
2026-01-17,wk flu hosp rate change,3,2026-02-07,39,pmf,large_decrease,0.0019980019980019984
2026-01-17,wk flu hosp rate change,3,2026-02-07,39,pmf,large_increase,0.0019980019980019984
2026-01-17,wk flu hosp rate change,3,2026-02-07,39,pmf,stable,0.49750249750249753
2026-01-17,wk flu hosp rate change,3,2026-02-07,40,pmf,decrease,0.065
2026-01-17,wk flu hosp rate change,3,2026-02-07,40,pmf,increase,0.446
2026-01-17,wk flu hosp rate change,3,2026-02-07,40,pmf,large_decrease,0.002
2026-01-17,wk flu hosp rate change,3,2026-02-07,40,pmf,large_increase,0.278
2026-01-17,wk flu hosp rate change,3,2026-02-07,40,pmf,stable,0.209
2026-01-17,wk flu hosp rate change,3,2026-02-07,41,pmf,decrease,0.233
2026-01-17,wk flu hosp rate change,3,2026-02-07,41,pmf,increase,0.224
2026-01-17,wk flu hosp rate change,3,2026-02-07,41,pmf,large_decrease,0.002
2026-01-17,wk flu hosp rate change,3,2026-02-07,41,pmf,large_increase,0.002
2026-01-17,wk flu hosp rate change,3,2026-02-07,41,pmf,stable,0.539
2026-01-17,wk flu hosp rate change,3,2026-02-07,42,pmf,decrease,0.179
2026-01-17,wk flu hosp rate change,3,2026-02-07,42,pmf,increase,0.461
2026-01-17,wk flu hosp rate change,3,2026-02-07,42,pmf,large_decrease,0.001
2026-01-17,wk flu hosp rate change,3,2026-02-07,42,pmf,large_increase,0.02
2026-01-17,wk flu hosp rate change,3,2026-02-07,42,pmf,stable,0.3389999999999999
2026-01-17,wk flu hosp rate change,3,2026-02-07,44,pmf,decrease,0.148
2026-01-17,wk flu hosp rate change,3,2026-02-07,44,pmf,increase,0.419
2026-01-17,wk flu hosp rate change,3,2026-02-07,44,pmf,large_decrease,0.001
2026-01-17,wk flu hosp rate change,3,2026-02-07,44,pmf,large_increase,0.006
2026-01-17,wk flu hosp rate change,3,2026-02-07,44,pmf,stable,0.426
2026-01-17,wk flu hosp rate change,3,2026-02-07,45,pmf,decrease,0.168
2026-01-17,wk flu hosp rate change,3,2026-02-07,45,pmf,increase,0.466
2026-01-17,wk flu hosp rate change,3,2026-02-07,45,pmf,large_decrease,0.001
2026-01-17,wk flu hosp rate change,3,2026-02-07,45,pmf,large_increase,0.028
2026-01-17,wk flu hosp rate change,3,2026-02-07,45,pmf,stable,0.337
2026-01-17,wk flu hosp rate change,3,2026-02-07,46,pmf,decrease,0.016
2026-01-17,wk flu hosp rate change,3,2026-02-07,46,pmf,increase,0.663
2026-01-17,wk flu hosp rate change,3,2026-02-07,46,pmf,large_decrease,0.001
2026-01-17,wk flu hosp rate change,3,2026-02-07,46,pmf,large_increase,0.02
2026-01-17,wk flu hosp rate change,3,2026-02-07,46,pmf,stable,0.2999999999999999
2026-01-17,wk flu hosp rate change,3,2026-02-07,47,pmf,decrease,0.228
2026-01-17,wk flu hosp rate change,3,2026-02-07,47,pmf,increase,0.309
2026-01-17,wk flu hosp rate change,3,2026-02-07,47,pmf,large_decrease,0.002
2026-01-17,wk flu hosp rate change,3,2026-02-07,47,pmf,large_increase,0.003
2026-01-17,wk flu hosp rate change,3,2026-02-07,47,pmf,stable,0.458
2026-01-17,wk flu hosp rate change,3,2026-02-07,48,pmf,decrease,0.353
2026-01-17,wk flu hosp rate change,3,2026-02-07,48,pmf,increase,0.299
2026-01-17,wk flu hosp rate change,3,2026-02-07,48,pmf,large_decrease,0.001
2026-01-17,wk flu hosp rate change,3,2026-02-07,48,pmf,large_increase,0.052
2026-01-17,wk flu hosp rate change,3,2026-02-07,48,pmf,stable,0.295
2026-01-17,wk flu hosp rate change,3,2026-02-07,49,pmf,decrease,0.4755244755244756
2026-01-17,wk flu hosp rate change,3,2026-02-07,49,pmf,increase,0.14385614385614387
2026-01-17,wk flu hosp rate change,3,2026-02-07,49,pmf,large_decrease,0.0019980019980019984
2026-01-17,wk flu hosp rate change,3,2026-02-07,49,pmf,large_increase,0.0019980019980019984
2026-01-17,wk flu hosp rate change,3,2026-02-07,49,pmf,stable,0.3766233766233767
2026-01-17,wk flu hosp rate change,3,2026-02-07,50,pmf,decrease,0.164
2026-01-17,wk flu hosp rate change,3,2026-02-07,50,pmf,increase,0.461
2026-01-17,wk flu hosp rate change,3,2026-02-07,50,pmf,large_decrease,0.002
2026-01-17,wk flu hosp rate change,3,2026-02-07,50,pmf,large_increase,0.057
2026-01-17,wk flu hosp rate change,3,2026-02-07,50,pmf,stable,0.316
2026-01-17,wk flu hosp rate change,3,2026-02-07,51,pmf,decrease,0.529
2026-01-17,wk flu hosp rate change,3,2026-02-07,51,pmf,increase,0.259
2026-01-17,wk flu hosp rate change,3,2026-02-07,51,pmf,large_decrease,0.024
2026-01-17,wk flu hosp rate change,3,2026-02-07,51,pmf,large_increase,0.028
2026-01-17,wk flu hosp rate change,3,2026-02-07,51,pmf,stable,0.16
2026-01-17,wk flu hosp rate change,3,2026-02-07,53,pmf,decrease,0.237
2026-01-17,wk flu hosp rate change,3,2026-02-07,53,pmf,increase,0.185
2026-01-17,wk flu hosp rate change,3,2026-02-07,53,pmf,large_decrease,0.002
2026-01-17,wk flu hosp rate change,3,2026-02-07,53,pmf,large_increase,0.002
2026-01-17,wk flu hosp rate change,3,2026-02-07,53,pmf,stable,0.574
2026-01-17,wk flu hosp rate change,3,2026-02-07,54,pmf,decrease,0.231
2026-01-17,wk flu hosp rate change,3,2026-02-07,54,pmf,increase,0.396
2026-01-17,wk flu hosp rate change,3,2026-02-07,54,pmf,large_decrease,0.001
2026-01-17,wk flu hosp rate change,3,2026-02-07,54,pmf,large_increase,0.103
2026-01-17,wk flu hosp rate change,3,2026-02-07,54,pmf,stable,0.269
2026-01-17,wk flu hosp rate change,3,2026-02-07,55,pmf,decrease,0.16866267465069862
2026-01-17,wk flu hosp rate change,3,2026-02-07,55,pmf,increase,0.4301397205588822
2026-01-17,wk flu hosp rate change,3,2026-02-07,55,pmf,large_decrease,0.001996007984031936
2026-01-17,wk flu hosp rate change,3,2026-02-07,55,pmf,large_increase,0.007984031936127744
2026-01-17,wk flu hosp rate change,3,2026-02-07,55,pmf,stable,0.3912175648702595
2026-01-17,wk flu hosp rate change,3,2026-02-07,56,pmf,decrease,0.35064935064935066
2026-01-17,wk flu hosp rate change,3,2026-02-07,56,pmf,increase,0.18181818181818182
2026-01-17,wk flu hosp rate change,3,2026-02-07,56,pmf,large_decrease,0.0019980019980019984
2026-01-17,wk flu hosp rate change,3,2026-02-07,56,pmf,large_increase,0.0019980019980019984
2026-01-17,wk flu hosp rate change,3,2026-02-07,56,pmf,stable,0.4635364635364636
2026-01-17,wk flu hosp rate change,3,2026-02-07,US,pmf,decrease,0.198
2026-01-17,wk flu hosp rate change,3,2026-02-07,US,pmf,increase,0.283
2026-01-17,wk flu hosp rate change,3,2026-02-07,US,pmf,large_decrease,0.001
2026-01-17,wk flu hosp rate change,3,2026-02-07,US,pmf,large_increase,0.001
2026-01-17,wk flu hosp rate change,3,2026-02-07,US,pmf,stable,0.517
2026-01-17,wk inc flu hosp,0,2026-01-17,01,quantile,0.01,30.0
2026-01-17,wk inc flu hosp,0,2026-01-17,01,quantile,0.025,40.0
2026-01-17,wk inc flu hosp,0,2026-01-17,01,quantile,0.05,48.0
2026-01-17,wk inc flu hosp,0,2026-01-17,01,quantile,0.1,63.0
2026-01-17,wk inc flu hosp,0,2026-01-17,01,quantile,0.15,84.0
2026-01-17,wk inc flu hosp,0,2026-01-17,01,quantile,0.2,100.0
2026-01-17,wk inc flu hosp,0,2026-01-17,01,quantile,0.25,114.0
2026-01-17,wk inc flu hosp,0,2026-01-17,01,quantile,0.3,130.0
2026-01-17,wk inc flu hosp,0,2026-01-17,01,quantile,0.35,142.0
2026-01-17,wk inc flu hosp,0,2026-01-17,01,quantile,0.4,154.0
2026-01-17,wk inc flu hosp,0,2026-01-17,01,quantile,0.45,166.0
2026-01-17,wk inc flu hosp,0,2026-01-17,01,quantile,0.5,176.0
2026-01-17,wk inc flu hosp,0,2026-01-17,01,quantile,0.55,187.0
2026-01-17,wk inc flu hosp,0,2026-01-17,01,quantile,0.6,200.0
2026-01-17,wk inc flu hosp,0,2026-01-17,01,quantile,0.65,213.0
2026-01-17,wk inc flu hosp,0,2026-01-17,01,quantile,0.7,225.0
2026-01-17,wk inc flu hosp,0,2026-01-17,01,quantile,0.75,240.0
2026-01-17,wk inc flu hosp,0,2026-01-17,01,quantile,0.8,256.0
2026-01-17,wk inc flu hosp,0,2026-01-17,01,quantile,0.85,271.0
2026-01-17,wk inc flu hosp,0,2026-01-17,01,quantile,0.9,294.0
2026-01-17,wk inc flu hosp,0,2026-01-17,01,quantile,0.95,332.0
2026-01-17,wk inc flu hosp,0,2026-01-17,01,quantile,0.975,355.0
2026-01-17,wk inc flu hosp,0,2026-01-17,01,quantile,0.99,393.0
2026-01-17,wk inc flu hosp,0,2026-01-17,02,quantile,0.01,22.0
2026-01-17,wk inc flu hosp,0,2026-01-17,02,quantile,0.025,27.0
2026-01-17,wk inc flu hosp,0,2026-01-17,02,quantile,0.05,31.0
2026-01-17,wk inc flu hosp,0,2026-01-17,02,quantile,0.1,36.0
2026-01-17,wk inc flu hosp,0,2026-01-17,02,quantile,0.15,38.0
2026-01-17,wk inc flu hosp,0,2026-01-17,02,quantile,0.2,40.0
2026-01-17,wk inc flu hosp,0,2026-01-17,02,quantile,0.25,41.0
2026-01-17,wk inc flu hosp,0,2026-01-17,02,quantile,0.3,42.0
2026-01-17,wk inc flu hosp,0,2026-01-17,02,quantile,0.35,42.0
2026-01-17,wk inc flu hosp,0,2026-01-17,02,quantile,0.4,43.0
2026-01-17,wk inc flu hosp,0,2026-01-17,02,quantile,0.45,44.0
2026-01-17,wk inc flu hosp,0,2026-01-17,02,quantile,0.5,45.0
2026-01-17,wk inc flu hosp,0,2026-01-17,02,quantile,0.55,46.0
2026-01-17,wk inc flu hosp,0,2026-01-17,02,quantile,0.6,47.0
2026-01-17,wk inc flu hosp,0,2026-01-17,02,quantile,0.65,47.0
2026-01-17,wk inc flu hosp,0,2026-01-17,02,quantile,0.7,48.0
2026-01-17,wk inc flu hosp,0,2026-01-17,02,quantile,0.75,49.0
2026-01-17,wk inc flu hosp,0,2026-01-17,02,quantile,0.8,50.0
2026-01-17,wk inc flu hosp,0,2026-01-17,02,quantile,0.85,52.0
2026-01-17,wk inc flu hosp,0,2026-01-17,02,quantile,0.9,54.0
2026-01-17,wk inc flu hosp,0,2026-01-17,02,quantile,0.95,57.0
2026-01-17,wk inc flu hosp,0,2026-01-17,02,quantile,0.975,59.0
2026-01-17,wk inc flu hosp,0,2026-01-17,02,quantile,0.99,62.0
2026-01-17,wk inc flu hosp,0,2026-01-17,04,quantile,0.01,26.0
2026-01-17,wk inc flu hosp,0,2026-01-17,04,quantile,0.025,32.0
2026-01-17,wk inc flu hosp,0,2026-01-17,04,quantile,0.05,37.0
2026-01-17,wk inc flu hosp,0,2026-01-17,04,quantile,0.1,42.0
2026-01-17,wk inc flu hosp,0,2026-01-17,04,quantile,0.15,56.0
2026-01-17,wk inc flu hosp,0,2026-01-17,04,quantile,0.2,69.0
2026-01-17,wk inc flu hosp,0,2026-01-17,04,quantile,0.25,79.0
2026-01-17,wk inc flu hosp,0,2026-01-17,04,quantile,0.3,90.0
2026-01-17,wk inc flu hosp,0,2026-01-17,04,quantile,0.35,97.0
2026-01-17,wk inc flu hosp,0,2026-01-17,04,quantile,0.4,107.0
2026-01-17,wk inc flu hosp,0,2026-01-17,04,quantile,0.45,117.0
2026-01-17,wk inc flu hosp,0,2026-01-17,04,quantile,0.5,125.0
2026-01-17,wk inc flu hosp,0,2026-01-17,04,quantile,0.55,135.0
2026-01-17,wk inc flu hosp,0,2026-01-17,04,quantile,0.6,144.0
2026-01-17,wk inc flu hosp,0,2026-01-17,04,quantile,0.65,154.0
2026-01-17,wk inc flu hosp,0,2026-01-17,04,quantile,0.7,162.0
2026-01-17,wk inc flu hosp,0,2026-01-17,04,quantile,0.75,173.0
2026-01-17,wk inc flu hosp,0,2026-01-17,04,quantile,0.8,186.0
2026-01-17,wk inc flu hosp,0,2026-01-17,04,quantile,0.85,199.0
2026-01-17,wk inc flu hosp,0,2026-01-17,04,quantile,0.9,219.0
2026-01-17,wk inc flu hosp,0,2026-01-17,04,quantile,0.95,247.0
2026-01-17,wk inc flu hosp,0,2026-01-17,04,quantile,0.975,276.0
2026-01-17,wk inc flu hosp,0,2026-01-17,04,quantile,0.99,293.0
2026-01-17,wk inc flu hosp,0,2026-01-17,05,quantile,0.01,25.0
2026-01-17,wk inc flu hosp,0,2026-01-17,05,quantile,0.025,36.0
2026-01-17,wk inc flu hosp,0,2026-01-17,05,quantile,0.05,45.0
2026-01-17,wk inc flu hosp,0,2026-01-17,05,quantile,0.1,58.0
2026-01-17,wk inc flu hosp,0,2026-01-17,05,quantile,0.15,68.0
2026-01-17,wk inc flu hosp,0,2026-01-17,05,quantile,0.2,74.0
2026-01-17,wk inc flu hosp,0,2026-01-17,05,quantile,0.25,80.0
2026-01-17,wk inc flu hosp,0,2026-01-17,05,quantile,0.3,86.0
2026-01-17,wk inc flu hosp,0,2026-01-17,05,quantile,0.35,91.0
2026-01-17,wk inc flu hosp,0,2026-01-17,05,quantile,0.4,96.0
2026-01-17,wk inc flu hosp,0,2026-01-17,05,quantile,0.45,101.0
2026-01-17,wk inc flu hosp,0,2026-01-17,05,quantile,0.5,106.0
2026-01-17,wk inc flu hosp,0,2026-01-17,05,quantile,0.55,111.0
2026-01-17,wk inc flu hosp,0,2026-01-17,05,quantile,0.6,115.0
2026-01-17,wk inc flu hosp,0,2026-01-17,05,quantile,0.65,121.0
2026-01-17,wk inc flu hosp,0,2026-01-17,05,quantile,0.7,126.0
2026-01-17,wk inc flu hosp,0,2026-01-17,05,quantile,0.75,131.0
2026-01-17,wk inc flu hosp,0,2026-01-17,05,quantile,0.8,137.0
2026-01-17,wk inc flu hosp,0,2026-01-17,05,quantile,0.85,144.0
2026-01-17,wk inc flu hosp,0,2026-01-17,05,quantile,0.9,155.0
2026-01-17,wk inc flu hosp,0,2026-01-17,05,quantile,0.95,169.0
2026-01-17,wk inc flu hosp,0,2026-01-17,05,quantile,0.975,186.0
2026-01-17,wk inc flu hosp,0,2026-01-17,05,quantile,0.99,196.0
2026-01-17,wk inc flu hosp,0,2026-01-17,06,quantile,0.01,260.0
2026-01-17,wk inc flu hosp,0,2026-01-17,06,quantile,0.025,396.0
2026-01-17,wk inc flu hosp,0,2026-01-17,06,quantile,0.05,477.0
2026-01-17,wk inc flu hosp,0,2026-01-17,06,quantile,0.1,565.0
2026-01-17,wk inc flu hosp,0,2026-01-17,06,quantile,0.15,632.0
2026-01-17,wk inc flu hosp,0,2026-01-17,06,quantile,0.2,667.0
2026-01-17,wk inc flu hosp,0,2026-01-17,06,quantile,0.25,701.0
2026-01-17,wk inc flu hosp,0,2026-01-17,06,quantile,0.3,732.0
2026-01-17,wk inc flu hosp,0,2026-01-17,06,quantile,0.35,768.0
2026-01-17,wk inc flu hosp,0,2026-01-17,06,quantile,0.4,795.0
2026-01-17,wk inc flu hosp,0,2026-01-17,06,quantile,0.45,823.0
2026-01-17,wk inc flu hosp,0,2026-01-17,06,quantile,0.5,848.0
2026-01-17,wk inc flu hosp,0,2026-01-17,06,quantile,0.55,873.0
2026-01-17,wk inc flu hosp,0,2026-01-17,06,quantile,0.6,901.0
2026-01-17,wk inc flu hosp,0,2026-01-17,06,quantile,0.65,930.0
2026-01-17,wk inc flu hosp,0,2026-01-17,06,quantile,0.7,957.0
2026-01-17,wk inc flu hosp,0,2026-01-17,06,quantile,0.75,986.0
2026-01-17,wk inc flu hosp,0,2026-01-17,06,quantile,0.8,1028.0
2026-01-17,wk inc flu hosp,0,2026-01-17,06,quantile,0.85,1070.0
2026-01-17,wk inc flu hosp,0,2026-01-17,06,quantile,0.9,1133.0
2026-01-17,wk inc flu hosp,0,2026-01-17,06,quantile,0.95,1208.0
2026-01-17,wk inc flu hosp,0,2026-01-17,06,quantile,0.975,1261.0
2026-01-17,wk inc flu hosp,0,2026-01-17,06,quantile,0.99,1324.0
2026-01-17,wk inc flu hosp,0,2026-01-17,08,quantile,0.01,95.0
2026-01-17,wk inc flu hosp,0,2026-01-17,08,quantile,0.025,116.0
2026-01-17,wk inc flu hosp,0,2026-01-17,08,quantile,0.05,133.0
2026-01-17,wk inc flu hosp,0,2026-01-17,08,quantile,0.1,165.0
2026-01-17,wk inc flu hosp,0,2026-01-17,08,quantile,0.15,187.0
2026-01-17,wk inc flu hosp,0,2026-01-17,08,quantile,0.2,200.0
2026-01-17,wk inc flu hosp,0,2026-01-17,08,quantile,0.25,206.0
2026-01-17,wk inc flu hosp,0,2026-01-17,08,quantile,0.3,211.0
2026-01-17,wk inc flu hosp,0,2026-01-17,08,quantile,0.35,216.0
2026-01-17,wk inc flu hosp,0,2026-01-17,08,quantile,0.4,221.0
2026-01-17,wk inc flu hosp,0,2026-01-17,08,quantile,0.45,225.0
2026-01-17,wk inc flu hosp,0,2026-01-17,08,quantile,0.5,230.0
2026-01-17,wk inc flu hosp,0,2026-01-17,08,quantile,0.55,233.0
2026-01-17,wk inc flu hosp,0,2026-01-17,08,quantile,0.6,238.0
2026-01-17,wk inc flu hosp,0,2026-01-17,08,quantile,0.65,242.0
2026-01-17,wk inc flu hosp,0,2026-01-17,08,quantile,0.7,247.0
2026-01-17,wk inc flu hosp,0,2026-01-17,08,quantile,0.75,252.0
2026-01-17,wk inc flu hosp,0,2026-01-17,08,quantile,0.8,259.0
2026-01-17,wk inc flu hosp,0,2026-01-17,08,quantile,0.85,267.0
2026-01-17,wk inc flu hosp,0,2026-01-17,08,quantile,0.9,277.0
2026-01-17,wk inc flu hosp,0,2026-01-17,08,quantile,0.95,292.0
2026-01-17,wk inc flu hosp,0,2026-01-17,08,quantile,0.975,302.0
2026-01-17,wk inc flu hosp,0,2026-01-17,08,quantile,0.99,312.0
2026-01-17,wk inc flu hosp,0,2026-01-17,09,quantile,0.01,40.0
2026-01-17,wk inc flu hosp,0,2026-01-17,09,quantile,0.025,53.0
2026-01-17,wk inc flu hosp,0,2026-01-17,09,quantile,0.05,62.0
2026-01-17,wk inc flu hosp,0,2026-01-17,09,quantile,0.1,75.0
2026-01-17,wk inc flu hosp,0,2026-01-17,09,quantile,0.15,84.0
2026-01-17,wk inc flu hosp,0,2026-01-17,09,quantile,0.2,91.0
2026-01-17,wk inc flu hosp,0,2026-01-17,09,quantile,0.25,96.0
2026-01-17,wk inc flu hosp,0,2026-01-17,09,quantile,0.3,102.0
2026-01-17,wk inc flu hosp,0,2026-01-17,09,quantile,0.35,106.0
2026-01-17,wk inc flu hosp,0,2026-01-17,09,quantile,0.4,110.0
2026-01-17,wk inc flu hosp,0,2026-01-17,09,quantile,0.45,114.0
2026-01-17,wk inc flu hosp,0,2026-01-17,09,quantile,0.5,118.0
2026-01-17,wk inc flu hosp,0,2026-01-17,09,quantile,0.55,123.0
2026-01-17,wk inc flu hosp,0,2026-01-17,09,quantile,0.6,127.0
2026-01-17,wk inc flu hosp,0,2026-01-17,09,quantile,0.65,131.0
2026-01-17,wk inc flu hosp,0,2026-01-17,09,quantile,0.7,135.0
2026-01-17,wk inc flu hosp,0,2026-01-17,09,quantile,0.75,141.0
2026-01-17,wk inc flu hosp,0,2026-01-17,09,quantile,0.8,147.0
2026-01-17,wk inc flu hosp,0,2026-01-17,09,quantile,0.85,152.0
2026-01-17,wk inc flu hosp,0,2026-01-17,09,quantile,0.9,160.0
2026-01-17,wk inc flu hosp,0,2026-01-17,09,quantile,0.95,174.0
2026-01-17,wk inc flu hosp,0,2026-01-17,09,quantile,0.975,183.0
2026-01-17,wk inc flu hosp,0,2026-01-17,09,quantile,0.99,195.0
2026-01-17,wk inc flu hosp,0,2026-01-17,10,quantile,0.01,24.0
2026-01-17,wk inc flu hosp,0,2026-01-17,10,quantile,0.025,29.0
2026-01-17,wk inc flu hosp,0,2026-01-17,10,quantile,0.05,34.0
2026-01-17,wk inc flu hosp,0,2026-01-17,10,quantile,0.1,38.0
2026-01-17,wk inc flu hosp,0,2026-01-17,10,quantile,0.15,41.0
2026-01-17,wk inc flu hosp,0,2026-01-17,10,quantile,0.2,44.0
2026-01-17,wk inc flu hosp,0,2026-01-17,10,quantile,0.25,45.0
2026-01-17,wk inc flu hosp,0,2026-01-17,10,quantile,0.3,47.0
2026-01-17,wk inc flu hosp,0,2026-01-17,10,quantile,0.35,49.0
2026-01-17,wk inc flu hosp,0,2026-01-17,10,quantile,0.4,51.0
2026-01-17,wk inc flu hosp,0,2026-01-17,10,quantile,0.45,52.0
2026-01-17,wk inc flu hosp,0,2026-01-17,10,quantile,0.5,54.0
2026-01-17,wk inc flu hosp,0,2026-01-17,10,quantile,0.55,55.0
2026-01-17,wk inc flu hosp,0,2026-01-17,10,quantile,0.6,57.0
2026-01-17,wk inc flu hosp,0,2026-01-17,10,quantile,0.65,59.0
2026-01-17,wk inc flu hosp,0,2026-01-17,10,quantile,0.7,60.0
2026-01-17,wk inc flu hosp,0,2026-01-17,10,quantile,0.75,62.0
2026-01-17,wk inc flu hosp,0,2026-01-17,10,quantile,0.8,64.0
2026-01-17,wk inc flu hosp,0,2026-01-17,10,quantile,0.85,66.0
2026-01-17,wk inc flu hosp,0,2026-01-17,10,quantile,0.9,69.0
2026-01-17,wk inc flu hosp,0,2026-01-17,10,quantile,0.95,74.0
2026-01-17,wk inc flu hosp,0,2026-01-17,10,quantile,0.975,78.0
2026-01-17,wk inc flu hosp,0,2026-01-17,10,quantile,0.99,82.0
2026-01-17,wk inc flu hosp,0,2026-01-17,11,quantile,0.01,10.0
2026-01-17,wk inc flu hosp,0,2026-01-17,11,quantile,0.025,13.0
2026-01-17,wk inc flu hosp,0,2026-01-17,11,quantile,0.05,16.0
2026-01-17,wk inc flu hosp,0,2026-01-17,11,quantile,0.1,21.0
2026-01-17,wk inc flu hosp,0,2026-01-17,11,quantile,0.15,22.0
2026-01-17,wk inc flu hosp,0,2026-01-17,11,quantile,0.2,23.0
2026-01-17,wk inc flu hosp,0,2026-01-17,11,quantile,0.25,24.0
2026-01-17,wk inc flu hosp,0,2026-01-17,11,quantile,0.3,25.0
2026-01-17,wk inc flu hosp,0,2026-01-17,11,quantile,0.35,26.0
2026-01-17,wk inc flu hosp,0,2026-01-17,11,quantile,0.4,27.0
2026-01-17,wk inc flu hosp,0,2026-01-17,11,quantile,0.45,28.0
2026-01-17,wk inc flu hosp,0,2026-01-17,11,quantile,0.5,28.0
2026-01-17,wk inc flu hosp,0,2026-01-17,11,quantile,0.55,29.0
2026-01-17,wk inc flu hosp,0,2026-01-17,11,quantile,0.6,30.0
2026-01-17,wk inc flu hosp,0,2026-01-17,11,quantile,0.65,31.0
2026-01-17,wk inc flu hosp,0,2026-01-17,11,quantile,0.7,31.0
2026-01-17,wk inc flu hosp,0,2026-01-17,11,quantile,0.75,32.0
2026-01-17,wk inc flu hosp,0,2026-01-17,11,quantile,0.8,33.0
2026-01-17,wk inc flu hosp,0,2026-01-17,11,quantile,0.85,35.0
2026-01-17,wk inc flu hosp,0,2026-01-17,11,quantile,0.9,36.0
2026-01-17,wk inc flu hosp,0,2026-01-17,11,quantile,0.95,38.0
2026-01-17,wk inc flu hosp,0,2026-01-17,11,quantile,0.975,41.0
2026-01-17,wk inc flu hosp,0,2026-01-17,11,quantile,0.99,43.0
2026-01-17,wk inc flu hosp,0,2026-01-17,12,quantile,0.01,409.0
2026-01-17,wk inc flu hosp,0,2026-01-17,12,quantile,0.025,480.0
2026-01-17,wk inc flu hosp,0,2026-01-17,12,quantile,0.05,552.0
2026-01-17,wk inc flu hosp,0,2026-01-17,12,quantile,0.1,661.0
2026-01-17,wk inc flu hosp,0,2026-01-17,12,quantile,0.15,740.0
2026-01-17,wk inc flu hosp,0,2026-01-17,12,quantile,0.2,810.0
2026-01-17,wk inc flu hosp,0,2026-01-17,12,quantile,0.25,870.0
2026-01-17,wk inc flu hosp,0,2026-01-17,12,quantile,0.3,924.0
2026-01-17,wk inc flu hosp,0,2026-01-17,12,quantile,0.35,974.0
2026-01-17,wk inc flu hosp,0,2026-01-17,12,quantile,0.4,1023.0
2026-01-17,wk inc flu hosp,0,2026-01-17,12,quantile,0.45,1042.0
2026-01-17,wk inc flu hosp,0,2026-01-17,12,quantile,0.5,1061.0
2026-01-17,wk inc flu hosp,0,2026-01-17,12,quantile,0.55,1082.0
2026-01-17,wk inc flu hosp,0,2026-01-17,12,quantile,0.6,1103.0
2026-01-17,wk inc flu hosp,0,2026-01-17,12,quantile,0.65,1125.0
2026-01-17,wk inc flu hosp,0,2026-01-17,12,quantile,0.7,1148.0
2026-01-17,wk inc flu hosp,0,2026-01-17,12,quantile,0.75,1172.0
2026-01-17,wk inc flu hosp,0,2026-01-17,12,quantile,0.8,1204.0
2026-01-17,wk inc flu hosp,0,2026-01-17,12,quantile,0.85,1236.0
2026-01-17,wk inc flu hosp,0,2026-01-17,12,quantile,0.9,1274.0
2026-01-17,wk inc flu hosp,0,2026-01-17,12,quantile,0.95,1329.0
2026-01-17,wk inc flu hosp,0,2026-01-17,12,quantile,0.975,1373.0
2026-01-17,wk inc flu hosp,0,2026-01-17,12,quantile,0.99,1419.0
2026-01-17,wk inc flu hosp,0,2026-01-17,13,quantile,0.01,116.0
2026-01-17,wk inc flu hosp,0,2026-01-17,13,quantile,0.025,136.0
2026-01-17,wk inc flu hosp,0,2026-01-17,13,quantile,0.05,147.0
2026-01-17,wk inc flu hosp,0,2026-01-17,13,quantile,0.1,185.0
2026-01-17,wk inc flu hosp,0,2026-01-17,13,quantile,0.15,215.0
2026-01-17,wk inc flu hosp,0,2026-01-17,13,quantile,0.2,236.0
2026-01-17,wk inc flu hosp,0,2026-01-17,13,quantile,0.25,251.0
2026-01-17,wk inc flu hosp,0,2026-01-17,13,quantile,0.3,268.0
2026-01-17,wk inc flu hosp,0,2026-01-17,13,quantile,0.35,284.0
2026-01-17,wk inc flu hosp,0,2026-01-17,13,quantile,0.4,299.0
2026-01-17,wk inc flu hosp,0,2026-01-17,13,quantile,0.45,312.0
2026-01-17,wk inc flu hosp,0,2026-01-17,13,quantile,0.5,325.0
2026-01-17,wk inc flu hosp,0,2026-01-17,13,quantile,0.55,339.0
2026-01-17,wk inc flu hosp,0,2026-01-17,13,quantile,0.6,351.0
2026-01-17,wk inc flu hosp,0,2026-01-17,13,quantile,0.65,365.0
2026-01-17,wk inc flu hosp,0,2026-01-17,13,quantile,0.7,379.0
2026-01-17,wk inc flu hosp,0,2026-01-17,13,quantile,0.75,397.0
2026-01-17,wk inc flu hosp,0,2026-01-17,13,quantile,0.8,416.0
2026-01-17,wk inc flu hosp,0,2026-01-17,13,quantile,0.85,437.0
2026-01-17,wk inc flu hosp,0,2026-01-17,13,quantile,0.9,467.0
2026-01-17,wk inc flu hosp,0,2026-01-17,13,quantile,0.95,505.0
2026-01-17,wk inc flu hosp,0,2026-01-17,13,quantile,0.975,540.0
2026-01-17,wk inc flu hosp,0,2026-01-17,13,quantile,0.99,580.0
2026-01-17,wk inc flu hosp,0,2026-01-17,15,quantile,0.01,15.0
2026-01-17,wk inc flu hosp,0,2026-01-17,15,quantile,0.025,17.0
2026-01-17,wk inc flu hosp,0,2026-01-17,15,quantile,0.05,22.0
2026-01-17,wk inc flu hosp,0,2026-01-17,15,quantile,0.1,33.0
2026-01-17,wk inc flu hosp,0,2026-01-17,15,quantile,0.15,41.0
2026-01-17,wk inc flu hosp,0,2026-01-17,15,quantile,0.2,48.0
2026-01-17,wk inc flu hosp,0,2026-01-17,15,quantile,0.25,53.0
2026-01-17,wk inc flu hosp,0,2026-01-17,15,quantile,0.3,59.0
2026-01-17,wk inc flu hosp,0,2026-01-17,15,quantile,0.35,64.0
2026-01-17,wk inc flu hosp,0,2026-01-17,15,quantile,0.4,69.0
2026-01-17,wk inc flu hosp,0,2026-01-17,15,quantile,0.45,73.0
2026-01-17,wk inc flu hosp,0,2026-01-17,15,quantile,0.5,77.0
2026-01-17,wk inc flu hosp,0,2026-01-17,15,quantile,0.55,81.0
2026-01-17,wk inc flu hosp,0,2026-01-17,15,quantile,0.6,85.0
2026-01-17,wk inc flu hosp,0,2026-01-17,15,quantile,0.65,87.0
2026-01-17,wk inc flu hosp,0,2026-01-17,15,quantile,0.7,91.0
2026-01-17,wk inc flu hosp,0,2026-01-17,15,quantile,0.75,95.0
2026-01-17,wk inc flu hosp,0,2026-01-17,15,quantile,0.8,99.0
2026-01-17,wk inc flu hosp,0,2026-01-17,15,quantile,0.85,104.0
2026-01-17,wk inc flu hosp,0,2026-01-17,15,quantile,0.9,111.0
2026-01-17,wk inc flu hosp,0,2026-01-17,15,quantile,0.95,120.0
2026-01-17,wk inc flu hosp,0,2026-01-17,15,quantile,0.975,129.0
2026-01-17,wk inc flu hosp,0,2026-01-17,15,quantile,0.99,137.0
2026-01-17,wk inc flu hosp,0,2026-01-17,16,quantile,0.01,18.0
2026-01-17,wk inc flu hosp,0,2026-01-17,16,quantile,0.025,26.0
2026-01-17,wk inc flu hosp,0,2026-01-17,16,quantile,0.05,34.0
2026-01-17,wk inc flu hosp,0,2026-01-17,16,quantile,0.1,44.0
2026-01-17,wk inc flu hosp,0,2026-01-17,16,quantile,0.15,49.0
2026-01-17,wk inc flu hosp,0,2026-01-17,16,quantile,0.2,53.0
2026-01-17,wk inc flu hosp,0,2026-01-17,16,quantile,0.25,55.0
2026-01-17,wk inc flu hosp,0,2026-01-17,16,quantile,0.3,57.0
2026-01-17,wk inc flu hosp,0,2026-01-17,16,quantile,0.35,59.0
2026-01-17,wk inc flu hosp,0,2026-01-17,16,quantile,0.4,61.0
2026-01-17,wk inc flu hosp,0,2026-01-17,16,quantile,0.45,63.0
2026-01-17,wk inc flu hosp,0,2026-01-17,16,quantile,0.5,65.0
2026-01-17,wk inc flu hosp,0,2026-01-17,16,quantile,0.55,68.0
2026-01-17,wk inc flu hosp,0,2026-01-17,16,quantile,0.6,70.0
2026-01-17,wk inc flu hosp,0,2026-01-17,16,quantile,0.65,72.0
2026-01-17,wk inc flu hosp,0,2026-01-17,16,quantile,0.7,74.0
2026-01-17,wk inc flu hosp,0,2026-01-17,16,quantile,0.75,76.0
2026-01-17,wk inc flu hosp,0,2026-01-17,16,quantile,0.8,79.0
2026-01-17,wk inc flu hosp,0,2026-01-17,16,quantile,0.85,82.0
2026-01-17,wk inc flu hosp,0,2026-01-17,16,quantile,0.9,86.0
2026-01-17,wk inc flu hosp,0,2026-01-17,16,quantile,0.95,91.0
2026-01-17,wk inc flu hosp,0,2026-01-17,16,quantile,0.975,96.0
2026-01-17,wk inc flu hosp,0,2026-01-17,16,quantile,0.99,101.0
2026-01-17,wk inc flu hosp,0,2026-01-17,17,quantile,0.01,213.0
2026-01-17,wk inc flu hosp,0,2026-01-17,17,quantile,0.025,257.0
2026-01-17,wk inc flu hosp,0,2026-01-17,17,quantile,0.05,305.0
2026-01-17,wk inc flu hosp,0,2026-01-17,17,quantile,0.1,340.0
2026-01-17,wk inc flu hosp,0,2026-01-17,17,quantile,0.15,366.0
2026-01-17,wk inc flu hosp,0,2026-01-17,17,quantile,0.2,388.0
2026-01-17,wk inc flu hosp,0,2026-01-17,17,quantile,0.25,408.0
2026-01-17,wk inc flu hosp,0,2026-01-17,17,quantile,0.3,427.0
2026-01-17,wk inc flu hosp,0,2026-01-17,17,quantile,0.35,441.0
2026-01-17,wk inc flu hosp,0,2026-01-17,17,quantile,0.4,461.0
2026-01-17,wk inc flu hosp,0,2026-01-17,17,quantile,0.45,473.0
2026-01-17,wk inc flu hosp,0,2026-01-17,17,quantile,0.5,490.0
2026-01-17,wk inc flu hosp,0,2026-01-17,17,quantile,0.55,502.0
2026-01-17,wk inc flu hosp,0,2026-01-17,17,quantile,0.6,518.0
2026-01-17,wk inc flu hosp,0,2026-01-17,17,quantile,0.65,534.0
2026-01-17,wk inc flu hosp,0,2026-01-17,17,quantile,0.7,551.0
2026-01-17,wk inc flu hosp,0,2026-01-17,17,quantile,0.75,570.0
2026-01-17,wk inc flu hosp,0,2026-01-17,17,quantile,0.8,594.0
2026-01-17,wk inc flu hosp,0,2026-01-17,17,quantile,0.85,612.0
2026-01-17,wk inc flu hosp,0,2026-01-17,17,quantile,0.9,641.0
2026-01-17,wk inc flu hosp,0,2026-01-17,17,quantile,0.95,691.0
2026-01-17,wk inc flu hosp,0,2026-01-17,17,quantile,0.975,720.0
2026-01-17,wk inc flu hosp,0,2026-01-17,17,quantile,0.99,765.0
2026-01-17,wk inc flu hosp,0,2026-01-17,18,quantile,0.01,89.0
2026-01-17,wk inc flu hosp,0,2026-01-17,18,quantile,0.025,116.0
2026-01-17,wk inc flu hosp,0,2026-01-17,18,quantile,0.05,139.0
2026-01-17,wk inc flu hosp,0,2026-01-17,18,quantile,0.1,168.0
2026-01-17,wk inc flu hosp,0,2026-01-17,18,quantile,0.15,189.0
2026-01-17,wk inc flu hosp,0,2026-01-17,18,quantile,0.2,206.0
2026-01-17,wk inc flu hosp,0,2026-01-17,18,quantile,0.25,220.0
2026-01-17,wk inc flu hosp,0,2026-01-17,18,quantile,0.3,232.0
2026-01-17,wk inc flu hosp,0,2026-01-17,18,quantile,0.35,245.0
2026-01-17,wk inc flu hosp,0,2026-01-17,18,quantile,0.4,255.0
2026-01-17,wk inc flu hosp,0,2026-01-17,18,quantile,0.45,267.0
2026-01-17,wk inc flu hosp,0,2026-01-17,18,quantile,0.5,277.0
2026-01-17,wk inc flu hosp,0,2026-01-17,18,quantile,0.55,286.0
2026-01-17,wk inc flu hosp,0,2026-01-17,18,quantile,0.6,298.0
2026-01-17,wk inc flu hosp,0,2026-01-17,18,quantile,0.65,308.0
2026-01-17,wk inc flu hosp,0,2026-01-17,18,quantile,0.7,319.0
2026-01-17,wk inc flu hosp,0,2026-01-17,18,quantile,0.75,333.0
2026-01-17,wk inc flu hosp,0,2026-01-17,18,quantile,0.8,348.0
2026-01-17,wk inc flu hosp,0,2026-01-17,18,quantile,0.85,362.0
2026-01-17,wk inc flu hosp,0,2026-01-17,18,quantile,0.9,387.0
2026-01-17,wk inc flu hosp,0,2026-01-17,18,quantile,0.95,417.0
2026-01-17,wk inc flu hosp,0,2026-01-17,18,quantile,0.975,442.0
2026-01-17,wk inc flu hosp,0,2026-01-17,18,quantile,0.99,467.0
2026-01-17,wk inc flu hosp,0,2026-01-17,19,quantile,0.01,88.0
2026-01-17,wk inc flu hosp,0,2026-01-17,19,quantile,0.025,101.0
2026-01-17,wk inc flu hosp,0,2026-01-17,19,quantile,0.05,109.0
2026-01-17,wk inc flu hosp,0,2026-01-17,19,quantile,0.1,119.0
2026-01-17,wk inc flu hosp,0,2026-01-17,19,quantile,0.15,125.0
2026-01-17,wk inc flu hosp,0,2026-01-17,19,quantile,0.2,131.0
2026-01-17,wk inc flu hosp,0,2026-01-17,19,quantile,0.25,135.0
2026-01-17,wk inc flu hosp,0,2026-01-17,19,quantile,0.3,139.0
2026-01-17,wk inc flu hosp,0,2026-01-17,19,quantile,0.35,143.0
2026-01-17,wk inc flu hosp,0,2026-01-17,19,quantile,0.4,146.0
2026-01-17,wk inc flu hosp,0,2026-01-17,19,quantile,0.45,149.0
2026-01-17,wk inc flu hosp,0,2026-01-17,19,quantile,0.5,152.0
2026-01-17,wk inc flu hosp,0,2026-01-17,19,quantile,0.55,156.0
2026-01-17,wk inc flu hosp,0,2026-01-17,19,quantile,0.6,159.0
2026-01-17,wk inc flu hosp,0,2026-01-17,19,quantile,0.65,162.0
2026-01-17,wk inc flu hosp,0,2026-01-17,19,quantile,0.7,166.0
2026-01-17,wk inc flu hosp,0,2026-01-17,19,quantile,0.75,170.0
2026-01-17,wk inc flu hosp,0,2026-01-17,19,quantile,0.8,174.0
2026-01-17,wk inc flu hosp,0,2026-01-17,19,quantile,0.85,179.0
2026-01-17,wk inc flu hosp,0,2026-01-17,19,quantile,0.9,186.0
2026-01-17,wk inc flu hosp,0,2026-01-17,19,quantile,0.95,197.0
2026-01-17,wk inc flu hosp,0,2026-01-17,19,quantile,0.975,207.0
2026-01-17,wk inc flu hosp,0,2026-01-17,19,quantile,0.99,216.0
2026-01-17,wk inc flu hosp,0,2026-01-17,20,quantile,0.01,65.0
2026-01-17,wk inc flu hosp,0,2026-01-17,20,quantile,0.025,73.0
2026-01-17,wk inc flu hosp,0,2026-01-17,20,quantile,0.05,81.0
2026-01-17,wk inc flu hosp,0,2026-01-17,20,quantile,0.1,90.0
2026-01-17,wk inc flu hosp,0,2026-01-17,20,quantile,0.15,96.0
2026-01-17,wk inc flu hosp,0,2026-01-17,20,quantile,0.2,100.0
2026-01-17,wk inc flu hosp,0,2026-01-17,20,quantile,0.25,104.0
2026-01-17,wk inc flu hosp,0,2026-01-17,20,quantile,0.3,108.0
2026-01-17,wk inc flu hosp,0,2026-01-17,20,quantile,0.35,111.0
2026-01-17,wk inc flu hosp,0,2026-01-17,20,quantile,0.4,114.0
2026-01-17,wk inc flu hosp,0,2026-01-17,20,quantile,0.45,118.0
2026-01-17,wk inc flu hosp,0,2026-01-17,20,quantile,0.5,121.0
2026-01-17,wk inc flu hosp,0,2026-01-17,20,quantile,0.55,125.0
2026-01-17,wk inc flu hosp,0,2026-01-17,20,quantile,0.6,129.0
2026-01-17,wk inc flu hosp,0,2026-01-17,20,quantile,0.65,134.0
2026-01-17,wk inc flu hosp,0,2026-01-17,20,quantile,0.7,137.0
2026-01-17,wk inc flu hosp,0,2026-01-17,20,quantile,0.75,141.0
2026-01-17,wk inc flu hosp,0,2026-01-17,20,quantile,0.8,145.0
2026-01-17,wk inc flu hosp,0,2026-01-17,20,quantile,0.85,150.0
2026-01-17,wk inc flu hosp,0,2026-01-17,20,quantile,0.9,157.0
2026-01-17,wk inc flu hosp,0,2026-01-17,20,quantile,0.95,166.0
2026-01-17,wk inc flu hosp,0,2026-01-17,20,quantile,0.975,173.0
2026-01-17,wk inc flu hosp,0,2026-01-17,20,quantile,0.99,182.0
2026-01-17,wk inc flu hosp,0,2026-01-17,21,quantile,0.01,51.0
2026-01-17,wk inc flu hosp,0,2026-01-17,21,quantile,0.025,59.0
2026-01-17,wk inc flu hosp,0,2026-01-17,21,quantile,0.05,67.0
2026-01-17,wk inc flu hosp,0,2026-01-17,21,quantile,0.1,89.0
2026-01-17,wk inc flu hosp,0,2026-01-17,21,quantile,0.15,107.0
2026-01-17,wk inc flu hosp,0,2026-01-17,21,quantile,0.2,122.0
2026-01-17,wk inc flu hosp,0,2026-01-17,21,quantile,0.25,134.0
2026-01-17,wk inc flu hosp,0,2026-01-17,21,quantile,0.3,142.0
2026-01-17,wk inc flu hosp,0,2026-01-17,21,quantile,0.35,150.0
2026-01-17,wk inc flu hosp,0,2026-01-17,21,quantile,0.4,158.0
2026-01-17,wk inc flu hosp,0,2026-01-17,21,quantile,0.45,169.0
2026-01-17,wk inc flu hosp,0,2026-01-17,21,quantile,0.5,177.0
2026-01-17,wk inc flu hosp,0,2026-01-17,21,quantile,0.55,184.0
2026-01-17,wk inc flu hosp,0,2026-01-17,21,quantile,0.6,193.0
2026-01-17,wk inc flu hosp,0,2026-01-17,21,quantile,0.65,204.0
2026-01-17,wk inc flu hosp,0,2026-01-17,21,quantile,0.7,213.0
2026-01-17,wk inc flu hosp,0,2026-01-17,21,quantile,0.75,225.0
2026-01-17,wk inc flu hosp,0,2026-01-17,21,quantile,0.8,236.0
2026-01-17,wk inc flu hosp,0,2026-01-17,21,quantile,0.85,247.0
2026-01-17,wk inc flu hosp,0,2026-01-17,21,quantile,0.9,265.0
2026-01-17,wk inc flu hosp,0,2026-01-17,21,quantile,0.95,291.0
2026-01-17,wk inc flu hosp,0,2026-01-17,21,quantile,0.975,313.0
2026-01-17,wk inc flu hosp,0,2026-01-17,21,quantile,0.99,335.0
2026-01-17,wk inc flu hosp,0,2026-01-17,22,quantile,0.01,62.0
2026-01-17,wk inc flu hosp,0,2026-01-17,22,quantile,0.025,78.0
2026-01-17,wk inc flu hosp,0,2026-01-17,22,quantile,0.05,96.0
2026-01-17,wk inc flu hosp,0,2026-01-17,22,quantile,0.1,118.0
2026-01-17,wk inc flu hosp,0,2026-01-17,22,quantile,0.15,136.0
2026-01-17,wk inc flu hosp,0,2026-01-17,22,quantile,0.2,148.0
2026-01-17,wk inc flu hosp,0,2026-01-17,22,quantile,0.25,155.0
2026-01-17,wk inc flu hosp,0,2026-01-17,22,quantile,0.3,161.0
2026-01-17,wk inc flu hosp,0,2026-01-17,22,quantile,0.35,166.0
2026-01-17,wk inc flu hosp,0,2026-01-17,22,quantile,0.4,172.0
2026-01-17,wk inc flu hosp,0,2026-01-17,22,quantile,0.45,177.0
2026-01-17,wk inc flu hosp,0,2026-01-17,22,quantile,0.5,182.0
2026-01-17,wk inc flu hosp,0,2026-01-17,22,quantile,0.55,188.0
2026-01-17,wk inc flu hosp,0,2026-01-17,22,quantile,0.6,194.0
2026-01-17,wk inc flu hosp,0,2026-01-17,22,quantile,0.65,200.0
2026-01-17,wk inc flu hosp,0,2026-01-17,22,quantile,0.7,206.0
2026-01-17,wk inc flu hosp,0,2026-01-17,22,quantile,0.75,213.0
2026-01-17,wk inc flu hosp,0,2026-01-17,22,quantile,0.8,219.0
2026-01-17,wk inc flu hosp,0,2026-01-17,22,quantile,0.85,226.0
2026-01-17,wk inc flu hosp,0,2026-01-17,22,quantile,0.9,236.0
2026-01-17,wk inc flu hosp,0,2026-01-17,22,quantile,0.95,252.0
2026-01-17,wk inc flu hosp,0,2026-01-17,22,quantile,0.975,264.0
2026-01-17,wk inc flu hosp,0,2026-01-17,22,quantile,0.99,277.0
2026-01-17,wk inc flu hosp,0,2026-01-17,23,quantile,0.01,15.0
2026-01-17,wk inc flu hosp,0,2026-01-17,23,quantile,0.025,18.0
2026-01-17,wk inc flu hosp,0,2026-01-17,23,quantile,0.05,22.0
2026-01-17,wk inc flu hosp,0,2026-01-17,23,quantile,0.1,26.0
2026-01-17,wk inc flu hosp,0,2026-01-17,23,quantile,0.15,28.0
2026-01-17,wk inc flu hosp,0,2026-01-17,23,quantile,0.2,31.0
2026-01-17,wk inc flu hosp,0,2026-01-17,23,quantile,0.25,33.0
2026-01-17,wk inc flu hosp,0,2026-01-17,23,quantile,0.3,34.0
2026-01-17,wk inc flu hosp,0,2026-01-17,23,quantile,0.35,36.0
2026-01-17,wk inc flu hosp,0,2026-01-17,23,quantile,0.4,38.0
2026-01-17,wk inc flu hosp,0,2026-01-17,23,quantile,0.45,39.0
2026-01-17,wk inc flu hosp,0,2026-01-17,23,quantile,0.5,41.0
2026-01-17,wk inc flu hosp,0,2026-01-17,23,quantile,0.55,42.0
2026-01-17,wk inc flu hosp,0,2026-01-17,23,quantile,0.6,44.0
2026-01-17,wk inc flu hosp,0,2026-01-17,23,quantile,0.65,45.0
2026-01-17,wk inc flu hosp,0,2026-01-17,23,quantile,0.7,47.0
2026-01-17,wk inc flu hosp,0,2026-01-17,23,quantile,0.75,49.0
2026-01-17,wk inc flu hosp,0,2026-01-17,23,quantile,0.8,50.0
2026-01-17,wk inc flu hosp,0,2026-01-17,23,quantile,0.85,52.0
2026-01-17,wk inc flu hosp,0,2026-01-17,23,quantile,0.9,55.0
2026-01-17,wk inc flu hosp,0,2026-01-17,23,quantile,0.95,59.0
2026-01-17,wk inc flu hosp,0,2026-01-17,23,quantile,0.975,62.0
2026-01-17,wk inc flu hosp,0,2026-01-17,23,quantile,0.99,66.0
2026-01-17,wk inc flu hosp,0,2026-01-17,24,quantile,0.01,88.0
2026-01-17,wk inc flu hosp,0,2026-01-17,24,quantile,0.025,121.0
2026-01-17,wk inc flu hosp,0,2026-01-17,24,quantile,0.05,153.0
2026-01-17,wk inc flu hosp,0,2026-01-17,24,quantile,0.1,199.0
2026-01-17,wk inc flu hosp,0,2026-01-17,24,quantile,0.15,221.0
2026-01-17,wk inc flu hosp,0,2026-01-17,24,quantile,0.2,238.0
2026-01-17,wk inc flu hosp,0,2026-01-17,24,quantile,0.25,253.0
2026-01-17,wk inc flu hosp,0,2026-01-17,24,quantile,0.3,265.0
2026-01-17,wk inc flu hosp,0,2026-01-17,24,quantile,0.35,277.0
2026-01-17,wk inc flu hosp,0,2026-01-17,24,quantile,0.4,284.0
2026-01-17,wk inc flu hosp,0,2026-01-17,24,quantile,0.45,295.0
2026-01-17,wk inc flu hosp,0,2026-01-17,24,quantile,0.5,306.0
2026-01-17,wk inc flu hosp,0,2026-01-17,24,quantile,0.55,319.0
2026-01-17,wk inc flu hosp,0,2026-01-17,24,quantile,0.6,331.0
2026-01-17,wk inc flu hosp,0,2026-01-17,24,quantile,0.65,341.0
2026-01-17,wk inc flu hosp,0,2026-01-17,24,quantile,0.7,353.0
2026-01-17,wk inc flu hosp,0,2026-01-17,24,quantile,0.75,365.0
2026-01-17,wk inc flu hosp,0,2026-01-17,24,quantile,0.8,378.0
2026-01-17,wk inc flu hosp,0,2026-01-17,24,quantile,0.85,391.0
2026-01-17,wk inc flu hosp,0,2026-01-17,24,quantile,0.9,409.0
2026-01-17,wk inc flu hosp,0,2026-01-17,24,quantile,0.95,438.0
2026-01-17,wk inc flu hosp,0,2026-01-17,24,quantile,0.975,466.0
2026-01-17,wk inc flu hosp,0,2026-01-17,24,quantile,0.99,496.0
2026-01-17,wk inc flu hosp,0,2026-01-17,25,quantile,0.01,183.0
2026-01-17,wk inc flu hosp,0,2026-01-17,25,quantile,0.025,206.0
2026-01-17,wk inc flu hosp,0,2026-01-17,25,quantile,0.05,227.0
2026-01-17,wk inc flu hosp,0,2026-01-17,25,quantile,0.1,245.0
2026-01-17,wk inc flu hosp,0,2026-01-17,25,quantile,0.15,256.0
2026-01-17,wk inc flu hosp,0,2026-01-17,25,quantile,0.2,266.0
2026-01-17,wk inc flu hosp,0,2026-01-17,25,quantile,0.25,275.0
2026-01-17,wk inc flu hosp,0,2026-01-17,25,quantile,0.3,284.0
2026-01-17,wk inc flu hosp,0,2026-01-17,25,quantile,0.35,291.0
2026-01-17,wk inc flu hosp,0,2026-01-17,25,quantile,0.4,298.0
2026-01-17,wk inc flu hosp,0,2026-01-17,25,quantile,0.45,305.0
2026-01-17,wk inc flu hosp,0,2026-01-17,25,quantile,0.5,312.0
2026-01-17,wk inc flu hosp,0,2026-01-17,25,quantile,0.55,319.0
2026-01-17,wk inc flu hosp,0,2026-01-17,25,quantile,0.6,327.0
2026-01-17,wk inc flu hosp,0,2026-01-17,25,quantile,0.65,334.0
2026-01-17,wk inc flu hosp,0,2026-01-17,25,quantile,0.7,341.0
2026-01-17,wk inc flu hosp,0,2026-01-17,25,quantile,0.75,348.0
2026-01-17,wk inc flu hosp,0,2026-01-17,25,quantile,0.8,357.0
2026-01-17,wk inc flu hosp,0,2026-01-17,25,quantile,0.85,366.0
2026-01-17,wk inc flu hosp,0,2026-01-17,25,quantile,0.9,383.0
2026-01-17,wk inc flu hosp,0,2026-01-17,25,quantile,0.95,404.0
2026-01-17,wk inc flu hosp,0,2026-01-17,25,quantile,0.975,419.0
2026-01-17,wk inc flu hosp,0,2026-01-17,25,quantile,0.99,440.0
2026-01-17,wk inc flu hosp,0,2026-01-17,26,quantile,0.01,149.0
2026-01-17,wk inc flu hosp,0,2026-01-17,26,quantile,0.025,196.0
2026-01-17,wk inc flu hosp,0,2026-01-17,26,quantile,0.05,234.0
2026-01-17,wk inc flu hosp,0,2026-01-17,26,quantile,0.1,268.0
2026-01-17,wk inc flu hosp,0,2026-01-17,26,quantile,0.15,291.0
2026-01-17,wk inc flu hosp,0,2026-01-17,26,quantile,0.2,307.0
2026-01-17,wk inc flu hosp,0,2026-01-17,26,quantile,0.25,323.0
2026-01-17,wk inc flu hosp,0,2026-01-17,26,quantile,0.3,336.0
2026-01-17,wk inc flu hosp,0,2026-01-17,26,quantile,0.35,349.0
2026-01-17,wk inc flu hosp,0,2026-01-17,26,quantile,0.4,361.0
2026-01-17,wk inc flu hosp,0,2026-01-17,26,quantile,0.45,373.0
2026-01-17,wk inc flu hosp,0,2026-01-17,26,quantile,0.5,388.0
2026-01-17,wk inc flu hosp,0,2026-01-17,26,quantile,0.55,401.0
2026-01-17,wk inc flu hosp,0,2026-01-17,26,quantile,0.6,411.0
2026-01-17,wk inc flu hosp,0,2026-01-17,26,quantile,0.65,424.0
2026-01-17,wk inc flu hosp,0,2026-01-17,26,quantile,0.7,435.0
2026-01-17,wk inc flu hosp,0,2026-01-17,26,quantile,0.75,447.0
2026-01-17,wk inc flu hosp,0,2026-01-17,26,quantile,0.8,462.0
2026-01-17,wk inc flu hosp,0,2026-01-17,26,quantile,0.85,481.0
2026-01-17,wk inc flu hosp,0,2026-01-17,26,quantile,0.9,503.0
2026-01-17,wk inc flu hosp,0,2026-01-17,26,quantile,0.95,535.0
2026-01-17,wk inc flu hosp,0,2026-01-17,26,quantile,0.975,561.0
2026-01-17,wk inc flu hosp,0,2026-01-17,26,quantile,0.99,593.0
2026-01-17,wk inc flu hosp,0,2026-01-17,27,quantile,0.01,108.0
2026-01-17,wk inc flu hosp,0,2026-01-17,27,quantile,0.025,154.0
2026-01-17,wk inc flu hosp,0,2026-01-17,27,quantile,0.05,193.0
2026-01-17,wk inc flu hosp,0,2026-01-17,27,quantile,0.1,236.0
2026-01-17,wk inc flu hosp,0,2026-01-17,27,quantile,0.15,256.0
2026-01-17,wk inc flu hosp,0,2026-01-17,27,quantile,0.2,270.0
2026-01-17,wk inc flu hosp,0,2026-01-17,27,quantile,0.25,281.0
2026-01-17,wk inc flu hosp,0,2026-01-17,27,quantile,0.3,294.0
2026-01-17,wk inc flu hosp,0,2026-01-17,27,quantile,0.35,304.0
2026-01-17,wk inc flu hosp,0,2026-01-17,27,quantile,0.4,315.0
2026-01-17,wk inc flu hosp,0,2026-01-17,27,quantile,0.45,328.0
2026-01-17,wk inc flu hosp,0,2026-01-17,27,quantile,0.5,337.0
2026-01-17,wk inc flu hosp,0,2026-01-17,27,quantile,0.55,346.0
2026-01-17,wk inc flu hosp,0,2026-01-17,27,quantile,0.6,355.0
2026-01-17,wk inc flu hosp,0,2026-01-17,27,quantile,0.65,366.0
2026-01-17,wk inc flu hosp,0,2026-01-17,27,quantile,0.7,380.0
2026-01-17,wk inc flu hosp,0,2026-01-17,27,quantile,0.75,394.0
2026-01-17,wk inc flu hosp,0,2026-01-17,27,quantile,0.8,410.0
2026-01-17,wk inc flu hosp,0,2026-01-17,27,quantile,0.85,424.0
2026-01-17,wk inc flu hosp,0,2026-01-17,27,quantile,0.9,443.0
2026-01-17,wk inc flu hosp,0,2026-01-17,27,quantile,0.95,477.0
2026-01-17,wk inc flu hosp,0,2026-01-17,27,quantile,0.975,502.0
2026-01-17,wk inc flu hosp,0,2026-01-17,27,quantile,0.99,525.0
2026-01-17,wk inc flu hosp,0,2026-01-17,28,quantile,0.01,11.0
2026-01-17,wk inc flu hosp,0,2026-01-17,28,quantile,0.025,15.0
2026-01-17,wk inc flu hosp,0,2026-01-17,28,quantile,0.05,19.0
2026-01-17,wk inc flu hosp,0,2026-01-17,28,quantile,0.1,23.0
2026-01-17,wk inc flu hosp,0,2026-01-17,28,quantile,0.15,26.0
2026-01-17,wk inc flu hosp,0,2026-01-17,28,quantile,0.2,31.0
2026-01-17,wk inc flu hosp,0,2026-01-17,28,quantile,0.25,38.0
2026-01-17,wk inc flu hosp,0,2026-01-17,28,quantile,0.3,44.0
2026-01-17,wk inc flu hosp,0,2026-01-17,28,quantile,0.35,49.0
2026-01-17,wk inc flu hosp,0,2026-01-17,28,quantile,0.4,53.0
2026-01-17,wk inc flu hosp,0,2026-01-17,28,quantile,0.45,58.0
2026-01-17,wk inc flu hosp,0,2026-01-17,28,quantile,0.5,63.0
2026-01-17,wk inc flu hosp,0,2026-01-17,28,quantile,0.55,68.0
2026-01-17,wk inc flu hosp,0,2026-01-17,28,quantile,0.6,73.0
2026-01-17,wk inc flu hosp,0,2026-01-17,28,quantile,0.65,79.0
2026-01-17,wk inc flu hosp,0,2026-01-17,28,quantile,0.7,84.0
2026-01-17,wk inc flu hosp,0,2026-01-17,28,quantile,0.75,89.0
2026-01-17,wk inc flu hosp,0,2026-01-17,28,quantile,0.8,96.0
2026-01-17,wk inc flu hosp,0,2026-01-17,28,quantile,0.85,103.0
2026-01-17,wk inc flu hosp,0,2026-01-17,28,quantile,0.9,112.0
2026-01-17,wk inc flu hosp,0,2026-01-17,28,quantile,0.95,127.0
2026-01-17,wk inc flu hosp,0,2026-01-17,28,quantile,0.975,139.0
2026-01-17,wk inc flu hosp,0,2026-01-17,28,quantile,0.99,154.0
2026-01-17,wk inc flu hosp,0,2026-01-17,30,quantile,0.01,11.0
2026-01-17,wk inc flu hosp,0,2026-01-17,30,quantile,0.025,12.0
2026-01-17,wk inc flu hosp,0,2026-01-17,30,quantile,0.05,15.0
2026-01-17,wk inc flu hosp,0,2026-01-17,30,quantile,0.1,19.0
2026-01-17,wk inc flu hosp,0,2026-01-17,30,quantile,0.15,22.0
2026-01-17,wk inc flu hosp,0,2026-01-17,30,quantile,0.2,24.0
2026-01-17,wk inc flu hosp,0,2026-01-17,30,quantile,0.25,25.0
2026-01-17,wk inc flu hosp,0,2026-01-17,30,quantile,0.3,27.0
2026-01-17,wk inc flu hosp,0,2026-01-17,30,quantile,0.35,29.0
2026-01-17,wk inc flu hosp,0,2026-01-17,30,quantile,0.4,30.0
2026-01-17,wk inc flu hosp,0,2026-01-17,30,quantile,0.45,31.0
2026-01-17,wk inc flu hosp,0,2026-01-17,30,quantile,0.5,33.0
2026-01-17,wk inc flu hosp,0,2026-01-17,30,quantile,0.55,34.0
2026-01-17,wk inc flu hosp,0,2026-01-17,30,quantile,0.6,35.0
2026-01-17,wk inc flu hosp,0,2026-01-17,30,quantile,0.65,37.0
2026-01-17,wk inc flu hosp,0,2026-01-17,30,quantile,0.7,38.0
2026-01-17,wk inc flu hosp,0,2026-01-17,30,quantile,0.75,40.0
2026-01-17,wk inc flu hosp,0,2026-01-17,30,quantile,0.8,42.0
2026-01-17,wk inc flu hosp,0,2026-01-17,30,quantile,0.85,44.0
2026-01-17,wk inc flu hosp,0,2026-01-17,30,quantile,0.9,47.0
2026-01-17,wk inc flu hosp,0,2026-01-17,30,quantile,0.95,51.0
2026-01-17,wk inc flu hosp,0,2026-01-17,30,quantile,0.975,54.0
2026-01-17,wk inc flu hosp,0,2026-01-17,30,quantile,0.99,58.0
2026-01-17,wk inc flu hosp,0,2026-01-17,31,quantile,0.01,24.0
2026-01-17,wk inc flu hosp,0,2026-01-17,31,quantile,0.025,28.0
2026-01-17,wk inc flu hosp,0,2026-01-17,31,quantile,0.05,31.0
2026-01-17,wk inc flu hosp,0,2026-01-17,31,quantile,0.1,35.0
2026-01-17,wk inc flu hosp,0,2026-01-17,31,quantile,0.15,39.0
2026-01-17,wk inc flu hosp,0,2026-01-17,31,quantile,0.2,41.0
2026-01-17,wk inc flu hosp,0,2026-01-17,31,quantile,0.25,43.0
2026-01-17,wk inc flu hosp,0,2026-01-17,31,quantile,0.3,45.0
2026-01-17,wk inc flu hosp,0,2026-01-17,31,quantile,0.35,46.0
2026-01-17,wk inc flu hosp,0,2026-01-17,31,quantile,0.4,48.0
2026-01-17,wk inc flu hosp,0,2026-01-17,31,quantile,0.45,49.0
2026-01-17,wk inc flu hosp,0,2026-01-17,31,quantile,0.5,51.0
2026-01-17,wk inc flu hosp,0,2026-01-17,31,quantile,0.55,52.0
2026-01-17,wk inc flu hosp,0,2026-01-17,31,quantile,0.6,54.0
2026-01-17,wk inc flu hosp,0,2026-01-17,31,quantile,0.65,55.0
2026-01-17,wk inc flu hosp,0,2026-01-17,31,quantile,0.7,56.0
2026-01-17,wk inc flu hosp,0,2026-01-17,31,quantile,0.75,58.0
2026-01-17,wk inc flu hosp,0,2026-01-17,31,quantile,0.8,60.0
2026-01-17,wk inc flu hosp,0,2026-01-17,31,quantile,0.85,63.0
2026-01-17,wk inc flu hosp,0,2026-01-17,31,quantile,0.9,66.0
2026-01-17,wk inc flu hosp,0,2026-01-17,31,quantile,0.95,71.0
2026-01-17,wk inc flu hosp,0,2026-01-17,31,quantile,0.975,75.0
2026-01-17,wk inc flu hosp,0,2026-01-17,31,quantile,0.99,79.0
2026-01-17,wk inc flu hosp,0,2026-01-17,32,quantile,0.01,34.0
2026-01-17,wk inc flu hosp,0,2026-01-17,32,quantile,0.025,42.0
2026-01-17,wk inc flu hosp,0,2026-01-17,32,quantile,0.05,48.0
2026-01-17,wk inc flu hosp,0,2026-01-17,32,quantile,0.1,53.0
2026-01-17,wk inc flu hosp,0,2026-01-17,32,quantile,0.15,57.0
2026-01-17,wk inc flu hosp,0,2026-01-17,32,quantile,0.2,61.0
2026-01-17,wk inc flu hosp,0,2026-01-17,32,quantile,0.25,63.0
2026-01-17,wk inc flu hosp,0,2026-01-17,32,quantile,0.3,66.0
2026-01-17,wk inc flu hosp,0,2026-01-17,32,quantile,0.35,68.0
2026-01-17,wk inc flu hosp,0,2026-01-17,32,quantile,0.4,70.0
2026-01-17,wk inc flu hosp,0,2026-01-17,32,quantile,0.45,72.0
2026-01-17,wk inc flu hosp,0,2026-01-17,32,quantile,0.5,74.0
2026-01-17,wk inc flu hosp,0,2026-01-17,32,quantile,0.55,76.0
2026-01-17,wk inc flu hosp,0,2026-01-17,32,quantile,0.6,79.0
2026-01-17,wk inc flu hosp,0,2026-01-17,32,quantile,0.65,81.0
2026-01-17,wk inc flu hosp,0,2026-01-17,32,quantile,0.7,83.0
2026-01-17,wk inc flu hosp,0,2026-01-17,32,quantile,0.75,86.0
2026-01-17,wk inc flu hosp,0,2026-01-17,32,quantile,0.8,88.0
2026-01-17,wk inc flu hosp,0,2026-01-17,32,quantile,0.85,91.0
2026-01-17,wk inc flu hosp,0,2026-01-17,32,quantile,0.9,95.0
2026-01-17,wk inc flu hosp,0,2026-01-17,32,quantile,0.95,102.0
2026-01-17,wk inc flu hosp,0,2026-01-17,32,quantile,0.975,107.0
2026-01-17,wk inc flu hosp,0,2026-01-17,32,quantile,0.99,111.0
2026-01-17,wk inc flu hosp,0,2026-01-17,33,quantile,0.01,51.0
2026-01-17,wk inc flu hosp,0,2026-01-17,33,quantile,0.025,58.0
2026-01-17,wk inc flu hosp,0,2026-01-17,33,quantile,0.05,63.0
2026-01-17,wk inc flu hosp,0,2026-01-17,33,quantile,0.1,67.0
2026-01-17,wk inc flu hosp,0,2026-01-17,33,quantile,0.15,70.0
2026-01-17,wk inc flu hosp,0,2026-01-17,33,quantile,0.2,73.0
2026-01-17,wk inc flu hosp,0,2026-01-17,33,quantile,0.25,75.0
2026-01-17,wk inc flu hosp,0,2026-01-17,33,quantile,0.3,77.0
2026-01-17,wk inc flu hosp,0,2026-01-17,33,quantile,0.35,79.0
2026-01-17,wk inc flu hosp,0,2026-01-17,33,quantile,0.4,80.0
2026-01-17,wk inc flu hosp,0,2026-01-17,33,quantile,0.45,82.0
2026-01-17,wk inc flu hosp,0,2026-01-17,33,quantile,0.5,84.0
2026-01-17,wk inc flu hosp,0,2026-01-17,33,quantile,0.55,85.0
2026-01-17,wk inc flu hosp,0,2026-01-17,33,quantile,0.6,87.0
2026-01-17,wk inc flu hosp,0,2026-01-17,33,quantile,0.65,88.0
2026-01-17,wk inc flu hosp,0,2026-01-17,33,quantile,0.7,90.0
2026-01-17,wk inc flu hosp,0,2026-01-17,33,quantile,0.75,92.0
2026-01-17,wk inc flu hosp,0,2026-01-17,33,quantile,0.8,95.0
2026-01-17,wk inc flu hosp,0,2026-01-17,33,quantile,0.85,97.0
2026-01-17,wk inc flu hosp,0,2026-01-17,33,quantile,0.9,100.0
2026-01-17,wk inc flu hosp,0,2026-01-17,33,quantile,0.95,105.0
2026-01-17,wk inc flu hosp,0,2026-01-17,33,quantile,0.975,109.0
2026-01-17,wk inc flu hosp,0,2026-01-17,33,quantile,0.99,112.0
2026-01-17,wk inc flu hosp,0,2026-01-17,34,quantile,0.01,197.0
2026-01-17,wk inc flu hosp,0,2026-01-17,34,quantile,0.025,244.0
2026-01-17,wk inc flu hosp,0,2026-01-17,34,quantile,0.05,286.0
2026-01-17,wk inc flu hosp,0,2026-01-17,34,quantile,0.1,349.0
2026-01-17,wk inc flu hosp,0,2026-01-17,34,quantile,0.15,394.0
2026-01-17,wk inc flu hosp,0,2026-01-17,34,quantile,0.2,410.0
2026-01-17,wk inc flu hosp,0,2026-01-17,34,quantile,0.25,424.0
2026-01-17,wk inc flu hosp,0,2026-01-17,34,quantile,0.3,437.0
2026-01-17,wk inc flu hosp,0,2026-01-17,34,quantile,0.35,448.0
2026-01-17,wk inc flu hosp,0,2026-01-17,34,quantile,0.4,459.0
2026-01-17,wk inc flu hosp,0,2026-01-17,34,quantile,0.45,470.0
2026-01-17,wk inc flu hosp,0,2026-01-17,34,quantile,0.5,480.0
2026-01-17,wk inc flu hosp,0,2026-01-17,34,quantile,0.55,489.0
2026-01-17,wk inc flu hosp,0,2026-01-17,34,quantile,0.6,500.0
2026-01-17,wk inc flu hosp,0,2026-01-17,34,quantile,0.65,513.0
2026-01-17,wk inc flu hosp,0,2026-01-17,34,quantile,0.7,524.0
2026-01-17,wk inc flu hosp,0,2026-01-17,34,quantile,0.75,537.0
2026-01-17,wk inc flu hosp,0,2026-01-17,34,quantile,0.8,553.0
2026-01-17,wk inc flu hosp,0,2026-01-17,34,quantile,0.85,569.0
2026-01-17,wk inc flu hosp,0,2026-01-17,34,quantile,0.9,594.0
2026-01-17,wk inc flu hosp,0,2026-01-17,34,quantile,0.95,625.0
2026-01-17,wk inc flu hosp,0,2026-01-17,34,quantile,0.975,649.0
2026-01-17,wk inc flu hosp,0,2026-01-17,34,quantile,0.99,668.0
2026-01-17,wk inc flu hosp,0,2026-01-17,35,quantile,0.01,35.0
2026-01-17,wk inc flu hosp,0,2026-01-17,35,quantile,0.025,40.0
2026-01-17,wk inc flu hosp,0,2026-01-17,35,quantile,0.05,46.0
2026-01-17,wk inc flu hosp,0,2026-01-17,35,quantile,0.1,52.0
2026-01-17,wk inc flu hosp,0,2026-01-17,35,quantile,0.15,58.0
2026-01-17,wk inc flu hosp,0,2026-01-17,35,quantile,0.2,62.0
2026-01-17,wk inc flu hosp,0,2026-01-17,35,quantile,0.25,66.0
2026-01-17,wk inc flu hosp,0,2026-01-17,35,quantile,0.3,68.0
2026-01-17,wk inc flu hosp,0,2026-01-17,35,quantile,0.35,71.0
2026-01-17,wk inc flu hosp,0,2026-01-17,35,quantile,0.4,73.0
2026-01-17,wk inc flu hosp,0,2026-01-17,35,quantile,0.45,76.0
2026-01-17,wk inc flu hosp,0,2026-01-17,35,quantile,0.5,78.0
2026-01-17,wk inc flu hosp,0,2026-01-17,35,quantile,0.55,81.0
2026-01-17,wk inc flu hosp,0,2026-01-17,35,quantile,0.6,83.0
2026-01-17,wk inc flu hosp,0,2026-01-17,35,quantile,0.65,86.0
2026-01-17,wk inc flu hosp,0,2026-01-17,35,quantile,0.7,89.0
2026-01-17,wk inc flu hosp,0,2026-01-17,35,quantile,0.75,92.0
2026-01-17,wk inc flu hosp,0,2026-01-17,35,quantile,0.8,96.0
2026-01-17,wk inc flu hosp,0,2026-01-17,35,quantile,0.85,100.0
2026-01-17,wk inc flu hosp,0,2026-01-17,35,quantile,0.9,105.0
2026-01-17,wk inc flu hosp,0,2026-01-17,35,quantile,0.95,112.0
2026-01-17,wk inc flu hosp,0,2026-01-17,35,quantile,0.975,118.0
2026-01-17,wk inc flu hosp,0,2026-01-17,35,quantile,0.99,123.0
2026-01-17,wk inc flu hosp,0,2026-01-17,36,quantile,0.01,157.0
2026-01-17,wk inc flu hosp,0,2026-01-17,36,quantile,0.025,211.0
2026-01-17,wk inc flu hosp,0,2026-01-17,36,quantile,0.05,234.0
2026-01-17,wk inc flu hosp,0,2026-01-17,36,quantile,0.1,280.0
2026-01-17,wk inc flu hosp,0,2026-01-17,36,quantile,0.15,306.0
2026-01-17,wk inc flu hosp,0,2026-01-17,36,quantile,0.2,327.0
2026-01-17,wk inc flu hosp,0,2026-01-17,36,quantile,0.25,349.0
2026-01-17,wk inc flu hosp,0,2026-01-17,36,quantile,0.3,370.0
2026-01-17,wk inc flu hosp,0,2026-01-17,36,quantile,0.35,388.0
2026-01-17,wk inc flu hosp,0,2026-01-17,36,quantile,0.4,405.0
2026-01-17,wk inc flu hosp,0,2026-01-17,36,quantile,0.45,422.0
2026-01-17,wk inc flu hosp,0,2026-01-17,36,quantile,0.5,437.0
2026-01-17,wk inc flu hosp,0,2026-01-17,36,quantile,0.55,455.0
2026-01-17,wk inc flu hosp,0,2026-01-17,36,quantile,0.6,469.0
2026-01-17,wk inc flu hosp,0,2026-01-17,36,quantile,0.65,484.0
2026-01-17,wk inc flu hosp,0,2026-01-17,36,quantile,0.7,498.0
2026-01-17,wk inc flu hosp,0,2026-01-17,36,quantile,0.75,518.0
2026-01-17,wk inc flu hosp,0,2026-01-17,36,quantile,0.8,540.0
2026-01-17,wk inc flu hosp,0,2026-01-17,36,quantile,0.85,565.0
2026-01-17,wk inc flu hosp,0,2026-01-17,36,quantile,0.9,595.0
2026-01-17,wk inc flu hosp,0,2026-01-17,36,quantile,0.95,637.0
2026-01-17,wk inc flu hosp,0,2026-01-17,36,quantile,0.975,677.0
2026-01-17,wk inc flu hosp,0,2026-01-17,36,quantile,0.99,704.0
2026-01-17,wk inc flu hosp,0,2026-01-17,37,quantile,0.01,274.0
2026-01-17,wk inc flu hosp,0,2026-01-17,37,quantile,0.025,348.0
2026-01-17,wk inc flu hosp,0,2026-01-17,37,quantile,0.05,422.0
2026-01-17,wk inc flu hosp,0,2026-01-17,37,quantile,0.1,494.0
2026-01-17,wk inc flu hosp,0,2026-01-17,37,quantile,0.15,546.0
2026-01-17,wk inc flu hosp,0,2026-01-17,37,quantile,0.2,582.0
2026-01-17,wk inc flu hosp,0,2026-01-17,37,quantile,0.25,608.0
2026-01-17,wk inc flu hosp,0,2026-01-17,37,quantile,0.3,637.0
2026-01-17,wk inc flu hosp,0,2026-01-17,37,quantile,0.35,660.0
2026-01-17,wk inc flu hosp,0,2026-01-17,37,quantile,0.4,683.0
2026-01-17,wk inc flu hosp,0,2026-01-17,37,quantile,0.45,705.0
2026-01-17,wk inc flu hosp,0,2026-01-17,37,quantile,0.5,726.0
2026-01-17,wk inc flu hosp,0,2026-01-17,37,quantile,0.55,748.0
2026-01-17,wk inc flu hosp,0,2026-01-17,37,quantile,0.6,774.0
2026-01-17,wk inc flu hosp,0,2026-01-17,37,quantile,0.65,796.0
2026-01-17,wk inc flu hosp,0,2026-01-17,37,quantile,0.7,822.0
2026-01-17,wk inc flu hosp,0,2026-01-17,37,quantile,0.75,846.0
2026-01-17,wk inc flu hosp,0,2026-01-17,37,quantile,0.8,877.0
2026-01-17,wk inc flu hosp,0,2026-01-17,37,quantile,0.85,915.0
2026-01-17,wk inc flu hosp,0,2026-01-17,37,quantile,0.9,961.0
2026-01-17,wk inc flu hosp,0,2026-01-17,37,quantile,0.95,1017.0
2026-01-17,wk inc flu hosp,0,2026-01-17,37,quantile,0.975,1083.0
2026-01-17,wk inc flu hosp,0,2026-01-17,37,quantile,0.99,1150.0
2026-01-17,wk inc flu hosp,0,2026-01-17,38,quantile,0.01,16.0
2026-01-17,wk inc flu hosp,0,2026-01-17,38,quantile,0.025,19.0
2026-01-17,wk inc flu hosp,0,2026-01-17,38,quantile,0.05,21.0
2026-01-17,wk inc flu hosp,0,2026-01-17,38,quantile,0.1,23.0
2026-01-17,wk inc flu hosp,0,2026-01-17,38,quantile,0.15,26.0
2026-01-17,wk inc flu hosp,0,2026-01-17,38,quantile,0.2,27.0
2026-01-17,wk inc flu hosp,0,2026-01-17,38,quantile,0.25,29.0
2026-01-17,wk inc flu hosp,0,2026-01-17,38,quantile,0.3,30.0
2026-01-17,wk inc flu hosp,0,2026-01-17,38,quantile,0.35,31.0
2026-01-17,wk inc flu hosp,0,2026-01-17,38,quantile,0.4,32.0
2026-01-17,wk inc flu hosp,0,2026-01-17,38,quantile,0.45,33.0
2026-01-17,wk inc flu hosp,0,2026-01-17,38,quantile,0.5,34.0
2026-01-17,wk inc flu hosp,0,2026-01-17,38,quantile,0.55,35.0
2026-01-17,wk inc flu hosp,0,2026-01-17,38,quantile,0.6,36.0
2026-01-17,wk inc flu hosp,0,2026-01-17,38,quantile,0.65,37.0
2026-01-17,wk inc flu hosp,0,2026-01-17,38,quantile,0.7,38.0
2026-01-17,wk inc flu hosp,0,2026-01-17,38,quantile,0.75,39.0
2026-01-17,wk inc flu hosp,0,2026-01-17,38,quantile,0.8,40.0
2026-01-17,wk inc flu hosp,0,2026-01-17,38,quantile,0.85,42.0
2026-01-17,wk inc flu hosp,0,2026-01-17,38,quantile,0.9,44.0
2026-01-17,wk inc flu hosp,0,2026-01-17,38,quantile,0.95,47.0
2026-01-17,wk inc flu hosp,0,2026-01-17,38,quantile,0.975,49.0
2026-01-17,wk inc flu hosp,0,2026-01-17,38,quantile,0.99,52.0
2026-01-17,wk inc flu hosp,0,2026-01-17,39,quantile,0.01,268.0
2026-01-17,wk inc flu hosp,0,2026-01-17,39,quantile,0.025,316.0
2026-01-17,wk inc flu hosp,0,2026-01-17,39,quantile,0.05,349.0
2026-01-17,wk inc flu hosp,0,2026-01-17,39,quantile,0.1,377.0
2026-01-17,wk inc flu hosp,0,2026-01-17,39,quantile,0.15,396.0
2026-01-17,wk inc flu hosp,0,2026-01-17,39,quantile,0.2,413.0
2026-01-17,wk inc flu hosp,0,2026-01-17,39,quantile,0.25,426.0
2026-01-17,wk inc flu hosp,0,2026-01-17,39,quantile,0.3,437.0
2026-01-17,wk inc flu hosp,0,2026-01-17,39,quantile,0.35,447.0
2026-01-17,wk inc flu hosp,0,2026-01-17,39,quantile,0.4,456.0
2026-01-17,wk inc flu hosp,0,2026-01-17,39,quantile,0.45,468.0
2026-01-17,wk inc flu hosp,0,2026-01-17,39,quantile,0.5,478.0
2026-01-17,wk inc flu hosp,0,2026-01-17,39,quantile,0.55,486.0
2026-01-17,wk inc flu hosp,0,2026-01-17,39,quantile,0.6,498.0
2026-01-17,wk inc flu hosp,0,2026-01-17,39,quantile,0.65,510.0
2026-01-17,wk inc flu hosp,0,2026-01-17,39,quantile,0.7,519.0
2026-01-17,wk inc flu hosp,0,2026-01-17,39,quantile,0.75,530.0
2026-01-17,wk inc flu hosp,0,2026-01-17,39,quantile,0.8,547.0
2026-01-17,wk inc flu hosp,0,2026-01-17,39,quantile,0.85,561.0
2026-01-17,wk inc flu hosp,0,2026-01-17,39,quantile,0.9,582.0
2026-01-17,wk inc flu hosp,0,2026-01-17,39,quantile,0.95,619.0
2026-01-17,wk inc flu hosp,0,2026-01-17,39,quantile,0.975,646.0
2026-01-17,wk inc flu hosp,0,2026-01-17,39,quantile,0.99,676.0
2026-01-17,wk inc flu hosp,0,2026-01-17,40,quantile,0.01,20.0
2026-01-17,wk inc flu hosp,0,2026-01-17,40,quantile,0.025,26.0
2026-01-17,wk inc flu hosp,0,2026-01-17,40,quantile,0.05,32.0
2026-01-17,wk inc flu hosp,0,2026-01-17,40,quantile,0.1,38.0
2026-01-17,wk inc flu hosp,0,2026-01-17,40,quantile,0.15,53.0
2026-01-17,wk inc flu hosp,0,2026-01-17,40,quantile,0.2,66.0
2026-01-17,wk inc flu hosp,0,2026-01-17,40,quantile,0.25,76.0
2026-01-17,wk inc flu hosp,0,2026-01-17,40,quantile,0.3,84.0
2026-01-17,wk inc flu hosp,0,2026-01-17,40,quantile,0.35,92.0
2026-01-17,wk inc flu hosp,0,2026-01-17,40,quantile,0.4,101.0
2026-01-17,wk inc flu hosp,0,2026-01-17,40,quantile,0.45,109.0
2026-01-17,wk inc flu hosp,0,2026-01-17,40,quantile,0.5,117.0
2026-01-17,wk inc flu hosp,0,2026-01-17,40,quantile,0.55,125.0
2026-01-17,wk inc flu hosp,0,2026-01-17,40,quantile,0.6,133.0
2026-01-17,wk inc flu hosp,0,2026-01-17,40,quantile,0.65,140.0
2026-01-17,wk inc flu hosp,0,2026-01-17,40,quantile,0.7,147.0
2026-01-17,wk inc flu hosp,0,2026-01-17,40,quantile,0.75,156.0
2026-01-17,wk inc flu hosp,0,2026-01-17,40,quantile,0.8,168.0
2026-01-17,wk inc flu hosp,0,2026-01-17,40,quantile,0.85,177.0
2026-01-17,wk inc flu hosp,0,2026-01-17,40,quantile,0.9,191.0
2026-01-17,wk inc flu hosp,0,2026-01-17,40,quantile,0.95,213.0
2026-01-17,wk inc flu hosp,0,2026-01-17,40,quantile,0.975,232.0
2026-01-17,wk inc flu hosp,0,2026-01-17,40,quantile,0.99,253.0
2026-01-17,wk inc flu hosp,0,2026-01-17,41,quantile,0.01,20.0
2026-01-17,wk inc flu hosp,0,2026-01-17,41,quantile,0.025,24.0
2026-01-17,wk inc flu hosp,0,2026-01-17,41,quantile,0.05,28.0
2026-01-17,wk inc flu hosp,0,2026-01-17,41,quantile,0.1,35.0
2026-01-17,wk inc flu hosp,0,2026-01-17,41,quantile,0.15,45.0
2026-01-17,wk inc flu hosp,0,2026-01-17,41,quantile,0.2,52.0
2026-01-17,wk inc flu hosp,0,2026-01-17,41,quantile,0.25,58.0
2026-01-17,wk inc flu hosp,0,2026-01-17,41,quantile,0.3,63.0
2026-01-17,wk inc flu hosp,0,2026-01-17,41,quantile,0.35,69.0
2026-01-17,wk inc flu hosp,0,2026-01-17,41,quantile,0.4,74.0
2026-01-17,wk inc flu hosp,0,2026-01-17,41,quantile,0.45,79.0
2026-01-17,wk inc flu hosp,0,2026-01-17,41,quantile,0.5,85.0
2026-01-17,wk inc flu hosp,0,2026-01-17,41,quantile,0.55,90.0
2026-01-17,wk inc flu hosp,0,2026-01-17,41,quantile,0.6,96.0
2026-01-17,wk inc flu hosp,0,2026-01-17,41,quantile,0.65,101.0
2026-01-17,wk inc flu hosp,0,2026-01-17,41,quantile,0.7,106.0
2026-01-17,wk inc flu hosp,0,2026-01-17,41,quantile,0.75,112.0
2026-01-17,wk inc flu hosp,0,2026-01-17,41,quantile,0.8,120.0
2026-01-17,wk inc flu hosp,0,2026-01-17,41,quantile,0.85,127.0
2026-01-17,wk inc flu hosp,0,2026-01-17,41,quantile,0.9,136.0
2026-01-17,wk inc flu hosp,0,2026-01-17,41,quantile,0.95,152.0
2026-01-17,wk inc flu hosp,0,2026-01-17,41,quantile,0.975,164.0
2026-01-17,wk inc flu hosp,0,2026-01-17,41,quantile,0.99,179.0
2026-01-17,wk inc flu hosp,0,2026-01-17,42,quantile,0.01,194.0
2026-01-17,wk inc flu hosp,0,2026-01-17,42,quantile,0.025,244.0
2026-01-17,wk inc flu hosp,0,2026-01-17,42,quantile,0.05,302.0
2026-01-17,wk inc flu hosp,0,2026-01-17,42,quantile,0.1,357.0
2026-01-17,wk inc flu hosp,0,2026-01-17,42,quantile,0.15,390.0
2026-01-17,wk inc flu hosp,0,2026-01-17,42,quantile,0.2,414.0
2026-01-17,wk inc flu hosp,0,2026-01-17,42,quantile,0.25,436.0
2026-01-17,wk inc flu hosp,0,2026-01-17,42,quantile,0.3,454.0
2026-01-17,wk inc flu hosp,0,2026-01-17,42,quantile,0.35,471.0
2026-01-17,wk inc flu hosp,0,2026-01-17,42,quantile,0.4,488.0
2026-01-17,wk inc flu hosp,0,2026-01-17,42,quantile,0.45,505.0
2026-01-17,wk inc flu hosp,0,2026-01-17,42,quantile,0.5,518.0
2026-01-17,wk inc flu hosp,0,2026-01-17,42,quantile,0.55,534.0
2026-01-17,wk inc flu hosp,0,2026-01-17,42,quantile,0.6,550.0
2026-01-17,wk inc flu hosp,0,2026-01-17,42,quantile,0.65,567.0
2026-01-17,wk inc flu hosp,0,2026-01-17,42,quantile,0.7,582.0
2026-01-17,wk inc flu hosp,0,2026-01-17,42,quantile,0.75,602.0
2026-01-17,wk inc flu hosp,0,2026-01-17,42,quantile,0.8,625.0
2026-01-17,wk inc flu hosp,0,2026-01-17,42,quantile,0.85,643.0
2026-01-17,wk inc flu hosp,0,2026-01-17,42,quantile,0.9,672.0
2026-01-17,wk inc flu hosp,0,2026-01-17,42,quantile,0.95,722.0
2026-01-17,wk inc flu hosp,0,2026-01-17,42,quantile,0.975,753.0
2026-01-17,wk inc flu hosp,0,2026-01-17,42,quantile,0.99,782.0
2026-01-17,wk inc flu hosp,0,2026-01-17,44,quantile,0.01,20.0
2026-01-17,wk inc flu hosp,0,2026-01-17,44,quantile,0.025,25.0
2026-01-17,wk inc flu hosp,0,2026-01-17,44,quantile,0.05,29.0
2026-01-17,wk inc flu hosp,0,2026-01-17,44,quantile,0.1,33.0
2026-01-17,wk inc flu hosp,0,2026-01-17,44,quantile,0.15,36.0
2026-01-17,wk inc flu hosp,0,2026-01-17,44,quantile,0.2,38.0
2026-01-17,wk inc flu hosp,0,2026-01-17,44,quantile,0.25,39.0
2026-01-17,wk inc flu hosp,0,2026-01-17,44,quantile,0.3,41.0
2026-01-17,wk inc flu hosp,0,2026-01-17,44,quantile,0.35,42.0
2026-01-17,wk inc flu hosp,0,2026-01-17,44,quantile,0.4,43.0
2026-01-17,wk inc flu hosp,0,2026-01-17,44,quantile,0.45,44.0
2026-01-17,wk inc flu hosp,0,2026-01-17,44,quantile,0.5,45.0
2026-01-17,wk inc flu hosp,0,2026-01-17,44,quantile,0.55,46.0
2026-01-17,wk inc flu hosp,0,2026-01-17,44,quantile,0.6,47.0
2026-01-17,wk inc flu hosp,0,2026-01-17,44,quantile,0.65,49.0
2026-01-17,wk inc flu hosp,0,2026-01-17,44,quantile,0.7,50.0
2026-01-17,wk inc flu hosp,0,2026-01-17,44,quantile,0.75,51.0
2026-01-17,wk inc flu hosp,0,2026-01-17,44,quantile,0.8,53.0
2026-01-17,wk inc flu hosp,0,2026-01-17,44,quantile,0.85,55.0
2026-01-17,wk inc flu hosp,0,2026-01-17,44,quantile,0.9,57.0
2026-01-17,wk inc flu hosp,0,2026-01-17,44,quantile,0.95,61.0
2026-01-17,wk inc flu hosp,0,2026-01-17,44,quantile,0.975,63.0
2026-01-17,wk inc flu hosp,0,2026-01-17,44,quantile,0.99,66.0
2026-01-17,wk inc flu hosp,0,2026-01-17,45,quantile,0.01,87.0
2026-01-17,wk inc flu hosp,0,2026-01-17,45,quantile,0.025,97.0
2026-01-17,wk inc flu hosp,0,2026-01-17,45,quantile,0.05,117.0
2026-01-17,wk inc flu hosp,0,2026-01-17,45,quantile,0.1,144.0
2026-01-17,wk inc flu hosp,0,2026-01-17,45,quantile,0.15,158.0
2026-01-17,wk inc flu hosp,0,2026-01-17,45,quantile,0.2,169.0
2026-01-17,wk inc flu hosp,0,2026-01-17,45,quantile,0.25,185.0
2026-01-17,wk inc flu hosp,0,2026-01-17,45,quantile,0.3,195.0
2026-01-17,wk inc flu hosp,0,2026-01-17,45,quantile,0.35,204.0
2026-01-17,wk inc flu hosp,0,2026-01-17,45,quantile,0.4,212.0
2026-01-17,wk inc flu hosp,0,2026-01-17,45,quantile,0.45,220.0
2026-01-17,wk inc flu hosp,0,2026-01-17,45,quantile,0.5,228.0
2026-01-17,wk inc flu hosp,0,2026-01-17,45,quantile,0.55,236.0
2026-01-17,wk inc flu hosp,0,2026-01-17,45,quantile,0.6,244.0
2026-01-17,wk inc flu hosp,0,2026-01-17,45,quantile,0.65,253.0
2026-01-17,wk inc flu hosp,0,2026-01-17,45,quantile,0.7,261.0
2026-01-17,wk inc flu hosp,0,2026-01-17,45,quantile,0.75,269.0
2026-01-17,wk inc flu hosp,0,2026-01-17,45,quantile,0.8,279.0
2026-01-17,wk inc flu hosp,0,2026-01-17,45,quantile,0.85,294.0
2026-01-17,wk inc flu hosp,0,2026-01-17,45,quantile,0.9,312.0
2026-01-17,wk inc flu hosp,0,2026-01-17,45,quantile,0.95,338.0
2026-01-17,wk inc flu hosp,0,2026-01-17,45,quantile,0.975,353.0
2026-01-17,wk inc flu hosp,0,2026-01-17,45,quantile,0.99,368.0
2026-01-17,wk inc flu hosp,0,2026-01-17,46,quantile,0.01,20.0
2026-01-17,wk inc flu hosp,0,2026-01-17,46,quantile,0.025,23.0
2026-01-17,wk inc flu hosp,0,2026-01-17,46,quantile,0.05,27.0
2026-01-17,wk inc flu hosp,0,2026-01-17,46,quantile,0.1,30.0
2026-01-17,wk inc flu hosp,0,2026-01-17,46,quantile,0.15,32.0
2026-01-17,wk inc flu hosp,0,2026-01-17,46,quantile,0.2,34.0
2026-01-17,wk inc flu hosp,0,2026-01-17,46,quantile,0.25,35.0
2026-01-17,wk inc flu hosp,0,2026-01-17,46,quantile,0.3,36.0
2026-01-17,wk inc flu hosp,0,2026-01-17,46,quantile,0.35,37.0
2026-01-17,wk inc flu hosp,0,2026-01-17,46,quantile,0.4,38.0
2026-01-17,wk inc flu hosp,0,2026-01-17,46,quantile,0.45,39.0
2026-01-17,wk inc flu hosp,0,2026-01-17,46,quantile,0.5,39.0
2026-01-17,wk inc flu hosp,0,2026-01-17,46,quantile,0.55,40.0
2026-01-17,wk inc flu hosp,0,2026-01-17,46,quantile,0.6,41.0
2026-01-17,wk inc flu hosp,0,2026-01-17,46,quantile,0.65,42.0
2026-01-17,wk inc flu hosp,0,2026-01-17,46,quantile,0.7,43.0
2026-01-17,wk inc flu hosp,0,2026-01-17,46,quantile,0.75,45.0
2026-01-17,wk inc flu hosp,0,2026-01-17,46,quantile,0.8,46.0
2026-01-17,wk inc flu hosp,0,2026-01-17,46,quantile,0.85,47.0
2026-01-17,wk inc flu hosp,0,2026-01-17,46,quantile,0.9,49.0
2026-01-17,wk inc flu hosp,0,2026-01-17,46,quantile,0.95,52.0
2026-01-17,wk inc flu hosp,0,2026-01-17,46,quantile,0.975,54.0
2026-01-17,wk inc flu hosp,0,2026-01-17,46,quantile,0.99,57.0
2026-01-17,wk inc flu hosp,0,2026-01-17,47,quantile,0.01,78.0
2026-01-17,wk inc flu hosp,0,2026-01-17,47,quantile,0.025,86.0
2026-01-17,wk inc flu hosp,0,2026-01-17,47,quantile,0.05,105.0
2026-01-17,wk inc flu hosp,0,2026-01-17,47,quantile,0.1,131.0
2026-01-17,wk inc flu hosp,0,2026-01-17,47,quantile,0.15,151.0
2026-01-17,wk inc flu hosp,0,2026-01-17,47,quantile,0.2,166.0
2026-01-17,wk inc flu hosp,0,2026-01-17,47,quantile,0.25,177.0
2026-01-17,wk inc flu hosp,0,2026-01-17,47,quantile,0.3,187.0
2026-01-17,wk inc flu hosp,0,2026-01-17,47,quantile,0.35,199.0
2026-01-17,wk inc flu hosp,0,2026-01-17,47,quantile,0.4,206.0
2026-01-17,wk inc flu hosp,0,2026-01-17,47,quantile,0.45,215.0
2026-01-17,wk inc flu hosp,0,2026-01-17,47,quantile,0.5,222.0
2026-01-17,wk inc flu hosp,0,2026-01-17,47,quantile,0.55,231.0
2026-01-17,wk inc flu hosp,0,2026-01-17,47,quantile,0.6,240.0
2026-01-17,wk inc flu hosp,0,2026-01-17,47,quantile,0.65,249.0
2026-01-17,wk inc flu hosp,0,2026-01-17,47,quantile,0.7,260.0
2026-01-17,wk inc flu hosp,0,2026-01-17,47,quantile,0.75,270.0
2026-01-17,wk inc flu hosp,0,2026-01-17,47,quantile,0.8,282.0
2026-01-17,wk inc flu hosp,0,2026-01-17,47,quantile,0.85,297.0
2026-01-17,wk inc flu hosp,0,2026-01-17,47,quantile,0.9,314.0
2026-01-17,wk inc flu hosp,0,2026-01-17,47,quantile,0.95,340.0
2026-01-17,wk inc flu hosp,0,2026-01-17,47,quantile,0.975,357.0
2026-01-17,wk inc flu hosp,0,2026-01-17,47,quantile,0.99,380.0
2026-01-17,wk inc flu hosp,0,2026-01-17,48,quantile,0.01,245.0
2026-01-17,wk inc flu hosp,0,2026-01-17,48,quantile,0.025,288.0
2026-01-17,wk inc flu hosp,0,2026-01-17,48,quantile,0.05,342.0
2026-01-17,wk inc flu hosp,0,2026-01-17,48,quantile,0.1,537.0
2026-01-17,wk inc flu hosp,0,2026-01-17,48,quantile,0.15,677.0
2026-01-17,wk inc flu hosp,0,2026-01-17,48,quantile,0.2,799.0
2026-01-17,wk inc flu hosp,0,2026-01-17,48,quantile,0.25,868.0
2026-01-17,wk inc flu hosp,0,2026-01-17,48,quantile,0.3,934.0
2026-01-17,wk inc flu hosp,0,2026-01-17,48,quantile,0.35,986.0
2026-01-17,wk inc flu hosp,0,2026-01-17,48,quantile,0.4,1035.0
2026-01-17,wk inc flu hosp,0,2026-01-17,48,quantile,0.45,1086.0
2026-01-17,wk inc flu hosp,0,2026-01-17,48,quantile,0.5,1132.0
2026-01-17,wk inc flu hosp,0,2026-01-17,48,quantile,0.55,1188.0
2026-01-17,wk inc flu hosp,0,2026-01-17,48,quantile,0.6,1253.0
2026-01-17,wk inc flu hosp,0,2026-01-17,48,quantile,0.65,1301.0
2026-01-17,wk inc flu hosp,0,2026-01-17,48,quantile,0.7,1346.0
2026-01-17,wk inc flu hosp,0,2026-01-17,48,quantile,0.75,1416.0
2026-01-17,wk inc flu hosp,0,2026-01-17,48,quantile,0.8,1486.0
2026-01-17,wk inc flu hosp,0,2026-01-17,48,quantile,0.85,1564.0
2026-01-17,wk inc flu hosp,0,2026-01-17,48,quantile,0.9,1679.0
2026-01-17,wk inc flu hosp,0,2026-01-17,48,quantile,0.95,1856.0
2026-01-17,wk inc flu hosp,0,2026-01-17,48,quantile,0.975,1961.0
2026-01-17,wk inc flu hosp,0,2026-01-17,48,quantile,0.99,2114.0
2026-01-17,wk inc flu hosp,0,2026-01-17,49,quantile,0.01,37.0
2026-01-17,wk inc flu hosp,0,2026-01-17,49,quantile,0.025,50.0
2026-01-17,wk inc flu hosp,0,2026-01-17,49,quantile,0.05,61.0
2026-01-17,wk inc flu hosp,0,2026-01-17,49,quantile,0.1,75.0
2026-01-17,wk inc flu hosp,0,2026-01-17,49,quantile,0.15,84.0
2026-01-17,wk inc flu hosp,0,2026-01-17,49,quantile,0.2,90.0
2026-01-17,wk inc flu hosp,0,2026-01-17,49,quantile,0.25,96.0
2026-01-17,wk inc flu hosp,0,2026-01-17,49,quantile,0.3,102.0
2026-01-17,wk inc flu hosp,0,2026-01-17,49,quantile,0.35,107.0
2026-01-17,wk inc flu hosp,0,2026-01-17,49,quantile,0.4,111.0
2026-01-17,wk inc flu hosp,0,2026-01-17,49,quantile,0.45,117.0
2026-01-17,wk inc flu hosp,0,2026-01-17,49,quantile,0.5,122.0
2026-01-17,wk inc flu hosp,0,2026-01-17,49,quantile,0.55,127.0
2026-01-17,wk inc flu hosp,0,2026-01-17,49,quantile,0.6,131.0
2026-01-17,wk inc flu hosp,0,2026-01-17,49,quantile,0.65,136.0
2026-01-17,wk inc flu hosp,0,2026-01-17,49,quantile,0.7,141.0
2026-01-17,wk inc flu hosp,0,2026-01-17,49,quantile,0.75,147.0
2026-01-17,wk inc flu hosp,0,2026-01-17,49,quantile,0.8,154.0
2026-01-17,wk inc flu hosp,0,2026-01-17,49,quantile,0.85,160.0
2026-01-17,wk inc flu hosp,0,2026-01-17,49,quantile,0.9,169.0
2026-01-17,wk inc flu hosp,0,2026-01-17,49,quantile,0.95,180.0
2026-01-17,wk inc flu hosp,0,2026-01-17,49,quantile,0.975,195.0
2026-01-17,wk inc flu hosp,0,2026-01-17,49,quantile,0.99,206.0
2026-01-17,wk inc flu hosp,0,2026-01-17,50,quantile,0.01,6.0
2026-01-17,wk inc flu hosp,0,2026-01-17,50,quantile,0.025,6.0
2026-01-17,wk inc flu hosp,0,2026-01-17,50,quantile,0.05,8.0
2026-01-17,wk inc flu hosp,0,2026-01-17,50,quantile,0.1,11.0
2026-01-17,wk inc flu hosp,0,2026-01-17,50,quantile,0.15,13.0
2026-01-17,wk inc flu hosp,0,2026-01-17,50,quantile,0.2,14.0
2026-01-17,wk inc flu hosp,0,2026-01-17,50,quantile,0.25,15.0
2026-01-17,wk inc flu hosp,0,2026-01-17,50,quantile,0.3,16.0
2026-01-17,wk inc flu hosp,0,2026-01-17,50,quantile,0.35,18.0
2026-01-17,wk inc flu hosp,0,2026-01-17,50,quantile,0.4,19.0
2026-01-17,wk inc flu hosp,0,2026-01-17,50,quantile,0.45,20.0
2026-01-17,wk inc flu hosp,0,2026-01-17,50,quantile,0.5,21.0
2026-01-17,wk inc flu hosp,0,2026-01-17,50,quantile,0.55,22.0
2026-01-17,wk inc flu hosp,0,2026-01-17,50,quantile,0.6,23.0
2026-01-17,wk inc flu hosp,0,2026-01-17,50,quantile,0.65,24.0
2026-01-17,wk inc flu hosp,0,2026-01-17,50,quantile,0.7,25.0
2026-01-17,wk inc flu hosp,0,2026-01-17,50,quantile,0.75,27.0
2026-01-17,wk inc flu hosp,0,2026-01-17,50,quantile,0.8,28.0
2026-01-17,wk inc flu hosp,0,2026-01-17,50,quantile,0.85,30.0
2026-01-17,wk inc flu hosp,0,2026-01-17,50,quantile,0.9,32.0
2026-01-17,wk inc flu hosp,0,2026-01-17,50,quantile,0.95,34.0
2026-01-17,wk inc flu hosp,0,2026-01-17,50,quantile,0.975,37.0
2026-01-17,wk inc flu hosp,0,2026-01-17,50,quantile,0.99,38.0
2026-01-17,wk inc flu hosp,0,2026-01-17,51,quantile,0.01,186.0
2026-01-17,wk inc flu hosp,0,2026-01-17,51,quantile,0.025,218.0
2026-01-17,wk inc flu hosp,0,2026-01-17,51,quantile,0.05,243.0
2026-01-17,wk inc flu hosp,0,2026-01-17,51,quantile,0.1,274.0
2026-01-17,wk inc flu hosp,0,2026-01-17,51,quantile,0.15,296.0
2026-01-17,wk inc flu hosp,0,2026-01-17,51,quantile,0.2,313.0
2026-01-17,wk inc flu hosp,0,2026-01-17,51,quantile,0.25,325.0
2026-01-17,wk inc flu hosp,0,2026-01-17,51,quantile,0.3,338.0
2026-01-17,wk inc flu hosp,0,2026-01-17,51,quantile,0.35,349.0
2026-01-17,wk inc flu hosp,0,2026-01-17,51,quantile,0.4,358.0
2026-01-17,wk inc flu hosp,0,2026-01-17,51,quantile,0.45,369.0
2026-01-17,wk inc flu hosp,0,2026-01-17,51,quantile,0.5,378.0
2026-01-17,wk inc flu hosp,0,2026-01-17,51,quantile,0.55,388.0
2026-01-17,wk inc flu hosp,0,2026-01-17,51,quantile,0.6,398.0
2026-01-17,wk inc flu hosp,0,2026-01-17,51,quantile,0.65,410.0
2026-01-17,wk inc flu hosp,0,2026-01-17,51,quantile,0.7,420.0
2026-01-17,wk inc flu hosp,0,2026-01-17,51,quantile,0.75,433.0
2026-01-17,wk inc flu hosp,0,2026-01-17,51,quantile,0.8,450.0
2026-01-17,wk inc flu hosp,0,2026-01-17,51,quantile,0.85,465.0
2026-01-17,wk inc flu hosp,0,2026-01-17,51,quantile,0.9,486.0
2026-01-17,wk inc flu hosp,0,2026-01-17,51,quantile,0.95,521.0
2026-01-17,wk inc flu hosp,0,2026-01-17,51,quantile,0.975,549.0
2026-01-17,wk inc flu hosp,0,2026-01-17,51,quantile,0.99,579.0
2026-01-17,wk inc flu hosp,0,2026-01-17,53,quantile,0.01,106.0
2026-01-17,wk inc flu hosp,0,2026-01-17,53,quantile,0.025,138.0
2026-01-17,wk inc flu hosp,0,2026-01-17,53,quantile,0.05,168.0
2026-01-17,wk inc flu hosp,0,2026-01-17,53,quantile,0.1,188.0
2026-01-17,wk inc flu hosp,0,2026-01-17,53,quantile,0.15,200.0
2026-01-17,wk inc flu hosp,0,2026-01-17,53,quantile,0.2,211.0
2026-01-17,wk inc flu hosp,0,2026-01-17,53,quantile,0.25,218.0
2026-01-17,wk inc flu hosp,0,2026-01-17,53,quantile,0.3,225.0
2026-01-17,wk inc flu hosp,0,2026-01-17,53,quantile,0.35,233.0
2026-01-17,wk inc flu hosp,0,2026-01-17,53,quantile,0.4,240.0
2026-01-17,wk inc flu hosp,0,2026-01-17,53,quantile,0.45,246.0
2026-01-17,wk inc flu hosp,0,2026-01-17,53,quantile,0.5,252.0
2026-01-17,wk inc flu hosp,0,2026-01-17,53,quantile,0.55,259.0
2026-01-17,wk inc flu hosp,0,2026-01-17,53,quantile,0.6,266.0
2026-01-17,wk inc flu hosp,0,2026-01-17,53,quantile,0.65,273.0
2026-01-17,wk inc flu hosp,0,2026-01-17,53,quantile,0.7,279.0
2026-01-17,wk inc flu hosp,0,2026-01-17,53,quantile,0.75,287.0
2026-01-17,wk inc flu hosp,0,2026-01-17,53,quantile,0.8,296.0
2026-01-17,wk inc flu hosp,0,2026-01-17,53,quantile,0.85,308.0
2026-01-17,wk inc flu hosp,0,2026-01-17,53,quantile,0.9,322.0
2026-01-17,wk inc flu hosp,0,2026-01-17,53,quantile,0.95,344.0
2026-01-17,wk inc flu hosp,0,2026-01-17,53,quantile,0.975,360.0
2026-01-17,wk inc flu hosp,0,2026-01-17,53,quantile,0.99,376.0
2026-01-17,wk inc flu hosp,0,2026-01-17,54,quantile,0.01,13.0
2026-01-17,wk inc flu hosp,0,2026-01-17,54,quantile,0.025,18.0
2026-01-17,wk inc flu hosp,0,2026-01-17,54,quantile,0.05,25.0
2026-01-17,wk inc flu hosp,0,2026-01-17,54,quantile,0.1,33.0
2026-01-17,wk inc flu hosp,0,2026-01-17,54,quantile,0.15,39.0
2026-01-17,wk inc flu hosp,0,2026-01-17,54,quantile,0.2,44.0
2026-01-17,wk inc flu hosp,0,2026-01-17,54,quantile,0.25,47.0
2026-01-17,wk inc flu hosp,0,2026-01-17,54,quantile,0.3,51.0
2026-01-17,wk inc flu hosp,0,2026-01-17,54,quantile,0.35,54.0
2026-01-17,wk inc flu hosp,0,2026-01-17,54,quantile,0.4,57.0
2026-01-17,wk inc flu hosp,0,2026-01-17,54,quantile,0.45,60.0
2026-01-17,wk inc flu hosp,0,2026-01-17,54,quantile,0.5,63.0
2026-01-17,wk inc flu hosp,0,2026-01-17,54,quantile,0.55,65.0
2026-01-17,wk inc flu hosp,0,2026-01-17,54,quantile,0.6,68.0
2026-01-17,wk inc flu hosp,0,2026-01-17,54,quantile,0.65,71.0
2026-01-17,wk inc flu hosp,0,2026-01-17,54,quantile,0.7,74.0
2026-01-17,wk inc flu hosp,0,2026-01-17,54,quantile,0.75,77.0
2026-01-17,wk inc flu hosp,0,2026-01-17,54,quantile,0.8,81.0
2026-01-17,wk inc flu hosp,0,2026-01-17,54,quantile,0.85,85.0
2026-01-17,wk inc flu hosp,0,2026-01-17,54,quantile,0.9,91.0
2026-01-17,wk inc flu hosp,0,2026-01-17,54,quantile,0.95,99.0
2026-01-17,wk inc flu hosp,0,2026-01-17,54,quantile,0.975,104.0
2026-01-17,wk inc flu hosp,0,2026-01-17,54,quantile,0.99,112.0
2026-01-17,wk inc flu hosp,0,2026-01-17,55,quantile,0.01,160.0
2026-01-17,wk inc flu hosp,0,2026-01-17,55,quantile,0.025,186.0
2026-01-17,wk inc flu hosp,0,2026-01-17,55,quantile,0.05,202.0
2026-01-17,wk inc flu hosp,0,2026-01-17,55,quantile,0.1,224.0
2026-01-17,wk inc flu hosp,0,2026-01-17,55,quantile,0.15,237.0
2026-01-17,wk inc flu hosp,0,2026-01-17,55,quantile,0.2,249.0
2026-01-17,wk inc flu hosp,0,2026-01-17,55,quantile,0.25,259.0
2026-01-17,wk inc flu hosp,0,2026-01-17,55,quantile,0.3,267.0
2026-01-17,wk inc flu hosp,0,2026-01-17,55,quantile,0.35,276.0
2026-01-17,wk inc flu hosp,0,2026-01-17,55,quantile,0.4,285.0
2026-01-17,wk inc flu hosp,0,2026-01-17,55,quantile,0.45,292.0
2026-01-17,wk inc flu hosp,0,2026-01-17,55,quantile,0.5,299.0
2026-01-17,wk inc flu hosp,0,2026-01-17,55,quantile,0.55,305.0
2026-01-17,wk inc flu hosp,0,2026-01-17,55,quantile,0.6,312.0
2026-01-17,wk inc flu hosp,0,2026-01-17,55,quantile,0.65,320.0
2026-01-17,wk inc flu hosp,0,2026-01-17,55,quantile,0.7,326.0
2026-01-17,wk inc flu hosp,0,2026-01-17,55,quantile,0.75,336.0
2026-01-17,wk inc flu hosp,0,2026-01-17,55,quantile,0.8,346.0
2026-01-17,wk inc flu hosp,0,2026-01-17,55,quantile,0.85,357.0
2026-01-17,wk inc flu hosp,0,2026-01-17,55,quantile,0.9,371.0
2026-01-17,wk inc flu hosp,0,2026-01-17,55,quantile,0.95,398.0
2026-01-17,wk inc flu hosp,0,2026-01-17,55,quantile,0.975,416.0
2026-01-17,wk inc flu hosp,0,2026-01-17,55,quantile,0.99,434.0
2026-01-17,wk inc flu hosp,0,2026-01-17,56,quantile,0.01,10.0
2026-01-17,wk inc flu hosp,0,2026-01-17,56,quantile,0.025,12.0
2026-01-17,wk inc flu hosp,0,2026-01-17,56,quantile,0.05,14.0
2026-01-17,wk inc flu hosp,0,2026-01-17,56,quantile,0.1,16.0
2026-01-17,wk inc flu hosp,0,2026-01-17,56,quantile,0.15,17.0
2026-01-17,wk inc flu hosp,0,2026-01-17,56,quantile,0.2,18.0
2026-01-17,wk inc flu hosp,0,2026-01-17,56,quantile,0.25,19.0
2026-01-17,wk inc flu hosp,0,2026-01-17,56,quantile,0.3,20.0
2026-01-17,wk inc flu hosp,0,2026-01-17,56,quantile,0.35,21.0
2026-01-17,wk inc flu hosp,0,2026-01-17,56,quantile,0.4,21.0
2026-01-17,wk inc flu hosp,0,2026-01-17,56,quantile,0.45,22.0
2026-01-17,wk inc flu hosp,0,2026-01-17,56,quantile,0.5,22.0
2026-01-17,wk inc flu hosp,0,2026-01-17,56,quantile,0.55,23.0
2026-01-17,wk inc flu hosp,0,2026-01-17,56,quantile,0.6,24.0
2026-01-17,wk inc flu hosp,0,2026-01-17,56,quantile,0.65,24.0
2026-01-17,wk inc flu hosp,0,2026-01-17,56,quantile,0.7,25.0
2026-01-17,wk inc flu hosp,0,2026-01-17,56,quantile,0.75,26.0
2026-01-17,wk inc flu hosp,0,2026-01-17,56,quantile,0.8,26.0
2026-01-17,wk inc flu hosp,0,2026-01-17,56,quantile,0.85,27.0
2026-01-17,wk inc flu hosp,0,2026-01-17,56,quantile,0.9,28.0
2026-01-17,wk inc flu hosp,0,2026-01-17,56,quantile,0.95,30.0
2026-01-17,wk inc flu hosp,0,2026-01-17,56,quantile,0.975,32.0
2026-01-17,wk inc flu hosp,0,2026-01-17,56,quantile,0.99,34.0
2026-01-17,wk inc flu hosp,0,2026-01-17,US,quantile,0.01,5793.0
2026-01-17,wk inc flu hosp,0,2026-01-17,US,quantile,0.025,6886.0
2026-01-17,wk inc flu hosp,0,2026-01-17,US,quantile,0.05,8194.0
2026-01-17,wk inc flu hosp,0,2026-01-17,US,quantile,0.1,9883.0
2026-01-17,wk inc flu hosp,0,2026-01-17,US,quantile,0.15,10786.0
2026-01-17,wk inc flu hosp,0,2026-01-17,US,quantile,0.2,11260.0
2026-01-17,wk inc flu hosp,0,2026-01-17,US,quantile,0.25,11691.0
2026-01-17,wk inc flu hosp,0,2026-01-17,US,quantile,0.3,12057.0
2026-01-17,wk inc flu hosp,0,2026-01-17,US,quantile,0.35,12403.0
2026-01-17,wk inc flu hosp,0,2026-01-17,US,quantile,0.4,12662.0
2026-01-17,wk inc flu hosp,0,2026-01-17,US,quantile,0.45,12949.0
2026-01-17,wk inc flu hosp,0,2026-01-17,US,quantile,0.5,13207.0
2026-01-17,wk inc flu hosp,0,2026-01-17,US,quantile,0.55,13582.0
2026-01-17,wk inc flu hosp,0,2026-01-17,US,quantile,0.6,13864.0
2026-01-17,wk inc flu hosp,0,2026-01-17,US,quantile,0.65,14213.0
2026-01-17,wk inc flu hosp,0,2026-01-17,US,quantile,0.7,14524.0
2026-01-17,wk inc flu hosp,0,2026-01-17,US,quantile,0.75,15002.0
2026-01-17,wk inc flu hosp,0,2026-01-17,US,quantile,0.8,15361.0
2026-01-17,wk inc flu hosp,0,2026-01-17,US,quantile,0.85,15818.0
2026-01-17,wk inc flu hosp,0,2026-01-17,US,quantile,0.9,16369.0
2026-01-17,wk inc flu hosp,0,2026-01-17,US,quantile,0.95,17151.0
2026-01-17,wk inc flu hosp,0,2026-01-17,US,quantile,0.975,17906.0
2026-01-17,wk inc flu hosp,0,2026-01-17,US,quantile,0.99,18684.0
2026-01-17,wk inc flu hosp,1,2026-01-24,01,quantile,0.01,17.0
2026-01-17,wk inc flu hosp,1,2026-01-24,01,quantile,0.025,32.0
2026-01-17,wk inc flu hosp,1,2026-01-24,01,quantile,0.05,43.0
2026-01-17,wk inc flu hosp,1,2026-01-24,01,quantile,0.1,56.0
2026-01-17,wk inc flu hosp,1,2026-01-24,01,quantile,0.15,84.0
2026-01-17,wk inc flu hosp,1,2026-01-24,01,quantile,0.2,104.0
2026-01-17,wk inc flu hosp,1,2026-01-24,01,quantile,0.25,119.0
2026-01-17,wk inc flu hosp,1,2026-01-24,01,quantile,0.3,138.0
2026-01-17,wk inc flu hosp,1,2026-01-24,01,quantile,0.35,150.0
2026-01-17,wk inc flu hosp,1,2026-01-24,01,quantile,0.4,166.0
2026-01-17,wk inc flu hosp,1,2026-01-24,01,quantile,0.45,181.0
2026-01-17,wk inc flu hosp,1,2026-01-24,01,quantile,0.5,195.0
2026-01-17,wk inc flu hosp,1,2026-01-24,01,quantile,0.55,210.0
2026-01-17,wk inc flu hosp,1,2026-01-24,01,quantile,0.6,223.0
2026-01-17,wk inc flu hosp,1,2026-01-24,01,quantile,0.65,239.0
2026-01-17,wk inc flu hosp,1,2026-01-24,01,quantile,0.7,252.0
2026-01-17,wk inc flu hosp,1,2026-01-24,01,quantile,0.75,272.0
2026-01-17,wk inc flu hosp,1,2026-01-24,01,quantile,0.8,290.0
2026-01-17,wk inc flu hosp,1,2026-01-24,01,quantile,0.85,316.0
2026-01-17,wk inc flu hosp,1,2026-01-24,01,quantile,0.9,352.0
2026-01-17,wk inc flu hosp,1,2026-01-24,01,quantile,0.95,399.0
2026-01-17,wk inc flu hosp,1,2026-01-24,01,quantile,0.975,427.0
2026-01-17,wk inc flu hosp,1,2026-01-24,01,quantile,0.99,470.0
2026-01-17,wk inc flu hosp,1,2026-01-24,02,quantile,0.01,16.0
2026-01-17,wk inc flu hosp,1,2026-01-24,02,quantile,0.025,20.0
2026-01-17,wk inc flu hosp,1,2026-01-24,02,quantile,0.05,24.0
2026-01-17,wk inc flu hosp,1,2026-01-24,02,quantile,0.1,29.0
2026-01-17,wk inc flu hosp,1,2026-01-24,02,quantile,0.15,34.0
2026-01-17,wk inc flu hosp,1,2026-01-24,02,quantile,0.2,37.0
2026-01-17,wk inc flu hosp,1,2026-01-24,02,quantile,0.25,40.0
2026-01-17,wk inc flu hosp,1,2026-01-24,02,quantile,0.3,41.0
2026-01-17,wk inc flu hosp,1,2026-01-24,02,quantile,0.35,43.0
2026-01-17,wk inc flu hosp,1,2026-01-24,02,quantile,0.4,44.0
2026-01-17,wk inc flu hosp,1,2026-01-24,02,quantile,0.45,45.0
2026-01-17,wk inc flu hosp,1,2026-01-24,02,quantile,0.5,46.0
2026-01-17,wk inc flu hosp,1,2026-01-24,02,quantile,0.55,47.0
2026-01-17,wk inc flu hosp,1,2026-01-24,02,quantile,0.6,48.0
2026-01-17,wk inc flu hosp,1,2026-01-24,02,quantile,0.65,50.0
2026-01-17,wk inc flu hosp,1,2026-01-24,02,quantile,0.7,51.0
2026-01-17,wk inc flu hosp,1,2026-01-24,02,quantile,0.75,52.0
2026-01-17,wk inc flu hosp,1,2026-01-24,02,quantile,0.8,53.0
2026-01-17,wk inc flu hosp,1,2026-01-24,02,quantile,0.85,55.0
2026-01-17,wk inc flu hosp,1,2026-01-24,02,quantile,0.9,57.0
2026-01-17,wk inc flu hosp,1,2026-01-24,02,quantile,0.95,61.0
2026-01-17,wk inc flu hosp,1,2026-01-24,02,quantile,0.975,64.0
2026-01-17,wk inc flu hosp,1,2026-01-24,02,quantile,0.99,68.0
2026-01-17,wk inc flu hosp,1,2026-01-24,04,quantile,0.01,6.0
2026-01-17,wk inc flu hosp,1,2026-01-24,04,quantile,0.025,16.0
2026-01-17,wk inc flu hosp,1,2026-01-24,04,quantile,0.05,22.0
2026-01-17,wk inc flu hosp,1,2026-01-24,04,quantile,0.1,29.0
2026-01-17,wk inc flu hosp,1,2026-01-24,04,quantile,0.15,33.0
2026-01-17,wk inc flu hosp,1,2026-01-24,04,quantile,0.2,46.0
2026-01-17,wk inc flu hosp,1,2026-01-24,04,quantile,0.25,60.0
2026-01-17,wk inc flu hosp,1,2026-01-24,04,quantile,0.3,72.0
2026-01-17,wk inc flu hosp,1,2026-01-24,04,quantile,0.35,83.0
2026-01-17,wk inc flu hosp,1,2026-01-24,04,quantile,0.4,94.0
2026-01-17,wk inc flu hosp,1,2026-01-24,04,quantile,0.45,105.0
2026-01-17,wk inc flu hosp,1,2026-01-24,04,quantile,0.5,117.0
2026-01-17,wk inc flu hosp,1,2026-01-24,04,quantile,0.55,129.0
2026-01-17,wk inc flu hosp,1,2026-01-24,04,quantile,0.6,140.0
2026-01-17,wk inc flu hosp,1,2026-01-24,04,quantile,0.65,152.0
2026-01-17,wk inc flu hosp,1,2026-01-24,04,quantile,0.7,166.0
2026-01-17,wk inc flu hosp,1,2026-01-24,04,quantile,0.75,180.0
2026-01-17,wk inc flu hosp,1,2026-01-24,04,quantile,0.8,196.0
2026-01-17,wk inc flu hosp,1,2026-01-24,04,quantile,0.85,215.0
2026-01-17,wk inc flu hosp,1,2026-01-24,04,quantile,0.9,240.0
2026-01-17,wk inc flu hosp,1,2026-01-24,04,quantile,0.95,275.0
2026-01-17,wk inc flu hosp,1,2026-01-24,04,quantile,0.975,300.0
2026-01-17,wk inc flu hosp,1,2026-01-24,04,quantile,0.99,332.0
2026-01-17,wk inc flu hosp,1,2026-01-24,05,quantile,0.01,24.0
2026-01-17,wk inc flu hosp,1,2026-01-24,05,quantile,0.025,35.0
2026-01-17,wk inc flu hosp,1,2026-01-24,05,quantile,0.05,48.0
2026-01-17,wk inc flu hosp,1,2026-01-24,05,quantile,0.1,65.0
2026-01-17,wk inc flu hosp,1,2026-01-24,05,quantile,0.15,75.0
2026-01-17,wk inc flu hosp,1,2026-01-24,05,quantile,0.2,84.0
2026-01-17,wk inc flu hosp,1,2026-01-24,05,quantile,0.25,93.0
2026-01-17,wk inc flu hosp,1,2026-01-24,05,quantile,0.3,101.0
2026-01-17,wk inc flu hosp,1,2026-01-24,05,quantile,0.35,109.0
2026-01-17,wk inc flu hosp,1,2026-01-24,05,quantile,0.4,115.0
2026-01-17,wk inc flu hosp,1,2026-01-24,05,quantile,0.45,122.0
2026-01-17,wk inc flu hosp,1,2026-01-24,05,quantile,0.5,129.0
2026-01-17,wk inc flu hosp,1,2026-01-24,05,quantile,0.55,137.0
2026-01-17,wk inc flu hosp,1,2026-01-24,05,quantile,0.6,142.0
2026-01-17,wk inc flu hosp,1,2026-01-24,05,quantile,0.65,149.0
2026-01-17,wk inc flu hosp,1,2026-01-24,05,quantile,0.7,156.0
2026-01-17,wk inc flu hosp,1,2026-01-24,05,quantile,0.75,164.0
2026-01-17,wk inc flu hosp,1,2026-01-24,05,quantile,0.8,172.0
2026-01-17,wk inc flu hosp,1,2026-01-24,05,quantile,0.85,182.0
2026-01-17,wk inc flu hosp,1,2026-01-24,05,quantile,0.9,195.0
2026-01-17,wk inc flu hosp,1,2026-01-24,05,quantile,0.95,214.0
2026-01-17,wk inc flu hosp,1,2026-01-24,05,quantile,0.975,233.0
2026-01-17,wk inc flu hosp,1,2026-01-24,05,quantile,0.99,250.0
2026-01-17,wk inc flu hosp,1,2026-01-24,06,quantile,0.01,258.0
2026-01-17,wk inc flu hosp,1,2026-01-24,06,quantile,0.025,295.0
2026-01-17,wk inc flu hosp,1,2026-01-24,06,quantile,0.05,376.0
2026-01-17,wk inc flu hosp,1,2026-01-24,06,quantile,0.1,476.0
2026-01-17,wk inc flu hosp,1,2026-01-24,06,quantile,0.15,541.0
2026-01-17,wk inc flu hosp,1,2026-01-24,06,quantile,0.2,593.0
2026-01-17,wk inc flu hosp,1,2026-01-24,06,quantile,0.25,647.0
2026-01-17,wk inc flu hosp,1,2026-01-24,06,quantile,0.3,698.0
2026-01-17,wk inc flu hosp,1,2026-01-24,06,quantile,0.35,744.0
2026-01-17,wk inc flu hosp,1,2026-01-24,06,quantile,0.4,781.0
2026-01-17,wk inc flu hosp,1,2026-01-24,06,quantile,0.45,812.0
2026-01-17,wk inc flu hosp,1,2026-01-24,06,quantile,0.5,850.0
2026-01-17,wk inc flu hosp,1,2026-01-24,06,quantile,0.55,883.0
2026-01-17,wk inc flu hosp,1,2026-01-24,06,quantile,0.6,927.0
2026-01-17,wk inc flu hosp,1,2026-01-24,06,quantile,0.65,964.0
2026-01-17,wk inc flu hosp,1,2026-01-24,06,quantile,0.7,1007.0
2026-01-17,wk inc flu hosp,1,2026-01-24,06,quantile,0.75,1043.0
2026-01-17,wk inc flu hosp,1,2026-01-24,06,quantile,0.8,1094.0
2026-01-17,wk inc flu hosp,1,2026-01-24,06,quantile,0.85,1157.0
2026-01-17,wk inc flu hosp,1,2026-01-24,06,quantile,0.9,1225.0
2026-01-17,wk inc flu hosp,1,2026-01-24,06,quantile,0.95,1333.0
2026-01-17,wk inc flu hosp,1,2026-01-24,06,quantile,0.975,1426.0
2026-01-17,wk inc flu hosp,1,2026-01-24,06,quantile,0.99,1530.0
2026-01-17,wk inc flu hosp,1,2026-01-24,08,quantile,0.01,61.0
2026-01-17,wk inc flu hosp,1,2026-01-24,08,quantile,0.025,78.0
2026-01-17,wk inc flu hosp,1,2026-01-24,08,quantile,0.05,94.0
2026-01-17,wk inc flu hosp,1,2026-01-24,08,quantile,0.1,123.0
2026-01-17,wk inc flu hosp,1,2026-01-24,08,quantile,0.15,143.0
2026-01-17,wk inc flu hosp,1,2026-01-24,08,quantile,0.2,165.0
2026-01-17,wk inc flu hosp,1,2026-01-24,08,quantile,0.25,187.0
2026-01-17,wk inc flu hosp,1,2026-01-24,08,quantile,0.3,198.0
2026-01-17,wk inc flu hosp,1,2026-01-24,08,quantile,0.35,203.0
2026-01-17,wk inc flu hosp,1,2026-01-24,08,quantile,0.4,209.0
2026-01-17,wk inc flu hosp,1,2026-01-24,08,quantile,0.45,214.0
2026-01-17,wk inc flu hosp,1,2026-01-24,08,quantile,0.5,219.0
2026-01-17,wk inc flu hosp,1,2026-01-24,08,quantile,0.55,225.0
2026-01-17,wk inc flu hosp,1,2026-01-24,08,quantile,0.6,230.0
2026-01-17,wk inc flu hosp,1,2026-01-24,08,quantile,0.65,235.0
2026-01-17,wk inc flu hosp,1,2026-01-24,08,quantile,0.7,240.0
2026-01-17,wk inc flu hosp,1,2026-01-24,08,quantile,0.75,247.0
2026-01-17,wk inc flu hosp,1,2026-01-24,08,quantile,0.8,255.0
2026-01-17,wk inc flu hosp,1,2026-01-24,08,quantile,0.85,263.0
2026-01-17,wk inc flu hosp,1,2026-01-24,08,quantile,0.9,274.0
2026-01-17,wk inc flu hosp,1,2026-01-24,08,quantile,0.95,289.0
2026-01-17,wk inc flu hosp,1,2026-01-24,08,quantile,0.975,300.0
2026-01-17,wk inc flu hosp,1,2026-01-24,08,quantile,0.99,315.0
2026-01-17,wk inc flu hosp,1,2026-01-24,09,quantile,0.01,12.0
2026-01-17,wk inc flu hosp,1,2026-01-24,09,quantile,0.025,22.0
2026-01-17,wk inc flu hosp,1,2026-01-24,09,quantile,0.05,32.0
2026-01-17,wk inc flu hosp,1,2026-01-24,09,quantile,0.1,40.0
2026-01-17,wk inc flu hosp,1,2026-01-24,09,quantile,0.15,48.0
2026-01-17,wk inc flu hosp,1,2026-01-24,09,quantile,0.2,53.0
2026-01-17,wk inc flu hosp,1,2026-01-24,09,quantile,0.25,57.0
2026-01-17,wk inc flu hosp,1,2026-01-24,09,quantile,0.3,61.0
2026-01-17,wk inc flu hosp,1,2026-01-24,09,quantile,0.35,65.0
2026-01-17,wk inc flu hosp,1,2026-01-24,09,quantile,0.4,69.0
2026-01-17,wk inc flu hosp,1,2026-01-24,09,quantile,0.45,73.0
2026-01-17,wk inc flu hosp,1,2026-01-24,09,quantile,0.5,77.0
2026-01-17,wk inc flu hosp,1,2026-01-24,09,quantile,0.55,80.0
2026-01-17,wk inc flu hosp,1,2026-01-24,09,quantile,0.6,83.0
2026-01-17,wk inc flu hosp,1,2026-01-24,09,quantile,0.65,87.0
2026-01-17,wk inc flu hosp,1,2026-01-24,09,quantile,0.7,91.0
2026-01-17,wk inc flu hosp,1,2026-01-24,09,quantile,0.75,98.0
2026-01-17,wk inc flu hosp,1,2026-01-24,09,quantile,0.8,105.0
2026-01-17,wk inc flu hosp,1,2026-01-24,09,quantile,0.85,113.0
2026-01-17,wk inc flu hosp,1,2026-01-24,09,quantile,0.9,123.0
2026-01-17,wk inc flu hosp,1,2026-01-24,09,quantile,0.95,142.0
2026-01-17,wk inc flu hosp,1,2026-01-24,09,quantile,0.975,153.0
2026-01-17,wk inc flu hosp,1,2026-01-24,09,quantile,0.99,168.0
2026-01-17,wk inc flu hosp,1,2026-01-24,10,quantile,0.01,15.0
2026-01-17,wk inc flu hosp,1,2026-01-24,10,quantile,0.025,23.0
2026-01-17,wk inc flu hosp,1,2026-01-24,10,quantile,0.05,27.0
2026-01-17,wk inc flu hosp,1,2026-01-24,10,quantile,0.1,33.0
2026-01-17,wk inc flu hosp,1,2026-01-24,10,quantile,0.15,38.0
2026-01-17,wk inc flu hosp,1,2026-01-24,10,quantile,0.2,40.0
2026-01-17,wk inc flu hosp,1,2026-01-24,10,quantile,0.25,42.0
2026-01-17,wk inc flu hosp,1,2026-01-24,10,quantile,0.3,45.0
2026-01-17,wk inc flu hosp,1,2026-01-24,10,quantile,0.35,48.0
2026-01-17,wk inc flu hosp,1,2026-01-24,10,quantile,0.4,50.0
2026-01-17,wk inc flu hosp,1,2026-01-24,10,quantile,0.45,52.0
2026-01-17,wk inc flu hosp,1,2026-01-24,10,quantile,0.5,54.0
2026-01-17,wk inc flu hosp,1,2026-01-24,10,quantile,0.55,56.0
2026-01-17,wk inc flu hosp,1,2026-01-24,10,quantile,0.6,58.0
2026-01-17,wk inc flu hosp,1,2026-01-24,10,quantile,0.65,60.0
2026-01-17,wk inc flu hosp,1,2026-01-24,10,quantile,0.7,62.0
2026-01-17,wk inc flu hosp,1,2026-01-24,10,quantile,0.75,65.0
2026-01-17,wk inc flu hosp,1,2026-01-24,10,quantile,0.8,68.0
2026-01-17,wk inc flu hosp,1,2026-01-24,10,quantile,0.85,71.0
2026-01-17,wk inc flu hosp,1,2026-01-24,10,quantile,0.9,75.0
2026-01-17,wk inc flu hosp,1,2026-01-24,10,quantile,0.95,82.0
2026-01-17,wk inc flu hosp,1,2026-01-24,10,quantile,0.975,87.0
2026-01-17,wk inc flu hosp,1,2026-01-24,10,quantile,0.99,92.0
2026-01-17,wk inc flu hosp,1,2026-01-24,11,quantile,0.01,5.0
2026-01-17,wk inc flu hosp,1,2026-01-24,11,quantile,0.025,6.0
2026-01-17,wk inc flu hosp,1,2026-01-24,11,quantile,0.05,9.0
2026-01-17,wk inc flu hosp,1,2026-01-24,11,quantile,0.1,14.0
2026-01-17,wk inc flu hosp,1,2026-01-24,11,quantile,0.15,18.0
2026-01-17,wk inc flu hosp,1,2026-01-24,11,quantile,0.2,21.0
2026-01-17,wk inc flu hosp,1,2026-01-24,11,quantile,0.25,23.0
2026-01-17,wk inc flu hosp,1,2026-01-24,11,quantile,0.3,24.0
2026-01-17,wk inc flu hosp,1,2026-01-24,11,quantile,0.35,25.0
2026-01-17,wk inc flu hosp,1,2026-01-24,11,quantile,0.4,26.0
2026-01-17,wk inc flu hosp,1,2026-01-24,11,quantile,0.45,28.0
2026-01-17,wk inc flu hosp,1,2026-01-24,11,quantile,0.5,29.0
2026-01-17,wk inc flu hosp,1,2026-01-24,11,quantile,0.55,30.0
2026-01-17,wk inc flu hosp,1,2026-01-24,11,quantile,0.6,31.0
2026-01-17,wk inc flu hosp,1,2026-01-24,11,quantile,0.65,32.0
2026-01-17,wk inc flu hosp,1,2026-01-24,11,quantile,0.7,33.0
2026-01-17,wk inc flu hosp,1,2026-01-24,11,quantile,0.75,35.0
2026-01-17,wk inc flu hosp,1,2026-01-24,11,quantile,0.8,36.0
2026-01-17,wk inc flu hosp,1,2026-01-24,11,quantile,0.85,37.0
2026-01-17,wk inc flu hosp,1,2026-01-24,11,quantile,0.9,39.0
2026-01-17,wk inc flu hosp,1,2026-01-24,11,quantile,0.95,43.0
2026-01-17,wk inc flu hosp,1,2026-01-24,11,quantile,0.975,45.0
2026-01-17,wk inc flu hosp,1,2026-01-24,11,quantile,0.99,49.0
2026-01-17,wk inc flu hosp,1,2026-01-24,12,quantile,0.01,280.0
2026-01-17,wk inc flu hosp,1,2026-01-24,12,quantile,0.025,383.0
2026-01-17,wk inc flu hosp,1,2026-01-24,12,quantile,0.05,457.0
2026-01-17,wk inc flu hosp,1,2026-01-24,12,quantile,0.1,564.0
2026-01-17,wk inc flu hosp,1,2026-01-24,12,quantile,0.15,654.0
2026-01-17,wk inc flu hosp,1,2026-01-24,12,quantile,0.2,733.0
2026-01-17,wk inc flu hosp,1,2026-01-24,12,quantile,0.25,808.0
2026-01-17,wk inc flu hosp,1,2026-01-24,12,quantile,0.3,861.0
2026-01-17,wk inc flu hosp,1,2026-01-24,12,quantile,0.35,931.0
2026-01-17,wk inc flu hosp,1,2026-01-24,12,quantile,0.4,998.0
2026-01-17,wk inc flu hosp,1,2026-01-24,12,quantile,0.45,1063.0
2026-01-17,wk inc flu hosp,1,2026-01-24,12,quantile,0.5,1116.0
2026-01-17,wk inc flu hosp,1,2026-01-24,12,quantile,0.55,1138.0
2026-01-17,wk inc flu hosp,1,2026-01-24,12,quantile,0.6,1162.0
2026-01-17,wk inc flu hosp,1,2026-01-24,12,quantile,0.65,1184.0
2026-01-17,wk inc flu hosp,1,2026-01-24,12,quantile,0.7,1207.0
2026-01-17,wk inc flu hosp,1,2026-01-24,12,quantile,0.75,1239.0
2026-01-17,wk inc flu hosp,1,2026-01-24,12,quantile,0.8,1269.0
2026-01-17,wk inc flu hosp,1,2026-01-24,12,quantile,0.85,1307.0
2026-01-17,wk inc flu hosp,1,2026-01-24,12,quantile,0.9,1355.0
2026-01-17,wk inc flu hosp,1,2026-01-24,12,quantile,0.95,1428.0
2026-01-17,wk inc flu hosp,1,2026-01-24,12,quantile,0.975,1482.0
2026-01-17,wk inc flu hosp,1,2026-01-24,12,quantile,0.99,1552.0
2026-01-17,wk inc flu hosp,1,2026-01-24,13,quantile,0.01,71.0
2026-01-17,wk inc flu hosp,1,2026-01-24,13,quantile,0.025,89.0
2026-01-17,wk inc flu hosp,1,2026-01-24,13,quantile,0.05,114.0
2026-01-17,wk inc flu hosp,1,2026-01-24,13,quantile,0.1,166.0
2026-01-17,wk inc flu hosp,1,2026-01-24,13,quantile,0.15,201.0
2026-01-17,wk inc flu hosp,1,2026-01-24,13,quantile,0.2,227.0
2026-01-17,wk inc flu hosp,1,2026-01-24,13,quantile,0.25,249.0
2026-01-17,wk inc flu hosp,1,2026-01-24,13,quantile,0.3,268.0
2026-01-17,wk inc flu hosp,1,2026-01-24,13,quantile,0.35,288.0
2026-01-17,wk inc flu hosp,1,2026-01-24,13,quantile,0.4,301.0
2026-01-17,wk inc flu hosp,1,2026-01-24,13,quantile,0.45,317.0
2026-01-17,wk inc flu hosp,1,2026-01-24,13,quantile,0.5,336.0
2026-01-17,wk inc flu hosp,1,2026-01-24,13,quantile,0.55,354.0
2026-01-17,wk inc flu hosp,1,2026-01-24,13,quantile,0.6,371.0
2026-01-17,wk inc flu hosp,1,2026-01-24,13,quantile,0.65,393.0
2026-01-17,wk inc flu hosp,1,2026-01-24,13,quantile,0.7,407.0
2026-01-17,wk inc flu hosp,1,2026-01-24,13,quantile,0.75,425.0
2026-01-17,wk inc flu hosp,1,2026-01-24,13,quantile,0.8,447.0
2026-01-17,wk inc flu hosp,1,2026-01-24,13,quantile,0.85,473.0
2026-01-17,wk inc flu hosp,1,2026-01-24,13,quantile,0.9,514.0
2026-01-17,wk inc flu hosp,1,2026-01-24,13,quantile,0.95,562.0
2026-01-17,wk inc flu hosp,1,2026-01-24,13,quantile,0.975,592.0
2026-01-17,wk inc flu hosp,1,2026-01-24,13,quantile,0.99,624.0
2026-01-17,wk inc flu hosp,1,2026-01-24,15,quantile,0.01,5.0
2026-01-17,wk inc flu hosp,1,2026-01-24,15,quantile,0.025,11.0
2026-01-17,wk inc flu hosp,1,2026-01-24,15,quantile,0.05,13.0
2026-01-17,wk inc flu hosp,1,2026-01-24,15,quantile,0.1,22.0
2026-01-17,wk inc flu hosp,1,2026-01-24,15,quantile,0.15,30.0
2026-01-17,wk inc flu hosp,1,2026-01-24,15,quantile,0.2,36.0
2026-01-17,wk inc flu hosp,1,2026-01-24,15,quantile,0.25,44.0
2026-01-17,wk inc flu hosp,1,2026-01-24,15,quantile,0.3,50.0
2026-01-17,wk inc flu hosp,1,2026-01-24,15,quantile,0.35,55.0
2026-01-17,wk inc flu hosp,1,2026-01-24,15,quantile,0.4,59.0
2026-01-17,wk inc flu hosp,1,2026-01-24,15,quantile,0.45,62.0
2026-01-17,wk inc flu hosp,1,2026-01-24,15,quantile,0.5,66.0
2026-01-17,wk inc flu hosp,1,2026-01-24,15,quantile,0.55,69.0
2026-01-17,wk inc flu hosp,1,2026-01-24,15,quantile,0.6,72.0
2026-01-17,wk inc flu hosp,1,2026-01-24,15,quantile,0.65,77.0
2026-01-17,wk inc flu hosp,1,2026-01-24,15,quantile,0.7,80.0
2026-01-17,wk inc flu hosp,1,2026-01-24,15,quantile,0.75,85.0
2026-01-17,wk inc flu hosp,1,2026-01-24,15,quantile,0.8,90.0
2026-01-17,wk inc flu hosp,1,2026-01-24,15,quantile,0.85,96.0
2026-01-17,wk inc flu hosp,1,2026-01-24,15,quantile,0.9,106.0
2026-01-17,wk inc flu hosp,1,2026-01-24,15,quantile,0.95,120.0
2026-01-17,wk inc flu hosp,1,2026-01-24,15,quantile,0.975,130.0
2026-01-17,wk inc flu hosp,1,2026-01-24,15,quantile,0.99,141.0
2026-01-17,wk inc flu hosp,1,2026-01-24,16,quantile,0.01,11.0
2026-01-17,wk inc flu hosp,1,2026-01-24,16,quantile,0.025,14.0
2026-01-17,wk inc flu hosp,1,2026-01-24,16,quantile,0.05,21.0
2026-01-17,wk inc flu hosp,1,2026-01-24,16,quantile,0.1,32.0
2026-01-17,wk inc flu hosp,1,2026-01-24,16,quantile,0.15,41.0
2026-01-17,wk inc flu hosp,1,2026-01-24,16,quantile,0.2,45.0
2026-01-17,wk inc flu hosp,1,2026-01-24,16,quantile,0.25,48.0
2026-01-17,wk inc flu hosp,1,2026-01-24,16,quantile,0.3,51.0
2026-01-17,wk inc flu hosp,1,2026-01-24,16,quantile,0.35,54.0
2026-01-17,wk inc flu hosp,1,2026-01-24,16,quantile,0.4,56.0
2026-01-17,wk inc flu hosp,1,2026-01-24,16,quantile,0.45,59.0
2026-01-17,wk inc flu hosp,1,2026-01-24,16,quantile,0.5,61.0
2026-01-17,wk inc flu hosp,1,2026-01-24,16,quantile,0.55,63.0
2026-01-17,wk inc flu hosp,1,2026-01-24,16,quantile,0.6,66.0
2026-01-17,wk inc flu hosp,1,2026-01-24,16,quantile,0.65,68.0
2026-01-17,wk inc flu hosp,1,2026-01-24,16,quantile,0.7,70.0
2026-01-17,wk inc flu hosp,1,2026-01-24,16,quantile,0.75,73.0
2026-01-17,wk inc flu hosp,1,2026-01-24,16,quantile,0.8,77.0
2026-01-17,wk inc flu hosp,1,2026-01-24,16,quantile,0.85,80.0
2026-01-17,wk inc flu hosp,1,2026-01-24,16,quantile,0.9,85.0
2026-01-17,wk inc flu hosp,1,2026-01-24,16,quantile,0.95,92.0
2026-01-17,wk inc flu hosp,1,2026-01-24,16,quantile,0.975,98.0
2026-01-17,wk inc flu hosp,1,2026-01-24,16,quantile,0.99,105.0
2026-01-17,wk inc flu hosp,1,2026-01-24,17,quantile,0.01,124.0
2026-01-17,wk inc flu hosp,1,2026-01-24,17,quantile,0.025,177.0
2026-01-17,wk inc flu hosp,1,2026-01-24,17,quantile,0.05,229.0
2026-01-17,wk inc flu hosp,1,2026-01-24,17,quantile,0.1,301.0
2026-01-17,wk inc flu hosp,1,2026-01-24,17,quantile,0.15,339.0
2026-01-17,wk inc flu hosp,1,2026-01-24,17,quantile,0.2,372.0
2026-01-17,wk inc flu hosp,1,2026-01-24,17,quantile,0.25,395.0
2026-01-17,wk inc flu hosp,1,2026-01-24,17,quantile,0.3,419.0
2026-01-17,wk inc flu hosp,1,2026-01-24,17,quantile,0.35,438.0
2026-01-17,wk inc flu hosp,1,2026-01-24,17,quantile,0.4,456.0
2026-01-17,wk inc flu hosp,1,2026-01-24,17,quantile,0.45,480.0
2026-01-17,wk inc flu hosp,1,2026-01-24,17,quantile,0.5,501.0
2026-01-17,wk inc flu hosp,1,2026-01-24,17,quantile,0.55,523.0
2026-01-17,wk inc flu hosp,1,2026-01-24,17,quantile,0.6,542.0
2026-01-17,wk inc flu hosp,1,2026-01-24,17,quantile,0.65,565.0
2026-01-17,wk inc flu hosp,1,2026-01-24,17,quantile,0.7,583.0
2026-01-17,wk inc flu hosp,1,2026-01-24,17,quantile,0.75,605.0
2026-01-17,wk inc flu hosp,1,2026-01-24,17,quantile,0.8,630.0
2026-01-17,wk inc flu hosp,1,2026-01-24,17,quantile,0.85,659.0
2026-01-17,wk inc flu hosp,1,2026-01-24,17,quantile,0.9,695.0
2026-01-17,wk inc flu hosp,1,2026-01-24,17,quantile,0.95,751.0
2026-01-17,wk inc flu hosp,1,2026-01-24,17,quantile,0.975,793.0
2026-01-17,wk inc flu hosp,1,2026-01-24,17,quantile,0.99,851.0
2026-01-17,wk inc flu hosp,1,2026-01-24,18,quantile,0.01,59.0
2026-01-17,wk inc flu hosp,1,2026-01-24,18,quantile,0.025,75.0
2026-01-17,wk inc flu hosp,1,2026-01-24,18,quantile,0.05,96.0
2026-01-17,wk inc flu hosp,1,2026-01-24,18,quantile,0.1,142.0
2026-01-17,wk inc flu hosp,1,2026-01-24,18,quantile,0.15,166.0
2026-01-17,wk inc flu hosp,1,2026-01-24,18,quantile,0.2,186.0
2026-01-17,wk inc flu hosp,1,2026-01-24,18,quantile,0.25,208.0
2026-01-17,wk inc flu hosp,1,2026-01-24,18,quantile,0.3,225.0
2026-01-17,wk inc flu hosp,1,2026-01-24,18,quantile,0.35,242.0
2026-01-17,wk inc flu hosp,1,2026-01-24,18,quantile,0.4,257.0
2026-01-17,wk inc flu hosp,1,2026-01-24,18,quantile,0.45,272.0
2026-01-17,wk inc flu hosp,1,2026-01-24,18,quantile,0.5,293.0
2026-01-17,wk inc flu hosp,1,2026-01-24,18,quantile,0.55,309.0
2026-01-17,wk inc flu hosp,1,2026-01-24,18,quantile,0.6,324.0
2026-01-17,wk inc flu hosp,1,2026-01-24,18,quantile,0.65,340.0
2026-01-17,wk inc flu hosp,1,2026-01-24,18,quantile,0.7,356.0
2026-01-17,wk inc flu hosp,1,2026-01-24,18,quantile,0.75,375.0
2026-01-17,wk inc flu hosp,1,2026-01-24,18,quantile,0.8,397.0
2026-01-17,wk inc flu hosp,1,2026-01-24,18,quantile,0.85,419.0
2026-01-17,wk inc flu hosp,1,2026-01-24,18,quantile,0.9,449.0
2026-01-17,wk inc flu hosp,1,2026-01-24,18,quantile,0.95,499.0
2026-01-17,wk inc flu hosp,1,2026-01-24,18,quantile,0.975,538.0
2026-01-17,wk inc flu hosp,1,2026-01-24,18,quantile,0.99,577.0
2026-01-17,wk inc flu hosp,1,2026-01-24,19,quantile,0.01,67.0
2026-01-17,wk inc flu hosp,1,2026-01-24,19,quantile,0.025,86.0
2026-01-17,wk inc flu hosp,1,2026-01-24,19,quantile,0.05,96.0
2026-01-17,wk inc flu hosp,1,2026-01-24,19,quantile,0.1,108.0
2026-01-17,wk inc flu hosp,1,2026-01-24,19,quantile,0.15,116.0
2026-01-17,wk inc flu hosp,1,2026-01-24,19,quantile,0.2,123.0
2026-01-17,wk inc flu hosp,1,2026-01-24,19,quantile,0.25,129.0
2026-01-17,wk inc flu hosp,1,2026-01-24,19,quantile,0.3,133.0
2026-01-17,wk inc flu hosp,1,2026-01-24,19,quantile,0.35,139.0
2026-01-17,wk inc flu hosp,1,2026-01-24,19,quantile,0.4,143.0
2026-01-17,wk inc flu hosp,1,2026-01-24,19,quantile,0.45,148.0
2026-01-17,wk inc flu hosp,1,2026-01-24,19,quantile,0.5,152.0
2026-01-17,wk inc flu hosp,1,2026-01-24,19,quantile,0.55,156.0
2026-01-17,wk inc flu hosp,1,2026-01-24,19,quantile,0.6,160.0
2026-01-17,wk inc flu hosp,1,2026-01-24,19,quantile,0.65,164.0
2026-01-17,wk inc flu hosp,1,2026-01-24,19,quantile,0.7,169.0
2026-01-17,wk inc flu hosp,1,2026-01-24,19,quantile,0.75,174.0
2026-01-17,wk inc flu hosp,1,2026-01-24,19,quantile,0.8,180.0
2026-01-17,wk inc flu hosp,1,2026-01-24,19,quantile,0.85,187.0
2026-01-17,wk inc flu hosp,1,2026-01-24,19,quantile,0.9,196.0
2026-01-17,wk inc flu hosp,1,2026-01-24,19,quantile,0.95,208.0
2026-01-17,wk inc flu hosp,1,2026-01-24,19,quantile,0.975,216.0
2026-01-17,wk inc flu hosp,1,2026-01-24,19,quantile,0.99,226.0
2026-01-17,wk inc flu hosp,1,2026-01-24,20,quantile,0.01,55.0
2026-01-17,wk inc flu hosp,1,2026-01-24,20,quantile,0.025,67.0
2026-01-17,wk inc flu hosp,1,2026-01-24,20,quantile,0.05,78.0
2026-01-17,wk inc flu hosp,1,2026-01-24,20,quantile,0.1,88.0
2026-01-17,wk inc flu hosp,1,2026-01-24,20,quantile,0.15,97.0
2026-01-17,wk inc flu hosp,1,2026-01-24,20,quantile,0.2,103.0
2026-01-17,wk inc flu hosp,1,2026-01-24,20,quantile,0.25,108.0
2026-01-17,wk inc flu hosp,1,2026-01-24,20,quantile,0.3,113.0
2026-01-17,wk inc flu hosp,1,2026-01-24,20,quantile,0.35,118.0
2026-01-17,wk inc flu hosp,1,2026-01-24,20,quantile,0.4,122.0
2026-01-17,wk inc flu hosp,1,2026-01-24,20,quantile,0.45,126.0
2026-01-17,wk inc flu hosp,1,2026-01-24,20,quantile,0.5,131.0
2026-01-17,wk inc flu hosp,1,2026-01-24,20,quantile,0.55,136.0
2026-01-17,wk inc flu hosp,1,2026-01-24,20,quantile,0.6,140.0
2026-01-17,wk inc flu hosp,1,2026-01-24,20,quantile,0.65,144.0
2026-01-17,wk inc flu hosp,1,2026-01-24,20,quantile,0.7,148.0
2026-01-17,wk inc flu hosp,1,2026-01-24,20,quantile,0.75,153.0
2026-01-17,wk inc flu hosp,1,2026-01-24,20,quantile,0.8,160.0
2026-01-17,wk inc flu hosp,1,2026-01-24,20,quantile,0.85,166.0
2026-01-17,wk inc flu hosp,1,2026-01-24,20,quantile,0.9,174.0
2026-01-17,wk inc flu hosp,1,2026-01-24,20,quantile,0.95,187.0
2026-01-17,wk inc flu hosp,1,2026-01-24,20,quantile,0.975,197.0
2026-01-17,wk inc flu hosp,1,2026-01-24,20,quantile,0.99,209.0
2026-01-17,wk inc flu hosp,1,2026-01-24,21,quantile,0.01,41.0
2026-01-17,wk inc flu hosp,1,2026-01-24,21,quantile,0.025,52.0
2026-01-17,wk inc flu hosp,1,2026-01-24,21,quantile,0.05,60.0
2026-01-17,wk inc flu hosp,1,2026-01-24,21,quantile,0.1,73.0
2026-01-17,wk inc flu hosp,1,2026-01-24,21,quantile,0.15,94.0
2026-01-17,wk inc flu hosp,1,2026-01-24,21,quantile,0.2,111.0
2026-01-17,wk inc flu hosp,1,2026-01-24,21,quantile,0.25,127.0
2026-01-17,wk inc flu hosp,1,2026-01-24,21,quantile,0.3,140.0
2026-01-17,wk inc flu hosp,1,2026-01-24,21,quantile,0.35,154.0
2026-01-17,wk inc flu hosp,1,2026-01-24,21,quantile,0.4,168.0
2026-01-17,wk inc flu hosp,1,2026-01-24,21,quantile,0.45,180.0
2026-01-17,wk inc flu hosp,1,2026-01-24,21,quantile,0.5,192.0
2026-01-17,wk inc flu hosp,1,2026-01-24,21,quantile,0.55,202.0
2026-01-17,wk inc flu hosp,1,2026-01-24,21,quantile,0.6,212.0
2026-01-17,wk inc flu hosp,1,2026-01-24,21,quantile,0.65,224.0
2026-01-17,wk inc flu hosp,1,2026-01-24,21,quantile,0.7,236.0
2026-01-17,wk inc flu hosp,1,2026-01-24,21,quantile,0.75,250.0
2026-01-17,wk inc flu hosp,1,2026-01-24,21,quantile,0.8,265.0
2026-01-17,wk inc flu hosp,1,2026-01-24,21,quantile,0.85,287.0
2026-01-17,wk inc flu hosp,1,2026-01-24,21,quantile,0.9,314.0
2026-01-17,wk inc flu hosp,1,2026-01-24,21,quantile,0.95,350.0
2026-01-17,wk inc flu hosp,1,2026-01-24,21,quantile,0.975,371.0
2026-01-17,wk inc flu hosp,1,2026-01-24,21,quantile,0.99,403.0
2026-01-17,wk inc flu hosp,1,2026-01-24,22,quantile,0.01,29.0
2026-01-17,wk inc flu hosp,1,2026-01-24,22,quantile,0.025,41.0
2026-01-17,wk inc flu hosp,1,2026-01-24,22,quantile,0.05,61.0
2026-01-17,wk inc flu hosp,1,2026-01-24,22,quantile,0.1,85.0
2026-01-17,wk inc flu hosp,1,2026-01-24,22,quantile,0.15,105.0
2026-01-17,wk inc flu hosp,1,2026-01-24,22,quantile,0.2,120.0
2026-01-17,wk inc flu hosp,1,2026-01-24,22,quantile,0.25,137.0
2026-01-17,wk inc flu hosp,1,2026-01-24,22,quantile,0.3,154.0
2026-01-17,wk inc flu hosp,1,2026-01-24,22,quantile,0.35,166.0
2026-01-17,wk inc flu hosp,1,2026-01-24,22,quantile,0.4,176.0
2026-01-17,wk inc flu hosp,1,2026-01-24,22,quantile,0.45,183.0
2026-01-17,wk inc flu hosp,1,2026-01-24,22,quantile,0.5,190.0
2026-01-17,wk inc flu hosp,1,2026-01-24,22,quantile,0.55,197.0
2026-01-17,wk inc flu hosp,1,2026-01-24,22,quantile,0.6,203.0
2026-01-17,wk inc flu hosp,1,2026-01-24,22,quantile,0.65,211.0
2026-01-17,wk inc flu hosp,1,2026-01-24,22,quantile,0.7,218.0
2026-01-17,wk inc flu hosp,1,2026-01-24,22,quantile,0.75,226.0
2026-01-17,wk inc flu hosp,1,2026-01-24,22,quantile,0.8,234.0
2026-01-17,wk inc flu hosp,1,2026-01-24,22,quantile,0.85,244.0
2026-01-17,wk inc flu hosp,1,2026-01-24,22,quantile,0.9,258.0
2026-01-17,wk inc flu hosp,1,2026-01-24,22,quantile,0.95,277.0
2026-01-17,wk inc flu hosp,1,2026-01-24,22,quantile,0.975,294.0
2026-01-17,wk inc flu hosp,1,2026-01-24,22,quantile,0.99,311.0
2026-01-17,wk inc flu hosp,1,2026-01-24,23,quantile,0.01,1.0
2026-01-17,wk inc flu hosp,1,2026-01-24,23,quantile,0.025,4.0
2026-01-17,wk inc flu hosp,1,2026-01-24,23,quantile,0.05,7.0
2026-01-17,wk inc flu hosp,1,2026-01-24,23,quantile,0.1,11.0
2026-01-17,wk inc flu hosp,1,2026-01-24,23,quantile,0.15,14.0
2026-01-17,wk inc flu hosp,1,2026-01-24,23,quantile,0.2,16.0
2026-01-17,wk inc flu hosp,1,2026-01-24,23,quantile,0.25,18.0
2026-01-17,wk inc flu hosp,1,2026-01-24,23,quantile,0.3,19.0
2026-01-17,wk inc flu hosp,1,2026-01-24,23,quantile,0.35,21.0
2026-01-17,wk inc flu hosp,1,2026-01-24,23,quantile,0.4,23.0
2026-01-17,wk inc flu hosp,1,2026-01-24,23,quantile,0.45,25.0
2026-01-17,wk inc flu hosp,1,2026-01-24,23,quantile,0.5,27.0
2026-01-17,wk inc flu hosp,1,2026-01-24,23,quantile,0.55,29.0
2026-01-17,wk inc flu hosp,1,2026-01-24,23,quantile,0.6,31.0
2026-01-17,wk inc flu hosp,1,2026-01-24,23,quantile,0.65,33.0
2026-01-17,wk inc flu hosp,1,2026-01-24,23,quantile,0.7,35.0
2026-01-17,wk inc flu hosp,1,2026-01-24,23,quantile,0.75,38.0
2026-01-17,wk inc flu hosp,1,2026-01-24,23,quantile,0.8,40.0
2026-01-17,wk inc flu hosp,1,2026-01-24,23,quantile,0.85,43.0
2026-01-17,wk inc flu hosp,1,2026-01-24,23,quantile,0.9,47.0
2026-01-17,wk inc flu hosp,1,2026-01-24,23,quantile,0.95,52.0
2026-01-17,wk inc flu hosp,1,2026-01-24,23,quantile,0.975,56.0
2026-01-17,wk inc flu hosp,1,2026-01-24,23,quantile,0.99,62.0
2026-01-17,wk inc flu hosp,1,2026-01-24,24,quantile,0.01,44.0
2026-01-17,wk inc flu hosp,1,2026-01-24,24,quantile,0.025,70.0
2026-01-17,wk inc flu hosp,1,2026-01-24,24,quantile,0.05,102.0
2026-01-17,wk inc flu hosp,1,2026-01-24,24,quantile,0.1,148.0
2026-01-17,wk inc flu hosp,1,2026-01-24,24,quantile,0.15,181.0
2026-01-17,wk inc flu hosp,1,2026-01-24,24,quantile,0.2,215.0
2026-01-17,wk inc flu hosp,1,2026-01-24,24,quantile,0.25,238.0
2026-01-17,wk inc flu hosp,1,2026-01-24,24,quantile,0.3,252.0
2026-01-17,wk inc flu hosp,1,2026-01-24,24,quantile,0.35,267.0
2026-01-17,wk inc flu hosp,1,2026-01-24,24,quantile,0.4,279.0
2026-01-17,wk inc flu hosp,1,2026-01-24,24,quantile,0.45,290.0
2026-01-17,wk inc flu hosp,1,2026-01-24,24,quantile,0.5,305.0
2026-01-17,wk inc flu hosp,1,2026-01-24,24,quantile,0.55,318.0
2026-01-17,wk inc flu hosp,1,2026-01-24,24,quantile,0.6,330.0
2026-01-17,wk inc flu hosp,1,2026-01-24,24,quantile,0.65,342.0
2026-01-17,wk inc flu hosp,1,2026-01-24,24,quantile,0.7,357.0
2026-01-17,wk inc flu hosp,1,2026-01-24,24,quantile,0.75,373.0
2026-01-17,wk inc flu hosp,1,2026-01-24,24,quantile,0.8,389.0
2026-01-17,wk inc flu hosp,1,2026-01-24,24,quantile,0.85,406.0
2026-01-17,wk inc flu hosp,1,2026-01-24,24,quantile,0.9,434.0
2026-01-17,wk inc flu hosp,1,2026-01-24,24,quantile,0.95,469.0
2026-01-17,wk inc flu hosp,1,2026-01-24,24,quantile,0.975,496.0
2026-01-17,wk inc flu hosp,1,2026-01-24,24,quantile,0.99,532.0
2026-01-17,wk inc flu hosp,1,2026-01-24,25,quantile,0.01,85.0
2026-01-17,wk inc flu hosp,1,2026-01-24,25,quantile,0.025,102.0
2026-01-17,wk inc flu hosp,1,2026-01-24,25,quantile,0.05,126.0
2026-01-17,wk inc flu hosp,1,2026-01-24,25,quantile,0.1,150.0
2026-01-17,wk inc flu hosp,1,2026-01-24,25,quantile,0.15,169.0
2026-01-17,wk inc flu hosp,1,2026-01-24,25,quantile,0.2,184.0
2026-01-17,wk inc flu hosp,1,2026-01-24,25,quantile,0.25,195.0
2026-01-17,wk inc flu hosp,1,2026-01-24,25,quantile,0.3,205.0
2026-01-17,wk inc flu hosp,1,2026-01-24,25,quantile,0.35,216.0
2026-01-17,wk inc flu hosp,1,2026-01-24,25,quantile,0.4,226.0
2026-01-17,wk inc flu hosp,1,2026-01-24,25,quantile,0.45,235.0
2026-01-17,wk inc flu hosp,1,2026-01-24,25,quantile,0.5,244.0
2026-01-17,wk inc flu hosp,1,2026-01-24,25,quantile,0.55,254.0
2026-01-17,wk inc flu hosp,1,2026-01-24,25,quantile,0.6,262.0
2026-01-17,wk inc flu hosp,1,2026-01-24,25,quantile,0.65,271.0
2026-01-17,wk inc flu hosp,1,2026-01-24,25,quantile,0.7,280.0
2026-01-17,wk inc flu hosp,1,2026-01-24,25,quantile,0.75,291.0
2026-01-17,wk inc flu hosp,1,2026-01-24,25,quantile,0.8,303.0
2026-01-17,wk inc flu hosp,1,2026-01-24,25,quantile,0.85,317.0
2026-01-17,wk inc flu hosp,1,2026-01-24,25,quantile,0.9,337.0
2026-01-17,wk inc flu hosp,1,2026-01-24,25,quantile,0.95,369.0
2026-01-17,wk inc flu hosp,1,2026-01-24,25,quantile,0.975,396.0
2026-01-17,wk inc flu hosp,1,2026-01-24,25,quantile,0.99,421.0
2026-01-17,wk inc flu hosp,1,2026-01-24,26,quantile,0.01,84.0
2026-01-17,wk inc flu hosp,1,2026-01-24,26,quantile,0.025,125.0
2026-01-17,wk inc flu hosp,1,2026-01-24,26,quantile,0.05,179.0
2026-01-17,wk inc flu hosp,1,2026-01-24,26,quantile,0.1,248.0
2026-01-17,wk inc flu hosp,1,2026-01-24,26,quantile,0.15,295.0
2026-01-17,wk inc flu hosp,1,2026-01-24,26,quantile,0.2,315.0
2026-01-17,wk inc flu hosp,1,2026-01-24,26,quantile,0.25,331.0
2026-01-17,wk inc flu hosp,1,2026-01-24,26,quantile,0.3,346.0
2026-01-17,wk inc flu hosp,1,2026-01-24,26,quantile,0.35,364.0
2026-01-17,wk inc flu hosp,1,2026-01-24,26,quantile,0.4,380.0
2026-01-17,wk inc flu hosp,1,2026-01-24,26,quantile,0.45,393.0
2026-01-17,wk inc flu hosp,1,2026-01-24,26,quantile,0.5,407.0
2026-01-17,wk inc flu hosp,1,2026-01-24,26,quantile,0.55,422.0
2026-01-17,wk inc flu hosp,1,2026-01-24,26,quantile,0.6,437.0
2026-01-17,wk inc flu hosp,1,2026-01-24,26,quantile,0.65,452.0
2026-01-17,wk inc flu hosp,1,2026-01-24,26,quantile,0.7,469.0
2026-01-17,wk inc flu hosp,1,2026-01-24,26,quantile,0.75,487.0
2026-01-17,wk inc flu hosp,1,2026-01-24,26,quantile,0.8,504.0
2026-01-17,wk inc flu hosp,1,2026-01-24,26,quantile,0.85,525.0
2026-01-17,wk inc flu hosp,1,2026-01-24,26,quantile,0.9,555.0
2026-01-17,wk inc flu hosp,1,2026-01-24,26,quantile,0.95,600.0
2026-01-17,wk inc flu hosp,1,2026-01-24,26,quantile,0.975,639.0
2026-01-17,wk inc flu hosp,1,2026-01-24,26,quantile,0.99,675.0
2026-01-17,wk inc flu hosp,1,2026-01-24,27,quantile,0.01,61.0
2026-01-17,wk inc flu hosp,1,2026-01-24,27,quantile,0.025,107.0
2026-01-17,wk inc flu hosp,1,2026-01-24,27,quantile,0.05,146.0
2026-01-17,wk inc flu hosp,1,2026-01-24,27,quantile,0.1,194.0
2026-01-17,wk inc flu hosp,1,2026-01-24,27,quantile,0.15,227.0
2026-01-17,wk inc flu hosp,1,2026-01-24,27,quantile,0.2,260.0
2026-01-17,wk inc flu hosp,1,2026-01-24,27,quantile,0.25,276.0
2026-01-17,wk inc flu hosp,1,2026-01-24,27,quantile,0.3,290.0
2026-01-17,wk inc flu hosp,1,2026-01-24,27,quantile,0.35,305.0
2026-01-17,wk inc flu hosp,1,2026-01-24,27,quantile,0.4,317.0
2026-01-17,wk inc flu hosp,1,2026-01-24,27,quantile,0.45,331.0
2026-01-17,wk inc flu hosp,1,2026-01-24,27,quantile,0.5,346.0
2026-01-17,wk inc flu hosp,1,2026-01-24,27,quantile,0.55,358.0
2026-01-17,wk inc flu hosp,1,2026-01-24,27,quantile,0.6,371.0
2026-01-17,wk inc flu hosp,1,2026-01-24,27,quantile,0.65,385.0
2026-01-17,wk inc flu hosp,1,2026-01-24,27,quantile,0.7,398.0
2026-01-17,wk inc flu hosp,1,2026-01-24,27,quantile,0.75,414.0
2026-01-17,wk inc flu hosp,1,2026-01-24,27,quantile,0.8,428.0
2026-01-17,wk inc flu hosp,1,2026-01-24,27,quantile,0.85,447.0
2026-01-17,wk inc flu hosp,1,2026-01-24,27,quantile,0.9,473.0
2026-01-17,wk inc flu hosp,1,2026-01-24,27,quantile,0.95,511.0
2026-01-17,wk inc flu hosp,1,2026-01-24,27,quantile,0.975,537.0
2026-01-17,wk inc flu hosp,1,2026-01-24,27,quantile,0.99,572.0
2026-01-17,wk inc flu hosp,1,2026-01-24,28,quantile,0.01,4.0
2026-01-17,wk inc flu hosp,1,2026-01-24,28,quantile,0.025,11.0
2026-01-17,wk inc flu hosp,1,2026-01-24,28,quantile,0.05,16.0
2026-01-17,wk inc flu hosp,1,2026-01-24,28,quantile,0.1,21.0
2026-01-17,wk inc flu hosp,1,2026-01-24,28,quantile,0.15,24.0
2026-01-17,wk inc flu hosp,1,2026-01-24,28,quantile,0.2,32.0
2026-01-17,wk inc flu hosp,1,2026-01-24,28,quantile,0.25,39.0
2026-01-17,wk inc flu hosp,1,2026-01-24,28,quantile,0.3,46.0
2026-01-17,wk inc flu hosp,1,2026-01-24,28,quantile,0.35,52.0
2026-01-17,wk inc flu hosp,1,2026-01-24,28,quantile,0.4,58.0
2026-01-17,wk inc flu hosp,1,2026-01-24,28,quantile,0.45,63.0
2026-01-17,wk inc flu hosp,1,2026-01-24,28,quantile,0.5,70.0
2026-01-17,wk inc flu hosp,1,2026-01-24,28,quantile,0.55,77.0
2026-01-17,wk inc flu hosp,1,2026-01-24,28,quantile,0.6,82.0
2026-01-17,wk inc flu hosp,1,2026-01-24,28,quantile,0.65,88.0
2026-01-17,wk inc flu hosp,1,2026-01-24,28,quantile,0.7,93.0
2026-01-17,wk inc flu hosp,1,2026-01-24,28,quantile,0.75,102.0
2026-01-17,wk inc flu hosp,1,2026-01-24,28,quantile,0.8,110.0
2026-01-17,wk inc flu hosp,1,2026-01-24,28,quantile,0.85,120.0
2026-01-17,wk inc flu hosp,1,2026-01-24,28,quantile,0.9,134.0
2026-01-17,wk inc flu hosp,1,2026-01-24,28,quantile,0.95,152.0
2026-01-17,wk inc flu hosp,1,2026-01-24,28,quantile,0.975,167.0
2026-01-17,wk inc flu hosp,1,2026-01-24,28,quantile,0.99,184.0
2026-01-17,wk inc flu hosp,1,2026-01-24,30,quantile,0.01,8.0
2026-01-17,wk inc flu hosp,1,2026-01-24,30,quantile,0.025,9.0
2026-01-17,wk inc flu hosp,1,2026-01-24,30,quantile,0.05,12.0
2026-01-17,wk inc flu hosp,1,2026-01-24,30,quantile,0.1,14.0
2026-01-17,wk inc flu hosp,1,2026-01-24,30,quantile,0.15,16.0
2026-01-17,wk inc flu hosp,1,2026-01-24,30,quantile,0.2,19.0
2026-01-17,wk inc flu hosp,1,2026-01-24,30,quantile,0.25,21.0
2026-01-17,wk inc flu hosp,1,2026-01-24,30,quantile,0.3,23.0
2026-01-17,wk inc flu hosp,1,2026-01-24,30,quantile,0.35,26.0
2026-01-17,wk inc flu hosp,1,2026-01-24,30,quantile,0.4,27.0
2026-01-17,wk inc flu hosp,1,2026-01-24,30,quantile,0.45,29.0
2026-01-17,wk inc flu hosp,1,2026-01-24,30,quantile,0.5,31.0
2026-01-17,wk inc flu hosp,1,2026-01-24,30,quantile,0.55,33.0
2026-01-17,wk inc flu hosp,1,2026-01-24,30,quantile,0.6,35.0
2026-01-17,wk inc flu hosp,1,2026-01-24,30,quantile,0.65,37.0
2026-01-17,wk inc flu hosp,1,2026-01-24,30,quantile,0.7,39.0
2026-01-17,wk inc flu hosp,1,2026-01-24,30,quantile,0.75,41.0
2026-01-17,wk inc flu hosp,1,2026-01-24,30,quantile,0.8,43.0
2026-01-17,wk inc flu hosp,1,2026-01-24,30,quantile,0.85,45.0
2026-01-17,wk inc flu hosp,1,2026-01-24,30,quantile,0.9,49.0
2026-01-17,wk inc flu hosp,1,2026-01-24,30,quantile,0.95,55.0
2026-01-17,wk inc flu hosp,1,2026-01-24,30,quantile,0.975,59.0
2026-01-17,wk inc flu hosp,1,2026-01-24,30,quantile,0.99,64.0
2026-01-17,wk inc flu hosp,1,2026-01-24,31,quantile,0.01,13.0
2026-01-17,wk inc flu hosp,1,2026-01-24,31,quantile,0.025,20.0
2026-01-17,wk inc flu hosp,1,2026-01-24,31,quantile,0.05,24.0
2026-01-17,wk inc flu hosp,1,2026-01-24,31,quantile,0.1,29.0
2026-01-17,wk inc flu hosp,1,2026-01-24,31,quantile,0.15,33.0
2026-01-17,wk inc flu hosp,1,2026-01-24,31,quantile,0.2,36.0
2026-01-17,wk inc flu hosp,1,2026-01-24,31,quantile,0.25,38.0
2026-01-17,wk inc flu hosp,1,2026-01-24,31,quantile,0.3,41.0
2026-01-17,wk inc flu hosp,1,2026-01-24,31,quantile,0.35,43.0
2026-01-17,wk inc flu hosp,1,2026-01-24,31,quantile,0.4,44.0
2026-01-17,wk inc flu hosp,1,2026-01-24,31,quantile,0.45,47.0
2026-01-17,wk inc flu hosp,1,2026-01-24,31,quantile,0.5,49.0
2026-01-17,wk inc flu hosp,1,2026-01-24,31,quantile,0.55,51.0
2026-01-17,wk inc flu hosp,1,2026-01-24,31,quantile,0.6,53.0
2026-01-17,wk inc flu hosp,1,2026-01-24,31,quantile,0.65,55.0
2026-01-17,wk inc flu hosp,1,2026-01-24,31,quantile,0.7,57.0
2026-01-17,wk inc flu hosp,1,2026-01-24,31,quantile,0.75,59.0
2026-01-17,wk inc flu hosp,1,2026-01-24,31,quantile,0.8,62.0
2026-01-17,wk inc flu hosp,1,2026-01-24,31,quantile,0.85,64.0
2026-01-17,wk inc flu hosp,1,2026-01-24,31,quantile,0.9,68.0
2026-01-17,wk inc flu hosp,1,2026-01-24,31,quantile,0.95,74.0
2026-01-17,wk inc flu hosp,1,2026-01-24,31,quantile,0.975,78.0
2026-01-17,wk inc flu hosp,1,2026-01-24,31,quantile,0.99,83.0
2026-01-17,wk inc flu hosp,1,2026-01-24,32,quantile,0.01,22.0
2026-01-17,wk inc flu hosp,1,2026-01-24,32,quantile,0.025,31.0
2026-01-17,wk inc flu hosp,1,2026-01-24,32,quantile,0.05,37.0
2026-01-17,wk inc flu hosp,1,2026-01-24,32,quantile,0.1,44.0
2026-01-17,wk inc flu hosp,1,2026-01-24,32,quantile,0.15,50.0
2026-01-17,wk inc flu hosp,1,2026-01-24,32,quantile,0.2,53.0
2026-01-17,wk inc flu hosp,1,2026-01-24,32,quantile,0.25,57.0
2026-01-17,wk inc flu hosp,1,2026-01-24,32,quantile,0.3,60.0
2026-01-17,wk inc flu hosp,1,2026-01-24,32,quantile,0.35,63.0
2026-01-17,wk inc flu hosp,1,2026-01-24,32,quantile,0.4,66.0
2026-01-17,wk inc flu hosp,1,2026-01-24,32,quantile,0.45,69.0
2026-01-17,wk inc flu hosp,1,2026-01-24,32,quantile,0.5,72.0
2026-01-17,wk inc flu hosp,1,2026-01-24,32,quantile,0.55,75.0
2026-01-17,wk inc flu hosp,1,2026-01-24,32,quantile,0.6,77.0
2026-01-17,wk inc flu hosp,1,2026-01-24,32,quantile,0.65,80.0
2026-01-17,wk inc flu hosp,1,2026-01-24,32,quantile,0.7,83.0
2026-01-17,wk inc flu hosp,1,2026-01-24,32,quantile,0.75,86.0
2026-01-17,wk inc flu hosp,1,2026-01-24,32,quantile,0.8,90.0
2026-01-17,wk inc flu hosp,1,2026-01-24,32,quantile,0.85,94.0
2026-01-17,wk inc flu hosp,1,2026-01-24,32,quantile,0.9,99.0
2026-01-17,wk inc flu hosp,1,2026-01-24,32,quantile,0.95,108.0
2026-01-17,wk inc flu hosp,1,2026-01-24,32,quantile,0.975,115.0
2026-01-17,wk inc flu hosp,1,2026-01-24,32,quantile,0.99,121.0
2026-01-17,wk inc flu hosp,1,2026-01-24,33,quantile,0.01,36.0
2026-01-17,wk inc flu hosp,1,2026-01-24,33,quantile,0.025,46.0
2026-01-17,wk inc flu hosp,1,2026-01-24,33,quantile,0.05,52.0
2026-01-17,wk inc flu hosp,1,2026-01-24,33,quantile,0.1,63.0
2026-01-17,wk inc flu hosp,1,2026-01-24,33,quantile,0.15,68.0
2026-01-17,wk inc flu hosp,1,2026-01-24,33,quantile,0.2,71.0
2026-01-17,wk inc flu hosp,1,2026-01-24,33,quantile,0.25,74.0
2026-01-17,wk inc flu hosp,1,2026-01-24,33,quantile,0.3,76.0
2026-01-17,wk inc flu hosp,1,2026-01-24,33,quantile,0.35,79.0
2026-01-17,wk inc flu hosp,1,2026-01-24,33,quantile,0.4,80.0
2026-01-17,wk inc flu hosp,1,2026-01-24,33,quantile,0.45,82.0
2026-01-17,wk inc flu hosp,1,2026-01-24,33,quantile,0.5,84.0
2026-01-17,wk inc flu hosp,1,2026-01-24,33,quantile,0.55,87.0
2026-01-17,wk inc flu hosp,1,2026-01-24,33,quantile,0.6,89.0
2026-01-17,wk inc flu hosp,1,2026-01-24,33,quantile,0.65,91.0
2026-01-17,wk inc flu hosp,1,2026-01-24,33,quantile,0.7,93.0
2026-01-17,wk inc flu hosp,1,2026-01-24,33,quantile,0.75,95.0
2026-01-17,wk inc flu hosp,1,2026-01-24,33,quantile,0.8,98.0
2026-01-17,wk inc flu hosp,1,2026-01-24,33,quantile,0.85,101.0
2026-01-17,wk inc flu hosp,1,2026-01-24,33,quantile,0.9,104.0
2026-01-17,wk inc flu hosp,1,2026-01-24,33,quantile,0.95,111.0
2026-01-17,wk inc flu hosp,1,2026-01-24,33,quantile,0.975,116.0
2026-01-17,wk inc flu hosp,1,2026-01-24,33,quantile,0.99,120.0
2026-01-17,wk inc flu hosp,1,2026-01-24,34,quantile,0.01,128.0
2026-01-17,wk inc flu hosp,1,2026-01-24,34,quantile,0.025,166.0
2026-01-17,wk inc flu hosp,1,2026-01-24,34,quantile,0.05,209.0
2026-01-17,wk inc flu hosp,1,2026-01-24,34,quantile,0.1,277.0
2026-01-17,wk inc flu hosp,1,2026-01-24,34,quantile,0.15,325.0
2026-01-17,wk inc flu hosp,1,2026-01-24,34,quantile,0.2,364.0
2026-01-17,wk inc flu hosp,1,2026-01-24,34,quantile,0.25,408.0
2026-01-17,wk inc flu hosp,1,2026-01-24,34,quantile,0.3,434.0
2026-01-17,wk inc flu hosp,1,2026-01-24,34,quantile,0.35,447.0
2026-01-17,wk inc flu hosp,1,2026-01-24,34,quantile,0.4,461.0
2026-01-17,wk inc flu hosp,1,2026-01-24,34,quantile,0.45,474.0
2026-01-17,wk inc flu hosp,1,2026-01-24,34,quantile,0.5,490.0
2026-01-17,wk inc flu hosp,1,2026-01-24,34,quantile,0.55,505.0
2026-01-17,wk inc flu hosp,1,2026-01-24,34,quantile,0.6,522.0
2026-01-17,wk inc flu hosp,1,2026-01-24,34,quantile,0.65,536.0
2026-01-17,wk inc flu hosp,1,2026-01-24,34,quantile,0.7,551.0
2026-01-17,wk inc flu hosp,1,2026-01-24,34,quantile,0.75,569.0
2026-01-17,wk inc flu hosp,1,2026-01-24,34,quantile,0.8,586.0
2026-01-17,wk inc flu hosp,1,2026-01-24,34,quantile,0.85,604.0
2026-01-17,wk inc flu hosp,1,2026-01-24,34,quantile,0.9,630.0
2026-01-17,wk inc flu hosp,1,2026-01-24,34,quantile,0.95,665.0
2026-01-17,wk inc flu hosp,1,2026-01-24,34,quantile,0.975,703.0
2026-01-17,wk inc flu hosp,1,2026-01-24,34,quantile,0.99,733.0
2026-01-17,wk inc flu hosp,1,2026-01-24,35,quantile,0.01,25.0
2026-01-17,wk inc flu hosp,1,2026-01-24,35,quantile,0.025,29.0
2026-01-17,wk inc flu hosp,1,2026-01-24,35,quantile,0.05,35.0
2026-01-17,wk inc flu hosp,1,2026-01-24,35,quantile,0.1,43.0
2026-01-17,wk inc flu hosp,1,2026-01-24,35,quantile,0.15,49.0
2026-01-17,wk inc flu hosp,1,2026-01-24,35,quantile,0.2,54.0
2026-01-17,wk inc flu hosp,1,2026-01-24,35,quantile,0.25,58.0
2026-01-17,wk inc flu hosp,1,2026-01-24,35,quantile,0.3,63.0
2026-01-17,wk inc flu hosp,1,2026-01-24,35,quantile,0.35,66.0
2026-01-17,wk inc flu hosp,1,2026-01-24,35,quantile,0.4,69.0
2026-01-17,wk inc flu hosp,1,2026-01-24,35,quantile,0.45,73.0
2026-01-17,wk inc flu hosp,1,2026-01-24,35,quantile,0.5,75.0
2026-01-17,wk inc flu hosp,1,2026-01-24,35,quantile,0.55,78.0
2026-01-17,wk inc flu hosp,1,2026-01-24,35,quantile,0.6,81.0
2026-01-17,wk inc flu hosp,1,2026-01-24,35,quantile,0.65,84.0
2026-01-17,wk inc flu hosp,1,2026-01-24,35,quantile,0.7,87.0
2026-01-17,wk inc flu hosp,1,2026-01-24,35,quantile,0.75,91.0
2026-01-17,wk inc flu hosp,1,2026-01-24,35,quantile,0.8,95.0
2026-01-17,wk inc flu hosp,1,2026-01-24,35,quantile,0.85,99.0
2026-01-17,wk inc flu hosp,1,2026-01-24,35,quantile,0.9,105.0
2026-01-17,wk inc flu hosp,1,2026-01-24,35,quantile,0.95,115.0
2026-01-17,wk inc flu hosp,1,2026-01-24,35,quantile,0.975,124.0
2026-01-17,wk inc flu hosp,1,2026-01-24,35,quantile,0.99,131.0
2026-01-17,wk inc flu hosp,1,2026-01-24,36,quantile,0.01,32.0
2026-01-17,wk inc flu hosp,1,2026-01-24,36,quantile,0.025,70.0
2026-01-17,wk inc flu hosp,1,2026-01-24,36,quantile,0.05,92.0
2026-01-17,wk inc flu hosp,1,2026-01-24,36,quantile,0.1,130.0
2026-01-17,wk inc flu hosp,1,2026-01-24,36,quantile,0.15,156.0
2026-01-17,wk inc flu hosp,1,2026-01-24,36,quantile,0.2,174.0
2026-01-17,wk inc flu hosp,1,2026-01-24,36,quantile,0.25,194.0
2026-01-17,wk inc flu hosp,1,2026-01-24,36,quantile,0.3,208.0
2026-01-17,wk inc flu hosp,1,2026-01-24,36,quantile,0.35,222.0
2026-01-17,wk inc flu hosp,1,2026-01-24,36,quantile,0.4,236.0
2026-01-17,wk inc flu hosp,1,2026-01-24,36,quantile,0.45,247.0
2026-01-17,wk inc flu hosp,1,2026-01-24,36,quantile,0.5,260.0
2026-01-17,wk inc flu hosp,1,2026-01-24,36,quantile,0.55,272.0
2026-01-17,wk inc flu hosp,1,2026-01-24,36,quantile,0.6,286.0
2026-01-17,wk inc flu hosp,1,2026-01-24,36,quantile,0.65,303.0
2026-01-17,wk inc flu hosp,1,2026-01-24,36,quantile,0.7,319.0
2026-01-17,wk inc flu hosp,1,2026-01-24,36,quantile,0.75,329.0
2026-01-17,wk inc flu hosp,1,2026-01-24,36,quantile,0.8,349.0
2026-01-17,wk inc flu hosp,1,2026-01-24,36,quantile,0.85,367.0
2026-01-17,wk inc flu hosp,1,2026-01-24,36,quantile,0.9,402.0
2026-01-17,wk inc flu hosp,1,2026-01-24,36,quantile,0.95,467.0
2026-01-17,wk inc flu hosp,1,2026-01-24,36,quantile,0.975,513.0
2026-01-17,wk inc flu hosp,1,2026-01-24,36,quantile,0.99,561.0
2026-01-17,wk inc flu hosp,1,2026-01-24,37,quantile,0.01,166.0
2026-01-17,wk inc flu hosp,1,2026-01-24,37,quantile,0.025,189.0
2026-01-17,wk inc flu hosp,1,2026-01-24,37,quantile,0.05,297.0
2026-01-17,wk inc flu hosp,1,2026-01-24,37,quantile,0.1,399.0
2026-01-17,wk inc flu hosp,1,2026-01-24,37,quantile,0.15,470.0
2026-01-17,wk inc flu hosp,1,2026-01-24,37,quantile,0.2,537.0
2026-01-17,wk inc flu hosp,1,2026-01-24,37,quantile,0.25,594.0
2026-01-17,wk inc flu hosp,1,2026-01-24,37,quantile,0.3,636.0
2026-01-17,wk inc flu hosp,1,2026-01-24,37,quantile,0.35,665.0
2026-01-17,wk inc flu hosp,1,2026-01-24,37,quantile,0.4,696.0
2026-01-17,wk inc flu hosp,1,2026-01-24,37,quantile,0.45,727.0
2026-01-17,wk inc flu hosp,1,2026-01-24,37,quantile,0.5,752.0
2026-01-17,wk inc flu hosp,1,2026-01-24,37,quantile,0.55,783.0
2026-01-17,wk inc flu hosp,1,2026-01-24,37,quantile,0.6,807.0
2026-01-17,wk inc flu hosp,1,2026-01-24,37,quantile,0.65,836.0
2026-01-17,wk inc flu hosp,1,2026-01-24,37,quantile,0.7,868.0
2026-01-17,wk inc flu hosp,1,2026-01-24,37,quantile,0.75,898.0
2026-01-17,wk inc flu hosp,1,2026-01-24,37,quantile,0.8,935.0
2026-01-17,wk inc flu hosp,1,2026-01-24,37,quantile,0.85,980.0
2026-01-17,wk inc flu hosp,1,2026-01-24,37,quantile,0.9,1044.0
2026-01-17,wk inc flu hosp,1,2026-01-24,37,quantile,0.95,1129.0
2026-01-17,wk inc flu hosp,1,2026-01-24,37,quantile,0.975,1196.0
2026-01-17,wk inc flu hosp,1,2026-01-24,37,quantile,0.99,1264.0
2026-01-17,wk inc flu hosp,1,2026-01-24,38,quantile,0.01,10.0
2026-01-17,wk inc flu hosp,1,2026-01-24,38,quantile,0.025,15.0
2026-01-17,wk inc flu hosp,1,2026-01-24,38,quantile,0.05,18.0
2026-01-17,wk inc flu hosp,1,2026-01-24,38,quantile,0.1,21.0
2026-01-17,wk inc flu hosp,1,2026-01-24,38,quantile,0.15,23.0
2026-01-17,wk inc flu hosp,1,2026-01-24,38,quantile,0.2,25.0
2026-01-17,wk inc flu hosp,1,2026-01-24,38,quantile,0.25,26.0
2026-01-17,wk inc flu hosp,1,2026-01-24,38,quantile,0.3,28.0
2026-01-17,wk inc flu hosp,1,2026-01-24,38,quantile,0.35,29.0
2026-01-17,wk inc flu hosp,1,2026-01-24,38,quantile,0.4,31.0
2026-01-17,wk inc flu hosp,1,2026-01-24,38,quantile,0.45,32.0
2026-01-17,wk inc flu hosp,1,2026-01-24,38,quantile,0.5,33.0
2026-01-17,wk inc flu hosp,1,2026-01-24,38,quantile,0.55,34.0
2026-01-17,wk inc flu hosp,1,2026-01-24,38,quantile,0.6,35.0
2026-01-17,wk inc flu hosp,1,2026-01-24,38,quantile,0.65,36.0
2026-01-17,wk inc flu hosp,1,2026-01-24,38,quantile,0.7,38.0
2026-01-17,wk inc flu hosp,1,2026-01-24,38,quantile,0.75,39.0
2026-01-17,wk inc flu hosp,1,2026-01-24,38,quantile,0.8,41.0
2026-01-17,wk inc flu hosp,1,2026-01-24,38,quantile,0.85,43.0
2026-01-17,wk inc flu hosp,1,2026-01-24,38,quantile,0.9,45.0
2026-01-17,wk inc flu hosp,1,2026-01-24,38,quantile,0.95,49.0
2026-01-17,wk inc flu hosp,1,2026-01-24,38,quantile,0.975,51.0
2026-01-17,wk inc flu hosp,1,2026-01-24,38,quantile,0.99,56.0
2026-01-17,wk inc flu hosp,1,2026-01-24,39,quantile,0.01,190.0
2026-01-17,wk inc flu hosp,1,2026-01-24,39,quantile,0.025,235.0
2026-01-17,wk inc flu hosp,1,2026-01-24,39,quantile,0.05,288.0
2026-01-17,wk inc flu hosp,1,2026-01-24,39,quantile,0.1,355.0
2026-01-17,wk inc flu hosp,1,2026-01-24,39,quantile,0.15,382.0
2026-01-17,wk inc flu hosp,1,2026-01-24,39,quantile,0.2,402.0
2026-01-17,wk inc flu hosp,1,2026-01-24,39,quantile,0.25,416.0
2026-01-17,wk inc flu hosp,1,2026-01-24,39,quantile,0.3,433.0
2026-01-17,wk inc flu hosp,1,2026-01-24,39,quantile,0.35,447.0
2026-01-17,wk inc flu hosp,1,2026-01-24,39,quantile,0.4,461.0
2026-01-17,wk inc flu hosp,1,2026-01-24,39,quantile,0.45,478.0
2026-01-17,wk inc flu hosp,1,2026-01-24,39,quantile,0.5,491.0
2026-01-17,wk inc flu hosp,1,2026-01-24,39,quantile,0.55,503.0
2026-01-17,wk inc flu hosp,1,2026-01-24,39,quantile,0.6,516.0
2026-01-17,wk inc flu hosp,1,2026-01-24,39,quantile,0.65,529.0
2026-01-17,wk inc flu hosp,1,2026-01-24,39,quantile,0.7,543.0
2026-01-17,wk inc flu hosp,1,2026-01-24,39,quantile,0.75,558.0
2026-01-17,wk inc flu hosp,1,2026-01-24,39,quantile,0.8,576.0
2026-01-17,wk inc flu hosp,1,2026-01-24,39,quantile,0.85,600.0
2026-01-17,wk inc flu hosp,1,2026-01-24,39,quantile,0.9,624.0
2026-01-17,wk inc flu hosp,1,2026-01-24,39,quantile,0.95,666.0
2026-01-17,wk inc flu hosp,1,2026-01-24,39,quantile,0.975,697.0
2026-01-17,wk inc flu hosp,1,2026-01-24,39,quantile,0.99,737.0
2026-01-17,wk inc flu hosp,1,2026-01-24,40,quantile,0.01,4.0
2026-01-17,wk inc flu hosp,1,2026-01-24,40,quantile,0.025,14.0
2026-01-17,wk inc flu hosp,1,2026-01-24,40,quantile,0.05,21.0
2026-01-17,wk inc flu hosp,1,2026-01-24,40,quantile,0.1,46.0
2026-01-17,wk inc flu hosp,1,2026-01-24,40,quantile,0.15,64.0
2026-01-17,wk inc flu hosp,1,2026-01-24,40,quantile,0.2,80.0
2026-01-17,wk inc flu hosp,1,2026-01-24,40,quantile,0.25,92.0
2026-01-17,wk inc flu hosp,1,2026-01-24,40,quantile,0.3,104.0
2026-01-17,wk inc flu hosp,1,2026-01-24,40,quantile,0.35,115.0
2026-01-17,wk inc flu hosp,1,2026-01-24,40,quantile,0.4,127.0
2026-01-17,wk inc flu hosp,1,2026-01-24,40,quantile,0.45,138.0
2026-01-17,wk inc flu hosp,1,2026-01-24,40,quantile,0.5,149.0
2026-01-17,wk inc flu hosp,1,2026-01-24,40,quantile,0.55,161.0
2026-01-17,wk inc flu hosp,1,2026-01-24,40,quantile,0.6,169.0
2026-01-17,wk inc flu hosp,1,2026-01-24,40,quantile,0.65,178.0
2026-01-17,wk inc flu hosp,1,2026-01-24,40,quantile,0.7,188.0
2026-01-17,wk inc flu hosp,1,2026-01-24,40,quantile,0.75,201.0
2026-01-17,wk inc flu hosp,1,2026-01-24,40,quantile,0.8,214.0
2026-01-17,wk inc flu hosp,1,2026-01-24,40,quantile,0.85,229.0
2026-01-17,wk inc flu hosp,1,2026-01-24,40,quantile,0.9,249.0
2026-01-17,wk inc flu hosp,1,2026-01-24,40,quantile,0.95,279.0
2026-01-17,wk inc flu hosp,1,2026-01-24,40,quantile,0.975,303.0
2026-01-17,wk inc flu hosp,1,2026-01-24,40,quantile,0.99,332.0
2026-01-17,wk inc flu hosp,1,2026-01-24,41,quantile,0.01,13.0
2026-01-17,wk inc flu hosp,1,2026-01-24,41,quantile,0.025,19.0
2026-01-17,wk inc flu hosp,1,2026-01-24,41,quantile,0.05,23.0
2026-01-17,wk inc flu hosp,1,2026-01-24,41,quantile,0.1,28.0
2026-01-17,wk inc flu hosp,1,2026-01-24,41,quantile,0.15,33.0
2026-01-17,wk inc flu hosp,1,2026-01-24,41,quantile,0.2,41.0
2026-01-17,wk inc flu hosp,1,2026-01-24,41,quantile,0.25,48.0
2026-01-17,wk inc flu hosp,1,2026-01-24,41,quantile,0.3,55.0
2026-01-17,wk inc flu hosp,1,2026-01-24,41,quantile,0.35,62.0
2026-01-17,wk inc flu hosp,1,2026-01-24,41,quantile,0.4,70.0
2026-01-17,wk inc flu hosp,1,2026-01-24,41,quantile,0.45,76.0
2026-01-17,wk inc flu hosp,1,2026-01-24,41,quantile,0.5,84.0
2026-01-17,wk inc flu hosp,1,2026-01-24,41,quantile,0.55,91.0
2026-01-17,wk inc flu hosp,1,2026-01-24,41,quantile,0.6,96.0
2026-01-17,wk inc flu hosp,1,2026-01-24,41,quantile,0.65,103.0
2026-01-17,wk inc flu hosp,1,2026-01-24,41,quantile,0.7,110.0
2026-01-17,wk inc flu hosp,1,2026-01-24,41,quantile,0.75,118.0
2026-01-17,wk inc flu hosp,1,2026-01-24,41,quantile,0.8,125.0
2026-01-17,wk inc flu hosp,1,2026-01-24,41,quantile,0.85,135.0
2026-01-17,wk inc flu hosp,1,2026-01-24,41,quantile,0.9,147.0
2026-01-17,wk inc flu hosp,1,2026-01-24,41,quantile,0.95,165.0
2026-01-17,wk inc flu hosp,1,2026-01-24,41,quantile,0.975,179.0
2026-01-17,wk inc flu hosp,1,2026-01-24,41,quantile,0.99,197.0
2026-01-17,wk inc flu hosp,1,2026-01-24,42,quantile,0.01,117.0
2026-01-17,wk inc flu hosp,1,2026-01-24,42,quantile,0.025,154.0
2026-01-17,wk inc flu hosp,1,2026-01-24,42,quantile,0.05,223.0
2026-01-17,wk inc flu hosp,1,2026-01-24,42,quantile,0.1,322.0
2026-01-17,wk inc flu hosp,1,2026-01-24,42,quantile,0.15,361.0
2026-01-17,wk inc flu hosp,1,2026-01-24,42,quantile,0.2,395.0
2026-01-17,wk inc flu hosp,1,2026-01-24,42,quantile,0.25,420.0
2026-01-17,wk inc flu hosp,1,2026-01-24,42,quantile,0.3,445.0
2026-01-17,wk inc flu hosp,1,2026-01-24,42,quantile,0.35,468.0
2026-01-17,wk inc flu hosp,1,2026-01-24,42,quantile,0.4,488.0
2026-01-17,wk inc flu hosp,1,2026-01-24,42,quantile,0.45,507.0
2026-01-17,wk inc flu hosp,1,2026-01-24,42,quantile,0.5,533.0
2026-01-17,wk inc flu hosp,1,2026-01-24,42,quantile,0.55,553.0
2026-01-17,wk inc flu hosp,1,2026-01-24,42,quantile,0.6,575.0
2026-01-17,wk inc flu hosp,1,2026-01-24,42,quantile,0.65,597.0
2026-01-17,wk inc flu hosp,1,2026-01-24,42,quantile,0.7,624.0
2026-01-17,wk inc flu hosp,1,2026-01-24,42,quantile,0.75,652.0
2026-01-17,wk inc flu hosp,1,2026-01-24,42,quantile,0.8,680.0
2026-01-17,wk inc flu hosp,1,2026-01-24,42,quantile,0.85,710.0
2026-01-17,wk inc flu hosp,1,2026-01-24,42,quantile,0.9,753.0
2026-01-17,wk inc flu hosp,1,2026-01-24,42,quantile,0.95,811.0
2026-01-17,wk inc flu hosp,1,2026-01-24,42,quantile,0.975,862.0
2026-01-17,wk inc flu hosp,1,2026-01-24,42,quantile,0.99,912.0
2026-01-17,wk inc flu hosp,1,2026-01-24,44,quantile,0.01,13.0
2026-01-17,wk inc flu hosp,1,2026-01-24,44,quantile,0.025,19.0
2026-01-17,wk inc flu hosp,1,2026-01-24,44,quantile,0.05,24.0
2026-01-17,wk inc flu hosp,1,2026-01-24,44,quantile,0.1,31.0
2026-01-17,wk inc flu hosp,1,2026-01-24,44,quantile,0.15,36.0
2026-01-17,wk inc flu hosp,1,2026-01-24,44,quantile,0.2,38.0
2026-01-17,wk inc flu hosp,1,2026-01-24,44,quantile,0.25,40.0
2026-01-17,wk inc flu hosp,1,2026-01-24,44,quantile,0.3,41.0
2026-01-17,wk inc flu hosp,1,2026-01-24,44,quantile,0.35,43.0
2026-01-17,wk inc flu hosp,1,2026-01-24,44,quantile,0.4,45.0
2026-01-17,wk inc flu hosp,1,2026-01-24,44,quantile,0.45,46.0
2026-01-17,wk inc flu hosp,1,2026-01-24,44,quantile,0.5,47.0
2026-01-17,wk inc flu hosp,1,2026-01-24,44,quantile,0.55,49.0
2026-01-17,wk inc flu hosp,1,2026-01-24,44,quantile,0.6,50.0
2026-01-17,wk inc flu hosp,1,2026-01-24,44,quantile,0.65,51.0
2026-01-17,wk inc flu hosp,1,2026-01-24,44,quantile,0.7,53.0
2026-01-17,wk inc flu hosp,1,2026-01-24,44,quantile,0.75,54.0
2026-01-17,wk inc flu hosp,1,2026-01-24,44,quantile,0.8,56.0
2026-01-17,wk inc flu hosp,1,2026-01-24,44,quantile,0.85,58.0
2026-01-17,wk inc flu hosp,1,2026-01-24,44,quantile,0.9,61.0
2026-01-17,wk inc flu hosp,1,2026-01-24,44,quantile,0.95,65.0
2026-01-17,wk inc flu hosp,1,2026-01-24,44,quantile,0.975,69.0
2026-01-17,wk inc flu hosp,1,2026-01-24,44,quantile,0.99,73.0
2026-01-17,wk inc flu hosp,1,2026-01-24,45,quantile,0.01,64.0
2026-01-17,wk inc flu hosp,1,2026-01-24,45,quantile,0.025,71.0
2026-01-17,wk inc flu hosp,1,2026-01-24,45,quantile,0.05,81.0
2026-01-17,wk inc flu hosp,1,2026-01-24,45,quantile,0.1,117.0
2026-01-17,wk inc flu hosp,1,2026-01-24,45,quantile,0.15,149.0
2026-01-17,wk inc flu hosp,1,2026-01-24,45,quantile,0.2,171.0
2026-01-17,wk inc flu hosp,1,2026-01-24,45,quantile,0.25,184.0
2026-01-17,wk inc flu hosp,1,2026-01-24,45,quantile,0.3,196.0
2026-01-17,wk inc flu hosp,1,2026-01-24,45,quantile,0.35,209.0
2026-01-17,wk inc flu hosp,1,2026-01-24,45,quantile,0.4,221.0
2026-01-17,wk inc flu hosp,1,2026-01-24,45,quantile,0.45,233.0
2026-01-17,wk inc flu hosp,1,2026-01-24,45,quantile,0.5,243.0
2026-01-17,wk inc flu hosp,1,2026-01-24,45,quantile,0.55,254.0
2026-01-17,wk inc flu hosp,1,2026-01-24,45,quantile,0.6,266.0
2026-01-17,wk inc flu hosp,1,2026-01-24,45,quantile,0.65,277.0
2026-01-17,wk inc flu hosp,1,2026-01-24,45,quantile,0.7,288.0
2026-01-17,wk inc flu hosp,1,2026-01-24,45,quantile,0.75,301.0
2026-01-17,wk inc flu hosp,1,2026-01-24,45,quantile,0.8,315.0
2026-01-17,wk inc flu hosp,1,2026-01-24,45,quantile,0.85,330.0
2026-01-17,wk inc flu hosp,1,2026-01-24,45,quantile,0.9,353.0
2026-01-17,wk inc flu hosp,1,2026-01-24,45,quantile,0.95,390.0
2026-01-17,wk inc flu hosp,1,2026-01-24,45,quantile,0.975,416.0
2026-01-17,wk inc flu hosp,1,2026-01-24,45,quantile,0.99,443.0
2026-01-17,wk inc flu hosp,1,2026-01-24,46,quantile,0.01,18.0
2026-01-17,wk inc flu hosp,1,2026-01-24,46,quantile,0.025,24.0
2026-01-17,wk inc flu hosp,1,2026-01-24,46,quantile,0.05,28.0
2026-01-17,wk inc flu hosp,1,2026-01-24,46,quantile,0.1,31.0
2026-01-17,wk inc flu hosp,1,2026-01-24,46,quantile,0.15,34.0
2026-01-17,wk inc flu hosp,1,2026-01-24,46,quantile,0.2,36.0
2026-01-17,wk inc flu hosp,1,2026-01-24,46,quantile,0.25,37.0
2026-01-17,wk inc flu hosp,1,2026-01-24,46,quantile,0.3,39.0
2026-01-17,wk inc flu hosp,1,2026-01-24,46,quantile,0.35,40.0
2026-01-17,wk inc flu hosp,1,2026-01-24,46,quantile,0.4,42.0
2026-01-17,wk inc flu hosp,1,2026-01-24,46,quantile,0.45,43.0
2026-01-17,wk inc flu hosp,1,2026-01-24,46,quantile,0.5,44.0
2026-01-17,wk inc flu hosp,1,2026-01-24,46,quantile,0.55,45.0
2026-01-17,wk inc flu hosp,1,2026-01-24,46,quantile,0.6,47.0
2026-01-17,wk inc flu hosp,1,2026-01-24,46,quantile,0.65,48.0
2026-01-17,wk inc flu hosp,1,2026-01-24,46,quantile,0.7,49.0
2026-01-17,wk inc flu hosp,1,2026-01-24,46,quantile,0.75,51.0
2026-01-17,wk inc flu hosp,1,2026-01-24,46,quantile,0.8,53.0
2026-01-17,wk inc flu hosp,1,2026-01-24,46,quantile,0.85,54.0
2026-01-17,wk inc flu hosp,1,2026-01-24,46,quantile,0.9,57.0
2026-01-17,wk inc flu hosp,1,2026-01-24,46,quantile,0.95,61.0
2026-01-17,wk inc flu hosp,1,2026-01-24,46,quantile,0.975,65.0
2026-01-17,wk inc flu hosp,1,2026-01-24,46,quantile,0.99,68.0
2026-01-17,wk inc flu hosp,1,2026-01-24,47,quantile,0.01,69.0
2026-01-17,wk inc flu hosp,1,2026-01-24,47,quantile,0.025,81.0
2026-01-17,wk inc flu hosp,1,2026-01-24,47,quantile,0.05,89.0
2026-01-17,wk inc flu hosp,1,2026-01-24,47,quantile,0.1,108.0
2026-01-17,wk inc flu hosp,1,2026-01-24,47,quantile,0.15,127.0
2026-01-17,wk inc flu hosp,1,2026-01-24,47,quantile,0.2,147.0
2026-01-17,wk inc flu hosp,1,2026-01-24,47,quantile,0.25,158.0
2026-01-17,wk inc flu hosp,1,2026-01-24,47,quantile,0.3,173.0
2026-01-17,wk inc flu hosp,1,2026-01-24,47,quantile,0.35,187.0
2026-01-17,wk inc flu hosp,1,2026-01-24,47,quantile,0.4,197.0
2026-01-17,wk inc flu hosp,1,2026-01-24,47,quantile,0.45,209.0
2026-01-17,wk inc flu hosp,1,2026-01-24,47,quantile,0.5,220.0
2026-01-17,wk inc flu hosp,1,2026-01-24,47,quantile,0.55,233.0
2026-01-17,wk inc flu hosp,1,2026-01-24,47,quantile,0.6,243.0
2026-01-17,wk inc flu hosp,1,2026-01-24,47,quantile,0.65,255.0
2026-01-17,wk inc flu hosp,1,2026-01-24,47,quantile,0.7,267.0
2026-01-17,wk inc flu hosp,1,2026-01-24,47,quantile,0.75,280.0
2026-01-17,wk inc flu hosp,1,2026-01-24,47,quantile,0.8,293.0
2026-01-17,wk inc flu hosp,1,2026-01-24,47,quantile,0.85,307.0
2026-01-17,wk inc flu hosp,1,2026-01-24,47,quantile,0.9,330.0
2026-01-17,wk inc flu hosp,1,2026-01-24,47,quantile,0.95,362.0
2026-01-17,wk inc flu hosp,1,2026-01-24,47,quantile,0.975,390.0
2026-01-17,wk inc flu hosp,1,2026-01-24,47,quantile,0.99,414.0
2026-01-17,wk inc flu hosp,1,2026-01-24,48,quantile,0.01,155.0
2026-01-17,wk inc flu hosp,1,2026-01-24,48,quantile,0.025,184.0
2026-01-17,wk inc flu hosp,1,2026-01-24,48,quantile,0.05,242.0
2026-01-17,wk inc flu hosp,1,2026-01-24,48,quantile,0.1,407.0
2026-01-17,wk inc flu hosp,1,2026-01-24,48,quantile,0.15,527.0
2026-01-17,wk inc flu hosp,1,2026-01-24,48,quantile,0.2,643.0
2026-01-17,wk inc flu hosp,1,2026-01-24,48,quantile,0.25,806.0
2026-01-17,wk inc flu hosp,1,2026-01-24,48,quantile,0.3,938.0
2026-01-17,wk inc flu hosp,1,2026-01-24,48,quantile,0.35,1035.0
2026-01-17,wk inc flu hosp,1,2026-01-24,48,quantile,0.4,1114.0
2026-01-17,wk inc flu hosp,1,2026-01-24,48,quantile,0.45,1192.0
2026-01-17,wk inc flu hosp,1,2026-01-24,48,quantile,0.5,1261.0
2026-01-17,wk inc flu hosp,1,2026-01-24,48,quantile,0.55,1344.0
2026-01-17,wk inc flu hosp,1,2026-01-24,48,quantile,0.6,1405.0
2026-01-17,wk inc flu hosp,1,2026-01-24,48,quantile,0.65,1462.0
2026-01-17,wk inc flu hosp,1,2026-01-24,48,quantile,0.7,1541.0
2026-01-17,wk inc flu hosp,1,2026-01-24,48,quantile,0.75,1626.0
2026-01-17,wk inc flu hosp,1,2026-01-24,48,quantile,0.8,1716.0
2026-01-17,wk inc flu hosp,1,2026-01-24,48,quantile,0.85,1807.0
2026-01-17,wk inc flu hosp,1,2026-01-24,48,quantile,0.9,1947.0
2026-01-17,wk inc flu hosp,1,2026-01-24,48,quantile,0.95,2159.0
2026-01-17,wk inc flu hosp,1,2026-01-24,48,quantile,0.975,2330.0
2026-01-17,wk inc flu hosp,1,2026-01-24,48,quantile,0.99,2488.0
2026-01-17,wk inc flu hosp,1,2026-01-24,49,quantile,0.01,24.0
2026-01-17,wk inc flu hosp,1,2026-01-24,49,quantile,0.025,30.0
2026-01-17,wk inc flu hosp,1,2026-01-24,49,quantile,0.05,39.0
2026-01-17,wk inc flu hosp,1,2026-01-24,49,quantile,0.1,56.0
2026-01-17,wk inc flu hosp,1,2026-01-24,49,quantile,0.15,67.0
2026-01-17,wk inc flu hosp,1,2026-01-24,49,quantile,0.2,76.0
2026-01-17,wk inc flu hosp,1,2026-01-24,49,quantile,0.25,83.0
2026-01-17,wk inc flu hosp,1,2026-01-24,49,quantile,0.3,90.0
2026-01-17,wk inc flu hosp,1,2026-01-24,49,quantile,0.35,97.0
2026-01-17,wk inc flu hosp,1,2026-01-24,49,quantile,0.4,103.0
2026-01-17,wk inc flu hosp,1,2026-01-24,49,quantile,0.45,109.0
2026-01-17,wk inc flu hosp,1,2026-01-24,49,quantile,0.5,114.0
2026-01-17,wk inc flu hosp,1,2026-01-24,49,quantile,0.55,120.0
2026-01-17,wk inc flu hosp,1,2026-01-24,49,quantile,0.6,127.0
2026-01-17,wk inc flu hosp,1,2026-01-24,49,quantile,0.65,133.0
2026-01-17,wk inc flu hosp,1,2026-01-24,49,quantile,0.7,141.0
2026-01-17,wk inc flu hosp,1,2026-01-24,49,quantile,0.75,148.0
2026-01-17,wk inc flu hosp,1,2026-01-24,49,quantile,0.8,155.0
2026-01-17,wk inc flu hosp,1,2026-01-24,49,quantile,0.85,163.0
2026-01-17,wk inc flu hosp,1,2026-01-24,49,quantile,0.9,175.0
2026-01-17,wk inc flu hosp,1,2026-01-24,49,quantile,0.95,192.0
2026-01-17,wk inc flu hosp,1,2026-01-24,49,quantile,0.975,205.0
2026-01-17,wk inc flu hosp,1,2026-01-24,49,quantile,0.99,221.0
2026-01-17,wk inc flu hosp,1,2026-01-24,50,quantile,0.01,6.0
2026-01-17,wk inc flu hosp,1,2026-01-24,50,quantile,0.025,7.0
2026-01-17,wk inc flu hosp,1,2026-01-24,50,quantile,0.05,8.0
2026-01-17,wk inc flu hosp,1,2026-01-24,50,quantile,0.1,10.0
2026-01-17,wk inc flu hosp,1,2026-01-24,50,quantile,0.15,12.0
2026-01-17,wk inc flu hosp,1,2026-01-24,50,quantile,0.2,14.0
2026-01-17,wk inc flu hosp,1,2026-01-24,50,quantile,0.25,16.0
2026-01-17,wk inc flu hosp,1,2026-01-24,50,quantile,0.3,18.0
2026-01-17,wk inc flu hosp,1,2026-01-24,50,quantile,0.35,19.0
2026-01-17,wk inc flu hosp,1,2026-01-24,50,quantile,0.4,20.0
2026-01-17,wk inc flu hosp,1,2026-01-24,50,quantile,0.45,22.0
2026-01-17,wk inc flu hosp,1,2026-01-24,50,quantile,0.5,23.0
2026-01-17,wk inc flu hosp,1,2026-01-24,50,quantile,0.55,25.0
2026-01-17,wk inc flu hosp,1,2026-01-24,50,quantile,0.6,26.0
2026-01-17,wk inc flu hosp,1,2026-01-24,50,quantile,0.65,27.0
2026-01-17,wk inc flu hosp,1,2026-01-24,50,quantile,0.7,29.0
2026-01-17,wk inc flu hosp,1,2026-01-24,50,quantile,0.75,31.0
2026-01-17,wk inc flu hosp,1,2026-01-24,50,quantile,0.8,32.0
2026-01-17,wk inc flu hosp,1,2026-01-24,50,quantile,0.85,34.0
2026-01-17,wk inc flu hosp,1,2026-01-24,50,quantile,0.9,37.0
2026-01-17,wk inc flu hosp,1,2026-01-24,50,quantile,0.95,41.0
2026-01-17,wk inc flu hosp,1,2026-01-24,50,quantile,0.975,44.0
2026-01-17,wk inc flu hosp,1,2026-01-24,50,quantile,0.99,47.0
2026-01-17,wk inc flu hosp,1,2026-01-24,51,quantile,0.01,31.0
2026-01-17,wk inc flu hosp,1,2026-01-24,51,quantile,0.025,57.0
2026-01-17,wk inc flu hosp,1,2026-01-24,51,quantile,0.05,111.0
2026-01-17,wk inc flu hosp,1,2026-01-24,51,quantile,0.1,159.0
2026-01-17,wk inc flu hosp,1,2026-01-24,51,quantile,0.15,189.0
2026-01-17,wk inc flu hosp,1,2026-01-24,51,quantile,0.2,218.0
2026-01-17,wk inc flu hosp,1,2026-01-24,51,quantile,0.25,236.0
2026-01-17,wk inc flu hosp,1,2026-01-24,51,quantile,0.3,258.0
2026-01-17,wk inc flu hosp,1,2026-01-24,51,quantile,0.35,278.0
2026-01-17,wk inc flu hosp,1,2026-01-24,51,quantile,0.4,295.0
2026-01-17,wk inc flu hosp,1,2026-01-24,51,quantile,0.45,310.0
2026-01-17,wk inc flu hosp,1,2026-01-24,51,quantile,0.5,323.0
2026-01-17,wk inc flu hosp,1,2026-01-24,51,quantile,0.55,337.0
2026-01-17,wk inc flu hosp,1,2026-01-24,51,quantile,0.6,353.0
2026-01-17,wk inc flu hosp,1,2026-01-24,51,quantile,0.65,370.0
2026-01-17,wk inc flu hosp,1,2026-01-24,51,quantile,0.7,387.0
2026-01-17,wk inc flu hosp,1,2026-01-24,51,quantile,0.75,407.0
2026-01-17,wk inc flu hosp,1,2026-01-24,51,quantile,0.8,427.0
2026-01-17,wk inc flu hosp,1,2026-01-24,51,quantile,0.85,450.0
2026-01-17,wk inc flu hosp,1,2026-01-24,51,quantile,0.9,480.0
2026-01-17,wk inc flu hosp,1,2026-01-24,51,quantile,0.95,538.0
2026-01-17,wk inc flu hosp,1,2026-01-24,51,quantile,0.975,571.0
2026-01-17,wk inc flu hosp,1,2026-01-24,51,quantile,0.99,607.0
2026-01-17,wk inc flu hosp,1,2026-01-24,53,quantile,0.01,78.0
2026-01-17,wk inc flu hosp,1,2026-01-24,53,quantile,0.025,117.0
2026-01-17,wk inc flu hosp,1,2026-01-24,53,quantile,0.05,136.0
2026-01-17,wk inc flu hosp,1,2026-01-24,53,quantile,0.1,157.0
2026-01-17,wk inc flu hosp,1,2026-01-24,53,quantile,0.15,173.0
2026-01-17,wk inc flu hosp,1,2026-01-24,53,quantile,0.2,185.0
2026-01-17,wk inc flu hosp,1,2026-01-24,53,quantile,0.25,195.0
2026-01-17,wk inc flu hosp,1,2026-01-24,53,quantile,0.3,207.0
2026-01-17,wk inc flu hosp,1,2026-01-24,53,quantile,0.35,218.0
2026-01-17,wk inc flu hosp,1,2026-01-24,53,quantile,0.4,228.0
2026-01-17,wk inc flu hosp,1,2026-01-24,53,quantile,0.45,235.0
2026-01-17,wk inc flu hosp,1,2026-01-24,53,quantile,0.5,246.0
2026-01-17,wk inc flu hosp,1,2026-01-24,53,quantile,0.55,254.0
2026-01-17,wk inc flu hosp,1,2026-01-24,53,quantile,0.6,260.0
2026-01-17,wk inc flu hosp,1,2026-01-24,53,quantile,0.65,268.0
2026-01-17,wk inc flu hosp,1,2026-01-24,53,quantile,0.7,277.0
2026-01-17,wk inc flu hosp,1,2026-01-24,53,quantile,0.75,287.0
2026-01-17,wk inc flu hosp,1,2026-01-24,53,quantile,0.8,299.0
2026-01-17,wk inc flu hosp,1,2026-01-24,53,quantile,0.85,311.0
2026-01-17,wk inc flu hosp,1,2026-01-24,53,quantile,0.9,330.0
2026-01-17,wk inc flu hosp,1,2026-01-24,53,quantile,0.95,359.0
2026-01-17,wk inc flu hosp,1,2026-01-24,53,quantile,0.975,380.0
2026-01-17,wk inc flu hosp,1,2026-01-24,53,quantile,0.99,404.0
2026-01-17,wk inc flu hosp,1,2026-01-24,54,quantile,0.01,7.0
2026-01-17,wk inc flu hosp,1,2026-01-24,54,quantile,0.025,12.0
2026-01-17,wk inc flu hosp,1,2026-01-24,54,quantile,0.05,20.0
2026-01-17,wk inc flu hosp,1,2026-01-24,54,quantile,0.1,30.0
2026-01-17,wk inc flu hosp,1,2026-01-24,54,quantile,0.15,36.0
2026-01-17,wk inc flu hosp,1,2026-01-24,54,quantile,0.2,43.0
2026-01-17,wk inc flu hosp,1,2026-01-24,54,quantile,0.25,47.0
2026-01-17,wk inc flu hosp,1,2026-01-24,54,quantile,0.3,51.0
2026-01-17,wk inc flu hosp,1,2026-01-24,54,quantile,0.35,55.0
2026-01-17,wk inc flu hosp,1,2026-01-24,54,quantile,0.4,60.0
2026-01-17,wk inc flu hosp,1,2026-01-24,54,quantile,0.45,64.0
2026-01-17,wk inc flu hosp,1,2026-01-24,54,quantile,0.5,67.0
2026-01-17,wk inc flu hosp,1,2026-01-24,54,quantile,0.55,71.0
2026-01-17,wk inc flu hosp,1,2026-01-24,54,quantile,0.6,75.0
2026-01-17,wk inc flu hosp,1,2026-01-24,54,quantile,0.65,78.0
2026-01-17,wk inc flu hosp,1,2026-01-24,54,quantile,0.7,82.0
2026-01-17,wk inc flu hosp,1,2026-01-24,54,quantile,0.75,87.0
2026-01-17,wk inc flu hosp,1,2026-01-24,54,quantile,0.8,92.0
2026-01-17,wk inc flu hosp,1,2026-01-24,54,quantile,0.85,96.0
2026-01-17,wk inc flu hosp,1,2026-01-24,54,quantile,0.9,103.0
2026-01-17,wk inc flu hosp,1,2026-01-24,54,quantile,0.95,114.0
2026-01-17,wk inc flu hosp,1,2026-01-24,54,quantile,0.975,121.0
2026-01-17,wk inc flu hosp,1,2026-01-24,54,quantile,0.99,136.0
2026-01-17,wk inc flu hosp,1,2026-01-24,55,quantile,0.01,117.0
2026-01-17,wk inc flu hosp,1,2026-01-24,55,quantile,0.025,147.0
2026-01-17,wk inc flu hosp,1,2026-01-24,55,quantile,0.05,170.0
2026-01-17,wk inc flu hosp,1,2026-01-24,55,quantile,0.1,217.0
2026-01-17,wk inc flu hosp,1,2026-01-24,55,quantile,0.15,236.0
2026-01-17,wk inc flu hosp,1,2026-01-24,55,quantile,0.2,250.0
2026-01-17,wk inc flu hosp,1,2026-01-24,55,quantile,0.25,260.0
2026-01-17,wk inc flu hosp,1,2026-01-24,55,quantile,0.3,272.0
2026-01-17,wk inc flu hosp,1,2026-01-24,55,quantile,0.35,284.0
2026-01-17,wk inc flu hosp,1,2026-01-24,55,quantile,0.4,294.0
2026-01-17,wk inc flu hosp,1,2026-01-24,55,quantile,0.45,304.0
2026-01-17,wk inc flu hosp,1,2026-01-24,55,quantile,0.5,312.0
2026-01-17,wk inc flu hosp,1,2026-01-24,55,quantile,0.55,322.0
2026-01-17,wk inc flu hosp,1,2026-01-24,55,quantile,0.6,330.0
2026-01-17,wk inc flu hosp,1,2026-01-24,55,quantile,0.65,340.0
2026-01-17,wk inc flu hosp,1,2026-01-24,55,quantile,0.7,350.0
2026-01-17,wk inc flu hosp,1,2026-01-24,55,quantile,0.75,361.0
2026-01-17,wk inc flu hosp,1,2026-01-24,55,quantile,0.8,372.0
2026-01-17,wk inc flu hosp,1,2026-01-24,55,quantile,0.85,385.0
2026-01-17,wk inc flu hosp,1,2026-01-24,55,quantile,0.9,404.0
2026-01-17,wk inc flu hosp,1,2026-01-24,55,quantile,0.95,429.0
2026-01-17,wk inc flu hosp,1,2026-01-24,55,quantile,0.975,456.0
2026-01-17,wk inc flu hosp,1,2026-01-24,55,quantile,0.99,491.0
2026-01-17,wk inc flu hosp,1,2026-01-24,56,quantile,0.01,4.0
2026-01-17,wk inc flu hosp,1,2026-01-24,56,quantile,0.025,7.0
2026-01-17,wk inc flu hosp,1,2026-01-24,56,quantile,0.05,10.0
2026-01-17,wk inc flu hosp,1,2026-01-24,56,quantile,0.1,13.0
2026-01-17,wk inc flu hosp,1,2026-01-24,56,quantile,0.15,16.0
2026-01-17,wk inc flu hosp,1,2026-01-24,56,quantile,0.2,17.0
2026-01-17,wk inc flu hosp,1,2026-01-24,56,quantile,0.25,18.0
2026-01-17,wk inc flu hosp,1,2026-01-24,56,quantile,0.3,19.0
2026-01-17,wk inc flu hosp,1,2026-01-24,56,quantile,0.35,20.0
2026-01-17,wk inc flu hosp,1,2026-01-24,56,quantile,0.4,20.0
2026-01-17,wk inc flu hosp,1,2026-01-24,56,quantile,0.45,21.0
2026-01-17,wk inc flu hosp,1,2026-01-24,56,quantile,0.5,22.0
2026-01-17,wk inc flu hosp,1,2026-01-24,56,quantile,0.55,23.0
2026-01-17,wk inc flu hosp,1,2026-01-24,56,quantile,0.6,24.0
2026-01-17,wk inc flu hosp,1,2026-01-24,56,quantile,0.65,25.0
2026-01-17,wk inc flu hosp,1,2026-01-24,56,quantile,0.7,25.0
2026-01-17,wk inc flu hosp,1,2026-01-24,56,quantile,0.75,26.0
2026-01-17,wk inc flu hosp,1,2026-01-24,56,quantile,0.8,28.0
2026-01-17,wk inc flu hosp,1,2026-01-24,56,quantile,0.85,29.0
2026-01-17,wk inc flu hosp,1,2026-01-24,56,quantile,0.9,30.0
2026-01-17,wk inc flu hosp,1,2026-01-24,56,quantile,0.95,32.0
2026-01-17,wk inc flu hosp,1,2026-01-24,56,quantile,0.975,34.0
2026-01-17,wk inc flu hosp,1,2026-01-24,56,quantile,0.99,36.0
2026-01-17,wk inc flu hosp,1,2026-01-24,US,quantile,0.01,4030.0
2026-01-17,wk inc flu hosp,1,2026-01-24,US,quantile,0.025,5112.0
2026-01-17,wk inc flu hosp,1,2026-01-24,US,quantile,0.05,6417.0
2026-01-17,wk inc flu hosp,1,2026-01-24,US,quantile,0.1,8310.0
2026-01-17,wk inc flu hosp,1,2026-01-24,US,quantile,0.15,9871.0
2026-01-17,wk inc flu hosp,1,2026-01-24,US,quantile,0.2,11208.0
2026-01-17,wk inc flu hosp,1,2026-01-24,US,quantile,0.25,11712.0
2026-01-17,wk inc flu hosp,1,2026-01-24,US,quantile,0.3,12239.0
2026-01-17,wk inc flu hosp,1,2026-01-24,US,quantile,0.35,12680.0
2026-01-17,wk inc flu hosp,1,2026-01-24,US,quantile,0.4,13058.0
2026-01-17,wk inc flu hosp,1,2026-01-24,US,quantile,0.45,13510.0
2026-01-17,wk inc flu hosp,1,2026-01-24,US,quantile,0.5,13890.0
2026-01-17,wk inc flu hosp,1,2026-01-24,US,quantile,0.55,14313.0
2026-01-17,wk inc flu hosp,1,2026-01-24,US,quantile,0.6,14637.0
2026-01-17,wk inc flu hosp,1,2026-01-24,US,quantile,0.65,14987.0
2026-01-17,wk inc flu hosp,1,2026-01-24,US,quantile,0.7,15325.0
2026-01-17,wk inc flu hosp,1,2026-01-24,US,quantile,0.75,15849.0
2026-01-17,wk inc flu hosp,1,2026-01-24,US,quantile,0.8,16342.0
2026-01-17,wk inc flu hosp,1,2026-01-24,US,quantile,0.85,16905.0
2026-01-17,wk inc flu hosp,1,2026-01-24,US,quantile,0.9,17556.0
2026-01-17,wk inc flu hosp,1,2026-01-24,US,quantile,0.95,18766.0
2026-01-17,wk inc flu hosp,1,2026-01-24,US,quantile,0.975,19586.0
2026-01-17,wk inc flu hosp,1,2026-01-24,US,quantile,0.99,20628.0
2026-01-17,wk inc flu hosp,2,2026-01-31,01,quantile,0.01,3.0
2026-01-17,wk inc flu hosp,2,2026-01-31,01,quantile,0.025,13.0
2026-01-17,wk inc flu hosp,2,2026-01-31,01,quantile,0.05,30.0
2026-01-17,wk inc flu hosp,2,2026-01-31,01,quantile,0.1,58.0
2026-01-17,wk inc flu hosp,2,2026-01-31,01,quantile,0.15,87.0
2026-01-17,wk inc flu hosp,2,2026-01-31,01,quantile,0.2,107.0
2026-01-17,wk inc flu hosp,2,2026-01-31,01,quantile,0.25,127.0
2026-01-17,wk inc flu hosp,2,2026-01-31,01,quantile,0.3,142.0
2026-01-17,wk inc flu hosp,2,2026-01-31,01,quantile,0.35,159.0
2026-01-17,wk inc flu hosp,2,2026-01-31,01,quantile,0.4,178.0
2026-01-17,wk inc flu hosp,2,2026-01-31,01,quantile,0.45,194.0
2026-01-17,wk inc flu hosp,2,2026-01-31,01,quantile,0.5,211.0
2026-01-17,wk inc flu hosp,2,2026-01-31,01,quantile,0.55,232.0
2026-01-17,wk inc flu hosp,2,2026-01-31,01,quantile,0.6,245.0
2026-01-17,wk inc flu hosp,2,2026-01-31,01,quantile,0.65,267.0
2026-01-17,wk inc flu hosp,2,2026-01-31,01,quantile,0.7,281.0
2026-01-17,wk inc flu hosp,2,2026-01-31,01,quantile,0.75,303.0
2026-01-17,wk inc flu hosp,2,2026-01-31,01,quantile,0.8,323.0
2026-01-17,wk inc flu hosp,2,2026-01-31,01,quantile,0.85,347.0
2026-01-17,wk inc flu hosp,2,2026-01-31,01,quantile,0.9,378.0
2026-01-17,wk inc flu hosp,2,2026-01-31,01,quantile,0.95,431.0
2026-01-17,wk inc flu hosp,2,2026-01-31,01,quantile,0.975,473.0
2026-01-17,wk inc flu hosp,2,2026-01-31,01,quantile,0.99,525.0
2026-01-17,wk inc flu hosp,2,2026-01-31,02,quantile,0.01,11.0
2026-01-17,wk inc flu hosp,2,2026-01-31,02,quantile,0.025,15.0
2026-01-17,wk inc flu hosp,2,2026-01-31,02,quantile,0.05,18.0
2026-01-17,wk inc flu hosp,2,2026-01-31,02,quantile,0.1,23.0
2026-01-17,wk inc flu hosp,2,2026-01-31,02,quantile,0.15,28.0
2026-01-17,wk inc flu hosp,2,2026-01-31,02,quantile,0.2,31.0
2026-01-17,wk inc flu hosp,2,2026-01-31,02,quantile,0.25,34.0
2026-01-17,wk inc flu hosp,2,2026-01-31,02,quantile,0.3,38.0
2026-01-17,wk inc flu hosp,2,2026-01-31,02,quantile,0.35,41.0
2026-01-17,wk inc flu hosp,2,2026-01-31,02,quantile,0.4,44.0
2026-01-17,wk inc flu hosp,2,2026-01-31,02,quantile,0.45,45.0
2026-01-17,wk inc flu hosp,2,2026-01-31,02,quantile,0.5,46.0
2026-01-17,wk inc flu hosp,2,2026-01-31,02,quantile,0.55,47.0
2026-01-17,wk inc flu hosp,2,2026-01-31,02,quantile,0.6,49.0
2026-01-17,wk inc flu hosp,2,2026-01-31,02,quantile,0.65,50.0
2026-01-17,wk inc flu hosp,2,2026-01-31,02,quantile,0.7,51.0
2026-01-17,wk inc flu hosp,2,2026-01-31,02,quantile,0.75,53.0
2026-01-17,wk inc flu hosp,2,2026-01-31,02,quantile,0.8,54.0
2026-01-17,wk inc flu hosp,2,2026-01-31,02,quantile,0.85,56.0
2026-01-17,wk inc flu hosp,2,2026-01-31,02,quantile,0.9,59.0
2026-01-17,wk inc flu hosp,2,2026-01-31,02,quantile,0.95,63.0
2026-01-17,wk inc flu hosp,2,2026-01-31,02,quantile,0.975,66.0
2026-01-17,wk inc flu hosp,2,2026-01-31,02,quantile,0.99,70.0
2026-01-17,wk inc flu hosp,2,2026-01-31,04,quantile,0.01,0.0
2026-01-17,wk inc flu hosp,2,2026-01-31,04,quantile,0.025,1.0
2026-01-17,wk inc flu hosp,2,2026-01-31,04,quantile,0.05,12.0
2026-01-17,wk inc flu hosp,2,2026-01-31,04,quantile,0.1,21.0
2026-01-17,wk inc flu hosp,2,2026-01-31,04,quantile,0.15,36.0
2026-01-17,wk inc flu hosp,2,2026-01-31,04,quantile,0.2,50.0
2026-01-17,wk inc flu hosp,2,2026-01-31,04,quantile,0.25,63.0
2026-01-17,wk inc flu hosp,2,2026-01-31,04,quantile,0.3,75.0
2026-01-17,wk inc flu hosp,2,2026-01-31,04,quantile,0.35,86.0
2026-01-17,wk inc flu hosp,2,2026-01-31,04,quantile,0.4,99.0
2026-01-17,wk inc flu hosp,2,2026-01-31,04,quantile,0.45,111.0
2026-01-17,wk inc flu hosp,2,2026-01-31,04,quantile,0.5,123.0
2026-01-17,wk inc flu hosp,2,2026-01-31,04,quantile,0.55,136.0
2026-01-17,wk inc flu hosp,2,2026-01-31,04,quantile,0.6,148.0
2026-01-17,wk inc flu hosp,2,2026-01-31,04,quantile,0.65,162.0
2026-01-17,wk inc flu hosp,2,2026-01-31,04,quantile,0.7,173.0
2026-01-17,wk inc flu hosp,2,2026-01-31,04,quantile,0.75,189.0
2026-01-17,wk inc flu hosp,2,2026-01-31,04,quantile,0.8,208.0
2026-01-17,wk inc flu hosp,2,2026-01-31,04,quantile,0.85,228.0
2026-01-17,wk inc flu hosp,2,2026-01-31,04,quantile,0.9,254.0
2026-01-17,wk inc flu hosp,2,2026-01-31,04,quantile,0.95,295.0
2026-01-17,wk inc flu hosp,2,2026-01-31,04,quantile,0.975,328.0
2026-01-17,wk inc flu hosp,2,2026-01-31,04,quantile,0.99,369.0
2026-01-17,wk inc flu hosp,2,2026-01-31,05,quantile,0.01,21.0
2026-01-17,wk inc flu hosp,2,2026-01-31,05,quantile,0.025,27.0
2026-01-17,wk inc flu hosp,2,2026-01-31,05,quantile,0.05,47.0
2026-01-17,wk inc flu hosp,2,2026-01-31,05,quantile,0.1,70.0
2026-01-17,wk inc flu hosp,2,2026-01-31,05,quantile,0.15,84.0
2026-01-17,wk inc flu hosp,2,2026-01-31,05,quantile,0.2,96.0
2026-01-17,wk inc flu hosp,2,2026-01-31,05,quantile,0.25,105.0
2026-01-17,wk inc flu hosp,2,2026-01-31,05,quantile,0.3,115.0
2026-01-17,wk inc flu hosp,2,2026-01-31,05,quantile,0.35,123.0
2026-01-17,wk inc flu hosp,2,2026-01-31,05,quantile,0.4,132.0
2026-01-17,wk inc flu hosp,2,2026-01-31,05,quantile,0.45,140.0
2026-01-17,wk inc flu hosp,2,2026-01-31,05,quantile,0.5,149.0
2026-01-17,wk inc flu hosp,2,2026-01-31,05,quantile,0.55,156.0
2026-01-17,wk inc flu hosp,2,2026-01-31,05,quantile,0.6,165.0
2026-01-17,wk inc flu hosp,2,2026-01-31,05,quantile,0.65,174.0
2026-01-17,wk inc flu hosp,2,2026-01-31,05,quantile,0.7,181.0
2026-01-17,wk inc flu hosp,2,2026-01-31,05,quantile,0.75,192.0
2026-01-17,wk inc flu hosp,2,2026-01-31,05,quantile,0.8,203.0
2026-01-17,wk inc flu hosp,2,2026-01-31,05,quantile,0.85,214.0
2026-01-17,wk inc flu hosp,2,2026-01-31,05,quantile,0.9,228.0
2026-01-17,wk inc flu hosp,2,2026-01-31,05,quantile,0.95,246.0
2026-01-17,wk inc flu hosp,2,2026-01-31,05,quantile,0.975,268.0
2026-01-17,wk inc flu hosp,2,2026-01-31,05,quantile,0.99,287.0
2026-01-17,wk inc flu hosp,2,2026-01-31,06,quantile,0.01,210.0
2026-01-17,wk inc flu hosp,2,2026-01-31,06,quantile,0.025,280.0
2026-01-17,wk inc flu hosp,2,2026-01-31,06,quantile,0.05,372.0
2026-01-17,wk inc flu hosp,2,2026-01-31,06,quantile,0.1,477.0
2026-01-17,wk inc flu hosp,2,2026-01-31,06,quantile,0.15,538.0
2026-01-17,wk inc flu hosp,2,2026-01-31,06,quantile,0.2,595.0
2026-01-17,wk inc flu hosp,2,2026-01-31,06,quantile,0.25,641.0
2026-01-17,wk inc flu hosp,2,2026-01-31,06,quantile,0.3,685.0
2026-01-17,wk inc flu hosp,2,2026-01-31,06,quantile,0.35,731.0
2026-01-17,wk inc flu hosp,2,2026-01-31,06,quantile,0.4,782.0
2026-01-17,wk inc flu hosp,2,2026-01-31,06,quantile,0.45,827.0
2026-01-17,wk inc flu hosp,2,2026-01-31,06,quantile,0.5,872.0
2026-01-17,wk inc flu hosp,2,2026-01-31,06,quantile,0.55,912.0
2026-01-17,wk inc flu hosp,2,2026-01-31,06,quantile,0.6,956.0
2026-01-17,wk inc flu hosp,2,2026-01-31,06,quantile,0.65,999.0
2026-01-17,wk inc flu hosp,2,2026-01-31,06,quantile,0.7,1038.0
2026-01-17,wk inc flu hosp,2,2026-01-31,06,quantile,0.75,1085.0
2026-01-17,wk inc flu hosp,2,2026-01-31,06,quantile,0.8,1134.0
2026-01-17,wk inc flu hosp,2,2026-01-31,06,quantile,0.85,1200.0
2026-01-17,wk inc flu hosp,2,2026-01-31,06,quantile,0.9,1289.0
2026-01-17,wk inc flu hosp,2,2026-01-31,06,quantile,0.95,1399.0
2026-01-17,wk inc flu hosp,2,2026-01-31,06,quantile,0.975,1505.0
2026-01-17,wk inc flu hosp,2,2026-01-31,06,quantile,0.99,1587.0
2026-01-17,wk inc flu hosp,2,2026-01-31,08,quantile,0.01,41.0
2026-01-17,wk inc flu hosp,2,2026-01-31,08,quantile,0.025,56.0
2026-01-17,wk inc flu hosp,2,2026-01-31,08,quantile,0.05,70.0
2026-01-17,wk inc flu hosp,2,2026-01-31,08,quantile,0.1,93.0
2026-01-17,wk inc flu hosp,2,2026-01-31,08,quantile,0.15,110.0
2026-01-17,wk inc flu hosp,2,2026-01-31,08,quantile,0.2,130.0
2026-01-17,wk inc flu hosp,2,2026-01-31,08,quantile,0.25,149.0
2026-01-17,wk inc flu hosp,2,2026-01-31,08,quantile,0.3,167.0
2026-01-17,wk inc flu hosp,2,2026-01-31,08,quantile,0.35,185.0
2026-01-17,wk inc flu hosp,2,2026-01-31,08,quantile,0.4,199.0
2026-01-17,wk inc flu hosp,2,2026-01-31,08,quantile,0.45,203.0
2026-01-17,wk inc flu hosp,2,2026-01-31,08,quantile,0.5,209.0
2026-01-17,wk inc flu hosp,2,2026-01-31,08,quantile,0.55,215.0
2026-01-17,wk inc flu hosp,2,2026-01-31,08,quantile,0.6,219.0
2026-01-17,wk inc flu hosp,2,2026-01-31,08,quantile,0.65,227.0
2026-01-17,wk inc flu hosp,2,2026-01-31,08,quantile,0.7,232.0
2026-01-17,wk inc flu hosp,2,2026-01-31,08,quantile,0.75,240.0
2026-01-17,wk inc flu hosp,2,2026-01-31,08,quantile,0.8,246.0
2026-01-17,wk inc flu hosp,2,2026-01-31,08,quantile,0.85,254.0
2026-01-17,wk inc flu hosp,2,2026-01-31,08,quantile,0.9,265.0
2026-01-17,wk inc flu hosp,2,2026-01-31,08,quantile,0.95,283.0
2026-01-17,wk inc flu hosp,2,2026-01-31,08,quantile,0.975,296.0
2026-01-17,wk inc flu hosp,2,2026-01-31,08,quantile,0.99,307.0
2026-01-17,wk inc flu hosp,2,2026-01-31,09,quantile,0.01,13.0
2026-01-17,wk inc flu hosp,2,2026-01-31,09,quantile,0.025,16.0
2026-01-17,wk inc flu hosp,2,2026-01-31,09,quantile,0.05,20.0
2026-01-17,wk inc flu hosp,2,2026-01-31,09,quantile,0.1,28.0
2026-01-17,wk inc flu hosp,2,2026-01-31,09,quantile,0.15,35.0
2026-01-17,wk inc flu hosp,2,2026-01-31,09,quantile,0.2,46.0
2026-01-17,wk inc flu hosp,2,2026-01-31,09,quantile,0.25,52.0
2026-01-17,wk inc flu hosp,2,2026-01-31,09,quantile,0.3,60.0
2026-01-17,wk inc flu hosp,2,2026-01-31,09,quantile,0.35,67.0
2026-01-17,wk inc flu hosp,2,2026-01-31,09,quantile,0.4,72.0
2026-01-17,wk inc flu hosp,2,2026-01-31,09,quantile,0.45,77.0
2026-01-17,wk inc flu hosp,2,2026-01-31,09,quantile,0.5,81.0
2026-01-17,wk inc flu hosp,2,2026-01-31,09,quantile,0.55,86.0
2026-01-17,wk inc flu hosp,2,2026-01-31,09,quantile,0.6,89.0
2026-01-17,wk inc flu hosp,2,2026-01-31,09,quantile,0.65,93.0
2026-01-17,wk inc flu hosp,2,2026-01-31,09,quantile,0.7,98.0
2026-01-17,wk inc flu hosp,2,2026-01-31,09,quantile,0.75,103.0
2026-01-17,wk inc flu hosp,2,2026-01-31,09,quantile,0.8,108.0
2026-01-17,wk inc flu hosp,2,2026-01-31,09,quantile,0.85,114.0
2026-01-17,wk inc flu hosp,2,2026-01-31,09,quantile,0.9,122.0
2026-01-17,wk inc flu hosp,2,2026-01-31,09,quantile,0.95,134.0
2026-01-17,wk inc flu hosp,2,2026-01-31,09,quantile,0.975,143.0
2026-01-17,wk inc flu hosp,2,2026-01-31,09,quantile,0.99,152.0
2026-01-17,wk inc flu hosp,2,2026-01-31,10,quantile,0.01,10.0
2026-01-17,wk inc flu hosp,2,2026-01-31,10,quantile,0.025,12.0
2026-01-17,wk inc flu hosp,2,2026-01-31,10,quantile,0.05,18.0
2026-01-17,wk inc flu hosp,2,2026-01-31,10,quantile,0.1,28.0
2026-01-17,wk inc flu hosp,2,2026-01-31,10,quantile,0.15,33.0
2026-01-17,wk inc flu hosp,2,2026-01-31,10,quantile,0.2,38.0
2026-01-17,wk inc flu hosp,2,2026-01-31,10,quantile,0.25,41.0
2026-01-17,wk inc flu hosp,2,2026-01-31,10,quantile,0.3,44.0
2026-01-17,wk inc flu hosp,2,2026-01-31,10,quantile,0.35,47.0
2026-01-17,wk inc flu hosp,2,2026-01-31,10,quantile,0.4,50.0
2026-01-17,wk inc flu hosp,2,2026-01-31,10,quantile,0.45,53.0
2026-01-17,wk inc flu hosp,2,2026-01-31,10,quantile,0.5,56.0
2026-01-17,wk inc flu hosp,2,2026-01-31,10,quantile,0.55,59.0
2026-01-17,wk inc flu hosp,2,2026-01-31,10,quantile,0.6,62.0
2026-01-17,wk inc flu hosp,2,2026-01-31,10,quantile,0.65,65.0
2026-01-17,wk inc flu hosp,2,2026-01-31,10,quantile,0.7,68.0
2026-01-17,wk inc flu hosp,2,2026-01-31,10,quantile,0.75,72.0
2026-01-17,wk inc flu hosp,2,2026-01-31,10,quantile,0.8,74.0
2026-01-17,wk inc flu hosp,2,2026-01-31,10,quantile,0.85,79.0
2026-01-17,wk inc flu hosp,2,2026-01-31,10,quantile,0.9,85.0
2026-01-17,wk inc flu hosp,2,2026-01-31,10,quantile,0.95,95.0
2026-01-17,wk inc flu hosp,2,2026-01-31,10,quantile,0.975,101.0
2026-01-17,wk inc flu hosp,2,2026-01-31,10,quantile,0.99,111.0
2026-01-17,wk inc flu hosp,2,2026-01-31,11,quantile,0.01,3.0
2026-01-17,wk inc flu hosp,2,2026-01-31,11,quantile,0.025,4.0
2026-01-17,wk inc flu hosp,2,2026-01-31,11,quantile,0.05,5.0
2026-01-17,wk inc flu hosp,2,2026-01-31,11,quantile,0.1,9.0
2026-01-17,wk inc flu hosp,2,2026-01-31,11,quantile,0.15,13.0
2026-01-17,wk inc flu hosp,2,2026-01-31,11,quantile,0.2,16.0
2026-01-17,wk inc flu hosp,2,2026-01-31,11,quantile,0.25,19.0
2026-01-17,wk inc flu hosp,2,2026-01-31,11,quantile,0.3,22.0
2026-01-17,wk inc flu hosp,2,2026-01-31,11,quantile,0.35,23.0
2026-01-17,wk inc flu hosp,2,2026-01-31,11,quantile,0.4,24.0
2026-01-17,wk inc flu hosp,2,2026-01-31,11,quantile,0.45,26.0
2026-01-17,wk inc flu hosp,2,2026-01-31,11,quantile,0.5,27.0
2026-01-17,wk inc flu hosp,2,2026-01-31,11,quantile,0.55,28.0
2026-01-17,wk inc flu hosp,2,2026-01-31,11,quantile,0.6,30.0
2026-01-17,wk inc flu hosp,2,2026-01-31,11,quantile,0.65,31.0
2026-01-17,wk inc flu hosp,2,2026-01-31,11,quantile,0.7,32.0
2026-01-17,wk inc flu hosp,2,2026-01-31,11,quantile,0.75,34.0
2026-01-17,wk inc flu hosp,2,2026-01-31,11,quantile,0.8,35.0
2026-01-17,wk inc flu hosp,2,2026-01-31,11,quantile,0.85,37.0
2026-01-17,wk inc flu hosp,2,2026-01-31,11,quantile,0.9,40.0
2026-01-17,wk inc flu hosp,2,2026-01-31,11,quantile,0.95,44.0
2026-01-17,wk inc flu hosp,2,2026-01-31,11,quantile,0.975,47.0
2026-01-17,wk inc flu hosp,2,2026-01-31,11,quantile,0.99,50.0
2026-01-17,wk inc flu hosp,2,2026-01-31,12,quantile,0.01,261.0
2026-01-17,wk inc flu hosp,2,2026-01-31,12,quantile,0.025,332.0
2026-01-17,wk inc flu hosp,2,2026-01-31,12,quantile,0.05,403.0
2026-01-17,wk inc flu hosp,2,2026-01-31,12,quantile,0.1,514.0
2026-01-17,wk inc flu hosp,2,2026-01-31,12,quantile,0.15,594.0
2026-01-17,wk inc flu hosp,2,2026-01-31,12,quantile,0.2,675.0
2026-01-17,wk inc flu hosp,2,2026-01-31,12,quantile,0.25,757.0
2026-01-17,wk inc flu hosp,2,2026-01-31,12,quantile,0.3,820.0
2026-01-17,wk inc flu hosp,2,2026-01-31,12,quantile,0.35,887.0
2026-01-17,wk inc flu hosp,2,2026-01-31,12,quantile,0.4,963.0
2026-01-17,wk inc flu hosp,2,2026-01-31,12,quantile,0.45,1033.0
2026-01-17,wk inc flu hosp,2,2026-01-31,12,quantile,0.5,1093.0
2026-01-17,wk inc flu hosp,2,2026-01-31,12,quantile,0.55,1145.0
2026-01-17,wk inc flu hosp,2,2026-01-31,12,quantile,0.6,1173.0
2026-01-17,wk inc flu hosp,2,2026-01-31,12,quantile,0.65,1202.0
2026-01-17,wk inc flu hosp,2,2026-01-31,12,quantile,0.7,1227.0
2026-01-17,wk inc flu hosp,2,2026-01-31,12,quantile,0.75,1256.0
2026-01-17,wk inc flu hosp,2,2026-01-31,12,quantile,0.8,1295.0
2026-01-17,wk inc flu hosp,2,2026-01-31,12,quantile,0.85,1337.0
2026-01-17,wk inc flu hosp,2,2026-01-31,12,quantile,0.9,1378.0
2026-01-17,wk inc flu hosp,2,2026-01-31,12,quantile,0.95,1459.0
2026-01-17,wk inc flu hosp,2,2026-01-31,12,quantile,0.975,1537.0
2026-01-17,wk inc flu hosp,2,2026-01-31,12,quantile,0.99,1608.0
2026-01-17,wk inc flu hosp,2,2026-01-31,13,quantile,0.01,43.0
2026-01-17,wk inc flu hosp,2,2026-01-31,13,quantile,0.025,56.0
2026-01-17,wk inc flu hosp,2,2026-01-31,13,quantile,0.05,75.0
2026-01-17,wk inc flu hosp,2,2026-01-31,13,quantile,0.1,129.0
2026-01-17,wk inc flu hosp,2,2026-01-31,13,quantile,0.15,183.0
2026-01-17,wk inc flu hosp,2,2026-01-31,13,quantile,0.2,218.0
2026-01-17,wk inc flu hosp,2,2026-01-31,13,quantile,0.25,235.0
2026-01-17,wk inc flu hosp,2,2026-01-31,13,quantile,0.3,257.0
2026-01-17,wk inc flu hosp,2,2026-01-31,13,quantile,0.35,277.0
2026-01-17,wk inc flu hosp,2,2026-01-31,13,quantile,0.4,298.0
2026-01-17,wk inc flu hosp,2,2026-01-31,13,quantile,0.45,317.0
2026-01-17,wk inc flu hosp,2,2026-01-31,13,quantile,0.5,336.0
2026-01-17,wk inc flu hosp,2,2026-01-31,13,quantile,0.55,355.0
2026-01-17,wk inc flu hosp,2,2026-01-31,13,quantile,0.6,372.0
2026-01-17,wk inc flu hosp,2,2026-01-31,13,quantile,0.65,394.0
2026-01-17,wk inc flu hosp,2,2026-01-31,13,quantile,0.7,413.0
2026-01-17,wk inc flu hosp,2,2026-01-31,13,quantile,0.75,433.0
2026-01-17,wk inc flu hosp,2,2026-01-31,13,quantile,0.8,453.0
2026-01-17,wk inc flu hosp,2,2026-01-31,13,quantile,0.85,483.0
2026-01-17,wk inc flu hosp,2,2026-01-31,13,quantile,0.9,517.0
2026-01-17,wk inc flu hosp,2,2026-01-31,13,quantile,0.95,569.0
2026-01-17,wk inc flu hosp,2,2026-01-31,13,quantile,0.975,606.0
2026-01-17,wk inc flu hosp,2,2026-01-31,13,quantile,0.99,652.0
2026-01-17,wk inc flu hosp,2,2026-01-31,15,quantile,0.01,0.0
2026-01-17,wk inc flu hosp,2,2026-01-31,15,quantile,0.025,1.0
2026-01-17,wk inc flu hosp,2,2026-01-31,15,quantile,0.05,7.0
2026-01-17,wk inc flu hosp,2,2026-01-31,15,quantile,0.1,17.0
2026-01-17,wk inc flu hosp,2,2026-01-31,15,quantile,0.15,25.0
2026-01-17,wk inc flu hosp,2,2026-01-31,15,quantile,0.2,31.0
2026-01-17,wk inc flu hosp,2,2026-01-31,15,quantile,0.25,35.0
2026-01-17,wk inc flu hosp,2,2026-01-31,15,quantile,0.3,39.0
2026-01-17,wk inc flu hosp,2,2026-01-31,15,quantile,0.35,43.0
2026-01-17,wk inc flu hosp,2,2026-01-31,15,quantile,0.4,48.0
2026-01-17,wk inc flu hosp,2,2026-01-31,15,quantile,0.45,51.0
2026-01-17,wk inc flu hosp,2,2026-01-31,15,quantile,0.5,55.0
2026-01-17,wk inc flu hosp,2,2026-01-31,15,quantile,0.55,59.0
2026-01-17,wk inc flu hosp,2,2026-01-31,15,quantile,0.6,62.0
2026-01-17,wk inc flu hosp,2,2026-01-31,15,quantile,0.65,67.0
2026-01-17,wk inc flu hosp,2,2026-01-31,15,quantile,0.7,72.0
2026-01-17,wk inc flu hosp,2,2026-01-31,15,quantile,0.75,77.0
2026-01-17,wk inc flu hosp,2,2026-01-31,15,quantile,0.8,82.0
2026-01-17,wk inc flu hosp,2,2026-01-31,15,quantile,0.85,90.0
2026-01-17,wk inc flu hosp,2,2026-01-31,15,quantile,0.9,100.0
2026-01-17,wk inc flu hosp,2,2026-01-31,15,quantile,0.95,114.0
2026-01-17,wk inc flu hosp,2,2026-01-31,15,quantile,0.975,129.0
2026-01-17,wk inc flu hosp,2,2026-01-31,15,quantile,0.99,139.0
2026-01-17,wk inc flu hosp,2,2026-01-31,16,quantile,0.01,7.0
2026-01-17,wk inc flu hosp,2,2026-01-31,16,quantile,0.025,9.0
2026-01-17,wk inc flu hosp,2,2026-01-31,16,quantile,0.05,15.0
2026-01-17,wk inc flu hosp,2,2026-01-31,16,quantile,0.1,24.0
2026-01-17,wk inc flu hosp,2,2026-01-31,16,quantile,0.15,32.0
2026-01-17,wk inc flu hosp,2,2026-01-31,16,quantile,0.2,40.0
2026-01-17,wk inc flu hosp,2,2026-01-31,16,quantile,0.25,45.0
2026-01-17,wk inc flu hosp,2,2026-01-31,16,quantile,0.3,48.0
2026-01-17,wk inc flu hosp,2,2026-01-31,16,quantile,0.35,51.0
2026-01-17,wk inc flu hosp,2,2026-01-31,16,quantile,0.4,54.0
2026-01-17,wk inc flu hosp,2,2026-01-31,16,quantile,0.45,56.0
2026-01-17,wk inc flu hosp,2,2026-01-31,16,quantile,0.5,59.0
2026-01-17,wk inc flu hosp,2,2026-01-31,16,quantile,0.55,61.0
2026-01-17,wk inc flu hosp,2,2026-01-31,16,quantile,0.6,64.0
2026-01-17,wk inc flu hosp,2,2026-01-31,16,quantile,0.65,67.0
2026-01-17,wk inc flu hosp,2,2026-01-31,16,quantile,0.7,70.0
2026-01-17,wk inc flu hosp,2,2026-01-31,16,quantile,0.75,73.0
2026-01-17,wk inc flu hosp,2,2026-01-31,16,quantile,0.8,76.0
2026-01-17,wk inc flu hosp,2,2026-01-31,16,quantile,0.85,79.0
2026-01-17,wk inc flu hosp,2,2026-01-31,16,quantile,0.9,84.0
2026-01-17,wk inc flu hosp,2,2026-01-31,16,quantile,0.95,93.0
2026-01-17,wk inc flu hosp,2,2026-01-31,16,quantile,0.975,101.0
2026-01-17,wk inc flu hosp,2,2026-01-31,16,quantile,0.99,105.0
2026-01-17,wk inc flu hosp,2,2026-01-31,17,quantile,0.01,81.0
2026-01-17,wk inc flu hosp,2,2026-01-31,17,quantile,0.025,130.0
2026-01-17,wk inc flu hosp,2,2026-01-31,17,quantile,0.05,179.0
2026-01-17,wk inc flu hosp,2,2026-01-31,17,quantile,0.1,274.0
2026-01-17,wk inc flu hosp,2,2026-01-31,17,quantile,0.15,349.0
2026-01-17,wk inc flu hosp,2,2026-01-31,17,quantile,0.2,387.0
2026-01-17,wk inc flu hosp,2,2026-01-31,17,quantile,0.25,416.0
2026-01-17,wk inc flu hosp,2,2026-01-31,17,quantile,0.3,440.0
2026-01-17,wk inc flu hosp,2,2026-01-31,17,quantile,0.35,461.0
2026-01-17,wk inc flu hosp,2,2026-01-31,17,quantile,0.4,489.0
2026-01-17,wk inc flu hosp,2,2026-01-31,17,quantile,0.45,510.0
2026-01-17,wk inc flu hosp,2,2026-01-31,17,quantile,0.5,532.0
2026-01-17,wk inc flu hosp,2,2026-01-31,17,quantile,0.55,558.0
2026-01-17,wk inc flu hosp,2,2026-01-31,17,quantile,0.6,577.0
2026-01-17,wk inc flu hosp,2,2026-01-31,17,quantile,0.65,603.0
2026-01-17,wk inc flu hosp,2,2026-01-31,17,quantile,0.7,627.0
2026-01-17,wk inc flu hosp,2,2026-01-31,17,quantile,0.75,654.0
2026-01-17,wk inc flu hosp,2,2026-01-31,17,quantile,0.8,681.0
2026-01-17,wk inc flu hosp,2,2026-01-31,17,quantile,0.85,712.0
2026-01-17,wk inc flu hosp,2,2026-01-31,17,quantile,0.9,756.0
2026-01-17,wk inc flu hosp,2,2026-01-31,17,quantile,0.95,841.0
2026-01-17,wk inc flu hosp,2,2026-01-31,17,quantile,0.975,889.0
2026-01-17,wk inc flu hosp,2,2026-01-31,17,quantile,0.99,948.0
2026-01-17,wk inc flu hosp,2,2026-01-31,18,quantile,0.01,38.0
2026-01-17,wk inc flu hosp,2,2026-01-31,18,quantile,0.025,50.0
2026-01-17,wk inc flu hosp,2,2026-01-31,18,quantile,0.05,77.0
2026-01-17,wk inc flu hosp,2,2026-01-31,18,quantile,0.1,129.0
2026-01-17,wk inc flu hosp,2,2026-01-31,18,quantile,0.15,179.0
2026-01-17,wk inc flu hosp,2,2026-01-31,18,quantile,0.2,209.0
2026-01-17,wk inc flu hosp,2,2026-01-31,18,quantile,0.25,233.0
2026-01-17,wk inc flu hosp,2,2026-01-31,18,quantile,0.3,254.0
2026-01-17,wk inc flu hosp,2,2026-01-31,18,quantile,0.35,273.0
2026-01-17,wk inc flu hosp,2,2026-01-31,18,quantile,0.4,295.0
2026-01-17,wk inc flu hosp,2,2026-01-31,18,quantile,0.45,313.0
2026-01-17,wk inc flu hosp,2,2026-01-31,18,quantile,0.5,333.0
2026-01-17,wk inc flu hosp,2,2026-01-31,18,quantile,0.55,353.0
2026-01-17,wk inc flu hosp,2,2026-01-31,18,quantile,0.6,371.0
2026-01-17,wk inc flu hosp,2,2026-01-31,18,quantile,0.65,391.0
2026-01-17,wk inc flu hosp,2,2026-01-31,18,quantile,0.7,408.0
2026-01-17,wk inc flu hosp,2,2026-01-31,18,quantile,0.75,429.0
2026-01-17,wk inc flu hosp,2,2026-01-31,18,quantile,0.8,449.0
2026-01-17,wk inc flu hosp,2,2026-01-31,18,quantile,0.85,473.0
2026-01-17,wk inc flu hosp,2,2026-01-31,18,quantile,0.9,506.0
2026-01-17,wk inc flu hosp,2,2026-01-31,18,quantile,0.95,559.0
2026-01-17,wk inc flu hosp,2,2026-01-31,18,quantile,0.975,596.0
2026-01-17,wk inc flu hosp,2,2026-01-31,18,quantile,0.99,641.0
2026-01-17,wk inc flu hosp,2,2026-01-31,19,quantile,0.01,58.0
2026-01-17,wk inc flu hosp,2,2026-01-31,19,quantile,0.025,69.0
2026-01-17,wk inc flu hosp,2,2026-01-31,19,quantile,0.05,86.0
2026-01-17,wk inc flu hosp,2,2026-01-31,19,quantile,0.1,106.0
2026-01-17,wk inc flu hosp,2,2026-01-31,19,quantile,0.15,116.0
2026-01-17,wk inc flu hosp,2,2026-01-31,19,quantile,0.2,124.0
2026-01-17,wk inc flu hosp,2,2026-01-31,19,quantile,0.25,131.0
2026-01-17,wk inc flu hosp,2,2026-01-31,19,quantile,0.3,136.0
2026-01-17,wk inc flu hosp,2,2026-01-31,19,quantile,0.35,142.0
2026-01-17,wk inc flu hosp,2,2026-01-31,19,quantile,0.4,146.0
2026-01-17,wk inc flu hosp,2,2026-01-31,19,quantile,0.45,152.0
2026-01-17,wk inc flu hosp,2,2026-01-31,19,quantile,0.5,156.0
2026-01-17,wk inc flu hosp,2,2026-01-31,19,quantile,0.55,161.0
2026-01-17,wk inc flu hosp,2,2026-01-31,19,quantile,0.6,165.0
2026-01-17,wk inc flu hosp,2,2026-01-31,19,quantile,0.65,170.0
2026-01-17,wk inc flu hosp,2,2026-01-31,19,quantile,0.7,176.0
2026-01-17,wk inc flu hosp,2,2026-01-31,19,quantile,0.75,182.0
2026-01-17,wk inc flu hosp,2,2026-01-31,19,quantile,0.8,188.0
2026-01-17,wk inc flu hosp,2,2026-01-31,19,quantile,0.85,195.0
2026-01-17,wk inc flu hosp,2,2026-01-31,19,quantile,0.9,206.0
2026-01-17,wk inc flu hosp,2,2026-01-31,19,quantile,0.95,222.0
2026-01-17,wk inc flu hosp,2,2026-01-31,19,quantile,0.975,234.0
2026-01-17,wk inc flu hosp,2,2026-01-31,19,quantile,0.99,244.0
2026-01-17,wk inc flu hosp,2,2026-01-31,20,quantile,0.01,48.0
2026-01-17,wk inc flu hosp,2,2026-01-31,20,quantile,0.025,63.0
2026-01-17,wk inc flu hosp,2,2026-01-31,20,quantile,0.05,81.0
2026-01-17,wk inc flu hosp,2,2026-01-31,20,quantile,0.1,95.0
2026-01-17,wk inc flu hosp,2,2026-01-31,20,quantile,0.15,103.0
2026-01-17,wk inc flu hosp,2,2026-01-31,20,quantile,0.2,110.0
2026-01-17,wk inc flu hosp,2,2026-01-31,20,quantile,0.25,116.0
2026-01-17,wk inc flu hosp,2,2026-01-31,20,quantile,0.3,121.0
2026-01-17,wk inc flu hosp,2,2026-01-31,20,quantile,0.35,127.0
2026-01-17,wk inc flu hosp,2,2026-01-31,20,quantile,0.4,133.0
2026-01-17,wk inc flu hosp,2,2026-01-31,20,quantile,0.45,139.0
2026-01-17,wk inc flu hosp,2,2026-01-31,20,quantile,0.5,144.0
2026-01-17,wk inc flu hosp,2,2026-01-31,20,quantile,0.55,150.0
2026-01-17,wk inc flu hosp,2,2026-01-31,20,quantile,0.6,154.0
2026-01-17,wk inc flu hosp,2,2026-01-31,20,quantile,0.65,160.0
2026-01-17,wk inc flu hosp,2,2026-01-31,20,quantile,0.7,165.0
2026-01-17,wk inc flu hosp,2,2026-01-31,20,quantile,0.75,170.0
2026-01-17,wk inc flu hosp,2,2026-01-31,20,quantile,0.8,176.0
2026-01-17,wk inc flu hosp,2,2026-01-31,20,quantile,0.85,183.0
2026-01-17,wk inc flu hosp,2,2026-01-31,20,quantile,0.9,192.0
2026-01-17,wk inc flu hosp,2,2026-01-31,20,quantile,0.95,206.0
2026-01-17,wk inc flu hosp,2,2026-01-31,20,quantile,0.975,220.0
2026-01-17,wk inc flu hosp,2,2026-01-31,20,quantile,0.99,237.0
2026-01-17,wk inc flu hosp,2,2026-01-31,21,quantile,0.01,36.0
2026-01-17,wk inc flu hosp,2,2026-01-31,21,quantile,0.025,42.0
2026-01-17,wk inc flu hosp,2,2026-01-31,21,quantile,0.05,48.0
2026-01-17,wk inc flu hosp,2,2026-01-31,21,quantile,0.1,77.0
2026-01-17,wk inc flu hosp,2,2026-01-31,21,quantile,0.15,100.0
2026-01-17,wk inc flu hosp,2,2026-01-31,21,quantile,0.2,119.0
2026-01-17,wk inc flu hosp,2,2026-01-31,21,quantile,0.25,135.0
2026-01-17,wk inc flu hosp,2,2026-01-31,21,quantile,0.3,150.0
2026-01-17,wk inc flu hosp,2,2026-01-31,21,quantile,0.35,166.0
2026-01-17,wk inc flu hosp,2,2026-01-31,21,quantile,0.4,179.0
2026-01-17,wk inc flu hosp,2,2026-01-31,21,quantile,0.45,193.0
2026-01-17,wk inc flu hosp,2,2026-01-31,21,quantile,0.5,207.0
2026-01-17,wk inc flu hosp,2,2026-01-31,21,quantile,0.55,223.0
2026-01-17,wk inc flu hosp,2,2026-01-31,21,quantile,0.6,237.0
2026-01-17,wk inc flu hosp,2,2026-01-31,21,quantile,0.65,250.0
2026-01-17,wk inc flu hosp,2,2026-01-31,21,quantile,0.7,267.0
2026-01-17,wk inc flu hosp,2,2026-01-31,21,quantile,0.75,281.0
2026-01-17,wk inc flu hosp,2,2026-01-31,21,quantile,0.8,300.0
2026-01-17,wk inc flu hosp,2,2026-01-31,21,quantile,0.85,323.0
2026-01-17,wk inc flu hosp,2,2026-01-31,21,quantile,0.9,351.0
2026-01-17,wk inc flu hosp,2,2026-01-31,21,quantile,0.95,395.0
2026-01-17,wk inc flu hosp,2,2026-01-31,21,quantile,0.975,427.0
2026-01-17,wk inc flu hosp,2,2026-01-31,21,quantile,0.99,466.0
2026-01-17,wk inc flu hosp,2,2026-01-31,22,quantile,0.01,19.0
2026-01-17,wk inc flu hosp,2,2026-01-31,22,quantile,0.025,31.0
2026-01-17,wk inc flu hosp,2,2026-01-31,22,quantile,0.05,42.0
2026-01-17,wk inc flu hosp,2,2026-01-31,22,quantile,0.1,65.0
2026-01-17,wk inc flu hosp,2,2026-01-31,22,quantile,0.15,83.0
2026-01-17,wk inc flu hosp,2,2026-01-31,22,quantile,0.2,100.0
2026-01-17,wk inc flu hosp,2,2026-01-31,22,quantile,0.25,117.0
2026-01-17,wk inc flu hosp,2,2026-01-31,22,quantile,0.3,134.0
2026-01-17,wk inc flu hosp,2,2026-01-31,22,quantile,0.35,147.0
2026-01-17,wk inc flu hosp,2,2026-01-31,22,quantile,0.4,160.0
2026-01-17,wk inc flu hosp,2,2026-01-31,22,quantile,0.45,176.0
2026-01-17,wk inc flu hosp,2,2026-01-31,22,quantile,0.5,188.0
2026-01-17,wk inc flu hosp,2,2026-01-31,22,quantile,0.55,203.0
2026-01-17,wk inc flu hosp,2,2026-01-31,22,quantile,0.6,214.0
2026-01-17,wk inc flu hosp,2,2026-01-31,22,quantile,0.65,223.0
2026-01-17,wk inc flu hosp,2,2026-01-31,22,quantile,0.7,230.0
2026-01-17,wk inc flu hosp,2,2026-01-31,22,quantile,0.75,240.0
2026-01-17,wk inc flu hosp,2,2026-01-31,22,quantile,0.8,248.0
2026-01-17,wk inc flu hosp,2,2026-01-31,22,quantile,0.85,260.0
2026-01-17,wk inc flu hosp,2,2026-01-31,22,quantile,0.9,273.0
2026-01-17,wk inc flu hosp,2,2026-01-31,22,quantile,0.95,296.0
2026-01-17,wk inc flu hosp,2,2026-01-31,22,quantile,0.975,313.0
2026-01-17,wk inc flu hosp,2,2026-01-31,22,quantile,0.99,334.0
2026-01-17,wk inc flu hosp,2,2026-01-31,23,quantile,0.01,1.0
2026-01-17,wk inc flu hosp,2,2026-01-31,23,quantile,0.025,4.0
2026-01-17,wk inc flu hosp,2,2026-01-31,23,quantile,0.05,6.0
2026-01-17,wk inc flu hosp,2,2026-01-31,23,quantile,0.1,10.0
2026-01-17,wk inc flu hosp,2,2026-01-31,23,quantile,0.15,13.0
2026-01-17,wk inc flu hosp,2,2026-01-31,23,quantile,0.2,15.0
2026-01-17,wk inc flu hosp,2,2026-01-31,23,quantile,0.25,18.0
2026-01-17,wk inc flu hosp,2,2026-01-31,23,quantile,0.3,19.0
2026-01-17,wk inc flu hosp,2,2026-01-31,23,quantile,0.35,20.0
2026-01-17,wk inc flu hosp,2,2026-01-31,23,quantile,0.4,21.0
2026-01-17,wk inc flu hosp,2,2026-01-31,23,quantile,0.45,23.0
2026-01-17,wk inc flu hosp,2,2026-01-31,23,quantile,0.5,24.0
2026-01-17,wk inc flu hosp,2,2026-01-31,23,quantile,0.55,26.0
2026-01-17,wk inc flu hosp,2,2026-01-31,23,quantile,0.6,27.0
2026-01-17,wk inc flu hosp,2,2026-01-31,23,quantile,0.65,29.0
2026-01-17,wk inc flu hosp,2,2026-01-31,23,quantile,0.7,30.0
2026-01-17,wk inc flu hosp,2,2026-01-31,23,quantile,0.75,32.0
2026-01-17,wk inc flu hosp,2,2026-01-31,23,quantile,0.8,33.0
2026-01-17,wk inc flu hosp,2,2026-01-31,23,quantile,0.85,36.0
2026-01-17,wk inc flu hosp,2,2026-01-31,23,quantile,0.9,40.0
2026-01-17,wk inc flu hosp,2,2026-01-31,23,quantile,0.95,47.0
2026-01-17,wk inc flu hosp,2,2026-01-31,23,quantile,0.975,51.0
2026-01-17,wk inc flu hosp,2,2026-01-31,23,quantile,0.99,57.0
2026-01-17,wk inc flu hosp,2,2026-01-31,24,quantile,0.01,27.0
2026-01-17,wk inc flu hosp,2,2026-01-31,24,quantile,0.025,43.0
2026-01-17,wk inc flu hosp,2,2026-01-31,24,quantile,0.05,63.0
2026-01-17,wk inc flu hosp,2,2026-01-31,24,quantile,0.1,114.0
2026-01-17,wk inc flu hosp,2,2026-01-31,24,quantile,0.15,144.0
2026-01-17,wk inc flu hosp,2,2026-01-31,24,quantile,0.2,175.0
2026-01-17,wk inc flu hosp,2,2026-01-31,24,quantile,0.25,203.0
2026-01-17,wk inc flu hosp,2,2026-01-31,24,quantile,0.3,236.0
2026-01-17,wk inc flu hosp,2,2026-01-31,24,quantile,0.35,261.0
2026-01-17,wk inc flu hosp,2,2026-01-31,24,quantile,0.4,286.0
2026-01-17,wk inc flu hosp,2,2026-01-31,24,quantile,0.45,303.0
2026-01-17,wk inc flu hosp,2,2026-01-31,24,quantile,0.5,320.0
2026-01-17,wk inc flu hosp,2,2026-01-31,24,quantile,0.55,334.0
2026-01-17,wk inc flu hosp,2,2026-01-31,24,quantile,0.6,345.0
2026-01-17,wk inc flu hosp,2,2026-01-31,24,quantile,0.65,361.0
2026-01-17,wk inc flu hosp,2,2026-01-31,24,quantile,0.7,373.0
2026-01-17,wk inc flu hosp,2,2026-01-31,24,quantile,0.75,393.0
2026-01-17,wk inc flu hosp,2,2026-01-31,24,quantile,0.8,407.0
2026-01-17,wk inc flu hosp,2,2026-01-31,24,quantile,0.85,424.0
2026-01-17,wk inc flu hosp,2,2026-01-31,24,quantile,0.9,448.0
2026-01-17,wk inc flu hosp,2,2026-01-31,24,quantile,0.95,489.0
2026-01-17,wk inc flu hosp,2,2026-01-31,24,quantile,0.975,531.0
2026-01-17,wk inc flu hosp,2,2026-01-31,24,quantile,0.99,558.0
2026-01-17,wk inc flu hosp,2,2026-01-31,25,quantile,0.01,30.0
2026-01-17,wk inc flu hosp,2,2026-01-31,25,quantile,0.025,56.0
2026-01-17,wk inc flu hosp,2,2026-01-31,25,quantile,0.05,68.0
2026-01-17,wk inc flu hosp,2,2026-01-31,25,quantile,0.1,85.0
2026-01-17,wk inc flu hosp,2,2026-01-31,25,quantile,0.15,100.0
2026-01-17,wk inc flu hosp,2,2026-01-31,25,quantile,0.2,112.0
2026-01-17,wk inc flu hosp,2,2026-01-31,25,quantile,0.25,122.0
2026-01-17,wk inc flu hosp,2,2026-01-31,25,quantile,0.3,134.0
2026-01-17,wk inc flu hosp,2,2026-01-31,25,quantile,0.35,148.0
2026-01-17,wk inc flu hosp,2,2026-01-31,25,quantile,0.4,161.0
2026-01-17,wk inc flu hosp,2,2026-01-31,25,quantile,0.45,172.0
2026-01-17,wk inc flu hosp,2,2026-01-31,25,quantile,0.5,182.0
2026-01-17,wk inc flu hosp,2,2026-01-31,25,quantile,0.55,194.0
2026-01-17,wk inc flu hosp,2,2026-01-31,25,quantile,0.6,205.0
2026-01-17,wk inc flu hosp,2,2026-01-31,25,quantile,0.65,217.0
2026-01-17,wk inc flu hosp,2,2026-01-31,25,quantile,0.7,231.0
2026-01-17,wk inc flu hosp,2,2026-01-31,25,quantile,0.75,244.0
2026-01-17,wk inc flu hosp,2,2026-01-31,25,quantile,0.8,258.0
2026-01-17,wk inc flu hosp,2,2026-01-31,25,quantile,0.85,275.0
2026-01-17,wk inc flu hosp,2,2026-01-31,25,quantile,0.9,294.0
2026-01-17,wk inc flu hosp,2,2026-01-31,25,quantile,0.95,332.0
2026-01-17,wk inc flu hosp,2,2026-01-31,25,quantile,0.975,358.0
2026-01-17,wk inc flu hosp,2,2026-01-31,25,quantile,0.99,390.0
2026-01-17,wk inc flu hosp,2,2026-01-31,26,quantile,0.01,53.0
2026-01-17,wk inc flu hosp,2,2026-01-31,26,quantile,0.025,89.0
2026-01-17,wk inc flu hosp,2,2026-01-31,26,quantile,0.05,130.0
2026-01-17,wk inc flu hosp,2,2026-01-31,26,quantile,0.1,202.0
2026-01-17,wk inc flu hosp,2,2026-01-31,26,quantile,0.15,261.0
2026-01-17,wk inc flu hosp,2,2026-01-31,26,quantile,0.2,308.0
2026-01-17,wk inc flu hosp,2,2026-01-31,26,quantile,0.25,328.0
2026-01-17,wk inc flu hosp,2,2026-01-31,26,quantile,0.3,349.0
2026-01-17,wk inc flu hosp,2,2026-01-31,26,quantile,0.35,367.0
2026-01-17,wk inc flu hosp,2,2026-01-31,26,quantile,0.4,384.0
2026-01-17,wk inc flu hosp,2,2026-01-31,26,quantile,0.45,401.0
2026-01-17,wk inc flu hosp,2,2026-01-31,26,quantile,0.5,418.0
2026-01-17,wk inc flu hosp,2,2026-01-31,26,quantile,0.55,434.0
2026-01-17,wk inc flu hosp,2,2026-01-31,26,quantile,0.6,447.0
2026-01-17,wk inc flu hosp,2,2026-01-31,26,quantile,0.65,465.0
2026-01-17,wk inc flu hosp,2,2026-01-31,26,quantile,0.7,482.0
2026-01-17,wk inc flu hosp,2,2026-01-31,26,quantile,0.75,502.0
2026-01-17,wk inc flu hosp,2,2026-01-31,26,quantile,0.8,524.0
2026-01-17,wk inc flu hosp,2,2026-01-31,26,quantile,0.85,549.0
2026-01-17,wk inc flu hosp,2,2026-01-31,26,quantile,0.9,579.0
2026-01-17,wk inc flu hosp,2,2026-01-31,26,quantile,0.95,636.0
2026-01-17,wk inc flu hosp,2,2026-01-31,26,quantile,0.975,666.0
2026-01-17,wk inc flu hosp,2,2026-01-31,26,quantile,0.99,699.0
2026-01-17,wk inc flu hosp,2,2026-01-31,27,quantile,0.01,47.0
2026-01-17,wk inc flu hosp,2,2026-01-31,27,quantile,0.025,75.0
2026-01-17,wk inc flu hosp,2,2026-01-31,27,quantile,0.05,105.0
2026-01-17,wk inc flu hosp,2,2026-01-31,27,quantile,0.1,152.0
2026-01-17,wk inc flu hosp,2,2026-01-31,27,quantile,0.15,188.0
2026-01-17,wk inc flu hosp,2,2026-01-31,27,quantile,0.2,218.0
2026-01-17,wk inc flu hosp,2,2026-01-31,27,quantile,0.25,250.0
2026-01-17,wk inc flu hosp,2,2026-01-31,27,quantile,0.3,281.0
2026-01-17,wk inc flu hosp,2,2026-01-31,27,quantile,0.35,304.0
2026-01-17,wk inc flu hosp,2,2026-01-31,27,quantile,0.4,319.0
2026-01-17,wk inc flu hosp,2,2026-01-31,27,quantile,0.45,332.0
2026-01-17,wk inc flu hosp,2,2026-01-31,27,quantile,0.5,347.0
2026-01-17,wk inc flu hosp,2,2026-01-31,27,quantile,0.55,363.0
2026-01-17,wk inc flu hosp,2,2026-01-31,27,quantile,0.6,376.0
2026-01-17,wk inc flu hosp,2,2026-01-31,27,quantile,0.65,394.0
2026-01-17,wk inc flu hosp,2,2026-01-31,27,quantile,0.7,406.0
2026-01-17,wk inc flu hosp,2,2026-01-31,27,quantile,0.75,422.0
2026-01-17,wk inc flu hosp,2,2026-01-31,27,quantile,0.8,439.0
2026-01-17,wk inc flu hosp,2,2026-01-31,27,quantile,0.85,459.0
2026-01-17,wk inc flu hosp,2,2026-01-31,27,quantile,0.9,485.0
2026-01-17,wk inc flu hosp,2,2026-01-31,27,quantile,0.95,527.0
2026-01-17,wk inc flu hosp,2,2026-01-31,27,quantile,0.975,560.0
2026-01-17,wk inc flu hosp,2,2026-01-31,27,quantile,0.99,589.0
2026-01-17,wk inc flu hosp,2,2026-01-31,28,quantile,0.01,0.0
2026-01-17,wk inc flu hosp,2,2026-01-31,28,quantile,0.025,4.0
2026-01-17,wk inc flu hosp,2,2026-01-31,28,quantile,0.05,11.0
2026-01-17,wk inc flu hosp,2,2026-01-31,28,quantile,0.1,19.0
2026-01-17,wk inc flu hosp,2,2026-01-31,28,quantile,0.15,25.0
2026-01-17,wk inc flu hosp,2,2026-01-31,28,quantile,0.2,35.0
2026-01-17,wk inc flu hosp,2,2026-01-31,28,quantile,0.25,44.0
2026-01-17,wk inc flu hosp,2,2026-01-31,28,quantile,0.3,51.0
2026-01-17,wk inc flu hosp,2,2026-01-31,28,quantile,0.35,58.0
2026-01-17,wk inc flu hosp,2,2026-01-31,28,quantile,0.4,65.0
2026-01-17,wk inc flu hosp,2,2026-01-31,28,quantile,0.45,72.0
2026-01-17,wk inc flu hosp,2,2026-01-31,28,quantile,0.5,78.0
2026-01-17,wk inc flu hosp,2,2026-01-31,28,quantile,0.55,86.0
2026-01-17,wk inc flu hosp,2,2026-01-31,28,quantile,0.6,91.0
2026-01-17,wk inc flu hosp,2,2026-01-31,28,quantile,0.65,99.0
2026-01-17,wk inc flu hosp,2,2026-01-31,28,quantile,0.7,104.0
2026-01-17,wk inc flu hosp,2,2026-01-31,28,quantile,0.75,114.0
2026-01-17,wk inc flu hosp,2,2026-01-31,28,quantile,0.8,127.0
2026-01-17,wk inc flu hosp,2,2026-01-31,28,quantile,0.85,136.0
2026-01-17,wk inc flu hosp,2,2026-01-31,28,quantile,0.9,152.0
2026-01-17,wk inc flu hosp,2,2026-01-31,28,quantile,0.95,172.0
2026-01-17,wk inc flu hosp,2,2026-01-31,28,quantile,0.975,191.0
2026-01-17,wk inc flu hosp,2,2026-01-31,28,quantile,0.99,210.0
2026-01-17,wk inc flu hosp,2,2026-01-31,30,quantile,0.01,5.0
2026-01-17,wk inc flu hosp,2,2026-01-31,30,quantile,0.025,7.0
2026-01-17,wk inc flu hosp,2,2026-01-31,30,quantile,0.05,9.0
2026-01-17,wk inc flu hosp,2,2026-01-31,30,quantile,0.1,12.0
2026-01-17,wk inc flu hosp,2,2026-01-31,30,quantile,0.15,16.0
2026-01-17,wk inc flu hosp,2,2026-01-31,30,quantile,0.2,18.0
2026-01-17,wk inc flu hosp,2,2026-01-31,30,quantile,0.25,21.0
2026-01-17,wk inc flu hosp,2,2026-01-31,30,quantile,0.3,23.0
2026-01-17,wk inc flu hosp,2,2026-01-31,30,quantile,0.35,25.0
2026-01-17,wk inc flu hosp,2,2026-01-31,30,quantile,0.4,28.0
2026-01-17,wk inc flu hosp,2,2026-01-31,30,quantile,0.45,29.0
2026-01-17,wk inc flu hosp,2,2026-01-31,30,quantile,0.5,32.0
2026-01-17,wk inc flu hosp,2,2026-01-31,30,quantile,0.55,34.0
2026-01-17,wk inc flu hosp,2,2026-01-31,30,quantile,0.6,36.0
2026-01-17,wk inc flu hosp,2,2026-01-31,30,quantile,0.65,38.0
2026-01-17,wk inc flu hosp,2,2026-01-31,30,quantile,0.7,40.0
2026-01-17,wk inc flu hosp,2,2026-01-31,30,quantile,0.75,43.0
2026-01-17,wk inc flu hosp,2,2026-01-31,30,quantile,0.8,45.0
2026-01-17,wk inc flu hosp,2,2026-01-31,30,quantile,0.85,48.0
2026-01-17,wk inc flu hosp,2,2026-01-31,30,quantile,0.9,52.0
2026-01-17,wk inc flu hosp,2,2026-01-31,30,quantile,0.95,59.0
2026-01-17,wk inc flu hosp,2,2026-01-31,30,quantile,0.975,64.0
2026-01-17,wk inc flu hosp,2,2026-01-31,30,quantile,0.99,68.0
2026-01-17,wk inc flu hosp,2,2026-01-31,31,quantile,0.01,12.0
2026-01-17,wk inc flu hosp,2,2026-01-31,31,quantile,0.025,17.0
2026-01-17,wk inc flu hosp,2,2026-01-31,31,quantile,0.05,22.0
2026-01-17,wk inc flu hosp,2,2026-01-31,31,quantile,0.1,29.0
2026-01-17,wk inc flu hosp,2,2026-01-31,31,quantile,0.15,32.0
2026-01-17,wk inc flu hosp,2,2026-01-31,31,quantile,0.2,35.0
2026-01-17,wk inc flu hosp,2,2026-01-31,31,quantile,0.25,38.0
2026-01-17,wk inc flu hosp,2,2026-01-31,31,quantile,0.3,42.0
2026-01-17,wk inc flu hosp,2,2026-01-31,31,quantile,0.35,44.0
2026-01-17,wk inc flu hosp,2,2026-01-31,31,quantile,0.4,47.0
2026-01-17,wk inc flu hosp,2,2026-01-31,31,quantile,0.45,49.0
2026-01-17,wk inc flu hosp,2,2026-01-31,31,quantile,0.5,51.0
2026-01-17,wk inc flu hosp,2,2026-01-31,31,quantile,0.55,54.0
2026-01-17,wk inc flu hosp,2,2026-01-31,31,quantile,0.6,56.0
2026-01-17,wk inc flu hosp,2,2026-01-31,31,quantile,0.65,58.0
2026-01-17,wk inc flu hosp,2,2026-01-31,31,quantile,0.7,60.0
2026-01-17,wk inc flu hosp,2,2026-01-31,31,quantile,0.75,63.0
2026-01-17,wk inc flu hosp,2,2026-01-31,31,quantile,0.8,66.0
2026-01-17,wk inc flu hosp,2,2026-01-31,31,quantile,0.85,69.0
2026-01-17,wk inc flu hosp,2,2026-01-31,31,quantile,0.9,74.0
2026-01-17,wk inc flu hosp,2,2026-01-31,31,quantile,0.95,80.0
2026-01-17,wk inc flu hosp,2,2026-01-31,31,quantile,0.975,85.0
2026-01-17,wk inc flu hosp,2,2026-01-31,31,quantile,0.99,89.0
2026-01-17,wk inc flu hosp,2,2026-01-31,32,quantile,0.01,16.0
2026-01-17,wk inc flu hosp,2,2026-01-31,32,quantile,0.025,20.0
2026-01-17,wk inc flu hosp,2,2026-01-31,32,quantile,0.05,28.0
2026-01-17,wk inc flu hosp,2,2026-01-31,32,quantile,0.1,37.0
2026-01-17,wk inc flu hosp,2,2026-01-31,32,quantile,0.15,42.0
2026-01-17,wk inc flu hosp,2,2026-01-31,32,quantile,0.2,47.0
2026-01-17,wk inc flu hosp,2,2026-01-31,32,quantile,0.25,51.0
2026-01-17,wk inc flu hosp,2,2026-01-31,32,quantile,0.3,54.0
2026-01-17,wk inc flu hosp,2,2026-01-31,32,quantile,0.35,58.0
2026-01-17,wk inc flu hosp,2,2026-01-31,32,quantile,0.4,62.0
2026-01-17,wk inc flu hosp,2,2026-01-31,32,quantile,0.45,65.0
2026-01-17,wk inc flu hosp,2,2026-01-31,32,quantile,0.5,69.0
2026-01-17,wk inc flu hosp,2,2026-01-31,32,quantile,0.55,72.0
2026-01-17,wk inc flu hosp,2,2026-01-31,32,quantile,0.6,75.0
2026-01-17,wk inc flu hosp,2,2026-01-31,32,quantile,0.65,79.0
2026-01-17,wk inc flu hosp,2,2026-01-31,32,quantile,0.7,82.0
2026-01-17,wk inc flu hosp,2,2026-01-31,32,quantile,0.75,86.0
2026-01-17,wk inc flu hosp,2,2026-01-31,32,quantile,0.8,90.0
2026-01-17,wk inc flu hosp,2,2026-01-31,32,quantile,0.85,95.0
2026-01-17,wk inc flu hosp,2,2026-01-31,32,quantile,0.9,103.0
2026-01-17,wk inc flu hosp,2,2026-01-31,32,quantile,0.95,111.0
2026-01-17,wk inc flu hosp,2,2026-01-31,32,quantile,0.975,118.0
2026-01-17,wk inc flu hosp,2,2026-01-31,32,quantile,0.99,127.0
2026-01-17,wk inc flu hosp,2,2026-01-31,33,quantile,0.01,25.0
2026-01-17,wk inc flu hosp,2,2026-01-31,33,quantile,0.025,33.0
2026-01-17,wk inc flu hosp,2,2026-01-31,33,quantile,0.05,40.0
2026-01-17,wk inc flu hosp,2,2026-01-31,33,quantile,0.1,53.0
2026-01-17,wk inc flu hosp,2,2026-01-31,33,quantile,0.15,62.0
2026-01-17,wk inc flu hosp,2,2026-01-31,33,quantile,0.2,70.0
2026-01-17,wk inc flu hosp,2,2026-01-31,33,quantile,0.25,74.0
2026-01-17,wk inc flu hosp,2,2026-01-31,33,quantile,0.3,77.0
2026-01-17,wk inc flu hosp,2,2026-01-31,33,quantile,0.35,80.0
2026-01-17,wk inc flu hosp,2,2026-01-31,33,quantile,0.4,82.0
2026-01-17,wk inc flu hosp,2,2026-01-31,33,quantile,0.45,85.0
2026-01-17,wk inc flu hosp,2,2026-01-31,33,quantile,0.5,87.0
2026-01-17,wk inc flu hosp,2,2026-01-31,33,quantile,0.55,89.0
2026-01-17,wk inc flu hosp,2,2026-01-31,33,quantile,0.6,92.0
2026-01-17,wk inc flu hosp,2,2026-01-31,33,quantile,0.65,94.0
2026-01-17,wk inc flu hosp,2,2026-01-31,33,quantile,0.7,97.0
2026-01-17,wk inc flu hosp,2,2026-01-31,33,quantile,0.75,100.0
2026-01-17,wk inc flu hosp,2,2026-01-31,33,quantile,0.8,104.0
2026-01-17,wk inc flu hosp,2,2026-01-31,33,quantile,0.85,107.0
2026-01-17,wk inc flu hosp,2,2026-01-31,33,quantile,0.9,111.0
2026-01-17,wk inc flu hosp,2,2026-01-31,33,quantile,0.95,118.0
2026-01-17,wk inc flu hosp,2,2026-01-31,33,quantile,0.975,124.0
2026-01-17,wk inc flu hosp,2,2026-01-31,33,quantile,0.99,128.0
2026-01-17,wk inc flu hosp,2,2026-01-31,34,quantile,0.01,99.0
2026-01-17,wk inc flu hosp,2,2026-01-31,34,quantile,0.025,133.0
2026-01-17,wk inc flu hosp,2,2026-01-31,34,quantile,0.05,167.0
2026-01-17,wk inc flu hosp,2,2026-01-31,34,quantile,0.1,223.0
2026-01-17,wk inc flu hosp,2,2026-01-31,34,quantile,0.15,268.0
2026-01-17,wk inc flu hosp,2,2026-01-31,34,quantile,0.2,306.0
2026-01-17,wk inc flu hosp,2,2026-01-31,34,quantile,0.25,345.0
2026-01-17,wk inc flu hosp,2,2026-01-31,34,quantile,0.3,385.0
2026-01-17,wk inc flu hosp,2,2026-01-31,34,quantile,0.35,419.0
2026-01-17,wk inc flu hosp,2,2026-01-31,34,quantile,0.4,449.0
2026-01-17,wk inc flu hosp,2,2026-01-31,34,quantile,0.45,483.0
2026-01-17,wk inc flu hosp,2,2026-01-31,34,quantile,0.5,509.0
2026-01-17,wk inc flu hosp,2,2026-01-31,34,quantile,0.55,521.0
2026-01-17,wk inc flu hosp,2,2026-01-31,34,quantile,0.6,535.0
2026-01-17,wk inc flu hosp,2,2026-01-31,34,quantile,0.65,558.0
2026-01-17,wk inc flu hosp,2,2026-01-31,34,quantile,0.7,571.0
2026-01-17,wk inc flu hosp,2,2026-01-31,34,quantile,0.75,588.0
2026-01-17,wk inc flu hosp,2,2026-01-31,34,quantile,0.8,606.0
2026-01-17,wk inc flu hosp,2,2026-01-31,34,quantile,0.85,630.0
2026-01-17,wk inc flu hosp,2,2026-01-31,34,quantile,0.9,661.0
2026-01-17,wk inc flu hosp,2,2026-01-31,34,quantile,0.95,708.0
2026-01-17,wk inc flu hosp,2,2026-01-31,34,quantile,0.975,741.0
2026-01-17,wk inc flu hosp,2,2026-01-31,34,quantile,0.99,786.0
2026-01-17,wk inc flu hosp,2,2026-01-31,35,quantile,0.01,17.0
2026-01-17,wk inc flu hosp,2,2026-01-31,35,quantile,0.025,21.0
2026-01-17,wk inc flu hosp,2,2026-01-31,35,quantile,0.05,27.0
2026-01-17,wk inc flu hosp,2,2026-01-31,35,quantile,0.1,42.0
2026-01-17,wk inc flu hosp,2,2026-01-31,35,quantile,0.15,48.0
2026-01-17,wk inc flu hosp,2,2026-01-31,35,quantile,0.2,53.0
2026-01-17,wk inc flu hosp,2,2026-01-31,35,quantile,0.25,58.0
2026-01-17,wk inc flu hosp,2,2026-01-31,35,quantile,0.3,62.0
2026-01-17,wk inc flu hosp,2,2026-01-31,35,quantile,0.35,65.0
2026-01-17,wk inc flu hosp,2,2026-01-31,35,quantile,0.4,68.0
2026-01-17,wk inc flu hosp,2,2026-01-31,35,quantile,0.45,72.0
2026-01-17,wk inc flu hosp,2,2026-01-31,35,quantile,0.5,75.0
2026-01-17,wk inc flu hosp,2,2026-01-31,35,quantile,0.55,79.0
2026-01-17,wk inc flu hosp,2,2026-01-31,35,quantile,0.6,82.0
2026-01-17,wk inc flu hosp,2,2026-01-31,35,quantile,0.65,86.0
2026-01-17,wk inc flu hosp,2,2026-01-31,35,quantile,0.7,89.0
2026-01-17,wk inc flu hosp,2,2026-01-31,35,quantile,0.75,92.0
2026-01-17,wk inc flu hosp,2,2026-01-31,35,quantile,0.8,96.0
2026-01-17,wk inc flu hosp,2,2026-01-31,35,quantile,0.85,101.0
2026-01-17,wk inc flu hosp,2,2026-01-31,35,quantile,0.9,111.0
2026-01-17,wk inc flu hosp,2,2026-01-31,35,quantile,0.95,118.0
2026-01-17,wk inc flu hosp,2,2026-01-31,35,quantile,0.975,126.0
2026-01-17,wk inc flu hosp,2,2026-01-31,35,quantile,0.99,132.0
2026-01-17,wk inc flu hosp,2,2026-01-31,36,quantile,0.01,37.0
2026-01-17,wk inc flu hosp,2,2026-01-31,36,quantile,0.025,53.0
2026-01-17,wk inc flu hosp,2,2026-01-31,36,quantile,0.05,69.0
2026-01-17,wk inc flu hosp,2,2026-01-31,36,quantile,0.1,94.0
2026-01-17,wk inc flu hosp,2,2026-01-31,36,quantile,0.15,121.0
2026-01-17,wk inc flu hosp,2,2026-01-31,36,quantile,0.2,153.0
2026-01-17,wk inc flu hosp,2,2026-01-31,36,quantile,0.25,181.0
2026-01-17,wk inc flu hosp,2,2026-01-31,36,quantile,0.3,202.0
2026-01-17,wk inc flu hosp,2,2026-01-31,36,quantile,0.35,214.0
2026-01-17,wk inc flu hosp,2,2026-01-31,36,quantile,0.4,229.0
2026-01-17,wk inc flu hosp,2,2026-01-31,36,quantile,0.45,243.0
2026-01-17,wk inc flu hosp,2,2026-01-31,36,quantile,0.5,255.0
2026-01-17,wk inc flu hosp,2,2026-01-31,36,quantile,0.55,267.0
2026-01-17,wk inc flu hosp,2,2026-01-31,36,quantile,0.6,281.0
2026-01-17,wk inc flu hosp,2,2026-01-31,36,quantile,0.65,295.0
2026-01-17,wk inc flu hosp,2,2026-01-31,36,quantile,0.7,311.0
2026-01-17,wk inc flu hosp,2,2026-01-31,36,quantile,0.75,328.0
2026-01-17,wk inc flu hosp,2,2026-01-31,36,quantile,0.8,344.0
2026-01-17,wk inc flu hosp,2,2026-01-31,36,quantile,0.85,364.0
2026-01-17,wk inc flu hosp,2,2026-01-31,36,quantile,0.9,383.0
2026-01-17,wk inc flu hosp,2,2026-01-31,36,quantile,0.95,425.0
2026-01-17,wk inc flu hosp,2,2026-01-31,36,quantile,0.975,458.0
2026-01-17,wk inc flu hosp,2,2026-01-31,36,quantile,0.99,496.0
2026-01-17,wk inc flu hosp,2,2026-01-31,37,quantile,0.01,106.0
2026-01-17,wk inc flu hosp,2,2026-01-31,37,quantile,0.025,157.0
2026-01-17,wk inc flu hosp,2,2026-01-31,37,quantile,0.05,234.0
2026-01-17,wk inc flu hosp,2,2026-01-31,37,quantile,0.1,317.0
2026-01-17,wk inc flu hosp,2,2026-01-31,37,quantile,0.15,389.0
2026-01-17,wk inc flu hosp,2,2026-01-31,37,quantile,0.2,446.0
2026-01-17,wk inc flu hosp,2,2026-01-31,37,quantile,0.25,508.0
2026-01-17,wk inc flu hosp,2,2026-01-31,37,quantile,0.3,561.0
2026-01-17,wk inc flu hosp,2,2026-01-31,37,quantile,0.35,617.0
2026-01-17,wk inc flu hosp,2,2026-01-31,37,quantile,0.4,669.0
2026-01-17,wk inc flu hosp,2,2026-01-31,37,quantile,0.45,722.0
2026-01-17,wk inc flu hosp,2,2026-01-31,37,quantile,0.5,784.0
2026-01-17,wk inc flu hosp,2,2026-01-31,37,quantile,0.55,827.0
2026-01-17,wk inc flu hosp,2,2026-01-31,37,quantile,0.6,858.0
2026-01-17,wk inc flu hosp,2,2026-01-31,37,quantile,0.65,891.0
2026-01-17,wk inc flu hosp,2,2026-01-31,37,quantile,0.7,918.0
2026-01-17,wk inc flu hosp,2,2026-01-31,37,quantile,0.75,964.0
2026-01-17,wk inc flu hosp,2,2026-01-31,37,quantile,0.8,999.0
2026-01-17,wk inc flu hosp,2,2026-01-31,37,quantile,0.85,1053.0
2026-01-17,wk inc flu hosp,2,2026-01-31,37,quantile,0.9,1119.0
2026-01-17,wk inc flu hosp,2,2026-01-31,37,quantile,0.95,1208.0
2026-01-17,wk inc flu hosp,2,2026-01-31,37,quantile,0.975,1294.0
2026-01-17,wk inc flu hosp,2,2026-01-31,37,quantile,0.99,1359.0
2026-01-17,wk inc flu hosp,2,2026-01-31,38,quantile,0.01,7.0
2026-01-17,wk inc flu hosp,2,2026-01-31,38,quantile,0.025,11.0
2026-01-17,wk inc flu hosp,2,2026-01-31,38,quantile,0.05,14.0
2026-01-17,wk inc flu hosp,2,2026-01-31,38,quantile,0.1,19.0
2026-01-17,wk inc flu hosp,2,2026-01-31,38,quantile,0.15,22.0
2026-01-17,wk inc flu hosp,2,2026-01-31,38,quantile,0.2,24.0
2026-01-17,wk inc flu hosp,2,2026-01-31,38,quantile,0.25,26.0
2026-01-17,wk inc flu hosp,2,2026-01-31,38,quantile,0.3,27.0
2026-01-17,wk inc flu hosp,2,2026-01-31,38,quantile,0.35,28.0
2026-01-17,wk inc flu hosp,2,2026-01-31,38,quantile,0.4,30.0
2026-01-17,wk inc flu hosp,2,2026-01-31,38,quantile,0.45,31.0
2026-01-17,wk inc flu hosp,2,2026-01-31,38,quantile,0.5,32.0
2026-01-17,wk inc flu hosp,2,2026-01-31,38,quantile,0.55,33.0
2026-01-17,wk inc flu hosp,2,2026-01-31,38,quantile,0.6,35.0
2026-01-17,wk inc flu hosp,2,2026-01-31,38,quantile,0.65,36.0
2026-01-17,wk inc flu hosp,2,2026-01-31,38,quantile,0.7,38.0
2026-01-17,wk inc flu hosp,2,2026-01-31,38,quantile,0.75,40.0
2026-01-17,wk inc flu hosp,2,2026-01-31,38,quantile,0.8,41.0
2026-01-17,wk inc flu hosp,2,2026-01-31,38,quantile,0.85,43.0
2026-01-17,wk inc flu hosp,2,2026-01-31,38,quantile,0.9,46.0
2026-01-17,wk inc flu hosp,2,2026-01-31,38,quantile,0.95,50.0
2026-01-17,wk inc flu hosp,2,2026-01-31,38,quantile,0.975,53.0
2026-01-17,wk inc flu hosp,2,2026-01-31,38,quantile,0.99,56.0
2026-01-17,wk inc flu hosp,2,2026-01-31,39,quantile,0.01,117.0
2026-01-17,wk inc flu hosp,2,2026-01-31,39,quantile,0.025,158.0
2026-01-17,wk inc flu hosp,2,2026-01-31,39,quantile,0.05,216.0
2026-01-17,wk inc flu hosp,2,2026-01-31,39,quantile,0.1,295.0
2026-01-17,wk inc flu hosp,2,2026-01-31,39,quantile,0.15,357.0
2026-01-17,wk inc flu hosp,2,2026-01-31,39,quantile,0.2,404.0
2026-01-17,wk inc flu hosp,2,2026-01-31,39,quantile,0.25,424.0
2026-01-17,wk inc flu hosp,2,2026-01-31,39,quantile,0.3,441.0
2026-01-17,wk inc flu hosp,2,2026-01-31,39,quantile,0.35,463.0
2026-01-17,wk inc flu hosp,2,2026-01-31,39,quantile,0.4,479.0
2026-01-17,wk inc flu hosp,2,2026-01-31,39,quantile,0.45,493.0
2026-01-17,wk inc flu hosp,2,2026-01-31,39,quantile,0.5,509.0
2026-01-17,wk inc flu hosp,2,2026-01-31,39,quantile,0.55,525.0
2026-01-17,wk inc flu hosp,2,2026-01-31,39,quantile,0.6,540.0
2026-01-17,wk inc flu hosp,2,2026-01-31,39,quantile,0.65,561.0
2026-01-17,wk inc flu hosp,2,2026-01-31,39,quantile,0.7,577.0
2026-01-17,wk inc flu hosp,2,2026-01-31,39,quantile,0.75,597.0
2026-01-17,wk inc flu hosp,2,2026-01-31,39,quantile,0.8,615.0
2026-01-17,wk inc flu hosp,2,2026-01-31,39,quantile,0.85,635.0
2026-01-17,wk inc flu hosp,2,2026-01-31,39,quantile,0.9,669.0
2026-01-17,wk inc flu hosp,2,2026-01-31,39,quantile,0.95,715.0
2026-01-17,wk inc flu hosp,2,2026-01-31,39,quantile,0.975,749.0
2026-01-17,wk inc flu hosp,2,2026-01-31,39,quantile,0.99,788.0
2026-01-17,wk inc flu hosp,2,2026-01-31,40,quantile,0.01,0.0
2026-01-17,wk inc flu hosp,2,2026-01-31,40,quantile,0.025,7.0
2026-01-17,wk inc flu hosp,2,2026-01-31,40,quantile,0.05,21.0
2026-01-17,wk inc flu hosp,2,2026-01-31,40,quantile,0.1,62.0
2026-01-17,wk inc flu hosp,2,2026-01-31,40,quantile,0.15,82.0
2026-01-17,wk inc flu hosp,2,2026-01-31,40,quantile,0.2,102.0
2026-01-17,wk inc flu hosp,2,2026-01-31,40,quantile,0.25,118.0
2026-01-17,wk inc flu hosp,2,2026-01-31,40,quantile,0.3,130.0
2026-01-17,wk inc flu hosp,2,2026-01-31,40,quantile,0.35,143.0
2026-01-17,wk inc flu hosp,2,2026-01-31,40,quantile,0.4,157.0
2026-01-17,wk inc flu hosp,2,2026-01-31,40,quantile,0.45,169.0
2026-01-17,wk inc flu hosp,2,2026-01-31,40,quantile,0.5,178.0
2026-01-17,wk inc flu hosp,2,2026-01-31,40,quantile,0.55,188.0
2026-01-17,wk inc flu hosp,2,2026-01-31,40,quantile,0.6,197.0
2026-01-17,wk inc flu hosp,2,2026-01-31,40,quantile,0.65,210.0
2026-01-17,wk inc flu hosp,2,2026-01-31,40,quantile,0.7,224.0
2026-01-17,wk inc flu hosp,2,2026-01-31,40,quantile,0.75,239.0
2026-01-17,wk inc flu hosp,2,2026-01-31,40,quantile,0.8,258.0
2026-01-17,wk inc flu hosp,2,2026-01-31,40,quantile,0.85,280.0
2026-01-17,wk inc flu hosp,2,2026-01-31,40,quantile,0.9,311.0
2026-01-17,wk inc flu hosp,2,2026-01-31,40,quantile,0.95,344.0
2026-01-17,wk inc flu hosp,2,2026-01-31,40,quantile,0.975,370.0
2026-01-17,wk inc flu hosp,2,2026-01-31,40,quantile,0.99,399.0
2026-01-17,wk inc flu hosp,2,2026-01-31,41,quantile,0.01,7.0
2026-01-17,wk inc flu hosp,2,2026-01-31,41,quantile,0.025,11.0
2026-01-17,wk inc flu hosp,2,2026-01-31,41,quantile,0.05,18.0
2026-01-17,wk inc flu hosp,2,2026-01-31,41,quantile,0.1,24.0
2026-01-17,wk inc flu hosp,2,2026-01-31,41,quantile,0.15,34.0
2026-01-17,wk inc flu hosp,2,2026-01-31,41,quantile,0.2,43.0
2026-01-17,wk inc flu hosp,2,2026-01-31,41,quantile,0.25,51.0
2026-01-17,wk inc flu hosp,2,2026-01-31,41,quantile,0.3,57.0
2026-01-17,wk inc flu hosp,2,2026-01-31,41,quantile,0.35,64.0
2026-01-17,wk inc flu hosp,2,2026-01-31,41,quantile,0.4,70.0
2026-01-17,wk inc flu hosp,2,2026-01-31,41,quantile,0.45,76.0
2026-01-17,wk inc flu hosp,2,2026-01-31,41,quantile,0.5,83.0
2026-01-17,wk inc flu hosp,2,2026-01-31,41,quantile,0.55,90.0
2026-01-17,wk inc flu hosp,2,2026-01-31,41,quantile,0.6,97.0
2026-01-17,wk inc flu hosp,2,2026-01-31,41,quantile,0.65,104.0
2026-01-17,wk inc flu hosp,2,2026-01-31,41,quantile,0.7,110.0
2026-01-17,wk inc flu hosp,2,2026-01-31,41,quantile,0.75,117.0
2026-01-17,wk inc flu hosp,2,2026-01-31,41,quantile,0.8,125.0
2026-01-17,wk inc flu hosp,2,2026-01-31,41,quantile,0.85,137.0
2026-01-17,wk inc flu hosp,2,2026-01-31,41,quantile,0.9,151.0
2026-01-17,wk inc flu hosp,2,2026-01-31,41,quantile,0.95,173.0
2026-01-17,wk inc flu hosp,2,2026-01-31,41,quantile,0.975,190.0
2026-01-17,wk inc flu hosp,2,2026-01-31,41,quantile,0.99,203.0
2026-01-17,wk inc flu hosp,2,2026-01-31,42,quantile,0.01,79.0
2026-01-17,wk inc flu hosp,2,2026-01-31,42,quantile,0.025,119.0
2026-01-17,wk inc flu hosp,2,2026-01-31,42,quantile,0.05,183.0
2026-01-17,wk inc flu hosp,2,2026-01-31,42,quantile,0.1,284.0
2026-01-17,wk inc flu hosp,2,2026-01-31,42,quantile,0.15,367.0
2026-01-17,wk inc flu hosp,2,2026-01-31,42,quantile,0.2,414.0
2026-01-17,wk inc flu hosp,2,2026-01-31,42,quantile,0.25,445.0
2026-01-17,wk inc flu hosp,2,2026-01-31,42,quantile,0.3,468.0
2026-01-17,wk inc flu hosp,2,2026-01-31,42,quantile,0.35,500.0
2026-01-17,wk inc flu hosp,2,2026-01-31,42,quantile,0.4,527.0
2026-01-17,wk inc flu hosp,2,2026-01-31,42,quantile,0.45,555.0
2026-01-17,wk inc flu hosp,2,2026-01-31,42,quantile,0.5,578.0
2026-01-17,wk inc flu hosp,2,2026-01-31,42,quantile,0.55,602.0
2026-01-17,wk inc flu hosp,2,2026-01-31,42,quantile,0.6,623.0
2026-01-17,wk inc flu hosp,2,2026-01-31,42,quantile,0.65,653.0
2026-01-17,wk inc flu hosp,2,2026-01-31,42,quantile,0.7,678.0
2026-01-17,wk inc flu hosp,2,2026-01-31,42,quantile,0.75,715.0
2026-01-17,wk inc flu hosp,2,2026-01-31,42,quantile,0.8,746.0
2026-01-17,wk inc flu hosp,2,2026-01-31,42,quantile,0.85,782.0
2026-01-17,wk inc flu hosp,2,2026-01-31,42,quantile,0.9,830.0
2026-01-17,wk inc flu hosp,2,2026-01-31,42,quantile,0.95,897.0
2026-01-17,wk inc flu hosp,2,2026-01-31,42,quantile,0.975,955.0
2026-01-17,wk inc flu hosp,2,2026-01-31,42,quantile,0.99,1021.0
2026-01-17,wk inc flu hosp,2,2026-01-31,44,quantile,0.01,8.0
2026-01-17,wk inc flu hosp,2,2026-01-31,44,quantile,0.025,12.0
2026-01-17,wk inc flu hosp,2,2026-01-31,44,quantile,0.05,17.0
2026-01-17,wk inc flu hosp,2,2026-01-31,44,quantile,0.1,25.0
2026-01-17,wk inc flu hosp,2,2026-01-31,44,quantile,0.15,31.0
2026-01-17,wk inc flu hosp,2,2026-01-31,44,quantile,0.2,36.0
2026-01-17,wk inc flu hosp,2,2026-01-31,44,quantile,0.25,40.0
2026-01-17,wk inc flu hosp,2,2026-01-31,44,quantile,0.3,43.0
2026-01-17,wk inc flu hosp,2,2026-01-31,44,quantile,0.35,45.0
2026-01-17,wk inc flu hosp,2,2026-01-31,44,quantile,0.4,47.0
2026-01-17,wk inc flu hosp,2,2026-01-31,44,quantile,0.45,48.0
2026-01-17,wk inc flu hosp,2,2026-01-31,44,quantile,0.5,50.0
2026-01-17,wk inc flu hosp,2,2026-01-31,44,quantile,0.55,51.0
2026-01-17,wk inc flu hosp,2,2026-01-31,44,quantile,0.6,53.0
2026-01-17,wk inc flu hosp,2,2026-01-31,44,quantile,0.65,55.0
2026-01-17,wk inc flu hosp,2,2026-01-31,44,quantile,0.7,56.0
2026-01-17,wk inc flu hosp,2,2026-01-31,44,quantile,0.75,58.0
2026-01-17,wk inc flu hosp,2,2026-01-31,44,quantile,0.8,60.0
2026-01-17,wk inc flu hosp,2,2026-01-31,44,quantile,0.85,62.0
2026-01-17,wk inc flu hosp,2,2026-01-31,44,quantile,0.9,66.0
2026-01-17,wk inc flu hosp,2,2026-01-31,44,quantile,0.95,71.0
2026-01-17,wk inc flu hosp,2,2026-01-31,44,quantile,0.975,74.0
2026-01-17,wk inc flu hosp,2,2026-01-31,44,quantile,0.99,78.0
2026-01-17,wk inc flu hosp,2,2026-01-31,45,quantile,0.01,40.0
2026-01-17,wk inc flu hosp,2,2026-01-31,45,quantile,0.025,50.0
2026-01-17,wk inc flu hosp,2,2026-01-31,45,quantile,0.05,62.0
2026-01-17,wk inc flu hosp,2,2026-01-31,45,quantile,0.1,106.0
2026-01-17,wk inc flu hosp,2,2026-01-31,45,quantile,0.15,139.0
2026-01-17,wk inc flu hosp,2,2026-01-31,45,quantile,0.2,165.0
2026-01-17,wk inc flu hosp,2,2026-01-31,45,quantile,0.25,187.0
2026-01-17,wk inc flu hosp,2,2026-01-31,45,quantile,0.3,209.0
2026-01-17,wk inc flu hosp,2,2026-01-31,45,quantile,0.35,222.0
2026-01-17,wk inc flu hosp,2,2026-01-31,45,quantile,0.4,236.0
2026-01-17,wk inc flu hosp,2,2026-01-31,45,quantile,0.45,252.0
2026-01-17,wk inc flu hosp,2,2026-01-31,45,quantile,0.5,265.0
2026-01-17,wk inc flu hosp,2,2026-01-31,45,quantile,0.55,278.0
2026-01-17,wk inc flu hosp,2,2026-01-31,45,quantile,0.6,288.0
2026-01-17,wk inc flu hosp,2,2026-01-31,45,quantile,0.65,301.0
2026-01-17,wk inc flu hosp,2,2026-01-31,45,quantile,0.7,311.0
2026-01-17,wk inc flu hosp,2,2026-01-31,45,quantile,0.75,326.0
2026-01-17,wk inc flu hosp,2,2026-01-31,45,quantile,0.8,342.0
2026-01-17,wk inc flu hosp,2,2026-01-31,45,quantile,0.85,361.0
2026-01-17,wk inc flu hosp,2,2026-01-31,45,quantile,0.9,386.0
2026-01-17,wk inc flu hosp,2,2026-01-31,45,quantile,0.95,420.0
2026-01-17,wk inc flu hosp,2,2026-01-31,45,quantile,0.975,451.0
2026-01-17,wk inc flu hosp,2,2026-01-31,45,quantile,0.99,482.0
2026-01-17,wk inc flu hosp,2,2026-01-31,46,quantile,0.01,20.0
2026-01-17,wk inc flu hosp,2,2026-01-31,46,quantile,0.025,25.0
2026-01-17,wk inc flu hosp,2,2026-01-31,46,quantile,0.05,29.0
2026-01-17,wk inc flu hosp,2,2026-01-31,46,quantile,0.1,34.0
2026-01-17,wk inc flu hosp,2,2026-01-31,46,quantile,0.15,36.0
2026-01-17,wk inc flu hosp,2,2026-01-31,46,quantile,0.2,38.0
2026-01-17,wk inc flu hosp,2,2026-01-31,46,quantile,0.25,40.0
2026-01-17,wk inc flu hosp,2,2026-01-31,46,quantile,0.3,42.0
2026-01-17,wk inc flu hosp,2,2026-01-31,46,quantile,0.35,44.0
2026-01-17,wk inc flu hosp,2,2026-01-31,46,quantile,0.4,45.0
2026-01-17,wk inc flu hosp,2,2026-01-31,46,quantile,0.45,47.0
2026-01-17,wk inc flu hosp,2,2026-01-31,46,quantile,0.5,49.0
2026-01-17,wk inc flu hosp,2,2026-01-31,46,quantile,0.55,50.0
2026-01-17,wk inc flu hosp,2,2026-01-31,46,quantile,0.6,52.0
2026-01-17,wk inc flu hosp,2,2026-01-31,46,quantile,0.65,54.0
2026-01-17,wk inc flu hosp,2,2026-01-31,46,quantile,0.7,55.0
2026-01-17,wk inc flu hosp,2,2026-01-31,46,quantile,0.75,57.0
2026-01-17,wk inc flu hosp,2,2026-01-31,46,quantile,0.8,59.0
2026-01-17,wk inc flu hosp,2,2026-01-31,46,quantile,0.85,61.0
2026-01-17,wk inc flu hosp,2,2026-01-31,46,quantile,0.9,64.0
2026-01-17,wk inc flu hosp,2,2026-01-31,46,quantile,0.95,69.0
2026-01-17,wk inc flu hosp,2,2026-01-31,46,quantile,0.975,73.0
2026-01-17,wk inc flu hosp,2,2026-01-31,46,quantile,0.99,77.0
2026-01-17,wk inc flu hosp,2,2026-01-31,47,quantile,0.01,61.0
2026-01-17,wk inc flu hosp,2,2026-01-31,47,quantile,0.025,70.0
2026-01-17,wk inc flu hosp,2,2026-01-31,47,quantile,0.05,83.0
2026-01-17,wk inc flu hosp,2,2026-01-31,47,quantile,0.1,105.0
2026-01-17,wk inc flu hosp,2,2026-01-31,47,quantile,0.15,127.0
2026-01-17,wk inc flu hosp,2,2026-01-31,47,quantile,0.2,144.0
2026-01-17,wk inc flu hosp,2,2026-01-31,47,quantile,0.25,160.0
2026-01-17,wk inc flu hosp,2,2026-01-31,47,quantile,0.3,176.0
2026-01-17,wk inc flu hosp,2,2026-01-31,47,quantile,0.35,190.0
2026-01-17,wk inc flu hosp,2,2026-01-31,47,quantile,0.4,203.0
2026-01-17,wk inc flu hosp,2,2026-01-31,47,quantile,0.45,216.0
2026-01-17,wk inc flu hosp,2,2026-01-31,47,quantile,0.5,231.0
2026-01-17,wk inc flu hosp,2,2026-01-31,47,quantile,0.55,244.0
2026-01-17,wk inc flu hosp,2,2026-01-31,47,quantile,0.6,254.0
2026-01-17,wk inc flu hosp,2,2026-01-31,47,quantile,0.65,271.0
2026-01-17,wk inc flu hosp,2,2026-01-31,47,quantile,0.7,281.0
2026-01-17,wk inc flu hosp,2,2026-01-31,47,quantile,0.75,297.0
2026-01-17,wk inc flu hosp,2,2026-01-31,47,quantile,0.8,311.0
2026-01-17,wk inc flu hosp,2,2026-01-31,47,quantile,0.85,332.0
2026-01-17,wk inc flu hosp,2,2026-01-31,47,quantile,0.9,354.0
2026-01-17,wk inc flu hosp,2,2026-01-31,47,quantile,0.95,388.0
2026-01-17,wk inc flu hosp,2,2026-01-31,47,quantile,0.975,415.0
2026-01-17,wk inc flu hosp,2,2026-01-31,47,quantile,0.99,446.0
2026-01-17,wk inc flu hosp,2,2026-01-31,48,quantile,0.01,96.0
2026-01-17,wk inc flu hosp,2,2026-01-31,48,quantile,0.025,117.0
2026-01-17,wk inc flu hosp,2,2026-01-31,48,quantile,0.05,144.0
2026-01-17,wk inc flu hosp,2,2026-01-31,48,quantile,0.1,304.0
2026-01-17,wk inc flu hosp,2,2026-01-31,48,quantile,0.15,450.0
2026-01-17,wk inc flu hosp,2,2026-01-31,48,quantile,0.2,583.0
2026-01-17,wk inc flu hosp,2,2026-01-31,48,quantile,0.25,725.0
2026-01-17,wk inc flu hosp,2,2026-01-31,48,quantile,0.3,833.0
2026-01-17,wk inc flu hosp,2,2026-01-31,48,quantile,0.35,949.0
2026-01-17,wk inc flu hosp,2,2026-01-31,48,quantile,0.4,1053.0
2026-01-17,wk inc flu hosp,2,2026-01-31,48,quantile,0.45,1162.0
2026-01-17,wk inc flu hosp,2,2026-01-31,48,quantile,0.5,1277.0
2026-01-17,wk inc flu hosp,2,2026-01-31,48,quantile,0.55,1386.0
2026-01-17,wk inc flu hosp,2,2026-01-31,48,quantile,0.6,1495.0
2026-01-17,wk inc flu hosp,2,2026-01-31,48,quantile,0.65,1615.0
2026-01-17,wk inc flu hosp,2,2026-01-31,48,quantile,0.7,1701.0
2026-01-17,wk inc flu hosp,2,2026-01-31,48,quantile,0.75,1813.0
2026-01-17,wk inc flu hosp,2,2026-01-31,48,quantile,0.8,1903.0
2026-01-17,wk inc flu hosp,2,2026-01-31,48,quantile,0.85,2014.0
2026-01-17,wk inc flu hosp,2,2026-01-31,48,quantile,0.9,2179.0
2026-01-17,wk inc flu hosp,2,2026-01-31,48,quantile,0.95,2379.0
2026-01-17,wk inc flu hosp,2,2026-01-31,48,quantile,0.975,2570.0
2026-01-17,wk inc flu hosp,2,2026-01-31,48,quantile,0.99,2723.0
2026-01-17,wk inc flu hosp,2,2026-01-31,49,quantile,0.01,15.0
2026-01-17,wk inc flu hosp,2,2026-01-31,49,quantile,0.025,20.0
2026-01-17,wk inc flu hosp,2,2026-01-31,49,quantile,0.05,26.0
2026-01-17,wk inc flu hosp,2,2026-01-31,49,quantile,0.1,43.0
2026-01-17,wk inc flu hosp,2,2026-01-31,49,quantile,0.15,61.0
2026-01-17,wk inc flu hosp,2,2026-01-31,49,quantile,0.2,69.0
2026-01-17,wk inc flu hosp,2,2026-01-31,49,quantile,0.25,77.0
2026-01-17,wk inc flu hosp,2,2026-01-31,49,quantile,0.3,84.0
2026-01-17,wk inc flu hosp,2,2026-01-31,49,quantile,0.35,91.0
2026-01-17,wk inc flu hosp,2,2026-01-31,49,quantile,0.4,98.0
2026-01-17,wk inc flu hosp,2,2026-01-31,49,quantile,0.45,105.0
2026-01-17,wk inc flu hosp,2,2026-01-31,49,quantile,0.5,112.0
2026-01-17,wk inc flu hosp,2,2026-01-31,49,quantile,0.55,119.0
2026-01-17,wk inc flu hosp,2,2026-01-31,49,quantile,0.6,125.0
2026-01-17,wk inc flu hosp,2,2026-01-31,49,quantile,0.65,131.0
2026-01-17,wk inc flu hosp,2,2026-01-31,49,quantile,0.7,138.0
2026-01-17,wk inc flu hosp,2,2026-01-31,49,quantile,0.75,145.0
2026-01-17,wk inc flu hosp,2,2026-01-31,49,quantile,0.8,152.0
2026-01-17,wk inc flu hosp,2,2026-01-31,49,quantile,0.85,162.0
2026-01-17,wk inc flu hosp,2,2026-01-31,49,quantile,0.9,173.0
2026-01-17,wk inc flu hosp,2,2026-01-31,49,quantile,0.95,190.0
2026-01-17,wk inc flu hosp,2,2026-01-31,49,quantile,0.975,207.0
2026-01-17,wk inc flu hosp,2,2026-01-31,49,quantile,0.99,222.0
2026-01-17,wk inc flu hosp,2,2026-01-31,50,quantile,0.01,4.0
2026-01-17,wk inc flu hosp,2,2026-01-31,50,quantile,0.025,5.0
2026-01-17,wk inc flu hosp,2,2026-01-31,50,quantile,0.05,7.0
2026-01-17,wk inc flu hosp,2,2026-01-31,50,quantile,0.1,11.0
2026-01-17,wk inc flu hosp,2,2026-01-31,50,quantile,0.15,13.0
2026-01-17,wk inc flu hosp,2,2026-01-31,50,quantile,0.2,15.0
2026-01-17,wk inc flu hosp,2,2026-01-31,50,quantile,0.25,17.0
2026-01-17,wk inc flu hosp,2,2026-01-31,50,quantile,0.3,18.0
2026-01-17,wk inc flu hosp,2,2026-01-31,50,quantile,0.35,20.0
2026-01-17,wk inc flu hosp,2,2026-01-31,50,quantile,0.4,22.0
2026-01-17,wk inc flu hosp,2,2026-01-31,50,quantile,0.45,23.0
2026-01-17,wk inc flu hosp,2,2026-01-31,50,quantile,0.5,25.0
2026-01-17,wk inc flu hosp,2,2026-01-31,50,quantile,0.55,27.0
2026-01-17,wk inc flu hosp,2,2026-01-31,50,quantile,0.6,28.0
2026-01-17,wk inc flu hosp,2,2026-01-31,50,quantile,0.65,30.0
2026-01-17,wk inc flu hosp,2,2026-01-31,50,quantile,0.7,31.0
2026-01-17,wk inc flu hosp,2,2026-01-31,50,quantile,0.75,33.0
2026-01-17,wk inc flu hosp,2,2026-01-31,50,quantile,0.8,35.0
2026-01-17,wk inc flu hosp,2,2026-01-31,50,quantile,0.85,37.0
2026-01-17,wk inc flu hosp,2,2026-01-31,50,quantile,0.9,40.0
2026-01-17,wk inc flu hosp,2,2026-01-31,50,quantile,0.95,45.0
2026-01-17,wk inc flu hosp,2,2026-01-31,50,quantile,0.975,49.0
2026-01-17,wk inc flu hosp,2,2026-01-31,50,quantile,0.99,52.0
2026-01-17,wk inc flu hosp,2,2026-01-31,51,quantile,0.01,3.0
2026-01-17,wk inc flu hosp,2,2026-01-31,51,quantile,0.025,31.0
2026-01-17,wk inc flu hosp,2,2026-01-31,51,quantile,0.05,58.0
2026-01-17,wk inc flu hosp,2,2026-01-31,51,quantile,0.1,98.0
2026-01-17,wk inc flu hosp,2,2026-01-31,51,quantile,0.15,131.0
2026-01-17,wk inc flu hosp,2,2026-01-31,51,quantile,0.2,147.0
2026-01-17,wk inc flu hosp,2,2026-01-31,51,quantile,0.25,162.0
2026-01-17,wk inc flu hosp,2,2026-01-31,51,quantile,0.3,185.0
2026-01-17,wk inc flu hosp,2,2026-01-31,51,quantile,0.35,213.0
2026-01-17,wk inc flu hosp,2,2026-01-31,51,quantile,0.4,238.0
2026-01-17,wk inc flu hosp,2,2026-01-31,51,quantile,0.45,258.0
2026-01-17,wk inc flu hosp,2,2026-01-31,51,quantile,0.5,280.0
2026-01-17,wk inc flu hosp,2,2026-01-31,51,quantile,0.55,300.0
2026-01-17,wk inc flu hosp,2,2026-01-31,51,quantile,0.6,322.0
2026-01-17,wk inc flu hosp,2,2026-01-31,51,quantile,0.65,347.0
2026-01-17,wk inc flu hosp,2,2026-01-31,51,quantile,0.7,375.0
2026-01-17,wk inc flu hosp,2,2026-01-31,51,quantile,0.75,397.0
2026-01-17,wk inc flu hosp,2,2026-01-31,51,quantile,0.8,421.0
2026-01-17,wk inc flu hosp,2,2026-01-31,51,quantile,0.85,455.0
2026-01-17,wk inc flu hosp,2,2026-01-31,51,quantile,0.9,492.0
2026-01-17,wk inc flu hosp,2,2026-01-31,51,quantile,0.95,561.0
2026-01-17,wk inc flu hosp,2,2026-01-31,51,quantile,0.975,621.0
2026-01-17,wk inc flu hosp,2,2026-01-31,51,quantile,0.99,672.0
2026-01-17,wk inc flu hosp,2,2026-01-31,53,quantile,0.01,55.0
2026-01-17,wk inc flu hosp,2,2026-01-31,53,quantile,0.025,97.0
2026-01-17,wk inc flu hosp,2,2026-01-31,53,quantile,0.05,115.0
2026-01-17,wk inc flu hosp,2,2026-01-31,53,quantile,0.1,143.0
2026-01-17,wk inc flu hosp,2,2026-01-31,53,quantile,0.15,162.0
2026-01-17,wk inc flu hosp,2,2026-01-31,53,quantile,0.2,175.0
2026-01-17,wk inc flu hosp,2,2026-01-31,53,quantile,0.25,188.0
2026-01-17,wk inc flu hosp,2,2026-01-31,53,quantile,0.3,200.0
2026-01-17,wk inc flu hosp,2,2026-01-31,53,quantile,0.35,210.0
2026-01-17,wk inc flu hosp,2,2026-01-31,53,quantile,0.4,222.0
2026-01-17,wk inc flu hosp,2,2026-01-31,53,quantile,0.45,234.0
2026-01-17,wk inc flu hosp,2,2026-01-31,53,quantile,0.5,245.0
2026-01-17,wk inc flu hosp,2,2026-01-31,53,quantile,0.55,254.0
2026-01-17,wk inc flu hosp,2,2026-01-31,53,quantile,0.6,263.0
2026-01-17,wk inc flu hosp,2,2026-01-31,53,quantile,0.65,276.0
2026-01-17,wk inc flu hosp,2,2026-01-31,53,quantile,0.7,286.0
2026-01-17,wk inc flu hosp,2,2026-01-31,53,quantile,0.75,297.0
2026-01-17,wk inc flu hosp,2,2026-01-31,53,quantile,0.8,309.0
2026-01-17,wk inc flu hosp,2,2026-01-31,53,quantile,0.85,323.0
2026-01-17,wk inc flu hosp,2,2026-01-31,53,quantile,0.9,342.0
2026-01-17,wk inc flu hosp,2,2026-01-31,53,quantile,0.95,368.0
2026-01-17,wk inc flu hosp,2,2026-01-31,53,quantile,0.975,397.0
2026-01-17,wk inc flu hosp,2,2026-01-31,53,quantile,0.99,419.0
2026-01-17,wk inc flu hosp,2,2026-01-31,54,quantile,0.01,3.0
2026-01-17,wk inc flu hosp,2,2026-01-31,54,quantile,0.025,6.0
2026-01-17,wk inc flu hosp,2,2026-01-31,54,quantile,0.05,10.0
2026-01-17,wk inc flu hosp,2,2026-01-31,54,quantile,0.1,20.0
2026-01-17,wk inc flu hosp,2,2026-01-31,54,quantile,0.15,30.0
2026-01-17,wk inc flu hosp,2,2026-01-31,54,quantile,0.2,37.0
2026-01-17,wk inc flu hosp,2,2026-01-31,54,quantile,0.25,43.0
2026-01-17,wk inc flu hosp,2,2026-01-31,54,quantile,0.3,49.0
2026-01-17,wk inc flu hosp,2,2026-01-31,54,quantile,0.35,54.0
2026-01-17,wk inc flu hosp,2,2026-01-31,54,quantile,0.4,59.0
2026-01-17,wk inc flu hosp,2,2026-01-31,54,quantile,0.45,64.0
2026-01-17,wk inc flu hosp,2,2026-01-31,54,quantile,0.5,69.0
2026-01-17,wk inc flu hosp,2,2026-01-31,54,quantile,0.55,73.0
2026-01-17,wk inc flu hosp,2,2026-01-31,54,quantile,0.6,78.0
2026-01-17,wk inc flu hosp,2,2026-01-31,54,quantile,0.65,84.0
2026-01-17,wk inc flu hosp,2,2026-01-31,54,quantile,0.7,90.0
2026-01-17,wk inc flu hosp,2,2026-01-31,54,quantile,0.75,96.0
2026-01-17,wk inc flu hosp,2,2026-01-31,54,quantile,0.8,102.0
2026-01-17,wk inc flu hosp,2,2026-01-31,54,quantile,0.85,109.0
2026-01-17,wk inc flu hosp,2,2026-01-31,54,quantile,0.9,117.0
2026-01-17,wk inc flu hosp,2,2026-01-31,54,quantile,0.95,130.0
2026-01-17,wk inc flu hosp,2,2026-01-31,54,quantile,0.975,145.0
2026-01-17,wk inc flu hosp,2,2026-01-31,54,quantile,0.99,159.0
2026-01-17,wk inc flu hosp,2,2026-01-31,55,quantile,0.01,69.0
2026-01-17,wk inc flu hosp,2,2026-01-31,55,quantile,0.025,109.0
2026-01-17,wk inc flu hosp,2,2026-01-31,55,quantile,0.05,136.0
2026-01-17,wk inc flu hosp,2,2026-01-31,55,quantile,0.1,190.0
2026-01-17,wk inc flu hosp,2,2026-01-31,55,quantile,0.15,229.0
2026-01-17,wk inc flu hosp,2,2026-01-31,55,quantile,0.2,251.0
2026-01-17,wk inc flu hosp,2,2026-01-31,55,quantile,0.25,263.0
2026-01-17,wk inc flu hosp,2,2026-01-31,55,quantile,0.3,277.0
2026-01-17,wk inc flu hosp,2,2026-01-31,55,quantile,0.35,287.0
2026-01-17,wk inc flu hosp,2,2026-01-31,55,quantile,0.4,299.0
2026-01-17,wk inc flu hosp,2,2026-01-31,55,quantile,0.45,309.0
2026-01-17,wk inc flu hosp,2,2026-01-31,55,quantile,0.5,319.0
2026-01-17,wk inc flu hosp,2,2026-01-31,55,quantile,0.55,331.0
2026-01-17,wk inc flu hosp,2,2026-01-31,55,quantile,0.6,343.0
2026-01-17,wk inc flu hosp,2,2026-01-31,55,quantile,0.65,355.0
2026-01-17,wk inc flu hosp,2,2026-01-31,55,quantile,0.7,366.0
2026-01-17,wk inc flu hosp,2,2026-01-31,55,quantile,0.75,379.0
2026-01-17,wk inc flu hosp,2,2026-01-31,55,quantile,0.8,392.0
2026-01-17,wk inc flu hosp,2,2026-01-31,55,quantile,0.85,407.0
2026-01-17,wk inc flu hosp,2,2026-01-31,55,quantile,0.9,428.0
2026-01-17,wk inc flu hosp,2,2026-01-31,55,quantile,0.95,461.0
2026-01-17,wk inc flu hosp,2,2026-01-31,55,quantile,0.975,488.0
2026-01-17,wk inc flu hosp,2,2026-01-31,55,quantile,0.99,515.0
2026-01-17,wk inc flu hosp,2,2026-01-31,56,quantile,0.01,3.0
2026-01-17,wk inc flu hosp,2,2026-01-31,56,quantile,0.025,4.0
2026-01-17,wk inc flu hosp,2,2026-01-31,56,quantile,0.05,7.0
2026-01-17,wk inc flu hosp,2,2026-01-31,56,quantile,0.1,11.0
2026-01-17,wk inc flu hosp,2,2026-01-31,56,quantile,0.15,14.0
2026-01-17,wk inc flu hosp,2,2026-01-31,56,quantile,0.2,16.0
2026-01-17,wk inc flu hosp,2,2026-01-31,56,quantile,0.25,17.0
2026-01-17,wk inc flu hosp,2,2026-01-31,56,quantile,0.3,18.0
2026-01-17,wk inc flu hosp,2,2026-01-31,56,quantile,0.35,19.0
2026-01-17,wk inc flu hosp,2,2026-01-31,56,quantile,0.4,20.0
2026-01-17,wk inc flu hosp,2,2026-01-31,56,quantile,0.45,21.0
2026-01-17,wk inc flu hosp,2,2026-01-31,56,quantile,0.5,22.0
2026-01-17,wk inc flu hosp,2,2026-01-31,56,quantile,0.55,23.0
2026-01-17,wk inc flu hosp,2,2026-01-31,56,quantile,0.6,24.0
2026-01-17,wk inc flu hosp,2,2026-01-31,56,quantile,0.65,25.0
2026-01-17,wk inc flu hosp,2,2026-01-31,56,quantile,0.7,26.0
2026-01-17,wk inc flu hosp,2,2026-01-31,56,quantile,0.75,27.0
2026-01-17,wk inc flu hosp,2,2026-01-31,56,quantile,0.8,28.0
2026-01-17,wk inc flu hosp,2,2026-01-31,56,quantile,0.85,29.0
2026-01-17,wk inc flu hosp,2,2026-01-31,56,quantile,0.9,30.0
2026-01-17,wk inc flu hosp,2,2026-01-31,56,quantile,0.95,33.0
2026-01-17,wk inc flu hosp,2,2026-01-31,56,quantile,0.975,35.0
2026-01-17,wk inc flu hosp,2,2026-01-31,56,quantile,0.99,38.0
2026-01-17,wk inc flu hosp,2,2026-01-31,US,quantile,0.01,2819.0
2026-01-17,wk inc flu hosp,2,2026-01-31,US,quantile,0.025,4119.0
2026-01-17,wk inc flu hosp,2,2026-01-31,US,quantile,0.05,5407.0
2026-01-17,wk inc flu hosp,2,2026-01-31,US,quantile,0.1,7298.0
2026-01-17,wk inc flu hosp,2,2026-01-31,US,quantile,0.15,8808.0
2026-01-17,wk inc flu hosp,2,2026-01-31,US,quantile,0.2,10267.0
2026-01-17,wk inc flu hosp,2,2026-01-31,US,quantile,0.25,11625.0
2026-01-17,wk inc flu hosp,2,2026-01-31,US,quantile,0.3,12605.0
2026-01-17,wk inc flu hosp,2,2026-01-31,US,quantile,0.35,13067.0
2026-01-17,wk inc flu hosp,2,2026-01-31,US,quantile,0.4,13563.0
2026-01-17,wk inc flu hosp,2,2026-01-31,US,quantile,0.45,14078.0
2026-01-17,wk inc flu hosp,2,2026-01-31,US,quantile,0.5,14573.0
2026-01-17,wk inc flu hosp,2,2026-01-31,US,quantile,0.55,15020.0
2026-01-17,wk inc flu hosp,2,2026-01-31,US,quantile,0.6,15378.0
2026-01-17,wk inc flu hosp,2,2026-01-31,US,quantile,0.65,15866.0
2026-01-17,wk inc flu hosp,2,2026-01-31,US,quantile,0.7,16236.0
2026-01-17,wk inc flu hosp,2,2026-01-31,US,quantile,0.75,16763.0
2026-01-17,wk inc flu hosp,2,2026-01-31,US,quantile,0.8,17299.0
2026-01-17,wk inc flu hosp,2,2026-01-31,US,quantile,0.85,17835.0
2026-01-17,wk inc flu hosp,2,2026-01-31,US,quantile,0.9,18583.0
2026-01-17,wk inc flu hosp,2,2026-01-31,US,quantile,0.95,19928.0
2026-01-17,wk inc flu hosp,2,2026-01-31,US,quantile,0.975,20839.0
2026-01-17,wk inc flu hosp,2,2026-01-31,US,quantile,0.99,22180.0
2026-01-17,wk inc flu hosp,3,2026-02-07,01,quantile,0.01,0.0
2026-01-17,wk inc flu hosp,3,2026-02-07,01,quantile,0.025,0.0
2026-01-17,wk inc flu hosp,3,2026-02-07,01,quantile,0.05,0.0
2026-01-17,wk inc flu hosp,3,2026-02-07,01,quantile,0.1,18.0
2026-01-17,wk inc flu hosp,3,2026-02-07,01,quantile,0.15,49.0
2026-01-17,wk inc flu hosp,3,2026-02-07,01,quantile,0.2,72.0
2026-01-17,wk inc flu hosp,3,2026-02-07,01,quantile,0.25,94.0
2026-01-17,wk inc flu hosp,3,2026-02-07,01,quantile,0.3,113.0
2026-01-17,wk inc flu hosp,3,2026-02-07,01,quantile,0.35,130.0
2026-01-17,wk inc flu hosp,3,2026-02-07,01,quantile,0.4,147.0
2026-01-17,wk inc flu hosp,3,2026-02-07,01,quantile,0.45,164.0
2026-01-17,wk inc flu hosp,3,2026-02-07,01,quantile,0.5,182.0
2026-01-17,wk inc flu hosp,3,2026-02-07,01,quantile,0.55,199.0
2026-01-17,wk inc flu hosp,3,2026-02-07,01,quantile,0.6,220.0
2026-01-17,wk inc flu hosp,3,2026-02-07,01,quantile,0.65,242.0
2026-01-17,wk inc flu hosp,3,2026-02-07,01,quantile,0.7,263.0
2026-01-17,wk inc flu hosp,3,2026-02-07,01,quantile,0.75,285.0
2026-01-17,wk inc flu hosp,3,2026-02-07,01,quantile,0.8,308.0
2026-01-17,wk inc flu hosp,3,2026-02-07,01,quantile,0.85,335.0
2026-01-17,wk inc flu hosp,3,2026-02-07,01,quantile,0.9,377.0
2026-01-17,wk inc flu hosp,3,2026-02-07,01,quantile,0.95,421.0
2026-01-17,wk inc flu hosp,3,2026-02-07,01,quantile,0.975,468.0
2026-01-17,wk inc flu hosp,3,2026-02-07,01,quantile,0.99,516.0
2026-01-17,wk inc flu hosp,3,2026-02-07,02,quantile,0.01,7.0
2026-01-17,wk inc flu hosp,3,2026-02-07,02,quantile,0.025,10.0
2026-01-17,wk inc flu hosp,3,2026-02-07,02,quantile,0.05,13.0
2026-01-17,wk inc flu hosp,3,2026-02-07,02,quantile,0.1,18.0
2026-01-17,wk inc flu hosp,3,2026-02-07,02,quantile,0.15,22.0
2026-01-17,wk inc flu hosp,3,2026-02-07,02,quantile,0.2,26.0
2026-01-17,wk inc flu hosp,3,2026-02-07,02,quantile,0.25,29.0
2026-01-17,wk inc flu hosp,3,2026-02-07,02,quantile,0.3,33.0
2026-01-17,wk inc flu hosp,3,2026-02-07,02,quantile,0.35,36.0
2026-01-17,wk inc flu hosp,3,2026-02-07,02,quantile,0.4,38.0
2026-01-17,wk inc flu hosp,3,2026-02-07,02,quantile,0.45,42.0
2026-01-17,wk inc flu hosp,3,2026-02-07,02,quantile,0.5,45.0
2026-01-17,wk inc flu hosp,3,2026-02-07,02,quantile,0.55,47.0
2026-01-17,wk inc flu hosp,3,2026-02-07,02,quantile,0.6,50.0
2026-01-17,wk inc flu hosp,3,2026-02-07,02,quantile,0.65,53.0
2026-01-17,wk inc flu hosp,3,2026-02-07,02,quantile,0.7,55.0
2026-01-17,wk inc flu hosp,3,2026-02-07,02,quantile,0.75,57.0
2026-01-17,wk inc flu hosp,3,2026-02-07,02,quantile,0.8,59.0
2026-01-17,wk inc flu hosp,3,2026-02-07,02,quantile,0.85,61.0
2026-01-17,wk inc flu hosp,3,2026-02-07,02,quantile,0.9,64.0
2026-01-17,wk inc flu hosp,3,2026-02-07,02,quantile,0.95,69.0
2026-01-17,wk inc flu hosp,3,2026-02-07,02,quantile,0.975,74.0
2026-01-17,wk inc flu hosp,3,2026-02-07,02,quantile,0.99,78.0
2026-01-17,wk inc flu hosp,3,2026-02-07,04,quantile,0.01,0.0
2026-01-17,wk inc flu hosp,3,2026-02-07,04,quantile,0.025,0.0
2026-01-17,wk inc flu hosp,3,2026-02-07,04,quantile,0.05,0.0
2026-01-17,wk inc flu hosp,3,2026-02-07,04,quantile,0.1,4.0
2026-01-17,wk inc flu hosp,3,2026-02-07,04,quantile,0.15,18.0
2026-01-17,wk inc flu hosp,3,2026-02-07,04,quantile,0.2,35.0
2026-01-17,wk inc flu hosp,3,2026-02-07,04,quantile,0.25,51.0
2026-01-17,wk inc flu hosp,3,2026-02-07,04,quantile,0.3,63.0
2026-01-17,wk inc flu hosp,3,2026-02-07,04,quantile,0.35,76.0
2026-01-17,wk inc flu hosp,3,2026-02-07,04,quantile,0.4,88.0
2026-01-17,wk inc flu hosp,3,2026-02-07,04,quantile,0.45,101.0
2026-01-17,wk inc flu hosp,3,2026-02-07,04,quantile,0.5,111.0
2026-01-17,wk inc flu hosp,3,2026-02-07,04,quantile,0.55,125.0
2026-01-17,wk inc flu hosp,3,2026-02-07,04,quantile,0.6,139.0
2026-01-17,wk inc flu hosp,3,2026-02-07,04,quantile,0.65,154.0
2026-01-17,wk inc flu hosp,3,2026-02-07,04,quantile,0.7,168.0
2026-01-17,wk inc flu hosp,3,2026-02-07,04,quantile,0.75,183.0
2026-01-17,wk inc flu hosp,3,2026-02-07,04,quantile,0.8,201.0
2026-01-17,wk inc flu hosp,3,2026-02-07,04,quantile,0.85,222.0
2026-01-17,wk inc flu hosp,3,2026-02-07,04,quantile,0.9,255.0
2026-01-17,wk inc flu hosp,3,2026-02-07,04,quantile,0.95,288.0
2026-01-17,wk inc flu hosp,3,2026-02-07,04,quantile,0.975,320.0
2026-01-17,wk inc flu hosp,3,2026-02-07,04,quantile,0.99,356.0
2026-01-17,wk inc flu hosp,3,2026-02-07,05,quantile,0.01,8.0
2026-01-17,wk inc flu hosp,3,2026-02-07,05,quantile,0.025,15.0
2026-01-17,wk inc flu hosp,3,2026-02-07,05,quantile,0.05,33.0
2026-01-17,wk inc flu hosp,3,2026-02-07,05,quantile,0.1,55.0
2026-01-17,wk inc flu hosp,3,2026-02-07,05,quantile,0.15,72.0
2026-01-17,wk inc flu hosp,3,2026-02-07,05,quantile,0.2,86.0
2026-01-17,wk inc flu hosp,3,2026-02-07,05,quantile,0.25,97.0
2026-01-17,wk inc flu hosp,3,2026-02-07,05,quantile,0.3,107.0
2026-01-17,wk inc flu hosp,3,2026-02-07,05,quantile,0.35,118.0
2026-01-17,wk inc flu hosp,3,2026-02-07,05,quantile,0.4,127.0
2026-01-17,wk inc flu hosp,3,2026-02-07,05,quantile,0.45,137.0
2026-01-17,wk inc flu hosp,3,2026-02-07,05,quantile,0.5,147.0
2026-01-17,wk inc flu hosp,3,2026-02-07,05,quantile,0.55,156.0
2026-01-17,wk inc flu hosp,3,2026-02-07,05,quantile,0.6,166.0
2026-01-17,wk inc flu hosp,3,2026-02-07,05,quantile,0.65,175.0
2026-01-17,wk inc flu hosp,3,2026-02-07,05,quantile,0.7,185.0
2026-01-17,wk inc flu hosp,3,2026-02-07,05,quantile,0.75,194.0
2026-01-17,wk inc flu hosp,3,2026-02-07,05,quantile,0.8,205.0
2026-01-17,wk inc flu hosp,3,2026-02-07,05,quantile,0.85,216.0
2026-01-17,wk inc flu hosp,3,2026-02-07,05,quantile,0.9,236.0
2026-01-17,wk inc flu hosp,3,2026-02-07,05,quantile,0.95,270.0
2026-01-17,wk inc flu hosp,3,2026-02-07,05,quantile,0.975,288.0
2026-01-17,wk inc flu hosp,3,2026-02-07,05,quantile,0.99,320.0
2026-01-17,wk inc flu hosp,3,2026-02-07,06,quantile,0.01,150.0
2026-01-17,wk inc flu hosp,3,2026-02-07,06,quantile,0.025,193.0
2026-01-17,wk inc flu hosp,3,2026-02-07,06,quantile,0.05,276.0
2026-01-17,wk inc flu hosp,3,2026-02-07,06,quantile,0.1,402.0
2026-01-17,wk inc flu hosp,3,2026-02-07,06,quantile,0.15,472.0
2026-01-17,wk inc flu hosp,3,2026-02-07,06,quantile,0.2,533.0
2026-01-17,wk inc flu hosp,3,2026-02-07,06,quantile,0.25,588.0
2026-01-17,wk inc flu hosp,3,2026-02-07,06,quantile,0.3,643.0
2026-01-17,wk inc flu hosp,3,2026-02-07,06,quantile,0.35,692.0
2026-01-17,wk inc flu hosp,3,2026-02-07,06,quantile,0.4,742.0
2026-01-17,wk inc flu hosp,3,2026-02-07,06,quantile,0.45,790.0
2026-01-17,wk inc flu hosp,3,2026-02-07,06,quantile,0.5,830.0
2026-01-17,wk inc flu hosp,3,2026-02-07,06,quantile,0.55,884.0
2026-01-17,wk inc flu hosp,3,2026-02-07,06,quantile,0.6,926.0
2026-01-17,wk inc flu hosp,3,2026-02-07,06,quantile,0.65,975.0
2026-01-17,wk inc flu hosp,3,2026-02-07,06,quantile,0.7,1024.0
2026-01-17,wk inc flu hosp,3,2026-02-07,06,quantile,0.75,1086.0
2026-01-17,wk inc flu hosp,3,2026-02-07,06,quantile,0.8,1149.0
2026-01-17,wk inc flu hosp,3,2026-02-07,06,quantile,0.85,1215.0
2026-01-17,wk inc flu hosp,3,2026-02-07,06,quantile,0.9,1300.0
2026-01-17,wk inc flu hosp,3,2026-02-07,06,quantile,0.95,1403.0
2026-01-17,wk inc flu hosp,3,2026-02-07,06,quantile,0.975,1518.0
2026-01-17,wk inc flu hosp,3,2026-02-07,06,quantile,0.99,1617.0
2026-01-17,wk inc flu hosp,3,2026-02-07,08,quantile,0.01,23.0
2026-01-17,wk inc flu hosp,3,2026-02-07,08,quantile,0.025,40.0
2026-01-17,wk inc flu hosp,3,2026-02-07,08,quantile,0.05,52.0
2026-01-17,wk inc flu hosp,3,2026-02-07,08,quantile,0.1,73.0
2026-01-17,wk inc flu hosp,3,2026-02-07,08,quantile,0.15,86.0
2026-01-17,wk inc flu hosp,3,2026-02-07,08,quantile,0.2,100.0
2026-01-17,wk inc flu hosp,3,2026-02-07,08,quantile,0.25,119.0
2026-01-17,wk inc flu hosp,3,2026-02-07,08,quantile,0.3,135.0
2026-01-17,wk inc flu hosp,3,2026-02-07,08,quantile,0.35,149.0
2026-01-17,wk inc flu hosp,3,2026-02-07,08,quantile,0.4,168.0
2026-01-17,wk inc flu hosp,3,2026-02-07,08,quantile,0.45,180.0
2026-01-17,wk inc flu hosp,3,2026-02-07,08,quantile,0.5,196.0
2026-01-17,wk inc flu hosp,3,2026-02-07,08,quantile,0.55,207.0
2026-01-17,wk inc flu hosp,3,2026-02-07,08,quantile,0.6,213.0
2026-01-17,wk inc flu hosp,3,2026-02-07,08,quantile,0.65,219.0
2026-01-17,wk inc flu hosp,3,2026-02-07,08,quantile,0.7,226.0
2026-01-17,wk inc flu hosp,3,2026-02-07,08,quantile,0.75,233.0
2026-01-17,wk inc flu hosp,3,2026-02-07,08,quantile,0.8,239.0
2026-01-17,wk inc flu hosp,3,2026-02-07,08,quantile,0.85,249.0
2026-01-17,wk inc flu hosp,3,2026-02-07,08,quantile,0.9,260.0
2026-01-17,wk inc flu hosp,3,2026-02-07,08,quantile,0.95,277.0
2026-01-17,wk inc flu hosp,3,2026-02-07,08,quantile,0.975,293.0
2026-01-17,wk inc flu hosp,3,2026-02-07,08,quantile,0.99,307.0
2026-01-17,wk inc flu hosp,3,2026-02-07,09,quantile,0.01,7.0
2026-01-17,wk inc flu hosp,3,2026-02-07,09,quantile,0.025,9.0
2026-01-17,wk inc flu hosp,3,2026-02-07,09,quantile,0.05,12.0
2026-01-17,wk inc flu hosp,3,2026-02-07,09,quantile,0.1,17.0
2026-01-17,wk inc flu hosp,3,2026-02-07,09,quantile,0.15,22.0
2026-01-17,wk inc flu hosp,3,2026-02-07,09,quantile,0.2,29.0
2026-01-17,wk inc flu hosp,3,2026-02-07,09,quantile,0.25,35.0
2026-01-17,wk inc flu hosp,3,2026-02-07,09,quantile,0.3,40.0
2026-01-17,wk inc flu hosp,3,2026-02-07,09,quantile,0.35,47.0
2026-01-17,wk inc flu hosp,3,2026-02-07,09,quantile,0.4,53.0
2026-01-17,wk inc flu hosp,3,2026-02-07,09,quantile,0.45,62.0
2026-01-17,wk inc flu hosp,3,2026-02-07,09,quantile,0.5,69.0
2026-01-17,wk inc flu hosp,3,2026-02-07,09,quantile,0.55,76.0
2026-01-17,wk inc flu hosp,3,2026-02-07,09,quantile,0.6,84.0
2026-01-17,wk inc flu hosp,3,2026-02-07,09,quantile,0.65,94.0
2026-01-17,wk inc flu hosp,3,2026-02-07,09,quantile,0.7,102.0
2026-01-17,wk inc flu hosp,3,2026-02-07,09,quantile,0.75,106.0
2026-01-17,wk inc flu hosp,3,2026-02-07,09,quantile,0.8,111.0
2026-01-17,wk inc flu hosp,3,2026-02-07,09,quantile,0.85,117.0
2026-01-17,wk inc flu hosp,3,2026-02-07,09,quantile,0.9,123.0
2026-01-17,wk inc flu hosp,3,2026-02-07,09,quantile,0.95,137.0
2026-01-17,wk inc flu hosp,3,2026-02-07,09,quantile,0.975,144.0
2026-01-17,wk inc flu hosp,3,2026-02-07,09,quantile,0.99,150.0
2026-01-17,wk inc flu hosp,3,2026-02-07,10,quantile,0.01,6.0
2026-01-17,wk inc flu hosp,3,2026-02-07,10,quantile,0.025,8.0
2026-01-17,wk inc flu hosp,3,2026-02-07,10,quantile,0.05,11.0
2026-01-17,wk inc flu hosp,3,2026-02-07,10,quantile,0.1,22.0
2026-01-17,wk inc flu hosp,3,2026-02-07,10,quantile,0.15,29.0
2026-01-17,wk inc flu hosp,3,2026-02-07,10,quantile,0.2,35.0
2026-01-17,wk inc flu hosp,3,2026-02-07,10,quantile,0.25,38.0
2026-01-17,wk inc flu hosp,3,2026-02-07,10,quantile,0.3,42.0
2026-01-17,wk inc flu hosp,3,2026-02-07,10,quantile,0.35,46.0
2026-01-17,wk inc flu hosp,3,2026-02-07,10,quantile,0.4,49.0
2026-01-17,wk inc flu hosp,3,2026-02-07,10,quantile,0.45,53.0
2026-01-17,wk inc flu hosp,3,2026-02-07,10,quantile,0.5,56.0
2026-01-17,wk inc flu hosp,3,2026-02-07,10,quantile,0.55,60.0
2026-01-17,wk inc flu hosp,3,2026-02-07,10,quantile,0.6,63.0
2026-01-17,wk inc flu hosp,3,2026-02-07,10,quantile,0.65,66.0
2026-01-17,wk inc flu hosp,3,2026-02-07,10,quantile,0.7,70.0
2026-01-17,wk inc flu hosp,3,2026-02-07,10,quantile,0.75,73.0
2026-01-17,wk inc flu hosp,3,2026-02-07,10,quantile,0.8,78.0
2026-01-17,wk inc flu hosp,3,2026-02-07,10,quantile,0.85,83.0
2026-01-17,wk inc flu hosp,3,2026-02-07,10,quantile,0.9,91.0
2026-01-17,wk inc flu hosp,3,2026-02-07,10,quantile,0.95,99.0
2026-01-17,wk inc flu hosp,3,2026-02-07,10,quantile,0.975,106.0
2026-01-17,wk inc flu hosp,3,2026-02-07,10,quantile,0.99,118.0
2026-01-17,wk inc flu hosp,3,2026-02-07,11,quantile,0.01,2.0
2026-01-17,wk inc flu hosp,3,2026-02-07,11,quantile,0.025,3.0
2026-01-17,wk inc flu hosp,3,2026-02-07,11,quantile,0.05,3.0
2026-01-17,wk inc flu hosp,3,2026-02-07,11,quantile,0.1,7.0
2026-01-17,wk inc flu hosp,3,2026-02-07,11,quantile,0.15,10.0
2026-01-17,wk inc flu hosp,3,2026-02-07,11,quantile,0.2,13.0
2026-01-17,wk inc flu hosp,3,2026-02-07,11,quantile,0.25,16.0
2026-01-17,wk inc flu hosp,3,2026-02-07,11,quantile,0.3,19.0
2026-01-17,wk inc flu hosp,3,2026-02-07,11,quantile,0.35,21.0
2026-01-17,wk inc flu hosp,3,2026-02-07,11,quantile,0.4,24.0
2026-01-17,wk inc flu hosp,3,2026-02-07,11,quantile,0.45,25.0
2026-01-17,wk inc flu hosp,3,2026-02-07,11,quantile,0.5,27.0
2026-01-17,wk inc flu hosp,3,2026-02-07,11,quantile,0.55,28.0
2026-01-17,wk inc flu hosp,3,2026-02-07,11,quantile,0.6,29.0
2026-01-17,wk inc flu hosp,3,2026-02-07,11,quantile,0.65,31.0
2026-01-17,wk inc flu hosp,3,2026-02-07,11,quantile,0.7,32.0
2026-01-17,wk inc flu hosp,3,2026-02-07,11,quantile,0.75,34.0
2026-01-17,wk inc flu hosp,3,2026-02-07,11,quantile,0.8,36.0
2026-01-17,wk inc flu hosp,3,2026-02-07,11,quantile,0.85,38.0
2026-01-17,wk inc flu hosp,3,2026-02-07,11,quantile,0.9,41.0
2026-01-17,wk inc flu hosp,3,2026-02-07,11,quantile,0.95,46.0
2026-01-17,wk inc flu hosp,3,2026-02-07,11,quantile,0.975,49.0
2026-01-17,wk inc flu hosp,3,2026-02-07,11,quantile,0.99,54.0
2026-01-17,wk inc flu hosp,3,2026-02-07,12,quantile,0.01,204.0
2026-01-17,wk inc flu hosp,3,2026-02-07,12,quantile,0.025,257.0
2026-01-17,wk inc flu hosp,3,2026-02-07,12,quantile,0.05,326.0
2026-01-17,wk inc flu hosp,3,2026-02-07,12,quantile,0.1,429.0
2026-01-17,wk inc flu hosp,3,2026-02-07,12,quantile,0.15,512.0
2026-01-17,wk inc flu hosp,3,2026-02-07,12,quantile,0.2,597.0
2026-01-17,wk inc flu hosp,3,2026-02-07,12,quantile,0.25,680.0
2026-01-17,wk inc flu hosp,3,2026-02-07,12,quantile,0.3,748.0
2026-01-17,wk inc flu hosp,3,2026-02-07,12,quantile,0.35,810.0
2026-01-17,wk inc flu hosp,3,2026-02-07,12,quantile,0.4,888.0
2026-01-17,wk inc flu hosp,3,2026-02-07,12,quantile,0.45,948.0
2026-01-17,wk inc flu hosp,3,2026-02-07,12,quantile,0.5,1025.0
2026-01-17,wk inc flu hosp,3,2026-02-07,12,quantile,0.55,1081.0
2026-01-17,wk inc flu hosp,3,2026-02-07,12,quantile,0.6,1110.0
2026-01-17,wk inc flu hosp,3,2026-02-07,12,quantile,0.65,1134.0
2026-01-17,wk inc flu hosp,3,2026-02-07,12,quantile,0.7,1166.0
2026-01-17,wk inc flu hosp,3,2026-02-07,12,quantile,0.75,1200.0
2026-01-17,wk inc flu hosp,3,2026-02-07,12,quantile,0.8,1239.0
2026-01-17,wk inc flu hosp,3,2026-02-07,12,quantile,0.85,1280.0
2026-01-17,wk inc flu hosp,3,2026-02-07,12,quantile,0.9,1336.0
2026-01-17,wk inc flu hosp,3,2026-02-07,12,quantile,0.95,1431.0
2026-01-17,wk inc flu hosp,3,2026-02-07,12,quantile,0.975,1524.0
2026-01-17,wk inc flu hosp,3,2026-02-07,12,quantile,0.99,1626.0
2026-01-17,wk inc flu hosp,3,2026-02-07,13,quantile,0.01,25.0
2026-01-17,wk inc flu hosp,3,2026-02-07,13,quantile,0.025,35.0
2026-01-17,wk inc flu hosp,3,2026-02-07,13,quantile,0.05,59.0
2026-01-17,wk inc flu hosp,3,2026-02-07,13,quantile,0.1,107.0
2026-01-17,wk inc flu hosp,3,2026-02-07,13,quantile,0.15,152.0
2026-01-17,wk inc flu hosp,3,2026-02-07,13,quantile,0.2,193.0
2026-01-17,wk inc flu hosp,3,2026-02-07,13,quantile,0.25,220.0
2026-01-17,wk inc flu hosp,3,2026-02-07,13,quantile,0.3,240.0
2026-01-17,wk inc flu hosp,3,2026-02-07,13,quantile,0.35,261.0
2026-01-17,wk inc flu hosp,3,2026-02-07,13,quantile,0.4,278.0
2026-01-17,wk inc flu hosp,3,2026-02-07,13,quantile,0.45,299.0
2026-01-17,wk inc flu hosp,3,2026-02-07,13,quantile,0.5,316.0
2026-01-17,wk inc flu hosp,3,2026-02-07,13,quantile,0.55,333.0
2026-01-17,wk inc flu hosp,3,2026-02-07,13,quantile,0.6,351.0
2026-01-17,wk inc flu hosp,3,2026-02-07,13,quantile,0.65,373.0
2026-01-17,wk inc flu hosp,3,2026-02-07,13,quantile,0.7,396.0
2026-01-17,wk inc flu hosp,3,2026-02-07,13,quantile,0.75,416.0
2026-01-17,wk inc flu hosp,3,2026-02-07,13,quantile,0.8,439.0
2026-01-17,wk inc flu hosp,3,2026-02-07,13,quantile,0.85,466.0
2026-01-17,wk inc flu hosp,3,2026-02-07,13,quantile,0.9,501.0
2026-01-17,wk inc flu hosp,3,2026-02-07,13,quantile,0.95,551.0
2026-01-17,wk inc flu hosp,3,2026-02-07,13,quantile,0.975,592.0
2026-01-17,wk inc flu hosp,3,2026-02-07,13,quantile,0.99,638.0
2026-01-17,wk inc flu hosp,3,2026-02-07,15,quantile,0.01,0.0
2026-01-17,wk inc flu hosp,3,2026-02-07,15,quantile,0.025,0.0
2026-01-17,wk inc flu hosp,3,2026-02-07,15,quantile,0.05,1.0
2026-01-17,wk inc flu hosp,3,2026-02-07,15,quantile,0.1,10.0
2026-01-17,wk inc flu hosp,3,2026-02-07,15,quantile,0.15,18.0
2026-01-17,wk inc flu hosp,3,2026-02-07,15,quantile,0.2,24.0
2026-01-17,wk inc flu hosp,3,2026-02-07,15,quantile,0.25,28.0
2026-01-17,wk inc flu hosp,3,2026-02-07,15,quantile,0.3,32.0
2026-01-17,wk inc flu hosp,3,2026-02-07,15,quantile,0.35,36.0
2026-01-17,wk inc flu hosp,3,2026-02-07,15,quantile,0.4,40.0
2026-01-17,wk inc flu hosp,3,2026-02-07,15,quantile,0.45,44.0
2026-01-17,wk inc flu hosp,3,2026-02-07,15,quantile,0.5,48.0
2026-01-17,wk inc flu hosp,3,2026-02-07,15,quantile,0.55,52.0
2026-01-17,wk inc flu hosp,3,2026-02-07,15,quantile,0.6,55.0
2026-01-17,wk inc flu hosp,3,2026-02-07,15,quantile,0.65,60.0
2026-01-17,wk inc flu hosp,3,2026-02-07,15,quantile,0.7,65.0
2026-01-17,wk inc flu hosp,3,2026-02-07,15,quantile,0.75,71.0
2026-01-17,wk inc flu hosp,3,2026-02-07,15,quantile,0.8,77.0
2026-01-17,wk inc flu hosp,3,2026-02-07,15,quantile,0.85,85.0
2026-01-17,wk inc flu hosp,3,2026-02-07,15,quantile,0.9,96.0
2026-01-17,wk inc flu hosp,3,2026-02-07,15,quantile,0.95,111.0
2026-01-17,wk inc flu hosp,3,2026-02-07,15,quantile,0.975,127.0
2026-01-17,wk inc flu hosp,3,2026-02-07,15,quantile,0.99,141.0
2026-01-17,wk inc flu hosp,3,2026-02-07,16,quantile,0.01,4.0
2026-01-17,wk inc flu hosp,3,2026-02-07,16,quantile,0.025,6.0
2026-01-17,wk inc flu hosp,3,2026-02-07,16,quantile,0.05,9.0
2026-01-17,wk inc flu hosp,3,2026-02-07,16,quantile,0.1,18.0
2026-01-17,wk inc flu hosp,3,2026-02-07,16,quantile,0.15,26.0
2026-01-17,wk inc flu hosp,3,2026-02-07,16,quantile,0.2,33.0
2026-01-17,wk inc flu hosp,3,2026-02-07,16,quantile,0.25,41.0
2026-01-17,wk inc flu hosp,3,2026-02-07,16,quantile,0.3,46.0
2026-01-17,wk inc flu hosp,3,2026-02-07,16,quantile,0.35,49.0
2026-01-17,wk inc flu hosp,3,2026-02-07,16,quantile,0.4,51.0
2026-01-17,wk inc flu hosp,3,2026-02-07,16,quantile,0.45,54.0
2026-01-17,wk inc flu hosp,3,2026-02-07,16,quantile,0.5,57.0
2026-01-17,wk inc flu hosp,3,2026-02-07,16,quantile,0.55,59.0
2026-01-17,wk inc flu hosp,3,2026-02-07,16,quantile,0.6,62.0
2026-01-17,wk inc flu hosp,3,2026-02-07,16,quantile,0.65,65.0
2026-01-17,wk inc flu hosp,3,2026-02-07,16,quantile,0.7,68.0
2026-01-17,wk inc flu hosp,3,2026-02-07,16,quantile,0.75,71.0
2026-01-17,wk inc flu hosp,3,2026-02-07,16,quantile,0.8,75.0
2026-01-17,wk inc flu hosp,3,2026-02-07,16,quantile,0.85,79.0
2026-01-17,wk inc flu hosp,3,2026-02-07,16,quantile,0.9,84.0
2026-01-17,wk inc flu hosp,3,2026-02-07,16,quantile,0.95,92.0
2026-01-17,wk inc flu hosp,3,2026-02-07,16,quantile,0.975,99.0
2026-01-17,wk inc flu hosp,3,2026-02-07,16,quantile,0.99,107.0
2026-01-17,wk inc flu hosp,3,2026-02-07,17,quantile,0.01,51.0
2026-01-17,wk inc flu hosp,3,2026-02-07,17,quantile,0.025,90.0
2026-01-17,wk inc flu hosp,3,2026-02-07,17,quantile,0.05,133.0
2026-01-17,wk inc flu hosp,3,2026-02-07,17,quantile,0.1,223.0
2026-01-17,wk inc flu hosp,3,2026-02-07,17,quantile,0.15,296.0
2026-01-17,wk inc flu hosp,3,2026-02-07,17,quantile,0.2,349.0
2026-01-17,wk inc flu hosp,3,2026-02-07,17,quantile,0.25,397.0
2026-01-17,wk inc flu hosp,3,2026-02-07,17,quantile,0.3,429.0
2026-01-17,wk inc flu hosp,3,2026-02-07,17,quantile,0.35,461.0
2026-01-17,wk inc flu hosp,3,2026-02-07,17,quantile,0.4,486.0
2026-01-17,wk inc flu hosp,3,2026-02-07,17,quantile,0.45,509.0
2026-01-17,wk inc flu hosp,3,2026-02-07,17,quantile,0.5,534.0
2026-01-17,wk inc flu hosp,3,2026-02-07,17,quantile,0.55,559.0
2026-01-17,wk inc flu hosp,3,2026-02-07,17,quantile,0.6,584.0
2026-01-17,wk inc flu hosp,3,2026-02-07,17,quantile,0.65,611.0
2026-01-17,wk inc flu hosp,3,2026-02-07,17,quantile,0.7,639.0
2026-01-17,wk inc flu hosp,3,2026-02-07,17,quantile,0.75,671.0
2026-01-17,wk inc flu hosp,3,2026-02-07,17,quantile,0.8,703.0
2026-01-17,wk inc flu hosp,3,2026-02-07,17,quantile,0.85,743.0
2026-01-17,wk inc flu hosp,3,2026-02-07,17,quantile,0.9,787.0
2026-01-17,wk inc flu hosp,3,2026-02-07,17,quantile,0.95,858.0
2026-01-17,wk inc flu hosp,3,2026-02-07,17,quantile,0.975,912.0
2026-01-17,wk inc flu hosp,3,2026-02-07,17,quantile,0.99,994.0
2026-01-17,wk inc flu hosp,3,2026-02-07,18,quantile,0.01,23.0
2026-01-17,wk inc flu hosp,3,2026-02-07,18,quantile,0.025,33.0
2026-01-17,wk inc flu hosp,3,2026-02-07,18,quantile,0.05,54.0
2026-01-17,wk inc flu hosp,3,2026-02-07,18,quantile,0.1,107.0
2026-01-17,wk inc flu hosp,3,2026-02-07,18,quantile,0.15,155.0
2026-01-17,wk inc flu hosp,3,2026-02-07,18,quantile,0.2,195.0
2026-01-17,wk inc flu hosp,3,2026-02-07,18,quantile,0.25,228.0
2026-01-17,wk inc flu hosp,3,2026-02-07,18,quantile,0.3,251.0
2026-01-17,wk inc flu hosp,3,2026-02-07,18,quantile,0.35,276.0
2026-01-17,wk inc flu hosp,3,2026-02-07,18,quantile,0.4,297.0
2026-01-17,wk inc flu hosp,3,2026-02-07,18,quantile,0.45,317.0
2026-01-17,wk inc flu hosp,3,2026-02-07,18,quantile,0.5,338.0
2026-01-17,wk inc flu hosp,3,2026-02-07,18,quantile,0.55,359.0
2026-01-17,wk inc flu hosp,3,2026-02-07,18,quantile,0.6,381.0
2026-01-17,wk inc flu hosp,3,2026-02-07,18,quantile,0.65,406.0
2026-01-17,wk inc flu hosp,3,2026-02-07,18,quantile,0.7,427.0
2026-01-17,wk inc flu hosp,3,2026-02-07,18,quantile,0.75,453.0
2026-01-17,wk inc flu hosp,3,2026-02-07,18,quantile,0.8,475.0
2026-01-17,wk inc flu hosp,3,2026-02-07,18,quantile,0.85,505.0
2026-01-17,wk inc flu hosp,3,2026-02-07,18,quantile,0.9,544.0
2026-01-17,wk inc flu hosp,3,2026-02-07,18,quantile,0.95,603.0
2026-01-17,wk inc flu hosp,3,2026-02-07,18,quantile,0.975,646.0
2026-01-17,wk inc flu hosp,3,2026-02-07,18,quantile,0.99,718.0
2026-01-17,wk inc flu hosp,3,2026-02-07,19,quantile,0.01,36.0
2026-01-17,wk inc flu hosp,3,2026-02-07,19,quantile,0.025,53.0
2026-01-17,wk inc flu hosp,3,2026-02-07,19,quantile,0.05,69.0
2026-01-17,wk inc flu hosp,3,2026-02-07,19,quantile,0.1,94.0
2026-01-17,wk inc flu hosp,3,2026-02-07,19,quantile,0.15,113.0
2026-01-17,wk inc flu hosp,3,2026-02-07,19,quantile,0.2,121.0
2026-01-17,wk inc flu hosp,3,2026-02-07,19,quantile,0.25,129.0
2026-01-17,wk inc flu hosp,3,2026-02-07,19,quantile,0.3,135.0
2026-01-17,wk inc flu hosp,3,2026-02-07,19,quantile,0.35,142.0
2026-01-17,wk inc flu hosp,3,2026-02-07,19,quantile,0.4,147.0
2026-01-17,wk inc flu hosp,3,2026-02-07,19,quantile,0.45,152.0
2026-01-17,wk inc flu hosp,3,2026-02-07,19,quantile,0.5,158.0
2026-01-17,wk inc flu hosp,3,2026-02-07,19,quantile,0.55,164.0
2026-01-17,wk inc flu hosp,3,2026-02-07,19,quantile,0.6,168.0
2026-01-17,wk inc flu hosp,3,2026-02-07,19,quantile,0.65,174.0
2026-01-17,wk inc flu hosp,3,2026-02-07,19,quantile,0.7,179.0
2026-01-17,wk inc flu hosp,3,2026-02-07,19,quantile,0.75,186.0
2026-01-17,wk inc flu hosp,3,2026-02-07,19,quantile,0.8,193.0
2026-01-17,wk inc flu hosp,3,2026-02-07,19,quantile,0.85,200.0
2026-01-17,wk inc flu hosp,3,2026-02-07,19,quantile,0.9,212.0
2026-01-17,wk inc flu hosp,3,2026-02-07,19,quantile,0.95,230.0
2026-01-17,wk inc flu hosp,3,2026-02-07,19,quantile,0.975,241.0
2026-01-17,wk inc flu hosp,3,2026-02-07,19,quantile,0.99,259.0
2026-01-17,wk inc flu hosp,3,2026-02-07,20,quantile,0.01,37.0
2026-01-17,wk inc flu hosp,3,2026-02-07,20,quantile,0.025,52.0
2026-01-17,wk inc flu hosp,3,2026-02-07,20,quantile,0.05,66.0
2026-01-17,wk inc flu hosp,3,2026-02-07,20,quantile,0.1,90.0
2026-01-17,wk inc flu hosp,3,2026-02-07,20,quantile,0.15,103.0
2026-01-17,wk inc flu hosp,3,2026-02-07,20,quantile,0.2,112.0
2026-01-17,wk inc flu hosp,3,2026-02-07,20,quantile,0.25,119.0
2026-01-17,wk inc flu hosp,3,2026-02-07,20,quantile,0.3,127.0
2026-01-17,wk inc flu hosp,3,2026-02-07,20,quantile,0.35,132.0
2026-01-17,wk inc flu hosp,3,2026-02-07,20,quantile,0.4,138.0
2026-01-17,wk inc flu hosp,3,2026-02-07,20,quantile,0.45,144.0
2026-01-17,wk inc flu hosp,3,2026-02-07,20,quantile,0.5,149.0
2026-01-17,wk inc flu hosp,3,2026-02-07,20,quantile,0.55,155.0
2026-01-17,wk inc flu hosp,3,2026-02-07,20,quantile,0.6,161.0
2026-01-17,wk inc flu hosp,3,2026-02-07,20,quantile,0.65,167.0
2026-01-17,wk inc flu hosp,3,2026-02-07,20,quantile,0.7,173.0
2026-01-17,wk inc flu hosp,3,2026-02-07,20,quantile,0.75,180.0
2026-01-17,wk inc flu hosp,3,2026-02-07,20,quantile,0.8,188.0
2026-01-17,wk inc flu hosp,3,2026-02-07,20,quantile,0.85,195.0
2026-01-17,wk inc flu hosp,3,2026-02-07,20,quantile,0.9,205.0
2026-01-17,wk inc flu hosp,3,2026-02-07,20,quantile,0.95,222.0
2026-01-17,wk inc flu hosp,3,2026-02-07,20,quantile,0.975,239.0
2026-01-17,wk inc flu hosp,3,2026-02-07,20,quantile,0.99,259.0
2026-01-17,wk inc flu hosp,3,2026-02-07,21,quantile,0.01,24.0
2026-01-17,wk inc flu hosp,3,2026-02-07,21,quantile,0.025,30.0
2026-01-17,wk inc flu hosp,3,2026-02-07,21,quantile,0.05,36.0
2026-01-17,wk inc flu hosp,3,2026-02-07,21,quantile,0.1,68.0
2026-01-17,wk inc flu hosp,3,2026-02-07,21,quantile,0.15,100.0
2026-01-17,wk inc flu hosp,3,2026-02-07,21,quantile,0.2,122.0
2026-01-17,wk inc flu hosp,3,2026-02-07,21,quantile,0.25,140.0
2026-01-17,wk inc flu hosp,3,2026-02-07,21,quantile,0.3,156.0
2026-01-17,wk inc flu hosp,3,2026-02-07,21,quantile,0.35,170.0
2026-01-17,wk inc flu hosp,3,2026-02-07,21,quantile,0.4,186.0
2026-01-17,wk inc flu hosp,3,2026-02-07,21,quantile,0.45,202.0
2026-01-17,wk inc flu hosp,3,2026-02-07,21,quantile,0.5,217.0
2026-01-17,wk inc flu hosp,3,2026-02-07,21,quantile,0.55,230.0
2026-01-17,wk inc flu hosp,3,2026-02-07,21,quantile,0.6,248.0
2026-01-17,wk inc flu hosp,3,2026-02-07,21,quantile,0.65,263.0
2026-01-17,wk inc flu hosp,3,2026-02-07,21,quantile,0.7,282.0
2026-01-17,wk inc flu hosp,3,2026-02-07,21,quantile,0.75,301.0
2026-01-17,wk inc flu hosp,3,2026-02-07,21,quantile,0.8,321.0
2026-01-17,wk inc flu hosp,3,2026-02-07,21,quantile,0.85,343.0
2026-01-17,wk inc flu hosp,3,2026-02-07,21,quantile,0.9,377.0
2026-01-17,wk inc flu hosp,3,2026-02-07,21,quantile,0.95,431.0
2026-01-17,wk inc flu hosp,3,2026-02-07,21,quantile,0.975,465.0
2026-01-17,wk inc flu hosp,3,2026-02-07,21,quantile,0.99,518.0
2026-01-17,wk inc flu hosp,3,2026-02-07,22,quantile,0.01,12.0
2026-01-17,wk inc flu hosp,3,2026-02-07,22,quantile,0.025,16.0
2026-01-17,wk inc flu hosp,3,2026-02-07,22,quantile,0.05,32.0
2026-01-17,wk inc flu hosp,3,2026-02-07,22,quantile,0.1,52.0
2026-01-17,wk inc flu hosp,3,2026-02-07,22,quantile,0.15,68.0
2026-01-17,wk inc flu hosp,3,2026-02-07,22,quantile,0.2,85.0
2026-01-17,wk inc flu hosp,3,2026-02-07,22,quantile,0.25,102.0
2026-01-17,wk inc flu hosp,3,2026-02-07,22,quantile,0.3,117.0
2026-01-17,wk inc flu hosp,3,2026-02-07,22,quantile,0.35,130.0
2026-01-17,wk inc flu hosp,3,2026-02-07,22,quantile,0.4,143.0
2026-01-17,wk inc flu hosp,3,2026-02-07,22,quantile,0.45,157.0
2026-01-17,wk inc flu hosp,3,2026-02-07,22,quantile,0.5,171.0
2026-01-17,wk inc flu hosp,3,2026-02-07,22,quantile,0.55,185.0
2026-01-17,wk inc flu hosp,3,2026-02-07,22,quantile,0.6,200.0
2026-01-17,wk inc flu hosp,3,2026-02-07,22,quantile,0.65,220.0
2026-01-17,wk inc flu hosp,3,2026-02-07,22,quantile,0.7,233.0
2026-01-17,wk inc flu hosp,3,2026-02-07,22,quantile,0.75,243.0
2026-01-17,wk inc flu hosp,3,2026-02-07,22,quantile,0.8,254.0
2026-01-17,wk inc flu hosp,3,2026-02-07,22,quantile,0.85,266.0
2026-01-17,wk inc flu hosp,3,2026-02-07,22,quantile,0.9,283.0
2026-01-17,wk inc flu hosp,3,2026-02-07,22,quantile,0.95,311.0
2026-01-17,wk inc flu hosp,3,2026-02-07,22,quantile,0.975,327.0
2026-01-17,wk inc flu hosp,3,2026-02-07,22,quantile,0.99,359.0
2026-01-17,wk inc flu hosp,3,2026-02-07,23,quantile,0.01,0.0
2026-01-17,wk inc flu hosp,3,2026-02-07,23,quantile,0.025,2.0
2026-01-17,wk inc flu hosp,3,2026-02-07,23,quantile,0.05,6.0
2026-01-17,wk inc flu hosp,3,2026-02-07,23,quantile,0.1,10.0
2026-01-17,wk inc flu hosp,3,2026-02-07,23,quantile,0.15,12.0
2026-01-17,wk inc flu hosp,3,2026-02-07,23,quantile,0.2,15.0
2026-01-17,wk inc flu hosp,3,2026-02-07,23,quantile,0.25,16.0
2026-01-17,wk inc flu hosp,3,2026-02-07,23,quantile,0.3,18.0
2026-01-17,wk inc flu hosp,3,2026-02-07,23,quantile,0.35,20.0
2026-01-17,wk inc flu hosp,3,2026-02-07,23,quantile,0.4,21.0
2026-01-17,wk inc flu hosp,3,2026-02-07,23,quantile,0.45,22.0
2026-01-17,wk inc flu hosp,3,2026-02-07,23,quantile,0.5,24.0
2026-01-17,wk inc flu hosp,3,2026-02-07,23,quantile,0.55,25.0
2026-01-17,wk inc flu hosp,3,2026-02-07,23,quantile,0.6,27.0
2026-01-17,wk inc flu hosp,3,2026-02-07,23,quantile,0.65,28.0
2026-01-17,wk inc flu hosp,3,2026-02-07,23,quantile,0.7,30.0
2026-01-17,wk inc flu hosp,3,2026-02-07,23,quantile,0.75,32.0
2026-01-17,wk inc flu hosp,3,2026-02-07,23,quantile,0.8,34.0
2026-01-17,wk inc flu hosp,3,2026-02-07,23,quantile,0.85,36.0
2026-01-17,wk inc flu hosp,3,2026-02-07,23,quantile,0.9,38.0
2026-01-17,wk inc flu hosp,3,2026-02-07,23,quantile,0.95,44.0
2026-01-17,wk inc flu hosp,3,2026-02-07,23,quantile,0.975,51.0
2026-01-17,wk inc flu hosp,3,2026-02-07,23,quantile,0.99,56.0
2026-01-17,wk inc flu hosp,3,2026-02-07,24,quantile,0.01,16.0
2026-01-17,wk inc flu hosp,3,2026-02-07,24,quantile,0.025,20.0
2026-01-17,wk inc flu hosp,3,2026-02-07,24,quantile,0.05,40.0
2026-01-17,wk inc flu hosp,3,2026-02-07,24,quantile,0.1,86.0
2026-01-17,wk inc flu hosp,3,2026-02-07,24,quantile,0.15,110.0
2026-01-17,wk inc flu hosp,3,2026-02-07,24,quantile,0.2,140.0
2026-01-17,wk inc flu hosp,3,2026-02-07,24,quantile,0.25,171.0
2026-01-17,wk inc flu hosp,3,2026-02-07,24,quantile,0.3,197.0
2026-01-17,wk inc flu hosp,3,2026-02-07,24,quantile,0.35,221.0
2026-01-17,wk inc flu hosp,3,2026-02-07,24,quantile,0.4,249.0
2026-01-17,wk inc flu hosp,3,2026-02-07,24,quantile,0.45,276.0
2026-01-17,wk inc flu hosp,3,2026-02-07,24,quantile,0.5,300.0
2026-01-17,wk inc flu hosp,3,2026-02-07,24,quantile,0.55,324.0
2026-01-17,wk inc flu hosp,3,2026-02-07,24,quantile,0.6,344.0
2026-01-17,wk inc flu hosp,3,2026-02-07,24,quantile,0.65,360.0
2026-01-17,wk inc flu hosp,3,2026-02-07,24,quantile,0.7,376.0
2026-01-17,wk inc flu hosp,3,2026-02-07,24,quantile,0.75,395.0
2026-01-17,wk inc flu hosp,3,2026-02-07,24,quantile,0.8,413.0
2026-01-17,wk inc flu hosp,3,2026-02-07,24,quantile,0.85,434.0
2026-01-17,wk inc flu hosp,3,2026-02-07,24,quantile,0.9,465.0
2026-01-17,wk inc flu hosp,3,2026-02-07,24,quantile,0.95,502.0
2026-01-17,wk inc flu hosp,3,2026-02-07,24,quantile,0.975,542.0
2026-01-17,wk inc flu hosp,3,2026-02-07,24,quantile,0.99,582.0
2026-01-17,wk inc flu hosp,3,2026-02-07,25,quantile,0.01,25.0
2026-01-17,wk inc flu hosp,3,2026-02-07,25,quantile,0.025,37.0
2026-01-17,wk inc flu hosp,3,2026-02-07,25,quantile,0.05,52.0
2026-01-17,wk inc flu hosp,3,2026-02-07,25,quantile,0.1,78.0
2026-01-17,wk inc flu hosp,3,2026-02-07,25,quantile,0.15,100.0
2026-01-17,wk inc flu hosp,3,2026-02-07,25,quantile,0.2,109.0
2026-01-17,wk inc flu hosp,3,2026-02-07,25,quantile,0.25,118.0
2026-01-17,wk inc flu hosp,3,2026-02-07,25,quantile,0.3,128.0
2026-01-17,wk inc flu hosp,3,2026-02-07,25,quantile,0.35,134.0
2026-01-17,wk inc flu hosp,3,2026-02-07,25,quantile,0.4,141.0
2026-01-17,wk inc flu hosp,3,2026-02-07,25,quantile,0.45,148.0
2026-01-17,wk inc flu hosp,3,2026-02-07,25,quantile,0.5,155.0
2026-01-17,wk inc flu hosp,3,2026-02-07,25,quantile,0.55,162.0
2026-01-17,wk inc flu hosp,3,2026-02-07,25,quantile,0.6,168.0
2026-01-17,wk inc flu hosp,3,2026-02-07,25,quantile,0.65,176.0
2026-01-17,wk inc flu hosp,3,2026-02-07,25,quantile,0.7,182.0
2026-01-17,wk inc flu hosp,3,2026-02-07,25,quantile,0.75,190.0
2026-01-17,wk inc flu hosp,3,2026-02-07,25,quantile,0.8,208.0
2026-01-17,wk inc flu hosp,3,2026-02-07,25,quantile,0.85,229.0
2026-01-17,wk inc flu hosp,3,2026-02-07,25,quantile,0.9,254.0
2026-01-17,wk inc flu hosp,3,2026-02-07,25,quantile,0.95,295.0
2026-01-17,wk inc flu hosp,3,2026-02-07,25,quantile,0.975,331.0
2026-01-17,wk inc flu hosp,3,2026-02-07,25,quantile,0.99,364.0
2026-01-17,wk inc flu hosp,3,2026-02-07,26,quantile,0.01,34.0
2026-01-17,wk inc flu hosp,3,2026-02-07,26,quantile,0.025,64.0
2026-01-17,wk inc flu hosp,3,2026-02-07,26,quantile,0.05,107.0
2026-01-17,wk inc flu hosp,3,2026-02-07,26,quantile,0.1,169.0
2026-01-17,wk inc flu hosp,3,2026-02-07,26,quantile,0.15,223.0
2026-01-17,wk inc flu hosp,3,2026-02-07,26,quantile,0.2,273.0
2026-01-17,wk inc flu hosp,3,2026-02-07,26,quantile,0.25,317.0
2026-01-17,wk inc flu hosp,3,2026-02-07,26,quantile,0.3,355.0
2026-01-17,wk inc flu hosp,3,2026-02-07,26,quantile,0.35,372.0
2026-01-17,wk inc flu hosp,3,2026-02-07,26,quantile,0.4,390.0
2026-01-17,wk inc flu hosp,3,2026-02-07,26,quantile,0.45,405.0
2026-01-17,wk inc flu hosp,3,2026-02-07,26,quantile,0.5,422.0
2026-01-17,wk inc flu hosp,3,2026-02-07,26,quantile,0.55,442.0
2026-01-17,wk inc flu hosp,3,2026-02-07,26,quantile,0.6,461.0
2026-01-17,wk inc flu hosp,3,2026-02-07,26,quantile,0.65,480.0
2026-01-17,wk inc flu hosp,3,2026-02-07,26,quantile,0.7,501.0
2026-01-17,wk inc flu hosp,3,2026-02-07,26,quantile,0.75,523.0
2026-01-17,wk inc flu hosp,3,2026-02-07,26,quantile,0.8,546.0
2026-01-17,wk inc flu hosp,3,2026-02-07,26,quantile,0.85,572.0
2026-01-17,wk inc flu hosp,3,2026-02-07,26,quantile,0.9,606.0
2026-01-17,wk inc flu hosp,3,2026-02-07,26,quantile,0.95,651.0
2026-01-17,wk inc flu hosp,3,2026-02-07,26,quantile,0.975,694.0
2026-01-17,wk inc flu hosp,3,2026-02-07,26,quantile,0.99,747.0
2026-01-17,wk inc flu hosp,3,2026-02-07,27,quantile,0.01,26.0
2026-01-17,wk inc flu hosp,3,2026-02-07,27,quantile,0.025,55.0
2026-01-17,wk inc flu hosp,3,2026-02-07,27,quantile,0.05,81.0
2026-01-17,wk inc flu hosp,3,2026-02-07,27,quantile,0.1,120.0
2026-01-17,wk inc flu hosp,3,2026-02-07,27,quantile,0.15,152.0
2026-01-17,wk inc flu hosp,3,2026-02-07,27,quantile,0.2,182.0
2026-01-17,wk inc flu hosp,3,2026-02-07,27,quantile,0.25,207.0
2026-01-17,wk inc flu hosp,3,2026-02-07,27,quantile,0.3,232.0
2026-01-17,wk inc flu hosp,3,2026-02-07,27,quantile,0.35,255.0
2026-01-17,wk inc flu hosp,3,2026-02-07,27,quantile,0.4,279.0
2026-01-17,wk inc flu hosp,3,2026-02-07,27,quantile,0.45,305.0
2026-01-17,wk inc flu hosp,3,2026-02-07,27,quantile,0.5,331.0
2026-01-17,wk inc flu hosp,3,2026-02-07,27,quantile,0.55,354.0
2026-01-17,wk inc flu hosp,3,2026-02-07,27,quantile,0.6,372.0
2026-01-17,wk inc flu hosp,3,2026-02-07,27,quantile,0.65,389.0
2026-01-17,wk inc flu hosp,3,2026-02-07,27,quantile,0.7,405.0
2026-01-17,wk inc flu hosp,3,2026-02-07,27,quantile,0.75,426.0
2026-01-17,wk inc flu hosp,3,2026-02-07,27,quantile,0.8,443.0
2026-01-17,wk inc flu hosp,3,2026-02-07,27,quantile,0.85,468.0
2026-01-17,wk inc flu hosp,3,2026-02-07,27,quantile,0.9,498.0
2026-01-17,wk inc flu hosp,3,2026-02-07,27,quantile,0.95,531.0
2026-01-17,wk inc flu hosp,3,2026-02-07,27,quantile,0.975,565.0
2026-01-17,wk inc flu hosp,3,2026-02-07,27,quantile,0.99,608.0
2026-01-17,wk inc flu hosp,3,2026-02-07,28,quantile,0.01,0.0
2026-01-17,wk inc flu hosp,3,2026-02-07,28,quantile,0.025,0.0
2026-01-17,wk inc flu hosp,3,2026-02-07,28,quantile,0.05,0.0
2026-01-17,wk inc flu hosp,3,2026-02-07,28,quantile,0.1,9.0
2026-01-17,wk inc flu hosp,3,2026-02-07,28,quantile,0.15,20.0
2026-01-17,wk inc flu hosp,3,2026-02-07,28,quantile,0.2,30.0
2026-01-17,wk inc flu hosp,3,2026-02-07,28,quantile,0.25,39.0
2026-01-17,wk inc flu hosp,3,2026-02-07,28,quantile,0.3,49.0
2026-01-17,wk inc flu hosp,3,2026-02-07,28,quantile,0.35,58.0
2026-01-17,wk inc flu hosp,3,2026-02-07,28,quantile,0.4,65.0
2026-01-17,wk inc flu hosp,3,2026-02-07,28,quantile,0.45,72.0
2026-01-17,wk inc flu hosp,3,2026-02-07,28,quantile,0.5,79.0
2026-01-17,wk inc flu hosp,3,2026-02-07,28,quantile,0.55,87.0
2026-01-17,wk inc flu hosp,3,2026-02-07,28,quantile,0.6,94.0
2026-01-17,wk inc flu hosp,3,2026-02-07,28,quantile,0.65,101.0
2026-01-17,wk inc flu hosp,3,2026-02-07,28,quantile,0.7,111.0
2026-01-17,wk inc flu hosp,3,2026-02-07,28,quantile,0.75,120.0
2026-01-17,wk inc flu hosp,3,2026-02-07,28,quantile,0.8,130.0
2026-01-17,wk inc flu hosp,3,2026-02-07,28,quantile,0.85,143.0
2026-01-17,wk inc flu hosp,3,2026-02-07,28,quantile,0.9,162.0
2026-01-17,wk inc flu hosp,3,2026-02-07,28,quantile,0.95,184.0
2026-01-17,wk inc flu hosp,3,2026-02-07,28,quantile,0.975,203.0
2026-01-17,wk inc flu hosp,3,2026-02-07,28,quantile,0.99,223.0
2026-01-17,wk inc flu hosp,3,2026-02-07,30,quantile,0.01,3.0
2026-01-17,wk inc flu hosp,3,2026-02-07,30,quantile,0.025,4.0
2026-01-17,wk inc flu hosp,3,2026-02-07,30,quantile,0.05,6.0
2026-01-17,wk inc flu hosp,3,2026-02-07,30,quantile,0.1,9.0
2026-01-17,wk inc flu hosp,3,2026-02-07,30,quantile,0.15,14.0
2026-01-17,wk inc flu hosp,3,2026-02-07,30,quantile,0.2,18.0
2026-01-17,wk inc flu hosp,3,2026-02-07,30,quantile,0.25,21.0
2026-01-17,wk inc flu hosp,3,2026-02-07,30,quantile,0.3,23.0
2026-01-17,wk inc flu hosp,3,2026-02-07,30,quantile,0.35,26.0
2026-01-17,wk inc flu hosp,3,2026-02-07,30,quantile,0.4,28.0
2026-01-17,wk inc flu hosp,3,2026-02-07,30,quantile,0.45,30.0
2026-01-17,wk inc flu hosp,3,2026-02-07,30,quantile,0.5,32.0
2026-01-17,wk inc flu hosp,3,2026-02-07,30,quantile,0.55,35.0
2026-01-17,wk inc flu hosp,3,2026-02-07,30,quantile,0.6,37.0
2026-01-17,wk inc flu hosp,3,2026-02-07,30,quantile,0.65,40.0
2026-01-17,wk inc flu hosp,3,2026-02-07,30,quantile,0.7,42.0
2026-01-17,wk inc flu hosp,3,2026-02-07,30,quantile,0.75,45.0
2026-01-17,wk inc flu hosp,3,2026-02-07,30,quantile,0.8,48.0
2026-01-17,wk inc flu hosp,3,2026-02-07,30,quantile,0.85,52.0
2026-01-17,wk inc flu hosp,3,2026-02-07,30,quantile,0.9,58.0
2026-01-17,wk inc flu hosp,3,2026-02-07,30,quantile,0.95,63.0
2026-01-17,wk inc flu hosp,3,2026-02-07,30,quantile,0.975,68.0
2026-01-17,wk inc flu hosp,3,2026-02-07,30,quantile,0.99,75.0
2026-01-17,wk inc flu hosp,3,2026-02-07,31,quantile,0.01,10.0
2026-01-17,wk inc flu hosp,3,2026-02-07,31,quantile,0.025,12.0
2026-01-17,wk inc flu hosp,3,2026-02-07,31,quantile,0.05,17.0
2026-01-17,wk inc flu hosp,3,2026-02-07,31,quantile,0.1,24.0
2026-01-17,wk inc flu hosp,3,2026-02-07,31,quantile,0.15,29.0
2026-01-17,wk inc flu hosp,3,2026-02-07,31,quantile,0.2,33.0
2026-01-17,wk inc flu hosp,3,2026-02-07,31,quantile,0.25,37.0
2026-01-17,wk inc flu hosp,3,2026-02-07,31,quantile,0.3,40.0
2026-01-17,wk inc flu hosp,3,2026-02-07,31,quantile,0.35,43.0
2026-01-17,wk inc flu hosp,3,2026-02-07,31,quantile,0.4,45.0
2026-01-17,wk inc flu hosp,3,2026-02-07,31,quantile,0.45,48.0
2026-01-17,wk inc flu hosp,3,2026-02-07,31,quantile,0.5,50.0
2026-01-17,wk inc flu hosp,3,2026-02-07,31,quantile,0.55,53.0
2026-01-17,wk inc flu hosp,3,2026-02-07,31,quantile,0.6,56.0
2026-01-17,wk inc flu hosp,3,2026-02-07,31,quantile,0.65,59.0
2026-01-17,wk inc flu hosp,3,2026-02-07,31,quantile,0.7,61.0
2026-01-17,wk inc flu hosp,3,2026-02-07,31,quantile,0.75,64.0
2026-01-17,wk inc flu hosp,3,2026-02-07,31,quantile,0.8,67.0
2026-01-17,wk inc flu hosp,3,2026-02-07,31,quantile,0.85,71.0
2026-01-17,wk inc flu hosp,3,2026-02-07,31,quantile,0.9,76.0
2026-01-17,wk inc flu hosp,3,2026-02-07,31,quantile,0.95,83.0
2026-01-17,wk inc flu hosp,3,2026-02-07,31,quantile,0.975,89.0
2026-01-17,wk inc flu hosp,3,2026-02-07,31,quantile,0.99,95.0
2026-01-17,wk inc flu hosp,3,2026-02-07,32,quantile,0.01,10.0
2026-01-17,wk inc flu hosp,3,2026-02-07,32,quantile,0.025,13.0
2026-01-17,wk inc flu hosp,3,2026-02-07,32,quantile,0.05,19.0
2026-01-17,wk inc flu hosp,3,2026-02-07,32,quantile,0.1,29.0
2026-01-17,wk inc flu hosp,3,2026-02-07,32,quantile,0.15,35.0
2026-01-17,wk inc flu hosp,3,2026-02-07,32,quantile,0.2,40.0
2026-01-17,wk inc flu hosp,3,2026-02-07,32,quantile,0.25,45.0
2026-01-17,wk inc flu hosp,3,2026-02-07,32,quantile,0.3,49.0
2026-01-17,wk inc flu hosp,3,2026-02-07,32,quantile,0.35,53.0
2026-01-17,wk inc flu hosp,3,2026-02-07,32,quantile,0.4,57.0
2026-01-17,wk inc flu hosp,3,2026-02-07,32,quantile,0.45,61.0
2026-01-17,wk inc flu hosp,3,2026-02-07,32,quantile,0.5,64.0
2026-01-17,wk inc flu hosp,3,2026-02-07,32,quantile,0.55,68.0
2026-01-17,wk inc flu hosp,3,2026-02-07,32,quantile,0.6,72.0
2026-01-17,wk inc flu hosp,3,2026-02-07,32,quantile,0.65,75.0
2026-01-17,wk inc flu hosp,3,2026-02-07,32,quantile,0.7,79.0
2026-01-17,wk inc flu hosp,3,2026-02-07,32,quantile,0.75,85.0
2026-01-17,wk inc flu hosp,3,2026-02-07,32,quantile,0.8,90.0
2026-01-17,wk inc flu hosp,3,2026-02-07,32,quantile,0.85,94.0
2026-01-17,wk inc flu hosp,3,2026-02-07,32,quantile,0.9,101.0
2026-01-17,wk inc flu hosp,3,2026-02-07,32,quantile,0.95,111.0
2026-01-17,wk inc flu hosp,3,2026-02-07,32,quantile,0.975,121.0
2026-01-17,wk inc flu hosp,3,2026-02-07,32,quantile,0.99,132.0
2026-01-17,wk inc flu hosp,3,2026-02-07,33,quantile,0.01,15.0
2026-01-17,wk inc flu hosp,3,2026-02-07,33,quantile,0.025,23.0
2026-01-17,wk inc flu hosp,3,2026-02-07,33,quantile,0.05,30.0
2026-01-17,wk inc flu hosp,3,2026-02-07,33,quantile,0.1,42.0
2026-01-17,wk inc flu hosp,3,2026-02-07,33,quantile,0.15,51.0
2026-01-17,wk inc flu hosp,3,2026-02-07,33,quantile,0.2,59.0
2026-01-17,wk inc flu hosp,3,2026-02-07,33,quantile,0.25,66.0
2026-01-17,wk inc flu hosp,3,2026-02-07,33,quantile,0.3,73.0
2026-01-17,wk inc flu hosp,3,2026-02-07,33,quantile,0.35,78.0
2026-01-17,wk inc flu hosp,3,2026-02-07,33,quantile,0.4,81.0
2026-01-17,wk inc flu hosp,3,2026-02-07,33,quantile,0.45,84.0
2026-01-17,wk inc flu hosp,3,2026-02-07,33,quantile,0.5,86.0
2026-01-17,wk inc flu hosp,3,2026-02-07,33,quantile,0.55,89.0
2026-01-17,wk inc flu hosp,3,2026-02-07,33,quantile,0.6,92.0
2026-01-17,wk inc flu hosp,3,2026-02-07,33,quantile,0.65,94.0
2026-01-17,wk inc flu hosp,3,2026-02-07,33,quantile,0.7,97.0
2026-01-17,wk inc flu hosp,3,2026-02-07,33,quantile,0.75,101.0
2026-01-17,wk inc flu hosp,3,2026-02-07,33,quantile,0.8,105.0
2026-01-17,wk inc flu hosp,3,2026-02-07,33,quantile,0.85,108.0
2026-01-17,wk inc flu hosp,3,2026-02-07,33,quantile,0.9,113.0
2026-01-17,wk inc flu hosp,3,2026-02-07,33,quantile,0.95,120.0
2026-01-17,wk inc flu hosp,3,2026-02-07,33,quantile,0.975,127.0
2026-01-17,wk inc flu hosp,3,2026-02-07,33,quantile,0.99,135.0
2026-01-17,wk inc flu hosp,3,2026-02-07,34,quantile,0.01,74.0
2026-01-17,wk inc flu hosp,3,2026-02-07,34,quantile,0.025,104.0
2026-01-17,wk inc flu hosp,3,2026-02-07,34,quantile,0.05,135.0
2026-01-17,wk inc flu hosp,3,2026-02-07,34,quantile,0.1,189.0
2026-01-17,wk inc flu hosp,3,2026-02-07,34,quantile,0.15,227.0
2026-01-17,wk inc flu hosp,3,2026-02-07,34,quantile,0.2,265.0
2026-01-17,wk inc flu hosp,3,2026-02-07,34,quantile,0.25,298.0
2026-01-17,wk inc flu hosp,3,2026-02-07,34,quantile,0.3,332.0
2026-01-17,wk inc flu hosp,3,2026-02-07,34,quantile,0.35,360.0
2026-01-17,wk inc flu hosp,3,2026-02-07,34,quantile,0.4,388.0
2026-01-17,wk inc flu hosp,3,2026-02-07,34,quantile,0.45,422.0
2026-01-17,wk inc flu hosp,3,2026-02-07,34,quantile,0.5,452.0
2026-01-17,wk inc flu hosp,3,2026-02-07,34,quantile,0.55,482.0
2026-01-17,wk inc flu hosp,3,2026-02-07,34,quantile,0.6,519.0
2026-01-17,wk inc flu hosp,3,2026-02-07,34,quantile,0.65,542.0
2026-01-17,wk inc flu hosp,3,2026-02-07,34,quantile,0.7,561.0
2026-01-17,wk inc flu hosp,3,2026-02-07,34,quantile,0.75,578.0
2026-01-17,wk inc flu hosp,3,2026-02-07,34,quantile,0.8,600.0
2026-01-17,wk inc flu hosp,3,2026-02-07,34,quantile,0.85,620.0
2026-01-17,wk inc flu hosp,3,2026-02-07,34,quantile,0.9,653.0
2026-01-17,wk inc flu hosp,3,2026-02-07,34,quantile,0.95,696.0
2026-01-17,wk inc flu hosp,3,2026-02-07,34,quantile,0.975,737.0
2026-01-17,wk inc flu hosp,3,2026-02-07,34,quantile,0.99,783.0
2026-01-17,wk inc flu hosp,3,2026-02-07,35,quantile,0.01,11.0
2026-01-17,wk inc flu hosp,3,2026-02-07,35,quantile,0.025,13.0
2026-01-17,wk inc flu hosp,3,2026-02-07,35,quantile,0.05,18.0
2026-01-17,wk inc flu hosp,3,2026-02-07,35,quantile,0.1,32.0
2026-01-17,wk inc flu hosp,3,2026-02-07,35,quantile,0.15,43.0
2026-01-17,wk inc flu hosp,3,2026-02-07,35,quantile,0.2,48.0
2026-01-17,wk inc flu hosp,3,2026-02-07,35,quantile,0.25,53.0
2026-01-17,wk inc flu hosp,3,2026-02-07,35,quantile,0.3,57.0
2026-01-17,wk inc flu hosp,3,2026-02-07,35,quantile,0.35,60.0
2026-01-17,wk inc flu hosp,3,2026-02-07,35,quantile,0.4,65.0
2026-01-17,wk inc flu hosp,3,2026-02-07,35,quantile,0.45,68.0
2026-01-17,wk inc flu hosp,3,2026-02-07,35,quantile,0.5,71.0
2026-01-17,wk inc flu hosp,3,2026-02-07,35,quantile,0.55,75.0
2026-01-17,wk inc flu hosp,3,2026-02-07,35,quantile,0.6,79.0
2026-01-17,wk inc flu hosp,3,2026-02-07,35,quantile,0.65,83.0
2026-01-17,wk inc flu hosp,3,2026-02-07,35,quantile,0.7,86.0
2026-01-17,wk inc flu hosp,3,2026-02-07,35,quantile,0.75,90.0
2026-01-17,wk inc flu hosp,3,2026-02-07,35,quantile,0.8,95.0
2026-01-17,wk inc flu hosp,3,2026-02-07,35,quantile,0.85,101.0
2026-01-17,wk inc flu hosp,3,2026-02-07,35,quantile,0.9,107.0
2026-01-17,wk inc flu hosp,3,2026-02-07,35,quantile,0.95,117.0
2026-01-17,wk inc flu hosp,3,2026-02-07,35,quantile,0.975,126.0
2026-01-17,wk inc flu hosp,3,2026-02-07,35,quantile,0.99,134.0
2026-01-17,wk inc flu hosp,3,2026-02-07,36,quantile,0.01,24.0
2026-01-17,wk inc flu hosp,3,2026-02-07,36,quantile,0.025,30.0
2026-01-17,wk inc flu hosp,3,2026-02-07,36,quantile,0.05,39.0
2026-01-17,wk inc flu hosp,3,2026-02-07,36,quantile,0.1,55.0
2026-01-17,wk inc flu hosp,3,2026-02-07,36,quantile,0.15,74.0
2026-01-17,wk inc flu hosp,3,2026-02-07,36,quantile,0.2,94.0
2026-01-17,wk inc flu hosp,3,2026-02-07,36,quantile,0.25,117.0
2026-01-17,wk inc flu hosp,3,2026-02-07,36,quantile,0.3,139.0
2026-01-17,wk inc flu hosp,3,2026-02-07,36,quantile,0.35,165.0
2026-01-17,wk inc flu hosp,3,2026-02-07,36,quantile,0.4,190.0
2026-01-17,wk inc flu hosp,3,2026-02-07,36,quantile,0.45,218.0
2026-01-17,wk inc flu hosp,3,2026-02-07,36,quantile,0.5,242.0
2026-01-17,wk inc flu hosp,3,2026-02-07,36,quantile,0.55,255.0
2026-01-17,wk inc flu hosp,3,2026-02-07,36,quantile,0.6,269.0
2026-01-17,wk inc flu hosp,3,2026-02-07,36,quantile,0.65,283.0
2026-01-17,wk inc flu hosp,3,2026-02-07,36,quantile,0.7,295.0
2026-01-17,wk inc flu hosp,3,2026-02-07,36,quantile,0.75,310.0
2026-01-17,wk inc flu hosp,3,2026-02-07,36,quantile,0.8,324.0
2026-01-17,wk inc flu hosp,3,2026-02-07,36,quantile,0.85,344.0
2026-01-17,wk inc flu hosp,3,2026-02-07,36,quantile,0.9,367.0
2026-01-17,wk inc flu hosp,3,2026-02-07,36,quantile,0.95,407.0
2026-01-17,wk inc flu hosp,3,2026-02-07,36,quantile,0.975,449.0
2026-01-17,wk inc flu hosp,3,2026-02-07,36,quantile,0.99,489.0
2026-01-17,wk inc flu hosp,3,2026-02-07,37,quantile,0.01,63.0
2026-01-17,wk inc flu hosp,3,2026-02-07,37,quantile,0.025,120.0
2026-01-17,wk inc flu hosp,3,2026-02-07,37,quantile,0.05,181.0
2026-01-17,wk inc flu hosp,3,2026-02-07,37,quantile,0.1,264.0
2026-01-17,wk inc flu hosp,3,2026-02-07,37,quantile,0.15,328.0
2026-01-17,wk inc flu hosp,3,2026-02-07,37,quantile,0.2,385.0
2026-01-17,wk inc flu hosp,3,2026-02-07,37,quantile,0.25,439.0
2026-01-17,wk inc flu hosp,3,2026-02-07,37,quantile,0.3,487.0
2026-01-17,wk inc flu hosp,3,2026-02-07,37,quantile,0.35,543.0
2026-01-17,wk inc flu hosp,3,2026-02-07,37,quantile,0.4,597.0
2026-01-17,wk inc flu hosp,3,2026-02-07,37,quantile,0.45,645.0
2026-01-17,wk inc flu hosp,3,2026-02-07,37,quantile,0.5,703.0
2026-01-17,wk inc flu hosp,3,2026-02-07,37,quantile,0.55,749.0
2026-01-17,wk inc flu hosp,3,2026-02-07,37,quantile,0.6,805.0
2026-01-17,wk inc flu hosp,3,2026-02-07,37,quantile,0.65,877.0
2026-01-17,wk inc flu hosp,3,2026-02-07,37,quantile,0.7,920.0
2026-01-17,wk inc flu hosp,3,2026-02-07,37,quantile,0.75,958.0
2026-01-17,wk inc flu hosp,3,2026-02-07,37,quantile,0.8,997.0
2026-01-17,wk inc flu hosp,3,2026-02-07,37,quantile,0.85,1054.0
2026-01-17,wk inc flu hosp,3,2026-02-07,37,quantile,0.9,1129.0
2026-01-17,wk inc flu hosp,3,2026-02-07,37,quantile,0.95,1220.0
2026-01-17,wk inc flu hosp,3,2026-02-07,37,quantile,0.975,1305.0
2026-01-17,wk inc flu hosp,3,2026-02-07,37,quantile,0.99,1399.0
2026-01-17,wk inc flu hosp,3,2026-02-07,38,quantile,0.01,4.0
2026-01-17,wk inc flu hosp,3,2026-02-07,38,quantile,0.025,6.0
2026-01-17,wk inc flu hosp,3,2026-02-07,38,quantile,0.05,10.0
2026-01-17,wk inc flu hosp,3,2026-02-07,38,quantile,0.1,16.0
2026-01-17,wk inc flu hosp,3,2026-02-07,38,quantile,0.15,19.0
2026-01-17,wk inc flu hosp,3,2026-02-07,38,quantile,0.2,21.0
2026-01-17,wk inc flu hosp,3,2026-02-07,38,quantile,0.25,23.0
2026-01-17,wk inc flu hosp,3,2026-02-07,38,quantile,0.3,24.0
2026-01-17,wk inc flu hosp,3,2026-02-07,38,quantile,0.35,26.0
2026-01-17,wk inc flu hosp,3,2026-02-07,38,quantile,0.4,27.0
2026-01-17,wk inc flu hosp,3,2026-02-07,38,quantile,0.45,29.0
2026-01-17,wk inc flu hosp,3,2026-02-07,38,quantile,0.5,30.0
2026-01-17,wk inc flu hosp,3,2026-02-07,38,quantile,0.55,31.0
2026-01-17,wk inc flu hosp,3,2026-02-07,38,quantile,0.6,33.0
2026-01-17,wk inc flu hosp,3,2026-02-07,38,quantile,0.65,34.0
2026-01-17,wk inc flu hosp,3,2026-02-07,38,quantile,0.7,36.0
2026-01-17,wk inc flu hosp,3,2026-02-07,38,quantile,0.75,38.0
2026-01-17,wk inc flu hosp,3,2026-02-07,38,quantile,0.8,40.0
2026-01-17,wk inc flu hosp,3,2026-02-07,38,quantile,0.85,42.0
2026-01-17,wk inc flu hosp,3,2026-02-07,38,quantile,0.9,44.0
2026-01-17,wk inc flu hosp,3,2026-02-07,38,quantile,0.95,48.0
2026-01-17,wk inc flu hosp,3,2026-02-07,38,quantile,0.975,53.0
2026-01-17,wk inc flu hosp,3,2026-02-07,38,quantile,0.99,57.0
2026-01-17,wk inc flu hosp,3,2026-02-07,39,quantile,0.01,56.0
2026-01-17,wk inc flu hosp,3,2026-02-07,39,quantile,0.025,101.0
2026-01-17,wk inc flu hosp,3,2026-02-07,39,quantile,0.05,160.0
2026-01-17,wk inc flu hosp,3,2026-02-07,39,quantile,0.1,247.0
2026-01-17,wk inc flu hosp,3,2026-02-07,39,quantile,0.15,314.0
2026-01-17,wk inc flu hosp,3,2026-02-07,39,quantile,0.2,367.0
2026-01-17,wk inc flu hosp,3,2026-02-07,39,quantile,0.25,409.0
2026-01-17,wk inc flu hosp,3,2026-02-07,39,quantile,0.3,453.0
2026-01-17,wk inc flu hosp,3,2026-02-07,39,quantile,0.35,473.0
2026-01-17,wk inc flu hosp,3,2026-02-07,39,quantile,0.4,489.0
2026-01-17,wk inc flu hosp,3,2026-02-07,39,quantile,0.45,508.0
2026-01-17,wk inc flu hosp,3,2026-02-07,39,quantile,0.5,525.0
2026-01-17,wk inc flu hosp,3,2026-02-07,39,quantile,0.55,543.0
2026-01-17,wk inc flu hosp,3,2026-02-07,39,quantile,0.6,564.0
2026-01-17,wk inc flu hosp,3,2026-02-07,39,quantile,0.65,584.0
2026-01-17,wk inc flu hosp,3,2026-02-07,39,quantile,0.7,602.0
2026-01-17,wk inc flu hosp,3,2026-02-07,39,quantile,0.75,625.0
2026-01-17,wk inc flu hosp,3,2026-02-07,39,quantile,0.8,648.0
2026-01-17,wk inc flu hosp,3,2026-02-07,39,quantile,0.85,672.0
2026-01-17,wk inc flu hosp,3,2026-02-07,39,quantile,0.9,709.0
2026-01-17,wk inc flu hosp,3,2026-02-07,39,quantile,0.95,763.0
2026-01-17,wk inc flu hosp,3,2026-02-07,39,quantile,0.975,810.0
2026-01-17,wk inc flu hosp,3,2026-02-07,39,quantile,0.99,873.0
2026-01-17,wk inc flu hosp,3,2026-02-07,40,quantile,0.01,0.0
2026-01-17,wk inc flu hosp,3,2026-02-07,40,quantile,0.025,0.0
2026-01-17,wk inc flu hosp,3,2026-02-07,40,quantile,0.05,6.0
2026-01-17,wk inc flu hosp,3,2026-02-07,40,quantile,0.1,35.0
2026-01-17,wk inc flu hosp,3,2026-02-07,40,quantile,0.15,59.0
2026-01-17,wk inc flu hosp,3,2026-02-07,40,quantile,0.2,80.0
2026-01-17,wk inc flu hosp,3,2026-02-07,40,quantile,0.25,97.0
2026-01-17,wk inc flu hosp,3,2026-02-07,40,quantile,0.3,115.0
2026-01-17,wk inc flu hosp,3,2026-02-07,40,quantile,0.35,127.0
2026-01-17,wk inc flu hosp,3,2026-02-07,40,quantile,0.4,139.0
2026-01-17,wk inc flu hosp,3,2026-02-07,40,quantile,0.45,151.0
2026-01-17,wk inc flu hosp,3,2026-02-07,40,quantile,0.5,162.0
2026-01-17,wk inc flu hosp,3,2026-02-07,40,quantile,0.55,174.0
2026-01-17,wk inc flu hosp,3,2026-02-07,40,quantile,0.6,185.0
2026-01-17,wk inc flu hosp,3,2026-02-07,40,quantile,0.65,197.0
2026-01-17,wk inc flu hosp,3,2026-02-07,40,quantile,0.7,213.0
2026-01-17,wk inc flu hosp,3,2026-02-07,40,quantile,0.75,231.0
2026-01-17,wk inc flu hosp,3,2026-02-07,40,quantile,0.8,254.0
2026-01-17,wk inc flu hosp,3,2026-02-07,40,quantile,0.85,278.0
2026-01-17,wk inc flu hosp,3,2026-02-07,40,quantile,0.9,313.0
2026-01-17,wk inc flu hosp,3,2026-02-07,40,quantile,0.95,359.0
2026-01-17,wk inc flu hosp,3,2026-02-07,40,quantile,0.975,404.0
2026-01-17,wk inc flu hosp,3,2026-02-07,40,quantile,0.99,457.0
2026-01-17,wk inc flu hosp,3,2026-02-07,41,quantile,0.01,2.0
2026-01-17,wk inc flu hosp,3,2026-02-07,41,quantile,0.025,8.0
2026-01-17,wk inc flu hosp,3,2026-02-07,41,quantile,0.05,12.0
2026-01-17,wk inc flu hosp,3,2026-02-07,41,quantile,0.1,19.0
2026-01-17,wk inc flu hosp,3,2026-02-07,41,quantile,0.15,29.0
2026-01-17,wk inc flu hosp,3,2026-02-07,41,quantile,0.2,39.0
2026-01-17,wk inc flu hosp,3,2026-02-07,41,quantile,0.25,47.0
2026-01-17,wk inc flu hosp,3,2026-02-07,41,quantile,0.3,54.0
2026-01-17,wk inc flu hosp,3,2026-02-07,41,quantile,0.35,61.0
2026-01-17,wk inc flu hosp,3,2026-02-07,41,quantile,0.4,68.0
2026-01-17,wk inc flu hosp,3,2026-02-07,41,quantile,0.45,75.0
2026-01-17,wk inc flu hosp,3,2026-02-07,41,quantile,0.5,81.0
2026-01-17,wk inc flu hosp,3,2026-02-07,41,quantile,0.55,88.0
2026-01-17,wk inc flu hosp,3,2026-02-07,41,quantile,0.6,96.0
2026-01-17,wk inc flu hosp,3,2026-02-07,41,quantile,0.65,103.0
2026-01-17,wk inc flu hosp,3,2026-02-07,41,quantile,0.7,111.0
2026-01-17,wk inc flu hosp,3,2026-02-07,41,quantile,0.75,120.0
2026-01-17,wk inc flu hosp,3,2026-02-07,41,quantile,0.8,128.0
2026-01-17,wk inc flu hosp,3,2026-02-07,41,quantile,0.85,140.0
2026-01-17,wk inc flu hosp,3,2026-02-07,41,quantile,0.9,154.0
2026-01-17,wk inc flu hosp,3,2026-02-07,41,quantile,0.95,175.0
2026-01-17,wk inc flu hosp,3,2026-02-07,41,quantile,0.975,194.0
2026-01-17,wk inc flu hosp,3,2026-02-07,41,quantile,0.99,214.0
2026-01-17,wk inc flu hosp,3,2026-02-07,42,quantile,0.01,52.0
2026-01-17,wk inc flu hosp,3,2026-02-07,42,quantile,0.025,72.0
2026-01-17,wk inc flu hosp,3,2026-02-07,42,quantile,0.05,121.0
2026-01-17,wk inc flu hosp,3,2026-02-07,42,quantile,0.1,215.0
2026-01-17,wk inc flu hosp,3,2026-02-07,42,quantile,0.15,303.0
2026-01-17,wk inc flu hosp,3,2026-02-07,42,quantile,0.2,383.0
2026-01-17,wk inc flu hosp,3,2026-02-07,42,quantile,0.25,422.0
2026-01-17,wk inc flu hosp,3,2026-02-07,42,quantile,0.3,452.0
2026-01-17,wk inc flu hosp,3,2026-02-07,42,quantile,0.35,488.0
2026-01-17,wk inc flu hosp,3,2026-02-07,42,quantile,0.4,514.0
2026-01-17,wk inc flu hosp,3,2026-02-07,42,quantile,0.45,545.0
2026-01-17,wk inc flu hosp,3,2026-02-07,42,quantile,0.5,578.0
2026-01-17,wk inc flu hosp,3,2026-02-07,42,quantile,0.55,608.0
2026-01-17,wk inc flu hosp,3,2026-02-07,42,quantile,0.6,632.0
2026-01-17,wk inc flu hosp,3,2026-02-07,42,quantile,0.65,657.0
2026-01-17,wk inc flu hosp,3,2026-02-07,42,quantile,0.7,691.0
2026-01-17,wk inc flu hosp,3,2026-02-07,42,quantile,0.75,722.0
2026-01-17,wk inc flu hosp,3,2026-02-07,42,quantile,0.8,756.0
2026-01-17,wk inc flu hosp,3,2026-02-07,42,quantile,0.85,796.0
2026-01-17,wk inc flu hosp,3,2026-02-07,42,quantile,0.9,856.0
2026-01-17,wk inc flu hosp,3,2026-02-07,42,quantile,0.95,946.0
2026-01-17,wk inc flu hosp,3,2026-02-07,42,quantile,0.975,1011.0
2026-01-17,wk inc flu hosp,3,2026-02-07,42,quantile,0.99,1091.0
2026-01-17,wk inc flu hosp,3,2026-02-07,44,quantile,0.01,4.0
2026-01-17,wk inc flu hosp,3,2026-02-07,44,quantile,0.025,9.0
2026-01-17,wk inc flu hosp,3,2026-02-07,44,quantile,0.05,14.0
2026-01-17,wk inc flu hosp,3,2026-02-07,44,quantile,0.1,20.0
2026-01-17,wk inc flu hosp,3,2026-02-07,44,quantile,0.15,26.0
2026-01-17,wk inc flu hosp,3,2026-02-07,44,quantile,0.2,31.0
2026-01-17,wk inc flu hosp,3,2026-02-07,44,quantile,0.25,35.0
2026-01-17,wk inc flu hosp,3,2026-02-07,44,quantile,0.3,40.0
2026-01-17,wk inc flu hosp,3,2026-02-07,44,quantile,0.35,44.0
2026-01-17,wk inc flu hosp,3,2026-02-07,44,quantile,0.4,46.0
2026-01-17,wk inc flu hosp,3,2026-02-07,44,quantile,0.45,47.0
2026-01-17,wk inc flu hosp,3,2026-02-07,44,quantile,0.5,49.0
2026-01-17,wk inc flu hosp,3,2026-02-07,44,quantile,0.55,51.0
2026-01-17,wk inc flu hosp,3,2026-02-07,44,quantile,0.6,53.0
2026-01-17,wk inc flu hosp,3,2026-02-07,44,quantile,0.65,55.0
2026-01-17,wk inc flu hosp,3,2026-02-07,44,quantile,0.7,56.0
2026-01-17,wk inc flu hosp,3,2026-02-07,44,quantile,0.75,58.0
2026-01-17,wk inc flu hosp,3,2026-02-07,44,quantile,0.8,61.0
2026-01-17,wk inc flu hosp,3,2026-02-07,44,quantile,0.85,64.0
2026-01-17,wk inc flu hosp,3,2026-02-07,44,quantile,0.9,67.0
2026-01-17,wk inc flu hosp,3,2026-02-07,44,quantile,0.95,72.0
2026-01-17,wk inc flu hosp,3,2026-02-07,44,quantile,0.975,77.0
2026-01-17,wk inc flu hosp,3,2026-02-07,44,quantile,0.99,85.0
2026-01-17,wk inc flu hosp,3,2026-02-07,45,quantile,0.01,26.0
2026-01-17,wk inc flu hosp,3,2026-02-07,45,quantile,0.025,33.0
2026-01-17,wk inc flu hosp,3,2026-02-07,45,quantile,0.05,47.0
2026-01-17,wk inc flu hosp,3,2026-02-07,45,quantile,0.1,85.0
2026-01-17,wk inc flu hosp,3,2026-02-07,45,quantile,0.15,120.0
2026-01-17,wk inc flu hosp,3,2026-02-07,45,quantile,0.2,143.0
2026-01-17,wk inc flu hosp,3,2026-02-07,45,quantile,0.25,168.0
2026-01-17,wk inc flu hosp,3,2026-02-07,45,quantile,0.3,194.0
2026-01-17,wk inc flu hosp,3,2026-02-07,45,quantile,0.35,211.0
2026-01-17,wk inc flu hosp,3,2026-02-07,45,quantile,0.4,224.0
2026-01-17,wk inc flu hosp,3,2026-02-07,45,quantile,0.45,238.0
2026-01-17,wk inc flu hosp,3,2026-02-07,45,quantile,0.5,249.0
2026-01-17,wk inc flu hosp,3,2026-02-07,45,quantile,0.55,262.0
2026-01-17,wk inc flu hosp,3,2026-02-07,45,quantile,0.6,275.0
2026-01-17,wk inc flu hosp,3,2026-02-07,45,quantile,0.65,291.0
2026-01-17,wk inc flu hosp,3,2026-02-07,45,quantile,0.7,304.0
2026-01-17,wk inc flu hosp,3,2026-02-07,45,quantile,0.75,320.0
2026-01-17,wk inc flu hosp,3,2026-02-07,45,quantile,0.8,335.0
2026-01-17,wk inc flu hosp,3,2026-02-07,45,quantile,0.85,356.0
2026-01-17,wk inc flu hosp,3,2026-02-07,45,quantile,0.9,387.0
2026-01-17,wk inc flu hosp,3,2026-02-07,45,quantile,0.95,428.0
2026-01-17,wk inc flu hosp,3,2026-02-07,45,quantile,0.975,460.0
2026-01-17,wk inc flu hosp,3,2026-02-07,45,quantile,0.99,498.0
2026-01-17,wk inc flu hosp,3,2026-02-07,46,quantile,0.01,18.0
2026-01-17,wk inc flu hosp,3,2026-02-07,46,quantile,0.025,24.0
2026-01-17,wk inc flu hosp,3,2026-02-07,46,quantile,0.05,27.0
2026-01-17,wk inc flu hosp,3,2026-02-07,46,quantile,0.1,32.0
2026-01-17,wk inc flu hosp,3,2026-02-07,46,quantile,0.15,35.0
2026-01-17,wk inc flu hosp,3,2026-02-07,46,quantile,0.2,37.0
2026-01-17,wk inc flu hosp,3,2026-02-07,46,quantile,0.25,39.0
2026-01-17,wk inc flu hosp,3,2026-02-07,46,quantile,0.3,42.0
2026-01-17,wk inc flu hosp,3,2026-02-07,46,quantile,0.35,43.0
2026-01-17,wk inc flu hosp,3,2026-02-07,46,quantile,0.4,45.0
2026-01-17,wk inc flu hosp,3,2026-02-07,46,quantile,0.45,47.0
2026-01-17,wk inc flu hosp,3,2026-02-07,46,quantile,0.5,49.0
2026-01-17,wk inc flu hosp,3,2026-02-07,46,quantile,0.55,51.0
2026-01-17,wk inc flu hosp,3,2026-02-07,46,quantile,0.6,52.0
2026-01-17,wk inc flu hosp,3,2026-02-07,46,quantile,0.65,54.0
2026-01-17,wk inc flu hosp,3,2026-02-07,46,quantile,0.7,56.0
2026-01-17,wk inc flu hosp,3,2026-02-07,46,quantile,0.75,58.0
2026-01-17,wk inc flu hosp,3,2026-02-07,46,quantile,0.8,60.0
2026-01-17,wk inc flu hosp,3,2026-02-07,46,quantile,0.85,63.0
2026-01-17,wk inc flu hosp,3,2026-02-07,46,quantile,0.9,66.0
2026-01-17,wk inc flu hosp,3,2026-02-07,46,quantile,0.95,71.0
2026-01-17,wk inc flu hosp,3,2026-02-07,46,quantile,0.975,74.0
2026-01-17,wk inc flu hosp,3,2026-02-07,46,quantile,0.99,80.0
2026-01-17,wk inc flu hosp,3,2026-02-07,47,quantile,0.01,38.0
2026-01-17,wk inc flu hosp,3,2026-02-07,47,quantile,0.025,51.0
2026-01-17,wk inc flu hosp,3,2026-02-07,47,quantile,0.05,58.0
2026-01-17,wk inc flu hosp,3,2026-02-07,47,quantile,0.1,83.0
2026-01-17,wk inc flu hosp,3,2026-02-07,47,quantile,0.15,109.0
2026-01-17,wk inc flu hosp,3,2026-02-07,47,quantile,0.2,128.0
2026-01-17,wk inc flu hosp,3,2026-02-07,47,quantile,0.25,148.0
2026-01-17,wk inc flu hosp,3,2026-02-07,47,quantile,0.3,166.0
2026-01-17,wk inc flu hosp,3,2026-02-07,47,quantile,0.35,183.0
2026-01-17,wk inc flu hosp,3,2026-02-07,47,quantile,0.4,198.0
2026-01-17,wk inc flu hosp,3,2026-02-07,47,quantile,0.45,210.0
2026-01-17,wk inc flu hosp,3,2026-02-07,47,quantile,0.5,223.0
2026-01-17,wk inc flu hosp,3,2026-02-07,47,quantile,0.55,237.0
2026-01-17,wk inc flu hosp,3,2026-02-07,47,quantile,0.6,250.0
2026-01-17,wk inc flu hosp,3,2026-02-07,47,quantile,0.65,263.0
2026-01-17,wk inc flu hosp,3,2026-02-07,47,quantile,0.7,279.0
2026-01-17,wk inc flu hosp,3,2026-02-07,47,quantile,0.75,297.0
2026-01-17,wk inc flu hosp,3,2026-02-07,47,quantile,0.8,313.0
2026-01-17,wk inc flu hosp,3,2026-02-07,47,quantile,0.85,334.0
2026-01-17,wk inc flu hosp,3,2026-02-07,47,quantile,0.9,360.0
2026-01-17,wk inc flu hosp,3,2026-02-07,47,quantile,0.95,395.0
2026-01-17,wk inc flu hosp,3,2026-02-07,47,quantile,0.975,425.0
2026-01-17,wk inc flu hosp,3,2026-02-07,47,quantile,0.99,462.0
2026-01-17,wk inc flu hosp,3,2026-02-07,48,quantile,0.01,59.0
2026-01-17,wk inc flu hosp,3,2026-02-07,48,quantile,0.025,69.0
2026-01-17,wk inc flu hosp,3,2026-02-07,48,quantile,0.05,90.0
2026-01-17,wk inc flu hosp,3,2026-02-07,48,quantile,0.1,233.0
2026-01-17,wk inc flu hosp,3,2026-02-07,48,quantile,0.15,375.0
2026-01-17,wk inc flu hosp,3,2026-02-07,48,quantile,0.2,505.0
2026-01-17,wk inc flu hosp,3,2026-02-07,48,quantile,0.25,619.0
2026-01-17,wk inc flu hosp,3,2026-02-07,48,quantile,0.3,754.0
2026-01-17,wk inc flu hosp,3,2026-02-07,48,quantile,0.35,835.0
2026-01-17,wk inc flu hosp,3,2026-02-07,48,quantile,0.4,909.0
2026-01-17,wk inc flu hosp,3,2026-02-07,48,quantile,0.45,989.0
2026-01-17,wk inc flu hosp,3,2026-02-07,48,quantile,0.5,1064.0
2026-01-17,wk inc flu hosp,3,2026-02-07,48,quantile,0.55,1148.0
2026-01-17,wk inc flu hosp,3,2026-02-07,48,quantile,0.6,1242.0
2026-01-17,wk inc flu hosp,3,2026-02-07,48,quantile,0.65,1343.0
2026-01-17,wk inc flu hosp,3,2026-02-07,48,quantile,0.7,1459.0
2026-01-17,wk inc flu hosp,3,2026-02-07,48,quantile,0.75,1594.0
2026-01-17,wk inc flu hosp,3,2026-02-07,48,quantile,0.8,1724.0
2026-01-17,wk inc flu hosp,3,2026-02-07,48,quantile,0.85,1901.0
2026-01-17,wk inc flu hosp,3,2026-02-07,48,quantile,0.9,2105.0
2026-01-17,wk inc flu hosp,3,2026-02-07,48,quantile,0.95,2414.0
2026-01-17,wk inc flu hosp,3,2026-02-07,48,quantile,0.975,2672.0
2026-01-17,wk inc flu hosp,3,2026-02-07,48,quantile,0.99,2895.0
2026-01-17,wk inc flu hosp,3,2026-02-07,49,quantile,0.01,10.0
2026-01-17,wk inc flu hosp,3,2026-02-07,49,quantile,0.025,12.0
2026-01-17,wk inc flu hosp,3,2026-02-07,49,quantile,0.05,17.0
2026-01-17,wk inc flu hosp,3,2026-02-07,49,quantile,0.1,32.0
2026-01-17,wk inc flu hosp,3,2026-02-07,49,quantile,0.15,46.0
2026-01-17,wk inc flu hosp,3,2026-02-07,49,quantile,0.2,59.0
2026-01-17,wk inc flu hosp,3,2026-02-07,49,quantile,0.25,69.0
2026-01-17,wk inc flu hosp,3,2026-02-07,49,quantile,0.3,77.0
2026-01-17,wk inc flu hosp,3,2026-02-07,49,quantile,0.35,85.0
2026-01-17,wk inc flu hosp,3,2026-02-07,49,quantile,0.4,92.0
2026-01-17,wk inc flu hosp,3,2026-02-07,49,quantile,0.45,99.0
2026-01-17,wk inc flu hosp,3,2026-02-07,49,quantile,0.5,105.0
2026-01-17,wk inc flu hosp,3,2026-02-07,49,quantile,0.55,111.0
2026-01-17,wk inc flu hosp,3,2026-02-07,49,quantile,0.6,116.0
2026-01-17,wk inc flu hosp,3,2026-02-07,49,quantile,0.65,124.0
2026-01-17,wk inc flu hosp,3,2026-02-07,49,quantile,0.7,132.0
2026-01-17,wk inc flu hosp,3,2026-02-07,49,quantile,0.75,140.0
2026-01-17,wk inc flu hosp,3,2026-02-07,49,quantile,0.8,149.0
2026-01-17,wk inc flu hosp,3,2026-02-07,49,quantile,0.85,160.0
2026-01-17,wk inc flu hosp,3,2026-02-07,49,quantile,0.9,172.0
2026-01-17,wk inc flu hosp,3,2026-02-07,49,quantile,0.95,188.0
2026-01-17,wk inc flu hosp,3,2026-02-07,49,quantile,0.975,204.0
2026-01-17,wk inc flu hosp,3,2026-02-07,49,quantile,0.99,221.0
2026-01-17,wk inc flu hosp,3,2026-02-07,50,quantile,0.01,2.0
2026-01-17,wk inc flu hosp,3,2026-02-07,50,quantile,0.025,3.0
2026-01-17,wk inc flu hosp,3,2026-02-07,50,quantile,0.05,4.0
2026-01-17,wk inc flu hosp,3,2026-02-07,50,quantile,0.1,9.0
2026-01-17,wk inc flu hosp,3,2026-02-07,50,quantile,0.15,12.0
2026-01-17,wk inc flu hosp,3,2026-02-07,50,quantile,0.2,14.0
2026-01-17,wk inc flu hosp,3,2026-02-07,50,quantile,0.25,16.0
2026-01-17,wk inc flu hosp,3,2026-02-07,50,quantile,0.3,17.0
2026-01-17,wk inc flu hosp,3,2026-02-07,50,quantile,0.35,19.0
2026-01-17,wk inc flu hosp,3,2026-02-07,50,quantile,0.4,21.0
2026-01-17,wk inc flu hosp,3,2026-02-07,50,quantile,0.45,23.0
2026-01-17,wk inc flu hosp,3,2026-02-07,50,quantile,0.5,24.0
2026-01-17,wk inc flu hosp,3,2026-02-07,50,quantile,0.55,26.0
2026-01-17,wk inc flu hosp,3,2026-02-07,50,quantile,0.6,28.0
2026-01-17,wk inc flu hosp,3,2026-02-07,50,quantile,0.65,30.0
2026-01-17,wk inc flu hosp,3,2026-02-07,50,quantile,0.7,32.0
2026-01-17,wk inc flu hosp,3,2026-02-07,50,quantile,0.75,34.0
2026-01-17,wk inc flu hosp,3,2026-02-07,50,quantile,0.8,36.0
2026-01-17,wk inc flu hosp,3,2026-02-07,50,quantile,0.85,39.0
2026-01-17,wk inc flu hosp,3,2026-02-07,50,quantile,0.9,42.0
2026-01-17,wk inc flu hosp,3,2026-02-07,50,quantile,0.95,46.0
2026-01-17,wk inc flu hosp,3,2026-02-07,50,quantile,0.975,51.0
2026-01-17,wk inc flu hosp,3,2026-02-07,50,quantile,0.99,56.0
2026-01-17,wk inc flu hosp,3,2026-02-07,51,quantile,0.01,0.0
2026-01-17,wk inc flu hosp,3,2026-02-07,51,quantile,0.025,24.0
2026-01-17,wk inc flu hosp,3,2026-02-07,51,quantile,0.05,54.0
2026-01-17,wk inc flu hosp,3,2026-02-07,51,quantile,0.1,93.0
2026-01-17,wk inc flu hosp,3,2026-02-07,51,quantile,0.15,125.0
2026-01-17,wk inc flu hosp,3,2026-02-07,51,quantile,0.2,150.0
2026-01-17,wk inc flu hosp,3,2026-02-07,51,quantile,0.25,165.0
2026-01-17,wk inc flu hosp,3,2026-02-07,51,quantile,0.3,185.0
2026-01-17,wk inc flu hosp,3,2026-02-07,51,quantile,0.35,201.0
2026-01-17,wk inc flu hosp,3,2026-02-07,51,quantile,0.4,217.0
2026-01-17,wk inc flu hosp,3,2026-02-07,51,quantile,0.45,229.0
2026-01-17,wk inc flu hosp,3,2026-02-07,51,quantile,0.5,238.0
2026-01-17,wk inc flu hosp,3,2026-02-07,51,quantile,0.55,257.0
2026-01-17,wk inc flu hosp,3,2026-02-07,51,quantile,0.6,285.0
2026-01-17,wk inc flu hosp,3,2026-02-07,51,quantile,0.65,307.0
2026-01-17,wk inc flu hosp,3,2026-02-07,51,quantile,0.7,338.0
2026-01-17,wk inc flu hosp,3,2026-02-07,51,quantile,0.75,371.0
2026-01-17,wk inc flu hosp,3,2026-02-07,51,quantile,0.8,408.0
2026-01-17,wk inc flu hosp,3,2026-02-07,51,quantile,0.85,446.0
2026-01-17,wk inc flu hosp,3,2026-02-07,51,quantile,0.9,494.0
2026-01-17,wk inc flu hosp,3,2026-02-07,51,quantile,0.95,582.0
2026-01-17,wk inc flu hosp,3,2026-02-07,51,quantile,0.975,655.0
2026-01-17,wk inc flu hosp,3,2026-02-07,51,quantile,0.99,711.0
2026-01-17,wk inc flu hosp,3,2026-02-07,53,quantile,0.01,47.0
2026-01-17,wk inc flu hosp,3,2026-02-07,53,quantile,0.025,64.0
2026-01-17,wk inc flu hosp,3,2026-02-07,53,quantile,0.05,87.0
2026-01-17,wk inc flu hosp,3,2026-02-07,53,quantile,0.1,119.0
2026-01-17,wk inc flu hosp,3,2026-02-07,53,quantile,0.15,140.0
2026-01-17,wk inc flu hosp,3,2026-02-07,53,quantile,0.2,160.0
2026-01-17,wk inc flu hosp,3,2026-02-07,53,quantile,0.25,175.0
2026-01-17,wk inc flu hosp,3,2026-02-07,53,quantile,0.3,188.0
2026-01-17,wk inc flu hosp,3,2026-02-07,53,quantile,0.35,199.0
2026-01-17,wk inc flu hosp,3,2026-02-07,53,quantile,0.4,210.0
2026-01-17,wk inc flu hosp,3,2026-02-07,53,quantile,0.45,224.0
2026-01-17,wk inc flu hosp,3,2026-02-07,53,quantile,0.5,235.0
2026-01-17,wk inc flu hosp,3,2026-02-07,53,quantile,0.55,245.0
2026-01-17,wk inc flu hosp,3,2026-02-07,53,quantile,0.6,256.0
2026-01-17,wk inc flu hosp,3,2026-02-07,53,quantile,0.65,268.0
2026-01-17,wk inc flu hosp,3,2026-02-07,53,quantile,0.7,282.0
2026-01-17,wk inc flu hosp,3,2026-02-07,53,quantile,0.75,298.0
2026-01-17,wk inc flu hosp,3,2026-02-07,53,quantile,0.8,313.0
2026-01-17,wk inc flu hosp,3,2026-02-07,53,quantile,0.85,329.0
2026-01-17,wk inc flu hosp,3,2026-02-07,53,quantile,0.9,349.0
2026-01-17,wk inc flu hosp,3,2026-02-07,53,quantile,0.95,385.0
2026-01-17,wk inc flu hosp,3,2026-02-07,53,quantile,0.975,413.0
2026-01-17,wk inc flu hosp,3,2026-02-07,53,quantile,0.99,458.0
2026-01-17,wk inc flu hosp,3,2026-02-07,54,quantile,0.01,0.0
2026-01-17,wk inc flu hosp,3,2026-02-07,54,quantile,0.025,4.0
2026-01-17,wk inc flu hosp,3,2026-02-07,54,quantile,0.05,7.0
2026-01-17,wk inc flu hosp,3,2026-02-07,54,quantile,0.1,14.0
2026-01-17,wk inc flu hosp,3,2026-02-07,54,quantile,0.15,25.0
2026-01-17,wk inc flu hosp,3,2026-02-07,54,quantile,0.2,33.0
2026-01-17,wk inc flu hosp,3,2026-02-07,54,quantile,0.25,40.0
2026-01-17,wk inc flu hosp,3,2026-02-07,54,quantile,0.3,46.0
2026-01-17,wk inc flu hosp,3,2026-02-07,54,quantile,0.35,52.0
2026-01-17,wk inc flu hosp,3,2026-02-07,54,quantile,0.4,58.0
2026-01-17,wk inc flu hosp,3,2026-02-07,54,quantile,0.45,64.0
2026-01-17,wk inc flu hosp,3,2026-02-07,54,quantile,0.5,69.0
2026-01-17,wk inc flu hosp,3,2026-02-07,54,quantile,0.55,75.0
2026-01-17,wk inc flu hosp,3,2026-02-07,54,quantile,0.6,80.0
2026-01-17,wk inc flu hosp,3,2026-02-07,54,quantile,0.65,87.0
2026-01-17,wk inc flu hosp,3,2026-02-07,54,quantile,0.7,92.0
2026-01-17,wk inc flu hosp,3,2026-02-07,54,quantile,0.75,101.0
2026-01-17,wk inc flu hosp,3,2026-02-07,54,quantile,0.8,108.0
2026-01-17,wk inc flu hosp,3,2026-02-07,54,quantile,0.85,116.0
2026-01-17,wk inc flu hosp,3,2026-02-07,54,quantile,0.9,126.0
2026-01-17,wk inc flu hosp,3,2026-02-07,54,quantile,0.95,141.0
2026-01-17,wk inc flu hosp,3,2026-02-07,54,quantile,0.975,158.0
2026-01-17,wk inc flu hosp,3,2026-02-07,54,quantile,0.99,175.0
2026-01-17,wk inc flu hosp,3,2026-02-07,55,quantile,0.01,49.0
2026-01-17,wk inc flu hosp,3,2026-02-07,55,quantile,0.025,81.0
2026-01-17,wk inc flu hosp,3,2026-02-07,55,quantile,0.05,107.0
2026-01-17,wk inc flu hosp,3,2026-02-07,55,quantile,0.1,161.0
2026-01-17,wk inc flu hosp,3,2026-02-07,55,quantile,0.15,202.0
2026-01-17,wk inc flu hosp,3,2026-02-07,55,quantile,0.2,229.0
2026-01-17,wk inc flu hosp,3,2026-02-07,55,quantile,0.25,255.0
2026-01-17,wk inc flu hosp,3,2026-02-07,55,quantile,0.3,269.0
2026-01-17,wk inc flu hosp,3,2026-02-07,55,quantile,0.35,280.0
2026-01-17,wk inc flu hosp,3,2026-02-07,55,quantile,0.4,294.0
2026-01-17,wk inc flu hosp,3,2026-02-07,55,quantile,0.45,305.0
2026-01-17,wk inc flu hosp,3,2026-02-07,55,quantile,0.5,315.0
2026-01-17,wk inc flu hosp,3,2026-02-07,55,quantile,0.55,326.0
2026-01-17,wk inc flu hosp,3,2026-02-07,55,quantile,0.6,337.0
2026-01-17,wk inc flu hosp,3,2026-02-07,55,quantile,0.65,350.0
2026-01-17,wk inc flu hosp,3,2026-02-07,55,quantile,0.7,366.0
2026-01-17,wk inc flu hosp,3,2026-02-07,55,quantile,0.75,382.0
2026-01-17,wk inc flu hosp,3,2026-02-07,55,quantile,0.8,403.0
2026-01-17,wk inc flu hosp,3,2026-02-07,55,quantile,0.85,419.0
2026-01-17,wk inc flu hosp,3,2026-02-07,55,quantile,0.9,443.0
2026-01-17,wk inc flu hosp,3,2026-02-07,55,quantile,0.95,473.0
2026-01-17,wk inc flu hosp,3,2026-02-07,55,quantile,0.975,495.0
2026-01-17,wk inc flu hosp,3,2026-02-07,55,quantile,0.99,537.0
2026-01-17,wk inc flu hosp,3,2026-02-07,56,quantile,0.01,2.0
2026-01-17,wk inc flu hosp,3,2026-02-07,56,quantile,0.025,3.0
2026-01-17,wk inc flu hosp,3,2026-02-07,56,quantile,0.05,5.0
2026-01-17,wk inc flu hosp,3,2026-02-07,56,quantile,0.1,8.0
2026-01-17,wk inc flu hosp,3,2026-02-07,56,quantile,0.15,11.0
2026-01-17,wk inc flu hosp,3,2026-02-07,56,quantile,0.2,14.0
2026-01-17,wk inc flu hosp,3,2026-02-07,56,quantile,0.25,16.0
2026-01-17,wk inc flu hosp,3,2026-02-07,56,quantile,0.3,17.0
2026-01-17,wk inc flu hosp,3,2026-02-07,56,quantile,0.35,18.0
2026-01-17,wk inc flu hosp,3,2026-02-07,56,quantile,0.4,19.0
2026-01-17,wk inc flu hosp,3,2026-02-07,56,quantile,0.45,20.0
2026-01-17,wk inc flu hosp,3,2026-02-07,56,quantile,0.5,21.0
2026-01-17,wk inc flu hosp,3,2026-02-07,56,quantile,0.55,22.0
2026-01-17,wk inc flu hosp,3,2026-02-07,56,quantile,0.6,23.0
2026-01-17,wk inc flu hosp,3,2026-02-07,56,quantile,0.65,24.0
2026-01-17,wk inc flu hosp,3,2026-02-07,56,quantile,0.7,25.0
2026-01-17,wk inc flu hosp,3,2026-02-07,56,quantile,0.75,26.0
2026-01-17,wk inc flu hosp,3,2026-02-07,56,quantile,0.8,27.0
2026-01-17,wk inc flu hosp,3,2026-02-07,56,quantile,0.85,29.0
2026-01-17,wk inc flu hosp,3,2026-02-07,56,quantile,0.9,31.0
2026-01-17,wk inc flu hosp,3,2026-02-07,56,quantile,0.95,33.0
2026-01-17,wk inc flu hosp,3,2026-02-07,56,quantile,0.975,36.0
2026-01-17,wk inc flu hosp,3,2026-02-07,56,quantile,0.99,39.0
2026-01-17,wk inc flu hosp,3,2026-02-07,US,quantile,0.01,2285.0
2026-01-17,wk inc flu hosp,3,2026-02-07,US,quantile,0.025,3585.0
2026-01-17,wk inc flu hosp,3,2026-02-07,US,quantile,0.05,4536.0
2026-01-17,wk inc flu hosp,3,2026-02-07,US,quantile,0.1,6196.0
2026-01-17,wk inc flu hosp,3,2026-02-07,US,quantile,0.15,7541.0
2026-01-17,wk inc flu hosp,3,2026-02-07,US,quantile,0.2,8954.0
2026-01-17,wk inc flu hosp,3,2026-02-07,US,quantile,0.25,10277.0
2026-01-17,wk inc flu hosp,3,2026-02-07,US,quantile,0.3,11471.0
2026-01-17,wk inc flu hosp,3,2026-02-07,US,quantile,0.35,12594.0
2026-01-17,wk inc flu hosp,3,2026-02-07,US,quantile,0.4,13111.0
2026-01-17,wk inc flu hosp,3,2026-02-07,US,quantile,0.45,13569.0
2026-01-17,wk inc flu hosp,3,2026-02-07,US,quantile,0.5,13973.0
2026-01-17,wk inc flu hosp,3,2026-02-07,US,quantile,0.55,14450.0
2026-01-17,wk inc flu hosp,3,2026-02-07,US,quantile,0.6,14910.0
2026-01-17,wk inc flu hosp,3,2026-02-07,US,quantile,0.65,15360.0
2026-01-17,wk inc flu hosp,3,2026-02-07,US,quantile,0.7,15843.0
2026-01-17,wk inc flu hosp,3,2026-02-07,US,quantile,0.75,16470.0
2026-01-17,wk inc flu hosp,3,2026-02-07,US,quantile,0.8,16984.0
2026-01-17,wk inc flu hosp,3,2026-02-07,US,quantile,0.85,17731.0
2026-01-17,wk inc flu hosp,3,2026-02-07,US,quantile,0.9,18674.0
2026-01-17,wk inc flu hosp,3,2026-02-07,US,quantile,0.95,20043.0
2026-01-17,wk inc flu hosp,3,2026-02-07,US,quantile,0.975,21204.0
2026-01-17,wk inc flu hosp,3,2026-02-07,US,quantile,0.99,22529.0
