reference_date,target,horizon,target_end_date,location,output_type,output_type_id,value
2026-01-24,wk flu hosp rate change,0,2026-01-24,01,pmf,decrease,0.483
2026-01-24,wk flu hosp rate change,0,2026-01-24,01,pmf,increase,0.239
2026-01-24,wk flu hosp rate change,0,2026-01-24,01,pmf,large_decrease,0.09
2026-01-24,wk flu hosp rate change,0,2026-01-24,01,pmf,large_increase,0.085
2026-01-24,wk flu hosp rate change,0,2026-01-24,01,pmf,stable,0.1030000000000001
2026-01-24,wk flu hosp rate change,0,2026-01-24,02,pmf,decrease,0.187
2026-01-24,wk flu hosp rate change,0,2026-01-24,02,pmf,increase,0.342
2026-01-24,wk flu hosp rate change,0,2026-01-24,02,pmf,large_decrease,0.08
2026-01-24,wk flu hosp rate change,0,2026-01-24,02,pmf,large_increase,0.036
2026-01-24,wk flu hosp rate change,0,2026-01-24,02,pmf,stable,0.355
2026-01-24,wk flu hosp rate change,0,2026-01-24,04,pmf,decrease,0.6633366633366634
2026-01-24,wk flu hosp rate change,0,2026-01-24,04,pmf,increase,0.08891108891108891
2026-01-24,wk flu hosp rate change,0,2026-01-24,04,pmf,large_decrease,0.0019980019980019984
2026-01-24,wk flu hosp rate change,0,2026-01-24,04,pmf,large_increase,0.0019980019980019984
2026-01-24,wk flu hosp rate change,0,2026-01-24,04,pmf,stable,0.24375624375624377
2026-01-24,wk flu hosp rate change,0,2026-01-24,05,pmf,decrease,0.384
2026-01-24,wk flu hosp rate change,0,2026-01-24,05,pmf,increase,0.366
2026-01-24,wk flu hosp rate change,0,2026-01-24,05,pmf,large_decrease,0.024
2026-01-24,wk flu hosp rate change,0,2026-01-24,05,pmf,large_increase,0.075
2026-01-24,wk flu hosp rate change,0,2026-01-24,05,pmf,stable,0.151
2026-01-24,wk flu hosp rate change,0,2026-01-24,06,pmf,decrease,0.29070929070929075
2026-01-24,wk flu hosp rate change,0,2026-01-24,06,pmf,increase,0.15184815184815187
2026-01-24,wk flu hosp rate change,0,2026-01-24,06,pmf,large_decrease,0.003996003996003997
2026-01-24,wk flu hosp rate change,0,2026-01-24,06,pmf,large_increase,0.0009990009990009992
2026-01-24,wk flu hosp rate change,0,2026-01-24,06,pmf,stable,0.5524475524475525
2026-01-24,wk flu hosp rate change,0,2026-01-24,08,pmf,decrease,0.527
2026-01-24,wk flu hosp rate change,0,2026-01-24,08,pmf,increase,0.141
2026-01-24,wk flu hosp rate change,0,2026-01-24,08,pmf,large_decrease,0.032
2026-01-24,wk flu hosp rate change,0,2026-01-24,08,pmf,large_increase,0.002
2026-01-24,wk flu hosp rate change,0,2026-01-24,08,pmf,stable,0.298
2026-01-24,wk flu hosp rate change,0,2026-01-24,09,pmf,decrease,0.8961038961038961
2026-01-24,wk flu hosp rate change,0,2026-01-24,09,pmf,increase,0.005994005994005993
2026-01-24,wk flu hosp rate change,0,2026-01-24,09,pmf,large_decrease,0.10289710289710288
2026-01-24,wk flu hosp rate change,0,2026-01-24,09,pmf,large_increase,0.005994005994005993
2026-01-24,wk flu hosp rate change,0,2026-01-24,09,pmf,stable,-0.010989010989010986
2026-01-24,wk flu hosp rate change,0,2026-01-24,10,pmf,decrease,0.294
2026-01-24,wk flu hosp rate change,0,2026-01-24,10,pmf,increase,0.39
2026-01-24,wk flu hosp rate change,0,2026-01-24,10,pmf,large_decrease,0.017
2026-01-24,wk flu hosp rate change,0,2026-01-24,10,pmf,large_increase,0.009
2026-01-24,wk flu hosp rate change,0,2026-01-24,10,pmf,stable,0.29
2026-01-24,wk flu hosp rate change,0,2026-01-24,11,pmf,decrease,0.247
2026-01-24,wk flu hosp rate change,0,2026-01-24,11,pmf,increase,0.338
2026-01-24,wk flu hosp rate change,0,2026-01-24,11,pmf,large_decrease,0.003
2026-01-24,wk flu hosp rate change,0,2026-01-24,11,pmf,large_increase,0.037
2026-01-24,wk flu hosp rate change,0,2026-01-24,11,pmf,stable,0.375
2026-01-24,wk flu hosp rate change,0,2026-01-24,12,pmf,decrease,0.35
2026-01-24,wk flu hosp rate change,0,2026-01-24,12,pmf,increase,0.361
2026-01-24,wk flu hosp rate change,0,2026-01-24,12,pmf,large_decrease,0.008
2026-01-24,wk flu hosp rate change,0,2026-01-24,12,pmf,large_increase,0.002
2026-01-24,wk flu hosp rate change,0,2026-01-24,12,pmf,stable,0.279
2026-01-24,wk flu hosp rate change,0,2026-01-24,13,pmf,decrease,0.446
2026-01-24,wk flu hosp rate change,0,2026-01-24,13,pmf,increase,0.287
2026-01-24,wk flu hosp rate change,0,2026-01-24,13,pmf,large_decrease,0.002
2026-01-24,wk flu hosp rate change,0,2026-01-24,13,pmf,large_increase,0.002
2026-01-24,wk flu hosp rate change,0,2026-01-24,13,pmf,stable,0.263
2026-01-24,wk flu hosp rate change,0,2026-01-24,15,pmf,decrease,0.42
2026-01-24,wk flu hosp rate change,0,2026-01-24,15,pmf,increase,0.187
2026-01-24,wk flu hosp rate change,0,2026-01-24,15,pmf,large_decrease,0.238
2026-01-24,wk flu hosp rate change,0,2026-01-24,15,pmf,large_increase,0.061
2026-01-24,wk flu hosp rate change,0,2026-01-24,15,pmf,stable,0.09400000000000011
2026-01-24,wk flu hosp rate change,0,2026-01-24,16,pmf,decrease,0.572
2026-01-24,wk flu hosp rate change,0,2026-01-24,16,pmf,increase,0.181
2026-01-24,wk flu hosp rate change,0,2026-01-24,16,pmf,large_decrease,0.003
2026-01-24,wk flu hosp rate change,0,2026-01-24,16,pmf,large_increase,0.001
2026-01-24,wk flu hosp rate change,0,2026-01-24,16,pmf,stable,0.2430000000000001
2026-01-24,wk flu hosp rate change,0,2026-01-24,17,pmf,decrease,0.45
2026-01-24,wk flu hosp rate change,0,2026-01-24,17,pmf,increase,0.311
2026-01-24,wk flu hosp rate change,0,2026-01-24,17,pmf,large_decrease,0.014
2026-01-24,wk flu hosp rate change,0,2026-01-24,17,pmf,large_increase,0.004
2026-01-24,wk flu hosp rate change,0,2026-01-24,17,pmf,stable,0.221
2026-01-24,wk flu hosp rate change,0,2026-01-24,18,pmf,decrease,0.476
2026-01-24,wk flu hosp rate change,0,2026-01-24,18,pmf,increase,0.327
2026-01-24,wk flu hosp rate change,0,2026-01-24,18,pmf,large_decrease,0.009
2026-01-24,wk flu hosp rate change,0,2026-01-24,18,pmf,large_increase,0.015
2026-01-24,wk flu hosp rate change,0,2026-01-24,18,pmf,stable,0.1730000000000001
2026-01-24,wk flu hosp rate change,0,2026-01-24,19,pmf,decrease,0.49450549450549447
2026-01-24,wk flu hosp rate change,0,2026-01-24,19,pmf,increase,0.22377622377622375
2026-01-24,wk flu hosp rate change,0,2026-01-24,19,pmf,large_decrease,0.06093906093906093
2026-01-24,wk flu hosp rate change,0,2026-01-24,19,pmf,large_increase,0.001998001998001998
2026-01-24,wk flu hosp rate change,0,2026-01-24,19,pmf,stable,0.21878121878121876
2026-01-24,wk flu hosp rate change,0,2026-01-24,20,pmf,decrease,0.24775224775224772
2026-01-24,wk flu hosp rate change,0,2026-01-24,20,pmf,increase,0.30969030969030964
2026-01-24,wk flu hosp rate change,0,2026-01-24,20,pmf,large_decrease,0.001998001998001998
2026-01-24,wk flu hosp rate change,0,2026-01-24,20,pmf,large_increase,0.012987012987012984
2026-01-24,wk flu hosp rate change,0,2026-01-24,20,pmf,stable,0.4275724275724275
2026-01-24,wk flu hosp rate change,0,2026-01-24,21,pmf,decrease,0.423
2026-01-24,wk flu hosp rate change,0,2026-01-24,21,pmf,increase,0.263
2026-01-24,wk flu hosp rate change,0,2026-01-24,21,pmf,large_decrease,0.066
2026-01-24,wk flu hosp rate change,0,2026-01-24,21,pmf,large_increase,0.04
2026-01-24,wk flu hosp rate change,0,2026-01-24,21,pmf,stable,0.208
2026-01-24,wk flu hosp rate change,0,2026-01-24,22,pmf,decrease,0.41
2026-01-24,wk flu hosp rate change,0,2026-01-24,22,pmf,increase,0.305
2026-01-24,wk flu hosp rate change,0,2026-01-24,22,pmf,large_decrease,0.007
2026-01-24,wk flu hosp rate change,0,2026-01-24,22,pmf,large_increase,0.003
2026-01-24,wk flu hosp rate change,0,2026-01-24,22,pmf,stable,0.275
2026-01-24,wk flu hosp rate change,0,2026-01-24,23,pmf,decrease,0.573
2026-01-24,wk flu hosp rate change,0,2026-01-24,23,pmf,increase,0.328
2026-01-24,wk flu hosp rate change,0,2026-01-24,23,pmf,large_decrease,0.018
2026-01-24,wk flu hosp rate change,0,2026-01-24,23,pmf,large_increase,0.013
2026-01-24,wk flu hosp rate change,0,2026-01-24,23,pmf,stable,0.068
2026-01-24,wk flu hosp rate change,0,2026-01-24,24,pmf,decrease,0.349
2026-01-24,wk flu hosp rate change,0,2026-01-24,24,pmf,increase,0.393
2026-01-24,wk flu hosp rate change,0,2026-01-24,24,pmf,large_decrease,0.019
2026-01-24,wk flu hosp rate change,0,2026-01-24,24,pmf,large_increase,0.036
2026-01-24,wk flu hosp rate change,0,2026-01-24,24,pmf,stable,0.2029999999999999
2026-01-24,wk flu hosp rate change,0,2026-01-24,25,pmf,decrease,0.854
2026-01-24,wk flu hosp rate change,0,2026-01-24,25,pmf,increase,0.007
2026-01-24,wk flu hosp rate change,0,2026-01-24,25,pmf,large_decrease,0.056
2026-01-24,wk flu hosp rate change,0,2026-01-24,25,pmf,large_increase,0.001
2026-01-24,wk flu hosp rate change,0,2026-01-24,25,pmf,stable,0.082
2026-01-24,wk flu hosp rate change,0,2026-01-24,26,pmf,decrease,0.153
2026-01-24,wk flu hosp rate change,0,2026-01-24,26,pmf,increase,0.442
2026-01-24,wk flu hosp rate change,0,2026-01-24,26,pmf,large_decrease,0.001
2026-01-24,wk flu hosp rate change,0,2026-01-24,26,pmf,large_increase,0.033
2026-01-24,wk flu hosp rate change,0,2026-01-24,26,pmf,stable,0.371
2026-01-24,wk flu hosp rate change,0,2026-01-24,27,pmf,decrease,0.447
2026-01-24,wk flu hosp rate change,0,2026-01-24,27,pmf,increase,0.256
2026-01-24,wk flu hosp rate change,0,2026-01-24,27,pmf,large_decrease,0.08
2026-01-24,wk flu hosp rate change,0,2026-01-24,27,pmf,large_increase,0.04
2026-01-24,wk flu hosp rate change,0,2026-01-24,27,pmf,stable,0.177
2026-01-24,wk flu hosp rate change,0,2026-01-24,28,pmf,decrease,0.19
2026-01-24,wk flu hosp rate change,0,2026-01-24,28,pmf,increase,0.454
2026-01-24,wk flu hosp rate change,0,2026-01-24,28,pmf,large_decrease,0.006
2026-01-24,wk flu hosp rate change,0,2026-01-24,28,pmf,large_increase,0.053
2026-01-24,wk flu hosp rate change,0,2026-01-24,28,pmf,stable,0.297
2026-01-24,wk flu hosp rate change,0,2026-01-24,30,pmf,decrease,0.569
2026-01-24,wk flu hosp rate change,0,2026-01-24,30,pmf,increase,0.219
2026-01-24,wk flu hosp rate change,0,2026-01-24,30,pmf,large_decrease,0.002
2026-01-24,wk flu hosp rate change,0,2026-01-24,30,pmf,large_increase,0.002
2026-01-24,wk flu hosp rate change,0,2026-01-24,30,pmf,stable,0.2080000000000001
2026-01-24,wk flu hosp rate change,0,2026-01-24,31,pmf,decrease,0.3156843156843157
2026-01-24,wk flu hosp rate change,0,2026-01-24,31,pmf,increase,0.3026973026973027
2026-01-24,wk flu hosp rate change,0,2026-01-24,31,pmf,large_decrease,0.0019980019980019984
2026-01-24,wk flu hosp rate change,0,2026-01-24,31,pmf,large_increase,0.006993006993006994
2026-01-24,wk flu hosp rate change,0,2026-01-24,31,pmf,stable,0.37262737262737267
2026-01-24,wk flu hosp rate change,0,2026-01-24,32,pmf,decrease,0.5814185814185815
2026-01-24,wk flu hosp rate change,0,2026-01-24,32,pmf,increase,0.1028971028971029
2026-01-24,wk flu hosp rate change,0,2026-01-24,32,pmf,large_decrease,0.0019980019980019984
2026-01-24,wk flu hosp rate change,0,2026-01-24,32,pmf,large_increase,0.0019980019980019984
2026-01-24,wk flu hosp rate change,0,2026-01-24,32,pmf,stable,0.31168831168831174
2026-01-24,wk flu hosp rate change,0,2026-01-24,33,pmf,decrease,0.232
2026-01-24,wk flu hosp rate change,0,2026-01-24,33,pmf,increase,0.267
2026-01-24,wk flu hosp rate change,0,2026-01-24,33,pmf,large_decrease,0.003
2026-01-24,wk flu hosp rate change,0,2026-01-24,33,pmf,large_increase,0.01
2026-01-24,wk flu hosp rate change,0,2026-01-24,33,pmf,stable,0.488
2026-01-24,wk flu hosp rate change,0,2026-01-24,34,pmf,decrease,0.357
2026-01-24,wk flu hosp rate change,0,2026-01-24,34,pmf,increase,0.297
2026-01-24,wk flu hosp rate change,0,2026-01-24,34,pmf,large_decrease,0.004
2026-01-24,wk flu hosp rate change,0,2026-01-24,34,pmf,large_increase,0.003
2026-01-24,wk flu hosp rate change,0,2026-01-24,34,pmf,stable,0.33900000000000013
2026-01-24,wk flu hosp rate change,0,2026-01-24,35,pmf,decrease,0.48951048951048953
2026-01-24,wk flu hosp rate change,0,2026-01-24,35,pmf,increase,0.18181818181818182
2026-01-24,wk flu hosp rate change,0,2026-01-24,35,pmf,large_decrease,0.07992007992007993
2026-01-24,wk flu hosp rate change,0,2026-01-24,35,pmf,large_increase,0.0019980019980019984
2026-01-24,wk flu hosp rate change,0,2026-01-24,35,pmf,stable,0.24675324675324678
2026-01-24,wk flu hosp rate change,0,2026-01-24,36,pmf,decrease,0.918081918081918
2026-01-24,wk flu hosp rate change,0,2026-01-24,36,pmf,increase,0.013986013986013984
2026-01-24,wk flu hosp rate change,0,2026-01-24,36,pmf,large_decrease,0.00899100899100899
2026-01-24,wk flu hosp rate change,0,2026-01-24,36,pmf,large_increase,0.004995004995004994
2026-01-24,wk flu hosp rate change,0,2026-01-24,36,pmf,stable,0.05394605394605394
2026-01-24,wk flu hosp rate change,0,2026-01-24,37,pmf,decrease,0.333
2026-01-24,wk flu hosp rate change,0,2026-01-24,37,pmf,increase,0.244
2026-01-24,wk flu hosp rate change,0,2026-01-24,37,pmf,large_decrease,0.007
2026-01-24,wk flu hosp rate change,0,2026-01-24,37,pmf,large_increase,0.09
2026-01-24,wk flu hosp rate change,0,2026-01-24,37,pmf,stable,0.326
2026-01-24,wk flu hosp rate change,0,2026-01-24,38,pmf,decrease,0.567
2026-01-24,wk flu hosp rate change,0,2026-01-24,38,pmf,increase,0.184
2026-01-24,wk flu hosp rate change,0,2026-01-24,38,pmf,large_decrease,0.041
2026-01-24,wk flu hosp rate change,0,2026-01-24,38,pmf,large_increase,0.003
2026-01-24,wk flu hosp rate change,0,2026-01-24,38,pmf,stable,0.2050000000000001
2026-01-24,wk flu hosp rate change,0,2026-01-24,39,pmf,decrease,0.405
2026-01-24,wk flu hosp rate change,0,2026-01-24,39,pmf,increase,0.225
2026-01-24,wk flu hosp rate change,0,2026-01-24,39,pmf,large_decrease,0.025
2026-01-24,wk flu hosp rate change,0,2026-01-24,39,pmf,large_increase,0.013
2026-01-24,wk flu hosp rate change,0,2026-01-24,39,pmf,stable,0.332
2026-01-24,wk flu hosp rate change,0,2026-01-24,40,pmf,decrease,0.422
2026-01-24,wk flu hosp rate change,0,2026-01-24,40,pmf,increase,0.23
2026-01-24,wk flu hosp rate change,0,2026-01-24,40,pmf,large_decrease,0.019
2026-01-24,wk flu hosp rate change,0,2026-01-24,40,pmf,large_increase,0.015
2026-01-24,wk flu hosp rate change,0,2026-01-24,40,pmf,stable,0.314
2026-01-24,wk flu hosp rate change,0,2026-01-24,41,pmf,decrease,0.2487512487512487
2026-01-24,wk flu hosp rate change,0,2026-01-24,41,pmf,increase,0.36263736263736257
2026-01-24,wk flu hosp rate change,0,2026-01-24,41,pmf,large_decrease,0.01898101898101898
2026-01-24,wk flu hosp rate change,0,2026-01-24,41,pmf,large_increase,0.029970029970029965
2026-01-24,wk flu hosp rate change,0,2026-01-24,41,pmf,stable,0.33966033966033965
2026-01-24,wk flu hosp rate change,0,2026-01-24,42,pmf,decrease,0.297
2026-01-24,wk flu hosp rate change,0,2026-01-24,42,pmf,increase,0.393
2026-01-24,wk flu hosp rate change,0,2026-01-24,42,pmf,large_decrease,0.012
2026-01-24,wk flu hosp rate change,0,2026-01-24,42,pmf,large_increase,0.06
2026-01-24,wk flu hosp rate change,0,2026-01-24,42,pmf,stable,0.238
2026-01-24,wk flu hosp rate change,0,2026-01-24,44,pmf,decrease,0.6663336663336663
2026-01-24,wk flu hosp rate change,0,2026-01-24,44,pmf,increase,0.0819180819180819
2026-01-24,wk flu hosp rate change,0,2026-01-24,44,pmf,large_decrease,0.03296703296703297
2026-01-24,wk flu hosp rate change,0,2026-01-24,44,pmf,large_increase,0.001998001998001998
2026-01-24,wk flu hosp rate change,0,2026-01-24,44,pmf,stable,0.21678321678321677
2026-01-24,wk flu hosp rate change,0,2026-01-24,45,pmf,decrease,0.392
2026-01-24,wk flu hosp rate change,0,2026-01-24,45,pmf,increase,0.338
2026-01-24,wk flu hosp rate change,0,2026-01-24,45,pmf,large_decrease,0.036
2026-01-24,wk flu hosp rate change,0,2026-01-24,45,pmf,large_increase,0.049
2026-01-24,wk flu hosp rate change,0,2026-01-24,45,pmf,stable,0.185
2026-01-24,wk flu hosp rate change,0,2026-01-24,46,pmf,decrease,0.178
2026-01-24,wk flu hosp rate change,0,2026-01-24,46,pmf,increase,0.442
2026-01-24,wk flu hosp rate change,0,2026-01-24,46,pmf,large_decrease,0.025
2026-01-24,wk flu hosp rate change,0,2026-01-24,46,pmf,large_increase,0.09
2026-01-24,wk flu hosp rate change,0,2026-01-24,46,pmf,stable,0.265
2026-01-24,wk flu hosp rate change,0,2026-01-24,47,pmf,decrease,0.528
2026-01-24,wk flu hosp rate change,0,2026-01-24,47,pmf,increase,0.258
2026-01-24,wk flu hosp rate change,0,2026-01-24,47,pmf,large_decrease,0.006
2026-01-24,wk flu hosp rate change,0,2026-01-24,47,pmf,large_increase,0.002
2026-01-24,wk flu hosp rate change,0,2026-01-24,47,pmf,stable,0.206
2026-01-24,wk flu hosp rate change,0,2026-01-24,48,pmf,decrease,0.271
2026-01-24,wk flu hosp rate change,0,2026-01-24,48,pmf,increase,0.367
2026-01-24,wk flu hosp rate change,0,2026-01-24,48,pmf,large_decrease,0.011
2026-01-24,wk flu hosp rate change,0,2026-01-24,48,pmf,large_increase,0.018
2026-01-24,wk flu hosp rate change,0,2026-01-24,48,pmf,stable,0.3329999999999999
2026-01-24,wk flu hosp rate change,0,2026-01-24,49,pmf,decrease,0.33066933066933074
2026-01-24,wk flu hosp rate change,0,2026-01-24,49,pmf,increase,0.36663336663336665
2026-01-24,wk flu hosp rate change,0,2026-01-24,49,pmf,large_decrease,0.0029970029970029974
2026-01-24,wk flu hosp rate change,0,2026-01-24,49,pmf,large_increase,0.028971028971028975
2026-01-24,wk flu hosp rate change,0,2026-01-24,49,pmf,stable,0.2707292707292708
2026-01-24,wk flu hosp rate change,0,2026-01-24,50,pmf,decrease,0.129
2026-01-24,wk flu hosp rate change,0,2026-01-24,50,pmf,increase,0.508
2026-01-24,wk flu hosp rate change,0,2026-01-24,50,pmf,large_decrease,0.001
2026-01-24,wk flu hosp rate change,0,2026-01-24,50,pmf,large_increase,0.144
2026-01-24,wk flu hosp rate change,0,2026-01-24,50,pmf,stable,0.218
2026-01-24,wk flu hosp rate change,0,2026-01-24,51,pmf,decrease,0.452
2026-01-24,wk flu hosp rate change,0,2026-01-24,51,pmf,increase,0.224
2026-01-24,wk flu hosp rate change,0,2026-01-24,51,pmf,large_decrease,0.068
2026-01-24,wk flu hosp rate change,0,2026-01-24,51,pmf,large_increase,0.075
2026-01-24,wk flu hosp rate change,0,2026-01-24,51,pmf,stable,0.1810000000000001
2026-01-24,wk flu hosp rate change,0,2026-01-24,53,pmf,decrease,0.23476523476523478
2026-01-24,wk flu hosp rate change,0,2026-01-24,53,pmf,increase,0.25374625374625376
2026-01-24,wk flu hosp rate change,0,2026-01-24,53,pmf,large_decrease,0.0029970029970029974
2026-01-24,wk flu hosp rate change,0,2026-01-24,53,pmf,large_increase,0.003996003996003997
2026-01-24,wk flu hosp rate change,0,2026-01-24,53,pmf,stable,0.5044955044955045
2026-01-24,wk flu hosp rate change,0,2026-01-24,54,pmf,decrease,0.365
2026-01-24,wk flu hosp rate change,0,2026-01-24,54,pmf,increase,0.276
2026-01-24,wk flu hosp rate change,0,2026-01-24,54,pmf,large_decrease,0.008
2026-01-24,wk flu hosp rate change,0,2026-01-24,54,pmf,large_increase,0.02
2026-01-24,wk flu hosp rate change,0,2026-01-24,54,pmf,stable,0.331
2026-01-24,wk flu hosp rate change,0,2026-01-24,55,pmf,decrease,0.274
2026-01-24,wk flu hosp rate change,0,2026-01-24,55,pmf,increase,0.342
2026-01-24,wk flu hosp rate change,0,2026-01-24,55,pmf,large_decrease,0.004
2026-01-24,wk flu hosp rate change,0,2026-01-24,55,pmf,large_increase,0.012
2026-01-24,wk flu hosp rate change,0,2026-01-24,55,pmf,stable,0.368
2026-01-24,wk flu hosp rate change,0,2026-01-24,56,pmf,decrease,0.427
2026-01-24,wk flu hosp rate change,0,2026-01-24,56,pmf,increase,0.258
2026-01-24,wk flu hosp rate change,0,2026-01-24,56,pmf,large_decrease,0.002
2026-01-24,wk flu hosp rate change,0,2026-01-24,56,pmf,large_increase,0.003
2026-01-24,wk flu hosp rate change,0,2026-01-24,56,pmf,stable,0.31
2026-01-24,wk flu hosp rate change,0,2026-01-24,US,pmf,decrease,0.798
2026-01-24,wk flu hosp rate change,0,2026-01-24,US,pmf,increase,0.037
2026-01-24,wk flu hosp rate change,0,2026-01-24,US,pmf,large_decrease,0.001
2026-01-24,wk flu hosp rate change,0,2026-01-24,US,pmf,large_increase,0.001
2026-01-24,wk flu hosp rate change,0,2026-01-24,US,pmf,stable,0.163
2026-01-24,wk flu hosp rate change,1,2026-01-31,01,pmf,decrease,0.498
2026-01-24,wk flu hosp rate change,1,2026-01-31,01,pmf,increase,0.334
2026-01-24,wk flu hosp rate change,1,2026-01-31,01,pmf,large_decrease,0.008
2026-01-24,wk flu hosp rate change,1,2026-01-31,01,pmf,large_increase,0.03
2026-01-24,wk flu hosp rate change,1,2026-01-31,01,pmf,stable,0.13
2026-01-24,wk flu hosp rate change,1,2026-01-31,02,pmf,decrease,0.18481518481518483
2026-01-24,wk flu hosp rate change,1,2026-01-31,02,pmf,increase,0.3576423576423577
2026-01-24,wk flu hosp rate change,1,2026-01-31,02,pmf,large_decrease,0.03796203796203797
2026-01-24,wk flu hosp rate change,1,2026-01-31,02,pmf,large_increase,0.01198801198801199
2026-01-24,wk flu hosp rate change,1,2026-01-31,02,pmf,stable,0.4075924075924076
2026-01-24,wk flu hosp rate change,1,2026-01-31,04,pmf,decrease,0.613
2026-01-24,wk flu hosp rate change,1,2026-01-31,04,pmf,increase,0.083
2026-01-24,wk flu hosp rate change,1,2026-01-31,04,pmf,large_decrease,0.002
2026-01-24,wk flu hosp rate change,1,2026-01-31,04,pmf,large_increase,0.002
2026-01-24,wk flu hosp rate change,1,2026-01-31,04,pmf,stable,0.3
2026-01-24,wk flu hosp rate change,1,2026-01-31,05,pmf,decrease,0.316
2026-01-24,wk flu hosp rate change,1,2026-01-31,05,pmf,increase,0.494
2026-01-24,wk flu hosp rate change,1,2026-01-31,05,pmf,large_decrease,0.003
2026-01-24,wk flu hosp rate change,1,2026-01-31,05,pmf,large_increase,0.028
2026-01-24,wk flu hosp rate change,1,2026-01-31,05,pmf,stable,0.159
2026-01-24,wk flu hosp rate change,1,2026-01-31,06,pmf,decrease,0.257
2026-01-24,wk flu hosp rate change,1,2026-01-31,06,pmf,increase,0.105
2026-01-24,wk flu hosp rate change,1,2026-01-31,06,pmf,large_decrease,0.001
2026-01-24,wk flu hosp rate change,1,2026-01-31,06,pmf,large_increase,0.001
2026-01-24,wk flu hosp rate change,1,2026-01-31,06,pmf,stable,0.636
2026-01-24,wk flu hosp rate change,1,2026-01-31,08,pmf,decrease,0.5644355644355644
2026-01-24,wk flu hosp rate change,1,2026-01-31,08,pmf,increase,0.06993006993006995
2026-01-24,wk flu hosp rate change,1,2026-01-31,08,pmf,large_decrease,0.0019980019980019984
2026-01-24,wk flu hosp rate change,1,2026-01-31,08,pmf,large_increase,0.0019980019980019984
2026-01-24,wk flu hosp rate change,1,2026-01-31,08,pmf,stable,0.36163836163836166
2026-01-24,wk flu hosp rate change,1,2026-01-31,09,pmf,decrease,0.9990009990009989
2026-01-24,wk flu hosp rate change,1,2026-01-31,09,pmf,increase,0.001998001998001998
2026-01-24,wk flu hosp rate change,1,2026-01-31,09,pmf,large_decrease,0.001998001998001998
2026-01-24,wk flu hosp rate change,1,2026-01-31,09,pmf,large_increase,0.001998001998001998
2026-01-24,wk flu hosp rate change,1,2026-01-31,09,pmf,stable,-0.004995004995004994
2026-01-24,wk flu hosp rate change,1,2026-01-31,10,pmf,decrease,0.31368631368631367
2026-01-24,wk flu hosp rate change,1,2026-01-31,10,pmf,increase,0.33366633366633364
2026-01-24,wk flu hosp rate change,1,2026-01-31,10,pmf,large_decrease,0.006993006993006992
2026-01-24,wk flu hosp rate change,1,2026-01-31,10,pmf,large_increase,0.005994005994005993
2026-01-24,wk flu hosp rate change,1,2026-01-31,10,pmf,stable,0.33966033966033965
2026-01-24,wk flu hosp rate change,1,2026-01-31,11,pmf,decrease,0.118
2026-01-24,wk flu hosp rate change,1,2026-01-31,11,pmf,increase,0.411
2026-01-24,wk flu hosp rate change,1,2026-01-31,11,pmf,large_decrease,0.001
2026-01-24,wk flu hosp rate change,1,2026-01-31,11,pmf,large_increase,0.01
2026-01-24,wk flu hosp rate change,1,2026-01-31,11,pmf,stable,0.46
2026-01-24,wk flu hosp rate change,1,2026-01-31,12,pmf,decrease,0.28271728271728275
2026-01-24,wk flu hosp rate change,1,2026-01-31,12,pmf,increase,0.3076923076923077
2026-01-24,wk flu hosp rate change,1,2026-01-31,12,pmf,large_decrease,0.0019980019980019984
2026-01-24,wk flu hosp rate change,1,2026-01-31,12,pmf,large_increase,0.0019980019980019984
2026-01-24,wk flu hosp rate change,1,2026-01-31,12,pmf,stable,0.4055944055944057
2026-01-24,wk flu hosp rate change,1,2026-01-31,13,pmf,decrease,0.443
2026-01-24,wk flu hosp rate change,1,2026-01-31,13,pmf,increase,0.259
2026-01-24,wk flu hosp rate change,1,2026-01-31,13,pmf,large_decrease,0.002
2026-01-24,wk flu hosp rate change,1,2026-01-31,13,pmf,large_increase,0.002
2026-01-24,wk flu hosp rate change,1,2026-01-31,13,pmf,stable,0.294
2026-01-24,wk flu hosp rate change,1,2026-01-31,15,pmf,decrease,0.548
2026-01-24,wk flu hosp rate change,1,2026-01-31,15,pmf,increase,0.199
2026-01-24,wk flu hosp rate change,1,2026-01-31,15,pmf,large_decrease,0.132
2026-01-24,wk flu hosp rate change,1,2026-01-31,15,pmf,large_increase,0.008
2026-01-24,wk flu hosp rate change,1,2026-01-31,15,pmf,stable,0.11299999999999989
2026-01-24,wk flu hosp rate change,1,2026-01-31,16,pmf,decrease,0.5704295704295704
2026-01-24,wk flu hosp rate change,1,2026-01-31,16,pmf,increase,0.1398601398601399
2026-01-24,wk flu hosp rate change,1,2026-01-31,16,pmf,large_decrease,0.0019980019980019984
2026-01-24,wk flu hosp rate change,1,2026-01-31,16,pmf,large_increase,0.0019980019980019984
2026-01-24,wk flu hosp rate change,1,2026-01-31,16,pmf,stable,0.2857142857142857
2026-01-24,wk flu hosp rate change,1,2026-01-31,17,pmf,decrease,0.361
2026-01-24,wk flu hosp rate change,1,2026-01-31,17,pmf,increase,0.389
2026-01-24,wk flu hosp rate change,1,2026-01-31,17,pmf,large_decrease,0.002
2026-01-24,wk flu hosp rate change,1,2026-01-31,17,pmf,large_increase,0.002
2026-01-24,wk flu hosp rate change,1,2026-01-31,17,pmf,stable,0.246
2026-01-24,wk flu hosp rate change,1,2026-01-31,18,pmf,decrease,0.446
2026-01-24,wk flu hosp rate change,1,2026-01-31,18,pmf,increase,0.351
2026-01-24,wk flu hosp rate change,1,2026-01-31,18,pmf,large_decrease,0.002
2026-01-24,wk flu hosp rate change,1,2026-01-31,18,pmf,large_increase,0.008
2026-01-24,wk flu hosp rate change,1,2026-01-31,18,pmf,stable,0.193
2026-01-24,wk flu hosp rate change,1,2026-01-31,19,pmf,decrease,0.431
2026-01-24,wk flu hosp rate change,1,2026-01-31,19,pmf,increase,0.258
2026-01-24,wk flu hosp rate change,1,2026-01-31,19,pmf,large_decrease,0.023
2026-01-24,wk flu hosp rate change,1,2026-01-31,19,pmf,large_increase,0.002
2026-01-24,wk flu hosp rate change,1,2026-01-31,19,pmf,stable,0.286
2026-01-24,wk flu hosp rate change,1,2026-01-31,20,pmf,decrease,0.195
2026-01-24,wk flu hosp rate change,1,2026-01-31,20,pmf,increase,0.37
2026-01-24,wk flu hosp rate change,1,2026-01-31,20,pmf,large_decrease,0.001
2026-01-24,wk flu hosp rate change,1,2026-01-31,20,pmf,large_increase,0.009
2026-01-24,wk flu hosp rate change,1,2026-01-31,20,pmf,stable,0.425
2026-01-24,wk flu hosp rate change,1,2026-01-31,21,pmf,decrease,0.425
2026-01-24,wk flu hosp rate change,1,2026-01-31,21,pmf,increase,0.366
2026-01-24,wk flu hosp rate change,1,2026-01-31,21,pmf,large_decrease,0.002
2026-01-24,wk flu hosp rate change,1,2026-01-31,21,pmf,large_increase,0.022
2026-01-24,wk flu hosp rate change,1,2026-01-31,21,pmf,stable,0.185
2026-01-24,wk flu hosp rate change,1,2026-01-31,22,pmf,decrease,0.37562437562437556
2026-01-24,wk flu hosp rate change,1,2026-01-31,22,pmf,increase,0.29670329670329665
2026-01-24,wk flu hosp rate change,1,2026-01-31,22,pmf,large_decrease,0.001998001998001998
2026-01-24,wk flu hosp rate change,1,2026-01-31,22,pmf,large_increase,0.001998001998001998
2026-01-24,wk flu hosp rate change,1,2026-01-31,22,pmf,stable,0.32367632367632365
2026-01-24,wk flu hosp rate change,1,2026-01-31,23,pmf,decrease,0.643
2026-01-24,wk flu hosp rate change,1,2026-01-31,23,pmf,increase,0.256
2026-01-24,wk flu hosp rate change,1,2026-01-31,23,pmf,large_decrease,0.021
2026-01-24,wk flu hosp rate change,1,2026-01-31,23,pmf,large_increase,0.003
2026-01-24,wk flu hosp rate change,1,2026-01-31,23,pmf,stable,0.077
2026-01-24,wk flu hosp rate change,1,2026-01-31,24,pmf,decrease,0.319
2026-01-24,wk flu hosp rate change,1,2026-01-31,24,pmf,increase,0.409
2026-01-24,wk flu hosp rate change,1,2026-01-31,24,pmf,large_decrease,0.001
2026-01-24,wk flu hosp rate change,1,2026-01-31,24,pmf,large_increase,0.034
2026-01-24,wk flu hosp rate change,1,2026-01-31,24,pmf,stable,0.237
2026-01-24,wk flu hosp rate change,1,2026-01-31,25,pmf,decrease,0.982
2026-01-24,wk flu hosp rate change,1,2026-01-31,25,pmf,increase,0.002
2026-01-24,wk flu hosp rate change,1,2026-01-31,25,pmf,large_decrease,0.007
2026-01-24,wk flu hosp rate change,1,2026-01-31,25,pmf,large_increase,0.002
2026-01-24,wk flu hosp rate change,1,2026-01-31,25,pmf,stable,0.007
2026-01-24,wk flu hosp rate change,1,2026-01-31,26,pmf,decrease,0.136
2026-01-24,wk flu hosp rate change,1,2026-01-31,26,pmf,increase,0.375
2026-01-24,wk flu hosp rate change,1,2026-01-31,26,pmf,large_decrease,0.001
2026-01-24,wk flu hosp rate change,1,2026-01-31,26,pmf,large_increase,0.015
2026-01-24,wk flu hosp rate change,1,2026-01-31,26,pmf,stable,0.473
2026-01-24,wk flu hosp rate change,1,2026-01-31,27,pmf,decrease,0.448
2026-01-24,wk flu hosp rate change,1,2026-01-31,27,pmf,increase,0.317
2026-01-24,wk flu hosp rate change,1,2026-01-31,27,pmf,large_decrease,0.025
2026-01-24,wk flu hosp rate change,1,2026-01-31,27,pmf,large_increase,0.017
2026-01-24,wk flu hosp rate change,1,2026-01-31,27,pmf,stable,0.1929999999999999
2026-01-24,wk flu hosp rate change,1,2026-01-31,28,pmf,decrease,0.1808191808191808
2026-01-24,wk flu hosp rate change,1,2026-01-31,28,pmf,increase,0.47752247752247745
2026-01-24,wk flu hosp rate change,1,2026-01-31,28,pmf,large_decrease,0.000999000999000999
2026-01-24,wk flu hosp rate change,1,2026-01-31,28,pmf,large_increase,0.01898101898101898
2026-01-24,wk flu hosp rate change,1,2026-01-31,28,pmf,stable,0.32167832167832167
2026-01-24,wk flu hosp rate change,1,2026-01-31,30,pmf,decrease,0.5894105894105894
2026-01-24,wk flu hosp rate change,1,2026-01-31,30,pmf,increase,0.2067932067932068
2026-01-24,wk flu hosp rate change,1,2026-01-31,30,pmf,large_decrease,0.0019980019980019984
2026-01-24,wk flu hosp rate change,1,2026-01-31,30,pmf,large_increase,0.0019980019980019984
2026-01-24,wk flu hosp rate change,1,2026-01-31,30,pmf,stable,0.19980019980019983
2026-01-24,wk flu hosp rate change,1,2026-01-31,31,pmf,decrease,0.194
2026-01-24,wk flu hosp rate change,1,2026-01-31,31,pmf,increase,0.388
2026-01-24,wk flu hosp rate change,1,2026-01-31,31,pmf,large_decrease,0.002
2026-01-24,wk flu hosp rate change,1,2026-01-31,31,pmf,large_increase,0.002
2026-01-24,wk flu hosp rate change,1,2026-01-31,31,pmf,stable,0.414
2026-01-24,wk flu hosp rate change,1,2026-01-31,32,pmf,decrease,0.536
2026-01-24,wk flu hosp rate change,1,2026-01-31,32,pmf,increase,0.073
2026-01-24,wk flu hosp rate change,1,2026-01-31,32,pmf,large_decrease,0.002
2026-01-24,wk flu hosp rate change,1,2026-01-31,32,pmf,large_increase,0.002
2026-01-24,wk flu hosp rate change,1,2026-01-31,32,pmf,stable,0.387
2026-01-24,wk flu hosp rate change,1,2026-01-31,33,pmf,decrease,0.277
2026-01-24,wk flu hosp rate change,1,2026-01-31,33,pmf,increase,0.271
2026-01-24,wk flu hosp rate change,1,2026-01-31,33,pmf,large_decrease,0.004
2026-01-24,wk flu hosp rate change,1,2026-01-31,33,pmf,large_increase,0.006
2026-01-24,wk flu hosp rate change,1,2026-01-31,33,pmf,stable,0.4419999999999999
2026-01-24,wk flu hosp rate change,1,2026-01-31,34,pmf,decrease,0.262
2026-01-24,wk flu hosp rate change,1,2026-01-31,34,pmf,increase,0.327
2026-01-24,wk flu hosp rate change,1,2026-01-31,34,pmf,large_decrease,0.001
2026-01-24,wk flu hosp rate change,1,2026-01-31,34,pmf,large_increase,0.003
2026-01-24,wk flu hosp rate change,1,2026-01-31,34,pmf,stable,0.407
2026-01-24,wk flu hosp rate change,1,2026-01-31,35,pmf,decrease,0.567
2026-01-24,wk flu hosp rate change,1,2026-01-31,35,pmf,increase,0.148
2026-01-24,wk flu hosp rate change,1,2026-01-31,35,pmf,large_decrease,0.01
2026-01-24,wk flu hosp rate change,1,2026-01-31,35,pmf,large_increase,0.002
2026-01-24,wk flu hosp rate change,1,2026-01-31,35,pmf,stable,0.273
2026-01-24,wk flu hosp rate change,1,2026-01-31,36,pmf,decrease,0.984
2026-01-24,wk flu hosp rate change,1,2026-01-31,36,pmf,increase,0.006
2026-01-24,wk flu hosp rate change,1,2026-01-31,36,pmf,large_decrease,0.002
2026-01-24,wk flu hosp rate change,1,2026-01-31,36,pmf,large_increase,0.002
2026-01-24,wk flu hosp rate change,1,2026-01-31,36,pmf,stable,0.006
2026-01-24,wk flu hosp rate change,1,2026-01-31,37,pmf,decrease,0.2917082917082917
2026-01-24,wk flu hosp rate change,1,2026-01-31,37,pmf,increase,0.31768231768231775
2026-01-24,wk flu hosp rate change,1,2026-01-31,37,pmf,large_decrease,0.0019980019980019984
2026-01-24,wk flu hosp rate change,1,2026-01-31,37,pmf,large_increase,0.04395604395604396
2026-01-24,wk flu hosp rate change,1,2026-01-31,37,pmf,stable,0.34465534465534464
2026-01-24,wk flu hosp rate change,1,2026-01-31,38,pmf,decrease,0.5294705294705294
2026-01-24,wk flu hosp rate change,1,2026-01-31,38,pmf,increase,0.2007992007992008
2026-01-24,wk flu hosp rate change,1,2026-01-31,38,pmf,large_decrease,0.001998001998001998
2026-01-24,wk flu hosp rate change,1,2026-01-31,38,pmf,large_increase,0.001998001998001998
2026-01-24,wk flu hosp rate change,1,2026-01-31,38,pmf,stable,0.26573426573426573
2026-01-24,wk flu hosp rate change,1,2026-01-31,39,pmf,decrease,0.304
2026-01-24,wk flu hosp rate change,1,2026-01-31,39,pmf,increase,0.229
2026-01-24,wk flu hosp rate change,1,2026-01-31,39,pmf,large_decrease,0.003
2026-01-24,wk flu hosp rate change,1,2026-01-31,39,pmf,large_increase,0.003
2026-01-24,wk flu hosp rate change,1,2026-01-31,39,pmf,stable,0.4609999999999999
2026-01-24,wk flu hosp rate change,1,2026-01-31,40,pmf,decrease,0.362
2026-01-24,wk flu hosp rate change,1,2026-01-31,40,pmf,increase,0.259
2026-01-24,wk flu hosp rate change,1,2026-01-31,40,pmf,large_decrease,0.002
2026-01-24,wk flu hosp rate change,1,2026-01-31,40,pmf,large_increase,0.007
2026-01-24,wk flu hosp rate change,1,2026-01-31,40,pmf,stable,0.37
2026-01-24,wk flu hosp rate change,1,2026-01-31,41,pmf,decrease,0.256
2026-01-24,wk flu hosp rate change,1,2026-01-31,41,pmf,increase,0.322
2026-01-24,wk flu hosp rate change,1,2026-01-31,41,pmf,large_decrease,0.001
2026-01-24,wk flu hosp rate change,1,2026-01-31,41,pmf,large_increase,0.005
2026-01-24,wk flu hosp rate change,1,2026-01-31,41,pmf,stable,0.416
2026-01-24,wk flu hosp rate change,1,2026-01-31,42,pmf,decrease,0.2187812187812188
2026-01-24,wk flu hosp rate change,1,2026-01-31,42,pmf,increase,0.4785214785214786
2026-01-24,wk flu hosp rate change,1,2026-01-31,42,pmf,large_decrease,0.0009990009990009992
2026-01-24,wk flu hosp rate change,1,2026-01-31,42,pmf,large_increase,0.04995004995004996
2026-01-24,wk flu hosp rate change,1,2026-01-31,42,pmf,stable,0.2517482517482518
2026-01-24,wk flu hosp rate change,1,2026-01-31,44,pmf,decrease,0.7152847152847154
2026-01-24,wk flu hosp rate change,1,2026-01-31,44,pmf,increase,0.01098901098901099
2026-01-24,wk flu hosp rate change,1,2026-01-31,44,pmf,large_decrease,0.0019980019980019984
2026-01-24,wk flu hosp rate change,1,2026-01-31,44,pmf,large_increase,0.0019980019980019984
2026-01-24,wk flu hosp rate change,1,2026-01-31,44,pmf,stable,0.26973026973026976
2026-01-24,wk flu hosp rate change,1,2026-01-31,45,pmf,decrease,0.442
2026-01-24,wk flu hosp rate change,1,2026-01-31,45,pmf,increase,0.365
2026-01-24,wk flu hosp rate change,1,2026-01-31,45,pmf,large_decrease,0.002
2026-01-24,wk flu hosp rate change,1,2026-01-31,45,pmf,large_increase,0.004
2026-01-24,wk flu hosp rate change,1,2026-01-31,45,pmf,stable,0.187
2026-01-24,wk flu hosp rate change,1,2026-01-31,46,pmf,decrease,0.122
2026-01-24,wk flu hosp rate change,1,2026-01-31,46,pmf,increase,0.543
2026-01-24,wk flu hosp rate change,1,2026-01-31,46,pmf,large_decrease,0.006
2026-01-24,wk flu hosp rate change,1,2026-01-31,46,pmf,large_increase,0.065
2026-01-24,wk flu hosp rate change,1,2026-01-31,46,pmf,stable,0.264
2026-01-24,wk flu hosp rate change,1,2026-01-31,47,pmf,decrease,0.474
2026-01-24,wk flu hosp rate change,1,2026-01-31,47,pmf,increase,0.289
2026-01-24,wk flu hosp rate change,1,2026-01-31,47,pmf,large_decrease,0.002
2026-01-24,wk flu hosp rate change,1,2026-01-31,47,pmf,large_increase,0.002
2026-01-24,wk flu hosp rate change,1,2026-01-31,47,pmf,stable,0.23300000000000012
2026-01-24,wk flu hosp rate change,1,2026-01-31,48,pmf,decrease,0.26
2026-01-24,wk flu hosp rate change,1,2026-01-31,48,pmf,increase,0.386
2026-01-24,wk flu hosp rate change,1,2026-01-31,48,pmf,large_decrease,0.005
2026-01-24,wk flu hosp rate change,1,2026-01-31,48,pmf,large_increase,0.004
2026-01-24,wk flu hosp rate change,1,2026-01-31,48,pmf,stable,0.345
2026-01-24,wk flu hosp rate change,1,2026-01-31,49,pmf,decrease,0.319
2026-01-24,wk flu hosp rate change,1,2026-01-31,49,pmf,increase,0.329
2026-01-24,wk flu hosp rate change,1,2026-01-31,49,pmf,large_decrease,0.001
2026-01-24,wk flu hosp rate change,1,2026-01-31,49,pmf,large_increase,0.011
2026-01-24,wk flu hosp rate change,1,2026-01-31,49,pmf,stable,0.34
2026-01-24,wk flu hosp rate change,1,2026-01-31,50,pmf,decrease,0.173
2026-01-24,wk flu hosp rate change,1,2026-01-31,50,pmf,increase,0.489
2026-01-24,wk flu hosp rate change,1,2026-01-31,50,pmf,large_decrease,0.001
2026-01-24,wk flu hosp rate change,1,2026-01-31,50,pmf,large_increase,0.1
2026-01-24,wk flu hosp rate change,1,2026-01-31,50,pmf,stable,0.2370000000000001
2026-01-24,wk flu hosp rate change,1,2026-01-31,51,pmf,decrease,0.515
2026-01-24,wk flu hosp rate change,1,2026-01-31,51,pmf,increase,0.223
2026-01-24,wk flu hosp rate change,1,2026-01-31,51,pmf,large_decrease,0.04
2026-01-24,wk flu hosp rate change,1,2026-01-31,51,pmf,large_increase,0.063
2026-01-24,wk flu hosp rate change,1,2026-01-31,51,pmf,stable,0.159
2026-01-24,wk flu hosp rate change,1,2026-01-31,53,pmf,decrease,0.185
2026-01-24,wk flu hosp rate change,1,2026-01-31,53,pmf,increase,0.231
2026-01-24,wk flu hosp rate change,1,2026-01-31,53,pmf,large_decrease,0.001
2026-01-24,wk flu hosp rate change,1,2026-01-31,53,pmf,large_increase,0.001
2026-01-24,wk flu hosp rate change,1,2026-01-31,53,pmf,stable,0.582
2026-01-24,wk flu hosp rate change,1,2026-01-31,54,pmf,decrease,0.386
2026-01-24,wk flu hosp rate change,1,2026-01-31,54,pmf,increase,0.259
2026-01-24,wk flu hosp rate change,1,2026-01-31,54,pmf,large_decrease,0.003
2026-01-24,wk flu hosp rate change,1,2026-01-31,54,pmf,large_increase,0.008
2026-01-24,wk flu hosp rate change,1,2026-01-31,54,pmf,stable,0.3439999999999999
2026-01-24,wk flu hosp rate change,1,2026-01-31,55,pmf,decrease,0.2607392607392608
2026-01-24,wk flu hosp rate change,1,2026-01-31,55,pmf,increase,0.28771228771228774
2026-01-24,wk flu hosp rate change,1,2026-01-31,55,pmf,large_decrease,0.0029970029970029974
2026-01-24,wk flu hosp rate change,1,2026-01-31,55,pmf,large_increase,0.0029970029970029974
2026-01-24,wk flu hosp rate change,1,2026-01-31,55,pmf,stable,0.4455544455544456
2026-01-24,wk flu hosp rate change,1,2026-01-31,56,pmf,decrease,0.488
2026-01-24,wk flu hosp rate change,1,2026-01-31,56,pmf,increase,0.188
2026-01-24,wk flu hosp rate change,1,2026-01-31,56,pmf,large_decrease,0.002
2026-01-24,wk flu hosp rate change,1,2026-01-31,56,pmf,large_increase,0.003
2026-01-24,wk flu hosp rate change,1,2026-01-31,56,pmf,stable,0.319
2026-01-24,wk flu hosp rate change,1,2026-01-31,US,pmf,decrease,0.886113886113886
2026-01-24,wk flu hosp rate change,1,2026-01-31,US,pmf,increase,0.03996003996003995
2026-01-24,wk flu hosp rate change,1,2026-01-31,US,pmf,large_decrease,0.001998001998001998
2026-01-24,wk flu hosp rate change,1,2026-01-31,US,pmf,large_increase,0.001998001998001998
2026-01-24,wk flu hosp rate change,1,2026-01-31,US,pmf,stable,0.06993006993006994
2026-01-24,wk flu hosp rate change,2,2026-02-07,01,pmf,decrease,0.7132867132867133
2026-01-24,wk flu hosp rate change,2,2026-02-07,01,pmf,increase,0.12987012987012989
2026-01-24,wk flu hosp rate change,2,2026-02-07,01,pmf,large_decrease,0.0019980019980019984
2026-01-24,wk flu hosp rate change,2,2026-02-07,01,pmf,large_increase,0.0019980019980019984
2026-01-24,wk flu hosp rate change,2,2026-02-07,01,pmf,stable,0.15284715284715286
2026-01-24,wk flu hosp rate change,2,2026-02-07,02,pmf,decrease,0.126
2026-01-24,wk flu hosp rate change,2,2026-02-07,02,pmf,increase,0.437
2026-01-24,wk flu hosp rate change,2,2026-02-07,02,pmf,large_decrease,0.02
2026-01-24,wk flu hosp rate change,2,2026-02-07,02,pmf,large_increase,0.003
2026-01-24,wk flu hosp rate change,2,2026-02-07,02,pmf,stable,0.414
2026-01-24,wk flu hosp rate change,2,2026-02-07,04,pmf,decrease,0.6183816183816184
2026-01-24,wk flu hosp rate change,2,2026-02-07,04,pmf,increase,0.028971028971028975
2026-01-24,wk flu hosp rate change,2,2026-02-07,04,pmf,large_decrease,0.0019980019980019984
2026-01-24,wk flu hosp rate change,2,2026-02-07,04,pmf,large_increase,0.0019980019980019984
2026-01-24,wk flu hosp rate change,2,2026-02-07,04,pmf,stable,0.34865134865134867
2026-01-24,wk flu hosp rate change,2,2026-02-07,05,pmf,decrease,0.419
2026-01-24,wk flu hosp rate change,2,2026-02-07,05,pmf,increase,0.433
2026-01-24,wk flu hosp rate change,2,2026-02-07,05,pmf,large_decrease,0.002
2026-01-24,wk flu hosp rate change,2,2026-02-07,05,pmf,large_increase,0.002
2026-01-24,wk flu hosp rate change,2,2026-02-07,05,pmf,stable,0.144
2026-01-24,wk flu hosp rate change,2,2026-02-07,06,pmf,decrease,0.273
2026-01-24,wk flu hosp rate change,2,2026-02-07,06,pmf,increase,0.067
2026-01-24,wk flu hosp rate change,2,2026-02-07,06,pmf,large_decrease,0.001
2026-01-24,wk flu hosp rate change,2,2026-02-07,06,pmf,large_increase,0.001
2026-01-24,wk flu hosp rate change,2,2026-02-07,06,pmf,stable,0.658
2026-01-24,wk flu hosp rate change,2,2026-02-07,08,pmf,decrease,0.512
2026-01-24,wk flu hosp rate change,2,2026-02-07,08,pmf,increase,0.041
2026-01-24,wk flu hosp rate change,2,2026-02-07,08,pmf,large_decrease,0.002
2026-01-24,wk flu hosp rate change,2,2026-02-07,08,pmf,large_increase,0.002
2026-01-24,wk flu hosp rate change,2,2026-02-07,08,pmf,stable,0.443
2026-01-24,wk flu hosp rate change,2,2026-02-07,09,pmf,decrease,0.9990009990009989
2026-01-24,wk flu hosp rate change,2,2026-02-07,09,pmf,increase,0.001998001998001998
2026-01-24,wk flu hosp rate change,2,2026-02-07,09,pmf,large_decrease,0.001998001998001998
2026-01-24,wk flu hosp rate change,2,2026-02-07,09,pmf,large_increase,0.001998001998001998
2026-01-24,wk flu hosp rate change,2,2026-02-07,09,pmf,stable,-0.004995004995004994
2026-01-24,wk flu hosp rate change,2,2026-02-07,10,pmf,decrease,0.338
2026-01-24,wk flu hosp rate change,2,2026-02-07,10,pmf,increase,0.247
2026-01-24,wk flu hosp rate change,2,2026-02-07,10,pmf,large_decrease,0.004
2026-01-24,wk flu hosp rate change,2,2026-02-07,10,pmf,large_increase,0.001
2026-01-24,wk flu hosp rate change,2,2026-02-07,10,pmf,stable,0.4100000000000001
2026-01-24,wk flu hosp rate change,2,2026-02-07,11,pmf,decrease,0.1028971028971029
2026-01-24,wk flu hosp rate change,2,2026-02-07,11,pmf,increase,0.3626373626373627
2026-01-24,wk flu hosp rate change,2,2026-02-07,11,pmf,large_decrease,0.0009990009990009992
2026-01-24,wk flu hosp rate change,2,2026-02-07,11,pmf,large_increase,0.0029970029970029974
2026-01-24,wk flu hosp rate change,2,2026-02-07,11,pmf,stable,0.5304695304695306
2026-01-24,wk flu hosp rate change,2,2026-02-07,12,pmf,decrease,0.387
2026-01-24,wk flu hosp rate change,2,2026-02-07,12,pmf,increase,0.122
2026-01-24,wk flu hosp rate change,2,2026-02-07,12,pmf,large_decrease,0.002
2026-01-24,wk flu hosp rate change,2,2026-02-07,12,pmf,large_increase,0.002
2026-01-24,wk flu hosp rate change,2,2026-02-07,12,pmf,stable,0.487
2026-01-24,wk flu hosp rate change,2,2026-02-07,13,pmf,decrease,0.5304695304695306
2026-01-24,wk flu hosp rate change,2,2026-02-07,13,pmf,increase,0.1138861138861139
2026-01-24,wk flu hosp rate change,2,2026-02-07,13,pmf,large_decrease,0.0019980019980019984
2026-01-24,wk flu hosp rate change,2,2026-02-07,13,pmf,large_increase,0.0019980019980019984
2026-01-24,wk flu hosp rate change,2,2026-02-07,13,pmf,stable,0.3516483516483517
2026-01-24,wk flu hosp rate change,2,2026-02-07,15,pmf,decrease,0.6823176823176824
2026-01-24,wk flu hosp rate change,2,2026-02-07,15,pmf,increase,0.17782217782217782
2026-01-24,wk flu hosp rate change,2,2026-02-07,15,pmf,large_decrease,0.0019980019980019984
2026-01-24,wk flu hosp rate change,2,2026-02-07,15,pmf,large_increase,0.0019980019980019984
2026-01-24,wk flu hosp rate change,2,2026-02-07,15,pmf,stable,0.1358641358641359
2026-01-24,wk flu hosp rate change,2,2026-02-07,16,pmf,decrease,0.5604395604395606
2026-01-24,wk flu hosp rate change,2,2026-02-07,16,pmf,increase,0.08991008991008992
2026-01-24,wk flu hosp rate change,2,2026-02-07,16,pmf,large_decrease,0.0019980019980019984
2026-01-24,wk flu hosp rate change,2,2026-02-07,16,pmf,large_increase,0.0019980019980019984
2026-01-24,wk flu hosp rate change,2,2026-02-07,16,pmf,stable,0.34565434565434566
2026-01-24,wk flu hosp rate change,2,2026-02-07,17,pmf,decrease,0.333
2026-01-24,wk flu hosp rate change,2,2026-02-07,17,pmf,increase,0.347
2026-01-24,wk flu hosp rate change,2,2026-02-07,17,pmf,large_decrease,0.002
2026-01-24,wk flu hosp rate change,2,2026-02-07,17,pmf,large_increase,0.002
2026-01-24,wk flu hosp rate change,2,2026-02-07,17,pmf,stable,0.316
2026-01-24,wk flu hosp rate change,2,2026-02-07,18,pmf,decrease,0.425
2026-01-24,wk flu hosp rate change,2,2026-02-07,18,pmf,increase,0.386
2026-01-24,wk flu hosp rate change,2,2026-02-07,18,pmf,large_decrease,0.002
2026-01-24,wk flu hosp rate change,2,2026-02-07,18,pmf,large_increase,0.002
2026-01-24,wk flu hosp rate change,2,2026-02-07,18,pmf,stable,0.185
2026-01-24,wk flu hosp rate change,2,2026-02-07,19,pmf,decrease,0.318
2026-01-24,wk flu hosp rate change,2,2026-02-07,19,pmf,increase,0.264
2026-01-24,wk flu hosp rate change,2,2026-02-07,19,pmf,large_decrease,0.009
2026-01-24,wk flu hosp rate change,2,2026-02-07,19,pmf,large_increase,0.002
2026-01-24,wk flu hosp rate change,2,2026-02-07,19,pmf,stable,0.4069999999999999
2026-01-24,wk flu hosp rate change,2,2026-02-07,20,pmf,decrease,0.154
2026-01-24,wk flu hosp rate change,2,2026-02-07,20,pmf,increase,0.357
2026-01-24,wk flu hosp rate change,2,2026-02-07,20,pmf,large_decrease,0.001
2026-01-24,wk flu hosp rate change,2,2026-02-07,20,pmf,large_increase,0.008
2026-01-24,wk flu hosp rate change,2,2026-02-07,20,pmf,stable,0.48
2026-01-24,wk flu hosp rate change,2,2026-02-07,21,pmf,decrease,0.446
2026-01-24,wk flu hosp rate change,2,2026-02-07,21,pmf,increase,0.336
2026-01-24,wk flu hosp rate change,2,2026-02-07,21,pmf,large_decrease,0.002
2026-01-24,wk flu hosp rate change,2,2026-02-07,21,pmf,large_increase,0.002
2026-01-24,wk flu hosp rate change,2,2026-02-07,21,pmf,stable,0.214
2026-01-24,wk flu hosp rate change,2,2026-02-07,22,pmf,decrease,0.37262737262737267
2026-01-24,wk flu hosp rate change,2,2026-02-07,22,pmf,increase,0.25374625374625376
2026-01-24,wk flu hosp rate change,2,2026-02-07,22,pmf,large_decrease,0.0019980019980019984
2026-01-24,wk flu hosp rate change,2,2026-02-07,22,pmf,large_increase,0.0019980019980019984
2026-01-24,wk flu hosp rate change,2,2026-02-07,22,pmf,stable,0.36963036963036966
2026-01-24,wk flu hosp rate change,2,2026-02-07,23,pmf,decrease,0.6353646353646353
2026-01-24,wk flu hosp rate change,2,2026-02-07,23,pmf,increase,0.2537462537462537
2026-01-24,wk flu hosp rate change,2,2026-02-07,23,pmf,large_decrease,0.0029970029970029966
2026-01-24,wk flu hosp rate change,2,2026-02-07,23,pmf,large_increase,0.0029970029970029966
2026-01-24,wk flu hosp rate change,2,2026-02-07,23,pmf,stable,0.10489510489510488
2026-01-24,wk flu hosp rate change,2,2026-02-07,24,pmf,decrease,0.323
2026-01-24,wk flu hosp rate change,2,2026-02-07,24,pmf,increase,0.406
2026-01-24,wk flu hosp rate change,2,2026-02-07,24,pmf,large_decrease,0.001
2026-01-24,wk flu hosp rate change,2,2026-02-07,24,pmf,large_increase,0.025
2026-01-24,wk flu hosp rate change,2,2026-02-07,24,pmf,stable,0.245
2026-01-24,wk flu hosp rate change,2,2026-02-07,25,pmf,decrease,0.9990009990009989
2026-01-24,wk flu hosp rate change,2,2026-02-07,25,pmf,increase,0.001998001998001998
2026-01-24,wk flu hosp rate change,2,2026-02-07,25,pmf,large_decrease,0.001998001998001998
2026-01-24,wk flu hosp rate change,2,2026-02-07,25,pmf,large_increase,0.001998001998001998
2026-01-24,wk flu hosp rate change,2,2026-02-07,25,pmf,stable,-0.004995004995004994
2026-01-24,wk flu hosp rate change,2,2026-02-07,26,pmf,decrease,0.119
2026-01-24,wk flu hosp rate change,2,2026-02-07,26,pmf,increase,0.305
2026-01-24,wk flu hosp rate change,2,2026-02-07,26,pmf,large_decrease,0.001
2026-01-24,wk flu hosp rate change,2,2026-02-07,26,pmf,large_increase,0.004
2026-01-24,wk flu hosp rate change,2,2026-02-07,26,pmf,stable,0.571
2026-01-24,wk flu hosp rate change,2,2026-02-07,27,pmf,decrease,0.4455544455544455
2026-01-24,wk flu hosp rate change,2,2026-02-07,27,pmf,increase,0.30769230769230765
2026-01-24,wk flu hosp rate change,2,2026-02-07,27,pmf,large_decrease,0.001998001998001998
2026-01-24,wk flu hosp rate change,2,2026-02-07,27,pmf,large_increase,0.012987012987012984
2026-01-24,wk flu hosp rate change,2,2026-02-07,27,pmf,stable,0.23176823176823175
2026-01-24,wk flu hosp rate change,2,2026-02-07,28,pmf,decrease,0.2
2026-01-24,wk flu hosp rate change,2,2026-02-07,28,pmf,increase,0.382
2026-01-24,wk flu hosp rate change,2,2026-02-07,28,pmf,large_decrease,0.001
2026-01-24,wk flu hosp rate change,2,2026-02-07,28,pmf,large_increase,0.016
2026-01-24,wk flu hosp rate change,2,2026-02-07,28,pmf,stable,0.401
2026-01-24,wk flu hosp rate change,2,2026-02-07,30,pmf,decrease,0.521
2026-01-24,wk flu hosp rate change,2,2026-02-07,30,pmf,increase,0.232
2026-01-24,wk flu hosp rate change,2,2026-02-07,30,pmf,large_decrease,0.002
2026-01-24,wk flu hosp rate change,2,2026-02-07,30,pmf,large_increase,0.002
2026-01-24,wk flu hosp rate change,2,2026-02-07,30,pmf,stable,0.243
2026-01-24,wk flu hosp rate change,2,2026-02-07,31,pmf,decrease,0.184
2026-01-24,wk flu hosp rate change,2,2026-02-07,31,pmf,increase,0.333
2026-01-24,wk flu hosp rate change,2,2026-02-07,31,pmf,large_decrease,0.002
2026-01-24,wk flu hosp rate change,2,2026-02-07,31,pmf,large_increase,0.002
2026-01-24,wk flu hosp rate change,2,2026-02-07,31,pmf,stable,0.479
2026-01-24,wk flu hosp rate change,2,2026-02-07,32,pmf,decrease,0.544
2026-01-24,wk flu hosp rate change,2,2026-02-07,32,pmf,increase,0.028
2026-01-24,wk flu hosp rate change,2,2026-02-07,32,pmf,large_decrease,0.002
2026-01-24,wk flu hosp rate change,2,2026-02-07,32,pmf,large_increase,0.002
2026-01-24,wk flu hosp rate change,2,2026-02-07,32,pmf,stable,0.424
2026-01-24,wk flu hosp rate change,2,2026-02-07,33,pmf,decrease,0.257
2026-01-24,wk flu hosp rate change,2,2026-02-07,33,pmf,increase,0.227
2026-01-24,wk flu hosp rate change,2,2026-02-07,33,pmf,large_decrease,0.003
2026-01-24,wk flu hosp rate change,2,2026-02-07,33,pmf,large_increase,0.005
2026-01-24,wk flu hosp rate change,2,2026-02-07,33,pmf,stable,0.508
2026-01-24,wk flu hosp rate change,2,2026-02-07,34,pmf,decrease,0.297
2026-01-24,wk flu hosp rate change,2,2026-02-07,34,pmf,increase,0.169
2026-01-24,wk flu hosp rate change,2,2026-02-07,34,pmf,large_decrease,0.001
2026-01-24,wk flu hosp rate change,2,2026-02-07,34,pmf,large_increase,0.006
2026-01-24,wk flu hosp rate change,2,2026-02-07,34,pmf,stable,0.527
2026-01-24,wk flu hosp rate change,2,2026-02-07,35,pmf,decrease,0.5938123752495009
2026-01-24,wk flu hosp rate change,2,2026-02-07,35,pmf,increase,0.11377245508982037
2026-01-24,wk flu hosp rate change,2,2026-02-07,35,pmf,large_decrease,0.001996007984031936
2026-01-24,wk flu hosp rate change,2,2026-02-07,35,pmf,large_increase,0.001996007984031936
2026-01-24,wk flu hosp rate change,2,2026-02-07,35,pmf,stable,0.28842315369261473
2026-01-24,wk flu hosp rate change,2,2026-02-07,36,pmf,decrease,0.9840159840159841
2026-01-24,wk flu hosp rate change,2,2026-02-07,36,pmf,increase,0.006993006993006994
2026-01-24,wk flu hosp rate change,2,2026-02-07,36,pmf,large_decrease,0.0019980019980019984
2026-01-24,wk flu hosp rate change,2,2026-02-07,36,pmf,large_increase,0.0019980019980019984
2026-01-24,wk flu hosp rate change,2,2026-02-07,36,pmf,stable,0.004995004995004996
2026-01-24,wk flu hosp rate change,2,2026-02-07,37,pmf,decrease,0.311
2026-01-24,wk flu hosp rate change,2,2026-02-07,37,pmf,increase,0.295
2026-01-24,wk flu hosp rate change,2,2026-02-07,37,pmf,large_decrease,0.001
2026-01-24,wk flu hosp rate change,2,2026-02-07,37,pmf,large_increase,0.003
2026-01-24,wk flu hosp rate change,2,2026-02-07,37,pmf,stable,0.39
2026-01-24,wk flu hosp rate change,2,2026-02-07,38,pmf,decrease,0.6333666333666335
2026-01-24,wk flu hosp rate change,2,2026-02-07,38,pmf,increase,0.09090909090909091
2026-01-24,wk flu hosp rate change,2,2026-02-07,38,pmf,large_decrease,0.0019980019980019984
2026-01-24,wk flu hosp rate change,2,2026-02-07,38,pmf,large_increase,0.0029970029970029974
2026-01-24,wk flu hosp rate change,2,2026-02-07,38,pmf,stable,0.2707292707292708
2026-01-24,wk flu hosp rate change,2,2026-02-07,39,pmf,decrease,0.245
2026-01-24,wk flu hosp rate change,2,2026-02-07,39,pmf,increase,0.216
2026-01-24,wk flu hosp rate change,2,2026-02-07,39,pmf,large_decrease,0.001
2026-01-24,wk flu hosp rate change,2,2026-02-07,39,pmf,large_increase,0.001
2026-01-24,wk flu hosp rate change,2,2026-02-07,39,pmf,stable,0.537
2026-01-24,wk flu hosp rate change,2,2026-02-07,40,pmf,decrease,0.5414585414585416
2026-01-24,wk flu hosp rate change,2,2026-02-07,40,pmf,increase,0.09490509490509491
2026-01-24,wk flu hosp rate change,2,2026-02-07,40,pmf,large_decrease,0.0019980019980019984
2026-01-24,wk flu hosp rate change,2,2026-02-07,40,pmf,large_increase,0.0019980019980019984
2026-01-24,wk flu hosp rate change,2,2026-02-07,40,pmf,stable,0.3596403596403597
2026-01-24,wk flu hosp rate change,2,2026-02-07,41,pmf,decrease,0.252
2026-01-24,wk flu hosp rate change,2,2026-02-07,41,pmf,increase,0.227
2026-01-24,wk flu hosp rate change,2,2026-02-07,41,pmf,large_decrease,0.001
2026-01-24,wk flu hosp rate change,2,2026-02-07,41,pmf,large_increase,0.001
2026-01-24,wk flu hosp rate change,2,2026-02-07,41,pmf,stable,0.519
2026-01-24,wk flu hosp rate change,2,2026-02-07,42,pmf,decrease,0.264
2026-01-24,wk flu hosp rate change,2,2026-02-07,42,pmf,increase,0.449
2026-01-24,wk flu hosp rate change,2,2026-02-07,42,pmf,large_decrease,0.001
2026-01-24,wk flu hosp rate change,2,2026-02-07,42,pmf,large_increase,0.043
2026-01-24,wk flu hosp rate change,2,2026-02-07,42,pmf,stable,0.243
2026-01-24,wk flu hosp rate change,2,2026-02-07,44,pmf,decrease,0.6593406593406593
2026-01-24,wk flu hosp rate change,2,2026-02-07,44,pmf,increase,0.010989010989010986
2026-01-24,wk flu hosp rate change,2,2026-02-07,44,pmf,large_decrease,0.001998001998001998
2026-01-24,wk flu hosp rate change,2,2026-02-07,44,pmf,large_increase,0.001998001998001998
2026-01-24,wk flu hosp rate change,2,2026-02-07,44,pmf,stable,0.32567432567432564
2026-01-24,wk flu hosp rate change,2,2026-02-07,45,pmf,decrease,0.489
2026-01-24,wk flu hosp rate change,2,2026-02-07,45,pmf,increase,0.291
2026-01-24,wk flu hosp rate change,2,2026-02-07,45,pmf,large_decrease,0.002
2026-01-24,wk flu hosp rate change,2,2026-02-07,45,pmf,large_increase,0.002
2026-01-24,wk flu hosp rate change,2,2026-02-07,45,pmf,stable,0.216
2026-01-24,wk flu hosp rate change,2,2026-02-07,46,pmf,decrease,0.134
2026-01-24,wk flu hosp rate change,2,2026-02-07,46,pmf,increase,0.516
2026-01-24,wk flu hosp rate change,2,2026-02-07,46,pmf,large_decrease,0.002
2026-01-24,wk flu hosp rate change,2,2026-02-07,46,pmf,large_increase,0.053
2026-01-24,wk flu hosp rate change,2,2026-02-07,46,pmf,stable,0.295
2026-01-24,wk flu hosp rate change,2,2026-02-07,47,pmf,decrease,0.542
2026-01-24,wk flu hosp rate change,2,2026-02-07,47,pmf,increase,0.166
2026-01-24,wk flu hosp rate change,2,2026-02-07,47,pmf,large_decrease,0.002
2026-01-24,wk flu hosp rate change,2,2026-02-07,47,pmf,large_increase,0.002
2026-01-24,wk flu hosp rate change,2,2026-02-07,47,pmf,stable,0.288
2026-01-24,wk flu hosp rate change,2,2026-02-07,48,pmf,decrease,0.389
2026-01-24,wk flu hosp rate change,2,2026-02-07,48,pmf,increase,0.217
2026-01-24,wk flu hosp rate change,2,2026-02-07,48,pmf,large_decrease,0.001
2026-01-24,wk flu hosp rate change,2,2026-02-07,48,pmf,large_increase,0.004
2026-01-24,wk flu hosp rate change,2,2026-02-07,48,pmf,stable,0.389
2026-01-24,wk flu hosp rate change,2,2026-02-07,49,pmf,decrease,0.357
2026-01-24,wk flu hosp rate change,2,2026-02-07,49,pmf,increase,0.225
2026-01-24,wk flu hosp rate change,2,2026-02-07,49,pmf,large_decrease,0.001
2026-01-24,wk flu hosp rate change,2,2026-02-07,49,pmf,large_increase,0.003
2026-01-24,wk flu hosp rate change,2,2026-02-07,49,pmf,stable,0.414
2026-01-24,wk flu hosp rate change,2,2026-02-07,50,pmf,decrease,0.26
2026-01-24,wk flu hosp rate change,2,2026-02-07,50,pmf,increase,0.408
2026-01-24,wk flu hosp rate change,2,2026-02-07,50,pmf,large_decrease,0.001
2026-01-24,wk flu hosp rate change,2,2026-02-07,50,pmf,large_increase,0.066
2026-01-24,wk flu hosp rate change,2,2026-02-07,50,pmf,stable,0.2650000000000001
2026-01-24,wk flu hosp rate change,2,2026-02-07,51,pmf,decrease,0.58
2026-01-24,wk flu hosp rate change,2,2026-02-07,51,pmf,increase,0.199
2026-01-24,wk flu hosp rate change,2,2026-02-07,51,pmf,large_decrease,0.002
2026-01-24,wk flu hosp rate change,2,2026-02-07,51,pmf,large_increase,0.057
2026-01-24,wk flu hosp rate change,2,2026-02-07,51,pmf,stable,0.162
2026-01-24,wk flu hosp rate change,2,2026-02-07,53,pmf,decrease,0.2
2026-01-24,wk flu hosp rate change,2,2026-02-07,53,pmf,increase,0.172
2026-01-24,wk flu hosp rate change,2,2026-02-07,53,pmf,large_decrease,0.001
2026-01-24,wk flu hosp rate change,2,2026-02-07,53,pmf,large_increase,0.001
2026-01-24,wk flu hosp rate change,2,2026-02-07,53,pmf,stable,0.626
2026-01-24,wk flu hosp rate change,2,2026-02-07,54,pmf,decrease,0.385
2026-01-24,wk flu hosp rate change,2,2026-02-07,54,pmf,increase,0.231
2026-01-24,wk flu hosp rate change,2,2026-02-07,54,pmf,large_decrease,0.001
2026-01-24,wk flu hosp rate change,2,2026-02-07,54,pmf,large_increase,0.008
2026-01-24,wk flu hosp rate change,2,2026-02-07,54,pmf,stable,0.375
2026-01-24,wk flu hosp rate change,2,2026-02-07,55,pmf,decrease,0.277
2026-01-24,wk flu hosp rate change,2,2026-02-07,55,pmf,increase,0.278
2026-01-24,wk flu hosp rate change,2,2026-02-07,55,pmf,large_decrease,0.001
2026-01-24,wk flu hosp rate change,2,2026-02-07,55,pmf,large_increase,0.003
2026-01-24,wk flu hosp rate change,2,2026-02-07,55,pmf,stable,0.441
2026-01-24,wk flu hosp rate change,2,2026-02-07,56,pmf,decrease,0.48551448551448556
2026-01-24,wk flu hosp rate change,2,2026-02-07,56,pmf,increase,0.09690309690309691
2026-01-24,wk flu hosp rate change,2,2026-02-07,56,pmf,large_decrease,0.0019980019980019984
2026-01-24,wk flu hosp rate change,2,2026-02-07,56,pmf,large_increase,0.003996003996003997
2026-01-24,wk flu hosp rate change,2,2026-02-07,56,pmf,stable,0.4115884115884116
2026-01-24,wk flu hosp rate change,2,2026-02-07,US,pmf,decrease,0.9
2026-01-24,wk flu hosp rate change,2,2026-02-07,US,pmf,increase,0.037
2026-01-24,wk flu hosp rate change,2,2026-02-07,US,pmf,large_decrease,0.002
2026-01-24,wk flu hosp rate change,2,2026-02-07,US,pmf,large_increase,0.002
2026-01-24,wk flu hosp rate change,2,2026-02-07,US,pmf,stable,0.059
2026-01-24,wk flu hosp rate change,3,2026-02-14,01,pmf,decrease,0.739
2026-01-24,wk flu hosp rate change,3,2026-02-14,01,pmf,increase,0.069
2026-01-24,wk flu hosp rate change,3,2026-02-14,01,pmf,large_decrease,0.002
2026-01-24,wk flu hosp rate change,3,2026-02-14,01,pmf,large_increase,0.002
2026-01-24,wk flu hosp rate change,3,2026-02-14,01,pmf,stable,0.188
2026-01-24,wk flu hosp rate change,3,2026-02-14,02,pmf,decrease,0.4575424575424576
2026-01-24,wk flu hosp rate change,3,2026-02-14,02,pmf,increase,0.18881118881118883
2026-01-24,wk flu hosp rate change,3,2026-02-14,02,pmf,large_decrease,0.0019980019980019984
2026-01-24,wk flu hosp rate change,3,2026-02-14,02,pmf,large_increase,0.0019980019980019984
2026-01-24,wk flu hosp rate change,3,2026-02-14,02,pmf,stable,0.3496503496503497
2026-01-24,wk flu hosp rate change,3,2026-02-14,04,pmf,decrease,0.448
2026-01-24,wk flu hosp rate change,3,2026-02-14,04,pmf,increase,0.023
2026-01-24,wk flu hosp rate change,3,2026-02-14,04,pmf,large_decrease,0.002
2026-01-24,wk flu hosp rate change,3,2026-02-14,04,pmf,large_increase,0.002
2026-01-24,wk flu hosp rate change,3,2026-02-14,04,pmf,stable,0.525
2026-01-24,wk flu hosp rate change,3,2026-02-14,05,pmf,decrease,0.6193806193806193
2026-01-24,wk flu hosp rate change,3,2026-02-14,05,pmf,increase,0.1858141858141858
2026-01-24,wk flu hosp rate change,3,2026-02-14,05,pmf,large_decrease,0.0029970029970029966
2026-01-24,wk flu hosp rate change,3,2026-02-14,05,pmf,large_increase,0.0029970029970029966
2026-01-24,wk flu hosp rate change,3,2026-02-14,05,pmf,stable,0.1888111888111888
2026-01-24,wk flu hosp rate change,3,2026-02-14,06,pmf,decrease,0.258
2026-01-24,wk flu hosp rate change,3,2026-02-14,06,pmf,increase,0.035
2026-01-24,wk flu hosp rate change,3,2026-02-14,06,pmf,large_decrease,0.001
2026-01-24,wk flu hosp rate change,3,2026-02-14,06,pmf,large_increase,0.001
2026-01-24,wk flu hosp rate change,3,2026-02-14,06,pmf,stable,0.705
2026-01-24,wk flu hosp rate change,3,2026-02-14,08,pmf,decrease,0.488
2026-01-24,wk flu hosp rate change,3,2026-02-14,08,pmf,increase,0.007
2026-01-24,wk flu hosp rate change,3,2026-02-14,08,pmf,large_decrease,0.002
2026-01-24,wk flu hosp rate change,3,2026-02-14,08,pmf,large_increase,0.002
2026-01-24,wk flu hosp rate change,3,2026-02-14,08,pmf,stable,0.501
2026-01-24,wk flu hosp rate change,3,2026-02-14,09,pmf,decrease,0.9990009990009989
2026-01-24,wk flu hosp rate change,3,2026-02-14,09,pmf,increase,0.001998001998001998
2026-01-24,wk flu hosp rate change,3,2026-02-14,09,pmf,large_decrease,0.001998001998001998
2026-01-24,wk flu hosp rate change,3,2026-02-14,09,pmf,large_increase,0.001998001998001998
2026-01-24,wk flu hosp rate change,3,2026-02-14,09,pmf,stable,-0.004995004995004994
2026-01-24,wk flu hosp rate change,3,2026-02-14,10,pmf,decrease,0.379
2026-01-24,wk flu hosp rate change,3,2026-02-14,10,pmf,increase,0.163
2026-01-24,wk flu hosp rate change,3,2026-02-14,10,pmf,large_decrease,0.001
2026-01-24,wk flu hosp rate change,3,2026-02-14,10,pmf,large_increase,0.001
2026-01-24,wk flu hosp rate change,3,2026-02-14,10,pmf,stable,0.4559999999999999
2026-01-24,wk flu hosp rate change,3,2026-02-14,11,pmf,decrease,0.116
2026-01-24,wk flu hosp rate change,3,2026-02-14,11,pmf,increase,0.269
2026-01-24,wk flu hosp rate change,3,2026-02-14,11,pmf,large_decrease,0.001
2026-01-24,wk flu hosp rate change,3,2026-02-14,11,pmf,large_increase,0.001
2026-01-24,wk flu hosp rate change,3,2026-02-14,11,pmf,stable,0.613
2026-01-24,wk flu hosp rate change,3,2026-02-14,12,pmf,decrease,0.422
2026-01-24,wk flu hosp rate change,3,2026-02-14,12,pmf,increase,0.064
2026-01-24,wk flu hosp rate change,3,2026-02-14,12,pmf,large_decrease,0.001
2026-01-24,wk flu hosp rate change,3,2026-02-14,12,pmf,large_increase,0.001
2026-01-24,wk flu hosp rate change,3,2026-02-14,12,pmf,stable,0.512
2026-01-24,wk flu hosp rate change,3,2026-02-14,13,pmf,decrease,0.5484515484515484
2026-01-24,wk flu hosp rate change,3,2026-02-14,13,pmf,increase,0.015984015984015984
2026-01-24,wk flu hosp rate change,3,2026-02-14,13,pmf,large_decrease,0.001998001998001998
2026-01-24,wk flu hosp rate change,3,2026-02-14,13,pmf,large_increase,0.001998001998001998
2026-01-24,wk flu hosp rate change,3,2026-02-14,13,pmf,stable,0.4315684315684315
2026-01-24,wk flu hosp rate change,3,2026-02-14,15,pmf,decrease,0.659
2026-01-24,wk flu hosp rate change,3,2026-02-14,15,pmf,increase,0.121
2026-01-24,wk flu hosp rate change,3,2026-02-14,15,pmf,large_decrease,0.001
2026-01-24,wk flu hosp rate change,3,2026-02-14,15,pmf,large_increase,0.003
2026-01-24,wk flu hosp rate change,3,2026-02-14,15,pmf,stable,0.216
2026-01-24,wk flu hosp rate change,3,2026-02-14,16,pmf,decrease,0.5154845154845155
2026-01-24,wk flu hosp rate change,3,2026-02-14,16,pmf,increase,0.05394605394605394
2026-01-24,wk flu hosp rate change,3,2026-02-14,16,pmf,large_decrease,0.001998001998001998
2026-01-24,wk flu hosp rate change,3,2026-02-14,16,pmf,large_increase,0.001998001998001998
2026-01-24,wk flu hosp rate change,3,2026-02-14,16,pmf,stable,0.4265734265734265
2026-01-24,wk flu hosp rate change,3,2026-02-14,17,pmf,decrease,0.35364635364635366
2026-01-24,wk flu hosp rate change,3,2026-02-14,17,pmf,increase,0.22577422577422582
2026-01-24,wk flu hosp rate change,3,2026-02-14,17,pmf,large_decrease,0.0019980019980019984
2026-01-24,wk flu hosp rate change,3,2026-02-14,17,pmf,large_increase,0.0019980019980019984
2026-01-24,wk flu hosp rate change,3,2026-02-14,17,pmf,stable,0.41658341658341663
2026-01-24,wk flu hosp rate change,3,2026-02-14,18,pmf,decrease,0.523
2026-01-24,wk flu hosp rate change,3,2026-02-14,18,pmf,increase,0.206
2026-01-24,wk flu hosp rate change,3,2026-02-14,18,pmf,large_decrease,0.002
2026-01-24,wk flu hosp rate change,3,2026-02-14,18,pmf,large_increase,0.002
2026-01-24,wk flu hosp rate change,3,2026-02-14,18,pmf,stable,0.267
2026-01-24,wk flu hosp rate change,3,2026-02-14,19,pmf,decrease,0.5244755244755246
2026-01-24,wk flu hosp rate change,3,2026-02-14,19,pmf,increase,0.09190809190809192
2026-01-24,wk flu hosp rate change,3,2026-02-14,19,pmf,large_decrease,0.007992007992007994
2026-01-24,wk flu hosp rate change,3,2026-02-14,19,pmf,large_increase,0.0019980019980019984
2026-01-24,wk flu hosp rate change,3,2026-02-14,19,pmf,stable,0.3736263736263737
2026-01-24,wk flu hosp rate change,3,2026-02-14,20,pmf,decrease,0.186
2026-01-24,wk flu hosp rate change,3,2026-02-14,20,pmf,increase,0.147
2026-01-24,wk flu hosp rate change,3,2026-02-14,20,pmf,large_decrease,0.001
2026-01-24,wk flu hosp rate change,3,2026-02-14,20,pmf,large_increase,0.006
2026-01-24,wk flu hosp rate change,3,2026-02-14,20,pmf,stable,0.66
2026-01-24,wk flu hosp rate change,3,2026-02-14,21,pmf,decrease,0.5274725274725276
2026-01-24,wk flu hosp rate change,3,2026-02-14,21,pmf,increase,0.19980019980019983
2026-01-24,wk flu hosp rate change,3,2026-02-14,21,pmf,large_decrease,0.0019980019980019984
2026-01-24,wk flu hosp rate change,3,2026-02-14,21,pmf,large_increase,0.0019980019980019984
2026-01-24,wk flu hosp rate change,3,2026-02-14,21,pmf,stable,0.2687312687312688
2026-01-24,wk flu hosp rate change,3,2026-02-14,22,pmf,decrease,0.44
2026-01-24,wk flu hosp rate change,3,2026-02-14,22,pmf,increase,0.091
2026-01-24,wk flu hosp rate change,3,2026-02-14,22,pmf,large_decrease,0.002
2026-01-24,wk flu hosp rate change,3,2026-02-14,22,pmf,large_increase,0.002
2026-01-24,wk flu hosp rate change,3,2026-02-14,22,pmf,stable,0.465
2026-01-24,wk flu hosp rate change,3,2026-02-14,23,pmf,decrease,0.708
2026-01-24,wk flu hosp rate change,3,2026-02-14,23,pmf,increase,0.141
2026-01-24,wk flu hosp rate change,3,2026-02-14,23,pmf,large_decrease,0.003
2026-01-24,wk flu hosp rate change,3,2026-02-14,23,pmf,large_increase,0.003
2026-01-24,wk flu hosp rate change,3,2026-02-14,23,pmf,stable,0.145
2026-01-24,wk flu hosp rate change,3,2026-02-14,24,pmf,decrease,0.348
2026-01-24,wk flu hosp rate change,3,2026-02-14,24,pmf,increase,0.308
2026-01-24,wk flu hosp rate change,3,2026-02-14,24,pmf,large_decrease,0.001
2026-01-24,wk flu hosp rate change,3,2026-02-14,24,pmf,large_increase,0.007
2026-01-24,wk flu hosp rate change,3,2026-02-14,24,pmf,stable,0.336
2026-01-24,wk flu hosp rate change,3,2026-02-14,25,pmf,decrease,1.0
2026-01-24,wk flu hosp rate change,3,2026-02-14,25,pmf,increase,0.001
2026-01-24,wk flu hosp rate change,3,2026-02-14,25,pmf,large_decrease,0.001
2026-01-24,wk flu hosp rate change,3,2026-02-14,25,pmf,large_increase,0.001
2026-01-24,wk flu hosp rate change,3,2026-02-14,25,pmf,stable,-0.002999999999999666
2026-01-24,wk flu hosp rate change,3,2026-02-14,26,pmf,decrease,0.107
2026-01-24,wk flu hosp rate change,3,2026-02-14,26,pmf,increase,0.179
2026-01-24,wk flu hosp rate change,3,2026-02-14,26,pmf,large_decrease,0.001
2026-01-24,wk flu hosp rate change,3,2026-02-14,26,pmf,large_increase,0.001
2026-01-24,wk flu hosp rate change,3,2026-02-14,26,pmf,stable,0.712
2026-01-24,wk flu hosp rate change,3,2026-02-14,27,pmf,decrease,0.4455544455544455
2026-01-24,wk flu hosp rate change,3,2026-02-14,27,pmf,increase,0.2507492507492507
2026-01-24,wk flu hosp rate change,3,2026-02-14,27,pmf,large_decrease,0.001998001998001998
2026-01-24,wk flu hosp rate change,3,2026-02-14,27,pmf,large_increase,0.009990009990009988
2026-01-24,wk flu hosp rate change,3,2026-02-14,27,pmf,stable,0.29170829170829166
2026-01-24,wk flu hosp rate change,3,2026-02-14,28,pmf,decrease,0.168
2026-01-24,wk flu hosp rate change,3,2026-02-14,28,pmf,increase,0.266
2026-01-24,wk flu hosp rate change,3,2026-02-14,28,pmf,large_decrease,0.001
2026-01-24,wk flu hosp rate change,3,2026-02-14,28,pmf,large_increase,0.018
2026-01-24,wk flu hosp rate change,3,2026-02-14,28,pmf,stable,0.5469999999999999
2026-01-24,wk flu hosp rate change,3,2026-02-14,30,pmf,decrease,0.5014985014985014
2026-01-24,wk flu hosp rate change,3,2026-02-14,30,pmf,increase,0.15384615384615383
2026-01-24,wk flu hosp rate change,3,2026-02-14,30,pmf,large_decrease,0.001998001998001998
2026-01-24,wk flu hosp rate change,3,2026-02-14,30,pmf,large_increase,0.001998001998001998
2026-01-24,wk flu hosp rate change,3,2026-02-14,30,pmf,stable,0.34065934065934067
2026-01-24,wk flu hosp rate change,3,2026-02-14,31,pmf,decrease,0.147
2026-01-24,wk flu hosp rate change,3,2026-02-14,31,pmf,increase,0.169
2026-01-24,wk flu hosp rate change,3,2026-02-14,31,pmf,large_decrease,0.002
2026-01-24,wk flu hosp rate change,3,2026-02-14,31,pmf,large_increase,0.002
2026-01-24,wk flu hosp rate change,3,2026-02-14,31,pmf,stable,0.68
2026-01-24,wk flu hosp rate change,3,2026-02-14,32,pmf,decrease,0.368
2026-01-24,wk flu hosp rate change,3,2026-02-14,32,pmf,increase,0.024
2026-01-24,wk flu hosp rate change,3,2026-02-14,32,pmf,large_decrease,0.002
2026-01-24,wk flu hosp rate change,3,2026-02-14,32,pmf,large_increase,0.002
2026-01-24,wk flu hosp rate change,3,2026-02-14,32,pmf,stable,0.604
2026-01-24,wk flu hosp rate change,3,2026-02-14,33,pmf,decrease,0.226
2026-01-24,wk flu hosp rate change,3,2026-02-14,33,pmf,increase,0.085
2026-01-24,wk flu hosp rate change,3,2026-02-14,33,pmf,large_decrease,0.001
2026-01-24,wk flu hosp rate change,3,2026-02-14,33,pmf,large_increase,0.001
2026-01-24,wk flu hosp rate change,3,2026-02-14,33,pmf,stable,0.6869999999999999
2026-01-24,wk flu hosp rate change,3,2026-02-14,34,pmf,decrease,0.342
2026-01-24,wk flu hosp rate change,3,2026-02-14,34,pmf,increase,0.055
2026-01-24,wk flu hosp rate change,3,2026-02-14,34,pmf,large_decrease,0.001
2026-01-24,wk flu hosp rate change,3,2026-02-14,34,pmf,large_increase,0.001
2026-01-24,wk flu hosp rate change,3,2026-02-14,34,pmf,stable,0.601
2026-01-24,wk flu hosp rate change,3,2026-02-14,35,pmf,decrease,0.5914085914085915
2026-01-24,wk flu hosp rate change,3,2026-02-14,35,pmf,increase,0.058941058941058944
2026-01-24,wk flu hosp rate change,3,2026-02-14,35,pmf,large_decrease,0.0019980019980019984
2026-01-24,wk flu hosp rate change,3,2026-02-14,35,pmf,large_increase,0.0019980019980019984
2026-01-24,wk flu hosp rate change,3,2026-02-14,35,pmf,stable,0.34565434565434566
2026-01-24,wk flu hosp rate change,3,2026-02-14,36,pmf,decrease,0.984
2026-01-24,wk flu hosp rate change,3,2026-02-14,36,pmf,increase,0.005
2026-01-24,wk flu hosp rate change,3,2026-02-14,36,pmf,large_decrease,0.002
2026-01-24,wk flu hosp rate change,3,2026-02-14,36,pmf,large_increase,0.002
2026-01-24,wk flu hosp rate change,3,2026-02-14,36,pmf,stable,0.007
2026-01-24,wk flu hosp rate change,3,2026-02-14,37,pmf,decrease,0.355
2026-01-24,wk flu hosp rate change,3,2026-02-14,37,pmf,increase,0.16
2026-01-24,wk flu hosp rate change,3,2026-02-14,37,pmf,large_decrease,0.001
2026-01-24,wk flu hosp rate change,3,2026-02-14,37,pmf,large_increase,0.003
2026-01-24,wk flu hosp rate change,3,2026-02-14,37,pmf,stable,0.481
2026-01-24,wk flu hosp rate change,3,2026-02-14,38,pmf,decrease,0.613
2026-01-24,wk flu hosp rate change,3,2026-02-14,38,pmf,increase,0.059
2026-01-24,wk flu hosp rate change,3,2026-02-14,38,pmf,large_decrease,0.002
2026-01-24,wk flu hosp rate change,3,2026-02-14,38,pmf,large_increase,0.002
2026-01-24,wk flu hosp rate change,3,2026-02-14,38,pmf,stable,0.324
2026-01-24,wk flu hosp rate change,3,2026-02-14,39,pmf,decrease,0.187
2026-01-24,wk flu hosp rate change,3,2026-02-14,39,pmf,increase,0.118
2026-01-24,wk flu hosp rate change,3,2026-02-14,39,pmf,large_decrease,0.001
2026-01-24,wk flu hosp rate change,3,2026-02-14,39,pmf,large_increase,0.001
2026-01-24,wk flu hosp rate change,3,2026-02-14,39,pmf,stable,0.6930000000000001
2026-01-24,wk flu hosp rate change,3,2026-02-14,40,pmf,decrease,0.532
2026-01-24,wk flu hosp rate change,3,2026-02-14,40,pmf,increase,0.05
2026-01-24,wk flu hosp rate change,3,2026-02-14,40,pmf,large_decrease,0.002
2026-01-24,wk flu hosp rate change,3,2026-02-14,40,pmf,large_increase,0.002
2026-01-24,wk flu hosp rate change,3,2026-02-14,40,pmf,stable,0.414
2026-01-24,wk flu hosp rate change,3,2026-02-14,41,pmf,decrease,0.251
2026-01-24,wk flu hosp rate change,3,2026-02-14,41,pmf,increase,0.138
2026-01-24,wk flu hosp rate change,3,2026-02-14,41,pmf,large_decrease,0.001
2026-01-24,wk flu hosp rate change,3,2026-02-14,41,pmf,large_increase,0.001
2026-01-24,wk flu hosp rate change,3,2026-02-14,41,pmf,stable,0.609
2026-01-24,wk flu hosp rate change,3,2026-02-14,42,pmf,decrease,0.307
2026-01-24,wk flu hosp rate change,3,2026-02-14,42,pmf,increase,0.345
2026-01-24,wk flu hosp rate change,3,2026-02-14,42,pmf,large_decrease,0.001
2026-01-24,wk flu hosp rate change,3,2026-02-14,42,pmf,large_increase,0.015
2026-01-24,wk flu hosp rate change,3,2026-02-14,42,pmf,stable,0.33200000000000013
2026-01-24,wk flu hosp rate change,3,2026-02-14,44,pmf,decrease,0.581
2026-01-24,wk flu hosp rate change,3,2026-02-14,44,pmf,increase,0.008
2026-01-24,wk flu hosp rate change,3,2026-02-14,44,pmf,large_decrease,0.002
2026-01-24,wk flu hosp rate change,3,2026-02-14,44,pmf,large_increase,0.002
2026-01-24,wk flu hosp rate change,3,2026-02-14,44,pmf,stable,0.407
2026-01-24,wk flu hosp rate change,3,2026-02-14,45,pmf,decrease,0.634
2026-01-24,wk flu hosp rate change,3,2026-02-14,45,pmf,increase,0.05
2026-01-24,wk flu hosp rate change,3,2026-02-14,45,pmf,large_decrease,0.002
2026-01-24,wk flu hosp rate change,3,2026-02-14,45,pmf,large_increase,0.002
2026-01-24,wk flu hosp rate change,3,2026-02-14,45,pmf,stable,0.312
2026-01-24,wk flu hosp rate change,3,2026-02-14,46,pmf,decrease,0.21378621378621376
2026-01-24,wk flu hosp rate change,3,2026-02-14,46,pmf,increase,0.32167832167832167
2026-01-24,wk flu hosp rate change,3,2026-02-14,46,pmf,large_decrease,0.001998001998001998
2026-01-24,wk flu hosp rate change,3,2026-02-14,46,pmf,large_increase,0.019980019980019977
2026-01-24,wk flu hosp rate change,3,2026-02-14,46,pmf,stable,0.4425574425574425
2026-01-24,wk flu hosp rate change,3,2026-02-14,47,pmf,decrease,0.5904095904095904
2026-01-24,wk flu hosp rate change,3,2026-02-14,47,pmf,increase,0.03796203796203797
2026-01-24,wk flu hosp rate change,3,2026-02-14,47,pmf,large_decrease,0.0019980019980019984
2026-01-24,wk flu hosp rate change,3,2026-02-14,47,pmf,large_increase,0.0019980019980019984
2026-01-24,wk flu hosp rate change,3,2026-02-14,47,pmf,stable,0.3676323676323677
2026-01-24,wk flu hosp rate change,3,2026-02-14,48,pmf,decrease,0.44
2026-01-24,wk flu hosp rate change,3,2026-02-14,48,pmf,increase,0.129
2026-01-24,wk flu hosp rate change,3,2026-02-14,48,pmf,large_decrease,0.001
2026-01-24,wk flu hosp rate change,3,2026-02-14,48,pmf,large_increase,0.004
2026-01-24,wk flu hosp rate change,3,2026-02-14,48,pmf,stable,0.4260000000000001
2026-01-24,wk flu hosp rate change,3,2026-02-14,49,pmf,decrease,0.335
2026-01-24,wk flu hosp rate change,3,2026-02-14,49,pmf,increase,0.146
2026-01-24,wk flu hosp rate change,3,2026-02-14,49,pmf,large_decrease,0.001
2026-01-24,wk flu hosp rate change,3,2026-02-14,49,pmf,large_increase,0.001
2026-01-24,wk flu hosp rate change,3,2026-02-14,49,pmf,stable,0.517
2026-01-24,wk flu hosp rate change,3,2026-02-14,50,pmf,decrease,0.273
2026-01-24,wk flu hosp rate change,3,2026-02-14,50,pmf,increase,0.318
2026-01-24,wk flu hosp rate change,3,2026-02-14,50,pmf,large_decrease,0.001
2026-01-24,wk flu hosp rate change,3,2026-02-14,50,pmf,large_increase,0.041
2026-01-24,wk flu hosp rate change,3,2026-02-14,50,pmf,stable,0.367
2026-01-24,wk flu hosp rate change,3,2026-02-14,51,pmf,decrease,0.611
2026-01-24,wk flu hosp rate change,3,2026-02-14,51,pmf,increase,0.196
2026-01-24,wk flu hosp rate change,3,2026-02-14,51,pmf,large_decrease,0.002
2026-01-24,wk flu hosp rate change,3,2026-02-14,51,pmf,large_increase,0.022
2026-01-24,wk flu hosp rate change,3,2026-02-14,51,pmf,stable,0.169
2026-01-24,wk flu hosp rate change,3,2026-02-14,53,pmf,decrease,0.193
2026-01-24,wk flu hosp rate change,3,2026-02-14,53,pmf,increase,0.1
2026-01-24,wk flu hosp rate change,3,2026-02-14,53,pmf,large_decrease,0.001
2026-01-24,wk flu hosp rate change,3,2026-02-14,53,pmf,large_increase,0.001
2026-01-24,wk flu hosp rate change,3,2026-02-14,53,pmf,stable,0.705
2026-01-24,wk flu hosp rate change,3,2026-02-14,54,pmf,decrease,0.41
2026-01-24,wk flu hosp rate change,3,2026-02-14,54,pmf,increase,0.132
2026-01-24,wk flu hosp rate change,3,2026-02-14,54,pmf,large_decrease,0.001
2026-01-24,wk flu hosp rate change,3,2026-02-14,54,pmf,large_increase,0.005
2026-01-24,wk flu hosp rate change,3,2026-02-14,54,pmf,stable,0.452
2026-01-24,wk flu hosp rate change,3,2026-02-14,55,pmf,decrease,0.28871128871128865
2026-01-24,wk flu hosp rate change,3,2026-02-14,55,pmf,increase,0.26873126873126874
2026-01-24,wk flu hosp rate change,3,2026-02-14,55,pmf,large_decrease,0.001998001998001998
2026-01-24,wk flu hosp rate change,3,2026-02-14,55,pmf,large_increase,0.003996003996003996
2026-01-24,wk flu hosp rate change,3,2026-02-14,55,pmf,stable,0.4365634365634365
2026-01-24,wk flu hosp rate change,3,2026-02-14,56,pmf,decrease,0.4225774225774226
2026-01-24,wk flu hosp rate change,3,2026-02-14,56,pmf,increase,0.03896103896103897
2026-01-24,wk flu hosp rate change,3,2026-02-14,56,pmf,large_decrease,0.0019980019980019984
2026-01-24,wk flu hosp rate change,3,2026-02-14,56,pmf,large_increase,0.0019980019980019984
2026-01-24,wk flu hosp rate change,3,2026-02-14,56,pmf,stable,0.5344655344655346
2026-01-24,wk flu hosp rate change,3,2026-02-14,US,pmf,decrease,0.8991008991008991
2026-01-24,wk flu hosp rate change,3,2026-02-14,US,pmf,increase,0.03296703296703297
2026-01-24,wk flu hosp rate change,3,2026-02-14,US,pmf,large_decrease,0.001998001998001998
2026-01-24,wk flu hosp rate change,3,2026-02-14,US,pmf,large_increase,0.001998001998001998
2026-01-24,wk flu hosp rate change,3,2026-02-14,US,pmf,stable,0.06393606393606394
2026-01-24,wk inc flu hosp,0,2026-01-24,01,quantile,0.01,25.0
2026-01-24,wk inc flu hosp,0,2026-01-24,01,quantile,0.025,30.0
2026-01-24,wk inc flu hosp,0,2026-01-24,01,quantile,0.05,35.0
2026-01-24,wk inc flu hosp,0,2026-01-24,01,quantile,0.1,55.0
2026-01-24,wk inc flu hosp,0,2026-01-24,01,quantile,0.15,70.0
2026-01-24,wk inc flu hosp,0,2026-01-24,01,quantile,0.2,82.0
2026-01-24,wk inc flu hosp,0,2026-01-24,01,quantile,0.25,92.0
2026-01-24,wk inc flu hosp,0,2026-01-24,01,quantile,0.3,103.0
2026-01-24,wk inc flu hosp,0,2026-01-24,01,quantile,0.35,112.0
2026-01-24,wk inc flu hosp,0,2026-01-24,01,quantile,0.4,121.0
2026-01-24,wk inc flu hosp,0,2026-01-24,01,quantile,0.45,127.0
2026-01-24,wk inc flu hosp,0,2026-01-24,01,quantile,0.5,130.0
2026-01-24,wk inc flu hosp,0,2026-01-24,01,quantile,0.55,134.0
2026-01-24,wk inc flu hosp,0,2026-01-24,01,quantile,0.6,138.0
2026-01-24,wk inc flu hosp,0,2026-01-24,01,quantile,0.65,142.0
2026-01-24,wk inc flu hosp,0,2026-01-24,01,quantile,0.7,145.0
2026-01-24,wk inc flu hosp,0,2026-01-24,01,quantile,0.75,151.0
2026-01-24,wk inc flu hosp,0,2026-01-24,01,quantile,0.8,156.0
2026-01-24,wk inc flu hosp,0,2026-01-24,01,quantile,0.85,161.0
2026-01-24,wk inc flu hosp,0,2026-01-24,01,quantile,0.9,169.0
2026-01-24,wk inc flu hosp,0,2026-01-24,01,quantile,0.95,182.0
2026-01-24,wk inc flu hosp,0,2026-01-24,01,quantile,0.975,191.0
2026-01-24,wk inc flu hosp,0,2026-01-24,01,quantile,0.99,200.0
2026-01-24,wk inc flu hosp,0,2026-01-24,02,quantile,0.01,18.0
2026-01-24,wk inc flu hosp,0,2026-01-24,02,quantile,0.025,20.0
2026-01-24,wk inc flu hosp,0,2026-01-24,02,quantile,0.05,21.0
2026-01-24,wk inc flu hosp,0,2026-01-24,02,quantile,0.1,23.0
2026-01-24,wk inc flu hosp,0,2026-01-24,02,quantile,0.15,24.0
2026-01-24,wk inc flu hosp,0,2026-01-24,02,quantile,0.2,24.0
2026-01-24,wk inc flu hosp,0,2026-01-24,02,quantile,0.25,25.0
2026-01-24,wk inc flu hosp,0,2026-01-24,02,quantile,0.3,26.0
2026-01-24,wk inc flu hosp,0,2026-01-24,02,quantile,0.35,26.0
2026-01-24,wk inc flu hosp,0,2026-01-24,02,quantile,0.4,27.0
2026-01-24,wk inc flu hosp,0,2026-01-24,02,quantile,0.45,27.0
2026-01-24,wk inc flu hosp,0,2026-01-24,02,quantile,0.5,28.0
2026-01-24,wk inc flu hosp,0,2026-01-24,02,quantile,0.55,28.0
2026-01-24,wk inc flu hosp,0,2026-01-24,02,quantile,0.6,29.0
2026-01-24,wk inc flu hosp,0,2026-01-24,02,quantile,0.65,29.0
2026-01-24,wk inc flu hosp,0,2026-01-24,02,quantile,0.7,30.0
2026-01-24,wk inc flu hosp,0,2026-01-24,02,quantile,0.75,30.0
2026-01-24,wk inc flu hosp,0,2026-01-24,02,quantile,0.8,31.0
2026-01-24,wk inc flu hosp,0,2026-01-24,02,quantile,0.85,32.0
2026-01-24,wk inc flu hosp,0,2026-01-24,02,quantile,0.9,33.0
2026-01-24,wk inc flu hosp,0,2026-01-24,02,quantile,0.95,35.0
2026-01-24,wk inc flu hosp,0,2026-01-24,02,quantile,0.975,38.0
2026-01-24,wk inc flu hosp,0,2026-01-24,02,quantile,0.99,40.0
2026-01-24,wk inc flu hosp,0,2026-01-24,04,quantile,0.01,18.0
2026-01-24,wk inc flu hosp,0,2026-01-24,04,quantile,0.025,24.0
2026-01-24,wk inc flu hosp,0,2026-01-24,04,quantile,0.05,30.0
2026-01-24,wk inc flu hosp,0,2026-01-24,04,quantile,0.1,41.0
2026-01-24,wk inc flu hosp,0,2026-01-24,04,quantile,0.15,52.0
2026-01-24,wk inc flu hosp,0,2026-01-24,04,quantile,0.2,62.0
2026-01-24,wk inc flu hosp,0,2026-01-24,04,quantile,0.25,70.0
2026-01-24,wk inc flu hosp,0,2026-01-24,04,quantile,0.3,78.0
2026-01-24,wk inc flu hosp,0,2026-01-24,04,quantile,0.35,83.0
2026-01-24,wk inc flu hosp,0,2026-01-24,04,quantile,0.4,91.0
2026-01-24,wk inc flu hosp,0,2026-01-24,04,quantile,0.45,95.0
2026-01-24,wk inc flu hosp,0,2026-01-24,04,quantile,0.5,97.0
2026-01-24,wk inc flu hosp,0,2026-01-24,04,quantile,0.55,100.0
2026-01-24,wk inc flu hosp,0,2026-01-24,04,quantile,0.6,103.0
2026-01-24,wk inc flu hosp,0,2026-01-24,04,quantile,0.65,105.0
2026-01-24,wk inc flu hosp,0,2026-01-24,04,quantile,0.7,108.0
2026-01-24,wk inc flu hosp,0,2026-01-24,04,quantile,0.75,112.0
2026-01-24,wk inc flu hosp,0,2026-01-24,04,quantile,0.8,116.0
2026-01-24,wk inc flu hosp,0,2026-01-24,04,quantile,0.85,119.0
2026-01-24,wk inc flu hosp,0,2026-01-24,04,quantile,0.9,125.0
2026-01-24,wk inc flu hosp,0,2026-01-24,04,quantile,0.95,134.0
2026-01-24,wk inc flu hosp,0,2026-01-24,04,quantile,0.975,141.0
2026-01-24,wk inc flu hosp,0,2026-01-24,04,quantile,0.99,147.0
2026-01-24,wk inc flu hosp,0,2026-01-24,05,quantile,0.01,26.0
2026-01-24,wk inc flu hosp,0,2026-01-24,05,quantile,0.025,35.0
2026-01-24,wk inc flu hosp,0,2026-01-24,05,quantile,0.05,43.0
2026-01-24,wk inc flu hosp,0,2026-01-24,05,quantile,0.1,53.0
2026-01-24,wk inc flu hosp,0,2026-01-24,05,quantile,0.15,61.0
2026-01-24,wk inc flu hosp,0,2026-01-24,05,quantile,0.2,66.0
2026-01-24,wk inc flu hosp,0,2026-01-24,05,quantile,0.25,71.0
2026-01-24,wk inc flu hosp,0,2026-01-24,05,quantile,0.3,76.0
2026-01-24,wk inc flu hosp,0,2026-01-24,05,quantile,0.35,81.0
2026-01-24,wk inc flu hosp,0,2026-01-24,05,quantile,0.4,84.0
2026-01-24,wk inc flu hosp,0,2026-01-24,05,quantile,0.45,85.0
2026-01-24,wk inc flu hosp,0,2026-01-24,05,quantile,0.5,87.0
2026-01-24,wk inc flu hosp,0,2026-01-24,05,quantile,0.55,88.0
2026-01-24,wk inc flu hosp,0,2026-01-24,05,quantile,0.6,90.0
2026-01-24,wk inc flu hosp,0,2026-01-24,05,quantile,0.65,91.0
2026-01-24,wk inc flu hosp,0,2026-01-24,05,quantile,0.7,93.0
2026-01-24,wk inc flu hosp,0,2026-01-24,05,quantile,0.75,95.0
2026-01-24,wk inc flu hosp,0,2026-01-24,05,quantile,0.8,97.0
2026-01-24,wk inc flu hosp,0,2026-01-24,05,quantile,0.85,99.0
2026-01-24,wk inc flu hosp,0,2026-01-24,05,quantile,0.9,102.0
2026-01-24,wk inc flu hosp,0,2026-01-24,05,quantile,0.95,107.0
2026-01-24,wk inc flu hosp,0,2026-01-24,05,quantile,0.975,112.0
2026-01-24,wk inc flu hosp,0,2026-01-24,05,quantile,0.99,121.0
2026-01-24,wk inc flu hosp,0,2026-01-24,06,quantile,0.01,427.0
2026-01-24,wk inc flu hosp,0,2026-01-24,06,quantile,0.025,511.0
2026-01-24,wk inc flu hosp,0,2026-01-24,06,quantile,0.05,586.0
2026-01-24,wk inc flu hosp,0,2026-01-24,06,quantile,0.1,662.0
2026-01-24,wk inc flu hosp,0,2026-01-24,06,quantile,0.15,711.0
2026-01-24,wk inc flu hosp,0,2026-01-24,06,quantile,0.2,738.0
2026-01-24,wk inc flu hosp,0,2026-01-24,06,quantile,0.25,764.0
2026-01-24,wk inc flu hosp,0,2026-01-24,06,quantile,0.3,793.0
2026-01-24,wk inc flu hosp,0,2026-01-24,06,quantile,0.35,822.0
2026-01-24,wk inc flu hosp,0,2026-01-24,06,quantile,0.4,849.0
2026-01-24,wk inc flu hosp,0,2026-01-24,06,quantile,0.45,871.0
2026-01-24,wk inc flu hosp,0,2026-01-24,06,quantile,0.5,895.0
2026-01-24,wk inc flu hosp,0,2026-01-24,06,quantile,0.55,917.0
2026-01-24,wk inc flu hosp,0,2026-01-24,06,quantile,0.6,934.0
2026-01-24,wk inc flu hosp,0,2026-01-24,06,quantile,0.65,951.0
2026-01-24,wk inc flu hosp,0,2026-01-24,06,quantile,0.7,967.0
2026-01-24,wk inc flu hosp,0,2026-01-24,06,quantile,0.75,990.0
2026-01-24,wk inc flu hosp,0,2026-01-24,06,quantile,0.8,1015.0
2026-01-24,wk inc flu hosp,0,2026-01-24,06,quantile,0.85,1039.0
2026-01-24,wk inc flu hosp,0,2026-01-24,06,quantile,0.9,1073.0
2026-01-24,wk inc flu hosp,0,2026-01-24,06,quantile,0.95,1133.0
2026-01-24,wk inc flu hosp,0,2026-01-24,06,quantile,0.975,1193.0
2026-01-24,wk inc flu hosp,0,2026-01-24,06,quantile,0.99,1243.0
2026-01-24,wk inc flu hosp,0,2026-01-24,08,quantile,0.01,32.0
2026-01-24,wk inc flu hosp,0,2026-01-24,08,quantile,0.025,47.0
2026-01-24,wk inc flu hosp,0,2026-01-24,08,quantile,0.05,54.0
2026-01-24,wk inc flu hosp,0,2026-01-24,08,quantile,0.1,64.0
2026-01-24,wk inc flu hosp,0,2026-01-24,08,quantile,0.15,72.0
2026-01-24,wk inc flu hosp,0,2026-01-24,08,quantile,0.2,78.0
2026-01-24,wk inc flu hosp,0,2026-01-24,08,quantile,0.25,82.0
2026-01-24,wk inc flu hosp,0,2026-01-24,08,quantile,0.3,86.0
2026-01-24,wk inc flu hosp,0,2026-01-24,08,quantile,0.35,90.0
2026-01-24,wk inc flu hosp,0,2026-01-24,08,quantile,0.4,93.0
2026-01-24,wk inc flu hosp,0,2026-01-24,08,quantile,0.45,97.0
2026-01-24,wk inc flu hosp,0,2026-01-24,08,quantile,0.5,100.0
2026-01-24,wk inc flu hosp,0,2026-01-24,08,quantile,0.55,103.0
2026-01-24,wk inc flu hosp,0,2026-01-24,08,quantile,0.6,106.0
2026-01-24,wk inc flu hosp,0,2026-01-24,08,quantile,0.65,109.0
2026-01-24,wk inc flu hosp,0,2026-01-24,08,quantile,0.7,112.0
2026-01-24,wk inc flu hosp,0,2026-01-24,08,quantile,0.75,117.0
2026-01-24,wk inc flu hosp,0,2026-01-24,08,quantile,0.8,121.0
2026-01-24,wk inc flu hosp,0,2026-01-24,08,quantile,0.85,127.0
2026-01-24,wk inc flu hosp,0,2026-01-24,08,quantile,0.9,135.0
2026-01-24,wk inc flu hosp,0,2026-01-24,08,quantile,0.95,146.0
2026-01-24,wk inc flu hosp,0,2026-01-24,08,quantile,0.975,154.0
2026-01-24,wk inc flu hosp,0,2026-01-24,08,quantile,0.99,161.0
2026-01-24,wk inc flu hosp,0,2026-01-24,09,quantile,0.01,15.0
2026-01-24,wk inc flu hosp,0,2026-01-24,09,quantile,0.025,21.0
2026-01-24,wk inc flu hosp,0,2026-01-24,09,quantile,0.05,24.0
2026-01-24,wk inc flu hosp,0,2026-01-24,09,quantile,0.1,24.0
2026-01-24,wk inc flu hosp,0,2026-01-24,09,quantile,0.15,25.0
2026-01-24,wk inc flu hosp,0,2026-01-24,09,quantile,0.2,26.0
2026-01-24,wk inc flu hosp,0,2026-01-24,09,quantile,0.25,27.0
2026-01-24,wk inc flu hosp,0,2026-01-24,09,quantile,0.3,29.0
2026-01-24,wk inc flu hosp,0,2026-01-24,09,quantile,0.35,31.0
2026-01-24,wk inc flu hosp,0,2026-01-24,09,quantile,0.4,32.0
2026-01-24,wk inc flu hosp,0,2026-01-24,09,quantile,0.45,33.0
2026-01-24,wk inc flu hosp,0,2026-01-24,09,quantile,0.5,35.0
2026-01-24,wk inc flu hosp,0,2026-01-24,09,quantile,0.55,36.0
2026-01-24,wk inc flu hosp,0,2026-01-24,09,quantile,0.6,37.0
2026-01-24,wk inc flu hosp,0,2026-01-24,09,quantile,0.65,39.0
2026-01-24,wk inc flu hosp,0,2026-01-24,09,quantile,0.7,40.0
2026-01-24,wk inc flu hosp,0,2026-01-24,09,quantile,0.75,43.0
2026-01-24,wk inc flu hosp,0,2026-01-24,09,quantile,0.8,45.0
2026-01-24,wk inc flu hosp,0,2026-01-24,09,quantile,0.85,49.0
2026-01-24,wk inc flu hosp,0,2026-01-24,09,quantile,0.9,53.0
2026-01-24,wk inc flu hosp,0,2026-01-24,09,quantile,0.95,58.0
2026-01-24,wk inc flu hosp,0,2026-01-24,09,quantile,0.975,62.0
2026-01-24,wk inc flu hosp,0,2026-01-24,09,quantile,0.99,67.0
2026-01-24,wk inc flu hosp,0,2026-01-24,10,quantile,0.01,13.0
2026-01-24,wk inc flu hosp,0,2026-01-24,10,quantile,0.025,18.0
2026-01-24,wk inc flu hosp,0,2026-01-24,10,quantile,0.05,23.0
2026-01-24,wk inc flu hosp,0,2026-01-24,10,quantile,0.1,29.0
2026-01-24,wk inc flu hosp,0,2026-01-24,10,quantile,0.15,32.0
2026-01-24,wk inc flu hosp,0,2026-01-24,10,quantile,0.2,36.0
2026-01-24,wk inc flu hosp,0,2026-01-24,10,quantile,0.25,38.0
2026-01-24,wk inc flu hosp,0,2026-01-24,10,quantile,0.3,40.0
2026-01-24,wk inc flu hosp,0,2026-01-24,10,quantile,0.35,42.0
2026-01-24,wk inc flu hosp,0,2026-01-24,10,quantile,0.4,44.0
2026-01-24,wk inc flu hosp,0,2026-01-24,10,quantile,0.45,46.0
2026-01-24,wk inc flu hosp,0,2026-01-24,10,quantile,0.5,46.0
2026-01-24,wk inc flu hosp,0,2026-01-24,10,quantile,0.55,47.0
2026-01-24,wk inc flu hosp,0,2026-01-24,10,quantile,0.6,48.0
2026-01-24,wk inc flu hosp,0,2026-01-24,10,quantile,0.65,49.0
2026-01-24,wk inc flu hosp,0,2026-01-24,10,quantile,0.7,50.0
2026-01-24,wk inc flu hosp,0,2026-01-24,10,quantile,0.75,51.0
2026-01-24,wk inc flu hosp,0,2026-01-24,10,quantile,0.8,53.0
2026-01-24,wk inc flu hosp,0,2026-01-24,10,quantile,0.85,54.0
2026-01-24,wk inc flu hosp,0,2026-01-24,10,quantile,0.9,56.0
2026-01-24,wk inc flu hosp,0,2026-01-24,10,quantile,0.95,58.0
2026-01-24,wk inc flu hosp,0,2026-01-24,10,quantile,0.975,60.0
2026-01-24,wk inc flu hosp,0,2026-01-24,10,quantile,0.99,62.0
2026-01-24,wk inc flu hosp,0,2026-01-24,11,quantile,0.01,6.0
2026-01-24,wk inc flu hosp,0,2026-01-24,11,quantile,0.025,7.0
2026-01-24,wk inc flu hosp,0,2026-01-24,11,quantile,0.05,8.0
2026-01-24,wk inc flu hosp,0,2026-01-24,11,quantile,0.1,10.0
2026-01-24,wk inc flu hosp,0,2026-01-24,11,quantile,0.15,11.0
2026-01-24,wk inc flu hosp,0,2026-01-24,11,quantile,0.2,12.0
2026-01-24,wk inc flu hosp,0,2026-01-24,11,quantile,0.25,13.0
2026-01-24,wk inc flu hosp,0,2026-01-24,11,quantile,0.3,14.0
2026-01-24,wk inc flu hosp,0,2026-01-24,11,quantile,0.35,15.0
2026-01-24,wk inc flu hosp,0,2026-01-24,11,quantile,0.4,15.0
2026-01-24,wk inc flu hosp,0,2026-01-24,11,quantile,0.45,16.0
2026-01-24,wk inc flu hosp,0,2026-01-24,11,quantile,0.5,17.0
2026-01-24,wk inc flu hosp,0,2026-01-24,11,quantile,0.55,17.0
2026-01-24,wk inc flu hosp,0,2026-01-24,11,quantile,0.6,18.0
2026-01-24,wk inc flu hosp,0,2026-01-24,11,quantile,0.65,19.0
2026-01-24,wk inc flu hosp,0,2026-01-24,11,quantile,0.7,20.0
2026-01-24,wk inc flu hosp,0,2026-01-24,11,quantile,0.75,21.0
2026-01-24,wk inc flu hosp,0,2026-01-24,11,quantile,0.8,22.0
2026-01-24,wk inc flu hosp,0,2026-01-24,11,quantile,0.85,23.0
2026-01-24,wk inc flu hosp,0,2026-01-24,11,quantile,0.9,25.0
2026-01-24,wk inc flu hosp,0,2026-01-24,11,quantile,0.95,28.0
2026-01-24,wk inc flu hosp,0,2026-01-24,11,quantile,0.975,31.0
2026-01-24,wk inc flu hosp,0,2026-01-24,11,quantile,0.99,33.0
2026-01-24,wk inc flu hosp,0,2026-01-24,12,quantile,0.01,447.0
2026-01-24,wk inc flu hosp,0,2026-01-24,12,quantile,0.025,486.0
2026-01-24,wk inc flu hosp,0,2026-01-24,12,quantile,0.05,531.0
2026-01-24,wk inc flu hosp,0,2026-01-24,12,quantile,0.1,584.0
2026-01-24,wk inc flu hosp,0,2026-01-24,12,quantile,0.15,618.0
2026-01-24,wk inc flu hosp,0,2026-01-24,12,quantile,0.2,646.0
2026-01-24,wk inc flu hosp,0,2026-01-24,12,quantile,0.25,666.0
2026-01-24,wk inc flu hosp,0,2026-01-24,12,quantile,0.3,682.0
2026-01-24,wk inc flu hosp,0,2026-01-24,12,quantile,0.35,702.0
2026-01-24,wk inc flu hosp,0,2026-01-24,12,quantile,0.4,719.0
2026-01-24,wk inc flu hosp,0,2026-01-24,12,quantile,0.45,735.0
2026-01-24,wk inc flu hosp,0,2026-01-24,12,quantile,0.5,751.0
2026-01-24,wk inc flu hosp,0,2026-01-24,12,quantile,0.55,769.0
2026-01-24,wk inc flu hosp,0,2026-01-24,12,quantile,0.6,785.0
2026-01-24,wk inc flu hosp,0,2026-01-24,12,quantile,0.65,800.0
2026-01-24,wk inc flu hosp,0,2026-01-24,12,quantile,0.7,812.0
2026-01-24,wk inc flu hosp,0,2026-01-24,12,quantile,0.75,841.0
2026-01-24,wk inc flu hosp,0,2026-01-24,12,quantile,0.8,861.0
2026-01-24,wk inc flu hosp,0,2026-01-24,12,quantile,0.85,905.0
2026-01-24,wk inc flu hosp,0,2026-01-24,12,quantile,0.9,978.0
2026-01-24,wk inc flu hosp,0,2026-01-24,12,quantile,0.95,1065.0
2026-01-24,wk inc flu hosp,0,2026-01-24,12,quantile,0.975,1096.0
2026-01-24,wk inc flu hosp,0,2026-01-24,12,quantile,0.99,1119.0
2026-01-24,wk inc flu hosp,0,2026-01-24,13,quantile,0.01,39.0
2026-01-24,wk inc flu hosp,0,2026-01-24,13,quantile,0.025,40.0
2026-01-24,wk inc flu hosp,0,2026-01-24,13,quantile,0.05,44.0
2026-01-24,wk inc flu hosp,0,2026-01-24,13,quantile,0.1,69.0
2026-01-24,wk inc flu hosp,0,2026-01-24,13,quantile,0.15,89.0
2026-01-24,wk inc flu hosp,0,2026-01-24,13,quantile,0.2,102.0
2026-01-24,wk inc flu hosp,0,2026-01-24,13,quantile,0.25,112.0
2026-01-24,wk inc flu hosp,0,2026-01-24,13,quantile,0.3,123.0
2026-01-24,wk inc flu hosp,0,2026-01-24,13,quantile,0.35,134.0
2026-01-24,wk inc flu hosp,0,2026-01-24,13,quantile,0.4,145.0
2026-01-24,wk inc flu hosp,0,2026-01-24,13,quantile,0.45,154.0
2026-01-24,wk inc flu hosp,0,2026-01-24,13,quantile,0.5,161.0
2026-01-24,wk inc flu hosp,0,2026-01-24,13,quantile,0.55,171.0
2026-01-24,wk inc flu hosp,0,2026-01-24,13,quantile,0.6,180.0
2026-01-24,wk inc flu hosp,0,2026-01-24,13,quantile,0.65,190.0
2026-01-24,wk inc flu hosp,0,2026-01-24,13,quantile,0.7,201.0
2026-01-24,wk inc flu hosp,0,2026-01-24,13,quantile,0.75,211.0
2026-01-24,wk inc flu hosp,0,2026-01-24,13,quantile,0.8,219.0
2026-01-24,wk inc flu hosp,0,2026-01-24,13,quantile,0.85,228.0
2026-01-24,wk inc flu hosp,0,2026-01-24,13,quantile,0.9,240.0
2026-01-24,wk inc flu hosp,0,2026-01-24,13,quantile,0.95,259.0
2026-01-24,wk inc flu hosp,0,2026-01-24,13,quantile,0.975,271.0
2026-01-24,wk inc flu hosp,0,2026-01-24,13,quantile,0.99,283.0
2026-01-24,wk inc flu hosp,0,2026-01-24,15,quantile,0.01,3.0
2026-01-24,wk inc flu hosp,0,2026-01-24,15,quantile,0.025,6.0
2026-01-24,wk inc flu hosp,0,2026-01-24,15,quantile,0.05,9.0
2026-01-24,wk inc flu hosp,0,2026-01-24,15,quantile,0.1,17.0
2026-01-24,wk inc flu hosp,0,2026-01-24,15,quantile,0.15,25.0
2026-01-24,wk inc flu hosp,0,2026-01-24,15,quantile,0.2,31.0
2026-01-24,wk inc flu hosp,0,2026-01-24,15,quantile,0.25,35.0
2026-01-24,wk inc flu hosp,0,2026-01-24,15,quantile,0.3,37.0
2026-01-24,wk inc flu hosp,0,2026-01-24,15,quantile,0.35,39.0
2026-01-24,wk inc flu hosp,0,2026-01-24,15,quantile,0.4,40.0
2026-01-24,wk inc flu hosp,0,2026-01-24,15,quantile,0.45,42.0
2026-01-24,wk inc flu hosp,0,2026-01-24,15,quantile,0.5,43.0
2026-01-24,wk inc flu hosp,0,2026-01-24,15,quantile,0.55,45.0
2026-01-24,wk inc flu hosp,0,2026-01-24,15,quantile,0.6,47.0
2026-01-24,wk inc flu hosp,0,2026-01-24,15,quantile,0.65,49.0
2026-01-24,wk inc flu hosp,0,2026-01-24,15,quantile,0.7,51.0
2026-01-24,wk inc flu hosp,0,2026-01-24,15,quantile,0.75,54.0
2026-01-24,wk inc flu hosp,0,2026-01-24,15,quantile,0.8,57.0
2026-01-24,wk inc flu hosp,0,2026-01-24,15,quantile,0.85,62.0
2026-01-24,wk inc flu hosp,0,2026-01-24,15,quantile,0.9,68.0
2026-01-24,wk inc flu hosp,0,2026-01-24,15,quantile,0.95,80.0
2026-01-24,wk inc flu hosp,0,2026-01-24,15,quantile,0.975,84.0
2026-01-24,wk inc flu hosp,0,2026-01-24,15,quantile,0.99,87.0
2026-01-24,wk inc flu hosp,0,2026-01-24,16,quantile,0.01,21.0
2026-01-24,wk inc flu hosp,0,2026-01-24,16,quantile,0.025,26.0
2026-01-24,wk inc flu hosp,0,2026-01-24,16,quantile,0.05,29.0
2026-01-24,wk inc flu hosp,0,2026-01-24,16,quantile,0.1,32.0
2026-01-24,wk inc flu hosp,0,2026-01-24,16,quantile,0.15,36.0
2026-01-24,wk inc flu hosp,0,2026-01-24,16,quantile,0.2,39.0
2026-01-24,wk inc flu hosp,0,2026-01-24,16,quantile,0.25,41.0
2026-01-24,wk inc flu hosp,0,2026-01-24,16,quantile,0.3,42.0
2026-01-24,wk inc flu hosp,0,2026-01-24,16,quantile,0.35,44.0
2026-01-24,wk inc flu hosp,0,2026-01-24,16,quantile,0.4,45.0
2026-01-24,wk inc flu hosp,0,2026-01-24,16,quantile,0.45,47.0
2026-01-24,wk inc flu hosp,0,2026-01-24,16,quantile,0.5,48.0
2026-01-24,wk inc flu hosp,0,2026-01-24,16,quantile,0.55,50.0
2026-01-24,wk inc flu hosp,0,2026-01-24,16,quantile,0.6,52.0
2026-01-24,wk inc flu hosp,0,2026-01-24,16,quantile,0.65,53.0
2026-01-24,wk inc flu hosp,0,2026-01-24,16,quantile,0.7,55.0
2026-01-24,wk inc flu hosp,0,2026-01-24,16,quantile,0.75,56.0
2026-01-24,wk inc flu hosp,0,2026-01-24,16,quantile,0.8,58.0
2026-01-24,wk inc flu hosp,0,2026-01-24,16,quantile,0.85,61.0
2026-01-24,wk inc flu hosp,0,2026-01-24,16,quantile,0.9,67.0
2026-01-24,wk inc flu hosp,0,2026-01-24,16,quantile,0.95,75.0
2026-01-24,wk inc flu hosp,0,2026-01-24,16,quantile,0.975,79.0
2026-01-24,wk inc flu hosp,0,2026-01-24,16,quantile,0.99,81.0
2026-01-24,wk inc flu hosp,0,2026-01-24,17,quantile,0.01,108.0
2026-01-24,wk inc flu hosp,0,2026-01-24,17,quantile,0.025,136.0
2026-01-24,wk inc flu hosp,0,2026-01-24,17,quantile,0.05,174.0
2026-01-24,wk inc flu hosp,0,2026-01-24,17,quantile,0.1,201.0
2026-01-24,wk inc flu hosp,0,2026-01-24,17,quantile,0.15,221.0
2026-01-24,wk inc flu hosp,0,2026-01-24,17,quantile,0.2,236.0
2026-01-24,wk inc flu hosp,0,2026-01-24,17,quantile,0.25,251.0
2026-01-24,wk inc flu hosp,0,2026-01-24,17,quantile,0.3,264.0
2026-01-24,wk inc flu hosp,0,2026-01-24,17,quantile,0.35,275.0
2026-01-24,wk inc flu hosp,0,2026-01-24,17,quantile,0.4,290.0
2026-01-24,wk inc flu hosp,0,2026-01-24,17,quantile,0.45,297.0
2026-01-24,wk inc flu hosp,0,2026-01-24,17,quantile,0.5,309.0
2026-01-24,wk inc flu hosp,0,2026-01-24,17,quantile,0.55,318.0
2026-01-24,wk inc flu hosp,0,2026-01-24,17,quantile,0.6,328.0
2026-01-24,wk inc flu hosp,0,2026-01-24,17,quantile,0.65,340.0
2026-01-24,wk inc flu hosp,0,2026-01-24,17,quantile,0.7,352.0
2026-01-24,wk inc flu hosp,0,2026-01-24,17,quantile,0.75,361.0
2026-01-24,wk inc flu hosp,0,2026-01-24,17,quantile,0.8,372.0
2026-01-24,wk inc flu hosp,0,2026-01-24,17,quantile,0.85,384.0
2026-01-24,wk inc flu hosp,0,2026-01-24,17,quantile,0.9,406.0
2026-01-24,wk inc flu hosp,0,2026-01-24,17,quantile,0.95,456.0
2026-01-24,wk inc flu hosp,0,2026-01-24,17,quantile,0.975,505.0
2026-01-24,wk inc flu hosp,0,2026-01-24,17,quantile,0.99,559.0
2026-01-24,wk inc flu hosp,0,2026-01-24,18,quantile,0.01,44.0
2026-01-24,wk inc flu hosp,0,2026-01-24,18,quantile,0.025,48.0
2026-01-24,wk inc flu hosp,0,2026-01-24,18,quantile,0.05,56.0
2026-01-24,wk inc flu hosp,0,2026-01-24,18,quantile,0.1,84.0
2026-01-24,wk inc flu hosp,0,2026-01-24,18,quantile,0.15,104.0
2026-01-24,wk inc flu hosp,0,2026-01-24,18,quantile,0.2,118.0
2026-01-24,wk inc flu hosp,0,2026-01-24,18,quantile,0.25,130.0
2026-01-24,wk inc flu hosp,0,2026-01-24,18,quantile,0.3,140.0
2026-01-24,wk inc flu hosp,0,2026-01-24,18,quantile,0.35,151.0
2026-01-24,wk inc flu hosp,0,2026-01-24,18,quantile,0.4,156.0
2026-01-24,wk inc flu hosp,0,2026-01-24,18,quantile,0.45,160.0
2026-01-24,wk inc flu hosp,0,2026-01-24,18,quantile,0.5,164.0
2026-01-24,wk inc flu hosp,0,2026-01-24,18,quantile,0.55,168.0
2026-01-24,wk inc flu hosp,0,2026-01-24,18,quantile,0.6,173.0
2026-01-24,wk inc flu hosp,0,2026-01-24,18,quantile,0.65,178.0
2026-01-24,wk inc flu hosp,0,2026-01-24,18,quantile,0.7,183.0
2026-01-24,wk inc flu hosp,0,2026-01-24,18,quantile,0.75,191.0
2026-01-24,wk inc flu hosp,0,2026-01-24,18,quantile,0.8,199.0
2026-01-24,wk inc flu hosp,0,2026-01-24,18,quantile,0.85,210.0
2026-01-24,wk inc flu hosp,0,2026-01-24,18,quantile,0.9,234.0
2026-01-24,wk inc flu hosp,0,2026-01-24,18,quantile,0.95,261.0
2026-01-24,wk inc flu hosp,0,2026-01-24,18,quantile,0.975,277.0
2026-01-24,wk inc flu hosp,0,2026-01-24,18,quantile,0.99,291.0
2026-01-24,wk inc flu hosp,0,2026-01-24,19,quantile,0.01,95.0
2026-01-24,wk inc flu hosp,0,2026-01-24,19,quantile,0.025,101.0
2026-01-24,wk inc flu hosp,0,2026-01-24,19,quantile,0.05,108.0
2026-01-24,wk inc flu hosp,0,2026-01-24,19,quantile,0.1,117.0
2026-01-24,wk inc flu hosp,0,2026-01-24,19,quantile,0.15,122.0
2026-01-24,wk inc flu hosp,0,2026-01-24,19,quantile,0.2,126.0
2026-01-24,wk inc flu hosp,0,2026-01-24,19,quantile,0.25,130.0
2026-01-24,wk inc flu hosp,0,2026-01-24,19,quantile,0.3,133.0
2026-01-24,wk inc flu hosp,0,2026-01-24,19,quantile,0.35,137.0
2026-01-24,wk inc flu hosp,0,2026-01-24,19,quantile,0.4,140.0
2026-01-24,wk inc flu hosp,0,2026-01-24,19,quantile,0.45,143.0
2026-01-24,wk inc flu hosp,0,2026-01-24,19,quantile,0.5,146.0
2026-01-24,wk inc flu hosp,0,2026-01-24,19,quantile,0.55,150.0
2026-01-24,wk inc flu hosp,0,2026-01-24,19,quantile,0.6,154.0
2026-01-24,wk inc flu hosp,0,2026-01-24,19,quantile,0.65,157.0
2026-01-24,wk inc flu hosp,0,2026-01-24,19,quantile,0.7,160.0
2026-01-24,wk inc flu hosp,0,2026-01-24,19,quantile,0.75,163.0
2026-01-24,wk inc flu hosp,0,2026-01-24,19,quantile,0.8,166.0
2026-01-24,wk inc flu hosp,0,2026-01-24,19,quantile,0.85,169.0
2026-01-24,wk inc flu hosp,0,2026-01-24,19,quantile,0.9,173.0
2026-01-24,wk inc flu hosp,0,2026-01-24,19,quantile,0.95,179.0
2026-01-24,wk inc flu hosp,0,2026-01-24,19,quantile,0.975,185.0
2026-01-24,wk inc flu hosp,0,2026-01-24,19,quantile,0.99,192.0
2026-01-24,wk inc flu hosp,0,2026-01-24,20,quantile,0.01,80.0
2026-01-24,wk inc flu hosp,0,2026-01-24,20,quantile,0.025,85.0
2026-01-24,wk inc flu hosp,0,2026-01-24,20,quantile,0.05,90.0
2026-01-24,wk inc flu hosp,0,2026-01-24,20,quantile,0.1,97.0
2026-01-24,wk inc flu hosp,0,2026-01-24,20,quantile,0.15,103.0
2026-01-24,wk inc flu hosp,0,2026-01-24,20,quantile,0.2,108.0
2026-01-24,wk inc flu hosp,0,2026-01-24,20,quantile,0.25,114.0
2026-01-24,wk inc flu hosp,0,2026-01-24,20,quantile,0.3,119.0
2026-01-24,wk inc flu hosp,0,2026-01-24,20,quantile,0.35,121.0
2026-01-24,wk inc flu hosp,0,2026-01-24,20,quantile,0.4,123.0
2026-01-24,wk inc flu hosp,0,2026-01-24,20,quantile,0.45,125.0
2026-01-24,wk inc flu hosp,0,2026-01-24,20,quantile,0.5,127.0
2026-01-24,wk inc flu hosp,0,2026-01-24,20,quantile,0.55,129.0
2026-01-24,wk inc flu hosp,0,2026-01-24,20,quantile,0.6,132.0
2026-01-24,wk inc flu hosp,0,2026-01-24,20,quantile,0.65,134.0
2026-01-24,wk inc flu hosp,0,2026-01-24,20,quantile,0.7,137.0
2026-01-24,wk inc flu hosp,0,2026-01-24,20,quantile,0.75,139.0
2026-01-24,wk inc flu hosp,0,2026-01-24,20,quantile,0.8,140.0
2026-01-24,wk inc flu hosp,0,2026-01-24,20,quantile,0.85,141.0
2026-01-24,wk inc flu hosp,0,2026-01-24,20,quantile,0.9,143.0
2026-01-24,wk inc flu hosp,0,2026-01-24,20,quantile,0.95,151.0
2026-01-24,wk inc flu hosp,0,2026-01-24,20,quantile,0.975,162.0
2026-01-24,wk inc flu hosp,0,2026-01-24,20,quantile,0.99,180.0
2026-01-24,wk inc flu hosp,0,2026-01-24,21,quantile,0.01,28.0
2026-01-24,wk inc flu hosp,0,2026-01-24,21,quantile,0.025,34.0
2026-01-24,wk inc flu hosp,0,2026-01-24,21,quantile,0.05,36.0
2026-01-24,wk inc flu hosp,0,2026-01-24,21,quantile,0.1,55.0
2026-01-24,wk inc flu hosp,0,2026-01-24,21,quantile,0.15,73.0
2026-01-24,wk inc flu hosp,0,2026-01-24,21,quantile,0.2,87.0
2026-01-24,wk inc flu hosp,0,2026-01-24,21,quantile,0.25,98.0
2026-01-24,wk inc flu hosp,0,2026-01-24,21,quantile,0.3,106.0
2026-01-24,wk inc flu hosp,0,2026-01-24,21,quantile,0.35,114.0
2026-01-24,wk inc flu hosp,0,2026-01-24,21,quantile,0.4,123.0
2026-01-24,wk inc flu hosp,0,2026-01-24,21,quantile,0.45,133.0
2026-01-24,wk inc flu hosp,0,2026-01-24,21,quantile,0.5,138.0
2026-01-24,wk inc flu hosp,0,2026-01-24,21,quantile,0.55,142.0
2026-01-24,wk inc flu hosp,0,2026-01-24,21,quantile,0.6,145.0
2026-01-24,wk inc flu hosp,0,2026-01-24,21,quantile,0.65,149.0
2026-01-24,wk inc flu hosp,0,2026-01-24,21,quantile,0.7,153.0
2026-01-24,wk inc flu hosp,0,2026-01-24,21,quantile,0.75,159.0
2026-01-24,wk inc flu hosp,0,2026-01-24,21,quantile,0.8,165.0
2026-01-24,wk inc flu hosp,0,2026-01-24,21,quantile,0.85,171.0
2026-01-24,wk inc flu hosp,0,2026-01-24,21,quantile,0.9,183.0
2026-01-24,wk inc flu hosp,0,2026-01-24,21,quantile,0.95,203.0
2026-01-24,wk inc flu hosp,0,2026-01-24,21,quantile,0.975,212.0
2026-01-24,wk inc flu hosp,0,2026-01-24,21,quantile,0.99,232.0
2026-01-24,wk inc flu hosp,0,2026-01-24,22,quantile,0.01,51.0
2026-01-24,wk inc flu hosp,0,2026-01-24,22,quantile,0.025,60.0
2026-01-24,wk inc flu hosp,0,2026-01-24,22,quantile,0.05,69.0
2026-01-24,wk inc flu hosp,0,2026-01-24,22,quantile,0.1,81.0
2026-01-24,wk inc flu hosp,0,2026-01-24,22,quantile,0.15,89.0
2026-01-24,wk inc flu hosp,0,2026-01-24,22,quantile,0.2,95.0
2026-01-24,wk inc flu hosp,0,2026-01-24,22,quantile,0.25,100.0
2026-01-24,wk inc flu hosp,0,2026-01-24,22,quantile,0.3,104.0
2026-01-24,wk inc flu hosp,0,2026-01-24,22,quantile,0.35,108.0
2026-01-24,wk inc flu hosp,0,2026-01-24,22,quantile,0.4,112.0
2026-01-24,wk inc flu hosp,0,2026-01-24,22,quantile,0.45,116.0
2026-01-24,wk inc flu hosp,0,2026-01-24,22,quantile,0.5,119.0
2026-01-24,wk inc flu hosp,0,2026-01-24,22,quantile,0.55,124.0
2026-01-24,wk inc flu hosp,0,2026-01-24,22,quantile,0.6,128.0
2026-01-24,wk inc flu hosp,0,2026-01-24,22,quantile,0.65,134.0
2026-01-24,wk inc flu hosp,0,2026-01-24,22,quantile,0.7,140.0
2026-01-24,wk inc flu hosp,0,2026-01-24,22,quantile,0.75,147.0
2026-01-24,wk inc flu hosp,0,2026-01-24,22,quantile,0.8,154.0
2026-01-24,wk inc flu hosp,0,2026-01-24,22,quantile,0.85,163.0
2026-01-24,wk inc flu hosp,0,2026-01-24,22,quantile,0.9,172.0
2026-01-24,wk inc flu hosp,0,2026-01-24,22,quantile,0.95,187.0
2026-01-24,wk inc flu hosp,0,2026-01-24,22,quantile,0.975,196.0
2026-01-24,wk inc flu hosp,0,2026-01-24,22,quantile,0.99,201.0
2026-01-24,wk inc flu hosp,0,2026-01-24,23,quantile,0.01,27.0
2026-01-24,wk inc flu hosp,0,2026-01-24,23,quantile,0.025,29.0
2026-01-24,wk inc flu hosp,0,2026-01-24,23,quantile,0.05,32.0
2026-01-24,wk inc flu hosp,0,2026-01-24,23,quantile,0.1,35.0
2026-01-24,wk inc flu hosp,0,2026-01-24,23,quantile,0.15,37.0
2026-01-24,wk inc flu hosp,0,2026-01-24,23,quantile,0.2,39.0
2026-01-24,wk inc flu hosp,0,2026-01-24,23,quantile,0.25,40.0
2026-01-24,wk inc flu hosp,0,2026-01-24,23,quantile,0.3,42.0
2026-01-24,wk inc flu hosp,0,2026-01-24,23,quantile,0.35,43.0
2026-01-24,wk inc flu hosp,0,2026-01-24,23,quantile,0.4,44.0
2026-01-24,wk inc flu hosp,0,2026-01-24,23,quantile,0.45,45.0
2026-01-24,wk inc flu hosp,0,2026-01-24,23,quantile,0.5,46.0
2026-01-24,wk inc flu hosp,0,2026-01-24,23,quantile,0.55,48.0
2026-01-24,wk inc flu hosp,0,2026-01-24,23,quantile,0.6,49.0
2026-01-24,wk inc flu hosp,0,2026-01-24,23,quantile,0.65,50.0
2026-01-24,wk inc flu hosp,0,2026-01-24,23,quantile,0.7,51.0
2026-01-24,wk inc flu hosp,0,2026-01-24,23,quantile,0.75,53.0
2026-01-24,wk inc flu hosp,0,2026-01-24,23,quantile,0.8,54.0
2026-01-24,wk inc flu hosp,0,2026-01-24,23,quantile,0.85,55.0
2026-01-24,wk inc flu hosp,0,2026-01-24,23,quantile,0.9,58.0
2026-01-24,wk inc flu hosp,0,2026-01-24,23,quantile,0.95,60.0
2026-01-24,wk inc flu hosp,0,2026-01-24,23,quantile,0.975,63.0
2026-01-24,wk inc flu hosp,0,2026-01-24,23,quantile,0.99,66.0
2026-01-24,wk inc flu hosp,0,2026-01-24,24,quantile,0.01,38.0
2026-01-24,wk inc flu hosp,0,2026-01-24,24,quantile,0.025,47.0
2026-01-24,wk inc flu hosp,0,2026-01-24,24,quantile,0.05,62.0
2026-01-24,wk inc flu hosp,0,2026-01-24,24,quantile,0.1,84.0
2026-01-24,wk inc flu hosp,0,2026-01-24,24,quantile,0.15,100.0
2026-01-24,wk inc flu hosp,0,2026-01-24,24,quantile,0.2,116.0
2026-01-24,wk inc flu hosp,0,2026-01-24,24,quantile,0.25,132.0
2026-01-24,wk inc flu hosp,0,2026-01-24,24,quantile,0.3,145.0
2026-01-24,wk inc flu hosp,0,2026-01-24,24,quantile,0.35,158.0
2026-01-24,wk inc flu hosp,0,2026-01-24,24,quantile,0.4,168.0
2026-01-24,wk inc flu hosp,0,2026-01-24,24,quantile,0.45,179.0
2026-01-24,wk inc flu hosp,0,2026-01-24,24,quantile,0.5,188.0
2026-01-24,wk inc flu hosp,0,2026-01-24,24,quantile,0.55,199.0
2026-01-24,wk inc flu hosp,0,2026-01-24,24,quantile,0.6,207.0
2026-01-24,wk inc flu hosp,0,2026-01-24,24,quantile,0.65,213.0
2026-01-24,wk inc flu hosp,0,2026-01-24,24,quantile,0.7,221.0
2026-01-24,wk inc flu hosp,0,2026-01-24,24,quantile,0.75,231.0
2026-01-24,wk inc flu hosp,0,2026-01-24,24,quantile,0.8,239.0
2026-01-24,wk inc flu hosp,0,2026-01-24,24,quantile,0.85,248.0
2026-01-24,wk inc flu hosp,0,2026-01-24,24,quantile,0.9,262.0
2026-01-24,wk inc flu hosp,0,2026-01-24,24,quantile,0.95,278.0
2026-01-24,wk inc flu hosp,0,2026-01-24,24,quantile,0.975,297.0
2026-01-24,wk inc flu hosp,0,2026-01-24,24,quantile,0.99,323.0
2026-01-24,wk inc flu hosp,0,2026-01-24,25,quantile,0.01,98.0
2026-01-24,wk inc flu hosp,0,2026-01-24,25,quantile,0.025,113.0
2026-01-24,wk inc flu hosp,0,2026-01-24,25,quantile,0.05,131.0
2026-01-24,wk inc flu hosp,0,2026-01-24,25,quantile,0.1,142.0
2026-01-24,wk inc flu hosp,0,2026-01-24,25,quantile,0.15,149.0
2026-01-24,wk inc flu hosp,0,2026-01-24,25,quantile,0.2,155.0
2026-01-24,wk inc flu hosp,0,2026-01-24,25,quantile,0.25,160.0
2026-01-24,wk inc flu hosp,0,2026-01-24,25,quantile,0.3,165.0
2026-01-24,wk inc flu hosp,0,2026-01-24,25,quantile,0.35,168.0
2026-01-24,wk inc flu hosp,0,2026-01-24,25,quantile,0.4,171.0
2026-01-24,wk inc flu hosp,0,2026-01-24,25,quantile,0.45,174.0
2026-01-24,wk inc flu hosp,0,2026-01-24,25,quantile,0.5,178.0
2026-01-24,wk inc flu hosp,0,2026-01-24,25,quantile,0.55,181.0
2026-01-24,wk inc flu hosp,0,2026-01-24,25,quantile,0.6,185.0
2026-01-24,wk inc flu hosp,0,2026-01-24,25,quantile,0.65,189.0
2026-01-24,wk inc flu hosp,0,2026-01-24,25,quantile,0.7,193.0
2026-01-24,wk inc flu hosp,0,2026-01-24,25,quantile,0.75,199.0
2026-01-24,wk inc flu hosp,0,2026-01-24,25,quantile,0.8,204.0
2026-01-24,wk inc flu hosp,0,2026-01-24,25,quantile,0.85,208.0
2026-01-24,wk inc flu hosp,0,2026-01-24,25,quantile,0.9,215.0
2026-01-24,wk inc flu hosp,0,2026-01-24,25,quantile,0.95,227.0
2026-01-24,wk inc flu hosp,0,2026-01-24,25,quantile,0.975,235.0
2026-01-24,wk inc flu hosp,0,2026-01-24,25,quantile,0.99,245.0
2026-01-24,wk inc flu hosp,0,2026-01-24,26,quantile,0.01,157.0
2026-01-24,wk inc flu hosp,0,2026-01-24,26,quantile,0.025,193.0
2026-01-24,wk inc flu hosp,0,2026-01-24,26,quantile,0.05,218.0
2026-01-24,wk inc flu hosp,0,2026-01-24,26,quantile,0.1,242.0
2026-01-24,wk inc flu hosp,0,2026-01-24,26,quantile,0.15,259.0
2026-01-24,wk inc flu hosp,0,2026-01-24,26,quantile,0.2,273.0
2026-01-24,wk inc flu hosp,0,2026-01-24,26,quantile,0.25,287.0
2026-01-24,wk inc flu hosp,0,2026-01-24,26,quantile,0.3,299.0
2026-01-24,wk inc flu hosp,0,2026-01-24,26,quantile,0.35,311.0
2026-01-24,wk inc flu hosp,0,2026-01-24,26,quantile,0.4,323.0
2026-01-24,wk inc flu hosp,0,2026-01-24,26,quantile,0.45,333.0
2026-01-24,wk inc flu hosp,0,2026-01-24,26,quantile,0.5,345.0
2026-01-24,wk inc flu hosp,0,2026-01-24,26,quantile,0.55,357.0
2026-01-24,wk inc flu hosp,0,2026-01-24,26,quantile,0.6,367.0
2026-01-24,wk inc flu hosp,0,2026-01-24,26,quantile,0.65,382.0
2026-01-24,wk inc flu hosp,0,2026-01-24,26,quantile,0.7,392.0
2026-01-24,wk inc flu hosp,0,2026-01-24,26,quantile,0.75,402.0
2026-01-24,wk inc flu hosp,0,2026-01-24,26,quantile,0.8,415.0
2026-01-24,wk inc flu hosp,0,2026-01-24,26,quantile,0.85,429.0
2026-01-24,wk inc flu hosp,0,2026-01-24,26,quantile,0.9,448.0
2026-01-24,wk inc flu hosp,0,2026-01-24,26,quantile,0.95,474.0
2026-01-24,wk inc flu hosp,0,2026-01-24,26,quantile,0.975,496.0
2026-01-24,wk inc flu hosp,0,2026-01-24,26,quantile,0.99,521.0
2026-01-24,wk inc flu hosp,0,2026-01-24,27,quantile,0.01,95.0
2026-01-24,wk inc flu hosp,0,2026-01-24,27,quantile,0.025,115.0
2026-01-24,wk inc flu hosp,0,2026-01-24,27,quantile,0.05,131.0
2026-01-24,wk inc flu hosp,0,2026-01-24,27,quantile,0.1,149.0
2026-01-24,wk inc flu hosp,0,2026-01-24,27,quantile,0.15,160.0
2026-01-24,wk inc flu hosp,0,2026-01-24,27,quantile,0.2,168.0
2026-01-24,wk inc flu hosp,0,2026-01-24,27,quantile,0.25,174.0
2026-01-24,wk inc flu hosp,0,2026-01-24,27,quantile,0.3,181.0
2026-01-24,wk inc flu hosp,0,2026-01-24,27,quantile,0.35,187.0
2026-01-24,wk inc flu hosp,0,2026-01-24,27,quantile,0.4,194.0
2026-01-24,wk inc flu hosp,0,2026-01-24,27,quantile,0.45,202.0
2026-01-24,wk inc flu hosp,0,2026-01-24,27,quantile,0.5,208.0
2026-01-24,wk inc flu hosp,0,2026-01-24,27,quantile,0.55,214.0
2026-01-24,wk inc flu hosp,0,2026-01-24,27,quantile,0.6,221.0
2026-01-24,wk inc flu hosp,0,2026-01-24,27,quantile,0.65,228.0
2026-01-24,wk inc flu hosp,0,2026-01-24,27,quantile,0.7,235.0
2026-01-24,wk inc flu hosp,0,2026-01-24,27,quantile,0.75,245.0
2026-01-24,wk inc flu hosp,0,2026-01-24,27,quantile,0.8,255.0
2026-01-24,wk inc flu hosp,0,2026-01-24,27,quantile,0.85,262.0
2026-01-24,wk inc flu hosp,0,2026-01-24,27,quantile,0.9,274.0
2026-01-24,wk inc flu hosp,0,2026-01-24,27,quantile,0.95,295.0
2026-01-24,wk inc flu hosp,0,2026-01-24,27,quantile,0.975,334.0
2026-01-24,wk inc flu hosp,0,2026-01-24,27,quantile,0.99,363.0
2026-01-24,wk inc flu hosp,0,2026-01-24,28,quantile,0.01,4.0
2026-01-24,wk inc flu hosp,0,2026-01-24,28,quantile,0.025,9.0
2026-01-24,wk inc flu hosp,0,2026-01-24,28,quantile,0.05,13.0
2026-01-24,wk inc flu hosp,0,2026-01-24,28,quantile,0.1,19.0
2026-01-24,wk inc flu hosp,0,2026-01-24,28,quantile,0.15,27.0
2026-01-24,wk inc flu hosp,0,2026-01-24,28,quantile,0.2,33.0
2026-01-24,wk inc flu hosp,0,2026-01-24,28,quantile,0.25,39.0
2026-01-24,wk inc flu hosp,0,2026-01-24,28,quantile,0.3,44.0
2026-01-24,wk inc flu hosp,0,2026-01-24,28,quantile,0.35,48.0
2026-01-24,wk inc flu hosp,0,2026-01-24,28,quantile,0.4,52.0
2026-01-24,wk inc flu hosp,0,2026-01-24,28,quantile,0.45,56.0
2026-01-24,wk inc flu hosp,0,2026-01-24,28,quantile,0.5,60.0
2026-01-24,wk inc flu hosp,0,2026-01-24,28,quantile,0.55,64.0
2026-01-24,wk inc flu hosp,0,2026-01-24,28,quantile,0.6,69.0
2026-01-24,wk inc flu hosp,0,2026-01-24,28,quantile,0.65,73.0
2026-01-24,wk inc flu hosp,0,2026-01-24,28,quantile,0.7,75.0
2026-01-24,wk inc flu hosp,0,2026-01-24,28,quantile,0.75,78.0
2026-01-24,wk inc flu hosp,0,2026-01-24,28,quantile,0.8,82.0
2026-01-24,wk inc flu hosp,0,2026-01-24,28,quantile,0.85,86.0
2026-01-24,wk inc flu hosp,0,2026-01-24,28,quantile,0.9,93.0
2026-01-24,wk inc flu hosp,0,2026-01-24,28,quantile,0.95,104.0
2026-01-24,wk inc flu hosp,0,2026-01-24,28,quantile,0.975,113.0
2026-01-24,wk inc flu hosp,0,2026-01-24,28,quantile,0.99,123.0
2026-01-24,wk inc flu hosp,0,2026-01-24,30,quantile,0.01,8.0
2026-01-24,wk inc flu hosp,0,2026-01-24,30,quantile,0.025,8.0
2026-01-24,wk inc flu hosp,0,2026-01-24,30,quantile,0.05,11.0
2026-01-24,wk inc flu hosp,0,2026-01-24,30,quantile,0.1,15.0
2026-01-24,wk inc flu hosp,0,2026-01-24,30,quantile,0.15,17.0
2026-01-24,wk inc flu hosp,0,2026-01-24,30,quantile,0.2,19.0
2026-01-24,wk inc flu hosp,0,2026-01-24,30,quantile,0.25,20.0
2026-01-24,wk inc flu hosp,0,2026-01-24,30,quantile,0.3,21.0
2026-01-24,wk inc flu hosp,0,2026-01-24,30,quantile,0.35,23.0
2026-01-24,wk inc flu hosp,0,2026-01-24,30,quantile,0.4,24.0
2026-01-24,wk inc flu hosp,0,2026-01-24,30,quantile,0.45,25.0
2026-01-24,wk inc flu hosp,0,2026-01-24,30,quantile,0.5,26.0
2026-01-24,wk inc flu hosp,0,2026-01-24,30,quantile,0.55,27.0
2026-01-24,wk inc flu hosp,0,2026-01-24,30,quantile,0.6,28.0
2026-01-24,wk inc flu hosp,0,2026-01-24,30,quantile,0.65,29.0
2026-01-24,wk inc flu hosp,0,2026-01-24,30,quantile,0.7,30.0
2026-01-24,wk inc flu hosp,0,2026-01-24,30,quantile,0.75,31.0
2026-01-24,wk inc flu hosp,0,2026-01-24,30,quantile,0.8,32.0
2026-01-24,wk inc flu hosp,0,2026-01-24,30,quantile,0.85,32.0
2026-01-24,wk inc flu hosp,0,2026-01-24,30,quantile,0.9,33.0
2026-01-24,wk inc flu hosp,0,2026-01-24,30,quantile,0.95,35.0
2026-01-24,wk inc flu hosp,0,2026-01-24,30,quantile,0.975,36.0
2026-01-24,wk inc flu hosp,0,2026-01-24,30,quantile,0.99,38.0
2026-01-24,wk inc flu hosp,0,2026-01-24,31,quantile,0.01,34.0
2026-01-24,wk inc flu hosp,0,2026-01-24,31,quantile,0.025,37.0
2026-01-24,wk inc flu hosp,0,2026-01-24,31,quantile,0.05,40.0
2026-01-24,wk inc flu hosp,0,2026-01-24,31,quantile,0.1,44.0
2026-01-24,wk inc flu hosp,0,2026-01-24,31,quantile,0.15,47.0
2026-01-24,wk inc flu hosp,0,2026-01-24,31,quantile,0.2,49.0
2026-01-24,wk inc flu hosp,0,2026-01-24,31,quantile,0.25,50.0
2026-01-24,wk inc flu hosp,0,2026-01-24,31,quantile,0.3,52.0
2026-01-24,wk inc flu hosp,0,2026-01-24,31,quantile,0.35,53.0
2026-01-24,wk inc flu hosp,0,2026-01-24,31,quantile,0.4,54.0
2026-01-24,wk inc flu hosp,0,2026-01-24,31,quantile,0.45,56.0
2026-01-24,wk inc flu hosp,0,2026-01-24,31,quantile,0.5,57.0
2026-01-24,wk inc flu hosp,0,2026-01-24,31,quantile,0.55,58.0
2026-01-24,wk inc flu hosp,0,2026-01-24,31,quantile,0.6,60.0
2026-01-24,wk inc flu hosp,0,2026-01-24,31,quantile,0.65,61.0
2026-01-24,wk inc flu hosp,0,2026-01-24,31,quantile,0.7,62.0
2026-01-24,wk inc flu hosp,0,2026-01-24,31,quantile,0.75,64.0
2026-01-24,wk inc flu hosp,0,2026-01-24,31,quantile,0.8,65.0
2026-01-24,wk inc flu hosp,0,2026-01-24,31,quantile,0.85,68.0
2026-01-24,wk inc flu hosp,0,2026-01-24,31,quantile,0.9,70.0
2026-01-24,wk inc flu hosp,0,2026-01-24,31,quantile,0.95,74.0
2026-01-24,wk inc flu hosp,0,2026-01-24,31,quantile,0.975,78.0
2026-01-24,wk inc flu hosp,0,2026-01-24,31,quantile,0.99,81.0
2026-01-24,wk inc flu hosp,0,2026-01-24,32,quantile,0.01,15.0
2026-01-24,wk inc flu hosp,0,2026-01-24,32,quantile,0.025,21.0
2026-01-24,wk inc flu hosp,0,2026-01-24,32,quantile,0.05,27.0
2026-01-24,wk inc flu hosp,0,2026-01-24,32,quantile,0.1,32.0
2026-01-24,wk inc flu hosp,0,2026-01-24,32,quantile,0.15,36.0
2026-01-24,wk inc flu hosp,0,2026-01-24,32,quantile,0.2,39.0
2026-01-24,wk inc flu hosp,0,2026-01-24,32,quantile,0.25,41.0
2026-01-24,wk inc flu hosp,0,2026-01-24,32,quantile,0.3,44.0
2026-01-24,wk inc flu hosp,0,2026-01-24,32,quantile,0.35,46.0
2026-01-24,wk inc flu hosp,0,2026-01-24,32,quantile,0.4,47.0
2026-01-24,wk inc flu hosp,0,2026-01-24,32,quantile,0.45,49.0
2026-01-24,wk inc flu hosp,0,2026-01-24,32,quantile,0.5,51.0
2026-01-24,wk inc flu hosp,0,2026-01-24,32,quantile,0.55,53.0
2026-01-24,wk inc flu hosp,0,2026-01-24,32,quantile,0.6,54.0
2026-01-24,wk inc flu hosp,0,2026-01-24,32,quantile,0.65,55.0
2026-01-24,wk inc flu hosp,0,2026-01-24,32,quantile,0.7,56.0
2026-01-24,wk inc flu hosp,0,2026-01-24,32,quantile,0.75,57.0
2026-01-24,wk inc flu hosp,0,2026-01-24,32,quantile,0.8,59.0
2026-01-24,wk inc flu hosp,0,2026-01-24,32,quantile,0.85,60.0
2026-01-24,wk inc flu hosp,0,2026-01-24,32,quantile,0.9,62.0
2026-01-24,wk inc flu hosp,0,2026-01-24,32,quantile,0.95,65.0
2026-01-24,wk inc flu hosp,0,2026-01-24,32,quantile,0.975,67.0
2026-01-24,wk inc flu hosp,0,2026-01-24,32,quantile,0.99,70.0
2026-01-24,wk inc flu hosp,0,2026-01-24,33,quantile,0.01,46.0
2026-01-24,wk inc flu hosp,0,2026-01-24,33,quantile,0.025,49.0
2026-01-24,wk inc flu hosp,0,2026-01-24,33,quantile,0.05,52.0
2026-01-24,wk inc flu hosp,0,2026-01-24,33,quantile,0.1,54.0
2026-01-24,wk inc flu hosp,0,2026-01-24,33,quantile,0.15,57.0
2026-01-24,wk inc flu hosp,0,2026-01-24,33,quantile,0.2,59.0
2026-01-24,wk inc flu hosp,0,2026-01-24,33,quantile,0.25,61.0
2026-01-24,wk inc flu hosp,0,2026-01-24,33,quantile,0.3,63.0
2026-01-24,wk inc flu hosp,0,2026-01-24,33,quantile,0.35,64.0
2026-01-24,wk inc flu hosp,0,2026-01-24,33,quantile,0.4,65.0
2026-01-24,wk inc flu hosp,0,2026-01-24,33,quantile,0.45,66.0
2026-01-24,wk inc flu hosp,0,2026-01-24,33,quantile,0.5,67.0
2026-01-24,wk inc flu hosp,0,2026-01-24,33,quantile,0.55,68.0
2026-01-24,wk inc flu hosp,0,2026-01-24,33,quantile,0.6,69.0
2026-01-24,wk inc flu hosp,0,2026-01-24,33,quantile,0.65,70.0
2026-01-24,wk inc flu hosp,0,2026-01-24,33,quantile,0.7,71.0
2026-01-24,wk inc flu hosp,0,2026-01-24,33,quantile,0.75,72.0
2026-01-24,wk inc flu hosp,0,2026-01-24,33,quantile,0.8,74.0
2026-01-24,wk inc flu hosp,0,2026-01-24,33,quantile,0.85,76.0
2026-01-24,wk inc flu hosp,0,2026-01-24,33,quantile,0.9,77.0
2026-01-24,wk inc flu hosp,0,2026-01-24,33,quantile,0.95,80.0
2026-01-24,wk inc flu hosp,0,2026-01-24,33,quantile,0.975,83.0
2026-01-24,wk inc flu hosp,0,2026-01-24,33,quantile,0.99,94.0
2026-01-24,wk inc flu hosp,0,2026-01-24,34,quantile,0.01,129.0
2026-01-24,wk inc flu hosp,0,2026-01-24,34,quantile,0.025,158.0
2026-01-24,wk inc flu hosp,0,2026-01-24,34,quantile,0.05,170.0
2026-01-24,wk inc flu hosp,0,2026-01-24,34,quantile,0.1,192.0
2026-01-24,wk inc flu hosp,0,2026-01-24,34,quantile,0.15,205.0
2026-01-24,wk inc flu hosp,0,2026-01-24,34,quantile,0.2,218.0
2026-01-24,wk inc flu hosp,0,2026-01-24,34,quantile,0.25,227.0
2026-01-24,wk inc flu hosp,0,2026-01-24,34,quantile,0.3,236.0
2026-01-24,wk inc flu hosp,0,2026-01-24,34,quantile,0.35,245.0
2026-01-24,wk inc flu hosp,0,2026-01-24,34,quantile,0.4,253.0
2026-01-24,wk inc flu hosp,0,2026-01-24,34,quantile,0.45,262.0
2026-01-24,wk inc flu hosp,0,2026-01-24,34,quantile,0.5,269.0
2026-01-24,wk inc flu hosp,0,2026-01-24,34,quantile,0.55,274.0
2026-01-24,wk inc flu hosp,0,2026-01-24,34,quantile,0.6,278.0
2026-01-24,wk inc flu hosp,0,2026-01-24,34,quantile,0.65,284.0
2026-01-24,wk inc flu hosp,0,2026-01-24,34,quantile,0.7,289.0
2026-01-24,wk inc flu hosp,0,2026-01-24,34,quantile,0.75,296.0
2026-01-24,wk inc flu hosp,0,2026-01-24,34,quantile,0.8,304.0
2026-01-24,wk inc flu hosp,0,2026-01-24,34,quantile,0.85,313.0
2026-01-24,wk inc flu hosp,0,2026-01-24,34,quantile,0.9,326.0
2026-01-24,wk inc flu hosp,0,2026-01-24,34,quantile,0.95,346.0
2026-01-24,wk inc flu hosp,0,2026-01-24,34,quantile,0.975,364.0
2026-01-24,wk inc flu hosp,0,2026-01-24,34,quantile,0.99,390.0
2026-01-24,wk inc flu hosp,0,2026-01-24,35,quantile,0.01,28.0
2026-01-24,wk inc flu hosp,0,2026-01-24,35,quantile,0.025,31.0
2026-01-24,wk inc flu hosp,0,2026-01-24,35,quantile,0.05,34.0
2026-01-24,wk inc flu hosp,0,2026-01-24,35,quantile,0.1,38.0
2026-01-24,wk inc flu hosp,0,2026-01-24,35,quantile,0.15,42.0
2026-01-24,wk inc flu hosp,0,2026-01-24,35,quantile,0.2,44.0
2026-01-24,wk inc flu hosp,0,2026-01-24,35,quantile,0.25,47.0
2026-01-24,wk inc flu hosp,0,2026-01-24,35,quantile,0.3,48.0
2026-01-24,wk inc flu hosp,0,2026-01-24,35,quantile,0.35,50.0
2026-01-24,wk inc flu hosp,0,2026-01-24,35,quantile,0.4,51.0
2026-01-24,wk inc flu hosp,0,2026-01-24,35,quantile,0.45,53.0
2026-01-24,wk inc flu hosp,0,2026-01-24,35,quantile,0.5,54.0
2026-01-24,wk inc flu hosp,0,2026-01-24,35,quantile,0.55,56.0
2026-01-24,wk inc flu hosp,0,2026-01-24,35,quantile,0.6,57.0
2026-01-24,wk inc flu hosp,0,2026-01-24,35,quantile,0.65,59.0
2026-01-24,wk inc flu hosp,0,2026-01-24,35,quantile,0.7,61.0
2026-01-24,wk inc flu hosp,0,2026-01-24,35,quantile,0.75,63.0
2026-01-24,wk inc flu hosp,0,2026-01-24,35,quantile,0.8,66.0
2026-01-24,wk inc flu hosp,0,2026-01-24,35,quantile,0.85,69.0
2026-01-24,wk inc flu hosp,0,2026-01-24,35,quantile,0.9,74.0
2026-01-24,wk inc flu hosp,0,2026-01-24,35,quantile,0.95,83.0
2026-01-24,wk inc flu hosp,0,2026-01-24,35,quantile,0.975,88.0
2026-01-24,wk inc flu hosp,0,2026-01-24,35,quantile,0.99,91.0
2026-01-24,wk inc flu hosp,0,2026-01-24,36,quantile,0.01,22.0
2026-01-24,wk inc flu hosp,0,2026-01-24,36,quantile,0.025,50.0
2026-01-24,wk inc flu hosp,0,2026-01-24,36,quantile,0.05,57.0
2026-01-24,wk inc flu hosp,0,2026-01-24,36,quantile,0.1,64.0
2026-01-24,wk inc flu hosp,0,2026-01-24,36,quantile,0.15,68.0
2026-01-24,wk inc flu hosp,0,2026-01-24,36,quantile,0.2,70.0
2026-01-24,wk inc flu hosp,0,2026-01-24,36,quantile,0.25,72.0
2026-01-24,wk inc flu hosp,0,2026-01-24,36,quantile,0.3,74.0
2026-01-24,wk inc flu hosp,0,2026-01-24,36,quantile,0.35,76.0
2026-01-24,wk inc flu hosp,0,2026-01-24,36,quantile,0.4,77.0
2026-01-24,wk inc flu hosp,0,2026-01-24,36,quantile,0.45,78.0
2026-01-24,wk inc flu hosp,0,2026-01-24,36,quantile,0.5,79.0
2026-01-24,wk inc flu hosp,0,2026-01-24,36,quantile,0.55,81.0
2026-01-24,wk inc flu hosp,0,2026-01-24,36,quantile,0.6,83.0
2026-01-24,wk inc flu hosp,0,2026-01-24,36,quantile,0.65,85.0
2026-01-24,wk inc flu hosp,0,2026-01-24,36,quantile,0.7,88.0
2026-01-24,wk inc flu hosp,0,2026-01-24,36,quantile,0.75,91.0
2026-01-24,wk inc flu hosp,0,2026-01-24,36,quantile,0.8,96.0
2026-01-24,wk inc flu hosp,0,2026-01-24,36,quantile,0.85,100.0
2026-01-24,wk inc flu hosp,0,2026-01-24,36,quantile,0.9,107.0
2026-01-24,wk inc flu hosp,0,2026-01-24,36,quantile,0.95,124.0
2026-01-24,wk inc flu hosp,0,2026-01-24,36,quantile,0.975,151.0
2026-01-24,wk inc flu hosp,0,2026-01-24,36,quantile,0.99,179.0
2026-01-24,wk inc flu hosp,0,2026-01-24,37,quantile,0.01,167.0
2026-01-24,wk inc flu hosp,0,2026-01-24,37,quantile,0.025,219.0
2026-01-24,wk inc flu hosp,0,2026-01-24,37,quantile,0.05,266.0
2026-01-24,wk inc flu hosp,0,2026-01-24,37,quantile,0.1,311.0
2026-01-24,wk inc flu hosp,0,2026-01-24,37,quantile,0.15,343.0
2026-01-24,wk inc flu hosp,0,2026-01-24,37,quantile,0.2,366.0
2026-01-24,wk inc flu hosp,0,2026-01-24,37,quantile,0.25,382.0
2026-01-24,wk inc flu hosp,0,2026-01-24,37,quantile,0.3,400.0
2026-01-24,wk inc flu hosp,0,2026-01-24,37,quantile,0.35,414.0
2026-01-24,wk inc flu hosp,0,2026-01-24,37,quantile,0.4,429.0
2026-01-24,wk inc flu hosp,0,2026-01-24,37,quantile,0.45,442.0
2026-01-24,wk inc flu hosp,0,2026-01-24,37,quantile,0.5,454.0
2026-01-24,wk inc flu hosp,0,2026-01-24,37,quantile,0.55,468.0
2026-01-24,wk inc flu hosp,0,2026-01-24,37,quantile,0.6,483.0
2026-01-24,wk inc flu hosp,0,2026-01-24,37,quantile,0.65,496.0
2026-01-24,wk inc flu hosp,0,2026-01-24,37,quantile,0.7,505.0
2026-01-24,wk inc flu hosp,0,2026-01-24,37,quantile,0.75,514.0
2026-01-24,wk inc flu hosp,0,2026-01-24,37,quantile,0.8,524.0
2026-01-24,wk inc flu hosp,0,2026-01-24,37,quantile,0.85,533.0
2026-01-24,wk inc flu hosp,0,2026-01-24,37,quantile,0.9,550.0
2026-01-24,wk inc flu hosp,0,2026-01-24,37,quantile,0.95,577.0
2026-01-24,wk inc flu hosp,0,2026-01-24,37,quantile,0.975,617.0
2026-01-24,wk inc flu hosp,0,2026-01-24,37,quantile,0.99,734.0
2026-01-24,wk inc flu hosp,0,2026-01-24,38,quantile,0.01,10.0
2026-01-24,wk inc flu hosp,0,2026-01-24,38,quantile,0.025,12.0
2026-01-24,wk inc flu hosp,0,2026-01-24,38,quantile,0.05,14.0
2026-01-24,wk inc flu hosp,0,2026-01-24,38,quantile,0.1,15.0
2026-01-24,wk inc flu hosp,0,2026-01-24,38,quantile,0.15,17.0
2026-01-24,wk inc flu hosp,0,2026-01-24,38,quantile,0.2,18.0
2026-01-24,wk inc flu hosp,0,2026-01-24,38,quantile,0.25,19.0
2026-01-24,wk inc flu hosp,0,2026-01-24,38,quantile,0.3,19.0
2026-01-24,wk inc flu hosp,0,2026-01-24,38,quantile,0.35,20.0
2026-01-24,wk inc flu hosp,0,2026-01-24,38,quantile,0.4,21.0
2026-01-24,wk inc flu hosp,0,2026-01-24,38,quantile,0.45,22.0
2026-01-24,wk inc flu hosp,0,2026-01-24,38,quantile,0.5,22.0
2026-01-24,wk inc flu hosp,0,2026-01-24,38,quantile,0.55,23.0
2026-01-24,wk inc flu hosp,0,2026-01-24,38,quantile,0.6,23.0
2026-01-24,wk inc flu hosp,0,2026-01-24,38,quantile,0.65,23.0
2026-01-24,wk inc flu hosp,0,2026-01-24,38,quantile,0.7,24.0
2026-01-24,wk inc flu hosp,0,2026-01-24,38,quantile,0.75,24.0
2026-01-24,wk inc flu hosp,0,2026-01-24,38,quantile,0.8,25.0
2026-01-24,wk inc flu hosp,0,2026-01-24,38,quantile,0.85,26.0
2026-01-24,wk inc flu hosp,0,2026-01-24,38,quantile,0.9,27.0
2026-01-24,wk inc flu hosp,0,2026-01-24,38,quantile,0.95,30.0
2026-01-24,wk inc flu hosp,0,2026-01-24,38,quantile,0.975,32.0
2026-01-24,wk inc flu hosp,0,2026-01-24,38,quantile,0.99,34.0
2026-01-24,wk inc flu hosp,0,2026-01-24,39,quantile,0.01,143.0
2026-01-24,wk inc flu hosp,0,2026-01-24,39,quantile,0.025,187.0
2026-01-24,wk inc flu hosp,0,2026-01-24,39,quantile,0.05,237.0
2026-01-24,wk inc flu hosp,0,2026-01-24,39,quantile,0.1,270.0
2026-01-24,wk inc flu hosp,0,2026-01-24,39,quantile,0.15,289.0
2026-01-24,wk inc flu hosp,0,2026-01-24,39,quantile,0.2,306.0
2026-01-24,wk inc flu hosp,0,2026-01-24,39,quantile,0.25,318.0
2026-01-24,wk inc flu hosp,0,2026-01-24,39,quantile,0.3,326.0
2026-01-24,wk inc flu hosp,0,2026-01-24,39,quantile,0.35,333.0
2026-01-24,wk inc flu hosp,0,2026-01-24,39,quantile,0.4,340.0
2026-01-24,wk inc flu hosp,0,2026-01-24,39,quantile,0.45,348.0
2026-01-24,wk inc flu hosp,0,2026-01-24,39,quantile,0.5,356.0
2026-01-24,wk inc flu hosp,0,2026-01-24,39,quantile,0.55,363.0
2026-01-24,wk inc flu hosp,0,2026-01-24,39,quantile,0.6,372.0
2026-01-24,wk inc flu hosp,0,2026-01-24,39,quantile,0.65,380.0
2026-01-24,wk inc flu hosp,0,2026-01-24,39,quantile,0.7,388.0
2026-01-24,wk inc flu hosp,0,2026-01-24,39,quantile,0.75,396.0
2026-01-24,wk inc flu hosp,0,2026-01-24,39,quantile,0.8,410.0
2026-01-24,wk inc flu hosp,0,2026-01-24,39,quantile,0.85,425.0
2026-01-24,wk inc flu hosp,0,2026-01-24,39,quantile,0.9,446.0
2026-01-24,wk inc flu hosp,0,2026-01-24,39,quantile,0.95,478.0
2026-01-24,wk inc flu hosp,0,2026-01-24,39,quantile,0.975,513.0
2026-01-24,wk inc flu hosp,0,2026-01-24,39,quantile,0.99,587.0
2026-01-24,wk inc flu hosp,0,2026-01-24,40,quantile,0.01,10.0
2026-01-24,wk inc flu hosp,0,2026-01-24,40,quantile,0.025,16.0
2026-01-24,wk inc flu hosp,0,2026-01-24,40,quantile,0.05,34.0
2026-01-24,wk inc flu hosp,0,2026-01-24,40,quantile,0.1,54.0
2026-01-24,wk inc flu hosp,0,2026-01-24,40,quantile,0.15,69.0
2026-01-24,wk inc flu hosp,0,2026-01-24,40,quantile,0.2,75.0
2026-01-24,wk inc flu hosp,0,2026-01-24,40,quantile,0.25,79.0
2026-01-24,wk inc flu hosp,0,2026-01-24,40,quantile,0.3,82.0
2026-01-24,wk inc flu hosp,0,2026-01-24,40,quantile,0.35,85.0
2026-01-24,wk inc flu hosp,0,2026-01-24,40,quantile,0.4,88.0
2026-01-24,wk inc flu hosp,0,2026-01-24,40,quantile,0.45,91.0
2026-01-24,wk inc flu hosp,0,2026-01-24,40,quantile,0.5,93.0
2026-01-24,wk inc flu hosp,0,2026-01-24,40,quantile,0.55,95.0
2026-01-24,wk inc flu hosp,0,2026-01-24,40,quantile,0.6,97.0
2026-01-24,wk inc flu hosp,0,2026-01-24,40,quantile,0.65,99.0
2026-01-24,wk inc flu hosp,0,2026-01-24,40,quantile,0.7,102.0
2026-01-24,wk inc flu hosp,0,2026-01-24,40,quantile,0.75,105.0
2026-01-24,wk inc flu hosp,0,2026-01-24,40,quantile,0.8,109.0
2026-01-24,wk inc flu hosp,0,2026-01-24,40,quantile,0.85,112.0
2026-01-24,wk inc flu hosp,0,2026-01-24,40,quantile,0.9,119.0
2026-01-24,wk inc flu hosp,0,2026-01-24,40,quantile,0.95,132.0
2026-01-24,wk inc flu hosp,0,2026-01-24,40,quantile,0.975,141.0
2026-01-24,wk inc flu hosp,0,2026-01-24,40,quantile,0.99,150.0
2026-01-24,wk inc flu hosp,0,2026-01-24,41,quantile,0.01,18.0
2026-01-24,wk inc flu hosp,0,2026-01-24,41,quantile,0.025,35.0
2026-01-24,wk inc flu hosp,0,2026-01-24,41,quantile,0.05,56.0
2026-01-24,wk inc flu hosp,0,2026-01-24,41,quantile,0.1,75.0
2026-01-24,wk inc flu hosp,0,2026-01-24,41,quantile,0.15,83.0
2026-01-24,wk inc flu hosp,0,2026-01-24,41,quantile,0.2,89.0
2026-01-24,wk inc flu hosp,0,2026-01-24,41,quantile,0.25,95.0
2026-01-24,wk inc flu hosp,0,2026-01-24,41,quantile,0.3,100.0
2026-01-24,wk inc flu hosp,0,2026-01-24,41,quantile,0.35,104.0
2026-01-24,wk inc flu hosp,0,2026-01-24,41,quantile,0.4,108.0
2026-01-24,wk inc flu hosp,0,2026-01-24,41,quantile,0.45,113.0
2026-01-24,wk inc flu hosp,0,2026-01-24,41,quantile,0.5,118.0
2026-01-24,wk inc flu hosp,0,2026-01-24,41,quantile,0.55,122.0
2026-01-24,wk inc flu hosp,0,2026-01-24,41,quantile,0.6,127.0
2026-01-24,wk inc flu hosp,0,2026-01-24,41,quantile,0.65,132.0
2026-01-24,wk inc flu hosp,0,2026-01-24,41,quantile,0.7,137.0
2026-01-24,wk inc flu hosp,0,2026-01-24,41,quantile,0.75,142.0
2026-01-24,wk inc flu hosp,0,2026-01-24,41,quantile,0.8,148.0
2026-01-24,wk inc flu hosp,0,2026-01-24,41,quantile,0.85,154.0
2026-01-24,wk inc flu hosp,0,2026-01-24,41,quantile,0.9,163.0
2026-01-24,wk inc flu hosp,0,2026-01-24,41,quantile,0.95,177.0
2026-01-24,wk inc flu hosp,0,2026-01-24,41,quantile,0.975,187.0
2026-01-24,wk inc flu hosp,0,2026-01-24,41,quantile,0.99,199.0
2026-01-24,wk inc flu hosp,0,2026-01-24,42,quantile,0.01,125.0
2026-01-24,wk inc flu hosp,0,2026-01-24,42,quantile,0.025,154.0
2026-01-24,wk inc flu hosp,0,2026-01-24,42,quantile,0.05,192.0
2026-01-24,wk inc flu hosp,0,2026-01-24,42,quantile,0.1,238.0
2026-01-24,wk inc flu hosp,0,2026-01-24,42,quantile,0.15,269.0
2026-01-24,wk inc flu hosp,0,2026-01-24,42,quantile,0.2,300.0
2026-01-24,wk inc flu hosp,0,2026-01-24,42,quantile,0.25,328.0
2026-01-24,wk inc flu hosp,0,2026-01-24,42,quantile,0.3,349.0
2026-01-24,wk inc flu hosp,0,2026-01-24,42,quantile,0.35,373.0
2026-01-24,wk inc flu hosp,0,2026-01-24,42,quantile,0.4,395.0
2026-01-24,wk inc flu hosp,0,2026-01-24,42,quantile,0.45,417.0
2026-01-24,wk inc flu hosp,0,2026-01-24,42,quantile,0.5,432.0
2026-01-24,wk inc flu hosp,0,2026-01-24,42,quantile,0.55,443.0
2026-01-24,wk inc flu hosp,0,2026-01-24,42,quantile,0.6,457.0
2026-01-24,wk inc flu hosp,0,2026-01-24,42,quantile,0.65,469.0
2026-01-24,wk inc flu hosp,0,2026-01-24,42,quantile,0.7,482.0
2026-01-24,wk inc flu hosp,0,2026-01-24,42,quantile,0.75,497.0
2026-01-24,wk inc flu hosp,0,2026-01-24,42,quantile,0.8,523.0
2026-01-24,wk inc flu hosp,0,2026-01-24,42,quantile,0.85,551.0
2026-01-24,wk inc flu hosp,0,2026-01-24,42,quantile,0.9,579.0
2026-01-24,wk inc flu hosp,0,2026-01-24,42,quantile,0.95,625.0
2026-01-24,wk inc flu hosp,0,2026-01-24,42,quantile,0.975,654.0
2026-01-24,wk inc flu hosp,0,2026-01-24,42,quantile,0.99,682.0
2026-01-24,wk inc flu hosp,0,2026-01-24,44,quantile,0.01,6.0
2026-01-24,wk inc flu hosp,0,2026-01-24,44,quantile,0.025,8.0
2026-01-24,wk inc flu hosp,0,2026-01-24,44,quantile,0.05,11.0
2026-01-24,wk inc flu hosp,0,2026-01-24,44,quantile,0.1,14.0
2026-01-24,wk inc flu hosp,0,2026-01-24,44,quantile,0.15,16.0
2026-01-24,wk inc flu hosp,0,2026-01-24,44,quantile,0.2,17.0
2026-01-24,wk inc flu hosp,0,2026-01-24,44,quantile,0.25,18.0
2026-01-24,wk inc flu hosp,0,2026-01-24,44,quantile,0.3,19.0
2026-01-24,wk inc flu hosp,0,2026-01-24,44,quantile,0.35,19.0
2026-01-24,wk inc flu hosp,0,2026-01-24,44,quantile,0.4,20.0
2026-01-24,wk inc flu hosp,0,2026-01-24,44,quantile,0.45,20.0
2026-01-24,wk inc flu hosp,0,2026-01-24,44,quantile,0.5,21.0
2026-01-24,wk inc flu hosp,0,2026-01-24,44,quantile,0.55,21.0
2026-01-24,wk inc flu hosp,0,2026-01-24,44,quantile,0.6,22.0
2026-01-24,wk inc flu hosp,0,2026-01-24,44,quantile,0.65,23.0
2026-01-24,wk inc flu hosp,0,2026-01-24,44,quantile,0.7,23.0
2026-01-24,wk inc flu hosp,0,2026-01-24,44,quantile,0.75,24.0
2026-01-24,wk inc flu hosp,0,2026-01-24,44,quantile,0.8,25.0
2026-01-24,wk inc flu hosp,0,2026-01-24,44,quantile,0.85,26.0
2026-01-24,wk inc flu hosp,0,2026-01-24,44,quantile,0.9,27.0
2026-01-24,wk inc flu hosp,0,2026-01-24,44,quantile,0.95,28.0
2026-01-24,wk inc flu hosp,0,2026-01-24,44,quantile,0.975,29.0
2026-01-24,wk inc flu hosp,0,2026-01-24,44,quantile,0.99,30.0
2026-01-24,wk inc flu hosp,0,2026-01-24,45,quantile,0.01,20.0
2026-01-24,wk inc flu hosp,0,2026-01-24,45,quantile,0.025,29.0
2026-01-24,wk inc flu hosp,0,2026-01-24,45,quantile,0.05,39.0
2026-01-24,wk inc flu hosp,0,2026-01-24,45,quantile,0.1,52.0
2026-01-24,wk inc flu hosp,0,2026-01-24,45,quantile,0.15,63.0
2026-01-24,wk inc flu hosp,0,2026-01-24,45,quantile,0.2,72.0
2026-01-24,wk inc flu hosp,0,2026-01-24,45,quantile,0.25,86.0
2026-01-24,wk inc flu hosp,0,2026-01-24,45,quantile,0.3,94.0
2026-01-24,wk inc flu hosp,0,2026-01-24,45,quantile,0.35,102.0
2026-01-24,wk inc flu hosp,0,2026-01-24,45,quantile,0.4,108.0
2026-01-24,wk inc flu hosp,0,2026-01-24,45,quantile,0.45,114.0
2026-01-24,wk inc flu hosp,0,2026-01-24,45,quantile,0.5,122.0
2026-01-24,wk inc flu hosp,0,2026-01-24,45,quantile,0.55,128.0
2026-01-24,wk inc flu hosp,0,2026-01-24,45,quantile,0.6,135.0
2026-01-24,wk inc flu hosp,0,2026-01-24,45,quantile,0.65,142.0
2026-01-24,wk inc flu hosp,0,2026-01-24,45,quantile,0.7,149.0
2026-01-24,wk inc flu hosp,0,2026-01-24,45,quantile,0.75,153.0
2026-01-24,wk inc flu hosp,0,2026-01-24,45,quantile,0.8,158.0
2026-01-24,wk inc flu hosp,0,2026-01-24,45,quantile,0.85,163.0
2026-01-24,wk inc flu hosp,0,2026-01-24,45,quantile,0.9,171.0
2026-01-24,wk inc flu hosp,0,2026-01-24,45,quantile,0.95,182.0
2026-01-24,wk inc flu hosp,0,2026-01-24,45,quantile,0.975,190.0
2026-01-24,wk inc flu hosp,0,2026-01-24,45,quantile,0.99,201.0
2026-01-24,wk inc flu hosp,0,2026-01-24,46,quantile,0.01,18.0
2026-01-24,wk inc flu hosp,0,2026-01-24,46,quantile,0.025,21.0
2026-01-24,wk inc flu hosp,0,2026-01-24,46,quantile,0.05,24.0
2026-01-24,wk inc flu hosp,0,2026-01-24,46,quantile,0.1,27.0
2026-01-24,wk inc flu hosp,0,2026-01-24,46,quantile,0.15,30.0
2026-01-24,wk inc flu hosp,0,2026-01-24,46,quantile,0.2,31.0
2026-01-24,wk inc flu hosp,0,2026-01-24,46,quantile,0.25,33.0
2026-01-24,wk inc flu hosp,0,2026-01-24,46,quantile,0.3,35.0
2026-01-24,wk inc flu hosp,0,2026-01-24,46,quantile,0.35,37.0
2026-01-24,wk inc flu hosp,0,2026-01-24,46,quantile,0.4,39.0
2026-01-24,wk inc flu hosp,0,2026-01-24,46,quantile,0.45,41.0
2026-01-24,wk inc flu hosp,0,2026-01-24,46,quantile,0.5,42.0
2026-01-24,wk inc flu hosp,0,2026-01-24,46,quantile,0.55,44.0
2026-01-24,wk inc flu hosp,0,2026-01-24,46,quantile,0.6,45.0
2026-01-24,wk inc flu hosp,0,2026-01-24,46,quantile,0.65,47.0
2026-01-24,wk inc flu hosp,0,2026-01-24,46,quantile,0.7,48.0
2026-01-24,wk inc flu hosp,0,2026-01-24,46,quantile,0.75,49.0
2026-01-24,wk inc flu hosp,0,2026-01-24,46,quantile,0.8,51.0
2026-01-24,wk inc flu hosp,0,2026-01-24,46,quantile,0.85,52.0
2026-01-24,wk inc flu hosp,0,2026-01-24,46,quantile,0.9,54.0
2026-01-24,wk inc flu hosp,0,2026-01-24,46,quantile,0.95,57.0
2026-01-24,wk inc flu hosp,0,2026-01-24,46,quantile,0.975,59.0
2026-01-24,wk inc flu hosp,0,2026-01-24,46,quantile,0.99,62.0
2026-01-24,wk inc flu hosp,0,2026-01-24,47,quantile,0.01,37.0
2026-01-24,wk inc flu hosp,0,2026-01-24,47,quantile,0.025,39.0
2026-01-24,wk inc flu hosp,0,2026-01-24,47,quantile,0.05,46.0
2026-01-24,wk inc flu hosp,0,2026-01-24,47,quantile,0.1,66.0
2026-01-24,wk inc flu hosp,0,2026-01-24,47,quantile,0.15,81.0
2026-01-24,wk inc flu hosp,0,2026-01-24,47,quantile,0.2,92.0
2026-01-24,wk inc flu hosp,0,2026-01-24,47,quantile,0.25,100.0
2026-01-24,wk inc flu hosp,0,2026-01-24,47,quantile,0.3,107.0
2026-01-24,wk inc flu hosp,0,2026-01-24,47,quantile,0.35,115.0
2026-01-24,wk inc flu hosp,0,2026-01-24,47,quantile,0.4,119.0
2026-01-24,wk inc flu hosp,0,2026-01-24,47,quantile,0.45,125.0
2026-01-24,wk inc flu hosp,0,2026-01-24,47,quantile,0.5,130.0
2026-01-24,wk inc flu hosp,0,2026-01-24,47,quantile,0.55,137.0
2026-01-24,wk inc flu hosp,0,2026-01-24,47,quantile,0.6,143.0
2026-01-24,wk inc flu hosp,0,2026-01-24,47,quantile,0.65,150.0
2026-01-24,wk inc flu hosp,0,2026-01-24,47,quantile,0.7,158.0
2026-01-24,wk inc flu hosp,0,2026-01-24,47,quantile,0.75,165.0
2026-01-24,wk inc flu hosp,0,2026-01-24,47,quantile,0.8,170.0
2026-01-24,wk inc flu hosp,0,2026-01-24,47,quantile,0.85,176.0
2026-01-24,wk inc flu hosp,0,2026-01-24,47,quantile,0.9,186.0
2026-01-24,wk inc flu hosp,0,2026-01-24,47,quantile,0.95,202.0
2026-01-24,wk inc flu hosp,0,2026-01-24,47,quantile,0.975,212.0
2026-01-24,wk inc flu hosp,0,2026-01-24,47,quantile,0.99,227.0
2026-01-24,wk inc flu hosp,0,2026-01-24,48,quantile,0.01,215.0
2026-01-24,wk inc flu hosp,0,2026-01-24,48,quantile,0.025,393.0
2026-01-24,wk inc flu hosp,0,2026-01-24,48,quantile,0.05,534.0
2026-01-24,wk inc flu hosp,0,2026-01-24,48,quantile,0.1,659.0
2026-01-24,wk inc flu hosp,0,2026-01-24,48,quantile,0.15,743.0
2026-01-24,wk inc flu hosp,0,2026-01-24,48,quantile,0.2,811.0
2026-01-24,wk inc flu hosp,0,2026-01-24,48,quantile,0.25,861.0
2026-01-24,wk inc flu hosp,0,2026-01-24,48,quantile,0.3,907.0
2026-01-24,wk inc flu hosp,0,2026-01-24,48,quantile,0.35,944.0
2026-01-24,wk inc flu hosp,0,2026-01-24,48,quantile,0.4,982.0
2026-01-24,wk inc flu hosp,0,2026-01-24,48,quantile,0.45,1016.0
2026-01-24,wk inc flu hosp,0,2026-01-24,48,quantile,0.5,1038.0
2026-01-24,wk inc flu hosp,0,2026-01-24,48,quantile,0.55,1053.0
2026-01-24,wk inc flu hosp,0,2026-01-24,48,quantile,0.6,1076.0
2026-01-24,wk inc flu hosp,0,2026-01-24,48,quantile,0.65,1105.0
2026-01-24,wk inc flu hosp,0,2026-01-24,48,quantile,0.7,1129.0
2026-01-24,wk inc flu hosp,0,2026-01-24,48,quantile,0.75,1170.0
2026-01-24,wk inc flu hosp,0,2026-01-24,48,quantile,0.8,1208.0
2026-01-24,wk inc flu hosp,0,2026-01-24,48,quantile,0.85,1245.0
2026-01-24,wk inc flu hosp,0,2026-01-24,48,quantile,0.9,1304.0
2026-01-24,wk inc flu hosp,0,2026-01-24,48,quantile,0.95,1386.0
2026-01-24,wk inc flu hosp,0,2026-01-24,48,quantile,0.975,1446.0
2026-01-24,wk inc flu hosp,0,2026-01-24,48,quantile,0.99,1523.0
2026-01-24,wk inc flu hosp,0,2026-01-24,49,quantile,0.01,33.0
2026-01-24,wk inc flu hosp,0,2026-01-24,49,quantile,0.025,43.0
2026-01-24,wk inc flu hosp,0,2026-01-24,49,quantile,0.05,50.0
2026-01-24,wk inc flu hosp,0,2026-01-24,49,quantile,0.1,63.0
2026-01-24,wk inc flu hosp,0,2026-01-24,49,quantile,0.15,70.0
2026-01-24,wk inc flu hosp,0,2026-01-24,49,quantile,0.2,78.0
2026-01-24,wk inc flu hosp,0,2026-01-24,49,quantile,0.25,84.0
2026-01-24,wk inc flu hosp,0,2026-01-24,49,quantile,0.3,89.0
2026-01-24,wk inc flu hosp,0,2026-01-24,49,quantile,0.35,93.0
2026-01-24,wk inc flu hosp,0,2026-01-24,49,quantile,0.4,97.0
2026-01-24,wk inc flu hosp,0,2026-01-24,49,quantile,0.45,101.0
2026-01-24,wk inc flu hosp,0,2026-01-24,49,quantile,0.5,106.0
2026-01-24,wk inc flu hosp,0,2026-01-24,49,quantile,0.55,110.0
2026-01-24,wk inc flu hosp,0,2026-01-24,49,quantile,0.6,114.0
2026-01-24,wk inc flu hosp,0,2026-01-24,49,quantile,0.65,118.0
2026-01-24,wk inc flu hosp,0,2026-01-24,49,quantile,0.7,122.0
2026-01-24,wk inc flu hosp,0,2026-01-24,49,quantile,0.75,127.0
2026-01-24,wk inc flu hosp,0,2026-01-24,49,quantile,0.8,133.0
2026-01-24,wk inc flu hosp,0,2026-01-24,49,quantile,0.85,138.0
2026-01-24,wk inc flu hosp,0,2026-01-24,49,quantile,0.9,146.0
2026-01-24,wk inc flu hosp,0,2026-01-24,49,quantile,0.95,156.0
2026-01-24,wk inc flu hosp,0,2026-01-24,49,quantile,0.975,169.0
2026-01-24,wk inc flu hosp,0,2026-01-24,49,quantile,0.99,178.0
2026-01-24,wk inc flu hosp,0,2026-01-24,50,quantile,0.01,9.0
2026-01-24,wk inc flu hosp,0,2026-01-24,50,quantile,0.025,12.0
2026-01-24,wk inc flu hosp,0,2026-01-24,50,quantile,0.05,14.0
2026-01-24,wk inc flu hosp,0,2026-01-24,50,quantile,0.1,17.0
2026-01-24,wk inc flu hosp,0,2026-01-24,50,quantile,0.15,18.0
2026-01-24,wk inc flu hosp,0,2026-01-24,50,quantile,0.2,20.0
2026-01-24,wk inc flu hosp,0,2026-01-24,50,quantile,0.25,21.0
2026-01-24,wk inc flu hosp,0,2026-01-24,50,quantile,0.3,22.0
2026-01-24,wk inc flu hosp,0,2026-01-24,50,quantile,0.35,23.0
2026-01-24,wk inc flu hosp,0,2026-01-24,50,quantile,0.4,24.0
2026-01-24,wk inc flu hosp,0,2026-01-24,50,quantile,0.45,25.0
2026-01-24,wk inc flu hosp,0,2026-01-24,50,quantile,0.5,26.0
2026-01-24,wk inc flu hosp,0,2026-01-24,50,quantile,0.55,27.0
2026-01-24,wk inc flu hosp,0,2026-01-24,50,quantile,0.6,28.0
2026-01-24,wk inc flu hosp,0,2026-01-24,50,quantile,0.65,29.0
2026-01-24,wk inc flu hosp,0,2026-01-24,50,quantile,0.7,30.0
2026-01-24,wk inc flu hosp,0,2026-01-24,50,quantile,0.75,31.0
2026-01-24,wk inc flu hosp,0,2026-01-24,50,quantile,0.8,32.0
2026-01-24,wk inc flu hosp,0,2026-01-24,50,quantile,0.85,34.0
2026-01-24,wk inc flu hosp,0,2026-01-24,50,quantile,0.9,36.0
2026-01-24,wk inc flu hosp,0,2026-01-24,50,quantile,0.95,38.0
2026-01-24,wk inc flu hosp,0,2026-01-24,50,quantile,0.975,40.0
2026-01-24,wk inc flu hosp,0,2026-01-24,50,quantile,0.99,41.0
2026-01-24,wk inc flu hosp,0,2026-01-24,51,quantile,0.01,104.0
2026-01-24,wk inc flu hosp,0,2026-01-24,51,quantile,0.025,136.0
2026-01-24,wk inc flu hosp,0,2026-01-24,51,quantile,0.05,161.0
2026-01-24,wk inc flu hosp,0,2026-01-24,51,quantile,0.1,192.0
2026-01-24,wk inc flu hosp,0,2026-01-24,51,quantile,0.15,214.0
2026-01-24,wk inc flu hosp,0,2026-01-24,51,quantile,0.2,230.0
2026-01-24,wk inc flu hosp,0,2026-01-24,51,quantile,0.25,243.0
2026-01-24,wk inc flu hosp,0,2026-01-24,51,quantile,0.3,256.0
2026-01-24,wk inc flu hosp,0,2026-01-24,51,quantile,0.35,266.0
2026-01-24,wk inc flu hosp,0,2026-01-24,51,quantile,0.4,275.0
2026-01-24,wk inc flu hosp,0,2026-01-24,51,quantile,0.45,286.0
2026-01-24,wk inc flu hosp,0,2026-01-24,51,quantile,0.5,295.0
2026-01-24,wk inc flu hosp,0,2026-01-24,51,quantile,0.55,305.0
2026-01-24,wk inc flu hosp,0,2026-01-24,51,quantile,0.6,315.0
2026-01-24,wk inc flu hosp,0,2026-01-24,51,quantile,0.65,327.0
2026-01-24,wk inc flu hosp,0,2026-01-24,51,quantile,0.7,336.0
2026-01-24,wk inc flu hosp,0,2026-01-24,51,quantile,0.75,349.0
2026-01-24,wk inc flu hosp,0,2026-01-24,51,quantile,0.8,366.0
2026-01-24,wk inc flu hosp,0,2026-01-24,51,quantile,0.85,381.0
2026-01-24,wk inc flu hosp,0,2026-01-24,51,quantile,0.9,402.0
2026-01-24,wk inc flu hosp,0,2026-01-24,51,quantile,0.95,437.0
2026-01-24,wk inc flu hosp,0,2026-01-24,51,quantile,0.975,464.0
2026-01-24,wk inc flu hosp,0,2026-01-24,51,quantile,0.99,494.0
2026-01-24,wk inc flu hosp,0,2026-01-24,53,quantile,0.01,148.0
2026-01-24,wk inc flu hosp,0,2026-01-24,53,quantile,0.025,169.0
2026-01-24,wk inc flu hosp,0,2026-01-24,53,quantile,0.05,185.0
2026-01-24,wk inc flu hosp,0,2026-01-24,53,quantile,0.1,202.0
2026-01-24,wk inc flu hosp,0,2026-01-24,53,quantile,0.15,213.0
2026-01-24,wk inc flu hosp,0,2026-01-24,53,quantile,0.2,222.0
2026-01-24,wk inc flu hosp,0,2026-01-24,53,quantile,0.25,228.0
2026-01-24,wk inc flu hosp,0,2026-01-24,53,quantile,0.3,234.0
2026-01-24,wk inc flu hosp,0,2026-01-24,53,quantile,0.35,240.0
2026-01-24,wk inc flu hosp,0,2026-01-24,53,quantile,0.4,246.0
2026-01-24,wk inc flu hosp,0,2026-01-24,53,quantile,0.45,252.0
2026-01-24,wk inc flu hosp,0,2026-01-24,53,quantile,0.5,257.0
2026-01-24,wk inc flu hosp,0,2026-01-24,53,quantile,0.55,263.0
2026-01-24,wk inc flu hosp,0,2026-01-24,53,quantile,0.6,269.0
2026-01-24,wk inc flu hosp,0,2026-01-24,53,quantile,0.65,274.0
2026-01-24,wk inc flu hosp,0,2026-01-24,53,quantile,0.7,280.0
2026-01-24,wk inc flu hosp,0,2026-01-24,53,quantile,0.75,287.0
2026-01-24,wk inc flu hosp,0,2026-01-24,53,quantile,0.8,295.0
2026-01-24,wk inc flu hosp,0,2026-01-24,53,quantile,0.85,304.0
2026-01-24,wk inc flu hosp,0,2026-01-24,53,quantile,0.9,316.0
2026-01-24,wk inc flu hosp,0,2026-01-24,53,quantile,0.95,335.0
2026-01-24,wk inc flu hosp,0,2026-01-24,53,quantile,0.975,349.0
2026-01-24,wk inc flu hosp,0,2026-01-24,53,quantile,0.99,363.0
2026-01-24,wk inc flu hosp,0,2026-01-24,54,quantile,0.01,24.0
2026-01-24,wk inc flu hosp,0,2026-01-24,54,quantile,0.025,31.0
2026-01-24,wk inc flu hosp,0,2026-01-24,54,quantile,0.05,38.0
2026-01-24,wk inc flu hosp,0,2026-01-24,54,quantile,0.1,46.0
2026-01-24,wk inc flu hosp,0,2026-01-24,54,quantile,0.15,52.0
2026-01-24,wk inc flu hosp,0,2026-01-24,54,quantile,0.2,56.0
2026-01-24,wk inc flu hosp,0,2026-01-24,54,quantile,0.25,59.0
2026-01-24,wk inc flu hosp,0,2026-01-24,54,quantile,0.3,63.0
2026-01-24,wk inc flu hosp,0,2026-01-24,54,quantile,0.35,66.0
2026-01-24,wk inc flu hosp,0,2026-01-24,54,quantile,0.4,68.0
2026-01-24,wk inc flu hosp,0,2026-01-24,54,quantile,0.45,69.0
2026-01-24,wk inc flu hosp,0,2026-01-24,54,quantile,0.5,70.0
2026-01-24,wk inc flu hosp,0,2026-01-24,54,quantile,0.55,71.0
2026-01-24,wk inc flu hosp,0,2026-01-24,54,quantile,0.6,72.0
2026-01-24,wk inc flu hosp,0,2026-01-24,54,quantile,0.65,73.0
2026-01-24,wk inc flu hosp,0,2026-01-24,54,quantile,0.7,74.0
2026-01-24,wk inc flu hosp,0,2026-01-24,54,quantile,0.75,75.0
2026-01-24,wk inc flu hosp,0,2026-01-24,54,quantile,0.8,77.0
2026-01-24,wk inc flu hosp,0,2026-01-24,54,quantile,0.85,78.0
2026-01-24,wk inc flu hosp,0,2026-01-24,54,quantile,0.9,81.0
2026-01-24,wk inc flu hosp,0,2026-01-24,54,quantile,0.95,88.0
2026-01-24,wk inc flu hosp,0,2026-01-24,54,quantile,0.975,95.0
2026-01-24,wk inc flu hosp,0,2026-01-24,54,quantile,0.99,103.0
2026-01-24,wk inc flu hosp,0,2026-01-24,55,quantile,0.01,113.0
2026-01-24,wk inc flu hosp,0,2026-01-24,55,quantile,0.025,126.0
2026-01-24,wk inc flu hosp,0,2026-01-24,55,quantile,0.05,140.0
2026-01-24,wk inc flu hosp,0,2026-01-24,55,quantile,0.1,158.0
2026-01-24,wk inc flu hosp,0,2026-01-24,55,quantile,0.15,170.0
2026-01-24,wk inc flu hosp,0,2026-01-24,55,quantile,0.2,180.0
2026-01-24,wk inc flu hosp,0,2026-01-24,55,quantile,0.25,192.0
2026-01-24,wk inc flu hosp,0,2026-01-24,55,quantile,0.3,201.0
2026-01-24,wk inc flu hosp,0,2026-01-24,55,quantile,0.35,209.0
2026-01-24,wk inc flu hosp,0,2026-01-24,55,quantile,0.4,216.0
2026-01-24,wk inc flu hosp,0,2026-01-24,55,quantile,0.45,223.0
2026-01-24,wk inc flu hosp,0,2026-01-24,55,quantile,0.5,230.0
2026-01-24,wk inc flu hosp,0,2026-01-24,55,quantile,0.55,236.0
2026-01-24,wk inc flu hosp,0,2026-01-24,55,quantile,0.6,243.0
2026-01-24,wk inc flu hosp,0,2026-01-24,55,quantile,0.65,250.0
2026-01-24,wk inc flu hosp,0,2026-01-24,55,quantile,0.7,256.0
2026-01-24,wk inc flu hosp,0,2026-01-24,55,quantile,0.75,262.0
2026-01-24,wk inc flu hosp,0,2026-01-24,55,quantile,0.8,267.0
2026-01-24,wk inc flu hosp,0,2026-01-24,55,quantile,0.85,271.0
2026-01-24,wk inc flu hosp,0,2026-01-24,55,quantile,0.9,276.0
2026-01-24,wk inc flu hosp,0,2026-01-24,55,quantile,0.95,284.0
2026-01-24,wk inc flu hosp,0,2026-01-24,55,quantile,0.975,307.0
2026-01-24,wk inc flu hosp,0,2026-01-24,55,quantile,0.99,327.0
2026-01-24,wk inc flu hosp,0,2026-01-24,56,quantile,0.01,3.0
2026-01-24,wk inc flu hosp,0,2026-01-24,56,quantile,0.025,4.0
2026-01-24,wk inc flu hosp,0,2026-01-24,56,quantile,0.05,5.0
2026-01-24,wk inc flu hosp,0,2026-01-24,56,quantile,0.1,6.0
2026-01-24,wk inc flu hosp,0,2026-01-24,56,quantile,0.15,7.0
2026-01-24,wk inc flu hosp,0,2026-01-24,56,quantile,0.2,8.0
2026-01-24,wk inc flu hosp,0,2026-01-24,56,quantile,0.25,9.0
2026-01-24,wk inc flu hosp,0,2026-01-24,56,quantile,0.3,10.0
2026-01-24,wk inc flu hosp,0,2026-01-24,56,quantile,0.35,10.0
2026-01-24,wk inc flu hosp,0,2026-01-24,56,quantile,0.4,11.0
2026-01-24,wk inc flu hosp,0,2026-01-24,56,quantile,0.45,11.0
2026-01-24,wk inc flu hosp,0,2026-01-24,56,quantile,0.5,12.0
2026-01-24,wk inc flu hosp,0,2026-01-24,56,quantile,0.55,12.0
2026-01-24,wk inc flu hosp,0,2026-01-24,56,quantile,0.6,13.0
2026-01-24,wk inc flu hosp,0,2026-01-24,56,quantile,0.65,13.0
2026-01-24,wk inc flu hosp,0,2026-01-24,56,quantile,0.7,14.0
2026-01-24,wk inc flu hosp,0,2026-01-24,56,quantile,0.75,14.0
2026-01-24,wk inc flu hosp,0,2026-01-24,56,quantile,0.8,14.0
2026-01-24,wk inc flu hosp,0,2026-01-24,56,quantile,0.85,15.0
2026-01-24,wk inc flu hosp,0,2026-01-24,56,quantile,0.9,16.0
2026-01-24,wk inc flu hosp,0,2026-01-24,56,quantile,0.95,17.0
2026-01-24,wk inc flu hosp,0,2026-01-24,56,quantile,0.975,18.0
2026-01-24,wk inc flu hosp,0,2026-01-24,56,quantile,0.99,19.0
2026-01-24,wk inc flu hosp,0,2026-01-24,US,quantile,0.01,4687.0
2026-01-24,wk inc flu hosp,0,2026-01-24,US,quantile,0.025,5203.0
2026-01-24,wk inc flu hosp,0,2026-01-24,US,quantile,0.05,5912.0
2026-01-24,wk inc flu hosp,0,2026-01-24,US,quantile,0.1,6489.0
2026-01-24,wk inc flu hosp,0,2026-01-24,US,quantile,0.15,6752.0
2026-01-24,wk inc flu hosp,0,2026-01-24,US,quantile,0.2,6930.0
2026-01-24,wk inc flu hosp,0,2026-01-24,US,quantile,0.25,7103.0
2026-01-24,wk inc flu hosp,0,2026-01-24,US,quantile,0.3,7277.0
2026-01-24,wk inc flu hosp,0,2026-01-24,US,quantile,0.35,7427.0
2026-01-24,wk inc flu hosp,0,2026-01-24,US,quantile,0.4,7566.0
2026-01-24,wk inc flu hosp,0,2026-01-24,US,quantile,0.45,7754.0
2026-01-24,wk inc flu hosp,0,2026-01-24,US,quantile,0.5,7941.0
2026-01-24,wk inc flu hosp,0,2026-01-24,US,quantile,0.55,8125.0
2026-01-24,wk inc flu hosp,0,2026-01-24,US,quantile,0.6,8325.0
2026-01-24,wk inc flu hosp,0,2026-01-24,US,quantile,0.65,8492.0
2026-01-24,wk inc flu hosp,0,2026-01-24,US,quantile,0.7,8654.0
2026-01-24,wk inc flu hosp,0,2026-01-24,US,quantile,0.75,8890.0
2026-01-24,wk inc flu hosp,0,2026-01-24,US,quantile,0.8,9141.0
2026-01-24,wk inc flu hosp,0,2026-01-24,US,quantile,0.85,9556.0
2026-01-24,wk inc flu hosp,0,2026-01-24,US,quantile,0.9,10198.0
2026-01-24,wk inc flu hosp,0,2026-01-24,US,quantile,0.95,10958.0
2026-01-24,wk inc flu hosp,0,2026-01-24,US,quantile,0.975,11527.0
2026-01-24,wk inc flu hosp,0,2026-01-24,US,quantile,0.99,12347.0
2026-01-24,wk inc flu hosp,1,2026-01-31,01,quantile,0.01,5.0
2026-01-24,wk inc flu hosp,1,2026-01-31,01,quantile,0.025,15.0
2026-01-24,wk inc flu hosp,1,2026-01-31,01,quantile,0.05,17.0
2026-01-24,wk inc flu hosp,1,2026-01-31,01,quantile,0.1,33.0
2026-01-24,wk inc flu hosp,1,2026-01-31,01,quantile,0.15,55.0
2026-01-24,wk inc flu hosp,1,2026-01-31,01,quantile,0.2,69.0
2026-01-24,wk inc flu hosp,1,2026-01-31,01,quantile,0.25,82.0
2026-01-24,wk inc flu hosp,1,2026-01-31,01,quantile,0.3,91.0
2026-01-24,wk inc flu hosp,1,2026-01-31,01,quantile,0.35,97.0
2026-01-24,wk inc flu hosp,1,2026-01-31,01,quantile,0.4,102.0
2026-01-24,wk inc flu hosp,1,2026-01-31,01,quantile,0.45,108.0
2026-01-24,wk inc flu hosp,1,2026-01-31,01,quantile,0.5,113.0
2026-01-24,wk inc flu hosp,1,2026-01-31,01,quantile,0.55,118.0
2026-01-24,wk inc flu hosp,1,2026-01-31,01,quantile,0.6,123.0
2026-01-24,wk inc flu hosp,1,2026-01-31,01,quantile,0.65,128.0
2026-01-24,wk inc flu hosp,1,2026-01-31,01,quantile,0.7,133.0
2026-01-24,wk inc flu hosp,1,2026-01-31,01,quantile,0.75,140.0
2026-01-24,wk inc flu hosp,1,2026-01-31,01,quantile,0.8,146.0
2026-01-24,wk inc flu hosp,1,2026-01-31,01,quantile,0.85,152.0
2026-01-24,wk inc flu hosp,1,2026-01-31,01,quantile,0.9,164.0
2026-01-24,wk inc flu hosp,1,2026-01-31,01,quantile,0.95,181.0
2026-01-24,wk inc flu hosp,1,2026-01-31,01,quantile,0.975,192.0
2026-01-24,wk inc flu hosp,1,2026-01-31,01,quantile,0.99,205.0
2026-01-24,wk inc flu hosp,1,2026-01-31,02,quantile,0.01,12.0
2026-01-24,wk inc flu hosp,1,2026-01-31,02,quantile,0.025,13.0
2026-01-24,wk inc flu hosp,1,2026-01-31,02,quantile,0.05,14.0
2026-01-24,wk inc flu hosp,1,2026-01-31,02,quantile,0.1,16.0
2026-01-24,wk inc flu hosp,1,2026-01-31,02,quantile,0.15,17.0
2026-01-24,wk inc flu hosp,1,2026-01-31,02,quantile,0.2,18.0
2026-01-24,wk inc flu hosp,1,2026-01-31,02,quantile,0.25,19.0
2026-01-24,wk inc flu hosp,1,2026-01-31,02,quantile,0.3,20.0
2026-01-24,wk inc flu hosp,1,2026-01-31,02,quantile,0.35,20.0
2026-01-24,wk inc flu hosp,1,2026-01-31,02,quantile,0.4,21.0
2026-01-24,wk inc flu hosp,1,2026-01-31,02,quantile,0.45,22.0
2026-01-24,wk inc flu hosp,1,2026-01-31,02,quantile,0.5,23.0
2026-01-24,wk inc flu hosp,1,2026-01-31,02,quantile,0.55,23.0
2026-01-24,wk inc flu hosp,1,2026-01-31,02,quantile,0.6,24.0
2026-01-24,wk inc flu hosp,1,2026-01-31,02,quantile,0.65,25.0
2026-01-24,wk inc flu hosp,1,2026-01-31,02,quantile,0.7,25.0
2026-01-24,wk inc flu hosp,1,2026-01-31,02,quantile,0.75,26.0
2026-01-24,wk inc flu hosp,1,2026-01-31,02,quantile,0.8,27.0
2026-01-24,wk inc flu hosp,1,2026-01-31,02,quantile,0.85,28.0
2026-01-24,wk inc flu hosp,1,2026-01-31,02,quantile,0.9,29.0
2026-01-24,wk inc flu hosp,1,2026-01-31,02,quantile,0.95,32.0
2026-01-24,wk inc flu hosp,1,2026-01-31,02,quantile,0.975,35.0
2026-01-24,wk inc flu hosp,1,2026-01-31,02,quantile,0.99,38.0
2026-01-24,wk inc flu hosp,1,2026-01-31,04,quantile,0.01,3.0
2026-01-24,wk inc flu hosp,1,2026-01-31,04,quantile,0.025,12.0
2026-01-24,wk inc flu hosp,1,2026-01-31,04,quantile,0.05,17.0
2026-01-24,wk inc flu hosp,1,2026-01-31,04,quantile,0.1,20.0
2026-01-24,wk inc flu hosp,1,2026-01-31,04,quantile,0.15,32.0
2026-01-24,wk inc flu hosp,1,2026-01-31,04,quantile,0.2,44.0
2026-01-24,wk inc flu hosp,1,2026-01-31,04,quantile,0.25,55.0
2026-01-24,wk inc flu hosp,1,2026-01-31,04,quantile,0.3,64.0
2026-01-24,wk inc flu hosp,1,2026-01-31,04,quantile,0.35,72.0
2026-01-24,wk inc flu hosp,1,2026-01-31,04,quantile,0.4,76.0
2026-01-24,wk inc flu hosp,1,2026-01-31,04,quantile,0.45,80.0
2026-01-24,wk inc flu hosp,1,2026-01-31,04,quantile,0.5,84.0
2026-01-24,wk inc flu hosp,1,2026-01-31,04,quantile,0.55,87.0
2026-01-24,wk inc flu hosp,1,2026-01-31,04,quantile,0.6,90.0
2026-01-24,wk inc flu hosp,1,2026-01-31,04,quantile,0.65,94.0
2026-01-24,wk inc flu hosp,1,2026-01-31,04,quantile,0.7,97.0
2026-01-24,wk inc flu hosp,1,2026-01-31,04,quantile,0.75,102.0
2026-01-24,wk inc flu hosp,1,2026-01-31,04,quantile,0.8,107.0
2026-01-24,wk inc flu hosp,1,2026-01-31,04,quantile,0.85,112.0
2026-01-24,wk inc flu hosp,1,2026-01-31,04,quantile,0.9,121.0
2026-01-24,wk inc flu hosp,1,2026-01-31,04,quantile,0.95,134.0
2026-01-24,wk inc flu hosp,1,2026-01-31,04,quantile,0.975,144.0
2026-01-24,wk inc flu hosp,1,2026-01-31,04,quantile,0.99,153.0
2026-01-24,wk inc flu hosp,1,2026-01-31,05,quantile,0.01,11.0
2026-01-24,wk inc flu hosp,1,2026-01-31,05,quantile,0.025,23.0
2026-01-24,wk inc flu hosp,1,2026-01-31,05,quantile,0.05,32.0
2026-01-24,wk inc flu hosp,1,2026-01-31,05,quantile,0.1,45.0
2026-01-24,wk inc flu hosp,1,2026-01-31,05,quantile,0.15,54.0
2026-01-24,wk inc flu hosp,1,2026-01-31,05,quantile,0.2,61.0
2026-01-24,wk inc flu hosp,1,2026-01-31,05,quantile,0.25,67.0
2026-01-24,wk inc flu hosp,1,2026-01-31,05,quantile,0.3,70.0
2026-01-24,wk inc flu hosp,1,2026-01-31,05,quantile,0.35,73.0
2026-01-24,wk inc flu hosp,1,2026-01-31,05,quantile,0.4,75.0
2026-01-24,wk inc flu hosp,1,2026-01-31,05,quantile,0.45,78.0
2026-01-24,wk inc flu hosp,1,2026-01-31,05,quantile,0.5,80.0
2026-01-24,wk inc flu hosp,1,2026-01-31,05,quantile,0.55,82.0
2026-01-24,wk inc flu hosp,1,2026-01-31,05,quantile,0.6,84.0
2026-01-24,wk inc flu hosp,1,2026-01-31,05,quantile,0.65,86.0
2026-01-24,wk inc flu hosp,1,2026-01-31,05,quantile,0.7,87.0
2026-01-24,wk inc flu hosp,1,2026-01-31,05,quantile,0.75,90.0
2026-01-24,wk inc flu hosp,1,2026-01-31,05,quantile,0.8,93.0
2026-01-24,wk inc flu hosp,1,2026-01-31,05,quantile,0.85,95.0
2026-01-24,wk inc flu hosp,1,2026-01-31,05,quantile,0.9,100.0
2026-01-24,wk inc flu hosp,1,2026-01-31,05,quantile,0.95,108.0
2026-01-24,wk inc flu hosp,1,2026-01-31,05,quantile,0.975,113.0
2026-01-24,wk inc flu hosp,1,2026-01-31,05,quantile,0.99,124.0
2026-01-24,wk inc flu hosp,1,2026-01-31,06,quantile,0.01,335.0
2026-01-24,wk inc flu hosp,1,2026-01-31,06,quantile,0.025,422.0
2026-01-24,wk inc flu hosp,1,2026-01-31,06,quantile,0.05,518.0
2026-01-24,wk inc flu hosp,1,2026-01-31,06,quantile,0.1,581.0
2026-01-24,wk inc flu hosp,1,2026-01-31,06,quantile,0.15,636.0
2026-01-24,wk inc flu hosp,1,2026-01-31,06,quantile,0.2,671.0
2026-01-24,wk inc flu hosp,1,2026-01-31,06,quantile,0.25,715.0
2026-01-24,wk inc flu hosp,1,2026-01-31,06,quantile,0.3,757.0
2026-01-24,wk inc flu hosp,1,2026-01-31,06,quantile,0.35,788.0
2026-01-24,wk inc flu hosp,1,2026-01-31,06,quantile,0.4,818.0
2026-01-24,wk inc flu hosp,1,2026-01-31,06,quantile,0.45,844.0
2026-01-24,wk inc flu hosp,1,2026-01-31,06,quantile,0.5,865.0
2026-01-24,wk inc flu hosp,1,2026-01-31,06,quantile,0.55,886.0
2026-01-24,wk inc flu hosp,1,2026-01-31,06,quantile,0.6,907.0
2026-01-24,wk inc flu hosp,1,2026-01-31,06,quantile,0.65,927.0
2026-01-24,wk inc flu hosp,1,2026-01-31,06,quantile,0.7,954.0
2026-01-24,wk inc flu hosp,1,2026-01-31,06,quantile,0.75,987.0
2026-01-24,wk inc flu hosp,1,2026-01-31,06,quantile,0.8,1017.0
2026-01-24,wk inc flu hosp,1,2026-01-31,06,quantile,0.85,1057.0
2026-01-24,wk inc flu hosp,1,2026-01-31,06,quantile,0.9,1114.0
2026-01-24,wk inc flu hosp,1,2026-01-31,06,quantile,0.95,1231.0
2026-01-24,wk inc flu hosp,1,2026-01-31,06,quantile,0.975,1320.0
2026-01-24,wk inc flu hosp,1,2026-01-31,06,quantile,0.99,1416.0
2026-01-24,wk inc flu hosp,1,2026-01-31,08,quantile,0.01,8.0
2026-01-24,wk inc flu hosp,1,2026-01-31,08,quantile,0.025,20.0
2026-01-24,wk inc flu hosp,1,2026-01-31,08,quantile,0.05,26.0
2026-01-24,wk inc flu hosp,1,2026-01-31,08,quantile,0.1,33.0
2026-01-24,wk inc flu hosp,1,2026-01-31,08,quantile,0.15,39.0
2026-01-24,wk inc flu hosp,1,2026-01-31,08,quantile,0.2,43.0
2026-01-24,wk inc flu hosp,1,2026-01-31,08,quantile,0.25,47.0
2026-01-24,wk inc flu hosp,1,2026-01-31,08,quantile,0.3,50.0
2026-01-24,wk inc flu hosp,1,2026-01-31,08,quantile,0.35,52.0
2026-01-24,wk inc flu hosp,1,2026-01-31,08,quantile,0.4,55.0
2026-01-24,wk inc flu hosp,1,2026-01-31,08,quantile,0.45,58.0
2026-01-24,wk inc flu hosp,1,2026-01-31,08,quantile,0.5,61.0
2026-01-24,wk inc flu hosp,1,2026-01-31,08,quantile,0.55,63.0
2026-01-24,wk inc flu hosp,1,2026-01-31,08,quantile,0.6,66.0
2026-01-24,wk inc flu hosp,1,2026-01-31,08,quantile,0.65,69.0
2026-01-24,wk inc flu hosp,1,2026-01-31,08,quantile,0.7,71.0
2026-01-24,wk inc flu hosp,1,2026-01-31,08,quantile,0.75,75.0
2026-01-24,wk inc flu hosp,1,2026-01-31,08,quantile,0.8,81.0
2026-01-24,wk inc flu hosp,1,2026-01-31,08,quantile,0.85,88.0
2026-01-24,wk inc flu hosp,1,2026-01-31,08,quantile,0.9,98.0
2026-01-24,wk inc flu hosp,1,2026-01-31,08,quantile,0.95,112.0
2026-01-24,wk inc flu hosp,1,2026-01-31,08,quantile,0.975,122.0
2026-01-24,wk inc flu hosp,1,2026-01-31,08,quantile,0.99,137.0
2026-01-24,wk inc flu hosp,1,2026-01-31,09,quantile,0.01,11.0
2026-01-24,wk inc flu hosp,1,2026-01-31,09,quantile,0.025,12.0
2026-01-24,wk inc flu hosp,1,2026-01-31,09,quantile,0.05,12.0
2026-01-24,wk inc flu hosp,1,2026-01-31,09,quantile,0.1,12.0
2026-01-24,wk inc flu hosp,1,2026-01-31,09,quantile,0.15,12.0
2026-01-24,wk inc flu hosp,1,2026-01-31,09,quantile,0.2,13.0
2026-01-24,wk inc flu hosp,1,2026-01-31,09,quantile,0.25,13.0
2026-01-24,wk inc flu hosp,1,2026-01-31,09,quantile,0.3,14.0
2026-01-24,wk inc flu hosp,1,2026-01-31,09,quantile,0.35,14.0
2026-01-24,wk inc flu hosp,1,2026-01-31,09,quantile,0.4,15.0
2026-01-24,wk inc flu hosp,1,2026-01-31,09,quantile,0.45,15.0
2026-01-24,wk inc flu hosp,1,2026-01-31,09,quantile,0.5,15.0
2026-01-24,wk inc flu hosp,1,2026-01-31,09,quantile,0.55,16.0
2026-01-24,wk inc flu hosp,1,2026-01-31,09,quantile,0.6,16.0
2026-01-24,wk inc flu hosp,1,2026-01-31,09,quantile,0.65,16.0
2026-01-24,wk inc flu hosp,1,2026-01-31,09,quantile,0.7,17.0
2026-01-24,wk inc flu hosp,1,2026-01-31,09,quantile,0.75,17.0
2026-01-24,wk inc flu hosp,1,2026-01-31,09,quantile,0.8,18.0
2026-01-24,wk inc flu hosp,1,2026-01-31,09,quantile,0.85,20.0
2026-01-24,wk inc flu hosp,1,2026-01-31,09,quantile,0.9,21.0
2026-01-24,wk inc flu hosp,1,2026-01-31,09,quantile,0.95,23.0
2026-01-24,wk inc flu hosp,1,2026-01-31,09,quantile,0.975,25.0
2026-01-24,wk inc flu hosp,1,2026-01-31,09,quantile,0.99,28.0
2026-01-24,wk inc flu hosp,1,2026-01-31,10,quantile,0.01,8.0
2026-01-24,wk inc flu hosp,1,2026-01-31,10,quantile,0.025,10.0
2026-01-24,wk inc flu hosp,1,2026-01-31,10,quantile,0.05,12.0
2026-01-24,wk inc flu hosp,1,2026-01-31,10,quantile,0.1,21.0
2026-01-24,wk inc flu hosp,1,2026-01-31,10,quantile,0.15,28.0
2026-01-24,wk inc flu hosp,1,2026-01-31,10,quantile,0.2,32.0
2026-01-24,wk inc flu hosp,1,2026-01-31,10,quantile,0.25,34.0
2026-01-24,wk inc flu hosp,1,2026-01-31,10,quantile,0.3,37.0
2026-01-24,wk inc flu hosp,1,2026-01-31,10,quantile,0.35,40.0
2026-01-24,wk inc flu hosp,1,2026-01-31,10,quantile,0.4,42.0
2026-01-24,wk inc flu hosp,1,2026-01-31,10,quantile,0.45,45.0
2026-01-24,wk inc flu hosp,1,2026-01-31,10,quantile,0.5,47.0
2026-01-24,wk inc flu hosp,1,2026-01-31,10,quantile,0.55,49.0
2026-01-24,wk inc flu hosp,1,2026-01-31,10,quantile,0.6,50.0
2026-01-24,wk inc flu hosp,1,2026-01-31,10,quantile,0.65,51.0
2026-01-24,wk inc flu hosp,1,2026-01-31,10,quantile,0.7,52.0
2026-01-24,wk inc flu hosp,1,2026-01-31,10,quantile,0.75,53.0
2026-01-24,wk inc flu hosp,1,2026-01-31,10,quantile,0.8,55.0
2026-01-24,wk inc flu hosp,1,2026-01-31,10,quantile,0.85,56.0
2026-01-24,wk inc flu hosp,1,2026-01-31,10,quantile,0.9,59.0
2026-01-24,wk inc flu hosp,1,2026-01-31,10,quantile,0.95,62.0
2026-01-24,wk inc flu hosp,1,2026-01-31,10,quantile,0.975,65.0
2026-01-24,wk inc flu hosp,1,2026-01-31,10,quantile,0.99,67.0
2026-01-24,wk inc flu hosp,1,2026-01-31,11,quantile,0.01,4.0
2026-01-24,wk inc flu hosp,1,2026-01-31,11,quantile,0.025,5.0
2026-01-24,wk inc flu hosp,1,2026-01-31,11,quantile,0.05,6.0
2026-01-24,wk inc flu hosp,1,2026-01-31,11,quantile,0.1,7.0
2026-01-24,wk inc flu hosp,1,2026-01-31,11,quantile,0.15,9.0
2026-01-24,wk inc flu hosp,1,2026-01-31,11,quantile,0.2,10.0
2026-01-24,wk inc flu hosp,1,2026-01-31,11,quantile,0.25,12.0
2026-01-24,wk inc flu hosp,1,2026-01-31,11,quantile,0.3,13.0
2026-01-24,wk inc flu hosp,1,2026-01-31,11,quantile,0.35,14.0
2026-01-24,wk inc flu hosp,1,2026-01-31,11,quantile,0.4,15.0
2026-01-24,wk inc flu hosp,1,2026-01-31,11,quantile,0.45,16.0
2026-01-24,wk inc flu hosp,1,2026-01-31,11,quantile,0.5,18.0
2026-01-24,wk inc flu hosp,1,2026-01-31,11,quantile,0.55,19.0
2026-01-24,wk inc flu hosp,1,2026-01-31,11,quantile,0.6,20.0
2026-01-24,wk inc flu hosp,1,2026-01-31,11,quantile,0.65,21.0
2026-01-24,wk inc flu hosp,1,2026-01-31,11,quantile,0.7,22.0
2026-01-24,wk inc flu hosp,1,2026-01-31,11,quantile,0.75,23.0
2026-01-24,wk inc flu hosp,1,2026-01-31,11,quantile,0.8,23.0
2026-01-24,wk inc flu hosp,1,2026-01-31,11,quantile,0.85,24.0
2026-01-24,wk inc flu hosp,1,2026-01-31,11,quantile,0.9,26.0
2026-01-24,wk inc flu hosp,1,2026-01-31,11,quantile,0.95,28.0
2026-01-24,wk inc flu hosp,1,2026-01-31,11,quantile,0.975,31.0
2026-01-24,wk inc flu hosp,1,2026-01-31,11,quantile,0.99,36.0
2026-01-24,wk inc flu hosp,1,2026-01-31,12,quantile,0.01,287.0
2026-01-24,wk inc flu hosp,1,2026-01-31,12,quantile,0.025,356.0
2026-01-24,wk inc flu hosp,1,2026-01-31,12,quantile,0.05,413.0
2026-01-24,wk inc flu hosp,1,2026-01-31,12,quantile,0.1,469.0
2026-01-24,wk inc flu hosp,1,2026-01-31,12,quantile,0.15,521.0
2026-01-24,wk inc flu hosp,1,2026-01-31,12,quantile,0.2,558.0
2026-01-24,wk inc flu hosp,1,2026-01-31,12,quantile,0.25,585.0
2026-01-24,wk inc flu hosp,1,2026-01-31,12,quantile,0.3,609.0
2026-01-24,wk inc flu hosp,1,2026-01-31,12,quantile,0.35,630.0
2026-01-24,wk inc flu hosp,1,2026-01-31,12,quantile,0.4,659.0
2026-01-24,wk inc flu hosp,1,2026-01-31,12,quantile,0.45,679.0
2026-01-24,wk inc flu hosp,1,2026-01-31,12,quantile,0.5,705.0
2026-01-24,wk inc flu hosp,1,2026-01-31,12,quantile,0.55,724.0
2026-01-24,wk inc flu hosp,1,2026-01-31,12,quantile,0.6,736.0
2026-01-24,wk inc flu hosp,1,2026-01-31,12,quantile,0.65,749.0
2026-01-24,wk inc flu hosp,1,2026-01-31,12,quantile,0.7,765.0
2026-01-24,wk inc flu hosp,1,2026-01-31,12,quantile,0.75,819.0
2026-01-24,wk inc flu hosp,1,2026-01-31,12,quantile,0.8,877.0
2026-01-24,wk inc flu hosp,1,2026-01-31,12,quantile,0.85,925.0
2026-01-24,wk inc flu hosp,1,2026-01-31,12,quantile,0.9,1019.0
2026-01-24,wk inc flu hosp,1,2026-01-31,12,quantile,0.95,1145.0
2026-01-24,wk inc flu hosp,1,2026-01-31,12,quantile,0.975,1190.0
2026-01-24,wk inc flu hosp,1,2026-01-31,12,quantile,0.99,1228.0
2026-01-24,wk inc flu hosp,1,2026-01-31,13,quantile,0.01,15.0
2026-01-24,wk inc flu hosp,1,2026-01-31,13,quantile,0.025,15.0
2026-01-24,wk inc flu hosp,1,2026-01-31,13,quantile,0.05,17.0
2026-01-24,wk inc flu hosp,1,2026-01-31,13,quantile,0.1,41.0
2026-01-24,wk inc flu hosp,1,2026-01-31,13,quantile,0.15,59.0
2026-01-24,wk inc flu hosp,1,2026-01-31,13,quantile,0.2,74.0
2026-01-24,wk inc flu hosp,1,2026-01-31,13,quantile,0.25,89.0
2026-01-24,wk inc flu hosp,1,2026-01-31,13,quantile,0.3,101.0
2026-01-24,wk inc flu hosp,1,2026-01-31,13,quantile,0.35,111.0
2026-01-24,wk inc flu hosp,1,2026-01-31,13,quantile,0.4,120.0
2026-01-24,wk inc flu hosp,1,2026-01-31,13,quantile,0.45,129.0
2026-01-24,wk inc flu hosp,1,2026-01-31,13,quantile,0.5,141.0
2026-01-24,wk inc flu hosp,1,2026-01-31,13,quantile,0.55,152.0
2026-01-24,wk inc flu hosp,1,2026-01-31,13,quantile,0.6,160.0
2026-01-24,wk inc flu hosp,1,2026-01-31,13,quantile,0.65,166.0
2026-01-24,wk inc flu hosp,1,2026-01-31,13,quantile,0.7,174.0
2026-01-24,wk inc flu hosp,1,2026-01-31,13,quantile,0.75,184.0
2026-01-24,wk inc flu hosp,1,2026-01-31,13,quantile,0.8,194.0
2026-01-24,wk inc flu hosp,1,2026-01-31,13,quantile,0.85,206.0
2026-01-24,wk inc flu hosp,1,2026-01-31,13,quantile,0.9,225.0
2026-01-24,wk inc flu hosp,1,2026-01-31,13,quantile,0.95,253.0
2026-01-24,wk inc flu hosp,1,2026-01-31,13,quantile,0.975,271.0
2026-01-24,wk inc flu hosp,1,2026-01-31,13,quantile,0.99,291.0
2026-01-24,wk inc flu hosp,1,2026-01-31,15,quantile,0.01,0.0
2026-01-24,wk inc flu hosp,1,2026-01-31,15,quantile,0.025,0.0
2026-01-24,wk inc flu hosp,1,2026-01-31,15,quantile,0.05,2.0
2026-01-24,wk inc flu hosp,1,2026-01-31,15,quantile,0.1,8.0
2026-01-24,wk inc flu hosp,1,2026-01-31,15,quantile,0.15,16.0
2026-01-24,wk inc flu hosp,1,2026-01-31,15,quantile,0.2,21.0
2026-01-24,wk inc flu hosp,1,2026-01-31,15,quantile,0.25,23.0
2026-01-24,wk inc flu hosp,1,2026-01-31,15,quantile,0.3,26.0
2026-01-24,wk inc flu hosp,1,2026-01-31,15,quantile,0.35,28.0
2026-01-24,wk inc flu hosp,1,2026-01-31,15,quantile,0.4,31.0
2026-01-24,wk inc flu hosp,1,2026-01-31,15,quantile,0.45,33.0
2026-01-24,wk inc flu hosp,1,2026-01-31,15,quantile,0.5,35.0
2026-01-24,wk inc flu hosp,1,2026-01-31,15,quantile,0.55,37.0
2026-01-24,wk inc flu hosp,1,2026-01-31,15,quantile,0.6,39.0
2026-01-24,wk inc flu hosp,1,2026-01-31,15,quantile,0.65,42.0
2026-01-24,wk inc flu hosp,1,2026-01-31,15,quantile,0.7,45.0
2026-01-24,wk inc flu hosp,1,2026-01-31,15,quantile,0.75,48.0
2026-01-24,wk inc flu hosp,1,2026-01-31,15,quantile,0.8,52.0
2026-01-24,wk inc flu hosp,1,2026-01-31,15,quantile,0.85,57.0
2026-01-24,wk inc flu hosp,1,2026-01-31,15,quantile,0.9,66.0
2026-01-24,wk inc flu hosp,1,2026-01-31,15,quantile,0.95,81.0
2026-01-24,wk inc flu hosp,1,2026-01-31,15,quantile,0.975,86.0
2026-01-24,wk inc flu hosp,1,2026-01-31,15,quantile,0.99,90.0
2026-01-24,wk inc flu hosp,1,2026-01-31,16,quantile,0.01,8.0
2026-01-24,wk inc flu hosp,1,2026-01-31,16,quantile,0.025,13.0
2026-01-24,wk inc flu hosp,1,2026-01-31,16,quantile,0.05,16.0
2026-01-24,wk inc flu hosp,1,2026-01-31,16,quantile,0.1,21.0
2026-01-24,wk inc flu hosp,1,2026-01-31,16,quantile,0.15,25.0
2026-01-24,wk inc flu hosp,1,2026-01-31,16,quantile,0.2,28.0
2026-01-24,wk inc flu hosp,1,2026-01-31,16,quantile,0.25,30.0
2026-01-24,wk inc flu hosp,1,2026-01-31,16,quantile,0.3,33.0
2026-01-24,wk inc flu hosp,1,2026-01-31,16,quantile,0.35,35.0
2026-01-24,wk inc flu hosp,1,2026-01-31,16,quantile,0.4,37.0
2026-01-24,wk inc flu hosp,1,2026-01-31,16,quantile,0.45,39.0
2026-01-24,wk inc flu hosp,1,2026-01-31,16,quantile,0.5,41.0
2026-01-24,wk inc flu hosp,1,2026-01-31,16,quantile,0.55,43.0
2026-01-24,wk inc flu hosp,1,2026-01-31,16,quantile,0.6,45.0
2026-01-24,wk inc flu hosp,1,2026-01-31,16,quantile,0.65,47.0
2026-01-24,wk inc flu hosp,1,2026-01-31,16,quantile,0.7,49.0
2026-01-24,wk inc flu hosp,1,2026-01-31,16,quantile,0.75,51.0
2026-01-24,wk inc flu hosp,1,2026-01-31,16,quantile,0.8,55.0
2026-01-24,wk inc flu hosp,1,2026-01-31,16,quantile,0.85,59.0
2026-01-24,wk inc flu hosp,1,2026-01-31,16,quantile,0.9,66.0
2026-01-24,wk inc flu hosp,1,2026-01-31,16,quantile,0.95,80.0
2026-01-24,wk inc flu hosp,1,2026-01-31,16,quantile,0.975,86.0
2026-01-24,wk inc flu hosp,1,2026-01-31,16,quantile,0.99,92.0
2026-01-24,wk inc flu hosp,1,2026-01-31,17,quantile,0.01,35.0
2026-01-24,wk inc flu hosp,1,2026-01-31,17,quantile,0.025,74.0
2026-01-24,wk inc flu hosp,1,2026-01-31,17,quantile,0.05,108.0
2026-01-24,wk inc flu hosp,1,2026-01-31,17,quantile,0.1,141.0
2026-01-24,wk inc flu hosp,1,2026-01-31,17,quantile,0.15,170.0
2026-01-24,wk inc flu hosp,1,2026-01-31,17,quantile,0.2,193.0
2026-01-24,wk inc flu hosp,1,2026-01-31,17,quantile,0.25,211.0
2026-01-24,wk inc flu hosp,1,2026-01-31,17,quantile,0.3,226.0
2026-01-24,wk inc flu hosp,1,2026-01-31,17,quantile,0.35,239.0
2026-01-24,wk inc flu hosp,1,2026-01-31,17,quantile,0.4,251.0
2026-01-24,wk inc flu hosp,1,2026-01-31,17,quantile,0.45,266.0
2026-01-24,wk inc flu hosp,1,2026-01-31,17,quantile,0.5,281.0
2026-01-24,wk inc flu hosp,1,2026-01-31,17,quantile,0.55,295.0
2026-01-24,wk inc flu hosp,1,2026-01-31,17,quantile,0.6,309.0
2026-01-24,wk inc flu hosp,1,2026-01-31,17,quantile,0.65,320.0
2026-01-24,wk inc flu hosp,1,2026-01-31,17,quantile,0.7,328.0
2026-01-24,wk inc flu hosp,1,2026-01-31,17,quantile,0.75,341.0
2026-01-24,wk inc flu hosp,1,2026-01-31,17,quantile,0.8,353.0
2026-01-24,wk inc flu hosp,1,2026-01-31,17,quantile,0.85,366.0
2026-01-24,wk inc flu hosp,1,2026-01-31,17,quantile,0.9,392.0
2026-01-24,wk inc flu hosp,1,2026-01-31,17,quantile,0.95,443.0
2026-01-24,wk inc flu hosp,1,2026-01-31,17,quantile,0.975,506.0
2026-01-24,wk inc flu hosp,1,2026-01-31,17,quantile,0.99,577.0
2026-01-24,wk inc flu hosp,1,2026-01-31,18,quantile,0.01,19.0
2026-01-24,wk inc flu hosp,1,2026-01-31,18,quantile,0.025,21.0
2026-01-24,wk inc flu hosp,1,2026-01-31,18,quantile,0.05,24.0
2026-01-24,wk inc flu hosp,1,2026-01-31,18,quantile,0.1,60.0
2026-01-24,wk inc flu hosp,1,2026-01-31,18,quantile,0.15,79.0
2026-01-24,wk inc flu hosp,1,2026-01-31,18,quantile,0.2,92.0
2026-01-24,wk inc flu hosp,1,2026-01-31,18,quantile,0.25,112.0
2026-01-24,wk inc flu hosp,1,2026-01-31,18,quantile,0.3,126.0
2026-01-24,wk inc flu hosp,1,2026-01-31,18,quantile,0.35,136.0
2026-01-24,wk inc flu hosp,1,2026-01-31,18,quantile,0.4,141.0
2026-01-24,wk inc flu hosp,1,2026-01-31,18,quantile,0.45,146.0
2026-01-24,wk inc flu hosp,1,2026-01-31,18,quantile,0.5,151.0
2026-01-24,wk inc flu hosp,1,2026-01-31,18,quantile,0.55,157.0
2026-01-24,wk inc flu hosp,1,2026-01-31,18,quantile,0.6,162.0
2026-01-24,wk inc flu hosp,1,2026-01-31,18,quantile,0.65,167.0
2026-01-24,wk inc flu hosp,1,2026-01-31,18,quantile,0.7,172.0
2026-01-24,wk inc flu hosp,1,2026-01-31,18,quantile,0.75,180.0
2026-01-24,wk inc flu hosp,1,2026-01-31,18,quantile,0.8,188.0
2026-01-24,wk inc flu hosp,1,2026-01-31,18,quantile,0.85,196.0
2026-01-24,wk inc flu hosp,1,2026-01-31,18,quantile,0.9,218.0
2026-01-24,wk inc flu hosp,1,2026-01-31,18,quantile,0.95,258.0
2026-01-24,wk inc flu hosp,1,2026-01-31,18,quantile,0.975,292.0
2026-01-24,wk inc flu hosp,1,2026-01-31,18,quantile,0.99,316.0
2026-01-24,wk inc flu hosp,1,2026-01-31,19,quantile,0.01,52.0
2026-01-24,wk inc flu hosp,1,2026-01-31,19,quantile,0.025,64.0
2026-01-24,wk inc flu hosp,1,2026-01-31,19,quantile,0.05,72.0
2026-01-24,wk inc flu hosp,1,2026-01-31,19,quantile,0.1,83.0
2026-01-24,wk inc flu hosp,1,2026-01-31,19,quantile,0.15,90.0
2026-01-24,wk inc flu hosp,1,2026-01-31,19,quantile,0.2,95.0
2026-01-24,wk inc flu hosp,1,2026-01-31,19,quantile,0.25,100.0
2026-01-24,wk inc flu hosp,1,2026-01-31,19,quantile,0.3,104.0
2026-01-24,wk inc flu hosp,1,2026-01-31,19,quantile,0.35,108.0
2026-01-24,wk inc flu hosp,1,2026-01-31,19,quantile,0.4,112.0
2026-01-24,wk inc flu hosp,1,2026-01-31,19,quantile,0.45,116.0
2026-01-24,wk inc flu hosp,1,2026-01-31,19,quantile,0.5,119.0
2026-01-24,wk inc flu hosp,1,2026-01-31,19,quantile,0.55,123.0
2026-01-24,wk inc flu hosp,1,2026-01-31,19,quantile,0.6,126.0
2026-01-24,wk inc flu hosp,1,2026-01-31,19,quantile,0.65,129.0
2026-01-24,wk inc flu hosp,1,2026-01-31,19,quantile,0.7,133.0
2026-01-24,wk inc flu hosp,1,2026-01-31,19,quantile,0.75,138.0
2026-01-24,wk inc flu hosp,1,2026-01-31,19,quantile,0.8,142.0
2026-01-24,wk inc flu hosp,1,2026-01-31,19,quantile,0.85,146.0
2026-01-24,wk inc flu hosp,1,2026-01-31,19,quantile,0.9,150.0
2026-01-24,wk inc flu hosp,1,2026-01-31,19,quantile,0.95,157.0
2026-01-24,wk inc flu hosp,1,2026-01-31,19,quantile,0.975,164.0
2026-01-24,wk inc flu hosp,1,2026-01-31,19,quantile,0.99,172.0
2026-01-24,wk inc flu hosp,1,2026-01-31,20,quantile,0.01,64.0
2026-01-24,wk inc flu hosp,1,2026-01-31,20,quantile,0.025,70.0
2026-01-24,wk inc flu hosp,1,2026-01-31,20,quantile,0.05,79.0
2026-01-24,wk inc flu hosp,1,2026-01-31,20,quantile,0.1,90.0
2026-01-24,wk inc flu hosp,1,2026-01-31,20,quantile,0.15,99.0
2026-01-24,wk inc flu hosp,1,2026-01-31,20,quantile,0.2,107.0
2026-01-24,wk inc flu hosp,1,2026-01-31,20,quantile,0.25,116.0
2026-01-24,wk inc flu hosp,1,2026-01-31,20,quantile,0.3,123.0
2026-01-24,wk inc flu hosp,1,2026-01-31,20,quantile,0.35,127.0
2026-01-24,wk inc flu hosp,1,2026-01-31,20,quantile,0.4,131.0
2026-01-24,wk inc flu hosp,1,2026-01-31,20,quantile,0.45,134.0
2026-01-24,wk inc flu hosp,1,2026-01-31,20,quantile,0.5,137.0
2026-01-24,wk inc flu hosp,1,2026-01-31,20,quantile,0.55,140.0
2026-01-24,wk inc flu hosp,1,2026-01-31,20,quantile,0.6,142.0
2026-01-24,wk inc flu hosp,1,2026-01-31,20,quantile,0.65,143.0
2026-01-24,wk inc flu hosp,1,2026-01-31,20,quantile,0.7,144.0
2026-01-24,wk inc flu hosp,1,2026-01-31,20,quantile,0.75,146.0
2026-01-24,wk inc flu hosp,1,2026-01-31,20,quantile,0.8,148.0
2026-01-24,wk inc flu hosp,1,2026-01-31,20,quantile,0.85,149.0
2026-01-24,wk inc flu hosp,1,2026-01-31,20,quantile,0.9,153.0
2026-01-24,wk inc flu hosp,1,2026-01-31,20,quantile,0.95,160.0
2026-01-24,wk inc flu hosp,1,2026-01-31,20,quantile,0.975,171.0
2026-01-24,wk inc flu hosp,1,2026-01-31,20,quantile,0.99,206.0
2026-01-24,wk inc flu hosp,1,2026-01-31,21,quantile,0.01,16.0
2026-01-24,wk inc flu hosp,1,2026-01-31,21,quantile,0.025,17.0
2026-01-24,wk inc flu hosp,1,2026-01-31,21,quantile,0.05,19.0
2026-01-24,wk inc flu hosp,1,2026-01-31,21,quantile,0.1,29.0
2026-01-24,wk inc flu hosp,1,2026-01-31,21,quantile,0.15,48.0
2026-01-24,wk inc flu hosp,1,2026-01-31,21,quantile,0.2,63.0
2026-01-24,wk inc flu hosp,1,2026-01-31,21,quantile,0.25,78.0
2026-01-24,wk inc flu hosp,1,2026-01-31,21,quantile,0.3,89.0
2026-01-24,wk inc flu hosp,1,2026-01-31,21,quantile,0.35,101.0
2026-01-24,wk inc flu hosp,1,2026-01-31,21,quantile,0.4,113.0
2026-01-24,wk inc flu hosp,1,2026-01-31,21,quantile,0.45,122.0
2026-01-24,wk inc flu hosp,1,2026-01-31,21,quantile,0.5,127.0
2026-01-24,wk inc flu hosp,1,2026-01-31,21,quantile,0.55,132.0
2026-01-24,wk inc flu hosp,1,2026-01-31,21,quantile,0.6,136.0
2026-01-24,wk inc flu hosp,1,2026-01-31,21,quantile,0.65,140.0
2026-01-24,wk inc flu hosp,1,2026-01-31,21,quantile,0.7,144.0
2026-01-24,wk inc flu hosp,1,2026-01-31,21,quantile,0.75,152.0
2026-01-24,wk inc flu hosp,1,2026-01-31,21,quantile,0.8,159.0
2026-01-24,wk inc flu hosp,1,2026-01-31,21,quantile,0.85,170.0
2026-01-24,wk inc flu hosp,1,2026-01-31,21,quantile,0.9,189.0
2026-01-24,wk inc flu hosp,1,2026-01-31,21,quantile,0.95,218.0
2026-01-24,wk inc flu hosp,1,2026-01-31,21,quantile,0.975,232.0
2026-01-24,wk inc flu hosp,1,2026-01-31,21,quantile,0.99,248.0
2026-01-24,wk inc flu hosp,1,2026-01-31,22,quantile,0.01,17.0
2026-01-24,wk inc flu hosp,1,2026-01-31,22,quantile,0.025,26.0
2026-01-24,wk inc flu hosp,1,2026-01-31,22,quantile,0.05,39.0
2026-01-24,wk inc flu hosp,1,2026-01-31,22,quantile,0.1,55.0
2026-01-24,wk inc flu hosp,1,2026-01-31,22,quantile,0.15,67.0
2026-01-24,wk inc flu hosp,1,2026-01-31,22,quantile,0.2,76.0
2026-01-24,wk inc flu hosp,1,2026-01-31,22,quantile,0.25,81.0
2026-01-24,wk inc flu hosp,1,2026-01-31,22,quantile,0.3,87.0
2026-01-24,wk inc flu hosp,1,2026-01-31,22,quantile,0.35,92.0
2026-01-24,wk inc flu hosp,1,2026-01-31,22,quantile,0.4,97.0
2026-01-24,wk inc flu hosp,1,2026-01-31,22,quantile,0.45,102.0
2026-01-24,wk inc flu hosp,1,2026-01-31,22,quantile,0.5,109.0
2026-01-24,wk inc flu hosp,1,2026-01-31,22,quantile,0.55,113.0
2026-01-24,wk inc flu hosp,1,2026-01-31,22,quantile,0.6,118.0
2026-01-24,wk inc flu hosp,1,2026-01-31,22,quantile,0.65,125.0
2026-01-24,wk inc flu hosp,1,2026-01-31,22,quantile,0.7,132.0
2026-01-24,wk inc flu hosp,1,2026-01-31,22,quantile,0.75,145.0
2026-01-24,wk inc flu hosp,1,2026-01-31,22,quantile,0.8,155.0
2026-01-24,wk inc flu hosp,1,2026-01-31,22,quantile,0.85,163.0
2026-01-24,wk inc flu hosp,1,2026-01-31,22,quantile,0.9,175.0
2026-01-24,wk inc flu hosp,1,2026-01-31,22,quantile,0.95,194.0
2026-01-24,wk inc flu hosp,1,2026-01-31,22,quantile,0.975,201.0
2026-01-24,wk inc flu hosp,1,2026-01-31,22,quantile,0.99,207.0
2026-01-24,wk inc flu hosp,1,2026-01-31,23,quantile,0.01,11.0
2026-01-24,wk inc flu hosp,1,2026-01-31,23,quantile,0.025,15.0
2026-01-24,wk inc flu hosp,1,2026-01-31,23,quantile,0.05,20.0
2026-01-24,wk inc flu hosp,1,2026-01-31,23,quantile,0.1,24.0
2026-01-24,wk inc flu hosp,1,2026-01-31,23,quantile,0.15,27.0
2026-01-24,wk inc flu hosp,1,2026-01-31,23,quantile,0.2,30.0
2026-01-24,wk inc flu hosp,1,2026-01-31,23,quantile,0.25,32.0
2026-01-24,wk inc flu hosp,1,2026-01-31,23,quantile,0.3,34.0
2026-01-24,wk inc flu hosp,1,2026-01-31,23,quantile,0.35,36.0
2026-01-24,wk inc flu hosp,1,2026-01-31,23,quantile,0.4,37.0
2026-01-24,wk inc flu hosp,1,2026-01-31,23,quantile,0.45,39.0
2026-01-24,wk inc flu hosp,1,2026-01-31,23,quantile,0.5,40.0
2026-01-24,wk inc flu hosp,1,2026-01-31,23,quantile,0.55,42.0
2026-01-24,wk inc flu hosp,1,2026-01-31,23,quantile,0.6,44.0
2026-01-24,wk inc flu hosp,1,2026-01-31,23,quantile,0.65,45.0
2026-01-24,wk inc flu hosp,1,2026-01-31,23,quantile,0.7,47.0
2026-01-24,wk inc flu hosp,1,2026-01-31,23,quantile,0.75,49.0
2026-01-24,wk inc flu hosp,1,2026-01-31,23,quantile,0.8,51.0
2026-01-24,wk inc flu hosp,1,2026-01-31,23,quantile,0.85,53.0
2026-01-24,wk inc flu hosp,1,2026-01-31,23,quantile,0.9,56.0
2026-01-24,wk inc flu hosp,1,2026-01-31,23,quantile,0.95,61.0
2026-01-24,wk inc flu hosp,1,2026-01-31,23,quantile,0.975,64.0
2026-01-24,wk inc flu hosp,1,2026-01-31,23,quantile,0.99,70.0
2026-01-24,wk inc flu hosp,1,2026-01-31,24,quantile,0.01,17.0
2026-01-24,wk inc flu hosp,1,2026-01-31,24,quantile,0.025,20.0
2026-01-24,wk inc flu hosp,1,2026-01-31,24,quantile,0.05,34.0
2026-01-24,wk inc flu hosp,1,2026-01-31,24,quantile,0.1,57.0
2026-01-24,wk inc flu hosp,1,2026-01-31,24,quantile,0.15,74.0
2026-01-24,wk inc flu hosp,1,2026-01-31,24,quantile,0.2,91.0
2026-01-24,wk inc flu hosp,1,2026-01-31,24,quantile,0.25,109.0
2026-01-24,wk inc flu hosp,1,2026-01-31,24,quantile,0.3,127.0
2026-01-24,wk inc flu hosp,1,2026-01-31,24,quantile,0.35,145.0
2026-01-24,wk inc flu hosp,1,2026-01-31,24,quantile,0.4,164.0
2026-01-24,wk inc flu hosp,1,2026-01-31,24,quantile,0.45,180.0
2026-01-24,wk inc flu hosp,1,2026-01-31,24,quantile,0.5,199.0
2026-01-24,wk inc flu hosp,1,2026-01-31,24,quantile,0.55,212.0
2026-01-24,wk inc flu hosp,1,2026-01-31,24,quantile,0.6,222.0
2026-01-24,wk inc flu hosp,1,2026-01-31,24,quantile,0.65,233.0
2026-01-24,wk inc flu hosp,1,2026-01-31,24,quantile,0.7,245.0
2026-01-24,wk inc flu hosp,1,2026-01-31,24,quantile,0.75,259.0
2026-01-24,wk inc flu hosp,1,2026-01-31,24,quantile,0.8,272.0
2026-01-24,wk inc flu hosp,1,2026-01-31,24,quantile,0.85,286.0
2026-01-24,wk inc flu hosp,1,2026-01-31,24,quantile,0.9,310.0
2026-01-24,wk inc flu hosp,1,2026-01-31,24,quantile,0.95,340.0
2026-01-24,wk inc flu hosp,1,2026-01-31,24,quantile,0.975,362.0
2026-01-24,wk inc flu hosp,1,2026-01-31,24,quantile,0.99,390.0
2026-01-24,wk inc flu hosp,1,2026-01-31,25,quantile,0.01,32.0
2026-01-24,wk inc flu hosp,1,2026-01-31,25,quantile,0.025,41.0
2026-01-24,wk inc flu hosp,1,2026-01-31,25,quantile,0.05,44.0
2026-01-24,wk inc flu hosp,1,2026-01-31,25,quantile,0.1,48.0
2026-01-24,wk inc flu hosp,1,2026-01-31,25,quantile,0.15,51.0
2026-01-24,wk inc flu hosp,1,2026-01-31,25,quantile,0.2,59.0
2026-01-24,wk inc flu hosp,1,2026-01-31,25,quantile,0.25,66.0
2026-01-24,wk inc flu hosp,1,2026-01-31,25,quantile,0.3,72.0
2026-01-24,wk inc flu hosp,1,2026-01-31,25,quantile,0.35,78.0
2026-01-24,wk inc flu hosp,1,2026-01-31,25,quantile,0.4,84.0
2026-01-24,wk inc flu hosp,1,2026-01-31,25,quantile,0.45,89.0
2026-01-24,wk inc flu hosp,1,2026-01-31,25,quantile,0.5,94.0
2026-01-24,wk inc flu hosp,1,2026-01-31,25,quantile,0.55,99.0
2026-01-24,wk inc flu hosp,1,2026-01-31,25,quantile,0.6,105.0
2026-01-24,wk inc flu hosp,1,2026-01-31,25,quantile,0.65,111.0
2026-01-24,wk inc flu hosp,1,2026-01-31,25,quantile,0.7,117.0
2026-01-24,wk inc flu hosp,1,2026-01-31,25,quantile,0.75,123.0
2026-01-24,wk inc flu hosp,1,2026-01-31,25,quantile,0.8,128.0
2026-01-24,wk inc flu hosp,1,2026-01-31,25,quantile,0.85,134.0
2026-01-24,wk inc flu hosp,1,2026-01-31,25,quantile,0.9,144.0
2026-01-24,wk inc flu hosp,1,2026-01-31,25,quantile,0.95,162.0
2026-01-24,wk inc flu hosp,1,2026-01-31,25,quantile,0.975,175.0
2026-01-24,wk inc flu hosp,1,2026-01-31,25,quantile,0.99,198.0
2026-01-24,wk inc flu hosp,1,2026-01-31,26,quantile,0.01,89.0
2026-01-24,wk inc flu hosp,1,2026-01-31,26,quantile,0.025,136.0
2026-01-24,wk inc flu hosp,1,2026-01-31,26,quantile,0.05,177.0
2026-01-24,wk inc flu hosp,1,2026-01-31,26,quantile,0.1,219.0
2026-01-24,wk inc flu hosp,1,2026-01-31,26,quantile,0.15,243.0
2026-01-24,wk inc flu hosp,1,2026-01-31,26,quantile,0.2,257.0
2026-01-24,wk inc flu hosp,1,2026-01-31,26,quantile,0.25,273.0
2026-01-24,wk inc flu hosp,1,2026-01-31,26,quantile,0.3,287.0
2026-01-24,wk inc flu hosp,1,2026-01-31,26,quantile,0.35,301.0
2026-01-24,wk inc flu hosp,1,2026-01-31,26,quantile,0.4,314.0
2026-01-24,wk inc flu hosp,1,2026-01-31,26,quantile,0.45,327.0
2026-01-24,wk inc flu hosp,1,2026-01-31,26,quantile,0.5,339.0
2026-01-24,wk inc flu hosp,1,2026-01-31,26,quantile,0.55,350.0
2026-01-24,wk inc flu hosp,1,2026-01-31,26,quantile,0.6,366.0
2026-01-24,wk inc flu hosp,1,2026-01-31,26,quantile,0.65,381.0
2026-01-24,wk inc flu hosp,1,2026-01-31,26,quantile,0.7,395.0
2026-01-24,wk inc flu hosp,1,2026-01-31,26,quantile,0.75,405.0
2026-01-24,wk inc flu hosp,1,2026-01-31,26,quantile,0.8,418.0
2026-01-24,wk inc flu hosp,1,2026-01-31,26,quantile,0.85,432.0
2026-01-24,wk inc flu hosp,1,2026-01-31,26,quantile,0.9,457.0
2026-01-24,wk inc flu hosp,1,2026-01-31,26,quantile,0.95,501.0
2026-01-24,wk inc flu hosp,1,2026-01-31,26,quantile,0.975,557.0
2026-01-24,wk inc flu hosp,1,2026-01-31,26,quantile,0.99,594.0
2026-01-24,wk inc flu hosp,1,2026-01-31,27,quantile,0.01,48.0
2026-01-24,wk inc flu hosp,1,2026-01-31,27,quantile,0.025,64.0
2026-01-24,wk inc flu hosp,1,2026-01-31,27,quantile,0.05,91.0
2026-01-24,wk inc flu hosp,1,2026-01-31,27,quantile,0.1,108.0
2026-01-24,wk inc flu hosp,1,2026-01-31,27,quantile,0.15,121.0
2026-01-24,wk inc flu hosp,1,2026-01-31,27,quantile,0.2,133.0
2026-01-24,wk inc flu hosp,1,2026-01-31,27,quantile,0.25,144.0
2026-01-24,wk inc flu hosp,1,2026-01-31,27,quantile,0.3,153.0
2026-01-24,wk inc flu hosp,1,2026-01-31,27,quantile,0.35,163.0
2026-01-24,wk inc flu hosp,1,2026-01-31,27,quantile,0.4,171.0
2026-01-24,wk inc flu hosp,1,2026-01-31,27,quantile,0.45,178.0
2026-01-24,wk inc flu hosp,1,2026-01-31,27,quantile,0.5,187.0
2026-01-24,wk inc flu hosp,1,2026-01-31,27,quantile,0.55,194.0
2026-01-24,wk inc flu hosp,1,2026-01-31,27,quantile,0.6,201.0
2026-01-24,wk inc flu hosp,1,2026-01-31,27,quantile,0.65,209.0
2026-01-24,wk inc flu hosp,1,2026-01-31,27,quantile,0.7,219.0
2026-01-24,wk inc flu hosp,1,2026-01-31,27,quantile,0.75,231.0
2026-01-24,wk inc flu hosp,1,2026-01-31,27,quantile,0.8,241.0
2026-01-24,wk inc flu hosp,1,2026-01-31,27,quantile,0.85,252.0
2026-01-24,wk inc flu hosp,1,2026-01-31,27,quantile,0.9,271.0
2026-01-24,wk inc flu hosp,1,2026-01-31,27,quantile,0.95,299.0
2026-01-24,wk inc flu hosp,1,2026-01-31,27,quantile,0.975,363.0
2026-01-24,wk inc flu hosp,1,2026-01-31,27,quantile,0.99,429.0
2026-01-24,wk inc flu hosp,1,2026-01-31,28,quantile,0.01,0.0
2026-01-24,wk inc flu hosp,1,2026-01-31,28,quantile,0.025,3.0
2026-01-24,wk inc flu hosp,1,2026-01-31,28,quantile,0.05,8.0
2026-01-24,wk inc flu hosp,1,2026-01-31,28,quantile,0.1,15.0
2026-01-24,wk inc flu hosp,1,2026-01-31,28,quantile,0.15,25.0
2026-01-24,wk inc flu hosp,1,2026-01-31,28,quantile,0.2,34.0
2026-01-24,wk inc flu hosp,1,2026-01-31,28,quantile,0.25,41.0
2026-01-24,wk inc flu hosp,1,2026-01-31,28,quantile,0.3,47.0
2026-01-24,wk inc flu hosp,1,2026-01-31,28,quantile,0.35,53.0
2026-01-24,wk inc flu hosp,1,2026-01-31,28,quantile,0.4,59.0
2026-01-24,wk inc flu hosp,1,2026-01-31,28,quantile,0.45,63.0
2026-01-24,wk inc flu hosp,1,2026-01-31,28,quantile,0.5,67.0
2026-01-24,wk inc flu hosp,1,2026-01-31,28,quantile,0.55,70.0
2026-01-24,wk inc flu hosp,1,2026-01-31,28,quantile,0.6,73.0
2026-01-24,wk inc flu hosp,1,2026-01-31,28,quantile,0.65,77.0
2026-01-24,wk inc flu hosp,1,2026-01-31,28,quantile,0.7,80.0
2026-01-24,wk inc flu hosp,1,2026-01-31,28,quantile,0.75,85.0
2026-01-24,wk inc flu hosp,1,2026-01-31,28,quantile,0.8,90.0
2026-01-24,wk inc flu hosp,1,2026-01-31,28,quantile,0.85,96.0
2026-01-24,wk inc flu hosp,1,2026-01-31,28,quantile,0.9,107.0
2026-01-24,wk inc flu hosp,1,2026-01-31,28,quantile,0.95,123.0
2026-01-24,wk inc flu hosp,1,2026-01-31,28,quantile,0.975,136.0
2026-01-24,wk inc flu hosp,1,2026-01-31,28,quantile,0.99,150.0
2026-01-24,wk inc flu hosp,1,2026-01-31,30,quantile,0.01,4.0
2026-01-24,wk inc flu hosp,1,2026-01-31,30,quantile,0.025,4.0
2026-01-24,wk inc flu hosp,1,2026-01-31,30,quantile,0.05,5.0
2026-01-24,wk inc flu hosp,1,2026-01-31,30,quantile,0.1,7.0
2026-01-24,wk inc flu hosp,1,2026-01-31,30,quantile,0.15,9.0
2026-01-24,wk inc flu hosp,1,2026-01-31,30,quantile,0.2,11.0
2026-01-24,wk inc flu hosp,1,2026-01-31,30,quantile,0.25,13.0
2026-01-24,wk inc flu hosp,1,2026-01-31,30,quantile,0.3,15.0
2026-01-24,wk inc flu hosp,1,2026-01-31,30,quantile,0.35,16.0
2026-01-24,wk inc flu hosp,1,2026-01-31,30,quantile,0.4,18.0
2026-01-24,wk inc flu hosp,1,2026-01-31,30,quantile,0.45,19.0
2026-01-24,wk inc flu hosp,1,2026-01-31,30,quantile,0.5,21.0
2026-01-24,wk inc flu hosp,1,2026-01-31,30,quantile,0.55,22.0
2026-01-24,wk inc flu hosp,1,2026-01-31,30,quantile,0.6,24.0
2026-01-24,wk inc flu hosp,1,2026-01-31,30,quantile,0.65,25.0
2026-01-24,wk inc flu hosp,1,2026-01-31,30,quantile,0.7,26.0
2026-01-24,wk inc flu hosp,1,2026-01-31,30,quantile,0.75,27.0
2026-01-24,wk inc flu hosp,1,2026-01-31,30,quantile,0.8,29.0
2026-01-24,wk inc flu hosp,1,2026-01-31,30,quantile,0.85,29.0
2026-01-24,wk inc flu hosp,1,2026-01-31,30,quantile,0.9,31.0
2026-01-24,wk inc flu hosp,1,2026-01-31,30,quantile,0.95,33.0
2026-01-24,wk inc flu hosp,1,2026-01-31,30,quantile,0.975,35.0
2026-01-24,wk inc flu hosp,1,2026-01-31,30,quantile,0.99,38.0
2026-01-24,wk inc flu hosp,1,2026-01-31,31,quantile,0.01,25.0
2026-01-24,wk inc flu hosp,1,2026-01-31,31,quantile,0.025,32.0
2026-01-24,wk inc flu hosp,1,2026-01-31,31,quantile,0.05,36.0
2026-01-24,wk inc flu hosp,1,2026-01-31,31,quantile,0.1,41.0
2026-01-24,wk inc flu hosp,1,2026-01-31,31,quantile,0.15,44.0
2026-01-24,wk inc flu hosp,1,2026-01-31,31,quantile,0.2,47.0
2026-01-24,wk inc flu hosp,1,2026-01-31,31,quantile,0.25,49.0
2026-01-24,wk inc flu hosp,1,2026-01-31,31,quantile,0.3,51.0
2026-01-24,wk inc flu hosp,1,2026-01-31,31,quantile,0.35,53.0
2026-01-24,wk inc flu hosp,1,2026-01-31,31,quantile,0.4,55.0
2026-01-24,wk inc flu hosp,1,2026-01-31,31,quantile,0.45,57.0
2026-01-24,wk inc flu hosp,1,2026-01-31,31,quantile,0.5,59.0
2026-01-24,wk inc flu hosp,1,2026-01-31,31,quantile,0.55,61.0
2026-01-24,wk inc flu hosp,1,2026-01-31,31,quantile,0.6,63.0
2026-01-24,wk inc flu hosp,1,2026-01-31,31,quantile,0.65,65.0
2026-01-24,wk inc flu hosp,1,2026-01-31,31,quantile,0.7,66.0
2026-01-24,wk inc flu hosp,1,2026-01-31,31,quantile,0.75,69.0
2026-01-24,wk inc flu hosp,1,2026-01-31,31,quantile,0.8,71.0
2026-01-24,wk inc flu hosp,1,2026-01-31,31,quantile,0.85,74.0
2026-01-24,wk inc flu hosp,1,2026-01-31,31,quantile,0.9,77.0
2026-01-24,wk inc flu hosp,1,2026-01-31,31,quantile,0.95,83.0
2026-01-24,wk inc flu hosp,1,2026-01-31,31,quantile,0.975,86.0
2026-01-24,wk inc flu hosp,1,2026-01-31,31,quantile,0.99,91.0
2026-01-24,wk inc flu hosp,1,2026-01-31,32,quantile,0.01,3.0
2026-01-24,wk inc flu hosp,1,2026-01-31,32,quantile,0.025,7.0
2026-01-24,wk inc flu hosp,1,2026-01-31,32,quantile,0.05,11.0
2026-01-24,wk inc flu hosp,1,2026-01-31,32,quantile,0.1,18.0
2026-01-24,wk inc flu hosp,1,2026-01-31,32,quantile,0.15,23.0
2026-01-24,wk inc flu hosp,1,2026-01-31,32,quantile,0.2,27.0
2026-01-24,wk inc flu hosp,1,2026-01-31,32,quantile,0.25,30.0
2026-01-24,wk inc flu hosp,1,2026-01-31,32,quantile,0.3,33.0
2026-01-24,wk inc flu hosp,1,2026-01-31,32,quantile,0.35,35.0
2026-01-24,wk inc flu hosp,1,2026-01-31,32,quantile,0.4,38.0
2026-01-24,wk inc flu hosp,1,2026-01-31,32,quantile,0.45,40.0
2026-01-24,wk inc flu hosp,1,2026-01-31,32,quantile,0.5,43.0
2026-01-24,wk inc flu hosp,1,2026-01-31,32,quantile,0.55,45.0
2026-01-24,wk inc flu hosp,1,2026-01-31,32,quantile,0.6,47.0
2026-01-24,wk inc flu hosp,1,2026-01-31,32,quantile,0.65,48.0
2026-01-24,wk inc flu hosp,1,2026-01-31,32,quantile,0.7,49.0
2026-01-24,wk inc flu hosp,1,2026-01-31,32,quantile,0.75,51.0
2026-01-24,wk inc flu hosp,1,2026-01-31,32,quantile,0.8,53.0
2026-01-24,wk inc flu hosp,1,2026-01-31,32,quantile,0.85,55.0
2026-01-24,wk inc flu hosp,1,2026-01-31,32,quantile,0.9,58.0
2026-01-24,wk inc flu hosp,1,2026-01-31,32,quantile,0.95,62.0
2026-01-24,wk inc flu hosp,1,2026-01-31,32,quantile,0.975,65.0
2026-01-24,wk inc flu hosp,1,2026-01-31,32,quantile,0.99,68.0
2026-01-24,wk inc flu hosp,1,2026-01-31,33,quantile,0.01,32.0
2026-01-24,wk inc flu hosp,1,2026-01-31,33,quantile,0.025,37.0
2026-01-24,wk inc flu hosp,1,2026-01-31,33,quantile,0.05,41.0
2026-01-24,wk inc flu hosp,1,2026-01-31,33,quantile,0.1,45.0
2026-01-24,wk inc flu hosp,1,2026-01-31,33,quantile,0.15,49.0
2026-01-24,wk inc flu hosp,1,2026-01-31,33,quantile,0.2,52.0
2026-01-24,wk inc flu hosp,1,2026-01-31,33,quantile,0.25,55.0
2026-01-24,wk inc flu hosp,1,2026-01-31,33,quantile,0.3,58.0
2026-01-24,wk inc flu hosp,1,2026-01-31,33,quantile,0.35,60.0
2026-01-24,wk inc flu hosp,1,2026-01-31,33,quantile,0.4,61.0
2026-01-24,wk inc flu hosp,1,2026-01-31,33,quantile,0.45,62.0
2026-01-24,wk inc flu hosp,1,2026-01-31,33,quantile,0.5,64.0
2026-01-24,wk inc flu hosp,1,2026-01-31,33,quantile,0.55,65.0
2026-01-24,wk inc flu hosp,1,2026-01-31,33,quantile,0.6,67.0
2026-01-24,wk inc flu hosp,1,2026-01-31,33,quantile,0.65,68.0
2026-01-24,wk inc flu hosp,1,2026-01-31,33,quantile,0.7,70.0
2026-01-24,wk inc flu hosp,1,2026-01-31,33,quantile,0.75,72.0
2026-01-24,wk inc flu hosp,1,2026-01-31,33,quantile,0.8,74.0
2026-01-24,wk inc flu hosp,1,2026-01-31,33,quantile,0.85,76.0
2026-01-24,wk inc flu hosp,1,2026-01-31,33,quantile,0.9,79.0
2026-01-24,wk inc flu hosp,1,2026-01-31,33,quantile,0.95,84.0
2026-01-24,wk inc flu hosp,1,2026-01-31,33,quantile,0.975,87.0
2026-01-24,wk inc flu hosp,1,2026-01-31,33,quantile,0.99,96.0
2026-01-24,wk inc flu hosp,1,2026-01-31,34,quantile,0.01,90.0
2026-01-24,wk inc flu hosp,1,2026-01-31,34,quantile,0.025,108.0
2026-01-24,wk inc flu hosp,1,2026-01-31,34,quantile,0.05,135.0
2026-01-24,wk inc flu hosp,1,2026-01-31,34,quantile,0.1,164.0
2026-01-24,wk inc flu hosp,1,2026-01-31,34,quantile,0.15,183.0
2026-01-24,wk inc flu hosp,1,2026-01-31,34,quantile,0.2,197.0
2026-01-24,wk inc flu hosp,1,2026-01-31,34,quantile,0.25,209.0
2026-01-24,wk inc flu hosp,1,2026-01-31,34,quantile,0.3,223.0
2026-01-24,wk inc flu hosp,1,2026-01-31,34,quantile,0.35,234.0
2026-01-24,wk inc flu hosp,1,2026-01-31,34,quantile,0.4,247.0
2026-01-24,wk inc flu hosp,1,2026-01-31,34,quantile,0.45,259.0
2026-01-24,wk inc flu hosp,1,2026-01-31,34,quantile,0.5,272.0
2026-01-24,wk inc flu hosp,1,2026-01-31,34,quantile,0.55,281.0
2026-01-24,wk inc flu hosp,1,2026-01-31,34,quantile,0.6,286.0
2026-01-24,wk inc flu hosp,1,2026-01-31,34,quantile,0.65,292.0
2026-01-24,wk inc flu hosp,1,2026-01-31,34,quantile,0.7,299.0
2026-01-24,wk inc flu hosp,1,2026-01-31,34,quantile,0.75,308.0
2026-01-24,wk inc flu hosp,1,2026-01-31,34,quantile,0.8,318.0
2026-01-24,wk inc flu hosp,1,2026-01-31,34,quantile,0.85,329.0
2026-01-24,wk inc flu hosp,1,2026-01-31,34,quantile,0.9,347.0
2026-01-24,wk inc flu hosp,1,2026-01-31,34,quantile,0.95,379.0
2026-01-24,wk inc flu hosp,1,2026-01-31,34,quantile,0.975,424.0
2026-01-24,wk inc flu hosp,1,2026-01-31,34,quantile,0.99,456.0
2026-01-24,wk inc flu hosp,1,2026-01-31,35,quantile,0.01,15.0
2026-01-24,wk inc flu hosp,1,2026-01-31,35,quantile,0.025,19.0
2026-01-24,wk inc flu hosp,1,2026-01-31,35,quantile,0.05,21.0
2026-01-24,wk inc flu hosp,1,2026-01-31,35,quantile,0.1,27.0
2026-01-24,wk inc flu hosp,1,2026-01-31,35,quantile,0.15,30.0
2026-01-24,wk inc flu hosp,1,2026-01-31,35,quantile,0.2,33.0
2026-01-24,wk inc flu hosp,1,2026-01-31,35,quantile,0.25,36.0
2026-01-24,wk inc flu hosp,1,2026-01-31,35,quantile,0.3,38.0
2026-01-24,wk inc flu hosp,1,2026-01-31,35,quantile,0.35,40.0
2026-01-24,wk inc flu hosp,1,2026-01-31,35,quantile,0.4,42.0
2026-01-24,wk inc flu hosp,1,2026-01-31,35,quantile,0.45,44.0
2026-01-24,wk inc flu hosp,1,2026-01-31,35,quantile,0.5,45.0
2026-01-24,wk inc flu hosp,1,2026-01-31,35,quantile,0.55,47.0
2026-01-24,wk inc flu hosp,1,2026-01-31,35,quantile,0.6,49.0
2026-01-24,wk inc flu hosp,1,2026-01-31,35,quantile,0.65,51.0
2026-01-24,wk inc flu hosp,1,2026-01-31,35,quantile,0.7,53.0
2026-01-24,wk inc flu hosp,1,2026-01-31,35,quantile,0.75,55.0
2026-01-24,wk inc flu hosp,1,2026-01-31,35,quantile,0.8,58.0
2026-01-24,wk inc flu hosp,1,2026-01-31,35,quantile,0.85,60.0
2026-01-24,wk inc flu hosp,1,2026-01-31,35,quantile,0.9,66.0
2026-01-24,wk inc flu hosp,1,2026-01-31,35,quantile,0.95,76.0
2026-01-24,wk inc flu hosp,1,2026-01-31,35,quantile,0.975,82.0
2026-01-24,wk inc flu hosp,1,2026-01-31,35,quantile,0.99,85.0
2026-01-24,wk inc flu hosp,1,2026-01-31,36,quantile,0.01,0.0
2026-01-24,wk inc flu hosp,1,2026-01-31,36,quantile,0.025,17.0
2026-01-24,wk inc flu hosp,1,2026-01-31,36,quantile,0.05,21.0
2026-01-24,wk inc flu hosp,1,2026-01-31,36,quantile,0.1,27.0
2026-01-24,wk inc flu hosp,1,2026-01-31,36,quantile,0.15,29.0
2026-01-24,wk inc flu hosp,1,2026-01-31,36,quantile,0.2,31.0
2026-01-24,wk inc flu hosp,1,2026-01-31,36,quantile,0.25,33.0
2026-01-24,wk inc flu hosp,1,2026-01-31,36,quantile,0.3,34.0
2026-01-24,wk inc flu hosp,1,2026-01-31,36,quantile,0.35,36.0
2026-01-24,wk inc flu hosp,1,2026-01-31,36,quantile,0.4,37.0
2026-01-24,wk inc flu hosp,1,2026-01-31,36,quantile,0.45,38.0
2026-01-24,wk inc flu hosp,1,2026-01-31,36,quantile,0.5,40.0
2026-01-24,wk inc flu hosp,1,2026-01-31,36,quantile,0.55,41.0
2026-01-24,wk inc flu hosp,1,2026-01-31,36,quantile,0.6,43.0
2026-01-24,wk inc flu hosp,1,2026-01-31,36,quantile,0.65,45.0
2026-01-24,wk inc flu hosp,1,2026-01-31,36,quantile,0.7,48.0
2026-01-24,wk inc flu hosp,1,2026-01-31,36,quantile,0.75,52.0
2026-01-24,wk inc flu hosp,1,2026-01-31,36,quantile,0.8,56.0
2026-01-24,wk inc flu hosp,1,2026-01-31,36,quantile,0.85,62.0
2026-01-24,wk inc flu hosp,1,2026-01-31,36,quantile,0.9,71.0
2026-01-24,wk inc flu hosp,1,2026-01-31,36,quantile,0.95,88.0
2026-01-24,wk inc flu hosp,1,2026-01-31,36,quantile,0.975,105.0
2026-01-24,wk inc flu hosp,1,2026-01-31,36,quantile,0.99,138.0
2026-01-24,wk inc flu hosp,1,2026-01-31,37,quantile,0.01,148.0
2026-01-24,wk inc flu hosp,1,2026-01-31,37,quantile,0.025,178.0
2026-01-24,wk inc flu hosp,1,2026-01-31,37,quantile,0.05,247.0
2026-01-24,wk inc flu hosp,1,2026-01-31,37,quantile,0.1,291.0
2026-01-24,wk inc flu hosp,1,2026-01-31,37,quantile,0.15,320.0
2026-01-24,wk inc flu hosp,1,2026-01-31,37,quantile,0.2,347.0
2026-01-24,wk inc flu hosp,1,2026-01-31,37,quantile,0.25,373.0
2026-01-24,wk inc flu hosp,1,2026-01-31,37,quantile,0.3,393.0
2026-01-24,wk inc flu hosp,1,2026-01-31,37,quantile,0.35,412.0
2026-01-24,wk inc flu hosp,1,2026-01-31,37,quantile,0.4,431.0
2026-01-24,wk inc flu hosp,1,2026-01-31,37,quantile,0.45,449.0
2026-01-24,wk inc flu hosp,1,2026-01-31,37,quantile,0.5,468.0
2026-01-24,wk inc flu hosp,1,2026-01-31,37,quantile,0.55,484.0
2026-01-24,wk inc flu hosp,1,2026-01-31,37,quantile,0.6,499.0
2026-01-24,wk inc flu hosp,1,2026-01-31,37,quantile,0.65,516.0
2026-01-24,wk inc flu hosp,1,2026-01-31,37,quantile,0.7,530.0
2026-01-24,wk inc flu hosp,1,2026-01-31,37,quantile,0.75,542.0
2026-01-24,wk inc flu hosp,1,2026-01-31,37,quantile,0.8,554.0
2026-01-24,wk inc flu hosp,1,2026-01-31,37,quantile,0.85,567.0
2026-01-24,wk inc flu hosp,1,2026-01-31,37,quantile,0.9,591.0
2026-01-24,wk inc flu hosp,1,2026-01-31,37,quantile,0.95,628.0
2026-01-24,wk inc flu hosp,1,2026-01-31,37,quantile,0.975,667.0
2026-01-24,wk inc flu hosp,1,2026-01-31,37,quantile,0.99,765.0
2026-01-24,wk inc flu hosp,1,2026-01-31,38,quantile,0.01,4.0
2026-01-24,wk inc flu hosp,1,2026-01-31,38,quantile,0.025,6.0
2026-01-24,wk inc flu hosp,1,2026-01-31,38,quantile,0.05,8.0
2026-01-24,wk inc flu hosp,1,2026-01-31,38,quantile,0.1,10.0
2026-01-24,wk inc flu hosp,1,2026-01-31,38,quantile,0.15,11.0
2026-01-24,wk inc flu hosp,1,2026-01-31,38,quantile,0.2,13.0
2026-01-24,wk inc flu hosp,1,2026-01-31,38,quantile,0.25,14.0
2026-01-24,wk inc flu hosp,1,2026-01-31,38,quantile,0.3,15.0
2026-01-24,wk inc flu hosp,1,2026-01-31,38,quantile,0.35,15.0
2026-01-24,wk inc flu hosp,1,2026-01-31,38,quantile,0.4,16.0
2026-01-24,wk inc flu hosp,1,2026-01-31,38,quantile,0.45,17.0
2026-01-24,wk inc flu hosp,1,2026-01-31,38,quantile,0.5,18.0
2026-01-24,wk inc flu hosp,1,2026-01-31,38,quantile,0.55,19.0
2026-01-24,wk inc flu hosp,1,2026-01-31,38,quantile,0.6,19.0
2026-01-24,wk inc flu hosp,1,2026-01-31,38,quantile,0.65,20.0
2026-01-24,wk inc flu hosp,1,2026-01-31,38,quantile,0.7,21.0
2026-01-24,wk inc flu hosp,1,2026-01-31,38,quantile,0.75,22.0
2026-01-24,wk inc flu hosp,1,2026-01-31,38,quantile,0.8,23.0
2026-01-24,wk inc flu hosp,1,2026-01-31,38,quantile,0.85,24.0
2026-01-24,wk inc flu hosp,1,2026-01-31,38,quantile,0.9,26.0
2026-01-24,wk inc flu hosp,1,2026-01-31,38,quantile,0.95,29.0
2026-01-24,wk inc flu hosp,1,2026-01-31,38,quantile,0.975,33.0
2026-01-24,wk inc flu hosp,1,2026-01-31,38,quantile,0.99,36.0
2026-01-24,wk inc flu hosp,1,2026-01-31,39,quantile,0.01,102.0
2026-01-24,wk inc flu hosp,1,2026-01-31,39,quantile,0.025,159.0
2026-01-24,wk inc flu hosp,1,2026-01-31,39,quantile,0.05,191.0
2026-01-24,wk inc flu hosp,1,2026-01-31,39,quantile,0.1,228.0
2026-01-24,wk inc flu hosp,1,2026-01-31,39,quantile,0.15,254.0
2026-01-24,wk inc flu hosp,1,2026-01-31,39,quantile,0.2,276.0
2026-01-24,wk inc flu hosp,1,2026-01-31,39,quantile,0.25,292.0
2026-01-24,wk inc flu hosp,1,2026-01-31,39,quantile,0.3,314.0
2026-01-24,wk inc flu hosp,1,2026-01-31,39,quantile,0.35,326.0
2026-01-24,wk inc flu hosp,1,2026-01-31,39,quantile,0.4,337.0
2026-01-24,wk inc flu hosp,1,2026-01-31,39,quantile,0.45,346.0
2026-01-24,wk inc flu hosp,1,2026-01-31,39,quantile,0.5,358.0
2026-01-24,wk inc flu hosp,1,2026-01-31,39,quantile,0.55,368.0
2026-01-24,wk inc flu hosp,1,2026-01-31,39,quantile,0.6,378.0
2026-01-24,wk inc flu hosp,1,2026-01-31,39,quantile,0.65,389.0
2026-01-24,wk inc flu hosp,1,2026-01-31,39,quantile,0.7,399.0
2026-01-24,wk inc flu hosp,1,2026-01-31,39,quantile,0.75,410.0
2026-01-24,wk inc flu hosp,1,2026-01-31,39,quantile,0.8,425.0
2026-01-24,wk inc flu hosp,1,2026-01-31,39,quantile,0.85,444.0
2026-01-24,wk inc flu hosp,1,2026-01-31,39,quantile,0.9,471.0
2026-01-24,wk inc flu hosp,1,2026-01-31,39,quantile,0.95,509.0
2026-01-24,wk inc flu hosp,1,2026-01-31,39,quantile,0.975,545.0
2026-01-24,wk inc flu hosp,1,2026-01-31,39,quantile,0.99,680.0
2026-01-24,wk inc flu hosp,1,2026-01-31,40,quantile,0.01,1.0
2026-01-24,wk inc flu hosp,1,2026-01-31,40,quantile,0.025,12.0
2026-01-24,wk inc flu hosp,1,2026-01-31,40,quantile,0.05,33.0
2026-01-24,wk inc flu hosp,1,2026-01-31,40,quantile,0.1,58.0
2026-01-24,wk inc flu hosp,1,2026-01-31,40,quantile,0.15,63.0
2026-01-24,wk inc flu hosp,1,2026-01-31,40,quantile,0.2,69.0
2026-01-24,wk inc flu hosp,1,2026-01-31,40,quantile,0.25,73.0
2026-01-24,wk inc flu hosp,1,2026-01-31,40,quantile,0.3,77.0
2026-01-24,wk inc flu hosp,1,2026-01-31,40,quantile,0.35,82.0
2026-01-24,wk inc flu hosp,1,2026-01-31,40,quantile,0.4,86.0
2026-01-24,wk inc flu hosp,1,2026-01-31,40,quantile,0.45,91.0
2026-01-24,wk inc flu hosp,1,2026-01-31,40,quantile,0.5,95.0
2026-01-24,wk inc flu hosp,1,2026-01-31,40,quantile,0.55,99.0
2026-01-24,wk inc flu hosp,1,2026-01-31,40,quantile,0.6,103.0
2026-01-24,wk inc flu hosp,1,2026-01-31,40,quantile,0.65,105.0
2026-01-24,wk inc flu hosp,1,2026-01-31,40,quantile,0.7,108.0
2026-01-24,wk inc flu hosp,1,2026-01-31,40,quantile,0.75,112.0
2026-01-24,wk inc flu hosp,1,2026-01-31,40,quantile,0.8,116.0
2026-01-24,wk inc flu hosp,1,2026-01-31,40,quantile,0.85,120.0
2026-01-24,wk inc flu hosp,1,2026-01-31,40,quantile,0.9,129.0
2026-01-24,wk inc flu hosp,1,2026-01-31,40,quantile,0.95,141.0
2026-01-24,wk inc flu hosp,1,2026-01-31,40,quantile,0.975,154.0
2026-01-24,wk inc flu hosp,1,2026-01-31,40,quantile,0.99,169.0
2026-01-24,wk inc flu hosp,1,2026-01-31,41,quantile,0.01,12.0
2026-01-24,wk inc flu hosp,1,2026-01-31,41,quantile,0.025,22.0
2026-01-24,wk inc flu hosp,1,2026-01-31,41,quantile,0.05,38.0
2026-01-24,wk inc flu hosp,1,2026-01-31,41,quantile,0.1,59.0
2026-01-24,wk inc flu hosp,1,2026-01-31,41,quantile,0.15,73.0
2026-01-24,wk inc flu hosp,1,2026-01-31,41,quantile,0.2,82.0
2026-01-24,wk inc flu hosp,1,2026-01-31,41,quantile,0.25,87.0
2026-01-24,wk inc flu hosp,1,2026-01-31,41,quantile,0.3,94.0
2026-01-24,wk inc flu hosp,1,2026-01-31,41,quantile,0.35,99.0
2026-01-24,wk inc flu hosp,1,2026-01-31,41,quantile,0.4,106.0
2026-01-24,wk inc flu hosp,1,2026-01-31,41,quantile,0.45,112.0
2026-01-24,wk inc flu hosp,1,2026-01-31,41,quantile,0.5,118.0
2026-01-24,wk inc flu hosp,1,2026-01-31,41,quantile,0.55,123.0
2026-01-24,wk inc flu hosp,1,2026-01-31,41,quantile,0.6,128.0
2026-01-24,wk inc flu hosp,1,2026-01-31,41,quantile,0.65,134.0
2026-01-24,wk inc flu hosp,1,2026-01-31,41,quantile,0.7,140.0
2026-01-24,wk inc flu hosp,1,2026-01-31,41,quantile,0.75,146.0
2026-01-24,wk inc flu hosp,1,2026-01-31,41,quantile,0.8,152.0
2026-01-24,wk inc flu hosp,1,2026-01-31,41,quantile,0.85,159.0
2026-01-24,wk inc flu hosp,1,2026-01-31,41,quantile,0.9,171.0
2026-01-24,wk inc flu hosp,1,2026-01-31,41,quantile,0.95,186.0
2026-01-24,wk inc flu hosp,1,2026-01-31,41,quantile,0.975,198.0
2026-01-24,wk inc flu hosp,1,2026-01-31,41,quantile,0.99,211.0
2026-01-24,wk inc flu hosp,1,2026-01-31,42,quantile,0.01,50.0
2026-01-24,wk inc flu hosp,1,2026-01-31,42,quantile,0.025,77.0
2026-01-24,wk inc flu hosp,1,2026-01-31,42,quantile,0.05,124.0
2026-01-24,wk inc flu hosp,1,2026-01-31,42,quantile,0.1,182.0
2026-01-24,wk inc flu hosp,1,2026-01-31,42,quantile,0.15,215.0
2026-01-24,wk inc flu hosp,1,2026-01-31,42,quantile,0.2,257.0
2026-01-24,wk inc flu hosp,1,2026-01-31,42,quantile,0.25,302.0
2026-01-24,wk inc flu hosp,1,2026-01-31,42,quantile,0.3,335.0
2026-01-24,wk inc flu hosp,1,2026-01-31,42,quantile,0.35,372.0
2026-01-24,wk inc flu hosp,1,2026-01-31,42,quantile,0.4,410.0
2026-01-24,wk inc flu hosp,1,2026-01-31,42,quantile,0.45,438.0
2026-01-24,wk inc flu hosp,1,2026-01-31,42,quantile,0.5,463.0
2026-01-24,wk inc flu hosp,1,2026-01-31,42,quantile,0.55,483.0
2026-01-24,wk inc flu hosp,1,2026-01-31,42,quantile,0.6,504.0
2026-01-24,wk inc flu hosp,1,2026-01-31,42,quantile,0.65,519.0
2026-01-24,wk inc flu hosp,1,2026-01-31,42,quantile,0.7,533.0
2026-01-24,wk inc flu hosp,1,2026-01-31,42,quantile,0.75,551.0
2026-01-24,wk inc flu hosp,1,2026-01-31,42,quantile,0.8,571.0
2026-01-24,wk inc flu hosp,1,2026-01-31,42,quantile,0.85,617.0
2026-01-24,wk inc flu hosp,1,2026-01-31,42,quantile,0.9,675.0
2026-01-24,wk inc flu hosp,1,2026-01-31,42,quantile,0.95,746.0
2026-01-24,wk inc flu hosp,1,2026-01-31,42,quantile,0.975,796.0
2026-01-24,wk inc flu hosp,1,2026-01-31,42,quantile,0.99,839.0
2026-01-24,wk inc flu hosp,1,2026-01-31,44,quantile,0.01,2.0
2026-01-24,wk inc flu hosp,1,2026-01-31,44,quantile,0.025,4.0
2026-01-24,wk inc flu hosp,1,2026-01-31,44,quantile,0.05,5.0
2026-01-24,wk inc flu hosp,1,2026-01-31,44,quantile,0.1,8.0
2026-01-24,wk inc flu hosp,1,2026-01-31,44,quantile,0.15,9.0
2026-01-24,wk inc flu hosp,1,2026-01-31,44,quantile,0.2,10.0
2026-01-24,wk inc flu hosp,1,2026-01-31,44,quantile,0.25,10.0
2026-01-24,wk inc flu hosp,1,2026-01-31,44,quantile,0.3,10.0
2026-01-24,wk inc flu hosp,1,2026-01-31,44,quantile,0.35,11.0
2026-01-24,wk inc flu hosp,1,2026-01-31,44,quantile,0.4,11.0
2026-01-24,wk inc flu hosp,1,2026-01-31,44,quantile,0.45,11.0
2026-01-24,wk inc flu hosp,1,2026-01-31,44,quantile,0.5,12.0
2026-01-24,wk inc flu hosp,1,2026-01-31,44,quantile,0.55,14.0
2026-01-24,wk inc flu hosp,1,2026-01-31,44,quantile,0.6,15.0
2026-01-24,wk inc flu hosp,1,2026-01-31,44,quantile,0.65,16.0
2026-01-24,wk inc flu hosp,1,2026-01-31,44,quantile,0.7,17.0
2026-01-24,wk inc flu hosp,1,2026-01-31,44,quantile,0.75,18.0
2026-01-24,wk inc flu hosp,1,2026-01-31,44,quantile,0.8,19.0
2026-01-24,wk inc flu hosp,1,2026-01-31,44,quantile,0.85,20.0
2026-01-24,wk inc flu hosp,1,2026-01-31,44,quantile,0.9,21.0
2026-01-24,wk inc flu hosp,1,2026-01-31,44,quantile,0.95,23.0
2026-01-24,wk inc flu hosp,1,2026-01-31,44,quantile,0.975,25.0
2026-01-24,wk inc flu hosp,1,2026-01-31,44,quantile,0.99,28.0
2026-01-24,wk inc flu hosp,1,2026-01-31,45,quantile,0.01,9.0
2026-01-24,wk inc flu hosp,1,2026-01-31,45,quantile,0.025,16.0
2026-01-24,wk inc flu hosp,1,2026-01-31,45,quantile,0.05,21.0
2026-01-24,wk inc flu hosp,1,2026-01-31,45,quantile,0.1,29.0
2026-01-24,wk inc flu hosp,1,2026-01-31,45,quantile,0.15,45.0
2026-01-24,wk inc flu hosp,1,2026-01-31,45,quantile,0.2,57.0
2026-01-24,wk inc flu hosp,1,2026-01-31,45,quantile,0.25,68.0
2026-01-24,wk inc flu hosp,1,2026-01-31,45,quantile,0.3,77.0
2026-01-24,wk inc flu hosp,1,2026-01-31,45,quantile,0.35,86.0
2026-01-24,wk inc flu hosp,1,2026-01-31,45,quantile,0.4,96.0
2026-01-24,wk inc flu hosp,1,2026-01-31,45,quantile,0.45,104.0
2026-01-24,wk inc flu hosp,1,2026-01-31,45,quantile,0.5,112.0
2026-01-24,wk inc flu hosp,1,2026-01-31,45,quantile,0.55,120.0
2026-01-24,wk inc flu hosp,1,2026-01-31,45,quantile,0.6,129.0
2026-01-24,wk inc flu hosp,1,2026-01-31,45,quantile,0.65,138.0
2026-01-24,wk inc flu hosp,1,2026-01-31,45,quantile,0.7,141.0
2026-01-24,wk inc flu hosp,1,2026-01-31,45,quantile,0.75,146.0
2026-01-24,wk inc flu hosp,1,2026-01-31,45,quantile,0.8,151.0
2026-01-24,wk inc flu hosp,1,2026-01-31,45,quantile,0.85,157.0
2026-01-24,wk inc flu hosp,1,2026-01-31,45,quantile,0.9,168.0
2026-01-24,wk inc flu hosp,1,2026-01-31,45,quantile,0.95,183.0
2026-01-24,wk inc flu hosp,1,2026-01-31,45,quantile,0.975,195.0
2026-01-24,wk inc flu hosp,1,2026-01-31,45,quantile,0.99,209.0
2026-01-24,wk inc flu hosp,1,2026-01-31,46,quantile,0.01,11.0
2026-01-24,wk inc flu hosp,1,2026-01-31,46,quantile,0.025,16.0
2026-01-24,wk inc flu hosp,1,2026-01-31,46,quantile,0.05,19.0
2026-01-24,wk inc flu hosp,1,2026-01-31,46,quantile,0.1,23.0
2026-01-24,wk inc flu hosp,1,2026-01-31,46,quantile,0.15,26.0
2026-01-24,wk inc flu hosp,1,2026-01-31,46,quantile,0.2,29.0
2026-01-24,wk inc flu hosp,1,2026-01-31,46,quantile,0.25,31.0
2026-01-24,wk inc flu hosp,1,2026-01-31,46,quantile,0.3,33.0
2026-01-24,wk inc flu hosp,1,2026-01-31,46,quantile,0.35,36.0
2026-01-24,wk inc flu hosp,1,2026-01-31,46,quantile,0.4,38.0
2026-01-24,wk inc flu hosp,1,2026-01-31,46,quantile,0.45,40.0
2026-01-24,wk inc flu hosp,1,2026-01-31,46,quantile,0.5,43.0
2026-01-24,wk inc flu hosp,1,2026-01-31,46,quantile,0.55,45.0
2026-01-24,wk inc flu hosp,1,2026-01-31,46,quantile,0.6,47.0
2026-01-24,wk inc flu hosp,1,2026-01-31,46,quantile,0.65,50.0
2026-01-24,wk inc flu hosp,1,2026-01-31,46,quantile,0.7,53.0
2026-01-24,wk inc flu hosp,1,2026-01-31,46,quantile,0.75,56.0
2026-01-24,wk inc flu hosp,1,2026-01-31,46,quantile,0.8,57.0
2026-01-24,wk inc flu hosp,1,2026-01-31,46,quantile,0.85,59.0
2026-01-24,wk inc flu hosp,1,2026-01-31,46,quantile,0.9,62.0
2026-01-24,wk inc flu hosp,1,2026-01-31,46,quantile,0.95,66.0
2026-01-24,wk inc flu hosp,1,2026-01-31,46,quantile,0.975,69.0
2026-01-24,wk inc flu hosp,1,2026-01-31,46,quantile,0.99,72.0
2026-01-24,wk inc flu hosp,1,2026-01-31,47,quantile,0.01,17.0
2026-01-24,wk inc flu hosp,1,2026-01-31,47,quantile,0.025,19.0
2026-01-24,wk inc flu hosp,1,2026-01-31,47,quantile,0.05,21.0
2026-01-24,wk inc flu hosp,1,2026-01-31,47,quantile,0.1,39.0
2026-01-24,wk inc flu hosp,1,2026-01-31,47,quantile,0.15,54.0
2026-01-24,wk inc flu hosp,1,2026-01-31,47,quantile,0.2,66.0
2026-01-24,wk inc flu hosp,1,2026-01-31,47,quantile,0.25,75.0
2026-01-24,wk inc flu hosp,1,2026-01-31,47,quantile,0.3,84.0
2026-01-24,wk inc flu hosp,1,2026-01-31,47,quantile,0.35,94.0
2026-01-24,wk inc flu hosp,1,2026-01-31,47,quantile,0.4,100.0
2026-01-24,wk inc flu hosp,1,2026-01-31,47,quantile,0.45,107.0
2026-01-24,wk inc flu hosp,1,2026-01-31,47,quantile,0.5,115.0
2026-01-24,wk inc flu hosp,1,2026-01-31,47,quantile,0.55,122.0
2026-01-24,wk inc flu hosp,1,2026-01-31,47,quantile,0.6,131.0
2026-01-24,wk inc flu hosp,1,2026-01-31,47,quantile,0.65,138.0
2026-01-24,wk inc flu hosp,1,2026-01-31,47,quantile,0.7,147.0
2026-01-24,wk inc flu hosp,1,2026-01-31,47,quantile,0.75,154.0
2026-01-24,wk inc flu hosp,1,2026-01-31,47,quantile,0.8,160.0
2026-01-24,wk inc flu hosp,1,2026-01-31,47,quantile,0.85,167.0
2026-01-24,wk inc flu hosp,1,2026-01-31,47,quantile,0.9,180.0
2026-01-24,wk inc flu hosp,1,2026-01-31,47,quantile,0.95,201.0
2026-01-24,wk inc flu hosp,1,2026-01-31,47,quantile,0.975,217.0
2026-01-24,wk inc flu hosp,1,2026-01-31,47,quantile,0.99,241.0
2026-01-24,wk inc flu hosp,1,2026-01-31,48,quantile,0.01,117.0
2026-01-24,wk inc flu hosp,1,2026-01-31,48,quantile,0.025,235.0
2026-01-24,wk inc flu hosp,1,2026-01-31,48,quantile,0.05,417.0
2026-01-24,wk inc flu hosp,1,2026-01-31,48,quantile,0.1,565.0
2026-01-24,wk inc flu hosp,1,2026-01-31,48,quantile,0.15,645.0
2026-01-24,wk inc flu hosp,1,2026-01-31,48,quantile,0.2,729.0
2026-01-24,wk inc flu hosp,1,2026-01-31,48,quantile,0.25,804.0
2026-01-24,wk inc flu hosp,1,2026-01-31,48,quantile,0.3,872.0
2026-01-24,wk inc flu hosp,1,2026-01-31,48,quantile,0.35,924.0
2026-01-24,wk inc flu hosp,1,2026-01-31,48,quantile,0.4,984.0
2026-01-24,wk inc flu hosp,1,2026-01-31,48,quantile,0.45,1012.0
2026-01-24,wk inc flu hosp,1,2026-01-31,48,quantile,0.5,1044.0
2026-01-24,wk inc flu hosp,1,2026-01-31,48,quantile,0.55,1078.0
2026-01-24,wk inc flu hosp,1,2026-01-31,48,quantile,0.6,1099.0
2026-01-24,wk inc flu hosp,1,2026-01-31,48,quantile,0.65,1137.0
2026-01-24,wk inc flu hosp,1,2026-01-31,48,quantile,0.7,1177.0
2026-01-24,wk inc flu hosp,1,2026-01-31,48,quantile,0.75,1229.0
2026-01-24,wk inc flu hosp,1,2026-01-31,48,quantile,0.8,1287.0
2026-01-24,wk inc flu hosp,1,2026-01-31,48,quantile,0.85,1347.0
2026-01-24,wk inc flu hosp,1,2026-01-31,48,quantile,0.9,1435.0
2026-01-24,wk inc flu hosp,1,2026-01-31,48,quantile,0.95,1579.0
2026-01-24,wk inc flu hosp,1,2026-01-31,48,quantile,0.975,1684.0
2026-01-24,wk inc flu hosp,1,2026-01-31,48,quantile,0.99,1775.0
2026-01-24,wk inc flu hosp,1,2026-01-31,49,quantile,0.01,25.0
2026-01-24,wk inc flu hosp,1,2026-01-31,49,quantile,0.025,29.0
2026-01-24,wk inc flu hosp,1,2026-01-31,49,quantile,0.05,37.0
2026-01-24,wk inc flu hosp,1,2026-01-31,49,quantile,0.1,53.0
2026-01-24,wk inc flu hosp,1,2026-01-31,49,quantile,0.15,62.0
2026-01-24,wk inc flu hosp,1,2026-01-31,49,quantile,0.2,69.0
2026-01-24,wk inc flu hosp,1,2026-01-31,49,quantile,0.25,75.0
2026-01-24,wk inc flu hosp,1,2026-01-31,49,quantile,0.3,82.0
2026-01-24,wk inc flu hosp,1,2026-01-31,49,quantile,0.35,88.0
2026-01-24,wk inc flu hosp,1,2026-01-31,49,quantile,0.4,92.0
2026-01-24,wk inc flu hosp,1,2026-01-31,49,quantile,0.45,98.0
2026-01-24,wk inc flu hosp,1,2026-01-31,49,quantile,0.5,102.0
2026-01-24,wk inc flu hosp,1,2026-01-31,49,quantile,0.55,108.0
2026-01-24,wk inc flu hosp,1,2026-01-31,49,quantile,0.6,113.0
2026-01-24,wk inc flu hosp,1,2026-01-31,49,quantile,0.65,118.0
2026-01-24,wk inc flu hosp,1,2026-01-31,49,quantile,0.7,125.0
2026-01-24,wk inc flu hosp,1,2026-01-31,49,quantile,0.75,131.0
2026-01-24,wk inc flu hosp,1,2026-01-31,49,quantile,0.8,137.0
2026-01-24,wk inc flu hosp,1,2026-01-31,49,quantile,0.85,144.0
2026-01-24,wk inc flu hosp,1,2026-01-31,49,quantile,0.9,154.0
2026-01-24,wk inc flu hosp,1,2026-01-31,49,quantile,0.95,169.0
2026-01-24,wk inc flu hosp,1,2026-01-31,49,quantile,0.975,179.0
2026-01-24,wk inc flu hosp,1,2026-01-31,49,quantile,0.99,193.0
2026-01-24,wk inc flu hosp,1,2026-01-31,50,quantile,0.01,7.0
2026-01-24,wk inc flu hosp,1,2026-01-31,50,quantile,0.025,7.0
2026-01-24,wk inc flu hosp,1,2026-01-31,50,quantile,0.05,9.0
2026-01-24,wk inc flu hosp,1,2026-01-31,50,quantile,0.1,13.0
2026-01-24,wk inc flu hosp,1,2026-01-31,50,quantile,0.15,16.0
2026-01-24,wk inc flu hosp,1,2026-01-31,50,quantile,0.2,18.0
2026-01-24,wk inc flu hosp,1,2026-01-31,50,quantile,0.25,20.0
2026-01-24,wk inc flu hosp,1,2026-01-31,50,quantile,0.3,22.0
2026-01-24,wk inc flu hosp,1,2026-01-31,50,quantile,0.35,23.0
2026-01-24,wk inc flu hosp,1,2026-01-31,50,quantile,0.4,25.0
2026-01-24,wk inc flu hosp,1,2026-01-31,50,quantile,0.45,26.0
2026-01-24,wk inc flu hosp,1,2026-01-31,50,quantile,0.5,28.0
2026-01-24,wk inc flu hosp,1,2026-01-31,50,quantile,0.55,29.0
2026-01-24,wk inc flu hosp,1,2026-01-31,50,quantile,0.6,30.0
2026-01-24,wk inc flu hosp,1,2026-01-31,50,quantile,0.65,32.0
2026-01-24,wk inc flu hosp,1,2026-01-31,50,quantile,0.7,33.0
2026-01-24,wk inc flu hosp,1,2026-01-31,50,quantile,0.75,34.0
2026-01-24,wk inc flu hosp,1,2026-01-31,50,quantile,0.8,36.0
2026-01-24,wk inc flu hosp,1,2026-01-31,50,quantile,0.85,38.0
2026-01-24,wk inc flu hosp,1,2026-01-31,50,quantile,0.9,40.0
2026-01-24,wk inc flu hosp,1,2026-01-31,50,quantile,0.95,44.0
2026-01-24,wk inc flu hosp,1,2026-01-31,50,quantile,0.975,47.0
2026-01-24,wk inc flu hosp,1,2026-01-31,50,quantile,0.99,50.0
2026-01-24,wk inc flu hosp,1,2026-01-31,51,quantile,0.01,0.0
2026-01-24,wk inc flu hosp,1,2026-01-31,51,quantile,0.025,11.0
2026-01-24,wk inc flu hosp,1,2026-01-31,51,quantile,0.05,42.0
2026-01-24,wk inc flu hosp,1,2026-01-31,51,quantile,0.1,98.0
2026-01-24,wk inc flu hosp,1,2026-01-31,51,quantile,0.15,122.0
2026-01-24,wk inc flu hosp,1,2026-01-31,51,quantile,0.2,147.0
2026-01-24,wk inc flu hosp,1,2026-01-31,51,quantile,0.25,163.0
2026-01-24,wk inc flu hosp,1,2026-01-31,51,quantile,0.3,182.0
2026-01-24,wk inc flu hosp,1,2026-01-31,51,quantile,0.35,202.0
2026-01-24,wk inc flu hosp,1,2026-01-31,51,quantile,0.4,222.0
2026-01-24,wk inc flu hosp,1,2026-01-31,51,quantile,0.45,244.0
2026-01-24,wk inc flu hosp,1,2026-01-31,51,quantile,0.5,262.0
2026-01-24,wk inc flu hosp,1,2026-01-31,51,quantile,0.55,276.0
2026-01-24,wk inc flu hosp,1,2026-01-31,51,quantile,0.6,293.0
2026-01-24,wk inc flu hosp,1,2026-01-31,51,quantile,0.65,311.0
2026-01-24,wk inc flu hosp,1,2026-01-31,51,quantile,0.7,328.0
2026-01-24,wk inc flu hosp,1,2026-01-31,51,quantile,0.75,348.0
2026-01-24,wk inc flu hosp,1,2026-01-31,51,quantile,0.8,369.0
2026-01-24,wk inc flu hosp,1,2026-01-31,51,quantile,0.85,391.0
2026-01-24,wk inc flu hosp,1,2026-01-31,51,quantile,0.9,424.0
2026-01-24,wk inc flu hosp,1,2026-01-31,51,quantile,0.95,480.0
2026-01-24,wk inc flu hosp,1,2026-01-31,51,quantile,0.975,514.0
2026-01-24,wk inc flu hosp,1,2026-01-31,51,quantile,0.99,554.0
2026-01-24,wk inc flu hosp,1,2026-01-31,53,quantile,0.01,100.0
2026-01-24,wk inc flu hosp,1,2026-01-31,53,quantile,0.025,130.0
2026-01-24,wk inc flu hosp,1,2026-01-31,53,quantile,0.05,156.0
2026-01-24,wk inc flu hosp,1,2026-01-31,53,quantile,0.1,176.0
2026-01-24,wk inc flu hosp,1,2026-01-31,53,quantile,0.15,191.0
2026-01-24,wk inc flu hosp,1,2026-01-31,53,quantile,0.2,202.0
2026-01-24,wk inc flu hosp,1,2026-01-31,53,quantile,0.25,211.0
2026-01-24,wk inc flu hosp,1,2026-01-31,53,quantile,0.3,222.0
2026-01-24,wk inc flu hosp,1,2026-01-31,53,quantile,0.35,231.0
2026-01-24,wk inc flu hosp,1,2026-01-31,53,quantile,0.4,240.0
2026-01-24,wk inc flu hosp,1,2026-01-31,53,quantile,0.45,249.0
2026-01-24,wk inc flu hosp,1,2026-01-31,53,quantile,0.5,257.0
2026-01-24,wk inc flu hosp,1,2026-01-31,53,quantile,0.55,264.0
2026-01-24,wk inc flu hosp,1,2026-01-31,53,quantile,0.6,271.0
2026-01-24,wk inc flu hosp,1,2026-01-31,53,quantile,0.65,278.0
2026-01-24,wk inc flu hosp,1,2026-01-31,53,quantile,0.7,286.0
2026-01-24,wk inc flu hosp,1,2026-01-31,53,quantile,0.75,296.0
2026-01-24,wk inc flu hosp,1,2026-01-31,53,quantile,0.8,307.0
2026-01-24,wk inc flu hosp,1,2026-01-31,53,quantile,0.85,318.0
2026-01-24,wk inc flu hosp,1,2026-01-31,53,quantile,0.9,336.0
2026-01-24,wk inc flu hosp,1,2026-01-31,53,quantile,0.95,361.0
2026-01-24,wk inc flu hosp,1,2026-01-31,53,quantile,0.975,381.0
2026-01-24,wk inc flu hosp,1,2026-01-31,53,quantile,0.99,403.0
2026-01-24,wk inc flu hosp,1,2026-01-31,54,quantile,0.01,14.0
2026-01-24,wk inc flu hosp,1,2026-01-31,54,quantile,0.025,18.0
2026-01-24,wk inc flu hosp,1,2026-01-31,54,quantile,0.05,25.0
2026-01-24,wk inc flu hosp,1,2026-01-31,54,quantile,0.1,37.0
2026-01-24,wk inc flu hosp,1,2026-01-31,54,quantile,0.15,43.0
2026-01-24,wk inc flu hosp,1,2026-01-31,54,quantile,0.2,48.0
2026-01-24,wk inc flu hosp,1,2026-01-31,54,quantile,0.25,54.0
2026-01-24,wk inc flu hosp,1,2026-01-31,54,quantile,0.3,59.0
2026-01-24,wk inc flu hosp,1,2026-01-31,54,quantile,0.35,63.0
2026-01-24,wk inc flu hosp,1,2026-01-31,54,quantile,0.4,67.0
2026-01-24,wk inc flu hosp,1,2026-01-31,54,quantile,0.45,69.0
2026-01-24,wk inc flu hosp,1,2026-01-31,54,quantile,0.5,70.0
2026-01-24,wk inc flu hosp,1,2026-01-31,54,quantile,0.55,71.0
2026-01-24,wk inc flu hosp,1,2026-01-31,54,quantile,0.6,73.0
2026-01-24,wk inc flu hosp,1,2026-01-31,54,quantile,0.65,74.0
2026-01-24,wk inc flu hosp,1,2026-01-31,54,quantile,0.7,75.0
2026-01-24,wk inc flu hosp,1,2026-01-31,54,quantile,0.75,77.0
2026-01-24,wk inc flu hosp,1,2026-01-31,54,quantile,0.8,79.0
2026-01-24,wk inc flu hosp,1,2026-01-31,54,quantile,0.85,81.0
2026-01-24,wk inc flu hosp,1,2026-01-31,54,quantile,0.9,85.0
2026-01-24,wk inc flu hosp,1,2026-01-31,54,quantile,0.95,95.0
2026-01-24,wk inc flu hosp,1,2026-01-31,54,quantile,0.975,103.0
2026-01-24,wk inc flu hosp,1,2026-01-31,54,quantile,0.99,118.0
2026-01-24,wk inc flu hosp,1,2026-01-31,55,quantile,0.01,72.0
2026-01-24,wk inc flu hosp,1,2026-01-31,55,quantile,0.025,92.0
2026-01-24,wk inc flu hosp,1,2026-01-31,55,quantile,0.05,105.0
2026-01-24,wk inc flu hosp,1,2026-01-31,55,quantile,0.1,126.0
2026-01-24,wk inc flu hosp,1,2026-01-31,55,quantile,0.15,143.0
2026-01-24,wk inc flu hosp,1,2026-01-31,55,quantile,0.2,157.0
2026-01-24,wk inc flu hosp,1,2026-01-31,55,quantile,0.25,172.0
2026-01-24,wk inc flu hosp,1,2026-01-31,55,quantile,0.3,183.0
2026-01-24,wk inc flu hosp,1,2026-01-31,55,quantile,0.35,198.0
2026-01-24,wk inc flu hosp,1,2026-01-31,55,quantile,0.4,211.0
2026-01-24,wk inc flu hosp,1,2026-01-31,55,quantile,0.45,217.0
2026-01-24,wk inc flu hosp,1,2026-01-31,55,quantile,0.5,225.0
2026-01-24,wk inc flu hosp,1,2026-01-31,55,quantile,0.55,233.0
2026-01-24,wk inc flu hosp,1,2026-01-31,55,quantile,0.6,241.0
2026-01-24,wk inc flu hosp,1,2026-01-31,55,quantile,0.65,248.0
2026-01-24,wk inc flu hosp,1,2026-01-31,55,quantile,0.7,252.0
2026-01-24,wk inc flu hosp,1,2026-01-31,55,quantile,0.75,258.0
2026-01-24,wk inc flu hosp,1,2026-01-31,55,quantile,0.8,262.0
2026-01-24,wk inc flu hosp,1,2026-01-31,55,quantile,0.85,267.0
2026-01-24,wk inc flu hosp,1,2026-01-31,55,quantile,0.9,275.0
2026-01-24,wk inc flu hosp,1,2026-01-31,55,quantile,0.95,286.0
2026-01-24,wk inc flu hosp,1,2026-01-31,55,quantile,0.975,306.0
2026-01-24,wk inc flu hosp,1,2026-01-31,55,quantile,0.99,332.0
2026-01-24,wk inc flu hosp,1,2026-01-31,56,quantile,0.01,1.0
2026-01-24,wk inc flu hosp,1,2026-01-31,56,quantile,0.025,2.0
2026-01-24,wk inc flu hosp,1,2026-01-31,56,quantile,0.05,2.0
2026-01-24,wk inc flu hosp,1,2026-01-31,56,quantile,0.1,4.0
2026-01-24,wk inc flu hosp,1,2026-01-31,56,quantile,0.15,5.0
2026-01-24,wk inc flu hosp,1,2026-01-31,56,quantile,0.2,6.0
2026-01-24,wk inc flu hosp,1,2026-01-31,56,quantile,0.25,7.0
2026-01-24,wk inc flu hosp,1,2026-01-31,56,quantile,0.3,8.0
2026-01-24,wk inc flu hosp,1,2026-01-31,56,quantile,0.35,8.0
2026-01-24,wk inc flu hosp,1,2026-01-31,56,quantile,0.4,9.0
2026-01-24,wk inc flu hosp,1,2026-01-31,56,quantile,0.45,9.0
2026-01-24,wk inc flu hosp,1,2026-01-31,56,quantile,0.5,10.0
2026-01-24,wk inc flu hosp,1,2026-01-31,56,quantile,0.55,11.0
2026-01-24,wk inc flu hosp,1,2026-01-31,56,quantile,0.6,12.0
2026-01-24,wk inc flu hosp,1,2026-01-31,56,quantile,0.65,12.0
2026-01-24,wk inc flu hosp,1,2026-01-31,56,quantile,0.7,12.0
2026-01-24,wk inc flu hosp,1,2026-01-31,56,quantile,0.75,13.0
2026-01-24,wk inc flu hosp,1,2026-01-31,56,quantile,0.8,14.0
2026-01-24,wk inc flu hosp,1,2026-01-31,56,quantile,0.85,14.0
2026-01-24,wk inc flu hosp,1,2026-01-31,56,quantile,0.9,15.0
2026-01-24,wk inc flu hosp,1,2026-01-31,56,quantile,0.95,16.0
2026-01-24,wk inc flu hosp,1,2026-01-31,56,quantile,0.975,18.0
2026-01-24,wk inc flu hosp,1,2026-01-31,56,quantile,0.99,19.0
2026-01-24,wk inc flu hosp,1,2026-01-31,US,quantile,0.01,1557.0
2026-01-24,wk inc flu hosp,1,2026-01-31,US,quantile,0.025,1672.0
2026-01-24,wk inc flu hosp,1,2026-01-31,US,quantile,0.05,2051.0
2026-01-24,wk inc flu hosp,1,2026-01-31,US,quantile,0.1,2539.0
2026-01-24,wk inc flu hosp,1,2026-01-31,US,quantile,0.15,2799.0
2026-01-24,wk inc flu hosp,1,2026-01-31,US,quantile,0.2,3119.0
2026-01-24,wk inc flu hosp,1,2026-01-31,US,quantile,0.25,3365.0
2026-01-24,wk inc flu hosp,1,2026-01-31,US,quantile,0.3,3603.0
2026-01-24,wk inc flu hosp,1,2026-01-31,US,quantile,0.35,3833.0
2026-01-24,wk inc flu hosp,1,2026-01-31,US,quantile,0.4,4091.0
2026-01-24,wk inc flu hosp,1,2026-01-31,US,quantile,0.45,4338.0
2026-01-24,wk inc flu hosp,1,2026-01-31,US,quantile,0.5,4546.0
2026-01-24,wk inc flu hosp,1,2026-01-31,US,quantile,0.55,4816.0
2026-01-24,wk inc flu hosp,1,2026-01-31,US,quantile,0.6,5103.0
2026-01-24,wk inc flu hosp,1,2026-01-31,US,quantile,0.65,5391.0
2026-01-24,wk inc flu hosp,1,2026-01-31,US,quantile,0.7,5679.0
2026-01-24,wk inc flu hosp,1,2026-01-31,US,quantile,0.75,5985.0
2026-01-24,wk inc flu hosp,1,2026-01-31,US,quantile,0.8,6403.0
2026-01-24,wk inc flu hosp,1,2026-01-31,US,quantile,0.85,7071.0
2026-01-24,wk inc flu hosp,1,2026-01-31,US,quantile,0.9,8231.0
2026-01-24,wk inc flu hosp,1,2026-01-31,US,quantile,0.95,9830.0
2026-01-24,wk inc flu hosp,1,2026-01-31,US,quantile,0.975,11014.0
2026-01-24,wk inc flu hosp,1,2026-01-31,US,quantile,0.99,12430.0
2026-01-24,wk inc flu hosp,2,2026-02-07,01,quantile,0.01,0.0
2026-01-24,wk inc flu hosp,2,2026-02-07,01,quantile,0.025,0.0
2026-01-24,wk inc flu hosp,2,2026-02-07,01,quantile,0.05,0.0
2026-01-24,wk inc flu hosp,2,2026-02-07,01,quantile,0.1,14.0
2026-01-24,wk inc flu hosp,2,2026-02-07,01,quantile,0.15,24.0
2026-01-24,wk inc flu hosp,2,2026-02-07,01,quantile,0.2,31.0
2026-01-24,wk inc flu hosp,2,2026-02-07,01,quantile,0.25,38.0
2026-01-24,wk inc flu hosp,2,2026-02-07,01,quantile,0.3,43.0
2026-01-24,wk inc flu hosp,2,2026-02-07,01,quantile,0.35,50.0
2026-01-24,wk inc flu hosp,2,2026-02-07,01,quantile,0.4,56.0
2026-01-24,wk inc flu hosp,2,2026-02-07,01,quantile,0.45,64.0
2026-01-24,wk inc flu hosp,2,2026-02-07,01,quantile,0.5,70.0
2026-01-24,wk inc flu hosp,2,2026-02-07,01,quantile,0.55,76.0
2026-01-24,wk inc flu hosp,2,2026-02-07,01,quantile,0.6,81.0
2026-01-24,wk inc flu hosp,2,2026-02-07,01,quantile,0.65,89.0
2026-01-24,wk inc flu hosp,2,2026-02-07,01,quantile,0.7,94.0
2026-01-24,wk inc flu hosp,2,2026-02-07,01,quantile,0.75,101.0
2026-01-24,wk inc flu hosp,2,2026-02-07,01,quantile,0.8,106.0
2026-01-24,wk inc flu hosp,2,2026-02-07,01,quantile,0.85,115.0
2026-01-24,wk inc flu hosp,2,2026-02-07,01,quantile,0.9,126.0
2026-01-24,wk inc flu hosp,2,2026-02-07,01,quantile,0.95,143.0
2026-01-24,wk inc flu hosp,2,2026-02-07,01,quantile,0.975,159.0
2026-01-24,wk inc flu hosp,2,2026-02-07,01,quantile,0.99,170.0
2026-01-24,wk inc flu hosp,2,2026-02-07,02,quantile,0.01,6.0
2026-01-24,wk inc flu hosp,2,2026-02-07,02,quantile,0.025,8.0
2026-01-24,wk inc flu hosp,2,2026-02-07,02,quantile,0.05,10.0
2026-01-24,wk inc flu hosp,2,2026-02-07,02,quantile,0.1,12.0
2026-01-24,wk inc flu hosp,2,2026-02-07,02,quantile,0.15,14.0
2026-01-24,wk inc flu hosp,2,2026-02-07,02,quantile,0.2,15.0
2026-01-24,wk inc flu hosp,2,2026-02-07,02,quantile,0.25,16.0
2026-01-24,wk inc flu hosp,2,2026-02-07,02,quantile,0.3,17.0
2026-01-24,wk inc flu hosp,2,2026-02-07,02,quantile,0.35,18.0
2026-01-24,wk inc flu hosp,2,2026-02-07,02,quantile,0.4,19.0
2026-01-24,wk inc flu hosp,2,2026-02-07,02,quantile,0.45,20.0
2026-01-24,wk inc flu hosp,2,2026-02-07,02,quantile,0.5,21.0
2026-01-24,wk inc flu hosp,2,2026-02-07,02,quantile,0.55,22.0
2026-01-24,wk inc flu hosp,2,2026-02-07,02,quantile,0.6,23.0
2026-01-24,wk inc flu hosp,2,2026-02-07,02,quantile,0.65,24.0
2026-01-24,wk inc flu hosp,2,2026-02-07,02,quantile,0.7,25.0
2026-01-24,wk inc flu hosp,2,2026-02-07,02,quantile,0.75,25.0
2026-01-24,wk inc flu hosp,2,2026-02-07,02,quantile,0.8,26.0
2026-01-24,wk inc flu hosp,2,2026-02-07,02,quantile,0.85,28.0
2026-01-24,wk inc flu hosp,2,2026-02-07,02,quantile,0.9,29.0
2026-01-24,wk inc flu hosp,2,2026-02-07,02,quantile,0.95,32.0
2026-01-24,wk inc flu hosp,2,2026-02-07,02,quantile,0.975,35.0
2026-01-24,wk inc flu hosp,2,2026-02-07,02,quantile,0.99,37.0
2026-01-24,wk inc flu hosp,2,2026-02-07,04,quantile,0.01,0.0
2026-01-24,wk inc flu hosp,2,2026-02-07,04,quantile,0.025,0.0
2026-01-24,wk inc flu hosp,2,2026-02-07,04,quantile,0.05,1.0
2026-01-24,wk inc flu hosp,2,2026-02-07,04,quantile,0.1,10.0
2026-01-24,wk inc flu hosp,2,2026-02-07,04,quantile,0.15,22.0
2026-01-24,wk inc flu hosp,2,2026-02-07,04,quantile,0.2,34.0
2026-01-24,wk inc flu hosp,2,2026-02-07,04,quantile,0.25,40.0
2026-01-24,wk inc flu hosp,2,2026-02-07,04,quantile,0.3,44.0
2026-01-24,wk inc flu hosp,2,2026-02-07,04,quantile,0.35,49.0
2026-01-24,wk inc flu hosp,2,2026-02-07,04,quantile,0.4,54.0
2026-01-24,wk inc flu hosp,2,2026-02-07,04,quantile,0.45,59.0
2026-01-24,wk inc flu hosp,2,2026-02-07,04,quantile,0.5,64.0
2026-01-24,wk inc flu hosp,2,2026-02-07,04,quantile,0.55,68.0
2026-01-24,wk inc flu hosp,2,2026-02-07,04,quantile,0.6,71.0
2026-01-24,wk inc flu hosp,2,2026-02-07,04,quantile,0.65,76.0
2026-01-24,wk inc flu hosp,2,2026-02-07,04,quantile,0.7,80.0
2026-01-24,wk inc flu hosp,2,2026-02-07,04,quantile,0.75,86.0
2026-01-24,wk inc flu hosp,2,2026-02-07,04,quantile,0.8,90.0
2026-01-24,wk inc flu hosp,2,2026-02-07,04,quantile,0.85,97.0
2026-01-24,wk inc flu hosp,2,2026-02-07,04,quantile,0.9,106.0
2026-01-24,wk inc flu hosp,2,2026-02-07,04,quantile,0.95,120.0
2026-01-24,wk inc flu hosp,2,2026-02-07,04,quantile,0.975,133.0
2026-01-24,wk inc flu hosp,2,2026-02-07,04,quantile,0.99,143.0
2026-01-24,wk inc flu hosp,2,2026-02-07,05,quantile,0.01,6.0
2026-01-24,wk inc flu hosp,2,2026-02-07,05,quantile,0.025,7.0
2026-01-24,wk inc flu hosp,2,2026-02-07,05,quantile,0.05,20.0
2026-01-24,wk inc flu hosp,2,2026-02-07,05,quantile,0.1,35.0
2026-01-24,wk inc flu hosp,2,2026-02-07,05,quantile,0.15,42.0
2026-01-24,wk inc flu hosp,2,2026-02-07,05,quantile,0.2,46.0
2026-01-24,wk inc flu hosp,2,2026-02-07,05,quantile,0.25,50.0
2026-01-24,wk inc flu hosp,2,2026-02-07,05,quantile,0.3,52.0
2026-01-24,wk inc flu hosp,2,2026-02-07,05,quantile,0.35,55.0
2026-01-24,wk inc flu hosp,2,2026-02-07,05,quantile,0.4,58.0
2026-01-24,wk inc flu hosp,2,2026-02-07,05,quantile,0.45,61.0
2026-01-24,wk inc flu hosp,2,2026-02-07,05,quantile,0.5,64.0
2026-01-24,wk inc flu hosp,2,2026-02-07,05,quantile,0.55,67.0
2026-01-24,wk inc flu hosp,2,2026-02-07,05,quantile,0.6,69.0
2026-01-24,wk inc flu hosp,2,2026-02-07,05,quantile,0.65,72.0
2026-01-24,wk inc flu hosp,2,2026-02-07,05,quantile,0.7,74.0
2026-01-24,wk inc flu hosp,2,2026-02-07,05,quantile,0.75,77.0
2026-01-24,wk inc flu hosp,2,2026-02-07,05,quantile,0.8,79.0
2026-01-24,wk inc flu hosp,2,2026-02-07,05,quantile,0.85,83.0
2026-01-24,wk inc flu hosp,2,2026-02-07,05,quantile,0.9,88.0
2026-01-24,wk inc flu hosp,2,2026-02-07,05,quantile,0.95,95.0
2026-01-24,wk inc flu hosp,2,2026-02-07,05,quantile,0.975,103.0
2026-01-24,wk inc flu hosp,2,2026-02-07,05,quantile,0.99,112.0
2026-01-24,wk inc flu hosp,2,2026-02-07,06,quantile,0.01,209.0
2026-01-24,wk inc flu hosp,2,2026-02-07,06,quantile,0.025,315.0
2026-01-24,wk inc flu hosp,2,2026-02-07,06,quantile,0.05,425.0
2026-01-24,wk inc flu hosp,2,2026-02-07,06,quantile,0.1,516.0
2026-01-24,wk inc flu hosp,2,2026-02-07,06,quantile,0.15,564.0
2026-01-24,wk inc flu hosp,2,2026-02-07,06,quantile,0.2,609.0
2026-01-24,wk inc flu hosp,2,2026-02-07,06,quantile,0.25,652.0
2026-01-24,wk inc flu hosp,2,2026-02-07,06,quantile,0.3,687.0
2026-01-24,wk inc flu hosp,2,2026-02-07,06,quantile,0.35,722.0
2026-01-24,wk inc flu hosp,2,2026-02-07,06,quantile,0.4,745.0
2026-01-24,wk inc flu hosp,2,2026-02-07,06,quantile,0.45,769.0
2026-01-24,wk inc flu hosp,2,2026-02-07,06,quantile,0.5,795.0
2026-01-24,wk inc flu hosp,2,2026-02-07,06,quantile,0.55,823.0
2026-01-24,wk inc flu hosp,2,2026-02-07,06,quantile,0.6,846.0
2026-01-24,wk inc flu hosp,2,2026-02-07,06,quantile,0.65,879.0
2026-01-24,wk inc flu hosp,2,2026-02-07,06,quantile,0.7,911.0
2026-01-24,wk inc flu hosp,2,2026-02-07,06,quantile,0.75,949.0
2026-01-24,wk inc flu hosp,2,2026-02-07,06,quantile,0.8,985.0
2026-01-24,wk inc flu hosp,2,2026-02-07,06,quantile,0.85,1045.0
2026-01-24,wk inc flu hosp,2,2026-02-07,06,quantile,0.9,1115.0
2026-01-24,wk inc flu hosp,2,2026-02-07,06,quantile,0.95,1271.0
2026-01-24,wk inc flu hosp,2,2026-02-07,06,quantile,0.975,1401.0
2026-01-24,wk inc flu hosp,2,2026-02-07,06,quantile,0.99,1540.0
2026-01-24,wk inc flu hosp,2,2026-02-07,08,quantile,0.01,3.0
2026-01-24,wk inc flu hosp,2,2026-02-07,08,quantile,0.025,13.0
2026-01-24,wk inc flu hosp,2,2026-02-07,08,quantile,0.05,22.0
2026-01-24,wk inc flu hosp,2,2026-02-07,08,quantile,0.1,28.0
2026-01-24,wk inc flu hosp,2,2026-02-07,08,quantile,0.15,35.0
2026-01-24,wk inc flu hosp,2,2026-02-07,08,quantile,0.2,40.0
2026-01-24,wk inc flu hosp,2,2026-02-07,08,quantile,0.25,43.0
2026-01-24,wk inc flu hosp,2,2026-02-07,08,quantile,0.3,46.0
2026-01-24,wk inc flu hosp,2,2026-02-07,08,quantile,0.35,49.0
2026-01-24,wk inc flu hosp,2,2026-02-07,08,quantile,0.4,52.0
2026-01-24,wk inc flu hosp,2,2026-02-07,08,quantile,0.45,55.0
2026-01-24,wk inc flu hosp,2,2026-02-07,08,quantile,0.5,58.0
2026-01-24,wk inc flu hosp,2,2026-02-07,08,quantile,0.55,60.0
2026-01-24,wk inc flu hosp,2,2026-02-07,08,quantile,0.6,63.0
2026-01-24,wk inc flu hosp,2,2026-02-07,08,quantile,0.65,66.0
2026-01-24,wk inc flu hosp,2,2026-02-07,08,quantile,0.7,70.0
2026-01-24,wk inc flu hosp,2,2026-02-07,08,quantile,0.75,73.0
2026-01-24,wk inc flu hosp,2,2026-02-07,08,quantile,0.8,77.0
2026-01-24,wk inc flu hosp,2,2026-02-07,08,quantile,0.85,82.0
2026-01-24,wk inc flu hosp,2,2026-02-07,08,quantile,0.9,87.0
2026-01-24,wk inc flu hosp,2,2026-02-07,08,quantile,0.95,96.0
2026-01-24,wk inc flu hosp,2,2026-02-07,08,quantile,0.975,101.0
2026-01-24,wk inc flu hosp,2,2026-02-07,08,quantile,0.99,113.0
2026-01-24,wk inc flu hosp,2,2026-02-07,09,quantile,0.01,5.0
2026-01-24,wk inc flu hosp,2,2026-02-07,09,quantile,0.025,6.0
2026-01-24,wk inc flu hosp,2,2026-02-07,09,quantile,0.05,6.0
2026-01-24,wk inc flu hosp,2,2026-02-07,09,quantile,0.1,6.0
2026-01-24,wk inc flu hosp,2,2026-02-07,09,quantile,0.15,6.0
2026-01-24,wk inc flu hosp,2,2026-02-07,09,quantile,0.2,6.0
2026-01-24,wk inc flu hosp,2,2026-02-07,09,quantile,0.25,7.0
2026-01-24,wk inc flu hosp,2,2026-02-07,09,quantile,0.3,7.0
2026-01-24,wk inc flu hosp,2,2026-02-07,09,quantile,0.35,7.0
2026-01-24,wk inc flu hosp,2,2026-02-07,09,quantile,0.4,8.0
2026-01-24,wk inc flu hosp,2,2026-02-07,09,quantile,0.45,8.0
2026-01-24,wk inc flu hosp,2,2026-02-07,09,quantile,0.5,8.0
2026-01-24,wk inc flu hosp,2,2026-02-07,09,quantile,0.55,8.0
2026-01-24,wk inc flu hosp,2,2026-02-07,09,quantile,0.6,9.0
2026-01-24,wk inc flu hosp,2,2026-02-07,09,quantile,0.65,9.0
2026-01-24,wk inc flu hosp,2,2026-02-07,09,quantile,0.7,9.0
2026-01-24,wk inc flu hosp,2,2026-02-07,09,quantile,0.75,10.0
2026-01-24,wk inc flu hosp,2,2026-02-07,09,quantile,0.8,10.0
2026-01-24,wk inc flu hosp,2,2026-02-07,09,quantile,0.85,12.0
2026-01-24,wk inc flu hosp,2,2026-02-07,09,quantile,0.9,13.0
2026-01-24,wk inc flu hosp,2,2026-02-07,09,quantile,0.95,14.0
2026-01-24,wk inc flu hosp,2,2026-02-07,09,quantile,0.975,16.0
2026-01-24,wk inc flu hosp,2,2026-02-07,09,quantile,0.99,18.0
2026-01-24,wk inc flu hosp,2,2026-02-07,10,quantile,0.01,4.0
2026-01-24,wk inc flu hosp,2,2026-02-07,10,quantile,0.025,6.0
2026-01-24,wk inc flu hosp,2,2026-02-07,10,quantile,0.05,8.0
2026-01-24,wk inc flu hosp,2,2026-02-07,10,quantile,0.1,13.0
2026-01-24,wk inc flu hosp,2,2026-02-07,10,quantile,0.15,21.0
2026-01-24,wk inc flu hosp,2,2026-02-07,10,quantile,0.2,27.0
2026-01-24,wk inc flu hosp,2,2026-02-07,10,quantile,0.25,31.0
2026-01-24,wk inc flu hosp,2,2026-02-07,10,quantile,0.3,34.0
2026-01-24,wk inc flu hosp,2,2026-02-07,10,quantile,0.35,36.0
2026-01-24,wk inc flu hosp,2,2026-02-07,10,quantile,0.4,39.0
2026-01-24,wk inc flu hosp,2,2026-02-07,10,quantile,0.45,42.0
2026-01-24,wk inc flu hosp,2,2026-02-07,10,quantile,0.5,45.0
2026-01-24,wk inc flu hosp,2,2026-02-07,10,quantile,0.55,47.0
2026-01-24,wk inc flu hosp,2,2026-02-07,10,quantile,0.6,49.0
2026-01-24,wk inc flu hosp,2,2026-02-07,10,quantile,0.65,50.0
2026-01-24,wk inc flu hosp,2,2026-02-07,10,quantile,0.7,52.0
2026-01-24,wk inc flu hosp,2,2026-02-07,10,quantile,0.75,53.0
2026-01-24,wk inc flu hosp,2,2026-02-07,10,quantile,0.8,54.0
2026-01-24,wk inc flu hosp,2,2026-02-07,10,quantile,0.85,56.0
2026-01-24,wk inc flu hosp,2,2026-02-07,10,quantile,0.9,59.0
2026-01-24,wk inc flu hosp,2,2026-02-07,10,quantile,0.95,62.0
2026-01-24,wk inc flu hosp,2,2026-02-07,10,quantile,0.975,65.0
2026-01-24,wk inc flu hosp,2,2026-02-07,10,quantile,0.99,68.0
2026-01-24,wk inc flu hosp,2,2026-02-07,11,quantile,0.01,3.0
2026-01-24,wk inc flu hosp,2,2026-02-07,11,quantile,0.025,4.0
2026-01-24,wk inc flu hosp,2,2026-02-07,11,quantile,0.05,5.0
2026-01-24,wk inc flu hosp,2,2026-02-07,11,quantile,0.1,6.0
2026-01-24,wk inc flu hosp,2,2026-02-07,11,quantile,0.15,8.0
2026-01-24,wk inc flu hosp,2,2026-02-07,11,quantile,0.2,10.0
2026-01-24,wk inc flu hosp,2,2026-02-07,11,quantile,0.25,11.0
2026-01-24,wk inc flu hosp,2,2026-02-07,11,quantile,0.3,12.0
2026-01-24,wk inc flu hosp,2,2026-02-07,11,quantile,0.35,14.0
2026-01-24,wk inc flu hosp,2,2026-02-07,11,quantile,0.4,15.0
2026-01-24,wk inc flu hosp,2,2026-02-07,11,quantile,0.45,16.0
2026-01-24,wk inc flu hosp,2,2026-02-07,11,quantile,0.5,17.0
2026-01-24,wk inc flu hosp,2,2026-02-07,11,quantile,0.55,19.0
2026-01-24,wk inc flu hosp,2,2026-02-07,11,quantile,0.6,20.0
2026-01-24,wk inc flu hosp,2,2026-02-07,11,quantile,0.65,21.0
2026-01-24,wk inc flu hosp,2,2026-02-07,11,quantile,0.7,22.0
2026-01-24,wk inc flu hosp,2,2026-02-07,11,quantile,0.75,24.0
2026-01-24,wk inc flu hosp,2,2026-02-07,11,quantile,0.8,25.0
2026-01-24,wk inc flu hosp,2,2026-02-07,11,quantile,0.85,26.0
2026-01-24,wk inc flu hosp,2,2026-02-07,11,quantile,0.9,28.0
2026-01-24,wk inc flu hosp,2,2026-02-07,11,quantile,0.95,30.0
2026-01-24,wk inc flu hosp,2,2026-02-07,11,quantile,0.975,32.0
2026-01-24,wk inc flu hosp,2,2026-02-07,11,quantile,0.99,35.0
2026-01-24,wk inc flu hosp,2,2026-02-07,12,quantile,0.01,192.0
2026-01-24,wk inc flu hosp,2,2026-02-07,12,quantile,0.025,257.0
2026-01-24,wk inc flu hosp,2,2026-02-07,12,quantile,0.05,315.0
2026-01-24,wk inc flu hosp,2,2026-02-07,12,quantile,0.1,388.0
2026-01-24,wk inc flu hosp,2,2026-02-07,12,quantile,0.15,433.0
2026-01-24,wk inc flu hosp,2,2026-02-07,12,quantile,0.2,470.0
2026-01-24,wk inc flu hosp,2,2026-02-07,12,quantile,0.25,512.0
2026-01-24,wk inc flu hosp,2,2026-02-07,12,quantile,0.3,534.0
2026-01-24,wk inc flu hosp,2,2026-02-07,12,quantile,0.35,551.0
2026-01-24,wk inc flu hosp,2,2026-02-07,12,quantile,0.4,570.0
2026-01-24,wk inc flu hosp,2,2026-02-07,12,quantile,0.45,587.0
2026-01-24,wk inc flu hosp,2,2026-02-07,12,quantile,0.5,604.0
2026-01-24,wk inc flu hosp,2,2026-02-07,12,quantile,0.55,620.0
2026-01-24,wk inc flu hosp,2,2026-02-07,12,quantile,0.6,633.0
2026-01-24,wk inc flu hosp,2,2026-02-07,12,quantile,0.65,651.0
2026-01-24,wk inc flu hosp,2,2026-02-07,12,quantile,0.7,666.0
2026-01-24,wk inc flu hosp,2,2026-02-07,12,quantile,0.75,736.0
2026-01-24,wk inc flu hosp,2,2026-02-07,12,quantile,0.8,835.0
2026-01-24,wk inc flu hosp,2,2026-02-07,12,quantile,0.85,876.0
2026-01-24,wk inc flu hosp,2,2026-02-07,12,quantile,0.9,987.0
2026-01-24,wk inc flu hosp,2,2026-02-07,12,quantile,0.95,1141.0
2026-01-24,wk inc flu hosp,2,2026-02-07,12,quantile,0.975,1199.0
2026-01-24,wk inc flu hosp,2,2026-02-07,12,quantile,0.99,1242.0
2026-01-24,wk inc flu hosp,2,2026-02-07,13,quantile,0.01,0.0
2026-01-24,wk inc flu hosp,2,2026-02-07,13,quantile,0.025,5.0
2026-01-24,wk inc flu hosp,2,2026-02-07,13,quantile,0.05,8.0
2026-01-24,wk inc flu hosp,2,2026-02-07,13,quantile,0.1,30.0
2026-01-24,wk inc flu hosp,2,2026-02-07,13,quantile,0.15,48.0
2026-01-24,wk inc flu hosp,2,2026-02-07,13,quantile,0.2,62.0
2026-01-24,wk inc flu hosp,2,2026-02-07,13,quantile,0.25,72.0
2026-01-24,wk inc flu hosp,2,2026-02-07,13,quantile,0.3,81.0
2026-01-24,wk inc flu hosp,2,2026-02-07,13,quantile,0.35,88.0
2026-01-24,wk inc flu hosp,2,2026-02-07,13,quantile,0.4,95.0
2026-01-24,wk inc flu hosp,2,2026-02-07,13,quantile,0.45,104.0
2026-01-24,wk inc flu hosp,2,2026-02-07,13,quantile,0.5,112.0
2026-01-24,wk inc flu hosp,2,2026-02-07,13,quantile,0.55,119.0
2026-01-24,wk inc flu hosp,2,2026-02-07,13,quantile,0.6,125.0
2026-01-24,wk inc flu hosp,2,2026-02-07,13,quantile,0.65,135.0
2026-01-24,wk inc flu hosp,2,2026-02-07,13,quantile,0.7,142.0
2026-01-24,wk inc flu hosp,2,2026-02-07,13,quantile,0.75,153.0
2026-01-24,wk inc flu hosp,2,2026-02-07,13,quantile,0.8,163.0
2026-01-24,wk inc flu hosp,2,2026-02-07,13,quantile,0.85,177.0
2026-01-24,wk inc flu hosp,2,2026-02-07,13,quantile,0.9,196.0
2026-01-24,wk inc flu hosp,2,2026-02-07,13,quantile,0.95,227.0
2026-01-24,wk inc flu hosp,2,2026-02-07,13,quantile,0.975,251.0
2026-01-24,wk inc flu hosp,2,2026-02-07,13,quantile,0.99,272.0
2026-01-24,wk inc flu hosp,2,2026-02-07,15,quantile,0.01,0.0
2026-01-24,wk inc flu hosp,2,2026-02-07,15,quantile,0.025,0.0
2026-01-24,wk inc flu hosp,2,2026-02-07,15,quantile,0.05,0.0
2026-01-24,wk inc flu hosp,2,2026-02-07,15,quantile,0.1,4.0
2026-01-24,wk inc flu hosp,2,2026-02-07,15,quantile,0.15,10.0
2026-01-24,wk inc flu hosp,2,2026-02-07,15,quantile,0.2,13.0
2026-01-24,wk inc flu hosp,2,2026-02-07,15,quantile,0.25,16.0
2026-01-24,wk inc flu hosp,2,2026-02-07,15,quantile,0.3,19.0
2026-01-24,wk inc flu hosp,2,2026-02-07,15,quantile,0.35,22.0
2026-01-24,wk inc flu hosp,2,2026-02-07,15,quantile,0.4,25.0
2026-01-24,wk inc flu hosp,2,2026-02-07,15,quantile,0.45,27.0
2026-01-24,wk inc flu hosp,2,2026-02-07,15,quantile,0.5,30.0
2026-01-24,wk inc flu hosp,2,2026-02-07,15,quantile,0.55,32.0
2026-01-24,wk inc flu hosp,2,2026-02-07,15,quantile,0.6,34.0
2026-01-24,wk inc flu hosp,2,2026-02-07,15,quantile,0.65,38.0
2026-01-24,wk inc flu hosp,2,2026-02-07,15,quantile,0.7,41.0
2026-01-24,wk inc flu hosp,2,2026-02-07,15,quantile,0.75,45.0
2026-01-24,wk inc flu hosp,2,2026-02-07,15,quantile,0.8,49.0
2026-01-24,wk inc flu hosp,2,2026-02-07,15,quantile,0.85,55.0
2026-01-24,wk inc flu hosp,2,2026-02-07,15,quantile,0.9,64.0
2026-01-24,wk inc flu hosp,2,2026-02-07,15,quantile,0.95,80.0
2026-01-24,wk inc flu hosp,2,2026-02-07,15,quantile,0.975,87.0
2026-01-24,wk inc flu hosp,2,2026-02-07,15,quantile,0.99,91.0
2026-01-24,wk inc flu hosp,2,2026-02-07,16,quantile,0.01,3.0
2026-01-24,wk inc flu hosp,2,2026-02-07,16,quantile,0.025,5.0
2026-01-24,wk inc flu hosp,2,2026-02-07,16,quantile,0.05,10.0
2026-01-24,wk inc flu hosp,2,2026-02-07,16,quantile,0.1,15.0
2026-01-24,wk inc flu hosp,2,2026-02-07,16,quantile,0.15,18.0
2026-01-24,wk inc flu hosp,2,2026-02-07,16,quantile,0.2,21.0
2026-01-24,wk inc flu hosp,2,2026-02-07,16,quantile,0.25,24.0
2026-01-24,wk inc flu hosp,2,2026-02-07,16,quantile,0.3,27.0
2026-01-24,wk inc flu hosp,2,2026-02-07,16,quantile,0.35,29.0
2026-01-24,wk inc flu hosp,2,2026-02-07,16,quantile,0.4,31.0
2026-01-24,wk inc flu hosp,2,2026-02-07,16,quantile,0.45,33.0
2026-01-24,wk inc flu hosp,2,2026-02-07,16,quantile,0.5,35.0
2026-01-24,wk inc flu hosp,2,2026-02-07,16,quantile,0.55,37.0
2026-01-24,wk inc flu hosp,2,2026-02-07,16,quantile,0.6,39.0
2026-01-24,wk inc flu hosp,2,2026-02-07,16,quantile,0.65,41.0
2026-01-24,wk inc flu hosp,2,2026-02-07,16,quantile,0.7,44.0
2026-01-24,wk inc flu hosp,2,2026-02-07,16,quantile,0.75,46.0
2026-01-24,wk inc flu hosp,2,2026-02-07,16,quantile,0.8,51.0
2026-01-24,wk inc flu hosp,2,2026-02-07,16,quantile,0.85,56.0
2026-01-24,wk inc flu hosp,2,2026-02-07,16,quantile,0.9,64.0
2026-01-24,wk inc flu hosp,2,2026-02-07,16,quantile,0.95,81.0
2026-01-24,wk inc flu hosp,2,2026-02-07,16,quantile,0.975,88.0
2026-01-24,wk inc flu hosp,2,2026-02-07,16,quantile,0.99,93.0
2026-01-24,wk inc flu hosp,2,2026-02-07,17,quantile,0.01,14.0
2026-01-24,wk inc flu hosp,2,2026-02-07,17,quantile,0.025,43.0
2026-01-24,wk inc flu hosp,2,2026-02-07,17,quantile,0.05,72.0
2026-01-24,wk inc flu hosp,2,2026-02-07,17,quantile,0.1,116.0
2026-01-24,wk inc flu hosp,2,2026-02-07,17,quantile,0.15,146.0
2026-01-24,wk inc flu hosp,2,2026-02-07,17,quantile,0.2,172.0
2026-01-24,wk inc flu hosp,2,2026-02-07,17,quantile,0.25,190.0
2026-01-24,wk inc flu hosp,2,2026-02-07,17,quantile,0.3,208.0
2026-01-24,wk inc flu hosp,2,2026-02-07,17,quantile,0.35,222.0
2026-01-24,wk inc flu hosp,2,2026-02-07,17,quantile,0.4,237.0
2026-01-24,wk inc flu hosp,2,2026-02-07,17,quantile,0.45,248.0
2026-01-24,wk inc flu hosp,2,2026-02-07,17,quantile,0.5,259.0
2026-01-24,wk inc flu hosp,2,2026-02-07,17,quantile,0.55,269.0
2026-01-24,wk inc flu hosp,2,2026-02-07,17,quantile,0.6,277.0
2026-01-24,wk inc flu hosp,2,2026-02-07,17,quantile,0.65,289.0
2026-01-24,wk inc flu hosp,2,2026-02-07,17,quantile,0.7,298.0
2026-01-24,wk inc flu hosp,2,2026-02-07,17,quantile,0.75,311.0
2026-01-24,wk inc flu hosp,2,2026-02-07,17,quantile,0.8,322.0
2026-01-24,wk inc flu hosp,2,2026-02-07,17,quantile,0.85,338.0
2026-01-24,wk inc flu hosp,2,2026-02-07,17,quantile,0.9,360.0
2026-01-24,wk inc flu hosp,2,2026-02-07,17,quantile,0.95,410.0
2026-01-24,wk inc flu hosp,2,2026-02-07,17,quantile,0.975,476.0
2026-01-24,wk inc flu hosp,2,2026-02-07,17,quantile,0.99,550.0
2026-01-24,wk inc flu hosp,2,2026-02-07,18,quantile,0.01,8.0
2026-01-24,wk inc flu hosp,2,2026-02-07,18,quantile,0.025,9.0
2026-01-24,wk inc flu hosp,2,2026-02-07,18,quantile,0.05,21.0
2026-01-24,wk inc flu hosp,2,2026-02-07,18,quantile,0.1,48.0
2026-01-24,wk inc flu hosp,2,2026-02-07,18,quantile,0.15,73.0
2026-01-24,wk inc flu hosp,2,2026-02-07,18,quantile,0.2,90.0
2026-01-24,wk inc flu hosp,2,2026-02-07,18,quantile,0.25,97.0
2026-01-24,wk inc flu hosp,2,2026-02-07,18,quantile,0.3,104.0
2026-01-24,wk inc flu hosp,2,2026-02-07,18,quantile,0.35,110.0
2026-01-24,wk inc flu hosp,2,2026-02-07,18,quantile,0.4,117.0
2026-01-24,wk inc flu hosp,2,2026-02-07,18,quantile,0.45,124.0
2026-01-24,wk inc flu hosp,2,2026-02-07,18,quantile,0.5,131.0
2026-01-24,wk inc flu hosp,2,2026-02-07,18,quantile,0.55,137.0
2026-01-24,wk inc flu hosp,2,2026-02-07,18,quantile,0.6,142.0
2026-01-24,wk inc flu hosp,2,2026-02-07,18,quantile,0.65,150.0
2026-01-24,wk inc flu hosp,2,2026-02-07,18,quantile,0.7,155.0
2026-01-24,wk inc flu hosp,2,2026-02-07,18,quantile,0.75,163.0
2026-01-24,wk inc flu hosp,2,2026-02-07,18,quantile,0.8,169.0
2026-01-24,wk inc flu hosp,2,2026-02-07,18,quantile,0.85,178.0
2026-01-24,wk inc flu hosp,2,2026-02-07,18,quantile,0.9,195.0
2026-01-24,wk inc flu hosp,2,2026-02-07,18,quantile,0.95,234.0
2026-01-24,wk inc flu hosp,2,2026-02-07,18,quantile,0.975,277.0
2026-01-24,wk inc flu hosp,2,2026-02-07,18,quantile,0.99,302.0
2026-01-24,wk inc flu hosp,2,2026-02-07,19,quantile,0.01,35.0
2026-01-24,wk inc flu hosp,2,2026-02-07,19,quantile,0.025,43.0
2026-01-24,wk inc flu hosp,2,2026-02-07,19,quantile,0.05,51.0
2026-01-24,wk inc flu hosp,2,2026-02-07,19,quantile,0.1,61.0
2026-01-24,wk inc flu hosp,2,2026-02-07,19,quantile,0.15,69.0
2026-01-24,wk inc flu hosp,2,2026-02-07,19,quantile,0.2,74.0
2026-01-24,wk inc flu hosp,2,2026-02-07,19,quantile,0.25,80.0
2026-01-24,wk inc flu hosp,2,2026-02-07,19,quantile,0.3,85.0
2026-01-24,wk inc flu hosp,2,2026-02-07,19,quantile,0.35,88.0
2026-01-24,wk inc flu hosp,2,2026-02-07,19,quantile,0.4,93.0
2026-01-24,wk inc flu hosp,2,2026-02-07,19,quantile,0.45,96.0
2026-01-24,wk inc flu hosp,2,2026-02-07,19,quantile,0.5,100.0
2026-01-24,wk inc flu hosp,2,2026-02-07,19,quantile,0.55,103.0
2026-01-24,wk inc flu hosp,2,2026-02-07,19,quantile,0.6,106.0
2026-01-24,wk inc flu hosp,2,2026-02-07,19,quantile,0.65,110.0
2026-01-24,wk inc flu hosp,2,2026-02-07,19,quantile,0.7,114.0
2026-01-24,wk inc flu hosp,2,2026-02-07,19,quantile,0.75,119.0
2026-01-24,wk inc flu hosp,2,2026-02-07,19,quantile,0.8,123.0
2026-01-24,wk inc flu hosp,2,2026-02-07,19,quantile,0.85,130.0
2026-01-24,wk inc flu hosp,2,2026-02-07,19,quantile,0.9,134.0
2026-01-24,wk inc flu hosp,2,2026-02-07,19,quantile,0.95,141.0
2026-01-24,wk inc flu hosp,2,2026-02-07,19,quantile,0.975,148.0
2026-01-24,wk inc flu hosp,2,2026-02-07,19,quantile,0.99,153.0
2026-01-24,wk inc flu hosp,2,2026-02-07,20,quantile,0.01,47.0
2026-01-24,wk inc flu hosp,2,2026-02-07,20,quantile,0.025,60.0
2026-01-24,wk inc flu hosp,2,2026-02-07,20,quantile,0.05,71.0
2026-01-24,wk inc flu hosp,2,2026-02-07,20,quantile,0.1,84.0
2026-01-24,wk inc flu hosp,2,2026-02-07,20,quantile,0.15,93.0
2026-01-24,wk inc flu hosp,2,2026-02-07,20,quantile,0.2,105.0
2026-01-24,wk inc flu hosp,2,2026-02-07,20,quantile,0.25,114.0
2026-01-24,wk inc flu hosp,2,2026-02-07,20,quantile,0.3,123.0
2026-01-24,wk inc flu hosp,2,2026-02-07,20,quantile,0.35,129.0
2026-01-24,wk inc flu hosp,2,2026-02-07,20,quantile,0.4,134.0
2026-01-24,wk inc flu hosp,2,2026-02-07,20,quantile,0.45,138.0
2026-01-24,wk inc flu hosp,2,2026-02-07,20,quantile,0.5,140.0
2026-01-24,wk inc flu hosp,2,2026-02-07,20,quantile,0.55,141.0
2026-01-24,wk inc flu hosp,2,2026-02-07,20,quantile,0.6,143.0
2026-01-24,wk inc flu hosp,2,2026-02-07,20,quantile,0.65,145.0
2026-01-24,wk inc flu hosp,2,2026-02-07,20,quantile,0.7,146.0
2026-01-24,wk inc flu hosp,2,2026-02-07,20,quantile,0.75,148.0
2026-01-24,wk inc flu hosp,2,2026-02-07,20,quantile,0.8,150.0
2026-01-24,wk inc flu hosp,2,2026-02-07,20,quantile,0.85,152.0
2026-01-24,wk inc flu hosp,2,2026-02-07,20,quantile,0.9,155.0
2026-01-24,wk inc flu hosp,2,2026-02-07,20,quantile,0.95,162.0
2026-01-24,wk inc flu hosp,2,2026-02-07,20,quantile,0.975,173.0
2026-01-24,wk inc flu hosp,2,2026-02-07,20,quantile,0.99,221.0
2026-01-24,wk inc flu hosp,2,2026-02-07,21,quantile,0.01,7.0
2026-01-24,wk inc flu hosp,2,2026-02-07,21,quantile,0.025,8.0
2026-01-24,wk inc flu hosp,2,2026-02-07,21,quantile,0.05,10.0
2026-01-24,wk inc flu hosp,2,2026-02-07,21,quantile,0.1,25.0
2026-01-24,wk inc flu hosp,2,2026-02-07,21,quantile,0.15,46.0
2026-01-24,wk inc flu hosp,2,2026-02-07,21,quantile,0.2,60.0
2026-01-24,wk inc flu hosp,2,2026-02-07,21,quantile,0.25,74.0
2026-01-24,wk inc flu hosp,2,2026-02-07,21,quantile,0.3,86.0
2026-01-24,wk inc flu hosp,2,2026-02-07,21,quantile,0.35,95.0
2026-01-24,wk inc flu hosp,2,2026-02-07,21,quantile,0.4,101.0
2026-01-24,wk inc flu hosp,2,2026-02-07,21,quantile,0.45,107.0
2026-01-24,wk inc flu hosp,2,2026-02-07,21,quantile,0.5,113.0
2026-01-24,wk inc flu hosp,2,2026-02-07,21,quantile,0.55,118.0
2026-01-24,wk inc flu hosp,2,2026-02-07,21,quantile,0.6,122.0
2026-01-24,wk inc flu hosp,2,2026-02-07,21,quantile,0.65,129.0
2026-01-24,wk inc flu hosp,2,2026-02-07,21,quantile,0.7,133.0
2026-01-24,wk inc flu hosp,2,2026-02-07,21,quantile,0.75,140.0
2026-01-24,wk inc flu hosp,2,2026-02-07,21,quantile,0.8,148.0
2026-01-24,wk inc flu hosp,2,2026-02-07,21,quantile,0.85,161.0
2026-01-24,wk inc flu hosp,2,2026-02-07,21,quantile,0.9,182.0
2026-01-24,wk inc flu hosp,2,2026-02-07,21,quantile,0.95,217.0
2026-01-24,wk inc flu hosp,2,2026-02-07,21,quantile,0.975,237.0
2026-01-24,wk inc flu hosp,2,2026-02-07,21,quantile,0.99,249.0
2026-01-24,wk inc flu hosp,2,2026-02-07,22,quantile,0.01,8.0
2026-01-24,wk inc flu hosp,2,2026-02-07,22,quantile,0.025,10.0
2026-01-24,wk inc flu hosp,2,2026-02-07,22,quantile,0.05,21.0
2026-01-24,wk inc flu hosp,2,2026-02-07,22,quantile,0.1,38.0
2026-01-24,wk inc flu hosp,2,2026-02-07,22,quantile,0.15,52.0
2026-01-24,wk inc flu hosp,2,2026-02-07,22,quantile,0.2,62.0
2026-01-24,wk inc flu hosp,2,2026-02-07,22,quantile,0.25,70.0
2026-01-24,wk inc flu hosp,2,2026-02-07,22,quantile,0.3,77.0
2026-01-24,wk inc flu hosp,2,2026-02-07,22,quantile,0.35,84.0
2026-01-24,wk inc flu hosp,2,2026-02-07,22,quantile,0.4,90.0
2026-01-24,wk inc flu hosp,2,2026-02-07,22,quantile,0.45,96.0
2026-01-24,wk inc flu hosp,2,2026-02-07,22,quantile,0.5,103.0
2026-01-24,wk inc flu hosp,2,2026-02-07,22,quantile,0.55,108.0
2026-01-24,wk inc flu hosp,2,2026-02-07,22,quantile,0.6,111.0
2026-01-24,wk inc flu hosp,2,2026-02-07,22,quantile,0.65,116.0
2026-01-24,wk inc flu hosp,2,2026-02-07,22,quantile,0.7,121.0
2026-01-24,wk inc flu hosp,2,2026-02-07,22,quantile,0.75,133.0
2026-01-24,wk inc flu hosp,2,2026-02-07,22,quantile,0.8,142.0
2026-01-24,wk inc flu hosp,2,2026-02-07,22,quantile,0.85,152.0
2026-01-24,wk inc flu hosp,2,2026-02-07,22,quantile,0.9,165.0
2026-01-24,wk inc flu hosp,2,2026-02-07,22,quantile,0.95,184.0
2026-01-24,wk inc flu hosp,2,2026-02-07,22,quantile,0.975,192.0
2026-01-24,wk inc flu hosp,2,2026-02-07,22,quantile,0.99,197.0
2026-01-24,wk inc flu hosp,2,2026-02-07,23,quantile,0.01,3.0
2026-01-24,wk inc flu hosp,2,2026-02-07,23,quantile,0.025,7.0
2026-01-24,wk inc flu hosp,2,2026-02-07,23,quantile,0.05,9.0
2026-01-24,wk inc flu hosp,2,2026-02-07,23,quantile,0.1,15.0
2026-01-24,wk inc flu hosp,2,2026-02-07,23,quantile,0.15,19.0
2026-01-24,wk inc flu hosp,2,2026-02-07,23,quantile,0.2,22.0
2026-01-24,wk inc flu hosp,2,2026-02-07,23,quantile,0.25,25.0
2026-01-24,wk inc flu hosp,2,2026-02-07,23,quantile,0.3,27.0
2026-01-24,wk inc flu hosp,2,2026-02-07,23,quantile,0.35,29.0
2026-01-24,wk inc flu hosp,2,2026-02-07,23,quantile,0.4,32.0
2026-01-24,wk inc flu hosp,2,2026-02-07,23,quantile,0.45,34.0
2026-01-24,wk inc flu hosp,2,2026-02-07,23,quantile,0.5,36.0
2026-01-24,wk inc flu hosp,2,2026-02-07,23,quantile,0.55,38.0
2026-01-24,wk inc flu hosp,2,2026-02-07,23,quantile,0.6,40.0
2026-01-24,wk inc flu hosp,2,2026-02-07,23,quantile,0.65,42.0
2026-01-24,wk inc flu hosp,2,2026-02-07,23,quantile,0.7,45.0
2026-01-24,wk inc flu hosp,2,2026-02-07,23,quantile,0.75,47.0
2026-01-24,wk inc flu hosp,2,2026-02-07,23,quantile,0.8,50.0
2026-01-24,wk inc flu hosp,2,2026-02-07,23,quantile,0.85,52.0
2026-01-24,wk inc flu hosp,2,2026-02-07,23,quantile,0.9,56.0
2026-01-24,wk inc flu hosp,2,2026-02-07,23,quantile,0.95,63.0
2026-01-24,wk inc flu hosp,2,2026-02-07,23,quantile,0.975,67.0
2026-01-24,wk inc flu hosp,2,2026-02-07,23,quantile,0.99,71.0
2026-01-24,wk inc flu hosp,2,2026-02-07,24,quantile,0.01,7.0
2026-01-24,wk inc flu hosp,2,2026-02-07,24,quantile,0.025,10.0
2026-01-24,wk inc flu hosp,2,2026-02-07,24,quantile,0.05,12.0
2026-01-24,wk inc flu hosp,2,2026-02-07,24,quantile,0.1,35.0
2026-01-24,wk inc flu hosp,2,2026-02-07,24,quantile,0.15,56.0
2026-01-24,wk inc flu hosp,2,2026-02-07,24,quantile,0.2,74.0
2026-01-24,wk inc flu hosp,2,2026-02-07,24,quantile,0.25,91.0
2026-01-24,wk inc flu hosp,2,2026-02-07,24,quantile,0.3,112.0
2026-01-24,wk inc flu hosp,2,2026-02-07,24,quantile,0.35,132.0
2026-01-24,wk inc flu hosp,2,2026-02-07,24,quantile,0.4,158.0
2026-01-24,wk inc flu hosp,2,2026-02-07,24,quantile,0.45,182.0
2026-01-24,wk inc flu hosp,2,2026-02-07,24,quantile,0.5,208.0
2026-01-24,wk inc flu hosp,2,2026-02-07,24,quantile,0.55,220.0
2026-01-24,wk inc flu hosp,2,2026-02-07,24,quantile,0.6,231.0
2026-01-24,wk inc flu hosp,2,2026-02-07,24,quantile,0.65,246.0
2026-01-24,wk inc flu hosp,2,2026-02-07,24,quantile,0.7,258.0
2026-01-24,wk inc flu hosp,2,2026-02-07,24,quantile,0.75,272.0
2026-01-24,wk inc flu hosp,2,2026-02-07,24,quantile,0.8,286.0
2026-01-24,wk inc flu hosp,2,2026-02-07,24,quantile,0.85,302.0
2026-01-24,wk inc flu hosp,2,2026-02-07,24,quantile,0.9,325.0
2026-01-24,wk inc flu hosp,2,2026-02-07,24,quantile,0.95,366.0
2026-01-24,wk inc flu hosp,2,2026-02-07,24,quantile,0.975,399.0
2026-01-24,wk inc flu hosp,2,2026-02-07,24,quantile,0.99,424.0
2026-01-24,wk inc flu hosp,2,2026-02-07,25,quantile,0.01,14.0
2026-01-24,wk inc flu hosp,2,2026-02-07,25,quantile,0.025,23.0
2026-01-24,wk inc flu hosp,2,2026-02-07,25,quantile,0.05,26.0
2026-01-24,wk inc flu hosp,2,2026-02-07,25,quantile,0.1,28.0
2026-01-24,wk inc flu hosp,2,2026-02-07,25,quantile,0.15,30.0
2026-01-24,wk inc flu hosp,2,2026-02-07,25,quantile,0.2,32.0
2026-01-24,wk inc flu hosp,2,2026-02-07,25,quantile,0.25,34.0
2026-01-24,wk inc flu hosp,2,2026-02-07,25,quantile,0.3,36.0
2026-01-24,wk inc flu hosp,2,2026-02-07,25,quantile,0.35,39.0
2026-01-24,wk inc flu hosp,2,2026-02-07,25,quantile,0.4,42.0
2026-01-24,wk inc flu hosp,2,2026-02-07,25,quantile,0.45,45.0
2026-01-24,wk inc flu hosp,2,2026-02-07,25,quantile,0.5,46.0
2026-01-24,wk inc flu hosp,2,2026-02-07,25,quantile,0.55,48.0
2026-01-24,wk inc flu hosp,2,2026-02-07,25,quantile,0.6,49.0
2026-01-24,wk inc flu hosp,2,2026-02-07,25,quantile,0.65,51.0
2026-01-24,wk inc flu hosp,2,2026-02-07,25,quantile,0.7,53.0
2026-01-24,wk inc flu hosp,2,2026-02-07,25,quantile,0.75,55.0
2026-01-24,wk inc flu hosp,2,2026-02-07,25,quantile,0.8,62.0
2026-01-24,wk inc flu hosp,2,2026-02-07,25,quantile,0.85,70.0
2026-01-24,wk inc flu hosp,2,2026-02-07,25,quantile,0.9,80.0
2026-01-24,wk inc flu hosp,2,2026-02-07,25,quantile,0.95,107.0
2026-01-24,wk inc flu hosp,2,2026-02-07,25,quantile,0.975,123.0
2026-01-24,wk inc flu hosp,2,2026-02-07,25,quantile,0.99,149.0
2026-01-24,wk inc flu hosp,2,2026-02-07,26,quantile,0.01,49.0
2026-01-24,wk inc flu hosp,2,2026-02-07,26,quantile,0.025,108.0
2026-01-24,wk inc flu hosp,2,2026-02-07,26,quantile,0.05,146.0
2026-01-24,wk inc flu hosp,2,2026-02-07,26,quantile,0.1,203.0
2026-01-24,wk inc flu hosp,2,2026-02-07,26,quantile,0.15,232.0
2026-01-24,wk inc flu hosp,2,2026-02-07,26,quantile,0.2,247.0
2026-01-24,wk inc flu hosp,2,2026-02-07,26,quantile,0.25,266.0
2026-01-24,wk inc flu hosp,2,2026-02-07,26,quantile,0.3,284.0
2026-01-24,wk inc flu hosp,2,2026-02-07,26,quantile,0.35,300.0
2026-01-24,wk inc flu hosp,2,2026-02-07,26,quantile,0.4,314.0
2026-01-24,wk inc flu hosp,2,2026-02-07,26,quantile,0.45,325.0
2026-01-24,wk inc flu hosp,2,2026-02-07,26,quantile,0.5,339.0
2026-01-24,wk inc flu hosp,2,2026-02-07,26,quantile,0.55,350.0
2026-01-24,wk inc flu hosp,2,2026-02-07,26,quantile,0.6,363.0
2026-01-24,wk inc flu hosp,2,2026-02-07,26,quantile,0.65,377.0
2026-01-24,wk inc flu hosp,2,2026-02-07,26,quantile,0.7,391.0
2026-01-24,wk inc flu hosp,2,2026-02-07,26,quantile,0.75,401.0
2026-01-24,wk inc flu hosp,2,2026-02-07,26,quantile,0.8,412.0
2026-01-24,wk inc flu hosp,2,2026-02-07,26,quantile,0.85,427.0
2026-01-24,wk inc flu hosp,2,2026-02-07,26,quantile,0.9,446.0
2026-01-24,wk inc flu hosp,2,2026-02-07,26,quantile,0.95,499.0
2026-01-24,wk inc flu hosp,2,2026-02-07,26,quantile,0.975,599.0
2026-01-24,wk inc flu hosp,2,2026-02-07,26,quantile,0.99,629.0
2026-01-24,wk inc flu hosp,2,2026-02-07,27,quantile,0.01,26.0
2026-01-24,wk inc flu hosp,2,2026-02-07,27,quantile,0.025,40.0
2026-01-24,wk inc flu hosp,2,2026-02-07,27,quantile,0.05,61.0
2026-01-24,wk inc flu hosp,2,2026-02-07,27,quantile,0.1,85.0
2026-01-24,wk inc flu hosp,2,2026-02-07,27,quantile,0.15,99.0
2026-01-24,wk inc flu hosp,2,2026-02-07,27,quantile,0.2,111.0
2026-01-24,wk inc flu hosp,2,2026-02-07,27,quantile,0.25,124.0
2026-01-24,wk inc flu hosp,2,2026-02-07,27,quantile,0.3,135.0
2026-01-24,wk inc flu hosp,2,2026-02-07,27,quantile,0.35,145.0
2026-01-24,wk inc flu hosp,2,2026-02-07,27,quantile,0.4,153.0
2026-01-24,wk inc flu hosp,2,2026-02-07,27,quantile,0.45,161.0
2026-01-24,wk inc flu hosp,2,2026-02-07,27,quantile,0.5,170.0
2026-01-24,wk inc flu hosp,2,2026-02-07,27,quantile,0.55,177.0
2026-01-24,wk inc flu hosp,2,2026-02-07,27,quantile,0.6,184.0
2026-01-24,wk inc flu hosp,2,2026-02-07,27,quantile,0.65,195.0
2026-01-24,wk inc flu hosp,2,2026-02-07,27,quantile,0.7,205.0
2026-01-24,wk inc flu hosp,2,2026-02-07,27,quantile,0.75,217.0
2026-01-24,wk inc flu hosp,2,2026-02-07,27,quantile,0.8,228.0
2026-01-24,wk inc flu hosp,2,2026-02-07,27,quantile,0.85,244.0
2026-01-24,wk inc flu hosp,2,2026-02-07,27,quantile,0.9,262.0
2026-01-24,wk inc flu hosp,2,2026-02-07,27,quantile,0.95,294.0
2026-01-24,wk inc flu hosp,2,2026-02-07,27,quantile,0.975,379.0
2026-01-24,wk inc flu hosp,2,2026-02-07,27,quantile,0.99,470.0
2026-01-24,wk inc flu hosp,2,2026-02-07,28,quantile,0.01,0.0
2026-01-24,wk inc flu hosp,2,2026-02-07,28,quantile,0.025,0.0
2026-01-24,wk inc flu hosp,2,2026-02-07,28,quantile,0.05,0.0
2026-01-24,wk inc flu hosp,2,2026-02-07,28,quantile,0.1,4.0
2026-01-24,wk inc flu hosp,2,2026-02-07,28,quantile,0.15,17.0
2026-01-24,wk inc flu hosp,2,2026-02-07,28,quantile,0.2,26.0
2026-01-24,wk inc flu hosp,2,2026-02-07,28,quantile,0.25,34.0
2026-01-24,wk inc flu hosp,2,2026-02-07,28,quantile,0.3,42.0
2026-01-24,wk inc flu hosp,2,2026-02-07,28,quantile,0.35,46.0
2026-01-24,wk inc flu hosp,2,2026-02-07,28,quantile,0.4,50.0
2026-01-24,wk inc flu hosp,2,2026-02-07,28,quantile,0.45,55.0
2026-01-24,wk inc flu hosp,2,2026-02-07,28,quantile,0.5,59.0
2026-01-24,wk inc flu hosp,2,2026-02-07,28,quantile,0.55,64.0
2026-01-24,wk inc flu hosp,2,2026-02-07,28,quantile,0.6,67.0
2026-01-24,wk inc flu hosp,2,2026-02-07,28,quantile,0.65,73.0
2026-01-24,wk inc flu hosp,2,2026-02-07,28,quantile,0.7,78.0
2026-01-24,wk inc flu hosp,2,2026-02-07,28,quantile,0.75,84.0
2026-01-24,wk inc flu hosp,2,2026-02-07,28,quantile,0.8,90.0
2026-01-24,wk inc flu hosp,2,2026-02-07,28,quantile,0.85,99.0
2026-01-24,wk inc flu hosp,2,2026-02-07,28,quantile,0.9,112.0
2026-01-24,wk inc flu hosp,2,2026-02-07,28,quantile,0.95,132.0
2026-01-24,wk inc flu hosp,2,2026-02-07,28,quantile,0.975,151.0
2026-01-24,wk inc flu hosp,2,2026-02-07,28,quantile,0.99,169.0
2026-01-24,wk inc flu hosp,2,2026-02-07,30,quantile,0.01,2.0
2026-01-24,wk inc flu hosp,2,2026-02-07,30,quantile,0.025,2.0
2026-01-24,wk inc flu hosp,2,2026-02-07,30,quantile,0.05,3.0
2026-01-24,wk inc flu hosp,2,2026-02-07,30,quantile,0.1,3.0
2026-01-24,wk inc flu hosp,2,2026-02-07,30,quantile,0.15,5.0
2026-01-24,wk inc flu hosp,2,2026-02-07,30,quantile,0.2,8.0
2026-01-24,wk inc flu hosp,2,2026-02-07,30,quantile,0.25,10.0
2026-01-24,wk inc flu hosp,2,2026-02-07,30,quantile,0.3,12.0
2026-01-24,wk inc flu hosp,2,2026-02-07,30,quantile,0.35,13.0
2026-01-24,wk inc flu hosp,2,2026-02-07,30,quantile,0.4,15.0
2026-01-24,wk inc flu hosp,2,2026-02-07,30,quantile,0.45,16.0
2026-01-24,wk inc flu hosp,2,2026-02-07,30,quantile,0.5,18.0
2026-01-24,wk inc flu hosp,2,2026-02-07,30,quantile,0.55,19.0
2026-01-24,wk inc flu hosp,2,2026-02-07,30,quantile,0.6,21.0
2026-01-24,wk inc flu hosp,2,2026-02-07,30,quantile,0.65,22.0
2026-01-24,wk inc flu hosp,2,2026-02-07,30,quantile,0.7,24.0
2026-01-24,wk inc flu hosp,2,2026-02-07,30,quantile,0.75,26.0
2026-01-24,wk inc flu hosp,2,2026-02-07,30,quantile,0.8,27.0
2026-01-24,wk inc flu hosp,2,2026-02-07,30,quantile,0.85,28.0
2026-01-24,wk inc flu hosp,2,2026-02-07,30,quantile,0.9,30.0
2026-01-24,wk inc flu hosp,2,2026-02-07,30,quantile,0.95,33.0
2026-01-24,wk inc flu hosp,2,2026-02-07,30,quantile,0.975,35.0
2026-01-24,wk inc flu hosp,2,2026-02-07,30,quantile,0.99,37.0
2026-01-24,wk inc flu hosp,2,2026-02-07,31,quantile,0.01,18.0
2026-01-24,wk inc flu hosp,2,2026-02-07,31,quantile,0.025,23.0
2026-01-24,wk inc flu hosp,2,2026-02-07,31,quantile,0.05,29.0
2026-01-24,wk inc flu hosp,2,2026-02-07,31,quantile,0.1,36.0
2026-01-24,wk inc flu hosp,2,2026-02-07,31,quantile,0.15,39.0
2026-01-24,wk inc flu hosp,2,2026-02-07,31,quantile,0.2,43.0
2026-01-24,wk inc flu hosp,2,2026-02-07,31,quantile,0.25,46.0
2026-01-24,wk inc flu hosp,2,2026-02-07,31,quantile,0.3,48.0
2026-01-24,wk inc flu hosp,2,2026-02-07,31,quantile,0.35,51.0
2026-01-24,wk inc flu hosp,2,2026-02-07,31,quantile,0.4,54.0
2026-01-24,wk inc flu hosp,2,2026-02-07,31,quantile,0.45,56.0
2026-01-24,wk inc flu hosp,2,2026-02-07,31,quantile,0.5,58.0
2026-01-24,wk inc flu hosp,2,2026-02-07,31,quantile,0.55,60.0
2026-01-24,wk inc flu hosp,2,2026-02-07,31,quantile,0.6,63.0
2026-01-24,wk inc flu hosp,2,2026-02-07,31,quantile,0.65,65.0
2026-01-24,wk inc flu hosp,2,2026-02-07,31,quantile,0.7,67.0
2026-01-24,wk inc flu hosp,2,2026-02-07,31,quantile,0.75,70.0
2026-01-24,wk inc flu hosp,2,2026-02-07,31,quantile,0.8,72.0
2026-01-24,wk inc flu hosp,2,2026-02-07,31,quantile,0.85,76.0
2026-01-24,wk inc flu hosp,2,2026-02-07,31,quantile,0.9,80.0
2026-01-24,wk inc flu hosp,2,2026-02-07,31,quantile,0.95,86.0
2026-01-24,wk inc flu hosp,2,2026-02-07,31,quantile,0.975,91.0
2026-01-24,wk inc flu hosp,2,2026-02-07,31,quantile,0.99,95.0
2026-01-24,wk inc flu hosp,2,2026-02-07,32,quantile,0.01,1.0
2026-01-24,wk inc flu hosp,2,2026-02-07,32,quantile,0.025,2.0
2026-01-24,wk inc flu hosp,2,2026-02-07,32,quantile,0.05,4.0
2026-01-24,wk inc flu hosp,2,2026-02-07,32,quantile,0.1,11.0
2026-01-24,wk inc flu hosp,2,2026-02-07,32,quantile,0.15,16.0
2026-01-24,wk inc flu hosp,2,2026-02-07,32,quantile,0.2,20.0
2026-01-24,wk inc flu hosp,2,2026-02-07,32,quantile,0.25,24.0
2026-01-24,wk inc flu hosp,2,2026-02-07,32,quantile,0.3,26.0
2026-01-24,wk inc flu hosp,2,2026-02-07,32,quantile,0.35,29.0
2026-01-24,wk inc flu hosp,2,2026-02-07,32,quantile,0.4,32.0
2026-01-24,wk inc flu hosp,2,2026-02-07,32,quantile,0.45,34.0
2026-01-24,wk inc flu hosp,2,2026-02-07,32,quantile,0.5,36.0
2026-01-24,wk inc flu hosp,2,2026-02-07,32,quantile,0.55,38.0
2026-01-24,wk inc flu hosp,2,2026-02-07,32,quantile,0.6,39.0
2026-01-24,wk inc flu hosp,2,2026-02-07,32,quantile,0.65,41.0
2026-01-24,wk inc flu hosp,2,2026-02-07,32,quantile,0.7,42.0
2026-01-24,wk inc flu hosp,2,2026-02-07,32,quantile,0.75,44.0
2026-01-24,wk inc flu hosp,2,2026-02-07,32,quantile,0.8,46.0
2026-01-24,wk inc flu hosp,2,2026-02-07,32,quantile,0.85,48.0
2026-01-24,wk inc flu hosp,2,2026-02-07,32,quantile,0.9,51.0
2026-01-24,wk inc flu hosp,2,2026-02-07,32,quantile,0.95,56.0
2026-01-24,wk inc flu hosp,2,2026-02-07,32,quantile,0.975,60.0
2026-01-24,wk inc flu hosp,2,2026-02-07,32,quantile,0.99,63.0
2026-01-24,wk inc flu hosp,2,2026-02-07,33,quantile,0.01,22.0
2026-01-24,wk inc flu hosp,2,2026-02-07,33,quantile,0.025,28.0
2026-01-24,wk inc flu hosp,2,2026-02-07,33,quantile,0.05,32.0
2026-01-24,wk inc flu hosp,2,2026-02-07,33,quantile,0.1,38.0
2026-01-24,wk inc flu hosp,2,2026-02-07,33,quantile,0.15,42.0
2026-01-24,wk inc flu hosp,2,2026-02-07,33,quantile,0.2,46.0
2026-01-24,wk inc flu hosp,2,2026-02-07,33,quantile,0.25,50.0
2026-01-24,wk inc flu hosp,2,2026-02-07,33,quantile,0.3,54.0
2026-01-24,wk inc flu hosp,2,2026-02-07,33,quantile,0.35,57.0
2026-01-24,wk inc flu hosp,2,2026-02-07,33,quantile,0.4,58.0
2026-01-24,wk inc flu hosp,2,2026-02-07,33,quantile,0.45,60.0
2026-01-24,wk inc flu hosp,2,2026-02-07,33,quantile,0.5,62.0
2026-01-24,wk inc flu hosp,2,2026-02-07,33,quantile,0.55,63.0
2026-01-24,wk inc flu hosp,2,2026-02-07,33,quantile,0.6,65.0
2026-01-24,wk inc flu hosp,2,2026-02-07,33,quantile,0.65,67.0
2026-01-24,wk inc flu hosp,2,2026-02-07,33,quantile,0.7,69.0
2026-01-24,wk inc flu hosp,2,2026-02-07,33,quantile,0.75,71.0
2026-01-24,wk inc flu hosp,2,2026-02-07,33,quantile,0.8,74.0
2026-01-24,wk inc flu hosp,2,2026-02-07,33,quantile,0.85,77.0
2026-01-24,wk inc flu hosp,2,2026-02-07,33,quantile,0.9,80.0
2026-01-24,wk inc flu hosp,2,2026-02-07,33,quantile,0.95,85.0
2026-01-24,wk inc flu hosp,2,2026-02-07,33,quantile,0.975,90.0
2026-01-24,wk inc flu hosp,2,2026-02-07,33,quantile,0.99,96.0
2026-01-24,wk inc flu hosp,2,2026-02-07,34,quantile,0.01,68.0
2026-01-24,wk inc flu hosp,2,2026-02-07,34,quantile,0.025,97.0
2026-01-24,wk inc flu hosp,2,2026-02-07,34,quantile,0.05,116.0
2026-01-24,wk inc flu hosp,2,2026-02-07,34,quantile,0.1,142.0
2026-01-24,wk inc flu hosp,2,2026-02-07,34,quantile,0.15,161.0
2026-01-24,wk inc flu hosp,2,2026-02-07,34,quantile,0.2,180.0
2026-01-24,wk inc flu hosp,2,2026-02-07,34,quantile,0.25,194.0
2026-01-24,wk inc flu hosp,2,2026-02-07,34,quantile,0.3,203.0
2026-01-24,wk inc flu hosp,2,2026-02-07,34,quantile,0.35,213.0
2026-01-24,wk inc flu hosp,2,2026-02-07,34,quantile,0.4,224.0
2026-01-24,wk inc flu hosp,2,2026-02-07,34,quantile,0.45,235.0
2026-01-24,wk inc flu hosp,2,2026-02-07,34,quantile,0.5,249.0
2026-01-24,wk inc flu hosp,2,2026-02-07,34,quantile,0.55,262.0
2026-01-24,wk inc flu hosp,2,2026-02-07,34,quantile,0.6,268.0
2026-01-24,wk inc flu hosp,2,2026-02-07,34,quantile,0.65,276.0
2026-01-24,wk inc flu hosp,2,2026-02-07,34,quantile,0.7,283.0
2026-01-24,wk inc flu hosp,2,2026-02-07,34,quantile,0.75,293.0
2026-01-24,wk inc flu hosp,2,2026-02-07,34,quantile,0.8,302.0
2026-01-24,wk inc flu hosp,2,2026-02-07,34,quantile,0.85,316.0
2026-01-24,wk inc flu hosp,2,2026-02-07,34,quantile,0.9,340.0
2026-01-24,wk inc flu hosp,2,2026-02-07,34,quantile,0.95,383.0
2026-01-24,wk inc flu hosp,2,2026-02-07,34,quantile,0.975,474.0
2026-01-24,wk inc flu hosp,2,2026-02-07,34,quantile,0.99,545.0
2026-01-24,wk inc flu hosp,2,2026-02-07,35,quantile,0.01,4.0
2026-01-24,wk inc flu hosp,2,2026-02-07,35,quantile,0.025,9.0
2026-01-24,wk inc flu hosp,2,2026-02-07,35,quantile,0.05,14.0
2026-01-24,wk inc flu hosp,2,2026-02-07,35,quantile,0.1,20.0
2026-01-24,wk inc flu hosp,2,2026-02-07,35,quantile,0.15,24.0
2026-01-24,wk inc flu hosp,2,2026-02-07,35,quantile,0.2,27.0
2026-01-24,wk inc flu hosp,2,2026-02-07,35,quantile,0.25,29.0
2026-01-24,wk inc flu hosp,2,2026-02-07,35,quantile,0.3,31.0
2026-01-24,wk inc flu hosp,2,2026-02-07,35,quantile,0.35,34.0
2026-01-24,wk inc flu hosp,2,2026-02-07,35,quantile,0.4,35.0
2026-01-24,wk inc flu hosp,2,2026-02-07,35,quantile,0.45,37.0
2026-01-24,wk inc flu hosp,2,2026-02-07,35,quantile,0.5,39.0
2026-01-24,wk inc flu hosp,2,2026-02-07,35,quantile,0.55,41.0
2026-01-24,wk inc flu hosp,2,2026-02-07,35,quantile,0.6,43.0
2026-01-24,wk inc flu hosp,2,2026-02-07,35,quantile,0.65,45.0
2026-01-24,wk inc flu hosp,2,2026-02-07,35,quantile,0.7,47.0
2026-01-24,wk inc flu hosp,2,2026-02-07,35,quantile,0.75,49.0
2026-01-24,wk inc flu hosp,2,2026-02-07,35,quantile,0.8,52.0
2026-01-24,wk inc flu hosp,2,2026-02-07,35,quantile,0.85,55.0
2026-01-24,wk inc flu hosp,2,2026-02-07,35,quantile,0.9,59.0
2026-01-24,wk inc flu hosp,2,2026-02-07,35,quantile,0.95,67.0
2026-01-24,wk inc flu hosp,2,2026-02-07,35,quantile,0.975,73.0
2026-01-24,wk inc flu hosp,2,2026-02-07,35,quantile,0.99,76.0
2026-01-24,wk inc flu hosp,2,2026-02-07,36,quantile,0.01,0.0
2026-01-24,wk inc flu hosp,2,2026-02-07,36,quantile,0.025,6.0
2026-01-24,wk inc flu hosp,2,2026-02-07,36,quantile,0.05,8.0
2026-01-24,wk inc flu hosp,2,2026-02-07,36,quantile,0.1,11.0
2026-01-24,wk inc flu hosp,2,2026-02-07,36,quantile,0.15,13.0
2026-01-24,wk inc flu hosp,2,2026-02-07,36,quantile,0.2,14.0
2026-01-24,wk inc flu hosp,2,2026-02-07,36,quantile,0.25,15.0
2026-01-24,wk inc flu hosp,2,2026-02-07,36,quantile,0.3,16.0
2026-01-24,wk inc flu hosp,2,2026-02-07,36,quantile,0.35,17.0
2026-01-24,wk inc flu hosp,2,2026-02-07,36,quantile,0.4,18.0
2026-01-24,wk inc flu hosp,2,2026-02-07,36,quantile,0.45,19.0
2026-01-24,wk inc flu hosp,2,2026-02-07,36,quantile,0.5,20.0
2026-01-24,wk inc flu hosp,2,2026-02-07,36,quantile,0.55,21.0
2026-01-24,wk inc flu hosp,2,2026-02-07,36,quantile,0.6,22.0
2026-01-24,wk inc flu hosp,2,2026-02-07,36,quantile,0.65,24.0
2026-01-24,wk inc flu hosp,2,2026-02-07,36,quantile,0.7,26.0
2026-01-24,wk inc flu hosp,2,2026-02-07,36,quantile,0.75,29.0
2026-01-24,wk inc flu hosp,2,2026-02-07,36,quantile,0.8,33.0
2026-01-24,wk inc flu hosp,2,2026-02-07,36,quantile,0.85,38.0
2026-01-24,wk inc flu hosp,2,2026-02-07,36,quantile,0.9,45.0
2026-01-24,wk inc flu hosp,2,2026-02-07,36,quantile,0.95,61.0
2026-01-24,wk inc flu hosp,2,2026-02-07,36,quantile,0.975,79.0
2026-01-24,wk inc flu hosp,2,2026-02-07,36,quantile,0.99,126.0
2026-01-24,wk inc flu hosp,2,2026-02-07,37,quantile,0.01,103.0
2026-01-24,wk inc flu hosp,2,2026-02-07,37,quantile,0.025,145.0
2026-01-24,wk inc flu hosp,2,2026-02-07,37,quantile,0.05,206.0
2026-01-24,wk inc flu hosp,2,2026-02-07,37,quantile,0.1,270.0
2026-01-24,wk inc flu hosp,2,2026-02-07,37,quantile,0.15,311.0
2026-01-24,wk inc flu hosp,2,2026-02-07,37,quantile,0.2,342.0
2026-01-24,wk inc flu hosp,2,2026-02-07,37,quantile,0.25,364.0
2026-01-24,wk inc flu hosp,2,2026-02-07,37,quantile,0.3,387.0
2026-01-24,wk inc flu hosp,2,2026-02-07,37,quantile,0.35,406.0
2026-01-24,wk inc flu hosp,2,2026-02-07,37,quantile,0.4,426.0
2026-01-24,wk inc flu hosp,2,2026-02-07,37,quantile,0.45,450.0
2026-01-24,wk inc flu hosp,2,2026-02-07,37,quantile,0.5,462.0
2026-01-24,wk inc flu hosp,2,2026-02-07,37,quantile,0.55,473.0
2026-01-24,wk inc flu hosp,2,2026-02-07,37,quantile,0.6,483.0
2026-01-24,wk inc flu hosp,2,2026-02-07,37,quantile,0.65,497.0
2026-01-24,wk inc flu hosp,2,2026-02-07,37,quantile,0.7,506.0
2026-01-24,wk inc flu hosp,2,2026-02-07,37,quantile,0.75,521.0
2026-01-24,wk inc flu hosp,2,2026-02-07,37,quantile,0.8,533.0
2026-01-24,wk inc flu hosp,2,2026-02-07,37,quantile,0.85,549.0
2026-01-24,wk inc flu hosp,2,2026-02-07,37,quantile,0.9,575.0
2026-01-24,wk inc flu hosp,2,2026-02-07,37,quantile,0.95,616.0
2026-01-24,wk inc flu hosp,2,2026-02-07,37,quantile,0.975,656.0
2026-01-24,wk inc flu hosp,2,2026-02-07,37,quantile,0.99,745.0
2026-01-24,wk inc flu hosp,2,2026-02-07,38,quantile,0.01,2.0
2026-01-24,wk inc flu hosp,2,2026-02-07,38,quantile,0.025,3.0
2026-01-24,wk inc flu hosp,2,2026-02-07,38,quantile,0.05,4.0
2026-01-24,wk inc flu hosp,2,2026-02-07,38,quantile,0.1,7.0
2026-01-24,wk inc flu hosp,2,2026-02-07,38,quantile,0.15,8.0
2026-01-24,wk inc flu hosp,2,2026-02-07,38,quantile,0.2,10.0
2026-01-24,wk inc flu hosp,2,2026-02-07,38,quantile,0.25,11.0
2026-01-24,wk inc flu hosp,2,2026-02-07,38,quantile,0.3,12.0
2026-01-24,wk inc flu hosp,2,2026-02-07,38,quantile,0.35,13.0
2026-01-24,wk inc flu hosp,2,2026-02-07,38,quantile,0.4,13.0
2026-01-24,wk inc flu hosp,2,2026-02-07,38,quantile,0.45,14.0
2026-01-24,wk inc flu hosp,2,2026-02-07,38,quantile,0.5,15.0
2026-01-24,wk inc flu hosp,2,2026-02-07,38,quantile,0.55,16.0
2026-01-24,wk inc flu hosp,2,2026-02-07,38,quantile,0.6,16.0
2026-01-24,wk inc flu hosp,2,2026-02-07,38,quantile,0.65,17.0
2026-01-24,wk inc flu hosp,2,2026-02-07,38,quantile,0.7,18.0
2026-01-24,wk inc flu hosp,2,2026-02-07,38,quantile,0.75,19.0
2026-01-24,wk inc flu hosp,2,2026-02-07,38,quantile,0.8,19.0
2026-01-24,wk inc flu hosp,2,2026-02-07,38,quantile,0.85,21.0
2026-01-24,wk inc flu hosp,2,2026-02-07,38,quantile,0.9,23.0
2026-01-24,wk inc flu hosp,2,2026-02-07,38,quantile,0.95,26.0
2026-01-24,wk inc flu hosp,2,2026-02-07,38,quantile,0.975,30.0
2026-01-24,wk inc flu hosp,2,2026-02-07,38,quantile,0.99,34.0
2026-01-24,wk inc flu hosp,2,2026-02-07,39,quantile,0.01,64.0
2026-01-24,wk inc flu hosp,2,2026-02-07,39,quantile,0.025,99.0
2026-01-24,wk inc flu hosp,2,2026-02-07,39,quantile,0.05,140.0
2026-01-24,wk inc flu hosp,2,2026-02-07,39,quantile,0.1,185.0
2026-01-24,wk inc flu hosp,2,2026-02-07,39,quantile,0.15,224.0
2026-01-24,wk inc flu hosp,2,2026-02-07,39,quantile,0.2,253.0
2026-01-24,wk inc flu hosp,2,2026-02-07,39,quantile,0.25,278.0
2026-01-24,wk inc flu hosp,2,2026-02-07,39,quantile,0.3,302.0
2026-01-24,wk inc flu hosp,2,2026-02-07,39,quantile,0.35,319.0
2026-01-24,wk inc flu hosp,2,2026-02-07,39,quantile,0.4,331.0
2026-01-24,wk inc flu hosp,2,2026-02-07,39,quantile,0.45,340.0
2026-01-24,wk inc flu hosp,2,2026-02-07,39,quantile,0.5,354.0
2026-01-24,wk inc flu hosp,2,2026-02-07,39,quantile,0.55,365.0
2026-01-24,wk inc flu hosp,2,2026-02-07,39,quantile,0.6,378.0
2026-01-24,wk inc flu hosp,2,2026-02-07,39,quantile,0.65,393.0
2026-01-24,wk inc flu hosp,2,2026-02-07,39,quantile,0.7,408.0
2026-01-24,wk inc flu hosp,2,2026-02-07,39,quantile,0.75,424.0
2026-01-24,wk inc flu hosp,2,2026-02-07,39,quantile,0.8,436.0
2026-01-24,wk inc flu hosp,2,2026-02-07,39,quantile,0.85,455.0
2026-01-24,wk inc flu hosp,2,2026-02-07,39,quantile,0.9,491.0
2026-01-24,wk inc flu hosp,2,2026-02-07,39,quantile,0.95,526.0
2026-01-24,wk inc flu hosp,2,2026-02-07,39,quantile,0.975,571.0
2026-01-24,wk inc flu hosp,2,2026-02-07,39,quantile,0.99,677.0
2026-01-24,wk inc flu hosp,2,2026-02-07,40,quantile,0.01,0.0
2026-01-24,wk inc flu hosp,2,2026-02-07,40,quantile,0.025,0.0
2026-01-24,wk inc flu hosp,2,2026-02-07,40,quantile,0.05,0.0
2026-01-24,wk inc flu hosp,2,2026-02-07,40,quantile,0.1,26.0
2026-01-24,wk inc flu hosp,2,2026-02-07,40,quantile,0.15,31.0
2026-01-24,wk inc flu hosp,2,2026-02-07,40,quantile,0.2,37.0
2026-01-24,wk inc flu hosp,2,2026-02-07,40,quantile,0.25,41.0
2026-01-24,wk inc flu hosp,2,2026-02-07,40,quantile,0.3,46.0
2026-01-24,wk inc flu hosp,2,2026-02-07,40,quantile,0.35,51.0
2026-01-24,wk inc flu hosp,2,2026-02-07,40,quantile,0.4,57.0
2026-01-24,wk inc flu hosp,2,2026-02-07,40,quantile,0.45,63.0
2026-01-24,wk inc flu hosp,2,2026-02-07,40,quantile,0.5,68.0
2026-01-24,wk inc flu hosp,2,2026-02-07,40,quantile,0.55,73.0
2026-01-24,wk inc flu hosp,2,2026-02-07,40,quantile,0.6,78.0
2026-01-24,wk inc flu hosp,2,2026-02-07,40,quantile,0.65,83.0
2026-01-24,wk inc flu hosp,2,2026-02-07,40,quantile,0.7,86.0
2026-01-24,wk inc flu hosp,2,2026-02-07,40,quantile,0.75,91.0
2026-01-24,wk inc flu hosp,2,2026-02-07,40,quantile,0.8,94.0
2026-01-24,wk inc flu hosp,2,2026-02-07,40,quantile,0.85,100.0
2026-01-24,wk inc flu hosp,2,2026-02-07,40,quantile,0.9,107.0
2026-01-24,wk inc flu hosp,2,2026-02-07,40,quantile,0.95,119.0
2026-01-24,wk inc flu hosp,2,2026-02-07,40,quantile,0.975,134.0
2026-01-24,wk inc flu hosp,2,2026-02-07,40,quantile,0.99,149.0
2026-01-24,wk inc flu hosp,2,2026-02-07,41,quantile,0.01,7.0
2026-01-24,wk inc flu hosp,2,2026-02-07,41,quantile,0.025,13.0
2026-01-24,wk inc flu hosp,2,2026-02-07,41,quantile,0.05,25.0
2026-01-24,wk inc flu hosp,2,2026-02-07,41,quantile,0.1,47.0
2026-01-24,wk inc flu hosp,2,2026-02-07,41,quantile,0.15,62.0
2026-01-24,wk inc flu hosp,2,2026-02-07,41,quantile,0.2,74.0
2026-01-24,wk inc flu hosp,2,2026-02-07,41,quantile,0.25,82.0
2026-01-24,wk inc flu hosp,2,2026-02-07,41,quantile,0.3,89.0
2026-01-24,wk inc flu hosp,2,2026-02-07,41,quantile,0.35,95.0
2026-01-24,wk inc flu hosp,2,2026-02-07,41,quantile,0.4,101.0
2026-01-24,wk inc flu hosp,2,2026-02-07,41,quantile,0.45,106.0
2026-01-24,wk inc flu hosp,2,2026-02-07,41,quantile,0.5,114.0
2026-01-24,wk inc flu hosp,2,2026-02-07,41,quantile,0.55,121.0
2026-01-24,wk inc flu hosp,2,2026-02-07,41,quantile,0.6,127.0
2026-01-24,wk inc flu hosp,2,2026-02-07,41,quantile,0.65,134.0
2026-01-24,wk inc flu hosp,2,2026-02-07,41,quantile,0.7,139.0
2026-01-24,wk inc flu hosp,2,2026-02-07,41,quantile,0.75,146.0
2026-01-24,wk inc flu hosp,2,2026-02-07,41,quantile,0.8,152.0
2026-01-24,wk inc flu hosp,2,2026-02-07,41,quantile,0.85,162.0
2026-01-24,wk inc flu hosp,2,2026-02-07,41,quantile,0.9,175.0
2026-01-24,wk inc flu hosp,2,2026-02-07,41,quantile,0.95,195.0
2026-01-24,wk inc flu hosp,2,2026-02-07,41,quantile,0.975,209.0
2026-01-24,wk inc flu hosp,2,2026-02-07,41,quantile,0.99,223.0
2026-01-24,wk inc flu hosp,2,2026-02-07,42,quantile,0.01,25.0
2026-01-24,wk inc flu hosp,2,2026-02-07,42,quantile,0.025,29.0
2026-01-24,wk inc flu hosp,2,2026-02-07,42,quantile,0.05,74.0
2026-01-24,wk inc flu hosp,2,2026-02-07,42,quantile,0.1,139.0
2026-01-24,wk inc flu hosp,2,2026-02-07,42,quantile,0.15,176.0
2026-01-24,wk inc flu hosp,2,2026-02-07,42,quantile,0.2,218.0
2026-01-24,wk inc flu hosp,2,2026-02-07,42,quantile,0.25,262.0
2026-01-24,wk inc flu hosp,2,2026-02-07,42,quantile,0.3,306.0
2026-01-24,wk inc flu hosp,2,2026-02-07,42,quantile,0.35,342.0
2026-01-24,wk inc flu hosp,2,2026-02-07,42,quantile,0.4,375.0
2026-01-24,wk inc flu hosp,2,2026-02-07,42,quantile,0.45,419.0
2026-01-24,wk inc flu hosp,2,2026-02-07,42,quantile,0.5,467.0
2026-01-24,wk inc flu hosp,2,2026-02-07,42,quantile,0.55,504.0
2026-01-24,wk inc flu hosp,2,2026-02-07,42,quantile,0.6,529.0
2026-01-24,wk inc flu hosp,2,2026-02-07,42,quantile,0.65,553.0
2026-01-24,wk inc flu hosp,2,2026-02-07,42,quantile,0.7,570.0
2026-01-24,wk inc flu hosp,2,2026-02-07,42,quantile,0.75,586.0
2026-01-24,wk inc flu hosp,2,2026-02-07,42,quantile,0.8,599.0
2026-01-24,wk inc flu hosp,2,2026-02-07,42,quantile,0.85,641.0
2026-01-24,wk inc flu hosp,2,2026-02-07,42,quantile,0.9,715.0
2026-01-24,wk inc flu hosp,2,2026-02-07,42,quantile,0.95,799.0
2026-01-24,wk inc flu hosp,2,2026-02-07,42,quantile,0.975,854.0
2026-01-24,wk inc flu hosp,2,2026-02-07,42,quantile,0.99,909.0
2026-01-24,wk inc flu hosp,2,2026-02-07,44,quantile,0.01,0.0
2026-01-24,wk inc flu hosp,2,2026-02-07,44,quantile,0.025,1.0
2026-01-24,wk inc flu hosp,2,2026-02-07,44,quantile,0.05,3.0
2026-01-24,wk inc flu hosp,2,2026-02-07,44,quantile,0.1,7.0
2026-01-24,wk inc flu hosp,2,2026-02-07,44,quantile,0.15,7.0
2026-01-24,wk inc flu hosp,2,2026-02-07,44,quantile,0.2,8.0
2026-01-24,wk inc flu hosp,2,2026-02-07,44,quantile,0.25,8.0
2026-01-24,wk inc flu hosp,2,2026-02-07,44,quantile,0.3,8.0
2026-01-24,wk inc flu hosp,2,2026-02-07,44,quantile,0.35,9.0
2026-01-24,wk inc flu hosp,2,2026-02-07,44,quantile,0.4,9.0
2026-01-24,wk inc flu hosp,2,2026-02-07,44,quantile,0.45,10.0
2026-01-24,wk inc flu hosp,2,2026-02-07,44,quantile,0.5,11.0
2026-01-24,wk inc flu hosp,2,2026-02-07,44,quantile,0.55,12.0
2026-01-24,wk inc flu hosp,2,2026-02-07,44,quantile,0.6,13.0
2026-01-24,wk inc flu hosp,2,2026-02-07,44,quantile,0.65,13.0
2026-01-24,wk inc flu hosp,2,2026-02-07,44,quantile,0.7,14.0
2026-01-24,wk inc flu hosp,2,2026-02-07,44,quantile,0.75,14.0
2026-01-24,wk inc flu hosp,2,2026-02-07,44,quantile,0.8,15.0
2026-01-24,wk inc flu hosp,2,2026-02-07,44,quantile,0.85,15.0
2026-01-24,wk inc flu hosp,2,2026-02-07,44,quantile,0.9,15.0
2026-01-24,wk inc flu hosp,2,2026-02-07,44,quantile,0.95,17.0
2026-01-24,wk inc flu hosp,2,2026-02-07,44,quantile,0.975,20.0
2026-01-24,wk inc flu hosp,2,2026-02-07,44,quantile,0.99,23.0
2026-01-24,wk inc flu hosp,2,2026-02-07,45,quantile,0.01,4.0
2026-01-24,wk inc flu hosp,2,2026-02-07,45,quantile,0.025,8.0
2026-01-24,wk inc flu hosp,2,2026-02-07,45,quantile,0.05,11.0
2026-01-24,wk inc flu hosp,2,2026-02-07,45,quantile,0.1,31.0
2026-01-24,wk inc flu hosp,2,2026-02-07,45,quantile,0.15,46.0
2026-01-24,wk inc flu hosp,2,2026-02-07,45,quantile,0.2,57.0
2026-01-24,wk inc flu hosp,2,2026-02-07,45,quantile,0.25,67.0
2026-01-24,wk inc flu hosp,2,2026-02-07,45,quantile,0.3,77.0
2026-01-24,wk inc flu hosp,2,2026-02-07,45,quantile,0.35,85.0
2026-01-24,wk inc flu hosp,2,2026-02-07,45,quantile,0.4,90.0
2026-01-24,wk inc flu hosp,2,2026-02-07,45,quantile,0.45,94.0
2026-01-24,wk inc flu hosp,2,2026-02-07,45,quantile,0.5,99.0
2026-01-24,wk inc flu hosp,2,2026-02-07,45,quantile,0.55,103.0
2026-01-24,wk inc flu hosp,2,2026-02-07,45,quantile,0.6,106.0
2026-01-24,wk inc flu hosp,2,2026-02-07,45,quantile,0.65,112.0
2026-01-24,wk inc flu hosp,2,2026-02-07,45,quantile,0.7,115.0
2026-01-24,wk inc flu hosp,2,2026-02-07,45,quantile,0.75,120.0
2026-01-24,wk inc flu hosp,2,2026-02-07,45,quantile,0.8,125.0
2026-01-24,wk inc flu hosp,2,2026-02-07,45,quantile,0.85,132.0
2026-01-24,wk inc flu hosp,2,2026-02-07,45,quantile,0.9,142.0
2026-01-24,wk inc flu hosp,2,2026-02-07,45,quantile,0.95,158.0
2026-01-24,wk inc flu hosp,2,2026-02-07,45,quantile,0.975,173.0
2026-01-24,wk inc flu hosp,2,2026-02-07,45,quantile,0.99,188.0
2026-01-24,wk inc flu hosp,2,2026-02-07,46,quantile,0.01,10.0
2026-01-24,wk inc flu hosp,2,2026-02-07,46,quantile,0.025,13.0
2026-01-24,wk inc flu hosp,2,2026-02-07,46,quantile,0.05,16.0
2026-01-24,wk inc flu hosp,2,2026-02-07,46,quantile,0.1,20.0
2026-01-24,wk inc flu hosp,2,2026-02-07,46,quantile,0.15,23.0
2026-01-24,wk inc flu hosp,2,2026-02-07,46,quantile,0.2,26.0
2026-01-24,wk inc flu hosp,2,2026-02-07,46,quantile,0.25,28.0
2026-01-24,wk inc flu hosp,2,2026-02-07,46,quantile,0.3,30.0
2026-01-24,wk inc flu hosp,2,2026-02-07,46,quantile,0.35,32.0
2026-01-24,wk inc flu hosp,2,2026-02-07,46,quantile,0.4,35.0
2026-01-24,wk inc flu hosp,2,2026-02-07,46,quantile,0.45,37.0
2026-01-24,wk inc flu hosp,2,2026-02-07,46,quantile,0.5,39.0
2026-01-24,wk inc flu hosp,2,2026-02-07,46,quantile,0.55,42.0
2026-01-24,wk inc flu hosp,2,2026-02-07,46,quantile,0.6,45.0
2026-01-24,wk inc flu hosp,2,2026-02-07,46,quantile,0.65,48.0
2026-01-24,wk inc flu hosp,2,2026-02-07,46,quantile,0.7,53.0
2026-01-24,wk inc flu hosp,2,2026-02-07,46,quantile,0.75,57.0
2026-01-24,wk inc flu hosp,2,2026-02-07,46,quantile,0.8,59.0
2026-01-24,wk inc flu hosp,2,2026-02-07,46,quantile,0.85,61.0
2026-01-24,wk inc flu hosp,2,2026-02-07,46,quantile,0.9,64.0
2026-01-24,wk inc flu hosp,2,2026-02-07,46,quantile,0.95,69.0
2026-01-24,wk inc flu hosp,2,2026-02-07,46,quantile,0.975,72.0
2026-01-24,wk inc flu hosp,2,2026-02-07,46,quantile,0.99,76.0
2026-01-24,wk inc flu hosp,2,2026-02-07,47,quantile,0.01,8.0
2026-01-24,wk inc flu hosp,2,2026-02-07,47,quantile,0.025,9.0
2026-01-24,wk inc flu hosp,2,2026-02-07,47,quantile,0.05,11.0
2026-01-24,wk inc flu hosp,2,2026-02-07,47,quantile,0.1,18.0
2026-01-24,wk inc flu hosp,2,2026-02-07,47,quantile,0.15,37.0
2026-01-24,wk inc flu hosp,2,2026-02-07,47,quantile,0.2,49.0
2026-01-24,wk inc flu hosp,2,2026-02-07,47,quantile,0.25,60.0
2026-01-24,wk inc flu hosp,2,2026-02-07,47,quantile,0.3,74.0
2026-01-24,wk inc flu hosp,2,2026-02-07,47,quantile,0.35,82.0
2026-01-24,wk inc flu hosp,2,2026-02-07,47,quantile,0.4,91.0
2026-01-24,wk inc flu hosp,2,2026-02-07,47,quantile,0.45,98.0
2026-01-24,wk inc flu hosp,2,2026-02-07,47,quantile,0.5,104.0
2026-01-24,wk inc flu hosp,2,2026-02-07,47,quantile,0.55,109.0
2026-01-24,wk inc flu hosp,2,2026-02-07,47,quantile,0.6,113.0
2026-01-24,wk inc flu hosp,2,2026-02-07,47,quantile,0.65,119.0
2026-01-24,wk inc flu hosp,2,2026-02-07,47,quantile,0.7,123.0
2026-01-24,wk inc flu hosp,2,2026-02-07,47,quantile,0.75,130.0
2026-01-24,wk inc flu hosp,2,2026-02-07,47,quantile,0.8,136.0
2026-01-24,wk inc flu hosp,2,2026-02-07,47,quantile,0.85,144.0
2026-01-24,wk inc flu hosp,2,2026-02-07,47,quantile,0.9,156.0
2026-01-24,wk inc flu hosp,2,2026-02-07,47,quantile,0.95,177.0
2026-01-24,wk inc flu hosp,2,2026-02-07,47,quantile,0.975,199.0
2026-01-24,wk inc flu hosp,2,2026-02-07,47,quantile,0.99,225.0
2026-01-24,wk inc flu hosp,2,2026-02-07,48,quantile,0.01,62.0
2026-01-24,wk inc flu hosp,2,2026-02-07,48,quantile,0.025,130.0
2026-01-24,wk inc flu hosp,2,2026-02-07,48,quantile,0.05,201.0
2026-01-24,wk inc flu hosp,2,2026-02-07,48,quantile,0.1,392.0
2026-01-24,wk inc flu hosp,2,2026-02-07,48,quantile,0.15,523.0
2026-01-24,wk inc flu hosp,2,2026-02-07,48,quantile,0.2,632.0
2026-01-24,wk inc flu hosp,2,2026-02-07,48,quantile,0.25,715.0
2026-01-24,wk inc flu hosp,2,2026-02-07,48,quantile,0.3,746.0
2026-01-24,wk inc flu hosp,2,2026-02-07,48,quantile,0.35,782.0
2026-01-24,wk inc flu hosp,2,2026-02-07,48,quantile,0.4,820.0
2026-01-24,wk inc flu hosp,2,2026-02-07,48,quantile,0.45,857.0
2026-01-24,wk inc flu hosp,2,2026-02-07,48,quantile,0.5,896.0
2026-01-24,wk inc flu hosp,2,2026-02-07,48,quantile,0.55,940.0
2026-01-24,wk inc flu hosp,2,2026-02-07,48,quantile,0.6,969.0
2026-01-24,wk inc flu hosp,2,2026-02-07,48,quantile,0.65,1015.0
2026-01-24,wk inc flu hosp,2,2026-02-07,48,quantile,0.7,1063.0
2026-01-24,wk inc flu hosp,2,2026-02-07,48,quantile,0.75,1121.0
2026-01-24,wk inc flu hosp,2,2026-02-07,48,quantile,0.8,1191.0
2026-01-24,wk inc flu hosp,2,2026-02-07,48,quantile,0.85,1277.0
2026-01-24,wk inc flu hosp,2,2026-02-07,48,quantile,0.9,1390.0
2026-01-24,wk inc flu hosp,2,2026-02-07,48,quantile,0.95,1585.0
2026-01-24,wk inc flu hosp,2,2026-02-07,48,quantile,0.975,1739.0
2026-01-24,wk inc flu hosp,2,2026-02-07,48,quantile,0.99,1851.0
2026-01-24,wk inc flu hosp,2,2026-02-07,49,quantile,0.01,16.0
2026-01-24,wk inc flu hosp,2,2026-02-07,49,quantile,0.025,19.0
2026-01-24,wk inc flu hosp,2,2026-02-07,49,quantile,0.05,26.0
2026-01-24,wk inc flu hosp,2,2026-02-07,49,quantile,0.1,42.0
2026-01-24,wk inc flu hosp,2,2026-02-07,49,quantile,0.15,52.0
2026-01-24,wk inc flu hosp,2,2026-02-07,49,quantile,0.2,60.0
2026-01-24,wk inc flu hosp,2,2026-02-07,49,quantile,0.25,68.0
2026-01-24,wk inc flu hosp,2,2026-02-07,49,quantile,0.3,72.0
2026-01-24,wk inc flu hosp,2,2026-02-07,49,quantile,0.35,79.0
2026-01-24,wk inc flu hosp,2,2026-02-07,49,quantile,0.4,86.0
2026-01-24,wk inc flu hosp,2,2026-02-07,49,quantile,0.45,92.0
2026-01-24,wk inc flu hosp,2,2026-02-07,49,quantile,0.5,97.0
2026-01-24,wk inc flu hosp,2,2026-02-07,49,quantile,0.55,104.0
2026-01-24,wk inc flu hosp,2,2026-02-07,49,quantile,0.6,108.0
2026-01-24,wk inc flu hosp,2,2026-02-07,49,quantile,0.65,115.0
2026-01-24,wk inc flu hosp,2,2026-02-07,49,quantile,0.7,121.0
2026-01-24,wk inc flu hosp,2,2026-02-07,49,quantile,0.75,127.0
2026-01-24,wk inc flu hosp,2,2026-02-07,49,quantile,0.8,133.0
2026-01-24,wk inc flu hosp,2,2026-02-07,49,quantile,0.85,142.0
2026-01-24,wk inc flu hosp,2,2026-02-07,49,quantile,0.9,151.0
2026-01-24,wk inc flu hosp,2,2026-02-07,49,quantile,0.95,166.0
2026-01-24,wk inc flu hosp,2,2026-02-07,49,quantile,0.975,181.0
2026-01-24,wk inc flu hosp,2,2026-02-07,49,quantile,0.99,194.0
2026-01-24,wk inc flu hosp,2,2026-02-07,50,quantile,0.01,5.0
2026-01-24,wk inc flu hosp,2,2026-02-07,50,quantile,0.025,5.0
2026-01-24,wk inc flu hosp,2,2026-02-07,50,quantile,0.05,8.0
2026-01-24,wk inc flu hosp,2,2026-02-07,50,quantile,0.1,12.0
2026-01-24,wk inc flu hosp,2,2026-02-07,50,quantile,0.15,15.0
2026-01-24,wk inc flu hosp,2,2026-02-07,50,quantile,0.2,17.0
2026-01-24,wk inc flu hosp,2,2026-02-07,50,quantile,0.25,19.0
2026-01-24,wk inc flu hosp,2,2026-02-07,50,quantile,0.3,21.0
2026-01-24,wk inc flu hosp,2,2026-02-07,50,quantile,0.35,22.0
2026-01-24,wk inc flu hosp,2,2026-02-07,50,quantile,0.4,24.0
2026-01-24,wk inc flu hosp,2,2026-02-07,50,quantile,0.45,25.0
2026-01-24,wk inc flu hosp,2,2026-02-07,50,quantile,0.5,27.0
2026-01-24,wk inc flu hosp,2,2026-02-07,50,quantile,0.55,29.0
2026-01-24,wk inc flu hosp,2,2026-02-07,50,quantile,0.6,30.0
2026-01-24,wk inc flu hosp,2,2026-02-07,50,quantile,0.65,32.0
2026-01-24,wk inc flu hosp,2,2026-02-07,50,quantile,0.7,33.0
2026-01-24,wk inc flu hosp,2,2026-02-07,50,quantile,0.75,35.0
2026-01-24,wk inc flu hosp,2,2026-02-07,50,quantile,0.8,37.0
2026-01-24,wk inc flu hosp,2,2026-02-07,50,quantile,0.85,39.0
2026-01-24,wk inc flu hosp,2,2026-02-07,50,quantile,0.9,42.0
2026-01-24,wk inc flu hosp,2,2026-02-07,50,quantile,0.95,47.0
2026-01-24,wk inc flu hosp,2,2026-02-07,50,quantile,0.975,50.0
2026-01-24,wk inc flu hosp,2,2026-02-07,50,quantile,0.99,53.0
2026-01-24,wk inc flu hosp,2,2026-02-07,51,quantile,0.01,0.0
2026-01-24,wk inc flu hosp,2,2026-02-07,51,quantile,0.025,2.0
2026-01-24,wk inc flu hosp,2,2026-02-07,51,quantile,0.05,29.0
2026-01-24,wk inc flu hosp,2,2026-02-07,51,quantile,0.1,60.0
2026-01-24,wk inc flu hosp,2,2026-02-07,51,quantile,0.15,78.0
2026-01-24,wk inc flu hosp,2,2026-02-07,51,quantile,0.2,86.0
2026-01-24,wk inc flu hosp,2,2026-02-07,51,quantile,0.25,97.0
2026-01-24,wk inc flu hosp,2,2026-02-07,51,quantile,0.3,113.0
2026-01-24,wk inc flu hosp,2,2026-02-07,51,quantile,0.35,129.0
2026-01-24,wk inc flu hosp,2,2026-02-07,51,quantile,0.4,149.0
2026-01-24,wk inc flu hosp,2,2026-02-07,51,quantile,0.45,183.0
2026-01-24,wk inc flu hosp,2,2026-02-07,51,quantile,0.5,209.0
2026-01-24,wk inc flu hosp,2,2026-02-07,51,quantile,0.55,242.0
2026-01-24,wk inc flu hosp,2,2026-02-07,51,quantile,0.6,263.0
2026-01-24,wk inc flu hosp,2,2026-02-07,51,quantile,0.65,286.0
2026-01-24,wk inc flu hosp,2,2026-02-07,51,quantile,0.7,315.0
2026-01-24,wk inc flu hosp,2,2026-02-07,51,quantile,0.75,335.0
2026-01-24,wk inc flu hosp,2,2026-02-07,51,quantile,0.8,358.0
2026-01-24,wk inc flu hosp,2,2026-02-07,51,quantile,0.85,392.0
2026-01-24,wk inc flu hosp,2,2026-02-07,51,quantile,0.9,429.0
2026-01-24,wk inc flu hosp,2,2026-02-07,51,quantile,0.95,497.0
2026-01-24,wk inc flu hosp,2,2026-02-07,51,quantile,0.975,559.0
2026-01-24,wk inc flu hosp,2,2026-02-07,51,quantile,0.99,607.0
2026-01-24,wk inc flu hosp,2,2026-02-07,53,quantile,0.01,53.0
2026-01-24,wk inc flu hosp,2,2026-02-07,53,quantile,0.025,90.0
2026-01-24,wk inc flu hosp,2,2026-02-07,53,quantile,0.05,121.0
2026-01-24,wk inc flu hosp,2,2026-02-07,53,quantile,0.1,152.0
2026-01-24,wk inc flu hosp,2,2026-02-07,53,quantile,0.15,169.0
2026-01-24,wk inc flu hosp,2,2026-02-07,53,quantile,0.2,182.0
2026-01-24,wk inc flu hosp,2,2026-02-07,53,quantile,0.25,195.0
2026-01-24,wk inc flu hosp,2,2026-02-07,53,quantile,0.3,205.0
2026-01-24,wk inc flu hosp,2,2026-02-07,53,quantile,0.35,217.0
2026-01-24,wk inc flu hosp,2,2026-02-07,53,quantile,0.4,228.0
2026-01-24,wk inc flu hosp,2,2026-02-07,53,quantile,0.45,238.0
2026-01-24,wk inc flu hosp,2,2026-02-07,53,quantile,0.5,246.0
2026-01-24,wk inc flu hosp,2,2026-02-07,53,quantile,0.55,254.0
2026-01-24,wk inc flu hosp,2,2026-02-07,53,quantile,0.6,262.0
2026-01-24,wk inc flu hosp,2,2026-02-07,53,quantile,0.65,275.0
2026-01-24,wk inc flu hosp,2,2026-02-07,53,quantile,0.7,287.0
2026-01-24,wk inc flu hosp,2,2026-02-07,53,quantile,0.75,299.0
2026-01-24,wk inc flu hosp,2,2026-02-07,53,quantile,0.8,311.0
2026-01-24,wk inc flu hosp,2,2026-02-07,53,quantile,0.85,324.0
2026-01-24,wk inc flu hosp,2,2026-02-07,53,quantile,0.9,342.0
2026-01-24,wk inc flu hosp,2,2026-02-07,53,quantile,0.95,367.0
2026-01-24,wk inc flu hosp,2,2026-02-07,53,quantile,0.975,393.0
2026-01-24,wk inc flu hosp,2,2026-02-07,53,quantile,0.99,415.0
2026-01-24,wk inc flu hosp,2,2026-02-07,54,quantile,0.01,11.0
2026-01-24,wk inc flu hosp,2,2026-02-07,54,quantile,0.025,14.0
2026-01-24,wk inc flu hosp,2,2026-02-07,54,quantile,0.05,18.0
2026-01-24,wk inc flu hosp,2,2026-02-07,54,quantile,0.1,25.0
2026-01-24,wk inc flu hosp,2,2026-02-07,54,quantile,0.15,33.0
2026-01-24,wk inc flu hosp,2,2026-02-07,54,quantile,0.2,40.0
2026-01-24,wk inc flu hosp,2,2026-02-07,54,quantile,0.25,47.0
2026-01-24,wk inc flu hosp,2,2026-02-07,54,quantile,0.3,54.0
2026-01-24,wk inc flu hosp,2,2026-02-07,54,quantile,0.35,60.0
2026-01-24,wk inc flu hosp,2,2026-02-07,54,quantile,0.4,65.0
2026-01-24,wk inc flu hosp,2,2026-02-07,54,quantile,0.45,68.0
2026-01-24,wk inc flu hosp,2,2026-02-07,54,quantile,0.5,70.0
2026-01-24,wk inc flu hosp,2,2026-02-07,54,quantile,0.55,71.0
2026-01-24,wk inc flu hosp,2,2026-02-07,54,quantile,0.6,73.0
2026-01-24,wk inc flu hosp,2,2026-02-07,54,quantile,0.65,75.0
2026-01-24,wk inc flu hosp,2,2026-02-07,54,quantile,0.7,77.0
2026-01-24,wk inc flu hosp,2,2026-02-07,54,quantile,0.75,79.0
2026-01-24,wk inc flu hosp,2,2026-02-07,54,quantile,0.8,81.0
2026-01-24,wk inc flu hosp,2,2026-02-07,54,quantile,0.85,84.0
2026-01-24,wk inc flu hosp,2,2026-02-07,54,quantile,0.9,88.0
2026-01-24,wk inc flu hosp,2,2026-02-07,54,quantile,0.95,100.0
2026-01-24,wk inc flu hosp,2,2026-02-07,54,quantile,0.975,109.0
2026-01-24,wk inc flu hosp,2,2026-02-07,54,quantile,0.99,131.0
2026-01-24,wk inc flu hosp,2,2026-02-07,55,quantile,0.01,34.0
2026-01-24,wk inc flu hosp,2,2026-02-07,55,quantile,0.025,59.0
2026-01-24,wk inc flu hosp,2,2026-02-07,55,quantile,0.05,79.0
2026-01-24,wk inc flu hosp,2,2026-02-07,55,quantile,0.1,105.0
2026-01-24,wk inc flu hosp,2,2026-02-07,55,quantile,0.15,121.0
2026-01-24,wk inc flu hosp,2,2026-02-07,55,quantile,0.2,140.0
2026-01-24,wk inc flu hosp,2,2026-02-07,55,quantile,0.25,155.0
2026-01-24,wk inc flu hosp,2,2026-02-07,55,quantile,0.3,167.0
2026-01-24,wk inc flu hosp,2,2026-02-07,55,quantile,0.35,183.0
2026-01-24,wk inc flu hosp,2,2026-02-07,55,quantile,0.4,196.0
2026-01-24,wk inc flu hosp,2,2026-02-07,55,quantile,0.45,210.0
2026-01-24,wk inc flu hosp,2,2026-02-07,55,quantile,0.5,216.0
2026-01-24,wk inc flu hosp,2,2026-02-07,55,quantile,0.55,224.0
2026-01-24,wk inc flu hosp,2,2026-02-07,55,quantile,0.6,228.0
2026-01-24,wk inc flu hosp,2,2026-02-07,55,quantile,0.65,235.0
2026-01-24,wk inc flu hosp,2,2026-02-07,55,quantile,0.7,238.0
2026-01-24,wk inc flu hosp,2,2026-02-07,55,quantile,0.75,244.0
2026-01-24,wk inc flu hosp,2,2026-02-07,55,quantile,0.8,249.0
2026-01-24,wk inc flu hosp,2,2026-02-07,55,quantile,0.85,254.0
2026-01-24,wk inc flu hosp,2,2026-02-07,55,quantile,0.9,261.0
2026-01-24,wk inc flu hosp,2,2026-02-07,55,quantile,0.95,273.0
2026-01-24,wk inc flu hosp,2,2026-02-07,55,quantile,0.975,292.0
2026-01-24,wk inc flu hosp,2,2026-02-07,55,quantile,0.99,318.0
2026-01-24,wk inc flu hosp,2,2026-02-07,56,quantile,0.01,1.0
2026-01-24,wk inc flu hosp,2,2026-02-07,56,quantile,0.025,1.0
2026-01-24,wk inc flu hosp,2,2026-02-07,56,quantile,0.05,1.0
2026-01-24,wk inc flu hosp,2,2026-02-07,56,quantile,0.1,3.0
2026-01-24,wk inc flu hosp,2,2026-02-07,56,quantile,0.15,4.0
2026-01-24,wk inc flu hosp,2,2026-02-07,56,quantile,0.2,5.0
2026-01-24,wk inc flu hosp,2,2026-02-07,56,quantile,0.25,6.0
2026-01-24,wk inc flu hosp,2,2026-02-07,56,quantile,0.3,6.0
2026-01-24,wk inc flu hosp,2,2026-02-07,56,quantile,0.35,7.0
2026-01-24,wk inc flu hosp,2,2026-02-07,56,quantile,0.4,8.0
2026-01-24,wk inc flu hosp,2,2026-02-07,56,quantile,0.45,9.0
2026-01-24,wk inc flu hosp,2,2026-02-07,56,quantile,0.5,9.0
2026-01-24,wk inc flu hosp,2,2026-02-07,56,quantile,0.55,10.0
2026-01-24,wk inc flu hosp,2,2026-02-07,56,quantile,0.6,10.0
2026-01-24,wk inc flu hosp,2,2026-02-07,56,quantile,0.65,11.0
2026-01-24,wk inc flu hosp,2,2026-02-07,56,quantile,0.7,11.0
2026-01-24,wk inc flu hosp,2,2026-02-07,56,quantile,0.75,12.0
2026-01-24,wk inc flu hosp,2,2026-02-07,56,quantile,0.8,12.0
2026-01-24,wk inc flu hosp,2,2026-02-07,56,quantile,0.85,13.0
2026-01-24,wk inc flu hosp,2,2026-02-07,56,quantile,0.9,14.0
2026-01-24,wk inc flu hosp,2,2026-02-07,56,quantile,0.95,16.0
2026-01-24,wk inc flu hosp,2,2026-02-07,56,quantile,0.975,18.0
2026-01-24,wk inc flu hosp,2,2026-02-07,56,quantile,0.99,19.0
2026-01-24,wk inc flu hosp,2,2026-02-07,US,quantile,0.01,894.0
2026-01-24,wk inc flu hosp,2,2026-02-07,US,quantile,0.025,961.0
2026-01-24,wk inc flu hosp,2,2026-02-07,US,quantile,0.05,1048.0
2026-01-24,wk inc flu hosp,2,2026-02-07,US,quantile,0.1,1171.0
2026-01-24,wk inc flu hosp,2,2026-02-07,US,quantile,0.15,1247.0
2026-01-24,wk inc flu hosp,2,2026-02-07,US,quantile,0.2,1305.0
2026-01-24,wk inc flu hosp,2,2026-02-07,US,quantile,0.25,1376.0
2026-01-24,wk inc flu hosp,2,2026-02-07,US,quantile,0.3,1466.0
2026-01-24,wk inc flu hosp,2,2026-02-07,US,quantile,0.35,1537.0
2026-01-24,wk inc flu hosp,2,2026-02-07,US,quantile,0.4,1624.0
2026-01-24,wk inc flu hosp,2,2026-02-07,US,quantile,0.45,1731.0
2026-01-24,wk inc flu hosp,2,2026-02-07,US,quantile,0.5,1834.0
2026-01-24,wk inc flu hosp,2,2026-02-07,US,quantile,0.55,1976.0
2026-01-24,wk inc flu hosp,2,2026-02-07,US,quantile,0.6,2106.0
2026-01-24,wk inc flu hosp,2,2026-02-07,US,quantile,0.65,2278.0
2026-01-24,wk inc flu hosp,2,2026-02-07,US,quantile,0.7,2714.0
2026-01-24,wk inc flu hosp,2,2026-02-07,US,quantile,0.75,3048.0
2026-01-24,wk inc flu hosp,2,2026-02-07,US,quantile,0.8,3632.0
2026-01-24,wk inc flu hosp,2,2026-02-07,US,quantile,0.85,4437.0
2026-01-24,wk inc flu hosp,2,2026-02-07,US,quantile,0.9,5927.0
2026-01-24,wk inc flu hosp,2,2026-02-07,US,quantile,0.95,8173.0
2026-01-24,wk inc flu hosp,2,2026-02-07,US,quantile,0.975,10306.0
2026-01-24,wk inc flu hosp,2,2026-02-07,US,quantile,0.99,12236.0
2026-01-24,wk inc flu hosp,3,2026-02-14,01,quantile,0.01,0.0
2026-01-24,wk inc flu hosp,3,2026-02-14,01,quantile,0.025,0.0
2026-01-24,wk inc flu hosp,3,2026-02-14,01,quantile,0.05,0.0
2026-01-24,wk inc flu hosp,3,2026-02-14,01,quantile,0.1,4.0
2026-01-24,wk inc flu hosp,3,2026-02-14,01,quantile,0.15,6.0
2026-01-24,wk inc flu hosp,3,2026-02-14,01,quantile,0.2,7.0
2026-01-24,wk inc flu hosp,3,2026-02-14,01,quantile,0.25,11.0
2026-01-24,wk inc flu hosp,3,2026-02-14,01,quantile,0.3,19.0
2026-01-24,wk inc flu hosp,3,2026-02-14,01,quantile,0.35,25.0
2026-01-24,wk inc flu hosp,3,2026-02-14,01,quantile,0.4,32.0
2026-01-24,wk inc flu hosp,3,2026-02-14,01,quantile,0.45,38.0
2026-01-24,wk inc flu hosp,3,2026-02-14,01,quantile,0.5,44.0
2026-01-24,wk inc flu hosp,3,2026-02-14,01,quantile,0.55,51.0
2026-01-24,wk inc flu hosp,3,2026-02-14,01,quantile,0.6,58.0
2026-01-24,wk inc flu hosp,3,2026-02-14,01,quantile,0.65,66.0
2026-01-24,wk inc flu hosp,3,2026-02-14,01,quantile,0.7,73.0
2026-01-24,wk inc flu hosp,3,2026-02-14,01,quantile,0.75,82.0
2026-01-24,wk inc flu hosp,3,2026-02-14,01,quantile,0.8,90.0
2026-01-24,wk inc flu hosp,3,2026-02-14,01,quantile,0.85,98.0
2026-01-24,wk inc flu hosp,3,2026-02-14,01,quantile,0.9,110.0
2026-01-24,wk inc flu hosp,3,2026-02-14,01,quantile,0.95,129.0
2026-01-24,wk inc flu hosp,3,2026-02-14,01,quantile,0.975,147.0
2026-01-24,wk inc flu hosp,3,2026-02-14,01,quantile,0.99,166.0
2026-01-24,wk inc flu hosp,3,2026-02-14,02,quantile,0.01,2.0
2026-01-24,wk inc flu hosp,3,2026-02-14,02,quantile,0.025,4.0
2026-01-24,wk inc flu hosp,3,2026-02-14,02,quantile,0.05,6.0
2026-01-24,wk inc flu hosp,3,2026-02-14,02,quantile,0.1,9.0
2026-01-24,wk inc flu hosp,3,2026-02-14,02,quantile,0.15,11.0
2026-01-24,wk inc flu hosp,3,2026-02-14,02,quantile,0.2,12.0
2026-01-24,wk inc flu hosp,3,2026-02-14,02,quantile,0.25,13.0
2026-01-24,wk inc flu hosp,3,2026-02-14,02,quantile,0.3,14.0
2026-01-24,wk inc flu hosp,3,2026-02-14,02,quantile,0.35,15.0
2026-01-24,wk inc flu hosp,3,2026-02-14,02,quantile,0.4,16.0
2026-01-24,wk inc flu hosp,3,2026-02-14,02,quantile,0.45,17.0
2026-01-24,wk inc flu hosp,3,2026-02-14,02,quantile,0.5,18.0
2026-01-24,wk inc flu hosp,3,2026-02-14,02,quantile,0.55,19.0
2026-01-24,wk inc flu hosp,3,2026-02-14,02,quantile,0.6,20.0
2026-01-24,wk inc flu hosp,3,2026-02-14,02,quantile,0.65,21.0
2026-01-24,wk inc flu hosp,3,2026-02-14,02,quantile,0.7,22.0
2026-01-24,wk inc flu hosp,3,2026-02-14,02,quantile,0.75,23.0
2026-01-24,wk inc flu hosp,3,2026-02-14,02,quantile,0.8,24.0
2026-01-24,wk inc flu hosp,3,2026-02-14,02,quantile,0.85,26.0
2026-01-24,wk inc flu hosp,3,2026-02-14,02,quantile,0.9,27.0
2026-01-24,wk inc flu hosp,3,2026-02-14,02,quantile,0.95,31.0
2026-01-24,wk inc flu hosp,3,2026-02-14,02,quantile,0.975,33.0
2026-01-24,wk inc flu hosp,3,2026-02-14,02,quantile,0.99,36.0
2026-01-24,wk inc flu hosp,3,2026-02-14,04,quantile,0.01,0.0
2026-01-24,wk inc flu hosp,3,2026-02-14,04,quantile,0.025,0.0
2026-01-24,wk inc flu hosp,3,2026-02-14,04,quantile,0.05,0.0
2026-01-24,wk inc flu hosp,3,2026-02-14,04,quantile,0.1,2.0
2026-01-24,wk inc flu hosp,3,2026-02-14,04,quantile,0.15,16.0
2026-01-24,wk inc flu hosp,3,2026-02-14,04,quantile,0.2,24.0
2026-01-24,wk inc flu hosp,3,2026-02-14,04,quantile,0.25,30.0
2026-01-24,wk inc flu hosp,3,2026-02-14,04,quantile,0.3,35.0
2026-01-24,wk inc flu hosp,3,2026-02-14,04,quantile,0.35,41.0
2026-01-24,wk inc flu hosp,3,2026-02-14,04,quantile,0.4,46.0
2026-01-24,wk inc flu hosp,3,2026-02-14,04,quantile,0.45,51.0
2026-01-24,wk inc flu hosp,3,2026-02-14,04,quantile,0.5,55.0
2026-01-24,wk inc flu hosp,3,2026-02-14,04,quantile,0.55,60.0
2026-01-24,wk inc flu hosp,3,2026-02-14,04,quantile,0.6,64.0
2026-01-24,wk inc flu hosp,3,2026-02-14,04,quantile,0.65,70.0
2026-01-24,wk inc flu hosp,3,2026-02-14,04,quantile,0.7,75.0
2026-01-24,wk inc flu hosp,3,2026-02-14,04,quantile,0.75,82.0
2026-01-24,wk inc flu hosp,3,2026-02-14,04,quantile,0.8,88.0
2026-01-24,wk inc flu hosp,3,2026-02-14,04,quantile,0.85,95.0
2026-01-24,wk inc flu hosp,3,2026-02-14,04,quantile,0.9,105.0
2026-01-24,wk inc flu hosp,3,2026-02-14,04,quantile,0.95,120.0
2026-01-24,wk inc flu hosp,3,2026-02-14,04,quantile,0.975,136.0
2026-01-24,wk inc flu hosp,3,2026-02-14,04,quantile,0.99,153.0
2026-01-24,wk inc flu hosp,3,2026-02-14,05,quantile,0.01,0.0
2026-01-24,wk inc flu hosp,3,2026-02-14,05,quantile,0.025,2.0
2026-01-24,wk inc flu hosp,3,2026-02-14,05,quantile,0.05,10.0
2026-01-24,wk inc flu hosp,3,2026-02-14,05,quantile,0.1,18.0
2026-01-24,wk inc flu hosp,3,2026-02-14,05,quantile,0.15,24.0
2026-01-24,wk inc flu hosp,3,2026-02-14,05,quantile,0.2,28.0
2026-01-24,wk inc flu hosp,3,2026-02-14,05,quantile,0.25,32.0
2026-01-24,wk inc flu hosp,3,2026-02-14,05,quantile,0.3,36.0
2026-01-24,wk inc flu hosp,3,2026-02-14,05,quantile,0.35,39.0
2026-01-24,wk inc flu hosp,3,2026-02-14,05,quantile,0.4,42.0
2026-01-24,wk inc flu hosp,3,2026-02-14,05,quantile,0.45,44.0
2026-01-24,wk inc flu hosp,3,2026-02-14,05,quantile,0.5,47.0
2026-01-24,wk inc flu hosp,3,2026-02-14,05,quantile,0.55,50.0
2026-01-24,wk inc flu hosp,3,2026-02-14,05,quantile,0.6,52.0
2026-01-24,wk inc flu hosp,3,2026-02-14,05,quantile,0.65,56.0
2026-01-24,wk inc flu hosp,3,2026-02-14,05,quantile,0.7,59.0
2026-01-24,wk inc flu hosp,3,2026-02-14,05,quantile,0.75,63.0
2026-01-24,wk inc flu hosp,3,2026-02-14,05,quantile,0.8,66.0
2026-01-24,wk inc flu hosp,3,2026-02-14,05,quantile,0.85,70.0
2026-01-24,wk inc flu hosp,3,2026-02-14,05,quantile,0.9,75.0
2026-01-24,wk inc flu hosp,3,2026-02-14,05,quantile,0.95,83.0
2026-01-24,wk inc flu hosp,3,2026-02-14,05,quantile,0.975,92.0
2026-01-24,wk inc flu hosp,3,2026-02-14,05,quantile,0.99,104.0
2026-01-24,wk inc flu hosp,3,2026-02-14,06,quantile,0.01,111.0
2026-01-24,wk inc flu hosp,3,2026-02-14,06,quantile,0.025,167.0
2026-01-24,wk inc flu hosp,3,2026-02-14,06,quantile,0.05,262.0
2026-01-24,wk inc flu hosp,3,2026-02-14,06,quantile,0.1,369.0
2026-01-24,wk inc flu hosp,3,2026-02-14,06,quantile,0.15,441.0
2026-01-24,wk inc flu hosp,3,2026-02-14,06,quantile,0.2,494.0
2026-01-24,wk inc flu hosp,3,2026-02-14,06,quantile,0.25,540.0
2026-01-24,wk inc flu hosp,3,2026-02-14,06,quantile,0.3,578.0
2026-01-24,wk inc flu hosp,3,2026-02-14,06,quantile,0.35,603.0
2026-01-24,wk inc flu hosp,3,2026-02-14,06,quantile,0.4,628.0
2026-01-24,wk inc flu hosp,3,2026-02-14,06,quantile,0.45,651.0
2026-01-24,wk inc flu hosp,3,2026-02-14,06,quantile,0.5,679.0
2026-01-24,wk inc flu hosp,3,2026-02-14,06,quantile,0.55,707.0
2026-01-24,wk inc flu hosp,3,2026-02-14,06,quantile,0.6,738.0
2026-01-24,wk inc flu hosp,3,2026-02-14,06,quantile,0.65,776.0
2026-01-24,wk inc flu hosp,3,2026-02-14,06,quantile,0.7,814.0
2026-01-24,wk inc flu hosp,3,2026-02-14,06,quantile,0.75,858.0
2026-01-24,wk inc flu hosp,3,2026-02-14,06,quantile,0.8,909.0
2026-01-24,wk inc flu hosp,3,2026-02-14,06,quantile,0.85,978.0
2026-01-24,wk inc flu hosp,3,2026-02-14,06,quantile,0.9,1066.0
2026-01-24,wk inc flu hosp,3,2026-02-14,06,quantile,0.95,1261.0
2026-01-24,wk inc flu hosp,3,2026-02-14,06,quantile,0.975,1378.0
2026-01-24,wk inc flu hosp,3,2026-02-14,06,quantile,0.99,1463.0
2026-01-24,wk inc flu hosp,3,2026-02-14,08,quantile,0.01,0.0
2026-01-24,wk inc flu hosp,3,2026-02-14,08,quantile,0.025,7.0
2026-01-24,wk inc flu hosp,3,2026-02-14,08,quantile,0.05,13.0
2026-01-24,wk inc flu hosp,3,2026-02-14,08,quantile,0.1,22.0
2026-01-24,wk inc flu hosp,3,2026-02-14,08,quantile,0.15,28.0
2026-01-24,wk inc flu hosp,3,2026-02-14,08,quantile,0.2,32.0
2026-01-24,wk inc flu hosp,3,2026-02-14,08,quantile,0.25,35.0
2026-01-24,wk inc flu hosp,3,2026-02-14,08,quantile,0.3,38.0
2026-01-24,wk inc flu hosp,3,2026-02-14,08,quantile,0.35,42.0
2026-01-24,wk inc flu hosp,3,2026-02-14,08,quantile,0.4,44.0
2026-01-24,wk inc flu hosp,3,2026-02-14,08,quantile,0.45,47.0
2026-01-24,wk inc flu hosp,3,2026-02-14,08,quantile,0.5,50.0
2026-01-24,wk inc flu hosp,3,2026-02-14,08,quantile,0.55,53.0
2026-01-24,wk inc flu hosp,3,2026-02-14,08,quantile,0.6,56.0
2026-01-24,wk inc flu hosp,3,2026-02-14,08,quantile,0.65,59.0
2026-01-24,wk inc flu hosp,3,2026-02-14,08,quantile,0.7,63.0
2026-01-24,wk inc flu hosp,3,2026-02-14,08,quantile,0.75,66.0
2026-01-24,wk inc flu hosp,3,2026-02-14,08,quantile,0.8,69.0
2026-01-24,wk inc flu hosp,3,2026-02-14,08,quantile,0.85,73.0
2026-01-24,wk inc flu hosp,3,2026-02-14,08,quantile,0.9,80.0
2026-01-24,wk inc flu hosp,3,2026-02-14,08,quantile,0.95,86.0
2026-01-24,wk inc flu hosp,3,2026-02-14,08,quantile,0.975,95.0
2026-01-24,wk inc flu hosp,3,2026-02-14,08,quantile,0.99,104.0
2026-01-24,wk inc flu hosp,3,2026-02-14,09,quantile,0.01,3.0
2026-01-24,wk inc flu hosp,3,2026-02-14,09,quantile,0.025,3.0
2026-01-24,wk inc flu hosp,3,2026-02-14,09,quantile,0.05,3.0
2026-01-24,wk inc flu hosp,3,2026-02-14,09,quantile,0.1,3.0
2026-01-24,wk inc flu hosp,3,2026-02-14,09,quantile,0.15,3.0
2026-01-24,wk inc flu hosp,3,2026-02-14,09,quantile,0.2,3.0
2026-01-24,wk inc flu hosp,3,2026-02-14,09,quantile,0.25,3.0
2026-01-24,wk inc flu hosp,3,2026-02-14,09,quantile,0.3,4.0
2026-01-24,wk inc flu hosp,3,2026-02-14,09,quantile,0.35,4.0
2026-01-24,wk inc flu hosp,3,2026-02-14,09,quantile,0.4,4.0
2026-01-24,wk inc flu hosp,3,2026-02-14,09,quantile,0.45,4.0
2026-01-24,wk inc flu hosp,3,2026-02-14,09,quantile,0.5,4.0
2026-01-24,wk inc flu hosp,3,2026-02-14,09,quantile,0.55,5.0
2026-01-24,wk inc flu hosp,3,2026-02-14,09,quantile,0.6,5.0
2026-01-24,wk inc flu hosp,3,2026-02-14,09,quantile,0.65,5.0
2026-01-24,wk inc flu hosp,3,2026-02-14,09,quantile,0.7,5.0
2026-01-24,wk inc flu hosp,3,2026-02-14,09,quantile,0.75,5.0
2026-01-24,wk inc flu hosp,3,2026-02-14,09,quantile,0.8,6.0
2026-01-24,wk inc flu hosp,3,2026-02-14,09,quantile,0.85,7.0
2026-01-24,wk inc flu hosp,3,2026-02-14,09,quantile,0.9,8.0
2026-01-24,wk inc flu hosp,3,2026-02-14,09,quantile,0.95,9.0
2026-01-24,wk inc flu hosp,3,2026-02-14,09,quantile,0.975,10.0
2026-01-24,wk inc flu hosp,3,2026-02-14,09,quantile,0.99,12.0
2026-01-24,wk inc flu hosp,3,2026-02-14,10,quantile,0.01,2.0
2026-01-24,wk inc flu hosp,3,2026-02-14,10,quantile,0.025,4.0
2026-01-24,wk inc flu hosp,3,2026-02-14,10,quantile,0.05,5.0
2026-01-24,wk inc flu hosp,3,2026-02-14,10,quantile,0.1,12.0
2026-01-24,wk inc flu hosp,3,2026-02-14,10,quantile,0.15,18.0
2026-01-24,wk inc flu hosp,3,2026-02-14,10,quantile,0.2,24.0
2026-01-24,wk inc flu hosp,3,2026-02-14,10,quantile,0.25,27.0
2026-01-24,wk inc flu hosp,3,2026-02-14,10,quantile,0.3,31.0
2026-01-24,wk inc flu hosp,3,2026-02-14,10,quantile,0.35,34.0
2026-01-24,wk inc flu hosp,3,2026-02-14,10,quantile,0.4,37.0
2026-01-24,wk inc flu hosp,3,2026-02-14,10,quantile,0.45,40.0
2026-01-24,wk inc flu hosp,3,2026-02-14,10,quantile,0.5,42.0
2026-01-24,wk inc flu hosp,3,2026-02-14,10,quantile,0.55,43.0
2026-01-24,wk inc flu hosp,3,2026-02-14,10,quantile,0.6,45.0
2026-01-24,wk inc flu hosp,3,2026-02-14,10,quantile,0.65,46.0
2026-01-24,wk inc flu hosp,3,2026-02-14,10,quantile,0.7,48.0
2026-01-24,wk inc flu hosp,3,2026-02-14,10,quantile,0.75,49.0
2026-01-24,wk inc flu hosp,3,2026-02-14,10,quantile,0.8,51.0
2026-01-24,wk inc flu hosp,3,2026-02-14,10,quantile,0.85,53.0
2026-01-24,wk inc flu hosp,3,2026-02-14,10,quantile,0.9,56.0
2026-01-24,wk inc flu hosp,3,2026-02-14,10,quantile,0.95,60.0
2026-01-24,wk inc flu hosp,3,2026-02-14,10,quantile,0.975,63.0
2026-01-24,wk inc flu hosp,3,2026-02-14,10,quantile,0.99,67.0
2026-01-24,wk inc flu hosp,3,2026-02-14,11,quantile,0.01,2.0
2026-01-24,wk inc flu hosp,3,2026-02-14,11,quantile,0.025,3.0
2026-01-24,wk inc flu hosp,3,2026-02-14,11,quantile,0.05,4.0
2026-01-24,wk inc flu hosp,3,2026-02-14,11,quantile,0.1,5.0
2026-01-24,wk inc flu hosp,3,2026-02-14,11,quantile,0.15,7.0
2026-01-24,wk inc flu hosp,3,2026-02-14,11,quantile,0.2,8.0
2026-01-24,wk inc flu hosp,3,2026-02-14,11,quantile,0.25,10.0
2026-01-24,wk inc flu hosp,3,2026-02-14,11,quantile,0.3,11.0
2026-01-24,wk inc flu hosp,3,2026-02-14,11,quantile,0.35,13.0
2026-01-24,wk inc flu hosp,3,2026-02-14,11,quantile,0.4,14.0
2026-01-24,wk inc flu hosp,3,2026-02-14,11,quantile,0.45,15.0
2026-01-24,wk inc flu hosp,3,2026-02-14,11,quantile,0.5,16.0
2026-01-24,wk inc flu hosp,3,2026-02-14,11,quantile,0.55,17.0
2026-01-24,wk inc flu hosp,3,2026-02-14,11,quantile,0.6,19.0
2026-01-24,wk inc flu hosp,3,2026-02-14,11,quantile,0.65,20.0
2026-01-24,wk inc flu hosp,3,2026-02-14,11,quantile,0.7,21.0
2026-01-24,wk inc flu hosp,3,2026-02-14,11,quantile,0.75,22.0
2026-01-24,wk inc flu hosp,3,2026-02-14,11,quantile,0.8,24.0
2026-01-24,wk inc flu hosp,3,2026-02-14,11,quantile,0.85,26.0
2026-01-24,wk inc flu hosp,3,2026-02-14,11,quantile,0.9,29.0
2026-01-24,wk inc flu hosp,3,2026-02-14,11,quantile,0.95,32.0
2026-01-24,wk inc flu hosp,3,2026-02-14,11,quantile,0.975,34.0
2026-01-24,wk inc flu hosp,3,2026-02-14,11,quantile,0.99,37.0
2026-01-24,wk inc flu hosp,3,2026-02-14,12,quantile,0.01,134.0
2026-01-24,wk inc flu hosp,3,2026-02-14,12,quantile,0.025,173.0
2026-01-24,wk inc flu hosp,3,2026-02-14,12,quantile,0.05,229.0
2026-01-24,wk inc flu hosp,3,2026-02-14,12,quantile,0.1,301.0
2026-01-24,wk inc flu hosp,3,2026-02-14,12,quantile,0.15,354.0
2026-01-24,wk inc flu hosp,3,2026-02-14,12,quantile,0.2,381.0
2026-01-24,wk inc flu hosp,3,2026-02-14,12,quantile,0.25,405.0
2026-01-24,wk inc flu hosp,3,2026-02-14,12,quantile,0.3,427.0
2026-01-24,wk inc flu hosp,3,2026-02-14,12,quantile,0.35,445.0
2026-01-24,wk inc flu hosp,3,2026-02-14,12,quantile,0.4,462.0
2026-01-24,wk inc flu hosp,3,2026-02-14,12,quantile,0.45,480.0
2026-01-24,wk inc flu hosp,3,2026-02-14,12,quantile,0.5,496.0
2026-01-24,wk inc flu hosp,3,2026-02-14,12,quantile,0.55,513.0
2026-01-24,wk inc flu hosp,3,2026-02-14,12,quantile,0.6,528.0
2026-01-24,wk inc flu hosp,3,2026-02-14,12,quantile,0.65,548.0
2026-01-24,wk inc flu hosp,3,2026-02-14,12,quantile,0.7,567.0
2026-01-24,wk inc flu hosp,3,2026-02-14,12,quantile,0.75,650.0
2026-01-24,wk inc flu hosp,3,2026-02-14,12,quantile,0.8,780.0
2026-01-24,wk inc flu hosp,3,2026-02-14,12,quantile,0.85,815.0
2026-01-24,wk inc flu hosp,3,2026-02-14,12,quantile,0.9,946.0
2026-01-24,wk inc flu hosp,3,2026-02-14,12,quantile,0.95,1093.0
2026-01-24,wk inc flu hosp,3,2026-02-14,12,quantile,0.975,1168.0
2026-01-24,wk inc flu hosp,3,2026-02-14,12,quantile,0.99,1236.0
2026-01-24,wk inc flu hosp,3,2026-02-14,13,quantile,0.01,0.0
2026-01-24,wk inc flu hosp,3,2026-02-14,13,quantile,0.025,0.0
2026-01-24,wk inc flu hosp,3,2026-02-14,13,quantile,0.05,0.0
2026-01-24,wk inc flu hosp,3,2026-02-14,13,quantile,0.1,4.0
2026-01-24,wk inc flu hosp,3,2026-02-14,13,quantile,0.15,8.0
2026-01-24,wk inc flu hosp,3,2026-02-14,13,quantile,0.2,17.0
2026-01-24,wk inc flu hosp,3,2026-02-14,13,quantile,0.25,27.0
2026-01-24,wk inc flu hosp,3,2026-02-14,13,quantile,0.3,35.0
2026-01-24,wk inc flu hosp,3,2026-02-14,13,quantile,0.35,43.0
2026-01-24,wk inc flu hosp,3,2026-02-14,13,quantile,0.4,50.0
2026-01-24,wk inc flu hosp,3,2026-02-14,13,quantile,0.45,57.0
2026-01-24,wk inc flu hosp,3,2026-02-14,13,quantile,0.5,64.0
2026-01-24,wk inc flu hosp,3,2026-02-14,13,quantile,0.55,72.0
2026-01-24,wk inc flu hosp,3,2026-02-14,13,quantile,0.6,80.0
2026-01-24,wk inc flu hosp,3,2026-02-14,13,quantile,0.65,89.0
2026-01-24,wk inc flu hosp,3,2026-02-14,13,quantile,0.7,98.0
2026-01-24,wk inc flu hosp,3,2026-02-14,13,quantile,0.75,109.0
2026-01-24,wk inc flu hosp,3,2026-02-14,13,quantile,0.8,121.0
2026-01-24,wk inc flu hosp,3,2026-02-14,13,quantile,0.85,135.0
2026-01-24,wk inc flu hosp,3,2026-02-14,13,quantile,0.9,155.0
2026-01-24,wk inc flu hosp,3,2026-02-14,13,quantile,0.95,186.0
2026-01-24,wk inc flu hosp,3,2026-02-14,13,quantile,0.975,215.0
2026-01-24,wk inc flu hosp,3,2026-02-14,13,quantile,0.99,245.0
2026-01-24,wk inc flu hosp,3,2026-02-14,15,quantile,0.01,0.0
2026-01-24,wk inc flu hosp,3,2026-02-14,15,quantile,0.025,0.0
2026-01-24,wk inc flu hosp,3,2026-02-14,15,quantile,0.05,0.0
2026-01-24,wk inc flu hosp,3,2026-02-14,15,quantile,0.1,2.0
2026-01-24,wk inc flu hosp,3,2026-02-14,15,quantile,0.15,3.0
2026-01-24,wk inc flu hosp,3,2026-02-14,15,quantile,0.2,6.0
2026-01-24,wk inc flu hosp,3,2026-02-14,15,quantile,0.25,10.0
2026-01-24,wk inc flu hosp,3,2026-02-14,15,quantile,0.3,13.0
2026-01-24,wk inc flu hosp,3,2026-02-14,15,quantile,0.35,16.0
2026-01-24,wk inc flu hosp,3,2026-02-14,15,quantile,0.4,19.0
2026-01-24,wk inc flu hosp,3,2026-02-14,15,quantile,0.45,22.0
2026-01-24,wk inc flu hosp,3,2026-02-14,15,quantile,0.5,24.0
2026-01-24,wk inc flu hosp,3,2026-02-14,15,quantile,0.55,27.0
2026-01-24,wk inc flu hosp,3,2026-02-14,15,quantile,0.6,29.0
2026-01-24,wk inc flu hosp,3,2026-02-14,15,quantile,0.65,33.0
2026-01-24,wk inc flu hosp,3,2026-02-14,15,quantile,0.7,37.0
2026-01-24,wk inc flu hosp,3,2026-02-14,15,quantile,0.75,42.0
2026-01-24,wk inc flu hosp,3,2026-02-14,15,quantile,0.8,46.0
2026-01-24,wk inc flu hosp,3,2026-02-14,15,quantile,0.85,53.0
2026-01-24,wk inc flu hosp,3,2026-02-14,15,quantile,0.9,63.0
2026-01-24,wk inc flu hosp,3,2026-02-14,15,quantile,0.95,78.0
2026-01-24,wk inc flu hosp,3,2026-02-14,15,quantile,0.975,87.0
2026-01-24,wk inc flu hosp,3,2026-02-14,15,quantile,0.99,94.0
2026-01-24,wk inc flu hosp,3,2026-02-14,16,quantile,0.01,1.0
2026-01-24,wk inc flu hosp,3,2026-02-14,16,quantile,0.025,2.0
2026-01-24,wk inc flu hosp,3,2026-02-14,16,quantile,0.05,6.0
2026-01-24,wk inc flu hosp,3,2026-02-14,16,quantile,0.1,11.0
2026-01-24,wk inc flu hosp,3,2026-02-14,16,quantile,0.15,14.0
2026-01-24,wk inc flu hosp,3,2026-02-14,16,quantile,0.2,17.0
2026-01-24,wk inc flu hosp,3,2026-02-14,16,quantile,0.25,20.0
2026-01-24,wk inc flu hosp,3,2026-02-14,16,quantile,0.3,23.0
2026-01-24,wk inc flu hosp,3,2026-02-14,16,quantile,0.35,24.0
2026-01-24,wk inc flu hosp,3,2026-02-14,16,quantile,0.4,26.0
2026-01-24,wk inc flu hosp,3,2026-02-14,16,quantile,0.45,28.0
2026-01-24,wk inc flu hosp,3,2026-02-14,16,quantile,0.5,30.0
2026-01-24,wk inc flu hosp,3,2026-02-14,16,quantile,0.55,32.0
2026-01-24,wk inc flu hosp,3,2026-02-14,16,quantile,0.6,34.0
2026-01-24,wk inc flu hosp,3,2026-02-14,16,quantile,0.65,36.0
2026-01-24,wk inc flu hosp,3,2026-02-14,16,quantile,0.7,38.0
2026-01-24,wk inc flu hosp,3,2026-02-14,16,quantile,0.75,41.0
2026-01-24,wk inc flu hosp,3,2026-02-14,16,quantile,0.8,45.0
2026-01-24,wk inc flu hosp,3,2026-02-14,16,quantile,0.85,51.0
2026-01-24,wk inc flu hosp,3,2026-02-14,16,quantile,0.9,61.0
2026-01-24,wk inc flu hosp,3,2026-02-14,16,quantile,0.95,80.0
2026-01-24,wk inc flu hosp,3,2026-02-14,16,quantile,0.975,87.0
2026-01-24,wk inc flu hosp,3,2026-02-14,16,quantile,0.99,93.0
2026-01-24,wk inc flu hosp,3,2026-02-14,17,quantile,0.01,6.0
2026-01-24,wk inc flu hosp,3,2026-02-14,17,quantile,0.025,29.0
2026-01-24,wk inc flu hosp,3,2026-02-14,17,quantile,0.05,56.0
2026-01-24,wk inc flu hosp,3,2026-02-14,17,quantile,0.1,97.0
2026-01-24,wk inc flu hosp,3,2026-02-14,17,quantile,0.15,124.0
2026-01-24,wk inc flu hosp,3,2026-02-14,17,quantile,0.2,148.0
2026-01-24,wk inc flu hosp,3,2026-02-14,17,quantile,0.25,168.0
2026-01-24,wk inc flu hosp,3,2026-02-14,17,quantile,0.3,183.0
2026-01-24,wk inc flu hosp,3,2026-02-14,17,quantile,0.35,195.0
2026-01-24,wk inc flu hosp,3,2026-02-14,17,quantile,0.4,204.0
2026-01-24,wk inc flu hosp,3,2026-02-14,17,quantile,0.45,216.0
2026-01-24,wk inc flu hosp,3,2026-02-14,17,quantile,0.5,225.0
2026-01-24,wk inc flu hosp,3,2026-02-14,17,quantile,0.55,236.0
2026-01-24,wk inc flu hosp,3,2026-02-14,17,quantile,0.6,247.0
2026-01-24,wk inc flu hosp,3,2026-02-14,17,quantile,0.65,259.0
2026-01-24,wk inc flu hosp,3,2026-02-14,17,quantile,0.7,271.0
2026-01-24,wk inc flu hosp,3,2026-02-14,17,quantile,0.75,286.0
2026-01-24,wk inc flu hosp,3,2026-02-14,17,quantile,0.8,299.0
2026-01-24,wk inc flu hosp,3,2026-02-14,17,quantile,0.85,316.0
2026-01-24,wk inc flu hosp,3,2026-02-14,17,quantile,0.9,339.0
2026-01-24,wk inc flu hosp,3,2026-02-14,17,quantile,0.95,383.0
2026-01-24,wk inc flu hosp,3,2026-02-14,17,quantile,0.975,449.0
2026-01-24,wk inc flu hosp,3,2026-02-14,17,quantile,0.99,535.0
2026-01-24,wk inc flu hosp,3,2026-02-14,18,quantile,0.01,0.0
2026-01-24,wk inc flu hosp,3,2026-02-14,18,quantile,0.025,2.0
2026-01-24,wk inc flu hosp,3,2026-02-14,18,quantile,0.05,16.0
2026-01-24,wk inc flu hosp,3,2026-02-14,18,quantile,0.1,35.0
2026-01-24,wk inc flu hosp,3,2026-02-14,18,quantile,0.15,47.0
2026-01-24,wk inc flu hosp,3,2026-02-14,18,quantile,0.2,57.0
2026-01-24,wk inc flu hosp,3,2026-02-14,18,quantile,0.25,66.0
2026-01-24,wk inc flu hosp,3,2026-02-14,18,quantile,0.3,74.0
2026-01-24,wk inc flu hosp,3,2026-02-14,18,quantile,0.35,81.0
2026-01-24,wk inc flu hosp,3,2026-02-14,18,quantile,0.4,88.0
2026-01-24,wk inc flu hosp,3,2026-02-14,18,quantile,0.45,94.0
2026-01-24,wk inc flu hosp,3,2026-02-14,18,quantile,0.5,100.0
2026-01-24,wk inc flu hosp,3,2026-02-14,18,quantile,0.55,107.0
2026-01-24,wk inc flu hosp,3,2026-02-14,18,quantile,0.6,113.0
2026-01-24,wk inc flu hosp,3,2026-02-14,18,quantile,0.65,121.0
2026-01-24,wk inc flu hosp,3,2026-02-14,18,quantile,0.7,129.0
2026-01-24,wk inc flu hosp,3,2026-02-14,18,quantile,0.75,137.0
2026-01-24,wk inc flu hosp,3,2026-02-14,18,quantile,0.8,145.0
2026-01-24,wk inc flu hosp,3,2026-02-14,18,quantile,0.85,155.0
2026-01-24,wk inc flu hosp,3,2026-02-14,18,quantile,0.9,171.0
2026-01-24,wk inc flu hosp,3,2026-02-14,18,quantile,0.95,204.0
2026-01-24,wk inc flu hosp,3,2026-02-14,18,quantile,0.975,249.0
2026-01-24,wk inc flu hosp,3,2026-02-14,18,quantile,0.99,284.0
2026-01-24,wk inc flu hosp,3,2026-02-14,19,quantile,0.01,16.0
2026-01-24,wk inc flu hosp,3,2026-02-14,19,quantile,0.025,28.0
2026-01-24,wk inc flu hosp,3,2026-02-14,19,quantile,0.05,36.0
2026-01-24,wk inc flu hosp,3,2026-02-14,19,quantile,0.1,44.0
2026-01-24,wk inc flu hosp,3,2026-02-14,19,quantile,0.15,52.0
2026-01-24,wk inc flu hosp,3,2026-02-14,19,quantile,0.2,57.0
2026-01-24,wk inc flu hosp,3,2026-02-14,19,quantile,0.25,62.0
2026-01-24,wk inc flu hosp,3,2026-02-14,19,quantile,0.3,66.0
2026-01-24,wk inc flu hosp,3,2026-02-14,19,quantile,0.35,70.0
2026-01-24,wk inc flu hosp,3,2026-02-14,19,quantile,0.4,74.0
2026-01-24,wk inc flu hosp,3,2026-02-14,19,quantile,0.45,77.0
2026-01-24,wk inc flu hosp,3,2026-02-14,19,quantile,0.5,81.0
2026-01-24,wk inc flu hosp,3,2026-02-14,19,quantile,0.55,85.0
2026-01-24,wk inc flu hosp,3,2026-02-14,19,quantile,0.6,87.0
2026-01-24,wk inc flu hosp,3,2026-02-14,19,quantile,0.65,91.0
2026-01-24,wk inc flu hosp,3,2026-02-14,19,quantile,0.7,94.0
2026-01-24,wk inc flu hosp,3,2026-02-14,19,quantile,0.75,98.0
2026-01-24,wk inc flu hosp,3,2026-02-14,19,quantile,0.8,103.0
2026-01-24,wk inc flu hosp,3,2026-02-14,19,quantile,0.85,108.0
2026-01-24,wk inc flu hosp,3,2026-02-14,19,quantile,0.9,116.0
2026-01-24,wk inc flu hosp,3,2026-02-14,19,quantile,0.95,126.0
2026-01-24,wk inc flu hosp,3,2026-02-14,19,quantile,0.975,133.0
2026-01-24,wk inc flu hosp,3,2026-02-14,19,quantile,0.99,140.0
2026-01-24,wk inc flu hosp,3,2026-02-14,20,quantile,0.01,39.0
2026-01-24,wk inc flu hosp,3,2026-02-14,20,quantile,0.025,48.0
2026-01-24,wk inc flu hosp,3,2026-02-14,20,quantile,0.05,57.0
2026-01-24,wk inc flu hosp,3,2026-02-14,20,quantile,0.1,73.0
2026-01-24,wk inc flu hosp,3,2026-02-14,20,quantile,0.15,84.0
2026-01-24,wk inc flu hosp,3,2026-02-14,20,quantile,0.2,96.0
2026-01-24,wk inc flu hosp,3,2026-02-14,20,quantile,0.25,108.0
2026-01-24,wk inc flu hosp,3,2026-02-14,20,quantile,0.3,116.0
2026-01-24,wk inc flu hosp,3,2026-02-14,20,quantile,0.35,121.0
2026-01-24,wk inc flu hosp,3,2026-02-14,20,quantile,0.4,124.0
2026-01-24,wk inc flu hosp,3,2026-02-14,20,quantile,0.45,128.0
2026-01-24,wk inc flu hosp,3,2026-02-14,20,quantile,0.5,130.0
2026-01-24,wk inc flu hosp,3,2026-02-14,20,quantile,0.55,132.0
2026-01-24,wk inc flu hosp,3,2026-02-14,20,quantile,0.6,134.0
2026-01-24,wk inc flu hosp,3,2026-02-14,20,quantile,0.65,136.0
2026-01-24,wk inc flu hosp,3,2026-02-14,20,quantile,0.7,138.0
2026-01-24,wk inc flu hosp,3,2026-02-14,20,quantile,0.75,140.0
2026-01-24,wk inc flu hosp,3,2026-02-14,20,quantile,0.8,143.0
2026-01-24,wk inc flu hosp,3,2026-02-14,20,quantile,0.85,145.0
2026-01-24,wk inc flu hosp,3,2026-02-14,20,quantile,0.9,149.0
2026-01-24,wk inc flu hosp,3,2026-02-14,20,quantile,0.95,155.0
2026-01-24,wk inc flu hosp,3,2026-02-14,20,quantile,0.975,165.0
2026-01-24,wk inc flu hosp,3,2026-02-14,20,quantile,0.99,228.0
2026-01-24,wk inc flu hosp,3,2026-02-14,21,quantile,0.01,0.0
2026-01-24,wk inc flu hosp,3,2026-02-14,21,quantile,0.025,4.0
2026-01-24,wk inc flu hosp,3,2026-02-14,21,quantile,0.05,5.0
2026-01-24,wk inc flu hosp,3,2026-02-14,21,quantile,0.1,13.0
2026-01-24,wk inc flu hosp,3,2026-02-14,21,quantile,0.15,34.0
2026-01-24,wk inc flu hosp,3,2026-02-14,21,quantile,0.2,49.0
2026-01-24,wk inc flu hosp,3,2026-02-14,21,quantile,0.25,58.0
2026-01-24,wk inc flu hosp,3,2026-02-14,21,quantile,0.3,65.0
2026-01-24,wk inc flu hosp,3,2026-02-14,21,quantile,0.35,71.0
2026-01-24,wk inc flu hosp,3,2026-02-14,21,quantile,0.4,76.0
2026-01-24,wk inc flu hosp,3,2026-02-14,21,quantile,0.45,82.0
2026-01-24,wk inc flu hosp,3,2026-02-14,21,quantile,0.5,87.0
2026-01-24,wk inc flu hosp,3,2026-02-14,21,quantile,0.55,93.0
2026-01-24,wk inc flu hosp,3,2026-02-14,21,quantile,0.6,98.0
2026-01-24,wk inc flu hosp,3,2026-02-14,21,quantile,0.65,105.0
2026-01-24,wk inc flu hosp,3,2026-02-14,21,quantile,0.7,111.0
2026-01-24,wk inc flu hosp,3,2026-02-14,21,quantile,0.75,118.0
2026-01-24,wk inc flu hosp,3,2026-02-14,21,quantile,0.8,127.0
2026-01-24,wk inc flu hosp,3,2026-02-14,21,quantile,0.85,141.0
2026-01-24,wk inc flu hosp,3,2026-02-14,21,quantile,0.9,163.0
2026-01-24,wk inc flu hosp,3,2026-02-14,21,quantile,0.95,201.0
2026-01-24,wk inc flu hosp,3,2026-02-14,21,quantile,0.975,226.0
2026-01-24,wk inc flu hosp,3,2026-02-14,21,quantile,0.99,246.0
2026-01-24,wk inc flu hosp,3,2026-02-14,22,quantile,0.01,4.0
2026-01-24,wk inc flu hosp,3,2026-02-14,22,quantile,0.025,5.0
2026-01-24,wk inc flu hosp,3,2026-02-14,22,quantile,0.05,13.0
2026-01-24,wk inc flu hosp,3,2026-02-14,22,quantile,0.1,27.0
2026-01-24,wk inc flu hosp,3,2026-02-14,22,quantile,0.15,42.0
2026-01-24,wk inc flu hosp,3,2026-02-14,22,quantile,0.2,52.0
2026-01-24,wk inc flu hosp,3,2026-02-14,22,quantile,0.25,62.0
2026-01-24,wk inc flu hosp,3,2026-02-14,22,quantile,0.3,68.0
2026-01-24,wk inc flu hosp,3,2026-02-14,22,quantile,0.35,75.0
2026-01-24,wk inc flu hosp,3,2026-02-14,22,quantile,0.4,78.0
2026-01-24,wk inc flu hosp,3,2026-02-14,22,quantile,0.45,82.0
2026-01-24,wk inc flu hosp,3,2026-02-14,22,quantile,0.5,85.0
2026-01-24,wk inc flu hosp,3,2026-02-14,22,quantile,0.55,89.0
2026-01-24,wk inc flu hosp,3,2026-02-14,22,quantile,0.6,92.0
2026-01-24,wk inc flu hosp,3,2026-02-14,22,quantile,0.65,97.0
2026-01-24,wk inc flu hosp,3,2026-02-14,22,quantile,0.7,103.0
2026-01-24,wk inc flu hosp,3,2026-02-14,22,quantile,0.75,115.0
2026-01-24,wk inc flu hosp,3,2026-02-14,22,quantile,0.8,125.0
2026-01-24,wk inc flu hosp,3,2026-02-14,22,quantile,0.85,136.0
2026-01-24,wk inc flu hosp,3,2026-02-14,22,quantile,0.9,150.0
2026-01-24,wk inc flu hosp,3,2026-02-14,22,quantile,0.95,167.0
2026-01-24,wk inc flu hosp,3,2026-02-14,22,quantile,0.975,177.0
2026-01-24,wk inc flu hosp,3,2026-02-14,22,quantile,0.99,187.0
2026-01-24,wk inc flu hosp,3,2026-02-14,23,quantile,0.01,2.0
2026-01-24,wk inc flu hosp,3,2026-02-14,23,quantile,0.025,5.0
2026-01-24,wk inc flu hosp,3,2026-02-14,23,quantile,0.05,8.0
2026-01-24,wk inc flu hosp,3,2026-02-14,23,quantile,0.1,11.0
2026-01-24,wk inc flu hosp,3,2026-02-14,23,quantile,0.15,13.0
2026-01-24,wk inc flu hosp,3,2026-02-14,23,quantile,0.2,14.0
2026-01-24,wk inc flu hosp,3,2026-02-14,23,quantile,0.25,16.0
2026-01-24,wk inc flu hosp,3,2026-02-14,23,quantile,0.3,18.0
2026-01-24,wk inc flu hosp,3,2026-02-14,23,quantile,0.35,21.0
2026-01-24,wk inc flu hosp,3,2026-02-14,23,quantile,0.4,24.0
2026-01-24,wk inc flu hosp,3,2026-02-14,23,quantile,0.45,27.0
2026-01-24,wk inc flu hosp,3,2026-02-14,23,quantile,0.5,30.0
2026-01-24,wk inc flu hosp,3,2026-02-14,23,quantile,0.55,32.0
2026-01-24,wk inc flu hosp,3,2026-02-14,23,quantile,0.6,34.0
2026-01-24,wk inc flu hosp,3,2026-02-14,23,quantile,0.65,36.0
2026-01-24,wk inc flu hosp,3,2026-02-14,23,quantile,0.7,39.0
2026-01-24,wk inc flu hosp,3,2026-02-14,23,quantile,0.75,42.0
2026-01-24,wk inc flu hosp,3,2026-02-14,23,quantile,0.8,45.0
2026-01-24,wk inc flu hosp,3,2026-02-14,23,quantile,0.85,49.0
2026-01-24,wk inc flu hosp,3,2026-02-14,23,quantile,0.9,53.0
2026-01-24,wk inc flu hosp,3,2026-02-14,23,quantile,0.95,61.0
2026-01-24,wk inc flu hosp,3,2026-02-14,23,quantile,0.975,68.0
2026-01-24,wk inc flu hosp,3,2026-02-14,23,quantile,0.99,72.0
2026-01-24,wk inc flu hosp,3,2026-02-14,24,quantile,0.01,3.0
2026-01-24,wk inc flu hosp,3,2026-02-14,24,quantile,0.025,5.0
2026-01-24,wk inc flu hosp,3,2026-02-14,24,quantile,0.05,6.0
2026-01-24,wk inc flu hosp,3,2026-02-14,24,quantile,0.1,20.0
2026-01-24,wk inc flu hosp,3,2026-02-14,24,quantile,0.15,39.0
2026-01-24,wk inc flu hosp,3,2026-02-14,24,quantile,0.2,57.0
2026-01-24,wk inc flu hosp,3,2026-02-14,24,quantile,0.25,74.0
2026-01-24,wk inc flu hosp,3,2026-02-14,24,quantile,0.3,95.0
2026-01-24,wk inc flu hosp,3,2026-02-14,24,quantile,0.35,116.0
2026-01-24,wk inc flu hosp,3,2026-02-14,24,quantile,0.4,138.0
2026-01-24,wk inc flu hosp,3,2026-02-14,24,quantile,0.45,168.0
2026-01-24,wk inc flu hosp,3,2026-02-14,24,quantile,0.5,190.0
2026-01-24,wk inc flu hosp,3,2026-02-14,24,quantile,0.55,203.0
2026-01-24,wk inc flu hosp,3,2026-02-14,24,quantile,0.6,217.0
2026-01-24,wk inc flu hosp,3,2026-02-14,24,quantile,0.65,231.0
2026-01-24,wk inc flu hosp,3,2026-02-14,24,quantile,0.7,244.0
2026-01-24,wk inc flu hosp,3,2026-02-14,24,quantile,0.75,261.0
2026-01-24,wk inc flu hosp,3,2026-02-14,24,quantile,0.8,275.0
2026-01-24,wk inc flu hosp,3,2026-02-14,24,quantile,0.85,297.0
2026-01-24,wk inc flu hosp,3,2026-02-14,24,quantile,0.9,323.0
2026-01-24,wk inc flu hosp,3,2026-02-14,24,quantile,0.95,360.0
2026-01-24,wk inc flu hosp,3,2026-02-14,24,quantile,0.975,392.0
2026-01-24,wk inc flu hosp,3,2026-02-14,24,quantile,0.99,433.0
2026-01-24,wk inc flu hosp,3,2026-02-14,25,quantile,0.01,7.0
2026-01-24,wk inc flu hosp,3,2026-02-14,25,quantile,0.025,13.0
2026-01-24,wk inc flu hosp,3,2026-02-14,25,quantile,0.05,15.0
2026-01-24,wk inc flu hosp,3,2026-02-14,25,quantile,0.1,16.0
2026-01-24,wk inc flu hosp,3,2026-02-14,25,quantile,0.15,18.0
2026-01-24,wk inc flu hosp,3,2026-02-14,25,quantile,0.2,19.0
2026-01-24,wk inc flu hosp,3,2026-02-14,25,quantile,0.25,21.0
2026-01-24,wk inc flu hosp,3,2026-02-14,25,quantile,0.3,23.0
2026-01-24,wk inc flu hosp,3,2026-02-14,25,quantile,0.35,24.0
2026-01-24,wk inc flu hosp,3,2026-02-14,25,quantile,0.4,27.0
2026-01-24,wk inc flu hosp,3,2026-02-14,25,quantile,0.45,29.0
2026-01-24,wk inc flu hosp,3,2026-02-14,25,quantile,0.5,31.0
2026-01-24,wk inc flu hosp,3,2026-02-14,25,quantile,0.55,32.0
2026-01-24,wk inc flu hosp,3,2026-02-14,25,quantile,0.6,33.0
2026-01-24,wk inc flu hosp,3,2026-02-14,25,quantile,0.65,34.0
2026-01-24,wk inc flu hosp,3,2026-02-14,25,quantile,0.7,36.0
2026-01-24,wk inc flu hosp,3,2026-02-14,25,quantile,0.75,38.0
2026-01-24,wk inc flu hosp,3,2026-02-14,25,quantile,0.8,39.0
2026-01-24,wk inc flu hosp,3,2026-02-14,25,quantile,0.85,40.0
2026-01-24,wk inc flu hosp,3,2026-02-14,25,quantile,0.9,42.0
2026-01-24,wk inc flu hosp,3,2026-02-14,25,quantile,0.95,60.0
2026-01-24,wk inc flu hosp,3,2026-02-14,25,quantile,0.975,83.0
2026-01-24,wk inc flu hosp,3,2026-02-14,25,quantile,0.99,114.0
2026-01-24,wk inc flu hosp,3,2026-02-14,26,quantile,0.01,41.0
2026-01-24,wk inc flu hosp,3,2026-02-14,26,quantile,0.025,89.0
2026-01-24,wk inc flu hosp,3,2026-02-14,26,quantile,0.05,126.0
2026-01-24,wk inc flu hosp,3,2026-02-14,26,quantile,0.1,182.0
2026-01-24,wk inc flu hosp,3,2026-02-14,26,quantile,0.15,214.0
2026-01-24,wk inc flu hosp,3,2026-02-14,26,quantile,0.2,235.0
2026-01-24,wk inc flu hosp,3,2026-02-14,26,quantile,0.25,252.0
2026-01-24,wk inc flu hosp,3,2026-02-14,26,quantile,0.3,265.0
2026-01-24,wk inc flu hosp,3,2026-02-14,26,quantile,0.35,280.0
2026-01-24,wk inc flu hosp,3,2026-02-14,26,quantile,0.4,291.0
2026-01-24,wk inc flu hosp,3,2026-02-14,26,quantile,0.45,303.0
2026-01-24,wk inc flu hosp,3,2026-02-14,26,quantile,0.5,313.0
2026-01-24,wk inc flu hosp,3,2026-02-14,26,quantile,0.55,327.0
2026-01-24,wk inc flu hosp,3,2026-02-14,26,quantile,0.6,340.0
2026-01-24,wk inc flu hosp,3,2026-02-14,26,quantile,0.65,357.0
2026-01-24,wk inc flu hosp,3,2026-02-14,26,quantile,0.7,372.0
2026-01-24,wk inc flu hosp,3,2026-02-14,26,quantile,0.75,383.0
2026-01-24,wk inc flu hosp,3,2026-02-14,26,quantile,0.8,394.0
2026-01-24,wk inc flu hosp,3,2026-02-14,26,quantile,0.85,408.0
2026-01-24,wk inc flu hosp,3,2026-02-14,26,quantile,0.9,428.0
2026-01-24,wk inc flu hosp,3,2026-02-14,26,quantile,0.95,479.0
2026-01-24,wk inc flu hosp,3,2026-02-14,26,quantile,0.975,591.0
2026-01-24,wk inc flu hosp,3,2026-02-14,26,quantile,0.99,635.0
2026-01-24,wk inc flu hosp,3,2026-02-14,27,quantile,0.01,9.0
2026-01-24,wk inc flu hosp,3,2026-02-14,27,quantile,0.025,27.0
2026-01-24,wk inc flu hosp,3,2026-02-14,27,quantile,0.05,45.0
2026-01-24,wk inc flu hosp,3,2026-02-14,27,quantile,0.1,69.0
2026-01-24,wk inc flu hosp,3,2026-02-14,27,quantile,0.15,85.0
2026-01-24,wk inc flu hosp,3,2026-02-14,27,quantile,0.2,98.0
2026-01-24,wk inc flu hosp,3,2026-02-14,27,quantile,0.25,106.0
2026-01-24,wk inc flu hosp,3,2026-02-14,27,quantile,0.3,116.0
2026-01-24,wk inc flu hosp,3,2026-02-14,27,quantile,0.35,128.0
2026-01-24,wk inc flu hosp,3,2026-02-14,27,quantile,0.4,135.0
2026-01-24,wk inc flu hosp,3,2026-02-14,27,quantile,0.45,146.0
2026-01-24,wk inc flu hosp,3,2026-02-14,27,quantile,0.5,153.0
2026-01-24,wk inc flu hosp,3,2026-02-14,27,quantile,0.55,161.0
2026-01-24,wk inc flu hosp,3,2026-02-14,27,quantile,0.6,169.0
2026-01-24,wk inc flu hosp,3,2026-02-14,27,quantile,0.65,179.0
2026-01-24,wk inc flu hosp,3,2026-02-14,27,quantile,0.7,191.0
2026-01-24,wk inc flu hosp,3,2026-02-14,27,quantile,0.75,204.0
2026-01-24,wk inc flu hosp,3,2026-02-14,27,quantile,0.8,216.0
2026-01-24,wk inc flu hosp,3,2026-02-14,27,quantile,0.85,235.0
2026-01-24,wk inc flu hosp,3,2026-02-14,27,quantile,0.9,255.0
2026-01-24,wk inc flu hosp,3,2026-02-14,27,quantile,0.95,287.0
2026-01-24,wk inc flu hosp,3,2026-02-14,27,quantile,0.975,385.0
2026-01-24,wk inc flu hosp,3,2026-02-14,27,quantile,0.99,509.0
2026-01-24,wk inc flu hosp,3,2026-02-14,28,quantile,0.01,0.0
2026-01-24,wk inc flu hosp,3,2026-02-14,28,quantile,0.025,0.0
2026-01-24,wk inc flu hosp,3,2026-02-14,28,quantile,0.05,0.0
2026-01-24,wk inc flu hosp,3,2026-02-14,28,quantile,0.1,4.0
2026-01-24,wk inc flu hosp,3,2026-02-14,28,quantile,0.15,11.0
2026-01-24,wk inc flu hosp,3,2026-02-14,28,quantile,0.2,18.0
2026-01-24,wk inc flu hosp,3,2026-02-14,28,quantile,0.25,25.0
2026-01-24,wk inc flu hosp,3,2026-02-14,28,quantile,0.3,30.0
2026-01-24,wk inc flu hosp,3,2026-02-14,28,quantile,0.35,34.0
2026-01-24,wk inc flu hosp,3,2026-02-14,28,quantile,0.4,38.0
2026-01-24,wk inc flu hosp,3,2026-02-14,28,quantile,0.45,43.0
2026-01-24,wk inc flu hosp,3,2026-02-14,28,quantile,0.5,48.0
2026-01-24,wk inc flu hosp,3,2026-02-14,28,quantile,0.55,53.0
2026-01-24,wk inc flu hosp,3,2026-02-14,28,quantile,0.6,58.0
2026-01-24,wk inc flu hosp,3,2026-02-14,28,quantile,0.65,64.0
2026-01-24,wk inc flu hosp,3,2026-02-14,28,quantile,0.7,70.0
2026-01-24,wk inc flu hosp,3,2026-02-14,28,quantile,0.75,77.0
2026-01-24,wk inc flu hosp,3,2026-02-14,28,quantile,0.8,87.0
2026-01-24,wk inc flu hosp,3,2026-02-14,28,quantile,0.85,97.0
2026-01-24,wk inc flu hosp,3,2026-02-14,28,quantile,0.9,113.0
2026-01-24,wk inc flu hosp,3,2026-02-14,28,quantile,0.95,137.0
2026-01-24,wk inc flu hosp,3,2026-02-14,28,quantile,0.975,163.0
2026-01-24,wk inc flu hosp,3,2026-02-14,28,quantile,0.99,196.0
2026-01-24,wk inc flu hosp,3,2026-02-14,30,quantile,0.01,1.0
2026-01-24,wk inc flu hosp,3,2026-02-14,30,quantile,0.025,1.0
2026-01-24,wk inc flu hosp,3,2026-02-14,30,quantile,0.05,1.0
2026-01-24,wk inc flu hosp,3,2026-02-14,30,quantile,0.1,2.0
2026-01-24,wk inc flu hosp,3,2026-02-14,30,quantile,0.15,3.0
2026-01-24,wk inc flu hosp,3,2026-02-14,30,quantile,0.2,5.0
2026-01-24,wk inc flu hosp,3,2026-02-14,30,quantile,0.25,7.0
2026-01-24,wk inc flu hosp,3,2026-02-14,30,quantile,0.3,9.0
2026-01-24,wk inc flu hosp,3,2026-02-14,30,quantile,0.35,10.0
2026-01-24,wk inc flu hosp,3,2026-02-14,30,quantile,0.4,11.0
2026-01-24,wk inc flu hosp,3,2026-02-14,30,quantile,0.45,13.0
2026-01-24,wk inc flu hosp,3,2026-02-14,30,quantile,0.5,14.0
2026-01-24,wk inc flu hosp,3,2026-02-14,30,quantile,0.55,16.0
2026-01-24,wk inc flu hosp,3,2026-02-14,30,quantile,0.6,17.0
2026-01-24,wk inc flu hosp,3,2026-02-14,30,quantile,0.65,18.0
2026-01-24,wk inc flu hosp,3,2026-02-14,30,quantile,0.7,20.0
2026-01-24,wk inc flu hosp,3,2026-02-14,30,quantile,0.75,22.0
2026-01-24,wk inc flu hosp,3,2026-02-14,30,quantile,0.8,23.0
2026-01-24,wk inc flu hosp,3,2026-02-14,30,quantile,0.85,26.0
2026-01-24,wk inc flu hosp,3,2026-02-14,30,quantile,0.9,29.0
2026-01-24,wk inc flu hosp,3,2026-02-14,30,quantile,0.95,32.0
2026-01-24,wk inc flu hosp,3,2026-02-14,30,quantile,0.975,35.0
2026-01-24,wk inc flu hosp,3,2026-02-14,30,quantile,0.99,38.0
2026-01-24,wk inc flu hosp,3,2026-02-14,31,quantile,0.01,13.0
2026-01-24,wk inc flu hosp,3,2026-02-14,31,quantile,0.025,18.0
2026-01-24,wk inc flu hosp,3,2026-02-14,31,quantile,0.05,23.0
2026-01-24,wk inc flu hosp,3,2026-02-14,31,quantile,0.1,30.0
2026-01-24,wk inc flu hosp,3,2026-02-14,31,quantile,0.15,35.0
2026-01-24,wk inc flu hosp,3,2026-02-14,31,quantile,0.2,38.0
2026-01-24,wk inc flu hosp,3,2026-02-14,31,quantile,0.25,42.0
2026-01-24,wk inc flu hosp,3,2026-02-14,31,quantile,0.3,45.0
2026-01-24,wk inc flu hosp,3,2026-02-14,31,quantile,0.35,47.0
2026-01-24,wk inc flu hosp,3,2026-02-14,31,quantile,0.4,49.0
2026-01-24,wk inc flu hosp,3,2026-02-14,31,quantile,0.45,52.0
2026-01-24,wk inc flu hosp,3,2026-02-14,31,quantile,0.5,54.0
2026-01-24,wk inc flu hosp,3,2026-02-14,31,quantile,0.55,57.0
2026-01-24,wk inc flu hosp,3,2026-02-14,31,quantile,0.6,59.0
2026-01-24,wk inc flu hosp,3,2026-02-14,31,quantile,0.65,62.0
2026-01-24,wk inc flu hosp,3,2026-02-14,31,quantile,0.7,64.0
2026-01-24,wk inc flu hosp,3,2026-02-14,31,quantile,0.75,67.0
2026-01-24,wk inc flu hosp,3,2026-02-14,31,quantile,0.8,70.0
2026-01-24,wk inc flu hosp,3,2026-02-14,31,quantile,0.85,73.0
2026-01-24,wk inc flu hosp,3,2026-02-14,31,quantile,0.9,77.0
2026-01-24,wk inc flu hosp,3,2026-02-14,31,quantile,0.95,85.0
2026-01-24,wk inc flu hosp,3,2026-02-14,31,quantile,0.975,90.0
2026-01-24,wk inc flu hosp,3,2026-02-14,31,quantile,0.99,96.0
2026-01-24,wk inc flu hosp,3,2026-02-14,32,quantile,0.01,0.0
2026-01-24,wk inc flu hosp,3,2026-02-14,32,quantile,0.025,1.0
2026-01-24,wk inc flu hosp,3,2026-02-14,32,quantile,0.05,2.0
2026-01-24,wk inc flu hosp,3,2026-02-14,32,quantile,0.1,8.0
2026-01-24,wk inc flu hosp,3,2026-02-14,32,quantile,0.15,12.0
2026-01-24,wk inc flu hosp,3,2026-02-14,32,quantile,0.2,15.0
2026-01-24,wk inc flu hosp,3,2026-02-14,32,quantile,0.25,19.0
2026-01-24,wk inc flu hosp,3,2026-02-14,32,quantile,0.3,22.0
2026-01-24,wk inc flu hosp,3,2026-02-14,32,quantile,0.35,24.0
2026-01-24,wk inc flu hosp,3,2026-02-14,32,quantile,0.4,27.0
2026-01-24,wk inc flu hosp,3,2026-02-14,32,quantile,0.45,30.0
2026-01-24,wk inc flu hosp,3,2026-02-14,32,quantile,0.5,33.0
2026-01-24,wk inc flu hosp,3,2026-02-14,32,quantile,0.55,34.0
2026-01-24,wk inc flu hosp,3,2026-02-14,32,quantile,0.6,37.0
2026-01-24,wk inc flu hosp,3,2026-02-14,32,quantile,0.65,39.0
2026-01-24,wk inc flu hosp,3,2026-02-14,32,quantile,0.7,41.0
2026-01-24,wk inc flu hosp,3,2026-02-14,32,quantile,0.75,43.0
2026-01-24,wk inc flu hosp,3,2026-02-14,32,quantile,0.8,45.0
2026-01-24,wk inc flu hosp,3,2026-02-14,32,quantile,0.85,48.0
2026-01-24,wk inc flu hosp,3,2026-02-14,32,quantile,0.9,51.0
2026-01-24,wk inc flu hosp,3,2026-02-14,32,quantile,0.95,56.0
2026-01-24,wk inc flu hosp,3,2026-02-14,32,quantile,0.975,61.0
2026-01-24,wk inc flu hosp,3,2026-02-14,32,quantile,0.99,66.0
2026-01-24,wk inc flu hosp,3,2026-02-14,33,quantile,0.01,19.0
2026-01-24,wk inc flu hosp,3,2026-02-14,33,quantile,0.025,22.0
2026-01-24,wk inc flu hosp,3,2026-02-14,33,quantile,0.05,27.0
2026-01-24,wk inc flu hosp,3,2026-02-14,33,quantile,0.1,32.0
2026-01-24,wk inc flu hosp,3,2026-02-14,33,quantile,0.15,36.0
2026-01-24,wk inc flu hosp,3,2026-02-14,33,quantile,0.2,40.0
2026-01-24,wk inc flu hosp,3,2026-02-14,33,quantile,0.25,44.0
2026-01-24,wk inc flu hosp,3,2026-02-14,33,quantile,0.3,48.0
2026-01-24,wk inc flu hosp,3,2026-02-14,33,quantile,0.35,52.0
2026-01-24,wk inc flu hosp,3,2026-02-14,33,quantile,0.4,53.0
2026-01-24,wk inc flu hosp,3,2026-02-14,33,quantile,0.45,55.0
2026-01-24,wk inc flu hosp,3,2026-02-14,33,quantile,0.5,57.0
2026-01-24,wk inc flu hosp,3,2026-02-14,33,quantile,0.55,59.0
2026-01-24,wk inc flu hosp,3,2026-02-14,33,quantile,0.6,60.0
2026-01-24,wk inc flu hosp,3,2026-02-14,33,quantile,0.65,62.0
2026-01-24,wk inc flu hosp,3,2026-02-14,33,quantile,0.7,64.0
2026-01-24,wk inc flu hosp,3,2026-02-14,33,quantile,0.75,66.0
2026-01-24,wk inc flu hosp,3,2026-02-14,33,quantile,0.8,68.0
2026-01-24,wk inc flu hosp,3,2026-02-14,33,quantile,0.85,71.0
2026-01-24,wk inc flu hosp,3,2026-02-14,33,quantile,0.9,74.0
2026-01-24,wk inc flu hosp,3,2026-02-14,33,quantile,0.95,79.0
2026-01-24,wk inc flu hosp,3,2026-02-14,33,quantile,0.975,85.0
2026-01-24,wk inc flu hosp,3,2026-02-14,33,quantile,0.99,90.0
2026-01-24,wk inc flu hosp,3,2026-02-14,34,quantile,0.01,27.0
2026-01-24,wk inc flu hosp,3,2026-02-14,34,quantile,0.025,60.0
2026-01-24,wk inc flu hosp,3,2026-02-14,34,quantile,0.05,92.0
2026-01-24,wk inc flu hosp,3,2026-02-14,34,quantile,0.1,114.0
2026-01-24,wk inc flu hosp,3,2026-02-14,34,quantile,0.15,127.0
2026-01-24,wk inc flu hosp,3,2026-02-14,34,quantile,0.2,138.0
2026-01-24,wk inc flu hosp,3,2026-02-14,34,quantile,0.25,150.0
2026-01-24,wk inc flu hosp,3,2026-02-14,34,quantile,0.3,161.0
2026-01-24,wk inc flu hosp,3,2026-02-14,34,quantile,0.35,171.0
2026-01-24,wk inc flu hosp,3,2026-02-14,34,quantile,0.4,183.0
2026-01-24,wk inc flu hosp,3,2026-02-14,34,quantile,0.45,197.0
2026-01-24,wk inc flu hosp,3,2026-02-14,34,quantile,0.5,211.0
2026-01-24,wk inc flu hosp,3,2026-02-14,34,quantile,0.55,226.0
2026-01-24,wk inc flu hosp,3,2026-02-14,34,quantile,0.6,236.0
2026-01-24,wk inc flu hosp,3,2026-02-14,34,quantile,0.65,244.0
2026-01-24,wk inc flu hosp,3,2026-02-14,34,quantile,0.7,253.0
2026-01-24,wk inc flu hosp,3,2026-02-14,34,quantile,0.75,264.0
2026-01-24,wk inc flu hosp,3,2026-02-14,34,quantile,0.8,275.0
2026-01-24,wk inc flu hosp,3,2026-02-14,34,quantile,0.85,289.0
2026-01-24,wk inc flu hosp,3,2026-02-14,34,quantile,0.9,318.0
2026-01-24,wk inc flu hosp,3,2026-02-14,34,quantile,0.95,386.0
2026-01-24,wk inc flu hosp,3,2026-02-14,34,quantile,0.975,501.0
2026-01-24,wk inc flu hosp,3,2026-02-14,34,quantile,0.99,536.0
2026-01-24,wk inc flu hosp,3,2026-02-14,35,quantile,0.01,2.0
2026-01-24,wk inc flu hosp,3,2026-02-14,35,quantile,0.025,3.0
2026-01-24,wk inc flu hosp,3,2026-02-14,35,quantile,0.05,7.0
2026-01-24,wk inc flu hosp,3,2026-02-14,35,quantile,0.1,13.0
2026-01-24,wk inc flu hosp,3,2026-02-14,35,quantile,0.15,18.0
2026-01-24,wk inc flu hosp,3,2026-02-14,35,quantile,0.2,21.0
2026-01-24,wk inc flu hosp,3,2026-02-14,35,quantile,0.25,24.0
2026-01-24,wk inc flu hosp,3,2026-02-14,35,quantile,0.3,25.0
2026-01-24,wk inc flu hosp,3,2026-02-14,35,quantile,0.35,28.0
2026-01-24,wk inc flu hosp,3,2026-02-14,35,quantile,0.4,30.0
2026-01-24,wk inc flu hosp,3,2026-02-14,35,quantile,0.45,31.0
2026-01-24,wk inc flu hosp,3,2026-02-14,35,quantile,0.5,34.0
2026-01-24,wk inc flu hosp,3,2026-02-14,35,quantile,0.55,35.0
2026-01-24,wk inc flu hosp,3,2026-02-14,35,quantile,0.6,37.0
2026-01-24,wk inc flu hosp,3,2026-02-14,35,quantile,0.65,40.0
2026-01-24,wk inc flu hosp,3,2026-02-14,35,quantile,0.7,42.0
2026-01-24,wk inc flu hosp,3,2026-02-14,35,quantile,0.75,44.0
2026-01-24,wk inc flu hosp,3,2026-02-14,35,quantile,0.8,47.0
2026-01-24,wk inc flu hosp,3,2026-02-14,35,quantile,0.85,50.0
2026-01-24,wk inc flu hosp,3,2026-02-14,35,quantile,0.9,54.0
2026-01-24,wk inc flu hosp,3,2026-02-14,35,quantile,0.95,61.0
2026-01-24,wk inc flu hosp,3,2026-02-14,35,quantile,0.975,67.0
2026-01-24,wk inc flu hosp,3,2026-02-14,35,quantile,0.99,72.0
2026-01-24,wk inc flu hosp,3,2026-02-14,36,quantile,0.01,0.0
2026-01-24,wk inc flu hosp,3,2026-02-14,36,quantile,0.025,2.0
2026-01-24,wk inc flu hosp,3,2026-02-14,36,quantile,0.05,3.0
2026-01-24,wk inc flu hosp,3,2026-02-14,36,quantile,0.1,4.0
2026-01-24,wk inc flu hosp,3,2026-02-14,36,quantile,0.15,5.0
2026-01-24,wk inc flu hosp,3,2026-02-14,36,quantile,0.2,6.0
2026-01-24,wk inc flu hosp,3,2026-02-14,36,quantile,0.25,7.0
2026-01-24,wk inc flu hosp,3,2026-02-14,36,quantile,0.3,7.0
2026-01-24,wk inc flu hosp,3,2026-02-14,36,quantile,0.35,8.0
2026-01-24,wk inc flu hosp,3,2026-02-14,36,quantile,0.4,9.0
2026-01-24,wk inc flu hosp,3,2026-02-14,36,quantile,0.45,9.0
2026-01-24,wk inc flu hosp,3,2026-02-14,36,quantile,0.5,10.0
2026-01-24,wk inc flu hosp,3,2026-02-14,36,quantile,0.55,10.0
2026-01-24,wk inc flu hosp,3,2026-02-14,36,quantile,0.6,11.0
2026-01-24,wk inc flu hosp,3,2026-02-14,36,quantile,0.65,13.0
2026-01-24,wk inc flu hosp,3,2026-02-14,36,quantile,0.7,14.0
2026-01-24,wk inc flu hosp,3,2026-02-14,36,quantile,0.75,16.0
2026-01-24,wk inc flu hosp,3,2026-02-14,36,quantile,0.8,19.0
2026-01-24,wk inc flu hosp,3,2026-02-14,36,quantile,0.85,23.0
2026-01-24,wk inc flu hosp,3,2026-02-14,36,quantile,0.9,29.0
2026-01-24,wk inc flu hosp,3,2026-02-14,36,quantile,0.95,43.0
2026-01-24,wk inc flu hosp,3,2026-02-14,36,quantile,0.975,61.0
2026-01-24,wk inc flu hosp,3,2026-02-14,36,quantile,0.99,120.0
2026-01-24,wk inc flu hosp,3,2026-02-14,37,quantile,0.01,46.0
2026-01-24,wk inc flu hosp,3,2026-02-14,37,quantile,0.025,78.0
2026-01-24,wk inc flu hosp,3,2026-02-14,37,quantile,0.05,126.0
2026-01-24,wk inc flu hosp,3,2026-02-14,37,quantile,0.1,209.0
2026-01-24,wk inc flu hosp,3,2026-02-14,37,quantile,0.15,257.0
2026-01-24,wk inc flu hosp,3,2026-02-14,37,quantile,0.2,301.0
2026-01-24,wk inc flu hosp,3,2026-02-14,37,quantile,0.25,338.0
2026-01-24,wk inc flu hosp,3,2026-02-14,37,quantile,0.3,354.0
2026-01-24,wk inc flu hosp,3,2026-02-14,37,quantile,0.35,369.0
2026-01-24,wk inc flu hosp,3,2026-02-14,37,quantile,0.4,381.0
2026-01-24,wk inc flu hosp,3,2026-02-14,37,quantile,0.45,394.0
2026-01-24,wk inc flu hosp,3,2026-02-14,37,quantile,0.5,406.0
2026-01-24,wk inc flu hosp,3,2026-02-14,37,quantile,0.55,419.0
2026-01-24,wk inc flu hosp,3,2026-02-14,37,quantile,0.6,431.0
2026-01-24,wk inc flu hosp,3,2026-02-14,37,quantile,0.65,446.0
2026-01-24,wk inc flu hosp,3,2026-02-14,37,quantile,0.7,461.0
2026-01-24,wk inc flu hosp,3,2026-02-14,37,quantile,0.75,477.0
2026-01-24,wk inc flu hosp,3,2026-02-14,37,quantile,0.8,493.0
2026-01-24,wk inc flu hosp,3,2026-02-14,37,quantile,0.85,511.0
2026-01-24,wk inc flu hosp,3,2026-02-14,37,quantile,0.9,543.0
2026-01-24,wk inc flu hosp,3,2026-02-14,37,quantile,0.95,583.0
2026-01-24,wk inc flu hosp,3,2026-02-14,37,quantile,0.975,622.0
2026-01-24,wk inc flu hosp,3,2026-02-14,37,quantile,0.99,725.0
2026-01-24,wk inc flu hosp,3,2026-02-14,38,quantile,0.01,1.0
2026-01-24,wk inc flu hosp,3,2026-02-14,38,quantile,0.025,1.0
2026-01-24,wk inc flu hosp,3,2026-02-14,38,quantile,0.05,2.0
2026-01-24,wk inc flu hosp,3,2026-02-14,38,quantile,0.1,4.0
2026-01-24,wk inc flu hosp,3,2026-02-14,38,quantile,0.15,6.0
2026-01-24,wk inc flu hosp,3,2026-02-14,38,quantile,0.2,7.0
2026-01-24,wk inc flu hosp,3,2026-02-14,38,quantile,0.25,8.0
2026-01-24,wk inc flu hosp,3,2026-02-14,38,quantile,0.3,9.0
2026-01-24,wk inc flu hosp,3,2026-02-14,38,quantile,0.35,9.0
2026-01-24,wk inc flu hosp,3,2026-02-14,38,quantile,0.4,10.0
2026-01-24,wk inc flu hosp,3,2026-02-14,38,quantile,0.45,11.0
2026-01-24,wk inc flu hosp,3,2026-02-14,38,quantile,0.5,12.0
2026-01-24,wk inc flu hosp,3,2026-02-14,38,quantile,0.55,13.0
2026-01-24,wk inc flu hosp,3,2026-02-14,38,quantile,0.6,14.0
2026-01-24,wk inc flu hosp,3,2026-02-14,38,quantile,0.65,15.0
2026-01-24,wk inc flu hosp,3,2026-02-14,38,quantile,0.7,16.0
2026-01-24,wk inc flu hosp,3,2026-02-14,38,quantile,0.75,17.0
2026-01-24,wk inc flu hosp,3,2026-02-14,38,quantile,0.8,18.0
2026-01-24,wk inc flu hosp,3,2026-02-14,38,quantile,0.85,19.0
2026-01-24,wk inc flu hosp,3,2026-02-14,38,quantile,0.9,21.0
2026-01-24,wk inc flu hosp,3,2026-02-14,38,quantile,0.95,25.0
2026-01-24,wk inc flu hosp,3,2026-02-14,38,quantile,0.975,29.0
2026-01-24,wk inc flu hosp,3,2026-02-14,38,quantile,0.99,34.0
2026-01-24,wk inc flu hosp,3,2026-02-14,39,quantile,0.01,45.0
2026-01-24,wk inc flu hosp,3,2026-02-14,39,quantile,0.025,55.0
2026-01-24,wk inc flu hosp,3,2026-02-14,39,quantile,0.05,101.0
2026-01-24,wk inc flu hosp,3,2026-02-14,39,quantile,0.1,155.0
2026-01-24,wk inc flu hosp,3,2026-02-14,39,quantile,0.15,198.0
2026-01-24,wk inc flu hosp,3,2026-02-14,39,quantile,0.2,227.0
2026-01-24,wk inc flu hosp,3,2026-02-14,39,quantile,0.25,255.0
2026-01-24,wk inc flu hosp,3,2026-02-14,39,quantile,0.3,281.0
2026-01-24,wk inc flu hosp,3,2026-02-14,39,quantile,0.35,297.0
2026-01-24,wk inc flu hosp,3,2026-02-14,39,quantile,0.4,307.0
2026-01-24,wk inc flu hosp,3,2026-02-14,39,quantile,0.45,318.0
2026-01-24,wk inc flu hosp,3,2026-02-14,39,quantile,0.5,330.0
2026-01-24,wk inc flu hosp,3,2026-02-14,39,quantile,0.55,345.0
2026-01-24,wk inc flu hosp,3,2026-02-14,39,quantile,0.6,360.0
2026-01-24,wk inc flu hosp,3,2026-02-14,39,quantile,0.65,372.0
2026-01-24,wk inc flu hosp,3,2026-02-14,39,quantile,0.7,385.0
2026-01-24,wk inc flu hosp,3,2026-02-14,39,quantile,0.75,399.0
2026-01-24,wk inc flu hosp,3,2026-02-14,39,quantile,0.8,416.0
2026-01-24,wk inc flu hosp,3,2026-02-14,39,quantile,0.85,433.0
2026-01-24,wk inc flu hosp,3,2026-02-14,39,quantile,0.9,465.0
2026-01-24,wk inc flu hosp,3,2026-02-14,39,quantile,0.95,518.0
2026-01-24,wk inc flu hosp,3,2026-02-14,39,quantile,0.975,619.0
2026-01-24,wk inc flu hosp,3,2026-02-14,39,quantile,0.99,701.0
2026-01-24,wk inc flu hosp,3,2026-02-14,40,quantile,0.01,0.0
2026-01-24,wk inc flu hosp,3,2026-02-14,40,quantile,0.025,0.0
2026-01-24,wk inc flu hosp,3,2026-02-14,40,quantile,0.05,0.0
2026-01-24,wk inc flu hosp,3,2026-02-14,40,quantile,0.1,20.0
2026-01-24,wk inc flu hosp,3,2026-02-14,40,quantile,0.15,21.0
2026-01-24,wk inc flu hosp,3,2026-02-14,40,quantile,0.2,22.0
2026-01-24,wk inc flu hosp,3,2026-02-14,40,quantile,0.25,23.0
2026-01-24,wk inc flu hosp,3,2026-02-14,40,quantile,0.3,29.0
2026-01-24,wk inc flu hosp,3,2026-02-14,40,quantile,0.35,35.0
2026-01-24,wk inc flu hosp,3,2026-02-14,40,quantile,0.4,41.0
2026-01-24,wk inc flu hosp,3,2026-02-14,40,quantile,0.45,46.0
2026-01-24,wk inc flu hosp,3,2026-02-14,40,quantile,0.5,52.0
2026-01-24,wk inc flu hosp,3,2026-02-14,40,quantile,0.55,57.0
2026-01-24,wk inc flu hosp,3,2026-02-14,40,quantile,0.6,63.0
2026-01-24,wk inc flu hosp,3,2026-02-14,40,quantile,0.65,70.0
2026-01-24,wk inc flu hosp,3,2026-02-14,40,quantile,0.7,75.0
2026-01-24,wk inc flu hosp,3,2026-02-14,40,quantile,0.75,80.0
2026-01-24,wk inc flu hosp,3,2026-02-14,40,quantile,0.8,85.0
2026-01-24,wk inc flu hosp,3,2026-02-14,40,quantile,0.85,91.0
2026-01-24,wk inc flu hosp,3,2026-02-14,40,quantile,0.9,98.0
2026-01-24,wk inc flu hosp,3,2026-02-14,40,quantile,0.95,111.0
2026-01-24,wk inc flu hosp,3,2026-02-14,40,quantile,0.975,126.0
2026-01-24,wk inc flu hosp,3,2026-02-14,40,quantile,0.99,148.0
2026-01-24,wk inc flu hosp,3,2026-02-14,41,quantile,0.01,5.0
2026-01-24,wk inc flu hosp,3,2026-02-14,41,quantile,0.025,8.0
2026-01-24,wk inc flu hosp,3,2026-02-14,41,quantile,0.05,16.0
2026-01-24,wk inc flu hosp,3,2026-02-14,41,quantile,0.1,39.0
2026-01-24,wk inc flu hosp,3,2026-02-14,41,quantile,0.15,52.0
2026-01-24,wk inc flu hosp,3,2026-02-14,41,quantile,0.2,64.0
2026-01-24,wk inc flu hosp,3,2026-02-14,41,quantile,0.25,74.0
2026-01-24,wk inc flu hosp,3,2026-02-14,41,quantile,0.3,80.0
2026-01-24,wk inc flu hosp,3,2026-02-14,41,quantile,0.35,85.0
2026-01-24,wk inc flu hosp,3,2026-02-14,41,quantile,0.4,90.0
2026-01-24,wk inc flu hosp,3,2026-02-14,41,quantile,0.45,96.0
2026-01-24,wk inc flu hosp,3,2026-02-14,41,quantile,0.5,103.0
2026-01-24,wk inc flu hosp,3,2026-02-14,41,quantile,0.55,110.0
2026-01-24,wk inc flu hosp,3,2026-02-14,41,quantile,0.6,118.0
2026-01-24,wk inc flu hosp,3,2026-02-14,41,quantile,0.65,127.0
2026-01-24,wk inc flu hosp,3,2026-02-14,41,quantile,0.7,134.0
2026-01-24,wk inc flu hosp,3,2026-02-14,41,quantile,0.75,142.0
2026-01-24,wk inc flu hosp,3,2026-02-14,41,quantile,0.8,150.0
2026-01-24,wk inc flu hosp,3,2026-02-14,41,quantile,0.85,159.0
2026-01-24,wk inc flu hosp,3,2026-02-14,41,quantile,0.9,171.0
2026-01-24,wk inc flu hosp,3,2026-02-14,41,quantile,0.95,190.0
2026-01-24,wk inc flu hosp,3,2026-02-14,41,quantile,0.975,205.0
2026-01-24,wk inc flu hosp,3,2026-02-14,41,quantile,0.99,223.0
2026-01-24,wk inc flu hosp,3,2026-02-14,42,quantile,0.01,12.0
2026-01-24,wk inc flu hosp,3,2026-02-14,42,quantile,0.025,16.0
2026-01-24,wk inc flu hosp,3,2026-02-14,42,quantile,0.05,43.0
2026-01-24,wk inc flu hosp,3,2026-02-14,42,quantile,0.1,100.0
2026-01-24,wk inc flu hosp,3,2026-02-14,42,quantile,0.15,143.0
2026-01-24,wk inc flu hosp,3,2026-02-14,42,quantile,0.2,186.0
2026-01-24,wk inc flu hosp,3,2026-02-14,42,quantile,0.25,214.0
2026-01-24,wk inc flu hosp,3,2026-02-14,42,quantile,0.3,251.0
2026-01-24,wk inc flu hosp,3,2026-02-14,42,quantile,0.35,281.0
2026-01-24,wk inc flu hosp,3,2026-02-14,42,quantile,0.4,318.0
2026-01-24,wk inc flu hosp,3,2026-02-14,42,quantile,0.45,368.0
2026-01-24,wk inc flu hosp,3,2026-02-14,42,quantile,0.5,431.0
2026-01-24,wk inc flu hosp,3,2026-02-14,42,quantile,0.55,473.0
2026-01-24,wk inc flu hosp,3,2026-02-14,42,quantile,0.6,496.0
2026-01-24,wk inc flu hosp,3,2026-02-14,42,quantile,0.65,521.0
2026-01-24,wk inc flu hosp,3,2026-02-14,42,quantile,0.7,548.0
2026-01-24,wk inc flu hosp,3,2026-02-14,42,quantile,0.75,582.0
2026-01-24,wk inc flu hosp,3,2026-02-14,42,quantile,0.8,610.0
2026-01-24,wk inc flu hosp,3,2026-02-14,42,quantile,0.85,646.0
2026-01-24,wk inc flu hosp,3,2026-02-14,42,quantile,0.9,701.0
2026-01-24,wk inc flu hosp,3,2026-02-14,42,quantile,0.95,783.0
2026-01-24,wk inc flu hosp,3,2026-02-14,42,quantile,0.975,850.0
2026-01-24,wk inc flu hosp,3,2026-02-14,42,quantile,0.99,920.0
2026-01-24,wk inc flu hosp,3,2026-02-14,44,quantile,0.01,0.0
2026-01-24,wk inc flu hosp,3,2026-02-14,44,quantile,0.025,1.0
2026-01-24,wk inc flu hosp,3,2026-02-14,44,quantile,0.05,4.0
2026-01-24,wk inc flu hosp,3,2026-02-14,44,quantile,0.1,6.0
2026-01-24,wk inc flu hosp,3,2026-02-14,44,quantile,0.15,6.0
2026-01-24,wk inc flu hosp,3,2026-02-14,44,quantile,0.2,6.0
2026-01-24,wk inc flu hosp,3,2026-02-14,44,quantile,0.25,7.0
2026-01-24,wk inc flu hosp,3,2026-02-14,44,quantile,0.3,7.0
2026-01-24,wk inc flu hosp,3,2026-02-14,44,quantile,0.35,7.0
2026-01-24,wk inc flu hosp,3,2026-02-14,44,quantile,0.4,8.0
2026-01-24,wk inc flu hosp,3,2026-02-14,44,quantile,0.45,9.0
2026-01-24,wk inc flu hosp,3,2026-02-14,44,quantile,0.5,10.0
2026-01-24,wk inc flu hosp,3,2026-02-14,44,quantile,0.55,11.0
2026-01-24,wk inc flu hosp,3,2026-02-14,44,quantile,0.6,12.0
2026-01-24,wk inc flu hosp,3,2026-02-14,44,quantile,0.65,13.0
2026-01-24,wk inc flu hosp,3,2026-02-14,44,quantile,0.7,13.0
2026-01-24,wk inc flu hosp,3,2026-02-14,44,quantile,0.75,14.0
2026-01-24,wk inc flu hosp,3,2026-02-14,44,quantile,0.8,14.0
2026-01-24,wk inc flu hosp,3,2026-02-14,44,quantile,0.85,14.0
2026-01-24,wk inc flu hosp,3,2026-02-14,44,quantile,0.9,14.0
2026-01-24,wk inc flu hosp,3,2026-02-14,44,quantile,0.95,15.0
2026-01-24,wk inc flu hosp,3,2026-02-14,44,quantile,0.975,17.0
2026-01-24,wk inc flu hosp,3,2026-02-14,44,quantile,0.99,20.0
2026-01-24,wk inc flu hosp,3,2026-02-14,45,quantile,0.01,0.0
2026-01-24,wk inc flu hosp,3,2026-02-14,45,quantile,0.025,2.0
2026-01-24,wk inc flu hosp,3,2026-02-14,45,quantile,0.05,5.0
2026-01-24,wk inc flu hosp,3,2026-02-14,45,quantile,0.1,18.0
2026-01-24,wk inc flu hosp,3,2026-02-14,45,quantile,0.15,32.0
2026-01-24,wk inc flu hosp,3,2026-02-14,45,quantile,0.2,38.0
2026-01-24,wk inc flu hosp,3,2026-02-14,45,quantile,0.25,44.0
2026-01-24,wk inc flu hosp,3,2026-02-14,45,quantile,0.3,49.0
2026-01-24,wk inc flu hosp,3,2026-02-14,45,quantile,0.35,54.0
2026-01-24,wk inc flu hosp,3,2026-02-14,45,quantile,0.4,59.0
2026-01-24,wk inc flu hosp,3,2026-02-14,45,quantile,0.45,63.0
2026-01-24,wk inc flu hosp,3,2026-02-14,45,quantile,0.5,67.0
2026-01-24,wk inc flu hosp,3,2026-02-14,45,quantile,0.55,71.0
2026-01-24,wk inc flu hosp,3,2026-02-14,45,quantile,0.6,76.0
2026-01-24,wk inc flu hosp,3,2026-02-14,45,quantile,0.65,81.0
2026-01-24,wk inc flu hosp,3,2026-02-14,45,quantile,0.7,86.0
2026-01-24,wk inc flu hosp,3,2026-02-14,45,quantile,0.75,92.0
2026-01-24,wk inc flu hosp,3,2026-02-14,45,quantile,0.8,98.0
2026-01-24,wk inc flu hosp,3,2026-02-14,45,quantile,0.85,104.0
2026-01-24,wk inc flu hosp,3,2026-02-14,45,quantile,0.9,115.0
2026-01-24,wk inc flu hosp,3,2026-02-14,45,quantile,0.95,131.0
2026-01-24,wk inc flu hosp,3,2026-02-14,45,quantile,0.975,147.0
2026-01-24,wk inc flu hosp,3,2026-02-14,45,quantile,0.99,168.0
2026-01-24,wk inc flu hosp,3,2026-02-14,46,quantile,0.01,7.0
2026-01-24,wk inc flu hosp,3,2026-02-14,46,quantile,0.025,11.0
2026-01-24,wk inc flu hosp,3,2026-02-14,46,quantile,0.05,14.0
2026-01-24,wk inc flu hosp,3,2026-02-14,46,quantile,0.1,18.0
2026-01-24,wk inc flu hosp,3,2026-02-14,46,quantile,0.15,20.0
2026-01-24,wk inc flu hosp,3,2026-02-14,46,quantile,0.2,21.0
2026-01-24,wk inc flu hosp,3,2026-02-14,46,quantile,0.25,23.0
2026-01-24,wk inc flu hosp,3,2026-02-14,46,quantile,0.3,25.0
2026-01-24,wk inc flu hosp,3,2026-02-14,46,quantile,0.35,27.0
2026-01-24,wk inc flu hosp,3,2026-02-14,46,quantile,0.4,30.0
2026-01-24,wk inc flu hosp,3,2026-02-14,46,quantile,0.45,32.0
2026-01-24,wk inc flu hosp,3,2026-02-14,46,quantile,0.5,34.0
2026-01-24,wk inc flu hosp,3,2026-02-14,46,quantile,0.55,38.0
2026-01-24,wk inc flu hosp,3,2026-02-14,46,quantile,0.6,41.0
2026-01-24,wk inc flu hosp,3,2026-02-14,46,quantile,0.65,45.0
2026-01-24,wk inc flu hosp,3,2026-02-14,46,quantile,0.7,50.0
2026-01-24,wk inc flu hosp,3,2026-02-14,46,quantile,0.75,56.0
2026-01-24,wk inc flu hosp,3,2026-02-14,46,quantile,0.8,58.0
2026-01-24,wk inc flu hosp,3,2026-02-14,46,quantile,0.85,61.0
2026-01-24,wk inc flu hosp,3,2026-02-14,46,quantile,0.9,64.0
2026-01-24,wk inc flu hosp,3,2026-02-14,46,quantile,0.95,67.0
2026-01-24,wk inc flu hosp,3,2026-02-14,46,quantile,0.975,71.0
2026-01-24,wk inc flu hosp,3,2026-02-14,46,quantile,0.99,77.0
2026-01-24,wk inc flu hosp,3,2026-02-14,47,quantile,0.01,0.0
2026-01-24,wk inc flu hosp,3,2026-02-14,47,quantile,0.025,0.0
2026-01-24,wk inc flu hosp,3,2026-02-14,47,quantile,0.05,2.0
2026-01-24,wk inc flu hosp,3,2026-02-14,47,quantile,0.1,14.0
2026-01-24,wk inc flu hosp,3,2026-02-14,47,quantile,0.15,31.0
2026-01-24,wk inc flu hosp,3,2026-02-14,47,quantile,0.2,38.0
2026-01-24,wk inc flu hosp,3,2026-02-14,47,quantile,0.25,45.0
2026-01-24,wk inc flu hosp,3,2026-02-14,47,quantile,0.3,51.0
2026-01-24,wk inc flu hosp,3,2026-02-14,47,quantile,0.35,57.0
2026-01-24,wk inc flu hosp,3,2026-02-14,47,quantile,0.4,62.0
2026-01-24,wk inc flu hosp,3,2026-02-14,47,quantile,0.45,67.0
2026-01-24,wk inc flu hosp,3,2026-02-14,47,quantile,0.5,71.0
2026-01-24,wk inc flu hosp,3,2026-02-14,47,quantile,0.55,77.0
2026-01-24,wk inc flu hosp,3,2026-02-14,47,quantile,0.6,82.0
2026-01-24,wk inc flu hosp,3,2026-02-14,47,quantile,0.65,88.0
2026-01-24,wk inc flu hosp,3,2026-02-14,47,quantile,0.7,94.0
2026-01-24,wk inc flu hosp,3,2026-02-14,47,quantile,0.75,101.0
2026-01-24,wk inc flu hosp,3,2026-02-14,47,quantile,0.8,109.0
2026-01-24,wk inc flu hosp,3,2026-02-14,47,quantile,0.85,117.0
2026-01-24,wk inc flu hosp,3,2026-02-14,47,quantile,0.9,129.0
2026-01-24,wk inc flu hosp,3,2026-02-14,47,quantile,0.95,151.0
2026-01-24,wk inc flu hosp,3,2026-02-14,47,quantile,0.975,174.0
2026-01-24,wk inc flu hosp,3,2026-02-14,47,quantile,0.99,208.0
2026-01-24,wk inc flu hosp,3,2026-02-14,48,quantile,0.01,0.0
2026-01-24,wk inc flu hosp,3,2026-02-14,48,quantile,0.025,0.0
2026-01-24,wk inc flu hosp,3,2026-02-14,48,quantile,0.05,0.0
2026-01-24,wk inc flu hosp,3,2026-02-14,48,quantile,0.1,169.0
2026-01-24,wk inc flu hosp,3,2026-02-14,48,quantile,0.15,313.0
2026-01-24,wk inc flu hosp,3,2026-02-14,48,quantile,0.2,430.0
2026-01-24,wk inc flu hosp,3,2026-02-14,48,quantile,0.25,500.0
2026-01-24,wk inc flu hosp,3,2026-02-14,48,quantile,0.3,544.0
2026-01-24,wk inc flu hosp,3,2026-02-14,48,quantile,0.35,582.0
2026-01-24,wk inc flu hosp,3,2026-02-14,48,quantile,0.4,621.0
2026-01-24,wk inc flu hosp,3,2026-02-14,48,quantile,0.45,661.0
2026-01-24,wk inc flu hosp,3,2026-02-14,48,quantile,0.5,699.0
2026-01-24,wk inc flu hosp,3,2026-02-14,48,quantile,0.55,746.0
2026-01-24,wk inc flu hosp,3,2026-02-14,48,quantile,0.6,792.0
2026-01-24,wk inc flu hosp,3,2026-02-14,48,quantile,0.65,829.0
2026-01-24,wk inc flu hosp,3,2026-02-14,48,quantile,0.7,890.0
2026-01-24,wk inc flu hosp,3,2026-02-14,48,quantile,0.75,963.0
2026-01-24,wk inc flu hosp,3,2026-02-14,48,quantile,0.8,1050.0
2026-01-24,wk inc flu hosp,3,2026-02-14,48,quantile,0.85,1158.0
2026-01-24,wk inc flu hosp,3,2026-02-14,48,quantile,0.9,1304.0
2026-01-24,wk inc flu hosp,3,2026-02-14,48,quantile,0.95,1537.0
2026-01-24,wk inc flu hosp,3,2026-02-14,48,quantile,0.975,1745.0
2026-01-24,wk inc flu hosp,3,2026-02-14,48,quantile,0.99,1916.0
2026-01-24,wk inc flu hosp,3,2026-02-14,49,quantile,0.01,11.0
2026-01-24,wk inc flu hosp,3,2026-02-14,49,quantile,0.025,13.0
2026-01-24,wk inc flu hosp,3,2026-02-14,49,quantile,0.05,19.0
2026-01-24,wk inc flu hosp,3,2026-02-14,49,quantile,0.1,36.0
2026-01-24,wk inc flu hosp,3,2026-02-14,49,quantile,0.15,46.0
2026-01-24,wk inc flu hosp,3,2026-02-14,49,quantile,0.2,53.0
2026-01-24,wk inc flu hosp,3,2026-02-14,49,quantile,0.25,61.0
2026-01-24,wk inc flu hosp,3,2026-02-14,49,quantile,0.3,68.0
2026-01-24,wk inc flu hosp,3,2026-02-14,49,quantile,0.35,75.0
2026-01-24,wk inc flu hosp,3,2026-02-14,49,quantile,0.4,80.0
2026-01-24,wk inc flu hosp,3,2026-02-14,49,quantile,0.45,86.0
2026-01-24,wk inc flu hosp,3,2026-02-14,49,quantile,0.5,91.0
2026-01-24,wk inc flu hosp,3,2026-02-14,49,quantile,0.55,96.0
2026-01-24,wk inc flu hosp,3,2026-02-14,49,quantile,0.6,102.0
2026-01-24,wk inc flu hosp,3,2026-02-14,49,quantile,0.65,108.0
2026-01-24,wk inc flu hosp,3,2026-02-14,49,quantile,0.7,115.0
2026-01-24,wk inc flu hosp,3,2026-02-14,49,quantile,0.75,122.0
2026-01-24,wk inc flu hosp,3,2026-02-14,49,quantile,0.8,130.0
2026-01-24,wk inc flu hosp,3,2026-02-14,49,quantile,0.85,139.0
2026-01-24,wk inc flu hosp,3,2026-02-14,49,quantile,0.9,150.0
2026-01-24,wk inc flu hosp,3,2026-02-14,49,quantile,0.95,166.0
2026-01-24,wk inc flu hosp,3,2026-02-14,49,quantile,0.975,179.0
2026-01-24,wk inc flu hosp,3,2026-02-14,49,quantile,0.99,192.0
2026-01-24,wk inc flu hosp,3,2026-02-14,50,quantile,0.01,3.0
2026-01-24,wk inc flu hosp,3,2026-02-14,50,quantile,0.025,4.0
2026-01-24,wk inc flu hosp,3,2026-02-14,50,quantile,0.05,7.0
2026-01-24,wk inc flu hosp,3,2026-02-14,50,quantile,0.1,11.0
2026-01-24,wk inc flu hosp,3,2026-02-14,50,quantile,0.15,14.0
2026-01-24,wk inc flu hosp,3,2026-02-14,50,quantile,0.2,17.0
2026-01-24,wk inc flu hosp,3,2026-02-14,50,quantile,0.25,18.0
2026-01-24,wk inc flu hosp,3,2026-02-14,50,quantile,0.3,20.0
2026-01-24,wk inc flu hosp,3,2026-02-14,50,quantile,0.35,22.0
2026-01-24,wk inc flu hosp,3,2026-02-14,50,quantile,0.4,23.0
2026-01-24,wk inc flu hosp,3,2026-02-14,50,quantile,0.45,25.0
2026-01-24,wk inc flu hosp,3,2026-02-14,50,quantile,0.5,26.0
2026-01-24,wk inc flu hosp,3,2026-02-14,50,quantile,0.55,28.0
2026-01-24,wk inc flu hosp,3,2026-02-14,50,quantile,0.6,30.0
2026-01-24,wk inc flu hosp,3,2026-02-14,50,quantile,0.65,32.0
2026-01-24,wk inc flu hosp,3,2026-02-14,50,quantile,0.7,33.0
2026-01-24,wk inc flu hosp,3,2026-02-14,50,quantile,0.75,35.0
2026-01-24,wk inc flu hosp,3,2026-02-14,50,quantile,0.8,37.0
2026-01-24,wk inc flu hosp,3,2026-02-14,50,quantile,0.85,40.0
2026-01-24,wk inc flu hosp,3,2026-02-14,50,quantile,0.9,43.0
2026-01-24,wk inc flu hosp,3,2026-02-14,50,quantile,0.95,47.0
2026-01-24,wk inc flu hosp,3,2026-02-14,50,quantile,0.975,51.0
2026-01-24,wk inc flu hosp,3,2026-02-14,50,quantile,0.99,56.0
2026-01-24,wk inc flu hosp,3,2026-02-14,51,quantile,0.01,0.0
2026-01-24,wk inc flu hosp,3,2026-02-14,51,quantile,0.025,10.0
2026-01-24,wk inc flu hosp,3,2026-02-14,51,quantile,0.05,32.0
2026-01-24,wk inc flu hosp,3,2026-02-14,51,quantile,0.1,41.0
2026-01-24,wk inc flu hosp,3,2026-02-14,51,quantile,0.15,58.0
2026-01-24,wk inc flu hosp,3,2026-02-14,51,quantile,0.2,68.0
2026-01-24,wk inc flu hosp,3,2026-02-14,51,quantile,0.25,79.0
2026-01-24,wk inc flu hosp,3,2026-02-14,51,quantile,0.3,93.0
2026-01-24,wk inc flu hosp,3,2026-02-14,51,quantile,0.35,114.0
2026-01-24,wk inc flu hosp,3,2026-02-14,51,quantile,0.4,137.0
2026-01-24,wk inc flu hosp,3,2026-02-14,51,quantile,0.45,166.0
2026-01-24,wk inc flu hosp,3,2026-02-14,51,quantile,0.5,192.0
2026-01-24,wk inc flu hosp,3,2026-02-14,51,quantile,0.55,208.0
2026-01-24,wk inc flu hosp,3,2026-02-14,51,quantile,0.6,220.0
2026-01-24,wk inc flu hosp,3,2026-02-14,51,quantile,0.65,232.0
2026-01-24,wk inc flu hosp,3,2026-02-14,51,quantile,0.7,250.0
2026-01-24,wk inc flu hosp,3,2026-02-14,51,quantile,0.75,278.0
2026-01-24,wk inc flu hosp,3,2026-02-14,51,quantile,0.8,314.0
2026-01-24,wk inc flu hosp,3,2026-02-14,51,quantile,0.85,344.0
2026-01-24,wk inc flu hosp,3,2026-02-14,51,quantile,0.9,392.0
2026-01-24,wk inc flu hosp,3,2026-02-14,51,quantile,0.95,466.0
2026-01-24,wk inc flu hosp,3,2026-02-14,51,quantile,0.975,530.0
2026-01-24,wk inc flu hosp,3,2026-02-14,51,quantile,0.99,591.0
2026-01-24,wk inc flu hosp,3,2026-02-14,53,quantile,0.01,26.0
2026-01-24,wk inc flu hosp,3,2026-02-14,53,quantile,0.025,42.0
2026-01-24,wk inc flu hosp,3,2026-02-14,53,quantile,0.05,78.0
2026-01-24,wk inc flu hosp,3,2026-02-14,53,quantile,0.1,118.0
2026-01-24,wk inc flu hosp,3,2026-02-14,53,quantile,0.15,140.0
2026-01-24,wk inc flu hosp,3,2026-02-14,53,quantile,0.2,158.0
2026-01-24,wk inc flu hosp,3,2026-02-14,53,quantile,0.25,172.0
2026-01-24,wk inc flu hosp,3,2026-02-14,53,quantile,0.3,183.0
2026-01-24,wk inc flu hosp,3,2026-02-14,53,quantile,0.35,191.0
2026-01-24,wk inc flu hosp,3,2026-02-14,53,quantile,0.4,200.0
2026-01-24,wk inc flu hosp,3,2026-02-14,53,quantile,0.45,208.0
2026-01-24,wk inc flu hosp,3,2026-02-14,53,quantile,0.5,218.0
2026-01-24,wk inc flu hosp,3,2026-02-14,53,quantile,0.55,226.0
2026-01-24,wk inc flu hosp,3,2026-02-14,53,quantile,0.6,235.0
2026-01-24,wk inc flu hosp,3,2026-02-14,53,quantile,0.65,248.0
2026-01-24,wk inc flu hosp,3,2026-02-14,53,quantile,0.7,262.0
2026-01-24,wk inc flu hosp,3,2026-02-14,53,quantile,0.75,280.0
2026-01-24,wk inc flu hosp,3,2026-02-14,53,quantile,0.8,299.0
2026-01-24,wk inc flu hosp,3,2026-02-14,53,quantile,0.85,315.0
2026-01-24,wk inc flu hosp,3,2026-02-14,53,quantile,0.9,339.0
2026-01-24,wk inc flu hosp,3,2026-02-14,53,quantile,0.95,375.0
2026-01-24,wk inc flu hosp,3,2026-02-14,53,quantile,0.975,401.0
2026-01-24,wk inc flu hosp,3,2026-02-14,53,quantile,0.99,436.0
2026-01-24,wk inc flu hosp,3,2026-02-14,54,quantile,0.01,4.0
2026-01-24,wk inc flu hosp,3,2026-02-14,54,quantile,0.025,8.0
2026-01-24,wk inc flu hosp,3,2026-02-14,54,quantile,0.05,10.0
2026-01-24,wk inc flu hosp,3,2026-02-14,54,quantile,0.1,20.0
2026-01-24,wk inc flu hosp,3,2026-02-14,54,quantile,0.15,30.0
2026-01-24,wk inc flu hosp,3,2026-02-14,54,quantile,0.2,37.0
2026-01-24,wk inc flu hosp,3,2026-02-14,54,quantile,0.25,42.0
2026-01-24,wk inc flu hosp,3,2026-02-14,54,quantile,0.3,47.0
2026-01-24,wk inc flu hosp,3,2026-02-14,54,quantile,0.35,52.0
2026-01-24,wk inc flu hosp,3,2026-02-14,54,quantile,0.4,58.0
2026-01-24,wk inc flu hosp,3,2026-02-14,54,quantile,0.45,61.0
2026-01-24,wk inc flu hosp,3,2026-02-14,54,quantile,0.5,63.0
2026-01-24,wk inc flu hosp,3,2026-02-14,54,quantile,0.55,65.0
2026-01-24,wk inc flu hosp,3,2026-02-14,54,quantile,0.6,67.0
2026-01-24,wk inc flu hosp,3,2026-02-14,54,quantile,0.65,70.0
2026-01-24,wk inc flu hosp,3,2026-02-14,54,quantile,0.7,72.0
2026-01-24,wk inc flu hosp,3,2026-02-14,54,quantile,0.75,75.0
2026-01-24,wk inc flu hosp,3,2026-02-14,54,quantile,0.8,78.0
2026-01-24,wk inc flu hosp,3,2026-02-14,54,quantile,0.85,81.0
2026-01-24,wk inc flu hosp,3,2026-02-14,54,quantile,0.9,86.0
2026-01-24,wk inc flu hosp,3,2026-02-14,54,quantile,0.95,98.0
2026-01-24,wk inc flu hosp,3,2026-02-14,54,quantile,0.975,108.0
2026-01-24,wk inc flu hosp,3,2026-02-14,54,quantile,0.99,134.0
2026-01-24,wk inc flu hosp,3,2026-02-14,55,quantile,0.01,34.0
2026-01-24,wk inc flu hosp,3,2026-02-14,55,quantile,0.025,52.0
2026-01-24,wk inc flu hosp,3,2026-02-14,55,quantile,0.05,67.0
2026-01-24,wk inc flu hosp,3,2026-02-14,55,quantile,0.1,90.0
2026-01-24,wk inc flu hosp,3,2026-02-14,55,quantile,0.15,106.0
2026-01-24,wk inc flu hosp,3,2026-02-14,55,quantile,0.2,121.0
2026-01-24,wk inc flu hosp,3,2026-02-14,55,quantile,0.25,136.0
2026-01-24,wk inc flu hosp,3,2026-02-14,55,quantile,0.3,148.0
2026-01-24,wk inc flu hosp,3,2026-02-14,55,quantile,0.35,161.0
2026-01-24,wk inc flu hosp,3,2026-02-14,55,quantile,0.4,176.0
2026-01-24,wk inc flu hosp,3,2026-02-14,55,quantile,0.45,190.0
2026-01-24,wk inc flu hosp,3,2026-02-14,55,quantile,0.5,201.0
2026-01-24,wk inc flu hosp,3,2026-02-14,55,quantile,0.55,207.0
2026-01-24,wk inc flu hosp,3,2026-02-14,55,quantile,0.6,213.0
2026-01-24,wk inc flu hosp,3,2026-02-14,55,quantile,0.65,221.0
2026-01-24,wk inc flu hosp,3,2026-02-14,55,quantile,0.7,229.0
2026-01-24,wk inc flu hosp,3,2026-02-14,55,quantile,0.75,235.0
2026-01-24,wk inc flu hosp,3,2026-02-14,55,quantile,0.8,241.0
2026-01-24,wk inc flu hosp,3,2026-02-14,55,quantile,0.85,247.0
2026-01-24,wk inc flu hosp,3,2026-02-14,55,quantile,0.9,255.0
2026-01-24,wk inc flu hosp,3,2026-02-14,55,quantile,0.95,267.0
2026-01-24,wk inc flu hosp,3,2026-02-14,55,quantile,0.975,287.0
2026-01-24,wk inc flu hosp,3,2026-02-14,55,quantile,0.99,329.0
2026-01-24,wk inc flu hosp,3,2026-02-14,56,quantile,0.01,0.0
2026-01-24,wk inc flu hosp,3,2026-02-14,56,quantile,0.025,0.0
2026-01-24,wk inc flu hosp,3,2026-02-14,56,quantile,0.05,1.0
2026-01-24,wk inc flu hosp,3,2026-02-14,56,quantile,0.1,2.0
2026-01-24,wk inc flu hosp,3,2026-02-14,56,quantile,0.15,3.0
2026-01-24,wk inc flu hosp,3,2026-02-14,56,quantile,0.2,4.0
2026-01-24,wk inc flu hosp,3,2026-02-14,56,quantile,0.25,5.0
2026-01-24,wk inc flu hosp,3,2026-02-14,56,quantile,0.3,5.0
2026-01-24,wk inc flu hosp,3,2026-02-14,56,quantile,0.35,6.0
2026-01-24,wk inc flu hosp,3,2026-02-14,56,quantile,0.4,7.0
2026-01-24,wk inc flu hosp,3,2026-02-14,56,quantile,0.45,7.0
2026-01-24,wk inc flu hosp,3,2026-02-14,56,quantile,0.5,8.0
2026-01-24,wk inc flu hosp,3,2026-02-14,56,quantile,0.55,8.0
2026-01-24,wk inc flu hosp,3,2026-02-14,56,quantile,0.6,9.0
2026-01-24,wk inc flu hosp,3,2026-02-14,56,quantile,0.65,9.0
2026-01-24,wk inc flu hosp,3,2026-02-14,56,quantile,0.7,10.0
2026-01-24,wk inc flu hosp,3,2026-02-14,56,quantile,0.75,11.0
2026-01-24,wk inc flu hosp,3,2026-02-14,56,quantile,0.8,11.0
2026-01-24,wk inc flu hosp,3,2026-02-14,56,quantile,0.85,12.0
2026-01-24,wk inc flu hosp,3,2026-02-14,56,quantile,0.9,13.0
2026-01-24,wk inc flu hosp,3,2026-02-14,56,quantile,0.95,15.0
2026-01-24,wk inc flu hosp,3,2026-02-14,56,quantile,0.975,17.0
2026-01-24,wk inc flu hosp,3,2026-02-14,56,quantile,0.99,20.0
2026-01-24,wk inc flu hosp,3,2026-02-14,US,quantile,0.01,485.0
2026-01-24,wk inc flu hosp,3,2026-02-14,US,quantile,0.025,541.0
2026-01-24,wk inc flu hosp,3,2026-02-14,US,quantile,0.05,611.0
2026-01-24,wk inc flu hosp,3,2026-02-14,US,quantile,0.1,705.0
2026-01-24,wk inc flu hosp,3,2026-02-14,US,quantile,0.15,763.0
2026-01-24,wk inc flu hosp,3,2026-02-14,US,quantile,0.2,807.0
2026-01-24,wk inc flu hosp,3,2026-02-14,US,quantile,0.25,871.0
2026-01-24,wk inc flu hosp,3,2026-02-14,US,quantile,0.3,934.0
2026-01-24,wk inc flu hosp,3,2026-02-14,US,quantile,0.35,993.0
2026-01-24,wk inc flu hosp,3,2026-02-14,US,quantile,0.4,1069.0
2026-01-24,wk inc flu hosp,3,2026-02-14,US,quantile,0.45,1152.0
2026-01-24,wk inc flu hosp,3,2026-02-14,US,quantile,0.5,1267.0
2026-01-24,wk inc flu hosp,3,2026-02-14,US,quantile,0.55,1381.0
2026-01-24,wk inc flu hosp,3,2026-02-14,US,quantile,0.6,1504.0
2026-01-24,wk inc flu hosp,3,2026-02-14,US,quantile,0.65,1633.0
2026-01-24,wk inc flu hosp,3,2026-02-14,US,quantile,0.7,1795.0
2026-01-24,wk inc flu hosp,3,2026-02-14,US,quantile,0.75,1929.0
2026-01-24,wk inc flu hosp,3,2026-02-14,US,quantile,0.8,2284.0
2026-01-24,wk inc flu hosp,3,2026-02-14,US,quantile,0.85,2846.0
2026-01-24,wk inc flu hosp,3,2026-02-14,US,quantile,0.9,4041.0
2026-01-24,wk inc flu hosp,3,2026-02-14,US,quantile,0.95,6150.0
2026-01-24,wk inc flu hosp,3,2026-02-14,US,quantile,0.975,9389.0
2026-01-24,wk inc flu hosp,3,2026-02-14,US,quantile,0.99,12012.0
